"TOA5","Pluvio_UPB","CR300","6066","CR300.Std.10.03","CPU:UPB_Rain_4Dic2020.CR300","9715","Meteo5Min"
"TIMESTAMP","RECORD","VBat","TempDL","PBar","TempA","RH"
"TS","RN","Vdc","GradosC","[mBar]","GradosC","%"
"","","Smp","Smp","Smp","Smp","Smp"
"2021-09-01 00:00:00",77854,12.84,17.8,752.1,16.11,44.9
"2021-09-01 00:05:00",77855,12.84,17.6,752.2,16.15,44.65
"2021-09-01 00:10:00",77856,12.84,17.42,752.1,16.21,44.63
"2021-09-01 00:15:00",77857,12.83,17.27,752.1,16.2,45.13
"2021-09-01 00:20:00",77858,12.83,17.14,752.1,16.08,45.15
"2021-09-01 00:25:00",77859,12.83,17.03,752.1,16.22,44.72
"2021-09-01 00:30:00",77860,12.83,16.91,752.1,16.29,45.27
"2021-09-01 00:35:00",77861,12.83,16.81,752.1,15.9,46.1
"2021-09-01 00:40:00",77862,12.82,16.68,752,15.86,45.66
"2021-09-01 00:45:00",77863,12.83,16.57,751.9,15.61,47.04
"2021-09-01 00:50:00",77864,12.82,16.48,751.9,15.34,47.5
"2021-09-01 00:55:00",77865,12.82,16.4,751.8,15.62,46.32
"2021-09-01 01:00:00",77866,12.82,16.36,751.8,15.9,46.7
"2021-09-01 01:05:00",77867,12.82,16.33,751.8,16.22,47.8
"2021-09-01 01:10:00",77868,12.82,16.31,751.8,15.32,49.55
"2021-09-01 01:15:00",77869,12.82,16.26,751.8,14.87,51.28
"2021-09-01 01:20:00",77870,12.81,16.18,751.8,14.59,51.92
"2021-09-01 01:25:00",77871,12.81,16.04,751.7,14.82,51.18
"2021-09-01 01:30:00",77872,12.81,15.94,751.7,14.96,50.74
"2021-09-01 01:35:00",77873,12.81,15.88,751.7,15.03,50.72
"2021-09-01 01:40:00",77874,12.8,15.82,751.6,14.76,51.79
"2021-09-01 01:45:00",77875,12.8,15.79,751.7,14.52,52.92
"2021-09-01 01:50:00",77876,12.8,15.71,751.6,14.82,51.58
"2021-09-01 01:55:00",77877,12.8,15.67,751.6,14.91,51.26
"2021-09-01 02:00:00",77878,12.79,15.62,751.5,14.67,51.93
"2021-09-01 02:05:00",77879,12.79,15.58,751.5,14.8,52.1
"2021-09-01 02:10:00",77880,12.79,15.53,751.5,14.58,52.53
"2021-09-01 02:15:00",77881,12.79,15.45,751.5,14.41,53.46
"2021-09-01 02:20:00",77882,12.79,15.36,751.5,14.27,53.77
"2021-09-01 02:25:00",77883,12.79,15.25,751.6,14.11,54.26
"2021-09-01 02:30:00",77884,12.78,15.16,751.6,14.1,54.45
"2021-09-01 02:35:00",77885,12.78,15.04,751.6,13.98,55.4
"2021-09-01 02:40:00",77886,12.77,14.94,751.6,13.28,60
"2021-09-01 02:45:00",77887,12.77,14.82,751.6,13.04,61.53
"2021-09-01 02:50:00",77888,12.77,14.68,751.6,12.96,61.39
"2021-09-01 02:55:00",77889,12.77,14.56,751.6,13.37,59.26
"2021-09-01 03:00:00",77890,12.77,14.42,751.5,13.36,58.91
"2021-09-01 03:05:00",77891,12.77,14.27,751.5,13.37,58.7
"2021-09-01 03:10:00",77892,12.77,14.17,751.5,13.3,58.66
"2021-09-01 03:15:00",77893,12.76,14.07,751.4,13.21,58.7
"2021-09-01 03:20:00",77894,12.76,14.01,751.4,13.54,56.72
"2021-09-01 03:25:00",77895,12.76,13.76,751.4,13.6,56.7
"2021-09-01 03:30:00",77896,12.76,13.6,751.4,13.63,56.22
"2021-09-01 03:35:00",77897,12.76,13.51,751.3,13.48,56.74
"2021-09-01 03:40:00",77898,12.75,13.43,751.3,13.47,56.79
"2021-09-01 03:45:00",77899,12.75,13.37,751.3,13.53,56.6
"2021-09-01 03:50:00",77900,12.75,13.32,751.3,13.28,57.13
"2021-09-01 03:55:00",77901,12.75,13.26,751.4,13.04,58.17
"2021-09-01 04:00:00",77902,12.74,13.17,751.4,12.85,58.44
"2021-09-01 04:05:00",77903,12.74,13.1,751.4,12.76,59.76
"2021-09-01 04:10:00",77904,12.74,12.97,751.4,12.59,60.65
"2021-09-01 04:15:00",77905,12.74,12.87,751.4,12.46,63.63
"2021-09-01 04:20:00",77906,12.73,12.78,751.4,12.38,62.38
"2021-09-01 04:25:00",77907,12.73,12.68,751.4,12.27,62.48
"2021-09-01 04:30:00",77908,12.73,12.59,751.4,12.19,62.59
"2021-09-01 04:35:00",77909,12.73,12.48,751.4,12.25,62.48
"2021-09-01 04:40:00",77910,12.72,12.4,751.4,12.38,61.12
"2021-09-01 04:45:00",77911,12.72,12.35,751.5,12.31,60.99
"2021-09-01 04:50:00",77912,12.72,12.31,751.5,12.23,60.98
"2021-09-01 04:55:00",77913,12.71,12.25,751.5,12.22,61.09
"2021-09-01 05:00:00",77914,12.71,12.19,751.5,12.14,61.96
"2021-09-01 05:05:00",77915,12.71,12.12,751.6,12.1,62.16
"2021-09-01 05:10:00",77916,12.7,12.04,751.6,11.92,62.6
"2021-09-01 05:15:00",77917,12.7,11.96,751.6,11.47,66.79
"2021-09-01 05:20:00",77918,12.69,11.88,751.7,11.09,66.95
"2021-09-01 05:25:00",77919,12.69,11.79,751.7,11.43,65.6
"2021-09-01 05:30:00",77920,12.69,11.71,751.8,11.68,64.28
"2021-09-01 05:35:00",77921,12.68,11.64,751.8,11.63,65.17
"2021-09-01 05:40:00",77922,12.68,11.57,751.8,11.51,66.16
"2021-09-01 05:45:00",77923,12.68,11.49,751.8,11.43,66.81
"2021-09-01 05:50:00",77924,12.68,11.41,751.9,11.43,66.81
"2021-09-01 05:55:00",77925,12.67,11.33,752,11.55,66.57
"2021-09-01 06:00:00",77926,12.67,11.27,752,11.74,65.71
"2021-09-01 06:05:00",77927,12.66,11.25,752.1,11.71,64.61
"2021-09-01 06:10:00",77928,12.65,11.24,752.2,11.66,63.93
"2021-09-01 06:15:00",77929,12.65,11.22,752.2,11.69,62.83
"2021-09-01 06:20:00",77930,12.65,11.24,752.2,11.59,63.48
"2021-09-01 06:25:00",77931,12.65,11.27,752.3,11.37,65.39
"2021-09-01 06:30:00",77932,12.65,11.31,752.3,11.25,65.08
"2021-09-01 06:35:00",77933,12.66,11.31,752.4,11.1,65.54
"2021-09-01 06:40:00",77934,12.67,11.29,752.4,11.2,65.15
"2021-09-01 06:45:00",77935,12.7,11.3,752.5,11.2,64.46
"2021-09-01 06:50:00",77936,12.86,11.35,752.6,11.53,63.7
"2021-09-01 06:55:00",77937,13.06,11.5,752.6,11.93,61.19
"2021-09-01 07:00:00",77938,13.31,11.77,752.6,12.12,60.57
"2021-09-01 07:05:00",77939,13.54,12.07,752.7,12.54,59.13
"2021-09-01 07:10:00",77940,13.69,12.46,752.8,12.82,58.58
"2021-09-01 07:15:00",77941,13.78,12.94,752.9,12.76,58.69
"2021-09-01 07:20:00",77942,13.87,13.47,753,13.25,57.42
"2021-09-01 07:25:00",77943,13.97,14.08,753,13.34,56.99
"2021-09-01 07:30:00",77944,13.87,15.57,753,13.37,56.99
"2021-09-01 07:35:00",77945,13.81,16.49,753.1,13.62,56.46
"2021-09-01 07:40:00",77946,13.81,17.15,753.1,14.13,55.84
"2021-09-01 07:45:00",77947,13.79,17.76,753.1,14.62,54.46
"2021-09-01 07:50:00",77948,13.79,18.34,753.2,14.76,54.24
"2021-09-01 07:55:00",77949,13.79,18.93,753.2,15.47,51.3
"2021-09-01 08:00:00",77950,13.76,19.5,753.2,15.51,51.4
"2021-09-01 08:05:00",77951,13.76,20.08,753.2,16.93,47.96
"2021-09-01 08:10:00",77952,13.73,20.66,753.2,17.01,44.98
"2021-09-01 08:15:00",77953,13.73,21.2,753.2,17.29,41.7
"2021-09-01 08:20:00",77954,13.7,21.74,753.2,17.85,40.93
"2021-09-01 08:25:00",77955,13.7,22.28,753.2,18.27,40.14
"2021-09-01 08:30:00",77956,13.7,22.82,753.2,18.57,39.56
"2021-09-01 08:35:00",77957,13.68,23.51,753.2,18.19,40.91
"2021-09-01 08:40:00",77958,13.65,24.04,753.2,17.84,41.83
"2021-09-01 08:45:00",77959,13.65,24.43,753.2,18.44,40.9
"2021-09-01 08:50:00",77960,13.65,24.85,753.2,18.55,40.95
"2021-09-01 08:55:00",77961,13.63,25.24,753.2,19.14,41.33
"2021-09-01 09:00:00",77962,13.63,25.64,753.3,19.53,38.92
"2021-09-01 09:05:00",77963,13.63,26.07,753.3,19.97,37.93
"2021-09-01 09:10:00",77964,13.6,26.46,753.3,19.83,39.05
"2021-09-01 09:15:00",77965,13.6,26.84,753.3,19.97,36.88
"2021-09-01 09:20:00",77966,13.61,27.17,753.2,19.52,38.27
"2021-09-01 09:25:00",77967,13.58,27.45,753.2,19.55,39.38
"2021-09-01 09:30:00",77968,13.58,27.61,753.2,19.69,39.58
"2021-09-01 09:35:00",77969,13.58,27.79,753.3,19.37,40.33
"2021-09-01 09:40:00",77970,13.58,27.88,753.2,19.52,40.51
"2021-09-01 09:45:00",77971,13.58,27.99,753.2,20.34,37.7
"2021-09-01 09:50:00",77972,13.58,28.24,753.2,21.21,37.07
"2021-09-01 09:55:00",77973,13.58,28.57,753.2,20.84,35.85
"2021-09-01 10:00:00",77974,13.56,28.9,753.2,21,36.13
"2021-09-01 10:05:00",77975,13.56,29.2,753.2,20.65,36.85
"2021-09-01 10:10:00",77976,13.56,29.41,753.1,20.93,33.88
"2021-09-01 10:15:00",77977,13.56,29.55,753,21.68,33.09
"2021-09-01 10:20:00",77978,13.53,29.77,753,22.19,32.17
"2021-09-01 10:25:00",77979,13.54,30.07,752.9,22.2,32.14
"2021-09-01 10:30:00",77980,13.53,30.35,752.9,22.23,33.01
"2021-09-01 10:35:00",77981,13.53,30.57,752.7,21.93,33.64
"2021-09-01 10:40:00",77982,13.54,30.72,752.7,22.07,33.43
"2021-09-01 10:45:00",77983,13.54,30.83,752.6,22.51,31.43
"2021-09-01 10:50:00",77984,13.51,30.97,752.5,22.3,32.65
"2021-09-01 10:55:00",77985,13.52,31.03,752.5,22.39,31.39
"2021-09-01 11:00:00",77986,13.51,31.08,752.3,22.66,31.61
"2021-09-01 11:05:00",77987,13.51,31.15,752.3,22.98,31.51
"2021-09-01 11:10:00",77988,13.51,31.11,752.1,23.58,30.65
"2021-09-01 11:15:00",77989,13.51,31.24,752.1,23.78,28.78
"2021-09-01 11:20:00",77990,13.52,31.37,752,22.86,30.29
"2021-09-01 11:25:00",77991,13.52,31.43,751.8,23.94,29.67
"2021-09-01 11:30:00",77992,13.52,31.57,751.7,24.09,28.36
"2021-09-01 11:35:00",77993,13.52,31.67,751.6,23.15,29.44
"2021-09-01 11:40:00",77994,13.52,31.68,751.5,23.74,28.84
"2021-09-01 11:45:00",77995,13.52,31.66,751.4,23.72,28.78
"2021-09-01 11:50:00",77996,13.52,31.64,751.3,23.37,28.95
"2021-09-01 11:55:00",77997,13.52,31.6,751.2,24.31,28.28
"2021-09-01 12:00:00",77998,13.52,31.67,751.1,24.07,28.33
"2021-09-01 12:05:00",77999,13.52,31.7,751,24.14,27.15
"2021-09-01 12:10:00",78000,13.5,31.75,751,24.97,27.11
"2021-09-01 12:15:00",78001,13.5,31.83,750.8,25.04,26.91
"2021-09-01 12:20:00",78002,13.5,31.94,750.7,25.66,26.44
"2021-09-01 12:25:00",78003,13.5,32.03,750.6,25.01,26.56
"2021-09-01 12:30:00",78004,13.5,32.09,750.5,25.56,25.99
"2021-09-01 12:35:00",78005,13.5,32.18,750.5,26.08,24.72
"2021-09-01 12:40:00",78006,13.5,32.3,750.4,25.35,25.91
"2021-09-01 12:45:00",78007,13.5,32.31,750.3,25.13,25.89
"2021-09-01 12:50:00",78008,13.5,32.31,750.2,26.08,25.07
"2021-09-01 12:55:00",78009,13.5,32.38,750.1,25.91,25.02
"2021-09-01 13:00:00",78010,13.5,32.45,750,25.61,25.58
"2021-09-01 13:05:00",78011,13.5,32.47,750,25.85,24.29
"2021-09-01 13:10:00",78012,13.5,32.5,749.9,26.52,24.27
"2021-09-01 13:15:00",78013,13.5,32.59,749.8,26.58,22.34
"2021-09-01 13:20:00",78014,13.5,32.71,749.7,27.06,22.03
"2021-09-01 13:25:00",78015,13.5,32.85,749.6,27.17,21.37
"2021-09-01 13:30:00",78016,13.48,32.92,749.5,26.03,22.1
"2021-09-01 13:35:00",78017,13.48,32.91,749.5,26.73,21.45
"2021-09-01 13:40:00",78018,13.48,32.94,749.3,27.17,22.24
"2021-09-01 13:45:00",78019,13.48,32.95,749.2,26.5,22.58
"2021-09-01 13:50:00",78020,13.48,32.93,749.1,27.14,19.73
"2021-09-01 13:55:00",78021,13.48,32.97,749,27.93,19.22
"2021-09-01 14:00:00",78022,13.48,33.05,748.9,27.84,19.77
"2021-09-01 14:05:00",78023,13.48,33.16,748.8,27.82,19.91
"2021-09-01 14:10:00",78024,13.48,33.27,748.7,28.04,16.83
"2021-09-01 14:15:00",78025,13.48,33.37,748.6,27.87,16.68
"2021-09-01 14:20:00",78026,13.48,33.5,748.5,28.56,15.87
"2021-09-01 14:25:00",78027,13.48,33.57,748.5,28.29,17.06
"2021-09-01 14:30:00",78028,13.48,33.7,748.4,28.35,16.99
"2021-09-01 14:35:00",78029,13.48,33.86,748.4,27.24,15.45
"2021-09-01 14:40:00",78030,13.48,33.91,748.3,28.24,14.86
"2021-09-01 14:45:00",78031,13.48,33.99,748.2,28.36,14.65
"2021-09-01 14:50:00",78032,13.45,34.09,748.1,27.86,12.14
"2021-09-01 14:55:00",78033,13.45,34.24,748,29.1,11.83
"2021-09-01 15:00:00",78034,13.45,34.42,747.9,28.61,9.66
"2021-09-01 15:05:00",78035,13.46,34.58,747.9,28.44,10.37
"2021-09-01 15:10:00",78036,13.46,34.72,747.8,28.63,7.137
"2021-09-01 15:15:00",78037,13.46,34.89,747.8,29.36,10.26
"2021-09-01 15:20:00",78038,13.46,35.09,747.8,28.52,9.01
"2021-09-01 15:25:00",78039,13.46,35.2,747.7,28.64,9.81
"2021-09-01 15:30:00",78040,13.43,35.28,747.6,28.64,8.87
"2021-09-01 15:35:00",78041,13.43,35.31,747.6,29.08,8.96
"2021-09-01 15:40:00",78042,13.43,35.42,747.6,28.62,8.29
"2021-09-01 15:45:00",78043,13.43,35.53,747.6,28.22,7.124
"2021-09-01 15:50:00",78044,13.43,35.58,747.6,28.53,6.628
"2021-09-01 15:55:00",78045,13.43,35.7,747.5,29.08,6.498
"2021-09-01 16:00:00",78046,13.43,35.84,747.5,28.42,7.492
"2021-09-01 16:05:00",78047,13.43,35.92,747.4,28.35,7.418
"2021-09-01 16:10:00",78048,13.43,35.95,747.4,28.59,8.11
"2021-09-01 16:15:00",78049,13.43,35.95,747.3,28.46,8.29
"2021-09-01 16:20:00",78050,13.43,35.92,747.3,28.28,7.849
"2021-09-01 16:25:00",78051,13.43,35.86,747.3,28.28,7.198
"2021-09-01 16:30:00",78052,13.43,35.81,747.2,28.9,7.362
"2021-09-01 16:35:00",78053,13.43,35.8,747.2,29.21,7.662
"2021-09-01 16:40:00",78054,13.43,35.8,747.1,28.32,7.49
"2021-09-01 16:45:00",78055,13.43,35.7,747.1,28.26,6.546
"2021-09-01 16:50:00",78056,13.43,35.58,747.1,28.63,6.412
"2021-09-01 16:55:00",78057,13.43,35.49,747,28.5,5.901
"2021-09-01 17:00:00",78058,13.43,35.42,747,28.3,7.669
"2021-09-01 17:05:00",78059,13.43,35.36,747,28.03,12.93
"2021-09-01 17:10:00",78060,13.43,35.18,747,27.66,12.99
"2021-09-01 17:15:00",78061,13.43,34.9,746.9,27.63,13.63
"2021-09-01 17:20:00",78062,13.43,34.58,746.9,27.4,17.43
"2021-09-01 17:25:00",78063,13.43,34.16,746.9,27.09,18.75
"2021-09-01 17:30:00",78064,13.43,33.66,747,26.9,17.97
"2021-09-01 17:35:00",78065,13.43,33.12,747,26.69,19.92
"2021-09-01 17:40:00",78066,13.39,32.03,747.1,26.53,18.79
"2021-09-01 17:45:00",78067,13.25,31.18,747.1,26.52,19.42
"2021-09-01 17:50:00",78068,13.18,30.51,747.2,26.13,21.69
"2021-09-01 17:55:00",78069,13.13,29.93,747.3,26.18,20.44
"2021-09-01 18:00:00",78070,13.1,29.42,747.4,25.62,23.66
"2021-09-01 18:05:00",78071,13.06,28.96,747.4,25.26,23.98
"2021-09-01 18:10:00",78072,13.03,28.49,747.5,24.85,24.98
"2021-09-01 18:15:00",78073,13.01,28.04,747.5,24.47,25.84
"2021-09-01 18:20:00",78074,13,27.65,747.5,24.07,26.5
"2021-09-01 18:25:00",78075,12.99,27.16,747.6,23.84,26.65
"2021-09-01 18:30:00",78076,12.98,26.71,747.6,23.52,27
"2021-09-01 18:35:00",78077,12.98,26.28,747.7,23.45,27.23
"2021-09-01 18:40:00",78078,12.97,25.92,747.8,23.08,28.22
"2021-09-01 18:45:00",78079,12.97,25.64,747.9,22.99,28.38
"2021-09-01 18:50:00",78080,12.97,25.21,747.9,23,28.58
"2021-09-01 18:55:00",78081,12.96,24.94,747.9,22.85,29.04
"2021-09-01 19:00:00",78082,12.96,24.66,747.9,22.65,28.93
"2021-09-01 19:05:00",78083,12.96,24.42,747.9,22.74,28.76
"2021-09-01 19:10:00",78084,12.95,24.19,748,22.49,29.62
"2021-09-01 19:15:00",78085,12.95,23.98,748.1,22.21,30.27
"2021-09-01 19:20:00",78086,12.94,23.76,748.1,21.89,30.84
"2021-09-01 19:25:00",78087,12.94,23.58,748.2,22.04,30.39
"2021-09-01 19:30:00",78088,12.94,23.41,748.2,21.93,29.97
"2021-09-01 19:35:00",78089,12.94,23.27,748.3,21.65,31.02
"2021-09-01 19:40:00",78090,12.93,23.11,748.4,21.19,32.55
"2021-09-01 19:45:00",78091,12.93,22.92,748.5,20.53,34.64
"2021-09-01 19:50:00",78092,12.93,22.7,748.6,20.52,34.18
"2021-09-01 19:55:00",78093,12.92,22.49,748.8,20.36,35.08
"2021-09-01 20:00:00",78094,12.92,22.27,748.8,20.14,35.16
"2021-09-01 20:05:00",78095,12.92,22.05,748.9,20.32,34.62
"2021-09-01 20:10:00",78096,12.92,21.86,748.9,20.61,34.81
"2021-09-01 20:15:00",78097,12.91,21.7,749,20.6,34.94
"2021-09-01 20:20:00",78098,12.91,21.55,749.1,20.61,34.71
"2021-09-01 20:25:00",78099,12.91,21.4,749.2,20.45,34.7
"2021-09-01 20:30:00",78100,12.91,21.18,749.3,20.45,34.1
"2021-09-01 20:35:00",78101,12.9,21.05,749.4,20.71,33.73
"2021-09-01 20:40:00",78102,12.9,20.95,749.4,20.7,33.63
"2021-09-01 20:45:00",78103,12.9,20.92,749.6,20.45,35.09
"2021-09-01 20:50:00",78104,12.9,20.86,749.6,20.35,35.41
"2021-09-01 20:55:00",78105,12.9,20.8,749.7,20.29,36.13
"2021-09-01 21:00:00",78106,12.89,20.78,749.8,19.95,37.27
"2021-09-01 21:05:00",78107,12.88,20.73,749.8,19.71,37.96
"2021-09-01 21:10:00",78108,12.88,20.66,749.9,19.77,38.2
"2021-09-01 21:15:00",78109,12.88,20.61,749.9,19.78,38.36
"2021-09-01 21:20:00",78110,12.88,20.54,750,19.71,38.68
"2021-09-01 21:25:00",78111,12.88,20.5,750,19.73,38.84
"2021-09-01 21:30:00",78112,12.88,20.47,750.1,19.56,39.31
"2021-09-01 21:35:00",78113,12.88,20.38,750.2,19.58,39.25
"2021-09-01 21:40:00",78114,12.87,20.33,750.3,19.62,39.25
"2021-09-01 21:45:00",78115,12.87,20.28,750.3,19.58,39.44
"2021-09-01 21:50:00",78116,12.87,20.2,750.3,19.59,39.64
"2021-09-01 21:55:00",78117,12.87,20.14,750.3,19.48,40.02
"2021-09-01 22:00:00",78118,12.87,20.07,750.4,19.14,41.08
"2021-09-01 22:05:00",78119,12.86,19.98,750.4,19.03,41.32
"2021-09-01 22:10:00",78120,12.87,19.89,750.5,19.08,41.13
"2021-09-01 22:15:00",78121,12.86,19.8,750.5,19.03,41.29
"2021-09-01 22:20:00",78122,12.86,19.71,750.6,18.9,41.5
"2021-09-01 22:25:00",78123,12.86,19.61,750.6,18.86,41.33
"2021-09-01 22:30:00",78124,12.86,19.53,750.7,18.78,41.65
"2021-09-01 22:35:00",78125,12.86,19.46,750.8,18.83,41.07
"2021-09-01 22:40:00",78126,12.86,19.38,750.8,18.81,40.04
"2021-09-01 22:45:00",78127,12.85,19.32,750.8,18.86,40.21
"2021-09-01 22:50:00",78128,12.85,19.24,750.8,18.51,41.39
"2021-09-01 22:55:00",78129,12.85,19.11,750.8,18.07,41.92
"2021-09-01 23:00:00",78130,12.85,18.97,750.9,17.87,42.41
"2021-09-01 23:05:00",78131,12.85,18.82,750.9,17.57,42.95
"2021-09-01 23:10:00",78132,12.85,18.66,751,17.53,43.01
"2021-09-01 23:15:00",78133,12.84,18.51,751,17.49,42.65
"2021-09-01 23:20:00",78134,12.84,18.39,751.1,17.58,41.8
"2021-09-01 23:25:00",78135,12.84,18.28,751.1,17.43,42.49
"2021-09-01 23:30:00",78136,12.84,18.2,751.2,17.16,43.28
"2021-09-01 23:35:00",78137,12.84,18.02,751.2,17.03,43.81
"2021-09-01 23:40:00",78138,12.84,17.9,751.2,16.96,42.56
"2021-09-01 23:45:00",78139,12.84,17.78,751.2,16.86,43.63
"2021-09-01 23:50:00",78140,12.83,17.68,751.1,16.75,44
"2021-09-01 23:55:00",78141,12.83,17.58,751.1,17.1,44.89
"2021-09-02 00:00:00",78142,12.83,17.53,751.1,17.68,43.63
"2021-09-02 00:05:00",78143,12.83,17.52,751.1,17.56,42.44
"2021-09-02 00:10:00",78144,12.84,17.5,751.1,17.14,42.1
"2021-09-02 00:15:00",78145,12.83,17.46,751.1,16.63,43.13
"2021-09-02 00:20:00",78146,12.83,17.37,751.1,16.33,44.42
"2021-09-02 00:25:00",78147,12.83,17.26,751.1,16,45.36
"2021-09-02 00:30:00",78148,12.83,17.12,751.1,15.94,45.76
"2021-09-02 00:35:00",78149,12.83,17.02,751,15.72,46.74
"2021-09-02 00:40:00",78150,12.83,16.92,751,15.68,46.73
"2021-09-02 00:45:00",78151,12.83,16.78,751,15.38,47.51
"2021-09-02 00:50:00",78152,12.82,16.67,751,15.41,47.48
"2021-09-02 00:55:00",78153,12.82,16.55,751,15.46,47.36
"2021-09-02 01:00:00",78154,12.82,16.44,750.8,15.59,46.85
"2021-09-02 01:05:00",78155,12.82,16.37,750.8,15.35,47.22
"2021-09-02 01:10:00",78156,12.82,16.31,750.7,15.13,46.38
"2021-09-02 01:15:00",78157,12.81,16.23,750.6,15.22,45.64
"2021-09-02 01:20:00",78158,12.81,16.15,750.5,15.12,46.69
"2021-09-02 01:25:00",78159,12.81,16.08,750.5,15.02,46.52
"2021-09-02 01:30:00",78160,12.81,15.98,750.5,14.88,47.72
"2021-09-02 01:35:00",78161,12.81,15.88,750.4,14.63,48.56
"2021-09-02 01:40:00",78162,12.8,15.75,750.3,14.69,50.8
"2021-09-02 01:45:00",78163,12.8,15.63,750.3,14.48,50.77
"2021-09-02 01:50:00",78164,12.8,15.5,750.3,13.84,55.68
"2021-09-02 01:55:00",78165,12.8,15.36,750.2,13.54,57.65
"2021-09-02 02:00:00",78166,12.8,15.22,750.2,13.53,56.3
"2021-09-02 02:05:00",78167,12.79,15.06,750.2,13.68,55.8
"2021-09-02 02:10:00",78168,12.79,14.93,750.3,13.45,58.02
"2021-09-02 02:15:00",78169,12.79,14.78,750.4,13.23,58.97
"2021-09-02 02:20:00",78170,12.79,14.65,750.4,13.08,59.34
"2021-09-02 02:25:00",78171,12.79,14.52,750.4,13.55,55.09
"2021-09-02 02:30:00",78172,12.79,14.36,750.4,13.92,53.47
"2021-09-02 02:35:00",78173,12.78,14.28,750.5,14.07,50.87
"2021-09-02 02:40:00",78174,12.78,14.26,750.5,13.99,50.52
"2021-09-02 02:45:00",78175,12.78,14.26,750.5,13.77,50.3
"2021-09-02 02:50:00",78176,12.77,14.24,750.5,13.77,49.62
"2021-09-02 02:55:00",78177,12.77,14.23,750.5,13.82,49.69
"2021-09-02 03:00:00",78178,12.77,14.21,750.5,13.63,50.74
"2021-09-02 03:05:00",78179,12.77,14.19,750.5,13.43,51.48
"2021-09-02 03:10:00",78180,12.77,14.13,750.5,13.43,51.73
"2021-09-02 03:15:00",78181,12.76,14.08,750.5,13.28,51.83
"2021-09-02 03:20:00",78182,12.76,14.02,750.4,13.21,51.76
"2021-09-02 03:25:00",78183,12.76,13.94,750.4,13.18,51.17
"2021-09-02 03:30:00",78184,12.75,13.87,750.5,13.15,53.12
"2021-09-02 03:35:00",78185,12.75,13.8,750.5,12.88,55.08
"2021-09-02 03:40:00",78186,12.75,13.71,750.4,12.72,53.7
"2021-09-02 03:45:00",78187,12.75,13.6,750.4,12.96,54.94
"2021-09-02 03:50:00",78188,12.74,13.52,750.5,12.6,55.46
"2021-09-02 03:55:00",78189,12.74,13.45,750.5,12.54,56.56
"2021-09-02 04:00:00",78190,12.74,13.35,750.4,12.56,57.83
"2021-09-02 04:05:00",78191,12.74,13.29,750.4,12.96,56.69
"2021-09-02 04:10:00",78192,12.73,13.26,750.4,12.61,58.04
"2021-09-02 04:15:00",78193,12.73,13.22,750.4,12.7,58.06
"2021-09-02 04:20:00",78194,12.73,13.19,750.3,13.14,56.63
"2021-09-02 04:25:00",78195,12.73,13.17,750.3,12.91,57.22
"2021-09-02 04:30:00",78196,12.72,13.17,750.2,12.86,56.97
"2021-09-02 04:35:00",78197,12.72,13.17,750.2,13.04,56.19
"2021-09-02 04:40:00",78198,12.72,13.18,750.2,13.39,54.58
"2021-09-02 04:45:00",78199,12.72,13.18,750.2,13.12,55.57
"2021-09-02 04:50:00",78200,12.71,13.17,750.2,13.14,55.96
"2021-09-02 04:55:00",78201,12.71,13.17,750.2,12.92,57.1
"2021-09-02 05:00:00",78202,12.7,13.15,750.3,12.45,58.85
"2021-09-02 05:05:00",78203,12.7,13.13,750.3,12,59.11
"2021-09-02 05:10:00",78204,12.7,13.08,750.3,11.55,59.6
"2021-09-02 05:15:00",78205,12.69,13.01,750.2,11.65,58.22
"2021-09-02 05:20:00",78206,12.69,12.92,750.3,11.74,59.24
"2021-09-02 05:25:00",78207,12.69,12.87,750.3,11.66,59.38
"2021-09-02 05:30:00",78208,12.68,12.79,750.4,11.65,59.44
"2021-09-02 05:35:00",78209,12.68,12.64,750.4,11.55,59.83
"2021-09-02 05:40:00",78210,12.68,12.51,750.6,11.45,60.26
"2021-09-02 05:45:00",78211,12.67,12.42,750.7,11.81,58.66
"2021-09-02 05:50:00",78212,12.67,12.35,750.8,11.65,56.85
"2021-09-02 05:55:00",78213,12.67,12.3,750.9,11.33,57.21
"2021-09-02 06:00:00",78214,12.66,12.24,751,11.23,57.56
"2021-09-02 06:05:00",78215,12.66,12.15,751,11.07,58.19
"2021-09-02 06:10:00",78216,12.66,12.05,751.1,11.19,57.91
"2021-09-02 06:15:00",78217,12.65,11.98,751.1,11.41,57.26
"2021-09-02 06:20:00",78218,12.65,11.93,751.2,11.45,57.03
"2021-09-02 06:25:00",78219,12.65,11.9,751.1,11.43,57.23
"2021-09-02 06:30:00",78220,12.64,11.92,751.2,11.45,56.88
"2021-09-02 06:35:00",78221,12.65,11.92,751.2,11.62,56.25
"2021-09-02 06:40:00",78222,12.67,11.91,751.2,11.65,56.13
"2021-09-02 06:45:00",78223,12.7,11.93,751.3,11.65,56.97
"2021-09-02 06:50:00",78224,12.81,11.99,751.4,11.71,57.96
"2021-09-02 06:55:00",78225,12.94,12.13,751.4,11.83,56.69
"2021-09-02 07:00:00",78226,13.16,12.32,751.4,11.86,56.19
"2021-09-02 07:05:00",78227,13.43,12.57,751.4,12.41,53.92
"2021-09-02 07:10:00",78228,13.65,12.96,751.4,12.99,54.22
"2021-09-02 07:15:00",78229,13.77,13.41,751.4,13.43,52.64
"2021-09-02 07:20:00",78230,13.86,13.93,751.4,13.18,54.04
"2021-09-02 07:25:00",78231,13.96,14.47,751.5,13.74,53.36
"2021-09-02 07:30:00",78232,13.85,15.93,751.6,13.98,52.88
"2021-09-02 07:35:00",78233,13.82,16.86,751.6,14.13,53.05
"2021-09-02 07:40:00",78234,13.82,17.53,751.7,14.34,53.02
"2021-09-02 07:45:00",78235,13.79,18.11,751.7,14.33,53.6
"2021-09-02 07:50:00",78236,13.79,18.62,751.7,14.81,51.89
"2021-09-02 07:55:00",78237,13.76,19.1,751.7,14.66,52.11
"2021-09-02 08:00:00",78238,13.76,19.56,751.8,15.68,49.82
"2021-09-02 08:05:00",78239,13.76,20.11,751.8,16.92,45.6
"2021-09-02 08:10:00",78240,13.73,20.68,751.9,17.24,44.31
"2021-09-02 08:15:00",78241,13.73,21.3,751.9,17.33,44.95
"2021-09-02 08:20:00",78242,13.7,21.85,752,17.48,45
"2021-09-02 08:25:00",78243,13.71,22.4,752,17.13,44.93
"2021-09-02 08:30:00",78244,13.68,22.87,752.1,17.26,44.66
"2021-09-02 08:35:00",78245,13.68,23.23,752.1,17.45,44.27
"2021-09-02 08:40:00",78246,13.68,23.61,752.1,17.89,43.53
"2021-09-02 08:45:00",78247,13.65,23.99,752.2,18.29,43.06
"2021-09-02 08:50:00",78248,13.65,24.45,752.2,19.44,40.14
"2021-09-02 08:55:00",78249,13.65,24.98,752.2,19.74,39.2
"2021-09-02 09:00:00",78250,13.63,25.51,752.2,20.38,37.77
"2021-09-02 09:05:00",78251,13.63,26.04,752.2,20.82,37.36
"2021-09-02 09:10:00",78252,13.63,26.53,752.3,20.43,38.17
"2021-09-02 09:15:00",78253,13.6,26.94,752.3,20.3,37.86
"2021-09-02 09:20:00",78254,13.6,27.41,752.4,20.83,38.08
"2021-09-02 09:25:00",78255,13.58,27.84,752.4,20.9,37.47
"2021-09-02 09:30:00",78256,13.58,28.31,752.4,20.84,36.38
"2021-09-02 09:35:00",78257,13.58,28.72,752.4,20.27,38.41
"2021-09-02 09:40:00",78258,13.56,29.05,752.4,21.69,35.41
"2021-09-02 09:45:00",78259,13.55,29.42,752.4,22.15,34.06
"2021-09-02 09:50:00",78260,13.56,29.84,752.4,23.22,32.5
"2021-09-02 09:55:00",78261,13.53,30.34,752.4,23.59,32.46
"2021-09-02 10:00:00",78262,13.53,30.76,752.4,22.28,33.34
"2021-09-02 10:05:00",78263,13.53,30.99,752.3,22.81,32.73
"2021-09-02 10:10:00",78264,13.53,31.18,752.3,22.33,33.08
"2021-09-02 10:15:00",78265,13.51,31.32,752.3,22.78,32.66
"2021-09-02 10:20:00",78266,13.51,31.46,752.2,22.88,32.87
"2021-09-02 10:25:00",78267,13.51,31.64,752.2,22.84,31.53
"2021-09-02 10:30:00",78268,13.51,31.78,752.2,23.02,31.68
"2021-09-02 10:35:00",78269,13.51,31.89,752.1,22.21,33.84
"2021-09-02 10:40:00",78270,13.51,31.91,752,22.21,32.67
"2021-09-02 10:45:00",78271,13.51,31.85,752,22.87,31.26
"2021-09-02 10:50:00",78272,13.51,31.81,752,23.57,31.66
"2021-09-02 10:55:00",78273,13.51,31.87,751.9,23.94,29.6
"2021-09-02 11:00:00",78274,13.51,31.97,751.9,24.39,28.15
"2021-09-02 11:05:00",78275,13.51,32.09,751.8,24.3,29.16
"2021-09-02 11:10:00",78276,13.49,32.23,751.7,23.87,29.46
"2021-09-02 11:15:00",78277,13.49,32.32,751.6,25.17,27.19
"2021-09-02 11:20:00",78278,13.49,32.47,751.6,25.08,26.88
"2021-09-02 11:25:00",78279,13.49,32.64,751.5,25.25,26.65
"2021-09-02 11:30:00",78280,13.49,32.81,751.4,25.54,24.41
"2021-09-02 11:35:00",78281,13.49,32.93,751.3,25.5,23
"2021-09-02 11:40:00",78282,13.49,33,751.2,25.5,22.34
"2021-09-02 11:45:00",78283,13.49,32.99,751.2,26.15,21
"2021-09-02 11:50:00",78284,13.49,33.03,751.1,25.8,19.58
"2021-09-02 11:55:00",78285,13.49,33.08,751.1,25.85,19.76
"2021-09-02 12:00:00",78286,13.49,33.14,751,25.93,19.03
"2021-09-02 12:05:00",78287,13.47,33.19,750.9,26.83,18.24
"2021-09-02 12:10:00",78288,13.47,33.19,750.7,26.42,20.73
"2021-09-02 12:15:00",78289,13.47,33.13,750.6,26.9,17.97
"2021-09-02 12:20:00",78290,13.47,33.17,750.5,27.26,19.14
"2021-09-02 12:25:00",78291,13.47,33.23,750.4,26.61,19.07
"2021-09-02 12:30:00",78292,13.47,33.22,750.3,26.92,18.04
"2021-09-02 12:35:00",78293,13.47,33.25,750.2,27,17.9
"2021-09-02 12:40:00",78294,13.47,33.3,750,27.06,18.71
"2021-09-02 12:45:00",78295,13.47,33.32,750,27.66,18.64
"2021-09-02 12:50:00",78296,13.47,33.39,749.9,28.46,16.08
"2021-09-02 12:55:00",78297,13.47,33.45,749.8,27.51,16.06
"2021-09-02 13:00:00",78298,13.47,33.44,749.7,27.32,16.37
"2021-09-02 13:05:00",78299,13.47,33.39,749.5,27.24,15.66
"2021-09-02 13:10:00",78300,13.47,33.35,749.5,27.55,14.69
"2021-09-02 13:15:00",78301,13.47,33.32,749.4,27.64,14.83
"2021-09-02 13:20:00",78302,13.47,33.33,749.4,28.15,14.36
"2021-09-02 13:25:00",78303,13.47,33.31,749.2,27.79,14.49
"2021-09-02 13:30:00",78304,13.47,33.24,749.1,27.66,15.68
"2021-09-02 13:35:00",78305,13.47,33.21,749,28.18,13.76
"2021-09-02 13:40:00",78306,13.47,33.25,748.9,28.36,14.09
"2021-09-02 13:45:00",78307,13.47,33.29,748.8,27.83,13.99
"2021-09-02 13:50:00",78308,13.47,33.29,748.7,28.33,13.94
"2021-09-02 13:55:00",78309,13.47,33.31,748.6,28.42,12.45
"2021-09-02 14:00:00",78310,13.47,33.31,748.5,27.96,11.86
"2021-09-02 14:05:00",78311,13.47,33.33,748.4,28.88,12.4
"2021-09-02 14:10:00",78312,13.47,33.43,748.3,28.82,12.47
"2021-09-02 14:15:00",78313,13.47,33.52,748.1,28.84,10.68
"2021-09-02 14:20:00",78314,13.47,33.61,748,28.98,10.47
"2021-09-02 14:25:00",78315,13.47,33.71,747.9,29.6,11.78
"2021-09-02 14:30:00",78316,13.47,33.85,747.8,28.68,11.17
"2021-09-02 14:35:00",78317,13.47,33.94,747.7,28.32,11.23
"2021-09-02 14:40:00",78318,13.45,33.99,747.7,28.84,10.43
"2021-09-02 14:45:00",78319,13.45,34.06,747.6,29.07,10.9
"2021-09-02 14:50:00",78320,13.45,34.2,747.5,29.94,9.35
"2021-09-02 14:55:00",78321,13.46,34.41,747.4,29.91,9.85
"2021-09-02 15:00:00",78322,13.45,34.57,747.3,29.09,10.97
"2021-09-02 15:05:00",78323,13.45,34.67,747.2,29.82,10.21
"2021-09-02 15:10:00",78324,13.46,34.84,747.2,29.11,9.97
"2021-09-02 15:15:00",78325,13.45,34.95,747.1,29.26,9.33
"2021-09-02 15:20:00",78326,13.45,35.05,747.1,29.39,9.33
"2021-09-02 15:25:00",78327,13.45,35.1,747,28.83,9.17
"2021-09-02 15:30:00",78328,13.46,35.12,747,29.98,9.13
"2021-09-02 15:35:00",78329,13.46,35.21,746.9,29.68,7.894
"2021-09-02 15:40:00",78330,13.46,35.23,746.9,29.49,8.68
"2021-09-02 15:45:00",78331,13.46,35.29,746.9,29.63,8.18
"2021-09-02 15:50:00",78332,13.46,35.45,746.8,29.36,7.956
"2021-09-02 15:55:00",78333,13.43,35.65,746.8,30.16,8.27
"2021-09-02 16:00:00",78334,13.43,35.88,746.7,29.85,7.972
"2021-09-02 16:05:00",78335,13.43,35.95,746.7,30.36,8.35
"2021-09-02 16:10:00",78336,13.43,35.98,746.7,30.87,9.67
"2021-09-02 16:15:00",78337,13.43,36.05,746.6,30.6,8.21
"2021-09-02 16:20:00",78338,13.43,36.11,746.6,29.74,9.63
"2021-09-02 16:25:00",78339,13.43,36.05,746.6,30.37,8.71
"2021-09-02 16:30:00",78340,13.43,36.01,746.5,30.62,8.5
"2021-09-02 16:35:00",78341,13.43,36.01,746.5,30.65,8.36
"2021-09-02 16:40:00",78342,13.43,36.05,746.6,30.11,8.92
"2021-09-02 16:45:00",78343,13.43,35.96,746.6,29.42,9.11
"2021-09-02 16:50:00",78344,13.43,35.76,746.6,29.23,9.54
"2021-09-02 16:55:00",78345,13.26,34.72,746.6,27.87,19.21
"2021-09-02 17:00:00",78346,13.18,33.76,746.7,27.09,21.05
"2021-09-02 17:05:00",78347,13.17,32.78,746.8,26.56,22.72
"2021-09-02 17:10:00",78348,13.19,31.82,746.9,26.03,25.54
"2021-09-02 17:15:00",78349,13.16,30.92,746.8,25.53,26.81
"2021-09-02 17:20:00",78350,13.13,30.09,746.9,25.13,27.67
"2021-09-02 17:25:00",78351,13.12,29.36,747,24.9,27.82
"2021-09-02 17:30:00",78352,13.12,28.72,747.1,24.5,28.63
"2021-09-02 17:35:00",78353,13.13,28.17,747.2,24.36,28.89
"2021-09-02 17:40:00",78354,13.13,27.68,747.3,24.14,29.08
"2021-09-02 17:45:00",78355,13.14,27.27,747.3,24.05,29.07
"2021-09-02 17:50:00",78356,13.14,26.91,747.3,24.05,28.8
"2021-09-02 17:55:00",78357,13.12,26.61,747.3,24.01,28.73
"2021-09-02 18:00:00",78358,13.08,26.35,747.4,24.07,28.5
"2021-09-02 18:05:00",78359,13.04,26.1,747.5,24.04,28.6
"2021-09-02 18:10:00",78360,13.01,25.87,747.6,23.83,28.99
"2021-09-02 18:15:00",78361,12.99,25.67,747.8,23.77,28.85
"2021-09-02 18:20:00",78362,12.98,25.47,747.8,23.7,28.6
"2021-09-02 18:25:00",78363,12.97,25.29,747.8,23.67,28.97
"2021-09-02 18:30:00",78364,12.96,25.33,747.9,23.63,29.21
"2021-09-02 18:35:00",78365,12.96,25.26,747.9,23.54,29.4
"2021-09-02 18:40:00",78366,12.96,25.17,748,23.47,29.57
"2021-09-02 18:45:00",78367,12.95,25.05,748.2,23.32,29.76
"2021-09-02 18:50:00",78368,12.95,24.93,748.1,23.34,29.15
"2021-09-02 18:55:00",78369,12.95,24.81,748.2,23.07,30.21
"2021-09-02 19:00:00",78370,12.94,24.66,748.3,22.58,32.21
"2021-09-02 19:05:00",78371,12.94,24.47,748.4,22.07,33.96
"2021-09-02 19:10:00",78372,12.94,24.28,748.4,21.8,34.89
"2021-09-02 19:15:00",78373,12.94,24.04,748.5,21.68,35.44
"2021-09-02 19:20:00",78374,12.93,23.84,748.6,21.61,36.13
"2021-09-02 19:25:00",78375,12.93,23.57,748.7,21.19,38.38
"2021-09-02 19:30:00",78376,12.93,23.32,748.8,20.71,39.5
"2021-09-02 19:35:00",78377,12.92,23.08,748.9,20.67,39.69
"2021-09-02 19:40:00",78378,12.92,22.86,749,20.69,39.5
"2021-09-02 19:45:00",78379,12.92,22.64,749.2,20.71,39.86
"2021-09-02 19:50:00",78380,12.92,22.48,749.3,20.63,40.21
"2021-09-02 19:55:00",78381,12.92,22.33,749.5,20.63,40.27
"2021-09-02 20:00:00",78382,12.91,22.2,749.7,21.15,38.08
"2021-09-02 20:05:00",78383,12.91,22.11,749.8,21.19,37.76
"2021-09-02 20:10:00",78384,12.91,22.07,749.9,21.1,38.6
"2021-09-02 20:15:00",78385,12.9,22.04,750.1,20.72,39.83
"2021-09-02 20:20:00",78386,12.9,21.94,750.1,20.41,41.54
"2021-09-02 20:25:00",78387,12.9,21.85,750.2,20.17,42.22
"2021-09-02 20:30:00",78388,12.9,21.74,750.4,20.15,42.09
"2021-09-02 20:35:00",78389,12.9,21.64,750.5,19.94,42.71
"2021-09-02 20:40:00",78390,12.9,21.54,750.6,19.86,43.12
"2021-09-02 20:45:00",78391,12.89,21.43,750.7,20.02,42.49
"2021-09-02 20:50:00",78392,12.89,21.35,750.8,20.05,42.02
"2021-09-02 20:55:00",78393,12.89,21.27,750.8,19.96,42.13
"2021-09-02 21:00:00",78394,12.89,21.2,750.9,19.86,42.7
"2021-09-02 21:05:00",78395,12.89,21.09,750.9,19.7,43.52
"2021-09-02 21:10:00",78396,12.89,21.03,750.9,19.8,42.89
"2021-09-02 21:15:00",78397,12.88,20.96,751,19.69,43.36
"2021-09-02 21:20:00",78398,12.88,20.88,751.1,19.43,44.06
"2021-09-02 21:25:00",78399,12.88,20.78,751.2,19.51,43.24
"2021-09-02 21:30:00",78400,12.88,20.72,751.2,19.78,42.47
"2021-09-02 21:35:00",78401,12.88,20.64,751.3,19.71,42.56
"2021-09-02 21:40:00",78402,12.88,20.62,751.3,19.84,42.18
"2021-09-02 21:45:00",78403,12.88,20.58,751.4,19.74,42.98
"2021-09-02 21:50:00",78404,12.87,20.58,751.4,19.99,43.2
"2021-09-02 21:55:00",78405,12.87,20.58,751.4,19.5,43.78
"2021-09-02 22:00:00",78406,12.87,20.55,751.5,19.46,43.68
"2021-09-02 22:05:00",78407,12.87,20.5,751.6,19.32,44.69
"2021-09-02 22:10:00",78408,12.87,20.45,751.7,19.34,44.43
"2021-09-02 22:15:00",78409,12.86,20.4,751.7,19.7,43.55
"2021-09-02 22:20:00",78410,12.86,20.36,751.7,19.61,43.63
"2021-09-02 22:25:00",78411,12.87,20.29,751.7,19.38,44.37
"2021-09-02 22:30:00",78412,12.87,20.17,751.9,19.64,44.37
"2021-09-02 22:35:00",78413,12.87,20.09,752,19.59,44.91
"2021-09-02 22:40:00",78414,12.87,20.01,752,19.58,45.29
"2021-09-02 22:45:00",78415,12.86,19.95,752.1,19.45,45.91
"2021-09-02 22:50:00",78416,12.86,19.93,752.1,19.04,46.27
"2021-09-02 22:55:00",78417,12.86,19.89,752.2,19.07,44.78
"2021-09-02 23:00:00",78418,12.86,19.81,752.3,18.96,44.64
"2021-09-02 23:05:00",78419,12.86,19.76,752.3,18.92,44.6
"2021-09-02 23:10:00",78420,12.86,19.67,752.3,18.58,45.74
"2021-09-02 23:15:00",78421,12.86,19.58,752.3,18.63,45.49
"2021-09-02 23:20:00",78422,12.85,19.48,752.3,18.23,46.96
"2021-09-02 23:25:00",78423,12.85,19.37,752.4,18.02,47.34
"2021-09-02 23:30:00",78424,12.85,19.23,752.3,17.94,47.68
"2021-09-02 23:35:00",78425,12.85,19.1,752.3,18.44,45.6
"2021-09-02 23:40:00",78426,12.85,19.06,752.3,18.7,44.61
"2021-09-02 23:45:00",78427,12.85,19.07,752.4,19.06,43.19
"2021-09-02 23:50:00",78428,12.84,19.11,752.4,19.01,43.28
"2021-09-02 23:55:00",78429,12.84,19.13,752.4,18.86,43.64
"2021-09-03 00:00:00",78430,12.84,19.13,752.5,18.77,43.66
"2021-09-03 00:05:00",78431,12.84,19.11,752.4,18.43,45.94
"2021-09-03 00:10:00",78432,12.84,18.99,752.4,17.89,47.48
"2021-09-03 00:15:00",78433,12.84,18.89,752.5,17.64,47.7
"2021-09-03 00:20:00",78434,12.83,18.8,752.6,17.32,48.6
"2021-09-03 00:25:00",78435,12.84,18.67,752.5,17.55,47.75
"2021-09-03 00:30:00",78436,12.83,18.58,752.4,17.29,48.66
"2021-09-03 00:35:00",78437,12.83,18.46,752.4,17.14,49.52
"2021-09-03 00:40:00",78438,12.83,18.33,752.4,16.78,50.93
"2021-09-03 00:45:00",78439,12.83,18.16,752.3,16.58,51.46
"2021-09-03 00:50:00",78440,12.83,18.01,752.2,16.48,52.03
"2021-09-03 00:55:00",78441,12.82,17.84,752.2,16.52,51.39
"2021-09-03 01:00:00",78442,12.82,17.68,752.2,16.4,51.28
"2021-09-03 01:05:00",78443,12.82,17.54,752.1,16.41,51.22
"2021-09-03 01:10:00",78444,12.82,17.44,752.1,16.17,51.8
"2021-09-03 01:15:00",78445,12.82,17.32,752.1,15.98,53.01
"2021-09-03 01:20:00",78446,12.81,17.18,752.1,15.78,54.17
"2021-09-03 01:25:00",78447,12.81,17.04,752.1,15.61,54.7
"2021-09-03 01:30:00",78448,12.81,16.93,752.1,15.72,54.41
"2021-09-03 01:35:00",78449,12.81,16.83,752,16.39,51.52
"2021-09-03 01:40:00",78450,12.81,16.78,752,16.86,49.91
"2021-09-03 01:45:00",78451,12.8,16.67,752,16.56,51.27
"2021-09-03 01:50:00",78452,12.8,16.62,752,16.11,52.41
"2021-09-03 01:55:00",78453,12.8,16.57,752.1,16.22,52
"2021-09-03 02:00:00",78454,12.8,16.5,752.1,15.83,54.39
"2021-09-03 02:05:00",78455,12.79,16.41,752.1,15.6,54.57
"2021-09-03 02:10:00",78456,12.79,16.32,752.1,15.53,55.08
"2021-09-03 02:15:00",78457,12.79,16.22,752.1,15.74,54.29
"2021-09-03 02:20:00",78458,12.79,16.14,752.1,15.72,54.32
"2021-09-03 02:25:00",78459,12.78,16.08,752.1,15.82,53.78
"2021-09-03 02:30:00",78460,12.78,16.06,752.1,15.51,54.35
"2021-09-03 02:35:00",78461,12.77,16.04,752.1,15.18,55.39
"2021-09-03 02:40:00",78462,12.77,15.99,752,15.16,55.66
"2021-09-03 02:45:00",78463,12.77,15.94,751.9,15.38,54.81
"2021-09-03 02:50:00",78464,12.77,15.89,751.9,15.46,54.64
"2021-09-03 02:55:00",78465,12.76,15.87,751.9,15.32,54.9
"2021-09-03 03:00:00",78466,12.76,15.82,751.9,15.14,55.63
"2021-09-03 03:05:00",78467,12.76,15.77,752,14.94,56.15
"2021-09-03 03:10:00",78468,12.75,15.69,751.9,14.79,56.09
"2021-09-03 03:15:00",78469,12.75,15.63,751.9,15.12,54.53
"2021-09-03 03:20:00",78470,12.75,15.57,751.9,15.03,54.31
"2021-09-03 03:25:00",78471,12.75,15.53,751.9,14.58,55.43
"2021-09-03 03:30:00",78472,12.74,15.48,751.8,14.47,56.01
"2021-09-03 03:35:00",78473,12.74,15.43,751.8,14.55,56.33
"2021-09-03 03:40:00",78474,12.74,15.36,751.8,14.71,55.66
"2021-09-03 03:45:00",78475,12.74,15.31,751.8,14.74,55.72
"2021-09-03 03:50:00",78476,12.73,15.27,751.9,14.62,56.16
"2021-09-03 03:55:00",78477,12.73,15.21,751.9,14.41,56.94
"2021-09-03 04:00:00",78478,12.73,15.14,751.9,14.48,56.8
"2021-09-03 04:05:00",78479,12.73,15.09,751.9,14.69,56.14
"2021-09-03 04:10:00",78480,12.72,15.05,751.9,14.55,56.66
"2021-09-03 04:15:00",78481,12.72,15,751.9,13.97,58.88
"2021-09-03 04:20:00",78482,12.72,14.93,751.9,13.67,60.44
"2021-09-03 04:25:00",78483,12.72,14.82,751.9,13.67,60.24
"2021-09-03 04:30:00",78484,12.71,14.72,751.9,13.67,60.24
"2021-09-03 04:35:00",78485,12.71,14.6,751.9,13.63,59.81
"2021-09-03 04:40:00",78486,12.7,14.5,751.9,13.69,59.91
"2021-09-03 04:45:00",78487,12.7,14.44,751.9,13.62,60.05
"2021-09-03 04:50:00",78488,12.7,14.35,751.9,13.48,60.71
"2021-09-03 04:55:00",78489,12.7,14.21,751.9,13.39,60.93
"2021-09-03 05:00:00",78490,12.69,14.11,751.9,13.34,61.28
"2021-09-03 05:05:00",78491,12.69,14,751.9,13.35,61.37
"2021-09-03 05:10:00",78492,12.69,13.95,752,13.42,60.94
"2021-09-03 05:15:00",78493,12.69,13.88,752,13.39,61.23
"2021-09-03 05:20:00",78494,12.68,13.81,752.1,13.2,61.85
"2021-09-03 05:25:00",78495,12.68,13.73,752.2,13.19,62.11
"2021-09-03 05:30:00",78496,12.68,13.66,752.2,13.32,61.6
"2021-09-03 05:35:00",78497,12.67,13.63,752.3,13.5,61.48
"2021-09-03 05:40:00",78498,12.68,13.64,752.4,13.41,62.12
"2021-09-03 05:45:00",78499,12.67,13.63,752.5,13.15,64.25
"2021-09-03 05:50:00",78500,12.67,13.58,752.5,12.82,65.53
"2021-09-03 05:55:00",78501,12.67,13.55,752.6,12.62,65.58
"2021-09-03 06:00:00",78502,12.66,13.46,752.6,12.66,67.55
"2021-09-03 06:05:00",78503,12.66,13.4,752.7,12.59,67.74
"2021-09-03 06:10:00",78504,12.66,13.33,752.7,12.81,66.54
"2021-09-03 06:15:00",78505,12.65,13.27,752.8,12.75,65.69
"2021-09-03 06:20:00",78506,12.65,13.24,752.8,12.33,66.51
"2021-09-03 06:25:00",78507,12.65,13.19,752.9,12.36,66.57
"2021-09-03 06:30:00",78508,12.64,13.15,753,12.12,66.96
"2021-09-03 06:35:00",78509,12.64,13.15,753,12.06,67.39
"2021-09-03 06:40:00",78510,12.64,13.14,753.1,12.1,66.82
"2021-09-03 06:45:00",78511,12.65,13.16,753.1,12.2,66.55
"2021-09-03 06:50:00",78512,12.66,13.21,753.2,12.4,65.45
"2021-09-03 06:55:00",78513,12.66,13.32,753.2,12.78,63.74
"2021-09-03 07:00:00",78514,12.67,13.42,753.3,13.01,63.14
"2021-09-03 07:05:00",78515,12.67,13.56,753.4,13.08,63.01
"2021-09-03 07:10:00",78516,12.67,13.69,753.4,13.17,62.49
"2021-09-03 07:15:00",78517,12.68,13.82,753.4,13.27,63.06
"2021-09-03 07:20:00",78518,12.7,13.95,753.5,13.3,62.16
"2021-09-03 07:25:00",78519,12.75,14.12,753.5,13.35,61.37
"2021-09-03 07:30:00",78520,12.9,14.36,753.5,13.65,60.62
"2021-09-03 07:35:00",78521,13.41,14.77,753.6,14.02,60.59
"2021-09-03 07:40:00",78522,13.85,15.67,753.5,14.98,56.97
"2021-09-03 07:45:00",78523,13.82,17.12,753.6,15.08,57.92
"2021-09-03 07:50:00",78524,13.79,18.01,753.6,15.36,56.75
"2021-09-03 07:55:00",78525,13.79,18.72,753.8,15.84,56.37
"2021-09-03 08:00:00",78526,13.76,19.3,753.8,16.79,52.38
"2021-09-03 08:05:00",78527,13.76,19.94,753.9,16.98,51.61
"2021-09-03 08:10:00",78528,13.73,20.63,753.9,17.61,49.27
"2021-09-03 08:15:00",78529,13.73,21.36,754,17.83,48.36
"2021-09-03 08:20:00",78530,13.7,22.11,753.9,18.8,45.73
"2021-09-03 08:25:00",78531,13.7,22.88,753.9,19.39,44.09
"2021-09-03 08:30:00",78532,13.67,23.63,754,18.91,45.59
"2021-09-03 08:35:00",78533,13.65,24.34,754,18.83,45.83
"2021-09-03 08:40:00",78534,13.65,24.93,754,19.59,45.07
"2021-09-03 08:45:00",78535,13.62,25.49,754.1,19.57,43.37
"2021-09-03 08:50:00",78536,13.62,25.68,754.1,18.63,46.38
"2021-09-03 08:55:00",78537,13.62,25.8,754.1,19.12,45.04
"2021-09-03 09:00:00",78538,13.62,25.84,754.1,19.09,44.88
"2021-09-03 09:05:00",78539,13.62,25.94,754.1,19.6,44.08
"2021-09-03 09:10:00",78540,13.62,26.16,754.1,20.47,41.68
"2021-09-03 09:15:00",78541,13.6,26.57,754.1,20.98,41.02
"2021-09-03 09:20:00",78542,13.6,27.03,754.1,21.39,40.61
"2021-09-03 09:25:00",78543,13.6,27.66,754.1,22.04,39.54
"2021-09-03 09:30:00",78544,13.57,28.23,754,21.23,41.18
"2021-09-03 09:35:00",78545,13.57,28.71,754,21.09,41.94
"2021-09-03 09:40:00",78546,13.55,29.16,754.1,21.87,40.53
"2021-09-03 09:45:00",78547,13.55,29.46,754,20.46,42.8
"2021-09-03 09:50:00",78548,13.55,29.64,754,20.54,43.42
"2021-09-03 09:55:00",78549,13.55,29.83,754,20.98,43.28
"2021-09-03 10:00:00",78550,13.55,30,754,21.15,42.95
"2021-09-03 10:05:00",78551,13.53,30.15,753.9,21.61,41.06
"2021-09-03 10:10:00",78552,13.53,30.34,753.9,21.75,40.33
"2021-09-03 10:15:00",78553,13.53,30.55,753.9,22.83,38.48
"2021-09-03 10:20:00",78554,13.53,30.84,753.8,21.99,40
"2021-09-03 10:25:00",78555,13.53,31.01,753.8,21.38,40.61
"2021-09-03 10:30:00",78556,13.53,31.05,753.7,21.9,39.69
"2021-09-03 10:35:00",78557,13.53,31.14,753.6,22.23,39.21
"2021-09-03 10:40:00",78558,13.51,31.24,753.5,21.74,40.62
"2021-09-03 10:45:00",78559,13.51,31.24,753.5,21.4,41.46
"2021-09-03 10:50:00",78560,13.51,31.21,753.3,22.43,39.62
"2021-09-03 10:55:00",78561,13.51,31.21,753.3,22.51,39.04
"2021-09-03 11:00:00",78562,13.51,31.27,753.2,22.35,37.78
"2021-09-03 11:05:00",78563,13.51,31.22,753.1,21.85,39.43
"2021-09-03 11:10:00",78564,13.51,31.2,753,23.28,36.39
"2021-09-03 11:15:00",78565,13.51,31.25,752.9,22.84,35.06
"2021-09-03 11:20:00",78566,13.51,31.28,752.9,22.79,36.84
"2021-09-03 11:25:00",78567,13.51,31.28,752.8,22.92,35.46
"2021-09-03 11:30:00",78568,13.51,31.34,752.6,23.42,33.55
"2021-09-03 11:35:00",78569,13.51,31.44,752.6,23.53,33.49
"2021-09-03 11:40:00",78570,13.51,31.52,752.5,23.39,35.7
"2021-09-03 11:45:00",78571,13.51,31.59,752.4,23.17,34.69
"2021-09-03 11:50:00",78572,13.51,31.59,752.3,24.14,33.45
"2021-09-03 11:55:00",78573,13.51,31.71,752.2,24.29,31.85
"2021-09-03 12:00:00",78574,13.51,31.87,752.1,24.2,31.58
"2021-09-03 12:05:00",78575,13.51,31.97,752,24.05,31.67
"2021-09-03 12:10:00",78576,13.49,32.04,751.9,24.35,31.12
"2021-09-03 12:15:00",78577,13.49,32.12,751.9,24.23,32.75
"2021-09-03 12:20:00",78578,13.49,32.15,751.7,24.82,30.55
"2021-09-03 12:25:00",78579,13.49,32.21,751.7,24.54,30.66
"2021-09-03 12:30:00",78580,13.49,32.18,751.5,23.74,31.2
"2021-09-03 12:35:00",78581,13.49,32.1,751.5,24.67,31.15
"2021-09-03 12:40:00",78582,13.49,32.07,751.4,24.77,30.65
"2021-09-03 12:45:00",78583,13.49,32.06,751.3,24.74,30.75
"2021-09-03 12:50:00",78584,13.49,32.07,751.2,24.54,31
"2021-09-03 12:55:00",78585,13.49,32.05,751,25.13,29.84
"2021-09-03 13:00:00",78586,13.5,32.04,750.8,24.92,30.63
"2021-09-03 13:05:00",78587,13.5,32.02,750.7,25.59,29.33
"2021-09-03 13:10:00",78588,13.49,31.97,750.6,24.5,30.53
"2021-09-03 13:15:00",78589,13.5,31.94,750.5,25.45,29.76
"2021-09-03 13:20:00",78590,13.5,31.98,750.4,26.2,28.43
"2021-09-03 13:25:00",78591,13.5,32.11,750.4,26.7,27.65
"2021-09-03 13:30:00",78592,13.5,32.29,750.3,25.54,29.46
"2021-09-03 13:35:00",78593,13.5,32.42,750.2,25.92,28.82
"2021-09-03 13:40:00",78594,13.5,32.52,750.1,25.42,29.18
"2021-09-03 13:45:00",78595,13.5,32.59,750,25.7,28.86
"2021-09-03 13:50:00",78596,13.5,32.63,749.9,26.13,28.56
"2021-09-03 13:55:00",78597,13.5,32.67,749.8,25.97,28.41
"2021-09-03 14:00:00",78598,13.5,32.73,749.7,25.63,28.38
"2021-09-03 14:05:00",78599,13.5,32.79,749.6,26.35,28.78
"2021-09-03 14:10:00",78600,13.5,32.85,749.5,26.34,27.69
"2021-09-03 14:15:00",78601,13.5,32.94,749.4,26.59,28.05
"2021-09-03 14:20:00",78602,13.48,33.03,749.3,26.76,27.45
"2021-09-03 14:25:00",78603,13.47,33.07,749.2,26.12,28.56
"2021-09-03 14:30:00",78604,13.48,33,749.2,26.63,27.37
"2021-09-03 14:35:00",78605,13.48,32.96,749.1,26.6,27.78
"2021-09-03 14:40:00",78606,13.48,32.95,748.9,26.68,27.13
"2021-09-03 14:45:00",78607,13.48,33.03,748.8,26.68,27.03
"2021-09-03 14:50:00",78608,13.48,33.12,748.6,26.56,27.78
"2021-09-03 14:55:00",78609,13.48,33.25,748.4,26.42,27.63
"2021-09-03 15:00:00",78610,13.48,33.39,748.3,26.8,27.35
"2021-09-03 15:05:00",78611,13.48,33.51,748.2,26.42,27.63
"2021-09-03 15:10:00",78612,13.48,33.53,748.2,26.45,27.36
"2021-09-03 15:15:00",78613,13.48,33.58,748.2,27.25,26.25
"2021-09-03 15:20:00",78614,13.48,33.74,748.1,27.14,26.79
"2021-09-03 15:25:00",78615,13.48,33.88,748,26.21,28.63
"2021-09-03 15:30:00",78616,13.48,33.89,748,26.2,28.43
"2021-09-03 15:35:00",78617,13.48,33.6,747.9,25.33,30.22
"2021-09-03 15:40:00",78618,13.48,33.21,747.9,25.6,30.42
"2021-09-03 15:45:00",78619,13.48,32.79,747.8,25.46,30.2
"2021-09-03 15:50:00",78620,13.48,32.35,747.8,25.42,31.11
"2021-09-03 15:55:00",78621,13.48,31.95,747.8,25.45,30.2
"2021-09-03 16:00:00",78622,13.48,31.55,747.9,25.45,29.79
"2021-09-03 16:05:00",78623,13.48,31.17,747.8,25.22,30.35
"2021-09-03 16:10:00",78624,13.48,30.8,747.8,24.92,31.3
"2021-09-03 16:15:00",78625,13.48,30.48,747.8,25.13,30.55
"2021-09-03 16:20:00",78626,13.48,30.18,747.8,25.04,31.04
"2021-09-03 16:25:00",78627,13.48,29.95,747.7,24.79,32.1
"2021-09-03 16:30:00",78628,13.48,29.73,747.8,24.56,32.21
"2021-09-03 16:35:00",78629,13.5,29.52,747.8,24.56,32.85
"2021-09-03 16:40:00",78630,13.5,29.32,747.8,24.38,33.4
"2021-09-03 16:45:00",78631,13.5,29.15,747.8,24.23,33.89
"2021-09-03 16:50:00",78632,13.5,28.99,747.9,24.46,33.28
"2021-09-03 16:55:00",78633,13.5,28.86,747.8,24.49,33.38
"2021-09-03 17:00:00",78634,13.5,28.74,747.8,24.05,34.01
"2021-09-03 17:05:00",78635,13.5,28.61,747.8,24.13,33.18
"2021-09-03 17:10:00",78636,13.5,28.48,747.8,24.14,33.68
"2021-09-03 17:15:00",78637,13.5,28.34,747.9,24.25,33.19
"2021-09-03 17:20:00",78638,13.53,28.14,747.9,24.03,33.84
"2021-09-03 17:25:00",78639,13.53,28.01,747.9,24.05,33.87
"2021-09-03 17:30:00",78640,13.53,27.86,748,24.03,33.3
"2021-09-03 17:35:00",78641,13.53,27.77,748.1,23.97,33.8
"2021-09-03 17:40:00",78642,13.53,27.39,748.2,23.85,34.02
"2021-09-03 17:45:00",78643,13.53,27.22,748.2,23.94,33.53
"2021-09-03 17:50:00",78644,13.48,26.83,748.3,23.78,34.08
"2021-09-03 17:55:00",78645,13.29,26.45,748.4,23.82,33.75
"2021-09-03 18:00:00",78646,13.17,26.22,748.4,23.58,33.96
"2021-09-03 18:05:00",78647,13.09,26,748.4,23.51,33.69
"2021-09-03 18:10:00",78648,13.03,25.79,748.5,23.21,34.76
"2021-09-03 18:15:00",78649,12.99,25.58,748.5,23.13,34.82
"2021-09-03 18:20:00",78650,12.97,25.38,748.6,22.83,35.52
"2021-09-03 18:25:00",78651,12.96,25.14,748.7,22.6,35.96
"2021-09-03 18:30:00",78652,12.96,24.89,748.7,22.44,36.27
"2021-09-03 18:35:00",78653,12.95,24.69,748.8,22.32,36.92
"2021-09-03 18:40:00",78654,12.95,24.48,748.9,22.12,37.62
"2021-09-03 18:45:00",78655,12.94,24.29,748.9,21.93,37.87
"2021-09-03 18:50:00",78656,12.94,24.08,748.9,21.8,38.47
"2021-09-03 18:55:00",78657,12.94,23.87,749,21.43,39.9
"2021-09-03 19:00:00",78658,12.93,23.66,749,21.28,39.95
"2021-09-03 19:05:00",78659,12.93,23.44,749.1,21.05,40.77
"2021-09-03 19:10:00",78660,12.93,23.25,749.3,21.21,40.04
"2021-09-03 19:15:00",78661,12.92,23.1,749.3,21.4,39.31
"2021-09-03 19:20:00",78662,12.92,23,749.3,21.37,39.76
"2021-09-03 19:25:00",78663,12.92,22.9,749.3,21.46,39.32
"2021-09-03 19:30:00",78664,12.92,22.83,749.4,21.39,39.6
"2021-09-03 19:35:00",78665,12.92,22.75,749.6,20.98,40.38
"2021-09-03 19:40:00",78666,12.91,22.66,749.7,20.72,41.77
"2021-09-03 19:45:00",78667,12.91,22.56,749.9,20.65,41.83
"2021-09-03 19:50:00",78668,12.91,22.46,750,20.75,41.06
"2021-09-03 19:55:00",78669,12.91,22.41,750,20.86,40.88
"2021-09-03 20:00:00",78670,12.9,22.37,750.1,20.92,40.56
"2021-09-03 20:05:00",78671,12.9,22.34,750.3,20.9,41.08
"2021-09-03 20:10:00",78672,12.9,22.33,750.6,21.07,40.13
"2021-09-03 20:15:00",78673,12.9,22.34,750.6,21.14,39.35
"2021-09-03 20:20:00",78674,12.9,22.34,750.6,21,39.21
"2021-09-03 20:25:00",78675,12.9,22.3,750.7,21.16,38.51
"2021-09-03 20:30:00",78676,12.9,22.27,750.7,21.23,38.64
"2021-09-03 20:35:00",78677,12.89,22.27,750.7,21.15,39.06
"2021-09-03 20:40:00",78678,12.89,22.26,750.5,21.24,39.49
"2021-09-03 20:45:00",78679,12.89,22.23,750.5,21.3,38.75
"2021-09-03 20:50:00",78680,12.89,22.25,750.4,21.42,38.34
"2021-09-03 20:55:00",78681,12.89,22.29,750.2,21.34,38.66
"2021-09-03 21:00:00",78682,12.89,22.33,750.2,21.06,40.25
"2021-09-03 21:05:00",78683,12.89,22.36,750.3,20.96,40.99
"2021-09-03 21:10:00",78684,12.89,22.36,750.1,20.92,41.01
"2021-09-03 21:15:00",78685,12.89,22.34,750.3,20.9,41.11
"2021-09-03 21:20:00",78686,12.89,22.32,750.4,20.74,41.87
"2021-09-03 21:25:00",78687,12.89,22.28,750.4,20.34,43.88
"2021-09-03 21:30:00",78688,12.89,22.21,750.3,20.09,44.84
"2021-09-03 21:35:00",78689,12.88,22.1,750.2,19.66,46.25
"2021-09-03 21:40:00",78690,12.88,21.97,750,19.76,45.95
"2021-09-03 21:45:00",78691,12.88,21.83,750,19.88,45.2
"2021-09-03 21:50:00",78692,12.88,21.72,750.2,19.8,45.41
"2021-09-03 21:55:00",78693,12.88,21.6,750.4,19.55,46.34
"2021-09-03 22:00:00",78694,12.88,21.45,750.5,19.52,46.39
"2021-09-03 22:05:00",78695,12.89,21.02,750.6,19.39,48.12
"2021-09-03 22:10:00",78696,12.88,20.76,750.7,19.32,48.36
"2021-09-03 22:15:00",78697,12.88,20.54,750.8,19.24,48.79
"2021-09-03 22:20:00",78698,12.88,20.37,750.9,19.36,48.74
"2021-09-03 22:25:00",78699,12.88,20.21,751,19.36,48.33
"2021-09-03 22:30:00",78700,12.88,20.07,751,19.36,48.43
"2021-09-03 22:35:00",78701,12.88,19.95,751.1,19.41,48.43
"2021-09-03 22:40:00",78702,12.88,19.85,751.1,19.48,47.53
"2021-09-03 22:45:00",78703,12.87,19.79,751.1,19.51,46.96
"2021-09-03 22:50:00",78704,12.87,19.73,751.1,19.51,46.74
"2021-09-03 22:55:00",78705,12.87,19.69,751.1,19.41,46.16
"2021-09-03 23:00:00",78706,12.87,19.65,751.1,19.49,45.53
"2021-09-03 23:05:00",78707,12.87,19.6,751,19.51,44.96
"2021-09-03 23:10:00",78708,12.87,19.58,751,19.57,44.24
"2021-09-03 23:15:00",78709,12.87,19.56,751,19.53,44.2
"2021-09-03 23:20:00",78710,12.86,19.55,751,19.44,44.22
"2021-09-03 23:25:00",78711,12.86,19.52,751,19.46,44.22
"2021-09-03 23:30:00",78712,12.86,19.49,751,19.43,44.38
"2021-09-03 23:35:00",78713,12.86,19.45,751,19.18,45.56
"2021-09-03 23:40:00",78714,12.86,19.39,751,19.16,45.4
"2021-09-03 23:45:00",78715,12.86,19.29,751,18.71,46.96
"2021-09-03 23:50:00",78716,12.86,19.17,751,17.92,49.43
"2021-09-03 23:55:00",78717,12.86,18.99,751.1,17.56,50.6
"2021-09-04 00:00:00",78718,12.85,18.79,751,17.69,50.4
"2021-09-04 00:05:00",78719,12.85,18.6,751,17.97,49.56
"2021-09-04 00:10:00",78720,12.85,18.43,751,17.98,49.41
"2021-09-04 00:15:00",78721,12.85,18.26,751,17.54,50.72
"2021-09-04 00:20:00",78722,12.85,18.11,751,17.67,50.58
"2021-09-04 00:25:00",78723,12.85,17.99,751,18.09,49.42
"2021-09-04 00:30:00",78724,12.85,17.93,751,17.53,51.68
"2021-09-04 00:35:00",78725,12.85,17.81,751,17.07,53.19
"2021-09-04 00:40:00",78726,12.84,17.7,750.9,16.99,53.55
"2021-09-04 00:45:00",78727,12.84,17.56,750.9,16.76,54.34
"2021-09-04 00:50:00",78728,12.84,17.42,750.9,16.82,54.17
"2021-09-04 00:55:00",78729,12.84,17.28,751,16.89,53.69
"2021-09-04 01:00:00",78730,12.84,17.17,750.9,17.04,53.59
"2021-09-04 01:05:00",78731,12.84,17.09,750.9,17.05,53.1
"2021-09-04 01:10:00",78732,12.83,17.03,750.9,16.92,53.32
"2021-09-04 01:15:00",78733,12.83,16.99,750.9,16.85,53.71
"2021-09-04 01:20:00",78734,12.83,16.97,750.8,16.85,53.41
"2021-09-04 01:25:00",78735,12.83,16.96,750.8,16.86,53.01
"2021-09-04 01:30:00",78736,12.83,16.93,750.7,16.56,52.63
"2021-09-04 01:35:00",78737,12.83,16.9,750.6,16.34,53.89
"2021-09-04 01:40:00",78738,12.82,16.86,750.5,16.28,54.31
"2021-09-04 01:45:00",78739,12.82,16.78,750.4,16.32,54.53
"2021-09-04 01:50:00",78740,12.82,16.72,750.3,16.42,54.33
"2021-09-04 01:55:00",78741,12.82,16.65,750.3,16.5,54.09
"2021-09-04 02:00:00",78742,12.82,16.59,750.3,15.92,55.96
"2021-09-04 02:05:00",78743,12.82,16.49,750.3,15.68,57.59
"2021-09-04 02:10:00",78744,12.82,16.36,750.3,15.45,58.76
"2021-09-04 02:15:00",78745,12.81,16.25,750.2,15.16,59.46
"2021-09-04 02:20:00",78746,12.81,16.1,750.2,15.41,58.15
"2021-09-04 02:25:00",78747,12.81,15.98,750.2,15.39,58.24
"2021-09-04 02:30:00",78748,12.81,15.88,750.2,14.86,60.49
"2021-09-04 02:35:00",78749,12.81,15.74,750.2,14.7,61
"2021-09-04 02:40:00",78750,12.81,15.6,750.2,14.94,60.23
"2021-09-04 02:45:00",78751,12.8,15.47,750.2,14.79,61.01
"2021-09-04 02:50:00",78752,12.8,15.33,750.3,14.71,61.21
"2021-09-04 02:55:00",78753,12.8,15.23,750.2,15.1,59
"2021-09-04 03:00:00",78754,12.8,15.17,750.2,14.92,58.73
"2021-09-04 03:05:00",78755,12.8,15.12,750.2,14.82,59.02
"2021-09-04 03:10:00",78756,12.79,15.06,750.1,14.76,58.92
"2021-09-04 03:15:00",78757,12.79,14.98,750.2,14.53,59.78
"2021-09-04 03:20:00",78758,12.78,15.08,750.1,14.31,60.73
"2021-09-04 03:25:00",78759,12.78,15.14,750.1,14.16,61.27
"2021-09-04 03:30:00",78760,12.77,15.11,750.1,13.88,62.22
"2021-09-04 03:35:00",78761,12.77,15.08,750.1,13.83,62.45
"2021-09-04 03:40:00",78762,12.77,14.99,750.1,13.89,62.49
"2021-09-04 03:45:00",78763,12.77,14.91,750.1,13.89,62.52
"2021-09-04 03:50:00",78764,12.77,14.85,750.1,13.91,62.11
"2021-09-04 03:55:00",78765,12.76,14.76,750.1,13.85,62.46
"2021-09-04 04:00:00",78766,12.76,14.68,750.1,13.55,63.43
"2021-09-04 04:05:00",78767,12.76,14.6,750.1,13.46,63.57
"2021-09-04 04:10:00",78768,12.76,14.51,750.1,13.43,63.5
"2021-09-04 04:15:00",78769,12.75,14.41,750.1,13.43,63.24
"2021-09-04 04:20:00",78770,12.76,14.32,750.1,13.6,60.05
"2021-09-04 04:25:00",78771,12.76,14.22,750.1,13.49,59.88
"2021-09-04 04:30:00",78772,12.75,14.16,750.1,13.37,59.59
"2021-09-04 04:35:00",78773,12.75,14.09,750.1,13.33,59.85
"2021-09-04 04:40:00",78774,12.75,14.03,750.1,13.41,59.33
"2021-09-04 04:45:00",78775,12.75,13.98,750.1,13.38,59.21
"2021-09-04 04:50:00",78776,12.74,13.94,750.1,13.54,58.84
"2021-09-04 04:55:00",78777,12.74,13.9,750.2,13.53,59.11
"2021-09-04 05:00:00",78778,12.74,13.86,750.2,13.5,59.35
"2021-09-04 05:05:00",78779,12.74,13.82,750.2,13.28,60.06
"2021-09-04 05:10:00",78780,12.73,13.75,750.3,13.19,60.84
"2021-09-04 05:15:00",78781,12.73,13.69,750.4,13,62.31
"2021-09-04 05:20:00",78782,12.73,13.62,750.5,12.94,62.57
"2021-09-04 05:25:00",78783,12.73,13.56,750.5,12.86,64.81
"2021-09-04 05:30:00",78784,12.72,13.47,750.5,12.74,63.21
"2021-09-04 05:35:00",78785,12.72,13.43,750.5,12.7,63.41
"2021-09-04 05:40:00",78786,12.71,13.37,750.6,12.72,64.52
"2021-09-04 05:45:00",78787,12.71,13.31,750.6,12.24,66.7
"2021-09-04 05:50:00",78788,12.71,13.25,750.7,12.26,70.18
"2021-09-04 05:55:00",78789,12.7,13.18,750.8,11.92,72.04
"2021-09-04 06:00:00",78790,12.7,13.07,750.9,11.91,71.44
"2021-09-04 06:05:00",78791,12.7,12.93,750.9,11.88,70.81
"2021-09-04 06:10:00",78792,12.7,12.85,751,11.87,69.9
"2021-09-04 06:15:00",78793,12.69,12.78,751.1,11.96,68.91
"2021-09-04 06:20:00",78794,12.69,12.74,751.1,11.92,67.94
"2021-09-04 06:25:00",78795,12.69,12.74,751.2,11.77,68.77
"2021-09-04 06:30:00",78796,12.69,12.72,751.2,11.71,68.87
"2021-09-04 06:35:00",78797,12.7,12.68,751.3,11.75,68.02
"2021-09-04 06:40:00",78798,12.71,12.66,751.3,12.16,66.11
"2021-09-04 06:45:00",78799,12.77,12.71,751.3,12.2,66.4
"2021-09-04 06:50:00",78800,12.79,12.76,751.4,12.56,64.79
"2021-09-04 06:55:00",78801,12.81,12.86,751.5,12.68,64.25
"2021-09-04 07:00:00",78802,13.06,13.06,751.6,12.87,63.61
"2021-09-04 07:05:00",78803,13.36,13.39,751.7,13.32,61.16
"2021-09-04 07:10:00",78804,13.58,13.76,751.7,13.95,58.97
"2021-09-04 07:15:00",78805,13.72,14.24,751.8,14.64,56.83
"2021-09-04 07:20:00",78806,13.82,14.79,751.8,15.47,53.76
"2021-09-04 07:25:00",78807,13.92,15.35,751.9,15.99,52.15
"2021-09-04 07:30:00",78808,13.84,16.73,752,15.72,55.38
"2021-09-04 07:35:00",78809,13.81,17.79,752,15.42,56.19
"2021-09-04 07:40:00",78810,13.79,18.5,752.1,15.91,53.58
"2021-09-04 07:45:00",78811,13.76,19.16,752.1,16.89,51.22
"2021-09-04 07:50:00",78812,13.76,19.82,752.1,17.3,50.19
"2021-09-04 07:55:00",78813,13.73,20.48,752.1,17.28,50.93
"2021-09-04 08:00:00",78814,13.73,21.09,752.1,17.95,49.53
"2021-09-04 08:05:00",78815,13.7,21.69,752.2,18.37,48.61
"2021-09-04 08:10:00",78816,13.7,22.26,752.2,17.84,50.48
"2021-09-04 08:15:00",78817,13.68,22.78,752.2,17.95,50.62
"2021-09-04 08:20:00",78818,13.68,23.23,752.2,18.17,50.31
"2021-09-04 08:25:00",78819,13.68,23.67,752.2,17.97,50.53
"2021-09-04 08:30:00",78820,13.65,24.11,752.2,18.94,48.63
"2021-09-04 08:35:00",78821,13.65,24.55,752.3,18.45,49.03
"2021-09-04 08:40:00",78822,13.65,25.01,752.2,19.75,45.85
"2021-09-04 08:45:00",78823,13.63,25.42,752.2,19.76,45.63
"2021-09-04 08:50:00",78824,13.63,25.91,752.2,20.74,43.19
"2021-09-04 08:55:00",78825,13.6,26.43,752.3,20.6,43.69
"2021-09-04 09:00:00",78826,13.6,26.87,752.3,20.68,43.47
"2021-09-04 09:05:00",78827,13.6,27.29,752.3,20.01,43.55
"2021-09-04 09:10:00",78828,13.58,27.66,752.3,21.02,42.58
"2021-09-04 09:15:00",78829,13.58,27.96,752.3,21.04,42.1
"2021-09-04 09:20:00",78830,13.58,28.3,752.3,21.33,41.9
"2021-09-04 09:25:00",78831,13.58,28.65,752.4,20.5,43.29
"2021-09-04 09:30:00",78832,13.55,28.89,752.4,20.92,42.37
"2021-09-04 09:35:00",78833,13.55,29.13,752.4,21.59,40.99
"2021-09-04 09:40:00",78834,13.55,29.47,752.4,22.23,40.09
"2021-09-04 09:45:00",78835,13.55,29.86,752.4,21.5,41.21
"2021-09-04 09:50:00",78836,13.53,30.14,752.4,22.14,39.55
"2021-09-04 09:55:00",78837,13.53,30.4,752.4,21.81,40.2
"2021-09-04 10:00:00",78838,13.53,30.62,752.3,22.15,39.91
"2021-09-04 10:05:00",78839,13.53,30.83,752.2,22.01,39.64
"2021-09-04 10:10:00",78840,13.51,31.08,752.1,23.62,36.65
"2021-09-04 10:15:00",78841,13.51,31.38,752.1,22.08,39.64
"2021-09-04 10:20:00",78842,13.51,31.58,752.1,22.31,38.56
"2021-09-04 10:25:00",78843,13.51,31.72,752.1,22.31,39.87
"2021-09-04 10:30:00",78844,13.51,31.78,752,22.01,40.26
"2021-09-04 10:35:00",78845,13.51,31.8,752,22.83,37.83
"2021-09-04 10:40:00",78846,13.51,31.87,751.9,22.7,38.01
"2021-09-04 10:45:00",78847,13.51,31.92,751.8,23.96,35.03
"2021-09-04 10:50:00",78848,13.51,32.13,751.7,23.57,35.99
"2021-09-04 10:55:00",78849,13.49,32.26,751.7,23.52,35.19
"2021-09-04 11:00:00",78850,13.49,32.36,751.6,23.98,35.03
"2021-09-04 11:05:00",78851,13.49,32.48,751.6,24.41,31.53
"2021-09-04 11:10:00",78852,13.49,32.65,751.5,24.46,29.31
"2021-09-04 11:15:00",78853,13.49,32.82,751.4,25.1,29.36
"2021-09-04 11:20:00",78854,13.49,33,751.3,25.41,24.99
"2021-09-04 11:25:00",78855,13.49,33.12,751.2,24.68,28.17
"2021-09-04 11:30:00",78856,13.49,33.19,751.2,25.76,25.18
"2021-09-04 11:35:00",78857,13.47,33.28,751.1,25.74,20.21
"2021-09-04 11:40:00",78858,13.47,33.39,751,26.02,17.08
"2021-09-04 11:45:00",78859,13.47,33.48,750.9,25.92,13.83
"2021-09-04 11:50:00",78860,13.47,33.59,750.8,26.7,15.43
"2021-09-04 11:55:00",78861,13.47,33.73,750.7,25.44,14.91
"2021-09-04 12:00:00",78862,13.47,33.75,750.6,26.24,16.6
"2021-09-04 12:05:00",78863,13.47,33.79,750.5,26.28,15.69
"2021-09-04 12:10:00",78864,13.47,33.81,750.4,26.54,15.84
"2021-09-04 12:15:00",78865,13.47,33.85,750.4,26.84,16.7
"2021-09-04 12:20:00",78866,13.47,33.84,750.3,26.53,12.8
"2021-09-04 12:25:00",78867,13.47,33.82,750.2,26.92,12.88
"2021-09-04 12:30:00",78868,13.47,33.83,750.1,27.5,13.41
"2021-09-04 12:35:00",78869,13.47,33.9,750,27.71,14.38
"2021-09-04 12:40:00",78870,13.47,33.99,749.9,27.22,14.88
"2021-09-04 12:45:00",78871,13.47,34.08,749.8,27.9,14.92
"2021-09-04 12:50:00",78872,13.47,34.14,749.7,27.65,14.98
"2021-09-04 12:55:00",78873,13.47,34.16,749.6,27.81,13.85
"2021-09-04 13:00:00",78874,13.48,34.17,749.5,26.68,14.36
"2021-09-04 13:05:00",78875,13.48,34.12,749.4,27.5,14.47
"2021-09-04 13:10:00",78876,13.48,34.11,749.3,27.77,14.06
"2021-09-04 13:15:00",78877,13.48,34.12,749.1,27.43,13.69
"2021-09-04 13:20:00",78878,13.48,34.11,749,27.85,13.21
"2021-09-04 13:25:00",78879,13.48,34.12,748.9,27.9,13.11
"2021-09-04 13:30:00",78880,13.48,34.15,748.8,27.92,12.86
"2021-09-04 13:35:00",78881,13.48,34.16,748.7,27.98,13.64
"2021-09-04 13:40:00",78882,13.45,34.21,748.7,28.17,12.15
"2021-09-04 13:45:00",78883,13.45,34.26,748.5,27.98,12.15
"2021-09-04 13:50:00",78884,13.45,34.17,748.4,27.71,11.85
"2021-09-04 13:55:00",78885,13.45,34.14,748.3,28.11,10.72
"2021-09-04 14:00:00",78886,13.45,34.14,748.2,28.47,10.02
"2021-09-04 14:05:00",78887,13.45,34.16,748.1,28.47,9.59
"2021-09-04 14:10:00",78888,13.45,34.17,748,28.3,10.51
"2021-09-04 14:15:00",78889,13.45,34.25,747.9,29.41,9.76
"2021-09-04 14:20:00",78890,13.45,34.36,747.8,29.39,10.7
"2021-09-04 14:25:00",78891,13.45,34.55,747.7,29.5,9.04
"2021-09-04 14:30:00",78892,13.46,34.77,747.6,29.23,8.02
"2021-09-04 14:35:00",78893,13.45,34.95,747.5,29.09,7.73
"2021-09-04 14:40:00",78894,13.45,35.07,747.4,29.08,7.874
"2021-09-04 14:45:00",78895,13.45,35.22,747.4,29.27,8.75
"2021-09-04 14:50:00",78896,13.46,35.41,747.3,29.97,8.77
"2021-09-04 14:55:00",78897,13.43,35.66,747.2,29.73,8.62
"2021-09-04 15:00:00",78898,13.43,35.87,747.1,29.49,8.39
"2021-09-04 15:05:00",78899,13.43,36.05,747.1,29.6,8.33
"2021-09-04 15:10:00",78900,13.43,36.17,747,29.29,8.39
"2021-09-04 15:15:00",78901,13.43,36.26,746.9,29.21,8.82
"2021-09-04 15:20:00",78902,13.43,36.3,746.8,29.3,8.39
"2021-09-04 15:25:00",78903,13.43,36.37,746.7,29.16,9.1
"2021-09-04 15:30:00",78904,13.43,36.46,746.7,30.39,8.79
"2021-09-04 15:35:00",78905,13.41,36.63,746.6,30.28,9.07
"2021-09-04 15:40:00",78906,13.41,36.82,746.5,30.64,9.01
"2021-09-04 15:45:00",78907,13.41,36.97,746.5,30.12,8.92
"2021-09-04 15:50:00",78908,13.41,37.09,746.5,29.94,9.71
"2021-09-04 15:55:00",78909,13.41,37.15,746.6,29.22,9.65
"2021-09-04 16:00:00",78910,13.41,37.13,746.6,29.39,9.4
"2021-09-04 16:05:00",78911,13.41,37.13,746.6,29.36,18.17
"2021-09-04 16:10:00",78912,13.41,36.82,746.6,27.97,20.41
"2021-09-04 16:15:00",78913,13.41,36.16,746.6,27.34,24.4
"2021-09-04 16:20:00",78914,13.41,35.41,746.5,26.7,25.87
"2021-09-04 16:25:00",78915,13.41,34.67,746.6,26.61,26.75
"2021-09-04 16:30:00",78916,13.41,34.03,746.6,26.45,27.15
"2021-09-04 16:35:00",78917,13.41,33.53,746.6,26.32,26.73
"2021-09-04 16:40:00",78918,13.4,33.13,746.7,26.46,25.78
"2021-09-04 16:45:00",78919,13.43,32.8,746.7,26.59,26.07
"2021-09-04 16:50:00",78920,13.43,32.58,746.7,26.28,25.94
"2021-09-04 16:55:00",78921,13.43,32.35,746.8,26.2,26.11
"2021-09-04 17:00:00",78922,13.43,32.05,746.8,26.07,25.96
"2021-09-04 17:05:00",78923,13.43,31.79,746.6,26.1,26.58
"2021-09-04 17:10:00",78924,13.4,31.36,746.8,25.76,27.51
"2021-09-04 17:15:00",78925,13.26,30.39,746.9,25.36,28.13
"2021-09-04 17:20:00",78926,13.16,29.7,746.9,25.22,28.01
"2021-09-04 17:25:00",78927,13.59,29.32,746.9,25.06,29.15
"2021-09-04 17:30:00",78928,13.55,29.51,746.9,24.9,29.95
"2021-09-04 17:35:00",78929,13.48,29.22,746.9,24.85,29.95
"2021-09-04 17:40:00",78930,13.31,28.59,747,24.91,29.48
"2021-09-04 17:45:00",78931,13.19,28.25,747,24.75,29.5
"2021-09-04 17:50:00",78932,13.14,27.93,747.1,24.63,30.54
"2021-09-04 17:55:00",78933,13.09,27.62,747.1,24.35,30.99
"2021-09-04 18:00:00",78934,13.06,27.33,747.1,24.24,31.45
"2021-09-04 18:05:00",78935,13.03,27.06,747.1,23.97,31.89
"2021-09-04 18:10:00",78936,13,26.78,747.2,23.81,32.08
"2021-09-04 18:15:00",78937,12.99,26.51,747.3,23.65,32.5
"2021-09-04 18:20:00",78938,12.97,26.24,747.4,23.5,32.92
"2021-09-04 18:25:00",78939,12.96,25.98,747.4,23.37,33.44
"2021-09-04 18:30:00",78940,12.96,25.69,747.5,23.19,33.83
"2021-09-04 18:35:00",78941,12.96,25.45,747.5,23.13,33.82
"2021-09-04 18:40:00",78942,12.95,25.21,747.6,23.07,34.48
"2021-09-04 18:45:00",78943,12.95,25.04,747.7,22.91,34.86
"2021-09-04 18:50:00",78944,12.95,24.86,747.8,22.79,34.75
"2021-09-04 18:55:00",78945,12.94,24.72,747.9,22.91,34.47
"2021-09-04 19:00:00",78946,12.94,24.61,748,22.91,34.53
"2021-09-04 19:05:00",78947,12.94,24.52,748,22.81,34.52
"2021-09-04 19:10:00",78948,12.93,24.42,748.3,22.93,33.6
"2021-09-04 19:15:00",78949,12.93,24.36,748.5,22.81,33.92
"2021-09-04 19:20:00",78950,12.93,24.28,748.6,22.7,34.68
"2021-09-04 19:25:00",78951,12.92,24.2,748.6,22.64,34.61
"2021-09-04 19:30:00",78952,12.92,24.11,748.7,22.61,34.57
"2021-09-04 19:35:00",78953,12.92,24.04,748.9,22.52,34.93
"2021-09-04 19:40:00",78954,12.92,23.96,749.1,22.45,34.46
"2021-09-04 19:45:00",78955,12.92,23.86,749.1,22.32,35.37
"2021-09-04 19:50:00",78956,12.91,23.76,749.2,22.05,35.05
"2021-09-04 19:55:00",78957,12.91,23.62,749.3,21.73,35.21
"2021-09-04 20:00:00",78958,12.92,23.43,749.4,21.65,35.6
"2021-09-04 20:05:00",78959,12.91,23.24,749.5,21.49,36.18
"2021-09-04 20:10:00",78960,12.91,23.06,749.5,21.15,37.13
"2021-09-04 20:15:00",78961,12.91,22.87,749.6,20.92,37.7
"2021-09-04 20:20:00",78962,12.91,22.68,749.7,21.1,36.67
"2021-09-04 20:25:00",78963,12.91,22.52,749.7,21.14,36.87
"2021-09-04 20:30:00",78964,12.9,22.38,749.8,20.95,37.57
"2021-09-04 20:35:00",78965,12.9,22.24,750,20.53,38.64
"2021-09-04 20:40:00",78966,12.9,22.09,750.1,20.42,39.05
"2021-09-04 20:45:00",78967,12.9,21.99,750.2,20.39,39.08
"2021-09-04 20:50:00",78968,12.9,21.86,750.3,20.3,39.39
"2021-09-04 20:55:00",78969,12.89,21.73,750.4,20.41,38.92
"2021-09-04 21:00:00",78970,12.89,21.62,750.5,20.6,38.38
"2021-09-04 21:05:00",78971,12.89,21.58,750.5,20.31,39.26
"2021-09-04 21:10:00",78972,12.89,21.5,750.6,19.91,40.58
"2021-09-04 21:15:00",78973,12.89,21.39,750.7,19.52,41.63
"2021-09-04 21:20:00",78974,12.89,21.26,750.8,19.32,42.29
"2021-09-04 21:25:00",78975,12.88,21.12,750.8,19.35,42.26
"2021-09-04 21:30:00",78976,12.88,20.97,750.8,19.32,42.35
"2021-09-04 21:35:00",78977,12.88,20.82,751,19.29,42.7
"2021-09-04 21:40:00",78978,12.88,20.71,751,19.39,42.45
"2021-09-04 21:45:00",78979,12.88,20.54,751,19.39,42.65
"2021-09-04 21:50:00",78980,12.88,20.43,751,19.2,43.59
"2021-09-04 21:55:00",78981,12.87,20.33,751,19.15,44.22
"2021-09-04 22:00:00",78982,12.87,20.26,751,19.1,44.72
"2021-09-04 22:05:00",78983,12.87,20.2,751.1,19.06,45.04
"2021-09-04 22:10:00",78984,12.87,20.12,751.1,19.04,45.16
"2021-09-04 22:15:00",78985,12.87,20.06,751.1,18.95,45.53
"2021-09-04 22:20:00",78986,12.86,20,751.2,18.95,45.59
"2021-09-04 22:25:00",78987,12.86,19.94,751.1,18.99,45.47
"2021-09-04 22:30:00",78988,12.86,19.87,751.1,18.92,45.72
"2021-09-04 22:35:00",78989,12.86,19.81,751.1,18.98,45.47
"2021-09-04 22:40:00",78990,12.86,19.77,751.1,19.2,44.8
"2021-09-04 22:45:00",78991,12.86,19.76,751.1,19.19,44.86
"2021-09-04 22:50:00",78992,12.85,19.75,751.1,19.12,45.04
"2021-09-04 22:55:00",78993,12.85,19.74,751.1,19.3,44.55
"2021-09-04 23:00:00",78994,12.85,19.75,751.2,19.3,44.55
"2021-09-04 23:05:00",78995,12.85,19.76,751.2,19.29,44.55
"2021-09-04 23:10:00",78996,12.85,19.67,751.2,19.32,44.5
"2021-09-04 23:15:00",78997,12.85,19.64,751.2,19.28,44.52
"2021-09-04 23:20:00",78998,12.85,19.63,751.1,19.26,44.55
"2021-09-04 23:25:00",78999,12.84,19.61,751.1,19.15,44.86
"2021-09-04 23:30:00",79000,12.84,19.62,751.1,19.17,44.67
"2021-09-04 23:35:00",79001,12.84,19.59,751.1,19.08,44.88
"2021-09-04 23:40:00",79002,12.84,19.57,751.2,18.83,45.64
"2021-09-04 23:45:00",79003,12.84,19.5,751.2,18.54,46.62
"2021-09-04 23:50:00",79004,12.83,19.39,751.2,18.13,47.92
"2021-09-04 23:55:00",79005,12.83,19.25,751.2,17.69,49.37
"2021-09-05 00:00:00",79006,12.83,19.07,751.1,17.58,49.67
"2021-09-05 00:05:00",79007,12.82,18.88,751.2,17.45,50.24
"2021-09-05 00:10:00",79008,12.82,18.72,751.1,17.15,50.98
"2021-09-05 00:15:00",79009,12.82,18.52,751.1,16.93,51.6
"2021-09-05 00:20:00",79010,12.82,18.33,751.1,17.1,51.1
"2021-09-05 00:25:00",79011,12.82,18.17,751.1,17.26,50.65
"2021-09-05 00:30:00",79012,12.82,18.05,751.1,17.2,51.02
"2021-09-05 00:35:00",79013,12.81,17.94,751.1,17.04,51.58
"2021-09-05 00:40:00",79014,12.81,17.82,751,16.91,51.94
"2021-09-05 00:45:00",79015,12.81,17.74,751,16.92,52
"2021-09-05 00:50:00",79016,12.81,17.67,751,16.8,52.01
"2021-09-05 00:55:00",79017,12.81,17.56,751,16.72,52.09
"2021-09-05 01:00:00",79018,12.81,17.47,750.9,16.67,51.99
"2021-09-05 01:05:00",79019,12.8,17.39,751,16.58,51.98
"2021-09-05 01:10:00",79020,12.8,17.31,750.9,16.82,49.75
"2021-09-05 01:15:00",79021,12.8,17.28,750.9,16.79,50.68
"2021-09-05 01:20:00",79022,12.8,17.26,751,16.62,50.78
"2021-09-05 01:25:00",79023,12.8,17.24,750.9,16.59,50.53
"2021-09-05 01:30:00",79024,12.79,17.23,750.9,16.44,50.97
"2021-09-05 01:35:00",79025,12.79,17.15,750.8,16.34,51.46
"2021-09-05 01:40:00",79026,12.79,17.06,750.8,16.1,53.27
"2021-09-05 01:45:00",79027,12.79,16.96,750.8,15.38,56.39
"2021-09-05 01:50:00",79028,12.79,16.83,750.8,15.19,56.61
"2021-09-05 01:55:00",79029,12.79,16.69,750.8,15.11,56.81
"2021-09-05 02:00:00",79030,12.78,16.58,750.8,15.26,56.07
"2021-09-05 02:05:00",79031,12.78,16.47,750.8,15.3,55.77
"2021-09-05 02:10:00",79032,12.78,16.36,750.8,15.25,56.62
"2021-09-05 02:15:00",79033,12.78,16.26,750.8,14.96,57.24
"2021-09-05 02:20:00",79034,12.77,16.14,750.8,15,57.21
"2021-09-05 02:25:00",79035,12.77,15.96,750.8,15.07,56.89
"2021-09-05 02:30:00",79036,12.77,15.85,750.8,15.14,56.93
"2021-09-05 02:35:00",79037,12.77,15.78,750.8,15.01,56.7
"2021-09-05 02:40:00",79038,12.76,15.73,750.8,14.87,57.55
"2021-09-05 02:45:00",79039,12.76,15.67,750.8,14.73,57.32
"2021-09-05 02:50:00",79040,12.76,15.62,750.8,14.92,56.63
"2021-09-05 02:55:00",79041,12.76,15.6,750.8,14.89,56.38
"2021-09-05 03:00:00",79042,12.76,15.56,750.8,14.66,56.98
"2021-09-05 03:05:00",79043,12.76,15.5,750.8,14.53,57.17
"2021-09-05 03:10:00",79044,12.75,15.44,750.9,14.61,56.85
"2021-09-05 03:15:00",79045,12.75,15.38,750.9,14.54,56.69
"2021-09-05 03:20:00",79046,12.75,15.32,750.9,14.45,56.86
"2021-09-05 03:25:00",79047,12.75,15.27,751,14.57,57
"2021-09-05 03:30:00",79048,12.75,15.18,750.9,14.42,58.12
"2021-09-05 03:35:00",79049,12.75,15.1,750.9,14.07,62.23
"2021-09-05 03:40:00",79050,12.74,15.01,750.9,13.88,61.28
"2021-09-05 03:45:00",79051,12.74,14.9,750.9,13.63,61.68
"2021-09-05 03:50:00",79052,12.74,14.79,750.9,13.73,62.29
"2021-09-05 03:55:00",79053,12.74,14.69,751,13.78,63.47
"2021-09-05 04:00:00",79054,12.73,14.59,751,13.61,63.88
"2021-09-05 04:05:00",79055,12.73,14.5,751,13.58,61.88
"2021-09-05 04:10:00",79056,12.73,14.4,751.1,13.83,60.83
"2021-09-05 04:15:00",79057,12.72,14.33,751.1,13.9,60.69
"2021-09-05 04:20:00",79058,12.72,14.29,751.1,13.49,62.1
"2021-09-05 04:25:00",79059,12.72,14.22,751.1,13.34,63.52
"2021-09-05 04:30:00",79060,12.72,14.15,751.2,13.05,64.67
"2021-09-05 04:35:00",79061,12.71,14.07,751.3,12.88,65.48
"2021-09-05 04:40:00",79062,12.71,13.98,751.3,12.86,65.83
"2021-09-05 04:45:00",79063,12.71,13.9,751.4,12.98,64.83
"2021-09-05 04:50:00",79064,12.7,13.83,751.4,12.94,64.73
"2021-09-05 04:55:00",79065,12.7,13.76,751.4,13.04,64.43
"2021-09-05 05:00:00",79066,12.7,13.7,751.5,13.2,63.76
"2021-09-05 05:05:00",79067,12.69,13.68,751.5,13.32,62.63
"2021-09-05 05:10:00",79068,12.69,13.69,751.6,13.29,62.27
"2021-09-05 05:15:00",79069,12.69,13.7,751.6,13.34,61.45
"2021-09-05 05:20:00",79070,12.68,13.72,751.6,12.54,66.35
"2021-09-05 05:25:00",79071,12.68,13.6,751.7,12.43,66.3
"2021-09-05 05:30:00",79072,12.68,13.53,751.8,12.59,65.05
"2021-09-05 05:35:00",79073,12.68,13.47,751.8,12.72,64.06
"2021-09-05 05:40:00",79074,12.68,13.45,751.9,12.75,63.88
"2021-09-05 05:45:00",79075,12.67,13.44,752.1,12.71,63.59
"2021-09-05 05:50:00",79076,12.67,13.43,752.2,12.54,64.23
"2021-09-05 05:55:00",79077,12.67,13.41,752.2,12.99,62.28
"2021-09-05 06:00:00",79078,12.67,13.44,752.3,13.12,62.48
"2021-09-05 06:05:00",79079,12.66,13.49,752.4,13.02,62.52
"2021-09-05 06:10:00",79080,12.66,13.56,752.6,13.08,63.18
"2021-09-05 06:15:00",79081,12.66,13.66,752.7,13.1,63.12
"2021-09-05 06:20:00",79082,12.66,13.79,752.8,13.25,62.74
"2021-09-05 06:25:00",79083,12.65,13.93,752.9,13.35,62.23
"2021-09-05 06:30:00",79084,12.66,14.1,752.8,13.41,62.12
"2021-09-05 06:35:00",79085,12.67,14.25,752.9,13.52,61.52
"2021-09-05 06:40:00",79086,12.69,14.36,752.9,13.55,61.28
"2021-09-05 06:45:00",79087,12.79,14.48,753,13.58,61.7
"2021-09-05 06:50:00",79088,12.93,14.65,753.2,13.8,61.35
"2021-09-05 06:55:00",79089,13.1,14.85,753.2,13.95,60.7
"2021-09-05 07:00:00",79090,13.39,14.9,753.3,14.22,59.64
"2021-09-05 07:05:00",79091,13.57,15.05,753.3,14.51,58.76
"2021-09-05 07:10:00",79092,13.64,15.37,753.3,14.86,57.46
"2021-09-05 07:15:00",79093,13.73,15.76,753.4,14.8,57.45
"2021-09-05 07:20:00",79094,13.78,16.22,753.5,15.59,55.48
"2021-09-05 07:25:00",79095,13.84,16.72,753.5,15.82,55
"2021-09-05 07:30:00",79096,13.91,17.26,753.5,16.22,53.41
"2021-09-05 07:35:00",79097,13.84,18.56,753.6,16.63,52.45
"2021-09-05 07:40:00",79098,13.79,19.57,753.6,17,51.11
"2021-09-05 07:45:00",79099,13.76,20.26,753.6,17.71,48.78
"2021-09-05 07:50:00",79100,13.73,20.86,753.7,17.47,49.62
"2021-09-05 07:55:00",79101,13.73,21.45,753.7,18.15,48.15
"2021-09-05 08:00:00",79102,13.7,22.02,753.8,19.24,45.31
"2021-09-05 08:05:00",79103,13.7,22.6,753.9,19.67,43.77
"2021-09-05 08:10:00",79104,13.7,23.15,753.9,19.25,45.06
"2021-09-05 08:15:00",79105,13.68,23.64,754,19.88,43.22
"2021-09-05 08:20:00",79106,13.68,24.13,754,19.78,43.72
"2021-09-05 08:25:00",79107,13.65,24.57,754,19.8,43.88
"2021-09-05 08:30:00",79108,13.65,24.97,753.9,20.06,43.11
"2021-09-05 08:35:00",79109,13.65,25.39,753.9,20.33,42.59
"2021-09-05 08:40:00",79110,13.63,25.82,753.9,20.46,42
"2021-09-05 08:45:00",79111,13.63,26.28,753.9,20.8,41.46
"2021-09-05 08:50:00",79112,13.63,26.74,754,20.8,41.68
"2021-09-05 08:55:00",79113,13.6,27.13,754,21.07,41.49
"2021-09-05 09:00:00",79114,13.6,27.59,754,21.16,41.82
"2021-09-05 09:05:00",79115,13.57,27.89,754.1,20.06,43.62
"2021-09-05 09:10:00",79116,13.57,28.03,754.1,20.56,43.43
"2021-09-05 09:15:00",79117,13.58,28.34,754,20.17,43.7
"2021-09-05 09:20:00",79118,13.58,28.46,754.1,21.02,41.45
"2021-09-05 09:25:00",79119,13.58,28.49,754,21.11,41.49
"2021-09-05 09:30:00",79120,13.58,28.75,754,21.64,39.86
"2021-09-05 09:35:00",79121,13.55,29.05,754,21.78,40.62
"2021-09-05 09:40:00",79122,13.56,29.38,753.9,22.27,39.5
"2021-09-05 09:45:00",79123,13.56,29.74,753.9,23.03,38.7
"2021-09-05 09:50:00",79124,13.55,30.14,753.9,23.09,37.33
"2021-09-05 09:55:00",79125,13.53,30.54,753.9,22.08,39.19
"2021-09-05 10:00:00",79126,13.53,30.74,753.9,21.55,40.66
"2021-09-05 10:05:00",79127,13.53,30.92,753.9,22.63,38.66
"2021-09-05 10:10:00",79128,13.51,31.07,753.8,21.47,40.88
"2021-09-05 10:15:00",79129,13.51,31.04,753.9,21.54,40.14
"2021-09-05 10:20:00",79130,13.51,30.95,753.8,21.54,40.53
"2021-09-05 10:25:00",79131,13.51,30.9,753.8,21.9,39.63
"2021-09-05 10:30:00",79132,13.51,30.92,753.7,22.64,37.9
"2021-09-05 10:35:00",79133,13.51,31.03,753.7,22.48,37.79
"2021-09-05 10:40:00",79134,13.51,31.17,753.6,22.15,38.61
"2021-09-05 10:45:00",79135,13.51,31.25,753.5,22.01,39.77
"2021-09-05 10:50:00",79136,13.51,31.26,753.5,22.33,37.71
"2021-09-05 10:55:00",79137,13.51,31.23,753.4,22.73,36.93
"2021-09-05 11:00:00",79138,13.51,31.25,753.4,23.41,36
"2021-09-05 11:05:00",79139,13.51,31.38,753.3,23.6,34.1
"2021-09-05 11:10:00",79140,13.51,31.55,753.2,23.01,35.8
"2021-09-05 11:15:00",79141,13.51,31.69,753.1,23.49,35.58
"2021-09-05 11:20:00",79142,13.51,31.8,753.1,23.49,35.25
"2021-09-05 11:25:00",79143,13.52,31.79,753.1,23.09,35.71
"2021-09-05 11:30:00",79144,13.52,31.67,753,23.58,35.13
"2021-09-05 11:35:00",79145,13.51,31.65,752.9,23.61,35
"2021-09-05 11:40:00",79146,13.52,31.7,752.8,24.08,34.38
"2021-09-05 11:45:00",79147,13.52,31.77,752.7,24.68,32.43
"2021-09-05 11:50:00",79148,13.52,31.89,752.6,24.84,30.83
"2021-09-05 11:55:00",79149,13.52,31.97,752.6,24.18,30.6
"2021-09-05 12:00:00",79150,13.52,31.95,752.4,23.75,31.67
"2021-09-05 12:05:00",79151,13.52,31.91,752.3,23.62,32.67
"2021-09-05 12:10:00",79152,13.52,31.9,752.2,24.84,30.45
"2021-09-05 12:15:00",79153,13.52,31.91,752.1,24.51,30.8
"2021-09-05 12:20:00",79154,13.5,31.91,751.9,25.2,30.05
"2021-09-05 12:25:00",79155,13.5,31.99,751.8,25.24,29.37
"2021-09-05 12:30:00",79156,13.5,32.08,751.7,24.93,30.63
"2021-09-05 12:35:00",79157,13.5,32.14,751.6,24.38,30.79
"2021-09-05 12:40:00",79158,13.5,32.23,751.4,25.29,29.31
"2021-09-05 12:45:00",79159,13.5,32.54,751.3,26.22,27.95
"2021-09-05 12:50:00",79160,13.5,32.7,751.2,24.85,29.58
"2021-09-05 12:55:00",79161,13.5,32.69,751.1,25.45,29.39
"2021-09-05 13:00:00",79162,13.5,32.72,751.1,25.6,27.91
"2021-09-05 13:05:00",79163,13.5,32.73,750.9,25.51,27.83
"2021-09-05 13:10:00",79164,13.5,32.79,750.8,26.18,26.72
"2021-09-05 13:15:00",79165,13.5,32.87,750.8,26.33,26.9
"2021-09-05 13:20:00",79166,13.47,32.97,750.8,26.27,27.21
"2021-09-05 13:25:00",79167,13.48,32.98,750.7,25.74,28.02
"2021-09-05 13:30:00",79168,13.48,32.96,750.5,25.53,27.97
"2021-09-05 13:35:00",79169,13.48,32.93,750.4,25.83,29.01
"2021-09-05 13:40:00",79170,13.48,32.95,750.4,26.78,27.18
"2021-09-05 13:45:00",79171,13.48,32.95,750.2,25.66,28.25
"2021-09-05 13:50:00",79172,13.48,32.86,750.2,25.61,27.97
"2021-09-05 13:55:00",79173,13.48,32.74,750.1,25.5,28.71
"2021-09-05 14:00:00",79174,13.48,32.62,750,25.94,29.9
"2021-09-05 14:05:00",79175,13.48,32.55,750,26.26,28.23
"2021-09-05 14:10:00",79176,13.48,32.49,749.9,25.35,29.58
"2021-09-05 14:15:00",79177,13.48,32.34,749.8,25.86,28.78
"2021-09-05 14:20:00",79178,13.47,32.14,749.8,25.13,28.28
"2021-09-05 14:25:00",79179,13.47,31.87,749.7,24.84,31.09
"2021-09-05 14:30:00",79180,13.47,31.53,749.6,23.89,29.5
"2021-09-05 14:35:00",79181,13.47,31.1,749.5,24.38,29.06
"2021-09-05 14:40:00",79182,13.47,30.77,749.5,24.18,27.79
"2021-09-05 14:45:00",79183,13.47,30.49,749.5,24.4,27.51
"2021-09-05 14:50:00",79184,13.47,30.31,749.5,23.81,31.88
"2021-09-05 14:55:00",79185,13.47,30.08,749.2,23.12,29.4
"2021-09-05 15:00:00",79186,13.47,29.78,749.3,23.03,29.63
"2021-09-05 15:05:00",79187,13.5,29.43,749.3,23.21,30.82
"2021-09-05 15:10:00",79188,13.49,29.11,749.2,22.87,31.46
"2021-09-05 15:15:00",79189,13.5,28.8,749.1,23.02,31.27
"2021-09-05 15:20:00",79190,13.49,28.58,749,22.97,32.11
"2021-09-05 15:25:00",79191,13.5,28.42,748.9,23.26,31.03
"2021-09-05 15:30:00",79192,13.52,28.36,749,23.06,31.75
"2021-09-05 15:35:00",79193,13.52,28.36,748.9,23.33,30.7
"2021-09-05 15:40:00",79194,13.52,28.46,748.9,23.91,29.67
"2021-09-05 15:45:00",79195,13.52,28.62,748.8,24.47,28.97
"2021-09-05 15:50:00",79196,13.52,28.82,748.7,24.25,28.61
"2021-09-05 15:55:00",79197,13.52,29,748.7,24.2,28.34
"2021-09-05 16:00:00",79198,13.52,29.1,748.6,24.54,27.01
"2021-09-05 16:05:00",79199,13.52,29.21,748.5,24.67,26.95
"2021-09-05 16:10:00",79200,13.52,29.38,748.5,24.88,26.69
"2021-09-05 16:15:00",79201,13.52,29.58,748.5,24.92,26.32
"2021-09-05 16:20:00",79202,13.52,29.76,748.5,24.45,25.09
"2021-09-05 16:25:00",79203,13.52,29.93,748.4,25.68,23.73
"2021-09-05 16:30:00",79204,13.53,30.1,748.3,26.12,22.93
"2021-09-05 16:35:00",79205,13.53,30.37,748.2,25.04,23.72
"2021-09-05 16:40:00",79206,13.52,30.52,748.1,25.18,24.01
"2021-09-05 16:45:00",79207,13.53,30.64,748.1,25.29,23.5
"2021-09-05 16:50:00",79208,13.52,30.7,748.1,24.61,23.8
"2021-09-05 16:55:00",79209,13.52,30.67,748.1,25.04,23.35
"2021-09-05 17:00:00",79210,13.53,30.6,748,24.56,23.52
"2021-09-05 17:05:00",79211,13.53,30.49,748,24.63,24.01
"2021-09-05 17:10:00",79212,13.52,30.36,747.9,24.58,24
"2021-09-05 17:15:00",79213,13.53,30.23,747.9,24.97,23.34
"2021-09-05 17:20:00",79214,13.52,30.12,747.9,24.63,24.14
"2021-09-05 17:25:00",79215,13.52,30.01,747.9,24.66,24.18
"2021-09-05 17:30:00",79216,13.53,29.88,747.9,24.64,23.87
"2021-09-05 17:35:00",79217,13.53,29.71,747.9,24.81,24.57
"2021-09-05 17:40:00",79218,13.39,29.26,747.9,24.77,24.56
"2021-09-05 17:45:00",79219,13.2,28.58,748,24.39,24.4
"2021-09-05 17:50:00",79220,13.15,28.15,748,24.26,24.19
"2021-09-05 17:55:00",79221,13.11,27.76,747.9,24.22,24.53
"2021-09-05 18:00:00",79222,13.08,27.43,748,24.02,25.91
"2021-09-05 18:05:00",79223,13.03,27.09,748,23.41,27.06
"2021-09-05 18:10:00",79224,13,26.73,748.1,23.21,27.45
"2021-09-05 18:15:00",79225,12.98,26.32,748.2,23.01,27.84
"2021-09-05 18:20:00",79226,12.97,25.9,748.2,22.76,28.02
"2021-09-05 18:25:00",79227,12.97,25.5,748.2,22.54,28.34
"2021-09-05 18:30:00",79228,12.96,25.09,748.3,22.36,28.97
"2021-09-05 18:35:00",79229,12.96,24.73,748.4,22.17,29.53
"2021-09-05 18:40:00",79230,12.95,24.42,748.5,21.82,30.9
"2021-09-05 18:45:00",79231,12.95,24.15,748.6,21.77,31.1
"2021-09-05 18:50:00",79232,12.95,23.89,748.7,21.75,31.3
"2021-09-05 18:55:00",79233,12.94,23.71,748.7,21.95,30.38
"2021-09-05 19:00:00",79234,12.94,23.54,748.8,21.92,30.44
"2021-09-05 19:05:00",79235,12.94,23.39,748.8,21.78,32.83
"2021-09-05 19:10:00",79236,12.93,23.27,748.9,21.71,33.96
"2021-09-05 19:15:00",79237,12.93,23.13,749,21.47,34.93
"2021-09-05 19:20:00",79238,12.93,23,749.1,21.52,35.09
"2021-09-05 19:25:00",79239,12.93,22.86,749.2,21.29,35.4
"2021-09-05 19:30:00",79240,12.92,22.73,749.2,21.11,36.44
"2021-09-05 19:35:00",79241,12.92,22.61,749.3,21.16,36.38
"2021-09-05 19:40:00",79242,12.92,22.43,749.4,21.31,35.3
"2021-09-05 19:45:00",79243,12.92,22.31,749.5,21.32,35.11
"2021-09-05 19:50:00",79244,12.92,22.22,749.5,21.27,35.17
"2021-09-05 19:55:00",79245,12.91,22.14,749.5,21.28,35.4
"2021-09-05 20:00:00",79246,12.91,22.08,749.6,21.3,35.24
"2021-09-05 20:05:00",79247,12.91,22.02,749.7,21.34,35.9
"2021-09-05 20:10:00",79248,12.91,22,749.8,21.34,36.39
"2021-09-05 20:15:00",79249,12.91,21.97,749.9,21.15,37.13
"2021-09-05 20:20:00",79250,12.91,21.94,750.1,21.04,37.31
"2021-09-05 20:25:00",79251,12.9,21.92,750.2,21.04,37.25
"2021-09-05 20:30:00",79252,12.9,21.88,750.2,20.97,36.98
"2021-09-05 20:35:00",79253,12.9,21.83,750.3,21.02,36.53
"2021-09-05 20:40:00",79254,12.9,21.79,750.4,20.94,36.98
"2021-09-05 20:45:00",79255,12.9,21.74,750.5,20.76,37.29
"2021-09-05 20:50:00",79256,12.89,21.68,750.6,20.59,37.63
"2021-09-05 20:55:00",79257,12.89,21.59,750.7,20.39,38.23
"2021-09-05 21:00:00",79258,12.89,21.47,750.7,20.48,37.85
"2021-09-05 21:05:00",79259,12.89,21.35,750.8,20.69,36.63
"2021-09-05 21:10:00",79260,12.89,21.32,750.9,21.02,35.61
"2021-09-05 21:15:00",79261,12.89,21.32,750.9,20.99,35.47
"2021-09-05 21:20:00",79262,12.89,21.26,751,20.38,37.25
"2021-09-05 21:25:00",79263,12.88,21.2,751.1,20.17,37.16
"2021-09-05 21:30:00",79264,12.88,21.09,751.2,20.15,37.42
"2021-09-05 21:35:00",79265,12.88,20.97,751.3,20.17,37.49
"2021-09-05 21:40:00",79266,12.88,20.85,751.4,19.88,38.05
"2021-09-05 21:45:00",79267,12.88,20.73,751.4,19.66,38.22
"2021-09-05 21:50:00",79268,12.88,20.62,751.4,19.3,39.35
"2021-09-05 21:55:00",79269,12.88,20.49,751.4,19.4,38.48
"2021-09-05 22:00:00",79270,12.87,20.36,751.5,19.27,39.54
"2021-09-05 22:05:00",79271,12.87,20.24,751.5,18.77,41.16
"2021-09-05 22:10:00",79272,12.87,20.12,751.6,19.37,39.91
"2021-09-05 22:15:00",79273,12.87,20.01,751.6,18.71,41.25
"2021-09-05 22:20:00",79274,12.87,19.91,751.7,18.89,40.92
"2021-09-05 22:25:00",79275,12.87,19.81,751.5,19.38,39.94
"2021-09-05 22:30:00",79276,12.87,19.78,751.5,19.26,40.25
"2021-09-05 22:35:00",79277,12.86,19.74,751.6,19.21,40.57
"2021-09-05 22:40:00",79278,12.86,19.69,751.6,18.96,41.31
"2021-09-05 22:45:00",79279,12.86,19.53,751.7,19.2,40.89
"2021-09-05 22:50:00",79280,12.86,19.47,751.8,19.2,41.24
"2021-09-05 22:55:00",79281,12.86,19.4,751.8,18.8,41.94
"2021-09-05 23:00:00",79282,12.86,19.32,751.9,18.71,42.38
"2021-09-05 23:05:00",79283,12.86,19.25,752,18.6,42.53
"2021-09-05 23:10:00",79284,12.85,19.16,752,18.67,42.25
"2021-09-05 23:15:00",79285,12.85,19.08,752.1,18.46,42.76
"2021-09-05 23:20:00",79286,12.85,19.02,752,18.71,41.74
"2021-09-05 23:25:00",79287,12.85,18.92,752,18.39,42.69
"2021-09-05 23:30:00",79288,12.85,18.83,752,18.03,42.88
"2021-09-05 23:35:00",79289,12.85,18.74,752.1,18.07,42.34
"2021-09-05 23:40:00",79290,12.85,18.65,752.1,18.06,41.89
"2021-09-05 23:45:00",79291,12.84,18.57,752.1,17.97,42.29
"2021-09-05 23:50:00",79292,12.84,18.48,752.1,17.8,42.69
"2021-09-05 23:55:00",79293,12.84,18.39,752,17.71,43.32
"2021-09-06 00:00:00",79294,12.84,18.29,752.1,17.19,45.76
"2021-09-06 00:05:00",79295,12.84,18.17,752.2,16.73,47.65
"2021-09-06 00:10:00",79296,12.84,18.01,752.2,16.45,48.15
"2021-09-06 00:15:00",79297,12.83,17.88,752.3,17.09,46.85
"2021-09-06 00:20:00",79298,12.83,17.78,752.3,17.44,46.23
"2021-09-06 00:25:00",79299,12.83,17.72,752.3,17.43,46.23
"2021-09-06 00:30:00",79300,12.83,17.68,752.2,17.19,45.63
"2021-09-06 00:35:00",79301,12.83,17.62,752.2,17.31,45.46
"2021-09-06 00:40:00",79302,12.83,17.58,752.2,17.13,47.01
"2021-09-06 00:45:00",79303,12.83,17.54,752.1,16.64,49.2
"2021-09-06 00:50:00",79304,12.82,17.46,752.1,16.34,49.72
"2021-09-06 00:55:00",79305,12.82,17.36,752.1,16.35,49.44
"2021-09-06 01:00:00",79306,12.82,17.25,752,16.2,49.3
"2021-09-06 01:05:00",79307,12.82,17.14,751.9,16.43,48.52
"2021-09-06 01:10:00",79308,12.82,17.07,751.8,16.69,47.64
"2021-09-06 01:15:00",79309,12.82,17.02,751.7,16.67,47.61
"2021-09-06 01:20:00",79310,12.81,16.96,751.7,16.53,48.47
"2021-09-06 01:25:00",79311,12.81,16.9,751.7,16.32,48.81
"2021-09-06 01:30:00",79312,12.81,16.84,751.7,16.41,48.73
"2021-09-06 01:35:00",79313,12.81,16.8,751.7,16.79,47.4
"2021-09-06 01:40:00",79314,12.81,16.79,751.7,16.94,46.86
"2021-09-06 01:45:00",79315,12.8,16.81,751.6,16.92,47.11
"2021-09-06 01:50:00",79316,12.81,16.77,751.6,16.53,48.19
"2021-09-06 01:55:00",79317,12.81,16.72,751.6,16.28,48.93
"2021-09-06 02:00:00",79318,12.81,16.65,751.6,15.92,50.19
"2021-09-06 02:05:00",79319,12.81,16.58,751.6,15.82,51.57
"2021-09-06 02:10:00",79320,12.8,16.49,751.6,15.39,54.33
"2021-09-06 02:15:00",79321,12.8,16.4,751.7,15.16,53.84
"2021-09-06 02:20:00",79322,12.8,16.27,751.7,15.08,51.71
"2021-09-06 02:25:00",79323,12.8,16.17,751.7,15.4,50.86
"2021-09-06 02:30:00",79324,12.79,16.13,751.7,16.89,45.59
"2021-09-06 02:35:00",79325,12.79,16.19,751.7,17.1,43.4
"2021-09-06 02:40:00",79326,12.79,16.26,751.8,17.11,43.79
"2021-09-06 02:45:00",79327,12.79,16.34,751.7,16.47,46.11
"2021-09-06 02:50:00",79328,12.79,16.4,751.6,16.26,46.55
"2021-09-06 02:55:00",79329,12.78,16.39,751.6,16.18,46.48
"2021-09-06 03:00:00",79330,12.78,16.3,751.6,16.33,45.9
"2021-09-06 03:05:00",79331,12.78,16.26,751.6,16.42,45.66
"2021-09-06 03:10:00",79332,12.78,16.27,751.7,16.17,46.32
"2021-09-06 03:15:00",79333,12.77,16.24,751.7,16.06,46.59
"2021-09-06 03:20:00",79334,12.77,16.23,751.6,15.22,51.61
"2021-09-06 03:25:00",79335,12.77,16.08,751.6,13.91,56.17
"2021-09-06 03:30:00",79336,12.77,15.87,751.5,13.83,56.31
"2021-09-06 03:35:00",79337,12.77,15.65,751.5,14.01,55.7
"2021-09-06 03:40:00",79338,12.76,15.46,751.5,13.85,56.76
"2021-09-06 03:45:00",79339,12.76,15.28,751.6,13.71,57.5
"2021-09-06 03:50:00",79340,12.76,15.11,751.6,13.5,57.91
"2021-09-06 03:55:00",79341,12.76,14.95,751.7,14.09,56.2
"2021-09-06 04:00:00",79342,12.75,14.83,751.7,14.02,56.19
"2021-09-06 04:05:00",79343,12.75,14.77,751.7,14.58,54.21
"2021-09-06 04:10:00",79344,12.74,14.72,751.7,14.91,53.1
"2021-09-06 04:15:00",79345,12.74,14.72,751.8,14.59,54.12
"2021-09-06 04:20:00",79346,12.74,14.73,751.7,15.16,52.4
"2021-09-06 04:25:00",79347,12.74,14.76,751.7,15.24,52.1
"2021-09-06 04:30:00",79348,12.73,14.77,751.8,14.03,56.67
"2021-09-06 04:35:00",79349,12.73,14.72,751.7,13.71,57.58
"2021-09-06 04:40:00",79350,12.73,14.64,751.7,13.51,58.36
"2021-09-06 04:45:00",79351,12.73,14.53,751.7,13,60.16
"2021-09-06 04:50:00",79352,12.72,14.35,751.8,12.87,60.79
"2021-09-06 04:55:00",79353,12.72,14.2,751.8,12.72,61.09
"2021-09-06 05:00:00",79354,12.72,14.05,751.8,12.99,60.04
"2021-09-06 05:05:00",79355,12.71,13.94,751.8,13,60.07
"2021-09-06 05:10:00",79356,12.71,13.84,751.9,13.08,59.73
"2021-09-06 05:15:00",79357,12.71,13.76,752,13.02,59.86
"2021-09-06 05:20:00",79358,12.7,13.68,752,12.91,60.23
"2021-09-06 05:25:00",79359,12.7,13.6,752,13.29,58.9
"2021-09-06 05:30:00",79360,12.69,13.54,752,13.23,59
"2021-09-06 05:35:00",79361,12.69,13.5,752,13.01,59.15
"2021-09-06 05:40:00",79362,12.68,13.45,752,13.3,57.97
"2021-09-06 05:45:00",79363,12.68,13.45,752,13.33,58.3
"2021-09-06 05:50:00",79364,12.67,13.42,752,13.12,60.38
"2021-09-06 05:55:00",79365,12.67,13.39,752,12.25,63.07
"2021-09-06 06:00:00",79366,12.66,13.3,752.1,11.71,65.36
"2021-09-06 06:05:00",79367,12.66,13.15,752.1,11.4,67.21
"2021-09-06 06:10:00",79368,12.66,13.01,752.1,12.1,63.25
"2021-09-06 06:15:00",79369,12.65,12.9,752.1,11.96,64.04
"2021-09-06 06:20:00",79370,12.65,12.81,752.1,11.93,63.66
"2021-09-06 06:25:00",79371,12.65,12.79,752.2,12.05,63.18
"2021-09-06 06:30:00",79372,12.65,12.73,752.2,11.97,63.66
"2021-09-06 06:35:00",79373,12.66,12.67,752.3,12.18,63.4
"2021-09-06 06:40:00",79374,12.68,12.68,752.3,12.18,63.38
"2021-09-06 06:45:00",79375,12.78,12.74,752.3,12.34,62.82
"2021-09-06 06:50:00",79376,12.96,12.91,752.3,13.1,60.12
"2021-09-06 06:55:00",79377,13.2,13.18,752.4,13.73,57.62
"2021-09-06 07:00:00",79378,13.46,13.54,752.5,14.5,55.02
"2021-09-06 07:05:00",79379,13.62,13.96,752.4,15.24,52.65
"2021-09-06 07:10:00",79380,13.72,14.48,752.5,15.88,50.68
"2021-09-06 07:15:00",79381,13.79,15.06,752.6,16.37,49.32
"2021-09-06 07:20:00",79382,13.86,15.71,752.7,16.77,48.31
"2021-09-06 07:25:00",79383,13.94,16.65,752.7,16.71,49.24
"2021-09-06 07:30:00",79384,13.78,18.15,752.8,15.61,53.6
"2021-09-06 07:35:00",79385,13.78,18.95,752.9,16.2,52.27
"2021-09-06 07:40:00",79386,13.75,19.6,752.9,17.19,48.8
"2021-09-06 07:45:00",79387,13.76,20.25,753,18.2,46.67
"2021-09-06 07:50:00",79388,13.73,20.89,753.1,18.22,46.33
"2021-09-06 07:55:00",79389,13.7,21.46,753.2,17.96,46.64
"2021-09-06 08:00:00",79390,13.7,21.94,753,17.72,47.21
"2021-09-06 08:05:00",79391,13.7,22.44,753,17.99,47.62
"2021-09-06 08:10:00",79392,13.68,22.91,753,18.53,46.24
"2021-09-06 08:15:00",79393,13.68,23.41,753.1,18.79,44.24
"2021-09-06 08:20:00",79394,13.68,23.91,753.1,18.98,43.37
"2021-09-06 08:25:00",79395,13.65,24.38,753.1,19.6,41.48
"2021-09-06 08:30:00",79396,13.65,24.89,753.1,19.16,42.75
"2021-09-06 08:35:00",79397,13.62,25.38,753.1,19.71,41.3
"2021-09-06 08:40:00",79398,13.63,25.82,753.1,20.74,38.56
"2021-09-06 08:45:00",79399,13.63,26.36,753.1,21.33,37.48
"2021-09-06 08:50:00",79400,13.6,26.85,753.1,20.95,38.03
"2021-09-06 08:55:00",79401,13.6,27.32,753,20.46,38.92
"2021-09-06 09:00:00",79402,13.6,27.74,753,20.72,36.69
"2021-09-06 09:05:00",79403,13.58,27.99,752.9,20.52,36.08
"2021-09-06 09:10:00",79404,13.58,28.23,752.9,20.47,35.62
"2021-09-06 09:15:00",79405,13.58,28.44,752.9,20.87,35.72
"2021-09-06 09:20:00",79406,13.58,28.71,752.9,20.95,35.54
"2021-09-06 09:25:00",79407,13.55,28.96,752.9,21.14,35.29
"2021-09-06 09:30:00",79408,13.56,29.19,752.9,21.06,35.25
"2021-09-06 09:35:00",79409,13.55,29.39,752.9,21.33,35.11
"2021-09-06 09:40:00",79410,13.55,29.61,753,21.66,34.74
"2021-09-06 09:45:00",79411,13.56,29.8,753,21.72,34.58
"2021-09-06 09:50:00",79412,13.56,30.02,753,22.42,33.36
"2021-09-06 09:55:00",79413,13.53,30.25,752.9,21.29,34.71
"2021-09-06 10:00:00",79414,13.53,30.39,752.9,22.19,34
"2021-09-06 10:05:00",79415,13.53,30.56,752.9,21.78,33.96
"2021-09-06 10:10:00",79416,13.53,30.71,752.9,22.28,32.65
"2021-09-06 10:15:00",79417,13.53,30.95,752.9,22.97,32.14
"2021-09-06 10:20:00",79418,13.51,31.25,752.8,23.15,31.12
"2021-09-06 10:25:00",79419,13.51,31.49,752.9,22.51,32.07
"2021-09-06 10:30:00",79420,13.51,31.65,752.8,23.4,29.53
"2021-09-06 10:35:00",79421,13.51,31.81,752.7,22.56,30.63
"2021-09-06 10:40:00",79422,13.51,31.9,752.6,23.01,27.77
"2021-09-06 10:45:00",79423,13.51,31.96,752.5,23.37,28.21
"2021-09-06 10:50:00",79424,13.51,32.04,752.4,23.23,28.33
"2021-09-06 10:55:00",79425,13.51,32,752.4,23.15,28.63
"2021-09-06 11:00:00",79426,13.51,32.02,752.3,23.67,27.62
"2021-09-06 11:05:00",79427,13.49,32.06,752.2,24.04,26.26
"2021-09-06 11:10:00",79428,13.49,32.21,752.1,24.04,24.24
"2021-09-06 11:15:00",79429,13.49,32.31,752,23.88,23.95
"2021-09-06 11:20:00",79430,13.49,32.4,751.9,24.18,24.59
"2021-09-06 11:25:00",79431,13.49,32.42,751.8,24.04,24.72
"2021-09-06 11:30:00",79432,13.49,32.45,751.8,24.59,24.62
"2021-09-06 11:35:00",79433,13.49,32.55,751.6,24.79,25.25
"2021-09-06 11:40:00",79434,13.49,32.63,751.5,24.27,25.9
"2021-09-06 11:45:00",79435,13.49,32.66,751.5,24.41,25.43
"2021-09-06 11:50:00",79436,13.49,32.69,751.4,25.82,22.64
"2021-09-06 11:55:00",79437,13.49,32.8,751.3,26,23.72
"2021-09-06 12:00:00",79438,13.5,32.96,751.2,25.49,24.27
"2021-09-06 12:05:00",79439,13.49,33.05,751.1,25.92,24.09
"2021-09-06 12:10:00",79440,13.47,33.14,751,25.77,24.5
"2021-09-06 12:15:00",79441,13.47,33.18,750.9,25.25,25.35
"2021-09-06 12:20:00",79442,13.47,33.21,750.9,25.86,24.12
"2021-09-06 12:25:00",79443,13.47,33.22,750.8,25.71,24.22
"2021-09-06 12:30:00",79444,13.47,33.18,750.8,25.1,25.14
"2021-09-06 12:35:00",79445,13.47,33.06,750.7,24.92,25.19
"2021-09-06 12:40:00",79446,13.47,32.88,750.6,24.88,25.57
"2021-09-06 12:45:00",79447,13.47,32.72,750.5,25.16,25.04
"2021-09-06 12:50:00",79448,13.47,32.6,750.4,24.85,25.73
"2021-09-06 12:55:00",79449,13.47,32.51,750.3,25.93,24.99
"2021-09-06 13:00:00",79450,13.47,32.54,750.2,26.22,24.08
"2021-09-06 13:05:00",79451,13.47,32.62,750.1,26.4,23.51
"2021-09-06 13:10:00",79452,13.47,32.69,750,25.72,24.22
"2021-09-06 13:15:00",79453,13.48,32.68,749.9,26.45,23.99
"2021-09-06 13:20:00",79454,13.48,32.64,749.8,26.23,26.79
"2021-09-06 13:25:00",79455,13.48,32.67,749.7,25.4,25.33
"2021-09-06 13:30:00",79456,13.47,32.6,749.6,25.59,26.44
"2021-09-06 13:35:00",79457,13.47,32.46,749.5,25.24,26.24
"2021-09-06 13:40:00",79458,13.48,32.27,749.4,25.49,26.91
"2021-09-06 13:45:00",79459,13.47,32.15,749.3,26.32,25.63
"2021-09-06 13:50:00",79460,13.48,32.13,749.2,25.76,26.42
"2021-09-06 13:55:00",79461,13.48,32.14,749,26.33,25.77
"2021-09-06 14:00:00",79462,13.48,32,749,25.36,26.52
"2021-09-06 14:05:00",79463,13.48,31.75,749,25.11,27.19
"2021-09-06 14:10:00",79464,13.48,31.42,748.8,25.6,26.75
"2021-09-06 14:15:00",79465,13.48,31.11,748.7,25.32,27.13
"2021-09-06 14:20:00",79466,13.48,30.83,748.7,24.74,27.91
"2021-09-06 14:25:00",79467,13.47,30.54,748.7,24.65,28.17
"2021-09-06 14:30:00",79468,13.47,30.31,748.7,25.47,25.78
"2021-09-06 14:35:00",79469,13.48,30.19,748.6,25.2,27.26
"2021-09-06 14:40:00",79470,13.48,30.11,748.5,25.38,27.28
"2021-09-06 14:45:00",79471,13.48,30.18,748.3,25.65,26.78
"2021-09-06 14:50:00",79472,13.48,30.39,748.2,25.92,25.95
"2021-09-06 14:55:00",79473,13.48,30.56,748.2,25.58,26.23
"2021-09-06 15:00:00",79474,13.48,30.56,748.1,25,27.04
"2021-09-06 15:05:00",79475,13.48,30.39,748.2,24.76,27.81
"2021-09-06 15:10:00",79476,13.48,30.23,748,25.34,27
"2021-09-06 15:15:00",79477,13.48,30.27,747.9,25.53,26.4
"2021-09-06 15:20:00",79478,13.48,30.52,747.8,26.28,25.49
"2021-09-06 15:25:00",79479,13.48,30.88,747.8,27.01,24.38
"2021-09-06 15:30:00",79480,13.48,31.29,747.7,26.05,24.65
"2021-09-06 15:35:00",79481,13.48,31.59,747.7,26.66,25.11
"2021-09-06 15:40:00",79482,13.48,31.91,747.7,26.84,24.12
"2021-09-06 15:45:00",79483,13.48,32.23,747.7,27.2,22.49
"2021-09-06 15:50:00",79484,13.48,32.56,747.6,26.64,23.52
"2021-09-06 15:55:00",79485,13.48,32.89,747.6,27.01,21.61
"2021-09-06 16:00:00",79486,13.48,33.09,747.6,26.64,23.59
"2021-09-06 16:05:00",79487,13.48,33.03,747.6,25.82,23.26
"2021-09-06 16:10:00",79488,13.48,32.61,747.5,25.91,22.85
"2021-09-06 16:15:00",79489,13.48,31.99,747.4,25.42,28.44
"2021-09-06 16:20:00",79490,13.48,31.44,747.2,25.06,24.89
"2021-09-06 16:25:00",79491,13.48,30.89,747.4,25.04,25.34
"2021-09-06 16:30:00",79492,13.48,30.41,747.4,24.57,29.45
"2021-09-06 16:35:00",79493,13.48,30.03,747.4,25.09,25.55
"2021-09-06 16:40:00",79494,13.48,29.81,747.4,24.57,30.13
"2021-09-06 16:45:00",79495,13.5,29.66,747.4,24.76,27.36
"2021-09-06 16:50:00",79496,13.5,29.57,747.4,24.95,26.73
"2021-09-06 16:55:00",79497,13.5,29.53,747.4,24.64,29.93
"2021-09-06 17:00:00",79498,13.5,29.44,747.3,24.66,29.83
"2021-09-06 17:05:00",79499,13.5,29.31,747.3,24.33,30.85
"2021-09-06 17:10:00",79500,13.5,29.09,747.4,23.7,31.67
"2021-09-06 17:15:00",79501,13.5,28.77,747.4,23.66,31.83
"2021-09-06 17:20:00",79502,13.53,28.43,747.3,23.37,32.64
"2021-09-06 17:25:00",79503,13.53,28.17,747.2,23.65,31.76
"2021-09-06 17:30:00",79504,13.6,27.4,747.3,23.35,32.37
"2021-09-06 17:35:00",79505,13.61,27.14,747.3,23.17,33.09
"2021-09-06 17:40:00",79506,13.6,26.88,747.1,23.22,32.7
"2021-09-06 17:45:00",79507,13.56,26.56,747.2,23.25,32.3
"2021-09-06 17:50:00",79508,13.3,26.05,747.2,23.25,31.56
"2021-09-06 17:55:00",79509,13.19,25.7,747.2,23.19,31.16
"2021-09-06 18:00:00",79510,13.15,25.42,747.1,23.03,31.88
"2021-09-06 18:05:00",79511,13.09,25.18,747.1,22.89,31.87
"2021-09-06 18:10:00",79512,13.05,24.92,747.1,22.76,32.19
"2021-09-06 18:15:00",79513,13.02,24.63,747.1,22.75,30.85
"2021-09-06 18:20:00",79514,12.99,24.39,747.2,22.72,30.78
"2021-09-06 18:25:00",79515,12.98,24.14,747.3,22.57,31.37
"2021-09-06 18:30:00",79516,12.97,23.9,747.4,22.8,31.39
"2021-09-06 18:35:00",79517,12.96,23.69,747.4,22.53,32.43
"2021-09-06 18:40:00",79518,12.96,23.51,747.5,22.46,32.56
"2021-09-06 18:45:00",79519,12.96,23.36,747.5,22.29,32.68
"2021-09-06 18:50:00",79520,12.95,23.2,747.5,22.2,33.27
"2021-09-06 18:55:00",79521,12.95,23.06,747.6,22.05,33.85
"2021-09-06 19:00:00",79522,12.95,22.91,747.6,21.89,34.14
"2021-09-06 19:05:00",79523,12.94,22.77,747.7,21.86,34.37
"2021-09-06 19:10:00",79524,12.94,22.62,747.8,21.79,34.43
"2021-09-06 19:15:00",79525,12.94,22.49,747.7,21.73,34.35
"2021-09-06 19:20:00",79526,12.93,22.39,747.8,21.55,34.11
"2021-09-06 19:25:00",79527,12.93,22.28,747.8,21.79,33.03
"2021-09-06 19:30:00",79528,12.93,22.19,747.9,21.68,33.42
"2021-09-06 19:35:00",79529,12.92,22.12,747.9,21.56,32.95
"2021-09-06 19:40:00",79530,12.92,22.04,747.9,21.46,33.24
"2021-09-06 19:45:00",79531,12.92,21.97,748,21.47,33.44
"2021-09-06 19:50:00",79532,12.92,21.93,748.1,21.37,34.12
"2021-09-06 19:55:00",79533,12.91,21.87,748.2,21.37,33.46
"2021-09-06 20:00:00",79534,12.91,21.8,748.2,21.38,33.13
"2021-09-06 20:05:00",79535,12.91,21.75,748.2,21.61,32.49
"2021-09-06 20:10:00",79536,12.91,21.71,748.4,21.47,32.8
"2021-09-06 20:15:00",79537,12.9,21.67,748.5,21.49,33.07
"2021-09-06 20:20:00",79538,12.9,21.63,748.6,21.19,33.91
"2021-09-06 20:25:00",79539,12.9,21.55,748.6,20.96,34.61
"2021-09-06 20:30:00",79540,12.9,21.43,748.7,20.55,35.66
"2021-09-06 20:35:00",79541,12.9,21.27,748.7,20.36,36.1
"2021-09-06 20:40:00",79542,12.9,21.07,748.8,20.26,36.52
"2021-09-06 20:45:00",79543,12.89,20.87,748.8,20.1,37.03
"2021-09-06 20:50:00",79544,12.89,20.7,748.8,19.5,38.75
"2021-09-06 20:55:00",79545,12.89,20.51,748.8,19.24,39.73
"2021-09-06 21:00:00",79546,12.89,20.32,748.9,19.13,39.91
"2021-09-06 21:05:00",79547,12.89,20.15,749,19.07,40.49
"2021-09-06 21:10:00",79548,12.89,19.97,749.1,18.45,42.54
"2021-09-06 21:15:00",79549,12.89,19.77,749.1,18.45,42.03
"2021-09-06 21:20:00",79550,12.88,19.57,749.2,18.51,41.97
"2021-09-06 21:25:00",79551,12.88,19.38,749.2,18.63,41.6
"2021-09-06 21:30:00",79552,12.88,19.22,749.3,18.67,41.79
"2021-09-06 21:35:00",79553,12.88,19.1,749.4,18.9,41.02
"2021-09-06 21:40:00",79554,12.88,18.99,749.4,18.51,42.1
"2021-09-06 21:45:00",79555,12.88,18.89,749.4,18.51,41.91
"2021-09-06 21:50:00",79556,12.87,18.79,749.4,18.97,40.35
"2021-09-06 21:55:00",79557,12.88,18.77,749.4,19,40.54
"2021-09-06 22:00:00",79558,12.87,18.9,749.4,18.86,40.72
"2021-09-06 22:05:00",79559,12.86,19.05,749.4,19.01,40.38
"2021-09-06 22:10:00",79560,12.86,19.1,749.4,19.03,40.42
"2021-09-06 22:15:00",79561,12.86,19.14,749.4,19.04,40.39
"2021-09-06 22:20:00",79562,12.86,19.14,749.4,18.94,40.73
"2021-09-06 22:25:00",79563,12.87,19.13,749.4,18.83,40.98
"2021-09-06 22:30:00",79564,12.87,19.12,749.4,19.03,40.42
"2021-09-06 22:35:00",79565,12.86,19.13,749.4,18.87,41.05
"2021-09-06 22:40:00",79566,12.86,19.12,749.4,18.65,41.57
"2021-09-06 22:45:00",79567,12.86,19.07,749.5,18.51,41.97
"2021-09-06 22:50:00",79568,12.86,19.01,749.5,18.36,42.53
"2021-09-06 22:55:00",79569,12.86,18.94,749.5,18.23,42.8
"2021-09-06 23:00:00",79570,12.86,18.84,749.4,18.14,43.21
"2021-09-06 23:05:00",79571,12.86,18.76,749.4,18.07,43.64
"2021-09-06 23:10:00",79572,12.86,18.67,749.4,17.94,43.95
"2021-09-06 23:15:00",79573,12.86,18.56,749.5,17.94,43.85
"2021-09-06 23:20:00",79574,12.85,18.47,749.5,17.8,44.25
"2021-09-06 23:25:00",79575,12.85,18.4,749.5,17.98,43.41
"2021-09-06 23:30:00",79576,12.85,18.33,749.6,17.92,43.47
"2021-09-06 23:35:00",79577,12.85,18.3,749.5,17.91,43.28
"2021-09-06 23:40:00",79578,12.85,18.25,749.5,17.8,43.61
"2021-09-06 23:45:00",79579,12.85,18.19,749.6,17.29,45.67
"2021-09-06 23:50:00",79580,12.84,18.06,749.5,16.78,48.09
"2021-09-06 23:55:00",79581,12.85,17.92,749.5,16.16,50.01
"2021-09-07 00:00:00",79582,12.84,17.76,749.6,16.22,49.64
"2021-09-07 00:05:00",79583,12.84,17.59,749.7,15.88,50.9
"2021-09-07 00:10:00",79584,12.84,17.41,749.7,15.99,50.26
"2021-09-07 00:15:00",79585,12.84,17.24,749.8,15.93,50.44
"2021-09-07 00:20:00",79586,12.84,16.97,749.7,15.82,49.15
"2021-09-07 00:25:00",79587,12.84,16.8,749.7,15.78,48.77
"2021-09-07 00:30:00",79588,12.83,16.69,749.7,15.78,48.34
"2021-09-07 00:35:00",79589,12.83,16.6,749.7,15.74,48.55
"2021-09-07 00:40:00",79590,12.83,16.5,749.6,15.6,48.94
"2021-09-07 00:45:00",79591,12.83,16.42,749.7,15.5,49.05
"2021-09-07 00:50:00",79592,12.83,16.32,749.6,15.45,49.1
"2021-09-07 00:55:00",79593,12.82,16.21,749.5,15.96,48.36
"2021-09-07 01:00:00",79594,12.82,16.15,749.5,16.08,47.31
"2021-09-07 01:05:00",79595,12.82,16.15,749.5,16.58,47.79
"2021-09-07 01:10:00",79596,12.82,16.16,749.5,15.78,48.93
"2021-09-07 01:15:00",79597,12.82,16.16,749.5,16.42,46.51
"2021-09-07 01:20:00",79598,12.82,16.18,749.4,16.41,46.67
"2021-09-07 01:25:00",79599,12.82,16.19,749.3,15.83,48.31
"2021-09-07 01:30:00",79600,12.81,16.16,749.2,15.52,49.36
"2021-09-07 01:35:00",79601,12.82,16.1,749.2,15.6,49.78
"2021-09-07 01:40:00",79602,12.81,16.05,749.2,16.04,47.87
"2021-09-07 01:45:00",79603,12.81,16.02,749.2,16.44,47.02
"2021-09-07 01:50:00",79604,12.81,16.03,749.1,16.09,48.32
"2021-09-07 01:55:00",79605,12.81,16.01,749,15.9,48.76
"2021-09-07 02:00:00",79606,12.81,15.94,749,15.72,49.92
"2021-09-07 02:05:00",79607,12.8,15.89,748.9,14.86,52.57
"2021-09-07 02:10:00",79608,12.8,15.81,748.9,14.91,51.93
"2021-09-07 02:15:00",79609,12.8,15.73,748.8,14.87,52.23
"2021-09-07 02:20:00",79610,12.8,15.65,748.8,15.22,51.27
"2021-09-07 02:25:00",79611,12.8,15.59,748.8,15.38,50.58
"2021-09-07 02:30:00",79612,12.79,15.54,748.8,14.99,52.5
"2021-09-07 02:35:00",79613,12.8,15.5,748.8,14.28,55.23
"2021-09-07 02:40:00",79614,12.79,15.43,748.7,14.55,54.21
"2021-09-07 02:45:00",79615,12.79,15.37,748.7,14.63,54.4
"2021-09-07 02:50:00",79616,12.79,15.29,748.7,14.01,56.31
"2021-09-07 02:55:00",79617,12.79,15.18,748.8,14.13,55.72
"2021-09-07 03:00:00",79618,12.79,15.07,748.8,14.31,54.81
"2021-09-07 03:05:00",79619,12.78,14.99,748.8,14.32,54.99
"2021-09-07 03:10:00",79620,12.78,14.92,748.8,13.9,54.78
"2021-09-07 03:15:00",79621,12.78,14.88,748.9,14.88,51.65
"2021-09-07 03:20:00",79622,12.77,14.86,748.9,13.17,58.31
"2021-09-07 03:25:00",79623,12.77,14.77,748.9,13.27,57.96
"2021-09-07 03:30:00",79624,12.77,14.65,748.9,13.14,58.33
"2021-09-07 03:35:00",79625,12.77,14.48,748.8,14.12,54.05
"2021-09-07 03:40:00",79626,12.76,14.37,748.8,14.05,54.38
"2021-09-07 03:45:00",79627,12.76,14.3,748.8,13.68,56.02
"2021-09-07 03:50:00",79628,12.76,14.24,748.7,13.73,56.08
"2021-09-07 03:55:00",79629,12.76,14.17,748.7,13.94,55.03
"2021-09-07 04:00:00",79630,12.76,14.12,748.6,13.46,57.72
"2021-09-07 04:05:00",79631,12.75,14.04,748.6,12.86,60.52
"2021-09-07 04:10:00",79632,12.75,13.94,748.6,12.9,59.34
"2021-09-07 04:15:00",79633,12.75,13.83,748.6,13.03,58.76
"2021-09-07 04:20:00",79634,12.75,13.71,748.6,13,59.12
"2021-09-07 04:25:00",79635,12.74,13.62,748.5,13.1,58.98
"2021-09-07 04:30:00",79636,12.74,13.54,748.5,13.32,58
"2021-09-07 04:35:00",79637,12.74,13.51,748.5,13.19,58.16
"2021-09-07 04:40:00",79638,12.73,13.48,748.5,12.88,58.71
"2021-09-07 04:45:00",79639,12.73,13.41,748.5,13.27,57.67
"2021-09-07 04:50:00",79640,12.73,13.37,748.6,12.86,59.72
"2021-09-07 04:55:00",79641,12.73,13.32,748.7,12.7,60.55
"2021-09-07 05:00:00",79642,12.72,13.28,748.7,12.5,61.17
"2021-09-07 05:05:00",79643,12.72,13.23,748.7,12.23,62.36
"2021-09-07 05:10:00",79644,12.72,13.15,748.8,11.99,63.34
"2021-09-07 05:15:00",79645,12.71,13.07,748.8,12.15,62.46
"2021-09-07 05:20:00",79646,12.71,12.97,748.8,12,63.46
"2021-09-07 05:25:00",79647,12.71,12.9,748.9,11.76,64.64
"2021-09-07 05:30:00",79648,12.7,12.82,749,11.81,64.62
"2021-09-07 05:35:00",79649,12.7,12.75,749,11.75,64.67
"2021-09-07 05:40:00",79650,12.7,12.68,749.1,11.7,64.55
"2021-09-07 05:45:00",79651,12.69,12.62,749.1,12.23,61.8
"2021-09-07 05:50:00",79652,12.69,12.61,749.2,12.17,61.76
"2021-09-07 05:55:00",79653,12.69,12.59,749.2,12.14,61.38
"2021-09-07 06:00:00",79654,12.68,12.58,749.3,11.98,62.11
"2021-09-07 06:05:00",79655,12.68,12.53,749.3,11.9,62.42
"2021-09-07 06:10:00",79656,12.68,12.47,749.2,11.55,64.23
"2021-09-07 06:15:00",79657,12.67,12.43,749.3,11.19,65.99
"2021-09-07 06:20:00",79658,12.67,12.4,749.4,11.29,65.69
"2021-09-07 06:25:00",79659,12.67,12.4,749.4,11.24,65.77
"2021-09-07 06:30:00",79660,12.67,12.34,749.4,11.16,65.7
"2021-09-07 06:35:00",79661,12.69,12.22,749.5,11.24,66.06
"2021-09-07 06:40:00",79662,12.72,12.12,749.6,11.22,66.54
"2021-09-07 06:45:00",79663,12.77,12.12,749.6,11.53,65.13
"2021-09-07 06:50:00",79664,12.83,12.17,749.6,11.65,64.63
"2021-09-07 06:55:00",79665,12.94,12.25,749.7,11.96,63.34
"2021-09-07 07:00:00",79666,13.45,12.63,749.8,12.57,60.94
"2021-09-07 07:05:00",79667,13.84,13.17,749.9,13.76,56.3
"2021-09-07 07:10:00",79668,13.94,13.86,750,14.69,53.71
"2021-09-07 07:15:00",79669,13.63,14.91,750.1,14.37,55.49
"2021-09-07 07:20:00",79670,13.87,14.95,750.1,14.7,55.57
"2021-09-07 07:25:00",79671,13.86,15.36,750.1,15.06,54.68
"2021-09-07 07:30:00",79672,13.82,16.99,750.1,16.01,51.66
"2021-09-07 07:35:00",79673,13.82,17.83,750.2,16.5,49.74
"2021-09-07 07:40:00",79674,13.79,18.56,750.3,16.67,49.7
"2021-09-07 07:45:00",79675,13.76,19.09,750.4,15.87,51.61
"2021-09-07 07:50:00",79676,13.76,19.56,750.4,15.34,56.36
"2021-09-07 07:55:00",79677,13.76,20.01,750.5,16.32,51.39
"2021-09-07 08:00:00",79678,13.73,20.42,750.5,16.62,50.19
"2021-09-07 08:05:00",79679,13.73,20.74,750.5,16.63,50.97
"2021-09-07 08:10:00",79680,13.73,21.01,750.6,16.23,52.09
"2021-09-07 08:15:00",79681,13.74,21.24,750.6,16.38,50.44
"2021-09-07 08:20:00",79682,13.71,21.4,750.7,16.4,51.43
"2021-09-07 08:25:00",79683,13.71,21.45,750.7,16.13,50.78
"2021-09-07 08:30:00",79684,13.71,21.54,750.7,16.64,46.98
"2021-09-07 08:35:00",79685,13.71,21.66,750.7,16.9,44.21
"2021-09-07 08:40:00",79686,13.71,21.82,750.7,17.32,43.75
"2021-09-07 08:45:00",79687,13.71,21.98,750.7,17.59,42.44
"2021-09-07 08:50:00",79688,13.71,22.13,750.8,17.68,41.52
"2021-09-07 08:55:00",79689,13.71,22.31,750.8,18.19,39.68
"2021-09-07 09:00:00",79690,13.71,22.53,750.9,18.27,40.4
"2021-09-07 09:05:00",79691,13.68,22.77,750.9,18.95,38.79
"2021-09-07 09:10:00",79692,13.69,23.09,750.8,19.24,38.82
"2021-09-07 09:15:00",79693,13.69,23.48,750.8,19.94,38.48
"2021-09-07 09:20:00",79694,13.66,23.91,750.8,20.44,37.65
"2021-09-07 09:25:00",79695,13.66,24.45,750.8,20.71,36.76
"2021-09-07 09:30:00",79696,13.63,25.11,750.8,21.13,36.57
"2021-09-07 09:35:00",79697,13.63,25.72,750.9,20.82,36.77
"2021-09-07 09:40:00",79698,13.61,26.26,750.9,20.84,35.26
"2021-09-07 09:45:00",79699,13.61,26.57,750.9,21.65,35.31
"2021-09-07 09:50:00",79700,13.61,26.9,750.9,20.58,36.52
"2021-09-07 09:55:00",79701,13.61,27.25,750.9,21.76,35.68
"2021-09-07 10:00:00",79702,13.59,27.77,750.9,21.77,35.75
"2021-09-07 10:05:00",79703,13.58,28.31,750.8,22.09,33.96
"2021-09-07 10:10:00",79704,13.56,28.85,750.8,21.99,34.51
"2021-09-07 10:15:00",79705,13.56,29.24,750.8,21.43,33.43
"2021-09-07 10:20:00",79706,13.56,29.54,750.7,22.83,30.99
"2021-09-07 10:25:00",79707,13.54,29.93,750.6,22.56,30.8
"2021-09-07 10:30:00",79708,13.53,30.29,750.6,22.7,30.31
"2021-09-07 10:35:00",79709,13.54,30.64,750.5,23.03,27.71
"2021-09-07 10:40:00",79710,13.51,30.94,750.4,22.8,28.7
"2021-09-07 10:45:00",79711,13.51,31.2,750.3,23.36,26.99
"2021-09-07 10:50:00",79712,13.51,31.46,750.2,23.7,25.31
"2021-09-07 10:55:00",79713,13.51,31.68,750.1,23.6,22.7
"2021-09-07 11:00:00",79714,13.51,31.83,750,23.77,24.22
"2021-09-07 11:05:00",79715,13.49,31.97,749.9,23.83,23.88
"2021-09-07 11:10:00",79716,13.49,32.07,749.8,23.61,27.14
"2021-09-07 11:15:00",79717,13.49,32.17,749.7,24.04,22.87
"2021-09-07 11:20:00",79718,13.49,32.3,749.6,23.99,22.31
"2021-09-07 11:25:00",79719,13.49,32.44,749.5,24.63,20.9
"2021-09-07 11:30:00",79720,13.49,32.61,749.4,24.97,23
"2021-09-07 11:35:00",79721,13.49,32.74,749.3,23.78,24.7
"2021-09-07 11:40:00",79722,13.49,32.69,749.3,24.84,21.75
"2021-09-07 11:45:00",79723,13.49,32.65,749.2,24.81,22.5
"2021-09-07 11:50:00",79724,13.49,32.66,749.1,24.61,22.08
"2021-09-07 11:55:00",79725,13.49,32.65,749,24.72,21.74
"2021-09-07 12:00:00",79726,13.49,32.65,748.9,26.06,20.92
"2021-09-07 12:05:00",79727,13.49,32.75,748.8,25.56,20.33
"2021-09-07 12:10:00",79728,13.49,32.88,748.7,25.92,20.29
"2021-09-07 12:15:00",79729,13.49,33,748.6,25.24,19.9
"2021-09-07 12:20:00",79730,13.47,33.05,748.5,26.44,18.64
"2021-09-07 12:25:00",79731,13.47,33.16,748.4,26.09,19.18
"2021-09-07 12:30:00",79732,13.47,33.28,748.3,27.37,17.43
"2021-09-07 12:35:00",79733,13.47,33.48,748.2,27.66,17.02
"2021-09-07 12:40:00",79734,13.47,33.69,748.1,26.75,18.63
"2021-09-07 12:45:00",79735,13.47,33.77,748,26.7,19.15
"2021-09-07 12:50:00",79736,13.47,33.77,747.9,26.78,18.45
"2021-09-07 12:55:00",79737,13.47,33.74,747.8,26.25,18.7
"2021-09-07 13:00:00",79738,13.47,33.65,747.7,26.68,19.15
"2021-09-07 13:05:00",79739,13.47,33.63,747.6,27.28,18.83
"2021-09-07 13:10:00",79740,13.47,33.65,747.5,27.34,18.27
"2021-09-07 13:15:00",79741,13.47,33.65,747.4,26.96,18.53
"2021-09-07 13:20:00",79742,13.47,33.56,747.4,26.27,18.7
"2021-09-07 13:25:00",79743,13.47,33.41,747.2,26.93,18.5
"2021-09-07 13:30:00",79744,13.47,33.34,747.1,27.55,19.34
"2021-09-07 13:35:00",79745,13.47,33.3,747,25.76,19.58
"2021-09-07 13:40:00",79746,13.47,33.12,747,26,19.67
"2021-09-07 13:45:00",79747,13.47,32.85,746.8,26.42,20.46
"2021-09-07 13:50:00",79748,13.47,32.53,746.8,25,21.48
"2021-09-07 13:55:00",79749,13.48,32.11,746.8,24.9,21.34
"2021-09-07 14:00:00",79750,13.48,31.7,746.7,25.08,21.28
"2021-09-07 14:05:00",79751,13.47,31.31,746.6,24.81,22.23
"2021-09-07 14:10:00",79752,13.47,30.98,746.5,25.1,21.9
"2021-09-07 14:15:00",79753,13.47,30.67,746.4,24.95,22.03
"2021-09-07 14:20:00",79754,13.48,30.42,746.3,25.16,21.84
"2021-09-07 14:25:00",79755,13.48,30.22,746.3,25,22.79
"2021-09-07 14:30:00",79756,13.48,30.07,746.2,25.01,22.24
"2021-09-07 14:35:00",79757,13.48,29.95,746.1,25.22,22.67
"2021-09-07 14:40:00",79758,13.48,29.92,746.1,25.16,22.53
"2021-09-07 14:45:00",79759,13.47,29.9,746,25.06,22.66
"2021-09-07 14:50:00",79760,13.47,29.89,745.9,25.5,23.07
"2021-09-07 14:55:00",79761,13.48,29.87,745.9,25.24,22.67
"2021-09-07 15:00:00",79762,13.47,29.84,745.8,24.95,22.69
"2021-09-07 15:05:00",79763,13.47,29.75,745.8,25.33,22.47
"2021-09-07 15:10:00",79764,13.48,29.71,745.8,25.28,23.71
"2021-09-07 15:15:00",79765,13.48,29.66,745.8,24.95,25.47
"2021-09-07 15:20:00",79766,13.48,29.6,745.7,24.63,28.37
"2021-09-07 15:25:00",79767,13.48,29.51,745.6,24.7,29.39
"2021-09-07 15:30:00",79768,13.5,29.45,745.6,24.81,28.66
"2021-09-07 15:35:00",79769,13.5,29.38,745.6,24.42,30.45
"2021-09-07 15:40:00",79770,13.5,29.24,745.5,24.39,30.72
"2021-09-07 15:45:00",79771,13.5,29.13,745.4,24.45,30.05
"2021-09-07 15:50:00",79772,13.5,29,745.5,24.46,29.61
"2021-09-07 15:55:00",79773,13.5,28.78,745.4,24.52,29.58
"2021-09-07 16:00:00",79774,13.5,28.66,745.4,24.65,29.29
"2021-09-07 16:05:00",79775,13.5,28.59,745.3,24.35,30.58
"2021-09-07 16:10:00",79776,13.5,28.53,745.2,24.47,30.59
"2021-09-07 16:15:00",79777,13.5,28.46,745.2,24.23,31.11
"2021-09-07 16:20:00",79778,13.5,28.38,745.2,24.29,30.37
"2021-09-07 16:25:00",79779,13.5,28.31,745.2,24.42,29.98
"2021-09-07 16:30:00",79780,13.53,28.25,745.2,24.38,32.13
"2021-09-07 16:35:00",79781,13.53,28.2,745.2,23.83,33.42
"2021-09-07 16:40:00",79782,13.53,28.11,745.3,23.77,33.21
"2021-09-07 16:45:00",79783,13.53,28.01,745.4,23.83,32.69
"2021-09-07 16:50:00",79784,13.53,27.95,745.4,23.99,30.69
"2021-09-07 16:55:00",79785,13.53,27.87,745.4,23.74,33.61
"2021-09-07 17:00:00",79786,13.53,27.72,745.4,23.83,31.08
"2021-09-07 17:05:00",79787,13.49,27.08,745.5,24.05,29.41
"2021-09-07 17:10:00",79788,13.36,26.64,745.6,23.77,30.13
"2021-09-07 17:15:00",79789,13.35,26.38,745.8,23.32,33.44
"2021-09-07 17:20:00",79790,13.63,26.26,745.9,23.66,30.66
"2021-09-07 17:25:00",79791,13.63,26.37,746,23.46,33.72
"2021-09-07 17:30:00",79792,13.65,26.36,746,23.25,30.15
"2021-09-07 17:35:00",79793,13.6,26.41,746.1,23.33,29.69
"2021-09-07 17:40:00",79794,13.61,26.63,746,23.23,30.69
"2021-09-07 17:45:00",79795,13.35,26.19,746,22.99,31.14
"2021-09-07 17:50:00",79796,13.16,25.76,746,22.67,31.71
"2021-09-07 17:55:00",79797,13.1,25.46,746.3,22.65,32.11
"2021-09-07 18:00:00",79798,13.06,25.23,746.1,22.48,32.96
"2021-09-07 18:05:00",79799,13.03,25.02,746.4,22.35,33.38
"2021-09-07 18:10:00",79800,13.02,25,746.3,22.31,33.41
"2021-09-07 18:15:00",79801,12.99,24.6,746.2,22.16,32.54
"2021-09-07 18:20:00",79802,12.97,24.42,746.3,22.18,32.77
"2021-09-07 18:25:00",79803,12.97,24.21,746.4,21.96,33.51
"2021-09-07 18:30:00",79804,12.96,23.98,746.4,21.58,34.51
"2021-09-07 18:35:00",79805,12.96,23.75,746.4,22.15,32.87
"2021-09-07 18:40:00",79806,12.96,23.57,746.4,22.06,32.86
"2021-09-07 18:45:00",79807,12.96,23.43,746.4,22.17,32.73
"2021-09-07 18:50:00",79808,12.95,23.28,746.5,22,33.15
"2021-09-07 18:55:00",79809,12.95,23.17,746.5,21.85,33.3
"2021-09-07 19:00:00",79810,12.95,23.04,746.5,21.65,33.69
"2021-09-07 19:05:00",79811,12.95,22.83,746.5,21.74,33.43
"2021-09-07 19:10:00",79812,12.94,22.75,746.6,21.67,33.59
"2021-09-07 19:15:00",79813,12.94,22.7,746.7,21.57,33.71
"2021-09-07 19:20:00",79814,12.94,22.65,746.7,21.31,34.38
"2021-09-07 19:25:00",79815,12.94,22.58,746.7,21.47,33.8
"2021-09-07 19:30:00",79816,12.93,22.51,746.7,21.41,33.89
"2021-09-07 19:35:00",79817,12.93,22.44,746.7,21.32,34.05
"2021-09-07 19:40:00",79818,12.93,22.35,746.8,21.19,35.49
"2021-09-07 19:45:00",79819,12.92,22.23,747,20.88,36.32
"2021-09-07 19:50:00",79820,12.92,22.12,747.2,20.96,36
"2021-09-07 19:55:00",79821,12.92,22.02,747.3,21.19,35.23
"2021-09-07 20:00:00",79822,12.92,21.93,747.4,21.3,34.21
"2021-09-07 20:05:00",79823,12.92,21.88,747.5,21.22,34.5
"2021-09-07 20:10:00",79824,12.91,21.82,747.5,21.11,34.59
"2021-09-07 20:15:00",79825,12.91,21.75,747.6,21.1,35.35
"2021-09-07 20:20:00",79826,12.91,21.69,747.6,21.13,35.02
"2021-09-07 20:25:00",79827,12.91,21.63,747.7,20.31,38.06
"2021-09-07 20:30:00",79828,12.91,21.52,747.7,20,38.84
"2021-09-07 20:35:00",79829,12.91,21.39,747.7,20.2,37.92
"2021-09-07 20:40:00",79830,12.9,21.29,747.8,20.03,38.91
"2021-09-07 20:45:00",79831,12.9,21.19,747.9,19.62,39.9
"2021-09-07 20:50:00",79832,12.9,21.08,748.2,19.49,40.24
"2021-09-07 20:55:00",79833,12.9,20.95,748.2,19.68,39.97
"2021-09-07 21:00:00",79834,12.9,20.81,748.4,19.26,41.35
"2021-09-07 21:05:00",79835,12.9,20.69,748.4,19.14,41.53
"2021-09-07 21:10:00",79836,12.89,20.57,748.5,19.06,41.9
"2021-09-07 21:15:00",79837,12.89,20.47,748.6,18.96,42.18
"2021-09-07 21:20:00",79838,12.89,20.36,748.7,18.98,42.41
"2021-09-07 21:25:00",79839,12.89,20.25,748.8,18.79,42.58
"2021-09-07 21:30:00",79840,12.89,20.14,748.9,19.03,41.77
"2021-09-07 21:35:00",79841,12.88,20.04,749,19.14,41.46
"2021-09-07 21:40:00",79842,12.88,19.96,749,19.42,40.91
"2021-09-07 21:45:00",79843,12.88,19.92,749.1,19.36,41.13
"2021-09-07 21:50:00",79844,12.88,19.91,749.1,19.17,41.34
"2021-09-07 21:55:00",79845,12.88,19.91,749.2,18.98,41.96
"2021-09-07 22:00:00",79846,12.87,19.87,749.3,18.71,42.89
"2021-09-07 22:05:00",79847,12.87,19.81,749.4,18.47,43.79
"2021-09-07 22:10:00",79848,12.88,19.69,749.4,18.35,44.12
"2021-09-07 22:15:00",79849,12.88,19.56,749.6,18.29,44.56
"2021-09-07 22:20:00",79850,12.88,19.48,749.6,18.13,45.21
"2021-09-07 22:25:00",79851,12.88,19.41,749.7,18.18,45.12
"2021-09-07 22:30:00",79852,12.87,19.34,749.7,18.46,44.04
"2021-09-07 22:35:00",79853,12.87,19.29,749.8,18.5,43.89
"2021-09-07 22:40:00",79854,12.87,19.27,749.8,18.51,43.95
"2021-09-07 22:45:00",79855,12.87,19.27,749.8,18.46,44.2
"2021-09-07 22:50:00",79856,12.87,19.28,749.8,18.37,44.6
"2021-09-07 22:55:00",79857,12.87,19.28,749.8,18.29,44.85
"2021-09-07 23:00:00",79858,12.87,19.27,749.9,18.54,44.46
"2021-09-07 23:05:00",79859,12.86,19.23,750,18.19,45.82
"2021-09-07 23:10:00",79860,12.86,19.19,750,18.06,45.96
"2021-09-07 23:15:00",79861,12.86,19.12,750,18.22,45.47
"2021-09-07 23:20:00",79862,12.86,19.07,749.9,18.27,45.38
"2021-09-07 23:25:00",79863,12.86,19.04,749.9,18.31,45.04
"2021-09-07 23:30:00",79864,12.86,19.02,749.9,18.39,44.67
"2021-09-07 23:35:00",79865,12.86,19.04,749.9,18.34,44.7
"2021-09-07 23:40:00",79866,12.85,19.05,749.8,18.34,44.7
"2021-09-07 23:45:00",79867,12.85,19.06,749.9,18.39,44.64
"2021-09-07 23:50:00",79868,12.85,19.07,749.9,18.17,45.72
"2021-09-07 23:55:00",79869,12.85,19.06,749.8,17.51,48.44
"2021-09-08 00:00:00",79870,12.85,18.9,749.8,17.1,49.57
"2021-09-08 00:05:00",79871,12.85,18.75,749.8,16.98,49.12
"2021-09-08 00:10:00",79872,12.85,18.59,749.7,17.25,48.12
"2021-09-08 00:15:00",79873,12.85,18.47,749.8,17.03,49.78
"2021-09-08 00:20:00",79874,12.84,18.35,749.7,16.91,49.33
"2021-09-08 00:25:00",79875,12.84,18.24,749.7,16.86,49.45
"2021-09-08 00:30:00",79876,12.84,18.15,749.7,16.91,49.17
"2021-09-08 00:35:00",79877,12.84,18.06,749.6,16.79,49.19
"2021-09-08 00:40:00",79878,12.84,17.98,749.5,16.72,49.86
"2021-09-08 00:45:00",79879,12.83,17.88,749.5,16.38,50.78
"2021-09-08 00:50:00",79880,12.83,17.78,749.5,16.4,50.5
"2021-09-08 00:55:00",79881,12.83,17.66,749.4,16.4,50.41
"2021-09-08 01:00:00",79882,12.83,17.56,749.3,16.58,50
"2021-09-08 01:05:00",79883,12.83,17.4,749.3,16.56,50.28
"2021-09-08 01:10:00",79884,12.83,17.19,749.2,16.71,50.08
"2021-09-08 01:15:00",79885,12.83,16.97,749,16.72,49.86
"2021-09-08 01:20:00",79886,12.82,16.85,749,16.53,50.43
"2021-09-08 01:25:00",79887,12.82,16.74,748.9,16.14,51.49
"2021-09-08 01:30:00",79888,12.82,16.62,748.9,15.98,52.7
"2021-09-08 01:35:00",79889,12.82,16.5,748.8,15.73,54.01
"2021-09-08 01:40:00",79890,12.81,16.36,748.8,15.87,53.36
"2021-09-08 01:45:00",79891,12.81,16.24,748.7,15.99,52.33
"2021-09-08 01:50:00",79892,12.81,16.14,748.7,16.03,52.58
"2021-09-08 01:55:00",79893,12.81,16.05,748.7,15.84,53.29
"2021-09-08 02:00:00",79894,12.8,15.95,748.7,15.55,54.08
"2021-09-08 02:05:00",79895,12.8,15.85,748.7,15.54,54.66
"2021-09-08 02:10:00",79896,12.8,15.76,748.6,15.35,55.63
"2021-09-08 02:15:00",79897,12.79,15.66,748.6,14.98,55.09
"2021-09-08 02:20:00",79898,12.79,15.54,748.5,15.04,55.89
"2021-09-08 02:25:00",79899,12.79,15.45,748.5,15.65,53.51
"2021-09-08 02:30:00",79900,12.79,15.42,748.5,15.5,53.73
"2021-09-08 02:35:00",79901,12.79,15.42,748.5,15.4,54.48
"2021-09-08 02:40:00",79902,12.78,15.36,748.4,15.32,54.53
"2021-09-08 02:45:00",79903,12.78,15.33,748.4,15.24,54.19
"2021-09-08 02:50:00",79904,12.78,15.27,748.3,15.14,54.35
"2021-09-08 02:55:00",79905,12.78,15.18,748.3,15.13,54.32
"2021-09-08 03:00:00",79906,12.77,15.12,748.2,14.99,54.64
"2021-09-08 03:05:00",79907,12.77,15.04,748.2,14.8,55.06
"2021-09-08 03:10:00",79908,12.77,14.96,748.1,14.62,55.25
"2021-09-08 03:15:00",79909,12.77,14.89,748.1,14.49,55.59
"2021-09-08 03:20:00",79910,12.76,14.81,748.1,14.25,56.65
"2021-09-08 03:25:00",79911,12.76,14.71,748.1,14.3,57.05
"2021-09-08 03:30:00",79912,12.76,14.62,748.1,14.23,57.51
"2021-09-08 03:35:00",79913,12.76,14.53,748.2,13.99,59.16
"2021-09-08 03:40:00",79914,12.75,14.46,748.2,14.07,58.6
"2021-09-08 03:45:00",79915,12.76,14.38,748.1,13.83,59.52
"2021-09-08 03:50:00",79916,12.75,14.28,748.1,13.71,59.2
"2021-09-08 03:55:00",79917,12.75,14.2,748.1,13.77,57.77
"2021-09-08 04:00:00",79918,12.75,14.13,748.1,13.91,56.26
"2021-09-08 04:05:00",79919,12.75,14.07,748.1,14.09,55.47
"2021-09-08 04:10:00",79920,12.75,14.02,748.1,14.05,57.67
"2021-09-08 04:15:00",79921,12.74,14,748,13.93,57.02
"2021-09-08 04:20:00",79922,12.74,13.95,748,13.91,57.16
"2021-09-08 04:25:00",79923,12.74,13.92,748.1,13.57,60.34
"2021-09-08 04:30:00",79924,12.74,13.88,748,13.54,59.62
"2021-09-08 04:35:00",79925,12.74,13.83,748.1,13.41,60.43
"2021-09-08 04:40:00",79926,12.74,13.76,748.2,13.33,60.36
"2021-09-08 04:45:00",79927,12.74,13.7,748.1,13.25,60.38
"2021-09-08 04:50:00",79928,12.73,13.66,748.2,13.1,60.05
"2021-09-08 04:55:00",79929,12.73,13.57,748.2,13.02,60.04
"2021-09-08 05:00:00",79930,12.73,13.51,748.3,13.18,59.62
"2021-09-08 05:05:00",79931,12.73,13.43,748.3,13.17,59.74
"2021-09-08 05:10:00",79932,12.72,13.39,748.4,13.51,58.36
"2021-09-08 05:15:00",79933,12.72,13.39,748.5,13.62,57.96
"2021-09-08 05:20:00",79934,12.72,13.42,748.6,13.59,57.78
"2021-09-08 05:25:00",79935,12.71,13.44,748.7,13.47,58.27
"2021-09-08 05:30:00",79936,12.71,13.45,748.7,13.48,58.42
"2021-09-08 05:35:00",79937,12.71,13.47,748.7,13.3,58.24
"2021-09-08 05:40:00",79938,12.71,13.46,748.8,13.4,57.54
"2021-09-08 05:45:00",79939,12.7,13.46,748.8,13.42,57.3
"2021-09-08 05:50:00",79940,12.7,13.45,748.9,13.41,57.72
"2021-09-08 05:55:00",79941,12.7,13.44,748.9,13.38,59.65
"2021-09-08 06:00:00",79942,12.69,13.43,749.1,13.1,61.09
"2021-09-08 06:05:00",79943,12.69,13.42,749.2,13.04,61.2
"2021-09-08 06:10:00",79944,12.69,13.36,749.2,12.82,62.2
"2021-09-08 06:15:00",79945,12.68,13.31,749.3,13.06,60.26
"2021-09-08 06:20:00",79946,12.68,13.33,749.4,13.27,59.07
"2021-09-08 06:25:00",79947,12.67,13.59,749.5,13.25,59.18
"2021-09-08 06:30:00",79948,12.67,13.71,749.6,13.21,59.15
"2021-09-08 06:35:00",79949,12.68,13.77,749.7,13.2,59.27
"2021-09-08 06:40:00",79950,12.69,13.77,749.7,13.06,59.72
"2021-09-08 06:45:00",79951,12.7,13.78,749.8,13.12,59.43
"2021-09-08 06:50:00",79952,12.73,13.8,749.9,13.01,60.13
"2021-09-08 06:55:00",79953,12.76,13.82,750,13.06,60.02
"2021-09-08 07:00:00",79954,12.82,13.86,750,12.66,62.29
"2021-09-08 07:05:00",79955,12.94,13.91,750.1,12.88,61.53
"2021-09-08 07:10:00",79956,13.06,13.99,750.1,13.17,61.31
"2021-09-08 07:15:00",79957,13.13,14.06,750.2,13.14,61.54
"2021-09-08 07:20:00",79958,13.22,14.14,750.3,13.26,60.46
"2021-09-08 07:25:00",79959,13.41,14.34,750.3,13.63,59.07
"2021-09-08 07:30:00",79960,13.52,14.58,750.4,13.81,59.61
"2021-09-08 07:35:00",79961,13.53,14.77,750.4,14.26,58.57
"2021-09-08 07:40:00",79962,13.59,15.01,750.5,14.61,58.03
"2021-09-08 07:45:00",79963,13.84,16.31,750.5,14.87,55.83
"2021-09-08 07:50:00",79964,13.82,17.43,750.6,15.47,54.71
"2021-09-08 07:55:00",79965,13.79,17.9,750.6,15.92,53.3
"2021-09-08 08:00:00",79966,13.78,18.75,750.7,16.18,51.53
"2021-09-08 08:05:00",79967,13.76,19.5,750.8,17.42,47.74
"2021-09-08 08:10:00",79968,13.76,20.25,750.9,18.51,45.03
"2021-09-08 08:15:00",79969,13.73,21.06,750.8,18.55,45.8
"2021-09-08 08:20:00",79970,13.7,21.82,750.9,19,45.98
"2021-09-08 08:25:00",79971,13.71,22.54,750.9,19.37,44.63
"2021-09-08 08:30:00",79972,13.68,23.22,751,19.72,42.88
"2021-09-08 08:35:00",79973,13.68,23.89,751,20.36,41.34
"2021-09-08 08:40:00",79974,13.65,24.5,751,20.69,39.99
"2021-09-08 08:45:00",79975,13.65,25.17,751,20.81,39.64
"2021-09-08 08:50:00",79976,13.62,25.8,751.1,19.84,41.93
"2021-09-08 08:55:00",79977,13.63,26.3,751.1,20.02,41.43
"2021-09-08 09:00:00",79978,13.6,26.7,751.1,20.42,40.38
"2021-09-08 09:05:00",79979,13.6,27.12,751.2,20.66,39.11
"2021-09-08 09:10:00",79980,13.6,27.52,751.2,20.82,38.96
"2021-09-08 09:15:00",79981,13.57,27.95,751.1,21.01,38.43
"2021-09-08 09:20:00",79982,13.57,28.33,751.1,20.17,40.54
"2021-09-08 09:25:00",79983,13.58,28.66,751.1,20.8,39.28
"2021-09-08 09:30:00",79984,13.55,29.03,751.2,21.17,38.6
"2021-09-08 09:35:00",79985,13.55,29.32,751.2,20.94,38.65
"2021-09-08 09:40:00",79986,13.55,29.61,751.3,22.17,35.98
"2021-09-08 09:45:00",79987,13.55,29.95,751.3,22.6,34.3
"2021-09-08 09:50:00",79988,13.53,30.18,751.2,22.08,34.06
"2021-09-08 09:55:00",79989,13.53,30.14,751.2,21.94,35.63
"2021-09-08 10:00:00",79990,13.53,30.19,751.1,23.4,33.25
"2021-09-08 10:05:00",79991,13.53,30.47,751.1,23.25,32.36
"2021-09-08 10:10:00",79992,13.53,30.8,751,21.65,34.31
"2021-09-08 10:15:00",79993,13.53,30.99,751,22.85,32.93
"2021-09-08 10:20:00",79994,13.53,31.09,751,22.19,33.04
"2021-09-08 10:25:00",79995,13.53,31.13,750.9,23.2,31.09
"2021-09-08 10:30:00",79996,13.51,31.37,750.9,24.11,29.65
"2021-09-08 10:35:00",79997,13.51,31.7,750.8,23.96,29.61
"2021-09-08 10:40:00",79998,13.51,32.1,750.7,24.21,30.2
"2021-09-08 10:45:00",79999,13.49,32.48,750.7,23.57,30.45
"2021-09-08 10:50:00",80000,13.49,32.71,750.6,24.54,29.01
"2021-09-08 10:55:00",80001,13.49,33.04,750.5,25.47,28.1
"2021-09-08 11:00:00",80002,13.49,33.44,750.5,24.79,28.86
"2021-09-08 11:05:00",80003,13.46,33.68,750.5,24.24,29.73
"2021-09-08 11:10:00",80004,13.46,33.75,750.4,23.78,30.47
"2021-09-08 11:15:00",80005,13.46,33.66,750.4,23.91,30.17
"2021-09-08 11:20:00",80006,13.46,33.57,750.3,24.79,28.79
"2021-09-08 11:25:00",80007,13.46,33.54,750.2,24.7,28.72
"2021-09-08 11:30:00",80008,13.46,33.47,750.1,25.29,28.43
"2021-09-08 11:35:00",80009,13.46,33.42,750,24.68,29.12
"2021-09-08 11:40:00",80010,13.46,33.35,749.9,25.54,28.68
"2021-09-08 11:45:00",80011,13.46,33.44,749.9,25,29.01
"2021-09-08 11:50:00",80012,13.46,33.41,749.8,24.08,29.88
"2021-09-08 11:55:00",80013,13.46,33.39,749.7,25.16,29.03
"2021-09-08 12:00:00",80014,13.47,33.46,749.6,25.46,28.84
"2021-09-08 12:05:00",80015,13.47,33.63,749.5,25.06,29.69
"2021-09-08 12:10:00",80016,13.47,33.78,749.5,25.95,28.75
"2021-09-08 12:15:00",80017,13.47,33.97,749.4,25.97,28.04
"2021-09-08 12:20:00",80018,13.47,34.1,749.4,25.36,28.23
"2021-09-08 12:25:00",80019,13.47,34.1,749.3,25.62,27.98
"2021-09-08 12:30:00",80020,13.47,34.01,749.2,24.67,29.33
"2021-09-08 12:35:00",80021,13.47,33.73,749.2,23.73,31
"2021-09-08 12:40:00",80022,13.47,33.31,749.1,23.57,31.05
"2021-09-08 12:45:00",80023,13.47,32.8,749.1,23.8,30.94
"2021-09-08 12:50:00",80024,13.47,32.32,749,23.67,31.06
"2021-09-08 12:55:00",80025,13.47,31.93,748.9,23.61,30.86
"2021-09-08 13:00:00",80026,13.47,31.63,748.8,24.49,29.85
"2021-09-08 13:05:00",80027,13.47,31.44,748.7,24.07,30.56
"2021-09-08 13:10:00",80028,13.47,31.33,748.6,24.45,29.98
"2021-09-08 13:15:00",80029,13.47,31.25,748.6,24.11,32.01
"2021-09-08 13:20:00",80030,13.47,31.18,748.5,24.42,30.12
"2021-09-08 13:25:00",80031,13.47,31.12,748.4,23.81,30.5
"2021-09-08 13:30:00",80032,13.47,31.07,748.2,24.68,29.39
"2021-09-08 13:35:00",80033,13.47,31.18,748.1,25.56,28.79
"2021-09-08 13:40:00",80034,13.47,31.38,748.1,24.79,29.81
"2021-09-08 13:45:00",80035,13.47,31.57,748,25.51,28.99
"2021-09-08 13:50:00",80036,13.47,31.83,747.8,26.04,28.38
"2021-09-08 13:55:00",80037,13.47,32.21,747.7,26.02,27.97
"2021-09-08 14:00:00",80038,13.47,32.45,747.6,25.42,29.32
"2021-09-08 14:05:00",80039,13.48,32.54,747.6,24.93,29.62
"2021-09-08 14:10:00",80040,13.48,32.55,747.4,24.99,29.69
"2021-09-08 14:15:00",80041,13.47,32.61,747.2,26.05,28.59
"2021-09-08 14:20:00",80042,13.48,32.69,747.1,25.54,28.55
"2021-09-08 14:25:00",80043,13.48,32.75,747.1,25.72,28.94
"2021-09-08 14:30:00",80044,13.48,32.8,747,25.6,29.06
"2021-09-08 14:35:00",80045,13.48,32.7,747,25.15,28.89
"2021-09-08 14:40:00",80046,13.48,32.54,746.9,25.82,28.71
"2021-09-08 14:45:00",80047,13.48,32.46,746.8,25.7,28.19
"2021-09-08 14:50:00",80048,13.48,32.48,746.6,25.9,27.89
"2021-09-08 14:55:00",80049,13.48,32.62,746.5,26.07,27.33
"2021-09-08 15:00:00",80050,13.48,32.8,746.6,26.9,26.5
"2021-09-08 15:05:00",80051,13.48,33,746.5,26.24,27.34
"2021-09-08 15:10:00",80052,13.48,33.06,746.4,25.78,28.09
"2021-09-08 15:15:00",80053,13.48,32.94,746.4,26.03,28.35
"2021-09-08 15:20:00",80054,13.48,32.75,746.3,26.01,27.32
"2021-09-08 15:25:00",80055,13.48,32.56,746.2,25.29,28.36
"2021-09-08 15:30:00",80056,13.48,32.38,746.1,25.09,29.33
"2021-09-08 15:35:00",80057,13.48,32.04,746.1,25.34,28.97
"2021-09-08 15:40:00",80058,13.48,31.78,746.1,25.52,29.6
"2021-09-08 15:45:00",80059,13.48,31.55,746.1,24.95,27.92
"2021-09-08 15:50:00",80060,13.48,31.32,746.1,24.88,29.07
"2021-09-08 15:55:00",80061,13.48,31.11,746,24.99,28.4
"2021-09-08 16:00:00",80062,13.48,30.94,746,25.56,28.17
"2021-09-08 16:05:00",80063,13.48,30.85,746.1,24.97,28.33
"2021-09-08 16:10:00",80064,13.48,30.69,746.1,24.41,31.36
"2021-09-08 16:15:00",80065,13.48,30.49,746,24.24,31.88
"2021-09-08 16:20:00",80066,13.48,30.19,746,23.59,33.33
"2021-09-08 16:25:00",80067,13.48,29.9,746,24.05,32.17
"2021-09-08 16:30:00",80068,13.48,29.74,746,24.32,32.23
"2021-09-08 16:35:00",80069,13.47,29.66,745.8,24.08,32.74
"2021-09-08 16:40:00",80070,13.5,29.6,745.7,23.5,34.12
"2021-09-08 16:45:00",80071,13.5,29.53,745.8,23.31,34.57
"2021-09-08 16:50:00",80072,13.49,29.39,745.9,23.51,33.52
"2021-09-08 16:55:00",80073,13.49,29.24,746,22.88,34.6
"2021-09-08 17:00:00",80074,13.5,29.05,745.9,22.92,34.93
"2021-09-08 17:05:00",80075,13.5,28.88,745.9,23.06,34.21
"2021-09-08 17:10:00",80076,13.49,28.72,746,23.62,32.73
"2021-09-08 17:15:00",80077,13.5,28.6,746.1,23.67,32.4
"2021-09-08 17:20:00",80078,13.5,28.5,746.1,23.37,33.24
"2021-09-08 17:25:00",80079,13.5,28.42,746.1,23.23,33.2
"2021-09-08 17:30:00",80080,13.5,28.28,746.5,23.39,31.91
"2021-09-08 17:35:00",80081,13.52,28.16,746.3,23.48,32.32
"2021-09-08 17:40:00",80082,13.52,28.05,746.4,23.4,32.41
"2021-09-08 17:45:00",80083,13.4,27.45,746.6,22.92,33.9
"2021-09-08 17:50:00",80084,13.25,26.87,746.7,22.19,35.36
"2021-09-08 17:55:00",80085,13.16,26.35,746.7,21.92,35.83
"2021-09-08 18:00:00",80086,13.11,25.88,746.7,21.9,35.69
"2021-09-08 18:05:00",80087,13.07,25.43,746.8,21.59,36.65
"2021-09-08 18:10:00",80088,13.03,25.04,747,21.43,36.63
"2021-09-08 18:15:00",80089,12.99,24.66,747,21.21,37.2
"2021-09-08 18:20:00",80090,12.97,24.32,747,21.21,37.07
"2021-09-08 18:25:00",80091,12.95,24.03,747.1,21.13,36.9
"2021-09-08 18:30:00",80092,12.94,23.72,747.2,21.13,36.83
"2021-09-08 18:35:00",80093,12.94,23.47,747.2,21.07,36.76
"2021-09-08 18:40:00",80094,12.94,23.27,747.2,20.93,37.14
"2021-09-08 18:45:00",80095,12.93,23.03,747.4,21.04,36.13
"2021-09-08 18:50:00",80096,12.93,22.85,747.4,21.04,36.56
"2021-09-08 18:55:00",80097,12.93,22.71,747.6,20.88,37.17
"2021-09-08 19:00:00",80098,12.92,22.59,747.7,20.85,36.97
"2021-09-08 19:05:00",80099,12.92,22.45,747.8,20.88,36.71
"2021-09-08 19:10:00",80100,12.92,22.33,748,20.75,36.83
"2021-09-08 19:15:00",80101,12.92,22.25,748.1,20.82,36.77
"2021-09-08 19:20:00",80102,12.91,22.18,748,20.94,36.52
"2021-09-08 19:25:00",80103,12.91,22.15,748.1,20.65,37.05
"2021-09-08 19:30:00",80104,12.91,22.09,748.2,20.42,37.97
"2021-09-08 19:35:00",80105,12.91,22.02,748.3,20.34,38.03
"2021-09-08 19:40:00",80106,12.91,21.95,748.3,20.5,37.46
"2021-09-08 19:45:00",80107,12.91,21.87,748.3,20.4,37.55
"2021-09-08 19:50:00",80108,12.91,21.8,748.3,20.64,36.36
"2021-09-08 19:55:00",80109,12.91,21.76,748.4,20.54,36.48
"2021-09-08 20:00:00",80110,12.91,21.72,748.3,20.71,35.77
"2021-09-08 20:05:00",80111,12.9,21.72,748.4,20.83,35.13
"2021-09-08 20:10:00",80112,12.9,21.71,748.5,20.75,35.35
"2021-09-08 20:15:00",80113,12.9,21.7,748.7,20.66,36.1
"2021-09-08 20:20:00",80114,12.9,21.65,748.7,20.52,36.21
"2021-09-08 20:25:00",80115,12.9,21.57,748.9,20.09,38.33
"2021-09-08 20:30:00",80116,12.9,21.47,749,19.65,40.23
"2021-09-08 20:35:00",80117,12.89,21.35,749.1,19.75,39.66
"2021-09-08 20:40:00",80118,12.89,21.2,749,19.81,38.79
"2021-09-08 20:45:00",80119,12.89,21.11,749,19.99,38.38
"2021-09-08 20:50:00",80120,12.89,21.01,749.1,19.91,38.7
"2021-09-08 20:55:00",80121,12.89,20.97,749.2,19.87,38.92
"2021-09-08 21:00:00",80122,12.89,20.92,749.2,19.82,39.15
"2021-09-08 21:05:00",80123,12.89,20.86,749.4,19.88,38.96
"2021-09-08 21:10:00",80124,12.88,20.82,749.5,19.67,39.78
"2021-09-08 21:15:00",80125,12.88,20.79,749.7,19.56,40.44
"2021-09-08 21:20:00",80126,12.88,20.74,749.7,19.34,40.87
"2021-09-08 21:25:00",80127,12.88,20.67,749.9,19.38,40.78
"2021-09-08 21:30:00",80128,12.88,20.61,750.1,19.13,41.53
"2021-09-08 21:35:00",80129,12.88,20.52,750.1,18.9,42.91
"2021-09-08 21:40:00",80130,12.87,20.39,750.1,18.71,43.66
"2021-09-08 21:45:00",80131,12.87,20.16,750.2,18.36,44.76
"2021-09-08 21:50:00",80132,12.87,19.96,750.3,18.27,45.48
"2021-09-08 21:55:00",80133,12.87,19.8,750.3,18.26,45.57
"2021-09-08 22:00:00",80134,12.87,19.65,750.2,18.26,45.7
"2021-09-08 22:05:00",80135,12.87,19.53,750.3,18.41,45.62
"2021-09-08 22:10:00",80136,12.86,19.43,750.4,18.62,44.47
"2021-09-08 22:15:00",80137,12.86,19.37,750.3,18.75,44.3
"2021-09-08 22:20:00",80138,12.86,19.35,750.4,18.45,45.22
"2021-09-08 22:25:00",80139,12.86,19.28,750.3,18.47,45.06
"2021-09-08 22:30:00",80140,12.86,19.23,750.4,18.17,45.88
"2021-09-08 22:35:00",80141,12.86,19.15,750.4,18.27,45.67
"2021-09-08 22:40:00",80142,12.86,19.09,750.5,18.57,44.56
"2021-09-08 22:45:00",80143,12.86,19.07,750.5,18.64,44.67
"2021-09-08 22:50:00",80144,12.86,19.05,750.5,18.17,46.42
"2021-09-08 22:55:00",80145,12.85,19.01,750.6,17.86,47.57
"2021-09-08 23:00:00",80146,12.85,18.94,750.5,17.65,48.58
"2021-09-08 23:05:00",80147,12.85,18.86,750.7,18.01,47.44
"2021-09-08 23:10:00",80148,12.85,18.81,750.7,17.99,47.75
"2021-09-08 23:15:00",80149,12.85,18.76,750.7,17.91,47.71
"2021-09-08 23:20:00",80150,12.85,18.73,750.7,17.85,47.86
"2021-09-08 23:25:00",80151,12.85,18.67,750.7,17.81,47.66
"2021-09-08 23:30:00",80152,12.84,18.6,750.8,17.9,47.49
"2021-09-08 23:35:00",80153,12.84,18.54,750.8,18.11,46.09
"2021-09-08 23:40:00",80154,12.84,18.46,750.8,18.05,46.18
"2021-09-08 23:45:00",80155,12.84,18.34,750.8,17.83,46.69
"2021-09-08 23:50:00",80156,12.84,18.23,750.8,17.62,47.39
"2021-09-08 23:55:00",80157,12.84,18.16,750.7,17.87,46.66
"2021-09-09 00:00:00",80158,12.84,18.12,750.6,17.93,45.85
"2021-09-09 00:05:00",80159,12.83,18.06,750.6,17.89,46.47
"2021-09-09 00:10:00",80160,12.83,18.01,750.6,17.81,46.37
"2021-09-09 00:15:00",80161,12.83,17.99,750.5,17.69,46.17
"2021-09-09 00:20:00",80162,12.83,17.97,750.4,17.53,47.56
"2021-09-09 00:25:00",80163,12.83,17.92,750.3,17.41,47.8
"2021-09-09 00:30:00",80164,12.83,17.87,750.3,17.17,48.27
"2021-09-09 00:35:00",80165,12.82,17.81,750.3,16.96,49.12
"2021-09-09 00:40:00",80166,12.82,17.74,750.4,16.91,49.42
"2021-09-09 00:45:00",80167,12.82,17.65,750.4,16.79,49.75
"2021-09-09 00:50:00",80168,12.82,17.57,750.3,16.53,51.48
"2021-09-09 00:55:00",80169,12.82,17.46,750.2,16.53,50.68
"2021-09-09 01:00:00",80170,12.82,17.31,750.2,16.21,51.78
"2021-09-09 01:05:00",80171,12.82,17.2,750.2,16.44,51.56
"2021-09-09 01:10:00",80172,12.81,17.11,750.2,16.12,52.84
"2021-09-09 01:15:00",80173,12.81,17.05,750.1,16.04,52.95
"2021-09-09 01:20:00",80174,12.81,16.98,750.1,16.18,52.02
"2021-09-09 01:25:00",80175,12.81,16.94,750.1,16.06,51.75
"2021-09-09 01:30:00",80176,12.81,16.89,750,16.14,51.55
"2021-09-09 01:35:00",80177,12.81,16.87,750,15.98,52.24
"2021-09-09 01:40:00",80178,12.8,16.81,750,16.09,51.73
"2021-09-09 01:45:00",80179,12.8,16.79,750,16.03,52
"2021-09-09 01:50:00",80180,12.8,16.73,750,15.79,52.79
"2021-09-09 01:55:00",80181,12.8,16.67,750,15.98,52.02
"2021-09-09 02:00:00",80182,12.79,16.62,750,16.26,50.24
"2021-09-09 02:05:00",80183,12.79,16.61,750,16.39,49.14
"2021-09-09 02:10:00",80184,12.79,16.63,750,16.44,48.74
"2021-09-09 02:15:00",80185,12.79,16.67,750,16.58,48.29
"2021-09-09 02:20:00",80186,12.79,16.72,749.9,16.61,48.17
"2021-09-09 02:25:00",80187,12.78,16.75,749.8,16.45,48.61
"2021-09-09 02:30:00",80188,12.78,16.78,749.8,16.28,49.15
"2021-09-09 02:35:00",80189,12.78,16.77,749.8,16.11,49.56
"2021-09-09 02:40:00",80190,12.78,16.73,749.8,16.06,49.99
"2021-09-09 02:45:00",80191,12.78,16.68,749.8,16.08,50.12
"2021-09-09 02:50:00",80192,12.78,16.63,749.8,15.9,50.93
"2021-09-09 02:55:00",80193,12.77,16.57,749.9,15.8,51.38
"2021-09-09 03:00:00",80194,12.77,16.5,749.9,15.79,51.44
"2021-09-09 03:05:00",80195,12.77,16.45,749.9,15.92,50.96
"2021-09-09 03:10:00",80196,12.77,16.42,749.9,15.85,50.96
"2021-09-09 03:15:00",80197,12.76,16.39,750,15.68,51.49
"2021-09-09 03:20:00",80198,12.76,16.36,750,15.64,51.64
"2021-09-09 03:25:00",80199,12.76,16.35,749.9,15.5,52.11
"2021-09-09 03:30:00",80200,12.75,16.32,749.9,15.4,52.74
"2021-09-09 03:35:00",80201,12.75,16.27,750,14.86,54.74
"2021-09-09 03:40:00",80202,12.75,16.16,750,14.61,55.67
"2021-09-09 03:45:00",80203,12.75,16.06,750,14.77,55.15
"2021-09-09 03:50:00",80204,12.74,15.95,750,14.76,55.39
"2021-09-09 03:55:00",80205,12.74,15.86,750,14.76,55.45
"2021-09-09 04:00:00",80206,12.75,15.74,749.9,14.82,55.46
"2021-09-09 04:05:00",80207,12.74,15.64,749.8,14.81,55.58
"2021-09-09 04:10:00",80208,12.74,15.59,749.8,14.82,55.67
"2021-09-09 04:15:00",80209,12.74,15.55,749.8,14.86,55.65
"2021-09-09 04:20:00",80210,12.73,15.54,749.8,14.81,56.07
"2021-09-09 04:25:00",80211,12.73,15.51,749.8,14.46,57.16
"2021-09-09 04:30:00",80212,12.73,15.47,749.9,14.1,58.63
"2021-09-09 04:35:00",80213,12.73,15.4,749.9,13.85,59.58
"2021-09-09 04:40:00",80214,12.72,15.32,749.8,13.82,59.63
"2021-09-09 04:45:00",80215,12.72,15.24,749.9,13.76,60.13
"2021-09-09 04:50:00",80216,12.72,15.16,750,13.72,60.33
"2021-09-09 04:55:00",80217,12.71,15.1,750,13.83,59.88
"2021-09-09 05:00:00",80218,12.71,15.04,750,14.02,58.68
"2021-09-09 05:05:00",80219,12.71,15.01,750.1,14.17,58.29
"2021-09-09 05:10:00",80220,12.7,15.01,750.1,14.35,57.78
"2021-09-09 05:15:00",80221,12.7,15.03,750.1,14.55,57.08
"2021-09-09 05:20:00",80222,12.7,15.06,750.1,14.68,57.01
"2021-09-09 05:25:00",80223,12.69,15.1,750.1,14.67,56.98
"2021-09-09 05:30:00",80224,12.69,15.13,750.2,14.7,57.17
"2021-09-09 05:35:00",80225,12.69,15.16,750.4,14.45,57.79
"2021-09-09 05:40:00",80226,12.68,15.18,750.4,14.53,57.71
"2021-09-09 05:45:00",80227,12.68,15.19,750.4,14.08,59.83
"2021-09-09 05:50:00",80228,12.68,15.18,750.4,13.72,60.98
"2021-09-09 05:55:00",80229,12.68,15.17,750.5,13.68,61.01
"2021-09-09 06:00:00",80230,12.67,15.08,750.5,13.77,60.46
"2021-09-09 06:05:00",80231,12.67,15.06,750.6,13.91,60.04
"2021-09-09 06:10:00",80232,12.67,15.06,750.7,14.13,58.64
"2021-09-09 06:15:00",80233,12.66,15.1,750.7,14.25,58.21
"2021-09-09 06:20:00",80234,12.66,15.16,750.8,14.39,57.78
"2021-09-09 06:25:00",80235,12.66,15.23,750.9,14.39,58.29
"2021-09-09 06:30:00",80236,12.66,15.31,750.9,13.93,62.29
"2021-09-09 06:35:00",80237,12.66,15.38,751,13.63,63.45
"2021-09-09 06:40:00",80238,12.66,15.43,751,13.56,63.17
"2021-09-09 06:45:00",80239,12.67,15.46,751.1,13.71,63.32
"2021-09-09 06:50:00",80240,12.68,15.48,751.1,13.88,61.16
"2021-09-09 06:55:00",80241,12.69,15.51,751.1,13.68,62.34
"2021-09-09 07:00:00",80242,12.7,15.51,751.2,13.65,62.63
"2021-09-09 07:05:00",80243,12.71,15.52,751.3,13.88,61.99
"2021-09-09 07:10:00",80244,12.73,15.46,751.3,14.17,60.56
"2021-09-09 07:15:00",80245,12.76,15.46,751.3,14.31,59.65
"2021-09-09 07:20:00",80246,12.82,15.55,751.4,14.28,60.25
"2021-09-09 07:25:00",80247,12.97,15.7,751.4,14.31,60.79
"2021-09-09 07:30:00",80248,13.18,15.89,751.4,14.51,59.48
"2021-09-09 07:35:00",80249,13.29,16.02,751.6,14.73,58.19
"2021-09-09 07:40:00",80250,13.36,16.16,751.5,14.72,60.7
"2021-09-09 07:45:00",80251,13.54,16.34,751.5,14.72,61.83
"2021-09-09 07:50:00",80252,13.75,16.81,751.5,15.4,58.78
"2021-09-09 07:55:00",80253,13.58,17.09,751.6,15.85,58.43
"2021-09-09 08:00:00",80254,13.41,17.11,751.8,15.9,57.87
"2021-09-09 08:05:00",80255,13.35,17.14,751.8,15.76,58.99
"2021-09-09 08:10:00",80256,13.38,17.29,751.7,15.44,59.48
"2021-09-09 08:15:00",80257,13.38,17.41,751.8,15.29,61.6
"2021-09-09 08:20:00",80258,13.33,17.46,751.8,15.2,62
"2021-09-09 08:25:00",80259,13.3,17.44,751.8,15.12,60.86
"2021-09-09 08:30:00",80260,13.28,17.43,751.9,15.24,58.63
"2021-09-09 08:35:00",80261,13.36,17.47,751.9,15.52,58.41
"2021-09-09 08:40:00",80262,13.56,17.7,752,15.94,56.72
"2021-09-09 08:45:00",80263,13.75,18.11,752,16.63,54.17
"2021-09-09 08:50:00",80264,13.75,19.14,751.9,17.16,52.4
"2021-09-09 08:55:00",80265,13.76,20.28,751.9,17.89,48.77
"2021-09-09 09:00:00",80266,13.73,21.14,751.9,19.74,43.94
"2021-09-09 09:05:00",80267,13.7,22.03,751.9,20,42.59
"2021-09-09 09:10:00",80268,13.68,22.9,752,19.64,43.19
"2021-09-09 09:15:00",80269,13.68,23.65,752,19.07,44.66
"2021-09-09 09:20:00",80270,13.65,24.26,752,19.31,44.37
"2021-09-09 09:25:00",80271,13.65,24.79,752,20.02,42.91
"2021-09-09 09:30:00",80272,13.62,25.31,751.9,19.18,44.8
"2021-09-09 09:35:00",80273,13.62,25.39,752,19.05,46.11
"2021-09-09 09:40:00",80274,13.62,25.57,752,19.72,45.12
"2021-09-09 09:45:00",80275,13.62,25.84,752,19.34,44.59
"2021-09-09 09:50:00",80276,13.62,26.06,751.8,19.74,44.22
"2021-09-09 09:55:00",80277,13.62,26.31,751.8,19.86,43.92
"2021-09-09 10:00:00",80278,13.6,26.62,751.7,19.8,43.66
"2021-09-09 10:05:00",80279,13.6,26.85,751.7,19.82,44.11
"2021-09-09 10:10:00",80280,13.6,26.98,751.8,19.96,43.64
"2021-09-09 10:15:00",80281,13.6,27.15,751.7,20.48,42.64
"2021-09-09 10:20:00",80282,13.6,27.34,751.6,20.31,43.69
"2021-09-09 10:25:00",80283,13.6,27.5,751.6,20.02,43.11
"2021-09-09 10:30:00",80284,13.6,27.6,751.6,20.56,42.52
"2021-09-09 10:35:00",80285,13.57,27.67,751.6,21.02,40.54
"2021-09-09 10:40:00",80286,13.57,27.75,751.5,20.8,41.58
"2021-09-09 10:45:00",80287,13.58,27.88,751.4,21.22,40.21
"2021-09-09 10:50:00",80288,13.58,28.11,751.4,21.88,38.74
"2021-09-09 10:55:00",80289,13.58,28.36,751.3,21.45,40.16
"2021-09-09 11:00:00",80290,13.58,28.57,751.3,21.14,40.62
"2021-09-09 11:05:00",80291,13.58,28.73,751.2,21.48,40.23
"2021-09-09 11:10:00",80292,13.58,28.8,751.1,21.14,40.91
"2021-09-09 11:15:00",80293,13.56,28.82,751.1,22.26,37.67
"2021-09-09 11:20:00",80294,13.55,28.87,751,22.33,37.84
"2021-09-09 11:25:00",80295,13.56,28.92,750.9,21.85,37.53
"2021-09-09 11:30:00",80296,13.55,28.85,750.9,21.74,38.5
"2021-09-09 11:35:00",80297,13.56,28.77,750.8,22.21,37.7
"2021-09-09 11:40:00",80298,13.56,28.76,750.8,21.87,37.5
"2021-09-09 11:45:00",80299,13.56,28.8,750.7,23.1,35.71
"2021-09-09 11:50:00",80300,13.56,29.06,750.6,24.33,34.67
"2021-09-09 11:55:00",80301,13.56,29.4,750.6,23.16,35.35
"2021-09-09 12:00:00",80302,13.56,29.84,750.5,22.49,35.92
"2021-09-09 12:05:00",80303,13.53,30.29,750.4,23.12,35.35
"2021-09-09 12:10:00",80304,13.53,29.84,750.3,23.43,34.78
"2021-09-09 12:15:00",80305,13.53,29.7,750.2,22.99,35.27
"2021-09-09 12:20:00",80306,13.54,29.58,750.1,23.02,35.01
"2021-09-09 12:25:00",80307,13.54,29.53,750,23.32,34.57
"2021-09-09 12:30:00",80308,13.54,29.52,749.9,23.2,34.83
"2021-09-09 12:35:00",80309,13.54,29.53,749.8,22.78,35.58
"2021-09-09 12:40:00",80310,13.54,29.51,749.7,23.17,34.69
"2021-09-09 12:45:00",80311,13.54,29.52,749.6,23.73,33.78
"2021-09-09 12:50:00",80312,13.54,29.52,749.5,23.15,34.65
"2021-09-09 12:55:00",80313,13.54,29.53,749.4,22.95,34.24
"2021-09-09 13:00:00",80314,13.54,29.46,749.3,22.86,34.33
"2021-09-09 13:05:00",80315,13.54,29.37,749.2,23.09,33.55
"2021-09-09 13:10:00",80316,13.54,29.32,749.2,23.19,33.56
"2021-09-09 13:15:00",80317,13.54,29.31,749.2,23.1,33.02
"2021-09-09 13:20:00",80318,13.54,29.33,749.1,23.89,32.56
"2021-09-09 13:25:00",80319,13.54,29.5,748.9,24.7,30.41
"2021-09-09 13:30:00",80320,13.54,29.77,748.8,24.57,31.61
"2021-09-09 13:35:00",80321,13.54,29.95,748.8,23.61,32.53
"2021-09-09 13:40:00",80322,13.55,29.96,748.7,23.37,32.51
"2021-09-09 13:45:00",80323,13.54,29.85,748.7,23.41,32.81
"2021-09-09 13:50:00",80324,13.55,29.76,748.5,23.89,31.89
"2021-09-09 13:55:00",80325,13.55,29.68,748.4,23.22,32.96
"2021-09-09 14:00:00",80326,13.54,29.54,748.3,23.12,33.02
"2021-09-09 14:05:00",80327,13.55,29.41,748.2,23.24,33.3
"2021-09-09 14:10:00",80328,13.55,29.3,748.1,23.57,33.36
"2021-09-09 14:15:00",80329,13.55,29.27,748,23.42,33.05
"2021-09-09 14:20:00",80330,13.54,29.19,747.8,23.79,32.61
"2021-09-09 14:25:00",80331,13.55,29.13,747.7,23.33,32.44
"2021-09-09 14:30:00",80332,13.55,29.17,747.6,24.22,31.24
"2021-09-09 14:35:00",80333,13.55,29.26,747.6,23.97,31.73
"2021-09-09 14:40:00",80334,13.55,29.31,747.6,23.68,32.34
"2021-09-09 14:45:00",80335,13.55,29.3,747.4,23.9,31.28
"2021-09-09 14:50:00",80336,13.55,29.31,747.4,23.42,31.71
"2021-09-09 14:55:00",80337,13.55,29.3,747.3,23.53,31.62
"2021-09-09 15:00:00",80338,13.55,29.25,747.4,23.85,30.91
"2021-09-09 15:05:00",80339,13.55,29.19,747.4,23.85,31.11
"2021-09-09 15:10:00",80340,13.55,29.18,747.2,24.63,30.1
"2021-09-09 15:15:00",80341,13.55,29.26,747.1,23.75,31
"2021-09-09 15:20:00",80342,13.55,29.32,747,24.15,30.4
"2021-09-09 15:25:00",80343,13.55,29.45,747.1,23.88,31.21
"2021-09-09 15:30:00",80344,13.55,29.75,747.1,24.27,30.91
"2021-09-09 15:35:00",80345,13.53,29.97,747,24.24,31.21
"2021-09-09 15:40:00",80346,13.53,30.16,747,24.52,30.26
"2021-09-09 15:45:00",80347,13.53,30.34,747,24.08,30.96
"2021-09-09 15:50:00",80348,13.53,30.41,747,23.55,32.46
"2021-09-09 15:55:00",80349,13.53,30.4,746.9,24.07,31.3
"2021-09-09 16:00:00",80350,13.53,30.4,746.9,24.11,31.77
"2021-09-09 16:05:00",80351,13.53,30.33,746.9,23.59,32.46
"2021-09-09 16:10:00",80352,13.53,30.14,747,23.3,32.4
"2021-09-09 16:15:00",80353,13.53,29.95,746.8,24.14,31.03
"2021-09-09 16:20:00",80354,13.53,29.88,746.9,23.32,33.87
"2021-09-09 16:25:00",80355,13.53,29.75,746.9,22.86,34.06
"2021-09-09 16:30:00",80356,13.53,29.47,747,22.38,35.81
"2021-09-09 16:35:00",80357,13.53,29.15,747,22.17,36.25
"2021-09-09 16:40:00",80358,13.53,28.84,746.8,21.93,37.21
"2021-09-09 16:45:00",80359,13.53,28.55,746.9,22.35,36.33
"2021-09-09 16:50:00",80360,13.53,28.38,746.8,22.17,37.3
"2021-09-09 16:55:00",80361,13.53,28.23,746.7,21.89,37.67
"2021-09-09 17:00:00",80362,13.53,28.07,746.7,22.41,37.06
"2021-09-09 17:05:00",80363,13.53,27.95,746.6,22.01,37.51
"2021-09-09 17:10:00",80364,13.53,27.73,746.6,21.73,38.34
"2021-09-09 17:15:00",80365,13.53,27.54,746.6,21.47,39.22
"2021-09-09 17:20:00",80366,13.53,27.46,746.5,21.59,38.48
"2021-09-09 17:25:00",80367,13.53,27.35,746.5,21.65,38.36
"2021-09-09 17:30:00",80368,13.53,27.29,746.5,21.75,37.91
"2021-09-09 17:35:00",80369,13.53,27.21,746.4,21.91,36.81
"2021-09-09 17:40:00",80370,13.53,27.12,746.4,22.13,35.58
"2021-09-09 17:45:00",80371,13.35,26.56,746.4,22.23,35.59
"2021-09-09 17:50:00",80372,13.18,25.99,746.5,22.01,36.23
"2021-09-09 17:55:00",80373,13.11,25.58,746.5,21.43,38.57
"2021-09-09 18:00:00",80374,13.05,25.16,746.5,21.13,38.89
"2021-09-09 18:05:00",80375,13.02,24.73,746.6,20.68,39.46
"2021-09-09 18:10:00",80376,13,24.3,746.7,20.13,41.12
"2021-09-09 18:15:00",80377,12.98,23.85,746.8,19.76,42.18
"2021-09-09 18:20:00",80378,12.97,23.39,747,19.72,41.69
"2021-09-09 18:25:00",80379,12.97,22.97,747.1,19.64,41.97
"2021-09-09 18:30:00",80380,12.96,22.55,747.3,19.44,42.33
"2021-09-09 18:35:00",80381,12.96,22.23,747.5,19.39,42.65
"2021-09-09 18:40:00",80382,12.95,21.96,747.6,19.19,43.33
"2021-09-09 18:45:00",80383,12.95,21.74,747.7,19.14,43.39
"2021-09-09 18:50:00",80384,12.95,21.51,747.8,19.06,43.63
"2021-09-09 18:55:00",80385,12.94,21.33,747.9,18.96,43.88
"2021-09-09 19:00:00",80386,12.94,21.15,748.1,18.94,43.97
"2021-09-09 19:05:00",80387,12.94,21,748.3,18.78,44.62
"2021-09-09 19:10:00",80388,12.94,20.86,748.4,18.63,45.27
"2021-09-09 19:15:00",80389,12.93,20.74,748.6,18.54,45.54
"2021-09-09 19:20:00",80390,12.93,20.62,748.7,18.65,45.3
"2021-09-09 19:25:00",80391,12.93,20.53,748.8,18.63,45.55
"2021-09-09 19:30:00",80392,12.93,20.47,748.8,18.7,45.44
"2021-09-09 19:35:00",80393,12.92,20.42,748.9,18.7,45.63
"2021-09-09 19:40:00",80394,12.92,20.35,748.9,18.66,45.81
"2021-09-09 19:45:00",80395,12.92,20.27,749,18.67,45.94
"2021-09-09 19:50:00",80396,12.91,20.21,749.2,18.71,45.79
"2021-09-09 19:55:00",80397,12.91,20.15,749.3,18.59,46.53
"2021-09-09 20:00:00",80398,12.91,20.03,749.3,17.97,48.69
"2021-09-09 20:05:00",80399,12.91,19.93,749.3,18.11,47.67
"2021-09-09 20:10:00",80400,12.91,19.86,749.3,18.39,45.88
"2021-09-09 20:15:00",80401,12.91,19.84,749.5,18.54,45.32
"2021-09-09 20:20:00",80402,12.9,19.81,749.5,18.43,45.4
"2021-09-09 20:25:00",80403,12.9,19.8,749.6,18.5,45.1
"2021-09-09 20:30:00",80404,12.9,19.8,749.5,18.59,44.88
"2021-09-09 20:35:00",80405,12.9,19.83,749.7,18.64,44.73
"2021-09-09 20:40:00",80406,12.9,19.83,749.7,18.57,44.91
"2021-09-09 20:45:00",80407,12.9,19.85,749.7,18.5,45.25
"2021-09-09 20:50:00",80408,12.89,19.85,749.5,18.63,44.79
"2021-09-09 20:55:00",80409,12.89,19.88,749.5,18.82,44.28
"2021-09-09 21:00:00",80410,12.89,19.88,749.5,18.83,44.4
"2021-09-09 21:05:00",80411,12.89,19.89,749.5,18.79,44.78
"2021-09-09 21:10:00",80412,12.89,19.81,749.3,18.88,44.12
"2021-09-09 21:15:00",80413,12.89,19.79,749.3,19.22,43.3
"2021-09-09 21:20:00",80414,12.89,19.78,749.6,18.83,45.49
"2021-09-09 21:25:00",80415,12.88,19.77,749.6,17.82,49.86
"2021-09-09 21:30:00",80416,12.88,19.71,749.8,17.57,50.01
"2021-09-09 21:35:00",80417,12.88,19.61,749.8,17.52,49.94
"2021-09-09 21:40:00",80418,12.88,19.5,749.9,17.47,50
"2021-09-09 21:45:00",80419,12.88,19.38,750.1,17.69,47.83
"2021-09-09 21:50:00",80420,12.87,19.29,750.2,17.95,47.08
"2021-09-09 21:55:00",80421,12.87,19.22,750.3,17.82,47.38
"2021-09-09 22:00:00",80422,12.87,19.15,750.4,17.71,47.21
"2021-09-09 22:05:00",80423,12.87,19.08,750.4,17.65,47.39
"2021-09-09 22:10:00",80424,12.87,19,750.3,17.87,46.88
"2021-09-09 22:15:00",80425,12.86,18.94,750.4,18.05,46.69
"2021-09-09 22:20:00",80426,12.86,18.89,750.5,17.95,47.4
"2021-09-09 22:25:00",80427,12.86,18.84,750.5,17.81,48.23
"2021-09-09 22:30:00",80428,12.86,18.81,750.5,17.77,48.35
"2021-09-09 22:35:00",80429,12.85,18.76,750.6,17.81,48.35
"2021-09-09 22:40:00",80430,12.85,18.71,750.7,17.77,48.66
"2021-09-09 22:45:00",80431,12.85,18.65,750.7,17.77,48.5
"2021-09-09 22:50:00",80432,12.85,18.59,750.7,17.74,48.44
"2021-09-09 22:55:00",80433,12.85,18.51,750.8,17.59,48.32
"2021-09-09 23:00:00",80434,12.85,18.42,750.8,17.43,47.33
"2021-09-09 23:05:00",80435,12.85,18.3,750.9,17.22,48.56
"2021-09-09 23:10:00",80436,12.84,18.16,750.9,16.99,49.12
"2021-09-09 23:15:00",80437,12.84,18.03,750.9,16.82,49.6
"2021-09-09 23:20:00",80438,12.84,17.88,750.9,16.53,50.74
"2021-09-09 23:25:00",80439,12.84,17.73,750.9,16.39,51.28
"2021-09-09 23:30:00",80440,12.84,17.56,750.9,16.37,50.9
"2021-09-09 23:35:00",80441,12.84,17.42,750.9,16.64,49.95
"2021-09-09 23:40:00",80442,12.83,17.32,750.9,16.8,49.41
"2021-09-09 23:45:00",80443,12.84,17.25,750.8,16.86,49.2
"2021-09-09 23:50:00",80444,12.83,17.2,750.7,16.35,51.7
"2021-09-09 23:55:00",80445,12.83,17.12,750.7,15.5,54.35
"2021-09-10 00:00:00",80446,12.83,17,750.7,15.58,53.81
"2021-09-10 00:05:00",80447,12.83,16.89,750.6,15.5,54.31
"2021-09-10 00:10:00",80448,12.83,16.76,750.7,15.54,53.74
"2021-09-10 00:15:00",80449,12.82,16.61,750.7,15.83,52.59
"2021-09-10 00:20:00",80450,12.82,16.52,750.6,16.22,51.41
"2021-09-10 00:25:00",80451,12.82,16.46,750.7,16.19,51.31
"2021-09-10 00:30:00",80452,12.82,16.41,750.7,16.14,51.64
"2021-09-10 00:35:00",80453,12.82,16.35,750.6,16.08,51.6
"2021-09-10 00:40:00",80454,12.82,16.29,750.6,16.06,51.79
"2021-09-10 00:45:00",80455,12.82,16.28,750.6,16.03,51.72
"2021-09-10 00:50:00",80456,12.81,16.28,750.5,15.9,52.2
"2021-09-10 00:55:00",80457,12.81,16.27,750.5,15.76,52.54
"2021-09-10 01:00:00",80458,12.81,16.23,750.5,15.58,53.32
"2021-09-10 01:05:00",80459,12.81,16.14,750.5,15.27,54.22
"2021-09-10 01:10:00",80460,12.81,16.04,750.4,14.98,56.54
"2021-09-10 01:15:00",80461,12.81,15.92,750.4,14.73,57.56
"2021-09-10 01:20:00",80462,12.81,15.79,750.4,14.49,58.58
"2021-09-10 01:25:00",80463,12.81,15.64,750.4,14.55,58.5
"2021-09-10 01:30:00",80464,12.81,15.5,750.4,14.35,59.36
"2021-09-10 01:35:00",80465,12.81,15.36,750.4,14.45,58.6
"2021-09-10 01:40:00",80466,12.81,15.25,750.3,14.5,57.62
"2021-09-10 01:45:00",80467,12.8,15.15,750.3,14.63,56.86
"2021-09-10 01:50:00",80468,12.8,15.08,750.3,14.6,57
"2021-09-10 01:55:00",80469,12.8,15.02,750.3,14.79,56.49
"2021-09-10 02:00:00",80470,12.79,14.98,750.2,14.65,58.09
"2021-09-10 02:05:00",80471,12.79,14.92,750.2,14.23,59.76
"2021-09-10 02:10:00",80472,12.79,14.82,750.1,14.04,60.27
"2021-09-10 02:15:00",80473,12.79,14.73,750.2,13.93,60.43
"2021-09-10 02:20:00",80474,12.79,14.64,750.2,13.77,61.2
"2021-09-10 02:25:00",80475,12.79,14.52,750.3,13.41,62.18
"2021-09-10 02:30:00",80476,12.78,14.39,750.2,13.28,62.3
"2021-09-10 02:35:00",80477,12.78,14.26,750.1,13.35,62.23
"2021-09-10 02:40:00",80478,12.78,14.18,750.2,13.67,61.1
"2021-09-10 02:45:00",80479,12.78,14.12,750.3,13.47,61.62
"2021-09-10 02:50:00",80480,12.77,14.09,750.3,13.38,61.58
"2021-09-10 02:55:00",80481,12.77,14.06,750.3,13.1,62.77
"2021-09-10 03:00:00",80482,12.77,14.01,750.2,12.72,64.06
"2021-09-10 03:05:00",80483,12.76,13.94,750.2,12.5,65.42
"2021-09-10 03:10:00",80484,12.76,13.82,750.2,12.58,65.08
"2021-09-10 03:15:00",80485,12.76,13.62,750.1,12.64,63.9
"2021-09-10 03:20:00",80486,12.76,13.49,750.1,12.66,63.55
"2021-09-10 03:25:00",80487,12.75,13.41,750.2,12.54,64.55
"2021-09-10 03:30:00",80488,12.75,13.33,750.1,12.47,64.91
"2021-09-10 03:35:00",80489,12.75,13.25,750,12.36,64.57
"2021-09-10 03:40:00",80490,12.75,13.15,750,12.37,65.01
"2021-09-10 03:45:00",80491,12.74,13.05,750,12.26,65.69
"2021-09-10 03:50:00",80492,12.74,12.95,750,12.34,65.59
"2021-09-10 03:55:00",80493,12.74,12.85,750,12.29,65.67
"2021-09-10 04:00:00",80494,12.74,12.75,750,12.03,66.05
"2021-09-10 04:05:00",80495,12.73,12.64,750.1,11.77,66.64
"2021-09-10 04:10:00",80496,12.73,12.54,750.2,11.92,66.06
"2021-09-10 04:15:00",80497,12.73,12.43,750.1,12.08,65.97
"2021-09-10 04:20:00",80498,12.72,12.33,750.1,12.08,66.61
"2021-09-10 04:25:00",80499,12.72,12.27,750.1,11.96,65.95
"2021-09-10 04:30:00",80500,12.72,12.21,750.1,11.96,65.64
"2021-09-10 04:35:00",80501,12.71,12.19,750.1,12.07,65.05
"2021-09-10 04:40:00",80502,12.71,12.18,750.1,12.03,65.76
"2021-09-10 04:45:00",80503,12.71,12.16,750.1,11.97,65.67
"2021-09-10 04:50:00",80504,12.7,12.13,750.2,11.74,66.46
"2021-09-10 04:55:00",80505,12.7,12.09,750.2,11.55,65.88
"2021-09-10 05:00:00",80506,12.7,12.02,750.2,11.37,66.08
"2021-09-10 05:05:00",80507,12.69,11.94,750.3,11.25,66.35
"2021-09-10 05:10:00",80508,12.69,11.85,750.3,11.15,66.39
"2021-09-10 05:15:00",80509,12.69,11.78,750.3,11.31,67.07
"2021-09-10 05:20:00",80510,12.68,11.73,750.3,11.21,71.62
"2021-09-10 05:25:00",80511,12.68,11.69,750.4,11.09,72.24
"2021-09-10 05:30:00",80512,12.67,11.64,750.4,10.85,73.06
"2021-09-10 05:35:00",80513,12.67,11.6,750.5,10.76,72.82
"2021-09-10 05:40:00",80514,12.67,11.53,750.5,10.92,71.56
"2021-09-10 05:45:00",80515,12.66,11.49,750.6,11.16,69.79
"2021-09-10 05:50:00",80516,12.66,11.49,750.7,11.24,68.61
"2021-09-10 05:55:00",80517,12.65,11.51,750.7,11.19,69.17
"2021-09-10 06:00:00",80518,12.65,11.52,750.8,11.05,68.58
"2021-09-10 06:05:00",80519,12.65,11.53,750.9,11.11,69.27
"2021-09-10 06:10:00",80520,12.64,11.51,750.9,11.16,68.48
"2021-09-10 06:15:00",80521,12.64,11.49,750.9,11.47,67.16
"2021-09-10 06:20:00",80522,12.64,11.57,750.9,11.55,66.8
"2021-09-10 06:25:00",80523,12.64,11.64,751,11.44,67.04
"2021-09-10 06:30:00",80524,12.65,11.66,751,11.36,66.77
"2021-09-10 06:35:00",80525,12.66,11.69,751,11.24,67.06
"2021-09-10 06:40:00",80526,12.73,11.69,751.1,11.11,67.61
"2021-09-10 06:45:00",80527,12.87,11.78,751.2,11.37,67.15
"2021-09-10 06:50:00",80528,13.06,11.93,751.2,11.52,67.55
"2021-09-10 06:55:00",80529,13.32,12.18,751.3,11.59,67.04
"2021-09-10 07:00:00",80530,13.55,12.47,751.3,11.57,67.33
"2021-09-10 07:05:00",80531,13.72,12.85,751.3,12.27,64.65
"2021-09-10 07:10:00",80532,13.82,13.3,751.4,12.93,61.54
"2021-09-10 07:15:00",80533,13.91,13.83,751.4,13.33,60.21
"2021-09-10 07:20:00",80534,13.97,14.59,751.5,14,57.15
"2021-09-10 07:25:00",80535,13.85,16.15,751.6,14.66,54.28
"2021-09-10 07:30:00",80536,13.82,17.04,751.7,15.33,52.24
"2021-09-10 07:35:00",80537,13.82,17.81,751.6,14.78,53.32
"2021-09-10 07:40:00",80538,13.79,18.49,751.7,15.14,51.66
"2021-09-10 07:45:00",80539,13.76,19.12,751.7,15.2,51.79
"2021-09-10 07:50:00",80540,13.76,19.7,751.7,14.61,54.31
"2021-09-10 07:55:00",80541,13.76,20.24,751.7,14.88,53.64
"2021-09-10 08:00:00",80542,13.73,20.72,751.8,15.66,53.79
"2021-09-10 08:05:00",80543,13.73,21.25,751.8,16.38,49.29
"2021-09-10 08:10:00",80544,13.7,21.77,751.9,16.86,47.95
"2021-09-10 08:15:00",80545,13.7,22.29,751.9,16.77,49.34
"2021-09-10 08:20:00",80546,13.68,22.84,752,17.15,46.48
"2021-09-10 08:25:00",80547,13.68,23.32,752,17.11,46.76
"2021-09-10 08:30:00",80548,13.68,23.81,752.1,17.07,47.28
"2021-09-10 08:35:00",80549,13.65,24.21,752.1,17.22,47.81
"2021-09-10 08:40:00",80550,13.65,24.62,752.1,17.74,45.64
"2021-09-10 08:45:00",80551,13.65,25.01,752.1,17.05,47.44
"2021-09-10 08:50:00",80552,13.63,25.35,752.2,17.69,46.01
"2021-09-10 08:55:00",80553,13.63,25.58,752.2,17.87,46.47
"2021-09-10 09:00:00",80554,13.63,25.92,752.2,19.4,42.04
"2021-09-10 09:05:00",80555,13.63,26.27,752.1,17.19,47.77
"2021-09-10 09:10:00",80556,13.6,26.5,752.1,18.15,44.61
"2021-09-10 09:15:00",80557,13.6,26.55,752.1,18.35,44.6
"2021-09-10 09:20:00",80558,13.6,26.78,752.1,19.32,41.61
"2021-09-10 09:25:00",80559,13.6,27.31,752.1,19.26,41.28
"2021-09-10 09:30:00",80560,13.6,27.32,752.1,18.93,42.66
"2021-09-10 09:35:00",80561,13.61,27.58,752.1,19.84,40.44
"2021-09-10 09:40:00",80562,13.58,27.85,752.1,19.33,42.86
"2021-09-10 09:45:00",80563,13.58,28.08,752.1,20.09,40.12
"2021-09-10 09:50:00",80564,13.58,28.31,752.1,19.68,41.14
"2021-09-10 09:55:00",80565,13.58,28.57,752.1,20.65,38.26
"2021-09-10 10:00:00",80566,13.58,28.92,752.1,20.8,37.75
"2021-09-10 10:05:00",80567,13.56,29.22,752.1,20.9,37.01
"2021-09-10 10:10:00",80568,13.56,29.58,752,22.35,34.31
"2021-09-10 10:15:00",80569,13.56,30,752,21.91,34.04
"2021-09-10 10:20:00",80570,13.53,30.37,752,21.21,36.12
"2021-09-10 10:25:00",80571,13.53,30.58,751.9,21.16,35.46
"2021-09-10 10:30:00",80572,13.53,30.77,751.9,22.21,33.87
"2021-09-10 10:35:00",80573,13.53,31.02,751.9,22.5,32.4
"2021-09-10 10:40:00",80574,13.51,31.29,751.8,21.87,34.53
"2021-09-10 10:45:00",80575,13.51,31.46,751.8,22.21,33.64
"2021-09-10 10:50:00",80576,13.51,31.62,751.7,22.42,32.36
"2021-09-10 10:55:00",80577,13.51,31.81,751.7,21.63,32.59
"2021-09-10 11:00:00",80578,13.51,31.87,751.7,21.74,32.03
"2021-09-10 11:05:00",80579,13.51,31.85,751.6,21.65,31.92
"2021-09-10 11:10:00",80580,13.51,31.78,751.5,22.77,30.08
"2021-09-10 11:15:00",80581,13.51,31.79,751.4,23.34,28.41
"2021-09-10 11:20:00",80582,13.52,31.86,751.4,21.94,30.21
"2021-09-10 11:25:00",80583,13.52,31.9,751.3,23.19,30.89
"2021-09-10 11:30:00",80584,13.49,32,751.2,22.89,28.54
"2021-09-10 11:35:00",80585,13.49,32.01,751.1,22.44,28.64
"2021-09-10 11:40:00",80586,13.49,32.01,751,23.66,28.09
"2021-09-10 11:45:00",80587,13.49,32.05,750.9,22.84,29.55
"2021-09-10 11:50:00",80588,13.49,32.06,750.8,23.53,28.42
"2021-09-10 11:55:00",80589,13.49,32.07,750.7,22.63,30.47
"2021-09-10 12:00:00",80590,13.49,31.9,750.7,23.28,26.33
"2021-09-10 12:05:00",80591,13.49,31.69,750.5,23.49,26.55
"2021-09-10 12:10:00",80592,13.49,31.66,750.5,24.47,26.46
"2021-09-10 12:15:00",80593,13.5,31.78,750.4,25.5,24.89
"2021-09-10 12:20:00",80594,13.49,31.87,750.3,23.54,26.52
"2021-09-10 12:25:00",80595,13.5,31.83,750.2,23.99,25.88
"2021-09-10 12:30:00",80596,13.5,31.71,750.1,23.59,26.87
"2021-09-10 12:35:00",80597,13.5,31.61,750.1,24.58,23.93
"2021-09-10 12:40:00",80598,13.5,31.58,750,24.48,23.86
"2021-09-10 12:45:00",80599,13.5,31.57,749.9,23.81,25.59
"2021-09-10 12:50:00",80600,13.5,31.55,749.8,24.1,25.54
"2021-09-10 12:55:00",80601,13.5,31.48,749.8,23.97,25.6
"2021-09-10 13:00:00",80602,13.5,31.37,749.7,24.55,24.82
"2021-09-10 13:05:00",80603,13.5,31.38,749.6,25.42,24.2
"2021-09-10 13:10:00",80604,13.5,31.49,749.6,24.77,25.11
"2021-09-10 13:15:00",80605,13.5,31.57,749.4,24.84,25.05
"2021-09-10 13:20:00",80606,13.5,31.62,749.3,25.31,23.71
"2021-09-10 13:25:00",80607,13.5,31.71,749.2,26.04,22.69
"2021-09-10 13:30:00",80608,13.5,31.85,749,26.01,22.79
"2021-09-10 13:35:00",80609,13.5,31.97,749,25.44,23.37
"2021-09-10 13:40:00",80610,13.5,32.03,748.8,25.78,23.91
"2021-09-10 13:45:00",80611,13.5,32.06,748.7,24.7,24.39
"2021-09-10 13:50:00",80612,13.5,31.96,748.6,24.92,24.03
"2021-09-10 13:55:00",80613,13.5,31.91,748.5,24.79,24.15
"2021-09-10 14:00:00",80614,13.5,31.89,748.5,25.34,24.23
"2021-09-10 14:05:00",80615,13.5,31.94,748.4,25.95,23.72
"2021-09-10 14:10:00",80616,13.5,32.08,748.3,25.91,23.27
"2021-09-10 14:15:00",80617,13.5,32.26,748.2,26.22,22.8
"2021-09-10 14:20:00",80618,13.5,32.45,748,26.08,23.69
"2021-09-10 14:25:00",80619,13.5,32.53,748,25.95,22.72
"2021-09-10 14:30:00",80620,13.5,32.63,748,26.67,23.01
"2021-09-10 14:35:00",80621,13.5,32.74,747.9,26.41,23.06
"2021-09-10 14:40:00",80622,13.5,32.78,747.8,26.51,22.06
"2021-09-10 14:45:00",80623,13.48,32.89,747.7,26.21,22.53
"2021-09-10 14:50:00",80624,13.47,33.01,747.6,25.57,23.17
"2021-09-10 14:55:00",80625,13.47,33.08,747.6,26.63,22.73
"2021-09-10 15:00:00",80626,13.48,33.14,747.5,26.23,23.08
"2021-09-10 15:05:00",80627,13.47,33.1,747.5,25.8,23.74
"2021-09-10 15:10:00",80628,13.48,32.91,747.4,25.92,23.54
"2021-09-10 15:15:00",80629,13.48,32.9,747.3,26.48,22.27
"2021-09-10 15:20:00",80630,13.47,32.93,747.3,25.32,23.3
"2021-09-10 15:25:00",80631,13.47,32.93,747.3,25.82,22.91
"2021-09-10 15:30:00",80632,13.48,33,747.3,26.3,22.67
"2021-09-10 15:35:00",80633,13.48,33.14,747.2,26.35,22.26
"2021-09-10 15:40:00",80634,13.48,33.39,747.1,26.98,21.85
"2021-09-10 15:45:00",80635,13.48,33.71,747.1,26.17,22.59
"2021-09-10 15:50:00",80636,13.48,33.94,747.1,26.43,22.23
"2021-09-10 15:55:00",80637,13.45,34.13,747,27.35,21.56
"2021-09-10 16:00:00",80638,13.45,34.3,747,26.88,21.67
"2021-09-10 16:05:00",80639,13.45,34.39,746.9,26.63,22
"2021-09-10 16:10:00",80640,13.45,34.38,746.9,26.42,23.23
"2021-09-10 16:15:00",80641,13.45,34.29,747,26.74,22.14
"2021-09-10 16:20:00",80642,13.45,34.23,747,27.29,21.69
"2021-09-10 16:25:00",80643,13.45,34.33,746.9,26.74,22.77
"2021-09-10 16:30:00",80644,13.46,34.25,747,25.44,25.09
"2021-09-10 16:35:00",80645,13.46,33.96,746.9,25.69,24.21
"2021-09-10 16:40:00",80646,13.46,33.63,746.9,26.2,23.56
"2021-09-10 16:45:00",80647,13.45,33.36,747,25.93,24.58
"2021-09-10 16:50:00",80648,13.45,33.14,747,26.92,23.13
"2021-09-10 16:55:00",80649,13.46,33.02,746.9,25.81,23.84
"2021-09-10 17:00:00",80650,13.45,32.72,746.9,25.2,25.69
"2021-09-10 17:05:00",80651,13.45,32.29,746.9,24.84,25.32
"2021-09-10 17:10:00",80652,13.45,31.74,746.9,24.45,26.05
"2021-09-10 17:15:00",80653,13.45,31.13,746.9,23.83,28.99
"2021-09-10 17:20:00",80654,13.48,30.55,746.8,23.38,30.63
"2021-09-10 17:25:00",80655,13.48,30.03,746.9,23.29,31.03
"2021-09-10 17:30:00",80656,13.48,29.59,747,23.61,30.92
"2021-09-10 17:35:00",80657,13.5,29.27,746.9,23.57,31.19
"2021-09-10 17:40:00",80658,13.5,28.83,746.9,22.99,32.14
"2021-09-10 17:45:00",80659,13.46,28.05,746.9,22.85,32.86
"2021-09-10 17:50:00",80660,13.26,27.49,746.9,22.55,32.77
"2021-09-10 17:55:00",80661,13.18,27.03,747,22.29,33.35
"2021-09-10 18:00:00",80662,13.11,26.48,747.1,22.05,33.13
"2021-09-10 18:05:00",80663,13.06,25.99,747.2,21.76,33.7
"2021-09-10 18:10:00",80664,13.03,25.53,747.2,21.47,34.66
"2021-09-10 18:15:00",80665,13.01,25.11,747.2,21.11,36.04
"2021-09-10 18:20:00",80666,12.99,24.68,747.3,20.92,36.35
"2021-09-10 18:25:00",80667,12.98,24.31,747.4,20.71,37.09
"2021-09-10 18:30:00",80668,12.98,23.91,747.6,20.54,37.66
"2021-09-10 18:35:00",80669,12.98,23.32,747.7,20.71,37.02
"2021-09-10 18:40:00",80670,12.97,22.94,747.7,21.04,35.15
"2021-09-10 18:45:00",80671,12.97,22.68,747.7,20.7,36.46
"2021-09-10 18:50:00",80672,12.96,22.43,747.8,20.44,37.48
"2021-09-10 18:55:00",80673,12.96,22.21,747.8,20.27,37.89
"2021-09-10 19:00:00",80674,12.96,22.01,748,19.9,38.73
"2021-09-10 19:05:00",80675,12.96,21.77,748,19.42,40.43
"2021-09-10 19:10:00",80676,12.95,21.51,748.1,19.22,40.83
"2021-09-10 19:15:00",80677,12.95,21.28,748.2,19.35,40.68
"2021-09-10 19:20:00",80678,12.95,21.05,748.3,19.28,40.93
"2021-09-10 19:25:00",80679,12.94,20.85,748.4,19.3,40.9
"2021-09-10 19:30:00",80680,12.94,20.67,748.5,19.25,40.99
"2021-09-10 19:35:00",80681,12.94,20.52,748.6,19.11,41.97
"2021-09-10 19:40:00",80682,12.93,20.38,748.6,19.01,42.51
"2021-09-10 19:45:00",80683,12.93,20.25,748.8,19.06,42.38
"2021-09-10 19:50:00",80684,12.93,20.15,748.9,19.18,41.88
"2021-09-10 19:55:00",80685,12.92,20.1,748.9,19.24,41.79
"2021-09-10 20:00:00",80686,12.92,19.99,749.1,19.41,41.04
"2021-09-10 20:05:00",80687,12.92,19.96,749.2,19.33,41
"2021-09-10 20:10:00",80688,12.92,19.94,749.3,19.33,41.52
"2021-09-10 20:15:00",80689,12.92,19.91,749.4,19.2,41.66
"2021-09-10 20:20:00",80690,12.92,19.87,749.6,19.26,41.41
"2021-09-10 20:25:00",80691,12.91,19.83,749.7,19.28,41.16
"2021-09-10 20:30:00",80692,12.91,19.81,749.9,19.24,41.41
"2021-09-10 20:35:00",80693,12.91,19.79,750.1,19.15,41.59
"2021-09-10 20:40:00",80694,12.91,19.77,750.1,18.94,42.21
"2021-09-10 20:45:00",80695,12.91,19.72,750.2,19.08,41.91
"2021-09-10 20:50:00",80696,12.9,19.67,750.3,19.04,41.87
"2021-09-10 20:55:00",80697,12.9,19.62,750.4,19.12,41.65
"2021-09-10 21:00:00",80698,12.9,19.57,750.5,19.05,41.84
"2021-09-10 21:05:00",80699,12.9,19.54,750.6,18.62,43.17
"2021-09-10 21:10:00",80700,12.9,19.49,750.6,18.34,44.15
"2021-09-10 21:15:00",80701,12.9,19.39,750.7,18.51,43.67
"2021-09-10 21:20:00",80702,12.89,19.31,750.7,18.62,43.04
"2021-09-10 21:25:00",80703,12.89,19.25,750.8,18.75,42.64
"2021-09-10 21:30:00",80704,12.89,19.19,750.9,18.71,42.7
"2021-09-10 21:35:00",80705,12.89,19.14,750.9,18.36,43.87
"2021-09-10 21:40:00",80706,12.89,19.07,750.9,18.3,44.18
"2021-09-10 21:45:00",80707,12.89,18.99,751,18.15,44.51
"2021-09-10 21:50:00",80708,12.89,18.87,751.1,18.26,44.11
"2021-09-10 21:55:00",80709,12.89,18.79,751.1,18.45,43.59
"2021-09-10 22:00:00",80710,12.88,18.74,751.2,18.45,44.07
"2021-09-10 22:05:00",80711,12.88,18.71,751.2,18.37,44.22
"2021-09-10 22:10:00",80712,12.88,18.66,751.2,18.28,44.43
"2021-09-10 22:15:00",80713,12.88,18.62,751.3,18.24,44.46
"2021-09-10 22:20:00",80714,12.88,18.57,751.3,18.19,44.36
"2021-09-10 22:25:00",80715,12.88,18.51,751.3,18.23,44.24
"2021-09-10 22:30:00",80716,12.88,18.45,751.3,18.13,44.41
"2021-09-10 22:35:00",80717,12.87,18.37,751.4,18.01,44.85
"2021-09-10 22:40:00",80718,12.87,18.28,751.4,17.95,45.28
"2021-09-10 22:45:00",80719,12.87,18.18,751.5,17.21,47.49
"2021-09-10 22:50:00",80720,12.87,18.05,751.5,17.26,47.4
"2021-09-10 22:55:00",80721,12.87,17.9,751.6,16.99,48.25
"2021-09-10 23:00:00",80722,12.87,17.76,751.6,17.13,47.95
"2021-09-10 23:05:00",80723,12.87,17.64,751.7,17.11,48.01
"2021-09-10 23:10:00",80724,12.86,17.53,751.7,17.15,47.96
"2021-09-10 23:15:00",80725,12.86,17.47,751.8,17.11,48.01
"2021-09-10 23:20:00",80726,12.86,17.4,751.7,17.09,48.01
"2021-09-10 23:25:00",80727,12.86,17.35,751.7,17.23,47.4
"2021-09-10 23:30:00",80728,12.86,17.3,751.8,17.26,47.21
"2021-09-10 23:35:00",80729,12.86,17.29,751.8,17.25,47.15
"2021-09-10 23:40:00",80730,12.86,17.25,751.8,17.22,47.21
"2021-09-10 23:45:00",80731,12.86,17.22,751.7,17.17,47.33
"2021-09-10 23:50:00",80732,12.85,17.18,751.7,17.14,47.23
"2021-09-10 23:55:00",80733,12.85,17.13,751.7,17.14,47.26
"2021-09-11 00:00:00",80734,12.85,17.08,751.6,17.15,47.2
"2021-09-11 00:05:00",80735,12.85,17.06,751.6,17.11,47.26
"2021-09-11 00:10:00",80736,12.85,17.04,751.6,17,47.71
"2021-09-11 00:15:00",80737,12.85,16.97,751.6,16.79,48.41
"2021-09-11 00:20:00",80738,12.85,16.9,751.6,16.53,49.22
"2021-09-11 00:25:00",80739,12.85,16.79,751.5,16.5,49.3
"2021-09-11 00:30:00",80740,12.84,16.67,751.5,16.44,49.45
"2021-09-11 00:35:00",80741,12.84,16.56,751.5,16.34,49.84
"2021-09-11 00:40:00",80742,12.84,16.43,751.5,16.42,49.61
"2021-09-11 00:45:00",80743,12.84,16.35,751.4,16.28,50.12
"2021-09-11 00:50:00",80744,12.84,16.23,751.4,16,50.98
"2021-09-11 00:55:00",80745,12.84,16.1,751.5,15.78,51.69
"2021-09-11 01:00:00",80746,12.84,16,751.5,15.94,51.34
"2021-09-11 01:05:00",80747,12.84,15.87,751.4,15.96,51.09
"2021-09-11 01:10:00",80748,12.83,15.77,751.4,15.79,52.06
"2021-09-11 01:15:00",80749,12.83,15.68,751.4,15.49,52.69
"2021-09-11 01:20:00",80750,12.83,15.59,751.4,15.74,51.9
"2021-09-11 01:25:00",80751,12.83,15.51,751.4,15.54,53
"2021-09-11 01:30:00",80752,12.83,15.44,751.3,15.28,54.31
"2021-09-11 01:35:00",80753,12.83,15.35,751.3,15.1,54.68
"2021-09-11 01:40:00",80754,12.82,15.27,751.3,15.21,54.33
"2021-09-11 01:45:00",80755,12.82,15.21,751.3,15.36,53.78
"2021-09-11 01:50:00",80756,12.82,15.14,751.2,15.46,53.39
"2021-09-11 01:55:00",80757,12.82,15.09,751.2,15.4,53.66
"2021-09-11 02:00:00",80758,12.82,15.04,751.2,15.26,54.31
"2021-09-11 02:05:00",80759,12.82,14.96,751.2,14.88,55.38
"2021-09-11 02:10:00",80760,12.81,14.87,751.1,14.57,56.03
"2021-09-11 02:15:00",80761,12.81,14.74,751.1,14.29,57.19
"2021-09-11 02:20:00",80762,12.81,14.6,751,14.09,58.3
"2021-09-11 02:25:00",80763,12.81,14.47,751,13.88,60.71
"2021-09-11 02:30:00",80764,12.81,14.34,751,13.71,60.63
"2021-09-11 02:35:00",80765,12.8,14.19,751,13.55,61.14
"2021-09-11 02:40:00",80766,12.8,14.03,750.9,13.39,61.38
"2021-09-11 02:45:00",80767,12.8,13.9,750.8,13.43,61.06
"2021-09-11 02:50:00",80768,12.8,13.79,750.8,13.47,60.29
"2021-09-11 02:55:00",80769,12.79,13.68,750.8,13.44,60.23
"2021-09-11 03:00:00",80770,12.79,13.57,750.7,13.28,60.62
"2021-09-11 03:05:00",80771,12.78,13.48,750.8,13.24,60.79
"2021-09-11 03:10:00",80772,12.78,13.39,750.8,13.17,61.04
"2021-09-11 03:15:00",80773,12.78,13.29,750.7,13.12,60.89
"2021-09-11 03:20:00",80774,12.78,13.18,750.7,12.99,62.11
"2021-09-11 03:25:00",80775,12.78,13.1,750.7,12.93,63.15
"2021-09-11 03:30:00",80776,12.77,13.01,750.7,12.83,62.9
"2021-09-11 03:35:00",80777,12.77,12.94,750.8,12.81,61.96
"2021-09-11 03:40:00",80778,12.77,12.91,750.8,12.78,61.75
"2021-09-11 03:45:00",80779,12.77,12.84,750.8,12.59,61.77
"2021-09-11 03:50:00",80780,12.77,12.78,750.8,12.63,61.75
"2021-09-11 03:55:00",80781,12.77,12.74,750.8,12.52,62.44
"2021-09-11 04:00:00",80782,12.76,12.67,750.8,12.58,62.57
"2021-09-11 04:05:00",80783,12.76,12.6,750.8,12.48,63.08
"2021-09-11 04:10:00",80784,12.76,12.53,750.8,12.23,63.97
"2021-09-11 04:15:00",80785,12.76,12.45,750.8,12.23,63.88
"2021-09-11 04:20:00",80786,12.75,12.34,750.8,12.09,64.44
"2021-09-11 04:25:00",80787,12.75,12.24,750.9,12.21,64.05
"2021-09-11 04:30:00",80788,12.75,12.16,750.9,12.11,64.56
"2021-09-11 04:35:00",80789,12.75,12.06,750.9,12.12,64.27
"2021-09-11 04:40:00",80790,12.75,11.97,750.9,12.06,64.67
"2021-09-11 04:45:00",80791,12.75,11.9,750.9,11.97,65
"2021-09-11 04:50:00",80792,12.74,11.83,750.9,12.18,63.93
"2021-09-11 04:55:00",80793,12.74,11.78,751,11.98,62.58
"2021-09-11 05:00:00",80794,12.74,11.75,751,11.84,62.76
"2021-09-11 05:05:00",80795,12.74,11.74,751.1,11.68,63.35
"2021-09-11 05:10:00",80796,12.73,11.7,751.1,11.61,63.45
"2021-09-11 05:15:00",80797,12.73,11.65,751.2,11.69,62.97
"2021-09-11 05:20:00",80798,12.73,11.63,751.2,11.45,63.31
"2021-09-11 05:25:00",80799,12.73,11.58,751.3,11.37,63.59
"2021-09-11 05:30:00",80800,12.73,11.52,751.3,11.64,62.73
"2021-09-11 05:35:00",80801,12.73,11.51,751.4,11.5,62.88
"2021-09-11 05:40:00",80802,12.73,11.46,751.4,11.33,64.28
"2021-09-11 05:45:00",80803,12.73,11.41,751.4,11.14,65.35
"2021-09-11 05:50:00",80804,12.73,11.36,751.4,11.15,66.01
"2021-09-11 05:55:00",80805,12.73,11.29,751.5,10.91,67.09
"2021-09-11 06:00:00",80806,12.72,11.19,751.5,10.79,67.44
"2021-09-11 06:05:00",80807,12.72,11.1,751.5,10.93,66.66
"2021-09-11 06:10:00",80808,12.72,11.04,751.6,10.78,67.53
"2021-09-11 06:15:00",80809,12.71,10.99,751.6,10.94,66.95
"2021-09-11 06:20:00",80810,12.71,11,751.6,11.02,66.85
"2021-09-11 06:25:00",80811,12.72,10.98,751.7,10.96,67.24
"2021-09-11 06:30:00",80812,12.73,10.93,751.7,10.9,67.61
"2021-09-11 06:35:00",80813,12.74,10.89,751.7,11.01,66.99
"2021-09-11 06:40:00",80814,12.83,10.89,751.8,11.03,67.28
"2021-09-11 06:45:00",80815,12.95,10.98,751.8,11.4,64.96
"2021-09-11 06:50:00",80816,13.14,11.14,751.9,12.04,64.14
"2021-09-11 06:55:00",80817,13.4,11.43,752,12.22,63.88
"2021-09-11 07:00:00",80818,13.6,11.76,752.1,12.44,63.28
"2021-09-11 07:05:00",80819,13.7,12.12,752.1,12.39,63.53
"2021-09-11 07:10:00",80820,13.93,12.72,752.1,12.56,62.83
"2021-09-11 07:15:00",80821,13.91,14.13,752.1,13.87,58.69
"2021-09-11 07:20:00",80822,13.88,15.22,752.2,15.1,54.77
"2021-09-11 07:25:00",80823,13.85,16.02,752.2,15.84,52.31
"2021-09-11 07:30:00",80824,13.85,16.75,752.2,15.29,54.56
"2021-09-11 07:35:00",80825,13.82,17.42,752.3,15.28,55.23
"2021-09-11 07:40:00",80826,13.79,18.03,752.3,15.36,54.84
"2021-09-11 07:45:00",80827,13.79,18.57,752.3,15.97,52.7
"2021-09-11 07:50:00",80828,13.79,19.13,752.4,16.91,50.14
"2021-09-11 07:55:00",80829,13.76,19.72,752.4,17.13,49.7
"2021-09-11 08:00:00",80830,13.76,20.33,752.5,17.39,48.08
"2021-09-11 08:05:00",80831,13.73,20.93,752.5,17.51,48
"2021-09-11 08:10:00",80832,13.73,21.51,752.5,17.78,47.41
"2021-09-11 08:15:00",80833,13.71,22.05,752.5,17.84,46.88
"2021-09-11 08:20:00",80834,13.71,22.55,752.5,17.59,47.29
"2021-09-11 08:25:00",80835,13.68,22.94,752.5,18.19,45.12
"2021-09-11 08:30:00",80836,13.68,23.38,752.5,18.43,44.83
"2021-09-11 08:35:00",80837,13.68,23.84,752.6,18.88,43.68
"2021-09-11 08:40:00",80838,13.65,24.29,752.6,19.31,43.31
"2021-09-11 08:45:00",80839,13.66,24.7,752.6,19.2,43.36
"2021-09-11 08:50:00",80840,13.65,25.12,752.6,19.35,42.36
"2021-09-11 08:55:00",80841,13.63,25.48,752.6,19.73,42.75
"2021-09-11 09:00:00",80842,13.63,25.88,752.6,19.95,40.13
"2021-09-11 09:05:00",80843,13.63,26.28,752.6,19.99,41.04
"2021-09-11 09:10:00",80844,13.61,26.59,752.6,19.73,40.95
"2021-09-11 09:15:00",80845,13.61,26.87,752.6,20.04,40.08
"2021-09-11 09:20:00",80846,13.61,27.2,752.7,19.79,41.21
"2021-09-11 09:25:00",80847,13.61,27.36,752.6,19.82,42.15
"2021-09-11 09:30:00",80848,13.58,27.56,752.6,19.98,41.59
"2021-09-11 09:35:00",80849,13.58,27.76,752.6,20.64,40.95
"2021-09-11 09:40:00",80850,13.58,28.04,752.6,20.89,38.35
"2021-09-11 09:45:00",80851,13.58,28.41,752.6,21.89,36.51
"2021-09-11 09:50:00",80852,13.56,28.86,752.5,21.39,37.42
"2021-09-11 09:55:00",80853,13.56,29.27,752.5,20.86,38.93
"2021-09-11 10:00:00",80854,13.56,29.6,752.5,22.25,37.01
"2021-09-11 10:05:00",80855,13.56,29.92,752.5,21.55,35.66
"2021-09-11 10:10:00",80856,13.54,30.16,752.5,21.95,34.71
"2021-09-11 10:15:00",80857,13.53,30.47,752.4,22.78,32.62
"2021-09-11 10:20:00",80858,13.54,30.78,752.5,21.63,34.77
"2021-09-11 10:25:00",80859,13.52,30.96,752.5,22.29,32.75
"2021-09-11 10:30:00",80860,13.52,31.14,752.4,22.61,33.84
"2021-09-11 10:35:00",80861,13.52,31.35,752.4,22.87,32.06
"2021-09-11 10:40:00",80862,13.51,31.53,752.4,23.33,30.43
"2021-09-11 10:45:00",80863,13.51,31.68,752.4,22.39,31.82
"2021-09-11 10:50:00",80864,13.52,31.7,752.3,21.75,33.76
"2021-09-11 10:55:00",80865,13.52,31.64,752.3,22.3,32.08
"2021-09-11 11:00:00",80866,13.52,31.61,752.2,22.96,31
"2021-09-11 11:05:00",80867,13.52,31.65,752.2,23.41,28.28
"2021-09-11 11:10:00",80868,13.52,31.72,752,22.99,28.31
"2021-09-11 11:15:00",80869,13.52,31.69,752,22.71,29.77
"2021-09-11 11:20:00",80870,13.52,31.62,751.9,23.55,28.96
"2021-09-11 11:25:00",80871,13.52,31.61,751.9,23.74,29.18
"2021-09-11 11:30:00",80872,13.52,31.69,751.8,24.58,28.98
"2021-09-11 11:35:00",80873,13.52,31.81,751.7,24.23,29.26
"2021-09-11 11:40:00",80874,13.49,31.88,751.6,24.07,29.21
"2021-09-11 11:45:00",80875,13.5,31.92,751.6,24.21,29.63
"2021-09-11 11:50:00",80876,13.49,31.96,751.5,24.81,27.33
"2021-09-11 11:55:00",80877,13.5,32.06,751.4,24.6,26.81
"2021-09-11 12:00:00",80878,13.5,32.11,751.3,25.27,27.54
"2021-09-11 12:05:00",80879,13.5,32.21,751.2,24.27,24.77
"2021-09-11 12:10:00",80880,13.5,32.16,751.2,24.48,25.84
"2021-09-11 12:15:00",80881,13.5,32.06,751.1,24.41,25.29
"2021-09-11 12:20:00",80882,13.5,31.98,751,25.29,23.57
"2021-09-11 12:25:00",80883,13.5,31.93,751,25.09,23.11
"2021-09-11 12:30:00",80884,13.5,32,750.9,25.96,20.98
"2021-09-11 12:35:00",80885,13.5,32.1,750.8,25.36,21.85
"2021-09-11 12:40:00",80886,13.5,32.17,750.7,25.51,22.83
"2021-09-11 12:45:00",80887,13.5,32.23,750.6,25.45,22.68
"2021-09-11 12:50:00",80888,13.5,32.26,750.5,25.27,21.22
"2021-09-11 12:55:00",80889,13.5,32.22,750.4,25.46,22.54
"2021-09-11 13:00:00",80890,13.5,32.2,750.3,25.9,22.92
"2021-09-11 13:05:00",80891,13.5,32.19,750.2,25.79,22.29
"2021-09-11 13:10:00",80892,13.5,32.2,750.1,26.05,22.72
"2021-09-11 13:15:00",80893,13.5,32.22,750,26.4,23.37
"2021-09-11 13:20:00",80894,13.5,32.25,749.9,26.69,21.17
"2021-09-11 13:25:00",80895,13.5,32.31,749.8,26.17,22.83
"2021-09-11 13:30:00",80896,13.5,32.32,749.8,25.93,23.82
"2021-09-11 13:35:00",80897,13.5,32.35,749.6,26.29,22.53
"2021-09-11 13:40:00",80898,13.5,32.36,749.6,25.94,23.41
"2021-09-11 13:45:00",80899,13.5,32.3,749.5,25.51,24.82
"2021-09-11 13:50:00",80900,13.5,32.19,749.4,26.18,23.42
"2021-09-11 13:55:00",80901,13.5,32.12,749.3,25.26,25.22
"2021-09-11 14:00:00",80902,13.5,32.01,749.2,26.95,23.96
"2021-09-11 14:05:00",80903,13.5,32.05,749.1,27.09,23.48
"2021-09-11 14:10:00",80904,13.5,32.17,749,26.92,22.36
"2021-09-11 14:15:00",80905,13.5,32.23,748.9,25.75,23.39
"2021-09-11 14:20:00",80906,13.5,32.2,748.8,25.63,24.35
"2021-09-11 14:25:00",80907,13.5,32.15,748.7,25.9,24.02
"2021-09-11 14:30:00",80908,13.5,32.13,748.7,26.44,23.23
"2021-09-11 14:35:00",80909,13.5,32.17,748.6,25.82,23.12
"2021-09-11 14:40:00",80910,13.5,32.19,748.6,26.66,22.97
"2021-09-11 14:45:00",80911,13.5,32.28,748.5,26.36,22.88
"2021-09-11 14:50:00",80912,13.5,32.42,748.5,26.15,23.01
"2021-09-11 14:55:00",80913,13.5,32.54,748.4,26.43,22.75
"2021-09-11 15:00:00",80914,13.48,32.67,748.4,27.06,21.68
"2021-09-11 15:05:00",80915,13.48,32.83,748.2,25.99,23
"2021-09-11 15:10:00",80916,13.48,32.82,748.3,26.1,22.17
"2021-09-11 15:15:00",80917,13.48,32.75,748.2,26.38,21.91
"2021-09-11 15:20:00",80918,13.48,32.77,748.2,26.46,21.99
"2021-09-11 15:25:00",80919,13.48,32.88,748.1,27.66,21.86
"2021-09-11 15:30:00",80920,13.48,33.13,748,26.63,23.52
"2021-09-11 15:35:00",80921,13.48,33.18,748,25.84,24.64
"2021-09-11 15:40:00",80922,13.48,32.99,748,26.08,23.93
"2021-09-11 15:45:00",80923,13.47,32.81,747.9,26.08,23.62
"2021-09-11 15:50:00",80924,13.47,32.74,747.9,26.62,23.66
"2021-09-11 15:55:00",80925,13.47,32.76,747.8,26.25,24.25
"2021-09-11 16:00:00",80926,13.47,32.68,747.8,25.98,23.93
"2021-09-11 16:05:00",80927,13.47,32.5,747.8,25.82,24.36
"2021-09-11 16:10:00",80928,13.48,32.36,747.7,26.03,24.45
"2021-09-11 16:15:00",80929,13.47,32.22,747.7,26.06,24.03
"2021-09-11 16:20:00",80930,13.47,32.08,747.6,26.04,23.9
"2021-09-11 16:25:00",80931,13.47,31.97,747.6,26.09,23.66
"2021-09-11 16:30:00",80932,13.47,31.92,747.6,26.1,24.45
"2021-09-11 16:35:00",80933,13.48,31.9,747.6,26,24.38
"2021-09-11 16:40:00",80934,13.48,31.77,747.5,26.03,25.27
"2021-09-11 16:45:00",80935,13.47,31.61,747.5,25.71,24.7
"2021-09-11 16:50:00",80936,13.47,31.4,747.5,25.06,25.54
"2021-09-11 16:55:00",80937,13.47,31.12,747.5,25.11,25.65
"2021-09-11 17:00:00",80938,13.47,30.79,747.6,24.72,26.1
"2021-09-11 17:05:00",80939,13.47,30.45,747.6,24.79,26.55
"2021-09-11 17:10:00",80940,13.47,30.14,747.6,24.35,26.58
"2021-09-11 17:15:00",80941,13.47,29.87,747.6,24.22,26.78
"2021-09-11 17:20:00",80942,13.5,29.63,747.7,24.42,26.86
"2021-09-11 17:25:00",80943,13.5,29.39,747.7,24.02,26.93
"2021-09-11 17:30:00",80944,13.5,29.13,747.7,24.17,26.64
"2021-09-11 17:35:00",80945,13.5,28.9,747.7,24.07,26.7
"2021-09-11 17:40:00",80946,13.49,28.68,747.8,23.95,26.55
"2021-09-11 17:45:00",80947,13.46,28.21,747.9,23.61,27.41
"2021-09-11 17:50:00",80948,13.32,27.55,747.9,23.28,28.27
"2021-09-11 17:55:00",80949,13.2,27.1,748,23.21,28.63
"2021-09-11 18:00:00",80950,13.13,26.7,748.1,23.05,29.66
"2021-09-11 18:05:00",80951,13.08,26.33,748.1,22.67,29.97
"2021-09-11 18:10:00",80952,13.04,25.92,748.1,22.36,30.45
"2021-09-11 18:15:00",80953,13.02,25.49,748.1,22.32,29.54
"2021-09-11 18:20:00",80954,13,25.11,748.1,22.28,29.6
"2021-09-11 18:25:00",80955,12.99,24.74,748.2,22.03,30.22
"2021-09-11 18:30:00",80956,12.98,24.36,748.2,21.77,30.63
"2021-09-11 18:35:00",80957,12.97,24.02,748.2,21.81,29.83
"2021-09-11 18:40:00",80958,12.97,23.72,748.2,21.66,30.69
"2021-09-11 18:45:00",80959,12.97,23.44,748.3,21.5,31.31
"2021-09-11 18:50:00",80960,12.97,23.19,748.4,21.15,31.88
"2021-09-11 18:55:00",80961,12.96,22.92,748.5,20.9,32.22
"2021-09-11 19:00:00",80962,12.96,22.65,748.5,20.74,32.54
"2021-09-11 19:05:00",80963,12.95,22.41,748.5,20.98,32.43
"2021-09-11 19:10:00",80964,12.95,22.24,748.5,20.54,33.78
"2021-09-11 19:15:00",80965,12.95,22.06,748.6,20.62,33.33
"2021-09-11 19:20:00",80966,12.95,21.91,748.5,20.49,33.71
"2021-09-11 19:25:00",80967,12.94,21.77,748.6,20.4,34.03
"2021-09-11 19:30:00",80968,12.94,21.6,748.6,19.94,35.31
"2021-09-11 19:35:00",80969,12.94,21.45,748.7,20.12,34.47
"2021-09-11 19:40:00",80970,12.93,21.31,748.7,20.23,34.21
"2021-09-11 19:45:00",80971,12.93,21.18,748.8,19.94,35.17
"2021-09-11 19:50:00",80972,12.93,21.03,748.9,19.69,35.71
"2021-09-11 19:55:00",80973,12.93,20.85,748.9,19.7,35.74
"2021-09-11 20:00:00",80974,12.92,20.68,749,19.85,35
"2021-09-11 20:05:00",80975,12.92,20.56,749.2,19.89,35.04
"2021-09-11 20:10:00",80976,12.92,20.47,749.2,19.86,35.53
"2021-09-11 20:15:00",80977,12.92,20.39,749.3,19.67,36.39
"2021-09-11 20:20:00",80978,12.92,20.32,749.3,19.37,37.44
"2021-09-11 20:25:00",80979,12.91,20.21,749.4,19.01,38.28
"2021-09-11 20:30:00",80980,12.91,20.06,749.5,18.71,39.09
"2021-09-11 20:35:00",80981,12.91,19.89,749.6,18.83,38.88
"2021-09-11 20:40:00",80982,12.91,19.73,749.6,18.82,38.85
"2021-09-11 20:45:00",80983,12.91,19.58,749.7,18.67,39.41
"2021-09-11 20:50:00",80984,12.9,19.45,749.7,18.53,39.46
"2021-09-11 20:55:00",80985,12.9,19.3,749.8,18.44,39.61
"2021-09-11 21:00:00",80986,12.9,19.17,749.8,18.53,39.4
"2021-09-11 21:05:00",80987,12.9,19.01,749.9,18.68,39.67
"2021-09-11 21:10:00",80988,12.9,18.9,749.9,18.54,40.08
"2021-09-11 21:15:00",80989,12.89,18.82,749.9,18.43,40.35
"2021-09-11 21:20:00",80990,12.89,18.75,750,18.28,40.92
"2021-09-11 21:25:00",80991,12.89,18.68,749.9,18.06,41.44
"2021-09-11 21:30:00",80992,12.89,18.58,750,18.01,41.21
"2021-09-11 21:35:00",80993,12.89,18.49,750,17.94,41.71
"2021-09-11 21:40:00",80994,12.88,18.39,750,17.7,42.39
"2021-09-11 21:45:00",80995,12.88,18.25,750.1,17.43,43.31
"2021-09-11 21:50:00",80996,12.88,18.11,750.1,17.41,43.5
"2021-09-11 21:55:00",80997,12.88,17.99,750.1,17.58,42.76
"2021-09-11 22:00:00",80998,12.88,17.92,750.2,18.09,41.28
"2021-09-11 22:05:00",80999,12.88,17.89,750.2,17.8,41.86
"2021-09-11 22:10:00",81000,12.87,17.87,750.3,17.48,43
"2021-09-11 22:15:00",81001,12.88,17.81,750.3,17.14,43.92
"2021-09-11 22:20:00",81002,12.87,17.74,750.4,17.22,43.48
"2021-09-11 22:25:00",81003,12.87,17.66,750.3,17.09,44.13
"2021-09-11 22:30:00",81004,12.87,17.56,750.3,17.22,43.48
"2021-09-11 22:35:00",81005,12.87,17.48,750.4,17.41,43.06
"2021-09-11 22:40:00",81006,12.87,17.4,750.4,17.23,43.8
"2021-09-11 22:45:00",81007,12.86,17.3,750.4,16.81,44.76
"2021-09-11 22:50:00",81008,12.86,17.2,750.4,16.87,44.39
"2021-09-11 22:55:00",81009,12.86,17.08,750.6,16.69,45.13
"2021-09-11 23:00:00",81010,12.86,16.96,750.6,15.9,54.31
"2021-09-11 23:05:00",81011,12.86,16.81,750.7,15.79,51.01
"2021-09-11 23:10:00",81012,12.86,16.64,750.8,15.8,49.87
"2021-09-11 23:15:00",81013,12.86,16.48,750.8,15.47,50.53
"2021-09-11 23:20:00",81014,12.86,16.33,750.8,15.56,49.74
"2021-09-11 23:25:00",81015,12.85,16.18,750.8,15.7,49.94
"2021-09-11 23:30:00",81016,12.85,16.07,750.8,15.92,48.01
"2021-09-11 23:35:00",81017,12.85,15.97,750.8,15.83,48.56
"2021-09-11 23:40:00",81018,12.85,15.88,750.9,15.59,49.53
"2021-09-11 23:45:00",81019,12.85,15.78,750.9,15.42,49.41
"2021-09-11 23:50:00",81020,12.85,15.68,750.9,15.72,48.14
"2021-09-11 23:55:00",81021,12.85,15.6,750.8,15.96,46.86
"2021-09-12 00:00:00",81022,12.84,15.55,750.8,16,46.71
"2021-09-12 00:05:00",81023,12.84,15.48,750.8,15.78,49.4
"2021-09-12 00:10:00",81024,12.84,15.42,750.7,15.52,49.3
"2021-09-12 00:15:00",81025,12.84,15.36,750.7,15.85,48.25
"2021-09-12 00:20:00",81026,12.84,15.33,750.7,16.07,46.97
"2021-09-12 00:25:00",81027,12.84,15.32,750.6,16.28,46.21
"2021-09-12 00:30:00",81028,12.83,15.33,750.6,16.13,46.63
"2021-09-12 00:35:00",81029,12.84,15.33,750.6,15.95,47.64
"2021-09-12 00:40:00",81030,12.83,15.32,750.6,15.72,48.86
"2021-09-12 00:45:00",81031,12.83,15.28,750.6,15.1,53.49
"2021-09-12 00:50:00",81032,12.83,15.21,750.5,14.73,52.71
"2021-09-12 00:55:00",81033,12.83,15.14,750.5,14.93,51.6
"2021-09-12 01:00:00",81034,12.82,15.05,750.4,15.09,51.13
"2021-09-12 01:05:00",81035,12.83,14.99,750.4,15.34,51.16
"2021-09-12 01:10:00",81036,12.82,14.94,750.4,14.89,52.21
"2021-09-12 01:15:00",81037,12.82,14.88,750.4,14.64,52.69
"2021-09-12 01:20:00",81038,12.82,14.79,750.4,14.79,52.78
"2021-09-12 01:25:00",81039,12.82,14.72,750.4,14.93,52.18
"2021-09-12 01:30:00",81040,12.82,14.67,750.4,14.69,52.76
"2021-09-12 01:35:00",81041,12.82,14.63,750.3,14.53,53.23
"2021-09-12 01:40:00",81042,12.81,14.57,750.4,14.3,54.05
"2021-09-12 01:45:00",81043,12.81,14.5,750.4,14.28,53.92
"2021-09-12 01:50:00",81044,12.81,14.46,750.4,14.32,53.35
"2021-09-12 01:55:00",81045,12.81,14.4,750.5,14.35,53.14
"2021-09-12 02:00:00",81046,12.81,14.33,750.5,14.29,53.1
"2021-09-12 02:05:00",81047,12.81,14.29,750.4,14.29,53.47
"2021-09-12 02:10:00",81048,12.8,14.24,750.4,14.04,53.37
"2021-09-12 02:15:00",81049,12.8,14.22,750.4,14.12,52.62
"2021-09-12 02:20:00",81050,12.8,14.18,750.4,14.05,53.25
"2021-09-12 02:25:00",81051,12.8,14.12,750.4,14.2,52.75
"2021-09-12 02:30:00",81052,12.8,14.05,750.4,14.09,52.62
"2021-09-12 02:35:00",81053,12.8,14,750.5,13.97,53.45
"2021-09-12 02:40:00",81054,12.79,13.94,750.4,13.98,53.94
"2021-09-12 02:45:00",81055,12.79,13.88,750.3,13.86,53.65
"2021-09-12 02:50:00",81056,12.79,13.83,750.4,13.49,54.75
"2021-09-12 02:55:00",81057,12.79,13.77,750.4,13.23,56.25
"2021-09-12 03:00:00",81058,12.78,13.71,750.4,13.02,56.82
"2021-09-12 03:05:00",81059,12.78,13.62,750.3,12.91,56.83
"2021-09-12 03:10:00",81060,12.78,13.53,750.3,12.96,56.78
"2021-09-12 03:15:00",81061,12.77,13.46,750.4,12.77,57.65
"2021-09-12 03:20:00",81062,12.77,13.35,750.3,12.67,58.23
"2021-09-12 03:25:00",81063,12.77,13.24,750.4,12.8,57.98
"2021-09-12 03:30:00",81064,12.77,13.13,750.4,12.78,58.04
"2021-09-12 03:35:00",81065,12.76,13.02,750.4,12.56,58.87
"2021-09-12 03:40:00",81066,12.76,12.91,750.5,12.39,59.44
"2021-09-12 03:45:00",81067,12.76,12.78,750.5,12.23,60.21
"2021-09-12 03:50:00",81068,12.75,12.66,750.5,12.24,60.21
"2021-09-12 03:55:00",81069,12.75,12.54,750.4,12.6,59.2
"2021-09-12 04:00:00",81070,12.74,12.45,750.4,12.72,59.34
"2021-09-12 04:05:00",81071,12.74,12.4,750.4,12.69,59.63
"2021-09-12 04:10:00",81072,12.74,12.36,750.4,12.6,59.38
"2021-09-12 04:15:00",81073,12.74,12.33,750.5,12.64,59.45
"2021-09-12 04:20:00",81074,12.74,12.27,750.5,12.3,60.72
"2021-09-12 04:25:00",81075,12.74,12.25,750.5,12.86,57.57
"2021-09-12 04:30:00",81076,12.73,12.23,750.5,12.98,57.26
"2021-09-12 04:35:00",81077,12.73,12.27,750.5,13.27,56.59
"2021-09-12 04:40:00",81078,12.73,12.34,750.6,13.01,57.63
"2021-09-12 04:45:00",81079,12.72,12.37,750.6,12.66,59.15
"2021-09-12 04:50:00",81080,12.72,12.39,750.5,13.17,57.08
"2021-09-12 04:55:00",81081,12.72,12.43,750.5,13.42,56.49
"2021-09-12 05:00:00",81082,12.72,12.49,750.5,12.91,58.54
"2021-09-12 05:05:00",81083,12.72,12.51,750.5,12.53,60.26
"2021-09-12 05:10:00",81084,12.71,12.47,750.6,12.06,61.89
"2021-09-12 05:15:00",81085,12.71,12.4,750.6,11.93,62.95
"2021-09-12 05:20:00",81086,12.71,12.28,750.7,11.86,63.2
"2021-09-12 05:25:00",81087,12.71,12.16,750.7,11.98,63.08
"2021-09-12 05:30:00",81088,12.71,12.06,750.7,12.08,61.95
"2021-09-12 05:35:00",81089,12.71,12.01,750.7,12.27,60.81
"2021-09-12 05:40:00",81090,12.7,11.97,750.8,12.07,60.69
"2021-09-12 05:45:00",81091,12.7,11.93,750.8,11.82,62.85
"2021-09-12 05:50:00",81092,12.7,11.88,750.8,11.67,62.68
"2021-09-12 05:55:00",81093,12.7,11.79,750.8,11.67,62.88
"2021-09-12 06:00:00",81094,12.69,11.71,750.9,11.52,63.27
"2021-09-12 06:05:00",81095,12.69,11.6,751,11.62,62.76
"2021-09-12 06:10:00",81096,12.69,11.55,751,11.59,63.28
"2021-09-12 06:15:00",81097,12.69,11.5,751.1,11.53,63.85
"2021-09-12 06:20:00",81098,12.69,11.5,751.1,11.21,65.1
"2021-09-12 06:25:00",81099,12.7,11.45,751.2,11.06,65.56
"2021-09-12 06:30:00",81100,12.71,11.39,751.2,11.23,64.14
"2021-09-12 06:35:00",81101,12.73,11.34,751.3,11.31,62.35
"2021-09-12 06:40:00",81102,12.92,11.41,751.3,11.72,61.81
"2021-09-12 06:45:00",81103,13.1,11.57,751.4,12.28,59.98
"2021-09-12 06:50:00",81104,13.34,11.79,751.4,12.96,57.41
"2021-09-12 06:55:00",81105,13.54,12.11,751.5,12.54,61.38
"2021-09-12 07:00:00",81106,13.69,12.49,751.5,11.84,63.44
"2021-09-12 07:05:00",81107,13.74,12.9,751.5,12.17,62.67
"2021-09-12 07:10:00",81108,13.89,13.32,751.5,13.47,57.67
"2021-09-12 07:15:00",81109,13.85,13.97,751.5,14.5,53.77
"2021-09-12 07:20:00",81110,13.84,15.51,751.5,14.77,53.69
"2021-09-12 07:25:00",81111,13.85,16.42,751.5,15.27,52.2
"2021-09-12 07:30:00",81112,13.82,17.17,751.5,15.75,50.32
"2021-09-12 07:35:00",81113,13.82,17.88,751.5,15.39,51.94
"2021-09-12 07:40:00",81114,13.79,18.51,751.7,16.25,50.36
"2021-09-12 07:45:00",81115,13.76,19.12,751.7,16.73,49.96
"2021-09-12 07:50:00",81116,13.76,19.71,751.8,17.03,48.41
"2021-09-12 07:55:00",81117,13.73,20.27,751.9,17.11,49.38
"2021-09-12 08:00:00",81118,13.73,20.83,751.9,17.82,46.18
"2021-09-12 08:05:00",81119,13.74,21.42,751.9,17.87,46.6
"2021-09-12 08:10:00",81120,13.71,21.98,752,18.33,43.96
"2021-09-12 08:15:00",81121,13.71,22.53,752,18.39,43.43
"2021-09-12 08:20:00",81122,13.68,23.11,752,18.83,42.46
"2021-09-12 08:25:00",81123,13.68,23.6,752,19.37,41.39
"2021-09-12 08:30:00",81124,13.65,24.36,752,19.64,38.54
"2021-09-12 08:35:00",81125,13.66,24.98,752,19.36,37.8
"2021-09-12 08:40:00",81126,13.63,25.39,752,19.96,38.15
"2021-09-12 08:45:00",81127,13.63,25.82,752.1,20,37.14
"2021-09-12 08:50:00",81128,13.63,26.28,752.1,21.17,34.4
"2021-09-12 08:55:00",81129,13.61,26.76,752.2,21.83,32.64
"2021-09-12 09:00:00",81130,13.61,27.35,752.1,21.92,32.18
"2021-09-12 09:05:00",81131,13.58,27.88,752.2,21,33.56
"2021-09-12 09:10:00",81132,13.58,28.3,752.2,20.88,33.95
"2021-09-12 09:15:00",81133,13.58,28.68,752.2,21.91,32.98
"2021-09-12 09:20:00",81134,13.56,29.05,752.2,21.72,33.69
"2021-09-12 09:25:00",81135,13.56,29.39,752.1,22.35,32.15
"2021-09-12 09:30:00",81136,13.56,29.77,752.1,22.35,31.42
"2021-09-12 09:35:00",81137,13.53,30.1,752.1,22.1,31.8
"2021-09-12 09:40:00",81138,13.53,30.32,752.1,22.04,31.79
"2021-09-12 09:45:00",81139,13.53,30.51,752,22.26,33.34
"2021-09-12 09:50:00",81140,13.54,30.68,752,22.06,32.39
"2021-09-12 09:55:00",81141,13.53,30.77,752,21.64,32.55
"2021-09-12 10:00:00",81142,13.53,30.83,751.9,23.43,29.36
"2021-09-12 10:05:00",81143,13.51,31.11,751.9,23.59,29.91
"2021-09-12 10:10:00",81144,13.51,31.44,751.9,24.34,29.23
"2021-09-12 10:15:00",81145,13.52,31.87,751.9,23.57,29.78
"2021-09-12 10:20:00",81146,13.49,32.24,751.9,24.75,28.99
"2021-09-12 10:25:00",81147,13.49,32.64,751.9,23.99,29.34
"2021-09-12 10:30:00",81148,13.49,32.9,751.8,24.2,29.39
"2021-09-12 10:35:00",81149,13.49,33.12,751.8,24.08,29.28
"2021-09-12 10:40:00",81150,13.49,33.28,751.7,24.86,27.92
"2021-09-12 10:45:00",81151,13.47,33.46,751.7,24.41,28.9
"2021-09-12 10:50:00",81152,13.47,33.62,751.7,23.74,30.53
"2021-09-12 10:55:00",81153,13.47,33.6,751.7,23.53,30.81
"2021-09-12 11:00:00",81154,13.47,33.52,751.7,24.33,24.53
"2021-09-12 11:05:00",81155,13.47,33.48,751.6,23.95,26.83
"2021-09-12 11:10:00",81156,13.47,33.39,751.5,23.81,26.82
"2021-09-12 11:15:00",81157,13.47,33.32,751.5,23.75,26.34
"2021-09-12 11:20:00",81158,13.47,33.24,751.4,24.06,27.04
"2021-09-12 11:25:00",81159,13.47,33.27,751.3,25.96,25.75
"2021-09-12 11:30:00",81160,13.47,33.42,751.3,25.22,23.56
"2021-09-12 11:35:00",81161,13.47,33.59,751.1,25.81,25.12
"2021-09-12 11:40:00",81162,13.47,33.8,751,24.76,25.28
"2021-09-12 11:45:00",81163,13.47,33.79,751,24.14,27.59
"2021-09-12 11:50:00",81164,13.47,33.6,750.9,24.18,25.41
"2021-09-12 11:55:00",81165,13.47,33.37,750.8,25.18,25.14
"2021-09-12 12:00:00",81166,13.47,33.27,750.7,25.71,25.38
"2021-09-12 12:05:00",81167,13.47,33.28,750.6,25.01,25.34
"2021-09-12 12:10:00",81168,13.47,33.24,750.5,24.72,24.9
"2021-09-12 12:15:00",81169,13.47,33.14,750.4,24.88,25.12
"2021-09-12 12:20:00",81170,13.47,33.1,750.3,26.25,23.88
"2021-09-12 12:25:00",81171,13.48,33.12,750.2,25.25,24.8
"2021-09-12 12:30:00",81172,13.47,33.11,750.2,25.47,24.27
"2021-09-12 12:35:00",81173,13.48,33.11,750.1,25.58,24.35
"2021-09-12 12:40:00",81174,13.48,33.14,750,26.36,23.43
"2021-09-12 12:45:00",81175,13.48,33.21,749.8,25.75,24.22
"2021-09-12 12:50:00",81176,13.48,33.28,749.7,26.16,23.77
"2021-09-12 12:55:00",81177,13.48,33.36,749.6,27.03,22.72
"2021-09-12 13:00:00",81178,13.48,33.52,749.6,28.36,21.41
"2021-09-12 13:05:00",81179,13.48,33.75,749.5,27.54,22.82
"2021-09-12 13:10:00",81180,13.48,33.94,749.4,28.82,21.02
"2021-09-12 13:15:00",81181,13.48,34.19,749.3,27.46,22.75
"2021-09-12 13:20:00",81182,13.45,34.32,749.2,27.28,22.6
"2021-09-12 13:25:00",81183,13.45,34.35,749.1,26.56,23.69
"2021-09-12 13:30:00",81184,13.45,34.32,749,26.34,23.71
"2021-09-12 13:35:00",81185,13.46,34.25,748.9,27.11,22.65
"2021-09-12 13:40:00",81186,13.45,34.2,748.8,26.77,23.46
"2021-09-12 13:45:00",81187,13.45,33.96,748.8,25.67,25
"2021-09-12 13:50:00",81188,13.45,33.62,748.7,26.48,23.99
"2021-09-12 13:55:00",81189,13.45,33.39,748.6,26.14,24.52
"2021-09-12 14:00:00",81190,13.45,33.29,748.4,27.64,22.55
"2021-09-12 14:05:00",81191,13.45,33.35,748.4,27.39,23.23
"2021-09-12 14:10:00",81192,13.46,33.35,748.3,27.21,23.35
"2021-09-12 14:15:00",81193,13.45,33.37,748.2,27.12,24.18
"2021-09-12 14:20:00",81194,13.46,33.36,748.2,27.13,24.21
"2021-09-12 14:25:00",81195,13.45,33.32,748.1,26.88,24.4
"2021-09-12 14:30:00",81196,13.45,33.22,748,26.56,23.66
"2021-09-12 14:35:00",81197,13.46,33.03,747.8,25.91,25.26
"2021-09-12 14:40:00",81198,13.46,32.75,747.8,25.46,25.98
"2021-09-12 14:45:00",81199,13.45,32.51,747.5,25.68,25.66
"2021-09-12 14:50:00",81200,13.45,32.33,747.6,25.4,25.98
"2021-09-12 14:55:00",81201,13.45,32.16,747.4,25.68,26.17
"2021-09-12 15:00:00",81202,13.45,32.02,747.2,25.4,27.07
"2021-09-12 15:05:00",81203,13.45,31.88,747.2,26.07,25.07
"2021-09-12 15:10:00",81204,13.45,31.79,747.2,26.08,25.34
"2021-09-12 15:15:00",81205,13.45,31.75,747.2,26.27,23.98
"2021-09-12 15:20:00",81206,13.45,31.83,747.2,26.38,24.68
"2021-09-12 15:25:00",81207,13.45,31.99,747.2,27.04,23.13
"2021-09-12 15:30:00",81208,13.45,32.19,747.2,26.77,23.53
"2021-09-12 15:35:00",81209,13.45,32.36,747.1,26.88,23.68
"2021-09-12 15:40:00",81210,13.45,32.5,747.1,26.45,23.92
"2021-09-12 15:45:00",81211,13.45,32.6,747.1,27.21,22.66
"2021-09-12 15:50:00",81212,13.45,32.81,747,26.87,23.95
"2021-09-12 15:55:00",81213,13.45,33.08,746.3,26.36,23.99
"2021-09-12 16:00:00",81214,13.45,33.13,746.9,25.81,25.46
"2021-09-12 16:05:00",81215,13.45,33.02,746.9,26.74,24.08
"2021-09-12 16:10:00",81216,13.46,32.97,746.7,26.1,25
"2021-09-12 16:15:00",81217,13.45,32.87,746.8,25.22,26.85
"2021-09-12 16:20:00",81218,13.46,32.62,746.9,25.5,26.26
"2021-09-12 16:25:00",81219,13.45,32.32,746.8,25.29,27.3
"2021-09-12 16:30:00",81220,13.45,32.06,746.9,25.44,26.46
"2021-09-12 16:35:00",81221,13.45,31.91,746.8,26.12,26.17
"2021-09-12 16:40:00",81222,13.45,31.87,746.9,25.91,26.43
"2021-09-12 16:45:00",81223,13.46,31.85,746.9,25.7,25.18
"2021-09-12 16:50:00",81224,13.45,31.58,746.9,25.16,26.34
"2021-09-12 16:55:00",81225,13.45,31.35,746.8,25.42,26.73
"2021-09-12 17:00:00",81226,13.45,30.9,746.9,24.2,28.58
"2021-09-12 17:05:00",81227,13.42,30.31,746.9,23.88,29.8
"2021-09-12 17:10:00",81228,13.27,29.29,746.9,23.58,30.79
"2021-09-12 17:15:00",81229,13.23,28.59,747,23.53,30.65
"2021-09-12 17:20:00",81230,13.17,27.99,747,23.41,31.21
"2021-09-12 17:25:00",81231,13.13,27.51,747.1,23.34,31.24
"2021-09-12 17:30:00",81232,13.09,27.1,747.2,23.68,29.31
"2021-09-12 17:35:00",81233,13.05,26.75,747.2,23.34,29.96
"2021-09-12 17:40:00",81234,13.03,26.42,747.3,23.17,30.01
"2021-09-12 17:45:00",81235,13.02,26.13,747.3,23.1,30.61
"2021-09-12 17:50:00",81236,13.01,25.86,747.3,23.09,29.97
"2021-09-12 17:55:00",81237,13,25.66,747.4,23.1,30.07
"2021-09-12 18:00:00",81238,12.99,25.48,747.3,23.2,30.89
"2021-09-12 18:05:00",81239,12.98,25.34,747.5,23.09,30.88
"2021-09-12 18:10:00",81240,12.97,25.21,747.6,23.03,30.1
"2021-09-12 18:15:00",81241,12.96,25.07,747.6,22.82,30.96
"2021-09-12 18:20:00",81242,12.94,24.94,747.7,22.71,31.31
"2021-09-12 18:25:00",81243,12.94,24.78,747.8,22.61,31.57
"2021-09-12 18:30:00",81244,12.94,24.57,747.9,22.42,32.09
"2021-09-12 18:35:00",81245,12.93,24.35,747.9,22.27,32.44
"2021-09-12 18:40:00",81246,12.93,24.16,747.9,21.63,34.51
"2021-09-12 18:45:00",81247,12.93,23.97,748,21.66,35.6
"2021-09-12 18:50:00",81248,12.92,23.79,748.2,21.43,36.17
"2021-09-12 18:55:00",81249,12.92,23.62,748.3,21.13,37.59
"2021-09-12 19:00:00",81250,12.92,23.41,748.4,20.86,38.15
"2021-09-12 19:05:00",81251,12.92,23.18,748.4,20.83,39.22
"2021-09-12 19:10:00",81252,12.91,22.97,748.4,20.41,40.63
"2021-09-12 19:15:00",81253,12.91,22.76,748.5,20.26,41.04
"2021-09-12 19:20:00",81254,12.91,22.54,748.6,20.1,41.31
"2021-09-12 19:25:00",81255,12.91,22.33,748.6,20.2,41.07
"2021-09-12 19:30:00",81256,12.9,22.17,748.7,20.16,41.25
"2021-09-12 19:35:00",81257,12.9,22.02,748.8,20.02,41.63
"2021-09-12 19:40:00",81258,12.9,21.89,748.9,20.41,38.72
"2021-09-12 19:45:00",81259,12.9,21.79,749,20.62,38.48
"2021-09-12 19:50:00",81260,12.9,21.74,749,20.86,38.08
"2021-09-12 19:55:00",81261,12.89,21.72,748.9,20.78,37.55
"2021-09-12 20:00:00",81262,12.89,21.65,748.8,20.94,37.17
"2021-09-12 20:05:00",81263,12.89,21.63,748.9,20.82,38.21
"2021-09-12 20:10:00",81264,12.89,21.63,749,20.84,37.1
"2021-09-12 20:15:00",81265,12.89,21.66,749.2,20.95,36.78
"2021-09-12 20:20:00",81266,12.88,21.67,749.4,20.89,38.67
"2021-09-12 20:25:00",81267,12.88,21.66,749.5,20.31,40.3
"2021-09-12 20:30:00",81268,12.88,21.59,749.7,19.62,42.67
"2021-09-12 20:35:00",81269,12.88,21.46,749.7,19.38,42.77
"2021-09-12 20:40:00",81270,12.88,21.3,750,19.27,43.08
"2021-09-12 20:45:00",81271,12.88,21.12,750.1,19.28,42.57
"2021-09-12 20:50:00",81272,12.88,20.97,750.1,20.2,39.71
"2021-09-12 20:55:00",81273,12.88,20.93,750.2,20.18,39.64
"2021-09-12 21:00:00",81274,12.88,20.92,750.3,20.02,40.33
"2021-09-12 21:05:00",81275,12.87,20.92,750.3,19.84,40.8
"2021-09-12 21:10:00",81276,12.87,20.89,750.3,19.6,41.8
"2021-09-12 21:15:00",81277,12.87,20.83,750.3,19.65,41.58
"2021-09-12 21:20:00",81278,12.87,20.75,750.3,19.57,41.74
"2021-09-12 21:25:00",81279,12.87,20.65,750.2,19.6,41.71
"2021-09-12 21:30:00",81280,12.87,20.56,750.3,19.8,41.73
"2021-09-12 21:35:00",81281,12.87,20.5,750.3,19.88,41.55
"2021-09-12 21:40:00",81282,12.87,20.44,750.3,19.86,41.67
"2021-09-12 21:45:00",81283,12.87,20.4,750.4,19.61,42.35
"2021-09-12 21:50:00",81284,12.87,20.35,750.3,19.16,43.9
"2021-09-12 21:55:00",81285,12.87,20.25,750.3,18.49,45.51
"2021-09-12 22:00:00",81286,12.86,20.13,750.4,18.21,46.2
"2021-09-12 22:05:00",81287,12.86,19.94,750.4,17.87,47.32
"2021-09-12 22:10:00",81288,12.86,19.76,750.5,17.84,47.45
"2021-09-12 22:15:00",81289,12.86,19.61,750.5,18.09,46.63
"2021-09-12 22:20:00",81290,12.86,19.47,750.5,18.23,45.76
"2021-09-12 22:25:00",81291,12.86,19.39,750.6,18.26,45.64
"2021-09-12 22:30:00",81292,12.86,19.31,750.6,18.01,46.43
"2021-09-12 22:35:00",81293,12.86,19.24,750.7,18.11,46.31
"2021-09-12 22:40:00",81294,12.85,19.17,750.7,18.17,46.35
"2021-09-12 22:45:00",81295,12.85,19.14,750.7,18.23,46.14
"2021-09-12 22:50:00",81296,12.85,19.1,750.7,18.19,46.23
"2021-09-12 22:55:00",81297,12.85,19.07,750.7,18.11,46.44
"2021-09-12 23:00:00",81298,12.85,19.02,750.7,18.03,46.71
"2021-09-12 23:05:00",81299,12.85,18.85,750.8,18.02,46.84
"2021-09-12 23:10:00",81300,12.85,18.74,750.7,17.96,47.02
"2021-09-12 23:15:00",81301,12.85,18.65,750.7,17.81,47.47
"2021-09-12 23:20:00",81302,12.84,18.57,750.7,17.59,48.04
"2021-09-12 23:25:00",81303,12.84,18.47,750.8,17.68,48.08
"2021-09-12 23:30:00",81304,12.84,18.37,750.7,17.13,49.89
"2021-09-12 23:35:00",81305,12.84,18.23,750.8,16.83,51.09
"2021-09-12 23:40:00",81306,12.83,18.09,750.7,16.65,51.65
"2021-09-12 23:45:00",81307,12.83,17.97,750.7,16.61,51.55
"2021-09-12 23:50:00",81308,12.83,17.83,750.6,16.35,53.64
"2021-09-12 23:55:00",81309,12.83,17.69,750.6,16.04,53.78
"2021-09-13 00:00:00",81310,12.83,17.53,750.6,15.83,54.39
"2021-09-13 00:05:00",81311,12.83,17.37,750.7,16.03,53.75
"2021-09-13 00:10:00",81312,12.83,17.24,750.7,16.31,52.87
"2021-09-13 00:15:00",81313,12.83,17.15,750.6,15.98,53.44
"2021-09-13 00:20:00",81314,12.82,17.04,750.6,16.1,52.59
"2021-09-13 00:25:00",81315,12.82,16.96,750.5,16.15,52.54
"2021-09-13 00:30:00",81316,12.82,16.88,750.5,16.3,52.1
"2021-09-13 00:35:00",81317,12.82,16.84,750.5,16.1,52.78
"2021-09-13 00:40:00",81318,12.81,16.8,750.5,15.98,53.22
"2021-09-13 00:45:00",81319,12.81,16.75,750.5,15.72,54.04
"2021-09-13 00:50:00",81320,12.81,16.64,750.3,15.69,54.22
"2021-09-13 00:55:00",81321,12.81,16.56,750.3,15.64,54.52
"2021-09-13 01:00:00",81322,12.8,16.45,750.3,15.54,55.02
"2021-09-13 01:05:00",81323,12.8,16.36,750.2,15.56,54.38
"2021-09-13 01:10:00",81324,12.8,16.3,750.2,15.98,53.47
"2021-09-13 01:15:00",81325,12.8,16.2,750.3,15.21,57.09
"2021-09-13 01:20:00",81326,12.79,16.07,750.3,15.12,56.29
"2021-09-13 01:25:00",81327,12.79,15.98,750.3,15.04,58.09
"2021-09-13 01:30:00",81328,12.79,15.87,750.2,14.88,57.04
"2021-09-13 01:35:00",81329,12.78,15.79,750.1,14.94,56.57
"2021-09-13 01:40:00",81330,12.78,15.71,750.1,15.02,56.28
"2021-09-13 01:45:00",81331,12.78,15.65,750.1,14.96,56.33
"2021-09-13 01:50:00",81332,12.78,15.57,750,14.73,57.71
"2021-09-13 01:55:00",81333,12.77,15.48,750,14.51,61.53
"2021-09-13 02:00:00",81334,12.77,15.4,750,14.15,60.49
"2021-09-13 02:05:00",81335,12.77,15.3,750,14.62,57.49
"2021-09-13 02:10:00",81336,12.77,15.17,750,14.63,58
"2021-09-13 02:15:00",81337,12.76,15.1,750,14.41,58.53
"2021-09-13 02:20:00",81338,12.76,15.06,750,14.3,58.88
"2021-09-13 02:25:00",81339,12.76,15.01,750.1,13.99,60.08
"2021-09-13 02:30:00",81340,12.76,15,750.1,13.83,60.23
"2021-09-13 02:35:00",81341,12.75,14.97,750.1,13.95,59.63
"2021-09-13 02:40:00",81342,12.75,14.95,750.1,13.73,60.01
"2021-09-13 02:45:00",81343,12.75,14.91,750,13.49,60.65
"2021-09-13 02:50:00",81344,12.74,14.85,750.1,13.55,60.19
"2021-09-13 02:55:00",81345,12.74,14.79,750.1,13.45,60.23
"2021-09-13 03:00:00",81346,12.74,14.72,750.2,13.52,59.59
"2021-09-13 03:05:00",81347,12.73,14.62,750.2,13.47,59.79
"2021-09-13 03:10:00",81348,12.73,14.56,750.2,13.57,59.15
"2021-09-13 03:15:00",81349,12.73,14.53,750.2,13.88,58.87
"2021-09-13 03:20:00",81350,12.73,14.5,750.1,13.91,58.96
"2021-09-13 03:25:00",81351,12.72,14.44,750,13.69,59.91
"2021-09-13 03:30:00",81352,12.72,14.4,750.1,13.51,60.42
"2021-09-13 03:35:00",81353,12.72,14.29,750.1,13.3,61.39
"2021-09-13 03:40:00",81354,12.71,14.2,750,13.17,61.96
"2021-09-13 03:45:00",81355,12.71,14.1,750,13.39,61.11
"2021-09-13 03:50:00",81356,12.71,14,750.1,13.04,62.58
"2021-09-13 03:55:00",81357,12.71,13.91,750.1,13.09,62.12
"2021-09-13 04:00:00",81358,12.7,13.82,750.1,13.26,61.71
"2021-09-13 04:05:00",81359,12.7,13.75,750,12.43,65.05
"2021-09-13 04:10:00",81360,12.7,13.64,750,12.05,66.66
"2021-09-13 04:15:00",81361,12.69,13.52,750,12.42,65.63
"2021-09-13 04:20:00",81362,12.69,13.42,750.1,12.46,65.43
"2021-09-13 04:25:00",81363,12.69,13.33,750.1,12.7,64.89
"2021-09-13 04:30:00",81364,12.69,13.24,750.1,12.86,64.61
"2021-09-13 04:35:00",81365,12.68,13.18,750.2,12.63,65.44
"2021-09-13 04:40:00",81366,12.68,13.14,750.1,13.27,62.21
"2021-09-13 04:45:00",81367,12.68,13.14,750.2,13.52,61.13
"2021-09-13 04:50:00",81368,12.68,13.19,750.2,13.23,62.59
"2021-09-13 04:55:00",81369,12.67,13.23,750.2,13.2,62.73
"2021-09-13 05:00:00",81370,12.67,13.25,750.2,13.18,62.52
"2021-09-13 05:05:00",81371,12.67,13.27,750.3,13.34,62.13
"2021-09-13 05:10:00",81372,12.67,13.27,750.3,13,63.08
"2021-09-13 05:15:00",81373,12.68,13.17,750.5,12.78,63.77
"2021-09-13 05:20:00",81374,12.67,13.09,750.5,12.91,62.59
"2021-09-13 05:25:00",81375,12.67,13.08,750.6,12.64,63.98
"2021-09-13 05:30:00",81376,12.67,13.03,750.6,12.42,64.18
"2021-09-13 05:35:00",81377,12.67,13,750.7,12.25,64.41
"2021-09-13 05:40:00",81378,12.66,12.94,750.7,12,64.83
"2021-09-13 05:45:00",81379,12.66,12.86,750.7,12.25,61.78
"2021-09-13 05:50:00",81380,12.66,12.82,750.8,12.22,62.09
"2021-09-13 05:55:00",81381,12.66,12.79,750.8,12.16,62
"2021-09-13 06:00:00",81382,12.66,12.72,750.8,12.06,62.01
"2021-09-13 06:05:00",81383,12.65,12.66,750.8,12.31,60.96
"2021-09-13 06:10:00",81384,12.65,12.6,750.8,12.24,62.39
"2021-09-13 06:15:00",81385,12.65,12.63,750.9,11.69,65.68
"2021-09-13 06:20:00",81386,12.65,12.63,751,11.61,66.59
"2021-09-13 06:25:00",81387,12.66,12.63,751.1,11.36,68.15
"2021-09-13 06:30:00",81388,12.68,12.61,751.2,11.33,68.4
"2021-09-13 06:35:00",81389,12.72,12.59,751.2,11.49,67.74
"2021-09-13 06:40:00",81390,12.82,12.64,751.3,11.79,67.63
"2021-09-13 06:45:00",81391,12.96,12.74,751.3,12.31,65.61
"2021-09-13 06:50:00",81392,13.17,12.91,751.4,12.84,62.73
"2021-09-13 06:55:00",81393,13.43,13.2,751.4,13.52,59.97
"2021-09-13 07:00:00",81394,13.61,13.57,751.5,13.9,57.97
"2021-09-13 07:05:00",81395,13.74,14.02,751.5,13.9,56.89
"2021-09-13 07:10:00",81396,13.81,14.51,751.6,13.56,58.25
"2021-09-13 07:15:00",81397,13.89,15.02,751.6,13.83,57.27
"2021-09-13 07:20:00",81398,13.97,15.59,751.7,14.45,55.44
"2021-09-13 07:25:00",81399,13.82,17.22,751.6,15.64,51.45
"2021-09-13 07:30:00",81400,13.79,18.03,751.6,16.32,48.78
"2021-09-13 07:35:00",81401,13.79,18.76,751.7,16.83,45.78
"2021-09-13 07:40:00",81402,13.76,19.45,751.7,17.57,42.89
"2021-09-13 07:45:00",81403,13.76,20.15,751.7,17.89,46.41
"2021-09-13 07:50:00",81404,13.73,20.85,751.8,17.45,46.77
"2021-09-13 07:55:00",81405,13.73,21.49,751.8,16.12,51.43
"2021-09-13 08:00:00",81406,13.7,21.96,751.9,15.28,54.89
"2021-09-13 08:05:00",81407,13.71,22.34,751.9,16.1,50.93
"2021-09-13 08:10:00",81408,13.7,22.75,751.9,16.75,48.43
"2021-09-13 08:15:00",81409,13.68,23.16,752,16.83,48.41
"2021-09-13 08:20:00",81410,13.68,23.52,752,17.83,45.39
"2021-09-13 08:25:00",81411,13.65,24,752,17.79,44.57
"2021-09-13 08:30:00",81412,13.65,24.44,752,18.71,42.83
"2021-09-13 08:35:00",81413,13.65,24.92,752,19.76,40.76
"2021-09-13 08:40:00",81414,13.63,25.5,752.1,20.43,39.02
"2021-09-13 08:45:00",81415,13.63,26.08,752.1,21.07,38.07
"2021-09-13 08:50:00",81416,13.6,26.7,752.1,21.67,35.54
"2021-09-13 08:55:00",81417,13.6,27.28,752.1,21.28,37.11
"2021-09-13 09:00:00",81418,13.58,27.84,752.1,21.01,37.45
"2021-09-13 09:05:00",81419,13.58,28.25,752.1,20.87,37.69
"2021-09-13 09:10:00",81420,13.58,28.64,752.1,21.1,38.04
"2021-09-13 09:15:00",81421,13.56,29.05,752.1,22.16,35.06
"2021-09-13 09:20:00",81422,13.55,29.43,752,22.27,35
"2021-09-13 09:25:00",81423,13.55,29.83,752,21.88,36.15
"2021-09-13 09:30:00",81424,13.53,30.08,751.9,21.61,36.39
"2021-09-13 09:35:00",81425,13.53,30.32,751.9,22.31,34.41
"2021-09-13 09:40:00",81426,13.53,30.52,751.9,21.97,35.5
"2021-09-13 09:45:00",81427,13.53,30.73,751.9,22.03,35.71
"2021-09-13 09:50:00",81428,13.53,30.95,751.9,22.93,32.97
"2021-09-13 09:55:00",81429,13.51,31.19,751.8,22.39,34.55
"2021-09-13 10:00:00",81430,13.51,31.34,751.8,22.39,33.09
"2021-09-13 10:05:00",81431,13.51,31.47,751.7,22.87,32.4
"2021-09-13 10:10:00",81432,13.51,31.62,751.7,22.53,33.47
"2021-09-13 10:15:00",81433,13.51,31.75,751.7,22.8,31.82
"2021-09-13 10:20:00",81434,13.51,31.87,751.6,23.61,30.92
"2021-09-13 10:25:00",81435,13.51,32.02,751.6,22.87,32.5
"2021-09-13 10:30:00",81436,13.51,32.03,751.5,22.95,31.6
"2021-09-13 10:35:00",81437,13.51,32,751.5,22.88,31
"2021-09-13 10:40:00",81438,13.51,32.02,751.4,23.57,30.99
"2021-09-13 10:45:00",81439,13.51,32.21,751.3,24.47,29.78
"2021-09-13 10:50:00",81440,13.49,32.52,751.2,24.1,29.04
"2021-09-13 10:55:00",81441,13.48,32.78,751.1,25.34,27.82
"2021-09-13 11:00:00",81442,13.49,33.13,751,24.59,27.35
"2021-09-13 11:05:00",81443,13.49,33.32,751,23.94,28.32
"2021-09-13 11:10:00",81444,13.49,33.33,750.8,24.47,27.1
"2021-09-13 11:15:00",81445,13.49,33.35,750.8,25.36,25.26
"2021-09-13 11:20:00",81446,13.46,33.32,750.7,24.67,26.81
"2021-09-13 11:25:00",81447,13.46,33.18,750.5,24.95,27.18
"2021-09-13 11:30:00",81448,13.46,33.1,750.4,24.66,25.93
"2021-09-13 11:35:00",81449,13.46,33.08,750.3,25.11,25.75
"2021-09-13 11:40:00",81450,13.46,33.2,750.2,25.88,22.92
"2021-09-13 11:45:00",81451,13.47,33.3,750,25.65,23.94
"2021-09-13 11:50:00",81452,13.46,33.39,749.9,26.39,24.75
"2021-09-13 11:55:00",81453,13.47,33.53,749.8,26.4,23.75
"2021-09-13 12:00:00",81454,13.46,33.65,749.7,26.56,24.07
"2021-09-13 12:05:00",81455,13.47,33.42,749.6,25.76,24.56
"2021-09-13 12:10:00",81456,13.47,33.13,749.5,25.27,24.53
"2021-09-13 12:15:00",81457,13.46,32.84,749.4,25.67,24.35
"2021-09-13 12:20:00",81458,13.47,32.63,749.3,26.02,23.83
"2021-09-13 12:25:00",81459,13.46,32.57,749.2,26.39,22.95
"2021-09-13 12:30:00",81460,13.47,32.61,749.1,26.52,22.2
"2021-09-13 12:35:00",81461,13.47,32.67,749,26.81,22.56
"2021-09-13 12:40:00",81462,13.47,32.67,748.9,26.6,22.59
"2021-09-13 12:45:00",81463,13.47,32.67,748.8,26.9,22.19
"2021-09-13 12:50:00",81464,13.47,32.76,748.6,27.17,21.96
"2021-09-13 12:55:00",81465,13.47,32.82,748.6,27.18,21.79
"2021-09-13 13:00:00",81466,13.47,32.78,748.5,26.96,23.06
"2021-09-13 13:05:00",81467,13.47,32.64,748.4,26.71,22.42
"2021-09-13 13:10:00",81468,13.47,32.51,748.3,27.12,21.33
"2021-09-13 13:15:00",81469,13.47,32.52,748.2,27.7,20.6
"2021-09-13 13:20:00",81470,13.48,32.66,748.1,27.78,20.12
"2021-09-13 13:25:00",81471,13.47,32.85,748,27.61,21.09
"2021-09-13 13:30:00",81472,13.47,33.04,747.9,28.53,19.92
"2021-09-13 13:35:00",81473,13.48,33.25,747.7,28,25.34
"2021-09-13 13:40:00",81474,13.48,33.33,747.6,27.66,26.35
"2021-09-13 13:45:00",81475,13.48,33.3,747.5,26.87,27.59
"2021-09-13 13:50:00",81476,13.48,33.18,747.4,26.79,27.52
"2021-09-13 13:55:00",81477,13.47,33.02,747.2,26.84,26.7
"2021-09-13 14:00:00",81478,13.48,32.86,747.1,26.78,26.42
"2021-09-13 14:05:00",81479,13.48,32.71,747,26.75,27.52
"2021-09-13 14:10:00",81480,13.47,32.57,746.8,27.09,27.75
"2021-09-13 14:15:00",81481,13.48,32.48,746.7,26.99,28.15
"2021-09-13 14:20:00",81482,13.48,32.42,746.6,26.73,29.15
"2021-09-13 14:25:00",81483,13.48,32.33,746.3,27.18,28.03
"2021-09-13 14:30:00",81484,13.48,32.3,746.4,26.96,27.94
"2021-09-13 14:35:00",81485,13.48,32.3,746.2,27.41,27.67
"2021-09-13 14:40:00",81486,13.47,32.37,746.1,27.78,27.39
"2021-09-13 14:45:00",81487,13.48,32.51,746,27.64,27.79
"2021-09-13 14:50:00",81488,13.48,32.72,745.9,27.68,26.21
"2021-09-13 14:55:00",81489,13.48,32.88,745.8,27.21,27.83
"2021-09-13 15:00:00",81490,13.48,32.96,745.7,27.26,27.01
"2021-09-13 15:05:00",81491,13.48,33.12,745.5,28.51,25.31
"2021-09-13 15:10:00",81492,13.48,33.39,745.5,28.06,23.38
"2021-09-13 15:15:00",81493,13.48,33.56,745.4,28.33,23.71
"2021-09-13 15:20:00",81494,13.48,33.75,745.3,28.28,25.43
"2021-09-13 15:25:00",81495,13.48,33.87,745.1,27.98,26.03
"2021-09-13 15:30:00",81496,13.48,33.9,744.8,26.96,29.07
"2021-09-13 15:35:00",81497,13.48,33.68,745,26.91,29.3
"2021-09-13 15:40:00",81498,13.48,33.4,744.9,26.71,28.78
"2021-09-13 15:45:00",81499,13.48,33.14,744.9,27.05,27.95
"2021-09-13 15:50:00",81500,13.48,32.81,744.7,26.05,31.2
"2021-09-13 15:55:00",81501,13.48,32.28,744.9,25.85,30.91
"2021-09-13 16:00:00",81502,13.48,31.71,744.9,25.85,31.35
"2021-09-13 16:05:00",81503,13.48,31.23,744.7,25.69,31.77
"2021-09-13 16:10:00",81504,13.48,30.82,744.9,25.72,31.03
"2021-09-13 16:15:00",81505,13.48,30.5,744.9,25.63,31.06
"2021-09-13 16:20:00",81506,13.48,30.25,744.8,25.52,31.02
"2021-09-13 16:25:00",81507,13.47,30.09,744.9,25.94,31.05
"2021-09-13 16:30:00",81508,13.48,29.98,744.8,25.54,30.75
"2021-09-13 16:35:00",81509,13.48,29.86,745,25.31,31.64
"2021-09-13 16:40:00",81510,13.48,29.8,745,25.68,31.17
"2021-09-13 16:45:00",81511,13.5,29.76,744.9,25.22,32.67
"2021-09-13 16:50:00",81512,13.5,29.73,745,25.28,31.54
"2021-09-13 16:55:00",81513,13.5,29.73,745.1,25.26,32.21
"2021-09-13 17:00:00",81514,13.5,29.75,745.2,25.13,31.89
"2021-09-13 17:05:00",81515,13.5,29.71,745.3,25.07,32.05
"2021-09-13 17:10:00",81516,13.5,29.64,745.3,24.92,31.57
"2021-09-13 17:15:00",81517,13.5,29.45,745.2,24.68,32.39
"2021-09-13 17:20:00",81518,13.5,29.31,745.2,24.57,32.95
"2021-09-13 17:25:00",81519,13.5,29.16,745.2,24.74,32.5
"2021-09-13 17:30:00",81520,13.5,29.01,745.2,24.88,30.49
"2021-09-13 17:35:00",81521,13.22,28.19,745.2,24.23,32.99
"2021-09-13 17:40:00",81522,13.13,27.59,745.4,23.55,35.02
"2021-09-13 17:45:00",81523,13.07,27.07,745.2,23.32,35.47
"2021-09-13 17:50:00",81524,13.04,26.58,745.3,23.31,35.04
"2021-09-13 17:55:00",81525,13.03,26.14,745.4,22.8,36.7
"2021-09-13 18:00:00",81526,13.02,25.75,745.4,22.86,36.45
"2021-09-13 18:05:00",81527,13.01,25.42,745.4,22.57,37.27
"2021-09-13 18:10:00",81528,12.98,25.31,745.6,22.34,37.84
"2021-09-13 18:15:00",81529,12.97,25.17,745.6,22.33,37.58
"2021-09-13 18:20:00",81530,12.96,24.96,745.8,22.48,36.9
"2021-09-13 18:25:00",81531,12.95,24.76,745.8,22.41,36.73
"2021-09-13 18:30:00",81532,12.95,24.52,745.9,22.36,36.69
"2021-09-13 18:35:00",81533,12.94,24.37,745.9,22.33,36.66
"2021-09-13 18:40:00",81534,12.94,24.22,746,22.33,36.53
"2021-09-13 18:45:00",81535,12.94,24.09,746,22.09,37.52
"2021-09-13 18:50:00",81536,12.94,23.97,746,22.01,37.71
"2021-09-13 18:55:00",81537,12.94,23.85,746.3,22.12,37.42
"2021-09-13 19:00:00",81538,12.93,23.76,746.3,22.04,37.48
"2021-09-13 19:05:00",81539,12.93,23.66,746.3,22.09,37.09
"2021-09-13 19:10:00",81540,12.93,23.6,746.3,22.17,36.8
"2021-09-13 19:15:00",81541,12.92,23.54,746.4,22.09,36.9
"2021-09-13 19:20:00",81542,12.93,23.43,746.5,21.95,37.31
"2021-09-13 19:25:00",81543,12.93,23.32,746.6,21.82,37.66
"2021-09-13 19:30:00",81544,12.92,23.23,746.7,21.67,38.1
"2021-09-13 19:35:00",81545,12.92,23.11,746.7,21.51,38.57
"2021-09-13 19:40:00",81546,12.92,23.02,746.8,21.49,38.41
"2021-09-13 19:45:00",81547,12.92,22.95,747,21.51,38.41
"2021-09-13 19:50:00",81548,12.92,22.88,747.1,21.42,38.79
"2021-09-13 19:55:00",81549,12.91,22.79,747.2,21.51,38.34
"2021-09-13 20:00:00",81550,12.91,22.72,747.3,21.53,38.48
"2021-09-13 20:05:00",81551,12.91,22.67,747.4,21.37,39.38
"2021-09-13 20:10:00",81552,12.91,22.62,747.3,20.92,40.63
"2021-09-13 20:15:00",81553,12.91,22.51,747.3,20.74,41.32
"2021-09-13 20:20:00",81554,12.9,22.41,747.6,20.28,42.69
"2021-09-13 20:25:00",81555,12.9,22.25,747.7,20.17,43.76
"2021-09-13 20:30:00",81556,12.9,22.09,747.7,19.72,45.4
"2021-09-13 20:35:00",81557,12.9,21.91,747.7,19.94,44.57
"2021-09-13 20:40:00",81558,12.9,21.75,747.9,20.08,44.14
"2021-09-13 20:45:00",81559,12.9,21.64,747.9,19.88,45.07
"2021-09-13 20:50:00",81560,12.89,21.54,748,19.96,44.7
"2021-09-13 20:55:00",81561,12.89,21.43,748,19.74,45.31
"2021-09-13 21:00:00",81562,12.89,21.33,748.2,20,44.35
"2021-09-13 21:05:00",81563,12.89,21.26,748.2,19.88,44.85
"2021-09-13 21:10:00",81564,12.89,21.19,748.2,19.66,45.49
"2021-09-13 21:15:00",81565,12.88,21.13,748.3,19.61,45.48
"2021-09-13 21:20:00",81566,12.88,21.05,748.4,19.57,45.51
"2021-09-13 21:25:00",81567,12.88,20.97,748.6,19.53,45.66
"2021-09-13 21:30:00",81568,12.88,20.88,748.7,19.47,45.88
"2021-09-13 21:35:00",81569,12.88,20.82,748.8,19.53,45.44
"2021-09-13 21:40:00",81570,12.88,20.74,748.8,19.96,44.22
"2021-09-13 21:45:00",81571,12.88,20.66,748.8,19.98,44.48
"2021-09-13 21:50:00",81572,12.88,20.63,748.8,19.78,45.09
"2021-09-13 21:55:00",81573,12.88,20.64,748.8,19.7,45.27
"2021-09-13 22:00:00",81574,12.87,20.62,748.9,19.66,45.17
"2021-09-13 22:05:00",81575,12.87,20.61,749,19.8,44.49
"2021-09-13 22:10:00",81576,12.87,20.6,749,19.87,44.24
"2021-09-13 22:15:00",81577,12.87,20.59,748.9,19.91,44.05
"2021-09-13 22:20:00",81578,12.87,20.58,749,19.78,44.55
"2021-09-13 22:25:00",81579,12.86,20.47,749,19.76,44.55
"2021-09-13 22:30:00",81580,12.87,20.4,749.1,19.66,44.66
"2021-09-13 22:35:00",81581,12.86,20.33,749.2,19.43,45.14
"2021-09-13 22:40:00",81582,12.86,20.25,749.2,19.26,45.89
"2021-09-13 22:45:00",81583,12.86,20.15,749.2,19.08,47.57
"2021-09-13 22:50:00",81584,12.86,20.06,749.2,18.64,48.9
"2021-09-13 22:55:00",81585,12.86,19.93,749.3,18.39,49.74
"2021-09-13 23:00:00",81586,12.86,19.81,749.3,18.25,50.04
"2021-09-13 23:05:00",81587,12.85,19.68,749.3,18.12,50.21
"2021-09-13 23:10:00",81588,12.85,19.55,749.3,18.12,49.71
"2021-09-13 23:15:00",81589,12.85,19.42,749.3,18.07,51.2
"2021-09-13 23:20:00",81590,12.85,19.32,749.3,17.82,51.91
"2021-09-13 23:25:00",81591,12.85,19.2,749.4,17.97,50.03
"2021-09-13 23:30:00",81592,12.85,19.1,749.3,18.07,49.89
"2021-09-13 23:35:00",81593,12.84,19,749.3,17.7,51.92
"2021-09-13 23:40:00",81594,12.84,18.89,749.3,17.53,52.7
"2021-09-13 23:45:00",81595,12.84,18.79,749.3,17.66,52.69
"2021-09-13 23:50:00",81596,12.84,18.72,749.3,17.53,53.23
"2021-09-13 23:55:00",81597,12.83,18.64,749.2,17.48,53.28
"2021-09-14 00:00:00",81598,12.83,18.59,749.2,17.61,53.02
"2021-09-14 00:05:00",81599,12.83,18.51,749.2,17.42,53.55
"2021-09-14 00:10:00",81600,12.82,18.43,749.3,17.38,53.97
"2021-09-14 00:15:00",81601,12.82,18.33,749.3,17.4,54.1
"2021-09-14 00:20:00",81602,12.82,18.26,749.3,17.51,53.66
"2021-09-14 00:25:00",81603,12.82,18.21,749.3,17.21,53.58
"2021-09-14 00:30:00",81604,12.82,18.12,749.3,16.79,54.59
"2021-09-14 00:35:00",81605,12.82,18,749.2,16.64,55.61
"2021-09-14 00:40:00",81606,12.82,17.87,749.2,16.56,55.36
"2021-09-14 00:45:00",81607,12.81,17.75,749.2,16.3,56.78
"2021-09-14 00:50:00",81608,12.81,17.56,749.2,16.12,58.38
"2021-09-14 00:55:00",81609,12.81,17.4,749.2,16.06,58.76
"2021-09-14 01:00:00",81610,12.81,17.24,749.2,15.91,59.34
"2021-09-14 01:05:00",81611,12.81,17.08,749.2,15.84,58.55
"2021-09-14 01:10:00",81612,12.81,16.96,749.2,16.01,59.18
"2021-09-14 01:15:00",81613,12.8,16.9,749.2,15.83,59.51
"2021-09-14 01:20:00",81614,12.8,16.82,749.2,15.73,59.73
"2021-09-14 01:25:00",81615,12.8,16.75,749.2,15.53,60.63
"2021-09-14 01:30:00",81616,12.8,16.66,749.2,15.59,60.61
"2021-09-14 01:35:00",81617,12.8,16.55,749.2,15.54,60.27
"2021-09-14 01:40:00",81618,12.79,16.39,749.1,15.3,60.38
"2021-09-14 01:45:00",81619,12.79,16.25,749.1,15.25,59.6
"2021-09-14 01:50:00",81620,12.79,16.14,749.2,15.33,58.8
"2021-09-14 01:55:00",81621,12.79,16.07,749.2,15.08,59.24
"2021-09-14 02:00:00",81622,12.79,15.98,749.2,15.3,58.97
"2021-09-14 02:05:00",81623,12.78,15.9,749.2,15.34,58.5
"2021-09-14 02:10:00",81624,12.78,15.88,749.1,15.26,58.4
"2021-09-14 02:15:00",81625,12.78,15.84,749.2,15.12,58.29
"2021-09-14 02:20:00",81626,12.78,15.79,749.1,14.98,59.04
"2021-09-14 02:25:00",81627,12.78,15.73,749.1,14.98,59.13
"2021-09-14 02:30:00",81628,12.77,15.67,749.2,14.78,59.73
"2021-09-14 02:35:00",81629,12.77,15.61,749.2,14.88,58.88
"2021-09-14 02:40:00",81630,12.77,15.57,749.2,14.74,59.13
"2021-09-14 02:45:00",81631,12.77,15.5,749.2,14.61,58.93
"2021-09-14 02:50:00",81632,12.77,15.45,749.2,14.83,57.91
"2021-09-14 02:55:00",81633,12.77,15.42,749.1,14.61,59.16
"2021-09-14 03:00:00",81634,12.77,15.37,749.2,14.37,59.51
"2021-09-14 03:05:00",81635,12.77,15.29,749.2,14.13,60.9
"2021-09-14 03:10:00",81636,12.77,15.21,749.2,13.95,62.68
"2021-09-14 03:15:00",81637,12.76,15.07,749.2,13.86,61.19
"2021-09-14 03:20:00",81638,12.76,14.95,749.2,14.1,64.59
"2021-09-14 03:25:00",81639,12.76,14.86,749.2,14.07,62.73
"2021-09-14 03:30:00",81640,12.76,14.79,749.2,14.05,62.4
"2021-09-14 03:35:00",81641,12.75,14.7,749.2,14.07,62.79
"2021-09-14 03:40:00",81642,12.75,14.62,749.2,13.93,62.03
"2021-09-14 03:45:00",81643,12.75,14.56,749.2,14.02,61.92
"2021-09-14 03:50:00",81644,12.75,14.49,749.2,13.97,63.21
"2021-09-14 03:55:00",81645,12.74,14.41,749.3,13.82,64.42
"2021-09-14 04:00:00",81646,12.74,14.33,749.3,13.75,64.14
"2021-09-14 04:05:00",81647,12.74,14.26,749.2,13.59,62.53
"2021-09-14 04:10:00",81648,12.73,14.22,749.2,13.54,62.93
"2021-09-14 04:15:00",81649,12.73,14.16,749.2,13.48,61.63
"2021-09-14 04:20:00",81650,12.73,14.08,749.3,13.47,59.25
"2021-09-14 04:25:00",81651,12.73,14.04,749.3,13.33,56.51
"2021-09-14 04:30:00",81652,12.72,14.01,749.3,13.07,55.98
"2021-09-14 04:35:00",81653,12.72,13.92,749.3,13.08,55.8
"2021-09-14 04:40:00",81654,12.72,13.77,749.3,13.18,56.36
"2021-09-14 04:45:00",81655,12.72,13.67,749.4,13.08,55.56
"2021-09-14 04:50:00",81656,12.71,13.6,749.4,12.9,55.08
"2021-09-14 04:55:00",81657,12.71,13.53,749.5,12.9,53.9
"2021-09-14 05:00:00",81658,12.71,13.46,749.4,12.9,54.48
"2021-09-14 05:05:00",81659,12.7,13.39,749.5,12.83,54.02
"2021-09-14 05:10:00",81660,12.7,13.35,749.6,12.86,53.57
"2021-09-14 05:15:00",81661,12.7,13.3,749.5,12.98,54.07
"2021-09-14 05:20:00",81662,12.69,13.28,749.6,12.92,54.12
"2021-09-14 05:25:00",81663,12.69,13.25,749.7,12.69,54.6
"2021-09-14 05:30:00",81664,12.69,13.22,749.7,12.47,55.62
"2021-09-14 05:35:00",81665,12.68,13.17,749.7,12.52,55.96
"2021-09-14 05:40:00",81666,12.68,13.13,749.8,12.72,55.03
"2021-09-14 05:45:00",81667,12.68,13.12,749.9,12.62,55.71
"2021-09-14 05:50:00",81668,12.67,13.09,749.9,12.47,56.97
"2021-09-14 05:55:00",81669,12.67,13.06,750,12.18,59.88
"2021-09-14 06:00:00",81670,12.66,13.05,750.1,11.82,64.28
"2021-09-14 06:05:00",81671,12.66,13,750.1,11.88,65.24
"2021-09-14 06:10:00",81672,12.66,12.95,750.3,11.62,66.41
"2021-09-14 06:15:00",81673,12.66,12.92,750.4,11.45,66.79
"2021-09-14 06:20:00",81674,12.66,12.87,750.5,11.67,67.09
"2021-09-14 06:25:00",81675,12.67,12.81,750.6,11.77,66.9
"2021-09-14 06:30:00",81676,12.69,12.78,750.7,11.71,67.73
"2021-09-14 06:35:00",81677,12.73,12.76,750.7,11.98,65.35
"2021-09-14 06:40:00",81678,12.79,12.8,750.7,12.29,64.5
"2021-09-14 06:45:00",81679,12.9,12.92,750.7,12.57,63.12
"2021-09-14 06:50:00",81680,13.08,13.12,750.8,13.08,60.38
"2021-09-14 06:55:00",81681,13.33,13.35,750.8,13.79,57.12
"2021-09-14 07:00:00",81682,13.52,13.66,750.8,14.12,57.02
"2021-09-14 07:05:00",81683,13.6,13.97,750.9,14.73,54.2
"2021-09-14 07:10:00",81684,13.6,14.31,751,14.31,59.21
"2021-09-14 07:15:00",81685,13.75,14.72,751,13.88,61.04
"2021-09-14 07:20:00",81686,13.92,15.26,751.1,14.3,59.95
"2021-09-14 07:25:00",81687,13.84,16.66,751.2,14.71,57.98
"2021-09-14 07:30:00",81688,13.82,17.63,751.2,15.35,56.87
"2021-09-14 07:35:00",81689,13.79,18.36,751.3,16.22,53.84
"2021-09-14 07:40:00",81690,13.79,19.07,751.4,16.93,51.1
"2021-09-14 07:45:00",81691,13.76,19.7,751.5,17.65,49.43
"2021-09-14 07:50:00",81692,13.76,20.4,751.5,17.54,48.82
"2021-09-14 07:55:00",81693,13.73,21.03,751.6,17.61,47.86
"2021-09-14 08:00:00",81694,13.7,21.65,751.6,17.65,46.67
"2021-09-14 08:05:00",81695,13.7,22.2,751.7,18.01,45.92
"2021-09-14 08:10:00",81696,13.71,22.72,751.7,18.77,43.76
"2021-09-14 08:15:00",81697,13.68,23.25,751.8,19.31,42.77
"2021-09-14 08:20:00",81698,13.68,23.73,751.8,19.09,42.96
"2021-09-14 08:25:00",81699,13.65,24.39,751.9,19.72,41.98
"2021-09-14 08:30:00",81700,13.65,24.75,751.9,19.98,41.75
"2021-09-14 08:35:00",81701,13.65,25.29,752,19.9,42.83
"2021-09-14 08:40:00",81702,13.62,25.82,752,20.47,41.77
"2021-09-14 08:45:00",81703,13.63,26.32,752,20.26,42.75
"2021-09-14 08:50:00",81704,13.6,26.8,752,20.63,41.66
"2021-09-14 08:55:00",81705,13.6,27.22,752,20.54,41.72
"2021-09-14 09:00:00",81706,13.6,27.63,752,20.76,40.67
"2021-09-14 09:05:00",81707,13.58,28.09,752,21.8,37.88
"2021-09-14 09:10:00",81708,13.58,28.58,752,22.46,36.18
"2021-09-14 09:15:00",81709,13.58,29.2,752,23.33,34.34
"2021-09-14 09:20:00",81710,13.55,29.73,751.9,21.1,37.19
"2021-09-14 09:25:00",81711,13.55,30.13,751.9,21.27,36.29
"2021-09-14 09:30:00",81712,13.53,30.43,752,21.88,34.2
"2021-09-14 09:35:00",81713,13.53,30.73,752,22.98,32.07
"2021-09-14 09:40:00",81714,13.53,31.07,751.9,22.74,31.92
"2021-09-14 09:45:00",81715,13.53,31.39,752,22.55,31.4
"2021-09-14 09:50:00",81716,13.51,31.65,751.9,22.68,31.08
"2021-09-14 09:55:00",81717,13.51,31.92,751.8,23.77,28.17
"2021-09-14 10:00:00",81718,13.51,32.17,751.8,23.5,28.89
"2021-09-14 10:05:00",81719,13.51,32.4,751.8,23.64,25.48
"2021-09-14 10:10:00",81720,13.49,32.6,751.8,23.71,23.8
"2021-09-14 10:15:00",81721,13.49,32.77,751.8,23.29,24.67
"2021-09-14 10:20:00",81722,13.49,32.94,751.7,23.63,24.62
"2021-09-14 10:25:00",81723,13.49,33.17,751.6,23.81,23.06
"2021-09-14 10:30:00",81724,13.49,33.39,751.5,23.63,24.48
"2021-09-14 10:35:00",81725,13.49,33.51,751.4,24.05,22.66
"2021-09-14 10:40:00",81726,13.46,33.57,751.4,23.75,23.29
"2021-09-14 10:45:00",81727,13.46,33.52,751.4,24.25,22.74
"2021-09-14 10:50:00",81728,13.46,33.53,751.2,24.11,23.56
"2021-09-14 10:55:00",81729,13.46,33.64,751.1,25.44,20.95
"2021-09-14 11:00:00",81730,13.46,33.76,751.1,23.67,24.38
"2021-09-14 11:05:00",81731,13.46,33.76,751,24.31,23.16
"2021-09-14 11:10:00",81732,13.46,33.76,750.9,25.06,23.35
"2021-09-14 11:15:00",81733,13.46,33.86,750.8,25.97,21.05
"2021-09-14 11:20:00",81734,13.46,34.04,750.7,26.09,21.41
"2021-09-14 11:25:00",81735,13.47,34.24,750.5,25.85,20.46
"2021-09-14 11:30:00",81736,13.46,34.41,750.4,26.77,19.36
"2021-09-14 11:35:00",81737,13.46,34.6,750.3,26.31,19.19
"2021-09-14 11:40:00",81738,13.47,34.72,750.3,25.94,19.1
"2021-09-14 11:45:00",81739,13.44,34.75,750.3,25.68,19.99
"2021-09-14 11:50:00",81740,13.44,34.7,750.2,25.46,17.71
"2021-09-14 11:55:00",81741,13.44,34.59,750.1,25.54,18.52
"2021-09-14 12:00:00",81742,13.44,34.44,750,25.75,19.09
"2021-09-14 12:05:00",81743,13.44,34.33,749.9,25.79,19.93
"2021-09-14 12:10:00",81744,13.44,34.23,749.8,25.66,20.55
"2021-09-14 12:15:00",81745,13.45,34.2,749.6,26.63,18.09
"2021-09-14 12:20:00",81746,13.44,34.2,749.6,25.56,19.54
"2021-09-14 12:25:00",81747,13.45,34.14,749.6,25.47,19.7
"2021-09-14 12:30:00",81748,13.45,34.02,749.4,26.1,18.83
"2021-09-14 12:35:00",81749,13.45,33.95,749.2,26.25,18.91
"2021-09-14 12:40:00",81750,13.45,33.95,749.1,25.75,19.27
"2021-09-14 12:45:00",81751,13.45,33.91,749,25,20.09
"2021-09-14 12:50:00",81752,13.45,33.79,748.8,26.49,19.13
"2021-09-14 12:55:00",81753,13.45,33.77,748.7,27.45,18.56
"2021-09-14 13:00:00",81754,13.45,33.86,748.7,28.02,18.8
"2021-09-14 13:05:00",81755,13.45,34.01,748.5,27.82,18.09
"2021-09-14 13:10:00",81756,13.45,34.16,748.4,28.3,18.47
"2021-09-14 13:15:00",81757,13.45,34.38,748.4,27.72,20.81
"2021-09-14 13:20:00",81758,13.45,34.56,748.3,28.4,18.12
"2021-09-14 13:25:00",81759,13.45,34.71,748.2,27.79,19.42
"2021-09-14 13:30:00",81760,13.45,34.77,748.1,27.18,20.71
"2021-09-14 13:35:00",81761,13.45,34.7,748.1,27.23,20.51
"2021-09-14 13:40:00",81762,13.45,34.64,747.9,28.62,18.98
"2021-09-14 13:45:00",81763,13.45,34.75,747.8,28.52,19.11
"2021-09-14 13:50:00",81764,13.45,34.8,747.7,27.12,24.97
"2021-09-14 13:55:00",81765,13.45,34.63,747.6,26.63,26.89
"2021-09-14 14:00:00",81766,13.45,34.37,747.6,26.81,25.46
"2021-09-14 14:05:00",81767,13.45,34.12,747.5,26.79,27.18
"2021-09-14 14:10:00",81768,13.45,33.88,747.5,26.69,27.72
"2021-09-14 14:15:00",81769,13.45,33.62,747.4,26.69,27.24
"2021-09-14 14:20:00",81770,13.45,33.43,747.3,26.81,27.04
"2021-09-14 14:25:00",81771,13.45,33.3,747.3,26.96,26.78
"2021-09-14 14:30:00",81772,13.45,33.16,747.4,26.39,27.73
"2021-09-14 14:35:00",81773,13.45,33.01,747.2,26.68,27.1
"2021-09-14 14:40:00",81774,13.45,32.88,747.1,26.59,27.71
"2021-09-14 14:45:00",81775,13.45,32.82,747.2,27,26.85
"2021-09-14 14:50:00",81776,13.45,32.85,747,26.68,27.31
"2021-09-14 14:55:00",81777,13.45,32.88,747.1,26.12,28.35
"2021-09-14 15:00:00",81778,13.45,32.8,746.9,26.3,28.57
"2021-09-14 15:05:00",81779,13.45,32.69,746.8,25.9,28.95
"2021-09-14 15:10:00",81780,13.45,32.52,746.7,26.09,28.49
"2021-09-14 15:15:00",81781,13.45,32.34,746.7,26.04,28.08
"2021-09-14 15:20:00",81782,13.45,32.21,746.6,26.02,28.55
"2021-09-14 15:25:00",81783,13.45,32.1,746.5,25.96,28.68
"2021-09-14 15:30:00",81784,13.45,32.06,746.4,26.87,26.7
"2021-09-14 15:35:00",81785,13.45,32.11,746.3,26.38,27.63
"2021-09-14 15:40:00",81786,13.45,32.14,746.3,26.2,27.78
"2021-09-14 15:45:00",81787,13.45,32.16,746.2,26.22,28.23
"2021-09-14 15:50:00",81788,13.45,32.19,746.2,26.23,28.16
"2021-09-14 15:55:00",81789,13.45,32.19,746.2,26.02,28.35
"2021-09-14 16:00:00",81790,13.45,32.14,746,25.86,28.33
"2021-09-14 16:05:00",81791,13.45,32.03,746.1,25.88,28.61
"2021-09-14 16:10:00",81792,13.45,31.91,746.1,26.03,28.28
"2021-09-14 16:15:00",81793,13.45,31.84,746.1,25.42,29.25
"2021-09-14 16:20:00",81794,13.45,31.69,746.1,25.46,29.15
"2021-09-14 16:25:00",81795,13.45,31.5,746,25.32,29.61
"2021-09-14 16:30:00",81796,13.45,31.32,745.9,25.04,30.77
"2021-09-14 16:35:00",81797,13.45,31.12,745.9,24.74,31.49
"2021-09-14 16:40:00",81798,13.47,30.93,745.9,25,31.04
"2021-09-14 16:45:00",81799,13.47,30.77,746,24.79,31.19
"2021-09-14 16:50:00",81800,13.47,30.62,746.1,24.7,31.01
"2021-09-14 16:55:00",81801,13.47,30.46,745.9,24.54,31.54
"2021-09-14 17:00:00",81802,13.47,30.2,746.1,24.46,31.33
"2021-09-14 17:05:00",81803,13.47,29.97,746.2,24.57,30.6
"2021-09-14 17:10:00",81804,13.47,29.8,746.1,24.16,31.78
"2021-09-14 17:15:00",81805,13.48,29.61,746.5,24.43,30.89
"2021-09-14 17:20:00",81806,13.5,29.45,746.4,24.21,31.31
"2021-09-14 17:25:00",81807,13.5,29.29,746.5,24.31,30.92
"2021-09-14 17:30:00",81808,13.5,29.12,746.6,23.88,31.55
"2021-09-14 17:35:00",81809,13.5,28.91,746.6,23.75,31.47
"2021-09-14 17:40:00",81810,13.5,28.68,746.6,24.04,30.96
"2021-09-14 17:45:00",81811,13.49,28.11,746.8,23.41,32.51
"2021-09-14 17:50:00",81812,13.33,27.47,746.7,23.46,32.72
"2021-09-14 17:55:00",81813,13.2,27.03,746.7,23.23,33.1
"2021-09-14 18:00:00",81814,13.12,26.67,746.8,23.07,33.08
"2021-09-14 18:05:00",81815,13.06,26.3,746.8,22.7,34.51
"2021-09-14 18:10:00",81816,13.01,25.94,746.9,22.56,34.56
"2021-09-14 18:15:00",81817,12.98,25.59,747,22.37,34.68
"2021-09-14 18:20:00",81818,12.97,25.27,747,22.21,35.59
"2021-09-14 18:25:00",81819,12.96,24.98,747,22.11,35.58
"2021-09-14 18:30:00",81820,12.96,24.65,747,22.11,35.32
"2021-09-14 18:35:00",81821,12.95,24.41,747.1,22.07,35.08
"2021-09-14 18:40:00",81822,12.95,24.19,747.3,22.08,35.12
"2021-09-14 18:45:00",81823,12.94,24.02,747.4,21.98,35.11
"2021-09-14 18:50:00",81824,12.94,23.87,747.6,21.91,35.63
"2021-09-14 18:55:00",81825,12.94,23.72,747.6,21.75,36.14
"2021-09-14 19:00:00",81826,12.94,23.61,747.7,21.81,36.08
"2021-09-14 19:05:00",81827,12.93,23.48,747.8,21.72,36.46
"2021-09-14 19:10:00",81828,12.93,23.38,747.9,21.71,36.4
"2021-09-14 19:15:00",81829,12.93,23.29,747.9,21.56,36.61
"2021-09-14 19:20:00",81830,12.92,23.17,748.1,21.55,36.71
"2021-09-14 19:25:00",81831,12.92,23.06,748.2,21.47,36.51
"2021-09-14 19:30:00",81832,12.92,23,748.1,21.42,36.6
"2021-09-14 19:35:00",81833,12.92,22.9,748.2,21.37,36.4
"2021-09-14 19:40:00",81834,12.92,22.82,748.3,21.34,36.56
"2021-09-14 19:45:00",81835,12.91,22.75,748.2,21.24,36.75
"2021-09-14 19:50:00",81836,12.91,22.68,748.2,21.34,35.84
"2021-09-14 19:55:00",81837,12.91,22.64,748.3,21.37,36
"2021-09-14 20:00:00",81838,12.91,22.48,748.3,21.23,36.15
"2021-09-14 20:05:00",81839,12.91,22.39,748.3,20.8,38.99
"2021-09-14 20:10:00",81840,12.91,22.25,748.5,20.71,38.1
"2021-09-14 20:15:00",81841,12.9,22.09,748.6,20.75,38.33
"2021-09-14 20:20:00",81842,12.9,21.96,748.8,20.41,38.92
"2021-09-14 20:25:00",81843,12.9,21.81,748.9,20.67,39.43
"2021-09-14 20:30:00",81844,12.9,21.69,749.1,20.25,41.85
"2021-09-14 20:35:00",81845,12.9,21.57,749.3,20.02,41.01
"2021-09-14 20:40:00",81846,12.89,21.45,749.5,20.22,39.71
"2021-09-14 20:45:00",81847,12.89,21.38,749.7,20.6,37.66
"2021-09-14 20:50:00",81848,12.89,21.33,749.9,20.76,36.21
"2021-09-14 20:55:00",81849,12.89,21.34,749.9,20.63,38.19
"2021-09-14 21:00:00",81850,12.89,21.35,750,20.59,37.4
"2021-09-14 21:05:00",81851,12.89,21.35,750.1,20.55,38.12
"2021-09-14 21:10:00",81852,12.89,21.37,750.1,20.37,39.01
"2021-09-14 21:15:00",81853,12.88,21.36,750.1,20.38,39.14
"2021-09-14 21:20:00",81854,12.88,21.35,750.1,20.31,39.46
"2021-09-14 21:25:00",81855,12.88,21.32,750.1,20.37,37.38
"2021-09-14 21:30:00",81856,12.88,21.3,750.2,20.34,37.44
"2021-09-14 21:35:00",81857,12.88,21.31,750.3,20.34,37.51
"2021-09-14 21:40:00",81858,12.88,21.28,750.3,20.32,37.63
"2021-09-14 21:45:00",81859,12.88,21.25,750.4,20.1,38.13
"2021-09-14 21:50:00",81860,12.88,21.22,750.4,20.05,39.66
"2021-09-14 21:55:00",81861,12.87,21.21,750.5,20.07,41.57
"2021-09-14 22:00:00",81862,12.88,20.93,750.5,19.9,42.71
"2021-09-14 22:05:00",81863,12.88,20.77,750.6,19.72,43.55
"2021-09-14 22:10:00",81864,12.88,20.58,750.6,19.56,43.69
"2021-09-14 22:15:00",81865,12.88,20.43,750.7,19.68,43.51
"2021-09-14 22:20:00",81866,12.87,20.31,750.6,19.46,44.22
"2021-09-14 22:25:00",81867,12.87,20.18,750.7,19.18,45.14
"2021-09-14 22:30:00",81868,12.87,20.04,750.8,18.92,46.1
"2021-09-14 22:35:00",81869,12.87,19.87,750.9,18.74,46.84
"2021-09-14 22:40:00",81870,12.87,19.7,751,18.5,47.85
"2021-09-14 22:45:00",81871,12.87,19.52,751.1,18.51,46.11
"2021-09-14 22:50:00",81872,12.87,19.37,751.1,18.73,45.57
"2021-09-14 22:55:00",81873,12.87,19.26,751.1,18.74,45.82
"2021-09-14 23:00:00",81874,12.87,19.18,751.1,18.4,47.42
"2021-09-14 23:05:00",81875,12.86,19.1,751.1,18.45,46.89
"2021-09-14 23:10:00",81876,12.86,19.05,751.1,18.45,46.96
"2021-09-14 23:15:00",81877,12.86,18.99,751.1,18.35,47.54
"2021-09-14 23:20:00",81878,12.86,18.93,751.1,18.4,48.02
"2021-09-14 23:25:00",81879,12.86,18.9,751,18.27,48.6
"2021-09-14 23:30:00",81880,12.86,18.85,751,18.41,47.77
"2021-09-14 23:35:00",81881,12.86,18.83,751,18.46,48.19
"2021-09-14 23:40:00",81882,12.85,18.83,751,18.3,47.13
"2021-09-14 23:45:00",81883,12.85,18.81,751,18.25,47.94
"2021-09-14 23:50:00",81884,12.85,18.81,750.9,18.21,48.31
"2021-09-14 23:55:00",81885,12.85,18.78,750.9,18.19,48.21
"2021-09-15 00:00:00",81886,12.85,18.76,750.9,18.32,47.63
"2021-09-15 00:05:00",81887,12.85,18.77,750.8,18.29,47.95
"2021-09-15 00:10:00",81888,12.85,18.75,750.7,18.51,47.5
"2021-09-15 00:15:00",81889,12.85,18.77,750.6,18.43,47.8
"2021-09-15 00:20:00",81890,12.85,18.78,750.5,18.41,47.58
"2021-09-15 00:25:00",81891,12.84,18.79,750.5,18.31,48.54
"2021-09-15 00:30:00",81892,12.84,18.8,750.5,18.35,48.3
"2021-09-15 00:35:00",81893,12.84,18.79,750.5,18.48,48.19
"2021-09-15 00:40:00",81894,12.84,18.8,750.4,18.49,48.44
"2021-09-15 00:45:00",81895,12.84,18.82,750.4,18.58,48.3
"2021-09-15 00:50:00",81896,12.84,18.84,750.5,18.45,49.25
"2021-09-15 00:55:00",81897,12.84,18.86,750.5,18.45,49.56
"2021-09-15 01:00:00",81898,12.84,18.89,750.3,18.19,50.81
"2021-09-15 01:05:00",81899,12.84,18.87,750.2,18.01,51.56
"2021-09-15 01:10:00",81900,12.83,18.84,750.3,17.73,52.88
"2021-09-15 01:15:00",81901,12.83,18.75,750.2,17.47,54.02
"2021-09-15 01:20:00",81902,12.83,18.62,750.2,17.39,54.19
"2021-09-15 01:25:00",81903,12.83,18.53,750.2,17.8,51.87
"2021-09-15 01:30:00",81904,12.83,18.44,750.2,17.85,52.38
"2021-09-15 01:35:00",81905,12.83,18.4,750.2,17.49,53.53
"2021-09-15 01:40:00",81906,12.83,18.35,750.1,17.83,51.91
"2021-09-15 01:45:00",81907,12.82,18.34,750.1,17.91,51.76
"2021-09-15 01:50:00",81908,12.82,18.33,750,17.71,52.63
"2021-09-15 01:55:00",81909,12.82,18.32,750.1,17.52,53.41
"2021-09-15 02:00:00",81910,12.82,18.3,750.2,17.5,53.53
"2021-09-15 02:05:00",81911,12.82,18.27,750.4,17.44,54.17
"2021-09-15 02:10:00",81912,12.82,18.25,750.4,17.64,53.86
"2021-09-15 02:15:00",81913,12.82,18.25,750.4,17.83,53.08
"2021-09-15 02:20:00",81914,12.82,18.28,750.3,17.78,53.54
"2021-09-15 02:25:00",81915,12.81,18.31,750.3,17.62,54.47
"2021-09-15 02:30:00",81916,12.81,18.32,750.3,17.43,55.33
"2021-09-15 02:35:00",81917,12.81,18.29,750.2,17.31,56.02
"2021-09-15 02:40:00",81918,12.81,18.25,750.3,17.27,56.31
"2021-09-15 02:45:00",81919,12.81,18.19,750.2,17.25,56.56
"2021-09-15 02:50:00",81920,12.81,18.12,750.1,17.19,56.94
"2021-09-15 02:55:00",81921,12.8,18.05,750.1,17.08,57.41
"2021-09-15 03:00:00",81922,12.8,17.96,750,16.96,57.67
"2021-09-15 03:05:00",81923,12.8,17.78,750,16.83,58.13
"2021-09-15 03:10:00",81924,12.8,17.94,750.1,16.78,58.12
"2021-09-15 03:15:00",81925,12.79,17.92,750.1,16.77,58.03
"2021-09-15 03:20:00",81926,12.79,17.87,750.1,16.69,58.86
"2021-09-15 03:25:00",81927,12.79,17.81,750.2,16.92,57.63
"2021-09-15 03:30:00",81928,12.79,17.76,750,17.21,56.55
"2021-09-15 03:35:00",81929,12.79,17.77,750,17.27,56.25
"2021-09-15 03:40:00",81930,12.78,17.78,749.9,17.33,55.71
"2021-09-15 03:45:00",81931,12.78,17.71,749.9,17.4,55.6
"2021-09-15 03:50:00",81932,12.78,17.7,749.9,17.31,55.83
"2021-09-15 03:55:00",81933,12.78,17.71,749.9,17.27,55.98
"2021-09-15 04:00:00",81934,12.77,17.71,750,17.31,55.8
"2021-09-15 04:05:00",81935,12.77,17.72,750,17.4,55.24
"2021-09-15 04:10:00",81936,12.77,17.77,749.9,17.35,55.66
"2021-09-15 04:15:00",81937,12.77,17.82,749.9,16.97,57.7
"2021-09-15 04:20:00",81938,12.77,17.81,749.9,16.4,60.47
"2021-09-15 04:25:00",81939,12.76,17.79,750,16.43,59.28
"2021-09-15 04:30:00",81940,12.76,17.75,750.2,16.49,58.92
"2021-09-15 04:35:00",81941,12.76,17.71,750.2,16.36,59.44
"2021-09-15 04:40:00",81942,12.75,17.67,750.2,16.3,59.46
"2021-09-15 04:45:00",81943,12.75,17.62,750.3,16.34,59.32
"2021-09-15 04:50:00",81944,12.75,17.59,750.2,16.42,59.45
"2021-09-15 04:55:00",81945,12.75,17.55,750.2,16.43,59.19
"2021-09-15 05:00:00",81946,12.75,17.54,750.2,16.52,59.14
"2021-09-15 05:05:00",81947,12.74,17.52,750.2,16.52,59.23
"2021-09-15 05:10:00",81948,12.74,17.52,750.1,16.44,59.58
"2021-09-15 05:15:00",81949,12.73,17.5,750.2,16.46,59.1
"2021-09-15 05:20:00",81950,12.73,17.48,750.3,16.56,58.81
"2021-09-15 05:25:00",81951,12.72,17.51,750.4,16.52,59.02
"2021-09-15 05:30:00",81952,12.72,17.52,750.5,16.45,59.31
"2021-09-15 05:35:00",81953,12.72,17.56,750.6,16.42,59.27
"2021-09-15 05:40:00",81954,12.72,17.59,750.7,16.09,59.37
"2021-09-15 05:45:00",81955,12.71,17.58,750.7,16.08,58.89
"2021-09-15 05:50:00",81956,12.71,17.59,750.8,15.84,60.35
"2021-09-15 05:55:00",81957,12.71,17.57,750.9,15.91,59.4
"2021-09-15 06:00:00",81958,12.7,17.54,750.9,15.99,59.21
"2021-09-15 06:05:00",81959,12.7,17.48,750.9,16.03,59.21
"2021-09-15 06:10:00",81960,12.7,17.46,750.9,16.07,59.34
"2021-09-15 06:15:00",81961,12.7,17.45,751,16.09,59.58
"2021-09-15 06:20:00",81962,12.7,17.44,751.2,16.03,60.23
"2021-09-15 06:25:00",81963,12.69,17.44,751.2,16.22,59.69
"2021-09-15 06:30:00",81964,12.69,17.48,751.3,16.28,59.97
"2021-09-15 06:35:00",81965,12.69,17.53,751.4,16.17,60.64
"2021-09-15 06:40:00",81966,12.68,17.54,751.6,16.09,61.52
"2021-09-15 06:45:00",81967,12.69,17.58,751.7,15.85,64.63
"2021-09-15 06:50:00",81968,12.7,17.51,751.8,15.11,70.43
"2021-09-15 06:55:00",81969,12.73,17.28,751.9,14.35,77.69
"2021-09-15 07:00:00",81970,12.75,16.97,751.9,14.09,79.19
"2021-09-15 07:05:00",81971,12.79,16.67,751.9,14,80.2
"2021-09-15 07:10:00",81972,12.84,16.45,751.8,14.24,80.2
"2021-09-15 07:15:00",81973,12.88,16.27,751.9,14.14,81.7
"2021-09-15 07:20:00",81974,12.9,16.11,751.9,14.28,81.2
"2021-09-15 07:25:00",81975,12.9,15.99,752,14.52,79.37
"2021-09-15 07:30:00",81976,12.91,15.95,752.1,14.63,78.59
"2021-09-15 07:35:00",81977,12.9,15.96,752.3,14.64,78.89
"2021-09-15 07:40:00",81978,12.86,15.97,752.4,14.32,81.8
"2021-09-15 07:45:00",81979,12.82,15.97,752.4,14.15,83.8
"2021-09-15 07:50:00",81980,12.78,15.99,752.4,14.27,81
"2021-09-15 07:55:00",81981,12.74,16,752.6,14.5,79.66
"2021-09-15 08:00:00",81982,12.73,16.02,752.7,14.41,80.3
"2021-09-15 08:05:00",81983,12.74,16.06,752.7,14.53,77.12
"2021-09-15 08:10:00",81984,12.76,16.12,752.6,14.76,76.66
"2021-09-15 08:15:00",81985,12.76,16.13,752.6,14.76,77.58
"2021-09-15 08:20:00",81986,12.8,16.15,752.5,14.65,80.1
"2021-09-15 08:25:00",81987,12.89,16.2,752.6,14.76,80.2
"2021-09-15 08:30:00",81988,12.94,16.27,752.7,14.69,78.54
"2021-09-15 08:35:00",81989,13.02,16.34,752.8,14.76,75.71
"2021-09-15 08:40:00",81990,13.1,16.44,752.8,14.99,75.67
"2021-09-15 08:45:00",81991,13.16,16.53,753,15.2,74.61
"2021-09-15 08:50:00",81992,13.32,16.7,753.1,15.6,74.72
"2021-09-15 08:55:00",81993,13.43,16.92,753.1,15.64,71.82
"2021-09-15 09:00:00",81994,13.5,17.16,753.1,15.89,71.27
"2021-09-15 09:05:00",81995,13.5,17.4,753,16.22,70.9
"2021-09-15 09:10:00",81996,13.49,17.56,753.1,16.34,69.45
"2021-09-15 09:15:00",81997,13.51,17.76,753.1,16.35,72.25
"2021-09-15 09:20:00",81998,13.55,18,753.3,15.88,76.58
"2021-09-15 09:25:00",81999,13.51,18.17,753.4,15.68,77.8
"2021-09-15 09:30:00",82000,13.6,18.31,753.5,15.66,77.44
"2021-09-15 09:35:00",82001,13.65,18.5,753.5,15.99,75.68
"2021-09-15 09:40:00",82002,13.71,18.68,753.5,16.26,72.4
"2021-09-15 09:45:00",82003,13.8,18.96,753.5,16.58,70.71
"2021-09-15 09:50:00",82004,13.76,19.12,753.6,17.06,66.95
"2021-09-15 09:55:00",82005,13.73,19.24,753.6,17.13,67.5
"2021-09-15 10:00:00",82006,13.85,19.49,753.5,16.93,69.9
"2021-09-15 10:05:00",82007,13.73,20.04,753.4,16.69,70.06
"2021-09-15 10:10:00",82008,13.73,20.97,753.3,16.91,70.36
"2021-09-15 10:15:00",82009,13.73,21.41,753.5,17.17,68.96
"2021-09-15 10:20:00",82010,13.7,21.69,753.6,17.27,68.57
"2021-09-15 10:25:00",82011,13.71,21.95,753.8,17.4,66.75
"2021-09-15 10:30:00",82012,13.71,22.21,753.8,17.31,67.2
"2021-09-15 10:35:00",82013,13.71,22.43,753.8,17.7,65.36
"2021-09-15 10:40:00",82014,13.71,22.68,753.7,18.32,64.55
"2021-09-15 10:45:00",82015,13.68,22.91,753.6,18.21,63.61
"2021-09-15 10:50:00",82016,13.68,23.19,753.6,18.35,62.47
"2021-09-15 10:55:00",82017,13.68,23.48,753.6,18.85,60.08
"2021-09-15 11:00:00",82018,13.68,23.77,753.5,18.92,58.82
"2021-09-15 11:05:00",82019,13.66,24.04,753.4,19.38,56.14
"2021-09-15 11:10:00",82020,13.66,24.35,753.2,18.83,55.38
"2021-09-15 11:15:00",82021,13.66,24.63,753.1,19.34,51.06
"2021-09-15 11:20:00",82022,13.66,24.9,753.1,19.34,53.02
"2021-09-15 11:25:00",82023,13.66,25.1,753,19.84,52.16
"2021-09-15 11:30:00",82024,13.63,25.28,753,20.16,48.78
"2021-09-15 11:35:00",82025,13.63,25.53,753.1,20.02,47.53
"2021-09-15 11:40:00",82026,13.63,25.94,753.1,21.16,46.12
"2021-09-15 11:45:00",82027,13.63,26.53,753,21.79,44.85
"2021-09-15 11:50:00",82028,13.61,27.11,752.9,21.19,46.22
"2021-09-15 11:55:00",82029,13.61,27.62,753,21.68,43.59
"2021-09-15 12:00:00",82030,13.58,28.08,752.9,22.08,42.47
"2021-09-15 12:05:00",82031,13.58,28.54,752.8,22.43,39.88
"2021-09-15 12:10:00",82032,13.58,29,752.7,22.73,39.13
"2021-09-15 12:15:00",82033,13.56,29.29,752.6,21.78,39.22
"2021-09-15 12:20:00",82034,13.56,29.53,752.4,22.7,38.83
"2021-09-15 12:25:00",82035,13.56,29.82,752.3,22.89,38.32
"2021-09-15 12:30:00",82036,13.54,30.19,752.2,23.37,38.08
"2021-09-15 12:35:00",82037,13.54,30.5,752,23.29,37.91
"2021-09-15 12:40:00",82038,13.54,30.68,751.8,22.63,38.17
"2021-09-15 12:45:00",82039,13.54,30.68,751.7,21.77,39.68
"2021-09-15 12:50:00",82040,13.54,30.5,751.6,22.76,37.29
"2021-09-15 12:55:00",82041,13.54,30.37,751.5,21.86,39.29
"2021-09-15 13:00:00",82042,13.54,30.32,751.4,23.43,35.97
"2021-09-15 13:05:00",82043,13.54,30.37,751.4,22.49,38.18
"2021-09-15 13:10:00",82044,13.54,30.36,751.3,22.71,36.76
"2021-09-15 13:15:00",82045,13.54,30.32,751.2,22.76,36.04
"2021-09-15 13:20:00",82046,13.54,30.3,751.1,22.77,36.5
"2021-09-15 13:25:00",82047,13.54,30.31,751,23.45,35.64
"2021-09-15 13:30:00",82048,13.54,30.4,751,23.04,33.68
"2021-09-15 13:35:00",82049,13.54,30.39,751,23.16,36.14
"2021-09-15 13:40:00",82050,13.54,30.36,751,23.51,35.52
"2021-09-15 13:45:00",82051,13.54,30.32,750.9,23.03,35.8
"2021-09-15 13:50:00",82052,13.54,30.18,750.8,21.68,37.87
"2021-09-15 13:55:00",82053,13.54,29.83,750.7,21.91,38.78
"2021-09-15 14:00:00",82054,13.54,29.4,750.8,21.46,38.47
"2021-09-15 14:05:00",82055,13.54,28.98,750.6,21.71,38.6
"2021-09-15 14:10:00",82056,13.54,28.59,750.6,21.37,39.7
"2021-09-15 14:15:00",82057,13.54,28.22,750.6,21.09,40
"2021-09-15 14:20:00",82058,13.54,27.89,750.6,20.96,40.44
"2021-09-15 14:25:00",82059,13.54,27.54,750.6,20.88,40.27
"2021-09-15 14:30:00",82060,13.54,27.23,750.5,21.04,40.35
"2021-09-15 14:35:00",82061,13.54,26.99,750.5,21.04,40.58
"2021-09-15 14:40:00",82062,13.54,26.83,750.4,21.08,39.93
"2021-09-15 14:45:00",82063,13.54,26.73,750.2,21.29,39.43
"2021-09-15 14:50:00",82064,13.54,26.66,750.3,21.38,40.22
"2021-09-15 14:55:00",82065,13.54,26.65,750.2,20.92,40.34
"2021-09-15 15:00:00",82066,13.54,26.64,750.2,21,41.15
"2021-09-15 15:05:00",82067,13.55,26.57,750.2,21.27,40.96
"2021-09-15 15:10:00",82068,13.55,26.55,750.2,21.36,40.58
"2021-09-15 15:15:00",82069,13.54,26.53,750.3,21.47,40.43
"2021-09-15 15:20:00",82070,13.55,26.51,750.3,21.19,40.95
"2021-09-15 15:25:00",82071,13.55,26.47,750.2,21.19,40.01
"2021-09-15 15:30:00",82072,13.55,26.38,750.2,21,40.8
"2021-09-15 15:35:00",82073,13.55,26.28,750.2,20.92,40.98
"2021-09-15 15:40:00",82074,13.57,26.17,750.1,20.85,40.98
"2021-09-15 15:45:00",82075,13.57,25.97,750.2,20.69,40.99
"2021-09-15 15:50:00",82076,13.57,25.81,750.2,20.54,42.46
"2021-09-15 15:55:00",82077,13.58,25.66,750.2,20.65,41.6
"2021-09-15 16:00:00",82078,13.57,25.55,750.2,20.67,41.76
"2021-09-15 16:05:00",82079,13.57,25.42,750.2,20.52,42.78
"2021-09-15 16:10:00",82080,13.57,25.33,750.2,20.63,42.18
"2021-09-15 16:15:00",82081,13.57,25.25,750.1,20.53,42.65
"2021-09-15 16:20:00",82082,13.57,25.16,750.1,20.32,42.88
"2021-09-15 16:25:00",82083,13.57,25.05,750.2,20.3,43.14
"2021-09-15 16:30:00",82084,13.57,24.96,750.2,20.34,43.33
"2021-09-15 16:35:00",82085,13.6,24.91,750.2,20.81,41.13
"2021-09-15 16:40:00",82086,13.6,24.89,750.2,20.76,40.45
"2021-09-15 16:45:00",82087,13.6,24.88,750.3,20.88,40.33
"2021-09-15 16:50:00",82088,13.6,24.85,750.4,20.29,41.43
"2021-09-15 16:55:00",82089,13.6,24.78,750.2,20.01,41.85
"2021-09-15 17:00:00",82090,13.6,24.65,750.3,19.97,42.46
"2021-09-15 17:05:00",82091,13.6,24.44,750.3,19.83,42.67
"2021-09-15 17:10:00",82092,13.6,24.26,750.3,19.88,42.45
"2021-09-15 17:15:00",82093,13.6,24.1,750.3,19.64,43.25
"2021-09-15 17:20:00",82094,13.6,23.96,750.3,19.52,43.72
"2021-09-15 17:25:00",82095,13.6,23.7,750.3,19.57,43.28
"2021-09-15 17:30:00",82096,13.56,23.07,750.3,19.41,44.12
"2021-09-15 17:35:00",82097,13.3,22.63,750.2,19.29,44.36
"2021-09-15 17:40:00",82098,13.2,22.33,750.3,19.17,44.86
"2021-09-15 17:45:00",82099,13.13,22.08,750.3,19.36,44.05
"2021-09-15 17:50:00",82100,13.08,21.89,750.3,19.33,43.66
"2021-09-15 17:55:00",82101,13.05,21.73,750.3,19.15,44.47
"2021-09-15 18:00:00",82102,13.02,21.51,750.2,19.16,44.35
"2021-09-15 18:05:00",82103,13,21.34,750.1,19.09,44.37
"2021-09-15 18:10:00",82104,12.98,21.21,750.2,19,44.65
"2021-09-15 18:15:00",82105,12.97,21.06,750.2,18.94,44.64
"2021-09-15 18:20:00",82106,12.96,20.93,750.3,18.9,44.51
"2021-09-15 18:25:00",82107,12.96,20.77,750.3,18.82,44.69
"2021-09-15 18:30:00",82108,12.96,20.6,750.4,18.7,44.93
"2021-09-15 18:35:00",82109,12.95,20.44,750.4,18.62,44.79
"2021-09-15 18:40:00",82110,12.95,20.22,750.5,18.63,44.6
"2021-09-15 18:45:00",82111,12.95,20.07,750.6,18.43,45.56
"2021-09-15 18:50:00",82112,12.95,19.93,750.6,18.24,46.52
"2021-09-15 18:55:00",82113,12.94,19.76,750.5,17.96,46.96
"2021-09-15 19:00:00",82114,12.94,19.57,750.6,17.89,47.11
"2021-09-15 19:05:00",82115,12.94,19.43,750.6,17.87,47.13
"2021-09-15 19:10:00",82116,12.93,19.25,750.6,17.86,47.04
"2021-09-15 19:15:00",82117,12.93,19.1,750.6,18.06,46.05
"2021-09-15 19:20:00",82118,12.93,19,750.6,18,46.62
"2021-09-15 19:25:00",82119,12.92,18.9,750.7,18.08,45.74
"2021-09-15 19:30:00",82120,12.92,18.81,750.8,17.97,46.23
"2021-09-15 19:35:00",82121,12.92,18.74,750.9,18.11,45.93
"2021-09-15 19:40:00",82122,12.92,18.7,750.8,18.06,46.28
"2021-09-15 19:45:00",82123,12.91,18.69,750.9,17.88,46.73
"2021-09-15 19:50:00",82124,12.91,18.67,750.9,17.89,46.63
"2021-09-15 19:55:00",82125,12.91,18.63,750.9,17.89,46.6
"2021-09-15 20:00:00",82126,12.91,18.59,750.9,17.73,46.83
"2021-09-15 20:05:00",82127,12.9,18.56,750.9,17.6,47.23
"2021-09-15 20:10:00",82128,12.9,18.53,750.9,17.55,47.13
"2021-09-15 20:15:00",82129,12.89,18.49,750.8,17.74,46.21
"2021-09-15 20:20:00",82130,12.89,18.47,750.9,17.74,46.27
"2021-09-15 20:25:00",82131,12.89,18.44,750.9,17.81,46.24
"2021-09-15 20:30:00",82132,12.89,18.43,751,17.79,46.62
"2021-09-15 20:35:00",82133,12.89,18.39,751.1,17.31,48.63
"2021-09-15 20:40:00",82134,12.89,18.33,751.2,17.07,49.66
"2021-09-15 20:45:00",82135,12.88,18.26,751.3,17.37,49.11
"2021-09-15 20:50:00",82136,12.88,18.16,751.3,16.38,52.08
"2021-09-15 20:55:00",82137,12.88,18.03,751.4,16.34,52.84
"2021-09-15 21:00:00",82138,12.88,17.84,751.5,16.42,53.07
"2021-09-15 21:05:00",82139,12.88,17.7,751.6,16.34,53.55
"2021-09-15 21:10:00",82140,12.88,17.55,751.7,16.06,54.34
"2021-09-15 21:15:00",82141,12.87,17.41,751.7,16.2,53.5
"2021-09-15 21:20:00",82142,12.87,17.31,751.9,16.1,53.39
"2021-09-15 21:25:00",82143,12.87,17.22,752,16.13,53.37
"2021-09-15 21:30:00",82144,12.87,17.16,752.1,16.14,53.18
"2021-09-15 21:35:00",82145,12.87,17.1,752.3,15.84,54.12
"2021-09-15 21:40:00",82146,12.86,16.97,752.3,15.75,54.11
"2021-09-15 21:45:00",82147,12.86,16.86,752.2,15.91,53.7
"2021-09-15 21:50:00",82148,12.86,16.78,752.2,15.84,54.03
"2021-09-15 21:55:00",82149,12.86,16.69,752.3,15.56,55.09
"2021-09-15 22:00:00",82150,12.86,16.58,752.3,15.53,55.11
"2021-09-15 22:05:00",82151,12.86,16.48,752.3,15.8,54.63
"2021-09-15 22:10:00",82152,12.86,16.38,752.4,15.62,55.31
"2021-09-15 22:15:00",82153,12.86,16.31,752.4,15.54,55.69
"2021-09-15 22:20:00",82154,12.86,16.24,752.4,15.49,55.74
"2021-09-15 22:25:00",82155,12.85,16.18,752.5,15.35,55.9
"2021-09-15 22:30:00",82156,12.85,16.11,752.4,15.32,55.72
"2021-09-15 22:35:00",82157,12.85,16.06,752.5,15.3,55.96
"2021-09-15 22:40:00",82158,12.85,16,752.6,15.5,55.23
"2021-09-15 22:45:00",82159,12.85,15.96,752.5,15.53,55.05
"2021-09-15 22:50:00",82160,12.85,15.91,752.6,15.3,56.23
"2021-09-15 22:55:00",82161,12.85,15.84,752.5,15.12,56.84
"2021-09-15 23:00:00",82162,12.84,15.77,752.6,15,58.17
"2021-09-15 23:05:00",82163,12.84,15.73,752.7,14.53,59.51
"2021-09-15 23:10:00",82164,12.85,15.65,752.7,14.35,60.11
"2021-09-15 23:15:00",82165,12.85,15.58,752.7,14.37,59.66
"2021-09-15 23:20:00",82166,12.85,15.49,752.8,14.35,59.57
"2021-09-15 23:25:00",82167,12.85,15.39,752.9,14.35,59.84
"2021-09-15 23:30:00",82168,12.84,15.3,753,14.52,59.45
"2021-09-15 23:35:00",82169,12.84,15.25,753,14.53,59.12
"2021-09-15 23:40:00",82170,12.84,15.21,753.1,14.41,59.19
"2021-09-15 23:45:00",82171,12.84,15.16,753,14.35,59.78
"2021-09-15 23:50:00",82172,12.84,15.1,753,13.83,65.68
"2021-09-15 23:55:00",82173,12.84,15.03,753,13.39,64.99
"2021-09-16 00:00:00",82174,12.83,14.92,753,13.25,65.37
"2021-09-16 00:05:00",82175,12.83,14.85,752.9,13.63,62.95
"2021-09-16 00:10:00",82176,12.83,14.76,752.9,13.86,62.52
"2021-09-16 00:15:00",82177,12.83,14.71,752.9,14.05,61.22
"2021-09-16 00:20:00",82178,12.82,14.65,752.9,13.83,62.19
"2021-09-16 00:25:00",82179,12.82,14.61,752.8,14.03,61.57
"2021-09-16 00:30:00",82180,12.82,14.59,752.9,13.99,61.45
"2021-09-16 00:35:00",82181,12.82,14.49,752.8,13.99,61.59
"2021-09-16 00:40:00",82182,12.82,14.45,752.9,13.89,61.46
"2021-09-16 00:45:00",82183,12.82,14.42,752.9,13.67,62.22
"2021-09-16 00:50:00",82184,12.82,14.37,752.9,13.74,62.11
"2021-09-16 00:55:00",82185,12.82,14.35,752.9,13.57,62.38
"2021-09-16 01:00:00",82186,12.81,14.34,752.8,13.38,62.88
"2021-09-16 01:05:00",82187,12.81,14.33,752.9,13.3,63.16
"2021-09-16 01:10:00",82188,12.81,14.31,752.9,13.51,62.22
"2021-09-16 01:15:00",82189,12.81,14.28,752.8,13.32,62.81
"2021-09-16 01:20:00",82190,12.8,14.24,752.8,13.71,61.04
"2021-09-16 01:25:00",82191,12.8,14.24,752.8,13.83,60.26
"2021-09-16 01:30:00",82192,12.8,14.26,752.8,13.98,60.26
"2021-09-16 01:35:00",82193,12.8,14.29,752.8,13.96,60.13
"2021-09-16 01:40:00",82194,12.79,14.33,752.7,13.75,60.96
"2021-09-16 01:45:00",82195,12.79,14.36,752.7,13.57,62.23
"2021-09-16 01:50:00",82196,12.79,14.35,752.6,13.57,61.82
"2021-09-16 01:55:00",82197,12.79,14.33,752.6,13.73,61.73
"2021-09-16 02:00:00",82198,12.79,14.31,752.6,13.6,62
"2021-09-16 02:05:00",82199,12.78,14.29,752.5,13.53,62.26
"2021-09-16 02:10:00",82200,12.78,14.23,752.5,13.55,62.43
"2021-09-16 02:15:00",82201,12.78,14.18,752.5,13.37,63.17
"2021-09-16 02:20:00",82202,12.78,14.13,752.5,13.28,63.74
"2021-09-16 02:25:00",82203,12.77,14.04,752.5,12.9,65.51
"2021-09-16 02:30:00",82204,12.77,13.95,752.5,12.82,65.67
"2021-09-16 02:35:00",82205,12.77,13.85,752.5,12.93,65.43
"2021-09-16 02:40:00",82206,12.76,13.77,752.5,13.15,63.75
"2021-09-16 02:45:00",82207,12.76,13.71,752.5,13.27,63.33
"2021-09-16 02:50:00",82208,12.76,13.69,752.5,13.24,63.21
"2021-09-16 02:55:00",82209,12.75,13.61,752.5,12.94,64.36
"2021-09-16 03:00:00",82210,12.75,13.56,752.4,12.9,64.41
"2021-09-16 03:05:00",82211,12.75,13.52,752.4,12.82,64.92
"2021-09-16 03:10:00",82212,12.75,13.48,752.4,12.73,65.54
"2021-09-16 03:15:00",82213,12.74,13.44,752.4,12.22,70.34
"2021-09-16 03:20:00",82214,12.74,13.36,752.4,12.12,71.65
"2021-09-16 03:25:00",82215,12.74,13.28,752.5,11.91,72.51
"2021-09-16 03:30:00",82216,12.73,13.18,752.5,12.15,69.67
"2021-09-16 03:35:00",82217,12.73,13.02,752.5,12.04,69.85
"2021-09-16 03:40:00",82218,12.73,12.9,752.4,11.87,70.66
"2021-09-16 03:45:00",82219,12.72,12.81,752.5,11.86,70.58
"2021-09-16 03:50:00",82220,12.72,12.72,752.5,11.7,71.29
"2021-09-16 03:55:00",82221,12.72,12.63,752.6,11.78,70.82
"2021-09-16 04:00:00",82222,12.71,12.56,752.6,11.79,71.05
"2021-09-16 04:05:00",82223,12.71,12.5,752.6,11.98,70.12
"2021-09-16 04:10:00",82224,12.7,12.47,752.6,11.92,70.82
"2021-09-16 04:15:00",82225,12.7,12.45,752.6,12.1,69.91
"2021-09-16 04:20:00",82226,12.7,12.44,752.6,12.34,68.41
"2021-09-16 04:25:00",82227,12.69,12.44,752.6,12.28,68.58
"2021-09-16 04:30:00",82228,12.69,12.41,752.7,12.06,69.53
"2021-09-16 04:35:00",82229,12.68,12.38,752.7,11.98,69.26
"2021-09-16 04:40:00",82230,12.68,12.36,752.7,11.97,69.35
"2021-09-16 04:45:00",82231,12.67,12.33,752.8,11.87,70.13
"2021-09-16 04:50:00",82232,12.67,12.32,752.8,11.57,71.86
"2021-09-16 04:55:00",82233,12.66,12.27,752.9,11.57,71.97
"2021-09-16 05:00:00",82234,12.66,12.21,753,11.43,72.45
"2021-09-16 05:05:00",82235,12.66,12.17,753,11.23,73.05
"2021-09-16 05:10:00",82236,12.65,12.11,753,11.25,72.92
"2021-09-16 05:15:00",82237,12.65,12.07,753.1,11.34,72.49
"2021-09-16 05:20:00",82238,12.65,12.02,753.1,11.17,72.99
"2021-09-16 05:25:00",82239,12.64,12,753.1,11.45,71.86
"2021-09-16 05:30:00",82240,12.64,11.99,753.1,11.57,71.35
"2021-09-16 05:35:00",82241,12.64,11.97,753.2,11.63,71.33
"2021-09-16 05:40:00",82242,12.63,11.96,753.2,11.61,71.41
"2021-09-16 05:45:00",82243,12.64,11.83,753.3,11.5,71.9
"2021-09-16 05:50:00",82244,12.64,11.61,753.3,11.46,72.26
"2021-09-16 05:55:00",82245,12.64,11.49,753.4,11.43,72.25
"2021-09-16 06:00:00",82246,12.64,11.41,753.5,11.41,72.33
"2021-09-16 06:05:00",82247,12.63,11.33,753.5,11.33,72.63
"2021-09-16 06:10:00",82248,12.63,11.28,753.6,11.53,71.79
"2021-09-16 06:15:00",82249,12.63,11.28,753.7,11.31,72.87
"2021-09-16 06:20:00",82250,12.63,11.29,753.7,11.2,72.51
"2021-09-16 06:25:00",82251,12.64,11.27,753.8,11.05,72.51
"2021-09-16 06:30:00",82252,12.66,11.25,753.8,10.93,72.66
"2021-09-16 06:35:00",82253,12.7,11.27,753.9,11.17,72.37
"2021-09-16 06:40:00",82254,12.8,11.31,753.9,11.49,71.07
"2021-09-16 06:45:00",82255,12.99,11.49,754,11.91,69.45
"2021-09-16 06:50:00",82256,13.38,11.8,754,12.43,67.66
"2021-09-16 06:55:00",82257,13.7,12.2,754.1,12.94,66.02
"2021-09-16 07:00:00",82258,13.84,12.71,754.1,13.67,63.22
"2021-09-16 07:05:00",82259,13.9,13.29,754.2,14.53,60.71
"2021-09-16 07:10:00",82260,13.96,13.95,754.3,15.03,58.84
"2021-09-16 07:15:00",82261,13.88,15.56,754.5,15.16,57.15
"2021-09-16 07:20:00",82262,13.84,16.61,754.6,15.48,57.1
"2021-09-16 07:25:00",82263,13.82,17.42,754.6,15.36,57.63
"2021-09-16 07:30:00",82264,13.78,18.17,754.7,16.04,55.22
"2021-09-16 07:35:00",82265,13.78,18.88,754.7,17.14,52.86
"2021-09-16 07:40:00",82266,13.76,19.56,754.7,17.57,50.88
"2021-09-16 07:45:00",82267,13.76,20.22,754.7,17.57,51.13
"2021-09-16 07:50:00",82268,13.73,20.84,754.7,18.15,48.55
"2021-09-16 07:55:00",82269,13.73,21.46,754.8,17.79,51.63
"2021-09-16 08:00:00",82270,13.7,21.99,754.8,17.85,53.06
"2021-09-16 08:05:00",82271,13.7,22.46,754.8,17.13,55.1
"2021-09-16 08:10:00",82272,13.7,22.87,754.9,16.84,54.33
"2021-09-16 08:15:00",82273,13.68,23.1,754.9,17.57,52.43
"2021-09-16 08:20:00",82274,13.68,23.4,755,17.97,53.01
"2021-09-16 08:25:00",82275,13.68,23.78,755,18.07,52.31
"2021-09-16 08:30:00",82276,13.68,24.14,755,17.81,51.19
"2021-09-16 08:35:00",82277,13.65,24.43,755.1,18.44,46.67
"2021-09-16 08:40:00",82278,13.65,24.79,755.1,19.18,46.45
"2021-09-16 08:45:00",82279,13.66,25.26,755.1,20.34,43.4
"2021-09-16 08:50:00",82280,13.63,25.72,755.2,20.2,43.32
"2021-09-16 08:55:00",82281,13.63,26.2,755.2,20.7,41.9
"2021-09-16 09:00:00",82282,13.6,26.68,755.3,20.2,42.1
"2021-09-16 09:05:00",82283,13.6,27.05,755.3,20.21,41.2
"2021-09-16 09:10:00",82284,13.6,27.5,755.3,21,39.53
"2021-09-16 09:15:00",82285,13.58,27.96,755.3,20.98,39.14
"2021-09-16 09:20:00",82286,13.58,28.38,755.3,22.1,38.77
"2021-09-16 09:25:00",82287,13.56,28.93,755.3,22.35,36.46
"2021-09-16 09:30:00",82288,13.55,29.41,755.3,22.26,36.52
"2021-09-16 09:35:00",82289,13.56,29.83,755.3,22.43,35.84
"2021-09-16 09:40:00",82290,13.53,30.15,755.3,21.9,36.22
"2021-09-16 09:45:00",82291,13.53,30.32,755.2,21.66,35.9
"2021-09-16 09:50:00",82292,13.53,30.5,755.1,22.45,34.09
"2021-09-16 09:55:00",82293,13.53,30.72,755.1,22.01,34.21
"2021-09-16 10:00:00",82294,13.53,30.84,755.1,22.53,33.17
"2021-09-16 10:05:00",82295,13.53,30.95,755.1,22.49,33.46
"2021-09-16 10:10:00",82296,13.53,31.11,755,22.29,33.41
"2021-09-16 10:15:00",82297,13.51,31.31,754.9,22.59,33.74
"2021-09-16 10:20:00",82298,13.51,31.55,754.9,23.2,32.49
"2021-09-16 10:25:00",82299,13.51,31.72,754.9,22.87,34.2
"2021-09-16 10:30:00",82300,13.51,31.87,754.9,23.25,31.76
"2021-09-16 10:35:00",82301,13.51,32.01,754.8,23.73,30.73
"2021-09-16 10:40:00",82302,13.51,32.22,754.7,23.96,31.02
"2021-09-16 10:45:00",82303,13.49,32.49,754.6,24.63,30
"2021-09-16 10:50:00",82304,13.49,32.68,754.6,24.04,31.06
"2021-09-16 10:55:00",82305,13.49,32.82,754.5,23.53,31.99
"2021-09-16 11:00:00",82306,13.49,32.79,754.5,23.27,31.83
"2021-09-16 11:05:00",82307,13.49,32.69,754.4,24.01,30.08
"2021-09-16 11:10:00",82308,13.49,32.7,754.3,24.27,30.57
"2021-09-16 11:15:00",82309,13.49,32.99,754.2,24.29,29.63
"2021-09-16 11:20:00",82310,13.49,33.17,754.1,23.72,31.57
"2021-09-16 11:25:00",82311,13.49,33.24,754.1,23.75,31.14
"2021-09-16 11:30:00",82312,13.49,33.24,753.9,24.49,29.75
"2021-09-16 11:35:00",82313,13.49,33.27,753.8,25.07,28.88
"2021-09-16 11:40:00",82314,13.47,33.36,753.8,25.34,28.43
"2021-09-16 11:45:00",82315,13.47,33.39,753.7,24.14,29.52
"2021-09-16 11:50:00",82316,13.47,33.24,753.6,23.19,30.22
"2021-09-16 11:55:00",82317,13.47,32.94,753.4,24.13,29.59
"2021-09-16 12:00:00",82318,13.47,32.78,753.2,24.43,28.63
"2021-09-16 12:05:00",82319,13.47,32.65,753.2,24.06,29.88
"2021-09-16 12:10:00",82320,13.47,32.51,753.1,24.97,28.03
"2021-09-16 12:15:00",82321,13.47,32.41,753,24.74,28.31
"2021-09-16 12:20:00",82322,13.47,32.38,752.9,24.68,27.7
"2021-09-16 12:25:00",82323,13.47,32.37,752.8,25.84,27.75
"2021-09-16 12:30:00",82324,13.47,32.53,752.7,24.77,27.84
"2021-09-16 12:35:00",82325,13.47,32.59,752.5,24.84,28.39
"2021-09-16 12:40:00",82326,13.47,32.54,752.5,23.94,30.78
"2021-09-16 12:45:00",82327,13.47,32.46,752.3,25.49,26.81
"2021-09-16 12:50:00",82328,13.47,32.48,752.3,24.9,27.58
"2021-09-16 12:55:00",82329,13.47,32.4,752.2,25.04,27.45
"2021-09-16 13:00:00",82330,13.47,32.29,752.1,25.04,28.07
"2021-09-16 13:05:00",82331,13.47,32.16,752,24.51,28.36
"2021-09-16 13:10:00",82332,13.47,32.04,751.9,25.42,27.89
"2021-09-16 13:15:00",82333,13.47,32.04,751.8,26.68,26.21
"2021-09-16 13:20:00",82334,13.47,32.22,751.8,25.92,26.15
"2021-09-16 13:25:00",82335,13.47,32.41,751.6,26.87,25.4
"2021-09-16 13:30:00",82336,13.48,32.62,751.5,25.5,26.81
"2021-09-16 13:35:00",82337,13.47,32.74,751.4,26.23,26.11
"2021-09-16 13:40:00",82338,13.48,32.84,751.2,25.38,26.83
"2021-09-16 13:45:00",82339,13.48,32.86,751.2,26.55,25.86
"2021-09-16 13:50:00",82340,13.48,32.9,751.1,26.12,25.79
"2021-09-16 13:55:00",82341,13.48,32.9,751,26.57,25.65
"2021-09-16 14:00:00",82342,13.48,32.91,750.9,26.15,26.03
"2021-09-16 14:05:00",82343,13.48,32.96,750.8,26.82,25.46
"2021-09-16 14:10:00",82344,13.48,32.96,750.8,26.61,26.41
"2021-09-16 14:15:00",82345,13.48,33.07,750.7,26.76,25.32
"2021-09-16 14:20:00",82346,13.48,33.29,750.6,27.19,24.53
"2021-09-16 14:25:00",82347,13.48,33.52,750.5,27.28,24.84
"2021-09-16 14:30:00",82348,13.48,33.72,750.4,26.64,25.93
"2021-09-16 14:35:00",82349,13.48,33.68,750.3,25.94,26.63
"2021-09-16 14:40:00",82350,13.48,33.57,750.3,26.85,25.12
"2021-09-16 14:45:00",82351,13.48,33.55,750.2,26.67,26
"2021-09-16 14:50:00",82352,13.48,33.55,750.1,26.07,26.92
"2021-09-16 14:55:00",82353,13.48,33.58,750,26.31,27.21
"2021-09-16 15:00:00",82354,13.48,33.68,750,27.02,26.65
"2021-09-16 15:05:00",82355,13.48,33.86,750,27.99,25.34
"2021-09-16 15:10:00",82356,13.48,34.01,749.9,26.61,26.21
"2021-09-16 15:15:00",82357,13.46,33.97,749.9,26.26,27.41
"2021-09-16 15:20:00",82358,13.45,33.79,749.8,25.8,27.44
"2021-09-16 15:25:00",82359,13.45,33.57,749.8,26.14,27.61
"2021-09-16 15:30:00",82360,13.45,33.38,749.7,26,27.66
"2021-09-16 15:35:00",82361,13.45,33.25,749.7,25.79,27.44
"2021-09-16 15:40:00",82362,13.45,32.99,749.7,25.41,28.37
"2021-09-16 15:45:00",82363,13.45,32.63,749.6,25.18,28.96
"2021-09-16 15:50:00",82364,13.45,32.21,749.5,25.11,29.7
"2021-09-16 15:55:00",82365,13.45,31.87,749.5,25,29.35
"2021-09-16 16:00:00",82366,13.45,31.65,749.4,25.47,28.78
"2021-09-16 16:05:00",82367,13.45,31.56,749.4,25.38,28.91
"2021-09-16 16:10:00",82368,13.45,31.42,749.6,24.59,30.7
"2021-09-16 16:15:00",82369,13.45,31.18,749.6,24.45,30.99
"2021-09-16 16:20:00",82370,13.48,30.93,749.6,24.84,30.89
"2021-09-16 16:25:00",82371,13.48,30.73,749.6,24.88,30.05
"2021-09-16 16:30:00",82372,13.48,30.52,749.8,24.63,29.93
"2021-09-16 16:35:00",82373,13.48,30.36,749.8,24.58,30.37
"2021-09-16 16:40:00",82374,13.48,30.23,749.9,24.91,29.14
"2021-09-16 16:45:00",82375,13.47,30.13,749.9,24.81,30.11
"2021-09-16 16:50:00",82376,13.48,30.04,750,24.7,30.34
"2021-09-16 16:55:00",82377,13.48,29.95,749.9,24.66,30.61
"2021-09-16 17:00:00",82378,13.48,29.78,749.9,24.11,31.17
"2021-09-16 17:05:00",82379,13.5,29.57,750,23.98,27.85
"2021-09-16 17:10:00",82380,13.5,29.33,750,24.13,27.11
"2021-09-16 17:15:00",82381,13.5,29.13,750,24.23,27.73
"2021-09-16 17:20:00",82382,13.5,28.78,750.1,23.9,28.99
"2021-09-16 17:25:00",82383,13.53,28.54,750.2,23.14,34.02
"2021-09-16 17:30:00",82384,13.53,28.38,750.3,22.99,34.07
"2021-09-16 17:35:00",82385,13.47,27.73,750.4,23.11,34.52
"2021-09-16 17:40:00",82386,13.4,27.26,750.6,22.83,35.05
"2021-09-16 17:45:00",82387,13.27,26.87,750.6,22.89,34.86
"2021-09-16 17:50:00",82388,13.24,26.64,750.7,22.84,35.06
"2021-09-16 17:55:00",82389,13.19,26.45,750.7,22.9,33.73
"2021-09-16 18:00:00",82390,13.13,26.28,750.7,22.71,31.88
"2021-09-16 18:05:00",82391,13.06,26.08,750.6,22.55,31.1
"2021-09-16 18:10:00",82392,13.02,25.82,750.6,22.07,35.58
"2021-09-16 18:15:00",82393,12.99,25.51,750.7,21.53,38.02
"2021-09-16 18:20:00",82394,12.98,25.14,750.6,21.24,38.64
"2021-09-16 18:25:00",82395,12.97,24.74,750.6,21.1,38.08
"2021-09-16 18:30:00",82396,12.97,24.44,750.6,21.19,38.71
"2021-09-16 18:35:00",82397,12.96,24,750.7,20.82,39.58
"2021-09-16 18:40:00",82398,12.96,23.67,750.8,20.49,40.68
"2021-09-16 18:45:00",82399,12.95,23.36,750.9,20.6,39.65
"2021-09-16 18:50:00",82400,12.95,23.08,751,20.38,40.5
"2021-09-16 18:55:00",82401,12.95,22.84,751.1,20.23,40.62
"2021-09-16 19:00:00",82402,12.95,22.6,751.2,20.62,38.38
"2021-09-16 19:05:00",82403,12.94,22.46,751.2,20.62,38.51
"2021-09-16 19:10:00",82404,12.94,22.32,751.3,20.35,39.46
"2021-09-16 19:15:00",82405,12.94,22.18,751.4,20.1,40.34
"2021-09-16 19:20:00",82406,12.93,22.03,751.4,20.01,40.66
"2021-09-16 19:25:00",82407,12.93,21.88,751.5,19.64,41.78
"2021-09-16 19:30:00",82408,12.93,21.72,751.5,19.76,40.89
"2021-09-16 19:35:00",82409,12.92,21.57,751.5,19.63,41.23
"2021-09-16 19:40:00",82410,12.92,21.44,751.7,19.49,41.95
"2021-09-16 19:45:00",82411,12.92,21.3,751.8,19.31,42.67
"2021-09-16 19:50:00",82412,12.92,21.13,751.8,19.5,42.24
"2021-09-16 19:55:00",82413,12.91,21.03,751.8,19.66,41.68
"2021-09-16 20:00:00",82414,12.91,20.99,751.9,19.47,42.56
"2021-09-16 20:05:00",82415,12.91,20.94,752,19.48,42.08
"2021-09-16 20:10:00",82416,12.91,20.87,752.1,19.23,42.72
"2021-09-16 20:15:00",82417,12.91,20.8,752.1,19.11,42.94
"2021-09-16 20:20:00",82418,12.9,20.68,752.1,19.12,42.74
"2021-09-16 20:25:00",82419,12.91,20.53,752.2,19.05,43.22
"2021-09-16 20:30:00",82420,12.9,20.37,752.4,19.21,42.66
"2021-09-16 20:35:00",82421,12.9,20.29,752.4,19.55,41.7
"2021-09-16 20:40:00",82422,12.9,20.26,752.5,19.37,42.36
"2021-09-16 20:45:00",82423,12.9,20.22,752.7,19.16,43.26
"2021-09-16 20:50:00",82424,12.9,20.17,752.7,19.2,42.88
"2021-09-16 20:55:00",82425,12.89,20.12,752.7,19.26,42.86
"2021-09-16 21:00:00",82426,12.89,20.12,752.9,19.14,43.2
"2021-09-16 21:05:00",82427,12.89,20.07,752.9,19.14,43.1
"2021-09-16 21:10:00",82428,12.89,20.04,753,19.15,43.26
"2021-09-16 21:15:00",82429,12.89,20.01,753,19,43.72
"2021-09-16 21:20:00",82430,12.89,19.98,753.2,18.73,44.71
"2021-09-16 21:25:00",82431,12.89,19.9,753.2,18.74,44.27
"2021-09-16 21:30:00",82432,12.89,19.81,753.2,19.1,43.25
"2021-09-16 21:35:00",82433,12.88,19.77,753.3,19.08,43.22
"2021-09-16 21:40:00",82434,12.88,19.73,753.3,18.83,43.99
"2021-09-16 21:45:00",82435,12.88,19.69,753.3,18.83,43.83
"2021-09-16 21:50:00",82436,12.88,19.66,753.4,19.03,42.77
"2021-09-16 21:55:00",82437,12.88,19.65,753.5,19.07,42.42
"2021-09-16 22:00:00",82438,12.87,19.67,753.5,19.11,42.04
"2021-09-16 22:05:00",82439,12.87,19.68,753.5,19.02,41.96
"2021-09-16 22:10:00",82440,12.87,19.73,753.5,18.95,42.15
"2021-09-16 22:15:00",82441,12.87,19.73,753.6,18.85,42.46
"2021-09-16 22:20:00",82442,12.87,19.71,753.6,18.77,42.77
"2021-09-16 22:25:00",82443,12.87,19.68,753.6,18.48,43.76
"2021-09-16 22:30:00",82444,12.87,19.64,753.7,18.13,44.96
"2021-09-16 22:35:00",82445,12.87,19.55,753.6,18.03,44.97
"2021-09-16 22:40:00",82446,12.86,19.43,753.6,17.75,46.14
"2021-09-16 22:45:00",82447,12.86,19.33,753.6,17.48,47.49
"2021-09-16 22:50:00",82448,12.86,19.2,753.6,17.36,48.29
"2021-09-16 22:55:00",82449,12.86,18.98,753.6,17.37,48.51
"2021-09-16 23:00:00",82450,12.86,18.82,753.6,17.32,48.63
"2021-09-16 23:05:00",82451,12.86,18.7,753.6,17.29,48.44
"2021-09-16 23:10:00",82452,12.85,18.58,753.6,17.25,48.69
"2021-09-16 23:15:00",82453,12.85,18.47,753.6,17.09,49.26
"2021-09-16 23:20:00",82454,12.85,18.33,753.6,16.95,49.74
"2021-09-16 23:25:00",82455,12.85,18.22,753.7,16.84,50.32
"2021-09-16 23:30:00",82456,12.85,18.09,753.8,16.75,50.8
"2021-09-16 23:35:00",82457,12.85,17.88,753.8,16.58,51.46
"2021-09-16 23:40:00",82458,12.85,17.71,753.9,16.41,52.05
"2021-09-16 23:45:00",82459,12.85,17.57,753.9,16.52,51.73
"2021-09-16 23:50:00",82460,12.84,17.45,753.9,16.49,51.82
"2021-09-16 23:55:00",82461,12.84,17.33,753.8,16.48,51.81
"2021-09-17 00:00:00",82462,12.84,17.23,753.8,16.35,52.38
"2021-09-17 00:05:00",82463,12.84,17.13,753.8,16.49,51.85
"2021-09-17 00:10:00",82464,12.84,17.03,753.8,16.48,52.06
"2021-09-17 00:15:00",82465,12.83,16.96,753.8,16.3,52.53
"2021-09-17 00:20:00",82466,12.83,16.88,753.8,16.53,51.82
"2021-09-17 00:25:00",82467,12.83,16.83,753.7,16.61,51.55
"2021-09-17 00:30:00",82468,12.83,16.82,753.6,16.53,50.99
"2021-09-17 00:35:00",82469,12.82,16.84,753.6,16.16,51.49
"2021-09-17 00:40:00",82470,12.82,16.82,753.6,16.19,50.48
"2021-09-17 00:45:00",82471,12.82,16.8,753.4,16.16,50.16
"2021-09-17 00:50:00",82472,12.82,16.76,753.3,16.29,49.15
"2021-09-17 00:55:00",82473,12.82,16.75,753.2,16.3,49.03
"2021-09-17 01:00:00",82474,12.82,16.71,753.1,16.12,51.12
"2021-09-17 01:05:00",82475,12.82,16.67,753.2,16.02,51.84
"2021-09-17 01:10:00",82476,12.81,16.61,753.1,15.8,52.33
"2021-09-17 01:15:00",82477,12.81,16.53,753.1,15.56,52.64
"2021-09-17 01:20:00",82478,12.8,16.45,753,15.32,54.01
"2021-09-17 01:25:00",82479,12.8,16.34,753,14.89,56.99
"2021-09-17 01:30:00",82480,12.8,16.21,753.1,14.59,59.4
"2021-09-17 01:35:00",82481,12.8,16.06,753,14.48,59.59
"2021-09-17 01:40:00",82482,12.8,15.92,753.1,14.29,60.58
"2021-09-17 01:45:00",82483,12.79,15.75,753.1,14.27,60.48
"2021-09-17 01:50:00",82484,12.79,15.63,753.1,14.47,59.32
"2021-09-17 01:55:00",82485,12.79,15.52,753.1,14.77,57.9
"2021-09-17 02:00:00",82486,12.79,15.45,753.1,14.72,56.99
"2021-09-17 02:05:00",82487,12.79,15.34,753.2,14.66,58.15
"2021-09-17 02:10:00",82488,12.78,15.24,753.1,14.43,56.85
"2021-09-17 02:15:00",82489,12.78,15.17,753.1,14.31,57.41
"2021-09-17 02:20:00",82490,12.78,15.09,753.1,14.2,58.8
"2021-09-17 02:25:00",82491,12.78,15.01,753.1,14.32,60.22
"2021-09-17 02:30:00",82492,12.77,14.93,753.1,14.3,59.86
"2021-09-17 02:35:00",82493,12.77,14.91,753.2,13.91,61.26
"2021-09-17 02:40:00",82494,12.77,14.79,753.1,13.64,61.56
"2021-09-17 02:45:00",82495,12.77,14.71,753.1,13.81,59.07
"2021-09-17 02:50:00",82496,12.77,14.63,753.1,13.85,58.21
"2021-09-17 02:55:00",82497,12.77,14.57,753.1,13.77,58.01
"2021-09-17 03:00:00",82498,12.76,14.54,753,13.85,58.29
"2021-09-17 03:05:00",82499,12.76,14.49,753,13.81,58.26
"2021-09-17 03:10:00",82500,12.76,14.45,753,13.75,58.46
"2021-09-17 03:15:00",82501,12.76,14.4,753,13.71,58.72
"2021-09-17 03:20:00",82502,12.75,14.34,753,13.78,58.52
"2021-09-17 03:25:00",82503,12.75,14.3,753,13.67,59.11
"2021-09-17 03:30:00",82504,12.75,14.24,753,13.56,60.6
"2021-09-17 03:35:00",82505,12.75,14.19,752.9,13.17,62.49
"2021-09-17 03:40:00",82506,12.75,14.11,752.9,13.04,63.79
"2021-09-17 03:45:00",82507,12.75,14.04,752.9,13.18,63.72
"2021-09-17 03:50:00",82508,12.74,13.96,752.9,13.1,62.77
"2021-09-17 03:55:00",82509,12.74,13.86,753,13.01,61.9
"2021-09-17 04:00:00",82510,12.74,13.78,753,12.8,64.24
"2021-09-17 04:05:00",82511,12.74,13.69,753,12.83,63.96
"2021-09-17 04:10:00",82512,12.73,13.58,753,12.88,63.29
"2021-09-17 04:15:00",82513,12.73,13.51,753,12.59,63.68
"2021-09-17 04:20:00",82514,12.73,13.41,753.1,12.66,63.49
"2021-09-17 04:25:00",82515,12.74,13.34,753,12.86,63.5
"2021-09-17 04:30:00",82516,12.73,13.29,753,12.64,64.51
"2021-09-17 04:35:00",82517,12.73,13.23,753,12.72,64.2
"2021-09-17 04:40:00",82518,12.73,13.19,753.1,12.66,64.39
"2021-09-17 04:45:00",82519,12.72,13.15,753,12.36,66.46
"2021-09-17 04:50:00",82520,12.72,13.09,753.1,11.94,69.17
"2021-09-17 04:55:00",82521,12.72,13.01,753.1,11.72,69.02
"2021-09-17 05:00:00",82522,12.71,12.92,753.1,12.68,64.66
"2021-09-17 05:05:00",82523,12.71,12.89,753.2,13.06,63
"2021-09-17 05:10:00",82524,12.71,12.9,753.2,13.23,62.23
"2021-09-17 05:15:00",82525,12.7,12.9,753.2,13.33,62.16
"2021-09-17 05:20:00",82526,12.7,12.94,753.3,13.14,62.66
"2021-09-17 05:25:00",82527,12.7,13,753.4,13.17,61.99
"2021-09-17 05:30:00",82528,12.7,13.04,753.5,12.6,63.51
"2021-09-17 05:35:00",82529,12.69,13.06,753.5,12.26,64.7
"2021-09-17 05:40:00",82530,12.69,13.05,753.5,12.06,66.17
"2021-09-17 05:45:00",82531,12.69,12.88,753.6,11.86,66.78
"2021-09-17 05:50:00",82532,12.68,12.8,753.6,11.74,67.47
"2021-09-17 05:55:00",82533,12.68,12.71,753.7,11.74,67.24
"2021-09-17 06:00:00",82534,12.68,12.63,753.7,11.82,66.54
"2021-09-17 06:05:00",82535,12.67,12.56,753.7,11.86,66.57
"2021-09-17 06:10:00",82536,12.67,12.54,753.7,11.91,66.52
"2021-09-17 06:15:00",82537,12.67,12.54,753.7,12,66.11
"2021-09-17 06:20:00",82538,12.68,12.53,753.8,11.94,66.85
"2021-09-17 06:25:00",82539,12.69,12.5,753.8,11.91,66.41
"2021-09-17 06:30:00",82540,12.7,12.47,753.9,12.08,65.95
"2021-09-17 06:35:00",82541,12.84,12.56,753.9,12.38,65.54
"2021-09-17 06:40:00",82542,12.99,12.72,754,12.16,67.55
"2021-09-17 06:45:00",82543,13.15,12.88,754.1,12.5,67.09
"2021-09-17 06:50:00",82544,13.23,13.02,754.2,13.37,63.37
"2021-09-17 06:55:00",82545,13.56,13.38,754.1,13.14,64.22
"2021-09-17 07:00:00",82546,13.71,13.8,754.2,14.05,60.36
"2021-09-17 07:05:00",82547,13.8,14.35,754.3,14.63,58.96
"2021-09-17 07:10:00",82548,13.88,14.94,754.4,15.15,56.48
"2021-09-17 07:15:00",82549,14,15.63,754.4,15.06,55.92
"2021-09-17 07:20:00",82550,13.84,17.33,754.5,15.24,55.89
"2021-09-17 07:25:00",82551,13.78,18.29,754.5,15.73,54.44
"2021-09-17 07:30:00",82552,13.79,19.09,754.6,15.95,53.43
"2021-09-17 07:35:00",82553,13.76,19.82,754.6,15.81,53.29
"2021-09-17 07:40:00",82554,13.76,20.5,754.7,16.01,53.38
"2021-09-17 07:45:00",82555,13.73,21.11,754.7,16.93,50.39
"2021-09-17 07:50:00",82556,13.73,21.74,754.7,18.28,46.11
"2021-09-17 07:55:00",82557,13.7,22.37,754.8,18.18,46.61
"2021-09-17 08:00:00",82558,13.7,22.97,754.7,18.4,45.91
"2021-09-17 08:05:00",82559,13.68,23.51,754.8,19.6,43.7
"2021-09-17 08:10:00",82560,13.68,24.05,754.8,18.86,45.07
"2021-09-17 08:15:00",82561,13.65,24.46,754.8,19.08,44.02
"2021-09-17 08:20:00",82562,13.65,24.83,754.8,19.4,43.48
"2021-09-17 08:25:00",82563,13.65,25.25,754.8,19.71,44.57
"2021-09-17 08:30:00",82564,13.63,25.7,754.8,20.1,42.34
"2021-09-17 08:35:00",82565,13.63,26.11,754.8,20.07,42.4
"2021-09-17 08:40:00",82566,13.63,26.57,754.9,20.26,40.2
"2021-09-17 08:45:00",82567,13.6,27.01,754.9,20.66,39.66
"2021-09-17 08:50:00",82568,13.6,27.49,754.8,21.34,37.77
"2021-09-17 08:55:00",82569,13.6,27.92,754.9,21.13,37.72
"2021-09-17 09:00:00",82570,13.58,28.25,754.9,21.17,37.69
"2021-09-17 09:05:00",82571,13.58,28.58,754.9,20.96,37.96
"2021-09-17 09:10:00",82572,13.58,28.85,754.9,21.25,37.5
"2021-09-17 09:15:00",82573,13.55,29.08,754.9,21.97,36.75
"2021-09-17 09:20:00",82574,13.55,29.41,754.9,21.78,36.54
"2021-09-17 09:25:00",82575,13.55,29.75,754.8,22.69,34.54
"2021-09-17 09:30:00",82576,13.55,30.08,754.8,22.53,33.3
"2021-09-17 09:35:00",82577,13.53,30.34,754.8,21.77,34.56
"2021-09-17 09:40:00",82578,13.53,30.63,754.8,22.12,33.4
"2021-09-17 09:45:00",82579,13.53,30.9,754.8,22.81,32.53
"2021-09-17 09:50:00",82580,13.51,31.19,754.8,22.35,32.75
"2021-09-17 09:55:00",82581,13.51,31.42,754.7,22.25,33.14
"2021-09-17 10:00:00",82582,13.51,31.68,754.7,23.03,31.91
"2021-09-17 10:05:00",82583,13.51,31.99,754.7,23.4,31.78
"2021-09-17 10:10:00",82584,13.51,32.3,754.7,22.57,32.37
"2021-09-17 10:15:00",82585,13.51,32.46,754.6,22.43,33.09
"2021-09-17 10:20:00",82586,13.49,32.56,754.6,23.39,31.1
"2021-09-17 10:25:00",82587,13.49,32.72,754.5,23.47,31.72
"2021-09-17 10:30:00",82588,13.49,32.87,754.4,22.9,31.73
"2021-09-17 10:35:00",82589,13.49,32.96,754.4,22.98,31.34
"2021-09-17 10:40:00",82590,13.49,33.03,754.3,23.58,31.83
"2021-09-17 10:45:00",82591,13.49,33.14,754.2,22.6,31.24
"2021-09-17 10:50:00",82592,13.49,33.07,754.1,23.48,30.17
"2021-09-17 10:55:00",82593,13.49,33.09,754,24.36,28.89
"2021-09-17 11:00:00",82594,13.49,33.19,753.9,24.01,29.47
"2021-09-17 11:05:00",82595,13.49,33.28,753.8,24.51,29.31
"2021-09-17 11:10:00",82596,13.49,33.38,753.7,23.96,29.67
"2021-09-17 11:15:00",82597,13.47,33.45,753.7,25.28,27.91
"2021-09-17 11:20:00",82598,13.47,33.59,753.6,24.66,28.78
"2021-09-17 11:25:00",82599,13.47,33.64,753.5,23.99,29
"2021-09-17 11:30:00",82600,13.47,33.55,753.4,23.02,30.81
"2021-09-17 11:35:00",82601,13.47,33.42,753.3,23.79,29.39
"2021-09-17 11:40:00",82602,13.47,33.34,753.2,23.95,28.93
"2021-09-17 11:45:00",82603,13.47,33.26,753.1,24.15,28.91
"2021-09-17 11:50:00",82604,13.47,33.21,753,24.81,27.23
"2021-09-17 11:55:00",82605,13.47,33.18,752.9,25.58,27.09
"2021-09-17 12:00:00",82606,13.47,33.14,752.8,25.52,26.02
"2021-09-17 12:05:00",82607,13.47,33.2,752.7,25.52,25.75
"2021-09-17 12:10:00",82608,13.47,33.28,752.6,25.72,25.66
"2021-09-17 12:15:00",82609,13.47,33.39,752.5,26.14,25.55
"2021-09-17 12:20:00",82610,13.47,33.51,752.4,26.52,24.89
"2021-09-17 12:25:00",82611,13.47,33.62,752.3,26.14,25.11
"2021-09-17 12:30:00",82612,13.47,33.71,752.2,25.69,24.83
"2021-09-17 12:35:00",82613,13.47,33.68,752.1,25.49,25.51
"2021-09-17 12:40:00",82614,13.47,33.56,752,25.93,25.47
"2021-09-17 12:45:00",82615,13.47,33.49,751.9,26.7,24.25
"2021-09-17 12:50:00",82616,13.47,33.56,751.7,27.07,23.62
"2021-09-17 12:55:00",82617,13.47,33.64,751.6,26.66,23.66
"2021-09-17 13:00:00",82618,13.47,33.68,751.5,27,23.55
"2021-09-17 13:05:00",82619,13.47,33.66,751.4,26.02,24.44
"2021-09-17 13:10:00",82620,13.47,33.58,751.1,26.94,23.78
"2021-09-17 13:15:00",82621,13.48,33.51,751.1,26.27,24.53
"2021-09-17 13:20:00",82622,13.48,33.35,751,26.55,24.27
"2021-09-17 13:25:00",82623,13.48,33.29,750.9,27.13,23.55
"2021-09-17 13:30:00",82624,13.48,33.29,750.7,27,25
"2021-09-17 13:35:00",82625,13.48,33.27,750.8,26.7,24.29
"2021-09-17 13:40:00",82626,13.48,33.18,750.6,26.6,24.18
"2021-09-17 13:45:00",82627,13.48,33.12,750.5,26.98,23.54
"2021-09-17 13:50:00",82628,13.48,33.13,750.3,26.74,23.87
"2021-09-17 13:55:00",82629,13.48,33.14,750.2,27.31,23.53
"2021-09-17 14:00:00",82630,13.48,33.18,750.2,27.3,23.84
"2021-09-17 14:05:00",82631,13.48,33.17,750.1,27.34,23.57
"2021-09-17 14:10:00",82632,13.48,33.19,750,27.02,23.76
"2021-09-17 14:15:00",82633,13.48,33.27,749.9,28.12,22.86
"2021-09-17 14:20:00",82634,13.48,33.36,749.7,26.85,24.09
"2021-09-17 14:25:00",82635,13.48,33.3,749.8,27.42,23.71
"2021-09-17 14:30:00",82636,13.48,33.27,749.7,27.32,23.64
"2021-09-17 14:35:00",82637,13.48,33.37,749.6,27.31,24.33
"2021-09-17 14:40:00",82638,13.48,33.49,749.6,26.91,24.99
"2021-09-17 14:45:00",82639,13.48,33.51,749.5,26.76,25.25
"2021-09-17 14:50:00",82640,13.48,33.34,749.3,27.5,26.13
"2021-09-17 14:55:00",82641,13.48,32.95,749.2,26.22,28.57
"2021-09-17 15:00:00",82642,13.48,32.53,749.3,25.88,29.83
"2021-09-17 15:05:00",82643,13.48,32.07,749.2,25.72,29.61
"2021-09-17 15:10:00",82644,13.48,31.69,749,26.11,29.85
"2021-09-17 15:15:00",82645,13.48,31.46,749,26.04,29.98
"2021-09-17 15:20:00",82646,13.48,31.31,748.9,25.81,30.16
"2021-09-17 15:25:00",82647,13.48,31.17,748.9,25.54,30.41
"2021-09-17 15:30:00",82648,13.48,31.01,748.8,25.63,30.35
"2021-09-17 15:35:00",82649,13.48,30.85,748.9,25.4,30.64
"2021-09-17 15:40:00",82650,13.48,30.69,748.9,25.76,30.46
"2021-09-17 15:45:00",82651,13.48,30.62,748.9,25.83,30.44
"2021-09-17 15:50:00",82652,13.48,30.65,748.8,25.98,30.21
"2021-09-17 15:55:00",82653,13.48,30.73,748.6,25.94,31.02
"2021-09-17 16:00:00",82654,13.48,30.86,748.7,26.09,30.12
"2021-09-17 16:05:00",82655,13.48,31.01,748.6,26.62,28.87
"2021-09-17 16:10:00",82656,13.48,31.15,748.5,26.2,29.08
"2021-09-17 16:15:00",82657,13.48,31.27,748.5,26.73,27.93
"2021-09-17 16:20:00",82658,13.47,31.41,748.4,26.68,27.72
"2021-09-17 16:25:00",82659,13.47,31.55,748.5,26.67,27.03
"2021-09-17 16:30:00",82660,13.47,31.66,748.4,26.68,26.86
"2021-09-17 16:35:00",82661,13.47,31.76,748.4,26.74,26.83
"2021-09-17 16:40:00",82662,13.47,31.83,748.4,26.75,26.08
"2021-09-17 16:45:00",82663,13.48,31.85,748.4,26.91,26.09
"2021-09-17 16:50:00",82664,13.48,31.85,748.3,26.76,26.49
"2021-09-17 16:55:00",82665,13.48,31.86,748.3,26.75,26.49
"2021-09-17 17:00:00",82666,13.48,31.84,748.3,26.54,26.06
"2021-09-17 17:05:00",82667,13.48,31.78,748.3,26.57,25.52
"2021-09-17 17:10:00",82668,13.48,31.75,748.3,26.72,24.56
"2021-09-17 17:15:00",82669,13.48,31.76,748.3,26.62,24.83
"2021-09-17 17:20:00",82670,13.47,31.81,748.3,26.62,24.31
"2021-09-17 17:25:00",82671,13.47,31.85,748.3,26.72,24.18
"2021-09-17 17:30:00",82672,13.47,31.87,748.3,26.82,24.16
"2021-09-17 17:35:00",82673,13.47,31.83,748.3,26.69,24.42
"2021-09-17 17:40:00",82674,13.4,31.49,748.3,26.53,24.14
"2021-09-17 17:45:00",82675,13.27,30.9,748.3,26.3,24.19
"2021-09-17 17:50:00",82676,13.18,30.51,748.3,26.3,24.36
"2021-09-17 17:55:00",82677,13.13,30.16,748.4,26.12,24.66
"2021-09-17 18:00:00",82678,13.08,29.85,748.4,25.75,25.18
"2021-09-17 18:05:00",82679,13.05,29.48,748.5,25.51,25.44
"2021-09-17 18:10:00",82680,13.02,29.03,748.5,25.18,26.92
"2021-09-17 18:15:00",82681,13,28.55,748.5,24.85,28.59
"2021-09-17 18:20:00",82682,12.98,28.05,748.6,24.48,30.19
"2021-09-17 18:25:00",82683,12.98,27.5,748.6,24.04,28.33
"2021-09-17 18:30:00",82684,12.97,26.95,748.8,24.09,27.45
"2021-09-17 18:35:00",82685,12.97,26.45,748.9,23.73,28.44
"2021-09-17 18:40:00",82686,12.97,26.02,749,23.74,28.27
"2021-09-17 18:45:00",82687,12.96,25.63,749.1,23.71,28.03
"2021-09-17 18:50:00",82688,12.96,25.29,749.1,23.41,28.34
"2021-09-17 18:55:00",82689,12.96,24.97,749.1,23.53,28.83
"2021-09-17 19:00:00",82690,12.96,24.74,749.1,23.39,29.59
"2021-09-17 19:05:00",82691,12.96,24.52,749.2,23.02,30.5
"2021-09-17 19:10:00",82692,12.95,24.31,749.3,22.66,31.64
"2021-09-17 19:15:00",82693,12.95,24.11,749.3,22.35,32.69
"2021-09-17 19:20:00",82694,12.95,23.91,749.4,22.37,32.82
"2021-09-17 19:25:00",82695,12.94,23.75,749.4,22.24,32.88
"2021-09-17 19:30:00",82696,12.94,23.58,749.5,22.17,33.1
"2021-09-17 19:35:00",82697,12.94,23.41,749.7,22.09,33.79
"2021-09-17 19:40:00",82698,12.94,23.25,749.8,21.47,36.11
"2021-09-17 19:45:00",82699,12.93,23.06,749.9,21.21,36.54
"2021-09-17 19:50:00",82700,12.93,22.85,749.9,21.17,36.67
"2021-09-17 19:55:00",82701,12.93,22.61,750,21.13,37.13
"2021-09-17 20:00:00",82702,12.93,22.42,750.1,21,37.8
"2021-09-17 20:05:00",82703,12.92,22.22,750.1,20.66,39.27
"2021-09-17 20:10:00",82704,12.92,22.03,750.2,20.46,40.19
"2021-09-17 20:15:00",82705,12.92,21.82,750.2,20.51,39.93
"2021-09-17 20:20:00",82706,12.92,21.67,750.2,20.36,40.82
"2021-09-17 20:25:00",82707,12.92,21.52,750.3,20.36,40.31
"2021-09-17 20:30:00",82708,12.91,21.38,750.4,20.56,39.84
"2021-09-17 20:35:00",82709,12.91,21.27,750.5,20.47,40.58
"2021-09-17 20:40:00",82710,12.91,21.17,750.5,20.36,40.86
"2021-09-17 20:45:00",82711,12.91,21.08,750.5,20.26,41.2
"2021-09-17 20:50:00",82712,12.9,21.06,750.5,20.03,41.88
"2021-09-17 20:55:00",82713,12.9,21.18,750.6,20.03,41.95
"2021-09-17 21:00:00",82714,12.89,21.19,750.6,20.28,41.14
"2021-09-17 21:05:00",82715,12.89,21.16,750.6,20.55,40.23
"2021-09-17 21:10:00",82716,12.89,21.15,750.7,20.62,40.21
"2021-09-17 21:15:00",82717,12.89,21.15,750.7,20.4,40.83
"2021-09-17 21:20:00",82718,12.89,21.13,750.7,20.11,41.38
"2021-09-17 21:25:00",82719,12.89,21.07,750.8,19.99,41.88
"2021-09-17 21:30:00",82720,12.89,21.02,750.8,19.85,42.54
"2021-09-17 21:35:00",82721,12.88,20.94,750.8,19.59,43.38
"2021-09-17 21:40:00",82722,12.88,20.85,750.9,19.74,43.39
"2021-09-17 21:45:00",82723,12.88,20.75,750.9,19.27,45.03
"2021-09-17 21:50:00",82724,12.88,20.65,751,19.26,45.12
"2021-09-17 21:55:00",82725,12.88,20.52,751,19.26,45.38
"2021-09-17 22:00:00",82726,12.88,20.41,751,19.41,44.54
"2021-09-17 22:05:00",82727,12.87,20.36,751.1,19.78,43.78
"2021-09-17 22:10:00",82728,12.87,20.32,751.1,19.84,43.28
"2021-09-17 22:15:00",82729,12.87,20.27,751.1,19.76,43.62
"2021-09-17 22:20:00",82730,12.87,20.27,751.1,19.74,43.52
"2021-09-17 22:25:00",82731,12.87,20.29,751.1,19.83,43.4
"2021-09-17 22:30:00",82732,12.87,20.29,751.2,19.69,43.93
"2021-09-17 22:35:00",82733,12.87,20.28,751.2,19.33,44.94
"2021-09-17 22:40:00",82734,12.87,20.17,751.3,19.17,45.43
"2021-09-17 22:45:00",82735,12.86,20.08,751.3,19.15,45.71
"2021-09-17 22:50:00",82736,12.86,20,751.3,19.26,45.5
"2021-09-17 22:55:00",82737,12.86,19.92,751.3,19.12,46
"2021-09-17 23:00:00",82738,12.86,19.85,751.3,18.98,46.39
"2021-09-17 23:05:00",82739,12.86,19.78,751.3,18.9,46.6
"2021-09-17 23:10:00",82740,12.86,19.71,751.3,18.82,46.75
"2021-09-17 23:15:00",82741,12.86,19.64,751.3,18.59,47.45
"2021-09-17 23:20:00",82742,12.85,19.54,751.4,18.33,48.39
"2021-09-17 23:25:00",82743,12.85,19.44,751.4,18.01,49.47
"2021-09-17 23:30:00",82744,12.85,19.28,751.3,17.65,50.95
"2021-09-17 23:35:00",82745,12.85,19.12,751.3,17.49,51.46
"2021-09-17 23:40:00",82746,12.85,18.95,751.3,17.56,51.19
"2021-09-17 23:45:00",82747,12.85,18.83,751.3,17.27,51.83
"2021-09-17 23:50:00",82748,12.85,18.67,751.3,17.16,52.34
"2021-09-17 23:55:00",82749,12.84,18.54,751.3,17.01,52.81
"2021-09-18 00:00:00",82750,12.84,18.41,751.3,17.02,52.6
"2021-09-18 00:05:00",82751,12.84,18.29,751.3,16.83,53.19
"2021-09-18 00:10:00",82752,12.84,18.17,751.2,16.64,53.07
"2021-09-18 00:15:00",82753,12.84,18.03,751.2,16.79,52.38
"2021-09-18 00:20:00",82754,12.84,17.91,751.1,16.75,51.54
"2021-09-18 00:25:00",82755,12.84,17.8,751.1,16.49,52.46
"2021-09-18 00:30:00",82756,12.83,17.69,751,16.63,52.73
"2021-09-18 00:35:00",82757,12.83,17.57,751,16.85,52.91
"2021-09-18 00:40:00",82758,12.83,17.46,751,16.84,52.54
"2021-09-18 00:45:00",82759,12.83,17.38,751,16.58,53.65
"2021-09-18 00:50:00",82760,12.83,17.3,750.9,16.54,53.7
"2021-09-18 00:55:00",82761,12.82,17.26,750.9,16.2,54.78
"2021-09-18 01:00:00",82762,12.83,17.18,750.9,16.05,54.18
"2021-09-18 01:05:00",82763,12.82,17.11,750.9,16.1,53.27
"2021-09-18 01:10:00",82764,12.82,17.08,750.8,16.04,52.49
"2021-09-18 01:15:00",82765,12.82,17.03,750.8,16.25,52.31
"2021-09-18 01:20:00",82766,12.82,16.98,750.8,16.16,52.42
"2021-09-18 01:25:00",82767,12.82,16.94,750.8,16.12,52.2
"2021-09-18 01:30:00",82768,12.81,16.89,750.6,16.1,52.47
"2021-09-18 01:35:00",82769,12.81,16.87,750.6,16.02,52.83
"2021-09-18 01:40:00",82770,12.81,16.83,750.6,15.98,52.82
"2021-09-18 01:45:00",82771,12.81,16.79,750.6,16.1,51.98
"2021-09-18 01:50:00",82772,12.81,16.67,750.5,15.93,52.66
"2021-09-18 01:55:00",82773,12.81,16.57,750.6,15.79,52.83
"2021-09-18 02:00:00",82774,12.81,16.49,750.6,15.71,53.33
"2021-09-18 02:05:00",82775,12.81,16.42,750.6,15.6,54.6
"2021-09-18 02:10:00",82776,12.81,16.34,750.6,15.32,55.99
"2021-09-18 02:15:00",82777,12.8,16.22,750.6,15.09,56.32
"2021-09-18 02:20:00",82778,12.8,16.13,750.7,14.94,56.45
"2021-09-18 02:25:00",82779,12.8,16.04,750.7,14.88,55.71
"2021-09-18 02:30:00",82780,12.8,15.96,750.7,14.79,55.97
"2021-09-18 02:35:00",82781,12.8,15.89,750.8,14.58,57
"2021-09-18 02:40:00",82782,12.79,15.8,750.8,14.59,56.97
"2021-09-18 02:45:00",82783,12.79,15.75,750.8,14.87,55.35
"2021-09-18 02:50:00",82784,12.79,15.71,750.8,14.88,54.92
"2021-09-18 02:55:00",82785,12.79,15.69,750.8,14.94,55.02
"2021-09-18 03:00:00",82786,12.78,15.66,750.8,14.98,54.39
"2021-09-18 03:05:00",82787,12.78,15.64,750.8,14.83,54.52
"2021-09-18 03:10:00",82788,12.78,15.59,750.7,14.57,55.12
"2021-09-18 03:15:00",82789,12.78,15.55,750.7,14.46,55.89
"2021-09-18 03:20:00",82790,12.78,15.47,750.7,14.35,57.2
"2021-09-18 03:25:00",82791,12.77,15.4,750.6,13.77,61.56
"2021-09-18 03:30:00",82792,12.77,15.28,750.5,13.67,60.65
"2021-09-18 03:35:00",82793,12.77,15.16,750.5,13.99,58.83
"2021-09-18 03:40:00",82794,12.77,15.06,750.4,13.7,60.66
"2021-09-18 03:45:00",82795,12.76,14.94,750.5,13.27,62.98
"2021-09-18 03:50:00",82796,12.76,14.81,750.4,13.06,64.05
"2021-09-18 03:55:00",82797,12.76,14.69,750.4,13.15,63.81
"2021-09-18 04:00:00",82798,12.75,14.58,750.4,13.29,62.95
"2021-09-18 04:05:00",82799,12.75,14.5,750.4,13.28,63.15
"2021-09-18 04:10:00",82800,12.75,14.42,750.4,13.45,62.5
"2021-09-18 04:15:00",82801,12.75,14.35,750.3,13.47,62.48
"2021-09-18 04:20:00",82802,12.74,14.27,750.4,13.45,62.71
"2021-09-18 04:25:00",82803,12.74,14.19,750.4,13.17,63.72
"2021-09-18 04:30:00",82804,12.74,14.13,750.4,13.39,62.94
"2021-09-18 04:35:00",82805,12.74,14.09,750.5,13.87,60.89
"2021-09-18 04:40:00",82806,12.74,14.12,750.5,13.71,60.84
"2021-09-18 04:45:00",82807,12.73,14.16,750.6,13.2,61.94
"2021-09-18 04:50:00",82808,12.73,14.17,750.6,13.17,61.78
"2021-09-18 04:55:00",82809,12.73,14.06,750.6,13.06,61.88
"2021-09-18 05:00:00",82810,12.72,14,750.7,12.87,62.12
"2021-09-18 05:05:00",82811,12.72,13.91,750.7,12.72,62.71
"2021-09-18 05:10:00",82812,12.72,13.82,750.7,12.81,62.87
"2021-09-18 05:15:00",82813,12.71,13.73,750.7,12.97,62.22
"2021-09-18 05:20:00",82814,12.71,13.69,750.8,13.23,61.14
"2021-09-18 05:25:00",82815,12.71,13.63,750.8,12.96,61.66
"2021-09-18 05:30:00",82816,12.7,13.59,750.8,12.98,61.6
"2021-09-18 05:35:00",82817,12.7,13.56,750.9,12.94,61.63
"2021-09-18 05:40:00",82818,12.7,13.51,751,13.04,61.44
"2021-09-18 05:45:00",82819,12.69,13.48,751.1,12.97,61.87
"2021-09-18 05:50:00",82820,12.69,13.43,751.1,13.06,61.94
"2021-09-18 05:55:00",82821,12.69,13.38,751.2,13.01,62.17
"2021-09-18 06:00:00",82822,12.68,13.36,751.3,12.97,62.57
"2021-09-18 06:05:00",82823,12.68,13.32,751.3,12.8,63.86
"2021-09-18 06:10:00",82824,12.68,13.34,751.4,12.84,62.58
"2021-09-18 06:15:00",82825,12.67,13.33,751.4,12.82,63.51
"2021-09-18 06:20:00",82826,12.68,13.3,751.5,12.56,65.92
"2021-09-18 06:25:00",82827,12.69,13.27,751.6,12.46,65.5
"2021-09-18 06:30:00",82828,12.7,13.23,751.6,12.64,64.01
"2021-09-18 06:35:00",82829,12.75,13.24,751.7,12.78,63.63
"2021-09-18 06:40:00",82830,12.82,13.31,751.8,12.99,63.81
"2021-09-18 06:45:00",82831,12.93,13.43,751.9,13.09,62.83
"2021-09-18 06:50:00",82832,13.14,13.64,752,13.78,60.85
"2021-09-18 06:55:00",82833,13.28,13.86,752,14.13,59.39
"2021-09-18 07:00:00",82834,13.51,14.17,752.2,14.33,58.64
"2021-09-18 07:05:00",82835,13.58,14.55,752.2,14.69,56.59
"2021-09-18 07:10:00",82836,13.75,15.03,752.2,15.19,55.64
"2021-09-18 07:15:00",82837,13.88,15.65,752.2,16.01,52.95
"2021-09-18 07:20:00",82838,13.81,17.3,752.3,16.58,51.24
"2021-09-18 07:25:00",82839,13.79,18.3,752.3,17.05,50.28
"2021-09-18 07:30:00",82840,13.76,19.08,752.4,17.31,49.72
"2021-09-18 07:35:00",82841,13.76,19.81,752.4,18.43,46.92
"2021-09-18 07:40:00",82842,13.73,20.58,752.4,17.91,47.86
"2021-09-18 07:45:00",82843,13.72,21.33,752.4,17.38,49.64
"2021-09-18 07:50:00",82844,13.7,22.05,752.5,17.47,48.9
"2021-09-18 07:55:00",82845,13.7,22.68,752.6,18.63,45.81
"2021-09-18 08:00:00",82846,13.68,23.28,752.7,18.09,47.07
"2021-09-18 08:05:00",82847,13.68,23.74,752.7,17.63,48.24
"2021-09-18 08:10:00",82848,13.65,24.16,752.7,17.76,48.16
"2021-09-18 08:15:00",82849,13.65,24.46,752.7,18.81,45
"2021-09-18 08:20:00",82850,13.65,24.83,752.7,19.58,42.99
"2021-09-18 08:25:00",82851,13.63,25.3,752.7,19.65,43.38
"2021-09-18 08:30:00",82852,13.62,25.77,752.8,20.04,42.34
"2021-09-18 08:35:00",82853,13.62,26.32,752.7,20.35,41.98
"2021-09-18 08:40:00",82854,13.6,26.82,752.7,20.76,40.9
"2021-09-18 08:45:00",82855,13.6,27.31,752.8,21.36,39.8
"2021-09-18 08:50:00",82856,13.6,27.84,752.8,22.55,37.3
"2021-09-18 08:55:00",82857,13.58,28.38,752.8,22.03,37.74
"2021-09-18 09:00:00",82858,13.58,28.88,752.8,21.89,37.93
"2021-09-18 09:05:00",82859,13.55,29.29,752.7,21.04,39.21
"2021-09-18 09:10:00",82860,13.55,29.62,752.7,22.19,37.7
"2021-09-18 09:15:00",82861,13.55,29.99,752.7,22.53,36.94
"2021-09-18 09:20:00",82862,13.55,30.39,752.7,23.11,36.04
"2021-09-18 09:25:00",82863,13.53,30.8,752.7,22.98,34.84
"2021-09-18 09:30:00",82864,13.53,31.12,752.7,22.53,36.48
"2021-09-18 09:35:00",82865,13.51,31.39,752.6,22.64,36.16
"2021-09-18 09:40:00",82866,13.51,31.64,752.6,22.79,35.18
"2021-09-18 09:45:00",82867,13.51,31.85,752.6,22.17,36.77
"2021-09-18 09:50:00",82868,13.51,31.95,752.6,22.09,37.03
"2021-09-18 09:55:00",82869,13.51,31.97,752.5,22.83,36.01
"2021-09-18 10:00:00",82870,13.51,32.05,752.6,23.25,34.17
"2021-09-18 10:05:00",82871,13.51,32.24,752.5,23.14,34.15
"2021-09-18 10:10:00",82872,13.51,32.49,752.4,24.14,32.58
"2021-09-18 10:15:00",82873,13.49,32.78,752.4,23.41,33.81
"2021-09-18 10:20:00",82874,13.49,33,752.3,23.22,34.16
"2021-09-18 10:25:00",82875,13.49,33.14,752.2,23.87,33.42
"2021-09-18 10:30:00",82876,13.49,33.25,752.2,23.54,33.39
"2021-09-18 10:35:00",82877,13.49,33.35,752.1,23.8,33.35
"2021-09-18 10:40:00",82878,13.49,33.49,752.1,23.32,33.64
"2021-09-18 10:45:00",82879,13.47,33.63,752,24.82,32.57
"2021-09-18 10:50:00",82880,13.46,33.83,751.9,24.64,31.48
"2021-09-18 10:55:00",82881,13.46,34,751.9,24.64,30.88
"2021-09-18 11:00:00",82882,13.46,34.1,751.8,24.45,30.19
"2021-09-18 11:05:00",82883,13.46,34.26,751.7,25.6,28.93
"2021-09-18 11:10:00",82884,13.46,34.35,751.6,24.59,29.66
"2021-09-18 11:15:00",82885,13.47,34.37,751.6,24.84,29.47
"2021-09-18 11:20:00",82886,13.47,34.34,751.4,24.65,29.56
"2021-09-18 11:25:00",82887,13.47,34.29,751.3,25.56,29.13
"2021-09-18 11:30:00",82888,13.47,34.28,751.2,24.4,30.18
"2021-09-18 11:35:00",82889,13.47,34.21,751.1,25.4,27.75
"2021-09-18 11:40:00",82890,13.47,34.19,751,26.31,28.78
"2021-09-18 11:45:00",82891,13.47,34.26,750.9,25.37,27.99
"2021-09-18 11:50:00",82892,13.47,34.33,750.7,26.84,26.5
"2021-09-18 11:55:00",82893,13.47,34.52,750.6,26.74,26.49
"2021-09-18 12:00:00",82894,13.47,34.66,750.6,26.46,24.82
"2021-09-18 12:05:00",82895,13.45,34.68,750.4,25.69,25.97
"2021-09-18 12:10:00",82896,13.45,34.61,750.3,25.77,26.21
"2021-09-18 12:15:00",82897,13.45,34.51,750.2,26.16,23.18
"2021-09-18 12:20:00",82898,13.45,34.45,750,26.19,20.55
"2021-09-18 12:25:00",82899,13.45,34.42,749.9,27.37,21.56
"2021-09-18 12:30:00",82900,13.45,34.51,749.8,27.16,21.44
"2021-09-18 12:35:00",82901,13.45,34.59,749.6,27.02,22.16
"2021-09-18 12:40:00",82902,13.45,34.69,749.5,28.24,21.96
"2021-09-18 12:45:00",82903,13.45,34.87,749.4,28.61,23.65
"2021-09-18 12:50:00",82904,13.45,35.1,749.3,28.72,20.53
"2021-09-18 12:55:00",82905,13.45,35.27,749.2,28.54,21.14
"2021-09-18 13:00:00",82906,13.45,35.42,749.1,28.2,20.35
"2021-09-18 13:05:00",82907,13.45,35.46,748.9,28.43,21.14
"2021-09-18 13:10:00",82908,13.45,35.48,748.8,29.36,19.37
"2021-09-18 13:15:00",82909,13.45,35.5,748.7,28.23,19.41
"2021-09-18 13:20:00",82910,13.45,35.49,748.6,29.23,19.22
"2021-09-18 13:25:00",82911,13.45,35.49,748.5,29.08,19.35
"2021-09-18 13:30:00",82912,13.45,35.48,748.4,29.36,18.31
"2021-09-18 13:35:00",82913,13.43,35.52,748.3,29.42,19.72
"2021-09-18 13:40:00",82914,13.43,35.57,748.1,29.13,20.13
"2021-09-18 13:45:00",82915,13.43,35.62,748,29.47,20.5
"2021-09-18 13:50:00",82916,13.43,35.7,747.9,29.65,19.74
"2021-09-18 13:55:00",82917,13.43,35.8,747.8,28.59,19.82
"2021-09-18 14:00:00",82918,13.43,35.8,747.7,28.06,20.03
"2021-09-18 14:05:00",82919,13.43,35.75,747.6,29.32,18.52
"2021-09-18 14:10:00",82920,13.43,35.77,747.4,29.83,17.6
"2021-09-18 14:15:00",82921,13.43,35.79,747.3,30.03,15.23
"2021-09-18 14:20:00",82922,13.43,35.92,747.2,30.78,14.73
"2021-09-18 14:25:00",82923,13.43,36.12,747,29.79,11.86
"2021-09-18 14:30:00",82924,13.43,36.25,747,30,14.73
"2021-09-18 14:35:00",82925,13.43,36.34,746.8,29.38,15.34
"2021-09-18 14:40:00",82926,13.43,36.4,746.7,29.4,16.12
"2021-09-18 14:45:00",82927,13.43,36.51,746.6,30.33,14.53
"2021-09-18 14:50:00",82928,13.43,36.63,746.5,30.33,14.39
"2021-09-18 14:55:00",82929,13.43,36.74,746.5,29.66,17.27
"2021-09-18 15:00:00",82930,13.41,36.7,746.5,28.88,17.16
"2021-09-18 15:05:00",82931,13.41,36.5,746.5,29.46,19.45
"2021-09-18 15:10:00",82932,13.41,36.25,746.5,28.88,20.71
"2021-09-18 15:15:00",82933,13.41,35.97,746.5,28.96,19.7
"2021-09-18 15:20:00",82934,13.41,35.59,746.5,28.08,21.88
"2021-09-18 15:25:00",82935,13.41,35.1,746.5,28.26,20.92
"2021-09-18 15:30:00",82936,13.41,34.69,746.5,28.24,20.67
"2021-09-18 15:35:00",82937,13.41,34.39,746.5,28.24,20.92
"2021-09-18 15:40:00",82938,13.4,34.19,746.5,28.83,19.41
"2021-09-18 15:45:00",82939,13.4,34.18,746.5,28.52,18.97
"2021-09-18 15:50:00",82940,13.4,34.2,746.5,28.42,19.67
"2021-09-18 15:55:00",82941,13.41,34.07,746.6,27.67,20.32
"2021-09-18 16:00:00",82942,13.41,33.78,746.6,27.25,20.79
"2021-09-18 16:05:00",82943,13.4,33.41,746.5,27.29,20.54
"2021-09-18 16:10:00",82944,13.43,33.05,746.5,26.81,21.87
"2021-09-18 16:15:00",82945,13.43,32.72,746.5,26.92,20.56
"2021-09-18 16:20:00",82946,13.43,32.43,746.6,26.91,20.66
"2021-09-18 16:25:00",82947,13.43,32.19,746.5,27.17,20.5
"2021-09-18 16:30:00",82948,13.45,32.04,746.5,27.08,19.1
"2021-09-18 16:35:00",82949,13.45,31.89,746.5,27.01,20.42
"2021-09-18 16:40:00",82950,13.45,31.71,746.5,26.96,19.44
"2021-09-18 16:45:00",82951,13.45,31.55,746.5,26.74,20.2
"2021-09-18 16:50:00",82952,13.45,31.45,746.5,26.94,21.67
"2021-09-18 16:55:00",82953,13.45,31.37,746.6,26.55,23.72
"2021-09-18 17:00:00",82954,13.47,30.99,746.6,26.48,22.82
"2021-09-18 17:05:00",82955,13.45,30.27,746.6,26.22,23.56
"2021-09-18 17:10:00",82956,13.63,29.86,746.7,25.9,24.78
"2021-09-18 17:15:00",82957,13.55,29.72,746.8,25.56,25.13
"2021-09-18 17:20:00",82958,13.55,29.65,746.9,25.44,25.67
"2021-09-18 17:25:00",82959,13.55,29.44,746.9,25.54,24.79
"2021-09-18 17:30:00",82960,13.55,29.1,746.9,25.38,25.5
"2021-09-18 17:35:00",82961,13.55,28.81,746.9,24.99,26.43
"2021-09-18 17:40:00",82962,13.55,29.02,747,25.31,26.21
"2021-09-18 17:45:00",82963,13.24,28.46,747.1,25.44,25.57
"2021-09-18 17:50:00",82964,13.16,28.18,747.1,25.09,26.74
"2021-09-18 17:55:00",82965,13.13,28.02,747.2,25.09,26.47
"2021-09-18 18:00:00",82966,13.08,27.88,747.3,24.9,27.24
"2021-09-18 18:05:00",82967,13.03,27.69,747.3,24.45,28.22
"2021-09-18 18:10:00",82968,13,27.46,747.4,24.23,28.07
"2021-09-18 18:15:00",82969,12.98,27.3,747.4,23.99,28.8
"2021-09-18 18:20:00",82970,12.97,26.86,747.5,23.67,29.62
"2021-09-18 18:25:00",82971,12.97,26.53,747.6,23.57,29.37
"2021-09-18 18:30:00",82972,12.96,26.19,747.7,23.35,30.09
"2021-09-18 18:35:00",82973,12.95,25.85,747.7,23.35,29.56
"2021-09-18 18:40:00",82974,12.95,25.58,747.8,23.35,29.29
"2021-09-18 18:45:00",82975,12.95,25.35,747.9,23.45,29.16
"2021-09-18 18:50:00",82976,12.95,25.22,747.9,23.19,29.91
"2021-09-18 18:55:00",82977,12.94,24.96,748,23.09,29.94
"2021-09-18 19:00:00",82978,12.94,24.79,748.1,22.94,30.97
"2021-09-18 19:05:00",82979,12.93,24.62,748.1,22.93,31.8
"2021-09-18 19:10:00",82980,12.93,24.45,748.2,22.11,35.78
"2021-09-18 19:15:00",82981,12.93,24.27,748.2,21.73,36.66
"2021-09-18 19:20:00",82982,12.93,24.05,748.3,21.24,38.25
"2021-09-18 19:25:00",82983,12.92,23.79,748.3,20.78,39.28
"2021-09-18 19:30:00",82984,12.92,23.53,748.4,20.68,38.81
"2021-09-18 19:35:00",82985,12.92,23.28,748.4,20.64,38.97
"2021-09-18 19:40:00",82986,12.92,23.04,748.4,20.85,38.7
"2021-09-18 19:45:00",82987,12.91,22.83,748.5,20.66,39.46
"2021-09-18 19:50:00",82988,12.91,22.64,748.6,20.52,38.67
"2021-09-18 19:55:00",82989,12.91,22.47,748.6,20.44,38.69
"2021-09-18 20:00:00",82990,12.91,22.23,748.7,20.68,37.54
"2021-09-18 20:05:00",82991,12.91,22.1,748.8,20.86,37.23
"2021-09-18 20:10:00",82992,12.9,21.99,748.8,20.77,37.45
"2021-09-18 20:15:00",82993,12.9,21.88,748.9,21.08,35.81
"2021-09-18 20:20:00",82994,12.9,21.82,748.9,20.98,36.59
"2021-09-18 20:25:00",82995,12.9,21.76,748.9,20.73,37.61
"2021-09-18 20:30:00",82996,12.9,21.63,749,20.89,36.45
"2021-09-18 20:35:00",82997,12.89,21.57,749,20.86,36.51
"2021-09-18 20:40:00",82998,12.89,21.53,749.1,20.88,36.28
"2021-09-18 20:45:00",82999,12.89,21.49,749.2,20.97,35.87
"2021-09-18 20:50:00",83000,12.89,21.5,749.3,21.11,34.83
"2021-09-18 20:55:00",83001,12.89,21.51,749.3,21.46,33.07
"2021-09-18 21:00:00",83002,12.88,21.54,749.4,21.39,32.57
"2021-09-18 21:05:00",83003,12.88,21.58,749.5,21.23,32.32
"2021-09-18 21:10:00",83004,12.88,21.62,749.5,21.15,31.78
"2021-09-18 21:15:00",83005,12.88,21.63,749.6,21.02,31.9
"2021-09-18 21:20:00",83006,12.88,21.58,749.7,20.9,32.65
"2021-09-18 21:25:00",83007,12.88,21.52,749.7,20.5,34.01
"2021-09-18 21:30:00",83008,12.87,21.38,749.8,20.04,34.95
"2021-09-18 21:35:00",83009,12.87,21.23,749.8,19.88,34.38
"2021-09-18 21:40:00",83010,12.87,21.07,749.8,19.84,34.38
"2021-09-18 21:45:00",83011,12.87,20.92,749.9,19.89,33.95
"2021-09-18 21:50:00",83012,12.87,20.77,749.9,19.93,34.78
"2021-09-18 21:55:00",83013,12.86,20.66,749.9,19.66,36.06
"2021-09-18 22:00:00",83014,12.86,20.54,750,19.48,36.37
"2021-09-18 22:05:00",83015,12.86,20.44,749.9,19.38,36.98
"2021-09-18 22:10:00",83016,12.85,20.34,750,19.1,37.77
"2021-09-18 22:15:00",83017,12.85,20.23,750,18.75,38.9
"2021-09-18 22:20:00",83018,12.85,20.1,750.1,18.81,38.71
"2021-09-18 22:25:00",83019,12.85,19.96,750.1,18.77,38.74
"2021-09-18 22:30:00",83020,12.84,19.83,750.2,18.62,39.92
"2021-09-18 22:35:00",83021,12.85,19.71,750.3,18.46,39.75
"2021-09-18 22:40:00",83022,12.84,19.58,750.3,18.35,39.99
"2021-09-18 22:45:00",83023,12.84,19.44,750.4,18.09,40.9
"2021-09-18 22:50:00",83024,12.84,19.31,750.3,18.27,39.34
"2021-09-18 22:55:00",83025,12.84,19.23,750.3,19.32,36.49
"2021-09-18 23:00:00",83026,12.84,19.25,750.4,19.11,37.31
"2021-09-18 23:05:00",83027,12.83,19.21,750.4,18.74,38.42
"2021-09-18 23:10:00",83028,12.83,19.18,750.4,18.53,39.2
"2021-09-18 23:15:00",83029,12.83,19.1,750.4,18.15,40.07
"2021-09-18 23:20:00",83030,12.83,19.02,750.5,18.45,39.39
"2021-09-18 23:25:00",83031,12.83,18.95,750.4,18.49,39.78
"2021-09-18 23:30:00",83032,12.83,18.92,750.5,18.45,39.71
"2021-09-18 23:35:00",83033,12.83,18.81,750.5,18.21,40.46
"2021-09-18 23:40:00",83034,12.83,18.74,750.5,18.23,40.56
"2021-09-18 23:45:00",83035,12.82,18.68,750.5,18.47,39.88
"2021-09-18 23:50:00",83036,12.82,18.66,750.5,18.37,40.22
"2021-09-18 23:55:00",83037,12.82,18.68,750.5,18.04,41.28
"2021-09-19 00:00:00",83038,12.82,18.65,750.4,17.92,41.62
"2021-09-19 00:05:00",83039,12.82,18.6,750.4,17.88,41.64
"2021-09-19 00:10:00",83040,12.82,18.53,750.3,17.63,42.32
"2021-09-19 00:15:00",83041,12.82,18.45,750.4,17.3,43.68
"2021-09-19 00:20:00",83042,12.82,18.35,750.4,17.41,42.77
"2021-09-19 00:25:00",83043,12.82,18.29,750.3,18.45,40.1
"2021-09-19 00:30:00",83044,12.81,18.3,750.3,18.28,40.6
"2021-09-19 00:35:00",83045,12.81,18.33,750.3,18.09,41.06
"2021-09-19 00:40:00",83046,12.82,18.07,750.3,17.97,41.46
"2021-09-19 00:45:00",83047,12.82,17.94,750.2,17.67,42.39
"2021-09-19 00:50:00",83048,12.82,17.83,750.2,17.53,42.78
"2021-09-19 00:55:00",83049,12.82,17.72,750.2,17.5,43.07
"2021-09-19 01:00:00",83050,12.82,17.6,750.2,17.43,43.31
"2021-09-19 01:05:00",83051,12.82,17.53,750.1,17.41,43.57
"2021-09-19 01:10:00",83052,12.81,17.45,750.1,17.6,43.08
"2021-09-19 01:15:00",83053,12.82,17.43,750.1,17.56,43.36
"2021-09-19 01:20:00",83054,12.82,17.38,750.1,17.45,44.02
"2021-09-19 01:25:00",83055,12.82,17.35,750,17.38,44.07
"2021-09-19 01:30:00",83056,12.82,17.32,750,17.26,44.44
"2021-09-19 01:35:00",83057,12.81,17.25,750,17.33,44.22
"2021-09-19 01:40:00",83058,12.81,17.2,749.9,17.22,44.81
"2021-09-19 01:45:00",83059,12.81,17.15,749.9,17.11,45.08
"2021-09-19 01:50:00",83060,12.81,17.1,749.8,17.02,45.52
"2021-09-19 01:55:00",83061,12.81,17.02,749.8,16.84,45.84
"2021-09-19 02:00:00",83062,12.81,16.9,749.8,16.58,46.22
"2021-09-19 02:05:00",83063,12.8,16.78,749.8,16.61,46.03
"2021-09-19 02:10:00",83064,12.8,16.69,749.8,16.92,45.03
"2021-09-19 02:15:00",83065,12.8,16.61,749.8,17.07,44.79
"2021-09-19 02:20:00",83066,12.8,16.56,749.7,17.03,45.17
"2021-09-19 02:25:00",83067,12.8,16.51,749.7,16.87,45.15
"2021-09-19 02:30:00",83068,12.8,16.47,749.7,16.22,47.21
"2021-09-19 02:35:00",83069,12.79,16.38,749.7,16.61,45.43
"2021-09-19 02:40:00",83070,12.79,16.34,749.6,16.61,45.24
"2021-09-19 02:45:00",83071,12.79,16.27,749.6,16.62,45.31
"2021-09-19 02:50:00",83072,12.79,16.22,749.5,16.55,45.93
"2021-09-19 02:55:00",83073,12.79,16.15,749.5,15.72,49.45
"2021-09-19 03:00:00",83074,12.78,16.03,749.5,15.54,49.36
"2021-09-19 03:05:00",83075,12.78,15.91,749.5,15.86,48.6
"2021-09-19 03:10:00",83076,12.78,15.78,749.5,15.34,50.58
"2021-09-19 03:15:00",83077,12.78,15.68,749.6,15.2,51.3
"2021-09-19 03:20:00",83078,12.78,15.57,749.6,14.89,52.36
"2021-09-19 03:25:00",83079,12.77,15.45,749.6,14.86,52.17
"2021-09-19 03:30:00",83080,12.77,15.35,749.5,15.14,50.86
"2021-09-19 03:35:00",83081,12.77,15.24,749.5,15.12,50.95
"2021-09-19 03:40:00",83082,12.77,15.17,749.5,15.02,51.27
"2021-09-19 03:45:00",83083,12.76,15.1,749.6,14.36,54.36
"2021-09-19 03:50:00",83084,12.76,14.97,749.6,14.19,54.58
"2021-09-19 03:55:00",83085,12.76,14.85,749.6,13.96,55.36
"2021-09-19 04:00:00",83086,12.76,14.7,749.6,13.86,56.22
"2021-09-19 04:05:00",83087,12.75,14.55,749.6,13.99,55.58
"2021-09-19 04:10:00",83088,12.75,14.41,749.6,14,54.98
"2021-09-19 04:15:00",83089,12.75,14.32,749.5,14.29,53.92
"2021-09-19 04:20:00",83090,12.75,14.22,749.5,14.31,53.93
"2021-09-19 04:25:00",83091,12.74,14.14,749.6,14.23,54.62
"2021-09-19 04:30:00",83092,12.74,14.07,749.5,13.7,57.43
"2021-09-19 04:35:00",83093,12.74,13.97,749.6,13.04,60.4
"2021-09-19 04:40:00",83094,12.74,13.85,749.7,12.86,61.73
"2021-09-19 04:45:00",83095,12.73,13.7,749.7,13.19,59.92
"2021-09-19 04:50:00",83096,12.73,13.58,749.7,13.24,59.45
"2021-09-19 04:55:00",83097,12.73,13.48,749.7,13.63,57.39
"2021-09-19 05:00:00",83098,12.73,13.42,749.8,13.33,58.06
"2021-09-19 05:05:00",83099,12.72,13.36,749.8,13.3,57.94
"2021-09-19 05:10:00",83100,12.72,13.32,749.8,13.3,58.27
"2021-09-19 05:15:00",83101,12.72,13.29,749.8,13.27,57.79
"2021-09-19 05:20:00",83102,12.72,13.23,749.8,13.05,58.8
"2021-09-19 05:25:00",83103,12.71,13.16,749.9,13.02,59.69
"2021-09-19 05:30:00",83104,12.71,13.08,750,12.43,62.36
"2021-09-19 05:35:00",83105,12.71,12.97,750,12.05,63.65
"2021-09-19 05:40:00",83106,12.7,12.87,750.1,12.26,62.75
"2021-09-19 05:45:00",83107,12.7,12.78,750.1,12.23,62.89
"2021-09-19 05:50:00",83108,12.69,12.9,750.2,12.58,60.59
"2021-09-19 05:55:00",83109,12.69,12.99,750.3,12.4,61.83
"2021-09-19 06:00:00",83110,12.69,13,750.3,12.34,61.7
"2021-09-19 06:05:00",83111,12.68,12.99,750.4,12.26,61.81
"2021-09-19 06:10:00",83112,12.68,12.99,750.4,12.44,61.57
"2021-09-19 06:15:00",83113,12.68,13.01,750.5,12.42,61.86
"2021-09-19 06:20:00",83114,12.68,12.99,750.6,12.68,60.55
"2021-09-19 06:25:00",83115,12.69,13.01,750.6,12.75,59.82
"2021-09-19 06:30:00",83116,12.73,13.04,750.7,12.39,61.27
"2021-09-19 06:35:00",83117,12.9,13.18,750.7,12.66,60.93
"2021-09-19 06:40:00",83118,12.99,13.29,750.8,12.72,61.47
"2021-09-19 06:45:00",83119,13.19,13.5,750.8,12.9,59.93
"2021-09-19 06:50:00",83120,13.47,13.83,750.8,13.28,58.3
"2021-09-19 06:55:00",83121,13.63,14.24,750.9,13.85,56.76
"2021-09-19 07:00:00",83122,13.76,14.76,751,14.68,53.34
"2021-09-19 07:05:00",83123,13.86,15.35,751,15.68,51.21
"2021-09-19 07:10:00",83124,13.91,16.03,751.1,16.04,50.36
"2021-09-19 07:15:00",83125,13.82,17.72,751.1,15.54,51.1
"2021-09-19 07:20:00",83126,13.79,18.67,751.1,15.4,51.39
"2021-09-19 07:25:00",83127,13.76,19.35,751.2,15.94,50.35
"2021-09-19 07:30:00",83128,13.76,19.99,751.2,16.08,49.25
"2021-09-19 07:35:00",83129,13.73,20.63,751.2,16.69,47.61
"2021-09-19 07:40:00",83130,13.73,21.22,751.3,16.29,49.06
"2021-09-19 07:45:00",83131,13.7,21.77,751.3,16.26,49.46
"2021-09-19 07:50:00",83132,13.7,22.29,751.3,17.73,46.04
"2021-09-19 07:55:00",83133,13.68,22.84,751.4,18.91,44.03
"2021-09-19 08:00:00",83134,13.68,23.38,751.5,18.59,44.28
"2021-09-19 08:05:00",83135,13.68,23.91,751.5,19.42,42.07
"2021-09-19 08:10:00",83136,13.65,24.47,751.5,20.27,40.01
"2021-09-19 08:15:00",83137,13.65,25.01,751.5,19.94,40
"2021-09-19 08:20:00",83138,13.65,25.52,751.5,19.84,41.54
"2021-09-19 08:25:00",83139,13.63,25.95,751.5,19.96,42.65
"2021-09-19 08:30:00",83140,13.63,26.36,751.5,19.58,43.82
"2021-09-19 08:35:00",83141,13.63,26.72,751.6,19.94,41.49
"2021-09-19 08:40:00",83142,13.6,27.21,751.6,20.65,38.45
"2021-09-19 08:45:00",83143,13.6,27.36,751.6,20.22,38.96
"2021-09-19 08:50:00",83144,13.6,27.7,751.6,20.23,37.1
"2021-09-19 08:55:00",83145,13.58,27.97,751.6,20.72,37.22
"2021-09-19 09:00:00",83146,13.58,28.3,751.5,20.99,36.85
"2021-09-19 09:05:00",83147,13.58,28.71,751.6,22.66,32.91
"2021-09-19 09:10:00",83148,13.55,29.14,751.6,22.02,34.25
"2021-09-19 09:15:00",83149,13.56,29.53,751.6,21.58,31.35
"2021-09-19 09:20:00",83150,13.55,29.85,751.6,22.57,31.47
"2021-09-19 09:25:00",83151,13.56,30.31,751.7,23.31,30.33
"2021-09-19 09:30:00",83152,13.53,30.75,751.7,22.9,30.96
"2021-09-19 09:35:00",83153,13.53,31.11,751.6,22.51,31.43
"2021-09-19 09:40:00",83154,13.53,31.39,751.5,21.56,33.08
"2021-09-19 09:45:00",83155,13.51,31.53,751.5,22.03,32.39
"2021-09-19 09:50:00",83156,13.51,31.68,751.5,23.68,29.72
"2021-09-19 09:55:00",83157,13.51,31.95,751.5,22.49,30.29
"2021-09-19 10:00:00",83158,13.51,32.15,751.5,22.76,29.84
"2021-09-19 10:05:00",83159,13.51,32.34,751.5,23.76,28.37
"2021-09-19 10:10:00",83160,13.49,32.63,751.4,22.69,29.77
"2021-09-19 10:15:00",83161,13.49,32.73,751.4,22.69,29.5
"2021-09-19 10:20:00",83162,13.49,32.73,751.3,22.99,28.65
"2021-09-19 10:25:00",83163,13.49,32.72,751.3,23.69,27.76
"2021-09-19 10:30:00",83164,13.49,32.81,751.3,24.17,26.64
"2021-09-19 10:35:00",83165,13.49,33.04,751.2,24.13,26.84
"2021-09-19 10:40:00",83166,13.49,33.2,751.1,24.05,26.9
"2021-09-19 10:45:00",83167,13.49,33.45,751.1,24.57,25.88
"2021-09-19 10:50:00",83168,13.49,33.66,751,24.54,25.98
"2021-09-19 10:55:00",83169,13.47,33.77,750.9,24.51,26.39
"2021-09-19 11:00:00",83170,13.47,33.83,750.8,24.27,26.31
"2021-09-19 11:05:00",83171,13.47,33.83,750.7,24.84,25.19
"2021-09-19 11:10:00",83172,13.46,33.86,750.7,24.63,24.93
"2021-09-19 11:15:00",83173,13.46,33.83,750.6,24.79,24.02
"2021-09-19 11:20:00",83174,13.47,33.87,750.5,25.42,22.34
"2021-09-19 11:25:00",83175,13.47,33.97,750.5,25.58,21.55
"2021-09-19 11:30:00",83176,13.47,34.11,750.5,25.84,22.16
"2021-09-19 11:35:00",83177,13.47,34.24,750.4,24.54,22.07
"2021-09-19 11:40:00",83178,13.47,34.23,750.3,25.47,21.79
"2021-09-19 11:45:00",83179,13.47,34.21,750.3,25.58,18.53
"2021-09-19 11:50:00",83180,13.47,34.2,750.2,25.68,19.65
"2021-09-19 11:55:00",83181,13.47,34.27,750.1,26.1,20.23
"2021-09-19 12:00:00",83182,13.47,34.41,750,25.95,20.15
"2021-09-19 12:05:00",83183,13.45,34.41,750,25.07,22.8
"2021-09-19 12:10:00",83184,13.45,34.25,749.9,25.25,22.67
"2021-09-19 12:15:00",83185,13.45,34.08,749.8,25.38,22.26
"2021-09-19 12:20:00",83186,13.45,33.98,749.7,26.39,20.77
"2021-09-19 12:25:00",83187,13.45,33.93,749.6,25.31,22.5
"2021-09-19 12:30:00",83188,13.45,33.84,749.6,25.94,19.59
"2021-09-19 12:35:00",83189,13.44,33.82,749.4,26.71,19.53
"2021-09-19 12:40:00",83190,13.45,33.91,749.3,27.14,19.31
"2021-09-19 12:45:00",83191,13.45,34.16,749.2,27.95,18.1
"2021-09-19 12:50:00",83192,13.45,34.45,749.1,28.38,18.19
"2021-09-19 12:55:00",83193,13.45,34.76,749,28.33,17.2
"2021-09-19 13:00:00",83194,13.45,35.03,748.9,28.54,17.14
"2021-09-19 13:05:00",83195,13.45,35.32,748.8,28.12,17.96
"2021-09-19 13:10:00",83196,13.45,35.54,748.7,28.32,17.55
"2021-09-19 13:15:00",83197,13.43,35.82,748.6,28.36,18.43
"2021-09-19 13:20:00",83198,13.43,35.8,748.6,27.1,18.75
"2021-09-19 13:25:00",83199,13.42,35.74,748.5,28.23,17.83
"2021-09-19 13:30:00",83200,13.42,35.71,748.4,27.6,19.62
"2021-09-19 13:35:00",83201,13.43,35.54,748.3,25.54,20.82
"2021-09-19 13:40:00",83202,13.43,35.06,748.3,26.34,20.73
"2021-09-19 13:45:00",83203,13.43,34.56,748.2,25.8,23.09
"2021-09-19 13:50:00",83204,13.42,34.2,748.2,26.4,22.68
"2021-09-19 13:55:00",83205,13.42,33.9,748.1,25.8,23.19
"2021-09-19 14:00:00",83206,13.43,33.53,748.1,25.33,24.23
"2021-09-19 14:05:00",83207,13.42,33.14,748,25.31,23.98
"2021-09-19 14:10:00",83208,13.42,32.73,747.9,25.4,24.95
"2021-09-19 14:15:00",83209,13.42,32.34,747.8,25.04,25.06
"2021-09-19 14:20:00",83210,13.45,32.02,747.7,25.47,24.61
"2021-09-19 14:25:00",83211,13.45,31.8,747.6,25.29,23.71
"2021-09-19 14:30:00",83212,13.45,31.61,747.5,25.2,23.77
"2021-09-19 14:35:00",83213,13.45,31.52,747.3,25.24,23.84
"2021-09-19 14:40:00",83214,13.45,31.49,747.5,25.84,22.92
"2021-09-19 14:45:00",83215,13.47,31.54,747.4,26.31,22.53
"2021-09-19 14:50:00",83216,13.47,31.61,747.4,25.75,23.46
"2021-09-19 14:55:00",83217,13.47,31.65,747.3,26.34,22.71
"2021-09-19 15:00:00",83218,13.47,31.85,747.3,27.8,20.85
"2021-09-19 15:05:00",83219,13.47,32.31,747.1,27.91,20.69
"2021-09-19 15:10:00",83220,13.47,32.75,747.1,26.53,21.92
"2021-09-19 15:15:00",83221,13.47,32.85,747.1,26.16,22.59
"2021-09-19 15:20:00",83222,13.48,32.8,747.1,26.59,21.93
"2021-09-19 15:25:00",83223,13.48,32.74,747.1,26.53,22.55
"2021-09-19 15:30:00",83224,13.48,32.75,747,27.14,21.34
"2021-09-19 15:35:00",83225,13.48,32.81,747,26.91,21.04
"2021-09-19 15:40:00",83226,13.48,32.87,746.9,26.96,21.39
"2021-09-19 15:45:00",83227,13.48,32.91,746.9,26.38,22.33
"2021-09-19 15:50:00",83228,13.48,32.94,746.9,26.29,24.53
"2021-09-19 15:55:00",83229,13.48,32.9,746.8,25.86,24.43
"2021-09-19 16:00:00",83230,13.48,32.67,746.8,25.92,23.89
"2021-09-19 16:05:00",83231,13.48,32.36,746.5,25.29,26.25
"2021-09-19 16:10:00",83232,13.48,32.11,747,25.42,25.09
"2021-09-19 16:15:00",83233,13.48,31.94,747.1,25.75,25.32
"2021-09-19 16:20:00",83234,13.48,31.94,747.1,25.84,25.33
"2021-09-19 16:25:00",83235,13.48,32.03,746.9,26.08,25.14
"2021-09-19 16:30:00",83236,13.48,32.13,747,25.94,25.02
"2021-09-19 16:35:00",83237,13.48,32.01,747.2,26.19,24.42
"2021-09-19 16:40:00",83238,13.48,31.87,747.3,25.29,25.7
"2021-09-19 16:45:00",83239,13.48,31.63,747.3,25.41,24.81
"2021-09-19 16:50:00",83240,13.48,31.36,747.3,24.95,25.23
"2021-09-19 16:55:00",83241,13.48,31.14,747.3,25.42,25.23
"2021-09-19 17:00:00",83242,13.48,30.93,747.5,25.07,25.41
"2021-09-19 17:05:00",83243,13.48,30.72,747.4,24.82,25.66
"2021-09-19 17:10:00",83244,13.48,30.49,747.4,24.7,26.78
"2021-09-19 17:15:00",83245,13.48,30.2,747.4,24.27,27.67
"2021-09-19 17:20:00",83246,13.48,29.86,747.4,23.92,28.96
"2021-09-19 17:25:00",83247,13.5,29.53,747.4,23.57,29.78
"2021-09-19 17:30:00",83248,13.5,29.18,747.4,23.48,29.97
"2021-09-19 17:35:00",83249,13.5,28.85,747.4,23.22,30.28
"2021-09-19 17:40:00",83250,13.5,28.52,747.4,23.27,30.42
"2021-09-19 17:45:00",83251,13.53,28.28,747.4,23.22,29.68
"2021-09-19 17:50:00",83252,13.54,27.79,747.4,23.13,30.34
"2021-09-19 17:55:00",83253,13.26,27.05,747.5,23.11,30.07
"2021-09-19 18:00:00",83254,13.17,26.61,747.6,22.76,31.32
"2021-09-19 18:05:00",83255,13.11,26.25,747.8,22.55,31.3
"2021-09-19 18:10:00",83256,13.05,25.94,747.9,22.52,31.7
"2021-09-19 18:15:00",83257,13.01,25.64,747.9,22.42,32.66
"2021-09-19 18:20:00",83258,12.97,25.38,748.1,22.63,31.17
"2021-09-19 18:25:00",83259,12.96,25.13,748.2,22.26,32.68
"2021-09-19 18:30:00",83260,12.96,25.02,748.2,21.77,33.36
"2021-09-19 18:35:00",83261,12.95,24.61,748.2,21.78,32.7
"2021-09-19 18:40:00",83262,12.95,24.39,748.2,21.65,32.89
"2021-09-19 18:45:00",83263,12.94,24.2,748.3,21.6,32.82
"2021-09-19 18:50:00",83264,12.94,24.05,748.3,21.59,33.38
"2021-09-19 18:55:00",83265,12.94,23.92,748.4,21.43,33.73
"2021-09-19 19:00:00",83266,12.93,23.8,748.4,21.41,33.76
"2021-09-19 19:05:00",83267,12.93,23.65,748.5,21.44,33.6
"2021-09-19 19:10:00",83268,12.93,23.56,748.3,21.43,33.8
"2021-09-19 19:15:00",83269,12.93,23.49,748.7,21.42,33.96
"2021-09-19 19:20:00",83270,12.93,23.42,748.8,21.13,35.19
"2021-09-19 19:25:00",83271,12.92,23.32,749.1,20.92,35.66
"2021-09-19 19:30:00",83272,12.92,23.21,749.3,20.98,35.27
"2021-09-19 19:35:00",83273,12.92,23.03,749.2,21.14,33.37
"2021-09-19 19:40:00",83274,12.92,22.9,749.3,20.98,33.42
"2021-09-19 19:45:00",83275,12.91,22.78,749.3,20.98,33.49
"2021-09-19 19:50:00",83276,12.91,22.67,749.2,20.86,33.55
"2021-09-19 19:55:00",83277,12.91,22.59,749.3,20.92,33.15
"2021-09-19 20:00:00",83278,12.91,22.51,749.2,20.88,33.42
"2021-09-19 20:05:00",83279,12.9,22.47,749.2,21.01,33.39
"2021-09-19 20:10:00",83280,12.9,22.42,749.2,20.96,33.36
"2021-09-19 20:15:00",83281,12.9,22.39,749.2,20.86,33.71
"2021-09-19 20:20:00",83282,12.9,22.36,749.1,20.78,33.94
"2021-09-19 20:25:00",83283,12.9,22.32,749.2,20.83,34.07
"2021-09-19 20:30:00",83284,12.9,22.29,749.1,20.65,34.91
"2021-09-19 20:35:00",83285,12.9,22.24,749.2,20.44,35.88
"2021-09-19 20:40:00",83286,12.9,22.15,749.3,20.08,37.19
"2021-09-19 20:45:00",83287,12.89,22.06,749.5,20.24,36.71
"2021-09-19 20:50:00",83288,12.89,21.95,749.6,20.02,37.31
"2021-09-19 20:55:00",83289,12.89,21.84,749.6,20.1,37.16
"2021-09-19 21:00:00",83290,12.89,21.73,749.6,19.69,38.94
"2021-09-19 21:05:00",83291,12.89,21.58,749.7,19.28,40.32
"2021-09-19 21:10:00",83292,12.88,21.42,749.8,19.11,41.36
"2021-09-19 21:15:00",83293,12.88,21.26,749.8,19.08,41.58
"2021-09-19 21:20:00",83294,12.88,21.1,749.8,18.88,42.52
"2021-09-19 21:25:00",83295,12.88,20.94,749.8,18.7,43.18
"2021-09-19 21:30:00",83296,12.88,20.76,749.9,18.57,43.29
"2021-09-19 21:35:00",83297,12.88,20.59,749.9,18.73,43.15
"2021-09-19 21:40:00",83298,12.88,20.44,749.8,18.8,42.71
"2021-09-19 21:45:00",83299,12.87,20.31,749.9,18.78,42.8
"2021-09-19 21:50:00",83300,12.87,20.24,749.8,18.78,42.74
"2021-09-19 21:55:00",83301,12.87,20.21,749.8,18.75,43.21
"2021-09-19 22:00:00",83302,12.87,20.17,749.8,18.36,44.63
"2021-09-19 22:05:00",83303,12.87,20.1,749.7,18.07,45.68
"2021-09-19 22:10:00",83304,12.86,20.05,749.7,17.99,45.95
"2021-09-19 22:15:00",83305,12.86,19.98,749.7,17.88,46.85
"2021-09-19 22:20:00",83306,12.86,19.89,749.7,17.91,46.23
"2021-09-19 22:25:00",83307,12.87,19.76,749.8,18.12,44.86
"2021-09-19 22:30:00",83308,12.86,19.67,749.8,18.63,43.26
"2021-09-19 22:35:00",83309,12.86,19.63,749.9,18.83,42.78
"2021-09-19 22:40:00",83310,12.86,19.66,749.8,18.88,43
"2021-09-19 22:45:00",83311,12.86,19.69,749.8,18.83,42.77
"2021-09-19 22:50:00",83312,12.86,19.71,749.9,18.88,42.84
"2021-09-19 22:55:00",83313,12.86,19.74,749.9,18.7,43.4
"2021-09-19 23:00:00",83314,12.86,19.73,750,18.33,44.72
"2021-09-19 23:05:00",83315,12.85,19.67,750,18.15,44.96
"2021-09-19 23:10:00",83316,12.85,19.61,750.1,18.15,45.24
"2021-09-19 23:15:00",83317,12.85,19.53,750.1,18.11,45.24
"2021-09-19 23:20:00",83318,12.85,19.44,750.1,18.09,45.17
"2021-09-19 23:25:00",83319,12.85,19.37,750,17.83,46.09
"2021-09-19 23:30:00",83320,12.85,19.3,750,17.75,45.86
"2021-09-19 23:35:00",83321,12.85,19.23,750,17.79,45.8
"2021-09-19 23:40:00",83322,12.85,19.17,750,17.97,45.06
"2021-09-19 23:45:00",83323,12.84,19.12,750,18.12,44.16
"2021-09-19 23:50:00",83324,12.84,19.09,750,18.42,42.86
"2021-09-19 23:55:00",83325,12.84,19.1,750,18.53,42.84
"2021-09-20 00:00:00",83326,12.84,19.1,749.9,18.2,43.88
"2021-09-20 00:05:00",83327,12.84,19.08,749.8,17.93,44.58
"2021-09-20 00:10:00",83328,12.84,19.05,749.7,17.85,45.21
"2021-09-20 00:15:00",83329,12.83,18.99,749.6,17.73,45.51
"2021-09-20 00:20:00",83330,12.83,18.93,749.6,17.93,44.71
"2021-09-20 00:25:00",83331,12.83,18.87,749.5,17.63,45.88
"2021-09-20 00:30:00",83332,12.83,18.8,749.5,17.66,45.53
"2021-09-20 00:35:00",83333,12.83,18.74,749.5,17.59,45.93
"2021-09-20 00:40:00",83334,12.83,18.67,749.5,17.27,47.09
"2021-09-20 00:45:00",83335,12.83,18.57,749.5,17.04,47.88
"2021-09-20 00:50:00",83336,12.82,18.5,749.5,17.03,48.13
"2021-09-20 00:55:00",83337,12.82,18.4,749.5,16.89,49.17
"2021-09-20 01:00:00",83338,12.82,18.2,749.5,16.64,49.48
"2021-09-20 01:05:00",83339,12.82,18.07,749.4,16.8,49.03
"2021-09-20 01:10:00",83340,12.82,17.96,749.4,16.63,49.57
"2021-09-20 01:15:00",83341,12.82,17.84,749.3,16.43,49.95
"2021-09-20 01:20:00",83342,12.82,17.74,749.3,16.28,49.9
"2021-09-20 01:25:00",83343,12.82,17.53,749.3,16.32,49.96
"2021-09-20 01:30:00",83344,12.81,17.4,749.2,16.48,49.68
"2021-09-20 01:35:00",83345,12.81,17.31,749.2,16.82,47.97
"2021-09-20 01:40:00",83346,12.81,17.26,749.3,16.97,47.37
"2021-09-20 01:45:00",83347,12.81,17.25,749.2,17.16,46.38
"2021-09-20 01:50:00",83348,12.8,17.27,749.1,17.33,45.02
"2021-09-20 01:55:00",83349,12.8,17.3,749.1,17.1,46.06
"2021-09-20 02:00:00",83350,12.8,17.3,749.1,17.01,46.24
"2021-09-20 02:05:00",83351,12.8,17.3,749.1,17.05,46.43
"2021-09-20 02:10:00",83352,12.8,17.3,749,17.39,44.96
"2021-09-20 02:15:00",83353,12.79,17.29,749,17.33,45.36
"2021-09-20 02:20:00",83354,12.79,17.29,749,17.27,45.48
"2021-09-20 02:25:00",83355,12.79,17.31,749,17.2,45.95
"2021-09-20 02:30:00",83356,12.79,17.29,748.9,16.77,47.34
"2021-09-20 02:35:00",83357,12.78,17.25,748.9,16.29,49.15
"2021-09-20 02:40:00",83358,12.78,17.19,748.9,15.71,51.09
"2021-09-20 02:45:00",83359,12.78,17.09,748.9,15.94,50.32
"2021-09-20 02:50:00",83360,12.77,17,748.9,16.01,50.3
"2021-09-20 02:55:00",83361,12.77,16.95,748.9,15.86,50.9
"2021-09-20 03:00:00",83362,12.77,16.89,749,15.69,51.3
"2021-09-20 03:05:00",83363,12.77,16.82,749,15.76,51.07
"2021-09-20 03:10:00",83364,12.76,16.76,749,15.57,51.9
"2021-09-20 03:15:00",83365,12.75,16.66,749,15.8,51.2
"2021-09-20 03:20:00",83366,12.75,16.58,749,15.78,51.44
"2021-09-20 03:25:00",83367,12.75,16.5,749.1,15.23,53.3
"2021-09-20 03:30:00",83368,12.75,16.36,749.1,14.92,54.14
"2021-09-20 03:35:00",83369,12.75,16.24,749.1,15.12,53.5
"2021-09-20 03:40:00",83370,12.74,16.09,749.1,15.12,53.71
"2021-09-20 03:45:00",83371,12.74,15.98,749.2,15.06,54.37
"2021-09-20 03:50:00",83372,12.74,15.88,749.2,15.22,53.51
"2021-09-20 03:55:00",83373,12.74,15.8,749.3,15.16,53.62
"2021-09-20 04:00:00",83374,12.73,15.71,749.3,14.96,54.39
"2021-09-20 04:05:00",83375,12.73,15.64,749.3,14.67,55.14
"2021-09-20 04:10:00",83376,12.73,15.57,749.3,14.77,55.3
"2021-09-20 04:15:00",83377,12.73,15.55,749.4,14.6,56.01
"2021-09-20 04:20:00",83378,12.72,15.5,749.4,14.47,56.44
"2021-09-20 04:25:00",83379,12.72,15.41,749.4,14.47,55.74
"2021-09-20 04:30:00",83380,12.72,15.34,749.4,14.45,55.92
"2021-09-20 04:35:00",83381,12.71,15.28,749.4,14.33,56.29
"2021-09-20 04:40:00",83382,12.71,15.21,749.4,14.08,56.98
"2021-09-20 04:45:00",83383,12.71,15.09,749.5,14.11,57.11
"2021-09-20 04:50:00",83384,12.71,14.98,749.5,14.11,57.29
"2021-09-20 04:55:00",83385,12.7,14.87,749.6,14.01,57.63
"2021-09-20 05:00:00",83386,12.7,14.8,749.6,14.34,56.78
"2021-09-20 05:05:00",83387,12.7,14.74,749.6,14.24,56.31
"2021-09-20 05:10:00",83388,12.69,14.7,749.7,13.77,57.83
"2021-09-20 05:15:00",83389,12.69,14.66,749.7,13.73,58.16
"2021-09-20 05:20:00",83390,12.69,14.6,749.8,13.52,58.66
"2021-09-20 05:25:00",83391,12.68,14.52,750,13.56,59.27
"2021-09-20 05:30:00",83392,12.68,14.44,749.9,13.46,60.91
"2021-09-20 05:35:00",83393,12.68,14.36,750,13.08,61.71
"2021-09-20 05:40:00",83394,12.68,14.28,750.1,12.99,61.72
"2021-09-20 05:45:00",83395,12.68,14.17,750.1,13.04,61.41
"2021-09-20 05:50:00",83396,12.67,14.06,750.2,12.97,61.31
"2021-09-20 05:55:00",83397,12.67,13.98,750.3,13.35,59.68
"2021-09-20 06:00:00",83398,12.67,13.92,750.3,13.3,60.74
"2021-09-20 06:05:00",83399,12.67,13.86,750.4,13.57,58.88
"2021-09-20 06:10:00",83400,12.67,13.88,750.4,13.69,59.67
"2021-09-20 06:15:00",83401,12.68,13.9,750.5,13.63,59.16
"2021-09-20 06:20:00",83402,12.7,13.92,750.5,13.85,58.09
"2021-09-20 06:25:00",83403,12.72,13.94,750.6,14.09,56.86
"2021-09-20 06:30:00",83404,12.78,14,750.6,13.81,59.07
"2021-09-20 06:35:00",83405,12.96,14.13,750.7,13.93,59.95
"2021-09-20 06:40:00",83406,13.17,14.33,750.8,14.94,55.3
"2021-09-20 06:45:00",83407,13.41,14.62,750.9,15.5,52.51
"2021-09-20 06:50:00",83408,13.58,15.05,750.9,15.67,52.72
"2021-09-20 06:55:00",83409,13.7,15.55,751,15.6,53.38
"2021-09-20 07:00:00",83410,13.78,16.13,751.1,16.02,51.35
"2021-09-20 07:05:00",83411,13.83,16.72,751.2,16.58,50.13
"2021-09-20 07:10:00",83412,13.92,17.34,751.3,16.67,49.67
"2021-09-20 07:15:00",83413,13.79,18.88,751.4,17.18,48.52
"2021-09-20 07:20:00",83414,13.76,19.69,751.4,17.05,48.82
"2021-09-20 07:25:00",83415,13.76,20.39,751.5,17.67,48.05
"2021-09-20 07:30:00",83416,13.73,21,751.5,17.79,46.97
"2021-09-20 07:35:00",83417,13.73,21.61,751.6,17.86,46.66
"2021-09-20 07:40:00",83418,13.7,22.17,751.6,18.32,44.06
"2021-09-20 07:45:00",83419,13.7,22.78,751.6,20.21,40.87
"2021-09-20 07:50:00",83420,13.68,23.45,751.6,20.12,40.02
"2021-09-20 07:55:00",83421,13.68,24.13,751.7,20.73,39.41
"2021-09-20 08:00:00",83422,13.65,24.75,751.8,20.19,38.14
"2021-09-20 08:05:00",83423,13.65,25.32,751.8,20.62,37.93
"2021-09-20 08:10:00",83424,13.62,25.81,751.8,20.62,37.8
"2021-09-20 08:15:00",83425,13.63,26.29,751.8,20.48,38.3
"2021-09-20 08:20:00",83426,13.63,26.72,751.9,20.64,38.19
"2021-09-20 08:25:00",83427,13.6,27.11,751.9,21.25,38.32
"2021-09-20 08:30:00",83428,13.6,27.63,752,22.12,35.32
"2021-09-20 08:35:00",83429,13.58,28.13,752,21.68,36
"2021-09-20 08:40:00",83430,13.58,28.57,752,21.15,36.57
"2021-09-20 08:45:00",83431,13.58,28.91,752,21.67,34.42
"2021-09-20 08:50:00",83432,13.58,29.31,752,22.55,33.44
"2021-09-20 08:55:00",83433,13.55,29.64,752.1,22.19,33.27
"2021-09-20 09:00:00",83434,13.55,29.97,752,21.9,34.3
"2021-09-20 09:05:00",83435,13.55,30.27,752,22.12,34.32
"2021-09-20 09:10:00",83436,13.53,30.5,752,22.73,32.65
"2021-09-20 09:15:00",83437,13.53,30.81,752,22.62,31.91
"2021-09-20 09:20:00",83438,13.53,31.03,752,21.9,33.57
"2021-09-20 09:25:00",83439,13.53,31.21,752,22.74,32.19
"2021-09-20 09:30:00",83440,13.53,31.36,751.9,22.59,32.77
"2021-09-20 09:35:00",83441,13.51,31.36,751.9,23.61,31.59
"2021-09-20 09:40:00",83442,13.51,31.61,751.9,23.42,29.9
"2021-09-20 09:45:00",83443,13.51,31.86,751.8,23.25,29.34
"2021-09-20 09:50:00",83444,13.51,32.13,751.8,24.01,29.44
"2021-09-20 09:55:00",83445,13.51,32.38,751.8,23.18,30.35
"2021-09-20 10:00:00",83446,13.48,32.53,751.7,23.67,30.26
"2021-09-20 10:05:00",83447,13.49,32.68,751.7,23.51,29.57
"2021-09-20 10:10:00",83448,13.49,32.81,751.6,23.33,30.16
"2021-09-20 10:15:00",83449,13.49,32.85,751.6,23.01,30.27
"2021-09-20 10:20:00",83450,13.49,32.88,751.5,23.59,29.37
"2021-09-20 10:25:00",83451,13.49,32.96,751.5,23.35,29.29
"2021-09-20 10:30:00",83452,13.49,33.01,751.4,23.95,28.79
"2021-09-20 10:35:00",83453,13.49,33.07,751.3,23.93,28.62
"2021-09-20 10:40:00",83454,13.49,33.19,751.2,24.79,28.28
"2021-09-20 10:45:00",83455,13.49,33.38,751.1,25.13,27.46
"2021-09-20 10:50:00",83456,13.49,33.57,751,24.84,27.61
"2021-09-20 10:55:00",83457,13.49,33.7,750.9,25.04,27.01
"2021-09-20 11:00:00",83458,13.47,33.85,750.9,24.92,27.78
"2021-09-20 11:05:00",83459,13.47,33.99,750.8,25.32,26.38
"2021-09-20 11:10:00",83460,13.47,34.1,750.7,25.16,27.39
"2021-09-20 11:15:00",83461,13.47,34.13,750.7,25.42,25.71
"2021-09-20 11:20:00",83462,13.47,34.13,750.6,25.01,25.88
"2021-09-20 11:25:00",83463,13.47,34.01,750.6,24.95,25.6
"2021-09-20 11:30:00",83464,13.47,33.91,750.5,25.22,25.11
"2021-09-20 11:35:00",83465,13.47,33.8,750.4,25.04,25.95
"2021-09-20 11:40:00",83466,13.47,33.78,750.3,24.57,26.26
"2021-09-20 11:45:00",83467,13.47,33.76,750.2,25.54,24.55
"2021-09-20 11:50:00",83468,13.47,33.8,750.1,26.08,23.76
"2021-09-20 11:55:00",83469,13.47,33.91,750,25.75,23.94
"2021-09-20 12:00:00",83470,13.47,33.97,749.9,26.42,22.71
"2021-09-20 12:05:00",83471,13.47,34,749.8,27.1,22.03
"2021-09-20 12:10:00",83472,13.47,34.07,749.8,26.29,22.32
"2021-09-20 12:15:00",83473,13.47,34.09,749.6,27.27,20.51
"2021-09-20 12:20:00",83474,13.47,34.08,749.6,26.9,21.25
"2021-09-20 12:25:00",83475,13.47,34.11,749.5,26.74,20.69
"2021-09-20 12:30:00",83476,13.47,34.14,749.4,27.4,20.45
"2021-09-20 12:35:00",83477,13.47,34.23,749.4,27.29,21.55
"2021-09-20 12:40:00",83478,13.47,34.28,749.3,27.21,20.36
"2021-09-20 12:45:00",83479,13.47,34.24,749.2,27.5,21.64
"2021-09-20 12:50:00",83480,13.47,34.21,749.2,27.1,20.11
"2021-09-20 12:55:00",83481,13.47,34.16,749.1,27.59,20.56
"2021-09-20 13:00:00",83482,13.45,34.13,749.1,27.45,20.17
"2021-09-20 13:05:00",83483,13.45,34.17,749,28.24,19.24
"2021-09-20 13:10:00",83484,13.45,34.31,748.8,27.69,20.39
"2021-09-20 13:15:00",83485,13.45,34.38,748.8,27.7,20.74
"2021-09-20 13:20:00",83486,13.45,34.45,748.8,27.67,19.9
"2021-09-20 13:25:00",83487,13.45,34.59,748.7,28.72,19.37
"2021-09-20 13:30:00",83488,13.45,34.7,748.5,26.99,27.36
"2021-09-20 13:35:00",83489,13.45,34.59,748.6,27.4,27.84
"2021-09-20 13:40:00",83490,13.45,34.39,748.4,26.95,27.67
"2021-09-20 13:45:00",83491,13.45,34.01,748.5,26.41,29.23
"2021-09-20 13:50:00",83492,13.45,33.6,748.5,26.7,28.61
"2021-09-20 13:55:00",83493,13.45,33.18,748.5,25.45,30.34
"2021-09-20 14:00:00",83494,13.45,32.64,748.3,24.47,32.34
"2021-09-20 14:05:00",83495,13.45,31.98,748.4,24.84,31.94
"2021-09-20 14:10:00",83496,13.45,31.38,748.4,24.63,32.62
"2021-09-20 14:15:00",83497,13.47,30.81,748.3,24.34,32.7
"2021-09-20 14:20:00",83498,13.47,30.33,748.1,24.33,32.56
"2021-09-20 14:25:00",83499,13.47,29.92,748.2,24.57,31.34
"2021-09-20 14:30:00",83500,13.5,29.62,748.1,24.45,32.04
"2021-09-20 14:35:00",83501,13.5,29.41,748,24.7,31.45
"2021-09-20 14:40:00",83502,13.5,29.27,747.9,25.04,30.1
"2021-09-20 14:45:00",83503,13.5,29.31,747.8,25.84,29.22
"2021-09-20 14:50:00",83504,13.5,29.43,747.7,25.27,29.51
"2021-09-20 14:55:00",83505,13.5,29.55,747.7,25.34,29.51
"2021-09-20 15:00:00",83506,13.5,29.58,747.6,25.18,30.14
"2021-09-20 15:05:00",83507,13.5,29.59,747.5,24.79,30.04
"2021-09-20 15:10:00",83508,13.5,29.53,747.5,24.97,29.42
"2021-09-20 15:15:00",83509,13.5,29.47,747.5,25.13,29.53
"2021-09-20 15:20:00",83510,13.5,29.42,747.4,25.26,29.03
"2021-09-20 15:25:00",83511,13.5,29.5,747.4,25.94,27.86
"2021-09-20 15:30:00",83512,13.5,29.72,747.4,25.88,28.61
"2021-09-20 15:35:00",83513,13.5,29.97,747.5,25.95,28.61
"2021-09-20 15:40:00",83514,13.5,30.13,747.4,25.18,29.57
"2021-09-20 15:45:00",83515,13.5,30.34,747.3,25.31,29.78
"2021-09-20 15:50:00",83516,13.5,30.24,747.4,24.7,30.1
"2021-09-20 15:55:00",83517,13.5,30.04,747.3,24.86,29.31
"2021-09-20 16:00:00",83518,13.5,29.8,747.3,24.63,29.79
"2021-09-20 16:05:00",83519,13.5,29.55,747.2,24.61,29.93
"2021-09-20 16:10:00",83520,13.5,29.33,747.4,24.51,30.59
"2021-09-20 16:15:00",83521,13.5,29.12,747.5,24.19,31.11
"2021-09-20 16:20:00",83522,13.5,28.94,747.6,24.01,31.36
"2021-09-20 16:25:00",83523,13.5,28.74,747.7,23.88,31.52
"2021-09-20 16:30:00",83524,13.5,28.57,747.7,23.85,31.68
"2021-09-20 16:35:00",83525,13.5,28.41,747.7,23.73,32.07
"2021-09-20 16:40:00",83526,13.52,28.26,747.7,23.71,32
"2021-09-20 16:45:00",83527,13.52,28.16,747.8,23.75,31.94
"2021-09-20 16:50:00",83528,13.52,28.1,747.8,23.84,31.82
"2021-09-20 16:55:00",83529,13.52,28.14,747.9,24.02,31.43
"2021-09-20 17:00:00",83530,13.52,28.25,747.9,23.95,31.45
"2021-09-20 17:05:00",83531,13.52,28.36,747.9,23.96,30.99
"2021-09-20 17:10:00",83532,13.52,28.43,747.9,24.13,30.9
"2021-09-20 17:15:00",83533,13.52,28.54,747.9,24.19,30.74
"2021-09-20 17:20:00",83534,13.52,28.61,747.9,24.28,29.56
"2021-09-20 17:25:00",83535,13.53,28.69,747.8,24.38,29.3
"2021-09-20 17:30:00",83536,13.52,28.67,747.9,23.79,30
"2021-09-20 17:35:00",83537,13.52,28.51,748,23.88,29.94
"2021-09-20 17:40:00",83538,13.52,28.31,748.1,23.86,30.78
"2021-09-20 17:45:00",83539,13.39,27.92,748.1,23.71,31
"2021-09-20 17:50:00",83540,13.23,27.18,748,23.26,31.96
"2021-09-20 17:55:00",83541,13.13,26.69,748,23.04,32.61
"2021-09-20 18:00:00",83542,13.06,26.28,748.1,22.95,33.21
"2021-09-20 18:05:00",83543,13.02,25.92,748.2,22.84,33.5
"2021-09-20 18:10:00",83544,12.98,25.57,748.2,22.75,33.55
"2021-09-20 18:15:00",83545,12.96,25.26,748.2,22.92,32.47
"2021-09-20 18:20:00",83546,12.95,25,748.3,22.76,33.26
"2021-09-20 18:25:00",83547,12.94,24.75,748.5,22.56,33.37
"2021-09-20 18:30:00",83548,12.93,24.49,748.6,22.26,35.46
"2021-09-20 18:35:00",83549,12.93,24.23,748.6,21.78,37.26
"2021-09-20 18:40:00",83550,12.93,23.99,748.8,21.75,35.84
"2021-09-20 18:45:00",83551,12.93,23.74,748.9,21.69,37.31
"2021-09-20 18:50:00",83552,12.92,23.54,748.9,21.53,37.56
"2021-09-20 18:55:00",83553,12.92,23.38,749,21.44,38.27
"2021-09-20 19:00:00",83554,12.92,23.19,749.1,21.24,38.19
"2021-09-20 19:05:00",83555,12.92,23,749.2,21.33,37.18
"2021-09-20 19:10:00",83556,12.91,22.87,749.3,21.16,37.26
"2021-09-20 19:15:00",83557,12.92,22.73,749.2,21.02,38.03
"2021-09-20 19:20:00",83558,12.91,22.62,749.3,21,38.1
"2021-09-20 19:25:00",83559,12.91,22.52,749.4,20.94,37.93
"2021-09-20 19:30:00",83560,12.91,22.45,749.5,20.96,37.77
"2021-09-20 19:35:00",83561,12.91,22.36,749.6,20.86,37.82
"2021-09-20 19:40:00",83562,12.91,22.27,749.6,20.88,37.56
"2021-09-20 19:45:00",83563,12.91,22.19,749.7,20.9,37.24
"2021-09-20 19:50:00",83564,12.91,22.15,749.8,21.04,36.73
"2021-09-20 19:55:00",83565,12.9,22.11,749.9,20.91,37.17
"2021-09-20 20:00:00",83566,12.9,22.07,750.1,20.52,39.45
"2021-09-20 20:05:00",83567,12.9,21.98,750.1,19.56,43.5
"2021-09-20 20:10:00",83568,12.9,21.83,750.3,19.3,45.99
"2021-09-20 20:15:00",83569,12.9,21.62,750.3,19.1,47.13
"2021-09-20 20:20:00",83570,12.9,21.39,750.5,18.74,48.35
"2021-09-20 20:25:00",83571,12.89,21.14,750.6,18.57,48.83
"2021-09-20 20:30:00",83572,12.89,20.88,750.7,18.68,48.03
"2021-09-20 20:35:00",83573,12.89,20.68,750.9,18.62,48.14
"2021-09-20 20:40:00",83574,12.89,20.37,750.9,18.83,47.48
"2021-09-20 20:45:00",83575,12.89,20.19,751,18.77,47.97
"2021-09-20 20:50:00",83576,12.89,20.06,751,18.71,47.59
"2021-09-20 20:55:00",83577,12.88,19.95,751.2,18.59,48.01
"2021-09-20 21:00:00",83578,12.88,19.84,751.2,18.45,48.34
"2021-09-20 21:05:00",83579,12.88,19.76,751.5,18.46,48.37
"2021-09-20 21:10:00",83580,12.88,19.69,751.4,19.12,44.88
"2021-09-20 21:15:00",83581,12.88,19.68,751.6,19.3,44.33
"2021-09-20 21:20:00",83582,12.88,19.68,751.8,19.37,43.93
"2021-09-20 21:25:00",83583,12.87,19.69,751.9,18.9,46.29
"2021-09-20 21:30:00",83584,12.87,19.68,751.9,18.5,47.21
"2021-09-20 21:35:00",83585,12.87,19.64,752,18.59,46.72
"2021-09-20 21:40:00",83586,12.87,19.59,752,18.53,46.46
"2021-09-20 21:45:00",83587,12.87,19.53,752.1,18.37,47.07
"2021-09-20 21:50:00",83588,12.87,19.46,752.1,18.04,48.45
"2021-09-20 21:55:00",83589,12.87,19.35,752.2,17.71,49.03
"2021-09-20 22:00:00",83590,12.86,19.22,752.3,17.85,48.73
"2021-09-20 22:05:00",83591,12.86,19.12,752.4,17.83,49.04
"2021-09-20 22:10:00",83592,12.86,19,752.5,17.66,49.52
"2021-09-20 22:15:00",83593,12.86,18.9,752.6,17.37,50.23
"2021-09-20 22:20:00",83594,12.86,18.79,752.7,17.3,50.38
"2021-09-20 22:25:00",83595,12.86,18.66,752.8,17.35,50.04
"2021-09-20 22:30:00",83596,12.86,18.58,752.8,17.63,48.83
"2021-09-20 22:35:00",83597,12.85,18.51,752.8,17.92,47.64
"2021-09-20 22:40:00",83598,12.85,18.51,752.8,18.24,46.71
"2021-09-20 22:45:00",83599,12.85,18.52,753,17.85,48.11
"2021-09-20 22:50:00",83600,12.85,18.49,753,17.65,48.58
"2021-09-20 22:55:00",83601,12.85,18.46,753,17.51,49.35
"2021-09-20 23:00:00",83602,12.85,18.41,753,17.43,49.55
"2021-09-20 23:05:00",83603,12.85,18.39,753,17.74,48.41
"2021-09-20 23:10:00",83604,12.84,18.38,753.1,17.47,49.09
"2021-09-20 23:15:00",83605,12.84,18.34,753.1,17.29,49.88
"2021-09-20 23:20:00",83606,12.84,18.28,753.2,17.19,49.9
"2021-09-20 23:25:00",83607,12.84,18.24,753.1,17.43,48.93
"2021-09-20 23:30:00",83608,12.84,18.14,753.1,17.2,49.93
"2021-09-20 23:35:00",83609,12.84,18.09,753.2,17.19,49.93
"2021-09-20 23:40:00",83610,12.84,18.03,753.2,17.07,50.69
"2021-09-20 23:45:00",83611,12.83,18,753.3,17.61,48.73
"2021-09-20 23:50:00",83612,12.83,18.03,753.3,18.03,47.25
"2021-09-20 23:55:00",83613,12.83,18.03,753.3,17.73,48.47
"2021-09-21 00:00:00",83614,12.83,18.08,753.3,17.59,49.17
"2021-09-21 00:05:00",83615,12.83,18.1,753.3,17.48,49.65
"2021-09-21 00:10:00",83616,12.83,18.15,753.3,17.35,50.1
"2021-09-21 00:15:00",83617,12.83,18.17,753.3,17.41,49.77
"2021-09-21 00:20:00",83618,12.83,18.21,753.2,17.43,49.74
"2021-09-21 00:25:00",83619,12.83,18.23,753.1,17.48,49.31
"2021-09-21 00:30:00",83620,12.83,18.24,753,17.63,48.42
"2021-09-21 00:35:00",83621,12.83,18.27,752.9,17.8,47.82
"2021-09-21 00:40:00",83622,12.82,18.32,752.8,17.58,48.73
"2021-09-21 00:45:00",83623,12.82,18.34,752.9,17.46,49.18
"2021-09-21 00:50:00",83624,12.82,18.35,752.8,17.54,48.76
"2021-09-21 00:55:00",83625,12.82,18.37,752.8,17.41,49.36
"2021-09-21 01:00:00",83626,12.82,18.34,752.7,17.3,49.79
"2021-09-21 01:05:00",83627,12.82,18.31,752.7,17.37,49.48
"2021-09-21 01:10:00",83628,12.82,18.28,752.7,17.27,49.97
"2021-09-21 01:15:00",83629,12.82,18.25,752.6,17.18,50.21
"2021-09-21 01:20:00",83630,12.82,18.21,752.6,17.16,50.2
"2021-09-21 01:25:00",83631,12.81,18.18,752.6,17.33,49.67
"2021-09-21 01:30:00",83632,12.81,18.16,752.5,17.34,49.57
"2021-09-21 01:35:00",83633,12.81,18.14,752.5,17.23,49.93
"2021-09-21 01:40:00",83634,12.81,18.12,752.5,17.23,49.87
"2021-09-21 01:45:00",83635,12.81,18.1,752.5,17.25,49.78
"2021-09-21 01:50:00",83636,12.81,18.08,752.4,17.12,50.29
"2021-09-21 01:55:00",83637,12.8,18.02,752.3,17.01,50.62
"2021-09-21 02:00:00",83638,12.8,17.99,752.4,16.54,52.78
"2021-09-21 02:05:00",83639,12.8,17.92,752.3,16.29,53.73
"2021-09-21 02:10:00",83640,12.8,17.86,752.4,16.21,54.02
"2021-09-21 02:15:00",83641,12.79,17.78,752.4,16.25,54.36
"2021-09-21 02:20:00",83642,12.79,17.7,752.3,16.06,54.73
"2021-09-21 02:25:00",83643,12.79,17.62,752.3,15.88,55.35
"2021-09-21 02:30:00",83644,12.79,17.52,752.3,15.84,55.25
"2021-09-21 02:35:00",83645,12.79,17.42,752.3,15.96,55.05
"2021-09-21 02:40:00",83646,12.78,17.34,752.3,15.9,55.2
"2021-09-21 02:45:00",83647,12.78,17.3,752.3,15.74,55.84
"2021-09-21 02:50:00",83648,12.78,17.22,752.4,15.61,56.22
"2021-09-21 02:55:00",83649,12.78,17.05,752.4,15.57,56.03
"2021-09-21 03:00:00",83650,12.78,16.91,752.4,15.88,54.77
"2021-09-21 03:05:00",83651,12.78,16.81,752.4,15.9,54.77
"2021-09-21 03:10:00",83652,12.78,16.76,752.5,15.74,55.35
"2021-09-21 03:15:00",83653,12.77,16.66,752.5,15.64,55.73
"2021-09-21 03:20:00",83654,12.77,16.57,752.5,15.52,56.35
"2021-09-21 03:25:00",83655,12.77,16.45,752.4,15.41,56.76
"2021-09-21 03:30:00",83656,12.77,16.35,752.4,15.18,56.97
"2021-09-21 03:35:00",83657,12.76,16.24,752.4,15.11,56.02
"2021-09-21 03:40:00",83658,12.76,16.14,752.4,15.05,56.16
"2021-09-21 03:45:00",83659,12.76,16.05,752.5,14.89,56.38
"2021-09-21 03:50:00",83660,12.76,15.95,752.5,14.81,56.58
"2021-09-21 03:55:00",83661,12.75,15.84,752.5,14.81,56.46
"2021-09-21 04:00:00",83662,12.75,15.75,752.5,14.67,56.89
"2021-09-21 04:05:00",83663,12.75,15.66,752.5,14.86,56.31
"2021-09-21 04:10:00",83664,12.74,15.57,752.5,14.68,57.04
"2021-09-21 04:15:00",83665,12.74,15.5,752.5,14.61,57.42
"2021-09-21 04:20:00",83666,12.74,15.43,752.5,14.69,57.38
"2021-09-21 04:25:00",83667,12.74,15.36,752.5,14.58,57.84
"2021-09-21 04:30:00",83668,12.73,15.3,752.6,14.61,57.79
"2021-09-21 04:35:00",83669,12.73,15.22,752.7,14.57,57.96
"2021-09-21 04:40:00",83670,12.73,15.16,752.7,14.49,58.46
"2021-09-21 04:45:00",83671,12.72,15.1,752.8,14.49,58.22
"2021-09-21 04:50:00",83672,12.72,15.06,752.9,13.97,63.71
"2021-09-21 04:55:00",83673,12.72,14.98,753,13.67,65.56
"2021-09-21 05:00:00",83674,12.71,14.89,753,13.55,65.11
"2021-09-21 05:05:00",83675,12.71,14.79,753,13.47,64.97
"2021-09-21 05:10:00",83676,12.71,14.7,753.1,13.59,62.32
"2021-09-21 05:15:00",83677,12.7,14.64,753.1,13.8,61.8
"2021-09-21 05:20:00",83678,12.7,14.59,753.1,13.8,62.54
"2021-09-21 05:25:00",83679,12.7,14.55,753.1,13.63,62.3
"2021-09-21 05:30:00",83680,12.69,14.53,753.1,13.57,61.97
"2021-09-21 05:35:00",83681,12.69,14.47,753.1,13.6,61.56
"2021-09-21 05:40:00",83682,12.69,14.38,753.2,13.65,61.63
"2021-09-21 05:45:00",83683,12.68,14.33,753.2,13.55,61.99
"2021-09-21 05:50:00",83684,12.68,14.29,753.1,13.55,62.7
"2021-09-21 05:55:00",83685,12.68,14.24,753.2,13.51,62.93
"2021-09-21 06:00:00",83686,12.67,14.21,753.3,13.51,62.58
"2021-09-21 06:05:00",83687,12.67,14.05,753.4,13.49,62.87
"2021-09-21 06:10:00",83688,12.67,14.04,753.3,13.35,63.37
"2021-09-21 06:15:00",83689,12.68,14,753.4,13.33,64.13
"2021-09-21 06:20:00",83690,12.68,13.95,753.5,13.6,62.41
"2021-09-21 06:25:00",83691,12.7,13.96,753.6,13.64,61.83
"2021-09-21 06:30:00",83692,12.76,13.96,753.7,13.86,61.9
"2021-09-21 06:35:00",83693,12.84,14.09,753.9,13.99,61.53
"2021-09-21 06:40:00",83694,12.82,14.22,753.9,13.95,61.56
"2021-09-21 06:45:00",83695,12.9,14.34,754,13.73,62.35
"2021-09-21 06:50:00",83696,13.24,14.64,754.1,14.17,62.72
"2021-09-21 06:55:00",83697,13.54,14.99,754.2,14.92,57.95
"2021-09-21 07:00:00",83698,13.7,15.42,754.3,15.12,57.41
"2021-09-21 07:05:00",83699,13.8,15.96,754.3,15.81,55.06
"2021-09-21 07:10:00",83700,13.76,16.58,754.3,16.58,52.97
"2021-09-21 07:15:00",83701,13.72,17.15,754.4,17.01,51.73
"2021-09-21 07:20:00",83702,13.9,17.77,754.4,17.77,49.32
"2021-09-21 07:25:00",83703,13.76,19.14,754.6,18.02,48.7
"2021-09-21 07:30:00",83704,13.76,20.29,754.5,18.51,47.31
"2021-09-21 07:35:00",83705,13.73,21.14,754.6,18.4,47.3
"2021-09-21 07:40:00",83706,13.7,21.89,754.7,19.22,44.48
"2021-09-21 07:45:00",83707,13.68,22.62,754.7,19.72,42.14
"2021-09-21 07:50:00",83708,13.68,23.31,754.8,19.38,42.55
"2021-09-21 07:55:00",83709,13.68,23.9,754.8,19.64,42.58
"2021-09-21 08:00:00",83710,13.65,24.38,754.8,19.46,46.16
"2021-09-21 08:05:00",83711,13.65,24.78,754.8,19.65,45.3
"2021-09-21 08:10:00",83712,13.62,25.21,754.9,20.44,42.54
"2021-09-21 08:15:00",83713,13.62,25.63,754.9,19.77,44.83
"2021-09-21 08:20:00",83714,13.62,26.01,755,18.99,46.39
"2021-09-21 08:25:00",83715,13.63,26.19,755,18.73,45.38
"2021-09-21 08:30:00",83716,13.63,26.25,755,19.22,43.56
"2021-09-21 08:35:00",83717,13.62,26.37,755.1,20.06,43.72
"2021-09-21 08:40:00",83718,13.63,26.63,755.1,19.95,41.04
"2021-09-21 08:45:00",83719,13.6,26.89,755.1,19.84,43.72
"2021-09-21 08:50:00",83720,13.6,26.96,755.1,19.93,43.67
"2021-09-21 08:55:00",83721,13.6,27.02,755.2,19.96,43.36
"2021-09-21 09:00:00",83722,13.6,27.04,755.2,19.64,42.96
"2021-09-21 09:05:00",83723,13.6,27.03,755.2,19.77,43.33
"2021-09-21 09:10:00",83724,13.6,27.06,755.2,19.87,43.44
"2021-09-21 09:15:00",83725,13.6,27.21,755.2,20.81,41.55
"2021-09-21 09:20:00",83726,13.6,27.38,755.1,20.66,41.54
"2021-09-21 09:25:00",83727,13.6,27.55,755.1,20.94,41.08
"2021-09-21 09:30:00",83728,13.58,27.83,755.1,20.9,40.4
"2021-09-21 09:35:00",83729,13.58,28.14,755.1,21.73,39.22
"2021-09-21 09:40:00",83730,13.58,28.59,755.1,21.44,39.51
"2021-09-21 09:45:00",83731,13.56,29.01,755,21.8,39.88
"2021-09-21 09:50:00",83732,13.55,29.4,754.9,22.89,36.55
"2021-09-21 09:55:00",83733,13.53,29.89,754.9,23.38,36.1
"2021-09-21 10:00:00",83734,13.53,30.46,754.8,23.48,35.65
"2021-09-21 10:05:00",83735,13.53,31.06,754.8,22.54,36.38
"2021-09-21 10:10:00",83736,13.51,31.44,754.7,22.32,37.38
"2021-09-21 10:15:00",83737,13.51,31.69,754.6,21.95,38.75
"2021-09-21 10:20:00",83738,13.51,31.78,754.5,22.1,37.03
"2021-09-21 10:25:00",83739,13.51,31.8,754.5,22.37,36.53
"2021-09-21 10:30:00",83740,13.51,31.87,754.4,22.59,36.45
"2021-09-21 10:35:00",83741,13.51,31.99,754.3,22.07,36.3
"2021-09-21 10:40:00",83742,13.51,32.1,754.2,23.2,34.36
"2021-09-21 10:45:00",83743,13.49,32.26,754.1,23.26,35.26
"2021-09-21 10:50:00",83744,13.49,32.45,754.1,24.19,33.12
"2021-09-21 10:55:00",83745,13.49,32.76,754,23.82,33.62
"2021-09-21 11:00:00",83746,13.49,33.01,753.9,22.97,36.59
"2021-09-21 11:05:00",83747,13.49,33.16,753.8,23.16,33.49
"2021-09-21 11:10:00",83748,13.49,33.21,753.8,23.91,32.99
"2021-09-21 11:15:00",83749,13.49,33.28,753.8,23.91,31.95
"2021-09-21 11:20:00",83750,13.49,33.32,753.7,23.89,31.28
"2021-09-21 11:25:00",83751,13.49,33.34,753.6,23.82,30.6
"2021-09-21 11:30:00",83752,13.49,33.41,753.5,24.79,30.15
"2021-09-21 11:35:00",83753,13.47,33.57,753.4,24.67,30.88
"2021-09-21 11:40:00",83754,13.47,33.68,753.3,24.97,30.57
"2021-09-21 11:45:00",83755,13.47,33.55,753.2,23.43,31.78
"2021-09-21 11:50:00",83756,13.47,33.17,753.2,23.61,31.49
"2021-09-21 11:55:00",83757,13.47,32.81,753.1,24.72,30.07
"2021-09-21 12:00:00",83758,13.47,32.72,753,25.01,28.74
"2021-09-21 12:05:00",83759,13.47,32.84,752.8,25.94,28.14
"2021-09-21 12:10:00",83760,13.47,32.99,752.6,25.04,28.61
"2021-09-21 12:15:00",83761,13.47,33.03,752.6,25.54,27.01
"2021-09-21 12:20:00",83762,13.47,33.13,752.4,25.72,27.13
"2021-09-21 12:25:00",83763,13.47,33.15,752.4,24.09,29.75
"2021-09-21 12:30:00",83764,13.47,33,752.2,24.86,29.07
"2021-09-21 12:35:00",83765,13.47,32.93,752.1,24.86,27.61
"2021-09-21 12:40:00",83766,13.47,32.98,751.9,26.39,26.33
"2021-09-21 12:45:00",83767,13.47,33.17,751.8,26.28,27.04
"2021-09-21 12:50:00",83768,13.47,33.35,751.7,26.08,28.08
"2021-09-21 12:55:00",83769,13.47,33.48,751.6,25.9,27.66
"2021-09-21 13:00:00",83770,13.47,33.51,751.6,25.99,27.59
"2021-09-21 13:05:00",83771,13.48,33.47,751.5,25.7,27.09
"2021-09-21 13:10:00",83772,13.48,33.44,751.3,26.25,26.73
"2021-09-21 13:15:00",83773,13.48,33.44,751.3,26.28,26.73
"2021-09-21 13:20:00",83774,13.47,33.28,751.2,24.88,28.53
"2021-09-21 13:25:00",83775,13.48,32.97,751.1,24.84,28.12
"2021-09-21 13:30:00",83776,13.48,32.66,751,25.4,26.94
"2021-09-21 13:35:00",83777,13.47,32.42,750.9,25.59,27.16
"2021-09-21 13:40:00",83778,13.47,32.25,750.7,24.65,30.2
"2021-09-21 13:45:00",83779,13.48,31.98,750.6,24.65,30.88
"2021-09-21 13:50:00",83780,13.48,31.68,750.7,23.79,30.6
"2021-09-21 13:55:00",83781,13.48,31.32,750.7,23.83,30.34
"2021-09-21 14:00:00",83782,13.48,30.95,750.5,23.18,32.19
"2021-09-21 14:05:00",83783,13.47,30.55,750.3,23.33,32.37
"2021-09-21 14:10:00",83784,13.48,30.23,750.3,23.39,31.17
"2021-09-21 14:15:00",83785,13.48,29.99,750.1,23.79,30.91
"2021-09-21 14:20:00",83786,13.48,29.89,750,24.25,30.98
"2021-09-21 14:25:00",83787,13.47,29.88,749.9,24.15,30.3
"2021-09-21 14:30:00",83788,13.48,29.91,749.8,24.63,30.87
"2021-09-21 14:35:00",83789,13.47,29.95,749.8,24.03,32.2
"2021-09-21 14:40:00",83790,13.48,30,749.7,24.01,32.03
"2021-09-21 14:45:00",83791,13.48,30.03,749.6,24.3,30.04
"2021-09-21 14:50:00",83792,13.48,30.07,749.6,24.23,31.31
"2021-09-21 14:55:00",83793,13.48,30.07,749.6,24.27,30.81
"2021-09-21 15:00:00",83794,13.48,30.01,749.4,23.81,32.15
"2021-09-21 15:05:00",83795,13.48,29.9,749.4,23.65,32.8
"2021-09-21 15:10:00",83796,13.48,29.73,749.4,23.35,33.84
"2021-09-21 15:15:00",83797,13.5,29.52,749.3,22.79,34.92
"2021-09-21 15:20:00",83798,13.5,29.15,749.3,22.43,35.38
"2021-09-21 15:25:00",83799,13.5,28.81,749.1,22.68,33.51
"2021-09-21 15:30:00",83800,13.5,28.52,749.2,22.69,34.05
"2021-09-21 15:35:00",83801,13.53,28.25,749,22.1,34.46
"2021-09-21 15:40:00",83802,13.53,27.99,749,21.75,35.12
"2021-09-21 15:45:00",83803,13.53,27.74,749,21.06,36.89
"2021-09-21 15:50:00",83804,13.53,27.41,749.3,20.62,38.48
"2021-09-21 15:55:00",83805,13.55,27.07,749.2,20.7,38.56
"2021-09-21 16:00:00",83806,13.55,26.77,749.3,20.48,38.24
"2021-09-21 16:05:00",83807,13.55,26.48,749,20.77,35.81
"2021-09-21 16:10:00",83808,13.55,26.28,749.2,21.16,33.38
"2021-09-21 16:15:00",83809,13.55,26.15,749.2,21.27,33.28
"2021-09-21 16:20:00",83810,13.55,26.1,749.2,21.7,30.32
"2021-09-21 16:25:00",83811,13.55,26.09,749.2,21.19,32.51
"2021-09-21 16:30:00",83812,13.58,26.12,749,21.77,31.57
"2021-09-21 16:35:00",83813,13.58,26.22,749.1,22.07,31.13
"2021-09-21 16:40:00",83814,13.58,26.35,749.1,21.76,32.1
"2021-09-21 16:45:00",83815,13.58,26.46,749,22.27,31.61
"2021-09-21 16:50:00",83816,13.58,26.54,749,21.67,32.29
"2021-09-21 16:55:00",83817,13.58,26.51,749.1,21.49,32.94
"2021-09-21 17:00:00",83818,13.58,26.4,749.1,21.41,33.13
"2021-09-21 17:05:00",83819,13.58,26.27,749.1,21.1,33.7
"2021-09-21 17:10:00",83820,13.58,26.11,749,20.97,35.34
"2021-09-21 17:15:00",83821,13.58,25.93,749.3,20.83,35.19
"2021-09-21 17:20:00",83822,13.58,25.74,749.5,20.91,35
"2021-09-21 17:25:00",83823,13.58,25.56,749.7,20.86,35.53
"2021-09-21 17:30:00",83824,13.58,25.4,749.6,20.58,35.96
"2021-09-21 17:35:00",83825,13.58,25.22,749.5,20.86,34.93
"2021-09-21 17:40:00",83826,13.58,25.06,749.8,21.04,34.36
"2021-09-21 17:45:00",83827,13.62,24.51,749.9,21.07,34
"2021-09-21 17:50:00",83828,13.32,24.06,749.9,21.07,34.82
"2021-09-21 17:55:00",83829,13.2,23.82,750,20.91,35.46
"2021-09-21 18:00:00",83830,13.12,23.62,750.2,20.89,34.97
"2021-09-21 18:05:00",83831,13.05,23.43,750.3,20.89,34.74
"2021-09-21 18:10:00",83832,13,23.26,750.4,20.8,34.17
"2021-09-21 18:15:00",83833,12.96,23.11,750.5,20.84,34.4
"2021-09-21 18:20:00",83834,12.96,22.89,750.5,20.28,36.45
"2021-09-21 18:25:00",83835,12.95,22.64,750.5,20.14,37.16
"2021-09-21 18:30:00",83836,12.95,22.38,750.7,19.54,38.79
"2021-09-21 18:35:00",83837,12.94,22.13,750.9,19.39,38.26
"2021-09-21 18:40:00",83838,12.94,21.88,751,19.42,38.26
"2021-09-21 18:45:00",83839,12.93,21.67,751.1,19,39.12
"2021-09-21 18:50:00",83840,12.93,21.46,751.2,18.8,39.36
"2021-09-21 18:55:00",83841,12.93,21.24,751.2,18.95,38.73
"2021-09-21 19:00:00",83842,12.93,21.04,751.3,18.99,38.67
"2021-09-21 19:05:00",83843,12.93,20.91,751.4,18.96,38.86
"2021-09-21 19:10:00",83844,12.92,20.79,751.6,18.98,38.93
"2021-09-21 19:15:00",83845,12.92,20.68,751.8,18.63,40.21
"2021-09-21 19:20:00",83846,12.92,20.31,752,18.63,39.21
"2021-09-21 19:25:00",83847,12.92,20.13,752,19.04,37.96
"2021-09-21 19:30:00",83848,12.92,20.04,752.2,19.09,37.96
"2021-09-21 19:35:00",83849,12.91,20,752.4,19.37,36.98
"2021-09-21 19:40:00",83850,12.91,20.05,752.5,19.46,36.7
"2021-09-21 19:45:00",83851,12.91,20.12,752.6,19.56,36.48
"2021-09-21 19:50:00",83852,12.91,20.2,752.7,19.68,35.87
"2021-09-21 19:55:00",83853,12.91,20.29,752.8,19.63,36.45
"2021-09-21 20:00:00",83854,12.91,20.37,752.8,19.7,36.07
"2021-09-21 20:05:00",83855,12.91,20.41,752.9,19.7,36
"2021-09-21 20:10:00",83856,12.9,20.46,752.9,19.87,35.43
"2021-09-21 20:15:00",83857,12.9,20.48,753,19.74,35.58
"2021-09-21 20:20:00",83858,12.9,20.49,753.1,19.37,37.54
"2021-09-21 20:25:00",83859,12.9,20.43,753.1,19.24,38.3
"2021-09-21 20:30:00",83860,12.9,20.39,753.1,19.13,39.23
"2021-09-21 20:35:00",83861,12.9,20.31,753.2,18.86,41.37
"2021-09-21 20:40:00",83862,12.9,20.22,753.2,18.63,42.75
"2021-09-21 20:45:00",83863,12.9,20.06,753.4,18.63,43.39
"2021-09-21 20:50:00",83864,12.89,19.96,753.6,18.67,43.94
"2021-09-21 20:55:00",83865,12.89,19.88,753.6,18.5,45.1
"2021-09-21 21:00:00",83866,12.89,19.8,753.6,18.45,45.38
"2021-09-21 21:05:00",83867,12.89,19.73,753.8,18.38,46.48
"2021-09-21 21:10:00",83868,12.89,19.66,753.9,18.22,47.34
"2021-09-21 21:15:00",83869,12.89,19.59,754.1,18.31,46.4
"2021-09-21 21:20:00",83870,12.89,19.54,754.4,17.73,49.16
"2021-09-21 21:25:00",83871,12.88,19.42,754.5,17.05,53.28
"2021-09-21 21:30:00",83872,12.88,19.18,754.6,16.16,60.1
"2021-09-21 21:35:00",83873,12.88,18.84,755,15.44,62.58
"2021-09-21 21:40:00",83874,12.88,18.4,755.1,14.62,68.17
"2021-09-21 21:45:00",83875,12.88,17.9,755.2,14.47,68.64
"2021-09-21 21:50:00",83876,12.87,17.44,755.4,13.98,72.04
"2021-09-21 21:55:00",83877,12.87,17.02,755.5,13.85,71.88
"2021-09-21 22:00:00",83878,12.87,16.66,755.7,13.75,72.17
"2021-09-21 22:05:00",83879,12.87,16.34,755.8,13.39,75.87
"2021-09-21 22:10:00",83880,12.86,15.99,755.9,12.88,78.46
"2021-09-21 22:15:00",83881,12.86,15.58,756.3,12.84,78.95
"2021-09-21 22:20:00",83882,12.86,15.23,756.7,12.98,80.4
"2021-09-21 22:25:00",83883,12.85,14.96,757,13.29,80.2
"2021-09-21 22:30:00",83884,12.85,14.73,757.1,13.23,80.6
"2021-09-21 22:35:00",83885,12.85,14.46,757,12.51,82.8
"2021-09-21 22:40:00",83886,12.84,14.17,757,12.72,81.5
"2021-09-21 22:45:00",83887,12.84,13.93,757.1,12.78,81.4
"2021-09-21 22:50:00",83888,12.84,13.74,757.2,13,81.1
"2021-09-21 22:55:00",83889,12.83,13.56,757.2,13.17,77.3
"2021-09-21 23:00:00",83890,12.83,13.37,757.2,12.98,77.9
"2021-09-21 23:05:00",83891,12.83,13.25,757.2,13.07,78.91
"2021-09-21 23:10:00",83892,12.83,13.17,757.3,12.91,80.2
"2021-09-21 23:15:00",83893,12.83,13.11,757.3,12.74,79.89
"2021-09-21 23:20:00",83894,12.82,13.05,757.3,12.67,80
"2021-09-21 23:25:00",83895,12.82,13.02,757.2,12.61,82.2
"2021-09-21 23:30:00",83896,12.82,13,757.1,12.63,80
"2021-09-21 23:35:00",83897,12.82,13.01,757.2,12.78,79.81
"2021-09-21 23:40:00",83898,12.82,13.03,757.1,12.61,81.8
"2021-09-21 23:45:00",83899,12.82,13.03,757,12.48,81.1
"2021-09-21 23:50:00",83900,12.82,13.03,757,12.5,80.5
"2021-09-21 23:55:00",83901,12.82,13.04,757,12.42,82.6
"2021-09-22 00:00:00",83902,12.82,13.04,757,12.45,83.9
"2021-09-22 00:05:00",83903,12.82,13.04,757,12.41,82.4
"2021-09-22 00:10:00",83904,12.81,13.06,757,12.4,82.3
"2021-09-22 00:15:00",83905,12.81,13.09,756.9,12.44,82.4
"2021-09-22 00:20:00",83906,12.81,13.14,756.8,12.42,81.6
"2021-09-22 00:25:00",83907,12.81,13.17,756.8,12.38,82.8
"2021-09-22 00:30:00",83908,12.81,13.21,756.8,12.36,82.5
"2021-09-22 00:35:00",83909,12.8,13.54,756.8,12.32,82.2
"2021-09-22 00:40:00",83910,12.8,13.67,756.7,12.42,84.2
"2021-09-22 00:45:00",83911,12.8,13.71,756.7,12.45,85.8
"2021-09-22 00:50:00",83912,12.8,13.73,756.7,12.34,86.5
"2021-09-22 00:55:00",83913,12.8,13.71,756.6,12.22,87.9
"2021-09-22 01:00:00",83914,12.8,13.69,756.6,12.3,87.5
"2021-09-22 01:05:00",83915,12.8,13.71,756.6,12.4,87.5
"2021-09-22 01:10:00",83916,12.8,13.7,756.5,12.51,86.6
"2021-09-22 01:15:00",83917,12.8,13.7,756.5,12.44,86.8
"2021-09-22 01:20:00",83918,12.8,13.71,756.4,12.13,88.2
"2021-09-22 01:25:00",83919,12.8,13.71,756.4,11.92,89.1
"2021-09-22 01:30:00",83920,12.8,13.68,756.4,11.89,89.5
"2021-09-22 01:35:00",83921,12.8,13.64,756.5,11.93,90.4
"2021-09-22 01:40:00",83922,12.8,13.59,756.5,11.86,89.9
"2021-09-22 01:45:00",83923,12.8,13.54,756.4,11.77,90.7
"2021-09-22 01:50:00",83924,12.79,13.48,756.4,11.72,93
"2021-09-22 01:55:00",83925,12.8,13.42,756.3,11.58,93
"2021-09-22 02:00:00",83926,12.79,13.38,756.2,11.51,92.1
"2021-09-22 02:05:00",83927,12.79,13.31,756.3,11.59,93.7
"2021-09-22 02:10:00",83928,12.79,13.24,756.2,11.38,93
"2021-09-22 02:15:00",83929,12.79,13.08,756.1,11.47,93.7
"2021-09-22 02:20:00",83930,12.79,12.98,755.9,11.44,93.6
"2021-09-22 02:25:00",83931,12.78,12.93,755.8,11.65,93.3
"2021-09-22 02:30:00",83932,12.78,12.89,755.7,11.77,93.1
"2021-09-22 02:35:00",83933,12.78,12.87,755.6,11.98,92.5
"2021-09-22 02:40:00",83934,12.78,12.87,755.5,12.12,90.6
"2021-09-22 02:45:00",83935,12.78,12.87,755.4,12.04,89
"2021-09-22 02:50:00",83936,12.78,12.85,755.4,12,88.1
"2021-09-22 02:55:00",83937,12.78,12.85,755.3,12.01,90.3
"2021-09-22 03:00:00",83938,12.77,12.82,755.3,11.49,91.7
"2021-09-22 03:05:00",83939,12.77,12.79,755.2,11.37,93.1
"2021-09-22 03:10:00",83940,12.77,12.74,755.1,11.17,92.1
"2021-09-22 03:15:00",83941,12.77,12.69,754.9,11.21,93.2
"2021-09-22 03:20:00",83942,12.76,12.63,754.8,11.26,92.6
"2021-09-22 03:25:00",83943,12.76,12.57,754.6,11.33,92.6
"2021-09-22 03:30:00",83944,12.76,12.53,754.6,11.28,92
"2021-09-22 03:35:00",83945,12.76,12.51,754.6,11.23,93.4
"2021-09-22 03:40:00",83946,12.76,12.48,754.5,11.31,93.7
"2021-09-22 03:45:00",83947,12.75,12.44,754.4,11.34,93.3
"2021-09-22 03:50:00",83948,12.75,12.42,754.5,11.29,93.3
"2021-09-22 03:55:00",83949,12.75,12.4,754.5,11.32,93
"2021-09-22 04:00:00",83950,12.74,12.4,754.4,11.43,93.5
"2021-09-22 04:05:00",83951,12.74,12.41,754.4,11.32,92.5
"2021-09-22 04:10:00",83952,12.74,12.42,754.3,11.37,89.9
"2021-09-22 04:15:00",83953,12.74,12.41,754.2,11.42,90.7
"2021-09-22 04:20:00",83954,12.73,12.38,754,11.47,91.6
"2021-09-22 04:25:00",83955,12.73,12.34,753.9,11.54,91.7
"2021-09-22 04:30:00",83956,12.73,12.32,753.9,11.58,91.2
"2021-09-22 04:35:00",83957,12.73,12.32,753.9,11.64,89.2
"2021-09-22 04:40:00",83958,12.73,12.31,753.9,11.53,89.7
"2021-09-22 04:45:00",83959,12.72,12.31,753.8,11.59,89.8
"2021-09-22 04:50:00",83960,12.72,12.34,753.7,11.69,89.9
"2021-09-22 04:55:00",83961,12.71,12.34,753.6,11.49,90.2
"2021-09-22 05:00:00",83962,12.71,12.37,753.6,11.41,90.9
"2021-09-22 05:05:00",83963,12.71,12.37,753.7,11.4,90.8
"2021-09-22 05:10:00",83964,12.71,12.34,753.7,11.31,91.8
"2021-09-22 05:15:00",83965,12.7,12.32,753.7,11.27,91.9
"2021-09-22 05:20:00",83966,12.7,12.3,753.7,11.37,92.2
"2021-09-22 05:25:00",83967,12.7,12.31,753.8,11.35,92
"2021-09-22 05:30:00",83968,12.69,12.22,753.9,11.33,92.3
"2021-09-22 05:35:00",83969,12.69,12.19,753.8,11.34,92.4
"2021-09-22 05:40:00",83970,12.69,12.16,753.8,11.42,92.6
"2021-09-22 05:45:00",83971,12.69,12.16,753.9,11.47,92.4
"2021-09-22 05:50:00",83972,12.68,12.17,753.9,11.49,92.4
"2021-09-22 05:55:00",83973,12.68,12.19,754,11.39,92.2
"2021-09-22 06:00:00",83974,12.67,12.19,754,11.42,92.9
"2021-09-22 06:05:00",83975,12.67,12.2,754,11.29,93.1
"2021-09-22 06:10:00",83976,12.67,12.2,754.2,11.33,93.3
"2021-09-22 06:15:00",83977,12.67,12.25,754.2,11.29,92.9
"2021-09-22 06:20:00",83978,12.69,12.32,754.4,11.35,92.6
"2021-09-22 06:25:00",83979,12.71,12.35,754.3,11.38,91.9
"2021-09-22 06:30:00",83980,12.73,12.4,754.4,11.36,91.4
"2021-09-22 06:35:00",83981,12.75,12.45,754.5,11.58,90.2
"2021-09-22 06:40:00",83982,12.79,12.51,754.5,11.61,89.4
"2021-09-22 06:45:00",83983,12.85,12.59,754.6,11.76,89.4
"2021-09-22 06:50:00",83984,12.93,12.7,754.7,11.83,88.1
"2021-09-22 06:55:00",83985,12.98,12.8,754.7,11.96,88.6
"2021-09-22 07:00:00",83986,13.06,12.94,754.7,11.92,87.5
"2021-09-22 07:05:00",83987,13.16,13.07,754.8,11.96,86.6
"2021-09-22 07:10:00",83988,13.25,13.22,754.8,12.06,86.7
"2021-09-22 07:15:00",83989,13.34,13.38,754.8,12.08,86.1
"2021-09-22 07:20:00",83990,13.43,13.55,754.9,12.18,87.2
"2021-09-22 07:25:00",83991,13.51,13.72,754.9,12.14,87.6
"2021-09-22 07:30:00",83992,13.58,13.92,754.9,12.38,86.8
"2021-09-22 07:35:00",83993,13.63,14.15,754.9,12.39,84.4
"2021-09-22 07:40:00",83994,13.65,14.36,754.8,12.49,84.5
"2021-09-22 07:45:00",83995,13.72,14.59,754.8,12.61,84
"2021-09-22 07:50:00",83996,13.81,14.88,754.8,12.76,83.4
"2021-09-22 07:55:00",83997,13.91,15.22,754.9,13.2,82.8
"2021-09-22 08:00:00",83998,13.94,16.19,755,13.26,81.9
"2021-09-22 08:05:00",83999,13.82,17.23,754.9,13.54,80.6
"2021-09-22 08:10:00",84000,13.79,17.83,754.9,13.93,81.1
"2021-09-22 08:15:00",84001,13.79,18.28,755,13.24,82.5
"2021-09-22 08:20:00",84002,13.79,18.64,754.9,13.37,83.5
"2021-09-22 08:25:00",84003,13.79,18.88,755,13.41,80.3
"2021-09-22 08:30:00",84004,13.76,19,755,13.57,79.6
"2021-09-22 08:35:00",84005,13.76,19.11,755,13.87,78.37
"2021-09-22 08:40:00",84006,13.76,19.31,754.9,14.43,75.13
"2021-09-22 08:45:00",84007,13.76,19.64,754.9,15.69,70.94
"2021-09-22 08:50:00",84008,13.74,20.09,754.9,16.54,67.83
"2021-09-22 08:55:00",84009,13.74,20.63,754.9,15.76,69.66
"2021-09-22 09:00:00",84010,13.74,21.21,754.9,16.55,66.16
"2021-09-22 09:05:00",84011,13.71,21.8,754.9,16.85,64.8
"2021-09-22 09:10:00",84012,13.71,22.34,754.9,16.81,65.5
"2021-09-22 09:15:00",84013,13.68,22.82,754.9,16.28,65.26
"2021-09-22 09:20:00",84014,13.68,23.27,754.9,16.24,66.61
"2021-09-22 09:25:00",84015,13.69,23.75,754.9,17.11,64.46
"2021-09-22 09:30:00",84016,13.66,24.26,754.9,17.44,60.64
"2021-09-22 09:35:00",84017,13.66,24.78,754.8,18.39,56.79
"2021-09-22 09:40:00",84018,13.66,25.34,754.8,18.37,55.62
"2021-09-22 09:45:00",84019,13.63,25.87,754.8,18.14,55.35
"2021-09-22 09:50:00",84020,13.61,26.27,754.7,17.45,56.86
"2021-09-22 09:55:00",84021,13.61,26.52,754.7,17.69,56.71
"2021-09-22 10:00:00",84022,13.61,26.77,754.6,18.55,52.1
"2021-09-22 10:05:00",84023,13.61,27.01,754.5,18.41,51.37
"2021-09-22 10:10:00",84024,13.61,27.28,754.4,19.53,50.33
"2021-09-22 10:15:00",84025,13.58,27.65,754.3,20.12,47.45
"2021-09-22 10:20:00",84026,13.58,28.01,754.2,19.79,46.08
"2021-09-22 10:25:00",84027,13.58,28.35,754.1,20.57,44.9
"2021-09-22 10:30:00",84028,13.58,28.71,754,19.87,45.04
"2021-09-22 10:35:00",84029,13.56,28.93,753.9,20.1,46.72
"2021-09-22 10:40:00",84030,13.56,29.14,753.9,19.82,47.16
"2021-09-22 10:45:00",84031,13.56,29.23,753.8,19.15,51.19
"2021-09-22 10:50:00",84032,13.56,29.26,753.8,20.42,46.66
"2021-09-22 10:55:00",84033,13.56,29.32,753.8,20.12,47.55
"2021-09-22 11:00:00",84034,13.56,29.44,753.7,21.62,45.86
"2021-09-22 11:05:00",84035,13.56,29.69,753.6,21.04,45.69
"2021-09-22 11:10:00",84036,13.56,29.94,753.5,21.37,44.8
"2021-09-22 11:15:00",84037,13.54,30.13,753.4,21.57,46.39
"2021-09-22 11:20:00",84038,13.54,30.33,753.3,21.56,44.25
"2021-09-22 11:25:00",84039,13.54,30.47,753.2,21.13,47.26
"2021-09-22 11:30:00",84040,13.54,30.49,753.2,19.56,50.74
"2021-09-22 11:35:00",84041,13.54,30.25,753.1,19.78,49.05
"2021-09-22 11:40:00",84042,13.54,30.05,752.9,20.32,49.37
"2021-09-22 11:45:00",84043,13.54,29.94,752.8,21.14,44.29
"2021-09-22 11:50:00",84044,13.54,29.9,752.7,21.62,43.84
"2021-09-22 11:55:00",84045,13.54,29.9,752.6,22.14,41.86
"2021-09-22 12:00:00",84046,13.54,29.98,752.5,21.47,38.47
"2021-09-22 12:05:00",84047,13.54,30.12,752.4,23.66,38.14
"2021-09-22 12:10:00",84048,13.54,30.39,752.2,22.88,38.49
"2021-09-22 12:15:00",84049,13.54,30.52,752.1,23.24,37.21
"2021-09-22 12:20:00",84050,13.52,30.6,751.9,23.53,37.11
"2021-09-22 12:25:00",84051,13.52,30.67,751.8,23.41,36.96
"2021-09-22 12:30:00",84052,13.52,30.77,751.7,23.2,35.46
"2021-09-22 12:35:00",84053,13.52,30.8,751.6,23.26,37.87
"2021-09-22 12:40:00",84054,13.52,30.71,751.5,22.89,36.22
"2021-09-22 12:45:00",84055,13.52,30.51,751.4,22.97,37.25
"2021-09-22 12:50:00",84056,13.52,30.27,751.2,22.63,36.79
"2021-09-22 12:55:00",84057,13.52,30.03,751.1,22.96,36.22
"2021-09-22 13:00:00",84058,13.52,29.78,751,22.53,35.56
"2021-09-22 13:05:00",84059,13.52,29.56,750.9,23.21,36.81
"2021-09-22 13:10:00",84060,13.52,29.41,750.8,23.33,36.49
"2021-09-22 13:15:00",84061,13.52,29.31,750.7,23.09,36.07
"2021-09-22 13:20:00",84062,13.52,29.19,750.6,23.05,35.41
"2021-09-22 13:25:00",84063,13.52,29.11,750.4,23.3,33.34
"2021-09-22 13:30:00",84064,13.52,29.02,750.3,22.91,34.73
"2021-09-22 13:35:00",84065,13.52,28.97,750.3,23.66,32.87
"2021-09-22 13:40:00",84066,13.52,28.97,750.2,23.33,33.04
"2021-09-22 13:45:00",84067,13.52,28.96,750,23.19,32.33
"2021-09-22 13:50:00",84068,13.52,28.95,750,23.43,32.08
"2021-09-22 13:55:00",84069,13.52,28.96,749.9,23.68,30.79
"2021-09-22 14:00:00",84070,13.52,28.99,749.9,23.69,30.66
"2021-09-22 14:05:00",84071,13.52,29.03,749.7,23.32,32.91
"2021-09-22 14:10:00",84072,13.52,29.1,749.6,23.91,31.69
"2021-09-22 14:15:00",84073,13.52,29.23,749.6,24.14,30.43
"2021-09-22 14:20:00",84074,13.52,29.4,749.5,24.13,30.43
"2021-09-22 14:25:00",84075,13.52,29.55,749.4,24.67,28.28
"2021-09-22 14:30:00",84076,13.52,29.73,749.3,24.4,28.02
"2021-09-22 14:35:00",84077,13.52,29.92,749.3,24.67,26.81
"2021-09-22 14:40:00",84078,13.52,30.15,749.2,24.74,28.11
"2021-09-22 14:45:00",84079,13.52,30.34,749.1,24.74,27.7
"2021-09-22 14:50:00",84080,13.53,30.6,748.9,25.2,28.49
"2021-09-22 14:55:00",84081,13.53,30.91,748.9,25.75,27.3
"2021-09-22 15:00:00",84082,13.53,31.24,748.8,25.2,28.28
"2021-09-22 15:05:00",84083,13.53,31.41,748.8,24.91,28.9
"2021-09-22 15:10:00",84084,13.53,31.38,748.7,24.38,29
"2021-09-22 15:15:00",84085,13.53,31.2,748.7,24.47,28.63
"2021-09-22 15:20:00",84086,13.53,30.96,748.7,24.24,29.22
"2021-09-22 15:25:00",84087,13.52,30.65,748.7,24.33,29.03
"2021-09-22 15:30:00",84088,13.53,30.38,748.8,24.45,28.73
"2021-09-22 15:35:00",84089,13.52,30.12,748.9,24.52,28.84
"2021-09-22 15:40:00",84090,13.52,29.94,748.9,24.3,28.48
"2021-09-22 15:45:00",84091,13.52,29.76,749,24.23,28.41
"2021-09-22 15:50:00",84092,13.52,29.62,749.1,24.26,28.62
"2021-09-22 15:55:00",84093,13.52,29.46,749.1,23.1,32.08
"2021-09-22 16:00:00",84094,13.52,29.21,749.1,22.79,32.26
"2021-09-22 16:05:00",84095,13.52,28.86,749.4,22.48,30.36
"2021-09-22 16:10:00",84096,13.52,28.47,749.4,22.19,30.67
"2021-09-22 16:15:00",84097,13.52,28.07,749.4,21.96,31.12
"2021-09-22 16:20:00",84098,13.52,27.7,749.2,21.58,30.61
"2021-09-22 16:25:00",84099,13.52,27.4,749.4,21.53,30.88
"2021-09-22 16:30:00",84100,13.54,27.14,749.4,21.62,31.02
"2021-09-22 16:35:00",84101,13.54,26.93,749.5,21.44,31.3
"2021-09-22 16:40:00",84102,13.55,26.75,749.5,21.52,30.88
"2021-09-22 16:45:00",84103,13.55,26.55,749.6,21.16,32.21
"2021-09-22 16:50:00",84104,13.55,26.34,749.7,21.17,33.04
"2021-09-22 16:55:00",84105,13.55,26.15,749.8,20.98,34.38
"2021-09-22 17:00:00",84106,13.55,25.95,749.9,20.64,35.14
"2021-09-22 17:05:00",84107,13.58,25.77,750,20.79,35.75
"2021-09-22 17:10:00",84108,13.58,25.61,749.9,20.76,35.85
"2021-09-22 17:15:00",84109,13.58,25.46,750,20.62,34.32
"2021-09-22 17:20:00",84110,13.57,25.31,750,20.74,35.05
"2021-09-22 17:25:00",84111,13.58,25.19,749.9,20.96,34.61
"2021-09-22 17:30:00",84112,13.58,25.14,749.9,20.95,34.05
"2021-09-22 17:35:00",84113,13.57,25.1,749.9,20.98,33.49
"2021-09-22 17:40:00",84114,13.58,25.07,749.8,21.06,31.77
"2021-09-22 17:45:00",84115,13.57,24.95,749.9,21.34,32.73
"2021-09-22 17:50:00",84116,13.6,24.7,749.9,21.47,31.24
"2021-09-22 17:55:00",84117,13.31,24.09,750,21.36,30.6
"2021-09-22 18:00:00",84118,13.15,23.78,750,21.34,31.3
"2021-09-22 18:05:00",84119,13.06,23.58,750.1,21.06,33.23
"2021-09-22 18:10:00",84120,13.02,23.38,750.1,20.46,35.78
"2021-09-22 18:15:00",84121,12.99,23.17,750.1,20,36.95
"2021-09-22 18:20:00",84122,12.98,22.91,750,19.64,38.31
"2021-09-22 18:25:00",84123,12.97,22.62,750,19.37,39.65
"2021-09-22 18:30:00",84124,12.97,22.25,750.1,18.94,41.54
"2021-09-22 18:35:00",84125,12.96,21.88,750,18.46,42.92
"2021-09-22 18:40:00",84126,12.96,21.52,750.1,18.15,43.88
"2021-09-22 18:45:00",84127,12.96,21.19,750.2,17.98,43.92
"2021-09-22 18:50:00",84128,12.95,20.87,750.2,18.08,42.82
"2021-09-22 18:55:00",84129,12.95,20.58,750.3,18.11,42.72
"2021-09-22 19:00:00",84130,12.95,20.33,750.4,18.1,43.07
"2021-09-22 19:05:00",84131,12.94,20.14,750.4,17.99,43.57
"2021-09-22 19:10:00",84132,12.94,19.98,750.4,18.15,43.33
"2021-09-22 19:15:00",84133,12.94,19.85,750.5,18.12,43.65
"2021-09-22 19:20:00",84134,12.93,19.76,750.5,18.27,43.29
"2021-09-22 19:25:00",84135,12.93,19.69,750.5,18.32,42.17
"2021-09-22 19:30:00",84136,12.93,19.65,750.5,18.45,42.57
"2021-09-22 19:35:00",84137,12.93,19.63,750.7,18.45,41.45
"2021-09-22 19:40:00",84138,12.93,19.65,750.7,18.5,40.94
"2021-09-22 19:45:00",84139,12.92,19.68,750.8,18.49,41.29
"2021-09-22 19:50:00",84140,12.92,19.71,750.8,18.51,41.39
"2021-09-22 19:55:00",84141,12.92,19.74,750.9,18.63,40.83
"2021-09-22 20:00:00",84142,12.92,19.77,750.9,18.41,43.84
"2021-09-22 20:05:00",84143,12.92,19.77,751,18.17,43.53
"2021-09-22 20:10:00",84144,12.92,19.74,751.1,18.11,46
"2021-09-22 20:15:00",84145,12.91,19.7,751.2,17.89,47.33
"2021-09-22 20:20:00",84146,12.91,19.64,751.2,17.84,47.92
"2021-09-22 20:25:00",84147,12.91,19.56,751.3,17.7,46.64
"2021-09-22 20:30:00",84148,12.91,19.48,751.3,17.65,46.76
"2021-09-22 20:35:00",84149,12.91,19.39,751.4,17.85,44.45
"2021-09-22 20:40:00",84150,12.9,19.27,751.4,18.04,44.28
"2021-09-22 20:45:00",84151,12.91,19.21,751.6,17.96,43.92
"2021-09-22 20:50:00",84152,12.9,19.16,751.6,17.99,44.56
"2021-09-22 20:55:00",84153,12.9,19.05,751.7,17.94,44.58
"2021-09-22 21:00:00",84154,12.9,18.99,751.7,17.91,44.74
"2021-09-22 21:05:00",84155,12.9,18.94,751.8,18.06,44.6
"2021-09-22 21:10:00",84156,12.89,18.89,751.9,17.99,45.13
"2021-09-22 21:15:00",84157,12.9,18.84,751.9,18.08,44.7
"2021-09-22 21:20:00",84158,12.89,18.81,752,18.19,44.61
"2021-09-22 21:25:00",84159,12.89,18.76,752.1,18.24,44.68
"2021-09-22 21:30:00",84160,12.89,18.75,752.1,18.31,43.54
"2021-09-22 21:35:00",84161,12.89,18.73,752.2,18.49,43.63
"2021-09-22 21:40:00",84162,12.89,18.75,752.3,17.42,51.42
"2021-09-22 21:45:00",84163,12.89,18.68,752.3,16.85,50.53
"2021-09-22 21:50:00",84164,12.89,18.61,752.4,17.12,48.08
"2021-09-22 21:55:00",84165,12.89,18.54,752.4,17.46,47.87
"2021-09-22 22:00:00",84166,12.88,18.5,752.5,17.45,48.49
"2021-09-22 22:05:00",84167,12.88,18.46,752.5,17.38,48.3
"2021-09-22 22:10:00",84168,12.88,18.42,752.6,17.45,48.12
"2021-09-22 22:15:00",84169,12.88,18.4,752.7,17.27,47.81
"2021-09-22 22:20:00",84170,12.88,18.37,752.7,17.57,47.82
"2021-09-22 22:25:00",84171,12.87,18.37,752.7,17.27,48.66
"2021-09-22 22:30:00",84172,12.87,18.37,752.8,17.81,45.33
"2021-09-22 22:35:00",84173,12.87,18.4,752.8,17.45,47.27
"2021-09-22 22:40:00",84174,12.87,18.43,752.9,17.79,45.64
"2021-09-22 22:45:00",84175,12.87,18.46,752.9,17.98,44.91
"2021-09-22 22:50:00",84176,12.87,18.51,752.9,18.01,43.83
"2021-09-22 22:55:00",84177,12.87,18.56,753,18.02,45.13
"2021-09-22 23:00:00",84178,12.87,18.61,753,18.13,43.4
"2021-09-22 23:05:00",84179,12.87,18.67,753.1,18.21,43.15
"2021-09-22 23:10:00",84180,12.87,18.73,753,18.18,43.08
"2021-09-22 23:15:00",84181,12.86,18.77,753.1,18.22,42.96
"2021-09-22 23:20:00",84182,12.86,18.8,753.1,18.23,42.83
"2021-09-22 23:25:00",84183,12.86,18.84,753.2,18.35,42.27
"2021-09-22 23:30:00",84184,12.86,18.84,753.2,18.25,42.68
"2021-09-22 23:35:00",84185,12.86,18.86,753.1,18.12,43.17
"2021-09-22 23:40:00",84186,12.86,18.84,753,17.79,45.71
"2021-09-22 23:45:00",84187,12.86,18.79,753,17.84,44.25
"2021-09-22 23:50:00",84188,12.86,18.72,753,17.7,45.16
"2021-09-22 23:55:00",84189,12.86,18.59,752.9,17.26,47.78
"2021-09-23 00:00:00",84190,12.86,18.47,752.9,17.14,48.14
"2021-09-23 00:05:00",84191,12.86,18.35,752.9,16.83,50.65
"2021-09-23 00:10:00",84192,12.86,18.21,752.9,16.57,51.12
"2021-09-23 00:15:00",84193,12.85,18.1,752.9,16.48,52.43
"2021-09-23 00:20:00",84194,12.85,17.99,752.9,16.27,53.66
"2021-09-23 00:25:00",84195,12.85,17.86,752.9,16.3,53.97
"2021-09-23 00:30:00",84196,12.85,17.77,752.8,16.26,53.97
"2021-09-23 00:35:00",84197,12.85,17.68,752.8,16.12,54.8
"2021-09-23 00:40:00",84198,12.85,17.64,752.7,16.1,54.68
"2021-09-23 00:45:00",84199,12.85,17.56,752.7,16.15,56.05
"2021-09-23 00:50:00",84200,12.84,17.51,752.7,16.03,55.58
"2021-09-23 00:55:00",84201,12.84,17.44,752.7,16.08,54.64
"2021-09-23 01:00:00",84202,12.84,17.39,752.6,16.11,55.47
"2021-09-23 01:05:00",84203,12.84,17.35,752.6,16.12,54.25
"2021-09-23 01:10:00",84204,12.84,17.29,752.5,16.06,53.57
"2021-09-23 01:15:00",84205,12.83,17.21,752.4,16.02,56.67
"2021-09-23 01:20:00",84206,12.83,17.15,752.4,15.74,57.12
"2021-09-23 01:25:00",84207,12.83,17.07,752.3,15.66,56.5
"2021-09-23 01:30:00",84208,12.83,17.01,752.3,15.53,58.02
"2021-09-23 01:35:00",84209,12.82,16.94,752.3,15.67,56.95
"2021-09-23 01:40:00",84210,12.82,16.89,752.4,15.78,56.52
"2021-09-23 01:45:00",84211,12.82,16.85,752.3,15.74,56.27
"2021-09-23 01:50:00",84212,12.82,16.8,752.3,15.8,55.43
"2021-09-23 01:55:00",84213,12.82,16.76,752.2,15.69,54.86
"2021-09-23 02:00:00",84214,12.81,16.74,752.1,15.74,54.26
"2021-09-23 02:05:00",84215,12.81,16.71,752.1,15.68,54.89
"2021-09-23 02:10:00",84216,12.81,16.68,752,15.54,56.87
"2021-09-23 02:15:00",84217,12.81,16.63,752,15.35,56
"2021-09-23 02:20:00",84218,12.8,16.56,752,15.22,55.98
"2021-09-23 02:25:00",84219,12.8,16.49,752,15.26,56.1
"2021-09-23 02:30:00",84220,12.8,16.42,751.9,15.36,60.69
"2021-09-23 02:35:00",84221,12.8,16.34,751.9,14.97,59.82
"2021-09-23 02:40:00",84222,12.79,16.29,751.9,15.35,55.75
"2021-09-23 02:45:00",84223,12.79,16.17,751.9,15.48,57.16
"2021-09-23 02:50:00",84224,12.79,16.08,751.9,15.37,57.45
"2021-09-23 02:55:00",84225,12.78,16.02,751.8,15.19,59.11
"2021-09-23 03:00:00",84226,12.78,15.83,751.7,14.88,59.15
"2021-09-23 03:05:00",84227,12.78,15.68,751.8,14.73,59.78
"2021-09-23 03:10:00",84228,12.78,15.55,751.8,14.47,62.56
"2021-09-23 03:15:00",84229,12.77,15.41,751.8,14.25,70.21
"2021-09-23 03:20:00",84230,12.77,15.11,751.8,13.99,65.62
"2021-09-23 03:25:00",84231,12.77,14.84,751.8,13.76,66.04
"2021-09-23 03:30:00",84232,12.77,14.65,751.7,13.88,65.48
"2021-09-23 03:35:00",84233,12.76,14.51,751.6,14.16,62.69
"2021-09-23 03:40:00",84234,12.76,14.38,751.6,14.41,62.26
"2021-09-23 03:45:00",84235,12.76,14.32,751.6,14.04,68.15
"2021-09-23 03:50:00",84236,12.75,14.27,751.7,13.91,69.77
"2021-09-23 03:55:00",84237,12.75,14.23,751.7,13.79,69.09
"2021-09-23 04:00:00",84238,12.75,14.19,751.6,13.91,65.84
"2021-09-23 04:05:00",84239,12.74,14.16,751.6,13.76,67.21
"2021-09-23 04:10:00",84240,12.74,14.12,751.6,13.83,67.02
"2021-09-23 04:15:00",84241,12.74,14.1,751.7,14.13,64.27
"2021-09-23 04:20:00",84242,12.74,14.08,751.7,13.93,63.44
"2021-09-23 04:25:00",84243,12.73,14.07,751.8,13.45,65.23
"2021-09-23 04:30:00",84244,12.73,14.01,751.9,13.2,66
"2021-09-23 04:35:00",84245,12.72,13.94,751.9,13.18,66.12
"2021-09-23 04:40:00",84246,12.72,13.86,751.8,13.23,65.84
"2021-09-23 04:45:00",84247,12.7,13.8,751.8,13.28,64.97
"2021-09-23 04:50:00",84248,12.7,13.74,751.8,13.38,64.37
"2021-09-23 04:55:00",84249,12.7,13.69,751.7,13.39,64.26
"2021-09-23 05:00:00",84250,12.7,13.63,751.8,13.45,63.83
"2021-09-23 05:05:00",84251,12.69,13.59,751.8,13.58,63.56
"2021-09-23 05:10:00",84252,12.69,13.56,751.8,13.37,67.07
"2021-09-23 05:15:00",84253,12.69,13.53,751.8,13.02,68.86
"2021-09-23 05:20:00",84254,12.68,13.52,751.8,13.12,68.13
"2021-09-23 05:25:00",84255,12.68,13.48,751.7,13.27,67.49
"2021-09-23 05:30:00",84256,12.68,13.49,751.7,13.29,67.84
"2021-09-23 05:35:00",84257,12.68,13.48,751.8,13.28,69.2
"2021-09-23 05:40:00",84258,12.67,13.47,752.1,12.9,71.24
"2021-09-23 05:45:00",84259,12.67,13.45,752.2,12.68,71.48
"2021-09-23 05:50:00",84260,12.67,13.45,752.3,13.13,68.54
"2021-09-23 05:55:00",84261,12.67,13.46,752.2,13.36,68.03
"2021-09-23 06:00:00",84262,12.66,13.51,752.3,13.61,67.53
"2021-09-23 06:05:00",84263,12.66,13.56,752.4,13.71,66.91
"2021-09-23 06:10:00",84264,12.66,13.61,752.4,13.74,66.88
"2021-09-23 06:15:00",84265,12.66,13.7,752.4,13.69,66.64
"2021-09-23 06:20:00",84266,12.66,13.8,752.5,13.74,66.21
"2021-09-23 06:25:00",84267,12.67,13.88,752.7,13.33,66.78
"2021-09-23 06:30:00",84268,12.68,13.93,752.8,13.21,67.22
"2021-09-23 06:35:00",84269,12.72,13.99,752.7,13.18,66.98
"2021-09-23 06:40:00",84270,12.77,14.04,752.7,13.35,66.46
"2021-09-23 06:45:00",84271,12.84,14.11,752.8,13.57,65.54
"2021-09-23 06:50:00",84272,12.92,14.19,752.8,13.86,64.48
"2021-09-23 06:55:00",84273,12.99,14.31,752.8,14.07,64.11
"2021-09-23 07:00:00",84274,13.12,14.43,752.8,14.23,63.08
"2021-09-23 07:05:00",84275,13.57,14.83,752.9,14.76,61.19
"2021-09-23 07:10:00",84276,13.7,15.27,753,15.59,58.6
"2021-09-23 07:15:00",84277,13.48,15.49,753,15.78,56.94
"2021-09-23 07:20:00",84278,13.46,15.6,753.1,15.28,57.62
"2021-09-23 07:25:00",84279,13.69,15.95,753.2,15.2,58.66
"2021-09-23 07:30:00",84280,13.57,16.15,753.2,15.08,61.21
"2021-09-23 07:35:00",84281,13.69,16.35,753.2,14.68,61.38
"2021-09-23 07:40:00",84282,13.81,17.63,753.2,14.97,63.44
"2021-09-23 07:45:00",84283,13.68,17.65,753.3,15.18,62.98
"2021-09-23 07:50:00",84284,13.82,17.48,753.4,15.28,61.87
"2021-09-23 07:55:00",84285,13.79,18.72,753.5,15.87,60.53
"2021-09-23 08:00:00",84286,13.76,19.35,753.5,16.35,57.51
"2021-09-23 08:05:00",84287,13.76,19.88,753.5,16.49,56.08
"2021-09-23 08:10:00",84288,13.73,20.47,753.5,17.59,53.14
"2021-09-23 08:15:00",84289,13.73,21.15,753.6,19.47,47.84
"2021-09-23 08:20:00",84290,13.7,21.94,753.5,20.01,44.16
"2021-09-23 08:25:00",84291,13.71,22.79,753.5,20.54,44.64
"2021-09-23 08:30:00",84292,13.68,23.64,753.5,20.59,41.95
"2021-09-23 08:35:00",84293,13.68,24.35,753.6,18.81,46.4
"2021-09-23 08:40:00",84294,13.65,24.77,753.7,19.48,44.86
"2021-09-23 08:45:00",84295,13.65,25.08,753.7,18.83,47.48
"2021-09-23 08:50:00",84296,13.63,25.25,753.7,18.87,46.72
"2021-09-23 08:55:00",84297,13.63,25.41,753.7,19.7,44.7
"2021-09-23 09:00:00",84298,13.63,25.57,753.6,19.24,45.63
"2021-09-23 09:05:00",84299,13.63,25.56,753.6,18.53,47.19
"2021-09-23 09:10:00",84300,13.63,25.49,753.6,19.03,46.71
"2021-09-23 09:15:00",84301,13.63,25.4,753.7,18.67,48.06
"2021-09-23 09:20:00",84302,13.63,25.35,753.7,19.29,47.66
"2021-09-23 09:25:00",84303,13.63,25.44,753.7,20,45.18
"2021-09-23 09:30:00",84304,13.63,25.65,753.8,19.97,45.05
"2021-09-23 09:35:00",84305,13.63,25.82,753.8,19.92,44.98
"2021-09-23 09:40:00",84306,13.63,26.03,753.9,20.25,44.29
"2021-09-23 09:45:00",84307,13.63,26.48,753.9,21.41,41.59
"2021-09-23 09:50:00",84308,13.61,27.28,753.9,22.09,38.28
"2021-09-23 09:55:00",84309,13.61,27.95,753.9,23.16,37.4
"2021-09-23 10:00:00",84310,13.58,28.55,753.8,21.85,38.64
"2021-09-23 10:05:00",84311,13.58,28.92,753.8,21.78,36.87
"2021-09-23 10:10:00",84312,13.56,29.21,753.9,22.13,36.61
"2021-09-23 10:15:00",84313,13.56,29.43,753.8,21.75,37.19
"2021-09-23 10:20:00",84314,13.56,29.52,753.8,22.18,36.38
"2021-09-23 10:25:00",84315,13.56,29.48,753.8,21.24,38.02
"2021-09-23 10:30:00",84316,13.56,29.23,753.8,20.62,37.47
"2021-09-23 10:35:00",84317,13.56,28.75,753.9,20.62,35.24
"2021-09-23 10:40:00",84318,13.56,28.32,753.9,20.25,35.47
"2021-09-23 10:45:00",84319,13.56,27.62,754.1,19.74,35.32
"2021-09-23 10:50:00",84320,13.55,26.23,754.1,19.18,37.58
"2021-09-23 10:55:00",84321,13.52,25.01,754.1,18.25,42.2
"2021-09-23 11:00:00",84322,13.49,24.06,754.2,17.71,42.26
"2021-09-23 11:05:00",84323,13.59,23.3,754.3,17.17,46.98
"2021-09-23 11:10:00",84324,13.69,22.85,754.5,16.33,52.93
"2021-09-23 11:15:00",84325,13.69,22.86,754.5,15.9,55.68
"2021-09-23 11:20:00",84326,13.69,22.42,754.6,15.6,58.93
"2021-09-23 11:25:00",84327,13.69,21.98,754.5,16.45,52.58
"2021-09-23 11:30:00",84328,13.7,21.68,754.4,16.81,50.96
"2021-09-23 11:35:00",84329,13.7,21.55,754.4,16.78,49.44
"2021-09-23 11:40:00",84330,13.7,21.51,754.4,17.35,45.24
"2021-09-23 11:45:00",84331,13.7,21.53,754.3,17.68,43.66
"2021-09-23 11:50:00",84332,13.7,21.65,754.3,18.12,42.98
"2021-09-23 11:55:00",84333,13.7,21.82,754.2,18.04,44.31
"2021-09-23 12:00:00",84334,13.7,22.01,754.2,18.12,44.86
"2021-09-23 12:05:00",84335,13.7,22.23,754.1,18.4,45.84
"2021-09-23 12:10:00",84336,13.7,22.48,754.1,18.74,43.63
"2021-09-23 12:15:00",84337,13.7,22.77,753.9,18.63,43.17
"2021-09-23 12:20:00",84338,13.71,23.03,754,19.34,40.87
"2021-09-23 12:25:00",84339,13.68,23.27,753.9,19.1,40.43
"2021-09-23 12:30:00",84340,13.68,23.49,753.9,19.45,40.79
"2021-09-23 12:35:00",84341,13.68,23.74,753.8,19.55,40.09
"2021-09-23 12:40:00",84342,13.68,24.05,753.7,20.43,38.75
"2021-09-23 12:45:00",84343,13.65,24.53,753.6,20.27,37.63
"2021-09-23 12:50:00",84344,13.65,25.1,753.5,21.24,35.73
"2021-09-23 12:55:00",84345,13.65,25.65,753.4,20.82,36.38
"2021-09-23 13:00:00",84346,13.63,26.12,753.3,22.17,34.69
"2021-09-23 13:05:00",84347,13.6,26.57,753.2,22.23,34.27
"2021-09-23 13:10:00",84348,13.6,26.93,753.1,21.44,34.46
"2021-09-23 13:15:00",84349,13.6,27.09,753,20.86,35.86
"2021-09-23 13:20:00",84350,13.6,27.05,753,20.66,35.57
"2021-09-23 13:25:00",84351,13.6,26.95,752.8,21.13,35.45
"2021-09-23 13:30:00",84352,13.6,26.89,752.7,21.46,34.66
"2021-09-23 13:35:00",84353,13.6,26.95,752.6,22.43,33.19
"2021-09-23 13:40:00",84354,13.6,27.21,752.4,21.58,35
"2021-09-23 13:45:00",84355,13.6,27.19,752.3,21.58,34.97
"2021-09-23 13:50:00",84356,13.6,27.23,752.2,22.28,32.71
"2021-09-23 13:55:00",84357,13.6,27.23,751.9,22.69,32.65
"2021-09-23 14:00:00",84358,13.6,27.39,751.9,22.82,30.92
"2021-09-23 14:05:00",84359,13.6,27.6,751.8,22.75,31.12
"2021-09-23 14:10:00",84360,13.6,27.85,751.7,22.66,31.51
"2021-09-23 14:15:00",84361,13.58,27.88,751.7,23.19,31.29
"2021-09-23 14:20:00",84362,13.58,28.04,751.7,22.98,30.6
"2021-09-23 14:25:00",84363,13.58,28.21,751.6,23.28,30.49
"2021-09-23 14:30:00",84364,13.58,28.35,751.5,23.15,30.35
"2021-09-23 14:35:00",84365,13.58,28.43,751.3,23.15,29.67
"2021-09-23 14:40:00",84366,13.58,28.51,751.3,23.13,29.57
"2021-09-23 14:45:00",84367,13.58,28.53,751.2,22.1,32.33
"2021-09-23 14:50:00",84368,13.58,28.44,751.3,22.11,33.39
"2021-09-23 14:55:00",84369,13.58,28.32,751.3,22.78,32.29
"2021-09-23 15:00:00",84370,13.58,28.31,751.2,23.82,30.44
"2021-09-23 15:05:00",84371,13.58,28.48,751.1,22.92,30.59
"2021-09-23 15:10:00",84372,13.58,28.64,751.1,23.28,30.02
"2021-09-23 15:15:00",84373,13.58,28.88,751,23.87,31.11
"2021-09-23 15:20:00",84374,13.58,29.15,751,22.73,33.49
"2021-09-23 15:25:00",84375,13.56,29.32,750.9,23.19,33.23
"2021-09-23 15:30:00",84376,13.56,29.42,750.8,23.65,30.96
"2021-09-23 15:35:00",84377,13.55,29.46,750.7,22.67,32.81
"2021-09-23 15:40:00",84378,13.56,29.36,750.7,23.02,31.04
"2021-09-23 15:45:00",84379,13.55,29.18,750.7,22.44,33.03
"2021-09-23 15:50:00",84380,13.55,28.88,750.7,21.93,30.71
"2021-09-23 15:55:00",84381,13.55,28.47,750.8,21.7,33.42
"2021-09-23 16:00:00",84382,13.56,28.06,750.9,21.98,31.65
"2021-09-23 16:05:00",84383,13.55,27.71,750.9,22.02,32.39
"2021-09-23 16:10:00",84384,13.55,27.4,750.9,21.75,33.93
"2021-09-23 16:15:00",84385,13.55,27.23,751,22.22,34.13
"2021-09-23 16:20:00",84386,13.55,27.22,751,22.49,33.89
"2021-09-23 16:25:00",84387,13.55,27.28,751,22.1,33.63
"2021-09-23 16:30:00",84388,13.55,27.28,751.1,21.69,34.81
"2021-09-23 16:35:00",84389,13.55,27.14,751.1,21.14,32.31
"2021-09-23 16:40:00",84390,13.55,26.92,751.1,21.19,32.18
"2021-09-23 16:45:00",84391,13.55,26.67,751.3,20.75,32.51
"2021-09-23 16:50:00",84392,13.55,26.37,751.2,20.78,33.44
"2021-09-23 16:55:00",84393,13.55,26.03,751.2,20.99,32.76
"2021-09-23 17:00:00",84394,13.57,25.83,751.3,20.8,33.01
"2021-09-23 17:05:00",84395,13.58,25.63,751.4,20.72,32.51
"2021-09-23 17:10:00",84396,13.58,25.19,751.3,20.59,32.56
"2021-09-23 17:15:00",84397,13.58,25.21,751.4,20.83,32.95
"2021-09-23 17:20:00",84398,13.58,25.16,751.4,20.78,32.28
"2021-09-23 17:25:00",84399,13.52,24.74,751.5,20.85,32.62
"2021-09-23 17:30:00",84400,13.34,24.17,751.6,20.35,32.9
"2021-09-23 17:35:00",84401,13.23,23.78,751.6,20.04,34.95
"2021-09-23 17:40:00",84402,13.17,23.43,751.5,19.86,34.71
"2021-09-23 17:45:00",84403,13.11,23.04,751.7,19.84,34.24
"2021-09-23 17:50:00",84404,13.08,22.72,751.7,19.77,34.83
"2021-09-23 17:55:00",84405,13.05,22.46,751.8,19.64,35.01
"2021-09-23 18:00:00",84406,13.02,22.22,751.9,19.48,35.49
"2021-09-23 18:05:00",84407,13,21.97,752,19.32,36.1
"2021-09-23 18:10:00",84408,12.98,21.7,752.1,19,37.04
"2021-09-23 18:15:00",84409,12.97,21.42,752.1,18.63,39.67
"2021-09-23 18:20:00",84410,12.95,21.15,752.2,18.59,39.31
"2021-09-23 18:25:00",84411,12.95,20.9,752.4,18.55,39.4
"2021-09-23 18:30:00",84412,12.95,20.62,752.4,18.22,41.36
"2021-09-23 18:35:00",84413,12.94,20.37,752.6,17.97,42.8
"2021-09-23 18:40:00",84414,12.94,20.13,752.7,17.8,43.04
"2021-09-23 18:45:00",84415,12.94,19.94,752.7,18.18,40.87
"2021-09-23 18:50:00",84416,12.93,19.76,752.8,18.22,40.49
"2021-09-23 18:55:00",84417,12.93,19.62,752.8,18.09,41.99
"2021-09-23 19:00:00",84418,12.93,19.48,752.8,17.83,42.53
"2021-09-23 19:05:00",84419,12.92,19.35,752.9,17.97,41.08
"2021-09-23 19:10:00",84420,12.92,19.23,752.9,18.07,40.96
"2021-09-23 19:15:00",84421,12.92,19.14,752.9,17.93,41.42
"2021-09-23 19:20:00",84422,12.92,19.03,752.9,17.35,42.73
"2021-09-23 19:25:00",84423,12.91,18.91,752.9,17.59,42.54
"2021-09-23 19:30:00",84424,12.91,18.81,753,17.25,44.12
"2021-09-23 19:35:00",84425,12.91,18.68,753,16.95,44.91
"2021-09-23 19:40:00",84426,12.91,18.51,753,17.17,44.11
"2021-09-23 19:45:00",84427,12.9,18.37,752.9,17.12,43.85
"2021-09-23 19:50:00",84428,12.9,18.25,753,17.49,42.49
"2021-09-23 19:55:00",84429,12.9,18.12,753,17.62,42
"2021-09-23 20:00:00",84430,12.9,18.02,753,17.44,41.66
"2021-09-23 20:05:00",84431,12.9,17.97,753,17.25,42.62
"2021-09-23 20:10:00",84432,12.9,17.86,753.1,16.86,44.26
"2021-09-23 20:15:00",84433,12.9,17.77,753,16.89,44.3
"2021-09-23 20:20:00",84434,12.89,17.67,753,16.56,45.43
"2021-09-23 20:25:00",84435,12.89,17.56,753.1,16.34,46.19
"2021-09-23 20:30:00",84436,12.89,17.44,753.2,16.41,45.66
"2021-09-23 20:35:00",84437,12.89,17.34,753.2,16.49,45.36
"2021-09-23 20:40:00",84438,12.89,17.24,753.3,16.25,46.77
"2021-09-23 20:45:00",84439,12.89,17.12,753.4,16.08,47.41
"2021-09-23 20:50:00",84440,12.88,17.04,753.4,16.47,45.92
"2021-09-23 20:55:00",84441,12.88,16.95,753.4,16.38,45.97
"2021-09-23 21:00:00",84442,12.88,16.91,753.5,16.54,44.79
"2021-09-23 21:05:00",84443,12.88,16.88,753.6,16.52,45.36
"2021-09-23 21:10:00",84444,12.88,16.84,753.7,16.58,45.05
"2021-09-23 21:15:00",84445,12.88,16.84,753.7,16.64,44.84
"2021-09-23 21:20:00",84446,12.88,16.84,753.8,16.84,43.4
"2021-09-23 21:25:00",84447,12.87,16.86,754,16.76,44.41
"2021-09-23 21:30:00",84448,12.87,16.88,754,16.8,44
"2021-09-23 21:35:00",84449,12.87,16.91,754,16.67,44.56
"2021-09-23 21:40:00",84450,12.87,16.91,754,16.67,44.43
"2021-09-23 21:45:00",84451,12.87,16.91,754,16.31,45.71
"2021-09-23 21:50:00",84452,12.88,16.86,754.1,15.89,47.54
"2021-09-23 21:55:00",84453,12.88,16.76,754.1,15.56,48.5
"2021-09-23 22:00:00",84454,12.87,16.62,754.2,15.51,48.12
"2021-09-23 22:05:00",84455,12.87,16.49,754.1,15.76,48.59
"2021-09-23 22:10:00",84456,12.87,16.35,754.2,15.28,49.73
"2021-09-23 22:15:00",84457,12.87,16.2,754.3,15.36,47.75
"2021-09-23 22:20:00",84458,12.87,16.07,754.3,15.51,47.9
"2021-09-23 22:25:00",84459,12.87,15.99,754.4,15.58,47.72
"2021-09-23 22:30:00",84460,12.87,15.93,754.5,15.28,49.11
"2021-09-23 22:35:00",84461,12.86,15.89,754.5,14.87,50.63
"2021-09-23 22:40:00",84462,12.86,15.78,754.5,14.71,51.38
"2021-09-23 22:45:00",84463,12.86,15.68,754.6,14.86,50.48
"2021-09-23 22:50:00",84464,12.86,15.48,754.6,15.33,49
"2021-09-23 22:55:00",84465,12.86,15.39,754.6,15.44,48.01
"2021-09-23 23:00:00",84466,12.86,15.35,754.6,15.54,47
"2021-09-23 23:05:00",84467,12.85,15.35,754.7,15.73,45.33
"2021-09-23 23:10:00",84468,12.86,15.35,754.7,15.59,45.69
"2021-09-23 23:15:00",84469,12.85,15.36,754.8,15.39,46.73
"2021-09-23 23:20:00",84470,12.85,15.33,754.8,15.27,47.02
"2021-09-23 23:25:00",84471,12.85,15.28,754.8,15.24,47.21
"2021-09-23 23:30:00",84472,12.85,15.21,754.8,14.93,48.48
"2021-09-23 23:35:00",84473,12.85,15.11,754.8,14.37,56.18
"2021-09-23 23:40:00",84474,12.85,15.01,754.9,14.07,55.2
"2021-09-23 23:45:00",84475,12.85,14.88,755,13.89,56.89
"2021-09-23 23:50:00",84476,12.84,14.77,755.1,13.83,56.16
"2021-09-23 23:55:00",84477,12.84,14.68,755.1,13.64,56.31
"2021-09-24 00:00:00",84478,12.84,14.59,755.1,13.8,55.28
"2021-09-24 00:05:00",84479,12.84,14.56,755,13.88,54.53
"2021-09-24 00:10:00",84480,12.84,14.5,754.9,13.49,55.96
"2021-09-24 00:15:00",84481,12.83,14.43,754.8,13.8,53.12
"2021-09-24 00:20:00",84482,12.83,14.41,754.8,14.65,49.8
"2021-09-24 00:25:00",84483,12.83,14.44,754.7,14.57,50.41
"2021-09-24 00:30:00",84484,12.83,14.45,754.6,14.52,50.99
"2021-09-24 00:35:00",84485,12.83,14.45,754.6,14.5,49.35
"2021-09-24 00:40:00",84486,12.82,14.44,754.5,14.17,50.17
"2021-09-24 00:45:00",84487,12.82,14.43,754.4,14.03,50.83
"2021-09-24 00:50:00",84488,12.82,14.4,754.4,13.54,52.23
"2021-09-24 00:55:00",84489,12.82,14.29,754.4,13.33,52.69
"2021-09-24 01:00:00",84490,12.82,14.19,754.3,13.17,57.08
"2021-09-24 01:05:00",84491,12.82,14.07,754.3,12.64,61.78
"2021-09-24 01:10:00",84492,12.81,13.91,754.3,11.84,64.13
"2021-09-24 01:15:00",84493,12.81,13.73,754.3,11.47,65.26
"2021-09-24 01:20:00",84494,12.81,13.5,754.2,11.32,65.58
"2021-09-24 01:25:00",84495,12.81,13.31,754.1,12.02,61.71
"2021-09-24 01:30:00",84496,12.81,13.15,754,12.89,58.33
"2021-09-24 01:35:00",84497,12.8,13.05,754,13.18,57.24
"2021-09-24 01:40:00",84498,12.8,13.02,754,12.3,62.05
"2021-09-24 01:45:00",84499,12.8,12.92,753.9,11.76,64.41
"2021-09-24 01:50:00",84500,12.8,12.81,753.9,11.95,62.87
"2021-09-24 01:55:00",84501,12.79,12.72,753.8,11.79,63.52
"2021-09-24 02:00:00",84502,12.79,12.64,753.8,12.12,61.93
"2021-09-24 02:05:00",84503,12.79,12.59,753.9,12.39,61.18
"2021-09-24 02:10:00",84504,12.79,12.58,753.8,12.01,62.5
"2021-09-24 02:15:00",84505,12.78,12.58,753.9,12.7,59.34
"2021-09-24 02:20:00",84506,12.78,12.57,753.8,12.87,58.17
"2021-09-24 02:25:00",84507,12.78,12.62,753.8,12.95,58
"2021-09-24 02:30:00",84508,12.77,12.67,753.8,12.48,59.78
"2021-09-24 02:35:00",84509,12.77,12.69,753.8,12.28,60.9
"2021-09-24 02:40:00",84510,12.77,12.65,753.8,12.06,61.89
"2021-09-24 02:45:00",84511,12.77,12.56,753.8,11.92,62.19
"2021-09-24 02:50:00",84512,12.76,12.49,753.7,11.99,61.44
"2021-09-24 02:55:00",84513,12.76,12.43,753.8,12.03,61.03
"2021-09-24 03:00:00",84514,12.76,12.38,753.8,12.03,61
"2021-09-24 03:05:00",84515,12.76,12.32,753.8,11.75,62.04
"2021-09-24 03:10:00",84516,12.75,12.24,753.9,11.44,63.07
"2021-09-24 03:15:00",84517,12.75,12.15,753.9,11.38,63.21
"2021-09-24 03:20:00",84518,12.75,12.05,753.9,11.21,63.21
"2021-09-24 03:25:00",84519,12.74,11.93,753.9,11.19,63.5
"2021-09-24 03:30:00",84520,12.74,11.86,753.8,11.61,62.11
"2021-09-24 03:35:00",84521,12.73,11.79,753.7,11.38,63.41
"2021-09-24 03:40:00",84522,12.73,11.77,753.7,11.07,64.12
"2021-09-24 03:45:00",84523,12.73,11.74,753.8,10.97,64.45
"2021-09-24 03:50:00",84524,12.73,11.68,753.7,10.77,65.57
"2021-09-24 03:55:00",84525,12.72,11.61,753.8,10.9,65.19
"2021-09-24 04:00:00",84526,12.72,11.55,753.8,10.62,66.23
"2021-09-24 04:05:00",84527,12.72,11.47,753.8,10.82,64.54
"2021-09-24 04:10:00",84528,12.71,11.4,753.8,10.83,65.09
"2021-09-24 04:15:00",84529,12.71,11.33,753.8,10.87,64.31
"2021-09-24 04:20:00",84530,12.7,11.28,753.9,10.75,64.79
"2021-09-24 04:25:00",84531,12.7,11.22,753.9,10.55,65.33
"2021-09-24 04:30:00",84532,12.69,11.16,754,10.26,66.51
"2021-09-24 04:35:00",84533,12.69,11.06,754,10.15,67.18
"2021-09-24 04:40:00",84534,12.69,10.86,754,10.22,66.74
"2021-09-24 04:45:00",84535,12.69,10.75,754,10.46,66.64
"2021-09-24 04:50:00",84536,12.68,10.67,754.1,10.49,66.64
"2021-09-24 04:55:00",84537,12.68,10.62,754.1,10.36,67.65
"2021-09-24 05:00:00",84538,12.67,10.56,754.2,10.52,66.45
"2021-09-24 05:05:00",84539,12.67,10.55,754.2,10.78,64.96
"2021-09-24 05:10:00",84540,12.66,10.57,754.3,10.53,66.36
"2021-09-24 05:15:00",84541,12.66,10.6,754.2,10.71,66.45
"2021-09-24 05:20:00",84542,12.66,10.61,754.3,10.63,67.15
"2021-09-24 05:25:00",84543,12.65,10.62,754.3,10.08,72.27
"2021-09-24 05:30:00",84544,12.65,10.59,754.4,9.73,72.67
"2021-09-24 05:35:00",84545,12.64,10.52,754.5,9.7,73.2
"2021-09-24 05:40:00",84546,12.64,10.44,754.6,9.76,72.2
"2021-09-24 05:45:00",84547,12.64,10.34,754.6,9.84,70.98
"2021-09-24 05:50:00",84548,12.63,10.27,754.8,10.18,68.9
"2021-09-24 05:55:00",84549,12.63,10.2,754.8,9.89,69.95
"2021-09-24 06:00:00",84550,12.63,10.19,754.8,9.88,69.49
"2021-09-24 06:05:00",84551,12.62,10.2,754.8,9.83,69.34
"2021-09-24 06:10:00",84552,12.63,10.25,754.8,9.78,68.05
"2021-09-24 06:15:00",84553,12.63,10.23,754.9,9.86,67.59
"2021-09-24 06:20:00",84554,12.65,10.25,755,10.06,65.39
"2021-09-24 06:25:00",84555,12.67,10.27,755,10.22,64.98
"2021-09-24 06:30:00",84556,12.77,10.37,755,10.26,64.96
"2021-09-24 06:35:00",84557,12.89,10.52,755.1,10.57,63.94
"2021-09-24 06:40:00",84558,13.01,10.72,755.1,11.13,62.21
"2021-09-24 06:45:00",84559,13.16,10.93,755.1,10.97,62.35
"2021-09-24 06:50:00",84560,13.45,11.26,755.2,11.31,61.12
"2021-09-24 06:55:00",84561,13.66,11.6,755.2,11.88,59.47
"2021-09-24 07:00:00",84562,13.82,12.04,755.2,11.96,59.6
"2021-09-24 07:05:00",84563,13.91,12.57,755.3,12.64,57.51
"2021-09-24 07:10:00",84564,13.96,13.13,755.3,12.82,58.43
"2021-09-24 07:15:00",84565,13.88,14.66,755.3,13.57,57.35
"2021-09-24 07:20:00",84566,13.85,15.65,755.3,13.47,59.16
"2021-09-24 07:25:00",84567,13.85,16.27,755.4,13.72,57.32
"2021-09-24 07:30:00",84568,13.82,16.84,755.3,14.6,55.73
"2021-09-24 07:35:00",84569,13.82,17.44,755.3,14.89,54.93
"2021-09-24 07:40:00",84570,13.79,18.03,755.3,15.75,52.08
"2021-09-24 07:45:00",84571,13.79,18.65,755.4,16.08,52.53
"2021-09-24 07:50:00",84572,13.79,19.27,755.4,16.28,51.42
"2021-09-24 07:55:00",84573,13.76,19.87,755.4,16.11,49.53
"2021-09-24 08:00:00",84574,13.76,20.44,755.4,16.42,49.2
"2021-09-24 08:05:00",84575,13.73,20.93,755.3,16.06,50.67
"2021-09-24 08:10:00",84576,13.74,21.39,755.4,16.26,48.65
"2021-09-24 08:15:00",84577,13.7,21.66,755.4,16.41,48.39
"2021-09-24 08:20:00",84578,13.71,21.9,755.4,17.28,46.34
"2021-09-24 08:25:00",84579,13.71,22.32,755.4,18.05,40.63
"2021-09-24 08:30:00",84580,13.68,22.85,755.5,18.24,40.91
"2021-09-24 08:35:00",84581,13.68,23.28,755.5,17.45,43.6
"2021-09-24 08:40:00",84582,13.68,23.68,755.5,18.38,39.58
"2021-09-24 08:45:00",84583,13.65,24.13,755.5,19.14,38.62
"2021-09-24 08:50:00",84584,13.65,24.53,755.6,18.9,39.47
"2021-09-24 08:55:00",84585,13.65,24.88,755.6,18.33,40.02
"2021-09-24 09:00:00",84586,13.65,25.23,755.6,19.32,37.21
"2021-09-24 09:05:00",84587,13.63,25.56,755.6,19.46,35.55
"2021-09-24 09:10:00",84588,13.63,25.87,755.6,19.06,36.85
"2021-09-24 09:15:00",84589,13.63,26.2,755.6,19.45,35.69
"2021-09-24 09:20:00",84590,13.61,26.48,755.6,20.03,33.93
"2021-09-24 09:25:00",84591,13.6,26.69,755.5,19.96,32.5
"2021-09-24 09:30:00",84592,13.6,26.99,755.5,20.26,32.66
"2021-09-24 09:35:00",84593,13.6,27.35,755.4,20.14,31.19
"2021-09-24 09:40:00",84594,13.58,27.69,755.4,20.68,31.31
"2021-09-24 09:45:00",84595,13.58,28.01,755.3,21.75,30.23
"2021-09-24 09:50:00",84596,13.58,28.35,755.3,19.27,35.11
"2021-09-24 09:55:00",84597,13.55,28.5,755.2,20.7,32.14
"2021-09-24 10:00:00",84598,13.56,28.64,755.2,20.2,32.09
"2021-09-24 10:05:00",84599,13.56,28.76,755.1,20.99,32
"2021-09-24 10:10:00",84600,13.55,29,755.1,20.63,30.7
"2021-09-24 10:15:00",84601,13.56,29.21,755,20.92,30.66
"2021-09-24 10:20:00",84602,13.56,29.4,755,21.99,30.38
"2021-09-24 10:25:00",84603,13.56,29.68,754.9,22.01,28.44
"2021-09-24 10:30:00",84604,13.53,29.93,754.8,21.77,29.22
"2021-09-24 10:35:00",84605,13.53,30.37,754.7,22.24,27.91
"2021-09-24 10:40:00",84606,13.53,30.45,754.6,21.24,29.25
"2021-09-24 10:45:00",84607,13.53,30.47,754.7,21.63,29.62
"2021-09-24 10:50:00",84608,13.53,30.48,754.7,22.05,27.76
"2021-09-24 10:55:00",84609,13.54,30.5,754.6,22.25,27.1
"2021-09-24 11:00:00",84610,13.53,30.51,754.4,21.23,27.6
"2021-09-24 11:05:00",84611,13.53,30.44,754.3,21.96,27.15
"2021-09-24 11:10:00",84612,13.54,30.41,754.3,22.26,25.61
"2021-09-24 11:15:00",84613,13.54,30.41,754.1,22.46,25.56
"2021-09-24 11:20:00",84614,13.54,30.53,754,22.12,26.21
"2021-09-24 11:25:00",84615,13.54,30.54,753.9,22.37,25.93
"2021-09-24 11:30:00",84616,13.54,30.83,753.8,22.81,25.45
"2021-09-24 11:35:00",84617,13.52,30.88,753.7,22.94,25.26
"2021-09-24 11:40:00",84618,13.51,30.75,753.6,23.55,25.09
"2021-09-24 11:45:00",84619,13.51,30.82,753.5,24.81,23.61
"2021-09-24 11:50:00",84620,13.52,30.95,753.3,23.57,23.9
"2021-09-24 11:55:00",84621,13.52,31.05,753.2,23.87,24.09
"2021-09-24 12:00:00",84622,13.52,31.16,753.1,25.16,21.14
"2021-09-24 12:05:00",84623,13.52,31.28,753,24.85,22.02
"2021-09-24 12:10:00",84624,13.52,31.45,752.9,24.85,21.02
"2021-09-24 12:15:00",84625,13.52,31.54,752.8,24.03,21.69
"2021-09-24 12:20:00",84626,13.52,31.49,752.7,24.75,20.63
"2021-09-24 12:25:00",84627,13.52,31.51,752.6,24.81,20.29
"2021-09-24 12:30:00",84628,13.52,31.5,752.6,24.43,21.13
"2021-09-24 12:35:00",84629,13.52,31.51,752.4,25.62,20.27
"2021-09-24 12:40:00",84630,13.52,31.67,752.3,26.17,19.26
"2021-09-24 12:45:00",84631,13.53,31.8,752.2,25.15,20.31
"2021-09-24 12:50:00",84632,13.5,31.75,752.2,24.66,20.63
"2021-09-24 12:55:00",84633,13.5,31.6,752.1,25.25,20.39
"2021-09-24 13:00:00",84634,13.5,31.49,751.9,25.18,20.31
"2021-09-24 13:05:00",84635,13.5,31.47,751.8,26.25,18.84
"2021-09-24 13:10:00",84636,13.5,31.55,751.7,25.93,20.08
"2021-09-24 13:15:00",84637,13.5,31.66,751.6,25.67,20.97
"2021-09-24 13:20:00",84638,13.5,31.68,751.5,25.85,21.39
"2021-09-24 13:25:00",84639,13.5,31.72,751.5,26.02,21.13
"2021-09-24 13:30:00",84640,13.5,31.76,751.4,26.33,22.19
"2021-09-24 13:35:00",84641,13.5,31.76,751.3,25.56,22.24
"2021-09-24 13:40:00",84642,13.5,31.67,751.2,25.72,23.05
"2021-09-24 13:45:00",84643,13.5,31.59,751,26.14,22.66
"2021-09-24 13:50:00",84644,13.5,31.62,750.9,26.34,22.19
"2021-09-24 13:55:00",84645,13.5,31.68,750.8,26.05,23.34
"2021-09-24 14:00:00",84646,13.5,31.72,750.8,26.93,21.88
"2021-09-24 14:05:00",84647,13.5,31.83,750.7,26.39,22.33
"2021-09-24 14:10:00",84648,13.5,31.98,750.7,26.74,22.14
"2021-09-24 14:15:00",84649,13.5,32.18,750.4,26.47,25.1
"2021-09-24 14:20:00",84650,13.5,32.23,750.5,26.62,24.83
"2021-09-24 14:25:00",84651,13.5,32.13,750.5,25.88,26.43
"2021-09-24 14:30:00",84652,13.5,31.94,750.4,25.63,26.82
"2021-09-24 14:35:00",84653,13.5,31.73,750.2,25.63,26.95
"2021-09-24 14:40:00",84654,13.5,31.5,750.2,25.54,26.16
"2021-09-24 14:45:00",84655,13.5,31.3,750.2,25.24,26.58
"2021-09-24 14:50:00",84656,13.5,31.19,750.1,25.44,26.19
"2021-09-24 14:55:00",84657,13.5,31.13,750.1,25.94,23.68
"2021-09-24 15:00:00",84658,13.5,31.12,750.1,26.32,24.53
"2021-09-24 15:05:00",84659,13.5,31.21,750,25.69,25.14
"2021-09-24 15:10:00",84660,13.5,31.19,750.1,25.63,26.54
"2021-09-24 15:15:00",84661,13.5,31.09,750,25.29,27.2
"2021-09-24 15:20:00",84662,13.5,30.86,750,25.28,27.47
"2021-09-24 15:25:00",84663,13.5,30.58,750,24.95,28.6
"2021-09-24 15:30:00",84664,13.5,30.29,749.8,24.99,28.54
"2021-09-24 15:35:00",84665,13.5,29.98,749.9,24.33,30.21
"2021-09-24 15:40:00",84666,13.5,29.69,749.8,24.5,29.78
"2021-09-24 15:45:00",84667,13.5,29.42,749.9,24.03,30.99
"2021-09-24 15:50:00",84668,13.5,29.16,750,24.18,30.4
"2021-09-24 15:55:00",84669,13.5,28.94,749.9,23.97,31.69
"2021-09-24 16:00:00",84670,13.5,28.82,749.9,24.02,31.33
"2021-09-24 16:05:00",84671,13.5,28.77,750,24.08,30.19
"2021-09-24 16:10:00",84672,13.5,28.67,750.7,23.59,31.12
"2021-09-24 16:15:00",84673,13.5,28.46,750.7,21.43,33.8
"2021-09-24 16:20:00",84674,13.53,28.09,750.6,21.63,35.04
"2021-09-24 16:25:00",84675,13.53,27.73,750.5,21.22,36.35
"2021-09-24 16:30:00",84676,13.53,27.43,750.6,21.83,34.79
"2021-09-24 16:35:00",84677,13.53,27.19,750.6,21.78,34.92
"2021-09-24 16:40:00",84678,13.55,26.98,750.7,21.49,35.59
"2021-09-24 16:45:00",84679,13.55,26.72,750.7,20.56,38.12
"2021-09-24 16:50:00",84680,13.55,26.36,750.8,20.34,41.34
"2021-09-24 16:55:00",84681,13.58,25.96,750.8,20.27,41.82
"2021-09-24 17:00:00",84682,13.58,25.64,750.8,20.52,42.58
"2021-09-24 17:05:00",84683,13.58,25.42,750.8,21.17,40
"2021-09-24 17:10:00",84684,13.58,25.34,750.8,22.15,36.24
"2021-09-24 17:15:00",84685,13.58,25.4,750.9,21.54,38.74
"2021-09-24 17:20:00",84686,13.58,25.46,750.8,21.75,38.04
"2021-09-24 17:25:00",84687,13.57,25.6,750.8,21.85,37.59
"2021-09-24 17:30:00",84688,13.58,25.58,750.9,21.97,36.88
"2021-09-24 17:35:00",84689,13.62,25.22,750.9,22.21,35.42
"2021-09-24 17:40:00",84690,13.54,24.84,750.9,22.15,35.06
"2021-09-24 17:45:00",84691,13.31,24.73,751,22,36
"2021-09-24 17:50:00",84692,13.26,24.64,751,21.96,35.1
"2021-09-24 17:55:00",84693,13.19,24.5,751.1,21.92,35
"2021-09-24 18:00:00",84694,13.12,24.37,751.1,21.85,35.55
"2021-09-24 18:05:00",84695,13.07,24.25,751.2,21.58,36.32
"2021-09-24 18:10:00",84696,13.03,24.09,751.2,21.36,39.24
"2021-09-24 18:15:00",84697,12.99,23.9,751.3,20.4,44.69
"2021-09-24 18:20:00",84698,12.98,23.6,751.3,19.32,47.67
"2021-09-24 18:25:00",84699,12.97,23.21,751.3,19.03,48.45
"2021-09-24 18:30:00",84700,12.96,22.75,751.4,19.07,47.98
"2021-09-24 18:35:00",84701,12.96,22.34,751.4,18.82,49.11
"2021-09-24 18:40:00",84702,12.96,21.97,751.5,18.58,49.96
"2021-09-24 18:45:00",84703,12.95,21.62,751.6,18.49,49.04
"2021-09-24 18:50:00",84704,12.95,21.31,751.7,18.4,49.62
"2021-09-24 18:55:00",84705,12.95,21.03,751.8,18.17,50.06
"2021-09-24 19:00:00",84706,12.94,20.78,751.9,18.2,48.59
"2021-09-24 19:05:00",84707,12.94,20.58,752,18.54,45.99
"2021-09-24 19:10:00",84708,12.94,20.47,752.1,18.82,44.5
"2021-09-24 19:15:00",84709,12.93,20.4,752.3,19.06,43.51
"2021-09-24 19:20:00",84710,12.93,20.4,752.4,19.07,43.67
"2021-09-24 19:25:00",84711,12.93,20.41,752.5,19.1,43.57
"2021-09-24 19:30:00",84712,12.93,20.44,752.6,19.06,43.51
"2021-09-24 19:35:00",84713,12.93,20.49,752.8,19.17,43.33
"2021-09-24 19:40:00",84714,12.92,20.54,752.9,19.13,45.23
"2021-09-24 19:45:00",84715,12.92,20.57,753,19.08,45.32
"2021-09-24 19:50:00",84716,12.92,20.57,753.1,19.16,43.45
"2021-09-24 19:55:00",84717,12.92,20.57,753.1,19.05,44.08
"2021-09-24 20:00:00",84718,12.92,20.56,753.1,19.04,44.27
"2021-09-24 20:05:00",84719,12.91,20.51,753.2,18.82,44.88
"2021-09-24 20:10:00",84720,12.91,20.43,753.2,18.63,45.78
"2021-09-24 20:15:00",84721,12.91,20.31,753.2,18.53,46.14
"2021-09-24 20:20:00",84722,12.91,20.17,753.3,18.41,46.92
"2021-09-24 20:25:00",84723,12.91,19.96,753.3,18.27,47.72
"2021-09-24 20:30:00",84724,12.91,19.7,753.4,18.23,48.41
"2021-09-24 20:35:00",84725,12.91,19.53,753.5,18.05,49.26
"2021-09-24 20:40:00",84726,12.9,19.39,753.4,17.98,49.72
"2021-09-24 20:45:00",84727,12.9,19.24,753.5,17.75,50.97
"2021-09-24 20:50:00",84728,12.9,19.1,753.5,17.59,51.56
"2021-09-24 20:55:00",84729,12.9,18.97,753.6,17.61,51.26
"2021-09-24 21:00:00",84730,12.9,18.86,753.8,17.82,50.35
"2021-09-24 21:05:00",84731,12.89,18.8,753.9,17.91,50.52
"2021-09-24 21:10:00",84732,12.89,18.77,753.9,18.02,50.16
"2021-09-24 21:15:00",84733,12.89,18.76,753.9,18.01,50.26
"2021-09-24 21:20:00",84734,12.89,18.77,754,17.78,51.47
"2021-09-24 21:25:00",84735,12.89,18.75,754,17.42,53
"2021-09-24 21:30:00",84736,12.89,18.71,754,17.25,53.65
"2021-09-24 21:35:00",84737,12.88,18.63,754.1,17.33,53.51
"2021-09-24 21:40:00",84738,12.88,18.54,754,17.3,53.75
"2021-09-24 21:45:00",84739,12.88,18.46,754,17.41,53.05
"2021-09-24 21:50:00",84740,12.88,18.39,754,17.65,51.88
"2021-09-24 21:55:00",84741,12.88,18.38,754,17.71,50.46
"2021-09-24 22:00:00",84742,12.88,18.36,754.1,17.58,50.85
"2021-09-24 22:05:00",84743,12.88,18.31,754.2,17.51,51
"2021-09-24 22:10:00",84744,12.87,18.26,754.1,17.53,51.96
"2021-09-24 22:15:00",84745,12.87,18.21,754.1,17.21,53.24
"2021-09-24 22:20:00",84746,12.87,18.14,754.1,16.88,54.79
"2021-09-24 22:25:00",84747,12.87,18.04,754.1,16.42,56.83
"2021-09-24 22:30:00",84748,12.86,17.9,754.2,16.24,57.07
"2021-09-24 22:35:00",84749,12.86,17.76,754.2,16.22,57.22
"2021-09-24 22:40:00",84750,12.86,17.65,754.2,16.32,56.78
"2021-09-24 22:45:00",84751,12.86,17.54,754.2,15.94,58.17
"2021-09-24 22:50:00",84752,12.85,17.42,754.1,15.98,58.06
"2021-09-24 22:55:00",84753,12.85,17.29,754.1,16.1,57.78
"2021-09-24 23:00:00",84754,12.85,17.19,754.1,15.94,58.2
"2021-09-24 23:05:00",84755,12.84,17.1,754.2,16.16,57.18
"2021-09-24 23:10:00",84756,12.84,17.04,754.1,16.14,57.12
"2021-09-24 23:15:00",84757,12.84,16.97,754.1,16.38,56.09
"2021-09-24 23:20:00",84758,12.84,16.93,754,16.56,55.32
"2021-09-24 23:25:00",84759,12.84,16.92,753.9,16.75,54.34
"2021-09-24 23:30:00",84760,12.84,16.93,754,16.79,54.04
"2021-09-24 23:35:00",84761,12.84,16.89,753.9,16.73,54.43
"2021-09-24 23:40:00",84762,12.84,16.86,753.9,16.24,56.04
"2021-09-24 23:45:00",84763,12.84,16.75,753.9,15.94,57.21
"2021-09-24 23:50:00",84764,12.83,16.64,754,15.94,57.36
"2021-09-24 23:55:00",84765,12.83,16.54,754,16.27,54.85
"2021-09-25 00:00:00",84766,12.83,16.51,754,16.23,55.12
"2021-09-25 00:05:00",84767,12.83,16.49,754,15.82,56.79
"2021-09-25 00:10:00",84768,12.83,16.45,754,15.44,58.33
"2021-09-25 00:15:00",84769,12.83,16.38,754,15.36,58.92
"2021-09-25 00:20:00",84770,12.83,16.29,754.1,15.23,59.62
"2021-09-25 00:25:00",84771,12.82,16.21,754.1,15.02,60.49
"2021-09-25 00:30:00",84772,12.82,16.1,754.1,14.98,60.78
"2021-09-25 00:35:00",84773,12.82,15.99,754.1,14.92,61.12
"2021-09-25 00:40:00",84774,12.82,15.89,754.1,15.08,60.49
"2021-09-25 00:45:00",84775,12.82,15.81,754.2,15.12,60.26
"2021-09-25 00:50:00",84776,12.82,15.76,754.3,15.54,58.44
"2021-09-25 00:55:00",84777,12.82,15.75,754.3,15.42,58.81
"2021-09-25 01:00:00",84778,12.81,15.74,754.3,15.44,58.79
"2021-09-25 01:05:00",84779,12.82,15.71,754.3,14.61,63.44
"2021-09-25 01:10:00",84780,12.82,15.65,754.3,14.48,64.01
"2021-09-25 01:15:00",84781,12.81,15.57,754.3,14.56,63.29
"2021-09-25 01:20:00",84782,12.81,15.5,754.3,14.52,63.4
"2021-09-25 01:25:00",84783,12.81,15.43,754.3,14.47,63.45
"2021-09-25 01:30:00",84784,12.81,15.37,754.3,14.4,63.52
"2021-09-25 01:35:00",84785,12.81,15.32,754.3,14.47,62.62
"2021-09-25 01:40:00",84786,12.81,15.28,754.2,15.12,59.82
"2021-09-25 01:45:00",84787,12.81,15.29,754.2,15.21,59.74
"2021-09-25 01:50:00",84788,12.81,15.3,754.2,15.14,60.18
"2021-09-25 01:55:00",84789,12.81,15.32,754.2,15.12,60.26
"2021-09-25 02:00:00",84790,12.81,15.34,754.2,15.09,60.23
"2021-09-25 02:05:00",84791,12.81,15.34,754.2,15.04,60.52
"2021-09-25 02:10:00",84792,12.81,15.34,754.2,14.88,60.82
"2021-09-25 02:15:00",84793,12.81,15.34,754.1,14.86,61.11
"2021-09-25 02:20:00",84794,12.8,15.33,754.1,14.46,62.44
"2021-09-25 02:25:00",84795,12.8,15.28,754,14.01,63.37
"2021-09-25 02:30:00",84796,12.8,15.23,754,13.72,64.46
"2021-09-25 02:35:00",84797,12.79,15.15,753.9,13.63,64.47
"2021-09-25 02:40:00",84798,12.79,15.04,753.9,13.5,64.95
"2021-09-25 02:45:00",84799,12.79,14.82,753.9,13.54,65.02
"2021-09-25 02:50:00",84800,12.79,14.68,753.9,13.85,63.9
"2021-09-25 02:55:00",84801,12.79,14.58,753.9,13.89,63.52
"2021-09-25 03:00:00",84802,12.79,14.51,754,13.44,66.48
"2021-09-25 03:05:00",84803,12.78,14.44,753.9,13.25,67.52
"2021-09-25 03:10:00",84804,12.78,14.34,754,13.25,67.49
"2021-09-25 03:15:00",84805,12.78,14.26,753.9,13.07,68.29
"2021-09-25 03:20:00",84806,12.78,14.17,753.8,13.2,67.54
"2021-09-25 03:25:00",84807,12.77,14.09,753.8,13.48,66.52
"2021-09-25 03:30:00",84808,12.77,14.01,753.8,13.43,66.65
"2021-09-25 03:35:00",84809,12.77,13.95,753.8,13.34,66.9
"2021-09-25 03:40:00",84810,12.77,13.87,753.8,13.27,67.49
"2021-09-25 03:45:00",84811,12.76,13.8,753.8,13.08,68.93
"2021-09-25 03:50:00",84812,12.76,13.71,753.8,13.04,67.8
"2021-09-25 03:55:00",84813,12.76,13.66,753.7,12.79,66.68
"2021-09-25 04:00:00",84814,12.76,13.6,753.7,12.66,67.21
"2021-09-25 04:05:00",84815,12.75,13.55,753.6,12.69,67.16
"2021-09-25 04:10:00",84816,12.75,13.47,753.6,12.64,67.72
"2021-09-25 04:15:00",84817,12.75,13.41,753.5,12.8,68.59
"2021-09-25 04:20:00",84818,12.74,13.37,753.5,12.94,68.5
"2021-09-25 04:25:00",84819,12.74,13.36,753.5,12.62,70.95
"2021-09-25 04:30:00",84820,12.74,13.36,753.5,12.53,71.53
"2021-09-25 04:35:00",84821,12.73,13.35,753.4,12.46,71.86
"2021-09-25 04:40:00",84822,12.73,13.34,753.5,12.48,72.09
"2021-09-25 04:45:00",84823,12.73,13.34,753.5,12.58,71.74
"2021-09-25 04:50:00",84824,12.73,13.33,753.6,12.57,71.85
"2021-09-25 04:55:00",84825,12.72,13.31,753.6,12.4,72.58
"2021-09-25 05:00:00",84826,12.72,13.28,753.7,12.62,71.41
"2021-09-25 05:05:00",84827,12.72,13.25,753.8,12.6,71.21
"2021-09-25 05:10:00",84828,12.71,13.2,753.9,12.71,70.88
"2021-09-25 05:15:00",84829,12.71,13.17,753.9,12.48,72.06
"2021-09-25 05:20:00",84830,12.71,13.12,754,12.26,73.18
"2021-09-25 05:25:00",84831,12.7,13.07,753.9,12.3,73.24
"2021-09-25 05:30:00",84832,12.7,12.99,753.9,12.02,72.9
"2021-09-25 05:35:00",84833,12.69,12.92,754,11.9,72.46
"2021-09-25 05:40:00",84834,12.69,12.84,754,12.26,70.94
"2021-09-25 05:45:00",84835,12.69,12.79,754.1,12.12,71.31
"2021-09-25 05:50:00",84836,12.68,12.74,754.2,11.97,72.38
"2021-09-25 05:55:00",84837,12.68,12.65,754.2,11.88,73.04
"2021-09-25 06:00:00",84838,12.67,12.58,754.3,11.88,73.15
"2021-09-25 06:05:00",84839,12.67,12.56,754.3,12.12,71.93
"2021-09-25 06:10:00",84840,12.67,12.6,754.3,12.15,71.94
"2021-09-25 06:15:00",84841,12.67,12.64,754.4,12.14,71.77
"2021-09-25 06:20:00",84842,12.69,12.67,754.5,12.14,71.8
"2021-09-25 06:25:00",84843,12.73,12.74,754.6,12.39,70.85
"2021-09-25 06:30:00",84844,12.79,12.84,754.6,12.66,69.91
"2021-09-25 06:35:00",84845,12.9,13.02,754.7,12.64,69.67
"2021-09-25 06:40:00",84846,13.06,13.23,754.8,12.72,68.75
"2021-09-25 06:45:00",84847,13.25,13.48,754.8,12.97,68.3
"2021-09-25 06:50:00",84848,13.43,13.76,754.9,13.08,67.66
"2021-09-25 06:55:00",84849,13.58,14.1,755,13.24,67.23
"2021-09-25 07:00:00",84850,13.69,14.51,755,13.28,67.15
"2021-09-25 07:05:00",84851,13.77,14.94,755.1,13.37,67.11
"2021-09-25 07:10:00",84852,13.84,15.41,755.1,13.73,65.93
"2021-09-25 07:15:00",84853,13.93,15.92,755.2,14.29,64.03
"2021-09-25 07:20:00",84854,13.85,17.26,755.2,15.28,60.98
"2021-09-25 07:25:00",84855,13.79,18.28,755.3,15.69,58.49
"2021-09-25 07:30:00",84856,13.79,19.04,755.3,16.19,56.67
"2021-09-25 07:35:00",84857,13.76,19.72,755.3,16.75,55.2
"2021-09-25 07:40:00",84858,13.76,20.38,755.3,18.35,49.49
"2021-09-25 07:45:00",84859,13.73,21.05,755.3,17.97,54.37
"2021-09-25 07:50:00",84860,13.7,21.64,755.4,18.04,53.76
"2021-09-25 07:55:00",84861,13.7,22.17,755.4,18.03,53.02
"2021-09-25 08:00:00",84862,13.7,22.67,755.5,17.91,53.31
"2021-09-25 08:05:00",84863,13.68,23.11,755.6,18.06,52.9
"2021-09-25 08:10:00",84864,13.68,23.52,755.6,18.27,53.7
"2021-09-25 08:15:00",84865,13.68,23.92,755.5,18.32,52.85
"2021-09-25 08:20:00",84866,13.65,24.29,755.6,18.79,50.36
"2021-09-25 08:25:00",84867,13.65,24.66,755.6,19.08,48.71
"2021-09-25 08:30:00",84868,13.65,25.08,755.6,18.82,48.42
"2021-09-25 08:35:00",84869,13.63,25.44,755.6,19.26,48.35
"2021-09-25 08:40:00",84870,13.63,25.79,755.6,19.59,46.18
"2021-09-25 08:45:00",84871,13.63,26.2,755.6,19.52,47.25
"2021-09-25 08:50:00",84872,13.63,26.58,755.5,19.6,47.35
"2021-09-25 08:55:00",84873,13.6,26.87,755.5,19.03,49.36
"2021-09-25 09:00:00",84874,13.6,27.04,755.5,19.85,46.53
"2021-09-25 09:05:00",84875,13.6,27.3,755.5,19.58,46.72
"2021-09-25 09:10:00",84876,13.6,27.55,755.4,20.22,46.45
"2021-09-25 09:15:00",84877,13.58,27.82,755.4,20.21,46.54
"2021-09-25 09:20:00",84878,13.58,28.06,755.3,20.28,45.31
"2021-09-25 09:25:00",84879,13.58,28.33,755.3,20.04,43.88
"2021-09-25 09:30:00",84880,13.58,28.56,755.3,19.98,44.7
"2021-09-25 09:35:00",84881,13.58,28.76,755.2,20.38,44.94
"2021-09-25 09:40:00",84882,13.55,28.9,755.2,20.21,44.66
"2021-09-25 09:45:00",84883,13.56,29,755.1,20.64,43.79
"2021-09-25 09:50:00",84884,13.56,29.15,755,20.5,43.16
"2021-09-25 09:55:00",84885,13.55,29.33,754.9,21.13,42.39
"2021-09-25 10:00:00",84886,13.56,29.56,754.9,21.33,41.45
"2021-09-25 10:05:00",84887,13.56,29.81,754.8,21.31,41.61
"2021-09-25 10:10:00",84888,13.56,30.06,754.7,21,41.7
"2021-09-25 10:15:00",84889,13.53,30.24,754.7,21.71,40.19
"2021-09-25 10:20:00",84890,13.53,30.46,754.6,22.06,40.33
"2021-09-25 10:25:00",84891,13.53,30.69,754.5,22.32,38.23
"2021-09-25 10:30:00",84892,13.53,30.95,754.5,22.12,38.18
"2021-09-25 10:35:00",84893,13.54,31.2,754.4,22.92,36.98
"2021-09-25 10:40:00",84894,13.51,31.44,754.3,22.55,37.54
"2021-09-25 10:45:00",84895,13.51,31.63,754.3,22.57,38.26
"2021-09-25 10:50:00",84896,13.52,31.76,754.2,22.26,38.75
"2021-09-25 10:55:00",84897,13.51,31.83,754.2,23.3,36.85
"2021-09-25 11:00:00",84898,13.51,31.92,754.1,22.92,35.39
"2021-09-25 11:05:00",84899,13.52,32.01,754.1,23.43,34.65
"2021-09-25 11:10:00",84900,13.49,32.16,754,24.47,33.01
"2021-09-25 11:15:00",84901,13.49,32.38,754,23.17,33.69
"2021-09-25 11:20:00",84902,13.49,32.48,753.8,23.58,32.49
"2021-09-25 11:25:00",84903,13.49,32.6,753.7,23.96,31.69
"2021-09-25 11:30:00",84904,13.49,32.74,753.6,25.01,29.83
"2021-09-25 11:35:00",84905,13.49,32.94,753.5,24.28,22.81
"2021-09-25 11:40:00",84906,13.49,33.04,753.4,24.79,25.25
"2021-09-25 11:45:00",84907,13.49,33.17,753.3,25.69,24.11
"2021-09-25 11:50:00",84908,13.49,33.33,753.2,25.29,19.69
"2021-09-25 11:55:00",84909,13.47,33.44,753.1,26.14,16.38
"2021-09-25 12:00:00",84910,13.47,33.53,753.1,25.88,19.17
"2021-09-25 12:05:00",84911,13.47,33.59,752.9,25.04,16.33
"2021-09-25 12:10:00",84912,13.47,33.45,752.9,24.79,11.45
"2021-09-25 12:15:00",84913,13.47,33.33,752.7,26.48,11.23
"2021-09-25 12:20:00",84914,13.47,33.31,752.7,25.89,11.49
"2021-09-25 12:25:00",84915,13.47,33.3,752.5,26.35,13.78
"2021-09-25 12:30:00",84916,13.47,33.32,752.4,26.72,14.19
"2021-09-25 12:35:00",84917,13.48,33.41,752.3,26.72,12.49
"2021-09-25 12:40:00",84918,13.47,33.46,752.3,26.81,12.31
"2021-09-25 12:45:00",84919,13.47,33.51,752.2,26.86,10.1
"2021-09-25 12:50:00",84920,13.48,33.55,752,27.45,6.813
"2021-09-25 12:55:00",84921,13.48,33.6,751.9,27,9.89
"2021-09-25 13:00:00",84922,13.48,33.57,751.8,26.74,10.31
"2021-09-25 13:05:00",84923,13.48,33.47,751.7,26.63,9.95
"2021-09-25 13:10:00",84924,13.48,33.39,751.6,27.49,10.27
"2021-09-25 13:15:00",84925,13.48,33.42,751.5,26.87,8.74
"2021-09-25 13:20:00",84926,13.48,33.43,751.4,27.84,7.908
"2021-09-25 13:25:00",84927,13.48,33.47,751.3,28.11,9.28
"2021-09-25 13:30:00",84928,13.48,33.53,751.2,27.38,9.4
"2021-09-25 13:35:00",84929,13.48,33.6,751.1,27.99,10.57
"2021-09-25 13:40:00",84930,13.48,33.65,750.9,27.35,11.41
"2021-09-25 13:45:00",84931,13.48,33.72,750.9,28.4,10.73
"2021-09-25 13:50:00",84932,13.48,33.86,750.7,28.61,10.45
"2021-09-25 13:55:00",84933,13.48,33.97,750.7,27.21,11.69
"2021-09-25 14:00:00",84934,13.48,33.95,750.7,27.57,12.2
"2021-09-25 14:05:00",84935,13.48,33.91,750.6,27.5,13.34
"2021-09-25 14:10:00",84936,13.48,33.96,750.5,28.25,12.09
"2021-09-25 14:15:00",84937,13.45,34.14,750.4,28.51,11.42
"2021-09-25 14:20:00",84938,13.45,34.37,750.3,28.11,13.01
"2021-09-25 14:25:00",84939,13.45,34.56,750.1,28.01,14.35
"2021-09-25 14:30:00",84940,13.45,34.51,750.1,26.18,16.67
"2021-09-25 14:35:00",84941,13.45,34.14,750.1,26.01,17.39
"2021-09-25 14:40:00",84942,13.45,33.62,750.1,26.1,16.73
"2021-09-25 14:45:00",84943,13.45,33.11,750.1,25.88,16.58
"2021-09-25 14:50:00",84944,13.45,32.6,750.2,25.79,17.14
"2021-09-25 14:55:00",84945,13.45,32.14,750.3,25.18,23.42
"2021-09-25 15:00:00",84946,13.45,31.62,750.1,23.67,27.52
"2021-09-25 15:05:00",84947,13.45,31,750.1,23.52,27.88
"2021-09-25 15:10:00",84948,13.47,30.41,750,23.77,26.27
"2021-09-25 15:15:00",84949,13.47,29.91,749.8,24.57,20
"2021-09-25 15:20:00",84950,13.5,29.73,749.7,26.13,17.29
"2021-09-25 15:25:00",84951,13.5,29.82,749.6,24.48,24.78
"2021-09-25 15:30:00",84952,13.5,29.87,749.5,25.13,22.87
"2021-09-25 15:35:00",84953,13.5,29.93,749.5,25.54,21.1
"2021-09-25 15:40:00",84954,13.5,30.06,749.4,25.36,22.16
"2021-09-25 15:45:00",84955,13.5,30.19,749.4,25.15,21.63
"2021-09-25 15:50:00",84956,13.5,30.31,749.3,25.81,20.42
"2021-09-25 15:55:00",84957,13.5,30.49,749.2,26,20.43
"2021-09-25 16:00:00",84958,13.5,30.72,749.2,27.16,19.1
"2021-09-25 16:05:00",84959,13.5,31.01,749,26.3,23.78
"2021-09-25 16:10:00",84960,13.5,31.17,749.1,25.97,24.44
"2021-09-25 16:15:00",84961,13.5,31.23,749.1,25.94,24.03
"2021-09-25 16:20:00",84962,13.5,31.2,749.1,25.84,23.4
"2021-09-25 16:25:00",84963,13.5,31.12,749.1,25.7,22.91
"2021-09-25 16:30:00",84964,13.5,30.98,749.1,25.72,22.91
"2021-09-25 16:35:00",84965,13.5,30.86,749.1,25.89,21.33
"2021-09-25 16:40:00",84966,13.5,30.78,749.1,26.1,21.69
"2021-09-25 16:45:00",84967,13.5,30.82,749.1,26.06,21.62
"2021-09-25 16:50:00",84968,13.5,30.92,749,26.41,21.46
"2021-09-25 16:55:00",84969,13.5,31,749,26.17,21.28
"2021-09-25 17:00:00",84970,13.5,30.97,749,25.69,21.66
"2021-09-25 17:05:00",84971,13.5,30.87,749,25.79,21.88
"2021-09-25 17:10:00",84972,13.5,30.83,749,25.84,21.53
"2021-09-25 17:15:00",84973,13.5,30.81,749,26.3,21.42
"2021-09-25 17:20:00",84974,13.33,30.28,749,25.99,21.4
"2021-09-25 17:25:00",84975,13.22,29.84,749.1,25.47,21.86
"2021-09-25 17:30:00",84976,13.16,29.42,749.2,25.13,23.59
"2021-09-25 17:35:00",84977,13.12,28.97,749.3,24.5,26.19
"2021-09-25 17:40:00",84978,13.08,28.45,749.2,24.18,27.12
"2021-09-25 17:45:00",84979,13.06,27.94,749.3,24.05,27.48
"2021-09-25 17:50:00",84980,13.06,27.49,749.4,24.14,27.52
"2021-09-25 17:55:00",84981,13.05,27.18,749.4,24.08,27.38
"2021-09-25 18:00:00",84982,13.03,26.94,749.4,24.03,27.61
"2021-09-25 18:05:00",84983,13.01,26.74,749.5,23.98,27.17
"2021-09-25 18:10:00",84984,12.99,26.53,749.5,23.64,27.35
"2021-09-25 18:15:00",84985,12.98,26.28,749.5,23.66,27.01
"2021-09-25 18:20:00",84986,12.97,25.9,749.6,23.47,27.33
"2021-09-25 18:25:00",84987,12.96,25.61,749.6,23.39,27.33
"2021-09-25 18:30:00",84988,12.96,25.33,749.7,23.33,27.32
"2021-09-25 18:35:00",84989,12.96,25.2,749.7,23.29,27.52
"2021-09-25 18:40:00",84990,12.95,24.86,749.8,23.17,27.65
"2021-09-25 18:45:00",84991,12.95,24.67,749.8,23.12,27.85
"2021-09-25 18:50:00",84992,12.95,24.5,750,22.96,28.24
"2021-09-25 18:55:00",84993,12.94,24.39,750.1,22.9,28.71
"2021-09-25 19:00:00",84994,12.94,24.27,750.2,22.83,29.18
"2021-09-25 19:05:00",84995,12.94,24.2,750.3,22.83,29.58
"2021-09-25 19:10:00",84996,12.94,24.09,750.3,22.66,31.04
"2021-09-25 19:15:00",84997,12.94,24.03,750.3,22.79,30.32
"2021-09-25 19:20:00",84998,12.93,23.96,750.4,22.66,31.28
"2021-09-25 19:25:00",84999,12.93,23.89,750.4,22.72,30.65
"2021-09-25 19:30:00",85000,12.93,23.8,750.4,22.63,31.17
"2021-09-25 19:35:00",85001,12.93,23.7,750.4,22.41,31.22
"2021-09-25 19:40:00",85002,12.93,23.59,750.4,22.27,31.94
"2021-09-25 19:45:00",85003,12.92,23.46,750.4,22.22,32.07
"2021-09-25 19:50:00",85004,12.92,23.32,750.5,22.27,31.98
"2021-09-25 19:55:00",85005,12.92,23.18,750.7,21.14,35.95
"2021-09-25 20:00:00",85006,12.92,23.01,750.7,20.72,37.02
"2021-09-25 20:05:00",85007,12.92,22.78,750.8,20.51,37.92
"2021-09-25 20:10:00",85008,12.91,22.57,750.9,20.47,38.63
"2021-09-25 20:15:00",85009,12.91,22.38,750.9,20.44,38.98
"2021-09-25 20:20:00",85010,12.91,22.2,751,20.4,39.14
"2021-09-25 20:25:00",85011,12.91,22.04,751.1,20.47,38.27
"2021-09-25 20:30:00",85012,12.91,21.91,751.2,20.32,39.2
"2021-09-25 20:35:00",85013,12.9,21.8,751.3,19.94,40.65
"2021-09-25 20:40:00",85014,12.9,21.63,751.4,19.79,41.15
"2021-09-25 20:45:00",85015,12.9,21.5,751.5,19.9,40
"2021-09-25 20:50:00",85016,12.9,21.38,751.5,20.02,39.82
"2021-09-25 20:55:00",85017,12.9,21.27,751.6,19.98,39.88
"2021-09-25 21:00:00",85018,12.89,21.18,751.6,19.78,40.5
"2021-09-25 21:05:00",85019,12.89,20.99,751.7,20.07,38.26
"2021-09-25 21:10:00",85020,12.89,20.89,751.7,20.33,37.51
"2021-09-25 21:15:00",85021,12.9,20.65,751.7,20.1,39.56
"2021-09-25 21:20:00",85022,12.89,20.45,751.7,19.88,41.13
"2021-09-25 21:25:00",85023,12.89,20.34,751.7,19.82,41.8
"2021-09-25 21:30:00",85024,12.89,20.26,751.8,19.92,41.49
"2021-09-25 21:35:00",85025,12.89,20.21,751.8,19.9,41.23
"2021-09-25 21:40:00",85026,12.89,20.16,751.8,19.94,41.13
"2021-09-25 21:45:00",85027,12.89,20.09,751.8,19.79,41.57
"2021-09-25 21:50:00",85028,12.89,20.02,751.8,19.62,42.19
"2021-09-25 21:55:00",85029,12.88,19.94,751.8,19.11,43.99
"2021-09-25 22:00:00",85030,12.88,19.84,751.8,18.93,44.51
"2021-09-25 22:05:00",85031,12.88,19.71,751.9,18.97,44.26
"2021-09-25 22:10:00",85032,12.88,19.59,751.9,18.74,45.06
"2021-09-25 22:15:00",85033,12.88,19.5,751.8,18.74,45
"2021-09-25 22:20:00",85034,12.88,19.38,751.9,18.62,45.36
"2021-09-25 22:25:00",85035,12.87,19.26,752,18.27,46.59
"2021-09-25 22:30:00",85036,12.87,19.14,752,18.15,46.76
"2021-09-25 22:35:00",85037,12.87,18.99,752,18.37,46.09
"2021-09-25 22:40:00",85038,12.87,18.87,752,18.19,46.83
"2021-09-25 22:45:00",85039,12.87,18.71,752,17.77,48.41
"2021-09-25 22:50:00",85040,12.87,18.55,752.1,17.58,48.89
"2021-09-25 22:55:00",85041,12.87,18.38,752.1,17.34,49.6
"2021-09-25 23:00:00",85042,12.86,18.22,752.2,18,46.65
"2021-09-25 23:05:00",85043,12.86,18.12,752.1,17.75,48.13
"2021-09-25 23:10:00",85044,12.86,18.01,752.2,17.45,48.71
"2021-09-25 23:15:00",85045,12.86,17.88,752.2,17.44,49.43
"2021-09-25 23:20:00",85046,12.86,17.77,752.2,17.32,49.85
"2021-09-25 23:25:00",85047,12.86,17.64,752.2,17.1,50.2
"2021-09-25 23:30:00",85048,12.86,17.53,752.2,17.36,49.67
"2021-09-25 23:35:00",85049,12.86,17.46,752.1,17.36,49.26
"2021-09-25 23:40:00",85050,12.85,17.38,752.1,17.29,49.41
"2021-09-25 23:45:00",85051,12.85,17.31,752.1,17.43,48.46
"2021-09-25 23:50:00",85052,12.85,17.27,752.1,17.22,48.71
"2021-09-25 23:55:00",85053,12.85,17.21,752.1,16.95,49.08
"2021-09-26 00:00:00",85054,12.85,17.13,752.1,16.69,48.71
"2021-09-26 00:05:00",85055,12.85,17.06,752,16.56,49
"2021-09-26 00:10:00",85056,12.84,16.98,751.9,16.59,48.38
"2021-09-26 00:15:00",85057,12.84,16.89,751.9,16.43,48.92
"2021-09-26 00:20:00",85058,12.84,16.81,751.9,16.25,49.46
"2021-09-26 00:25:00",85059,12.84,16.71,751.9,16.16,49.76
"2021-09-26 00:30:00",85060,12.84,16.6,751.8,16.07,49.87
"2021-09-26 00:35:00",85061,12.84,16.46,751.8,15.9,53.42
"2021-09-26 00:40:00",85062,12.84,16.31,751.7,15.57,56.21
"2021-09-26 00:45:00",85063,12.84,16.17,751.7,15.44,57.58
"2021-09-26 00:50:00",85064,12.83,16.05,751.7,15.19,58.24
"2021-09-26 00:55:00",85065,12.83,15.89,751.6,14.5,61.47
"2021-09-26 01:00:00",85066,12.83,15.73,751.6,14.39,60.06
"2021-09-26 01:05:00",85067,12.83,15.58,751.5,14.88,57.71
"2021-09-26 01:10:00",85068,12.83,15.45,751.5,15.14,57.2
"2021-09-26 01:15:00",85069,12.82,15.34,751.5,15.15,57.35
"2021-09-26 01:20:00",85070,12.82,15.23,751.4,15,57.88
"2021-09-26 01:25:00",85071,12.82,15.16,751.3,15.06,57.97
"2021-09-26 01:30:00",85072,12.82,15.08,751.4,15.24,57.43
"2021-09-26 01:35:00",85073,12.82,15.01,751.4,15,58.84
"2021-09-26 01:40:00",85074,12.82,14.96,751.3,14.8,58.36
"2021-09-26 01:45:00",85075,12.82,14.88,751.3,14.73,58.34
"2021-09-26 01:50:00",85076,12.81,14.82,751.2,14.67,58.76
"2021-09-26 01:55:00",85077,12.81,14.73,751.2,14.61,58.93
"2021-09-26 02:00:00",85078,12.81,14.64,751.2,14.49,59.12
"2021-09-26 02:05:00",85079,12.81,14.56,751.2,14.61,58.21
"2021-09-26 02:10:00",85080,12.81,14.48,751.2,14.47,59.08
"2021-09-26 02:15:00",85081,12.8,14.4,751.2,14.67,57.71
"2021-09-26 02:20:00",85082,12.8,14.31,751.2,14.62,58.3
"2021-09-26 02:25:00",85083,12.8,14.29,751.1,14.91,55.47
"2021-09-26 02:30:00",85084,12.79,14.55,751.1,14.88,54.8
"2021-09-26 02:35:00",85085,12.79,14.66,751.1,14.61,55.52
"2021-09-26 02:40:00",85086,12.79,14.73,751.1,14.59,56
"2021-09-26 02:45:00",85087,12.79,14.74,751.2,14.29,56.92
"2021-09-26 02:50:00",85088,12.79,14.72,751.2,14.04,58.17
"2021-09-26 02:55:00",85089,12.78,14.67,751.2,13.92,59.03
"2021-09-26 03:00:00",85090,12.78,14.59,751.3,13.98,59.01
"2021-09-26 03:05:00",85091,12.78,14.55,751.2,13.79,59.78
"2021-09-26 03:10:00",85092,12.78,14.47,751.2,13.81,59.4
"2021-09-26 03:15:00",85093,12.77,14.4,751.2,13.67,59.67
"2021-09-26 03:20:00",85094,12.77,14.34,751.2,13.77,59.51
"2021-09-26 03:25:00",85095,12.77,14.29,751.3,13.6,60.02
"2021-09-26 03:30:00",85096,12.77,14.25,751.4,13.72,58.4
"2021-09-26 03:35:00",85097,12.76,14.21,751.4,13.49,59.31
"2021-09-26 03:40:00",85098,12.76,14.13,751.4,13.39,59.8
"2021-09-26 03:45:00",85099,12.76,14.05,751.5,13.45,60.08
"2021-09-26 03:50:00",85100,12.75,13.95,751.5,13.25,62.09
"2021-09-26 03:55:00",85101,12.75,13.86,751.5,12.68,67.04
"2021-09-26 04:00:00",85102,12.75,13.76,751.6,12.67,65.33
"2021-09-26 04:05:00",85103,12.75,13.68,751.6,12.8,64.16
"2021-09-26 04:10:00",85104,12.74,13.58,751.7,13.14,62.25
"2021-09-26 04:15:00",85105,12.74,13.51,751.7,13.1,62.01
"2021-09-26 04:20:00",85106,12.73,13.46,751.7,13.07,62.97
"2021-09-26 04:25:00",85107,12.73,13.4,751.7,13.27,62.54
"2021-09-26 04:30:00",85108,12.72,13.38,751.8,13.36,61.52
"2021-09-26 04:35:00",85109,12.72,13.36,751.8,13.04,60.13
"2021-09-26 04:40:00",85110,12.71,13.33,751.8,12.9,60.67
"2021-09-26 04:45:00",85111,12.71,13.29,751.9,12.82,61.46
"2021-09-26 04:50:00",85112,12.71,13.24,751.9,12.91,61.53
"2021-09-26 04:55:00",85113,12.71,13.23,751.9,13.04,61.14
"2021-09-26 05:00:00",85114,12.7,13.21,751.9,13.04,61.76
"2021-09-26 05:05:00",85115,12.7,13.14,751.9,12.7,63.79
"2021-09-26 05:10:00",85116,12.7,13.1,751.9,12.48,65.9
"2021-09-26 05:15:00",85117,12.7,13.06,751.9,12.4,65.45
"2021-09-26 05:20:00",85118,12.69,13,751.9,12.52,64.02
"2021-09-26 05:25:00",85119,12.69,12.96,751.8,12.58,62.98
"2021-09-26 05:30:00",85120,12.68,12.92,751.8,12.66,62.49
"2021-09-26 05:35:00",85121,12.68,12.89,751.9,12.7,62.97
"2021-09-26 05:40:00",85122,12.68,12.86,751.9,12.37,64.98
"2021-09-26 05:45:00",85123,12.67,12.79,751.9,12.32,64.28
"2021-09-26 05:50:00",85124,12.67,12.72,751.9,12.38,63.7
"2021-09-26 05:55:00",85125,12.67,12.68,751.9,12.63,61.93
"2021-09-26 06:00:00",85126,12.67,12.68,752,12.48,61.9
"2021-09-26 06:05:00",85127,12.66,12.74,752.1,12.14,63.63
"2021-09-26 06:10:00",85128,12.66,12.77,752.1,11.9,64.58
"2021-09-26 06:15:00",85129,12.67,12.75,752.2,12.05,64.64
"2021-09-26 06:20:00",85130,12.68,12.74,752.2,12.13,64.27
"2021-09-26 06:25:00",85131,12.72,12.77,752.3,12.19,64.84
"2021-09-26 06:30:00",85132,12.79,12.83,752.3,12.24,64.9
"2021-09-26 06:35:00",85133,12.89,12.92,752.4,12.49,64.16
"2021-09-26 06:40:00",85134,13.04,13.07,752.6,12.86,62.2
"2021-09-26 06:45:00",85135,13.23,13.27,752.7,13.43,59.87
"2021-09-26 06:50:00",85136,13.44,13.58,752.8,14.27,57.19
"2021-09-26 06:55:00",85137,13.59,13.98,752.8,15.34,53.71
"2021-09-26 07:00:00",85138,13.7,14.47,753,15.7,52.11
"2021-09-26 07:05:00",85139,13.78,15.04,753,16.34,50.12
"2021-09-26 07:10:00",85140,13.87,15.69,753.1,16.93,48.02
"2021-09-26 07:15:00",85141,13.87,16.9,753.2,17.43,47.8
"2021-09-26 07:20:00",85142,13.79,18.21,753.2,17.82,46.15
"2021-09-26 07:25:00",85143,13.79,19.1,753.3,16.79,48.97
"2021-09-26 07:30:00",85144,13.76,19.86,753.2,16.93,49.42
"2021-09-26 07:35:00",85145,13.76,20.54,753.2,17.09,48.26
"2021-09-26 07:40:00",85146,13.73,21.21,753.3,17.55,46.78
"2021-09-26 07:45:00",85147,13.7,21.81,753.3,17.96,45.31
"2021-09-26 07:50:00",85148,13.7,22.38,753.4,18.14,44.73
"2021-09-26 07:55:00",85149,13.7,22.95,753.4,18.53,43.64
"2021-09-26 08:00:00",85150,13.68,23.51,753.4,18.35,43.2
"2021-09-26 08:05:00",85151,13.68,24.06,753.5,18.45,44.45
"2021-09-26 08:10:00",85152,13.65,24.53,753.5,18.67,42.76
"2021-09-26 08:15:00",85153,13.65,24.98,753.5,20.03,39.91
"2021-09-26 08:20:00",85154,13.65,25.48,753.5,20.35,39.46
"2021-09-26 08:25:00",85155,13.63,25.81,753.5,21.14,38.24
"2021-09-26 08:30:00",85156,13.63,26.31,753.5,21.71,37.02
"2021-09-26 08:35:00",85157,13.6,26.75,753.6,20.86,38.93
"2021-09-26 08:40:00",85158,13.6,27.18,753.6,19.87,41.67
"2021-09-26 08:45:00",85159,13.6,27.52,753.6,19.44,42.97
"2021-09-26 08:50:00",85160,13.6,27.85,753.5,20.73,39.76
"2021-09-26 08:55:00",85161,13.58,28.16,753.5,19.84,41.99
"2021-09-26 09:00:00",85162,13.58,28.45,753.5,20.78,39.74
"2021-09-26 09:05:00",85163,13.58,28.75,753.5,21.21,38.18
"2021-09-26 09:10:00",85164,13.58,29.01,753.5,20.96,39.04
"2021-09-26 09:15:00",85165,13.55,29.21,753.5,21.87,38.38
"2021-09-26 09:20:00",85166,13.55,29.5,753.4,21.43,38.73
"2021-09-26 09:25:00",85167,13.55,29.81,753.4,21.89,37.07
"2021-09-26 09:30:00",85168,13.53,30.11,753.4,22.48,36.41
"2021-09-26 09:35:00",85169,13.53,30.41,753.4,21.8,37.13
"2021-09-26 09:40:00",85170,13.53,30.69,753.4,22.13,36.24
"2021-09-26 09:45:00",85171,13.53,30.92,753.3,22.41,36.6
"2021-09-26 09:50:00",85172,13.53,31.15,753.3,22.81,35.32
"2021-09-26 09:55:00",85173,13.51,31.44,753.3,23,35.07
"2021-09-26 10:00:00",85174,13.51,31.75,753.3,23.04,34.51
"2021-09-26 10:05:00",85175,13.51,32.04,753.2,22.67,34.31
"2021-09-26 10:10:00",85176,13.51,32.24,753.2,23.17,33.96
"2021-09-26 10:15:00",85177,13.49,32.46,753.2,23.01,32.21
"2021-09-26 10:20:00",85178,13.49,32.56,753.2,22.67,31.81
"2021-09-26 10:25:00",85179,13.49,32.58,753.2,22.85,31.96
"2021-09-26 10:30:00",85180,13.49,32.63,753.1,23.21,33.2
"2021-09-26 10:35:00",85181,13.49,32.63,753,23.27,33.9
"2021-09-26 10:40:00",85182,13.49,32.68,753,23.99,32.46
"2021-09-26 10:45:00",85183,13.49,32.76,753,23.3,32.37
"2021-09-26 10:50:00",85184,13.49,32.83,753,22.9,33.4
"2021-09-26 10:55:00",85185,13.49,32.9,752.9,25,30.57
"2021-09-26 11:00:00",85186,13.49,33.07,752.9,24.57,28.44
"2021-09-26 11:05:00",85187,13.49,33.27,752.8,24.75,27.06
"2021-09-26 11:10:00",85188,13.47,33.41,752.7,24.5,28.6
"2021-09-26 11:15:00",85189,13.47,33.52,752.6,24.79,25.56
"2021-09-26 11:20:00",85190,13.47,33.63,752.6,25.33,25.63
"2021-09-26 11:25:00",85191,13.47,33.71,752.5,24.21,29.83
"2021-09-26 11:30:00",85192,13.47,33.64,752.4,24.77,28.25
"2021-09-26 11:35:00",85193,13.47,33.6,752.4,25.02,27.72
"2021-09-26 11:40:00",85194,13.47,33.59,752.3,25.22,28.08
"2021-09-26 11:45:00",85195,13.47,33.68,752.2,25.88,26.46
"2021-09-26 11:50:00",85196,13.47,33.73,752.2,25.24,27.47
"2021-09-26 11:55:00",85197,13.47,33.72,752,25.1,27.8
"2021-09-26 12:00:00",85198,13.47,33.71,751.9,26.24,26.14
"2021-09-26 12:05:00",85199,13.47,33.81,751.8,26.51,25.03
"2021-09-26 12:10:00",85200,13.47,34.01,751.8,26.89,24.85
"2021-09-26 12:15:00",85201,13.47,34.17,751.7,26.5,25.1
"2021-09-26 12:20:00",85202,13.48,34.24,751.6,26.24,26.11
"2021-09-26 12:25:00",85203,13.47,34.25,751.4,26.95,23.34
"2021-09-26 12:30:00",85204,13.47,34.27,751.3,25.98,24.3
"2021-09-26 12:35:00",85205,13.45,34.15,751.2,25.76,24.39
"2021-09-26 12:40:00",85206,13.45,34.03,751.1,26.87,23.4
"2021-09-26 12:45:00",85207,13.45,33.95,751.1,26.67,23.18
"2021-09-26 12:50:00",85208,13.45,33.89,750.9,26.98,21.53
"2021-09-26 12:55:00",85209,13.45,33.87,750.8,27.42,21.84
"2021-09-26 13:00:00",85210,13.45,33.89,750.8,27.85,21.31
"2021-09-26 13:05:00",85211,13.45,33.99,750.6,27.88,19.71
"2021-09-26 13:10:00",85212,13.45,34.13,750.5,28.44,18.54
"2021-09-26 13:15:00",85213,13.45,34.31,750.4,28.63,18.06
"2021-09-26 13:20:00",85214,13.45,34.48,750.3,28.07,17.4
"2021-09-26 13:25:00",85215,13.45,34.59,750.2,28.11,15.14
"2021-09-26 13:30:00",85216,13.45,34.65,750.1,28.42,14.8
"2021-09-26 13:35:00",85217,13.45,34.76,750,29.85,13.51
"2021-09-26 13:40:00",85218,13.46,34.93,749.8,28.92,12.11
"2021-09-26 13:45:00",85219,13.45,35.06,749.8,29.1,14.19
"2021-09-26 13:50:00",85220,13.45,35.17,749.7,29.13,13.34
"2021-09-26 13:55:00",85221,13.46,35.28,749.6,28.74,11.1
"2021-09-26 14:00:00",85222,13.45,35.33,749.5,28.36,11.88
"2021-09-26 14:05:00",85223,13.45,35.34,749.4,28.48,8.72
"2021-09-26 14:10:00",85224,13.43,35.35,749.3,28.62,10.09
"2021-09-26 14:15:00",85225,13.43,35.31,749.2,28.27,10.01
"2021-09-26 14:20:00",85226,13.43,35.31,749.2,29.06,10.68
"2021-09-26 14:25:00",85227,13.43,35.37,749.1,28.79,9.67
"2021-09-26 14:30:00",85228,13.43,35.4,749.1,29.71,8.18
"2021-09-26 14:35:00",85229,13.43,35.57,749,29.9,7.175
"2021-09-26 14:40:00",85230,13.43,35.73,748.9,29.08,9.17
"2021-09-26 14:45:00",85231,13.43,35.75,748.9,29.09,8.74
"2021-09-26 14:50:00",85232,13.43,35.79,748.9,30.6,16.61
"2021-09-26 14:55:00",85233,13.43,35.92,748.8,28.37,22.11
"2021-09-26 15:00:00",85234,13.43,35.75,748.6,28,24.2
"2021-09-26 15:05:00",85235,13.43,35.38,748.7,27.66,23.07
"2021-09-26 15:10:00",85236,13.43,34.85,748.7,27.36,23.67
"2021-09-26 15:15:00",85237,13.43,34.35,748.7,27.31,23.36
"2021-09-26 15:20:00",85238,13.43,33.88,748.7,27.32,23.57
"2021-09-26 15:25:00",85239,13.43,33.48,748.6,27.3,23.91
"2021-09-26 15:30:00",85240,13.43,33.17,748.4,27.18,24.32
"2021-09-26 15:35:00",85241,13.43,32.88,748.5,26.68,24.11
"2021-09-26 15:40:00",85242,13.43,32.53,748.5,26.45,23.85
"2021-09-26 15:45:00",85243,13.45,32.21,748.6,26.15,23.01
"2021-09-26 15:50:00",85244,13.45,31.89,748.5,25.99,22.65
"2021-09-26 15:55:00",85245,13.45,31.59,748.4,26.5,21.12
"2021-09-26 16:00:00",85246,13.45,31.39,748.7,26.27,21.21
"2021-09-26 16:05:00",85247,13.45,31.25,748.6,26.48,21.05
"2021-09-26 16:10:00",85248,13.45,31.17,748.6,26.66,20.89
"2021-09-26 16:15:00",85249,13.45,31.15,748.6,26.6,20.47
"2021-09-26 16:20:00",85250,13.45,31.18,748.6,26.89,20.9
"2021-09-26 16:25:00",85251,13.45,31.23,748.5,26.4,22.26
"2021-09-26 16:30:00",85252,13.45,31.18,748.7,26.09,22.31
"2021-09-26 16:35:00",85253,13.45,31.08,748.7,25.68,26.48
"2021-09-26 16:40:00",85254,13.48,30.89,748.7,25.8,25.87
"2021-09-26 16:45:00",85255,13.48,30.69,748.6,25.38,24.54
"2021-09-26 16:50:00",85256,13.35,29.71,748.8,24.36,25.73
"2021-09-26 16:55:00",85257,13.21,28.88,748.9,23.79,28.04
"2021-09-26 17:00:00",85258,13.16,28.19,748.8,23.56,28.22
"2021-09-26 17:05:00",85259,13.12,27.55,748.8,23.39,30.23
"2021-09-26 17:10:00",85260,13.09,27.13,749.1,22.88,31.6
"2021-09-26 17:15:00",85261,13.06,26.54,749.2,22.93,32.74
"2021-09-26 17:20:00",85262,13.05,26.11,749.1,23.03,31.84
"2021-09-26 17:25:00",85263,13.05,25.72,749.3,22.88,30.73
"2021-09-26 17:30:00",85264,13.06,25.41,749.1,22.76,31.65
"2021-09-26 17:35:00",85265,13.07,25.17,749.3,22.68,31.91
"2021-09-26 17:40:00",85266,13.06,24.96,749.4,22.64,31.91
"2021-09-26 17:45:00",85267,13.04,24.76,749.3,22.69,31.81
"2021-09-26 17:50:00",85268,13.05,24.63,749.5,22.7,31.38
"2021-09-26 17:55:00",85269,13.04,24.55,749.5,22.85,30.45
"2021-09-26 18:00:00",85270,13.02,24.5,749.6,22.58,31.57
"2021-09-26 18:05:00",85271,13,24.42,749.7,22.45,32.19
"2021-09-26 18:10:00",85272,12.97,24.31,749.8,22.21,32.27
"2021-09-26 18:15:00",85273,12.96,24.13,749.9,22,32.92
"2021-09-26 18:20:00",85274,12.94,23.92,749.9,21.92,32.65
"2021-09-26 18:25:00",85275,12.94,23.74,749.8,21.66,32.69
"2021-09-26 18:30:00",85276,12.93,23.49,749.9,21.71,32.19
"2021-09-26 18:35:00",85277,12.93,23.26,750,21.51,32.14
"2021-09-26 18:40:00",85278,12.93,23.05,749.9,21.49,31.28
"2021-09-26 18:45:00",85279,12.92,22.87,750.1,21.52,30.74
"2021-09-26 18:50:00",85280,12.92,22.72,750.1,21.43,30.87
"2021-09-26 18:55:00",85281,12.92,22.58,750.1,21.29,30.99
"2021-09-26 19:00:00",85282,12.92,22.46,750.3,21.21,31.38
"2021-09-26 19:05:00",85283,12.91,22.34,750.4,21.04,31.5
"2021-09-26 19:10:00",85284,12.91,22.23,750.4,20.97,31.63
"2021-09-26 19:15:00",85285,12.91,22.14,750.5,21.11,31.38
"2021-09-26 19:20:00",85286,12.91,22.03,750.5,20.99,31.63
"2021-09-26 19:25:00",85287,12.9,21.93,750.6,20.98,31.93
"2021-09-26 19:30:00",85288,12.9,21.84,750.7,21.02,31.77
"2021-09-26 19:35:00",85289,12.9,21.73,750.8,20.73,32.11
"2021-09-26 19:40:00",85290,12.9,21.63,750.8,21.19,31.92
"2021-09-26 19:45:00",85291,12.9,21.54,750.9,21.23,32.42
"2021-09-26 19:50:00",85292,12.9,21.44,750.9,21.09,32.91
"2021-09-26 19:55:00",85293,12.9,21.34,751,20.8,33.87
"2021-09-26 20:00:00",85294,12.89,21.24,751,20.18,34.67
"2021-09-26 20:05:00",85295,12.89,21.1,751.1,20.1,34.93
"2021-09-26 20:10:00",85296,12.89,20.93,751.2,19.58,36.19
"2021-09-26 20:15:00",85297,12.89,20.74,751.3,19.52,36.12
"2021-09-26 20:20:00",85298,12.89,20.56,751.3,19.48,36.18
"2021-09-26 20:25:00",85299,12.89,20.37,751.4,19.27,36.81
"2021-09-26 20:30:00",85300,12.88,20.2,751.4,19.38,36.3
"2021-09-26 20:35:00",85301,12.89,20.05,751.4,19.25,36.35
"2021-09-26 20:40:00",85302,12.88,19.9,751.5,19.28,36.55
"2021-09-26 20:45:00",85303,12.88,19.8,751.5,19.38,35.84
"2021-09-26 20:50:00",85304,12.88,19.69,751.6,19.32,36
"2021-09-26 20:55:00",85305,12.88,19.61,751.7,19.2,37.1
"2021-09-26 21:00:00",85306,12.88,19.5,751.8,19.02,37.76
"2021-09-26 21:05:00",85307,12.88,19.39,752,18.75,38.48
"2021-09-26 21:10:00",85308,12.88,19.31,752.1,18.94,37.49
"2021-09-26 21:15:00",85309,12.87,19.28,752.2,19.13,37.94
"2021-09-26 21:20:00",85310,12.87,19.29,752.3,19.2,39.34
"2021-09-26 21:25:00",85311,12.87,19.34,752.5,19.09,41.33
"2021-09-26 21:30:00",85312,12.87,19.38,752.5,19,43.08
"2021-09-26 21:35:00",85313,12.87,19.44,752.6,18.98,43.18
"2021-09-26 21:40:00",85314,12.87,19.48,752.7,18.94,42.92
"2021-09-26 21:45:00",85315,12.88,19.49,752.6,19.06,42.74
"2021-09-26 21:50:00",85316,12.88,19.47,752.7,19.33,41.84
"2021-09-26 21:55:00",85317,12.87,19.45,752.7,19.28,41.86
"2021-09-26 22:00:00",85318,12.87,19.4,752.7,19.14,41.85
"2021-09-26 22:05:00",85319,12.87,19.34,752.8,19.03,42.41
"2021-09-26 22:10:00",85320,12.87,19.25,752.8,18.82,43.35
"2021-09-26 22:15:00",85321,12.87,19.14,752.9,18.53,43.76
"2021-09-26 22:20:00",85322,12.87,19.02,752.9,18.77,42.06
"2021-09-26 22:25:00",85323,12.87,18.91,753,18.93,39.89
"2021-09-26 22:30:00",85324,12.87,18.84,753.1,19.22,39.54
"2021-09-26 22:35:00",85325,12.87,18.79,753.1,19.08,40.23
"2021-09-26 22:40:00",85326,12.86,18.77,753.1,19.16,40.04
"2021-09-26 22:45:00",85327,12.86,18.77,753.1,19.1,40.1
"2021-09-26 22:50:00",85328,12.86,18.74,753.2,18.68,41.41
"2021-09-26 22:55:00",85329,12.86,18.66,753.2,18.49,42
"2021-09-26 23:00:00",85330,12.86,18.59,753.2,18.44,42.35
"2021-09-26 23:05:00",85331,12.86,18.49,753.2,18.41,42.22
"2021-09-26 23:10:00",85332,12.86,18.38,753.3,18.33,42.56
"2021-09-26 23:15:00",85333,12.85,18.27,753.3,18.03,42.68
"2021-09-26 23:20:00",85334,12.85,18.14,753.3,17.83,42.85
"2021-09-26 23:25:00",85335,12.85,18.02,753.3,17.85,42.63
"2021-09-26 23:30:00",85336,12.85,17.92,753.3,17.93,42.58
"2021-09-26 23:35:00",85337,12.85,17.82,753.3,17.83,42.37
"2021-09-26 23:40:00",85338,12.85,17.7,753.4,17.49,44.05
"2021-09-26 23:45:00",85339,12.85,17.59,753.3,17.15,44.52
"2021-09-26 23:50:00",85340,12.85,17.47,753.3,17.06,45.49
"2021-09-26 23:55:00",85341,12.85,17.33,753.3,16.93,47.05
"2021-09-27 00:00:00",85342,12.85,17.22,753.3,16.87,46.32
"2021-09-27 00:05:00",85343,12.84,17.11,753.2,16.97,45.22
"2021-09-27 00:10:00",85344,12.84,16.99,753.2,17.25,44.44
"2021-09-27 00:15:00",85345,12.84,16.89,753.3,17.38,45.12
"2021-09-27 00:20:00",85346,12.84,16.79,753.2,17.29,45.33
"2021-09-27 00:25:00",85347,12.84,16.7,753.2,16.89,48.01
"2021-09-27 00:30:00",85348,12.84,16.65,753.2,16.33,48.94
"2021-09-27 00:35:00",85349,12.84,16.57,753.1,15.86,50.96
"2021-09-27 00:40:00",85350,12.83,16.48,753.1,15.96,49.23
"2021-09-27 00:45:00",85351,12.83,16.38,753.1,16.01,50.7
"2021-09-27 00:50:00",85352,12.83,16.25,753.1,15.93,50.47
"2021-09-27 00:55:00",85353,12.83,16.14,753,15.93,50.1
"2021-09-27 01:00:00",85354,12.83,16.04,753,15.9,50.71
"2021-09-27 01:05:00",85355,12.82,15.95,753,16.16,49.39
"2021-09-27 01:10:00",85356,12.82,15.87,752.9,16.08,48.69
"2021-09-27 01:15:00",85357,12.82,15.79,752.9,15.83,49.78
"2021-09-27 01:20:00",85358,12.82,15.72,752.8,15.87,51.88
"2021-09-27 01:25:00",85359,12.82,15.64,752.7,15.78,51.59
"2021-09-27 01:30:00",85360,12.82,15.59,752.7,15.82,51.35
"2021-09-27 01:35:00",85361,12.82,15.57,752.7,15.63,52.5
"2021-09-27 01:40:00",85362,12.81,15.53,752.6,15.34,53.59
"2021-09-27 01:45:00",85363,12.81,15.5,752.6,15.22,52.78
"2021-09-27 01:50:00",85364,12.81,15.46,752.7,14.91,53.83
"2021-09-27 01:55:00",85365,12.81,15.4,752.7,15,53.39
"2021-09-27 02:00:00",85366,12.81,15.32,752.7,15.11,52.88
"2021-09-27 02:05:00",85367,12.81,15.26,752.6,15.04,53.12
"2021-09-27 02:10:00",85368,12.81,15.19,752.6,14.94,53.47
"2021-09-27 02:15:00",85369,12.8,15.12,752.5,15.02,53.08
"2021-09-27 02:20:00",85370,12.8,15.04,752.4,14.82,53.82
"2021-09-27 02:25:00",85371,12.8,14.98,752.4,14.83,53.58
"2021-09-27 02:30:00",85372,12.8,14.91,752.4,14.85,53.4
"2021-09-27 02:35:00",85373,12.8,14.84,752.4,14.69,53.56
"2021-09-27 02:40:00",85374,12.79,14.79,752.4,14.67,52.94
"2021-09-27 02:45:00",85375,12.79,14.73,752.4,14.57,52.44
"2021-09-27 02:50:00",85376,12.79,14.67,752.5,14.54,52.68
"2021-09-27 02:55:00",85377,12.79,14.61,752.5,14.31,53.53
"2021-09-27 03:00:00",85378,12.78,14.51,752.5,14.08,53.62
"2021-09-27 03:05:00",85379,12.78,14.42,752.4,13.99,54.31
"2021-09-27 03:10:00",85380,12.78,14.31,752.4,14.19,52.66
"2021-09-27 03:15:00",85381,12.78,14.22,752.5,14.14,53.11
"2021-09-27 03:20:00",85382,12.78,14.15,752.5,14.16,53.14
"2021-09-27 03:25:00",85383,12.77,14.07,752.6,14.26,52.52
"2021-09-27 03:30:00",85384,12.77,14.03,752.6,14.05,53.49
"2021-09-27 03:35:00",85385,12.77,13.96,752.6,13.89,55.87
"2021-09-27 03:40:00",85386,12.77,13.88,752.6,13.59,60.16
"2021-09-27 03:45:00",85387,12.76,13.82,752.5,13.46,58.68
"2021-09-27 03:50:00",85388,12.76,13.73,752.5,13.52,58.48
"2021-09-27 03:55:00",85389,12.76,13.67,752.5,13.49,57.67
"2021-09-27 04:00:00",85390,12.76,13.59,752.5,13.47,57.85
"2021-09-27 04:05:00",85391,12.75,13.51,752.5,13.47,58.06
"2021-09-27 04:10:00",85392,12.75,13.44,752.6,13.57,57.5
"2021-09-27 04:15:00",85393,12.75,13.4,752.6,13.47,58.21
"2021-09-27 04:20:00",85394,12.75,13.35,752.6,13.41,58.22
"2021-09-27 04:25:00",85395,12.75,13.3,752.7,13.45,57.99
"2021-09-27 04:30:00",85396,12.74,13.26,752.7,13.47,57.04
"2021-09-27 04:35:00",85397,12.74,13.26,752.7,13.23,57.48
"2021-09-27 04:40:00",85398,12.74,13.23,752.7,13.17,57.53
"2021-09-27 04:45:00",85399,12.74,13.18,752.7,13.36,57.59
"2021-09-27 04:50:00",85400,12.73,13.15,752.8,13.28,58.98
"2021-09-27 04:55:00",85401,12.73,13.12,752.8,13.07,60.5
"2021-09-27 05:00:00",85402,12.73,13.07,752.8,12.65,61.81
"2021-09-27 05:05:00",85403,12.72,12.99,752.7,12.61,62.51
"2021-09-27 05:10:00",85404,12.72,12.92,752.7,12.45,62.78
"2021-09-27 05:15:00",85405,12.72,12.83,752.8,12.3,62.58
"2021-09-27 05:20:00",85406,12.72,12.73,752.8,12.24,61.71
"2021-09-27 05:25:00",85407,12.71,12.63,752.9,12.2,62.06
"2021-09-27 05:30:00",85408,12.71,12.53,752.9,12.14,62.9
"2021-09-27 05:35:00",85409,12.71,12.46,753,12.28,61.75
"2021-09-27 05:40:00",85410,12.7,12.39,753,12.43,60.75
"2021-09-27 05:45:00",85411,12.7,12.34,753.1,12.52,60.02
"2021-09-27 05:50:00",85412,12.7,12.34,753.2,12.58,59.79
"2021-09-27 05:55:00",85413,12.69,12.27,753.2,12.46,60.31
"2021-09-27 06:00:00",85414,12.69,12.26,753.3,12.48,60.25
"2021-09-27 06:05:00",85415,12.69,12.28,753.3,12.42,60.77
"2021-09-27 06:10:00",85416,12.69,12.29,753.3,12.37,60.71
"2021-09-27 06:15:00",85417,12.7,12.3,753.4,12.46,60.54
"2021-09-27 06:20:00",85418,12.72,12.31,753.4,12.43,60.54
"2021-09-27 06:25:00",85419,12.75,12.35,753.5,12.57,59.91
"2021-09-27 06:30:00",85420,12.82,12.42,753.5,12.82,59.3
"2021-09-27 06:35:00",85421,12.92,12.53,753.6,12.94,58.9
"2021-09-27 06:40:00",85422,13.06,12.69,753.7,13.47,57.07
"2021-09-27 06:45:00",85423,13.25,12.9,753.7,13.85,55.92
"2021-09-27 06:50:00",85424,13.44,13.19,753.8,14.33,55.9
"2021-09-27 06:55:00",85425,13.58,13.56,753.9,14.77,54.54
"2021-09-27 07:00:00",85426,13.7,14.02,753.8,15.6,51.51
"2021-09-27 07:05:00",85427,13.78,14.55,753.9,15.44,51.08
"2021-09-27 07:10:00",85428,13.87,15.17,754,15.69,51.3
"2021-09-27 07:15:00",85429,13.91,16.09,754.1,15.81,51.1
"2021-09-27 07:20:00",85430,13.82,17.57,754.2,16.3,54.83
"2021-09-27 07:25:00",85431,13.79,18.41,754.3,16.2,55.27
"2021-09-27 07:30:00",85432,13.76,19.05,754.3,16.26,55.4
"2021-09-27 07:35:00",85433,13.76,19.59,754.3,16.77,53.18
"2021-09-27 07:40:00",85434,13.76,20.12,754.3,17.21,51.64
"2021-09-27 07:45:00",85435,13.73,20.64,754.3,17.61,47.95
"2021-09-27 07:50:00",85436,13.73,21.14,754.3,17.97,47.87
"2021-09-27 07:55:00",85437,13.7,21.68,754.4,17.99,46.99
"2021-09-27 08:00:00",85438,13.71,22.16,754.3,18.31,45.64
"2021-09-27 08:05:00",85439,13.71,22.67,754.4,19.06,43.03
"2021-09-27 08:10:00",85440,13.68,23.14,754.4,19.48,42.59
"2021-09-27 08:15:00",85441,13.68,23.63,754.4,19.94,41.87
"2021-09-27 08:20:00",85442,13.65,24.16,754.4,20.31,40.92
"2021-09-27 08:25:00",85443,13.65,24.59,754.5,20.15,41.67
"2021-09-27 08:30:00",85444,13.63,25.08,754.4,20.71,40.93
"2021-09-27 08:35:00",85445,13.63,25.53,754.4,21.04,39.86
"2021-09-27 08:40:00",85446,13.63,26.06,754.4,21.45,39.64
"2021-09-27 08:45:00",85447,13.6,26.57,754.4,20.74,39.96
"2021-09-27 08:50:00",85448,13.61,26.94,754.4,21.78,37.98
"2021-09-27 08:55:00",85449,13.58,27.34,754.5,20.96,38.97
"2021-09-27 09:00:00",85450,13.58,27.7,754.5,22.04,36.76
"2021-09-27 09:05:00",85451,13.58,28.11,754.4,22.01,36.3
"2021-09-27 09:10:00",85452,13.58,28.53,754.4,22.28,36.52
"2021-09-27 09:15:00",85453,13.56,28.96,754.3,22.59,35.36
"2021-09-27 09:20:00",85454,13.56,29.34,754.3,22.36,35.18
"2021-09-27 09:25:00",85455,13.56,29.66,754.3,22.17,35.69
"2021-09-27 09:30:00",85456,13.56,29.94,754.3,22.16,36.28
"2021-09-27 09:35:00",85457,13.53,30.15,754.2,23.05,35.14
"2021-09-27 09:40:00",85458,13.53,30.46,754.2,22.73,35.58
"2021-09-27 09:45:00",85459,13.53,30.74,754.1,22.79,34.65
"2021-09-27 09:50:00",85460,13.53,30.98,754.1,22.66,34.71
"2021-09-27 09:55:00",85461,13.51,31.15,754.1,22.83,34.33
"2021-09-27 10:00:00",85462,13.51,31.31,754,23.14,34.02
"2021-09-27 10:05:00",85463,13.51,31.5,753.9,23.98,34.67
"2021-09-27 10:10:00",85464,13.51,31.8,753.9,24.19,32.38
"2021-09-27 10:15:00",85465,13.51,32.1,753.8,23.56,34.26
"2021-09-27 10:20:00",85466,13.49,32.3,753.7,23.24,34.5
"2021-09-27 10:25:00",85467,13.49,32.51,753.6,23.89,34.09
"2021-09-27 10:30:00",85468,13.49,32.69,753.6,23.35,35.24
"2021-09-27 10:35:00",85469,13.49,32.78,753.5,22.93,35.76
"2021-09-27 10:40:00",85470,13.49,32.8,753.5,23.56,34.79
"2021-09-27 10:45:00",85471,13.49,32.79,753.4,23.35,33.24
"2021-09-27 10:50:00",85472,13.49,32.8,753.3,23.99,33.84
"2021-09-27 10:55:00",85473,13.49,32.86,753.3,24.22,31.98
"2021-09-27 11:00:00",85474,13.49,32.95,753.2,24.52,31.2
"2021-09-27 11:05:00",85475,13.49,33.13,753.1,24.17,30.6
"2021-09-27 11:10:00",85476,13.49,33.16,753,23.61,31.36
"2021-09-27 11:15:00",85477,13.49,33.02,752.9,23.58,32.33
"2021-09-27 11:20:00",85478,13.49,32.86,752.9,23.75,31.88
"2021-09-27 11:25:00",85479,13.49,32.78,752.8,24.77,29.84
"2021-09-27 11:30:00",85480,13.49,32.82,752.7,24.72,30.27
"2021-09-27 11:35:00",85481,13.5,32.91,752.6,25.47,30.24
"2021-09-27 11:40:00",85482,13.5,33.05,752.6,25.1,30.1
"2021-09-27 11:45:00",85483,13.5,33.17,752.5,25.22,30.22
"2021-09-27 11:50:00",85484,13.5,33.2,752.4,24.61,31.55
"2021-09-27 11:55:00",85485,13.47,33.18,752.3,25.98,26.64
"2021-09-27 12:00:00",85486,13.47,33.25,752.2,26.18,24.39
"2021-09-27 12:05:00",85487,13.47,33.37,752.1,27.17,22.59
"2021-09-27 12:10:00",85488,13.47,33.5,752,26.12,21.69
"2021-09-27 12:15:00",85489,13.48,33.53,751.9,26.1,23.83
"2021-09-27 12:20:00",85490,13.47,33.49,751.8,26.68,23.59
"2021-09-27 12:25:00",85491,13.47,33.5,751.7,27.49,21.57
"2021-09-27 12:30:00",85492,13.48,33.57,751.6,27.78,20.68
"2021-09-27 12:35:00",85493,13.47,33.69,751.5,27.75,21.03
"2021-09-27 12:40:00",85494,13.48,33.86,751.3,28.22,19.3
"2021-09-27 12:45:00",85495,13.48,34.01,751.2,27.71,20.57
"2021-09-27 12:50:00",85496,13.48,34.08,751,28.12,18.6
"2021-09-27 12:55:00",85497,13.48,34.09,750.9,27.19,16.86
"2021-09-27 13:00:00",85498,13.48,34.03,750.7,27.63,14.9
"2021-09-27 13:05:00",85499,13.48,33.97,750.6,27.39,14.75
"2021-09-27 13:10:00",85500,13.48,33.89,750.5,27.99,13.89
"2021-09-27 13:15:00",85501,13.48,33.87,750.4,28.21,9.72
"2021-09-27 13:20:00",85502,13.48,33.87,750.3,28.31,7.85
"2021-09-27 13:25:00",85503,13.48,33.88,750.2,27.96,7.911
"2021-09-27 13:30:00",85504,13.48,33.89,750.1,28.1,13.51
"2021-09-27 13:35:00",85505,13.48,33.91,750.1,28.2,14.58
"2021-09-27 13:40:00",85506,13.48,33.81,749.9,27.17,15.09
"2021-09-27 13:45:00",85507,13.48,33.65,749.8,27.18,16.08
"2021-09-27 13:50:00",85508,13.48,33.52,749.7,27.68,16.11
"2021-09-27 13:55:00",85509,13.48,33.5,749.7,28.17,15.14
"2021-09-27 14:00:00",85510,13.48,33.53,749.5,27.8,15.62
"2021-09-27 14:05:00",85511,13.48,33.64,749.4,29.31,14.59
"2021-09-27 14:10:00",85512,13.48,33.86,749.3,28.65,16.3
"2021-09-27 14:15:00",85513,13.48,34.08,749.2,28.34,17.06
"2021-09-27 14:20:00",85514,13.46,34.27,749.1,28.68,17.61
"2021-09-27 14:25:00",85515,13.46,34.36,749,28.34,16.64
"2021-09-27 14:30:00",85516,13.45,34.4,748.9,28.19,16.06
"2021-09-27 14:35:00",85517,13.45,34.35,748.8,28.4,17.56
"2021-09-27 14:40:00",85518,13.45,34.31,748.7,28.15,16.91
"2021-09-27 14:45:00",85519,13.45,34.36,748.6,28.81,17.37
"2021-09-27 14:50:00",85520,13.45,34.49,748.5,29.61,15.21
"2021-09-27 14:55:00",85521,13.46,34.66,748.5,28.37,16.07
"2021-09-27 15:00:00",85522,13.46,34.79,748.4,29.09,15.75
"2021-09-27 15:05:00",85523,13.46,34.93,748.3,28.94,16.38
"2021-09-27 15:10:00",85524,13.46,35.03,748.2,28.9,16.28
"2021-09-27 15:15:00",85525,13.46,35.12,748.1,29.02,17.52
"2021-09-27 15:20:00",85526,13.46,35.27,748,30.01,16.58
"2021-09-27 15:25:00",85527,13.46,35.4,747.9,29.11,16.11
"2021-09-27 15:30:00",85528,13.43,35.5,747.8,29.46,16.45
"2021-09-27 15:35:00",85529,13.43,35.51,747.6,28.86,18.99
"2021-09-27 15:40:00",85530,13.43,35.38,747.8,28.03,21.95
"2021-09-27 15:45:00",85531,13.43,35.18,747.6,28.22,21.61
"2021-09-27 15:50:00",85532,13.43,35.07,747.6,28.95,20.75
"2021-09-27 15:55:00",85533,13.43,34.94,747.5,29,20.75
"2021-09-27 16:00:00",85534,13.43,34.81,747.5,27.95,23.75
"2021-09-27 16:05:00",85535,13.43,34.56,747.4,28.1,24.55
"2021-09-27 16:10:00",85536,13.43,34.26,747.2,27.02,26.78
"2021-09-27 16:15:00",85537,13.43,33.79,747.2,26.56,28.12
"2021-09-27 16:20:00",85538,13.43,33.24,747.3,26.79,27.11
"2021-09-27 16:25:00",85539,13.43,32.8,747.3,26.87,27.11
"2021-09-27 16:30:00",85540,13.43,32.46,747.2,27.49,26.34
"2021-09-27 16:35:00",85541,13.43,32.29,747.3,27.26,22.52
"2021-09-27 16:40:00",85542,13.43,32.22,747.4,27.14,24.94
"2021-09-27 16:45:00",85543,13.43,32.17,747.4,27.13,23.21
"2021-09-27 16:50:00",85544,13.45,32.11,747.4,27.23,23.18
"2021-09-27 16:55:00",85545,13.46,32.06,747.4,27.52,25.17
"2021-09-27 17:00:00",85546,13.45,31.99,747.3,26.64,26.62
"2021-09-27 17:05:00",85547,13.45,31.82,747.4,26.43,27.29
"2021-09-27 17:10:00",85548,13.45,31.42,747.4,25.84,28.23
"2021-09-27 17:15:00",85549,13.48,30.81,747.5,25.26,29.58
"2021-09-27 17:20:00",85550,13.5,30.38,747.5,25.22,30.11
"2021-09-27 17:25:00",85551,13.5,30.11,747.7,25.06,30.78
"2021-09-27 17:30:00",85552,13.5,29.75,747.8,24.97,30.77
"2021-09-27 17:35:00",85553,13.5,29.27,747.9,25.02,30.81
"2021-09-27 17:40:00",85554,13.46,28.71,747.9,24.84,31.09
"2021-09-27 17:45:00",85555,13.33,28.2,748,24.42,32.3
"2021-09-27 17:50:00",85556,13.23,27.82,747.9,24.31,32.89
"2021-09-27 17:55:00",85557,13.17,27.44,748,24.03,33.07
"2021-09-27 18:00:00",85558,13.12,27.09,748.2,23.85,33.46
"2021-09-27 18:05:00",85559,13.07,26.75,748.2,23.73,33.48
"2021-09-27 18:10:00",85560,13.03,26.43,748.3,23.57,33.93
"2021-09-27 18:15:00",85561,13,26.11,748.4,23.49,34.02
"2021-09-27 18:20:00",85562,12.98,25.75,748.4,23.39,33.98
"2021-09-27 18:25:00",85563,12.97,25.46,748.6,23.27,33.7
"2021-09-27 18:30:00",85564,12.96,25.17,748.6,23.15,34.36
"2021-09-27 18:35:00",85565,12.96,24.91,748.7,23.05,34.38
"2021-09-27 18:40:00",85566,12.95,24.67,748.9,23.12,34.09
"2021-09-27 18:45:00",85567,12.95,24.47,749,22.98,34.47
"2021-09-27 18:50:00",85568,12.94,24.3,749.1,22.85,34.79
"2021-09-27 18:55:00",85569,12.94,24.12,749.3,22.88,34.46
"2021-09-27 19:00:00",85570,12.94,23.93,749.4,22.16,37.3
"2021-09-27 19:05:00",85571,12.93,23.73,749.5,22.02,36.69
"2021-09-27 19:10:00",85572,12.93,23.51,749.6,21.48,40.1
"2021-09-27 19:15:00",85573,12.93,23.28,749.7,20.79,42.1
"2021-09-27 19:20:00",85574,12.92,22.98,749.8,20.54,42.14
"2021-09-27 19:25:00",85575,12.92,22.72,749.9,20.13,45.26
"2021-09-27 19:30:00",85576,12.92,22.44,750,19.95,45.27
"2021-09-27 19:35:00",85577,12.92,22.16,750.1,19.48,46.8
"2021-09-27 19:40:00",85578,12.91,21.86,750.2,19.42,46.76
"2021-09-27 19:45:00",85579,12.91,21.6,750.3,19.64,45.55
"2021-09-27 19:50:00",85580,12.91,21.36,750.4,19.76,45.09
"2021-09-27 19:55:00",85581,12.9,21.16,750.5,19.7,45.27
"2021-09-27 20:00:00",85582,12.9,21,750.5,19.58,45.58
"2021-09-27 20:05:00",85583,12.9,20.85,750.6,19.53,45.54
"2021-09-27 20:10:00",85584,12.89,20.71,750.6,19.6,45.23
"2021-09-27 20:15:00",85585,12.89,20.59,750.7,19.73,44.61
"2021-09-27 20:20:00",85586,12.89,20.51,750.7,19.94,43.86
"2021-09-27 20:25:00",85587,12.89,20.45,750.8,19.82,44.49
"2021-09-27 20:30:00",85588,12.89,20.44,750.9,19.47,45.53
"2021-09-27 20:35:00",85589,12.89,20.34,750.9,19.28,46.27
"2021-09-27 20:40:00",85590,12.89,20.21,751.1,19.3,45.83
"2021-09-27 20:45:00",85591,12.89,20.12,751.2,19.57,45.03
"2021-09-27 20:50:00",85592,12.88,20.05,751.2,19.77,44.16
"2021-09-27 20:55:00",85593,12.88,20,751.3,20.02,43.27
"2021-09-27 21:00:00",85594,12.88,19.99,751.4,20.03,43.36
"2021-09-27 21:05:00",85595,12.88,19.99,751.4,19.87,43.92
"2021-09-27 21:10:00",85596,12.88,19.99,751.4,19.79,44.23
"2021-09-27 21:15:00",85597,12.88,19.98,751.5,19.9,43.67
"2021-09-27 21:20:00",85598,12.88,19.95,751.6,20.02,43.36
"2021-09-27 21:25:00",85599,12.87,19.98,751.6,20,43.52
"2021-09-27 21:30:00",85600,12.87,19.95,751.6,19.98,43.36
"2021-09-27 21:35:00",85601,12.87,19.96,751.7,19.92,43.86
"2021-09-27 21:40:00",85602,12.87,19.92,751.8,19.78,44.16
"2021-09-27 21:45:00",85603,12.87,19.88,751.8,19.71,44.28
"2021-09-27 21:50:00",85604,12.87,19.82,751.9,19.7,44.16
"2021-09-27 21:55:00",85605,12.87,19.77,751.9,19.78,43.78
"2021-09-27 22:00:00",85606,12.87,19.72,751.9,19.73,43.78
"2021-09-27 22:05:00",85607,12.87,19.69,751.8,19.75,43.78
"2021-09-27 22:10:00",85608,12.87,19.61,751.9,19.67,44.15
"2021-09-27 22:15:00",85609,12.87,19.56,751.9,19.31,45.45
"2021-09-27 22:20:00",85610,12.87,19.46,752,18.77,46.93
"2021-09-27 22:25:00",85611,12.87,19.32,752,18.49,48.38
"2021-09-27 22:30:00",85612,12.87,19.2,752,18.47,48.25
"2021-09-27 22:35:00",85613,12.87,19.07,752,18.32,48.2
"2021-09-27 22:40:00",85614,12.87,18.92,752,18.07,49.95
"2021-09-27 22:45:00",85615,12.87,18.79,752,18.13,49.8
"2021-09-27 22:50:00",85616,12.87,18.66,752,18.34,48.99
"2021-09-27 22:55:00",85617,12.87,18.57,752,18.15,49.21
"2021-09-27 23:00:00",85618,12.87,18.48,752,18.33,48.92
"2021-09-27 23:05:00",85619,12.86,18.44,752,18.26,49.35
"2021-09-27 23:10:00",85620,12.86,18.39,752,17.93,50.28
"2021-09-27 23:15:00",85621,12.86,18.3,752,17.91,50.49
"2021-09-27 23:20:00",85622,12.86,18.23,751.9,17.89,50.67
"2021-09-27 23:25:00",85623,12.86,18.15,751.9,17.74,51
"2021-09-27 23:30:00",85624,12.86,18.05,751.8,17.93,50.49
"2021-09-27 23:35:00",85625,12.86,17.98,751.9,17.78,50.78
"2021-09-27 23:40:00",85626,12.85,17.9,751.9,17.84,51.17
"2021-09-27 23:45:00",85627,12.85,17.85,751.9,17.66,51.39
"2021-09-27 23:50:00",85628,12.85,17.8,751.9,17.52,51.59
"2021-09-27 23:55:00",85629,12.85,17.74,751.9,17.42,52.04
"2021-09-28 00:00:00",85630,12.85,17.68,751.9,17.16,52.83
"2021-09-28 00:05:00",85631,12.85,17.61,751.9,16.78,53.61
"2021-09-28 00:10:00",85632,12.85,17.5,751.9,16.58,54.01
"2021-09-28 00:15:00",85633,12.84,17.39,751.9,16.71,53.54
"2021-09-28 00:20:00",85634,12.84,17.27,751.8,16.62,53.74
"2021-09-28 00:25:00",85635,12.84,17.16,751.8,16.63,54.08
"2021-09-28 00:30:00",85636,12.84,17.08,751.8,16.77,54.01
"2021-09-28 00:35:00",85637,12.84,17.01,751.8,16.75,53.48
"2021-09-28 00:40:00",85638,12.84,16.95,751.8,16.73,53.42
"2021-09-28 00:45:00",85639,12.84,16.92,751.8,16.29,55.59
"2021-09-28 00:50:00",85640,12.84,16.88,751.9,15.96,56.85
"2021-09-28 00:55:00",85641,12.83,16.8,751.9,15.81,56.67
"2021-09-28 01:00:00",85642,12.84,16.69,751.8,15.94,55.93
"2021-09-28 01:05:00",85643,12.83,16.6,751.8,16.04,55.64
"2021-09-28 01:10:00",85644,12.83,16.51,751.8,16.2,55.3
"2021-09-28 01:15:00",85645,12.83,16.45,751.7,16.31,54.53
"2021-09-28 01:20:00",85646,12.83,16.42,751.6,16.42,54.14
"2021-09-28 01:25:00",85647,12.83,16.37,751.5,16.18,54.75
"2021-09-28 01:30:00",85648,12.82,16.33,751.5,16.24,53.81
"2021-09-28 01:35:00",85649,12.82,16.26,751.6,16.28,54.7
"2021-09-28 01:40:00",85650,12.82,16.21,751.6,16.2,55.27
"2021-09-28 01:45:00",85651,12.82,16.17,751.6,16.05,55.64
"2021-09-28 01:50:00",85652,12.82,16.1,751.6,16.02,54.51
"2021-09-28 01:55:00",85653,12.82,16.04,751.5,15.96,55.23
"2021-09-28 02:00:00",85654,12.82,15.96,751.5,15.92,54.62
"2021-09-28 02:05:00",85655,12.81,15.88,751.5,15.85,54.49
"2021-09-28 02:10:00",85656,12.81,15.8,751.4,15.68,55.16
"2021-09-28 02:15:00",85657,12.81,15.7,751.4,15.62,55.91
"2021-09-28 02:20:00",85658,12.81,15.63,751.4,15.52,56.32
"2021-09-28 02:25:00",85659,12.81,15.57,751.3,15.46,56.16
"2021-09-28 02:30:00",85660,12.81,15.52,751.2,15.59,55.76
"2021-09-28 02:35:00",85661,12.8,15.48,751.1,15.57,55.27
"2021-09-28 02:40:00",85662,12.8,15.46,751,15.6,55.03
"2021-09-28 02:45:00",85663,12.8,15.44,751,15.09,59.36
"2021-09-28 02:50:00",85664,12.8,15.34,751,14.47,61.58
"2021-09-28 02:55:00",85665,12.8,15.25,751,14.05,63.96
"2021-09-28 03:00:00",85666,12.79,15.11,751,13.92,64.7
"2021-09-28 03:05:00",85667,12.79,14.97,751,14,64.22
"2021-09-28 03:10:00",85668,12.79,14.85,751,14.24,63
"2021-09-28 03:15:00",85669,12.79,14.74,751,14.29,62.68
"2021-09-28 03:20:00",85670,12.78,14.63,751,14.39,62.31
"2021-09-28 03:25:00",85671,12.78,14.56,751,14.4,61.81
"2021-09-28 03:30:00",85672,12.78,14.49,751.1,14.69,60.11
"2021-09-28 03:35:00",85673,12.78,14.44,751.1,14.66,61.29
"2021-09-28 03:40:00",85674,12.78,14.39,751,14.33,63.07
"2021-09-28 03:45:00",85675,12.77,14.33,751.1,14.3,62.88
"2021-09-28 03:50:00",85676,12.77,14.26,751,14.24,62.93
"2021-09-28 03:55:00",85677,12.77,14.2,751.1,14.16,63.16
"2021-09-28 04:00:00",85678,12.77,14.14,751.1,13.94,64.32
"2021-09-28 04:05:00",85679,12.76,14.07,751.1,14.17,63.01
"2021-09-28 04:10:00",85680,12.76,14.04,751.1,14.19,61.63
"2021-09-28 04:15:00",85681,12.76,14.05,751.1,14.01,61.69
"2021-09-28 04:20:00",85682,12.76,14.08,751.1,14,61.71
"2021-09-28 04:25:00",85683,12.76,14.07,751.2,13.81,62.27
"2021-09-28 04:30:00",85684,12.75,14.04,751.2,13.95,61.68
"2021-09-28 04:35:00",85685,12.75,14,751.2,14.01,61.33
"2021-09-28 04:40:00",85686,12.75,13.97,751.3,13.45,65.38
"2021-09-28 04:45:00",85687,12.75,13.91,751.3,13.08,66.71
"2021-09-28 04:50:00",85688,12.74,13.84,751.4,13.28,66.05
"2021-09-28 04:55:00",85689,12.74,13.77,751.5,13.57,64.81
"2021-09-28 05:00:00",85690,12.74,13.71,751.6,13.41,65.66
"2021-09-28 05:05:00",85691,12.74,13.65,751.6,13.41,65.52
"2021-09-28 05:10:00",85692,12.73,13.6,751.6,13.53,64.81
"2021-09-28 05:15:00",85693,12.73,13.55,751.7,13.65,64.13
"2021-09-28 05:20:00",85694,12.73,13.51,751.8,13.71,63.29
"2021-09-28 05:25:00",85695,12.73,13.51,751.8,13.61,63.27
"2021-09-28 05:30:00",85696,12.72,13.49,751.8,13.49,63.42
"2021-09-28 05:35:00",85697,12.72,13.49,751.8,13.41,63.35
"2021-09-28 05:40:00",85698,12.72,13.46,751.8,13.26,64
"2021-09-28 05:45:00",85699,12.72,13.42,751.9,13.08,65.05
"2021-09-28 05:50:00",85700,12.71,13.34,751.9,12.97,65.64
"2021-09-28 05:55:00",85701,12.71,13.27,751.8,13.28,64.5
"2021-09-28 06:00:00",85702,12.71,13.25,751.9,13.14,65.38
"2021-09-28 06:05:00",85703,12.71,13.26,751.9,12.66,67.06
"2021-09-28 06:10:00",85704,12.7,13.29,752,12.5,68.24
"2021-09-28 06:15:00",85705,12.71,13.26,752,12.3,69.3
"2021-09-28 06:20:00",85706,12.72,13.21,752.1,12.22,69.71
"2021-09-28 06:25:00",85707,12.71,13.14,752.3,12.6,68.15
"2021-09-28 06:30:00",85708,12.71,13.04,752.4,12.66,67.58
"2021-09-28 06:35:00",85709,12.72,13,752.4,12.72,67.28
"2021-09-28 06:40:00",85710,12.74,12.96,752.5,12.94,66.07
"2021-09-28 06:45:00",85711,12.76,12.98,752.4,13.25,65.14
"2021-09-28 06:50:00",85712,12.78,13.01,752.4,13.28,65.35
"2021-09-28 06:55:00",85713,12.82,13.11,752.5,13.12,67.06
"2021-09-28 07:00:00",85714,12.88,13.21,752.5,12.9,68.92
"2021-09-28 07:05:00",85715,12.96,13.3,752.6,12.96,68.33
"2021-09-28 07:10:00",85716,13.08,13.39,752.7,13.09,66.85
"2021-09-28 07:15:00",85717,13.21,13.49,752.8,13.43,66.21
"2021-09-28 07:20:00",85718,13.35,13.61,752.9,13.71,65.25
"2021-09-28 07:25:00",85719,13.46,13.8,753,13.99,63.51
"2021-09-28 07:30:00",85720,13.56,14.01,753.1,14.31,62.89
"2021-09-28 07:35:00",85721,13.65,14.25,753.2,14.54,61.09
"2021-09-28 07:40:00",85722,13.75,14.57,753.2,15.03,60.55
"2021-09-28 07:45:00",85723,13.86,14.98,753.3,15.28,58.82
"2021-09-28 07:50:00",85724,13.94,15.51,753.3,15.96,56.67
"2021-09-28 07:55:00",85725,13.82,16.96,753.3,16.34,55.51
"2021-09-28 08:00:00",85726,13.79,17.74,753.3,17.07,53.16
"2021-09-28 08:05:00",85727,13.79,18.37,753.4,16.69,58.26
"2021-09-28 08:10:00",85728,13.79,18.95,753.5,17.33,56.38
"2021-09-28 08:15:00",85729,13.76,19.51,753.4,17.89,52.72
"2021-09-28 08:20:00",85730,13.76,20.06,753.5,17.94,51.55
"2021-09-28 08:25:00",85731,13.73,20.54,753.5,17.93,53.47
"2021-09-28 08:30:00",85732,13.74,21.01,753.5,18.4,50.24
"2021-09-28 08:35:00",85733,13.71,21.49,753.6,18.79,48.92
"2021-09-28 08:40:00",85734,13.71,21.91,753.6,18.68,49.38
"2021-09-28 08:45:00",85735,13.71,22.4,753.7,19.22,47.65
"2021-09-28 08:50:00",85736,13.68,22.95,753.7,19.32,47.48
"2021-09-28 08:55:00",85737,13.68,23.4,753.7,19.67,47.01
"2021-09-28 09:00:00",85738,13.65,23.86,753.7,20.15,45.04
"2021-09-28 09:05:00",85739,13.66,24.19,753.7,20.06,44.58
"2021-09-28 09:10:00",85740,13.66,24.57,753.6,20.16,44.85
"2021-09-28 09:15:00",85741,13.66,24.99,753.6,21.19,42.56
"2021-09-28 09:20:00",85742,13.63,25.66,753.6,21.72,40.1
"2021-09-28 09:25:00",85743,13.61,26.24,753.5,21.45,40.59
"2021-09-28 09:30:00",85744,13.61,26.74,753.4,21.41,41.2
"2021-09-28 09:35:00",85745,13.61,27.15,753.4,21.83,40.34
"2021-09-28 09:40:00",85746,13.58,27.46,753.4,21.61,39.99
"2021-09-28 09:45:00",85747,13.58,27.63,753.4,21.87,40.02
"2021-09-28 09:50:00",85748,13.58,27.78,753.3,21.41,42.04
"2021-09-28 09:55:00",85749,13.58,27.91,753.3,21.91,39.95
"2021-09-28 10:00:00",85750,13.58,28.03,753.3,21.9,39.76
"2021-09-28 10:05:00",85751,13.58,28.19,753.2,22.49,39.13
"2021-09-28 10:10:00",85752,13.58,28.43,753.1,22.26,39.01
"2021-09-28 10:15:00",85753,13.56,28.69,753.1,22.09,39.97
"2021-09-28 10:20:00",85754,13.56,28.96,753,22.33,37.71
"2021-09-28 10:25:00",85755,13.56,29.28,753,23.06,37.26
"2021-09-28 10:30:00",85756,13.56,29.74,752.9,24.17,34.92
"2021-09-28 10:35:00",85757,13.54,30.24,752.9,23.65,36.19
"2021-09-28 10:40:00",85758,13.53,30.69,752.8,23.2,37.34
"2021-09-28 10:45:00",85759,13.54,30.97,752.8,22.99,37.78
"2021-09-28 10:50:00",85760,13.51,31.12,752.7,23.33,36.43
"2021-09-28 10:55:00",85761,13.51,31.22,752.7,23.31,36.99
"2021-09-28 11:00:00",85762,13.52,31.32,752.5,24.35,34.6
"2021-09-28 11:05:00",85763,13.51,31.42,752.4,23.8,36.24
"2021-09-28 11:10:00",85764,13.52,31.51,752.3,23.3,38.07
"2021-09-28 11:15:00",85765,13.52,31.57,752.2,24.18,35.78
"2021-09-28 11:20:00",85766,13.52,31.7,752,24.7,35.5
"2021-09-28 11:25:00",85767,13.52,31.93,752,25.57,33.38
"2021-09-28 11:30:00",85768,13.49,32.19,751.9,25,32.39
"2021-09-28 11:35:00",85769,13.49,32.39,751.9,24.97,33.29
"2021-09-28 11:40:00",85770,13.49,32.54,751.7,24.49,32.81
"2021-09-28 11:45:00",85771,13.49,32.63,751.7,25.33,30.16
"2021-09-28 11:50:00",85772,13.49,32.78,751.6,25.38,30.74
"2021-09-28 11:55:00",85773,13.49,32.89,751.4,25.42,28.3
"2021-09-28 12:00:00",85774,13.5,32.97,751.3,25.42,27.07
"2021-09-28 12:05:00",85775,13.49,33.03,751.2,25.34,28.77
"2021-09-28 12:10:00",85776,13.5,33.08,751.1,25.9,27.18
"2021-09-28 12:15:00",85777,13.47,33.01,751.1,25.38,25.05
"2021-09-28 12:20:00",85778,13.47,32.89,751,25.5,23.07
"2021-09-28 12:25:00",85779,13.47,32.77,750.9,26,22.17
"2021-09-28 12:30:00",85780,13.47,32.75,750.7,26.26,23.5
"2021-09-28 12:35:00",85781,13.47,32.77,750.6,25.61,23.59
"2021-09-28 12:40:00",85782,13.47,32.75,750.4,26.46,21.71
"2021-09-28 12:45:00",85783,13.47,32.75,750.3,26.28,24.6
"2021-09-28 12:50:00",85784,13.47,32.77,750.2,26.43,25.26
"2021-09-28 12:55:00",85785,13.47,32.78,750.1,26.52,25.03
"2021-09-28 13:00:00",85786,13.48,32.78,749.9,27.22,24.94
"2021-09-28 13:05:00",85787,13.47,32.79,749.8,25.79,27.65
"2021-09-28 13:10:00",85788,13.47,32.75,749.7,27.72,25.67
"2021-09-28 13:15:00",85789,13.48,32.8,749.6,27.27,25.81
"2021-09-28 13:20:00",85790,13.47,32.86,749.5,27.55,24.76
"2021-09-28 13:25:00",85791,13.48,32.91,749.4,27.03,25.69
"2021-09-28 13:30:00",85792,13.48,32.88,749.3,26.51,26.88
"2021-09-28 13:35:00",85793,13.47,32.84,749.2,27.09,26.17
"2021-09-28 13:40:00",85794,13.48,32.82,749.1,27.25,26.11
"2021-09-28 13:45:00",85795,13.48,32.84,749,27.42,23.96
"2021-09-28 13:50:00",85796,13.48,32.86,749,27.42,23.51
"2021-09-28 13:55:00",85797,13.47,32.95,748.9,27.95,22.36
"2021-09-28 14:00:00",85798,13.48,33.05,748.8,27.5,22.96
"2021-09-28 14:05:00",85799,13.48,33.19,748.6,27.72,21.09
"2021-09-28 14:10:00",85800,13.48,33.4,748.5,28.53,21.98
"2021-09-28 14:15:00",85801,13.48,33.67,748.4,28.82,19.76
"2021-09-28 14:20:00",85802,13.48,33.96,748.3,28.97,19.84
"2021-09-28 14:25:00",85803,13.48,34.19,748.2,28.98,16.24
"2021-09-28 14:30:00",85804,13.48,34.33,748.1,28.73,13.96
"2021-09-28 14:35:00",85805,13.46,34.42,748.1,28.42,11.95
"2021-09-28 14:40:00",85806,13.45,34.48,748,28.65,12.17
"2021-09-28 14:45:00",85807,13.45,34.58,748,28.5,10.09
"2021-09-28 14:50:00",85808,13.46,34.59,747.9,28.87,11.04
"2021-09-28 14:55:00",85809,13.46,34.56,747.9,28.52,10.95
"2021-09-28 15:00:00",85810,13.46,34.53,747.7,28.24,11.01
"2021-09-28 15:05:00",85811,13.46,34.53,747.7,28.59,9.88
"2021-09-28 15:10:00",85812,13.45,34.62,747.5,28.84,11.39
"2021-09-28 15:15:00",85813,13.46,34.78,747.5,29.97,10.94
"2021-09-28 15:20:00",85814,13.46,35.02,747.4,30.08,10.44
"2021-09-28 15:25:00",85815,13.46,35.3,747.4,29.38,12.78
"2021-09-28 15:30:00",85816,13.43,35.56,747.3,28.96,13.33
"2021-09-28 15:35:00",85817,13.43,35.77,747.2,28.64,17.5
"2021-09-28 15:40:00",85818,13.43,35.85,747.2,28.39,18.4
"2021-09-28 15:45:00",85819,13.43,35.84,747.1,28.85,17.72
"2021-09-28 15:50:00",85820,13.43,35.86,747.1,29.54,18.11
"2021-09-28 15:55:00",85821,13.43,35.89,747,28.74,19.83
"2021-09-28 16:00:00",85822,13.43,35.89,747,28.77,19.16
"2021-09-28 16:05:00",85823,13.43,35.81,746.9,28.57,19.25
"2021-09-28 16:10:00",85824,13.43,35.79,746.9,28.86,19.41
"2021-09-28 16:15:00",85825,13.43,35.9,746.9,30,18.91
"2021-09-28 16:20:00",85826,13.43,36.07,747,29.94,18.63
"2021-09-28 16:25:00",85827,13.43,36.19,746.9,30.07,18.49
"2021-09-28 16:30:00",85828,13.43,36.28,746.9,29.61,19.6
"2021-09-28 16:35:00",85829,13.43,36.34,746.9,29,20.68
"2021-09-28 16:40:00",85830,13.43,36.38,746.8,29.12,20.62
"2021-09-28 16:45:00",85831,13.43,36.28,746.8,28.02,22.09
"2021-09-28 16:50:00",85832,13.43,35.99,746.7,27.97,22.54
"2021-09-28 16:55:00",85833,13.43,35.62,746.8,27.88,24.16
"2021-09-28 17:00:00",85834,13.43,35.15,746.9,27.42,25.47
"2021-09-28 17:05:00",85835,13.43,34.56,746.8,27.17,26.86
"2021-09-28 17:10:00",85836,13.43,33.97,746.8,27.36,26.6
"2021-09-28 17:15:00",85837,13.43,33.47,746.8,26.85,27.87
"2021-09-28 17:20:00",85838,13.43,32.98,746.8,26.53,29.14
"2021-09-28 17:25:00",85839,13.43,32.52,746.9,26.26,29.35
"2021-09-28 17:30:00",85840,13.43,32.06,746.9,26.19,30.16
"2021-09-28 17:35:00",85841,13.45,31.49,746.9,25.97,29.97
"2021-09-28 17:40:00",85842,13.45,30.77,747,25.89,30.64
"2021-09-28 17:45:00",85843,13.32,30.06,747.1,25.86,29.49
"2021-09-28 17:50:00",85844,13.22,29.59,747.1,25.97,29.29
"2021-09-28 17:55:00",85845,13.16,29.19,747.2,25.72,29.61
"2021-09-28 18:00:00",85846,13.09,28.81,747.3,25.32,30.39
"2021-09-28 18:05:00",85847,13.04,28.41,747.3,24.7,31.69
"2021-09-28 18:10:00",85848,13.01,27.97,747.4,24.75,31.49
"2021-09-28 18:15:00",85849,13,27.71,747.4,24.57,31.81
"2021-09-28 18:20:00",85850,12.98,27.15,747.5,24.36,32.4
"2021-09-28 18:25:00",85851,12.98,26.78,747.5,24.32,32.39
"2021-09-28 18:30:00",85852,12.97,26.4,747.7,24,33.37
"2021-09-28 18:35:00",85853,12.97,26.06,747.7,23.59,34.6
"2021-09-28 18:40:00",85854,12.96,25.74,747.8,23.43,35.05
"2021-09-28 18:45:00",85855,12.96,25.46,747.9,23.23,35.69
"2021-09-28 18:50:00",85856,12.96,25.14,748,23.1,36.07
"2021-09-28 18:55:00",85857,12.95,24.89,748.1,23.07,36.27
"2021-09-28 19:00:00",85858,12.95,24.64,748.2,22.91,36.71
"2021-09-28 19:05:00",85859,12.95,24.43,748.3,22.69,37.35
"2021-09-28 19:10:00",85860,12.94,24.25,748.4,22.69,37.22
"2021-09-28 19:15:00",85861,12.94,24.07,748.6,22.59,37.74
"2021-09-28 19:20:00",85862,12.94,23.91,748.7,22.33,38.56
"2021-09-28 19:25:00",85863,12.94,23.73,748.9,21.99,39.63
"2021-09-28 19:30:00",85864,12.93,23.56,749,21.83,40.01
"2021-09-28 19:35:00",85865,12.93,23.38,749.1,21.59,40.99
"2021-09-28 19:40:00",85866,12.93,23.18,749.3,21.37,41.32
"2021-09-28 19:45:00",85867,12.92,22.95,749.4,21.19,42.08
"2021-09-28 19:50:00",85868,12.92,22.74,749.5,21.13,42.33
"2021-09-28 19:55:00",85869,12.92,22.55,749.6,21.3,41.54
"2021-09-28 20:00:00",85870,12.92,22.41,749.7,21.46,40.95
"2021-09-28 20:05:00",85871,12.92,22.29,749.8,21.52,40.56
"2021-09-28 20:10:00",85872,12.91,22.2,749.9,21.24,41.41
"2021-09-28 20:15:00",85873,12.91,22.1,750,21.04,42.09
"2021-09-28 20:20:00",85874,12.91,21.98,750.1,20.93,42.37
"2021-09-28 20:25:00",85875,12.91,21.88,750.2,20.74,42.51
"2021-09-28 20:30:00",85876,12.9,21.78,750.2,20.75,42.61
"2021-09-28 20:35:00",85877,12.9,21.64,750.3,20.49,43.48
"2021-09-28 20:40:00",85878,12.9,21.5,750.4,20.28,44
"2021-09-28 20:45:00",85879,12.89,21.36,750.5,20.5,42.65
"2021-09-28 20:50:00",85880,12.89,21.27,750.6,20.63,42.4
"2021-09-28 20:55:00",85881,12.89,21.2,750.6,20.45,43.12
"2021-09-28 21:00:00",85882,12.89,21.13,750.7,20.24,43.96
"2021-09-28 21:05:00",85883,12.89,21.04,750.8,20.03,44.51
"2021-09-28 21:10:00",85884,12.88,20.93,750.8,19.85,45.2
"2021-09-28 21:15:00",85885,12.88,20.8,750.9,19.8,44.87
"2021-09-28 21:20:00",85886,12.88,20.7,750.9,19.99,44.29
"2021-09-28 21:25:00",85887,12.88,20.59,751,20.02,44.1
"2021-09-28 21:30:00",85888,12.88,20.5,751,19.94,44.44
"2021-09-28 21:35:00",85889,12.88,20.4,751.1,19.82,44.43
"2021-09-28 21:40:00",85890,12.88,20.3,751.3,19.68,44.82
"2021-09-28 21:45:00",85891,12.87,20.23,751.3,19.94,43.54
"2021-09-28 21:50:00",85892,12.87,20.17,751.3,20.09,43.11
"2021-09-28 21:55:00",85893,12.87,20.14,751.3,19.91,43.89
"2021-09-28 22:00:00",85894,12.87,20.11,751.3,19.82,44.33
"2021-09-28 22:05:00",85895,12.87,20.08,751.3,19.74,44.16
"2021-09-28 22:10:00",85896,12.87,20.03,751.4,19.85,43.53
"2021-09-28 22:15:00",85897,12.87,19.99,751.5,19.8,43.75
"2021-09-28 22:20:00",85898,12.87,19.96,751.6,19.64,44.34
"2021-09-28 22:25:00",85899,12.87,19.9,751.6,19.58,44.62
"2021-09-28 22:30:00",85900,12.87,19.84,751.7,19.54,44.84
"2021-09-28 22:35:00",85901,12.86,19.77,751.7,19.48,44.83
"2021-09-28 22:40:00",85902,12.87,19.71,751.7,19.52,44.45
"2021-09-28 22:45:00",85903,12.86,19.65,751.7,19.61,44.14
"2021-09-28 22:50:00",85904,12.86,19.59,751.8,19.47,44.61
"2021-09-28 22:55:00",85905,12.86,19.52,751.7,19.33,45.16
"2021-09-28 23:00:00",85906,12.86,19.45,751.8,19.2,45.43
"2021-09-28 23:05:00",85907,12.86,19.36,751.7,19.07,45.67
"2021-09-28 23:10:00",85908,12.86,19.27,751.7,19.08,45.42
"2021-09-28 23:15:00",85909,12.86,19.18,751.7,19.05,45.35
"2021-09-28 23:20:00",85910,12.86,19.08,751.6,18.83,46.53
"2021-09-28 23:25:00",85911,12.86,18.96,751.6,18.66,46.32
"2021-09-28 23:30:00",85912,12.86,18.84,751.6,18.67,46.45
"2021-09-28 23:35:00",85913,12.86,18.75,751.6,18.7,46.64
"2021-09-28 23:40:00",85914,12.86,18.64,751.6,18.06,49.89
"2021-09-28 23:45:00",85915,12.86,18.53,751.5,17.88,49.96
"2021-09-28 23:50:00",85916,12.86,18.42,751.5,17.76,50.35
"2021-09-28 23:55:00",85917,12.86,18.29,751.5,17.76,50.25
"2021-09-29 00:00:00",85918,12.85,18.16,751.5,17.72,49.75
"2021-09-29 00:05:00",85919,12.85,18.05,751.5,17.71,49.53
"2021-09-29 00:10:00",85920,12.85,17.95,751.5,17.97,48.88
"2021-09-29 00:15:00",85921,12.85,17.89,751.5,18.04,50.2
"2021-09-29 00:20:00",85922,12.85,17.87,751.4,18.17,48.62
"2021-09-29 00:25:00",85923,12.85,17.87,751.4,17.82,51.19
"2021-09-29 00:30:00",85924,12.85,17.86,751.4,17.58,52.06
"2021-09-29 00:35:00",85925,12.85,17.84,751.3,17.35,53.05
"2021-09-29 00:40:00",85926,12.84,17.77,751.3,17.2,54.1
"2021-09-29 00:45:00",85927,12.84,17.7,751.2,17.08,53.63
"2021-09-29 00:50:00",85928,12.84,17.59,751.2,17.17,53.17
"2021-09-29 00:55:00",85929,12.84,17.52,751.1,17.17,52.62
"2021-09-29 01:00:00",85930,12.84,17.45,751.1,17.37,51.01
"2021-09-29 01:05:00",85931,12.84,17.43,751.1,17.31,51.12
"2021-09-29 01:10:00",85932,12.83,17.37,751.1,17.31,49.66
"2021-09-29 01:15:00",85933,12.83,17.32,751.1,17.5,49.44
"2021-09-29 01:20:00",85934,12.83,17.26,751,17.61,48.54
"2021-09-29 01:25:00",85935,12.83,17.22,751,17.73,47.81
"2021-09-29 01:30:00",85936,12.83,17.17,751,17.69,48.46
"2021-09-29 01:35:00",85937,12.82,17.13,751,17.27,51.64
"2021-09-29 01:40:00",85938,12.82,17.07,751,17.11,52.55
"2021-09-29 01:45:00",85939,12.82,17.02,751,17.28,50.59
"2021-09-29 01:50:00",85940,12.82,16.96,751,17.59,49.08
"2021-09-29 01:55:00",85941,12.82,16.91,751,17.45,48.49
"2021-09-29 02:00:00",85942,12.82,16.87,751,17.34,51.47
"2021-09-29 02:05:00",85943,12.82,16.84,751,17.27,50.28
"2021-09-29 02:10:00",85944,12.81,16.82,750.9,17.13,51.63
"2021-09-29 02:15:00",85945,12.81,16.79,750.9,16.97,52.87
"2021-09-29 02:20:00",85946,12.81,16.75,750.8,16.4,54.75
"2021-09-29 02:25:00",85947,12.81,16.65,750.9,16.4,53.71
"2021-09-29 02:30:00",85948,12.81,16.56,750.9,16.54,52.59
"2021-09-29 02:35:00",85949,12.8,16.5,750.9,16.79,52.94
"2021-09-29 02:40:00",85950,12.8,16.45,750.8,16.61,53.46
"2021-09-29 02:45:00",85951,12.8,16.38,750.8,16.47,54.18
"2021-09-29 02:50:00",85952,12.8,16.31,750.8,16.38,54.72
"2021-09-29 02:55:00",85953,12.8,16.24,750.8,16.23,55.52
"2021-09-29 03:00:00",85954,12.79,16.17,750.8,15.85,56.68
"2021-09-29 03:05:00",85955,12.79,16.07,750.8,15.96,56.21
"2021-09-29 03:10:00",85956,12.79,15.98,750.8,15.97,56.91
"2021-09-29 03:15:00",85957,12.79,15.92,750.9,16.05,55.98
"2021-09-29 03:20:00",85958,12.78,15.87,750.9,15.61,59.65
"2021-09-29 03:25:00",85959,12.78,15.81,750.9,15.46,58.94
"2021-09-29 03:30:00",85960,12.78,15.72,750.9,15.28,58.37
"2021-09-29 03:35:00",85961,12.78,15.62,750.9,16.07,53.42
"2021-09-29 03:40:00",85962,12.77,15.56,750.9,16.04,55.1
"2021-09-29 03:45:00",85963,12.77,15.53,750.9,15.86,56.22
"2021-09-29 03:50:00",85964,12.77,15.5,750.9,15.88,55.89
"2021-09-29 03:55:00",85965,12.77,15.45,750.9,16.04,54.21
"2021-09-29 04:00:00",85966,12.76,15.4,750.9,15.96,55.08
"2021-09-29 04:05:00",85967,12.76,15.37,750.9,15.77,55.6
"2021-09-29 04:10:00",85968,12.76,15.31,751,15.46,56.86
"2021-09-29 04:15:00",85969,12.76,15.25,751,15.2,57.76
"2021-09-29 04:20:00",85970,12.75,15.18,751.1,15.2,58.54
"2021-09-29 04:25:00",85971,12.75,15.09,751,15.05,58.91
"2021-09-29 04:30:00",85972,12.75,14.97,751.1,14.43,68.08
"2021-09-29 04:35:00",85973,12.75,14.88,751.1,13.75,66.94
"2021-09-29 04:40:00",85974,12.75,14.74,751.1,13.73,65.63
"2021-09-29 04:45:00",85975,12.74,14.59,751.1,13.91,64.23
"2021-09-29 04:50:00",85976,12.74,14.46,751.2,14.06,65.05
"2021-09-29 04:55:00",85977,12.74,14.34,751.2,13.85,65.59
"2021-09-29 05:00:00",85978,12.73,14.23,751.3,14.06,63.05
"2021-09-29 05:05:00",85979,12.73,14.18,751.3,14.09,62.76
"2021-09-29 05:10:00",85980,12.73,14.12,751.4,14.38,62.07
"2021-09-29 05:15:00",85981,12.73,14.07,751.5,14.59,60.86
"2021-09-29 05:20:00",85982,12.72,14.04,751.6,14.76,60.02
"2021-09-29 05:25:00",85983,12.72,14.01,751.6,14.44,62.02
"2021-09-29 05:30:00",85984,12.72,13.96,751.7,14.44,61.88
"2021-09-29 05:35:00",85985,12.71,13.91,751.7,14.43,61.13
"2021-09-29 05:40:00",85986,12.71,13.9,751.8,14.49,61.14
"2021-09-29 05:45:00",85987,12.71,13.86,751.8,14.39,61.16
"2021-09-29 05:50:00",85988,12.7,13.84,751.9,14.13,62.09
"2021-09-29 05:55:00",85989,12.7,13.8,751.9,14.12,62.21
"2021-09-29 06:00:00",85990,12.7,13.77,751.9,14.23,61.69
"2021-09-29 06:05:00",85991,12.7,13.78,752,14.09,62.97
"2021-09-29 06:10:00",85992,12.7,13.77,752,13.79,63.59
"2021-09-29 06:15:00",85993,12.71,13.75,752.1,13.77,63.68
"2021-09-29 06:20:00",85994,12.74,13.74,752.2,13.96,62.97
"2021-09-29 06:25:00",85995,12.79,13.76,752.2,14.15,62.24
"2021-09-29 06:30:00",85996,12.86,13.82,752.2,14.34,61.68
"2021-09-29 06:35:00",85997,12.97,13.97,752.3,14.36,61.63
"2021-09-29 06:40:00",85998,13.11,14.16,752.4,14.54,61.15
"2021-09-29 06:45:00",85999,13.3,14.43,752.5,14.88,59.84
"2021-09-29 06:50:00",86000,13.48,14.73,752.6,14.25,65.11
"2021-09-29 06:55:00",86001,13.6,15.08,752.7,14.36,63.84
"2021-09-29 07:00:00",86002,13.71,15.47,752.8,14.76,61.37
"2021-09-29 07:05:00",86003,13.8,15.91,752.9,15.32,59.61
"2021-09-29 07:10:00",86004,13.9,16.46,753,16.54,56.42
"2021-09-29 07:15:00",86005,13.85,17.78,753,17.68,53.06
"2021-09-29 07:20:00",86006,13.79,18.87,753.1,18.65,49.5
"2021-09-29 07:25:00",86007,13.76,19.75,753.1,19.84,42.09
"2021-09-29 07:30:00",86008,13.76,20.63,753.2,20.4,42.18
"2021-09-29 07:35:00",86009,13.73,21.41,753.3,19.88,43.09
"2021-09-29 07:40:00",86010,13.7,22.14,753.3,20.1,42.6
"2021-09-29 07:45:00",86011,13.71,22.79,753.4,19.68,43.64
"2021-09-29 07:50:00",86012,13.68,23.24,753.4,19.28,44.42
"2021-09-29 07:55:00",86013,13.68,23.72,753.4,19.38,45.04
"2021-09-29 08:00:00",86014,13.68,24.12,753.4,20.14,44.69
"2021-09-29 08:05:00",86015,13.65,24.5,753.4,20.2,44.47
"2021-09-29 08:10:00",86016,13.65,24.9,753.4,20.04,44.23
"2021-09-29 08:15:00",86017,13.63,25.32,753.4,20.29,43.91
"2021-09-29 08:20:00",86018,13.63,25.64,753.4,20.77,43.71
"2021-09-29 08:25:00",86019,13.63,26.02,753.4,20.88,44.9
"2021-09-29 08:30:00",86020,13.6,26.4,753.4,20.78,43.77
"2021-09-29 08:35:00",86021,13.6,26.65,753.3,20.2,44.6
"2021-09-29 08:40:00",86022,13.6,26.91,753.4,21.08,40.81
"2021-09-29 08:45:00",86023,13.6,27.22,753.4,20.94,40.95
"2021-09-29 08:50:00",86024,13.58,27.51,753.3,20.84,41.14
"2021-09-29 08:55:00",86025,13.58,27.75,753.4,21.51,39.81
"2021-09-29 09:00:00",86026,13.58,28.04,753.3,21.8,39.09
"2021-09-29 09:05:00",86027,13.58,28.4,753.3,21.08,40.9
"2021-09-29 09:10:00",86028,13.56,28.71,753.3,22.07,38.99
"2021-09-29 09:15:00",86029,13.55,29.02,753.2,22.4,38.5
"2021-09-29 09:20:00",86030,13.56,29.33,753.2,22.4,38.34
"2021-09-29 09:25:00",86031,13.56,29.71,753.1,23.39,36.63
"2021-09-29 09:30:00",86032,13.53,30.17,753.1,23.39,35.67
"2021-09-29 09:35:00",86033,13.53,30.59,753.1,22.72,37.35
"2021-09-29 09:40:00",86034,13.53,30.89,753.1,22.65,37.84
"2021-09-29 09:45:00",86035,13.51,31.2,753,23.25,38.13
"2021-09-29 09:50:00",86036,13.51,31.48,753,23.06,34.81
"2021-09-29 09:55:00",86037,13.51,31.72,753,23.17,32.63
"2021-09-29 10:00:00",86038,13.51,31.95,753,23.6,32.39
"2021-09-29 10:05:00",86039,13.49,32.2,753,22.7,33.25
"2021-09-29 10:10:00",86040,13.49,32.32,753,23.75,30.93
"2021-09-29 10:15:00",86041,13.49,32.46,753,23.66,31.2
"2021-09-29 10:20:00",86042,13.49,32.57,752.9,22.49,33.03
"2021-09-29 10:25:00",86043,13.49,32.55,752.9,22.59,32.21
"2021-09-29 10:30:00",86044,13.49,32.46,752.9,23.34,30.03
"2021-09-29 10:35:00",86045,13.49,32.46,752.8,23.79,30.6
"2021-09-29 10:40:00",86046,13.49,32.45,752.7,23.51,30.51
"2021-09-29 10:45:00",86047,13.49,32.45,752.7,24.39,29.03
"2021-09-29 10:50:00",86048,13.49,32.56,752.5,24.49,27.55
"2021-09-29 10:55:00",86049,13.49,32.68,752.4,24.93,27.24
"2021-09-29 11:00:00",86050,13.49,32.83,752.3,24.38,27.16
"2021-09-29 11:05:00",86051,13.49,32.94,752.1,24.54,26.39
"2021-09-29 11:10:00",86052,13.49,33.1,752.1,24.38,27.81
"2021-09-29 11:15:00",86053,13.49,33.22,751.9,24.48,26.8
"2021-09-29 11:20:00",86054,13.49,33.25,751.8,24.81,26.55
"2021-09-29 11:25:00",86055,13.47,33.27,751.8,25.54,24.07
"2021-09-29 11:30:00",86056,13.47,33.36,751.7,24.88,22.92
"2021-09-29 11:35:00",86057,13.47,33.36,751.6,24.74,28.38
"2021-09-29 11:40:00",86058,13.47,33.29,751.6,25.24,26.58
"2021-09-29 11:45:00",86059,13.47,33.2,751.4,25.11,27.87
"2021-09-29 11:50:00",86060,13.47,33.21,751.4,25.92,25.26
"2021-09-29 11:55:00",86061,13.47,33.25,751.2,26.28,24.19
"2021-09-29 12:00:00",86062,13.48,33.32,751.2,26.55,23.65
"2021-09-29 12:05:00",86063,13.47,33.37,751.1,25.71,22.84
"2021-09-29 12:10:00",86064,13.48,33.38,751,26.83,22.91
"2021-09-29 12:15:00",86065,13.47,33.43,750.9,26.82,23.22
"2021-09-29 12:20:00",86066,13.48,33.42,750.8,26.31,22.84
"2021-09-29 12:25:00",86067,13.48,33.36,750.7,26.46,21.5
"2021-09-29 12:30:00",86068,13.48,33.36,750.6,27.65,20.53
"2021-09-29 12:35:00",86069,13.48,33.46,750.6,26.7,20.89
"2021-09-29 12:40:00",86070,13.48,33.42,750.5,26.36,21.36
"2021-09-29 12:45:00",86071,13.48,33.33,750.3,27.53,21.01
"2021-09-29 12:50:00",86072,13.48,33.33,750.2,27.41,21.49
"2021-09-29 12:55:00",86073,13.48,33.31,750.2,26.39,21.15
"2021-09-29 13:00:00",86074,13.48,33.17,750.1,26.69,22.35
"2021-09-29 13:05:00",86075,13.48,33.12,750.1,27.09,20.53
"2021-09-29 13:10:00",86076,13.48,33.14,749.9,27.37,20.02
"2021-09-29 13:15:00",86077,13.48,33.19,749.8,27.01,20.07
"2021-09-29 13:20:00",86078,13.48,33.2,749.6,26.44,21.29
"2021-09-29 13:25:00",86079,13.48,33.17,749.5,27.08,21.26
"2021-09-29 13:30:00",86080,13.48,33.16,749.4,27.11,20.29
"2021-09-29 13:35:00",86081,13.48,33.14,749.3,27.12,22.59
"2021-09-29 13:40:00",86082,13.48,33.11,749.2,27.46,21.01
"2021-09-29 13:45:00",86083,13.48,33.1,749,27.57,22.13
"2021-09-29 13:50:00",86084,13.48,33.09,749,27.39,21.98
"2021-09-29 13:55:00",86085,13.48,33.08,749.1,27,21.78
"2021-09-29 14:00:00",86086,13.48,33,749,27.27,21.83
"2021-09-29 14:05:00",86087,13.48,33.02,748.9,26.98,22.4
"2021-09-29 14:10:00",86088,13.48,33.09,748.9,27.82,21.59
"2021-09-29 14:15:00",86089,13.48,33.18,748.8,27.39,21.7
"2021-09-29 14:20:00",86090,13.48,33.23,748.7,27.18,21.96
"2021-09-29 14:25:00",86091,13.48,33.25,748.6,27.13,22.59
"2021-09-29 14:30:00",86092,13.48,33.32,748.6,28.83,21.51
"2021-09-29 14:35:00",86093,13.48,33.54,748.5,29.05,21.59
"2021-09-29 14:40:00",86094,13.48,33.85,748.4,28.88,20.64
"2021-09-29 14:45:00",86095,13.48,34.17,748.2,28.56,21.01
"2021-09-29 14:50:00",86096,13.46,34.49,748.2,28.8,21.09
"2021-09-29 14:55:00",86097,13.46,34.8,748.1,29.74,19.25
"2021-09-29 15:00:00",86098,13.46,35.07,748,28.17,20.56
"2021-09-29 15:05:00",86099,13.46,35.11,747.9,27.84,21.45
"2021-09-29 15:10:00",86100,13.46,35.04,747.7,27.98,21.74
"2021-09-29 15:15:00",86101,13.45,34.87,747.7,27.97,22.64
"2021-09-29 15:20:00",86102,13.46,34.71,747.8,27.7,23.11
"2021-09-29 15:25:00",86103,13.46,34.6,747.5,27.94,22.29
"2021-09-29 15:30:00",86104,13.46,34.49,747.5,28.19,22.17
"2021-09-29 15:35:00",86105,13.45,34.46,747.5,28.04,22.16
"2021-09-29 15:40:00",86106,13.46,34.34,747.5,27.37,22.43
"2021-09-29 15:45:00",86107,13.46,34.17,747.3,27.73,22.94
"2021-09-29 15:50:00",86108,13.46,33.92,747.3,27.48,23.72
"2021-09-29 15:55:00",86109,13.46,33.69,747.2,27.76,23.74
"2021-09-29 16:00:00",86110,13.46,33.53,747.2,27.9,23.68
"2021-09-29 16:05:00",86111,13.46,33.37,747.3,27.4,22.88
"2021-09-29 16:10:00",86112,13.45,33.11,747.2,27.12,24.66
"2021-09-29 16:15:00",86113,13.46,32.79,747.1,26.46,25.51
"2021-09-29 16:20:00",86114,13.46,32.46,747.1,26.82,24.22
"2021-09-29 16:25:00",86115,13.45,32.22,747.2,26.72,24.15
"2021-09-29 16:30:00",86116,13.45,32.06,747.1,26.9,24.09
"2021-09-29 16:35:00",86117,13.45,32.03,747,27.34,23.12
"2021-09-29 16:40:00",86118,13.45,32.04,747.2,27.13,23.76
"2021-09-29 16:45:00",86119,13.45,32,747.1,26.79,23.91
"2021-09-29 16:50:00",86120,13.46,31.92,747,27,24.1
"2021-09-29 16:55:00",86121,13.45,31.84,747.1,26.84,23.95
"2021-09-29 17:00:00",86122,13.46,31.75,747.1,26.59,25.14
"2021-09-29 17:05:00",86123,13.45,31.65,747.1,26.32,26.01
"2021-09-29 17:10:00",86124,13.45,31.46,747.1,26.13,26.03
"2021-09-29 17:15:00",86125,13.45,31.24,747.1,25.86,26.8
"2021-09-29 17:20:00",86126,13.45,30.97,747.1,25.72,27.37
"2021-09-29 17:25:00",86127,13.48,30.72,747.1,25.68,26.14
"2021-09-29 17:30:00",86128,13.48,30.5,747.1,25.71,26.28
"2021-09-29 17:35:00",86129,13.48,30.16,747.2,25.72,26.82
"2021-09-29 17:40:00",86130,13.49,29.65,747.2,25.71,26.41
"2021-09-29 17:45:00",86131,13.32,29.12,747.2,25.53,26.54
"2021-09-29 17:50:00",86132,13.23,28.75,747.3,25.36,26.59
"2021-09-29 17:55:00",86133,13.17,28.46,747.4,25.26,26.79
"2021-09-29 18:00:00",86134,13.12,28.19,747.4,25.29,26.86
"2021-09-29 18:05:00",86135,13.07,27.96,747.4,25.06,26.98
"2021-09-29 18:10:00",86136,13.03,27.67,747.5,24.77,27.77
"2021-09-29 18:15:00",86137,13,27.34,747.5,24.7,27.84
"2021-09-29 18:20:00",86138,12.97,27,747.6,24.42,28.7
"2021-09-29 18:25:00",86139,12.97,26.64,747.6,23.81,31.68
"2021-09-29 18:30:00",86140,12.96,26.21,747.7,23.43,31.58
"2021-09-29 18:35:00",86141,12.96,25.84,747.8,23.56,28.29
"2021-09-29 18:40:00",86142,12.95,25.48,747.8,23.97,28.46
"2021-09-29 18:45:00",86143,12.95,25.2,747.9,23.7,28.77
"2021-09-29 18:50:00",86144,12.94,24.96,748,23.55,28.02
"2021-09-29 18:55:00",86145,12.94,24.72,748.1,23.13,30.08
"2021-09-29 19:00:00",86146,12.94,24.51,748.2,23.09,29.33
"2021-09-29 19:05:00",86147,12.94,24.33,748.2,23.01,29.76
"2021-09-29 19:10:00",86148,12.93,24.14,748.2,22.69,30.37
"2021-09-29 19:15:00",86149,12.93,23.94,748.3,22.28,31.28
"2021-09-29 19:20:00",86150,12.93,23.74,748.4,22.11,31.46
"2021-09-29 19:25:00",86151,12.93,23.51,748.5,22.13,31.93
"2021-09-29 19:30:00",86152,12.92,23.33,748.6,22.37,30.25
"2021-09-29 19:35:00",86153,12.92,23.12,748.7,21.95,32.52
"2021-09-29 19:40:00",86154,12.92,22.95,748.8,21.6,33.15
"2021-09-29 19:45:00",86155,12.92,22.75,748.9,21.64,32.85
"2021-09-29 19:50:00",86156,12.91,22.58,749.1,21.43,31.97
"2021-09-29 19:55:00",86157,12.91,22.42,749.2,22.02,30.79
"2021-09-29 20:00:00",86158,12.91,22.29,749.3,21.83,31.84
"2021-09-29 20:05:00",86159,12.91,22.2,749.4,21.95,31.75
"2021-09-29 20:10:00",86160,12.91,22.11,749.5,22.11,31.66
"2021-09-29 20:15:00",86161,12.9,22.05,749.5,21.83,32.9
"2021-09-29 20:20:00",86162,12.9,21.98,749.6,21.77,33.3
"2021-09-29 20:25:00",86163,12.9,21.93,749.7,21.91,34.07
"2021-09-29 20:30:00",86164,12.9,21.91,749.9,22.03,33.45
"2021-09-29 20:35:00",86165,12.9,21.92,750,21.93,33.71
"2021-09-29 20:40:00",86166,12.89,21.9,749.9,21.91,33.38
"2021-09-29 20:45:00",86167,12.89,21.92,750,21.81,34.63
"2021-09-29 20:50:00",86168,12.89,21.91,749.9,21.49,35.49
"2021-09-29 20:55:00",86169,12.89,21.87,750,21.41,35.91
"2021-09-29 21:00:00",86170,12.89,21.83,750.1,21.38,35.28
"2021-09-29 21:05:00",86171,12.89,21.78,750.1,21.27,36.06
"2021-09-29 21:10:00",86172,12.89,21.73,750.2,21.31,35.77
"2021-09-29 21:15:00",86173,12.88,21.7,750.2,21.41,35.25
"2021-09-29 21:20:00",86174,12.88,21.67,750.2,21.7,33.89
"2021-09-29 21:25:00",86175,12.88,21.64,750.3,20.89,36.74
"2021-09-29 21:30:00",86176,12.87,21.57,750.4,20.56,37.99
"2021-09-29 21:35:00",86177,12.87,21.45,750.4,20.48,38.63
"2021-09-29 21:40:00",86178,12.87,21.33,750.5,20.59,38.54
"2021-09-29 21:45:00",86179,12.87,21.18,750.6,20.32,39.52
"2021-09-29 21:50:00",86180,12.87,21.05,750.7,20.1,40.28
"2021-09-29 21:55:00",86181,12.87,20.91,750.7,19.76,41.47
"2021-09-29 22:00:00",86182,12.87,20.75,750.8,19.58,42.03
"2021-09-29 22:05:00",86183,12.86,20.58,750.9,19.42,42.36
"2021-09-29 22:10:00",86184,12.86,20.37,751,19.38,42.58
"2021-09-29 22:15:00",86185,12.86,20.18,751,19.29,42.92
"2021-09-29 22:20:00",86186,12.86,20.02,751,19.25,43.05
"2021-09-29 22:25:00",86187,12.86,19.87,751,19.16,43.55
"2021-09-29 22:30:00",86188,12.86,19.76,751,19.35,42.99
"2021-09-29 22:35:00",86189,12.86,19.66,751.2,19.22,43.65
"2021-09-29 22:40:00",86190,12.85,19.57,751.2,19.13,44.06
"2021-09-29 22:45:00",86191,12.85,19.49,751.1,18.94,44.77
"2021-09-29 22:50:00",86192,12.86,19.4,751.1,19.07,44.34
"2021-09-29 22:55:00",86193,12.85,19.34,751.2,19.15,43.87
"2021-09-29 23:00:00",86194,12.85,19.27,751.2,19.15,43.9
"2021-09-29 23:05:00",86195,12.85,19.24,751.2,19.14,43.77
"2021-09-29 23:10:00",86196,12.85,19.21,751.2,19.06,44.11
"2021-09-29 23:15:00",86197,12.85,19.17,751.3,19.11,43.96
"2021-09-29 23:20:00",86198,12.85,19.12,751.3,18.96,44.26
"2021-09-29 23:25:00",86199,12.85,19.07,751.2,19.03,43.98
"2021-09-29 23:30:00",86200,12.85,19.03,751.1,18.86,44.44
"2021-09-29 23:35:00",86201,12.85,18.98,751,18.74,44.81
"2021-09-29 23:40:00",86202,12.85,18.91,751,18.59,45.3
"2021-09-29 23:45:00",86203,12.85,18.81,751.1,18.17,46.76
"2021-09-29 23:50:00",86204,12.84,18.71,751,18.02,47.38
"2021-09-29 23:55:00",86205,12.85,18.59,751,17.35,49.85
"2021-09-30 00:00:00",86206,12.84,18.42,750.9,17.15,50.57
"2021-09-30 00:05:00",86207,12.85,18.24,750.9,17.41,49.74
"2021-09-30 00:10:00",86208,12.84,18.1,750.8,17.97,48.4
"2021-09-30 00:15:00",86209,12.85,18.02,750.8,18.25,47.56
"2021-09-30 00:20:00",86210,12.84,17.99,750.7,18.49,46.68
"2021-09-30 00:25:00",86211,12.84,18,750.6,18.6,46.31
"2021-09-30 00:30:00",86212,12.84,18.03,750.5,18.53,46.65
"2021-09-30 00:35:00",86213,12.84,18.03,750.5,17.44,50.43
"2021-09-30 00:40:00",86214,12.84,17.95,750.5,17.64,49.74
"2021-09-30 00:45:00",86215,12.84,17.86,750.4,17.53,50.22
"2021-09-30 00:50:00",86216,12.84,17.75,750.4,17.18,51.54
"2021-09-30 00:55:00",86217,12.83,17.6,750.4,17.01,52.1
"2021-09-30 01:00:00",86218,12.83,17.45,750.3,16.75,53.27
"2021-09-30 01:05:00",86219,12.83,17.28,750.3,16.56,53.49
"2021-09-30 01:10:00",86220,12.83,17.12,750.2,16.63,53.31
"2021-09-30 01:15:00",86221,12.83,16.96,750.2,16.57,53.77
"2021-09-30 01:20:00",86222,12.83,16.79,750.1,16.46,53.93
"2021-09-30 01:25:00",86223,12.82,16.65,750,16.53,54.04
"2021-09-30 01:30:00",86224,12.82,16.51,750,16.78,53.12
"2021-09-30 01:35:00",86225,12.82,16.44,750,17.01,52.1
"2021-09-30 01:40:00",86226,12.82,16.4,750,17.03,52.04
"2021-09-30 01:45:00",86227,12.82,16.36,749.9,16.84,52.76
"2021-09-30 01:50:00",86228,12.82,16.3,749.9,16.4,54.2
"2021-09-30 01:55:00",86229,12.82,16.24,749.9,16.2,54.91
"2021-09-30 02:00:00",86230,12.81,16.15,749.9,16.12,55.29
"2021-09-30 02:05:00",86231,12.81,16.08,749.8,15.91,55.14
"2021-09-30 02:10:00",86232,12.81,16.01,749.8,15.95,54.69
"2021-09-30 02:15:00",86233,12.81,15.94,749.7,15.89,54.19
"2021-09-30 02:20:00",86234,12.8,15.86,749.7,16.08,53.6
"2021-09-30 02:25:00",86235,12.8,15.8,749.7,15.84,54.18
"2021-09-30 02:30:00",86236,12.8,15.74,749.7,15.84,53.6
"2021-09-30 02:35:00",86237,12.8,15.69,749.7,15.93,52.75
"2021-09-30 02:40:00",86238,12.8,15.66,749.7,15.63,53.63
"2021-09-30 02:45:00",86239,12.8,15.6,749.6,15.42,54.03
"2021-09-30 02:50:00",86240,12.79,15.53,749.5,15.26,54.68
"2021-09-30 02:55:00",86241,12.79,15.45,749.5,15.12,55.57
"2021-09-30 03:00:00",86242,12.79,15.35,749.4,14.99,55.24
"2021-09-30 03:05:00",86243,12.79,15.24,749.5,14.86,56.74
"2021-09-30 03:10:00",86244,12.78,15.11,749.4,14.83,59.23
"2021-09-30 03:15:00",86245,12.78,15,749.4,14.62,56.16
"2021-09-30 03:20:00",86246,12.78,14.88,749.3,14.69,57.83
"2021-09-30 03:25:00",86247,12.78,14.79,749.4,14.41,61.1
"2021-09-30 03:30:00",86248,12.77,14.67,749.4,13.97,61.47
"2021-09-30 03:35:00",86249,12.77,14.53,749.4,13.8,62.33
"2021-09-30 03:40:00",86250,12.77,14.39,749.3,13.85,61.72
"2021-09-30 03:45:00",86251,12.76,14.23,749.3,13.85,61.72
"2021-09-30 03:50:00",86252,12.77,14.12,749.2,13.89,61.49
"2021-09-30 03:55:00",86253,12.76,13.98,749.3,13.76,61.44
"2021-09-30 04:00:00",86254,12.76,13.88,749.2,13.89,61.13
"2021-09-30 04:05:00",86255,12.76,13.81,749.3,14.27,60.16
"2021-09-30 04:10:00",86256,12.75,13.75,749.3,14.29,59.83
"2021-09-30 04:15:00",86257,12.75,13.7,749.3,14.29,57.22
"2021-09-30 04:20:00",86258,12.75,13.71,749.3,14.07,57.07
"2021-09-30 04:25:00",86259,12.75,13.7,749.3,14.06,59.85
"2021-09-30 04:30:00",86260,12.75,13.67,749.4,13.97,58.55
"2021-09-30 04:35:00",86261,12.74,13.65,749.4,13.88,57.58
"2021-09-30 04:40:00",86262,12.74,13.64,749.4,13.59,58.38
"2021-09-30 04:45:00",86263,12.74,13.62,749.5,13.38,60.54
"2021-09-30 04:50:00",86264,12.73,13.57,749.5,13.07,62.06
"2021-09-30 04:55:00",86265,12.73,13.51,749.5,13.28,56.29
"2021-09-30 05:00:00",86266,12.73,13.45,749.6,13.55,55.42
"2021-09-30 05:05:00",86267,12.73,13.41,749.7,13.49,55.54
"2021-09-30 05:10:00",86268,12.72,13.34,749.7,13.39,55.34
"2021-09-30 05:15:00",86269,12.72,13.29,749.7,13.18,57.26
"2021-09-30 05:20:00",86270,12.72,13.21,749.8,12.91,57.64
"2021-09-30 05:25:00",86271,12.72,13.11,749.8,13.27,56.86
"2021-09-30 05:30:00",86272,12.71,13.08,749.8,13.3,57.25
"2021-09-30 05:35:00",86273,12.71,13.05,749.9,13.25,57.72
"2021-09-30 05:40:00",86274,12.71,13.01,749.9,13.08,58.09
"2021-09-30 05:45:00",86275,12.7,12.98,750,13.21,58.02
"2021-09-30 05:50:00",86276,12.7,12.93,750,13.18,58.43
"2021-09-30 05:55:00",86277,12.7,12.92,750.1,13.04,60.11
"2021-09-30 06:00:00",86278,12.7,12.88,750.2,12.6,63.01
"2021-09-30 06:05:00",86279,12.69,12.88,750.2,12.5,64.42
"2021-09-30 06:10:00",86280,12.7,12.81,750.3,12.51,63.67
"2021-09-30 06:15:00",86281,12.71,12.75,750.3,12.46,62.99
"2021-09-30 06:20:00",86282,12.76,12.7,750.4,12.62,63.8
"2021-09-30 06:25:00",86283,12.82,12.69,750.4,12.95,63.92
"2021-09-30 06:30:00",86284,12.91,12.75,750.5,13.26,61.35
"2021-09-30 06:35:00",86285,13.06,12.9,750.6,13.88,59.38
"2021-09-30 06:40:00",86286,13.25,13.1,750.6,14.17,58.17
"2021-09-30 06:45:00",86287,13.46,13.4,750.7,14.89,55.32
"2021-09-30 06:50:00",86288,13.61,13.8,750.8,15.28,54.13
"2021-09-30 06:55:00",86289,13.73,14.28,750.9,15.62,49.53
"2021-09-30 07:00:00",86290,13.83,14.86,751,15.76,49.55
"2021-09-30 07:05:00",86291,13.92,15.48,751,16.55,47.19
"2021-09-30 07:10:00",86292,13.82,16.92,751.1,17.53,44.85
"2021-09-30 07:15:00",86293,13.82,18.04,751.1,17.58,44.83
"2021-09-30 07:20:00",86294,13.79,18.85,751.2,18.74,43.72
"2021-09-30 07:25:00",86295,13.76,19.59,751.2,19.67,41.52
"2021-09-30 07:30:00",86296,13.76,20.35,751.3,19.06,43.12
"2021-09-30 07:35:00",86297,13.73,21.04,751.3,19.22,43.49
"2021-09-30 07:40:00",86298,13.73,21.7,751.4,19.3,43.09
"2021-09-30 07:45:00",86299,13.71,22.3,751.5,19.6,44.05
"2021-09-30 07:50:00",86300,13.71,22.88,751.5,20.1,41.96
"2021-09-30 07:55:00",86301,13.68,23.41,751.5,20.4,42.18
"2021-09-30 08:00:00",86302,13.68,23.95,751.6,19.46,45.02
"2021-09-30 08:05:00",86303,13.65,24.36,751.6,20.55,43.94
"2021-09-30 08:10:00",86304,13.65,24.81,751.6,19.96,44.57
"2021-09-30 08:15:00",86305,13.65,25.15,751.6,20.23,43.45
"2021-09-30 08:20:00",86306,13.63,25.5,751.7,21.14,44.13
"2021-09-30 08:25:00",86307,13.63,25.92,751.7,20.43,44.85
"2021-09-30 08:30:00",86308,13.63,26.29,751.8,20.13,45.93
"2021-09-30 08:35:00",86309,13.63,26.55,751.9,20.82,42.3
"2021-09-30 08:40:00",86310,13.6,26.85,751.9,21.46,39.42
"2021-09-30 08:45:00",86311,13.6,27.23,752,21.87,38.22
"2021-09-30 08:50:00",86312,13.61,27.65,751.9,22.29,36.79
"2021-09-30 08:55:00",86313,13.58,28.08,751.9,21.98,37.41
"2021-09-30 09:00:00",86314,13.58,28.49,751.9,22.2,36.51
"2021-09-30 09:05:00",86315,13.56,28.85,752,21.75,37.32
"2021-09-30 09:10:00",86316,13.56,29.11,752,21.91,36.02
"2021-09-30 09:15:00",86317,13.55,29.35,752.1,22.2,35.66
"2021-09-30 09:20:00",86318,13.56,29.61,752.1,22.74,35.11
"2021-09-30 09:25:00",86319,13.54,29.94,752,22.02,37.12
"2021-09-30 09:30:00",86320,13.53,30.15,752,22.76,36.3
"2021-09-30 09:35:00",86321,13.53,30.38,752,22.91,34.33
"2021-09-30 09:40:00",86322,13.53,30.66,752,23.93,31.82
"2021-09-30 09:45:00",86323,13.51,31,752,23.36,33.51
"2021-09-30 09:50:00",86324,13.51,31.27,752,23.63,32.4
"2021-09-30 09:55:00",86325,13.51,31.53,751.9,23.44,30.88
"2021-09-30 10:00:00",86326,13.51,31.78,751.8,23.9,27.09
"2021-09-30 10:05:00",86327,13.51,32.06,751.7,24.25,29.19
"2021-09-30 10:10:00",86328,13.49,32.42,751.6,25.29,26.38
"2021-09-30 10:15:00",86329,13.49,32.73,751.6,24.6,23.56
"2021-09-30 10:20:00",86330,13.49,32.98,751.5,24.21,24.59
"2021-09-30 10:25:00",86331,13.49,33.16,751.4,25.41,24.68
"2021-09-30 10:30:00",86332,13.49,33.41,751.4,25.62,24.28
"2021-09-30 10:35:00",86333,13.47,33.61,751.3,24.54,25.37
"2021-09-30 10:40:00",86334,13.47,33.68,751.3,24.95,24.37
"2021-09-30 10:45:00",86335,13.47,33.8,751.2,25.26,22.95
"2021-09-30 10:50:00",86336,13.47,33.86,751.2,25.01,22.45
"2021-09-30 10:55:00",86337,13.47,33.83,751.1,24.97,23.89
"2021-09-30 11:00:00",86338,13.47,33.82,751,25.09,24.24
"2021-09-30 11:05:00",86339,13.47,33.84,750.9,25.17,24.11
"2021-09-30 11:10:00",86340,13.46,33.84,750.8,25.42,24.68
"2021-09-30 11:15:00",86341,13.47,33.85,750.7,25.74,23.67
"2021-09-30 11:20:00",86342,13.47,33.84,750.6,25.02,24.72
"2021-09-30 11:25:00",86343,13.47,33.8,750.5,25.37,24.43
"2021-09-30 11:30:00",86344,13.47,33.78,750.4,25.4,23.92
"2021-09-30 11:35:00",86345,13.47,33.8,750.3,26.67,23.7
"2021-09-30 11:40:00",86346,13.47,34,750.1,27.24,21.83
"2021-09-30 11:45:00",86347,13.47,34.24,750.1,26.86,22.36
"2021-09-30 11:50:00",86348,13.47,34.43,750,26.67,22.62
"2021-09-30 11:55:00",86349,13.45,34.51,749.8,27,22.02
"2021-09-30 12:00:00",86350,13.45,34.6,749.7,28.28,21.34
"2021-09-30 12:05:00",86351,13.45,34.71,749.6,27.66,22.03
"2021-09-30 12:10:00",86352,13.45,34.79,749.5,27.94,21.32
"2021-09-30 12:15:00",86353,13.45,34.83,749.4,27.8,21.93
"2021-09-30 12:20:00",86354,13.45,34.85,749.3,28.4,20.93
"2021-09-30 12:25:00",86355,13.45,34.9,749.2,27.96,20.2
"2021-09-30 12:30:00",86356,13.45,34.92,749.1,28.49,20.37
"2021-09-30 12:35:00",86357,13.45,34.96,749,28.57,20.1
"2021-09-30 12:40:00",86358,13.45,34.95,748.9,28.28,20.08
"2021-09-30 12:45:00",86359,13.45,34.96,748.8,29.22,18.62
"2021-09-30 12:50:00",86360,13.45,35.01,748.7,28.91,19.13
"2021-09-30 12:55:00",86361,13.45,35.02,748.6,29.09,18.48
"2021-09-30 13:00:00",86362,13.45,35.09,748.5,29.16,18.3
"2021-09-30 13:05:00",86363,13.45,35.12,748.4,28.81,17.54
"2021-09-30 13:10:00",86364,13.45,35.12,748.3,29.46,17.47
"2021-09-30 13:15:00",86365,13.45,35.15,748.2,28.76,17.86
"2021-09-30 13:20:00",86366,13.45,35.13,748.2,29.36,17.68
"2021-09-30 13:25:00",86367,13.45,35.09,748.1,28.64,18.8
"2021-09-30 13:30:00",86368,13.45,35.08,748.1,30.26,17.44
"2021-09-30 13:35:00",86369,13.45,35.21,747.9,30.08,17.08
"2021-09-30 13:40:00",86370,13.46,35.33,747.8,29.14,18.72
"2021-09-30 13:45:00",86371,13.46,35.41,747.8,29.65,17.76
"2021-09-30 13:50:00",86372,13.46,35.49,747.7,30.14,18.57
"2021-09-30 13:55:00",86373,13.43,35.54,747.7,29.5,18.39
"2021-09-30 14:00:00",86374,13.43,35.44,747.6,28.92,18.85
"2021-09-30 14:05:00",86375,13.43,35.19,747.5,27.64,23.17
"2021-09-30 14:10:00",86376,13.43,34.75,747.3,27.24,25.08
"2021-09-30 14:15:00",86377,13.43,34.18,747.4,26.47,26.95
"2021-09-30 14:20:00",86378,13.43,33.53,747.3,26.55,26.71
"2021-09-30 14:25:00",86379,13.43,32.97,747.2,26.56,26.13
"2021-09-30 14:30:00",86380,13.43,32.48,747,26.58,27.16
"2021-09-30 14:35:00",86381,13.45,32.06,747.1,26.44,26.4
"2021-09-30 14:40:00",86382,13.45,31.71,747.1,26.42,27.15
"2021-09-30 14:45:00",86383,13.45,31.4,746.9,26.22,27.71
"2021-09-30 14:50:00",86384,13.45,31.16,747,26.03,27.39
"2021-09-30 14:55:00",86385,13.48,31,747,26.64,27.54
"2021-09-30 15:00:00",86386,13.48,30.91,746.9,25.97,27.87
"2021-09-30 15:05:00",86387,13.48,30.78,746.8,26.1,27.23
"2021-09-30 15:10:00",86388,13.48,30.66,746.8,26.03,27.6
"2021-09-30 15:15:00",86389,13.48,30.55,746.8,26.36,25.26
"2021-09-30 15:20:00",86390,13.48,30.52,746.5,26.69,25.8
"2021-09-30 15:25:00",86391,13.48,30.55,746.5,26.4,24.26
"2021-09-30 15:30:00",86392,13.48,30.54,746.7,26.43,25.64
"2021-09-30 15:35:00",86393,13.48,30.46,746.5,26.02,26.71
"2021-09-30 15:40:00",86394,13.48,30.3,746.4,25.84,26.05
"2021-09-30 15:45:00",86395,13.48,30.1,746.5,25.65,27.26
"2021-09-30 15:50:00",86396,13.48,29.94,746.5,25.62,26.71
"2021-09-30 15:55:00",86397,13.48,29.78,746.3,25.61,27.46
"2021-09-30 16:00:00",86398,13.48,29.65,746.3,25.74,27.06
"2021-09-30 16:05:00",86399,13.5,29.57,746.3,25.81,27.31
"2021-09-30 16:10:00",86400,13.5,29.54,746.3,25.97,26.84
"2021-09-30 16:15:00",86401,13.5,29.56,746.1,26.08,27.05
"2021-09-30 16:20:00",86402,13.5,29.61,746.1,26.16,25.62
"2021-09-30 16:25:00",86403,13.5,29.64,746.1,26.35,24.47
"2021-09-30 16:30:00",86404,13.5,29.67,746.2,26.26,24.39
"2021-09-30 16:35:00",86405,13.5,29.65,746.2,26.14,24.93
"2021-09-30 16:40:00",86406,13.5,29.6,746.2,26.26,23.7
"2021-09-30 16:45:00",86407,13.5,29.56,746.3,26.5,23.44
"2021-09-30 16:50:00",86408,13.5,29.52,746.4,26.24,23.98
"2021-09-30 16:55:00",86409,13.5,29.49,746.5,26.35,23.71
"2021-09-30 17:00:00",86410,13.5,29.48,746.5,26.56,22.34
"2021-09-30 17:05:00",86411,13.5,29.51,746.5,26.6,22.97
"2021-09-30 17:10:00",86412,13.5,29.63,746.6,26.42,23.85
"2021-09-30 17:15:00",86413,13.5,29.72,746.6,26.36,24.23
"2021-09-30 17:20:00",86414,13.5,29.75,746.6,26.22,24.87
"2021-09-30 17:25:00",86415,13.5,29.77,746.6,26.3,25.15
"2021-09-30 17:30:00",86416,13.5,29.87,746.6,26.5,24.13
"2021-09-30 17:35:00",86417,13.51,29.93,746.7,26.34,24.19
"2021-09-30 17:40:00",86418,13.5,29.91,746.8,26.14,24.32
"2021-09-30 17:45:00",86419,13.5,29.61,746.8,25.95,24.65
"2021-09-30 17:50:00",86420,13.51,29.12,746.9,25.8,25.87
"2021-09-30 17:55:00",86421,13.3,28.57,747,25.58,26.54
"2021-09-30 18:00:00",86422,13.19,28.19,747.1,25.45,26.22
"2021-09-30 18:05:00",86423,13.11,27.85,747.1,25.2,27.64
"2021-09-30 18:10:00",86424,13.06,27.53,747.1,24.81,29.47
"2021-09-30 18:15:00",86425,13.02,27.19,747.1,24.46,30.05
"2021-09-30 18:20:00",86426,12.99,26.87,747.1,24.27,30.64
"2021-09-30 18:25:00",86427,12.97,26.55,747.1,24.05,31.03
"2021-09-30 18:30:00",86428,12.96,26.2,747.3,24.16,30.36
"2021-09-30 18:35:00",86429,12.96,25.88,747.5,23.94,30.01
"2021-09-30 18:40:00",86430,12.95,25.61,747.5,23.89,29.26
"2021-09-30 18:45:00",86431,12.95,25.35,747.6,23.64,30.39
"2021-09-30 18:50:00",86432,12.95,25.11,747.7,23.35,31.1
"2021-09-30 18:55:00",86433,12.94,24.9,747.7,23.92,28.52
"2021-09-30 19:00:00",86434,12.94,24.77,747.9,23.78,29.32
"2021-09-30 19:05:00",86435,12.94,24.66,748,23.45,30.37
"2021-09-30 19:10:00",86436,12.94,24.51,748.1,23.56,30.21
"2021-09-30 19:15:00",86437,12.93,24.37,748.2,23.44,30.91
"2021-09-30 19:20:00",86438,12.93,24.24,748.2,23.27,31.16
"2021-09-30 19:25:00",86439,12.93,24.09,748.2,23.27,31.03
"2021-09-30 19:30:00",86440,12.93,23.97,748.3,23.06,31.88
"2021-09-30 19:35:00",86441,12.92,23.82,748.4,22.54,32.77
"2021-09-30 19:40:00",86442,12.92,23.63,748.4,22.24,33.27
"2021-09-30 19:45:00",86443,12.92,23.43,748.4,22.49,32.96
"2021-09-30 19:50:00",86444,12.92,23.26,748.4,22.49,32.9
"2021-09-30 19:55:00",86445,12.92,23.11,748.4,22.63,33.21
"2021-09-30 20:00:00",86446,12.92,22.99,748.4,22.56,33.57
"2021-09-30 20:05:00",86447,12.91,22.9,748.4,22.43,33.96
"2021-09-30 20:10:00",86448,12.91,22.79,748.4,22.35,34.28
"2021-09-30 20:15:00",86449,12.91,22.68,748.4,22.21,34.47
"2021-09-30 20:20:00",86450,12.91,22.57,748.4,22.03,34.98
"2021-09-30 20:25:00",86451,12.91,22.45,748.4,22,35.57
"2021-09-30 20:30:00",86452,12.9,22.35,748.5,21.92,34.7
"2021-09-30 20:35:00",86453,12.9,22.22,748.5,21.63,35.8
"2021-09-30 20:40:00",86454,12.9,22.11,748.5,21.53,36.28
"2021-09-30 20:45:00",86455,12.9,21.99,748.6,21.57,36.22
"2021-09-30 20:50:00",86456,12.9,21.89,748.6,21.6,36.26
"2021-09-30 20:55:00",86457,12.89,21.82,748.6,21.44,36.57
"2021-09-30 21:00:00",86458,12.89,21.7,748.6,21.32,36.85
"2021-09-30 21:05:00",86459,12.89,21.64,748.7,21.23,37.07
"2021-09-30 21:10:00",86460,12.89,21.54,748.7,21,37.54
"2021-09-30 21:15:00",86461,12.89,21.42,748.8,20.91,37.83
"2021-09-30 21:20:00",86462,12.89,21.29,748.8,20.71,38.29
"2021-09-30 21:25:00",86463,12.89,21.12,748.8,20.4,40.89
"2021-09-30 21:30:00",86464,12.89,20.95,748.9,19.9,41.16
"2021-09-30 21:35:00",86465,12.88,20.76,748.8,20.28,39.75
"2021-09-30 21:40:00",86466,12.88,20.61,748.9,20.45,38.89
"2021-09-30 21:45:00",86467,12.88,20.49,748.9,20.18,39.77
"2021-09-30 21:50:00",86468,12.88,20.38,749,20.03,40.01
"2021-09-30 21:55:00",86469,12.88,20.27,749.1,20.25,39.09
"2021-09-30 22:00:00",86470,12.87,20.16,749.2,20.34,38.62
"2021-09-30 22:05:00",86471,12.88,20.09,749.2,20.36,38.75
"2021-09-30 22:10:00",86472,12.87,20.03,749.3,20.21,39.19
"2021-09-30 22:15:00",86473,12.87,19.97,749.4,20.02,40.46
"2021-09-30 22:20:00",86474,12.87,19.89,749.4,19.68,41.91
"2021-09-30 22:25:00",86475,12.87,19.83,749.5,19.55,42.47
"2021-09-30 22:30:00",86476,12.87,19.75,749.5,19.64,42.36
"2021-09-30 22:35:00",86477,12.86,19.69,749.6,19.48,42.66
"2021-09-30 22:40:00",86478,12.86,19.59,749.6,19.24,43.27
"2021-09-30 22:45:00",86479,12.86,19.45,749.6,19.02,43.34
"2021-09-30 22:50:00",86480,12.86,19.3,749.7,18.75,43.34
"2021-09-30 22:55:00",86481,12.85,19.16,749.7,18.67,43.33
"2021-09-30 23:00:00",86482,12.85,19.02,749.7,18.58,43.38
"2021-09-30 23:05:00",86483,12.85,18.89,749.6,18.45,43.75
"2021-09-30 23:10:00",86484,12.85,18.75,749.6,18.35,44.19
"2021-09-30 23:15:00",86485,12.85,18.63,749.6,18.58,44.09
"2021-09-30 23:20:00",86486,12.84,18.51,749.6,18.56,44.63
"2021-09-30 23:25:00",86487,12.84,18.39,749.5,18.47,44.96
"2021-09-30 23:30:00",86488,12.84,18.28,749.4,18.7,44.58
"2021-09-30 23:35:00",86489,12.84,18.17,749.4,18.86,44.18
"2021-09-30 23:40:00",86490,12.84,18.11,749.4,18.98,44.04
"2021-09-30 23:45:00",86491,12.84,18.07,749.4,18.89,44.31
"2021-09-30 23:50:00",86492,12.84,18.08,749.4,18.98,44.45
"2021-09-30 23:55:00",86493,12.84,18.07,749.3,19.07,44.15
