"TOA5","Pluvio_UPB","CR300","6066","CR300.Std.10.03","CPU:UPB_Rain_4Dic2020.CR300","9715","Meteo5Min"
"TIMESTAMP","RECORD","VBat","TempDL","PBar","TempA","RH"
"TS","RN","Vdc","GradosC","[mBar]","GradosC","%"
"","","Smp","Smp","Smp","Smp","Smp"
"2023-02-01 00:00:00",227029,12.81,18.93,751.8,17.27,60.67
"2023-02-01 00:05:00",227030,12.81,18.88,751.8,17.25,61
"2023-02-01 00:10:00",227031,12.8,18.86,751.8,17.21,61.32
"2023-02-01 00:15:00",227032,12.8,18.82,751.8,17.18,61.74
"2023-02-01 00:20:00",227033,12.8,18.77,751.8,17.15,61.91
"2023-02-01 00:25:00",227034,12.8,18.74,751.8,17.13,62.08
"2023-02-01 00:30:00",227035,12.8,18.68,751.8,17.08,62.73
"2023-02-01 00:35:00",227036,12.8,18.64,751.8,17.05,63.38
"2023-02-01 00:40:00",227037,12.8,18.63,751.8,16.97,64.05
"2023-02-01 00:45:00",227038,12.79,18.58,751.7,16.94,63.84
"2023-02-01 00:50:00",227039,12.79,18.56,751.7,16.87,64.18
"2023-02-01 00:55:00",227040,12.79,18.5,751.7,16.75,64.84
"2023-02-01 01:00:00",227041,12.79,18.43,751.6,16.67,65
"2023-02-01 01:05:00",227042,12.79,18.39,751.6,16.64,65.21
"2023-02-01 01:10:00",227043,12.78,18.36,751.6,16.67,64.62
"2023-02-01 01:15:00",227044,12.78,18.33,751.5,16.72,64.21
"2023-02-01 01:20:00",227045,12.78,18.3,751.5,16.72,63.65
"2023-02-01 01:25:00",227046,12.78,18.27,751.4,16.67,63.62
"2023-02-01 01:30:00",227047,12.78,18.21,751.4,16.64,64.53
"2023-02-01 01:35:00",227048,12.77,18.18,751.4,16.63,64.67
"2023-02-01 01:40:00",227049,12.77,18.16,751.4,16.67,62.6
"2023-02-01 01:45:00",227050,12.77,18.16,751.4,16.79,63.16
"2023-02-01 01:50:00",227051,12.77,18.17,751.3,16.81,62.9
"2023-02-01 01:55:00",227052,12.77,18.19,751.3,16.88,63.86
"2023-02-01 02:00:00",227053,12.77,18.2,751.2,16.82,62.78
"2023-02-01 02:05:00",227054,12.76,18.23,751.1,16.81,64.91
"2023-02-01 02:10:00",227055,12.76,18.14,751.1,16.71,67.01
"2023-02-01 02:15:00",227056,12.76,18.12,751.1,16.63,68.08
"2023-02-01 02:20:00",227057,12.75,18.1,751,16.54,68.5
"2023-02-01 02:25:00",227058,12.76,18.09,751,16.52,68.7
"2023-02-01 02:30:00",227059,12.75,18.05,751,16.52,68.9
"2023-02-01 02:35:00",227060,12.75,18.01,751,16.53,69.4
"2023-02-01 02:40:00",227061,12.75,18.01,751,16.53,68.44
"2023-02-01 02:45:00",227062,12.75,17.97,751,16.5,68.61
"2023-02-01 02:50:00",227063,12.74,17.96,751,16.5,68.84
"2023-02-01 02:55:00",227064,12.74,17.94,751.1,16.64,62.18
"2023-02-01 03:00:00",227065,12.74,17.96,751.1,16.86,59.55
"2023-02-01 03:05:00",227066,12.74,17.96,751.1,16.79,61.37
"2023-02-01 03:10:00",227067,12.73,17.96,751.1,16.69,65.09
"2023-02-01 03:15:00",227068,12.73,17.93,751.1,16.56,65.22
"2023-02-01 03:20:00",227069,12.73,17.9,751.1,16.58,64.49
"2023-02-01 03:25:00",227070,12.73,17.89,751.1,16.57,68.62
"2023-02-01 03:30:00",227071,12.72,17.82,751.1,16.41,69.84
"2023-02-01 03:35:00",227072,12.72,17.74,751.2,16.32,67.55
"2023-02-01 03:40:00",227073,12.72,17.6,751.2,16.46,58.19
"2023-02-01 03:45:00",227074,12.71,17.48,751.2,16.41,61.67
"2023-02-01 03:50:00",227075,12.71,17.49,751.2,16.25,63.01
"2023-02-01 03:55:00",227076,12.71,17.5,751.2,16.25,62.83
"2023-02-01 04:00:00",227077,12.7,17.53,751.2,16.47,56.07
"2023-02-01 04:05:00",227078,12.7,17.55,751.3,16.47,55.65
"2023-02-01 04:10:00",227079,12.7,17.61,751.3,16.44,55.13
"2023-02-01 04:15:00",227080,12.69,17.63,751.3,16.37,58.39
"2023-02-01 04:20:00",227081,12.69,17.65,751.3,16.04,61.49
"2023-02-01 04:25:00",227082,12.69,17.62,751.3,15.71,60.33
"2023-02-01 04:30:00",227083,12.68,17.57,751.3,15.74,58.11
"2023-02-01 04:35:00",227084,12.68,17.53,751.2,15.79,57.43
"2023-02-01 04:40:00",227085,12.68,17.48,751.2,15.63,55.4
"2023-02-01 04:45:00",227086,12.67,17.44,751.2,15.72,56.29
"2023-02-01 04:50:00",227087,12.68,17.42,751.1,15.77,57.18
"2023-02-01 04:55:00",227088,12.68,17.34,751.2,15.54,61.82
"2023-02-01 05:00:00",227089,12.67,17.3,751.3,15.57,60.93
"2023-02-01 05:05:00",227090,12.67,17.27,751.4,15.58,63.25
"2023-02-01 05:10:00",227091,12.66,17.24,751.4,15.54,64.81
"2023-02-01 05:15:00",227092,12.67,17.15,751.5,15.33,70.3
"2023-02-01 05:20:00",227093,12.66,17.08,751.4,15.23,72.05
"2023-02-01 05:25:00",227094,12.66,17.02,751.5,15.15,73.98
"2023-02-01 05:30:00",227095,12.65,16.95,751.5,15.08,74.36
"2023-02-01 05:35:00",227096,12.65,16.89,751.5,15.12,72.55
"2023-02-01 05:40:00",227097,12.64,16.88,751.6,15.12,72.95
"2023-02-01 05:45:00",227098,12.64,16.85,751.7,15.1,69.91
"2023-02-01 05:50:00",227099,12.63,16.83,751.8,15.11,69.3
"2023-02-01 05:55:00",227100,12.63,16.8,751.8,15.1,68.17
"2023-02-01 06:00:00",227101,12.63,16.75,751.8,15.09,68.03
"2023-02-01 06:05:00",227102,12.63,16.7,751.9,15.05,68.05
"2023-02-01 06:10:00",227103,12.62,16.72,752,15.02,67.84
"2023-02-01 06:15:00",227104,12.62,16.75,751.9,15.01,67.29
"2023-02-01 06:20:00",227105,12.63,16.77,751.9,14.99,66.82
"2023-02-01 06:25:00",227106,12.67,16.8,751.9,14.94,66.57
"2023-02-01 06:30:00",227107,12.71,16.82,751.9,14.94,67.74
"2023-02-01 06:35:00",227108,12.76,16.86,752,15.03,68.28
"2023-02-01 06:40:00",227109,12.83,16.97,752.1,15.11,67.07
"2023-02-01 06:45:00",227110,12.87,17.04,752.1,15.14,67.89
"2023-02-01 06:50:00",227111,12.87,17.09,752.2,15.18,68.27
"2023-02-01 06:55:00",227112,12.98,17.18,752.3,15.12,70
"2023-02-01 07:00:00",227113,13.25,17.36,752.3,15.28,69.91
"2023-02-01 07:05:00",227114,13.33,17.46,752.4,15.28,69.6
"2023-02-01 07:10:00",227115,13.37,17.58,752.5,15.32,68.19
"2023-02-01 07:15:00",227116,13.41,17.68,752.5,15.39,67.88
"2023-02-01 07:20:00",227117,13.45,17.8,752.6,15.43,67.94
"2023-02-01 07:25:00",227118,13.47,17.93,752.7,15.4,68.75
"2023-02-01 07:30:00",227119,13.48,18.06,752.7,15.36,68.28
"2023-02-01 07:35:00",227120,13.49,18.15,752.8,15.28,67.8
"2023-02-01 07:40:00",227121,13.51,18.1,752.8,15.46,68.12
"2023-02-01 07:45:00",227122,13.49,18.12,752.9,15.46,67.34
"2023-02-01 07:50:00",227123,13.5,18.15,753,15.64,67.25
"2023-02-01 07:55:00",227124,13.53,18.23,753.1,15.6,65.35
"2023-02-01 08:00:00",227125,13.58,18.32,753.1,15.86,63.89
"2023-02-01 08:05:00",227126,13.59,18.46,753.1,16.08,64.81
"2023-02-01 08:10:00",227127,13.62,18.6,753.2,16.25,63.9
"2023-02-01 08:15:00",227128,13.65,18.77,753.2,16.28,63.85
"2023-02-01 08:20:00",227129,13.69,18.94,753.3,16.4,65.99
"2023-02-01 08:25:00",227130,13.75,19.12,753.4,15.98,65.77
"2023-02-01 08:30:00",227131,13.76,19.27,753.5,16.12,66.23
"2023-02-01 08:35:00",227132,13.75,19.32,753.5,16.46,64.76
"2023-02-01 08:40:00",227133,13.73,19.76,753.5,16.61,64.16
"2023-02-01 08:45:00",227134,13.66,19.9,753.5,16.44,64.46
"2023-02-01 08:50:00",227135,13.74,19.79,753.5,16.4,63.3
"2023-02-01 08:55:00",227136,13.76,20.51,753.6,16.56,63.45
"2023-02-01 09:00:00",227137,13.73,20.7,753.6,16.77,63.01
"2023-02-01 09:05:00",227138,13.74,21.02,753.7,17.03,61.05
"2023-02-01 09:10:00",227139,13.74,21.37,753.5,16.93,60.97
"2023-02-01 09:15:00",227140,13.71,21.6,753.4,17.15,61.04
"2023-02-01 09:20:00",227141,13.71,21.97,753.5,18.01,57.58
"2023-02-01 09:25:00",227142,13.71,22.46,753.5,17.84,57.68
"2023-02-01 09:30:00",227143,13.68,22.94,753.5,18.02,56.98
"2023-02-01 09:35:00",227144,13.69,23.4,753.6,18.08,57.47
"2023-02-01 09:40:00",227145,13.69,23.84,753.5,19.35,54.51
"2023-02-01 09:45:00",227146,13.65,24.29,753.6,18.4,56.09
"2023-02-01 09:50:00",227147,13.66,24.63,753.5,18.73,52.93
"2023-02-01 09:55:00",227148,13.66,24.9,753.5,18.47,53.05
"2023-02-01 10:00:00",227149,13.63,25.07,753.5,18.91,52.18
"2023-02-01 10:05:00",227150,13.63,25.25,753.4,19.17,50.97
"2023-02-01 10:10:00",227151,13.63,25.38,753.4,18.36,52.82
"2023-02-01 10:15:00",227152,13.63,25.46,753.4,18.47,52.18
"2023-02-01 10:20:00",227153,13.63,25.53,753.3,18.94,50.44
"2023-02-01 10:25:00",227154,13.63,25.64,753.3,19.2,50.67
"2023-02-01 10:30:00",227155,13.63,25.83,753.3,19,50.39
"2023-02-01 10:35:00",227156,13.64,26.1,753.3,18.96,48.31
"2023-02-01 10:40:00",227157,13.61,26.55,753.2,20.82,44.61
"2023-02-01 10:45:00",227158,13.61,27.11,753.2,20.77,44.67
"2023-02-01 10:50:00",227159,13.61,27.6,753.1,20.69,42.73
"2023-02-01 10:55:00",227160,13.58,27.87,753.1,19.5,46.99
"2023-02-01 11:00:00",227161,13.58,27.94,753,21.13,43.39
"2023-02-01 11:05:00",227162,13.58,28.07,753,20.48,43.09
"2023-02-01 11:10:00",227163,13.59,28.23,752.9,20.19,46.06
"2023-02-01 11:15:00",227164,13.58,28.32,752.8,20.28,43.46
"2023-02-01 11:20:00",227165,13.59,28.32,752.7,20.46,43.12
"2023-02-01 11:25:00",227166,13.59,28.41,752.7,21.68,41.29
"2023-02-01 11:30:00",227167,13.59,28.78,752.6,22.61,39.18
"2023-02-01 11:35:00",227168,13.56,29.37,752.6,21.79,39.88
"2023-02-01 11:40:00",227169,13.54,29.82,752.4,20.98,41.28
"2023-02-01 11:45:00",227170,13.54,30.06,752.4,22.29,39.6
"2023-02-01 11:50:00",227171,13.54,30.28,752.4,22.3,38.17
"2023-02-01 11:55:00",227172,13.54,30.51,752.3,22.53,38.45
"2023-02-01 12:00:00",227173,13.54,30.84,752.2,23.61,34.87
"2023-02-01 12:05:00",227174,13.51,31.19,752.1,24.18,33.79
"2023-02-01 12:10:00",227175,13.51,31.59,752.1,23.04,35.94
"2023-02-01 12:15:00",227176,13.52,31.9,752,23.62,36.06
"2023-02-01 12:20:00",227177,13.51,32,751.9,22.63,39.7
"2023-02-01 12:25:00",227178,13.51,32.03,751.8,23.77,35.41
"2023-02-01 12:30:00",227179,13.52,32.19,751.7,23.53,38.55
"2023-02-01 12:35:00",227180,13.49,32.26,751.7,23.12,34.95
"2023-02-01 12:40:00",227181,13.49,32.11,751.6,22.51,37
"2023-02-01 12:45:00",227182,13.49,31.82,751.5,22.4,38.14
"2023-02-01 12:50:00",227183,13.49,31.57,751.4,23.28,36.62
"2023-02-01 12:55:00",227184,13.49,31.47,751.4,23.18,37.93
"2023-02-01 13:00:00",227185,13.49,31.4,751.3,22.44,40.14
"2023-02-01 13:05:00",227186,13.49,31.21,751.2,21.41,41
"2023-02-01 13:10:00",227187,13.49,30.75,751.2,22.06,40.23
"2023-02-01 13:15:00",227188,13.49,30.38,751.1,21.9,38.97
"2023-02-01 13:20:00",227189,13.49,30.12,750.9,22.67,37.61
"2023-02-01 13:25:00",227190,13.49,29.98,750.9,24.1,33.91
"2023-02-01 13:30:00",227191,13.49,30.04,750.8,24.06,33.24
"2023-02-01 13:35:00",227192,13.49,30.22,750.7,23.91,33.19
"2023-02-01 13:40:00",227193,13.49,30.39,750.6,23.76,34.68
"2023-02-01 13:45:00",227194,13.49,30.46,750.5,24.91,31.98
"2023-02-01 13:50:00",227195,13.49,30.58,750.4,25.04,31.18
"2023-02-01 13:55:00",227196,13.49,30.74,750.3,24.47,31.67
"2023-02-01 14:00:00",227197,13.49,30.89,750.3,24.58,30.74
"2023-02-01 14:05:00",227198,13.49,30.97,750.2,24.19,33.92
"2023-02-01 14:10:00",227199,13.49,31.05,750,24.74,30.99
"2023-02-01 14:15:00",227200,13.49,31.12,749.8,25.01,31.18
"2023-02-01 14:20:00",227201,13.49,31.19,749.8,25.11,30.31
"2023-02-01 14:25:00",227202,13.49,31.34,749.8,24.39,27.4
"2023-02-01 14:30:00",227203,13.49,31.7,749.6,24.88,30.09
"2023-02-01 14:35:00",227204,13.49,32.37,749.4,24.28,30.27
"2023-02-01 14:40:00",227205,13.49,32.09,749.2,24.23,30.13
"2023-02-01 14:45:00",227206,13.5,31.96,749.2,25.7,29.2
"2023-02-01 14:50:00",227207,13.49,31.91,749.1,24.45,28.39
"2023-02-01 14:55:00",227208,13.49,31.84,749,24.82,28.25
"2023-02-01 15:00:00",227209,13.49,31.77,749,25.18,26.58
"2023-02-01 15:05:00",227210,13.5,31.84,748.8,25.86,25.33
"2023-02-01 15:10:00",227211,13.49,32.01,748.7,25.16,28.96
"2023-02-01 15:15:00",227212,13.49,32.16,748.5,26.39,27.9
"2023-02-01 15:20:00",227213,13.5,32.36,748.4,26.56,27.84
"2023-02-01 15:25:00",227214,13.5,32.53,748.3,25.84,27.99
"2023-02-01 15:30:00",227215,13.5,32.67,748.2,25.26,29.1
"2023-02-01 15:35:00",227216,13.5,32.73,748.1,25.06,28.88
"2023-02-01 15:40:00",227217,13.5,32.72,747.9,24.79,30.11
"2023-02-01 15:45:00",227218,13.49,32.7,747.8,25.38,29.04
"2023-02-01 15:50:00",227219,13.5,32.73,747.6,26.18,27.13
"2023-02-01 15:55:00",227220,13.5,32.94,747.5,27.28,24.46
"2023-02-01 16:00:00",227221,13.5,33.35,747.4,27.26,25.22
"2023-02-01 16:05:00",227222,13.47,33.71,747.3,27.27,24.32
"2023-02-01 16:10:00",227223,13.47,34.05,747.3,27,25.06
"2023-02-01 16:15:00",227224,13.47,34.4,747.2,27.98,25.06
"2023-02-01 16:20:00",227225,13.45,34.6,747.1,26.66,26.28
"2023-02-01 16:25:00",227226,13.45,34.5,747.2,25.78,24.84
"2023-02-01 16:30:00",227227,13.45,34.09,747.1,25.18,27.53
"2023-02-01 16:35:00",227228,13.45,33.57,747.1,25.2,27.06
"2023-02-01 16:40:00",227229,13.45,33.13,747,26.03,25.61
"2023-02-01 16:45:00",227230,13.45,33,747,26.38,25.33
"2023-02-01 16:50:00",227231,13.45,33.06,746.9,26.31,24.74
"2023-02-01 16:55:00",227232,13.45,33.27,746.9,27.08,24.83
"2023-02-01 17:00:00",227233,13.45,33.47,746.9,26.83,23.6
"2023-02-01 17:05:00",227234,13.45,33.59,746.9,26.63,25.28
"2023-02-01 17:10:00",227235,13.45,33.46,746.9,25.15,27.19
"2023-02-01 17:15:00",227236,13.45,33.12,747,24.95,27.99
"2023-02-01 17:20:00",227237,13.45,32.78,746.9,25.47,26.84
"2023-02-01 17:25:00",227238,13.45,32.64,746.9,26.36,25.88
"2023-02-01 17:30:00",227239,13.45,32.69,746.9,25.97,24.92
"2023-02-01 17:35:00",227240,13.45,32.79,747,25.63,25.76
"2023-02-01 17:40:00",227241,13.45,32.79,747,25.58,25.24
"2023-02-01 17:45:00",227242,13.45,32.63,747,25.13,26.92
"2023-02-01 17:50:00",227243,13.45,32.26,747.2,25,28
"2023-02-01 17:55:00",227244,13.42,31.74,747.1,25.08,28.21
"2023-02-01 18:00:00",227245,13.32,30.8,747.1,24.85,28.19
"2023-02-01 18:05:00",227246,13.21,30.18,747.1,24.54,28.77
"2023-02-01 18:10:00",227247,13.16,29.57,747.1,24.13,28.81
"2023-02-01 18:15:00",227248,13.12,28.92,747.1,23.78,29.79
"2023-02-01 18:20:00",227249,13.1,28.3,747.2,23.66,30.79
"2023-02-01 18:25:00",227250,13.06,27.74,747.2,23.63,30.79
"2023-02-01 18:30:00",227251,13.04,27.24,747.3,23.47,31.38
"2023-02-01 18:35:00",227252,13.02,26.78,747.4,23.36,31.51
"2023-02-01 18:40:00",227253,13,26.37,747.4,23.31,31.6
"2023-02-01 18:45:00",227254,12.98,26.01,747.5,23.33,30.7
"2023-02-01 18:50:00",227255,12.96,25.69,747.5,23.09,31.78
"2023-02-01 18:55:00",227256,12.94,25.41,747.6,22.99,32.64
"2023-02-01 19:00:00",227257,12.92,25.12,747.6,22.89,33.03
"2023-02-01 19:05:00",227258,12.91,24.89,747.7,22.81,32.76
"2023-02-01 19:10:00",227259,12.9,24.64,747.8,22.74,32.92
"2023-02-01 19:15:00",227260,12.89,24.38,747.8,22.57,33.54
"2023-02-01 19:20:00",227261,12.89,24.14,747.9,22.34,34.21
"2023-02-01 19:25:00",227262,12.89,23.93,748,22.24,34.77
"2023-02-01 19:30:00",227263,12.89,23.73,748,22.18,35.03
"2023-02-01 19:35:00",227264,12.88,23.56,748.1,21.96,35.3
"2023-02-01 19:40:00",227265,12.88,23.36,748.2,21.85,35.72
"2023-02-01 19:45:00",227266,12.88,23.18,748.2,21.82,35.82
"2023-02-01 19:50:00",227267,12.88,23.04,748.3,21.91,35.99
"2023-02-01 19:55:00",227268,12.88,22.91,748.4,21.64,36.95
"2023-02-01 20:00:00",227269,12.87,22.77,748.4,21.49,37.43
"2023-02-01 20:05:00",227270,12.87,22.64,748.5,21.3,38.26
"2023-02-01 20:10:00",227271,12.87,22.49,748.6,21.21,38.54
"2023-02-01 20:15:00",227272,12.87,22.37,748.6,21.23,38.71
"2023-02-01 20:20:00",227273,12.86,22.24,748.7,21.07,39.21
"2023-02-01 20:25:00",227274,12.86,22.14,748.8,20.91,39.98
"2023-02-01 20:30:00",227275,12.86,22.04,748.9,20.78,40.61
"2023-02-01 20:35:00",227276,12.86,21.92,749,20.78,40.81
"2023-02-01 20:40:00",227277,12.86,21.82,749.1,20.89,40.66
"2023-02-01 20:45:00",227278,12.86,21.73,749.1,20.84,41.01
"2023-02-01 20:50:00",227279,12.85,21.67,749.2,20.84,41.04
"2023-02-01 20:55:00",227280,12.85,21.63,749.3,20.87,40.95
"2023-02-01 21:00:00",227281,12.85,21.58,749.4,20.69,41.31
"2023-02-01 21:05:00",227282,12.85,21.55,749.6,20.7,41.06
"2023-02-01 21:10:00",227283,12.85,21.53,749.7,20.99,39.86
"2023-02-01 21:15:00",227284,12.85,21.57,749.7,20.98,39.79
"2023-02-01 21:20:00",227285,12.85,21.58,749.8,20.91,39.55
"2023-02-01 21:25:00",227286,12.85,21.6,749.8,20.98,39.33
"2023-02-01 21:30:00",227287,12.85,21.61,750,20.86,39.81
"2023-02-01 21:35:00",227288,12.85,21.6,750,20.77,40.09
"2023-02-01 21:40:00",227289,12.85,21.56,750.1,20.54,41.1
"2023-02-01 21:45:00",227290,12.85,21.51,750.2,20.26,42.04
"2023-02-01 21:50:00",227291,12.85,21.43,750.3,20.06,43.05
"2023-02-01 21:55:00",227292,12.85,21.35,750.4,20.01,43.36
"2023-02-01 22:00:00",227293,12.85,21.28,750.5,19.89,44.11
"2023-02-01 22:05:00",227294,12.85,21.17,750.6,19.8,44.84
"2023-02-01 22:10:00",227295,12.85,21.07,750.7,19.74,46.29
"2023-02-01 22:15:00",227296,12.84,20.98,750.8,19.66,45.68
"2023-02-01 22:20:00",227297,12.84,20.9,750.9,19.62,45.39
"2023-02-01 22:25:00",227298,12.84,20.82,751,19.64,45.58
"2023-02-01 22:30:00",227299,12.84,20.8,751,19.64,46.25
"2023-02-01 22:35:00",227300,12.84,20.77,751.1,19.59,46.63
"2023-02-01 22:40:00",227301,12.84,20.74,751.2,19.57,46.68
"2023-02-01 22:45:00",227302,12.84,20.71,751.2,19.66,45.59
"2023-02-01 22:50:00",227303,12.84,20.69,751.2,19.65,46.19
"2023-02-01 22:55:00",227304,12.84,20.69,751.2,19.74,46.2
"2023-02-01 23:00:00",227305,12.82,20.8,751.2,19.6,46.69
"2023-02-01 23:05:00",227306,12.82,21.02,751.3,19.53,47.6
"2023-02-01 23:10:00",227307,12.81,21.11,751.2,19.48,46.96
"2023-02-01 23:15:00",227308,12.82,21.13,751.1,19.41,47.49
"2023-02-01 23:20:00",227309,12.82,21.13,751.1,19.38,47.55
"2023-02-01 23:25:00",227310,12.82,21.07,751,19.33,47.76
"2023-02-01 23:30:00",227311,12.81,21.04,750.9,19.32,48.42
"2023-02-01 23:35:00",227312,12.81,21.01,751,19.23,48.72
"2023-02-01 23:40:00",227313,12.81,20.98,750.9,19.26,48.7
"2023-02-01 23:45:00",227314,12.81,20.95,750.9,19.22,49.04
"2023-02-01 23:50:00",227315,12.81,20.94,750.9,19.14,49.75
"2023-02-01 23:55:00",227316,12.81,20.88,750.9,19.02,50.2
"2023-02-02 00:00:00",227317,12.81,20.83,751,18.96,50.63
"2023-02-02 00:05:00",227318,12.81,20.78,751.1,18.94,50.85
"2023-02-02 00:10:00",227319,12.81,20.73,751.2,18.95,51.1
"2023-02-02 00:15:00",227320,12.8,20.69,751.3,18.92,51.56
"2023-02-02 00:20:00",227321,12.8,20.66,751.2,18.88,51.74
"2023-02-02 00:25:00",227322,12.8,20.61,751.2,18.9,53.61
"2023-02-02 00:30:00",227323,12.8,20.6,751.2,18.91,51.62
"2023-02-02 00:35:00",227324,12.8,20.55,751.1,18.9,52.55
"2023-02-02 00:40:00",227325,12.8,20.51,751,18.8,52.29
"2023-02-02 00:45:00",227326,12.8,20.47,751,18.67,54.1
"2023-02-02 00:50:00",227327,12.79,20.39,750.9,18.51,54.88
"2023-02-02 00:55:00",227328,12.79,20.35,750.9,18.4,55.14
"2023-02-02 01:00:00",227329,12.79,20.3,750.9,18.35,55.59
"2023-02-02 01:05:00",227330,12.79,20.26,750.9,18.36,55.25
"2023-02-02 01:10:00",227331,12.79,20.24,750.9,18.44,55.33
"2023-02-02 01:15:00",227332,12.79,20.23,750.9,18.35,55.68
"2023-02-02 01:20:00",227333,12.78,20.22,751,18.21,56.24
"2023-02-02 01:25:00",227334,12.79,20.23,751,18.23,56.12
"2023-02-02 01:30:00",227335,12.79,20.2,750.9,18.25,55.52
"2023-02-02 01:35:00",227336,12.78,20.19,750.9,18.17,55.66
"2023-02-02 01:40:00",227337,12.78,20.17,750.9,18.19,55.57
"2023-02-02 01:45:00",227338,12.78,20.16,750.8,18.31,60.3
"2023-02-02 01:50:00",227339,12.78,20.07,750.8,18.07,57.53
"2023-02-02 01:55:00",227340,12.77,19.89,750.8,17.95,59.37
"2023-02-02 02:00:00",227341,12.77,19.7,750.7,17.56,61.44
"2023-02-02 02:05:00",227342,12.78,19.29,750.7,17.28,64.49
"2023-02-02 02:10:00",227343,12.77,19,750.7,17.19,64.53
"2023-02-02 02:15:00",227344,12.77,18.79,750.7,17.29,65.94
"2023-02-02 02:20:00",227345,12.77,18.65,750.7,17.37,63.29
"2023-02-02 02:25:00",227346,12.77,18.57,750.7,17.42,63.83
"2023-02-02 02:30:00",227347,12.77,18.5,750.7,17.4,63.23
"2023-02-02 02:35:00",227348,12.76,18.41,750.8,17.45,64.52
"2023-02-02 02:40:00",227349,12.76,18.39,750.8,17.42,65.99
"2023-02-02 02:45:00",227350,12.76,18.42,750.9,17.31,63.48
"2023-02-02 02:50:00",227351,12.76,18.47,750.8,17.25,63.15
"2023-02-02 02:55:00",227352,12.76,18.5,750.8,17.15,63.1
"2023-02-02 03:00:00",227353,12.75,18.54,750.8,17.03,62.07
"2023-02-02 03:05:00",227354,12.75,18.55,750.8,16.86,65.04
"2023-02-02 03:10:00",227355,12.75,18.53,750.8,16.41,68.82
"2023-02-02 03:15:00",227356,12.75,18.44,750.8,16.24,71.22
"2023-02-02 03:20:00",227357,12.75,18.33,750.8,16.12,71.37
"2023-02-02 03:25:00",227358,12.74,18.21,750.8,15.88,75.14
"2023-02-02 03:30:00",227359,12.74,18.11,750.8,15.44,77.36
"2023-02-02 03:35:00",227360,12.74,17.97,750.8,15.52,76.82
"2023-02-02 03:40:00",227361,12.74,17.87,750.7,15.56,76.54
"2023-02-02 03:45:00",227362,12.73,17.75,750.8,15.6,76.52
"2023-02-02 03:50:00",227363,12.73,17.65,750.8,15.61,76.78
"2023-02-02 03:55:00",227364,12.73,17.58,750.8,15.63,76.92
"2023-02-02 04:00:00",227365,12.73,17.54,750.8,15.48,78.1
"2023-02-02 04:05:00",227366,12.72,17.47,750.9,15.38,78.41
"2023-02-02 04:10:00",227367,12.72,17.39,750.9,15.19,79.81
"2023-02-02 04:15:00",227368,12.72,17.33,750.9,15.09,80.3
"2023-02-02 04:20:00",227369,12.72,17.24,750.9,15.11,80.2
"2023-02-02 04:25:00",227370,12.71,17.16,751,15,80.6
"2023-02-02 04:30:00",227371,12.71,17.1,751,14.94,80.2
"2023-02-02 04:35:00",227372,12.71,17.03,751,14.95,80.2
"2023-02-02 04:40:00",227373,12.71,16.96,751.1,14.98,79.55
"2023-02-02 04:45:00",227374,12.7,16.92,751.1,15,79.05
"2023-02-02 04:50:00",227375,12.7,16.88,751.1,15.04,78.67
"2023-02-02 04:55:00",227376,12.7,16.85,751.1,15.04,78
"2023-02-02 05:00:00",227377,12.7,16.76,751.2,15.06,78.54
"2023-02-02 05:05:00",227378,12.69,16.73,751.2,15.04,78.78
"2023-02-02 05:10:00",227379,12.69,16.73,751.2,14.94,79.32
"2023-02-02 05:15:00",227380,12.69,16.71,751.3,14.89,78.44
"2023-02-02 05:20:00",227381,12.68,16.65,751.3,15,77.27
"2023-02-02 05:25:00",227382,12.68,16.62,751.3,15.04,78.45
"2023-02-02 05:30:00",227383,12.68,16.61,751.3,15.12,79.02
"2023-02-02 05:35:00",227384,12.68,16.57,751.3,14.97,79.74
"2023-02-02 05:40:00",227385,12.67,16.56,751.4,14.96,80.3
"2023-02-02 05:45:00",227386,12.67,16.56,751.4,14.98,80.2
"2023-02-02 05:50:00",227387,12.66,16.56,751.4,14.95,80.1
"2023-02-02 05:55:00",227388,12.66,16.55,751.5,14.98,78.99
"2023-02-02 06:00:00",227389,12.66,16.55,751.5,14.97,79.27
"2023-02-02 06:05:00",227390,12.66,16.54,751.6,14.95,79.87
"2023-02-02 06:10:00",227391,12.65,16.56,751.6,14.96,80.1
"2023-02-02 06:15:00",227392,12.65,16.59,751.7,14.96,79.93
"2023-02-02 06:20:00",227393,12.65,16.61,751.8,14.96,80
"2023-02-02 06:25:00",227394,12.65,16.64,751.8,14.99,80.4
"2023-02-02 06:30:00",227395,12.65,16.67,751.9,14.99,80.7
"2023-02-02 06:35:00",227396,12.66,16.69,751.9,15.01,80.5
"2023-02-02 06:40:00",227397,12.67,16.71,752,15.03,80.3
"2023-02-02 06:45:00",227398,12.69,16.77,752,15.11,78.57
"2023-02-02 06:50:00",227399,12.72,16.8,752,15.24,78.49
"2023-02-02 06:55:00",227400,12.74,16.88,752,15.28,78.44
"2023-02-02 07:00:00",227401,12.77,16.95,752,15.34,78.21
"2023-02-02 07:05:00",227402,12.81,16.99,752.1,15.43,77.75
"2023-02-02 07:10:00",227403,12.84,17.05,752.1,15.4,78.08
"2023-02-02 07:15:00",227404,12.9,17.12,752.2,15.44,78.06
"2023-02-02 07:20:00",227405,12.96,17.21,752.2,15.49,78.15
"2023-02-02 07:25:00",227406,13.1,17.36,752.3,15.58,77.17
"2023-02-02 07:30:00",227407,13.35,17.61,752.3,15.85,76.89
"2023-02-02 07:35:00",227408,13.43,17.86,752.4,15.9,76.3
"2023-02-02 07:40:00",227409,13.45,18.06,752.4,15.88,76.52
"2023-02-02 07:45:00",227410,13.44,18.22,752.5,15.69,77.3
"2023-02-02 07:50:00",227411,13.4,18.28,752.5,15.84,75.33
"2023-02-02 07:55:00",227412,13.35,18.28,752.6,15.73,74.35
"2023-02-02 08:00:00",227413,13.31,18.27,752.6,15.69,74.39
"2023-02-02 08:05:00",227414,13.3,18.22,752.7,15.72,75
"2023-02-02 08:10:00",227415,13.29,18.21,752.7,15.81,74.85
"2023-02-02 08:15:00",227416,13.31,18.23,752.8,15.81,73.79
"2023-02-02 08:20:00",227417,13.34,18.25,752.8,15.76,74.58
"2023-02-02 08:25:00",227418,13.38,18.32,752.9,16.07,74.61
"2023-02-02 08:30:00",227419,13.44,18.42,752.9,16.21,73.91
"2023-02-02 08:35:00",227420,13.44,18.59,753,16.32,75.74
"2023-02-02 08:40:00",227421,13.49,18.73,753,16.7,75.42
"2023-02-02 08:45:00",227422,13.64,19.08,753,16.71,77.26
"2023-02-02 08:50:00",227423,13.85,19.2,753,16.05,76.93
"2023-02-02 08:55:00",227424,13.76,20.34,753.1,16.28,75.2
"2023-02-02 09:00:00",227425,13.73,20.73,753.1,16.61,71.98
"2023-02-02 09:05:00",227426,13.73,21.02,753.1,17.12,67.99
"2023-02-02 09:10:00",227427,13.73,21.25,753.1,16.9,72.89
"2023-02-02 09:15:00",227428,13.73,21.49,753.1,16.91,69
"2023-02-02 09:20:00",227429,13.71,21.77,753.2,17.53,69.06
"2023-02-02 09:25:00",227430,13.71,22.07,753.2,17.93,66.64
"2023-02-02 09:30:00",227431,13.7,22.39,753.2,17.54,65.66
"2023-02-02 09:35:00",227432,13.68,22.65,753.2,17.77,65.2
"2023-02-02 09:40:00",227433,13.68,22.85,753.3,17.76,66.46
"2023-02-02 09:45:00",227434,13.68,23.02,753.3,17.65,65.59
"2023-02-02 09:50:00",227435,13.68,23.12,753.3,17.65,65.44
"2023-02-02 09:55:00",227436,13.68,23.16,753.2,17.76,64.69
"2023-02-02 10:00:00",227437,13.68,23.21,753.2,17.87,65.83
"2023-02-02 10:05:00",227438,13.68,23.29,753.3,17.95,65.2
"2023-02-02 10:10:00",227439,13.69,23.28,753.3,17.13,66.03
"2023-02-02 10:15:00",227440,13.69,23.21,753.3,17.41,65.75
"2023-02-02 10:20:00",227441,13.69,23.1,753.2,17.49,66.45
"2023-02-02 10:25:00",227442,13.69,23.06,753.2,17.7,65.01
"2023-02-02 10:30:00",227443,13.69,23.1,753.2,18.34,62.11
"2023-02-02 10:35:00",227444,13.69,23.14,753.2,17.95,63.15
"2023-02-02 10:40:00",227445,13.69,23.23,753.1,18.43,62.18
"2023-02-02 10:45:00",227446,13.69,23.41,753.1,18.05,62.66
"2023-02-02 10:50:00",227447,13.69,23.61,753.1,17.89,61.61
"2023-02-02 10:55:00",227448,13.66,23.75,753,18.14,63.68
"2023-02-02 11:00:00",227449,13.66,23.9,753,18.21,62.98
"2023-02-02 11:05:00",227450,13.66,23.97,753,17.97,62.64
"2023-02-02 11:10:00",227451,13.66,23.89,753,17.61,66.7
"2023-02-02 11:15:00",227452,13.66,23.68,753,17.49,66.56
"2023-02-02 11:20:00",227453,13.66,23.43,753,17.42,68.54
"2023-02-02 11:25:00",227454,13.66,23.17,752.9,17.07,68.42
"2023-02-02 11:30:00",227455,13.66,22.93,753,17.27,67.11
"2023-02-02 11:35:00",227456,13.66,22.86,752.9,17.42,67.2
"2023-02-02 11:40:00",227457,13.66,22.81,752.9,17.61,68.55
"2023-02-02 11:45:00",227458,13.66,22.85,752.9,17.88,67.16
"2023-02-02 11:50:00",227459,13.67,22.88,752.9,17.73,64.03
"2023-02-02 11:55:00",227460,13.66,22.87,752.9,17.59,65.82
"2023-02-02 12:00:00",227461,13.67,22.78,752.9,17.36,71.95
"2023-02-02 12:05:00",227462,13.67,22.48,752.8,16.74,72.21
"2023-02-02 12:10:00",227463,13.66,22.08,752.8,16.76,81.9
"2023-02-02 12:15:00",227464,13.67,21.73,752.7,16.36,75.02
"2023-02-02 12:20:00",227465,13.67,21.49,752.6,16.76,71.14
"2023-02-02 12:25:00",227466,13.67,21.39,752.5,16.95,69.1
"2023-02-02 12:30:00",227467,13.67,21.47,752.4,17.26,67.69
"2023-02-02 12:35:00",227468,13.67,21.73,752.3,17.21,65.39
"2023-02-02 12:40:00",227469,13.67,22.03,752.2,17.94,62.55
"2023-02-02 12:45:00",227470,13.67,22.34,752.2,17.75,62.67
"2023-02-02 12:50:00",227471,13.67,22.54,752.1,17.88,60.47
"2023-02-02 12:55:00",227472,13.67,22.68,752.1,18.04,62.42
"2023-02-02 13:00:00",227473,13.67,22.84,752,18.25,58.96
"2023-02-02 13:05:00",227474,13.67,23.05,751.9,19.02,57.68
"2023-02-02 13:10:00",227475,13.67,23.38,751.9,19.65,54.83
"2023-02-02 13:15:00",227476,13.67,23.84,751.9,18.92,55.61
"2023-02-02 13:20:00",227477,13.67,24.21,751.9,18.94,58.03
"2023-02-02 13:25:00",227478,13.67,24.36,751.9,19.49,53.69
"2023-02-02 13:30:00",227479,13.64,24.51,751.8,19.12,53.89
"2023-02-02 13:35:00",227480,13.64,24.57,751.7,19.28,54.4
"2023-02-02 13:40:00",227481,13.64,24.66,751.7,19.34,55.98
"2023-02-02 13:45:00",227482,13.65,24.76,751.7,19.4,54.57
"2023-02-02 13:50:00",227483,13.65,24.84,751.7,19.38,54.11
"2023-02-02 13:55:00",227484,13.65,24.92,751.6,19.56,55.18
"2023-02-02 14:00:00",227485,13.62,25.04,751.6,19.62,50.16
"2023-02-02 14:05:00",227486,13.62,25.19,751.4,20.04,48.48
"2023-02-02 14:10:00",227487,13.62,25.37,751.4,20.36,47.2
"2023-02-02 14:15:00",227488,13.62,25.6,751.4,20.83,46.27
"2023-02-02 14:20:00",227489,13.62,25.87,751.4,20.72,46.38
"2023-02-02 14:25:00",227490,13.62,26.08,751.4,20.74,46.42
"2023-02-02 14:30:00",227491,13.62,26.18,751.3,20.32,47.67
"2023-02-02 14:35:00",227492,13.62,26.19,751.3,20.43,48.88
"2023-02-02 14:40:00",227493,13.62,26.16,751.3,19.84,51.06
"2023-02-02 14:45:00",227494,13.62,26,751.2,20.12,50.19
"2023-02-02 14:50:00",227495,13.49,25.48,751.3,19.8,50.15
"2023-02-02 14:55:00",227496,13.23,24.64,751.2,19.44,54.92
"2023-02-02 15:00:00",227497,13.16,24.08,751.3,18.67,58.69
"2023-02-02 15:05:00",227498,13.19,23.61,751.3,18.21,59.92
"2023-02-02 15:10:00",227499,13.59,23.2,751.3,17.97,63.21
"2023-02-02 15:15:00",227500,13.67,23.48,751.3,17.74,63.74
"2023-02-02 15:20:00",227501,13.67,23.52,751.2,17.9,63.88
"2023-02-02 15:25:00",227502,13.67,23.42,751.2,18,63.51
"2023-02-02 15:30:00",227503,13.68,23.35,751,18.31,62.61
"2023-02-02 15:35:00",227504,13.68,23.38,751,18.57,61.93
"2023-02-02 15:40:00",227505,13.68,23.45,750.9,18.48,60.99
"2023-02-02 15:45:00",227506,13.68,23.53,750.8,18.58,60.28
"2023-02-02 15:50:00",227507,13.68,23.62,750.8,17.9,65.66
"2023-02-02 15:55:00",227508,13.67,23.65,750.7,17.31,67.62
"2023-02-02 16:00:00",227509,13.68,23.55,750.6,17.4,68.04
"2023-02-02 16:05:00",227510,13.68,23.38,750.5,18.13,64.9
"2023-02-02 16:10:00",227511,13.68,23.47,750.4,18.41,62.57
"2023-02-02 16:15:00",227512,13.67,23.73,750.4,17.7,66.25
"2023-02-02 16:20:00",227513,13.68,23.92,750.2,18.03,64.85
"2023-02-02 16:25:00",227514,13.68,24.11,750.1,18.11,64.6
"2023-02-02 16:30:00",227515,13.65,24.27,750.1,19.16,60.88
"2023-02-02 16:35:00",227516,13.65,24.62,750,19.9,58
"2023-02-02 16:40:00",227517,13.65,25.02,749.9,18.88,59.51
"2023-02-02 16:45:00",227518,13.65,25.21,749.8,18.94,59.03
"2023-02-02 16:50:00",227519,13.65,25.21,749.8,18.62,59.8
"2023-02-02 16:55:00",227520,13.65,25.09,749.6,18.54,58.31
"2023-02-02 17:00:00",227521,13.65,24.82,749.5,18.46,59.38
"2023-02-02 17:05:00",227522,13.65,24.51,749.6,18.29,56.87
"2023-02-02 17:10:00",227523,13.65,24.21,749.5,18.6,57.43
"2023-02-02 17:15:00",227524,13.65,23.95,749.5,18.39,57.58
"2023-02-02 17:20:00",227525,13.65,23.68,749.6,18.46,55.33
"2023-02-02 17:25:00",227526,13.65,23.51,749.6,18.65,55.17
"2023-02-02 17:30:00",227527,13.65,23.34,749.5,18.54,56.14
"2023-02-02 17:35:00",227528,13.65,23.13,749.6,18.51,56.32
"2023-02-02 17:40:00",227529,13.65,22.75,749.5,18.55,53.84
"2023-02-02 17:45:00",227530,13.65,22.8,749.5,18.51,55.34
"2023-02-02 17:50:00",227531,13.64,22.61,749.4,18.88,53.54
"2023-02-02 17:55:00",227532,13.61,22.44,749.4,18.74,54.88
"2023-02-02 18:00:00",227533,13.67,22.27,749.4,18.64,54.53
"2023-02-02 18:05:00",227534,13.65,22.24,749.4,18.82,53.01
"2023-02-02 18:10:00",227535,13.7,22.4,749.4,18.85,52.79
"2023-02-02 18:15:00",227536,13.7,22.68,749.5,18.74,53.86
"2023-02-02 18:20:00",227537,13.68,23.1,749.4,19.07,54.59
"2023-02-02 18:25:00",227538,13.51,22.8,749.5,18.94,54.54
"2023-02-02 18:30:00",227539,13.4,22.53,749.5,18.75,55.74
"2023-02-02 18:35:00",227540,13.27,22.34,749.5,18.53,56.47
"2023-02-02 18:40:00",227541,13.15,22.11,749.6,18.71,56.04
"2023-02-02 18:45:00",227542,13.05,21.91,749.7,18.59,55.81
"2023-02-02 18:50:00",227543,12.98,21.72,749.7,18.54,56.57
"2023-02-02 18:55:00",227544,12.94,21.44,749.8,18.47,56.28
"2023-02-02 19:00:00",227545,12.92,21.24,749.9,18.34,56.42
"2023-02-02 19:05:00",227546,12.9,21.06,750,18.33,55.62
"2023-02-02 19:10:00",227547,12.9,20.86,750.1,18.19,56.51
"2023-02-02 19:15:00",227548,12.89,20.67,750.2,18.21,55.72
"2023-02-02 19:20:00",227549,12.89,20.5,750.3,18.25,56
"2023-02-02 19:25:00",227550,12.89,20.38,750.3,18.22,55.54
"2023-02-02 19:30:00",227551,12.88,20.28,750.5,18.22,55.6
"2023-02-02 19:35:00",227552,12.88,20.19,750.6,18.27,55.33
"2023-02-02 19:40:00",227553,12.88,20.13,750.6,18.27,55.18
"2023-02-02 19:45:00",227554,12.87,20.1,750.7,18.27,55.55
"2023-02-02 19:50:00",227555,12.87,20.07,750.8,18.32,55.58
"2023-02-02 19:55:00",227556,12.87,20.02,750.8,18.33,54.76
"2023-02-02 20:00:00",227557,12.87,20.01,750.9,18.25,54.96
"2023-02-02 20:05:00",227558,12.87,19.94,751,18.21,54.53
"2023-02-02 20:10:00",227559,12.86,19.91,751.1,18.2,54.37
"2023-02-02 20:15:00",227560,12.86,19.86,751.2,18.16,55.01
"2023-02-02 20:20:00",227561,12.86,19.8,751.1,18.08,55.46
"2023-02-02 20:25:00",227562,12.86,19.72,751.1,17.98,55.57
"2023-02-02 20:30:00",227563,12.86,19.62,751.2,17.91,55.68
"2023-02-02 20:35:00",227564,12.86,19.46,751.2,17.84,56.13
"2023-02-02 20:40:00",227565,12.85,19.36,751.2,17.71,56.93
"2023-02-02 20:45:00",227566,12.85,19.23,751.3,17.59,57.4
"2023-02-02 20:50:00",227567,12.85,19.09,751.4,17.5,57.6
"2023-02-02 20:55:00",227568,12.85,18.95,751.5,17.31,60.05
"2023-02-02 21:00:00",227569,12.84,18.8,751.6,17.13,60.92
"2023-02-02 21:05:00",227570,12.84,18.63,751.7,16.92,61.21
"2023-02-02 21:10:00",227571,12.84,18.48,751.8,16.82,62.21
"2023-02-02 21:15:00",227572,12.84,18.35,751.9,16.87,61.98
"2023-02-02 21:20:00",227573,12.84,18.24,751.9,16.97,62.69
"2023-02-02 21:25:00",227574,12.84,18.13,751.9,16.92,63.36
"2023-02-02 21:30:00",227575,12.83,18.05,751.9,16.92,63.6
"2023-02-02 21:35:00",227576,12.83,17.95,752,16.62,63.34
"2023-02-02 21:40:00",227577,12.84,17.9,752,16.31,64.23
"2023-02-02 21:45:00",227578,12.84,17.75,752.1,16.26,64.96
"2023-02-02 21:50:00",227579,12.84,17.64,752.2,16.26,66.14
"2023-02-02 21:55:00",227580,12.83,17.53,752.3,16.16,67.03
"2023-02-02 22:00:00",227581,12.84,17.39,752.3,16.43,66.14
"2023-02-02 22:05:00",227582,12.83,17.34,752.4,16.36,66.04
"2023-02-02 22:10:00",227583,12.83,17.29,752.4,16.25,66.38
"2023-02-02 22:15:00",227584,12.83,17.25,752.4,16.32,66.27
"2023-02-02 22:20:00",227585,12.83,17.22,752.5,16.12,68.04
"2023-02-02 22:25:00",227586,12.83,17.19,752.5,16.06,68.7
"2023-02-02 22:30:00",227587,12.82,17.15,752.6,15.98,68.8
"2023-02-02 22:35:00",227588,12.81,17.08,752.6,15.8,69.52
"2023-02-02 22:40:00",227589,12.81,17.01,752.6,15.71,69.68
"2023-02-02 22:45:00",227590,12.81,16.94,752.6,15.62,70.06
"2023-02-02 22:50:00",227591,12.81,16.83,752.6,15.43,70.69
"2023-02-02 22:55:00",227592,12.81,16.78,752.5,15.41,71.61
"2023-02-02 23:00:00",227593,12.81,16.72,752.5,15.44,71.41
"2023-02-02 23:05:00",227594,12.81,16.65,752.5,15.39,71.14
"2023-02-02 23:10:00",227595,12.81,16.62,752.5,15.38,70.42
"2023-02-02 23:15:00",227596,12.8,16.59,752.5,15.38,70.51
"2023-02-02 23:20:00",227597,12.8,16.57,752.5,15.4,70.45
"2023-02-02 23:25:00",227598,12.8,16.62,752.4,15.33,70.76
"2023-02-02 23:30:00",227599,12.8,16.61,752.5,15.36,71.02
"2023-02-02 23:35:00",227600,12.8,16.65,752.5,15.48,69.72
"2023-02-02 23:40:00",227601,12.8,16.69,752.4,15.44,68.3
"2023-02-02 23:45:00",227602,12.8,16.72,752.4,15.48,68.94
"2023-02-02 23:50:00",227603,12.79,16.74,752.3,15.48,67.46
"2023-02-02 23:55:00",227604,12.79,16.79,752.2,15.54,67.82
"2023-02-03 00:00:00",227605,12.8,16.84,752.1,15.64,67.86
"2023-02-03 00:05:00",227606,12.79,16.91,752.1,15.7,67.73
"2023-02-03 00:10:00",227607,12.79,16.96,752,15.62,67.05
"2023-02-03 00:15:00",227608,12.79,17.03,751.9,15.59,67.19
"2023-02-03 00:20:00",227609,12.79,17.06,751.7,15.71,66.21
"2023-02-03 00:25:00",227610,12.79,17,751.5,15.64,67.37
"2023-02-03 00:30:00",227611,12.79,17,751.4,15.66,66.38
"2023-02-03 00:35:00",227612,12.78,16.99,751.5,15.69,65.51
"2023-02-03 00:40:00",227613,12.79,16.99,751.5,15.73,65.28
"2023-02-03 00:45:00",227614,12.78,17,751.5,15.71,65.57
"2023-02-03 00:50:00",227615,12.78,16.93,751.5,15.39,70.91
"2023-02-03 00:55:00",227616,12.78,16.87,751.4,14.88,72.99
"2023-02-03 01:00:00",227617,12.78,16.77,751.3,14.89,71.22
"2023-02-03 01:05:00",227618,12.78,16.67,751.3,15.07,70.82
"2023-02-03 01:10:00",227619,12.77,16.56,751.3,15.04,68.86
"2023-02-03 01:15:00",227620,12.77,16.46,751.1,15,69.11
"2023-02-03 01:20:00",227621,12.77,16.33,751,14.87,70.18
"2023-02-03 01:25:00",227622,12.77,16.18,751,14.79,70.43
"2023-02-03 01:30:00",227623,12.77,16.05,750.9,14.64,71.68
"2023-02-03 01:35:00",227624,12.76,15.88,751,14.52,72.23
"2023-02-03 01:40:00",227625,12.76,15.74,750.9,14.53,72.12
"2023-02-03 01:45:00",227626,12.76,15.63,751,14.57,71.07
"2023-02-03 01:50:00",227627,12.76,15.5,751,14.47,73.28
"2023-02-03 01:55:00",227628,12.75,15.4,751,14.18,74.35
"2023-02-03 02:00:00",227629,12.75,15.27,751,13.89,76.06
"2023-02-03 02:05:00",227630,12.75,15.12,751,13.64,77.68
"2023-02-03 02:10:00",227631,12.75,15,751,13.6,77.25
"2023-02-03 02:15:00",227632,12.74,14.91,751,13.57,77.08
"2023-02-03 02:20:00",227633,12.74,14.79,751,13.69,77.19
"2023-02-03 02:25:00",227634,12.74,14.72,751,13.88,75.38
"2023-02-03 02:30:00",227635,12.73,14.71,751,14.01,74.48
"2023-02-03 02:35:00",227636,12.73,14.66,751.1,14.07,74.5
"2023-02-03 02:40:00",227637,12.73,14.67,751.1,13.99,74.98
"2023-02-03 02:45:00",227638,12.73,14.72,751.1,13.95,75.37
"2023-02-03 02:50:00",227639,12.72,14.73,751.1,13.92,75.05
"2023-02-03 02:55:00",227640,12.72,14.78,751.2,13.95,75.06
"2023-02-03 03:00:00",227641,12.72,14.85,751.2,14.07,74.89
"2023-02-03 03:05:00",227642,12.72,14.91,751.2,14.17,75.36
"2023-02-03 03:10:00",227643,12.71,15,751.2,14.05,76.29
"2023-02-03 03:15:00",227644,12.71,14.98,751.2,13.87,76.55
"2023-02-03 03:20:00",227645,12.71,15,751.1,13.93,76.57
"2023-02-03 03:25:00",227646,12.7,15.01,751.1,13.98,75.49
"2023-02-03 03:30:00",227647,12.7,15.03,751.1,14.01,75.55
"2023-02-03 03:35:00",227648,12.7,15.04,751,13.93,76.26
"2023-02-03 03:40:00",227649,12.7,15.07,751,13.96,76.27
"2023-02-03 03:45:00",227650,12.69,15.09,751,14.11,74.45
"2023-02-03 03:50:00",227651,12.69,15.14,751.1,14.23,74.19
"2023-02-03 03:55:00",227652,12.69,15.16,751.1,14.29,74.31
"2023-02-03 04:00:00",227653,12.68,15.2,751.2,14.32,73.98
"2023-02-03 04:05:00",227654,12.68,15.23,751.2,14.34,74.13
"2023-02-03 04:10:00",227655,12.68,15.31,751.2,14.27,74
"2023-02-03 04:15:00",227656,12.69,15.34,751.2,14.21,74.47
"2023-02-03 04:20:00",227657,12.69,15.06,751.2,14.19,74.35
"2023-02-03 04:25:00",227658,12.69,14.99,751.2,14.25,73.6
"2023-02-03 04:30:00",227659,12.68,14.96,751.2,14.33,73.59
"2023-02-03 04:35:00",227660,12.68,14.96,751.2,14.29,73.98
"2023-02-03 04:40:00",227661,12.68,14.96,751.3,14.47,73.02
"2023-02-03 04:45:00",227662,12.67,14.9,751.3,14.49,73.11
"2023-02-03 04:50:00",227663,12.67,14.9,751.3,14.35,73.45
"2023-02-03 04:55:00",227664,12.67,14.89,751.3,14.36,73.45
"2023-02-03 05:00:00",227665,12.67,14.89,751.4,14.37,72.57
"2023-02-03 05:05:00",227666,12.66,14.9,751.4,14.45,73.04
"2023-02-03 05:10:00",227667,12.66,14.91,751.4,14.4,73.63
"2023-02-03 05:15:00",227668,12.65,14.92,751.5,14.35,74.41
"2023-02-03 05:20:00",227669,12.65,14.94,751.5,14.31,74.32
"2023-02-03 05:25:00",227670,12.65,14.95,751.5,14.25,74.67
"2023-02-03 05:30:00",227671,12.65,14.95,751.6,14.25,75.12
"2023-02-03 05:35:00",227672,12.65,14.94,751.6,14.21,75.98
"2023-02-03 05:40:00",227673,12.64,14.93,751.7,14.15,75.27
"2023-02-03 05:45:00",227674,12.64,14.93,751.7,14.19,75.14
"2023-02-03 05:50:00",227675,12.64,14.92,751.8,14.17,75.05
"2023-02-03 05:55:00",227676,12.64,14.93,751.8,14.21,74.97
"2023-02-03 06:00:00",227677,12.64,14.94,751.9,14.25,75.09
"2023-02-03 06:05:00",227678,12.64,14.96,751.9,14.27,74.68
"2023-02-03 06:10:00",227679,12.63,14.97,752,14.35,74.38
"2023-02-03 06:15:00",227680,12.63,14.99,752.1,14.27,73.95
"2023-02-03 06:20:00",227681,12.63,15.07,752.2,14.28,73.8
"2023-02-03 06:25:00",227682,12.64,15.12,752.2,14.29,73.77
"2023-02-03 06:30:00",227683,12.64,15.17,752.3,14.39,73.03
"2023-02-03 06:35:00",227684,12.65,15.22,752.3,14.43,72.87
"2023-02-03 06:40:00",227685,12.65,15.27,752.4,14.48,72.65
"2023-02-03 06:45:00",227686,12.66,15.33,752.4,14.57,71.96
"2023-02-03 06:50:00",227687,12.68,15.39,752.4,14.67,72.09
"2023-02-03 06:55:00",227688,12.71,15.46,752.5,14.71,71.81
"2023-02-03 07:00:00",227689,12.73,15.54,752.5,14.71,72.84
"2023-02-03 07:05:00",227690,12.74,15.63,752.6,14.59,74.23
"2023-02-03 07:10:00",227691,12.78,15.69,752.7,14.66,74.87
"2023-02-03 07:15:00",227692,12.86,15.8,752.7,14.76,75.11
"2023-02-03 07:20:00",227693,12.98,15.88,752.7,14.78,75.57
"2023-02-03 07:25:00",227694,13.12,15.99,752.7,14.96,75.75
"2023-02-03 07:30:00",227695,13.24,16.12,752.8,14.82,76.17
"2023-02-03 07:35:00",227696,13.33,16.24,752.8,14.97,76.09
"2023-02-03 07:40:00",227697,13.42,16.37,752.9,15.07,75.93
"2023-02-03 07:45:00",227698,13.51,16.55,752.9,15.15,75.67
"2023-02-03 07:50:00",227699,13.59,16.76,752.9,15.3,75.31
"2023-02-03 07:55:00",227700,13.61,16.99,753,15.49,75.06
"2023-02-03 08:00:00",227701,13.64,17.21,753,15.7,73.75
"2023-02-03 08:05:00",227702,13.74,17.5,753,15.44,73.81
"2023-02-03 08:10:00",227703,13.96,17.8,753.1,15.31,74.6
"2023-02-03 08:15:00",227704,13.79,19,753.1,15.98,72.32
"2023-02-03 08:20:00",227705,13.76,19.6,753.2,15.44,72.04
"2023-02-03 08:25:00",227706,13.76,19.95,753.2,15.43,73.15
"2023-02-03 08:30:00",227707,13.76,20.21,753.2,15.89,71.84
"2023-02-03 08:35:00",227708,13.76,20.44,753.3,16.22,70.81
"2023-02-03 08:40:00",227709,13.73,20.68,753.3,16.74,69.32
"2023-02-03 08:45:00",227710,13.73,21.01,753.3,17,66.97
"2023-02-03 08:50:00",227711,13.73,21.35,753.3,17.05,67.45
"2023-02-03 08:55:00",227712,13.71,21.74,753.3,16.85,69.08
"2023-02-03 09:00:00",227713,13.71,22.02,753.4,17.11,66.61
"2023-02-03 09:05:00",227714,13.71,22.31,753.4,17.39,64.65
"2023-02-03 09:10:00",227715,13.71,22.59,753.5,17.59,63.53
"2023-02-03 09:15:00",227716,13.71,22.83,753.5,17.15,65.82
"2023-02-03 09:20:00",227717,13.68,22.94,753.5,17.56,62.79
"2023-02-03 09:25:00",227718,13.68,23,753.5,17.43,62.37
"2023-02-03 09:30:00",227719,13.68,23.03,753.5,17.05,63.41
"2023-02-03 09:35:00",227720,13.68,23.03,753.5,17.13,63.19
"2023-02-03 09:40:00",227721,13.68,23.14,753.5,18.41,59.92
"2023-02-03 09:45:00",227722,13.68,23.54,753.4,18.86,57.62
"2023-02-03 09:50:00",227723,13.66,24.19,753.4,18.99,57.86
"2023-02-03 09:55:00",227724,13.66,24.86,753.4,18.7,57.6
"2023-02-03 10:00:00",227725,13.63,25.23,753.4,17.91,59.72
"2023-02-03 10:05:00",227726,13.63,25.6,753.4,17.8,60.04
"2023-02-03 10:10:00",227727,13.63,25.66,753.4,19.02,56.73
"2023-02-03 10:15:00",227728,13.63,25.77,753.4,18.59,59.07
"2023-02-03 10:20:00",227729,13.63,25.91,753.3,18.54,57.63
"2023-02-03 10:25:00",227730,13.63,26.03,753.3,19.3,54.96
"2023-02-03 10:30:00",227731,13.63,26.23,753.3,19.97,53.36
"2023-02-03 10:35:00",227732,13.61,26.43,753.3,19.49,54.28
"2023-02-03 10:40:00",227733,13.61,26.62,753.3,20.02,53.86
"2023-02-03 10:45:00",227734,13.61,26.73,753.3,19.8,54.2
"2023-02-03 10:50:00",227735,13.61,26.76,753.2,19.78,54.38
"2023-02-03 10:55:00",227736,13.61,26.67,753.2,18.73,55.74
"2023-02-03 11:00:00",227737,13.61,26.44,753.1,18.88,54.53
"2023-02-03 11:05:00",227738,13.61,26.2,753.1,18.6,55.96
"2023-02-03 11:10:00",227739,13.61,25.95,753.1,18.57,56.14
"2023-02-03 11:15:00",227740,13.61,25.8,753,18.74,54.23
"2023-02-03 11:20:00",227741,13.61,25.64,752.9,19.22,52.51
"2023-02-03 11:25:00",227742,13.61,25.54,752.9,18.99,53.62
"2023-02-03 11:30:00",227743,13.61,25.55,752.9,19.95,50.77
"2023-02-03 11:35:00",227744,13.61,25.7,752.8,19.88,50.19
"2023-02-03 11:40:00",227745,13.61,26.01,752.7,21.43,47.3
"2023-02-03 11:45:00",227746,13.61,26.52,752.7,21.27,47.31
"2023-02-03 11:50:00",227747,13.61,26.98,752.7,20.8,49.66
"2023-02-03 11:55:00",227748,13.61,27.24,752.6,19.8,51.18
"2023-02-03 12:00:00",227749,13.59,27.26,752.6,19.54,55.89
"2023-02-03 12:05:00",227750,13.58,27.13,752.5,19.11,56.59
"2023-02-03 12:10:00",227751,13.59,26.85,752.4,19.07,58.05
"2023-02-03 12:15:00",227752,13.59,26.5,752.5,19.58,57.98
"2023-02-03 12:20:00",227753,13.59,26.21,752.4,19.66,54.86
"2023-02-03 12:25:00",227754,13.59,25.93,752.3,18.14,58.64
"2023-02-03 12:30:00",227755,13.59,25.59,752.3,17.47,62.74
"2023-02-03 12:35:00",227756,13.59,25.16,752.2,17.07,64.9
"2023-02-03 12:40:00",227757,13.59,24.7,752.1,17.59,64.99
"2023-02-03 12:45:00",227758,13.59,24.46,752,18.31,60.51
"2023-02-03 12:50:00",227759,13.59,24.44,751.9,19.04,57.28
"2023-02-03 12:55:00",227760,13.59,24.65,751.8,20.24,54.11
"2023-02-03 13:00:00",227761,13.59,25.2,751.8,21.61,49.1
"2023-02-03 13:05:00",227762,13.59,25.89,751.7,20.56,51.88
"2023-02-03 13:10:00",227763,13.59,26.49,751.6,21.23,49.9
"2023-02-03 13:15:00",227764,13.59,27.03,751.6,22.21,47.08
"2023-02-03 13:20:00",227765,13.59,27.59,751.5,22.86,46.07
"2023-02-03 13:25:00",227766,13.59,28.06,751.5,22.26,47.02
"2023-02-03 13:30:00",227767,13.56,28.45,751.3,21.51,47.82
"2023-02-03 13:35:00",227768,13.57,28.72,751.2,22.15,45.82
"2023-02-03 13:40:00",227769,13.57,28.84,751.1,21.39,48.31
"2023-02-03 13:45:00",227770,13.57,28.88,751,21.49,47.91
"2023-02-03 13:50:00",227771,13.57,28.87,751,21.21,46.86
"2023-02-03 13:55:00",227772,13.57,28.73,750.9,21.27,49.12
"2023-02-03 14:00:00",227773,13.57,28.55,750.9,21.37,47.61
"2023-02-03 14:05:00",227774,13.57,28.39,750.8,20.74,48.73
"2023-02-03 14:10:00",227775,13.57,28.2,750.8,21.1,51.58
"2023-02-03 14:15:00",227776,13.57,28.06,750.7,21,51.85
"2023-02-03 14:20:00",227777,13.57,27.91,750.7,20.59,50.29
"2023-02-03 14:25:00",227778,13.57,27.79,750.6,20.54,51.75
"2023-02-03 14:30:00",227779,13.57,27.64,750.6,20.12,55.39
"2023-02-03 14:35:00",227780,13.56,27.25,750.6,17.78,73.44
"2023-02-03 14:40:00",227781,13.57,26.34,750.6,16.67,80.1
"2023-02-03 14:45:00",227782,13.56,25.27,750.6,16.24,81.2
"2023-02-03 14:50:00",227783,13.59,24.26,750.6,16.05,83.8
"2023-02-03 14:55:00",227784,13.62,23.35,750.5,16,80.7
"2023-02-03 15:00:00",227785,13.62,22.59,750.4,15.86,80.1
"2023-02-03 15:05:00",227786,13.65,22.01,750.3,16.22,75.5
"2023-02-03 15:10:00",227787,13.65,21.58,750.2,16.79,75.64
"2023-02-03 15:15:00",227788,13.64,21.33,750.2,17.41,75.96
"2023-02-03 15:20:00",227789,13.67,21.26,750.2,17.93,70.96
"2023-02-03 15:25:00",227790,13.67,21.37,750.1,18.26,68.38
"2023-02-03 15:30:00",227791,13.67,21.55,750.1,17.69,66.98
"2023-02-03 15:35:00",227792,13.67,21.6,750.1,17.74,68.28
"2023-02-03 15:40:00",227793,13.67,21.59,750,17.55,70.51
"2023-02-03 15:45:00",227794,13.68,21.55,750.1,17.35,74.42
"2023-02-03 15:50:00",227795,13.67,21.45,750.1,17.32,72.75
"2023-02-03 15:55:00",227796,13.67,21.37,750,17.37,69.58
"2023-02-03 16:00:00",227797,13.67,21.33,750,17.81,72.07
"2023-02-03 16:05:00",227798,13.67,21.39,750,17.45,69.89
"2023-02-03 16:10:00",227799,13.68,21.55,750,17.78,71.95
"2023-02-03 16:15:00",227800,13.68,21.74,750,17.81,68.55
"2023-02-03 16:20:00",227801,13.67,21.89,750,17.6,70.81
"2023-02-03 16:25:00",227802,13.68,21.98,750.1,17.73,69.65
"2023-02-03 16:30:00",227803,13.68,22.01,750.1,17.86,71.9
"2023-02-03 16:35:00",227804,13.67,21.87,750.1,17.76,69.74
"2023-02-03 16:40:00",227805,13.68,21.65,750.2,17.56,70.37
"2023-02-03 16:45:00",227806,13.68,21.35,750.2,17.11,71.82
"2023-02-03 16:50:00",227807,13.6,20.73,750.2,16.67,76.91
"2023-02-03 16:55:00",227808,13.43,19.87,750.2,16.42,77.56
"2023-02-03 17:00:00",227809,13.32,19.3,750.3,16.23,77.95
"2023-02-03 17:05:00",227810,13.31,18.85,750.3,15.82,82.5
"2023-02-03 17:10:00",227811,13.43,18.51,750.3,15.68,82
"2023-02-03 17:15:00",227812,13.74,18.39,750.3,15.68,82.3
"2023-02-03 17:20:00",227813,13.79,18.45,750.4,15.72,83.6
"2023-02-03 17:25:00",227814,13.79,18.75,750.4,15.87,83.8
"2023-02-03 17:30:00",227815,13.76,18.84,750.5,16,87.5
"2023-02-03 17:35:00",227816,13.76,18.86,750.5,15.84,87.2
"2023-02-03 17:40:00",227817,13.58,18.48,750.6,15.72,87.1
"2023-02-03 17:45:00",227818,13.31,17.96,750.7,15.82,87.9
"2023-02-03 17:50:00",227819,13.19,17.69,750.8,15.7,88.7
"2023-02-03 17:55:00",227820,13.1,17.57,750.7,15.62,87.5
"2023-02-03 18:00:00",227821,13.03,17.45,750.8,15.42,82.8
"2023-02-03 18:05:00",227822,12.99,17.26,750.9,15.37,85.8
"2023-02-03 18:10:00",227823,12.97,17.08,750.9,15.21,88.3
"2023-02-03 18:15:00",227824,12.95,16.97,751,15.3,91.3
"2023-02-03 18:20:00",227825,12.94,16.9,751.1,15.21,92.4
"2023-02-03 18:25:00",227826,12.92,16.86,751.1,14.94,92.8
"2023-02-03 18:30:00",227827,12.91,16.83,751.2,14.83,93.1
"2023-02-03 18:35:00",227828,12.91,16.78,751.3,14.8,93.6
"2023-02-03 18:40:00",227829,12.93,16.76,751.3,14.69,92.9
"2023-02-03 18:45:00",227830,12.91,16.73,751.4,14.61,90.7
"2023-02-03 18:50:00",227831,12.89,16.62,751.5,14.51,90.5
"2023-02-03 18:55:00",227832,12.87,16.49,751.6,14.46,90.6
"2023-02-03 19:00:00",227833,12.86,16.36,751.6,14.41,91.5
"2023-02-03 19:05:00",227834,12.85,16.24,751.7,14.24,91.3
"2023-02-03 19:10:00",227835,12.85,16.11,751.8,14.24,92
"2023-02-03 19:15:00",227836,12.85,15.85,751.9,14.25,92.5
"2023-02-03 19:20:00",227837,12.85,15.71,752,14.07,90.4
"2023-02-03 19:25:00",227838,12.85,15.62,752,14.13,91.4
"2023-02-03 19:30:00",227839,12.85,15.56,752.1,14.09,90.9
"2023-02-03 19:35:00",227840,12.85,15.44,752.2,14.12,90.6
"2023-02-03 19:40:00",227841,12.84,15.37,752.3,14.13,89.9
"2023-02-03 19:45:00",227842,12.84,15.3,752.3,14.32,89.4
"2023-02-03 19:50:00",227843,12.84,15.25,752.4,14.35,89.7
"2023-02-03 19:55:00",227844,12.84,15.22,752.4,14.35,87.2
"2023-02-03 20:00:00",227845,12.84,15.21,752.5,14.41,86.3
"2023-02-03 20:05:00",227846,12.84,15.22,752.6,14.55,87.9
"2023-02-03 20:10:00",227847,12.83,15.23,752.7,14.62,87.4
"2023-02-03 20:15:00",227848,12.84,15.25,752.8,14.67,88.7
"2023-02-03 20:20:00",227849,12.83,15.28,752.9,14.76,86.7
"2023-02-03 20:25:00",227850,12.83,15.28,753,14.55,87.1
"2023-02-03 20:30:00",227851,12.83,15.32,753.1,14.55,88.4
"2023-02-03 20:35:00",227852,12.83,15.36,753.1,14.51,91.1
"2023-02-03 20:40:00",227853,12.83,15.39,753.2,14.32,91.7
"2023-02-03 20:45:00",227854,12.83,15.41,753.4,14.27,90.9
"2023-02-03 20:50:00",227855,12.83,15.43,753.4,14.35,91.6
"2023-02-03 20:55:00",227856,12.83,15.45,753.5,14.25,91.4
"2023-02-03 21:00:00",227857,12.83,15.42,753.5,14.07,91.1
"2023-02-03 21:05:00",227858,12.82,15.43,753.5,14.21,93.1
"2023-02-03 21:10:00",227859,12.82,15.41,753.6,14.06,91.9
"2023-02-03 21:15:00",227860,12.82,15.4,753.6,14.24,93.4
"2023-02-03 21:20:00",227861,12.82,15.39,753.7,14.17,93.8
"2023-02-03 21:25:00",227862,12.82,15.36,753.7,13.91,92
"2023-02-03 21:30:00",227863,12.82,15.35,753.7,14.04,92.5
"2023-02-03 21:35:00",227864,12.82,15.33,753.7,14.05,91.7
"2023-02-03 21:40:00",227865,12.82,15.29,753.8,13.93,88.4
"2023-02-03 21:45:00",227866,12.82,15.22,753.9,13.89,85
"2023-02-03 21:50:00",227867,12.81,15.11,753.8,13.85,85.8
"2023-02-03 21:55:00",227868,12.81,14.99,753.9,13.86,86.5
"2023-02-03 22:00:00",227869,12.81,14.88,754,13.99,80.2
"2023-02-03 22:05:00",227870,12.81,14.81,754,14.03,80.6
"2023-02-03 22:10:00",227871,12.81,14.65,754.1,13.86,80.5
"2023-02-03 22:15:00",227872,12.81,14.54,754.1,13.89,77.09
"2023-02-03 22:20:00",227873,12.8,14.44,754.2,13.77,79.92
"2023-02-03 22:25:00",227874,12.8,14.39,754.2,13.6,83.4
"2023-02-03 22:30:00",227875,12.8,14.3,754.3,13.43,82.4
"2023-02-03 22:35:00",227876,12.8,14.22,754.3,13.34,85.1
"2023-02-03 22:40:00",227877,12.8,14.14,754.3,13.28,86.1
"2023-02-03 22:45:00",227878,12.8,14.06,754.2,13.07,84.7
"2023-02-03 22:50:00",227879,12.8,14,754.3,13.13,85.5
"2023-02-03 22:55:00",227880,12.79,13.96,754.3,13.38,82.3
"2023-02-03 23:00:00",227881,12.79,13.93,754.3,13.2,87.3
"2023-02-03 23:05:00",227882,12.79,13.91,754.3,13.09,89
"2023-02-03 23:10:00",227883,12.79,13.91,754.3,13.04,89.2
"2023-02-03 23:15:00",227884,12.79,13.94,754.2,13.02,88.7
"2023-02-03 23:20:00",227885,12.78,13.92,754.3,13.06,89.4
"2023-02-03 23:25:00",227886,12.78,13.95,754.2,13.15,89.8
"2023-02-03 23:30:00",227887,12.78,13.98,754.2,13.09,90.6
"2023-02-03 23:35:00",227888,12.78,14.04,754.2,12.97,90.3
"2023-02-03 23:40:00",227889,12.78,14.07,754.2,12.88,90.9
"2023-02-03 23:45:00",227890,12.78,14.1,754.1,12.77,91.3
"2023-02-03 23:50:00",227891,12.78,14.13,754.1,12.85,92.1
"2023-02-03 23:55:00",227892,12.77,14.13,754.1,12.77,91.9
"2023-02-04 00:00:00",227893,12.77,14.15,754,12.74,91.2
"2023-02-04 00:05:00",227894,12.77,14.17,754,12.69,91.2
"2023-02-04 00:10:00",227895,12.77,14.18,753.9,12.66,91.6
"2023-02-04 00:15:00",227896,12.76,14.17,753.9,12.57,91.7
"2023-02-04 00:20:00",227897,12.76,14.14,753.9,12.53,91.6
"2023-02-04 00:25:00",227898,12.76,14.11,753.8,12.52,91.9
"2023-02-04 00:30:00",227899,12.76,14.07,753.8,12.44,92.5
"2023-02-04 00:35:00",227900,12.76,14.04,753.8,12.37,93.3
"2023-02-04 00:40:00",227901,12.76,14.01,753.7,12.31,93.6
"2023-02-04 00:45:00",227902,12.75,13.94,753.7,12.24,93.8
"2023-02-04 00:50:00",227903,12.75,13.9,753.7,12.2,94.4
"2023-02-04 00:55:00",227904,12.76,13.9,753.7,12.14,94.4
"2023-02-04 01:00:00",227905,12.76,13.8,753.6,12.17,94.8
"2023-02-04 01:05:00",227906,12.76,13.76,753.6,12.16,94.8
"2023-02-04 01:10:00",227907,12.75,13.72,753.6,12.13,95.2
"2023-02-04 01:15:00",227908,12.75,13.61,753.5,11.94,95.4
"2023-02-04 01:20:00",227909,12.76,13.55,753.4,11.94,95.8
"2023-02-04 01:25:00",227910,12.75,13.5,753.3,11.97,95.9
"2023-02-04 01:30:00",227911,12.75,13.45,753.3,12.06,96.3
"2023-02-04 01:35:00",227912,12.75,13.42,753.2,12.06,96.2
"2023-02-04 01:40:00",227913,12.75,13.44,753.2,12.08,96.3
"2023-02-04 01:45:00",227914,12.74,13.46,753.1,12,96.1
"2023-02-04 01:50:00",227915,12.73,13.44,753,12.05,96.3
"2023-02-04 01:55:00",227916,12.73,13.42,753,11.99,96
"2023-02-04 02:00:00",227917,12.73,13.43,753,11.98,95.7
"2023-02-04 02:05:00",227918,12.73,13.39,752.9,12.08,95.9
"2023-02-04 02:10:00",227919,12.72,13.37,752.9,12.03,95.4
"2023-02-04 02:15:00",227920,12.72,13.38,752.9,12,95.2
"2023-02-04 02:20:00",227921,12.71,13.36,752.8,12.08,95.5
"2023-02-04 02:25:00",227922,12.72,13.38,752.7,12.1,95.6
"2023-02-04 02:30:00",227923,12.71,13.35,752.7,12.08,95.4
"2023-02-04 02:35:00",227924,12.71,13.34,752.6,12.02,94.9
"2023-02-04 02:40:00",227925,12.71,13.37,752.6,12.05,94.4
"2023-02-04 02:45:00",227926,12.71,13.37,752.6,12.11,94.5
"2023-02-04 02:50:00",227927,12.7,13.35,752.6,12.15,94.5
"2023-02-04 02:55:00",227928,12.7,13.35,752.6,12.16,95.1
"2023-02-04 03:00:00",227929,12.7,13.36,752.5,12.19,95.6
"2023-02-04 03:05:00",227930,12.7,13.37,752.5,12.18,95.9
"2023-02-04 03:10:00",227931,12.69,13.43,752.5,12.23,96
"2023-02-04 03:15:00",227932,12.69,13.47,752.5,12.28,96.1
"2023-02-04 03:20:00",227933,12.69,13.51,752.5,12.16,95
"2023-02-04 03:25:00",227934,12.69,13.53,752.5,12.2,94.2
"2023-02-04 03:30:00",227935,12.68,13.53,752.5,12.27,94.8
"2023-02-04 03:35:00",227936,12.68,13.56,752.5,12.2,94.9
"2023-02-04 03:40:00",227937,12.68,13.47,752.5,12.24,95.2
"2023-02-04 03:45:00",227938,12.67,13.45,752.5,12.2,94.9
"2023-02-04 03:50:00",227939,12.67,13.44,752.6,12.3,95.4
"2023-02-04 03:55:00",227940,12.67,13.45,752.7,12.26,95.2
"2023-02-04 04:00:00",227941,12.67,13.46,752.6,12.19,95.3
"2023-02-04 04:05:00",227942,12.66,13.44,752.7,12.22,95.6
"2023-02-04 04:10:00",227943,12.66,13.41,752.7,12.18,95.7
"2023-02-04 04:15:00",227944,12.66,13.39,752.7,12.15,95.8
"2023-02-04 04:20:00",227945,12.65,13.38,752.7,12.17,96.1
"2023-02-04 04:25:00",227946,12.65,13.39,752.7,12.14,96.2
"2023-02-04 04:30:00",227947,12.64,13.39,752.6,12.08,95.8
"2023-02-04 04:35:00",227948,12.64,13.37,752.6,12.16,96
"2023-02-04 04:40:00",227949,12.64,13.35,752.6,12.12,95.8
"2023-02-04 04:45:00",227950,12.64,13.33,752.6,12.16,96
"2023-02-04 04:50:00",227951,12.63,13.31,752.7,12.26,95.3
"2023-02-04 04:55:00",227952,12.63,13.29,752.7,12.3,94.3
"2023-02-04 05:00:00",227953,12.62,13.34,752.7,12.32,94
"2023-02-04 05:05:00",227954,12.62,13.33,752.7,12.36,93.7
"2023-02-04 05:10:00",227955,12.62,13.34,752.7,12.4,94
"2023-02-04 05:15:00",227956,12.61,13.33,752.8,12.42,94.8
"2023-02-04 05:20:00",227957,12.61,13.31,752.8,12.31,94.7
"2023-02-04 05:25:00",227958,12.61,13.34,752.9,12.26,94.9
"2023-02-04 05:30:00",227959,12.6,13.37,752.9,12.27,95.1
"2023-02-04 05:35:00",227960,12.6,13.38,753,12.28,95.5
"2023-02-04 05:40:00",227961,12.6,13.38,753.1,12.21,95.5
"2023-02-04 05:45:00",227962,12.6,13.39,753.1,12.24,95.8
"2023-02-04 05:50:00",227963,12.59,13.36,753.2,12.24,95.9
"2023-02-04 05:55:00",227964,12.59,13.38,753.2,12.22,95.9
"2023-02-04 06:00:00",227965,12.59,13.39,753.2,12.2,96
"2023-02-04 06:05:00",227966,12.58,13.42,753.3,12.28,95.8
"2023-02-04 06:10:00",227967,12.58,13.44,753.3,12.28,95.8
"2023-02-04 06:15:00",227968,12.58,13.49,753.3,12.28,96
"2023-02-04 06:20:00",227969,12.59,13.58,753.3,12.26,95.9
"2023-02-04 06:25:00",227970,12.6,13.66,753.4,12.12,95.5
"2023-02-04 06:30:00",227971,12.62,13.62,753.4,12.1,95.7
"2023-02-04 06:35:00",227972,12.64,13.63,753.5,12.04,95.6
"2023-02-04 06:40:00",227973,12.7,13.64,753.5,12.03,96.1
"2023-02-04 06:45:00",227974,12.81,13.71,753.6,11.92,95.9
"2023-02-04 06:50:00",227975,12.92,13.77,753.7,11.91,95.4
"2023-02-04 06:55:00",227976,13.04,13.79,753.8,11.94,95.4
"2023-02-04 07:00:00",227977,13.12,13.82,753.8,12.05,94.9
"2023-02-04 07:05:00",227978,13.13,13.82,754,12.14,94.8
"2023-02-04 07:10:00",227979,13.14,13.85,754.1,12.14,94.3
"2023-02-04 07:15:00",227980,13.18,13.92,754.2,12.17,93.6
"2023-02-04 07:20:00",227981,13.19,13.97,754.1,12.36,94
"2023-02-04 07:25:00",227982,13.23,14.06,754.3,12.37,90.6
"2023-02-04 07:30:00",227983,13.24,14.13,754.4,12.74,89
"2023-02-04 07:35:00",227984,13.18,14.14,754.4,12.85,89.9
"2023-02-04 07:40:00",227985,13.14,14.16,754.5,12.96,84.3
"2023-02-04 07:45:00",227986,13.16,14.21,754.5,12.97,83.1
"2023-02-04 07:50:00",227987,13.21,14.23,754.6,12.96,82.1
"2023-02-04 07:55:00",227988,13.28,14.27,754.6,12.82,85.8
"2023-02-04 08:00:00",227989,13.31,14.3,754.7,12.69,82.2
"2023-02-04 08:05:00",227990,13.26,14.25,754.9,12.46,83.1
"2023-02-04 08:10:00",227991,13.24,14.14,754.9,12.11,84.4
"2023-02-04 08:15:00",227992,13.24,14.07,755,12.1,84.5
"2023-02-04 08:20:00",227993,13.23,13.98,755.1,11.95,85.3
"2023-02-04 08:25:00",227994,13.3,13.91,755.1,11.84,87
"2023-02-04 08:30:00",227995,13.31,13.88,755.2,11.7,89.1
"2023-02-04 08:35:00",227996,13.3,13.8,755.2,11.61,88.5
"2023-02-04 08:40:00",227997,13.3,13.71,755.2,11.6,88.5
"2023-02-04 08:45:00",227998,13.29,13.67,755.3,11.72,90.2
"2023-02-04 08:50:00",227999,13.33,13.67,755.4,11.55,91.6
"2023-02-04 08:55:00",228000,13.4,13.71,755.4,11.43,93.3
"2023-02-04 09:00:00",228001,13.45,13.76,755.5,11.51,94.2
"2023-02-04 09:05:00",228002,13.51,13.84,755.5,11.16,93.4
"2023-02-04 09:10:00",228003,13.53,13.84,755.6,11.17,95.1
"2023-02-04 09:15:00",228004,13.68,13.74,755.7,11.03,95.8
"2023-02-04 09:20:00",228005,13.88,14.55,755.7,10.95,96.5
"2023-02-04 09:25:00",228006,13.85,15.28,755.7,10.89,95.6
"2023-02-04 09:30:00",228007,13.85,15.55,755.7,11.08,95.8
"2023-02-04 09:35:00",228008,13.85,15.72,755.7,10.99,95.7
"2023-02-04 09:40:00",228009,13.85,15.72,755.8,10.91,93.3
"2023-02-04 09:45:00",228010,13.62,14.9,755.9,11.14,94.2
"2023-02-04 09:50:00",228011,13.52,14.2,755.9,11.07,93
"2023-02-04 09:55:00",228012,13.41,13.83,755.9,11.01,93.5
"2023-02-04 10:00:00",228013,13.43,13.63,755.9,10.93,92.7
"2023-02-04 10:05:00",228014,13.46,13.55,755.8,10.77,91.2
"2023-02-04 10:10:00",228015,13.56,13.49,755.8,10.83,92
"2023-02-04 10:15:00",228016,13.64,13.49,755.8,10.81,91.4
"2023-02-04 10:20:00",228017,13.66,13.53,755.8,10.83,91.4
"2023-02-04 10:25:00",228018,13.69,13.52,755.8,10.79,91.8
"2023-02-04 10:30:00",228019,13.56,13.49,755.8,10.75,91.3
"2023-02-04 10:35:00",228020,13.55,13.43,755.8,10.68,90.8
"2023-02-04 10:40:00",228021,13.69,13.47,755.9,10.61,91.2
"2023-02-04 10:45:00",228022,13.89,14.2,755.9,10.75,90.8
"2023-02-04 10:50:00",228023,13.89,14.92,755.8,11.04,91
"2023-02-04 10:55:00",228024,13.86,15.21,755.8,10.83,90.8
"2023-02-04 11:00:00",228025,13.85,15.42,755.8,10.71,90.6
"2023-02-04 11:05:00",228026,13.86,15.55,755.8,10.63,92.7
"2023-02-04 11:10:00",228027,13.86,15.58,755.8,10.6,94.7
"2023-02-04 11:15:00",228028,13.81,15.5,755.8,10.5,93.5
"2023-02-04 11:20:00",228029,13.86,15.02,755.7,10.58,93.3
"2023-02-04 11:25:00",228030,13.86,15.27,755.7,10.44,91.9
"2023-02-04 11:30:00",228031,13.89,14.69,755.7,10.31,93.6
"2023-02-04 11:35:00",228032,13.86,15.09,755.7,10.23,94.4
"2023-02-04 11:40:00",228033,13.86,15.14,755.7,10.23,93.3
"2023-02-04 11:45:00",228034,13.86,15.13,755.6,10.02,93.8
"2023-02-04 11:50:00",228035,13.86,15.08,755.6,10.26,94.3
"2023-02-04 11:55:00",228036,13.86,15.03,755.6,10.34,91.8
"2023-02-04 12:00:00",228037,13.86,15.01,755.6,10.3,91.5
"2023-02-04 12:05:00",228038,13.86,14.9,755.6,10.35,91.8
"2023-02-04 12:10:00",228039,13.89,14.41,755.5,10.19,91.3
"2023-02-04 12:15:00",228040,13.9,14.54,755.5,10.16,91.4
"2023-02-04 12:20:00",228041,13.86,14.75,755.4,10.16,91.9
"2023-02-04 12:25:00",228042,13.86,14.75,755.4,10.02,92.3
"2023-02-04 12:30:00",228043,13.87,14.72,755.4,10.2,91.8
"2023-02-04 12:35:00",228044,13.87,14.73,755.4,10.34,92.4
"2023-02-04 12:40:00",228045,13.86,14.78,755.4,10.15,92.1
"2023-02-04 12:45:00",228046,13.87,14.85,755.3,10.22,91.7
"2023-02-04 12:50:00",228047,13.87,14.9,755.2,10.3,93.6
"2023-02-04 12:55:00",228048,13.87,14.91,755.1,10.3,93.4
"2023-02-04 13:00:00",228049,13.87,14.9,755.1,10.27,91.1
"2023-02-04 13:05:00",228050,13.87,14.87,755.1,10.43,91.2
"2023-02-04 13:10:00",228051,13.87,14.91,755.1,10.63,92.3
"2023-02-04 13:15:00",228052,13.87,14.96,755,10.69,91.5
"2023-02-04 13:20:00",228053,13.87,15.03,755,10.71,91
"2023-02-04 13:25:00",228054,13.87,15.08,754.9,10.67,90.1
"2023-02-04 13:30:00",228055,13.87,15.09,754.9,10.73,90.8
"2023-02-04 13:35:00",228056,13.87,15.08,754.9,10.57,90
"2023-02-04 13:40:00",228057,13.87,15.04,754.9,10.61,90.8
"2023-02-04 13:45:00",228058,13.87,15.01,754.9,10.55,89.3
"2023-02-04 13:50:00",228059,13.87,15,754.8,10.5,90.9
"2023-02-04 13:55:00",228060,13.87,14.98,754.7,10.74,91
"2023-02-04 14:00:00",228061,13.87,14.96,754.7,10.88,90.7
"2023-02-04 14:05:00",228062,13.87,14.93,754.6,10.51,90.1
"2023-02-04 14:10:00",228063,13.87,14.93,754.6,10.46,92.7
"2023-02-04 14:15:00",228064,13.87,14.94,754.5,10.59,92.8
"2023-02-04 14:20:00",228065,13.87,14.95,754.5,10.73,91.7
"2023-02-04 14:25:00",228066,13.87,14.99,754.4,10.77,91.1
"2023-02-04 14:30:00",228067,13.87,15.04,754.4,10.83,88.8
"2023-02-04 14:35:00",228068,13.88,15.12,754.3,11.05,88.5
"2023-02-04 14:40:00",228069,13.87,15.22,754.2,10.9,89.2
"2023-02-04 14:45:00",228070,13.87,15.29,754.2,11.12,89.6
"2023-02-04 14:50:00",228071,13.88,15.39,754.2,11.16,87.6
"2023-02-04 14:55:00",228072,13.85,15.41,754.1,11.1,88.2
"2023-02-04 15:00:00",228073,13.85,15.41,754,10.94,88.1
"2023-02-04 15:05:00",228074,13.85,15.05,754,11.13,89.1
"2023-02-04 15:10:00",228075,13.85,14.85,753.9,11.12,89
"2023-02-04 15:15:00",228076,13.85,14.76,753.8,11.23,88.8
"2023-02-04 15:20:00",228077,13.85,14.72,753.7,11,90.4
"2023-02-04 15:25:00",228078,13.84,14.54,753.7,11.01,88.8
"2023-02-04 15:30:00",228079,13.78,14.19,753.6,11.09,89.3
"2023-02-04 15:35:00",228080,13.87,14.17,753.6,11.03,89.3
"2023-02-04 15:40:00",228081,13.77,14.22,753.5,10.93,89.3
"2023-02-04 15:45:00",228082,13.58,13.71,753.5,11.12,89.6
"2023-02-04 15:50:00",228083,13.67,13.6,753.4,10.93,89.2
"2023-02-04 15:55:00",228084,13.57,13.4,753.4,10.84,89.6
"2023-02-04 16:00:00",228085,13.59,13.2,753.3,11.02,89.5
"2023-02-04 16:05:00",228086,13.67,13.27,753.3,11.02,90.6
"2023-02-04 16:10:00",228087,13.9,13.52,753.2,10.93,89.3
"2023-02-04 16:15:00",228088,13.9,13.74,753.2,11.06,89.5
"2023-02-04 16:20:00",228089,13.9,13.77,753.1,11.09,87.7
"2023-02-04 16:25:00",228090,13.88,13.83,753.1,11.05,87.6
"2023-02-04 16:30:00",228091,13.8,13.77,753,11.11,88.5
"2023-02-04 16:35:00",228092,13.63,13.71,753,11.09,87.4
"2023-02-04 16:40:00",228093,13.56,13.32,753,11.06,88.7
"2023-02-04 16:45:00",228094,13.93,13.42,752.9,11.11,88.6
"2023-02-04 16:50:00",228095,13.91,13.91,752.9,11.15,87.8
"2023-02-04 16:55:00",228096,13.87,14.1,752.9,11.15,87.7
"2023-02-04 17:00:00",228097,13.87,14.22,752.8,11.15,88.1
"2023-02-04 17:05:00",228098,13.88,14.36,752.8,11.21,87.9
"2023-02-04 17:10:00",228099,13.87,14.43,752.9,11.31,87.7
"2023-02-04 17:15:00",228100,13.87,14.34,752.8,11.04,88
"2023-02-04 17:20:00",228101,13.58,13.86,752.8,11.34,87.9
"2023-02-04 17:25:00",228102,13.48,13.51,752.9,11.43,87.3
"2023-02-04 17:30:00",228103,13.38,13.36,752.9,11.37,88.1
"2023-02-04 17:35:00",228104,13.33,13.26,752.9,11.2,87.8
"2023-02-04 17:40:00",228105,13.29,13.2,752.9,11.25,88.1
"2023-02-04 17:45:00",228106,13.19,13.13,753,11.38,87.4
"2023-02-04 17:50:00",228107,13.13,13.06,753,11.35,87.5
"2023-02-04 17:55:00",228108,13.09,13,753,11.28,88
"2023-02-04 18:00:00",228109,13.05,12.94,753.1,11.23,87.6
"2023-02-04 18:05:00",228110,13.02,12.88,753.1,11.28,87.1
"2023-02-04 18:10:00",228111,12.99,12.83,753.2,11.25,86
"2023-02-04 18:15:00",228112,12.98,12.77,753.3,11.35,86.5
"2023-02-04 18:20:00",228113,12.97,12.72,753.3,11.33,86.3
"2023-02-04 18:25:00",228114,12.97,12.67,753.2,11.23,85.8
"2023-02-04 18:30:00",228115,12.95,12.63,753.3,11.27,85.7
"2023-02-04 18:35:00",228116,12.93,12.57,753.4,11.28,86.1
"2023-02-04 18:40:00",228117,12.93,12.51,753.4,11.25,86.9
"2023-02-04 18:45:00",228118,12.93,12.45,753.6,11.19,87.1
"2023-02-04 18:50:00",228119,12.92,12.35,753.6,11.15,85.2
"2023-02-04 18:55:00",228120,12.92,12.24,753.7,11.03,88.1
"2023-02-04 19:00:00",228121,12.92,12.12,753.7,10.9,90
"2023-02-04 19:05:00",228122,12.91,12,753.8,10.77,91
"2023-02-04 19:10:00",228123,12.91,11.9,753.8,10.73,92.4
"2023-02-04 19:15:00",228124,12.91,11.8,753.8,10.66,92.4
"2023-02-04 19:20:00",228125,12.91,11.7,753.9,10.59,92.6
"2023-02-04 19:25:00",228126,12.91,11.62,753.9,10.57,93.4
"2023-02-04 19:30:00",228127,12.9,11.55,753.9,10.61,93.6
"2023-02-04 19:35:00",228128,12.9,11.49,753.9,10.65,94.2
"2023-02-04 19:40:00",228129,12.9,11.46,753.9,10.55,94.4
"2023-02-04 19:45:00",228130,12.9,11.44,754,10.61,95
"2023-02-04 19:50:00",228131,12.89,11.41,754.1,10.42,94.4
"2023-02-04 19:55:00",228132,12.89,11.39,754.1,10.42,94.5
"2023-02-04 20:00:00",228133,12.89,11.34,754.1,10.41,94.7
"2023-02-04 20:05:00",228134,12.89,11.31,754.2,10.4,94.4
"2023-02-04 20:10:00",228135,12.89,11.29,754.2,10.41,94.3
"2023-02-04 20:15:00",228136,12.88,11.28,754.3,10.4,94.1
"2023-02-04 20:20:00",228137,12.88,11.26,754.4,10.42,94.2
"2023-02-04 20:25:00",228138,12.88,11.23,754.4,10.5,95
"2023-02-04 20:30:00",228139,12.88,11.2,754.5,10.46,94.8
"2023-02-04 20:35:00",228140,12.88,11.2,754.5,10.52,95.1
"2023-02-04 20:40:00",228141,12.88,11.18,754.5,10.42,94.7
"2023-02-04 20:45:00",228142,12.85,11.38,754.6,10.46,95
"2023-02-04 20:50:00",228143,12.85,11.5,754.6,10.44,95.4
"2023-02-04 20:55:00",228144,12.85,11.56,754.6,10.48,95.6
"2023-02-04 21:00:00",228145,12.85,11.56,754.7,10.55,96
"2023-02-04 21:05:00",228146,12.85,11.61,754.7,10.42,95.6
"2023-02-04 21:10:00",228147,12.84,11.61,754.8,10.38,95.5
"2023-02-04 21:15:00",228148,12.84,11.64,754.8,10.42,95.8
"2023-02-04 21:20:00",228149,12.84,11.65,754.9,10.33,95.6
"2023-02-04 21:25:00",228150,12.84,11.64,754.9,10.4,95.9
"2023-02-04 21:30:00",228151,12.84,11.64,754.9,10.49,96.3
"2023-02-04 21:35:00",228152,12.83,11.66,755,10.44,96.5
"2023-02-04 21:40:00",228153,12.83,11.68,755,10.52,96.7
"2023-02-04 21:45:00",228154,12.83,11.71,755.1,10.52,96.8
"2023-02-04 21:50:00",228155,12.83,11.74,755.1,10.52,96.8
"2023-02-04 21:55:00",228156,12.83,11.75,755.1,10.5,96.8
"2023-02-04 22:00:00",228157,12.83,11.76,755.1,10.5,96.7
"2023-02-04 22:05:00",228158,12.82,11.78,755.2,10.5,96.2
"2023-02-04 22:10:00",228159,12.82,11.79,755.2,10.52,95.6
"2023-02-04 22:15:00",228160,12.82,11.81,755.3,10.62,95.6
"2023-02-04 22:20:00",228161,12.82,11.82,755.3,10.61,95.3
"2023-02-04 22:25:00",228162,12.82,11.72,755.4,10.61,94.7
"2023-02-04 22:30:00",228163,12.82,11.68,755.3,10.62,94.2
"2023-02-04 22:35:00",228164,12.82,11.68,755.4,10.65,94.6
"2023-02-04 22:40:00",228165,12.82,11.68,755.4,10.58,94.3
"2023-02-04 22:45:00",228166,12.81,11.68,755.4,10.69,95.2
"2023-02-04 22:50:00",228167,12.81,11.7,755.4,10.67,95.7
"2023-02-04 22:55:00",228168,12.81,11.68,755.3,10.66,95.9
"2023-02-04 23:00:00",228169,12.81,11.68,755.3,10.63,96
"2023-02-04 23:05:00",228170,12.81,11.68,755.3,10.63,96.4
"2023-02-04 23:10:00",228171,12.81,11.66,755.3,10.61,96.6
"2023-02-04 23:15:00",228172,12.81,11.71,755.3,10.53,96.6
"2023-02-04 23:20:00",228173,12.8,11.7,755.2,10.49,96.6
"2023-02-04 23:25:00",228174,12.8,11.7,755.2,10.55,96.9
"2023-02-04 23:30:00",228175,12.8,11.7,755.2,10.5,96.7
"2023-02-04 23:35:00",228176,12.8,11.72,755.2,10.55,97.1
"2023-02-04 23:40:00",228177,12.8,11.71,755.1,10.51,96.9
"2023-02-04 23:45:00",228178,12.8,11.7,755.1,10.49,97.1
"2023-02-04 23:50:00",228179,12.79,11.72,755.1,10.46,97
"2023-02-04 23:55:00",228180,12.79,11.72,755.1,10.46,97.1
"2023-02-05 00:00:00",228181,12.79,11.73,755,10.42,97
"2023-02-05 00:05:00",228182,12.79,11.71,755,10.49,97.2
"2023-02-05 00:10:00",228183,12.79,11.71,754.9,10.44,97.1
"2023-02-05 00:15:00",228184,12.79,11.72,754.9,10.48,97.3
"2023-02-05 00:20:00",228185,12.78,11.74,754.9,10.35,97.3
"2023-02-05 00:25:00",228186,12.78,11.74,754.9,10.35,97.5
"2023-02-05 00:30:00",228187,12.78,11.76,754.8,10.38,97.7
"2023-02-05 00:35:00",228188,12.77,11.75,754.8,10.38,97.8
"2023-02-05 00:40:00",228189,12.77,11.75,754.7,10.27,97.9
"2023-02-05 00:45:00",228190,12.77,11.75,754.7,10.17,98
"2023-02-05 00:50:00",228191,12.77,11.75,754.6,10.28,98.3
"2023-02-05 00:55:00",228192,12.77,11.73,754.6,10.15,98.2
"2023-02-05 01:00:00",228193,12.77,11.74,754.6,10.12,98.2
"2023-02-05 01:05:00",228194,12.76,11.71,754.5,10.21,98.4
"2023-02-05 01:10:00",228195,12.76,11.61,754.5,10.26,98.5
"2023-02-05 01:15:00",228196,12.76,11.58,754.4,10.26,98.6
"2023-02-05 01:20:00",228197,12.75,11.58,754.4,10.26,98.6
"2023-02-05 01:25:00",228198,12.75,11.57,754.3,10.26,98.6
"2023-02-05 01:30:00",228199,12.75,11.58,754.3,10.26,98.7
"2023-02-05 01:35:00",228200,12.75,11.59,754.3,10.25,98.8
"2023-02-05 01:40:00",228201,12.74,11.59,754.3,10.3,98.9
"2023-02-05 01:45:00",228202,12.74,11.58,754.3,10.26,98.9
"2023-02-05 01:50:00",228203,12.74,11.58,754.2,10.24,98.9
"2023-02-05 01:55:00",228204,12.73,11.55,754.2,10.2,98.9
"2023-02-05 02:00:00",228205,12.73,11.58,754.2,10.2,99
"2023-02-05 02:05:00",228206,12.73,11.56,754.1,10.18,99
"2023-02-05 02:10:00",228207,12.72,11.57,754.1,10.09,98.9
"2023-02-05 02:15:00",228208,12.72,11.55,754,10.12,98.9
"2023-02-05 02:20:00",228209,12.71,11.56,754.1,10.12,98.9
"2023-02-05 02:25:00",228210,12.71,11.53,754,10.08,98.9
"2023-02-05 02:30:00",228211,12.71,11.5,754,10.11,99
"2023-02-05 02:35:00",228212,12.7,11.51,754,10.1,99
"2023-02-05 02:40:00",228213,12.7,11.52,754,10.09,99.1
"2023-02-05 02:45:00",228214,12.7,11.51,754,10,99.1
"2023-02-05 02:50:00",228215,12.69,11.49,754,10.05,99.2
"2023-02-05 02:55:00",228216,12.69,11.49,753.9,9.98,99.2
"2023-02-05 03:00:00",228217,12.68,11.48,753.9,9.98,99.3
"2023-02-05 03:05:00",228218,12.68,11.49,753.9,9.94,99.3
"2023-02-05 03:10:00",228219,12.67,11.49,753.9,9.88,99.4
"2023-02-05 03:15:00",228220,12.67,11.47,753.9,9.95,99.5
"2023-02-05 03:20:00",228221,12.66,11.47,753.9,9.9,99.5
"2023-02-05 03:25:00",228222,12.66,11.46,753.8,9.82,99.5
"2023-02-05 03:30:00",228223,12.65,11.47,753.8,9.76,99.5
"2023-02-05 03:35:00",228224,12.64,11.46,753.8,9.78,99.6
"2023-02-05 03:40:00",228225,12.64,11.44,753.8,9.72,99.6
"2023-02-05 03:45:00",228226,12.63,11.42,753.8,9.75,99.7
"2023-02-05 03:50:00",228227,12.63,11.41,753.9,9.73,99.7
"2023-02-05 03:55:00",228228,12.62,11.41,753.8,9.6,99.6
"2023-02-05 04:00:00",228229,12.63,11.39,753.8,9.65,99.7
"2023-02-05 04:05:00",228230,12.63,11.32,753.8,9.64,99.7
"2023-02-05 04:10:00",228231,12.62,11.26,753.8,9.54,99.7
"2023-02-05 04:15:00",228232,12.61,11.22,753.8,9.58,99.7
"2023-02-05 04:20:00",228233,12.61,11.14,753.9,9.62,99.6
"2023-02-05 04:25:00",228234,12.6,11.11,753.9,9.68,99.7
"2023-02-05 04:30:00",228235,12.6,11.09,753.9,9.56,99.6
"2023-02-05 04:35:00",228236,12.6,11.04,753.9,9.64,99.7
"2023-02-05 04:40:00",228237,12.59,11.03,753.9,9.65,99.6
"2023-02-05 04:45:00",228238,12.58,11.05,753.9,9.68,99.7
"2023-02-05 04:50:00",228239,12.58,11.05,753.9,9.6,99.6
"2023-02-05 04:55:00",228240,12.58,11.04,754,9.64,99.7
"2023-02-05 05:00:00",228241,12.56,11.05,754,9.62,99.7
"2023-02-05 05:05:00",228242,12.56,11.05,754,9.6,99.7
"2023-02-05 05:10:00",228243,12.56,11.02,754,9.56,99.7
"2023-02-05 05:15:00",228244,12.56,11.01,754,9.52,99.7
"2023-02-05 05:20:00",228245,12.55,11,754,9.6,99.8
"2023-02-05 05:25:00",228246,12.55,11,754.1,9.54,99.7
"2023-02-05 05:30:00",228247,12.55,11.02,754.1,9.56,99.8
"2023-02-05 05:35:00",228248,12.55,10.99,754.1,9.56,99.7
"2023-02-05 05:40:00",228249,12.55,10.99,754.2,9.56,99.7
"2023-02-05 05:45:00",228250,12.54,10.98,754.2,9.5,99.7
"2023-02-05 05:50:00",228251,12.55,11.01,754.2,9.51,99.7
"2023-02-05 05:55:00",228252,12.54,11,754.2,9.55,99.7
"2023-02-05 06:00:00",228253,12.54,11,754.3,9.5,99.7
"2023-02-05 06:05:00",228254,12.54,11.01,754.3,9.5,99.7
"2023-02-05 06:10:00",228255,12.54,10.99,754.4,9.6,99.7
"2023-02-05 06:15:00",228256,12.54,11.01,754.4,9.6,99.7
"2023-02-05 06:20:00",228257,12.54,11.07,754.5,9.5,99.6
"2023-02-05 06:25:00",228258,12.54,11.15,754.5,9.57,99.7
"2023-02-05 06:30:00",228259,12.55,11.2,754.6,9.6,99.7
"2023-02-05 06:35:00",228260,12.55,11.23,754.6,9.51,99.6
"2023-02-05 06:40:00",228261,12.56,11.25,754.7,9.48,99.5
"2023-02-05 06:45:00",228262,12.57,11.29,754.7,9.46,99.4
"2023-02-05 06:50:00",228263,12.59,11.18,754.8,9.54,99.4
"2023-02-05 06:55:00",228264,12.61,11.17,754.8,9.5,99.2
"2023-02-05 07:00:00",228265,12.63,11.18,754.9,9.5,99.1
"2023-02-05 07:05:00",228266,12.64,11.2,754.9,9.54,99
"2023-02-05 07:10:00",228267,12.69,11.23,755,9.61,98.9
"2023-02-05 07:15:00",228268,12.69,11.26,755,9.61,98.7
"2023-02-05 07:20:00",228269,12.66,11.25,755.1,9.58,98.3
"2023-02-05 07:25:00",228270,12.77,11.29,755.1,9.76,98.4
"2023-02-05 07:30:00",228271,13.07,11.46,755.1,9.9,98.2
"2023-02-05 07:35:00",228272,13.24,11.61,755.1,9.91,97.7
"2023-02-05 07:40:00",228273,13.36,11.71,755.2,10.05,97.4
"2023-02-05 07:45:00",228274,13.47,11.85,755.2,10.12,97
"2023-02-05 07:50:00",228275,13.59,12,755.2,10.08,96
"2023-02-05 07:55:00",228276,13.64,12.16,755.2,10.26,95.6
"2023-02-05 08:00:00",228277,13.71,12.36,755.2,10.46,94.8
"2023-02-05 08:05:00",228278,13.73,12.53,755.3,10.49,94
"2023-02-05 08:10:00",228279,13.87,12.95,755.3,10.85,93.8
"2023-02-05 08:15:00",228280,13.87,14.32,755.4,11.04,92.2
"2023-02-05 08:20:00",228281,13.87,14.86,755.3,11.41,89.8
"2023-02-05 08:25:00",228282,13.88,15.19,755.4,11.27,89.1
"2023-02-05 08:30:00",228283,13.85,15.5,755.4,11.26,89.6
"2023-02-05 08:35:00",228284,13.85,15.77,755.4,11.81,89.2
"2023-02-05 08:40:00",228285,13.85,16.04,755.5,12.24,84.5
"2023-02-05 08:45:00",228286,13.85,16.34,755.5,12.18,85.4
"2023-02-05 08:50:00",228287,13.82,16.58,755.5,12.52,87.5
"2023-02-05 08:55:00",228288,13.82,16.82,755.5,12.56,85.7
"2023-02-05 09:00:00",228289,13.82,17.07,755.5,12.78,86.1
"2023-02-05 09:05:00",228290,13.82,17.33,755.5,12.64,85.6
"2023-02-05 09:10:00",228291,13.82,17.6,755.5,12.91,84.1
"2023-02-05 09:15:00",228292,13.79,17.83,755.5,13.48,82.6
"2023-02-05 09:20:00",228293,13.79,18.12,755.5,13.88,82.5
"2023-02-05 09:25:00",228294,13.79,18.39,755.5,13.77,81.3
"2023-02-05 09:30:00",228295,13.8,18.66,755.5,13.61,80.8
"2023-02-05 09:35:00",228296,13.77,18.82,755.4,13.47,82.3
"2023-02-05 09:40:00",228297,13.77,18.88,755.4,13.23,82.5
"2023-02-05 09:45:00",228298,13.77,18.95,755.5,13.38,81.4
"2023-02-05 09:50:00",228299,13.77,19.01,755.4,13.35,81.7
"2023-02-05 09:55:00",228300,13.77,19.05,755.4,13.27,82.5
"2023-02-05 10:00:00",228301,13.77,19.05,755.3,13.21,83.1
"2023-02-05 10:05:00",228302,13.77,19.02,755.3,13.46,83.2
"2023-02-05 10:10:00",228303,13.77,19.04,755.3,13.67,79.38
"2023-02-05 10:15:00",228304,13.77,19.11,755.2,13.79,80.8
"2023-02-05 10:20:00",228305,13.77,19.22,755.2,13.93,80.3
"2023-02-05 10:25:00",228306,13.77,19.37,755.1,13.83,77.33
"2023-02-05 10:30:00",228307,13.77,19.56,755.1,14.24,75.71
"2023-02-05 10:35:00",228308,13.77,19.83,755,15.38,75.83
"2023-02-05 10:40:00",228309,13.74,20.22,754.9,15.32,73.53
"2023-02-05 10:45:00",228310,13.74,20.62,754.9,15.23,74.47
"2023-02-05 10:50:00",228311,13.75,21.01,754.8,15.27,71.43
"2023-02-05 10:55:00",228312,13.72,21.5,754.8,16.28,73.74
"2023-02-05 11:00:00",228313,13.72,22.07,754.7,16.63,63.61
"2023-02-05 11:05:00",228314,13.69,22.69,754.6,16.7,64.06
"2023-02-05 11:10:00",228315,13.69,23.2,754.6,16.26,65.26
"2023-02-05 11:15:00",228316,13.66,23.49,754.6,16.4,63.89
"2023-02-05 11:20:00",228317,13.66,23.72,754.5,17.01,65.56
"2023-02-05 11:25:00",228318,13.66,23.93,754.5,16.69,66.59
"2023-02-05 11:30:00",228319,13.66,24.12,754.4,16.55,62.58
"2023-02-05 11:35:00",228320,13.66,24.22,754.4,15.8,69.49
"2023-02-05 11:40:00",228321,13.66,24.28,754.2,16.69,66.8
"2023-02-05 11:45:00",228322,13.66,24.42,754.2,16.91,65.22
"2023-02-05 11:50:00",228323,13.67,24.62,754.1,16.18,66.33
"2023-02-05 11:55:00",228324,13.63,24.73,754.1,16.47,63.88
"2023-02-05 12:00:00",228325,13.64,24.81,754,17.03,60.63
"2023-02-05 12:05:00",228326,13.64,24.9,753.9,17.07,62.04
"2023-02-05 12:10:00",228327,13.64,25.01,753.8,17.63,60.13
"2023-02-05 12:15:00",228328,13.64,25.12,753.7,16.92,65.96
"2023-02-05 12:20:00",228329,13.64,25,753.7,16.22,67.71
"2023-02-05 12:25:00",228330,13.64,24.76,753.6,15.6,71.47
"2023-02-05 12:30:00",228331,13.64,24.42,753.5,16.24,68.41
"2023-02-05 12:35:00",228332,13.64,24.1,753.5,15.88,66.48
"2023-02-05 12:40:00",228333,13.64,23.78,753.4,15.88,69.33
"2023-02-05 12:45:00",228334,13.64,23.51,753.3,16.42,67.8
"2023-02-05 12:50:00",228335,13.64,23.41,753.2,16.98,65.14
"2023-02-05 12:55:00",228336,13.64,23.4,753.1,16.92,64.81
"2023-02-05 13:00:00",228337,13.64,23.43,753.1,17.31,65.14
"2023-02-05 13:05:00",228338,13.64,23.54,753,16.1,65.9
"2023-02-05 13:10:00",228339,13.64,23.59,752.9,16.65,64.74
"2023-02-05 13:15:00",228340,13.64,23.6,752.8,17.3,65.03
"2023-02-05 13:20:00",228341,13.64,23.66,752.7,16.75,64.07
"2023-02-05 13:25:00",228342,13.64,23.77,752.6,17.41,62.13
"2023-02-05 13:30:00",228343,13.64,23.93,752.5,17.67,65.15
"2023-02-05 13:35:00",228344,13.64,24.07,752.4,17.62,64.99
"2023-02-05 13:40:00",228345,13.64,24.18,752.4,16.24,65.58
"2023-02-05 13:45:00",228346,13.64,24.15,752.3,16.92,65.13
"2023-02-05 13:50:00",228347,13.64,24.07,752.3,16.25,65.11
"2023-02-05 13:55:00",228348,13.64,23.96,752.2,17.25,64.87
"2023-02-05 14:00:00",228349,13.64,23.94,752.1,17.15,63.43
"2023-02-05 14:05:00",228350,13.64,23.95,752,17.9,62.42
"2023-02-05 14:10:00",228351,13.64,24.04,752,17.91,60.38
"2023-02-05 14:15:00",228352,13.64,24.14,751.9,17.45,64.96
"2023-02-05 14:20:00",228353,13.64,24.22,751.8,17.34,61.82
"2023-02-05 14:25:00",228354,13.64,24.33,751.7,17.97,62.34
"2023-02-05 14:30:00",228355,13.64,24.41,751.7,17.56,61.92
"2023-02-05 14:35:00",228356,13.64,24.48,751.5,17.72,62.54
"2023-02-05 14:40:00",228357,13.64,24.6,751.4,17.89,61.28
"2023-02-05 14:45:00",228358,13.64,24.76,751.3,19.01,57.74
"2023-02-05 14:50:00",228359,13.64,24.98,751.2,18.37,59.31
"2023-02-05 14:55:00",228360,13.64,25.06,751.1,17.67,62.68
"2023-02-05 15:00:00",228361,13.65,25.05,751.1,18.21,60.28
"2023-02-05 15:05:00",228362,13.65,25.08,751,18.88,59.33
"2023-02-05 15:10:00",228363,13.65,25.09,750.9,18.67,59.05
"2023-02-05 15:15:00",228364,13.65,25.26,750.9,20.28,53.25
"2023-02-05 15:20:00",228365,13.64,25.53,750.8,18.06,60.89
"2023-02-05 15:25:00",228366,13.62,25.61,750.7,18.13,60.63
"2023-02-05 15:30:00",228367,13.62,25.51,750.6,17.6,61.51
"2023-02-05 15:35:00",228368,13.62,25.34,750.5,18.64,57.44
"2023-02-05 15:40:00",228369,13.62,25.23,750.4,18.83,60.11
"2023-02-05 15:45:00",228370,13.62,25.18,750.4,18.35,60.42
"2023-02-05 15:50:00",228371,13.62,25.07,750.3,16.95,67.11
"2023-02-05 15:55:00",228372,13.62,24.8,750.3,17.53,64.86
"2023-02-05 16:00:00",228373,13.62,24.52,750.2,17.23,66.55
"2023-02-05 16:05:00",228374,13.62,24.27,750.2,17.37,67.54
"2023-02-05 16:10:00",228375,13.62,24.06,750.1,17.62,67.26
"2023-02-05 16:15:00",228376,13.62,23.95,750,17.29,65.17
"2023-02-05 16:20:00",228377,13.62,23.84,749.9,17.54,66.31
"2023-02-05 16:25:00",228378,13.62,23.74,749.9,17.59,64.72
"2023-02-05 16:30:00",228379,13.62,23.66,749.9,17.17,64.97
"2023-02-05 16:35:00",228380,13.62,23.54,749.8,17.45,64.31
"2023-02-05 16:40:00",228381,13.62,23.48,749.7,17.73,63.61
"2023-02-05 16:45:00",228382,13.62,23.48,749.7,17.91,63.17
"2023-02-05 16:50:00",228383,13.62,23.43,749.7,17.57,64.54
"2023-02-05 16:55:00",228384,13.62,23.41,749.7,17.7,64.41
"2023-02-05 17:00:00",228385,13.62,23.37,749.6,17.85,63.82
"2023-02-05 17:05:00",228386,13.62,23.32,749.6,17.83,63.84
"2023-02-05 17:10:00",228387,13.62,23.24,749.5,17.68,64.29
"2023-02-05 17:15:00",228388,13.62,23.18,749.5,17.73,64.83
"2023-02-05 17:20:00",228389,13.62,23.09,749.5,17.77,63.92
"2023-02-05 17:25:00",228390,13.62,23.05,749.5,17.49,63.55
"2023-02-05 17:30:00",228391,13.62,23,749.5,17.81,62.64
"2023-02-05 17:35:00",228392,13.62,22.94,749.6,17.72,63.35
"2023-02-05 17:40:00",228393,13.62,22.91,749.5,18.2,62.44
"2023-02-05 17:45:00",228394,13.62,22.9,749.5,17.82,61.12
"2023-02-05 17:50:00",228395,13.62,22.85,749.5,17.54,62.18
"2023-02-05 17:55:00",228396,13.62,22.78,749.5,17.57,62.67
"2023-02-05 18:00:00",228397,13.62,22.65,749.5,17.52,63.02
"2023-02-05 18:05:00",228398,13.62,22.52,749.5,17.28,62.53
"2023-02-05 18:10:00",228399,13.65,22.35,749.5,17.27,61.69
"2023-02-05 18:15:00",228400,13.6,21.8,749.5,17.22,61.59
"2023-02-05 18:20:00",228401,13.4,21.13,749.5,17.27,62.11
"2023-02-05 18:25:00",228402,13.25,20.76,749.6,17.39,61.65
"2023-02-05 18:30:00",228403,13.16,20.49,749.6,17.38,61.74
"2023-02-05 18:35:00",228404,13.1,20.3,749.6,17.16,62.66
"2023-02-05 18:40:00",228405,13.04,20.16,749.7,17.25,65.25
"2023-02-05 18:45:00",228406,12.99,20.01,749.7,17.19,64.15
"2023-02-05 18:50:00",228407,12.97,19.88,749.7,17.13,64.64
"2023-02-05 18:55:00",228408,12.94,19.77,749.8,17.03,64.45
"2023-02-05 19:00:00",228409,12.93,19.66,749.8,17.02,64.06
"2023-02-05 19:05:00",228410,12.93,19.51,749.9,16.97,64.85
"2023-02-05 19:10:00",228411,12.92,19.34,749.9,16.93,64.9
"2023-02-05 19:15:00",228412,12.92,19.25,750,16.91,64.84
"2023-02-05 19:20:00",228413,12.91,19.16,750,16.89,65.54
"2023-02-05 19:25:00",228414,12.91,19.09,750,16.93,65.29
"2023-02-05 19:30:00",228415,12.91,19.03,750.1,16.93,65.87
"2023-02-05 19:35:00",228416,12.91,18.95,750.2,16.93,67.02
"2023-02-05 19:40:00",228417,12.9,18.89,750.2,17.01,67.09
"2023-02-05 19:45:00",228418,12.9,18.9,750.2,16.95,66.29
"2023-02-05 19:50:00",228419,12.9,18.87,750.3,16.98,65.2
"2023-02-05 19:55:00",228420,12.9,18.85,750.3,16.98,66.03
"2023-02-05 20:00:00",228421,12.9,18.84,750.4,16.96,66.59
"2023-02-05 20:05:00",228422,12.89,18.8,750.5,16.98,66.5
"2023-02-05 20:10:00",228423,12.89,18.77,750.6,16.96,67.76
"2023-02-05 20:15:00",228424,12.89,18.82,750.7,16.92,67.28
"2023-02-05 20:20:00",228425,12.89,18.8,750.9,16.85,68.38
"2023-02-05 20:25:00",228426,12.89,18.8,751,16.79,68.86
"2023-02-05 20:30:00",228427,12.88,18.75,751.1,16.59,71.86
"2023-02-05 20:35:00",228428,12.88,18.7,751.2,16.41,72.52
"2023-02-05 20:40:00",228429,12.88,18.62,751.3,16.26,70.56
"2023-02-05 20:45:00",228430,12.88,18.42,751.4,16.12,75.81
"2023-02-05 20:50:00",228431,12.88,18.21,751.5,15.92,78.3
"2023-02-05 20:55:00",228432,12.88,17.97,751.5,15.44,80.1
"2023-02-05 21:00:00",228433,12.87,17.7,751.6,14.67,83
"2023-02-05 21:05:00",228434,12.87,17.28,751.7,14.39,84.1
"2023-02-05 21:10:00",228435,12.87,16.89,751.7,14.23,88.6
"2023-02-05 21:15:00",228436,12.87,16.55,751.7,14.17,88
"2023-02-05 21:20:00",228437,12.86,16.29,751.7,14.57,82.1
"2023-02-05 21:25:00",228438,12.86,16.09,751.7,14.46,85.2
"2023-02-05 21:30:00",228439,12.86,15.94,751.8,14.67,83.9
"2023-02-05 21:35:00",228440,12.86,15.83,751.9,14.62,84.9
"2023-02-05 21:40:00",228441,12.85,15.78,752,14.61,83.7
"2023-02-05 21:45:00",228442,12.85,15.71,752,14.56,83.8
"2023-02-05 21:50:00",228443,12.85,15.69,752,14.65,83.8
"2023-02-05 21:55:00",228444,12.85,15.66,752.1,14.67,85
"2023-02-05 22:00:00",228445,12.85,15.67,752.2,14.17,86
"2023-02-05 22:05:00",228446,12.85,15.63,752.3,14.04,87.5
"2023-02-05 22:10:00",228447,12.84,15.59,752.3,13.89,86.9
"2023-02-05 22:15:00",228448,12.84,15.56,752.4,13.87,88
"2023-02-05 22:20:00",228449,12.84,15.52,752.4,13.84,89.6
"2023-02-05 22:25:00",228450,12.84,15.47,752.4,13.86,90.5
"2023-02-05 22:30:00",228451,12.84,15.46,752.5,13.78,90.7
"2023-02-05 22:35:00",228452,12.84,15.41,752.5,13.73,92.5
"2023-02-05 22:40:00",228453,12.83,15.38,752.5,13.64,92.6
"2023-02-05 22:45:00",228454,12.83,15.33,752.5,13.59,93.1
"2023-02-05 22:50:00",228455,12.83,15.25,752.6,13.44,93.1
"2023-02-05 22:55:00",228456,12.83,15.22,752.6,13.44,93.5
"2023-02-05 23:00:00",228457,12.82,15.19,752.5,13.5,94
"2023-02-05 23:05:00",228458,12.82,15.17,752.5,13.64,94.3
"2023-02-05 23:10:00",228459,12.82,15.18,752.5,13.59,94.2
"2023-02-05 23:15:00",228460,12.82,15.19,752.5,13.58,94.2
"2023-02-05 23:20:00",228461,12.82,15.16,752.5,13.43,93.1
"2023-02-05 23:25:00",228462,12.82,15.16,752.4,13.47,92.9
"2023-02-05 23:30:00",228463,12.82,15.07,752.4,13.49,92.8
"2023-02-05 23:35:00",228464,12.82,15,752.4,13.57,93.3
"2023-02-05 23:40:00",228465,12.81,14.97,752.3,13.63,93.2
"2023-02-05 23:45:00",228466,12.81,14.96,752.2,13.69,93
"2023-02-05 23:50:00",228467,12.81,14.92,752.2,13.67,92.5
"2023-02-05 23:55:00",228468,12.81,14.89,752.1,13.69,92.1
"2023-02-06 00:00:00",228469,12.81,14.88,752.1,13.7,91.8
"2023-02-06 00:05:00",228470,12.8,14.85,752,13.66,91.2
"2023-02-06 00:10:00",228471,12.8,14.84,752,13.61,91.2
"2023-02-06 00:15:00",228472,12.8,14.84,751.9,13.64,90.8
"2023-02-06 00:20:00",228473,12.8,14.85,751.9,13.76,90.4
"2023-02-06 00:25:00",228474,12.8,14.84,751.9,13.75,90.2
"2023-02-06 00:30:00",228475,12.8,14.85,751.9,13.7,90.6
"2023-02-06 00:35:00",228476,12.8,14.85,751.8,13.71,90.2
"2023-02-06 00:40:00",228477,12.8,14.85,751.7,13.73,90.4
"2023-02-06 00:45:00",228478,12.8,14.88,751.7,13.73,91
"2023-02-06 00:50:00",228479,12.79,14.91,751.6,13.73,91.5
"2023-02-06 00:55:00",228480,12.79,14.92,751.6,13.75,92.4
"2023-02-06 01:00:00",228481,12.79,14.94,751.5,13.78,92.3
"2023-02-06 01:05:00",228482,12.79,14.94,751.5,13.77,90.9
"2023-02-06 01:10:00",228483,12.79,14.94,751.4,13.74,90.7
"2023-02-06 01:15:00",228484,12.79,14.98,751.3,13.73,91.2
"2023-02-06 01:20:00",228485,12.79,14.98,751.3,13.69,91.2
"2023-02-06 01:25:00",228486,12.78,14.98,751.3,13.71,91.4
"2023-02-06 01:30:00",228487,12.78,14.99,751.3,13.69,91.6
"2023-02-06 01:35:00",228488,12.8,14.67,751.3,13.67,91.6
"2023-02-06 01:40:00",228489,12.8,14.51,751.3,13.71,92.3
"2023-02-06 01:45:00",228490,12.8,14.45,751.2,13.71,92.3
"2023-02-06 01:50:00",228491,12.8,14.42,751.2,13.68,92.1
"2023-02-06 01:55:00",228492,12.79,14.39,751.1,13.72,92.1
"2023-02-06 02:00:00",228493,12.79,14.37,751.2,13.67,92.1
"2023-02-06 02:05:00",228494,12.79,14.37,751,13.68,92.7
"2023-02-06 02:10:00",228495,12.79,14.36,751,13.67,92.2
"2023-02-06 02:15:00",228496,12.79,14.36,750.9,13.61,89.2
"2023-02-06 02:20:00",228497,12.79,14.35,750.9,13.75,90.5
"2023-02-06 02:25:00",228498,12.79,14.35,750.8,13.7,91.6
"2023-02-06 02:30:00",228499,12.78,14.35,750.8,13.63,91.5
"2023-02-06 02:35:00",228500,12.78,14.33,750.8,13.57,91.7
"2023-02-06 02:40:00",228501,12.78,14.3,750.8,13.58,90.9
"2023-02-06 02:45:00",228502,12.78,14.28,750.8,13.68,92
"2023-02-06 02:50:00",228503,12.78,14.26,750.7,13.61,91.2
"2023-02-06 02:55:00",228504,12.78,14.26,750.7,13.61,91.6
"2023-02-06 03:00:00",228505,12.77,14.26,750.6,13.63,92.2
"2023-02-06 03:05:00",228506,12.77,14.24,750.5,13.53,92.1
"2023-02-06 03:10:00",228507,12.77,14.21,750.5,13.52,92.3
"2023-02-06 03:15:00",228508,12.77,14.17,750.5,13.51,93.3
"2023-02-06 03:20:00",228509,12.77,14.12,750.5,13.47,93
"2023-02-06 03:25:00",228510,12.76,14.08,750.5,13.47,93.2
"2023-02-06 03:30:00",228511,12.76,14.05,750.5,13.52,93.4
"2023-02-06 03:35:00",228512,12.76,14.03,750.5,13.59,93.5
"2023-02-06 03:40:00",228513,12.76,14,750.5,13.54,93.4
"2023-02-06 03:45:00",228514,12.76,13.95,750.4,13.49,93.2
"2023-02-06 03:50:00",228515,12.75,13.89,750.5,13.44,93.3
"2023-02-06 03:55:00",228516,12.75,13.8,750.5,13.37,93.3
"2023-02-06 04:00:00",228517,12.75,13.73,750.5,13.23,93.8
"2023-02-06 04:05:00",228518,12.75,13.67,750.6,13.14,94.1
"2023-02-06 04:10:00",228519,12.75,13.63,750.6,13.14,94.8
"2023-02-06 04:15:00",228520,12.75,13.62,750.6,13.11,94.9
"2023-02-06 04:20:00",228521,12.74,13.6,750.6,13.12,95
"2023-02-06 04:25:00",228522,12.74,13.59,750.5,13.18,95.2
"2023-02-06 04:30:00",228523,12.74,13.62,750.6,13.2,95
"2023-02-06 04:35:00",228524,12.74,13.63,750.5,13.27,94.9
"2023-02-06 04:40:00",228525,12.73,13.64,750.6,13.3,94.9
"2023-02-06 04:45:00",228526,12.73,13.67,750.6,13.28,94.2
"2023-02-06 04:50:00",228527,12.73,13.73,750.6,13.35,93.9
"2023-02-06 04:55:00",228528,12.73,13.77,750.6,13.35,94.1
"2023-02-06 05:00:00",228529,12.72,13.79,750.7,13.27,93
"2023-02-06 05:05:00",228530,12.72,13.8,750.7,13.29,92.4
"2023-02-06 05:10:00",228531,12.72,13.83,750.7,13.33,92.5
"2023-02-06 05:15:00",228532,12.71,13.84,750.7,13.35,93.2
"2023-02-06 05:20:00",228533,12.71,13.87,750.7,13.4,93.6
"2023-02-06 05:25:00",228534,12.71,13.9,750.7,13.41,94
"2023-02-06 05:30:00",228535,12.71,13.91,750.7,13.36,94
"2023-02-06 05:35:00",228536,12.71,13.94,750.7,13.39,94.3
"2023-02-06 05:40:00",228537,12.7,13.93,750.7,13.34,93.9
"2023-02-06 05:45:00",228538,12.7,13.92,750.7,13.27,93.6
"2023-02-06 05:50:00",228539,12.7,13.92,750.8,13.27,93.7
"2023-02-06 05:55:00",228540,12.7,13.9,750.8,13.35,93.8
"2023-02-06 06:00:00",228541,12.69,13.89,750.9,13.4,94.6
"2023-02-06 06:05:00",228542,12.69,13.82,750.9,13.28,94.7
"2023-02-06 06:10:00",228543,12.69,13.83,751,13.2,94.9
"2023-02-06 06:15:00",228544,12.69,13.83,751,13.23,94.4
"2023-02-06 06:20:00",228545,12.7,13.82,751.1,13.25,94.5
"2023-02-06 06:25:00",228546,12.71,13.8,751.1,13.28,95.1
"2023-02-06 06:30:00",228547,12.73,13.77,751.1,13.25,95.1
"2023-02-06 06:35:00",228548,12.79,13.8,751.2,13.37,94.9
"2023-02-06 06:40:00",228549,12.85,13.87,751.3,13.73,93.6
"2023-02-06 06:45:00",228550,12.85,13.96,751.2,13.93,91.7
"2023-02-06 06:50:00",228551,12.86,14.03,751.3,13.79,92.3
"2023-02-06 06:55:00",228552,12.87,14.1,751.3,13.7,93
"2023-02-06 07:00:00",228553,12.91,14.16,751.4,13.8,93.5
"2023-02-06 07:05:00",228554,12.94,14.22,751.5,13.66,92.9
"2023-02-06 07:10:00",228555,13.09,14.32,751.6,13.8,93.1
"2023-02-06 07:15:00",228556,13.26,14.76,751.6,14,92.7
"2023-02-06 07:20:00",228557,13.25,15.09,751.6,14.12,91.6
"2023-02-06 07:25:00",228558,13.25,15.28,751.7,14.25,91.2
"2023-02-06 07:30:00",228559,13.26,15.36,751.7,14.02,88.7
"2023-02-06 07:35:00",228560,13.28,15.46,751.8,13.99,88.4
"2023-02-06 07:40:00",228561,13.46,15.66,751.8,14.05,87.5
"2023-02-06 07:45:00",228562,13.54,15.9,751.8,14.23,88
"2023-02-06 07:50:00",228563,13.58,16.13,751.9,14.25,86.1
"2023-02-06 07:55:00",228564,13.84,16.53,751.9,14.3,88.3
"2023-02-06 08:00:00",228565,13.81,18.11,751.9,15.59,84.9
"2023-02-06 08:05:00",228566,13.79,19.06,752,17.65,72.67
"2023-02-06 08:10:00",228567,13.76,20.07,752,17.33,70.73
"2023-02-06 08:15:00",228568,13.73,21.04,752,18.47,67.41
"2023-02-06 08:20:00",228569,13.73,22.03,752,18.67,67.24
"2023-02-06 08:25:00",228570,13.7,22.92,752,18.23,68.22
"2023-02-06 08:30:00",228571,13.68,23.73,752,19.8,64.21
"2023-02-06 08:35:00",228572,13.68,24.61,752,17.82,70.1
"2023-02-06 08:40:00",228573,13.65,25.37,752.1,18.41,64.39
"2023-02-06 08:45:00",228574,13.62,25.91,752.1,18.62,65.11
"2023-02-06 08:50:00",228575,13.62,26.37,752.1,18.23,67.93
"2023-02-06 08:55:00",228576,13.62,26.78,752.1,18.3,64.55
"2023-02-06 09:00:00",228577,13.6,27.01,752.2,18.68,65.12
"2023-02-06 09:05:00",228578,13.6,27.11,752.2,18.13,67.79
"2023-02-06 09:10:00",228579,13.6,27.08,752.2,18.63,67.82
"2023-02-06 09:15:00",228580,13.6,27.16,752.2,19.16,63.65
"2023-02-06 09:20:00",228581,13.6,27.34,752.2,19.96,62.83
"2023-02-06 09:25:00",228582,13.6,27.59,752.2,19.34,63.05
"2023-02-06 09:30:00",228583,13.6,27.64,752.2,18.19,65.59
"2023-02-06 09:35:00",228584,13.6,27.47,752.2,18.22,64.47
"2023-02-06 09:40:00",228585,13.6,27.23,752.2,18.97,63.71
"2023-02-06 09:45:00",228586,13.6,26.99,752.1,18.63,64.25
"2023-02-06 09:50:00",228587,13.6,26.9,752.1,19.27,63.28
"2023-02-06 09:55:00",228588,13.6,26.95,752.1,19.61,61.2
"2023-02-06 10:00:00",228589,13.6,27.06,752.1,19.39,61.56
"2023-02-06 10:05:00",228590,13.6,27.16,752,19.68,61.61
"2023-02-06 10:10:00",228591,13.61,27.19,752,19.51,60.43
"2023-02-06 10:15:00",228592,13.61,27.17,752,19.78,59.07
"2023-02-06 10:20:00",228593,13.61,27.11,752,19.58,59.62
"2023-02-06 10:25:00",228594,13.61,27.01,752,18.96,63.04
"2023-02-06 10:30:00",228595,13.61,26.89,751.9,19.26,61.08
"2023-02-06 10:35:00",228596,13.61,26.93,751.9,20.2,56.45
"2023-02-06 10:40:00",228597,13.61,27.07,751.9,20.17,57.21
"2023-02-06 10:45:00",228598,13.61,27.25,751.9,20.33,56.04
"2023-02-06 10:50:00",228599,13.61,27.53,751.8,20.86,55.13
"2023-02-06 10:55:00",228600,13.58,28.03,751.7,22.01,48.77
"2023-02-06 11:00:00",228601,13.58,28.71,751.7,22.39,49.2
"2023-02-06 11:05:00",228602,13.56,29.28,751.7,21.67,51.5
"2023-02-06 11:10:00",228603,13.56,29.59,751.7,21.43,51.94
"2023-02-06 11:15:00",228604,13.56,29.7,751.7,20.98,51.66
"2023-02-06 11:20:00",228605,13.56,29.68,751.6,21.25,50.6
"2023-02-06 11:25:00",228606,13.56,29.62,751.5,20.94,50.84
"2023-02-06 11:30:00",228607,13.56,29.59,751.4,21.13,53.24
"2023-02-06 11:35:00",228608,13.56,29.55,751.4,21.53,53.14
"2023-02-06 11:40:00",228609,13.56,29.61,751.3,22.48,49.21
"2023-02-06 11:45:00",228610,13.56,29.75,751.2,21.94,52.23
"2023-02-06 11:50:00",228611,13.54,29.82,751.1,20.89,52.9
"2023-02-06 11:55:00",228612,13.54,29.74,751.1,21.27,48.1
"2023-02-06 12:00:00",228613,13.54,29.64,750.9,21.43,51.66
"2023-02-06 12:05:00",228614,13.54,29.63,750.8,21.94,48.29
"2023-02-06 12:10:00",228615,13.54,29.72,750.8,21.93,50.69
"2023-02-06 12:15:00",228616,13.54,29.81,750.7,22.18,49.58
"2023-02-06 12:20:00",228617,13.54,29.89,750.6,20.84,51.54
"2023-02-06 12:25:00",228618,13.54,29.83,750.5,21.73,49.21
"2023-02-06 12:30:00",228619,13.54,29.95,750.4,21.84,48.11
"2023-02-06 12:35:00",228620,13.54,29.99,750.3,20.67,54.51
"2023-02-06 12:40:00",228621,13.54,29.75,750.3,20.61,52.73
"2023-02-06 12:45:00",228622,13.54,29.32,750.2,20.45,53.33
"2023-02-06 12:50:00",228623,13.54,28.92,750.1,20.89,54.48
"2023-02-06 12:55:00",228624,13.54,28.58,750,21.23,51.13
"2023-02-06 13:00:00",228625,13.54,28.29,750,21.04,52.1
"2023-02-06 13:05:00",228626,13.54,27.99,749.9,20.3,51.44
"2023-02-06 13:10:00",228627,13.54,27.65,749.8,20.35,51.79
"2023-02-06 13:15:00",228628,13.54,27.34,749.8,20.53,52.38
"2023-02-06 13:20:00",228629,13.54,27.06,749.7,20.02,52.18
"2023-02-06 13:25:00",228630,13.54,26.77,749.7,19.92,53.29
"2023-02-06 13:30:00",228631,13.54,26.48,749.6,20.2,52.46
"2023-02-06 13:35:00",228632,13.56,26.26,749.5,20.2,51.3
"2023-02-06 13:40:00",228633,13.56,26.11,749.5,20.27,52.47
"2023-02-06 13:45:00",228634,13.56,26.01,749.4,20.14,53.94
"2023-02-06 13:50:00",228635,13.56,25.99,749.3,20.37,52.61
"2023-02-06 13:55:00",228636,13.57,26.03,749.2,21.11,52.02
"2023-02-06 14:00:00",228637,13.57,26.22,749.1,22.03,45.33
"2023-02-06 14:05:00",228638,13.57,26.57,749,22.83,41.22
"2023-02-06 14:10:00",228639,13.57,27.03,748.9,23.17,41.59
"2023-02-06 14:15:00",228640,13.57,27.57,748.8,23.54,40.59
"2023-02-06 14:20:00",228641,13.57,28.08,748.7,22.64,42.86
"2023-02-06 14:25:00",228642,13.57,28.39,748.6,22.57,42.3
"2023-02-06 14:30:00",228643,13.57,28.56,748.5,21.81,43.54
"2023-02-06 14:35:00",228644,13.57,28.63,748.4,22.86,43.11
"2023-02-06 14:40:00",228645,13.57,28.73,748.3,23.06,41.38
"2023-02-06 14:45:00",228646,13.57,28.81,748.3,22.13,43.8
"2023-02-06 14:50:00",228647,13.57,28.81,748.2,22.52,42.68
"2023-02-06 14:55:00",228648,13.57,28.73,748.1,22.52,42.04
"2023-02-06 15:00:00",228649,13.57,28.68,748,22.41,41.83
"2023-02-06 15:05:00",228650,13.57,28.6,747.9,22.26,43.43
"2023-02-06 15:10:00",228651,13.57,28.48,747.9,21.88,43.13
"2023-02-06 15:15:00",228652,13.57,28.33,747.8,21.36,47.58
"2023-02-06 15:20:00",228653,13.57,27.97,747.8,21.19,49.99
"2023-02-06 15:25:00",228654,13.57,27.66,747.8,20.82,49.31
"2023-02-06 15:30:00",228655,13.57,27.4,747.7,21.51,47.5
"2023-02-06 15:35:00",228656,13.57,27.24,747.7,21.65,45.92
"2023-02-06 15:40:00",228657,13.57,27.13,747.7,21.9,46.4
"2023-02-06 15:45:00",228658,13.57,27.07,747.7,21.29,48.65
"2023-02-06 15:50:00",228659,13.57,27,747.6,21.69,48.98
"2023-02-06 15:55:00",228660,13.57,26.98,747.5,21.63,47.01
"2023-02-06 16:00:00",228661,13.57,27.02,747.5,21.67,48.19
"2023-02-06 16:05:00",228662,13.57,27.07,747.4,21.94,45.77
"2023-02-06 16:10:00",228663,13.57,27.22,747.4,22.79,44.46
"2023-02-06 16:15:00",228664,13.57,27.51,747.3,23.17,41.23
"2023-02-06 16:20:00",228665,13.57,27.88,747.2,23.53,40.29
"2023-02-06 16:25:00",228666,13.57,28.38,747.1,24.91,37.87
"2023-02-06 16:30:00",228667,13.57,28.95,747.1,23.53,40.55
"2023-02-06 16:35:00",228668,13.57,29.5,747.1,24.33,38.7
"2023-02-06 16:40:00",228669,13.54,29.87,747.1,22.76,42.19
"2023-02-06 16:45:00",228670,13.54,30.02,747.2,22.87,40.45
"2023-02-06 16:50:00",228671,13.54,30.03,747.3,23.39,38.28
"2023-02-06 16:55:00",228672,13.55,30.03,747.3,23.38,37.91
"2023-02-06 17:00:00",228673,13.55,30.09,747.3,23.58,39.35
"2023-02-06 17:05:00",228674,13.55,30.13,747.4,22.97,41.37
"2023-02-06 17:10:00",228675,13.55,29.97,747.4,22.52,39.96
"2023-02-06 17:15:00",228676,13.55,29.69,747.4,22.51,40.34
"2023-02-06 17:20:00",228677,13.55,29.32,747.5,22.53,43.14
"2023-02-06 17:25:00",228678,13.55,28.93,747.6,22.23,44.84
"2023-02-06 17:30:00",228679,13.54,28.52,747.7,21.25,48.61
"2023-02-06 17:35:00",228680,13.54,28.07,747.7,21.05,51.79
"2023-02-06 17:40:00",228681,13.54,27.6,747.7,21.13,51.68
"2023-02-06 17:45:00",228682,13.54,27.17,747.7,20.87,52.58
"2023-02-06 17:50:00",228683,13.54,26.8,747.7,20.78,53.16
"2023-02-06 17:55:00",228684,13.54,26.46,747.8,20.7,53.87
"2023-02-06 18:00:00",228685,13.54,26.18,747.9,20.7,52.9
"2023-02-06 18:05:00",228686,13.57,25.9,747.9,20.86,53.83
"2023-02-06 18:10:00",228687,13.57,25.71,748.1,20.53,53.03
"2023-02-06 18:15:00",228688,13.57,25.55,748.2,20.32,52.19
"2023-02-06 18:20:00",228689,13.57,25.38,748.3,20.43,52.74
"2023-02-06 18:25:00",228690,13.37,24.85,748.4,20.3,53.99
"2023-02-06 18:30:00",228691,13.14,24.09,748.4,20.25,54.48
"2023-02-06 18:35:00",228692,13.01,23.7,748.6,19.96,55.21
"2023-02-06 18:40:00",228693,12.96,23.42,748.6,19.71,57.05
"2023-02-06 18:45:00",228694,12.93,23.16,748.6,19.52,57.54
"2023-02-06 18:50:00",228695,12.92,22.94,748.7,19.4,56.88
"2023-02-06 18:55:00",228696,12.9,22.71,748.7,19.16,58.06
"2023-02-06 19:00:00",228697,12.9,22.46,748.8,18.96,57.49
"2023-02-06 19:05:00",228698,12.89,22.19,748.9,18.74,57.7
"2023-02-06 19:10:00",228699,12.89,21.95,749,18.56,57.94
"2023-02-06 19:15:00",228700,12.88,21.7,749.1,18.63,56.12
"2023-02-06 19:20:00",228701,12.88,21.5,749.3,18.77,54.57
"2023-02-06 19:25:00",228702,12.88,21.34,749.3,18.96,57.42
"2023-02-06 19:30:00",228703,12.87,21.22,749.5,18.82,58.17
"2023-02-06 19:35:00",228704,12.87,21.15,749.6,18.7,59.27
"2023-02-06 19:40:00",228705,12.87,21.03,749.7,18.6,59.65
"2023-02-06 19:45:00",228706,12.86,20.96,749.7,18.5,60.6
"2023-02-06 19:50:00",228707,12.86,20.87,749.8,18.38,60.43
"2023-02-06 19:55:00",228708,12.86,20.79,749.9,18.36,58.88
"2023-02-06 20:00:00",228709,12.86,20.74,749.9,18.39,59.89
"2023-02-06 20:05:00",228710,12.85,20.66,750,18.32,59.58
"2023-02-06 20:10:00",228711,12.85,20.59,750.1,18.39,58.74
"2023-02-06 20:15:00",228712,12.85,20.52,750.1,18.36,59.25
"2023-02-06 20:20:00",228713,12.85,20.49,750.2,18.29,59.63
"2023-02-06 20:25:00",228714,12.84,20.43,750.2,18.24,60.29
"2023-02-06 20:30:00",228715,12.84,20.38,750.2,18.15,59.46
"2023-02-06 20:35:00",228716,12.84,20.34,750.3,18.04,59.17
"2023-02-06 20:40:00",228717,12.84,20.26,750.3,18.03,59.04
"2023-02-06 20:45:00",228718,12.84,20.22,750.4,18,59.94
"2023-02-06 20:50:00",228719,12.85,20.18,750.4,17.93,61.68
"2023-02-06 20:55:00",228720,12.85,20.08,750.4,17.79,62.52
"2023-02-06 21:00:00",228721,12.84,20,750.5,17.71,62.93
"2023-02-06 21:05:00",228722,12.84,19.91,750.5,17.59,63.98
"2023-02-06 21:10:00",228723,12.84,19.76,750.5,17.58,63.74
"2023-02-06 21:15:00",228724,12.84,19.65,750.5,17.54,64.53
"2023-02-06 21:20:00",228725,12.84,19.52,750.6,17.3,65.26
"2023-02-06 21:25:00",228726,12.84,19.35,750.6,17.14,65.94
"2023-02-06 21:30:00",228727,12.84,19.19,750.7,17.06,66.04
"2023-02-06 21:35:00",228728,12.83,19.04,750.7,16.94,66.26
"2023-02-06 21:40:00",228729,12.83,18.89,750.8,16.94,67.63
"2023-02-06 21:45:00",228730,12.83,18.75,750.9,16.83,67.15
"2023-02-06 21:50:00",228731,12.83,18.61,751,16.72,68.73
"2023-02-06 21:55:00",228732,12.82,18.46,751,16.71,68.59
"2023-02-06 22:00:00",228733,12.82,18.32,751.1,16.71,68.5
"2023-02-06 22:05:00",228734,12.82,18.2,751.1,16.67,68.61
"2023-02-06 22:10:00",228735,12.82,18.12,751.2,16.82,66.24
"2023-02-06 22:15:00",228736,12.81,18.05,751.2,17.05,64.42
"2023-02-06 22:20:00",228737,12.81,18.02,751.2,17.13,64.58
"2023-02-06 22:25:00",228738,12.81,17.97,751.2,17.06,65.89
"2023-02-06 22:30:00",228739,12.81,17.91,751.2,16.76,67.78
"2023-02-06 22:35:00",228740,12.81,17.82,751.3,16.61,68.22
"2023-02-06 22:40:00",228741,12.81,17.78,751.3,16.56,68.85
"2023-02-06 22:45:00",228742,12.8,17.73,751.4,16.5,69.36
"2023-02-06 22:50:00",228743,12.81,17.72,751.4,16.5,70.14
"2023-02-06 22:55:00",228744,12.8,17.71,751.3,16.58,66.49
"2023-02-06 23:00:00",228745,12.8,17.7,751.3,16.65,68.43
"2023-02-06 23:05:00",228746,12.8,17.71,751.3,16.56,69.2
"2023-02-06 23:10:00",228747,12.8,17.75,751.3,16.69,69.02
"2023-02-06 23:15:00",228748,12.8,17.79,751.2,16.67,70.98
"2023-02-06 23:20:00",228749,12.8,17.82,751.2,16.57,70.91
"2023-02-06 23:25:00",228750,12.8,17.83,751.2,16.61,71.49
"2023-02-06 23:30:00",228751,12.8,17.86,751.1,16.56,71.45
"2023-02-06 23:35:00",228752,12.8,17.86,751.1,16.52,71.39
"2023-02-06 23:40:00",228753,12.8,17.76,751,16.48,72.3
"2023-02-06 23:45:00",228754,12.8,17.72,750.9,16.39,73.77
"2023-02-06 23:50:00",228755,12.79,17.65,750.9,16.16,73.69
"2023-02-06 23:55:00",228756,12.79,17.61,750.8,16.08,74.22
"2023-02-07 00:00:00",228757,12.79,17.53,750.8,16.07,74.55
"2023-02-07 00:05:00",228758,12.79,17.48,750.7,16.06,75.52
"2023-02-07 00:10:00",228759,12.79,17.44,750.7,16.1,75.87
"2023-02-07 00:15:00",228760,12.79,17.41,750.7,15.9,75.09
"2023-02-07 00:20:00",228761,12.79,17.4,750.6,15.82,75.84
"2023-02-07 00:25:00",228762,12.79,17.4,750.6,15.82,75.58
"2023-02-07 00:30:00",228763,12.78,17.4,750.5,15.84,75.87
"2023-02-07 00:35:00",228764,12.78,17.38,750.4,15.78,76.73
"2023-02-07 00:40:00",228765,12.78,17.37,750.4,15.68,77.55
"2023-02-07 00:45:00",228766,12.78,17.33,750.3,15.7,76.91
"2023-02-07 00:50:00",228767,12.78,17.31,750.3,15.8,76.82
"2023-02-07 00:55:00",228768,12.78,17.31,750.3,15.76,76.98
"2023-02-07 01:00:00",228769,12.78,17.27,750.3,15.8,77.13
"2023-02-07 01:05:00",228770,12.77,17.26,750.3,15.79,77.88
"2023-02-07 01:10:00",228771,12.77,17.24,750.3,15.84,77.47
"2023-02-07 01:15:00",228772,12.77,17.19,750.3,15.82,76.65
"2023-02-07 01:20:00",228773,12.77,17.16,750.3,15.81,77.05
"2023-02-07 01:25:00",228774,12.77,17.15,750.2,15.9,76.02
"2023-02-07 01:30:00",228775,12.77,17.13,750.2,15.88,76.07
"2023-02-07 01:35:00",228776,12.77,17.09,750.2,15.74,77.12
"2023-02-07 01:40:00",228777,12.76,17.07,750.2,15.81,77.1
"2023-02-07 01:45:00",228778,12.76,17.03,750.1,15.88,75
"2023-02-07 01:50:00",228779,12.76,17,750.1,15.88,76.33
"2023-02-07 01:55:00",228780,12.76,17.02,750.1,15.81,77.44
"2023-02-07 02:00:00",228781,12.76,17,750.1,15.8,77.16
"2023-02-07 02:05:00",228782,12.76,17.04,750.1,15.8,77.04
"2023-02-07 02:10:00",228783,12.75,17.08,750.1,15.76,77.51
"2023-02-07 02:15:00",228784,12.75,17.1,750,15.81,78.17
"2023-02-07 02:20:00",228785,12.75,17.14,749.9,15.75,77.59
"2023-02-07 02:25:00",228786,12.75,17.1,749.9,15.68,77.91
"2023-02-07 02:30:00",228787,12.75,17.08,749.9,15.62,78.85
"2023-02-07 02:35:00",228788,12.75,17.06,749.9,15.59,78.85
"2023-02-07 02:40:00",228789,12.74,17.04,749.8,15.53,79.39
"2023-02-07 02:45:00",228790,12.74,17.04,749.9,15.51,78.99
"2023-02-07 02:50:00",228791,12.74,17,749.9,15.52,78.75
"2023-02-07 02:55:00",228792,12.74,16.97,749.8,15.6,77.95
"2023-02-07 03:00:00",228793,12.74,16.96,749.8,15.58,76.52
"2023-02-07 03:05:00",228794,12.74,16.97,749.9,15.59,77.17
"2023-02-07 03:10:00",228795,12.73,16.98,749.9,15.63,77.51
"2023-02-07 03:15:00",228796,12.73,17.01,749.9,15.69,75.89
"2023-02-07 03:20:00",228797,12.73,17.04,749.9,15.82,77.33
"2023-02-07 03:25:00",228798,12.73,17.08,750,15.73,79.9
"2023-02-07 03:30:00",228799,12.73,17.09,750,15.42,80.9
"2023-02-07 03:35:00",228800,12.73,17.08,750,15.38,80.8
"2023-02-07 03:40:00",228801,12.72,17.1,750,15.4,81.3
"2023-02-07 03:45:00",228802,12.72,17.1,750.1,15.38,81.6
"2023-02-07 03:50:00",228803,12.72,17.06,750.1,15.37,82.2
"2023-02-07 03:55:00",228804,12.71,16.98,750.1,15.31,83.8
"2023-02-07 04:00:00",228805,12.71,16.87,750.2,15.28,86
"2023-02-07 04:05:00",228806,12.71,16.74,750.2,15.07,87.2
"2023-02-07 04:10:00",228807,12.71,16.59,750.2,14.15,92
"2023-02-07 04:15:00",228808,12.7,16.38,750.3,13.75,92.4
"2023-02-07 04:20:00",228809,12.7,16.14,750.4,13.68,93.3
"2023-02-07 04:25:00",228810,12.7,15.92,750.4,13.73,93.7
"2023-02-07 04:30:00",228811,12.7,15.78,750.5,13.62,93.6
"2023-02-07 04:35:00",228812,12.69,15.61,750.4,13.28,91.1
"2023-02-07 04:40:00",228813,12.69,15.42,750.6,12.9,87.4
"2023-02-07 04:45:00",228814,12.69,15.11,750.6,12.38,88.8
"2023-02-07 04:50:00",228815,12.69,14.8,750.9,11.99,92.1
"2023-02-07 04:55:00",228816,12.68,14.51,751,11.94,92.2
"2023-02-07 05:00:00",228817,12.68,14.27,751.1,11.88,92.3
"2023-02-07 05:05:00",228818,12.68,14.06,751.2,11.88,92.2
"2023-02-07 05:10:00",228819,12.67,13.79,751.3,11.94,93.7
"2023-02-07 05:15:00",228820,12.67,13.62,751.3,11.84,94.8
"2023-02-07 05:20:00",228821,12.68,13.54,751.4,11.63,95.2
"2023-02-07 05:25:00",228822,12.67,13.37,751.5,11.57,96.9
"2023-02-07 05:30:00",228823,12.66,13.3,751.6,11.3,97
"2023-02-07 05:35:00",228824,12.66,13.21,751.7,11.39,97.3
"2023-02-07 05:40:00",228825,12.66,13.12,751.8,11.47,97.4
"2023-02-07 05:45:00",228826,12.65,13.06,751.8,11.51,97.3
"2023-02-07 05:50:00",228827,12.65,13.07,751.9,11.5,97.2
"2023-02-07 05:55:00",228828,12.65,13.07,752,11.53,97.3
"2023-02-07 06:00:00",228829,12.65,13.07,752,11.49,96.8
"2023-02-07 06:05:00",228830,12.64,13.05,752.1,11.56,97
"2023-02-07 06:10:00",228831,12.64,13.04,752.2,11.62,97.3
"2023-02-07 06:15:00",228832,12.64,13.03,752.2,11.6,97.3
"2023-02-07 06:20:00",228833,12.64,13.04,752.2,11.63,97.5
"2023-02-07 06:25:00",228834,12.63,13.09,752.3,11.63,97.4
"2023-02-07 06:30:00",228835,12.63,13.15,752.3,11.71,97.3
"2023-02-07 06:35:00",228836,12.63,13.19,752.3,11.77,97.4
"2023-02-07 06:40:00",228837,12.64,13.24,752.4,11.74,97.5
"2023-02-07 06:45:00",228838,12.64,13.25,752.4,11.78,97.5
"2023-02-07 06:50:00",228839,12.65,13.29,752.5,11.9,97.6
"2023-02-07 06:55:00",228840,12.65,13.36,752.6,11.88,97.5
"2023-02-07 07:00:00",228841,12.66,13.42,752.6,11.94,97.7
"2023-02-07 07:05:00",228842,12.68,13.47,752.7,12.02,97.9
"2023-02-07 07:10:00",228843,12.71,13.56,752.8,12,97.7
"2023-02-07 07:15:00",228844,12.73,13.61,752.8,12.04,97.6
"2023-02-07 07:20:00",228845,12.75,13.66,752.8,12.06,97.4
"2023-02-07 07:25:00",228846,12.77,13.73,752.9,12.06,96.9
"2023-02-07 07:30:00",228847,12.8,13.78,753,12.06,96.6
"2023-02-07 07:35:00",228848,12.84,13.83,753,12.08,96.7
"2023-02-07 07:40:00",228849,12.92,13.88,753,12.07,96.5
"2023-02-07 07:45:00",228850,13.04,13.98,753.1,12.2,96.6
"2023-02-07 07:50:00",228851,13.24,14.12,753.2,12.35,96.4
"2023-02-07 07:55:00",228852,13.47,14.28,753.2,12.54,96.3
"2023-02-07 08:00:00",228853,13.59,14.49,753.2,12.64,95.6
"2023-02-07 08:05:00",228854,13.64,14.66,753.3,12.74,95
"2023-02-07 08:10:00",228855,13.6,14.81,753.3,12.77,93.9
"2023-02-07 08:15:00",228856,13.56,14.86,753.3,12.64,93.5
"2023-02-07 08:20:00",228857,13.55,14.83,753.4,12.6,94.7
"2023-02-07 08:25:00",228858,13.63,14.92,753.4,12.81,95.6
"2023-02-07 08:30:00",228859,13.81,15.11,753.4,12.92,95.8
"2023-02-07 08:35:00",228860,13.85,16.23,753.4,13.04,95.4
"2023-02-07 08:40:00",228861,13.82,16.98,753.5,13.12,94.6
"2023-02-07 08:45:00",228862,13.82,17.41,753.5,13.28,93.8
"2023-02-07 08:50:00",228863,13.79,17.68,753.5,13.48,94.6
"2023-02-07 08:55:00",228864,13.79,17.86,753.5,13.61,92.4
"2023-02-07 09:00:00",228865,13.79,18.03,753.5,13.79,92
"2023-02-07 09:05:00",228866,13.79,18.16,753.6,13.91,91.2
"2023-02-07 09:10:00",228867,13.79,18.29,753.6,14.45,89.2
"2023-02-07 09:15:00",228868,13.79,18.48,753.6,14.66,89.1
"2023-02-07 09:20:00",228869,13.8,18.66,753.6,14.56,86.2
"2023-02-07 09:25:00",228870,13.77,18.82,753.7,14.74,88.3
"2023-02-07 09:30:00",228871,13.77,18.92,753.7,14.06,83.8
"2023-02-07 09:35:00",228872,13.77,18.94,753.6,14.19,85.6
"2023-02-07 09:40:00",228873,13.76,19,753.6,14.17,84.1
"2023-02-07 09:45:00",228874,13.77,19.13,753.6,14.5,86
"2023-02-07 09:50:00",228875,13.77,19.34,753.6,15.27,85.2
"2023-02-07 09:55:00",228876,13.77,19.66,753.6,15.36,80.9
"2023-02-07 10:00:00",228877,13.74,20.09,753.6,16.16,80.5
"2023-02-07 10:05:00",228878,13.74,20.52,753.6,16.06,79.67
"2023-02-07 10:10:00",228879,13.74,20.97,753.5,16.49,77.13
"2023-02-07 10:15:00",228880,13.71,21.37,753.5,16.31,78.38
"2023-02-07 10:20:00",228881,13.72,21.63,753.5,16.75,79.01
"2023-02-07 10:25:00",228882,13.72,21.9,753.4,16.75,76.9
"2023-02-07 10:30:00",228883,13.72,22.13,753.4,16.56,77.76
"2023-02-07 10:35:00",228884,13.72,22.25,753.4,16.32,77.54
"2023-02-07 10:40:00",228885,13.72,22.36,753.4,16.26,77.98
"2023-02-07 10:45:00",228886,13.72,22.39,753.4,16.37,77.67
"2023-02-07 10:50:00",228887,13.69,22.47,753.4,16.33,74.84
"2023-02-07 10:55:00",228888,13.69,22.56,753.3,16.84,73.54
"2023-02-07 11:00:00",228889,13.69,22.67,753.3,16.7,71.91
"2023-02-07 11:05:00",228890,13.69,22.82,753.3,17.38,69.09
"2023-02-07 11:10:00",228891,13.69,23.06,753.2,17.82,70.07
"2023-02-07 11:15:00",228892,13.69,23.37,753.2,17.53,69
"2023-02-07 11:20:00",228893,13.66,23.67,753.1,17.86,69.03
"2023-02-07 11:25:00",228894,13.67,24.11,753,18.04,64.59
"2023-02-07 11:30:00",228895,13.64,24.61,752.9,18.83,63.12
"2023-02-07 11:35:00",228896,13.64,25.06,752.8,18.41,62.45
"2023-02-07 11:40:00",228897,13.64,25.31,752.7,18,64.43
"2023-02-07 11:45:00",228898,13.64,25.5,752.6,19.44,60.81
"2023-02-07 11:50:00",228899,13.64,25.81,752.6,20.2,57.68
"2023-02-07 11:55:00",228900,13.64,26.11,752.5,19.36,60.98
"2023-02-07 12:00:00",228901,13.61,26.29,752.5,19.37,60.35
"2023-02-07 12:05:00",228902,13.61,26.4,752.4,19.51,60.4
"2023-02-07 12:10:00",228903,13.61,26.5,752.4,20.17,62.29
"2023-02-07 12:15:00",228904,13.61,26.39,752.3,18.77,67.55
"2023-02-07 12:20:00",228905,13.61,26.16,752.2,18.27,67.76
"2023-02-07 12:25:00",228906,13.61,25.95,752.1,18.8,67.82
"2023-02-07 12:30:00",228907,13.61,25.89,752,18.75,64.74
"2023-02-07 12:35:00",228908,13.61,25.94,752,19.44,61.47
"2023-02-07 12:40:00",228909,13.61,26.12,751.9,19.96,59.99
"2023-02-07 12:45:00",228910,13.61,26.42,751.8,20.51,59.28
"2023-02-07 12:50:00",228911,13.61,26.47,751.7,20.14,56.53
"2023-02-07 12:55:00",228912,13.61,26.56,751.6,20.74,58.34
"2023-02-07 13:00:00",228913,13.61,26.73,751.5,21.28,57.01
"2023-02-07 13:05:00",228914,13.59,26.91,751.4,20.42,53.76
"2023-02-07 13:10:00",228915,13.59,27.04,751.3,21,57.24
"2023-02-07 13:15:00",228916,13.59,27.21,751.2,21.92,51
"2023-02-07 13:20:00",228917,13.59,27.43,751.1,21.93,53.04
"2023-02-07 13:25:00",228918,13.59,27.6,751,20.29,56.83
"2023-02-07 13:30:00",228919,13.59,27.6,750.9,19.68,56.55
"2023-02-07 13:35:00",228920,13.59,27.39,750.9,20.01,56.57
"2023-02-07 13:40:00",228921,13.59,27.12,750.8,19.73,58.98
"2023-02-07 13:45:00",228922,13.59,26.79,750.7,19.06,64.02
"2023-02-07 13:50:00",228923,13.59,26.35,750.7,18.78,65.9
"2023-02-07 13:55:00",228924,13.59,25.96,750.5,18.88,62.97
"2023-02-07 14:00:00",228925,13.59,25.64,750.5,18.97,61.49
"2023-02-07 14:05:00",228926,13.59,25.4,750.5,19.49,61.75
"2023-02-07 14:10:00",228927,13.59,25.36,750.3,20.47,57.29
"2023-02-07 14:15:00",228928,13.59,25.47,750.2,21.39,56.13
"2023-02-07 14:20:00",228929,13.59,25.77,750.1,21.28,51.76
"2023-02-07 14:25:00",228930,13.59,26.1,750,22.28,47.82
"2023-02-07 14:30:00",228931,13.59,26.55,749.9,22.81,44.65
"2023-02-07 14:35:00",228932,13.59,27.04,749.8,22.51,44.55
"2023-02-07 14:40:00",228933,13.59,27.4,749.8,21.39,47.2
"2023-02-07 14:45:00",228934,13.6,27.57,749.7,21.41,46.57
"2023-02-07 14:50:00",228935,13.6,27.7,749.6,22.06,44.82
"2023-02-07 14:55:00",228936,13.6,27.84,749.5,21.63,50.71
"2023-02-07 15:00:00",228937,13.6,27.79,749.6,20.7,51.56
"2023-02-07 15:05:00",228938,13.59,27.57,749.6,20.92,49.7
"2023-02-07 15:10:00",228939,13.6,27.41,749.5,21.93,48.19
"2023-02-07 15:15:00",228940,13.6,27.47,749.4,21.48,50
"2023-02-07 15:20:00",228941,13.6,27.58,749.3,21.9,47.36
"2023-02-07 15:25:00",228942,13.6,27.7,749.2,21.84,49.16
"2023-02-07 15:30:00",228943,13.6,27.88,749.2,22.25,46.25
"2023-02-07 15:35:00",228944,13.6,28.15,749.1,22.53,44.33
"2023-02-07 15:40:00",228945,13.57,28.46,749,22.85,45.27
"2023-02-07 15:45:00",228946,13.57,28.81,748.9,22.62,42.56
"2023-02-07 15:50:00",228947,13.57,29.1,748.9,22.53,43.81
"2023-02-07 15:55:00",228948,13.57,29.33,748.9,22.93,43.05
"2023-02-07 16:00:00",228949,13.57,29.48,748.8,22.61,43.99
"2023-02-07 16:05:00",228950,13.55,29.39,748.7,21.71,45.1
"2023-02-07 16:10:00",228951,13.55,29.14,748.6,21.69,43.75
"2023-02-07 16:15:00",228952,13.55,28.8,748.5,21.63,44.67
"2023-02-07 16:20:00",228953,13.55,28.46,748.5,21.45,44.52
"2023-02-07 16:25:00",228954,13.55,28.09,748.5,20.88,45.38
"2023-02-07 16:30:00",228955,13.55,27.71,748.4,20.94,50.08
"2023-02-07 16:35:00",228956,13.55,27.41,748.5,20.88,48.12
"2023-02-07 16:40:00",228957,13.54,27.13,748.5,20.93,46.35
"2023-02-07 16:45:00",228958,13.54,26.89,748.5,21.5,45.78
"2023-02-07 16:50:00",228959,13.55,26.8,748.5,21.86,45.34
"2023-02-07 16:55:00",228960,13.55,26.89,748.5,22.78,42.62
"2023-02-07 17:00:00",228961,13.55,27.13,748.5,22.57,42.43
"2023-02-07 17:05:00",228962,13.55,27.43,748.5,22.65,41.98
"2023-02-07 17:10:00",228963,13.55,27.74,748.5,22.27,44.01
"2023-02-07 17:15:00",228964,13.55,27.84,748.5,21.68,44.74
"2023-02-07 17:20:00",228965,13.55,27.77,748.6,21.99,44.04
"2023-02-07 17:25:00",228966,13.55,27.61,748.6,21.43,47.36
"2023-02-07 17:30:00",228967,13.55,27.38,748.5,21.11,48.97
"2023-02-07 17:35:00",228968,13.55,27.1,748.6,20.9,50.17
"2023-02-07 17:40:00",228969,13.55,26.81,748.7,20.88,49.04
"2023-02-07 17:45:00",228970,13.55,26.5,748.7,20.54,47.12
"2023-02-07 17:50:00",228971,13.55,26.2,748.8,20.49,48.07
"2023-02-07 17:55:00",228972,13.57,25.93,748.7,20.78,47.73
"2023-02-07 18:00:00",228973,13.57,25.73,748.7,20.76,47.91
"2023-02-07 18:05:00",228974,13.57,25.57,748.8,21.04,48.93
"2023-02-07 18:10:00",228975,13.57,25.44,748.8,20.97,49.08
"2023-02-07 18:15:00",228976,13.57,25.31,748.8,20.88,48.94
"2023-02-07 18:20:00",228977,13.57,25.06,748.9,20.75,47.4
"2023-02-07 18:25:00",228978,13.39,24.33,749,20.64,47.39
"2023-02-07 18:30:00",228979,13.27,23.9,749.1,20.5,49.99
"2023-02-07 18:35:00",228980,13.17,23.59,749.2,20.26,48.73
"2023-02-07 18:40:00",228981,13.09,23.3,749.3,19.9,55.42
"2023-02-07 18:45:00",228982,13.03,23.02,749.3,19.77,57.95
"2023-02-07 18:50:00",228983,12.99,22.75,749.4,19.37,60.1
"2023-02-07 18:55:00",228984,12.96,22.48,749.5,19.22,60.47
"2023-02-07 19:00:00",228985,12.95,22.19,749.6,19.07,60.99
"2023-02-07 19:05:00",228986,12.94,21.89,749.7,18.94,62.14
"2023-02-07 19:10:00",228987,12.94,21.58,749.7,18.74,62.5
"2023-02-07 19:15:00",228988,12.93,21.3,749.8,18.55,62.92
"2023-02-07 19:20:00",228989,12.92,21.06,749.9,18.5,63.09
"2023-02-07 19:25:00",228990,12.9,20.94,749.9,18.46,63.14
"2023-02-07 19:30:00",228991,12.9,20.95,750.1,18.33,64.13
"2023-02-07 19:35:00",228992,12.9,20.85,750.1,18.27,62.9
"2023-02-07 19:40:00",228993,12.89,20.72,750.2,18.19,64.14
"2023-02-07 19:45:00",228994,12.89,20.62,750.3,18.07,65.54
"2023-02-07 19:50:00",228995,12.89,20.51,750.4,17.99,66.62
"2023-02-07 19:55:00",228996,12.89,20.42,750.5,17.86,66.33
"2023-02-07 20:00:00",228997,12.88,20.31,750.6,17.72,67.01
"2023-02-07 20:05:00",228998,12.88,20.23,750.7,17.59,66.67
"2023-02-07 20:10:00",228999,12.88,20.12,750.8,17.57,66.87
"2023-02-07 20:15:00",229000,12.88,20.01,750.8,17.51,67.21
"2023-02-07 20:20:00",229001,12.87,19.95,750.9,17.44,68.4
"2023-02-07 20:25:00",229002,12.87,19.86,751,17.29,69.54
"2023-02-07 20:30:00",229003,12.87,19.78,751.1,17.28,69.47
"2023-02-07 20:35:00",229004,12.87,19.72,751.2,17.23,70.42
"2023-02-07 20:40:00",229005,12.87,19.57,751.3,17.34,71.43
"2023-02-07 20:45:00",229006,12.87,19.51,751.4,17.23,71.26
"2023-02-07 20:50:00",229007,12.86,19.45,751.5,17.27,70.93
"2023-02-07 20:55:00",229008,12.86,19.41,751.6,17.23,72.33
"2023-02-07 21:00:00",229009,12.86,19.32,751.7,17.07,75.46
"2023-02-07 21:05:00",229010,12.86,19.12,751.9,16.89,75.2
"2023-02-07 21:10:00",229011,12.86,18.85,751.9,16.74,71.26
"2023-02-07 21:15:00",229012,12.86,18.53,752,16.7,70.61
"2023-02-07 21:20:00",229013,12.85,18.23,752.1,16.67,73.82
"2023-02-07 21:25:00",229014,12.85,17.99,752.2,16.07,79.73
"2023-02-07 21:30:00",229015,12.84,17.81,752.2,15.82,82.9
"2023-02-07 21:35:00",229016,12.84,17.65,752.4,15.47,82
"2023-02-07 21:40:00",229017,12.84,17.47,752.5,15.18,83.2
"2023-02-07 21:45:00",229018,12.84,17.31,752.5,15.12,82.3
"2023-02-07 21:50:00",229019,12.84,17.18,752.6,15.06,82.2
"2023-02-07 21:55:00",229020,12.84,17.05,752.6,15.1,81.6
"2023-02-07 22:00:00",229021,12.83,16.98,752.7,15.19,83.1
"2023-02-07 22:05:00",229022,12.83,16.94,752.8,15.14,81
"2023-02-07 22:10:00",229023,12.83,16.92,752.8,15.15,82.7
"2023-02-07 22:15:00",229024,12.83,16.93,752.7,15.19,83.2
"2023-02-07 22:20:00",229025,12.83,16.93,752.8,15.13,81.8
"2023-02-07 22:25:00",229026,12.82,16.93,752.9,15.2,84.3
"2023-02-07 22:30:00",229027,12.82,16.97,753,15.15,83.8
"2023-02-07 22:35:00",229028,12.82,17,753,15.08,82.2
"2023-02-07 22:40:00",229029,12.82,17.03,753,14.95,82.5
"2023-02-07 22:45:00",229030,12.82,17.03,753.1,14.94,86.1
"2023-02-07 22:50:00",229031,12.82,16.95,753.1,14.49,86.5
"2023-02-07 22:55:00",229032,12.82,16.83,753.1,14.35,87.5
"2023-02-07 23:00:00",229033,12.81,16.67,753.1,14.09,89.7
"2023-02-07 23:05:00",229034,12.81,16.47,753.1,13.94,91.5
"2023-02-07 23:10:00",229035,12.81,16.33,753.1,13.79,92
"2023-02-07 23:15:00",229036,12.81,16.16,753,13.87,93.2
"2023-02-07 23:20:00",229037,12.82,16.05,753,13.93,93.5
"2023-02-07 23:25:00",229038,12.82,15.91,752.9,13.88,93
"2023-02-07 23:30:00",229039,12.81,15.82,752.9,13.85,93.1
"2023-02-07 23:35:00",229040,12.81,15.75,752.9,13.81,93.1
"2023-02-07 23:40:00",229041,12.81,15.7,752.9,13.87,93.6
"2023-02-07 23:45:00",229042,12.81,15.66,752.9,13.85,92.5
"2023-02-07 23:50:00",229043,12.81,15.65,752.8,13.89,92.5
"2023-02-07 23:55:00",229044,12.81,15.52,752.8,13.97,93.1
"2023-02-08 00:00:00",229045,12.81,15.49,752.8,13.83,92.1
"2023-02-08 00:05:00",229046,12.8,15.45,752.8,13.89,92.2
"2023-02-08 00:10:00",229047,12.8,15.41,752.8,13.79,92.1
"2023-02-08 00:15:00",229048,12.8,15.42,752.8,13.75,91.8
"2023-02-08 00:20:00",229049,12.8,15.41,752.7,13.62,91.8
"2023-02-08 00:25:00",229050,12.8,15.39,752.7,13.58,92.3
"2023-02-08 00:30:00",229051,12.79,15.37,752.7,13.61,92.4
"2023-02-08 00:35:00",229052,12.79,15.33,752.6,13.51,90.8
"2023-02-08 00:40:00",229053,12.78,15.3,752.6,13.55,91.4
"2023-02-08 00:45:00",229054,12.78,15.27,752.5,13.55,91.1
"2023-02-08 00:50:00",229055,12.78,15.29,752.5,13.57,91.1
"2023-02-08 00:55:00",229056,12.78,15.29,752.5,13.59,91.5
"2023-02-08 01:00:00",229057,12.78,15.3,752.5,13.53,90.8
"2023-02-08 01:05:00",229058,12.78,15.31,752.4,13.64,91.4
"2023-02-08 01:10:00",229059,12.78,15.3,752.4,13.62,91.1
"2023-02-08 01:15:00",229060,12.77,15.29,752.3,13.62,91.7
"2023-02-08 01:20:00",229061,12.77,15.32,752.3,13.54,91
"2023-02-08 01:25:00",229062,12.77,15.33,752.3,13.54,91.8
"2023-02-08 01:30:00",229063,12.77,15.33,752.3,13.67,92.3
"2023-02-08 01:35:00",229064,12.77,15.34,752.2,13.61,91.9
"2023-02-08 01:40:00",229065,12.77,15.33,752.2,13.57,91.9
"2023-02-08 01:45:00",229066,12.77,15.36,752.2,13.71,91.7
"2023-02-08 01:50:00",229067,12.77,15.39,752.1,13.71,91.4
"2023-02-08 01:55:00",229068,12.76,15.4,752.1,13.76,91.4
"2023-02-08 02:00:00",229069,12.76,15.44,752,13.67,90.5
"2023-02-08 02:05:00",229070,12.76,15.44,752,13.65,90.9
"2023-02-08 02:10:00",229071,12.76,15.44,752,13.56,91.3
"2023-02-08 02:15:00",229072,12.76,15.43,751.9,13.56,90.9
"2023-02-08 02:20:00",229073,12.76,15.34,751.9,13.44,91.7
"2023-02-08 02:25:00",229074,12.75,15.27,751.9,13.05,93
"2023-02-08 02:30:00",229075,12.75,15.18,751.9,12.97,93
"2023-02-08 02:35:00",229076,12.75,15.08,751.8,12.9,93.2
"2023-02-08 02:40:00",229077,12.75,14.89,751.7,12.89,92.5
"2023-02-08 02:45:00",229078,12.75,14.81,751.7,12.95,92.8
"2023-02-08 02:50:00",229079,12.74,14.7,751.6,12.9,93.4
"2023-02-08 02:55:00",229080,12.74,14.64,751.6,12.96,94.1
"2023-02-08 03:00:00",229081,12.74,14.61,751.6,12.97,95
"2023-02-08 03:05:00",229082,12.74,14.6,751.5,13.08,95.7
"2023-02-08 03:10:00",229083,12.73,14.59,751.5,13.04,96
"2023-02-08 03:15:00",229084,12.73,14.6,751.5,13.13,96.2
"2023-02-08 03:20:00",229085,12.73,14.61,751.5,13.04,96.2
"2023-02-08 03:25:00",229086,12.73,14.6,751.5,12.97,95.5
"2023-02-08 03:30:00",229087,12.72,14.57,751.5,13.02,95.9
"2023-02-08 03:35:00",229088,12.72,14.56,751.5,12.98,95.7
"2023-02-08 03:40:00",229089,12.72,14.56,751.5,12.98,94.8
"2023-02-08 03:45:00",229090,12.72,14.53,751.5,12.99,94.6
"2023-02-08 03:50:00",229091,12.72,14.55,751.5,12.89,94
"2023-02-08 03:55:00",229092,12.71,14.47,751.4,12.92,93.7
"2023-02-08 04:00:00",229093,12.71,14.44,751.4,12.87,92.5
"2023-02-08 04:05:00",229094,12.71,14.4,751.5,12.96,93.3
"2023-02-08 04:10:00",229095,12.7,14.38,751.5,13.02,93.5
"2023-02-08 04:15:00",229096,12.7,14.37,751.5,13.02,94.3
"2023-02-08 04:20:00",229097,12.7,14.37,751.5,13.08,94.8
"2023-02-08 04:25:00",229098,12.7,14.36,751.5,13,94
"2023-02-08 04:30:00",229099,12.69,14.36,751.5,13.02,93.7
"2023-02-08 04:35:00",229100,12.69,14.35,751.5,13.02,93.6
"2023-02-08 04:40:00",229101,12.69,14.36,751.5,12.98,93.6
"2023-02-08 04:45:00",229102,12.69,14.37,751.5,12.9,93.9
"2023-02-08 04:50:00",229103,12.68,14.36,751.5,12.91,94.6
"2023-02-08 04:55:00",229104,12.68,14.34,751.5,12.89,95.2
"2023-02-08 05:00:00",229105,12.68,14.32,751.6,12.82,95.5
"2023-02-08 05:05:00",229106,12.67,14.31,751.6,12.68,95.4
"2023-02-08 05:10:00",229107,12.67,14.19,751.6,12.67,95.5
"2023-02-08 05:15:00",229108,12.67,14.13,751.6,12.7,96.1
"2023-02-08 05:20:00",229109,12.66,14.06,751.7,12.68,96.5
"2023-02-08 05:25:00",229110,12.66,14.04,751.7,12.7,96.9
"2023-02-08 05:30:00",229111,12.66,14.01,751.7,12.7,97
"2023-02-08 05:35:00",229112,12.65,13.99,751.7,12.7,97.2
"2023-02-08 05:40:00",229113,12.65,13.97,751.7,12.6,97.2
"2023-02-08 05:45:00",229114,12.65,13.96,751.8,12.58,97.1
"2023-02-08 05:50:00",229115,12.64,13.94,751.8,12.56,97.2
"2023-02-08 05:55:00",229116,12.64,13.93,751.8,12.59,97.4
"2023-02-08 06:00:00",229117,12.64,13.92,751.9,12.65,97.6
"2023-02-08 06:05:00",229118,12.63,13.93,751.9,12.69,97.7
"2023-02-08 06:10:00",229119,12.63,13.93,752,12.61,97.6
"2023-02-08 06:15:00",229120,12.63,13.97,752.1,12.6,97.6
"2023-02-08 06:20:00",229121,12.63,14,752.1,12.64,97.5
"2023-02-08 06:25:00",229122,12.64,14.05,752.1,12.53,97.2
"2023-02-08 06:30:00",229123,12.64,14.06,752.2,12.48,96.3
"2023-02-08 06:35:00",229124,12.64,14.05,752.2,12.59,96
"2023-02-08 06:40:00",229125,12.65,14.06,752.3,12.48,94.9
"2023-02-08 06:45:00",229126,12.66,14.05,752.3,12.48,94.3
"2023-02-08 06:50:00",229127,12.68,14.06,752.4,12.58,92.1
"2023-02-08 06:55:00",229128,12.71,14.11,752.4,12.69,92.1
"2023-02-08 07:00:00",229129,12.74,14.13,752.4,12.82,93.1
"2023-02-08 07:05:00",229130,12.77,14.19,752.5,12.86,92.4
"2023-02-08 07:10:00",229131,12.82,14.26,752.5,12.87,92.7
"2023-02-08 07:15:00",229132,12.94,14.4,752.6,12.88,92.9
"2023-02-08 07:20:00",229133,13.16,14.54,752.6,13.1,93.7
"2023-02-08 07:25:00",229134,13.33,14.81,752.7,13.17,92
"2023-02-08 07:30:00",229135,13.33,14.94,752.7,13.2,91.4
"2023-02-08 07:35:00",229136,13.36,15.09,752.7,13.45,92
"2023-02-08 07:40:00",229137,13.48,15.27,752.7,13.39,91
"2023-02-08 07:45:00",229138,13.61,15.52,752.8,13.53,90.4
"2023-02-08 07:50:00",229139,13.73,15.84,752.8,13.83,89.7
"2023-02-08 07:55:00",229140,13.86,16.07,752.9,14.19,90.5
"2023-02-08 08:00:00",229141,13.77,16.41,752.9,14.25,87.3
"2023-02-08 08:05:00",229142,13.79,16.53,753,14.23,87.2
"2023-02-08 08:10:00",229143,13.82,17.54,753,14.23,86.8
"2023-02-08 08:15:00",229144,13.79,18.17,753.1,14.65,86.1
"2023-02-08 08:20:00",229145,13.79,18.54,753.1,15.11,85.9
"2023-02-08 08:25:00",229146,13.79,18.86,753.1,15.26,82.1
"2023-02-08 08:30:00",229147,13.76,19.16,753.2,14.93,81.3
"2023-02-08 08:35:00",229148,13.76,19.41,753.2,14.99,82.8
"2023-02-08 08:40:00",229149,13.76,19.67,753.2,15.2,81.1
"2023-02-08 08:45:00",229150,13.77,19.89,753.2,15.51,82.5
"2023-02-08 08:50:00",229151,13.74,20.13,753.2,15.56,79.95
"2023-02-08 08:55:00",229152,13.74,20.32,753.3,15.54,80.4
"2023-02-08 09:00:00",229153,13.74,20.5,753.3,15.64,77.46
"2023-02-08 09:05:00",229154,13.74,20.65,753.2,15.84,75.47
"2023-02-08 09:10:00",229155,13.74,20.83,753.3,16.17,77.71
"2023-02-08 09:15:00",229156,13.74,21.04,753.3,16.14,76.49
"2023-02-08 09:20:00",229157,13.74,21.2,753.3,16.35,75.41
"2023-02-08 09:25:00",229158,13.71,21.36,753.3,16.4,75.62
"2023-02-08 09:30:00",229159,13.71,21.48,753.3,16.05,77.82
"2023-02-08 09:35:00",229160,13.71,21.57,753.3,16.26,76.58
"2023-02-08 09:40:00",229161,13.71,21.69,753.2,16.43,76.61
"2023-02-08 09:45:00",229162,13.71,21.84,753.2,16.21,78.64
"2023-02-08 09:50:00",229163,13.71,21.97,753.2,16.15,78.24
"2023-02-08 09:55:00",229164,13.72,22.12,753.1,16.46,75.43
"2023-02-08 10:00:00",229165,13.72,22.28,753.1,16.48,73.13
"2023-02-08 10:05:00",229166,13.72,22.43,753.1,17.4,73.08
"2023-02-08 10:10:00",229167,13.69,22.66,753,17.17,71.08
"2023-02-08 10:15:00",229168,13.69,22.94,753,16.9,72.67
"2023-02-08 10:20:00",229169,13.69,23.15,752.9,17.65,69.78
"2023-02-08 10:25:00",229170,13.69,23.43,752.9,17.81,70.27
"2023-02-08 10:30:00",229171,13.66,23.73,752.8,17.28,69.33
"2023-02-08 10:35:00",229172,13.66,23.9,752.8,16.58,73.58
"2023-02-08 10:40:00",229173,13.66,23.97,752.8,17.44,71.1
"2023-02-08 10:45:00",229174,13.66,23.98,752.7,17.57,70.11
"2023-02-08 10:50:00",229175,13.66,24.06,752.7,17.69,68.73
"2023-02-08 10:55:00",229176,13.66,24.14,752.6,17.77,71.42
"2023-02-08 11:00:00",229177,13.66,24.19,752.6,18,68.86
"2023-02-08 11:05:00",229178,13.67,24.22,752.6,17.94,67.88
"2023-02-08 11:10:00",229179,13.67,24.3,752.5,18.27,67.41
"2023-02-08 11:15:00",229180,13.67,24.4,752.5,18.53,67.81
"2023-02-08 11:20:00",229181,13.63,24.51,752.4,18.13,71.64
"2023-02-08 11:25:00",229182,13.64,24.59,752.3,17.79,73.82
"2023-02-08 11:30:00",229183,13.64,24.7,752.3,18.81,63.95
"2023-02-08 11:35:00",229184,13.64,24.88,752.2,19.38,64.34
"2023-02-08 11:40:00",229185,13.64,25.19,752.1,19.98,64.42
"2023-02-08 11:45:00",229186,13.64,25.63,752,19.89,62.3
"2023-02-08 11:50:00",229187,13.61,26.16,751.9,20.02,62.29
"2023-02-08 11:55:00",229188,13.62,26.79,751.8,20.89,56.03
"2023-02-08 12:00:00",229189,13.59,27.49,751.7,21.13,54.24
"2023-02-08 12:05:00",229190,13.59,28.12,751.5,20.75,57.24
"2023-02-08 12:10:00",229191,13.56,28.64,751.4,20.64,52.49
"2023-02-08 12:15:00",229192,13.56,28.93,751.4,20.49,50.09
"2023-02-08 12:20:00",229193,13.56,28.98,751.2,20.34,52.41
"2023-02-08 12:25:00",229194,13.56,28.99,751.1,21.09,49.54
"2023-02-08 12:30:00",229195,13.56,29.12,751,22.42,49.27
"2023-02-08 12:35:00",229196,13.56,29.44,750.9,23.13,46.14
"2023-02-08 12:40:00",229197,13.56,29.78,750.8,22.21,44.77
"2023-02-08 12:45:00",229198,13.54,29.96,750.8,21.37,49.67
"2023-02-08 12:50:00",229199,13.54,30,750.6,21.67,50.12
"2023-02-08 12:55:00",229200,13.54,30.02,750.5,22.06,51.02
"2023-02-08 13:00:00",229201,13.54,30.05,750.4,22.01,47.18
"2023-02-08 13:05:00",229202,13.54,30.05,750.3,22.83,49.54
"2023-02-08 13:10:00",229203,13.54,30.05,750.2,22.8,45.52
"2023-02-08 13:15:00",229204,13.54,30.1,750.2,22.23,47.27
"2023-02-08 13:20:00",229205,13.54,30.07,750,21.93,48.38
"2023-02-08 13:25:00",229206,13.54,30.02,749.9,22.27,46.06
"2023-02-08 13:30:00",229207,13.54,29.9,749.7,22.77,47.47
"2023-02-08 13:35:00",229208,13.54,29.87,749.6,23.57,45.52
"2023-02-08 13:40:00",229209,13.55,29.94,749.5,22.11,47.07
"2023-02-08 13:45:00",229210,13.54,29.92,749.4,22.69,47.2
"2023-02-08 13:50:00",229211,13.54,29.92,749.3,24.07,44.93
"2023-02-08 13:55:00",229212,13.54,29.95,749.2,23.23,46.98
"2023-02-08 14:00:00",229213,13.55,29.92,749.1,21.08,52.3
"2023-02-08 14:05:00",229214,13.54,29.71,749,21.65,48.69
"2023-02-08 14:10:00",229215,13.55,29.57,748.9,22.89,45.88
"2023-02-08 14:15:00",229216,13.55,29.53,748.8,22.7,47.68
"2023-02-08 14:20:00",229217,13.54,29.61,748.8,22.41,46.24
"2023-02-08 14:25:00",229218,13.54,29.75,748.7,22.89,45.53
"2023-02-08 14:30:00",229219,13.55,29.9,748.5,21.76,49.18
"2023-02-08 14:35:00",229220,13.55,30.02,748.5,22.78,46.45
"2023-02-08 14:40:00",229221,13.54,30.07,748.5,22.93,47.17
"2023-02-08 14:45:00",229222,13.54,30.16,748.5,23.29,46.8
"2023-02-08 14:50:00",229223,13.54,30.24,748.4,23.33,47.99
"2023-02-08 14:55:00",229224,13.54,30.34,748.3,24.11,44.19
"2023-02-08 15:00:00",229225,13.54,30.56,748.2,23.78,44.35
"2023-02-08 15:05:00",229226,13.52,30.7,748.1,23.11,45.46
"2023-02-08 15:10:00",229227,13.52,30.77,748,23.98,43.89
"2023-02-08 15:15:00",229228,13.52,30.79,747.9,22.22,47.59
"2023-02-08 15:20:00",229229,13.52,30.48,747.9,22.01,51.99
"2023-02-08 15:25:00",229230,13.52,29.99,747.9,21,54.19
"2023-02-08 15:30:00",229231,13.52,29.42,747.9,21.13,57.72
"2023-02-08 15:35:00",229232,13.52,28.86,747.9,20.29,58.61
"2023-02-08 15:40:00",229233,13.52,28.27,747.8,19.82,58.53
"2023-02-08 15:45:00",229234,13.52,27.75,747.8,20.27,58.79
"2023-02-08 15:50:00",229235,13.54,27.34,747.6,20.17,57.49
"2023-02-08 15:55:00",229236,13.54,26.99,747.6,20.57,57.64
"2023-02-08 16:00:00",229237,13.54,26.72,747.6,20.73,58.43
"2023-02-08 16:05:00",229238,13.54,26.57,747.6,21.13,54.58
"2023-02-08 16:10:00",229239,13.54,26.45,747.6,20.6,55.77
"2023-02-08 16:15:00",229240,13.54,26.25,747.5,20.76,55.21
"2023-02-08 16:20:00",229241,13.57,26.12,747.6,20.53,57.21
"2023-02-08 16:25:00",229242,13.57,26,747.6,20.5,56.86
"2023-02-08 16:30:00",229243,13.57,25.92,747.6,20.9,54.7
"2023-02-08 16:35:00",229244,13.57,25.88,747.6,21.13,54.61
"2023-02-08 16:40:00",229245,13.57,25.89,747.6,21.07,55.81
"2023-02-08 16:45:00",229246,13.56,25.92,747.7,20.59,58.81
"2023-02-08 16:50:00",229247,13.57,25.91,747.8,20.18,60.05
"2023-02-08 16:55:00",229248,13.57,25.85,747.9,20.3,60.68
"2023-02-08 17:00:00",229249,13.57,25.81,747.8,20.76,59.47
"2023-02-08 17:05:00",229250,13.57,25.79,747.8,20.37,57.27
"2023-02-08 17:10:00",229251,13.57,25.74,747.8,20.56,57.12
"2023-02-08 17:15:00",229252,13.57,25.69,747.8,20.47,57.29
"2023-02-08 17:20:00",229253,13.57,25.59,747.8,20.43,57.68
"2023-02-08 17:25:00",229254,13.57,25.42,747.9,20.46,57.99
"2023-02-08 17:30:00",229255,13.56,25.28,748,20.46,58.76
"2023-02-08 17:35:00",229256,13.52,24.75,748,20.38,59.63
"2023-02-08 17:40:00",229257,13.49,24.19,748.1,20.4,59.29
"2023-02-08 17:45:00",229258,13.5,23.87,748.1,20.34,60.74
"2023-02-08 17:50:00",229259,13.42,23.64,748.2,19.99,62.98
"2023-02-08 17:55:00",229260,13.39,23.37,748.3,19.72,60.86
"2023-02-08 18:00:00",229261,13.41,23.17,748.4,19.61,57.52
"2023-02-08 18:05:00",229262,13.32,23.03,748.5,19.69,58.55
"2023-02-08 18:10:00",229263,13.28,22.9,748.6,19.71,58.94
"2023-02-08 18:15:00",229264,13.2,22.79,748.7,18.83,64.16
"2023-02-08 18:20:00",229265,13.14,22.6,748.7,18.43,67.02
"2023-02-08 18:25:00",229266,13.09,22.33,748.8,17.99,68.15
"2023-02-08 18:30:00",229267,13.05,22.06,748.9,17.83,69.52
"2023-02-08 18:35:00",229268,13.01,21.78,749,17.63,69.83
"2023-02-08 18:40:00",229269,12.97,21.49,749.2,17.55,69.47
"2023-02-08 18:45:00",229270,12.94,21.24,749.3,17.45,69.83
"2023-02-08 18:50:00",229271,12.92,21.01,749.3,17.35,69.58
"2023-02-08 18:55:00",229272,12.9,20.8,749.4,17.34,70.33
"2023-02-08 19:00:00",229273,12.9,20.59,749.5,17.45,69.8
"2023-02-08 19:05:00",229274,12.89,20.35,749.5,17.27,69.42
"2023-02-08 19:10:00",229275,12.89,20.16,749.6,17.25,69.68
"2023-02-08 19:15:00",229276,12.89,20.02,749.7,17.12,69.27
"2023-02-08 19:20:00",229277,12.88,19.87,749.9,16.94,69.21
"2023-02-08 19:25:00",229278,12.88,19.72,749.9,16.97,69.56
"2023-02-08 19:30:00",229279,12.88,19.6,750,17.03,67.15
"2023-02-08 19:35:00",229280,12.88,19.49,750,17.09,66.78
"2023-02-08 19:40:00",229281,12.88,19.4,750.1,17.03,66.48
"2023-02-08 19:45:00",229282,12.87,19.36,750.1,16.95,65.7
"2023-02-08 19:50:00",229283,12.87,19.31,750.2,17.04,66.39
"2023-02-08 19:55:00",229284,12.87,19.28,750.3,17.11,65.26
"2023-02-08 20:00:00",229285,12.86,19.24,750.4,17.26,65.4
"2023-02-08 20:05:00",229286,12.86,19.24,750.5,17.12,66.53
"2023-02-08 20:10:00",229287,12.86,19.22,750.6,17.37,63.35
"2023-02-08 20:15:00",229288,12.86,19.25,750.7,17.51,65.18
"2023-02-08 20:20:00",229289,12.86,19.29,750.9,17.29,67.11
"2023-02-08 20:25:00",229290,12.86,19.09,751.1,14.94,84.4
"2023-02-08 20:30:00",229291,12.85,18.66,751.2,14.29,90.6
"2023-02-08 20:35:00",229292,12.85,18.16,751.3,14.13,92.2
"2023-02-08 20:40:00",229293,12.85,17.7,751.3,14.28,92.9
"2023-02-08 20:45:00",229294,12.85,17.34,751.4,14.35,91.9
"2023-02-08 20:50:00",229295,12.85,17.08,751.4,14.36,91.5
"2023-02-08 20:55:00",229296,12.84,16.88,751.4,14.35,91.2
"2023-02-08 21:00:00",229297,12.84,16.69,751.5,14.42,91.1
"2023-02-08 21:05:00",229298,12.84,16.56,751.6,14.42,91.8
"2023-02-08 21:10:00",229299,12.84,16.45,751.6,14.3,88.9
"2023-02-08 21:15:00",229300,12.84,16.32,751.7,14.26,91.8
"2023-02-08 21:20:00",229301,12.83,16.26,751.8,14.29,92.2
"2023-02-08 21:25:00",229302,12.83,16.22,751.8,14.35,90.3
"2023-02-08 21:30:00",229303,12.83,16.18,751.9,14.47,90.8
"2023-02-08 21:35:00",229304,12.83,16.16,752,14.42,92.2
"2023-02-08 21:40:00",229305,12.83,16.15,752.1,14.23,91.7
"2023-02-08 21:45:00",229306,12.82,16.13,752.2,14.19,90.7
"2023-02-08 21:50:00",229307,12.83,15.98,752.2,14.19,89.2
"2023-02-08 21:55:00",229308,12.82,15.89,752.3,14.13,89.6
"2023-02-08 22:00:00",229309,12.82,15.83,752.4,14.09,89.9
"2023-02-08 22:05:00",229310,12.82,15.8,752.5,14.17,90.2
"2023-02-08 22:10:00",229311,12.82,15.72,752.6,14.15,90.2
"2023-02-08 22:15:00",229312,12.82,15.73,752.6,14.22,88.7
"2023-02-08 22:20:00",229313,12.82,15.71,752.7,14.25,89.7
"2023-02-08 22:25:00",229314,12.82,15.68,752.7,14.23,90.2
"2023-02-08 22:30:00",229315,12.82,15.68,752.9,14.22,89.9
"2023-02-08 22:35:00",229316,12.81,15.72,752.8,14.25,89.6
"2023-02-08 22:40:00",229317,12.81,15.73,752.8,14.28,88.4
"2023-02-08 22:45:00",229318,12.81,15.73,752.8,14.31,88.7
"2023-02-08 22:50:00",229319,12.81,15.75,752.8,14.36,89.3
"2023-02-08 22:55:00",229320,12.81,15.76,752.8,14.37,88.9
"2023-02-08 23:00:00",229321,12.81,15.76,752.8,14.34,88.1
"2023-02-08 23:05:00",229322,12.81,15.75,752.8,14.33,88.7
"2023-02-08 23:10:00",229323,12.81,15.77,752.7,14.41,89.2
"2023-02-08 23:15:00",229324,12.81,15.75,752.7,14.37,88.7
"2023-02-08 23:20:00",229325,12.8,15.73,752.7,14.39,89.6
"2023-02-08 23:25:00",229326,12.8,15.7,752.7,14.34,89.1
"2023-02-08 23:30:00",229327,12.8,15.65,752.7,14.29,88.9
"2023-02-08 23:35:00",229328,12.8,15.62,752.7,14.3,89.6
"2023-02-08 23:40:00",229329,12.8,15.63,752.6,14.19,89.9
"2023-02-08 23:45:00",229330,12.8,15.62,752.6,14.15,90.8
"2023-02-08 23:50:00",229331,12.8,15.63,752.6,14.09,91.1
"2023-02-08 23:55:00",229332,12.79,15.64,752.6,14.07,92.1
"2023-02-09 00:00:00",229333,12.79,15.64,752.5,13.98,92.5
"2023-02-09 00:05:00",229334,12.79,15.65,752.5,13.96,93.3
"2023-02-09 00:10:00",229335,12.79,15.68,752.5,14.01,93.8
"2023-02-09 00:15:00",229336,12.79,15.7,752.4,13.93,93.6
"2023-02-09 00:20:00",229337,12.79,15.73,752.3,14,93.8
"2023-02-09 00:25:00",229338,12.78,15.74,752.3,13.96,93.7
"2023-02-09 00:30:00",229339,12.8,15.67,752.3,13.93,93.5
"2023-02-09 00:35:00",229340,12.8,15.41,752.3,13.88,92.9
"2023-02-09 00:40:00",229341,12.8,15.28,752.3,13.93,93.3
"2023-02-09 00:45:00",229342,12.8,15.22,752.2,13.91,92.7
"2023-02-09 00:50:00",229343,12.79,15.16,752.2,13.9,92.6
"2023-02-09 00:55:00",229344,12.79,15.09,752.2,13.87,92.4
"2023-02-09 01:00:00",229345,12.79,15.03,752.1,13.84,92.8
"2023-02-09 01:05:00",229346,12.79,14.96,752.1,13.84,92.9
"2023-02-09 01:10:00",229347,12.79,14.92,752.1,13.85,92.6
"2023-02-09 01:15:00",229348,12.79,14.89,752.1,13.88,93.1
"2023-02-09 01:20:00",229349,12.79,14.86,752.1,13.79,92.7
"2023-02-09 01:25:00",229350,12.78,14.82,752.1,13.83,92.4
"2023-02-09 01:30:00",229351,12.78,14.78,752.1,13.78,92.5
"2023-02-09 01:35:00",229352,12.78,14.71,752.1,13.7,92.9
"2023-02-09 01:40:00",229353,12.78,14.65,751.9,13.73,92.6
"2023-02-09 01:45:00",229354,12.78,14.59,752,13.75,92.6
"2023-02-09 01:50:00",229355,12.77,14.53,751.9,13.63,93
"2023-02-09 01:55:00",229356,12.77,14.46,751.9,13.57,93.4
"2023-02-09 02:00:00",229357,12.77,14.38,751.9,13.48,93.9
"2023-02-09 02:05:00",229358,12.77,14.21,751.8,13.42,94
"2023-02-09 02:10:00",229359,12.77,14.12,751.8,13.54,93.7
"2023-02-09 02:15:00",229360,12.76,14.08,751.7,13.69,92.9
"2023-02-09 02:20:00",229361,12.76,14.05,751.6,13.68,93
"2023-02-09 02:25:00",229362,12.76,14.04,751.6,13.65,93.3
"2023-02-09 02:30:00",229363,12.76,14.03,751.6,13.58,93.7
"2023-02-09 02:35:00",229364,12.76,13.99,751.5,13.51,94.3
"2023-02-09 02:40:00",229365,12.75,13.93,751.5,13.51,94.8
"2023-02-09 02:45:00",229366,12.75,13.89,751.4,13.37,94.7
"2023-02-09 02:50:00",229367,12.75,13.82,751.3,13.28,94.9
"2023-02-09 02:55:00",229368,12.75,13.76,751.3,13.3,95.4
"2023-02-09 03:00:00",229369,12.75,13.69,751.3,13.33,95.8
"2023-02-09 03:05:00",229370,12.75,13.63,751.3,13.3,95.7
"2023-02-09 03:10:00",229371,12.74,13.6,751.2,13.28,95.7
"2023-02-09 03:15:00",229372,12.74,13.55,751.3,13.25,95.7
"2023-02-09 03:20:00",229373,12.74,13.49,751.3,13.25,96
"2023-02-09 03:25:00",229374,12.74,13.44,751.3,13.17,96.4
"2023-02-09 03:30:00",229375,12.73,13.37,751.2,13.18,96.7
"2023-02-09 03:35:00",229376,12.73,13.3,751.2,13.14,97
"2023-02-09 03:40:00",229377,12.73,13.27,751.3,13.13,97
"2023-02-09 03:45:00",229378,12.73,13.21,751.3,13.1,97.2
"2023-02-09 03:50:00",229379,12.72,13.17,751.4,13.09,97.4
"2023-02-09 03:55:00",229380,12.72,13.16,751.4,13.07,97.7
"2023-02-09 04:00:00",229381,12.71,13.15,751.4,13.08,97.8
"2023-02-09 04:05:00",229382,12.7,13.14,751.5,12.96,97.9
"2023-02-09 04:10:00",229383,12.7,13.11,751.5,13.02,98.2
"2023-02-09 04:15:00",229384,12.7,13.12,751.5,13.02,98.3
"2023-02-09 04:20:00",229385,12.7,13.17,751.4,13,98.4
"2023-02-09 04:25:00",229386,12.7,13.2,751.4,12.92,98.3
"2023-02-09 04:30:00",229387,12.7,13.24,751.5,12.74,98
"2023-02-09 04:35:00",229388,12.69,13.21,751.5,12.58,97.8
"2023-02-09 04:40:00",229389,12.69,13.18,751.5,12.54,97.7
"2023-02-09 04:45:00",229390,12.69,13.14,751.5,12.6,97.3
"2023-02-09 04:50:00",229391,12.69,13.12,751.6,12.65,96.9
"2023-02-09 04:55:00",229392,12.69,13.13,751.6,12.69,96.9
"2023-02-09 05:00:00",229393,12.68,13.14,751.7,12.69,96.6
"2023-02-09 05:05:00",229394,12.68,13.16,751.7,12.7,96.7
"2023-02-09 05:10:00",229395,12.68,13.16,751.7,12.78,96.9
"2023-02-09 05:15:00",229396,12.68,13.17,751.6,12.82,96.8
"2023-02-09 05:20:00",229397,12.68,13.19,751.7,12.76,96.6
"2023-02-09 05:25:00",229398,12.67,13.18,751.7,12.96,97.1
"2023-02-09 05:30:00",229399,12.67,13.19,751.7,12.9,97.1
"2023-02-09 05:35:00",229400,12.67,13.19,751.7,12.9,97.4
"2023-02-09 05:40:00",229401,12.67,13.19,751.8,12.92,97.7
"2023-02-09 05:45:00",229402,12.66,13.18,751.8,12.84,97.8
"2023-02-09 05:50:00",229403,12.66,13.15,751.9,12.79,97.9
"2023-02-09 05:55:00",229404,12.66,13.15,751.9,12.81,97.7
"2023-02-09 06:00:00",229405,12.65,13.15,752,12.83,97.7
"2023-02-09 06:05:00",229406,12.65,13.14,752.1,12.83,97.7
"2023-02-09 06:10:00",229407,12.64,13.39,752.1,12.86,97.5
"2023-02-09 06:15:00",229408,12.65,13.6,752.1,12.8,97.5
"2023-02-09 06:20:00",229409,12.66,13.69,752.1,12.73,97.5
"2023-02-09 06:25:00",229410,12.67,13.72,752.1,12.68,97.6
"2023-02-09 06:30:00",229411,12.69,13.72,752.2,12.78,97.8
"2023-02-09 06:35:00",229412,12.72,13.75,752.3,12.62,97.1
"2023-02-09 06:40:00",229413,12.74,13.8,752.3,12.44,96.1
"2023-02-09 06:45:00",229414,12.78,13.82,752.4,12.46,95.5
"2023-02-09 06:50:00",229415,12.84,13.88,752.5,12.58,95.2
"2023-02-09 06:55:00",229416,12.83,13.88,752.5,12.7,94.7
"2023-02-09 07:00:00",229417,12.87,13.91,752.5,12.92,94.4
"2023-02-09 07:05:00",229418,13.14,14.04,752.5,13.28,93.5
"2023-02-09 07:10:00",229419,13.56,14.46,752.6,14.61,89.8
"2023-02-09 07:15:00",229420,13.76,15,752.6,16.23,82.4
"2023-02-09 07:20:00",229421,13.53,15.4,752.7,16.79,79.15
"2023-02-09 07:25:00",229422,13.51,15.72,752.8,16.4,80.1
"2023-02-09 07:30:00",229423,13.55,16.04,752.9,15.68,83.6
"2023-02-09 07:35:00",229424,13.59,16.38,753,15.36,85.5
"2023-02-09 07:40:00",229425,13.75,16.69,753,15.05,86.4
"2023-02-09 07:45:00",229426,13.77,17.67,753.1,15.26,87.8
"2023-02-09 07:50:00",229427,13.79,18.18,753.1,15.35,86.4
"2023-02-09 07:55:00",229428,13.79,19.06,753.1,15.82,84
"2023-02-09 08:00:00",229429,13.76,19.43,753.1,16.44,83.5
"2023-02-09 08:05:00",229430,13.76,19.87,753.2,16.41,82.3
"2023-02-09 08:10:00",229431,13.76,20.29,753.2,16.65,80.1
"2023-02-09 08:15:00",229432,13.73,20.64,753.2,16.54,80.9
"2023-02-09 08:20:00",229433,13.73,21,753.2,16.4,80.1
"2023-02-09 08:25:00",229434,13.73,21.38,753.2,16.94,77.39
"2023-02-09 08:30:00",229435,13.71,21.83,753.2,19.25,71.07
"2023-02-09 08:35:00",229436,13.71,22.62,753.3,20.68,64
"2023-02-09 08:40:00",229437,13.68,23.61,753.3,19.67,66.98
"2023-02-09 08:45:00",229438,13.65,24.57,753.4,19.15,68.86
"2023-02-09 08:50:00",229439,13.65,25.12,753.4,17.58,74.06
"2023-02-09 08:55:00",229440,13.63,25.31,753.4,17.79,70.27
"2023-02-09 09:00:00",229441,13.63,25.32,753.5,17.26,73.11
"2023-02-09 09:05:00",229442,13.63,25.22,753.5,16.69,75.51
"2023-02-09 09:10:00",229443,13.63,25.04,753.5,16.85,75.2
"2023-02-09 09:15:00",229444,13.63,24.85,753.5,17.48,73.75
"2023-02-09 09:20:00",229445,13.63,24.73,753.5,17.46,71.65
"2023-02-09 09:25:00",229446,13.63,24.68,753.5,17.65,71.2
"2023-02-09 09:30:00",229447,13.63,24.75,753.5,17.9,70.72
"2023-02-09 09:35:00",229448,13.63,24.88,753.5,18.54,66.66
"2023-02-09 09:40:00",229449,13.63,24.97,753.5,18.11,69.34
"2023-02-09 09:45:00",229450,13.63,25.01,753.4,17.93,68.22
"2023-02-09 09:50:00",229451,13.63,25.01,753.5,17.63,69.31
"2023-02-09 09:55:00",229452,13.63,24.88,753.5,17.56,68.57
"2023-02-09 10:00:00",229453,13.63,24.78,753.4,17.69,67.39
"2023-02-09 10:05:00",229454,13.63,24.73,753.4,18.13,68.79
"2023-02-09 10:10:00",229455,13.63,24.74,753.4,18.53,65.21
"2023-02-09 10:15:00",229456,13.63,24.83,753.3,19.06,62.55
"2023-02-09 10:20:00",229457,13.63,25.02,753.3,18.23,66.58
"2023-02-09 10:25:00",229458,13.64,25.32,753.3,19.42,61.47
"2023-02-09 10:30:00",229459,13.64,25.86,753.3,19.03,59.93
"2023-02-09 10:35:00",229460,13.61,26.3,753.2,20.02,60.42
"2023-02-09 10:40:00",229461,13.61,26.62,753.2,20.53,56.9
"2023-02-09 10:45:00",229462,13.61,27,753.1,20.26,59.79
"2023-02-09 10:50:00",229463,13.61,27.26,753.1,19.44,59.48
"2023-02-09 10:55:00",229464,13.59,27.26,753,18.96,58.03
"2023-02-09 11:00:00",229465,13.58,27.04,753,18.49,60.06
"2023-02-09 11:05:00",229466,13.59,26.76,752.9,18.87,58.45
"2023-02-09 11:10:00",229467,13.58,26.52,752.9,19.35,57.94
"2023-02-09 11:15:00",229468,13.59,26.35,752.9,19.8,56.17
"2023-02-09 11:20:00",229469,13.59,26.34,752.9,20.37,52.39
"2023-02-09 11:25:00",229470,13.59,26.42,752.8,20.22,53.86
"2023-02-09 11:30:00",229471,13.59,26.49,752.7,19.78,54.29
"2023-02-09 11:35:00",229472,13.59,26.65,752.6,20.88,53.55
"2023-02-09 11:40:00",229473,13.59,27.01,752.6,21.87,52.03
"2023-02-09 11:45:00",229474,13.59,27.52,752.5,20.91,58.4
"2023-02-09 11:50:00",229475,13.59,27.81,752.4,19.51,62.87
"2023-02-09 11:55:00",229476,13.59,27.93,752.3,20.09,59.49
"2023-02-09 12:00:00",229477,13.59,27.95,752.3,19.7,61.34
"2023-02-09 12:05:00",229478,13.59,27.82,752.2,19.68,62.42
"2023-02-09 12:10:00",229479,13.59,27.68,752.1,20.07,59.79
"2023-02-09 12:15:00",229480,13.59,27.64,752.1,20.11,58.52
"2023-02-09 12:20:00",229481,13.59,27.71,752.1,20.76,54.74
"2023-02-09 12:25:00",229482,13.59,27.91,751.9,21.61,53.43
"2023-02-09 12:30:00",229483,13.59,28.04,751.8,20.79,56.17
"2023-02-09 12:35:00",229484,13.59,28.11,751.7,21.49,50.63
"2023-02-09 12:40:00",229485,13.59,28.33,751.5,21.93,53.32
"2023-02-09 12:45:00",229486,13.56,28.53,751.5,21.21,51.31
"2023-02-09 12:50:00",229487,13.57,28.68,751.4,21.43,49.2
"2023-02-09 12:55:00",229488,13.57,28.78,751.2,21.64,49.04
"2023-02-09 13:00:00",229489,13.57,28.89,751.1,23.26,43.03
"2023-02-09 13:05:00",229490,13.57,29.12,751,23.83,42.8
"2023-02-09 13:10:00",229491,13.57,29.38,750.9,22.27,45.29
"2023-02-09 13:15:00",229492,13.57,29.49,750.8,23.34,44.33
"2023-02-09 13:20:00",229493,13.54,29.61,750.8,23.31,43.13
"2023-02-09 13:25:00",229494,13.54,29.71,750.7,23.36,45.27
"2023-02-09 13:30:00",229495,13.54,29.83,750.6,23.86,43.42
"2023-02-09 13:35:00",229496,13.54,29.94,750.5,23.43,43.53
"2023-02-09 13:40:00",229497,13.54,29.96,750.3,24.39,41.1
"2023-02-09 13:45:00",229498,13.54,30.06,750.2,24.3,42.14
"2023-02-09 13:50:00",229499,13.54,30.17,750.1,24.36,42.05
"2023-02-09 13:55:00",229500,13.54,30.31,750,25.24,41.33
"2023-02-09 14:00:00",229501,13.54,30.43,750,23.24,44.51
"2023-02-09 14:05:00",229502,13.54,30.51,749.9,24.95,40.61
"2023-02-09 14:10:00",229503,13.54,30.62,749.9,23.48,43.25
"2023-02-09 14:15:00",229504,13.52,30.69,749.8,23.72,43.73
"2023-02-09 14:20:00",229505,13.52,30.77,749.7,24.39,43.68
"2023-02-09 14:25:00",229506,13.52,30.88,749.7,23.38,46.2
"2023-02-09 14:30:00",229507,13.52,30.88,749.6,23.46,44.15
"2023-02-09 14:35:00",229508,13.52,30.8,749.5,23.96,43.76
"2023-02-09 14:40:00",229509,13.52,30.69,749.5,23.17,44.82
"2023-02-09 14:45:00",229510,13.52,30.6,749.4,23.14,44.11
"2023-02-09 14:50:00",229511,13.52,30.43,749.3,23.21,43.51
"2023-02-09 14:55:00",229512,13.52,30.24,749.3,21.9,47.1
"2023-02-09 15:00:00",229513,13.52,29.88,749.2,22.27,45.04
"2023-02-09 15:05:00",229514,13.52,29.49,749.2,22.13,46.78
"2023-02-09 15:10:00",229515,13.52,29.11,749,22.02,46.22
"2023-02-09 15:15:00",229516,13.52,28.77,748.9,20.96,52.69
"2023-02-09 15:20:00",229517,13.52,28.42,748.9,21.3,51.39
"2023-02-09 15:25:00",229518,13.52,28.1,748.9,21.19,52.47
"2023-02-09 15:30:00",229519,13.52,27.92,748.9,21.75,50.19
"2023-02-09 15:35:00",229520,13.52,27.92,748.7,22.27,49.25
"2023-02-09 15:40:00",229521,13.52,28.01,748.6,22.26,51.11
"2023-02-09 15:45:00",229522,13.52,28.18,748.5,21.79,48.39
"2023-02-09 15:50:00",229523,13.52,28.33,748.4,22.16,50.02
"2023-02-09 15:55:00",229524,13.52,28.5,748.4,22.23,47.27
"2023-02-09 16:00:00",229525,13.52,28.73,748.4,23.39,45.04
"2023-02-09 16:05:00",229526,13.52,29.11,748.3,23.4,46.11
"2023-02-09 16:10:00",229527,13.52,29.43,748.3,21.96,49.05
"2023-02-09 16:15:00",229528,13.52,29.53,748.2,22.55,46.74
"2023-02-09 16:20:00",229529,13.52,29.58,748.2,23.53,45.16
"2023-02-09 16:25:00",229530,13.52,29.75,748.1,24.84,40.53
"2023-02-09 16:30:00",229531,13.52,30.18,748.1,25.29,40.84
"2023-02-09 16:35:00",229532,13.52,30.72,748.1,24.42,40.16
"2023-02-09 16:40:00",229533,13.53,31.16,748.1,25.02,39.11
"2023-02-09 16:45:00",229534,13.53,31.65,748.1,26.2,37.71
"2023-02-09 16:50:00",229535,13.5,32.18,748.1,24.99,39.96
"2023-02-09 16:55:00",229536,13.5,32.33,748.1,22.93,43.96
"2023-02-09 17:00:00",229537,13.5,32.04,748.1,24.01,42.04
"2023-02-09 17:05:00",229538,13.5,31.73,748.1,23.84,45.04
"2023-02-09 17:10:00",229539,13.5,31.43,748.2,23.39,46.27
"2023-02-09 17:15:00",229540,13.5,31.23,748.2,23.16,46.04
"2023-02-09 17:20:00",229541,13.5,31.07,748.2,23.21,46.44
"2023-02-09 17:25:00",229542,13.5,30.93,748.3,23.66,46.56
"2023-02-09 17:30:00",229543,13.5,30.79,748.3,23.44,44.15
"2023-02-09 17:35:00",229544,13.5,30.64,748.3,23.78,44.35
"2023-02-09 17:40:00",229545,13.5,30.63,748.3,24.02,43.6
"2023-02-09 17:45:00",229546,13.5,30.56,748.3,23.4,45.11
"2023-02-09 17:50:00",229547,13.5,30.33,748.4,22.75,46.12
"2023-02-09 17:55:00",229548,13.5,29.98,748.3,22.77,45.04
"2023-02-09 18:00:00",229549,13.49,29.55,748.3,22.57,44.88
"2023-02-09 18:05:00",229550,13.49,29.09,748.3,22.61,45.53
"2023-02-09 18:10:00",229551,13.51,28.45,748.3,22.59,46.81
"2023-02-09 18:15:00",229552,13.46,27.86,748.3,22.25,47.5
"2023-02-09 18:20:00",229553,13.37,27.33,748.3,22.15,46.34
"2023-02-09 18:25:00",229554,13.26,26.89,748.3,21.93,47.55
"2023-02-09 18:30:00",229555,13.16,26.49,748.4,22.03,45.78
"2023-02-09 18:35:00",229556,13.09,26.17,748.4,22.06,46.87
"2023-02-09 18:40:00",229557,13.03,25.94,748.4,22.03,47.66
"2023-02-09 18:45:00",229558,13.02,25.79,748.4,22.14,48.6
"2023-02-09 18:50:00",229559,12.96,25.63,748.5,21.87,47.51
"2023-02-09 18:55:00",229560,12.92,25.45,748.5,21.83,48.14
"2023-02-09 19:00:00",229561,12.91,25.26,748.6,21.92,48.31
"2023-02-09 19:05:00",229562,12.91,25.05,748.7,21.8,49.12
"2023-02-09 19:10:00",229563,12.9,24.76,748.7,21.69,51.31
"2023-02-09 19:15:00",229564,12.9,24.57,748.8,21.75,49.18
"2023-02-09 19:20:00",229565,12.9,24.41,748.9,21.84,48.56
"2023-02-09 19:25:00",229566,12.89,24.29,748.9,21.4,52.25
"2023-02-09 19:30:00",229567,12.89,24.12,749,21.21,53.72
"2023-02-09 19:35:00",229568,12.89,23.98,749.1,21.08,53.55
"2023-02-09 19:40:00",229569,12.89,23.83,749.2,20.94,54.8
"2023-02-09 19:45:00",229570,12.88,23.68,749.4,21.01,55.46
"2023-02-09 19:50:00",229571,12.88,23.55,749.3,20.86,55.9
"2023-02-09 19:55:00",229572,12.88,23.44,749.4,20.88,54.63
"2023-02-09 20:00:00",229573,12.88,23.33,749.5,20.9,53.49
"2023-02-09 20:05:00",229574,12.88,23.27,749.6,20.94,54.46
"2023-02-09 20:10:00",229575,12.87,23.21,749.6,20.96,53.47
"2023-02-09 20:15:00",229576,12.88,23.14,749.7,20.64,56.36
"2023-02-09 20:20:00",229577,12.87,23.04,749.7,20.88,55.38
"2023-02-09 20:25:00",229578,12.87,22.95,749.8,20.18,59.78
"2023-02-09 20:30:00",229579,12.87,22.84,749.9,19.56,60.59
"2023-02-09 20:35:00",229580,12.87,22.64,749.9,19.2,62.34
"2023-02-09 20:40:00",229581,12.86,22.39,750,19.09,61.87
"2023-02-09 20:45:00",229582,12.86,22.15,750,18.58,62.77
"2023-02-09 20:50:00",229583,12.86,21.88,750.1,18.51,63.33
"2023-02-09 20:55:00",229584,12.86,21.63,750.3,18.34,65.33
"2023-02-09 21:00:00",229585,12.86,21.42,750.3,18.17,65.97
"2023-02-09 21:05:00",229586,12.85,21.23,750.4,18.05,65.84
"2023-02-09 21:10:00",229587,12.85,21.04,750.5,17.98,66.82
"2023-02-09 21:15:00",229588,12.85,20.86,750.6,17.81,67.85
"2023-02-09 21:20:00",229589,12.85,20.68,750.7,17.81,68.23
"2023-02-09 21:25:00",229590,12.84,20.51,750.7,17.53,69.14
"2023-02-09 21:30:00",229591,12.85,20.35,750.7,17,71.94
"2023-02-09 21:35:00",229592,12.84,20.16,750.8,16.87,71.11
"2023-02-09 21:40:00",229593,12.84,19.96,750.9,16.79,71.67
"2023-02-09 21:45:00",229594,12.84,19.77,751.1,16.63,72.21
"2023-02-09 21:50:00",229595,12.84,19.58,751.2,16.26,72.71
"2023-02-09 21:55:00",229596,12.84,19.4,751.2,16.14,72.23
"2023-02-09 22:00:00",229597,12.83,19.13,751.3,16.19,71.44
"2023-02-09 22:05:00",229598,12.83,18.94,751.4,16.12,72.14
"2023-02-09 22:10:00",229599,12.83,18.78,751.5,16.16,70.51
"2023-02-09 22:15:00",229600,12.83,18.66,751.5,16.19,68.9
"2023-02-09 22:20:00",229601,12.83,18.54,751.6,16.21,68.61
"2023-02-09 22:25:00",229602,12.83,18.47,751.7,16.28,68.57
"2023-02-09 22:30:00",229603,12.82,18.38,751.7,16.22,68.26
"2023-02-09 22:35:00",229604,12.82,18.29,751.7,16.31,67.61
"2023-02-09 22:40:00",229605,12.82,18.26,751.7,16.29,68.31
"2023-02-09 22:45:00",229606,12.82,18.21,751.7,16.12,69.2
"2023-02-09 22:50:00",229607,12.82,18.16,751.8,16.08,69.57
"2023-02-09 22:55:00",229608,12.82,18.1,751.7,16.12,69.29
"2023-02-09 23:00:00",229609,12.81,18.06,751.7,16.1,69.11
"2023-02-09 23:05:00",229610,12.82,18,751.7,16.08,69.95
"2023-02-09 23:10:00",229611,12.81,17.99,751.7,16.1,69.38
"2023-02-09 23:15:00",229612,12.81,17.98,751.7,16.29,69.84
"2023-02-09 23:20:00",229613,12.81,17.99,751.7,16.35,69.8
"2023-02-09 23:25:00",229614,12.81,17.98,751.6,16.3,70.05
"2023-02-09 23:30:00",229615,12.81,17.97,751.6,16.14,70.68
"2023-02-09 23:35:00",229616,12.8,17.93,751.6,16.24,68.73
"2023-02-09 23:40:00",229617,12.8,17.93,751.6,16.32,69.76
"2023-02-09 23:45:00",229618,12.8,17.89,751.7,16.42,69.67
"2023-02-09 23:50:00",229619,12.8,17.85,751.8,16.4,70.9
"2023-02-09 23:55:00",229620,12.8,17.82,751.7,16.2,71.16
"2023-02-10 00:00:00",229621,12.8,17.8,751.7,16.22,72.28
"2023-02-10 00:05:00",229622,12.8,17.76,751.7,16.14,71.52
"2023-02-10 00:10:00",229623,12.8,17.75,751.7,16.12,72.26
"2023-02-10 00:15:00",229624,12.79,17.76,751.6,15.95,74.88
"2023-02-10 00:20:00",229625,12.79,17.75,751.6,15.88,75.96
"2023-02-10 00:25:00",229626,12.79,17.77,751.6,15.94,76.54
"2023-02-10 00:30:00",229627,12.79,17.79,751.7,15.9,74.41
"2023-02-10 00:35:00",229628,12.79,17.8,751.7,15.97,74.11
"2023-02-10 00:40:00",229629,12.79,17.72,751.7,16.13,73.83
"2023-02-10 00:45:00",229630,12.79,17.72,751.7,16.14,75.42
"2023-02-10 00:50:00",229631,12.79,17.75,751.6,16.09,76.82
"2023-02-10 00:55:00",229632,12.79,17.78,751.6,16.12,77.73
"2023-02-10 01:00:00",229633,12.78,17.81,751.6,16.1,77.92
"2023-02-10 01:05:00",229634,12.78,17.76,751.6,16.13,76.63
"2023-02-10 01:10:00",229635,12.78,17.73,751.5,16.16,72.12
"2023-02-10 01:15:00",229636,12.78,17.7,751.5,16.14,70.39
"2023-02-10 01:20:00",229637,12.78,17.66,751.4,16.05,67.3
"2023-02-10 01:25:00",229638,12.78,17.62,751.5,15.92,67.66
"2023-02-10 01:30:00",229639,12.78,17.54,751.4,15.79,68.39
"2023-02-10 01:35:00",229640,12.77,17.44,751.4,15.71,70.2
"2023-02-10 01:40:00",229641,12.77,17.35,751.3,15.61,70.18
"2023-02-10 01:45:00",229642,12.77,17.23,751.3,15.52,70.42
"2023-02-10 01:50:00",229643,12.77,17.11,751.2,15.46,70.5
"2023-02-10 01:55:00",229644,12.77,17.01,751.2,15.38,71.34
"2023-02-10 02:00:00",229645,12.76,16.91,751.1,15.28,72.44
"2023-02-10 02:05:00",229646,12.76,16.79,751.2,15.24,73.45
"2023-02-10 02:10:00",229647,12.76,16.67,751.1,15.12,74.73
"2023-02-10 02:15:00",229648,12.76,16.57,751,15.02,74.63
"2023-02-10 02:20:00",229649,12.76,16.43,751.1,14.96,75.97
"2023-02-10 02:25:00",229650,12.76,16.31,751.1,14.98,75.02
"2023-02-10 02:30:00",229651,12.75,16.24,751.1,15.12,74.85
"2023-02-10 02:35:00",229652,12.75,16.19,751.1,15.24,73.57
"2023-02-10 02:40:00",229653,12.75,16.18,751.1,15.3,73.35
"2023-02-10 02:45:00",229654,12.74,16.17,751.1,15.29,73.86
"2023-02-10 02:50:00",229655,12.74,16.16,751.1,15.24,74.45
"2023-02-10 02:55:00",229656,12.74,16.13,751,15.18,75.17
"2023-02-10 03:00:00",229657,12.74,16.14,750.9,15.14,75.56
"2023-02-10 03:05:00",229658,12.74,16.1,750.9,15.2,75.54
"2023-02-10 03:10:00",229659,12.73,16.07,750.8,15.06,75.09
"2023-02-10 03:15:00",229660,12.73,16.07,750.8,15.06,75.09
"2023-02-10 03:20:00",229661,12.73,16.05,750.9,15.12,75.61
"2023-02-10 03:25:00",229662,12.73,16.03,750.9,15.12,76.71
"2023-02-10 03:30:00",229663,12.72,15.98,750.9,14.8,78.62
"2023-02-10 03:35:00",229664,12.72,15.98,750.9,14.61,79.3
"2023-02-10 03:40:00",229665,12.72,16.02,750.9,14.53,80.1
"2023-02-10 03:45:00",229666,12.72,16.04,750.9,14.49,80.3
"2023-02-10 03:50:00",229667,12.72,16.08,750.9,14.6,79.41
"2023-02-10 03:55:00",229668,12.71,16.06,750.9,14.66,79.92
"2023-02-10 04:00:00",229669,12.71,16.09,750.9,14.63,79.14
"2023-02-10 04:05:00",229670,12.71,16.08,750.9,14.65,78.92
"2023-02-10 04:10:00",229671,12.71,16.1,750.9,14.73,78.5
"2023-02-10 04:15:00",229672,12.71,16.12,750.9,14.71,78.8
"2023-02-10 04:20:00",229673,12.7,16.13,751,14.61,79.02
"2023-02-10 04:25:00",229674,12.7,16.11,751,14.64,78.7
"2023-02-10 04:30:00",229675,12.7,16.1,751,14.76,78.5
"2023-02-10 04:35:00",229676,12.7,16.08,751,14.74,78.55
"2023-02-10 04:40:00",229677,12.69,16.03,751,14.64,78.59
"2023-02-10 04:45:00",229678,12.69,15.98,750.9,14.51,79.11
"2023-02-10 04:50:00",229679,12.69,15.91,751,14.48,79.3
"2023-02-10 04:55:00",229680,12.68,15.85,751,14.42,79.65
"2023-02-10 05:00:00",229681,12.68,15.76,751,14.54,78.93
"2023-02-10 05:05:00",229682,12.68,15.71,751,14.54,78.68
"2023-02-10 05:10:00",229683,12.67,15.63,751.1,14.59,78.74
"2023-02-10 05:15:00",229684,12.67,15.59,751.1,14.58,80.2
"2023-02-10 05:20:00",229685,12.67,15.57,751.2,14.47,81.5
"2023-02-10 05:25:00",229686,12.67,15.51,751.3,14.33,83.2
"2023-02-10 05:30:00",229687,12.66,15.49,751.3,14.22,83.2
"2023-02-10 05:35:00",229688,12.66,15.46,751.3,14.19,83.4
"2023-02-10 05:40:00",229689,12.65,15.4,751.3,14.07,83.8
"2023-02-10 05:45:00",229690,12.65,15.36,751.3,14.11,83.9
"2023-02-10 05:50:00",229691,12.65,15.32,751.3,14.01,84.1
"2023-02-10 05:55:00",229692,12.65,15.27,751.4,14.12,83.6
"2023-02-10 06:00:00",229693,12.64,15.24,751.4,14.24,83.5
"2023-02-10 06:05:00",229694,12.65,15.25,751.4,14.31,83.4
"2023-02-10 06:10:00",229695,12.65,15.2,751.5,14.23,84
"2023-02-10 06:15:00",229696,12.65,15.24,751.5,14.17,84.3
"2023-02-10 06:20:00",229697,12.65,15.26,751.5,14.11,84.9
"2023-02-10 06:25:00",229698,12.65,15.3,751.6,14.08,85
"2023-02-10 06:30:00",229699,12.67,15.34,751.7,14.07,84.7
"2023-02-10 06:35:00",229700,12.69,15.41,751.8,14.09,85.7
"2023-02-10 06:40:00",229701,12.74,15.41,751.8,14.11,85.4
"2023-02-10 06:45:00",229702,12.81,15.48,751.9,14.27,85.1
"2023-02-10 06:50:00",229703,12.92,15.59,751.9,14.55,83.9
"2023-02-10 06:55:00",229704,13.01,15.72,751.9,14.86,83.4
"2023-02-10 07:00:00",229705,13.13,15.9,752,15.26,79.94
"2023-02-10 07:05:00",229706,13.27,16.1,752.1,15.65,78.24
"2023-02-10 07:10:00",229707,13.33,16.34,752.2,15.72,76.77
"2023-02-10 07:15:00",229708,13.36,16.56,752.3,15.89,74.58
"2023-02-10 07:20:00",229709,13.45,16.8,752.4,15.88,73.5
"2023-02-10 07:25:00",229710,13.55,17.1,752.4,16.06,74.7
"2023-02-10 07:30:00",229711,13.69,17.51,752.5,16.67,75.24
"2023-02-10 07:35:00",229712,13.78,18.98,752.5,17.47,71.77
"2023-02-10 07:40:00",229713,13.76,20.04,752.6,18.53,67.37
"2023-02-10 07:45:00",229714,13.73,19.75,752.7,18.11,67.79
"2023-02-10 07:50:00",229715,13.73,20.92,752.7,17.86,68.1
"2023-02-10 07:55:00",229716,13.73,21.68,752.8,18.63,66.09
"2023-02-10 08:00:00",229717,13.7,21.94,752.8,18.05,66.13
"2023-02-10 08:05:00",229718,13.7,22.27,752.9,18.29,65.08
"2023-02-10 08:10:00",229719,13.7,22.57,752.9,17.96,67.23
"2023-02-10 08:15:00",229720,13.68,22.82,753,17.7,68.24
"2023-02-10 08:20:00",229721,13.68,23.11,753.1,18.53,66.16
"2023-02-10 08:25:00",229722,13.68,23.46,753.1,19.08,62.62
"2023-02-10 08:30:00",229723,13.68,23.89,753.1,19.2,61.71
"2023-02-10 08:35:00",229724,13.65,24.38,753,19.51,60.28
"2023-02-10 08:40:00",229725,13.65,24.84,753,19.57,60.19
"2023-02-10 08:45:00",229726,13.65,25.26,753.1,19.88,57.84
"2023-02-10 08:50:00",229727,13.63,25.63,753,19.97,58.4
"2023-02-10 08:55:00",229728,13.63,25.88,753,19.78,57.98
"2023-02-10 09:00:00",229729,13.63,25.91,753,20.48,56.83
"2023-02-10 09:05:00",229730,13.63,26.21,753,20.45,54.88
"2023-02-10 09:10:00",229731,13.6,26.53,753,19.55,57.76
"2023-02-10 09:15:00",229732,13.6,26.62,753,19.27,59.91
"2023-02-10 09:20:00",229733,13.6,26.64,752.9,19.51,58.18
"2023-02-10 09:25:00",229734,13.6,26.79,753,19.33,58.4
"2023-02-10 09:30:00",229735,13.61,26.95,752.9,19.72,56.29
"2023-02-10 09:35:00",229736,13.6,27.22,753,20.59,54.44
"2023-02-10 09:40:00",229737,13.58,27.49,753,20.58,56.01
"2023-02-10 09:45:00",229738,13.58,27.8,753,20.82,52.01
"2023-02-10 09:50:00",229739,13.58,28.14,753,20.56,55.21
"2023-02-10 09:55:00",229740,13.58,28.5,753,21.79,50.76
"2023-02-10 10:00:00",229741,13.58,28.87,752.9,21.49,51.7
"2023-02-10 10:05:00",229742,13.55,29.18,752.8,21.85,49.89
"2023-02-10 10:10:00",229743,13.56,29.46,752.8,21.49,51.88
"2023-02-10 10:15:00",229744,13.56,29.59,752.7,21.25,54.56
"2023-02-10 10:20:00",229745,13.56,29.71,752.7,22.13,51.06
"2023-02-10 10:25:00",229746,13.56,29.89,752.7,21.97,52.83
"2023-02-10 10:30:00",229747,13.53,30.14,752.6,22.48,52.15
"2023-02-10 10:35:00",229748,13.53,30.35,752.6,20.27,58.03
"2023-02-10 10:40:00",229749,13.53,30.32,752.5,20.85,56.05
"2023-02-10 10:45:00",229750,13.54,30.23,752.5,20.76,56.75
"2023-02-10 10:50:00",229751,13.53,30.19,752.5,21.63,52.25
"2023-02-10 10:55:00",229752,13.54,30.22,752.4,22.03,52.3
"2023-02-10 11:00:00",229753,13.54,30.26,752.3,21.06,53.61
"2023-02-10 11:05:00",229754,13.54,30.21,752.3,20.72,54.52
"2023-02-10 11:10:00",229755,13.53,30.17,752.2,21.17,53
"2023-02-10 11:15:00",229756,13.54,30.23,752.2,22.34,48.75
"2023-02-10 11:20:00",229757,13.54,30.37,752.2,23.13,47.55
"2023-02-10 11:25:00",229758,13.54,30.58,752.1,22.79,48.36
"2023-02-10 11:30:00",229759,13.54,30.73,752,22.31,48.9
"2023-02-10 11:35:00",229760,13.54,30.73,752,21.93,49.04
"2023-02-10 11:40:00",229761,13.52,30.64,751.9,21.51,50.1
"2023-02-10 11:45:00",229762,13.51,30.52,751.9,23.54,45.58
"2023-02-10 11:50:00",229763,13.52,30.55,751.8,23.37,46.01
"2023-02-10 11:55:00",229764,13.52,30.56,751.8,20.91,55.45
"2023-02-10 12:00:00",229765,13.52,30.31,751.7,21.57,52.99
"2023-02-10 12:05:00",229766,13.52,30.07,751.6,20.69,54.27
"2023-02-10 12:10:00",229767,13.52,29.92,751.5,22.42,49.39
"2023-02-10 12:15:00",229768,13.52,29.99,751.4,23.25,49.06
"2023-02-10 12:20:00",229769,13.52,30.16,751.3,21.75,50.69
"2023-02-10 12:25:00",229770,13.52,30.22,751.2,22.41,53.17
"2023-02-10 12:30:00",229771,13.52,30.32,751.2,22.42,48.79
"2023-02-10 12:35:00",229772,13.52,30.44,751.1,22.91,43.28
"2023-02-10 12:40:00",229773,13.52,30.61,751,22.74,44.23
"2023-02-10 12:45:00",229774,13.52,30.75,750.9,23.28,42.32
"2023-02-10 12:50:00",229775,13.52,30.91,750.8,22.81,43.23
"2023-02-10 12:55:00",229776,13.52,31.03,750.7,23.35,44.91
"2023-02-10 13:00:00",229777,13.52,31.11,750.6,24.61,42.14
"2023-02-10 13:05:00",229778,13.52,31.31,750.6,24.82,41.97
"2023-02-10 13:10:00",229779,13.52,31.54,750.5,24.41,43.26
"2023-02-10 13:15:00",229780,13.52,31.65,750.4,23.14,45.14
"2023-02-10 13:20:00",229781,13.52,31.51,750.4,22.83,46.07
"2023-02-10 13:25:00",229782,13.52,31.26,750.3,22.95,50.45
"2023-02-10 13:30:00",229783,13.52,31.03,750.2,23.5,49.85
"2023-02-10 13:35:00",229784,13.52,30.88,750.1,23.09,48.66
"2023-02-10 13:40:00",229785,13.52,30.81,750.1,24.93,43.28
"2023-02-10 13:45:00",229786,13.52,30.96,750,23.37,44.88
"2023-02-10 13:50:00",229787,13.52,31.1,749.9,23.7,45.92
"2023-02-10 13:55:00",229788,13.52,31.09,749.8,22.09,48.68
"2023-02-10 14:00:00",229789,13.52,30.87,749.8,22.69,46.88
"2023-02-10 14:05:00",229790,13.52,30.68,749.6,23.75,44.63
"2023-02-10 14:10:00",229791,13.52,30.65,749.6,24.33,43.28
"2023-02-10 14:15:00",229792,13.52,30.68,749.5,23.55,43.58
"2023-02-10 14:20:00",229793,13.52,30.69,749.4,23.65,45.21
"2023-02-10 14:25:00",229794,13.52,30.6,749.2,22.1,46.55
"2023-02-10 14:30:00",229795,13.52,30.27,749.2,21.97,47.14
"2023-02-10 14:35:00",229796,13.52,29.76,749.1,21.39,49.7
"2023-02-10 14:40:00",229797,13.52,29.28,749,21.59,48.81
"2023-02-10 14:45:00",229798,13.52,28.87,749,21.53,49.44
"2023-02-10 14:50:00",229799,13.52,28.53,748.9,21.5,49.4
"2023-02-10 14:55:00",229800,13.52,28.25,748.9,22.01,47.88
"2023-02-10 15:00:00",229801,13.52,28.05,748.8,21.13,48.59
"2023-02-10 15:05:00",229802,13.52,27.86,748.7,21.85,46.97
"2023-02-10 15:10:00",229803,13.52,27.77,748.6,22.48,45.96
"2023-02-10 15:15:00",229804,13.52,27.85,748.4,23.53,44.68
"2023-02-10 15:20:00",229805,13.52,28.1,748.4,23.4,45.66
"2023-02-10 15:25:00",229806,13.52,28.33,748.4,22.64,44.83
"2023-02-10 15:30:00",229807,13.52,28.4,748.4,22.61,45.79
"2023-02-10 15:35:00",229808,13.52,28.39,748.4,22.43,44.74
"2023-02-10 15:40:00",229809,13.52,28.26,748.3,22.2,47.11
"2023-02-10 15:45:00",229810,13.52,28.11,748.3,22.32,44.75
"2023-02-10 15:50:00",229811,13.52,27.91,748.3,22.31,45.56
"2023-02-10 15:55:00",229812,13.52,27.7,748.2,22.05,47.06
"2023-02-10 16:00:00",229813,13.55,27.42,748.4,21.99,48.1
"2023-02-10 16:05:00",229814,13.55,27.1,748.3,19.82,59.38
"2023-02-10 16:10:00",229815,13.55,26.48,748.4,19.25,64.2
"2023-02-10 16:15:00",229816,13.57,25.75,748.4,19.03,65.92
"2023-02-10 16:20:00",229817,13.57,25.05,748.3,18.96,66.47
"2023-02-10 16:25:00",229818,13.6,24.45,748.3,18.8,64.18
"2023-02-10 16:30:00",229819,13.6,23.97,748.4,18.65,68.47
"2023-02-10 16:35:00",229820,13.62,23.41,748.5,18.04,71.91
"2023-02-10 16:40:00",229821,13.57,22.55,748.6,17.97,73.34
"2023-02-10 16:45:00",229822,13.71,22.07,748.6,17.98,74.03
"2023-02-10 16:50:00",229823,13.71,22.4,748.6,18.06,71.1
"2023-02-10 16:55:00",229824,13.71,22.4,748.8,18.45,73.03
"2023-02-10 17:00:00",229825,13.71,22.06,749,18.53,70.88
"2023-02-10 17:05:00",229826,13.71,22.11,748.9,18.96,64.48
"2023-02-10 17:10:00",229827,13.71,22.12,748.8,18.93,64.98
"2023-02-10 17:15:00",229828,13.71,22.16,749,18.32,65.35
"2023-02-10 17:20:00",229829,13.71,22.1,749,17.95,66.76
"2023-02-10 17:25:00",229830,13.61,21.76,749.1,18.01,66.1
"2023-02-10 17:30:00",229831,13.39,21.2,749.2,17.47,66.62
"2023-02-10 17:35:00",229832,13.27,20.9,749.2,17.11,68.75
"2023-02-10 17:40:00",229833,13.24,20.67,749.2,17.11,69.53
"2023-02-10 17:45:00",229834,13.21,20.45,749.2,17.39,65.84
"2023-02-10 17:50:00",229835,13.13,20.29,749.2,17.71,64.68
"2023-02-10 17:55:00",229836,13.08,20.16,749.2,17.81,63.99
"2023-02-10 18:00:00",229837,13.06,20.1,749.3,18.05,63.07
"2023-02-10 18:05:00",229838,13.04,20.01,749.4,18.27,62.21
"2023-02-10 18:10:00",229839,13.03,19.99,749.5,17.87,66.07
"2023-02-10 18:15:00",229840,13.01,19.98,749.6,17.63,66.68
"2023-02-10 18:20:00",229841,12.97,20.3,749.7,17.73,65.57
"2023-02-10 18:25:00",229842,12.95,20.39,749.7,17.71,64.8
"2023-02-10 18:30:00",229843,12.93,20.42,749.8,17.83,63.3
"2023-02-10 18:35:00",229844,12.9,20.44,749.8,17.8,63.98
"2023-02-10 18:40:00",229845,12.88,20.46,749.9,18,63.1
"2023-02-10 18:45:00",229846,12.88,20.46,749.9,18.18,62.53
"2023-02-10 18:50:00",229847,12.87,20.43,750,17.94,64.84
"2023-02-10 18:55:00",229848,12.86,20.4,749.9,17.74,67.78
"2023-02-10 19:00:00",229849,12.86,20.33,750,17.49,71.34
"2023-02-10 19:05:00",229850,12.85,20.21,750.1,17.4,73.25
"2023-02-10 19:10:00",229851,12.85,20.09,750.1,17.33,73.21
"2023-02-10 19:15:00",229852,12.85,19.88,750.2,17.25,72.79
"2023-02-10 19:20:00",229853,12.85,19.74,750.3,17.13,73.57
"2023-02-10 19:25:00",229854,12.85,19.62,750.3,17.21,73.24
"2023-02-10 19:30:00",229855,12.85,19.49,750.3,17.29,71.07
"2023-02-10 19:35:00",229856,12.84,19.41,750.3,17.29,71.33
"2023-02-10 19:40:00",229857,12.85,19.33,750.3,17.29,70.46
"2023-02-10 19:45:00",229858,12.84,19.27,750.4,17.09,71.18
"2023-02-10 19:50:00",229859,12.84,19.2,750.4,17,70.67
"2023-02-10 19:55:00",229860,12.84,19.12,750.5,17.05,69.9
"2023-02-10 20:00:00",229861,12.84,19.03,750.6,17.21,68.77
"2023-02-10 20:05:00",229862,12.84,18.97,750.7,17.19,69.81
"2023-02-10 20:10:00",229863,12.83,18.95,750.8,17.16,69.86
"2023-02-10 20:15:00",229864,12.83,18.89,750.8,17.47,70.7
"2023-02-10 20:20:00",229865,12.83,18.85,750.9,17.48,70.94
"2023-02-10 20:25:00",229866,12.83,18.84,750.9,17.57,69.53
"2023-02-10 20:30:00",229867,12.83,18.8,751,17.63,69.1
"2023-02-10 20:35:00",229868,12.83,18.78,751,17.63,70.12
"2023-02-10 20:40:00",229869,12.83,18.79,751,17.6,70.78
"2023-02-10 20:45:00",229870,12.83,18.78,751,17.45,72.29
"2023-02-10 20:50:00",229871,12.83,18.76,751.1,17.31,73.41
"2023-02-10 20:55:00",229872,12.83,18.71,751.1,17.29,73.49
"2023-02-10 21:00:00",229873,12.82,18.65,751.2,17.16,74.01
"2023-02-10 21:05:00",229874,12.82,18.6,751.2,16.94,72.88
"2023-02-10 21:10:00",229875,12.82,18.56,751.2,16.54,76.46
"2023-02-10 21:15:00",229876,12.82,18.49,751.2,16.32,77.68
"2023-02-10 21:20:00",229877,12.82,18.4,751.3,16.26,77.84
"2023-02-10 21:25:00",229878,12.82,18.31,751.4,16.21,78.67
"2023-02-10 21:30:00",229879,12.82,18.12,751.5,16.28,78.43
"2023-02-10 21:35:00",229880,12.82,18,751.5,16.29,78.86
"2023-02-10 21:40:00",229881,12.82,17.9,751.6,16.31,78.83
"2023-02-10 21:45:00",229882,12.82,17.83,751.7,16.3,79.19
"2023-02-10 21:50:00",229883,12.82,17.74,751.7,16.39,79.1
"2023-02-10 21:55:00",229884,12.82,17.7,751.8,16.54,78.43
"2023-02-10 22:00:00",229885,12.82,17.66,751.9,16.63,78.62
"2023-02-10 22:05:00",229886,12.82,17.63,751.9,16.7,78.58
"2023-02-10 22:10:00",229887,12.81,17.62,751.9,16.69,78.32
"2023-02-10 22:15:00",229888,12.81,17.6,751.9,16.8,77.34
"2023-02-10 22:20:00",229889,12.81,17.6,751.9,16.8,77.3
"2023-02-10 22:25:00",229890,12.81,17.66,752,16.74,77.29
"2023-02-10 22:30:00",229891,12.81,17.67,752,16.69,77.23
"2023-02-10 22:35:00",229892,12.81,17.69,752,16.67,77.31
"2023-02-10 22:40:00",229893,12.81,17.7,752,16.67,77.28
"2023-02-10 22:45:00",229894,12.81,17.72,752.1,16.63,79.09
"2023-02-10 22:50:00",229895,12.8,17.75,752.1,16.58,79.84
"2023-02-10 22:55:00",229896,12.8,17.8,752.1,16.36,79.62
"2023-02-10 23:00:00",229897,12.8,17.87,752.1,16.23,79.54
"2023-02-10 23:05:00",229898,12.8,17.91,752.1,16.27,80.6
"2023-02-10 23:10:00",229899,12.8,17.95,752.1,16.13,80.9
"2023-02-10 23:15:00",229900,12.8,17.97,752.1,16.17,80.1
"2023-02-10 23:20:00",229901,12.8,17.98,752,16.24,79.85
"2023-02-10 23:25:00",229902,12.8,18,752,16.25,79.57
"2023-02-10 23:30:00",229903,12.8,18.02,752,16.16,78.6
"2023-02-10 23:35:00",229904,12.8,18.04,752,16.19,78.25
"2023-02-10 23:40:00",229905,12.8,18.07,752,16.25,78.26
"2023-02-10 23:45:00",229906,12.8,18.08,752,16.32,77.86
"2023-02-10 23:50:00",229907,12.79,18.11,752,16.42,77.51
"2023-02-10 23:55:00",229908,12.79,18.14,751.9,16.44,78.02
"2023-02-11 00:00:00",229909,12.79,18.15,751.9,16.41,78.35
"2023-02-11 00:05:00",229910,12.79,18.21,751.9,16.46,78.64
"2023-02-11 00:10:00",229911,12.79,18.23,751.9,16.48,78.7
"2023-02-11 00:15:00",229912,12.79,18.25,751.8,16.4,78.88
"2023-02-11 00:20:00",229913,12.79,18.26,751.9,16.31,78.94
"2023-02-11 00:25:00",229914,12.79,18.25,751.9,16.06,80.4
"2023-02-11 00:30:00",229915,12.78,18.18,751.8,16.08,81.8
"2023-02-11 00:35:00",229916,12.79,18.13,751.7,15.95,83.6
"2023-02-11 00:40:00",229917,12.78,18.05,751.8,15.8,83.4
"2023-02-11 00:45:00",229918,12.78,17.98,751.9,15.74,83.9
"2023-02-11 00:50:00",229919,12.78,17.86,751.9,15.76,83.1
"2023-02-11 00:55:00",229920,12.78,17.78,751.8,15.72,83.1
"2023-02-11 01:00:00",229921,12.78,17.7,751.8,15.64,84.1
"2023-02-11 01:05:00",229922,12.78,17.65,751.9,15.69,84.5
"2023-02-11 01:10:00",229923,12.77,17.6,751.9,15.52,83.5
"2023-02-11 01:15:00",229924,12.77,17.56,751.9,15.5,81.7
"2023-02-11 01:20:00",229925,12.77,17.51,751.8,15.57,82.4
"2023-02-11 01:25:00",229926,12.77,17.48,751.8,15.56,82
"2023-02-11 01:30:00",229927,12.77,17.45,751.7,15.54,81.9
"2023-02-11 01:35:00",229928,12.76,17.42,751.7,15.58,82.1
"2023-02-11 01:40:00",229929,12.76,17.41,751.7,15.56,81.9
"2023-02-11 01:45:00",229930,12.76,17.39,751.7,15.68,81.7
"2023-02-11 01:50:00",229931,12.76,17.37,751.7,15.7,82.1
"2023-02-11 01:55:00",229932,12.76,17.34,751.7,15.66,82.1
"2023-02-11 02:00:00",229933,12.76,17.32,751.6,15.6,81.8
"2023-02-11 02:05:00",229934,12.75,17.31,751.6,15.64,81
"2023-02-11 02:10:00",229935,12.75,17.33,751.5,15.68,80.5
"2023-02-11 02:15:00",229936,12.75,17.34,751.5,15.7,79.81
"2023-02-11 02:20:00",229937,12.75,17.36,751.5,15.7,80.1
"2023-02-11 02:25:00",229938,12.75,17.38,751.4,15.69,80.4
"2023-02-11 02:30:00",229939,12.74,17.38,751.3,15.67,80.8
"2023-02-11 02:35:00",229940,12.74,17.39,751.3,15.72,80.5
"2023-02-11 02:40:00",229941,12.74,17.43,751.3,15.7,81.4
"2023-02-11 02:45:00",229942,12.74,17.45,751.3,15.68,81.9
"2023-02-11 02:50:00",229943,12.74,17.48,751.3,15.68,82.1
"2023-02-11 02:55:00",229944,12.73,17.49,751.3,15.64,81.9
"2023-02-11 03:00:00",229945,12.73,17.51,751.3,15.76,80.8
"2023-02-11 03:05:00",229946,12.73,17.52,751.3,15.79,79.94
"2023-02-11 03:10:00",229947,12.73,17.42,751.3,15.81,79.11
"2023-02-11 03:15:00",229948,12.73,17.38,751.3,15.86,80.6
"2023-02-11 03:20:00",229949,12.73,17.33,751.2,15.86,80.8
"2023-02-11 03:25:00",229950,12.72,17.33,751.2,15.79,82.9
"2023-02-11 03:30:00",229951,12.72,17.24,751.2,15.58,84.4
"2023-02-11 03:35:00",229952,12.72,17.22,751.2,15.49,84.6
"2023-02-11 03:40:00",229953,12.72,17.18,751.2,15.48,84.7
"2023-02-11 03:45:00",229954,12.72,17.15,751.3,15.52,84.6
"2023-02-11 03:50:00",229955,12.72,17.13,751.2,15.54,84.1
"2023-02-11 03:55:00",229956,12.71,17.14,751.2,15.56,83.7
"2023-02-11 04:00:00",229957,12.71,17.13,751.2,15.45,85.3
"2023-02-11 04:05:00",229958,12.71,17.11,751.3,15.43,85.8
"2023-02-11 04:10:00",229959,12.71,17.08,751.2,15.41,85.8
"2023-02-11 04:15:00",229960,12.7,17.04,751.2,15.24,85.4
"2023-02-11 04:20:00",229961,12.7,17,751.1,15.19,85.1
"2023-02-11 04:25:00",229962,12.7,16.95,751.2,15.13,84.1
"2023-02-11 04:30:00",229963,12.7,16.92,751.1,15.07,83.3
"2023-02-11 04:35:00",229964,12.69,16.89,751.2,15.02,82.4
"2023-02-11 04:40:00",229965,12.69,16.84,751.2,15.02,82.1
"2023-02-11 04:45:00",229966,12.69,16.78,751.2,14.99,82.6
"2023-02-11 04:50:00",229967,12.69,16.73,751.3,14.92,82.8
"2023-02-11 04:55:00",229968,12.68,16.69,751.3,14.91,83.2
"2023-02-11 05:00:00",229969,12.68,16.68,751.3,14.88,83.8
"2023-02-11 05:05:00",229970,12.68,16.65,751.4,14.88,83.8
"2023-02-11 05:10:00",229971,12.67,16.65,751.5,14.96,83.3
"2023-02-11 05:15:00",229972,12.67,16.62,751.5,14.95,83.3
"2023-02-11 05:20:00",229973,12.67,16.61,751.5,15,82.6
"2023-02-11 05:25:00",229974,12.67,16.61,751.5,15.02,82.1
"2023-02-11 05:30:00",229975,12.66,16.63,751.6,15.07,83.2
"2023-02-11 05:35:00",229976,12.66,16.64,751.6,14.97,83.9
"2023-02-11 05:40:00",229977,12.66,16.66,751.6,14.94,84.2
"2023-02-11 05:45:00",229978,12.65,16.65,751.6,14.89,82.9
"2023-02-11 05:50:00",229979,12.65,16.65,751.7,14.93,83.2
"2023-02-11 05:55:00",229980,12.65,16.65,751.7,14.99,82.8
"2023-02-11 06:00:00",229981,12.65,16.58,751.7,14.98,82.9
"2023-02-11 06:05:00",229982,12.64,16.55,751.8,14.99,83.3
"2023-02-11 06:10:00",229983,12.64,16.54,751.8,15.12,80.9
"2023-02-11 06:15:00",229984,12.64,16.64,751.9,15.2,79.81
"2023-02-11 06:20:00",229985,12.64,16.64,751.9,15.1,81
"2023-02-11 06:25:00",229986,12.65,16.66,752,15.2,80.5
"2023-02-11 06:30:00",229987,12.67,16.68,752,15.13,80.5
"2023-02-11 06:35:00",229988,12.68,16.68,752,15.17,80.3
"2023-02-11 06:40:00",229989,12.71,16.68,752.1,15.25,80.3
"2023-02-11 06:45:00",229990,12.75,16.74,752.1,15.37,79.91
"2023-02-11 06:50:00",229991,12.81,16.81,752.2,15.5,78.46
"2023-02-11 06:55:00",229992,12.91,16.92,752.3,15.68,78.03
"2023-02-11 07:00:00",229993,12.99,17.06,752.4,15.96,78.42
"2023-02-11 07:05:00",229994,13.06,17.19,752.5,15.96,78.59
"2023-02-11 07:10:00",229995,13.19,17.39,752.5,16.08,77.69
"2023-02-11 07:15:00",229996,13.34,17.65,752.6,16.23,76.49
"2023-02-11 07:20:00",229997,13.47,17.95,752.6,16.45,75.66
"2023-02-11 07:25:00",229998,13.53,18.24,752.7,16.91,75.75
"2023-02-11 07:30:00",229999,13.78,19.05,752.7,17.33,73.81
"2023-02-11 07:35:00",230000,13.72,20.41,752.7,18.65,66.83
"2023-02-11 07:40:00",230001,13.75,20.52,752.8,18.37,65.8
"2023-02-11 07:45:00",230002,13.73,21.6,752.9,18.6,64.63
"2023-02-11 07:50:00",230003,13.7,22.26,753,18.46,64.57
"2023-02-11 07:55:00",230004,13.7,22.78,753,18.53,65.21
"2023-02-11 08:00:00",230005,13.67,23.24,753,18.53,63.93
"2023-02-11 08:05:00",230006,13.67,23.65,753.1,18.89,64.08
"2023-02-11 08:10:00",230007,13.68,23.94,753.1,18.5,66.39
"2023-02-11 08:15:00",230008,13.65,24.16,753.2,18.19,65.33
"2023-02-11 08:20:00",230009,13.65,24.3,753.2,17.95,66.02
"2023-02-11 08:25:00",230010,13.65,24.39,753.2,17.92,66.64
"2023-02-11 08:30:00",230011,13.65,24.42,753.2,18.13,67.2
"2023-02-11 08:35:00",230012,13.65,24.36,753.2,18.29,65.29
"2023-02-11 08:40:00",230013,13.65,24.41,753.3,18.19,65.51
"2023-02-11 08:45:00",230014,13.65,24.54,753.2,18.83,64.19
"2023-02-11 08:50:00",230015,13.65,24.84,753.2,19.08,63.37
"2023-02-11 08:55:00",230016,13.63,25.42,753.2,20.26,58.73
"2023-02-11 09:00:00",230017,13.63,25.98,753.2,19.95,59.74
"2023-02-11 09:05:00",230018,13.63,26.23,753.3,18.27,64.98
"2023-02-11 09:10:00",230019,13.63,26.23,753.2,18.53,64.32
"2023-02-11 09:15:00",230020,13.63,26.14,753.2,18.35,64.23
"2023-02-11 09:20:00",230021,13.63,26.11,753.3,19.1,62.62
"2023-02-11 09:25:00",230022,13.61,26.37,753.1,20.34,57.7
"2023-02-11 09:30:00",230023,13.61,26.83,753.1,20.1,55.45
"2023-02-11 09:35:00",230024,13.6,27.03,753.1,18.71,61.51
"2023-02-11 09:40:00",230025,13.61,26.89,753,18.63,60.35
"2023-02-11 09:45:00",230026,13.61,26.66,753,19.3,61.24
"2023-02-11 09:50:00",230027,13.61,26.45,753,19.05,62.46
"2023-02-11 09:55:00",230028,13.61,26.27,752.9,19.1,62.35
"2023-02-11 10:00:00",230029,13.61,26.1,752.9,18.49,64.1
"2023-02-11 10:05:00",230030,13.61,25.88,752.9,17.97,66.82
"2023-02-11 10:10:00",230031,13.61,25.57,752.8,17.85,66.92
"2023-02-11 10:15:00",230032,13.61,25.23,752.8,18.11,66.58
"2023-02-11 10:20:00",230033,13.61,24.94,752.9,18.49,63.45
"2023-02-11 10:25:00",230034,13.61,24.74,752.8,18.94,62.08
"2023-02-11 10:30:00",230035,13.61,24.68,752.7,18.98,61.28
"2023-02-11 10:35:00",230036,13.61,24.65,752.7,19.28,61.27
"2023-02-11 10:40:00",230037,13.61,24.66,752.7,18.98,61.25
"2023-02-11 10:45:00",230038,13.61,24.71,752.7,19.42,60.17
"2023-02-11 10:50:00",230039,13.61,24.79,752.7,19.51,59.92
"2023-02-11 10:55:00",230040,13.61,24.87,752.6,18.74,61.84
"2023-02-11 11:00:00",230041,13.61,24.93,752.6,18.75,62.44
"2023-02-11 11:05:00",230042,13.61,24.94,752.5,19.34,61.31
"2023-02-11 11:10:00",230043,13.61,25.05,752.5,19.36,58.95
"2023-02-11 11:15:00",230044,13.61,25.2,752.5,18.99,61.7
"2023-02-11 11:20:00",230045,13.61,25.37,752.5,20.07,59.76
"2023-02-11 11:25:00",230046,13.61,25.64,752.3,20.63,59.42
"2023-02-11 11:30:00",230047,13.61,25.89,752.3,19.46,61.27
"2023-02-11 11:35:00",230048,13.61,26.12,752.2,19.67,59.51
"2023-02-11 11:40:00",230049,13.62,26.53,752.2,21.45,57.84
"2023-02-11 11:45:00",230050,13.62,27.27,752.1,22.37,49.48
"2023-02-11 11:50:00",230051,13.59,28.1,752.1,21.79,50.95
"2023-02-11 11:55:00",230052,13.56,28.8,752,22.17,48.41
"2023-02-11 12:00:00",230053,13.57,29.33,751.9,23.31,47.73
"2023-02-11 12:05:00",230054,13.54,29.78,751.9,22.49,48.51
"2023-02-11 12:10:00",230055,13.54,29.98,751.9,20.86,52.89
"2023-02-11 12:15:00",230056,13.54,29.98,751.8,21.36,50.96
"2023-02-11 12:20:00",230057,13.54,29.91,751.8,21.36,50.99
"2023-02-11 12:25:00",230058,13.54,29.79,751.6,21.49,51.29
"2023-02-11 12:30:00",230059,13.54,29.71,751.6,21.59,50.42
"2023-02-11 12:35:00",230060,13.54,29.66,751.6,21.99,48.26
"2023-02-11 12:40:00",230061,13.54,29.67,751.5,23.04,45.9
"2023-02-11 12:45:00",230062,13.54,29.79,751.4,22.89,46.08
"2023-02-11 12:50:00",230063,13.54,29.95,751.3,23.28,44.36
"2023-02-11 12:55:00",230064,13.54,30.15,751.2,23.15,43.79
"2023-02-11 13:00:00",230065,13.54,30.36,751.1,24.07,43.06
"2023-02-11 13:05:00",230066,13.54,30.62,751,22.58,44.75
"2023-02-11 13:10:00",230067,13.52,30.75,750.9,23.39,40.21
"2023-02-11 13:15:00",230068,13.52,30.8,750.8,23.33,40.63
"2023-02-11 13:20:00",230069,13.52,30.77,750.8,22.87,44.5
"2023-02-11 13:25:00",230070,13.52,30.67,750.7,23.07,41.9
"2023-02-11 13:30:00",230071,13.52,30.53,750.7,22.94,41.53
"2023-02-11 13:35:00",230072,13.52,30.42,750.6,22.75,42.58
"2023-02-11 13:40:00",230073,13.52,30.27,750.5,22.61,42.69
"2023-02-11 13:45:00",230074,13.52,30.09,750.5,22.4,45.02
"2023-02-11 13:50:00",230075,13.52,29.93,750.3,21.97,49.21
"2023-02-11 13:55:00",230076,13.52,29.67,750.3,22.01,47.75
"2023-02-11 14:00:00",230077,13.52,29.5,750.2,23.38,48.12
"2023-02-11 14:05:00",230078,13.52,29.45,750.2,22.46,47.81
"2023-02-11 14:10:00",230079,13.52,29.47,750.1,23.25,44.61
"2023-02-11 14:15:00",230080,13.52,29.57,750.1,22.7,46.24
"2023-02-11 14:20:00",230081,13.52,29.65,750,23.86,42.9
"2023-02-11 14:25:00",230082,13.52,29.84,749.8,23.59,43
"2023-02-11 14:30:00",230083,13.52,29.99,749.8,23.95,42.13
"2023-02-11 14:35:00",230084,13.52,30.15,749.6,24.41,38.32
"2023-02-11 14:40:00",230085,13.52,30.4,749.5,24.32,37.15
"2023-02-11 14:45:00",230086,13.52,30.69,749.4,24.84,37.7
"2023-02-11 14:50:00",230087,13.52,31.02,749.3,24.65,34.89
"2023-02-11 14:55:00",230088,13.52,31.3,749.2,24.24,36.25
"2023-02-11 15:00:00",230089,13.52,31.51,749.2,24.91,35.22
"2023-02-11 15:05:00",230090,13.52,31.75,749.1,26.33,32.37
"2023-02-11 15:10:00",230091,13.52,32.04,749,25.76,33.19
"2023-02-11 15:15:00",230092,13.5,32.31,748.9,25.79,37.4
"2023-02-11 15:20:00",230093,13.5,32.45,748.9,24.51,39.22
"2023-02-11 15:25:00",230094,13.5,32.32,748.7,23.53,40.39
"2023-02-11 15:30:00",230095,13.5,32.02,748.7,24.54,39.29
"2023-02-11 15:35:00",230096,13.49,31.67,748.6,23,43.97
"2023-02-11 15:40:00",230097,13.5,31.19,748.5,23.42,42.4
"2023-02-11 15:45:00",230098,13.49,30.74,748.4,22.89,43.24
"2023-02-11 15:50:00",230099,13.5,30.41,748.3,23.43,42.98
"2023-02-11 15:55:00",230100,13.49,30.29,748.2,24.63,40.48
"2023-02-11 16:00:00",230101,13.49,30.33,748.1,24.24,40.01
"2023-02-11 16:05:00",230102,13.5,30.46,748,24.15,40.65
"2023-02-11 16:10:00",230103,13.5,30.58,747.9,24.54,38.56
"2023-02-11 16:15:00",230104,13.5,30.69,747.9,23.89,39.51
"2023-02-11 16:20:00",230105,13.5,30.65,747.8,24,39.62
"2023-02-11 16:25:00",230106,13.49,30.6,747.8,23.97,39.52
"2023-02-11 16:30:00",230107,13.5,30.57,747.7,24.75,37.86
"2023-02-11 16:35:00",230108,13.5,30.7,747.6,25.25,37.01
"2023-02-11 16:40:00",230109,13.49,30.93,747.6,25.11,38.39
"2023-02-11 16:45:00",230110,13.5,31.22,747.6,25.74,35.67
"2023-02-11 16:50:00",230111,13.5,31.52,747.5,25.18,36.74
"2023-02-11 16:55:00",230112,13.5,31.74,747.5,24.81,37.5
"2023-02-11 17:00:00",230113,13.5,31.85,747.4,24.79,37.96
"2023-02-11 17:05:00",230114,13.5,31.83,747.4,25.2,36.68
"2023-02-11 17:10:00",230115,13.5,31.9,747.3,25.28,36.19
"2023-02-11 17:15:00",230116,13.5,32.04,747.3,25.41,37.53
"2023-02-11 17:20:00",230117,13.5,32.18,747.4,25,36.72
"2023-02-11 17:25:00",230118,13.5,32.31,747.3,25.04,35.86
"2023-02-11 17:30:00",230119,13.5,32.46,747.3,25.52,35.44
"2023-02-11 17:35:00",230120,13.5,32.64,747.3,25.45,35.5
"2023-02-11 17:40:00",230121,13.5,32.78,747.3,25.79,36.4
"2023-02-11 17:45:00",230122,13.47,32.91,747.3,25.82,34.61
"2023-02-11 17:50:00",230123,13.48,33.01,747.3,24.65,36.76
"2023-02-11 17:55:00",230124,13.47,32.93,747.3,25.22,35.88
"2023-02-11 18:00:00",230125,13.48,32.71,747.3,24.92,36.55
"2023-02-11 18:05:00",230126,13.48,32.39,747.4,24.33,38.04
"2023-02-11 18:10:00",230127,13.47,31.96,747.5,24.95,36.82
"2023-02-11 18:15:00",230128,13.47,31.24,747.4,24.17,36.71
"2023-02-11 18:20:00",230129,13.43,30.62,747.5,24,37.35
"2023-02-11 18:25:00",230130,13.31,29.93,747.4,24.33,37.19
"2023-02-11 18:30:00",230131,13.21,29.45,747.5,24.14,37.89
"2023-02-11 18:35:00",230132,13.13,29.1,747.5,23.77,38.88
"2023-02-11 18:40:00",230133,13.07,28.73,747.5,23.78,38.15
"2023-02-11 18:45:00",230134,13.02,28.39,747.6,23.58,39.22
"2023-02-11 18:50:00",230135,12.98,27.99,747.6,23.14,39.76
"2023-02-11 18:55:00",230136,12.94,27.57,747.7,23,39.68
"2023-02-11 19:00:00",230137,12.92,27.1,747.8,22.94,40
"2023-02-11 19:05:00",230138,12.91,26.65,747.8,22.83,40.64
"2023-02-11 19:10:00",230139,12.9,26.2,747.8,22.87,40.91
"2023-02-11 19:15:00",230140,12.9,25.82,747.9,22.82,41.52
"2023-02-11 19:20:00",230141,12.9,25.49,747.9,22.77,41.41
"2023-02-11 19:25:00",230142,12.89,25.22,748,22.63,41.5
"2023-02-11 19:30:00",230143,12.89,24.97,748.1,22.65,41.46
"2023-02-11 19:35:00",230144,12.89,24.74,748.1,22.61,42.14
"2023-02-11 19:40:00",230145,12.89,24.55,748.1,22.47,42.39
"2023-02-11 19:45:00",230146,12.88,24.37,748.1,22.27,41.88
"2023-02-11 19:50:00",230147,12.88,24.19,748.2,22.1,42.8
"2023-02-11 19:55:00",230148,12.88,23.95,748.3,21.93,44.16
"2023-02-11 20:00:00",230149,12.88,23.79,748.4,21.72,45.42
"2023-02-11 20:05:00",230150,12.88,23.68,748.4,21.54,46.32
"2023-02-11 20:10:00",230151,12.87,23.59,748.5,21.41,47.74
"2023-02-11 20:15:00",230152,12.87,23.53,748.7,21.25,47.91
"2023-02-11 20:20:00",230153,12.87,23.46,748.7,21.21,48.67
"2023-02-11 20:25:00",230154,12.87,23.39,748.7,21.11,49.1
"2023-02-11 20:30:00",230155,12.87,23.28,748.8,20.98,49.43
"2023-02-11 20:35:00",230156,12.87,23.2,748.8,20.92,50.27
"2023-02-11 20:40:00",230157,12.86,23.12,748.9,20.88,49.76
"2023-02-11 20:45:00",230158,12.86,23.02,748.9,20.87,49.41
"2023-02-11 20:50:00",230159,12.86,22.92,749,20.88,49.76
"2023-02-11 20:55:00",230160,12.86,22.86,749.1,20.88,50.36
"2023-02-11 21:00:00",230161,12.86,22.76,749.2,20.82,53.07
"2023-02-11 21:05:00",230162,12.85,22.69,749.3,20.63,54.07
"2023-02-11 21:10:00",230163,12.85,22.62,749.4,20.45,55.16
"2023-02-11 21:15:00",230164,12.85,22.55,749.4,20.6,54.47
"2023-02-11 21:20:00",230165,12.85,22.49,749.6,20.63,54.69
"2023-02-11 21:25:00",230166,12.85,22.42,749.7,20.57,54.99
"2023-02-11 21:30:00",230167,12.85,22.38,749.7,20.43,56.33
"2023-02-11 21:35:00",230168,12.85,22.32,749.8,20.38,56.54
"2023-02-11 21:40:00",230169,12.84,22.29,750,20.47,55.81
"2023-02-11 21:45:00",230170,12.84,22.26,750.1,20.6,54.97
"2023-02-11 21:50:00",230171,12.84,22.23,750.1,20.72,53.53
"2023-02-11 21:55:00",230172,12.84,22.21,750.2,20.6,53.42
"2023-02-11 22:00:00",230173,12.84,22.18,750.2,20.39,53.97
"2023-02-11 22:05:00",230174,12.83,22.11,750.3,20.32,54.34
"2023-02-11 22:10:00",230175,12.84,22.1,750.2,20.38,54.31
"2023-02-11 22:15:00",230176,12.84,22.06,750.2,20.31,54.49
"2023-02-11 22:20:00",230177,12.83,22.01,750.3,20.29,54.52
"2023-02-11 22:25:00",230178,12.83,21.96,750.3,20.05,54.51
"2023-02-11 22:30:00",230179,12.83,21.88,750.4,20,55.25
"2023-02-11 22:35:00",230180,12.83,21.76,750.4,19.98,56.02
"2023-02-11 22:40:00",230181,12.84,21.67,750.4,19.94,56.13
"2023-02-11 22:45:00",230182,12.84,21.54,750.4,19.75,57.27
"2023-02-11 22:50:00",230183,12.84,21.43,750.5,19.48,58.33
"2023-02-11 22:55:00",230184,12.84,21.32,750.5,19.31,59.55
"2023-02-11 23:00:00",230185,12.84,21.17,750.5,19.26,59.78
"2023-02-11 23:05:00",230186,12.83,21.07,750.5,19.52,57.79
"2023-02-11 23:10:00",230187,12.83,21,750.5,19.64,57.96
"2023-02-11 23:15:00",230188,12.83,20.95,750.5,19.54,58.4
"2023-02-11 23:20:00",230189,12.83,20.89,750.5,19.45,59.36
"2023-02-11 23:25:00",230190,12.83,20.87,750.5,19.38,57.58
"2023-02-11 23:30:00",230191,12.83,20.84,750.4,19.38,59.01
"2023-02-11 23:35:00",230192,12.82,20.83,750.4,19.28,60.39
"2023-02-11 23:40:00",230193,12.82,20.82,750.3,19.16,58.8
"2023-02-11 23:45:00",230194,12.82,20.78,750.3,19.16,57.58
"2023-02-11 23:50:00",230195,12.82,20.77,750.3,19.26,56.98
"2023-02-11 23:55:00",230196,12.82,20.74,750.2,19.22,58.07
"2023-02-12 00:00:00",230197,12.82,20.77,750.2,19.16,57.49
"2023-02-12 00:05:00",230198,12.81,20.46,750.1,19.09,59.94
"2023-02-12 00:10:00",230199,12.81,20.34,750.1,19.06,61.17
"2023-02-12 00:15:00",230200,12.81,20.28,750.1,19.06,61.5
"2023-02-12 00:20:00",230201,12.81,20.23,750.1,18.93,62.32
"2023-02-12 00:25:00",230202,12.81,20.18,750,18.8,62.87
"2023-02-12 00:30:00",230203,12.81,20.09,750,18.71,63.84
"2023-02-12 00:35:00",230204,12.81,19.99,750,18.47,65.17
"2023-02-12 00:40:00",230205,12.81,19.87,750,18.17,66.48
"2023-02-12 00:45:00",230206,12.81,19.7,750.1,18.25,64.15
"2023-02-12 00:50:00",230207,12.81,19.58,750,18.35,62.5
"2023-02-12 00:55:00",230208,12.8,19.46,750,18.49,62.73
"2023-02-12 01:00:00",230209,12.8,19.37,750.1,18.48,63.89
"2023-02-12 01:05:00",230210,12.8,19.31,750,18.38,62.59
"2023-02-12 01:10:00",230211,12.8,19.25,750,18.49,61.2
"2023-02-12 01:15:00",230212,12.8,19.21,749.9,18.6,62.09
"2023-02-12 01:20:00",230213,12.8,19.19,749.9,18.59,63.97
"2023-02-12 01:25:00",230214,12.8,19.16,749.8,18.46,64.9
"2023-02-12 01:30:00",230215,12.79,19.13,749.8,18.25,65.52
"2023-02-12 01:35:00",230216,12.79,19.1,749.7,18,66.54
"2023-02-12 01:40:00",230217,12.79,19.06,749.7,17.95,66.38
"2023-02-12 01:45:00",230218,12.79,19.03,749.7,17.99,65.86
"2023-02-12 01:50:00",230219,12.79,18.99,749.7,18.13,65.88
"2023-02-12 01:55:00",230220,12.79,18.97,749.6,18,65.8
"2023-02-12 02:00:00",230221,12.79,18.9,749.6,17.86,66.3
"2023-02-12 02:05:00",230222,12.79,18.81,749.5,17.8,66.44
"2023-02-12 02:10:00",230223,12.78,18.7,749.6,17.57,67.52
"2023-02-12 02:15:00",230224,12.78,18.57,749.6,17.44,67.46
"2023-02-12 02:20:00",230225,12.78,18.44,749.6,17.42,66.58
"2023-02-12 02:25:00",230226,12.78,18.3,749.6,17.35,67.33
"2023-02-12 02:30:00",230227,12.78,18.21,749.6,17.29,68.28
"2023-02-12 02:35:00",230228,12.78,18.1,749.6,17.03,67.65
"2023-02-12 02:40:00",230229,12.78,18,749.6,17.13,67.38
"2023-02-12 02:45:00",230230,12.78,17.94,749.7,17.2,66.89
"2023-02-12 02:50:00",230231,12.78,17.89,749.7,17.1,67.75
"2023-02-12 02:55:00",230232,12.78,17.86,749.7,17.03,68.3
"2023-02-12 03:00:00",230233,12.78,17.8,749.7,17.01,68.58
"2023-02-12 03:05:00",230234,12.78,17.75,749.7,16.89,70.07
"2023-02-12 03:10:00",230235,12.78,17.71,749.8,16.9,70.91
"2023-02-12 03:15:00",230236,12.77,17.65,749.8,16.85,71.07
"2023-02-12 03:20:00",230237,12.77,17.6,749.9,16.85,70.9
"2023-02-12 03:25:00",230238,12.77,17.54,749.9,16.77,70.14
"2023-02-12 03:30:00",230239,12.76,17.48,749.9,16.75,71.66
"2023-02-12 03:35:00",230240,12.77,17.44,749.9,16.52,73.39
"2023-02-12 03:40:00",230241,12.76,17.43,749.9,16.48,73.87
"2023-02-12 03:45:00",230242,12.76,17.39,749.9,16.41,74.37
"2023-02-12 03:50:00",230243,12.76,17.36,749.9,16.37,74.3
"2023-02-12 03:55:00",230244,12.76,17.31,749.8,16.25,75.02
"2023-02-12 04:00:00",230245,12.75,17.27,749.7,16.23,75.13
"2023-02-12 04:05:00",230246,12.75,17.22,749.7,16.44,74.2
"2023-02-12 04:10:00",230247,12.75,17.2,749.7,16.53,72.88
"2023-02-12 04:15:00",230248,12.75,17.18,749.7,16.55,74.68
"2023-02-12 04:20:00",230249,12.75,17.17,749.8,16.49,75.44
"2023-02-12 04:25:00",230250,12.75,17.17,749.8,16.32,75.49
"2023-02-12 04:30:00",230251,12.74,17.18,749.9,16.3,74.8
"2023-02-12 04:35:00",230252,12.74,17.2,749.9,16.45,73.78
"2023-02-12 04:40:00",230253,12.74,17.2,750,16.15,76.16
"2023-02-12 04:45:00",230254,12.74,17.21,750.1,16.05,75.4
"2023-02-12 04:50:00",230255,12.74,17.19,750.1,16.09,75.36
"2023-02-12 04:55:00",230256,12.73,17.19,750.1,15.95,75.78
"2023-02-12 05:00:00",230257,12.73,17.19,750.1,16.03,75.09
"2023-02-12 05:05:00",230258,12.73,17.2,750.2,16.3,74.83
"2023-02-12 05:10:00",230259,12.73,17.22,750.3,16.32,73.64
"2023-02-12 05:15:00",230260,12.72,17.26,750.3,16.5,72.39
"2023-02-12 05:20:00",230261,12.72,17.31,750.4,16.73,71.57
"2023-02-12 05:25:00",230262,12.72,17.36,750.5,16.79,71.32
"2023-02-12 05:30:00",230263,12.72,17.43,750.5,16.73,72.29
"2023-02-12 05:35:00",230264,12.72,17.43,750.7,16.75,72.06
"2023-02-12 05:40:00",230265,12.72,17.45,750.9,16.64,72.79
"2023-02-12 05:45:00",230266,12.7,17.6,751,16.63,72.7
"2023-02-12 05:50:00",230267,12.69,17.91,751,15.2,73.02
"2023-02-12 05:55:00",230268,12.69,17.9,751.3,14.61,75.34
"2023-02-12 06:00:00",230269,12.69,17.77,751.3,14.51,76.27
"2023-02-12 06:05:00",230270,12.69,17.57,751.7,14.16,78.48
"2023-02-12 06:10:00",230271,12.68,17.25,751.8,13.71,82
"2023-02-12 06:15:00",230272,12.68,16.97,752,13.26,86.2
"2023-02-12 06:20:00",230273,12.68,16.65,752.1,13.35,87.9
"2023-02-12 06:25:00",230274,12.68,16.28,752.3,12.84,90.3
"2023-02-12 06:30:00",230275,12.67,15.92,752.5,12.63,92.8
"2023-02-12 06:35:00",230276,12.67,15.66,752.6,12.6,94.3
"2023-02-12 06:40:00",230277,12.66,15.32,752.8,12.51,95
"2023-02-12 06:45:00",230278,12.66,15.09,752.8,12.38,95.3
"2023-02-12 06:50:00",230279,12.66,14.9,752.9,12.29,96.1
"2023-02-12 06:55:00",230280,12.67,14.74,753,12.12,96.2
"2023-02-12 07:00:00",230281,12.67,14.51,753,12.04,95.6
"2023-02-12 07:05:00",230282,12.68,14.43,753.1,12.18,96.2
"2023-02-12 07:10:00",230283,12.69,14.34,753.2,12.1,96
"2023-02-12 07:15:00",230284,12.7,14.29,753.2,12,95.9
"2023-02-12 07:20:00",230285,12.73,14.27,753.3,11.98,95.7
"2023-02-12 07:25:00",230286,12.77,14.22,753.3,12.03,95.8
"2023-02-12 07:30:00",230287,12.81,14.21,753.3,12.15,96.1
"2023-02-12 07:35:00",230288,12.83,14.24,753.2,12.12,95.4
"2023-02-12 07:40:00",230289,12.89,14.25,753.2,12.2,94
"2023-02-12 07:45:00",230290,12.98,14.25,753.3,12.28,93
"2023-02-12 07:50:00",230291,13.09,14.29,753.3,12.4,93.1
"2023-02-12 07:55:00",230292,13.23,14.37,753.4,12.49,92.2
"2023-02-12 08:00:00",230293,13.45,14.53,753.4,13.07,93
"2023-02-12 08:05:00",230294,13.61,14.81,753.4,13.53,92.1
"2023-02-12 08:10:00",230295,13.78,15.19,753.4,13.6,91.3
"2023-02-12 08:15:00",230296,13.84,16.19,753.4,13.81,90.4
"2023-02-12 08:20:00",230297,13.82,17.13,753.5,13.97,89.9
"2023-02-12 08:25:00",230298,13.82,17.62,753.5,14.22,88.9
"2023-02-12 08:30:00",230299,13.79,17.94,753.4,14.4,86.5
"2023-02-12 08:35:00",230300,13.79,18.26,753.5,14.81,83.8
"2023-02-12 08:40:00",230301,13.79,18.64,753.5,15.48,82.3
"2023-02-12 08:45:00",230302,13.76,18.98,753.5,15.49,80.3
"2023-02-12 08:50:00",230303,13.76,19.37,753.4,15.64,81
"2023-02-12 08:55:00",230304,13.77,19.74,753.4,15.44,81
"2023-02-12 09:00:00",230305,13.77,20.02,753.4,16.09,80.3
"2023-02-12 09:05:00",230306,13.73,20.46,753.4,17.02,76.73
"2023-02-12 09:10:00",230307,13.74,21.01,753.4,16.67,74.88
"2023-02-12 09:15:00",230308,13.71,21.45,753.3,16.38,72.85
"2023-02-12 09:20:00",230309,13.71,21.78,753.2,16.57,70.88
"2023-02-12 09:25:00",230310,13.71,22.32,753.2,18.17,66.74
"2023-02-12 09:30:00",230311,13.69,23.09,753.1,17.93,66.7
"2023-02-12 09:35:00",230312,13.68,23.76,753.1,17.32,65.41
"2023-02-12 09:40:00",230313,13.66,24.23,753,17.55,63.97
"2023-02-12 09:45:00",230314,13.66,24.68,753,18.49,60.69
"2023-02-12 09:50:00",230315,13.63,25.09,752.9,17.81,60.79
"2023-02-12 09:55:00",230316,13.63,25.38,752.9,17.86,61.79
"2023-02-12 10:00:00",230317,13.63,25.61,752.9,18.21,60.76
"2023-02-12 10:05:00",230318,13.63,25.95,752.8,19.65,56.09
"2023-02-12 10:10:00",230319,13.61,26.5,752.7,20.1,54.77
"2023-02-12 10:15:00",230320,13.61,27.17,752.7,19.62,58.56
"2023-02-12 10:20:00",230321,13.58,27.81,752.7,19.24,58.38
"2023-02-12 10:25:00",230322,13.58,28.29,752.6,19.32,60.31
"2023-02-12 10:30:00",230323,13.58,28.68,752.5,20.3,59.52
"2023-02-12 10:35:00",230324,13.56,29.14,752.5,20.33,57.54
"2023-02-12 10:40:00",230325,13.56,29.58,752.5,19.72,59.61
"2023-02-12 10:45:00",230326,13.56,29.73,752.4,19.19,60.98
"2023-02-12 10:50:00",230327,13.56,29.67,752.4,19.53,57.02
"2023-02-12 10:55:00",230328,13.56,29.59,752.3,19.25,57.9
"2023-02-12 11:00:00",230329,13.56,29.45,752.3,19.52,59.34
"2023-02-12 11:05:00",230330,13.56,29.21,752.3,19.25,57.74
"2023-02-12 11:10:00",230331,13.56,28.89,752.2,19.5,59.03
"2023-02-12 11:15:00",230332,13.56,28.57,752.1,18.7,60.66
"2023-02-12 11:20:00",230333,13.56,28.26,752.1,19.16,60.19
"2023-02-12 11:25:00",230334,13.56,28.05,752,19.34,57.6
"2023-02-12 11:30:00",230335,13.56,28.12,751.9,20.64,54.51
"2023-02-12 11:35:00",230336,13.56,28.46,751.8,21.67,53.44
"2023-02-12 11:40:00",230337,13.56,29.02,751.8,22.46,51.99
"2023-02-12 11:45:00",230338,13.56,29.54,751.7,21.79,51.67
"2023-02-12 11:50:00",230339,13.54,29.91,751.6,21.44,52.41
"2023-02-12 11:55:00",230340,13.54,30.09,751.5,21.07,51.64
"2023-02-12 12:00:00",230341,13.54,30.2,751.5,21.14,51.59
"2023-02-12 12:05:00",230342,13.54,30.28,751.4,20.81,51.48
"2023-02-12 12:10:00",230343,13.54,30.31,751.2,21.07,49.53
"2023-02-12 12:15:00",230344,13.54,30.37,751.1,22.04,48.96
"2023-02-12 12:20:00",230345,13.54,30.42,751,21.69,48.57
"2023-02-12 12:25:00",230346,13.54,30.42,750.9,21.59,47.89
"2023-02-12 12:30:00",230347,13.54,30.35,750.8,22.13,45.6
"2023-02-12 12:35:00",230348,13.54,30.33,750.7,22.44,46.28
"2023-02-12 12:40:00",230349,13.54,30.4,750.6,23.24,42.54
"2023-02-12 12:45:00",230350,13.54,30.57,750.4,23.94,41.94
"2023-02-12 12:50:00",230351,13.54,30.73,750.4,22.61,46.43
"2023-02-12 12:55:00",230352,13.52,30.81,750.2,22.69,45.44
"2023-02-12 13:00:00",230353,13.52,30.82,750.1,23.39,46.23
"2023-02-12 13:05:00",230354,13.52,30.83,750,23.12,44.66
"2023-02-12 13:10:00",230355,13.52,30.76,749.8,22.28,47.95
"2023-02-12 13:15:00",230356,13.52,30.66,749.7,23.03,45.45
"2023-02-12 13:20:00",230357,13.52,30.56,749.6,22.76,45.13
"2023-02-12 13:25:00",230358,13.52,30.42,749.4,22.83,43.69
"2023-02-12 13:30:00",230359,13.52,30.28,749.3,23.91,40.59
"2023-02-12 13:35:00",230360,13.52,30.25,749.2,24.45,41.11
"2023-02-12 13:40:00",230361,13.52,30.32,749.1,24.75,43.85
"2023-02-12 13:45:00",230362,13.52,30.39,749,24.28,41.19
"2023-02-12 13:50:00",230363,13.52,30.46,748.9,23.93,43.07
"2023-02-12 13:55:00",230364,13.51,30.52,748.8,24.68,40.78
"2023-02-12 14:00:00",230365,13.52,30.55,748.7,23.63,41.77
"2023-02-12 14:05:00",230366,13.52,30.51,748.6,23.44,44.47
"2023-02-12 14:10:00",230367,13.52,30.46,748.4,24.97,41.4
"2023-02-12 14:15:00",230368,13.52,30.5,748.3,24.45,40.32
"2023-02-12 14:20:00",230369,13.52,30.6,748.2,25.01,39.63
"2023-02-12 14:25:00",230370,13.52,30.74,748.1,24.31,38.67
"2023-02-12 14:30:00",230371,13.52,30.89,748,24.74,38.94
"2023-02-12 14:35:00",230372,13.52,31.07,748,25.67,37.52
"2023-02-12 14:40:00",230373,13.52,31.23,747.9,25.11,39.44
"2023-02-12 14:45:00",230374,13.52,31.43,747.7,25.36,38.51
"2023-02-12 14:50:00",230375,13.52,31.64,747.6,25.71,37.39
"2023-02-12 14:55:00",230376,13.52,31.88,747.5,24.95,38.5
"2023-02-12 15:00:00",230377,13.49,32,747.5,25.2,38.4
"2023-02-12 15:05:00",230378,13.49,32.13,747.3,26.16,36.77
"2023-02-12 15:10:00",230379,13.5,32.37,747.3,26.16,36.37
"2023-02-12 15:15:00",230380,13.49,32.57,747.2,25.86,37.14
"2023-02-12 15:20:00",230381,13.5,32.72,747.1,25.44,36.9
"2023-02-12 15:25:00",230382,13.5,32.88,746.9,27.15,35.6
"2023-02-12 15:30:00",230383,13.47,33.14,746.8,27.1,34.93
"2023-02-12 15:35:00",230384,13.47,33.48,746.8,26.72,36.13
"2023-02-12 15:40:00",230385,13.47,33.78,746.7,26.33,35.32
"2023-02-12 15:45:00",230386,13.47,33.9,746.6,25.93,37.15
"2023-02-12 15:50:00",230387,13.47,33.94,746.6,26.66,35.52
"2023-02-12 15:55:00",230388,13.47,34.05,746.4,26.8,36.44
"2023-02-12 16:00:00",230389,13.47,34.27,746.3,27.35,35.15
"2023-02-12 16:05:00",230390,13.45,34.5,746.1,27.38,35.29
"2023-02-12 16:10:00",230391,13.45,34.77,746,27.33,29.88
"2023-02-12 16:15:00",230392,13.45,35.02,745.9,27.39,27.63
"2023-02-12 16:20:00",230393,13.45,35.21,745.9,27.69,29.26
"2023-02-12 16:25:00",230394,13.45,35.32,745.9,27.32,27.42
"2023-02-12 16:30:00",230395,13.45,35.37,745.8,27.32,25.98
"2023-02-12 16:35:00",230396,13.43,35.43,745.8,26.76,34.49
"2023-02-12 16:40:00",230397,13.42,35.46,745.7,26.63,34.55
"2023-02-12 16:45:00",230398,13.42,35.48,745.7,27.6,34.23
"2023-02-12 16:50:00",230399,13.42,35.44,745.7,26.14,33.93
"2023-02-12 16:55:00",230400,13.43,35.26,745.7,26.1,34.2
"2023-02-12 17:00:00",230401,13.42,35.04,745.8,26.91,33.03
"2023-02-12 17:05:00",230402,13.43,34.8,745.7,25.67,32.65
"2023-02-12 17:10:00",230403,13.42,34.37,745.7,26.15,32.49
"2023-02-12 17:15:00",230404,13.42,34.02,745.7,25.78,33.39
"2023-02-12 17:20:00",230405,13.42,33.7,745.7,25.82,32.26
"2023-02-12 17:25:00",230406,13.42,33.38,745.7,25.8,31.72
"2023-02-12 17:30:00",230407,13.42,33.07,745.7,26.29,29.93
"2023-02-12 17:35:00",230408,13.42,32.85,745.8,26.09,31.67
"2023-02-12 17:40:00",230409,13.42,32.6,745.8,25.41,33.7
"2023-02-12 17:45:00",230410,13.42,32.21,745.8,25.24,35.22
"2023-02-12 17:50:00",230411,13.45,31.76,745.8,25.13,33.67
"2023-02-12 17:55:00",230412,13.45,31.28,745.8,25.01,34.66
"2023-02-12 18:00:00",230413,13.44,30.58,746,24.93,35.65
"2023-02-12 18:05:00",230414,13.38,29.7,746,24.79,34.24
"2023-02-12 18:10:00",230415,13.29,29.13,746.1,24.65,35.69
"2023-02-12 18:15:00",230416,13.2,28.67,746.2,24.58,35.02
"2023-02-12 18:20:00",230417,13.13,28.28,746.2,24.47,35.31
"2023-02-12 18:25:00",230418,13.08,27.93,746.3,24.35,35.87
"2023-02-12 18:30:00",230419,13.04,27.61,746.4,24.21,37.47
"2023-02-12 18:35:00",230420,13,27.32,746.4,23.83,39.5
"2023-02-12 18:40:00",230421,12.96,27.05,746.5,23.57,41.44
"2023-02-12 18:45:00",230422,12.94,26.8,746.6,23.34,43.88
"2023-02-12 18:50:00",230423,12.93,26.53,746.7,23.1,45.72
"2023-02-12 18:55:00",230424,12.91,26.27,746.8,22.89,45.98
"2023-02-12 19:00:00",230425,12.91,26.02,746.8,22.7,46.88
"2023-02-12 19:05:00",230426,12.9,25.78,746.8,22.68,46.85
"2023-02-12 19:10:00",230427,12.9,25.57,746.9,22.64,47.29
"2023-02-12 19:15:00",230428,12.89,25.4,746.9,22.65,45.98
"2023-02-12 19:20:00",230429,12.89,25.27,747,22.66,47.01
"2023-02-12 19:25:00",230430,12.89,25.16,747.1,22.53,47.25
"2023-02-12 19:30:00",230431,12.89,25.05,747.2,22.49,48.39
"2023-02-12 19:35:00",230432,12.89,24.96,747.3,22.44,47.87
"2023-02-12 19:40:00",230433,12.88,24.9,747.3,22.29,49.22
"2023-02-12 19:45:00",230434,12.88,24.88,747.4,22.22,50.13
"2023-02-12 19:50:00",230435,12.88,24.8,747.6,22.09,50.74
"2023-02-12 19:55:00",230436,12.87,24.75,747.7,21.91,52.79
"2023-02-12 20:00:00",230437,12.87,24.67,747.7,22.09,49.54
"2023-02-12 20:05:00",230438,12.87,24.61,747.7,22.39,48.72
"2023-02-12 20:10:00",230439,12.87,24.47,747.7,22.28,49.75
"2023-02-12 20:15:00",230440,12.87,24.41,748,22.36,50.65
"2023-02-12 20:20:00",230441,12.87,23.99,748.6,16.89,77.55
"2023-02-12 20:25:00",230442,12.86,22.76,748.3,16.67,78.29
"2023-02-12 20:30:00",230443,12.86,21.46,748.5,14.88,86.5
"2023-02-12 20:35:00",230444,12.85,20.27,748.8,15.44,83.8
"2023-02-12 20:40:00",230445,12.85,19.42,748.9,17.4,69.35
"2023-02-12 20:45:00",230446,12.85,18.9,748.9,18.59,60.86
"2023-02-12 20:50:00",230447,12.84,18.69,749,18.42,65.87
"2023-02-12 20:55:00",230448,12.84,18.69,749.1,17.89,67.45
"2023-02-12 21:00:00",230449,12.84,18.8,749.2,17.89,66.22
"2023-02-12 21:05:00",230450,12.83,18.91,749.5,17.89,68.63
"2023-02-12 21:10:00",230451,12.83,18.99,749.5,15.94,77.41
"2023-02-12 21:15:00",230452,12.83,18.91,749.4,15.76,77.43
"2023-02-12 21:20:00",230453,12.83,18.79,749.4,16.36,70.09
"2023-02-12 21:25:00",230454,12.83,18.67,749.2,16.61,66.67
"2023-02-12 21:30:00",230455,12.83,18.65,749.1,16.88,64.98
"2023-02-12 21:35:00",230456,12.82,18.62,748.9,17.23,63.68
"2023-02-12 21:40:00",230457,12.82,18.64,748.8,17.2,62.3
"2023-02-12 21:45:00",230458,12.82,18.66,748.7,17.27,63.75
"2023-02-12 21:50:00",230459,12.82,18.67,748.5,16.71,67.89
"2023-02-12 21:55:00",230460,12.82,18.61,748.4,16.73,67.63
"2023-02-12 22:00:00",230461,12.82,18.57,748.3,17.33,64.44
"2023-02-12 22:05:00",230462,12.81,18.58,748.4,17.4,64.3
"2023-02-12 22:10:00",230463,12.81,18.6,748.4,17.43,63.47
"2023-02-12 22:15:00",230464,12.81,18.62,748.3,17.46,62.26
"2023-02-12 22:20:00",230465,12.81,18.63,748.2,17.54,65.16
"2023-02-12 22:25:00",230466,12.81,18.62,748.3,17.21,67.3
"2023-02-12 22:30:00",230467,12.81,18.61,748.4,16.7,68.67
"2023-02-12 22:35:00",230468,12.81,18.58,748.6,16.85,67.47
"2023-02-12 22:40:00",230469,12.81,18.53,748.5,17.09,65.9
"2023-02-12 22:45:00",230470,12.81,18.51,748.5,17.37,63.46
"2023-02-12 22:50:00",230471,12.8,18.5,748.5,17.72,61.7
"2023-02-12 22:55:00",230472,12.8,18.54,748.5,17.94,60.6
"2023-02-12 23:00:00",230473,12.8,18.54,748.7,17.95,60.78
"2023-02-12 23:05:00",230474,12.8,18.57,748.8,18.12,59.42
"2023-02-12 23:10:00",230475,12.8,18.63,748.9,18.19,59.58
"2023-02-12 23:15:00",230476,12.8,18.67,749,17.89,61.31
"2023-02-12 23:20:00",230477,12.8,18.74,749,17.4,66.1
"2023-02-12 23:25:00",230478,12.8,18.74,749.1,17.25,66.17
"2023-02-12 23:30:00",230479,12.8,18.73,749.2,17.11,66.9
"2023-02-12 23:35:00",230480,12.79,18.69,749.2,17.05,66.95
"2023-02-12 23:40:00",230481,12.79,18.64,749.3,17.17,65.95
"2023-02-12 23:45:00",230482,12.79,18.61,749.3,17.26,66.37
"2023-02-12 23:50:00",230483,12.79,18.6,749.4,17.3,66.12
"2023-02-12 23:55:00",230484,12.79,18.57,749.4,17.27,65.99
"2023-02-13 00:00:00",230485,12.79,18.57,749.5,17.2,64.92
"2023-02-13 00:05:00",230486,12.79,18.53,749.6,17.27,65.58
"2023-02-13 00:10:00",230487,12.78,18.52,749.5,17.27,66.32
"2023-02-13 00:15:00",230488,12.78,18.53,749.5,17.36,64.86
"2023-02-13 00:20:00",230489,12.78,18.55,749.4,17.71,63.14
"2023-02-13 00:25:00",230490,12.78,18.58,749.4,17.73,62.6
"2023-02-13 00:30:00",230491,12.78,18.64,749.4,17.86,60.95
"2023-02-13 00:35:00",230492,12.78,18.71,749.4,18.01,59.13
"2023-02-13 00:40:00",230493,12.78,18.75,749.4,17.99,60.58
"2023-02-13 00:45:00",230494,12.77,18.81,749.4,17.85,61.13
"2023-02-13 00:50:00",230495,12.77,18.85,749.3,18.19,54.92
"2023-02-13 00:55:00",230496,12.77,18.9,749.3,18.02,62.23
"2023-02-13 01:00:00",230497,12.77,18.92,749.3,17.65,64.23
"2023-02-13 01:05:00",230498,12.77,18.89,749.2,17.38,67.95
"2023-02-13 01:10:00",230499,12.76,18.8,749.1,17.13,67.99
"2023-02-13 01:15:00",230500,12.76,18.74,749.1,17.13,68.37
"2023-02-13 01:20:00",230501,12.76,18.66,749.1,17.29,65.55
"2023-02-13 01:25:00",230502,12.76,18.58,749,17.23,68.56
"2023-02-13 01:30:00",230503,12.76,18.5,749,17.09,69.59
"2023-02-13 01:35:00",230504,12.75,18.41,748.9,17.03,70.94
"2023-02-13 01:40:00",230505,12.75,18.3,748.9,16.93,71.18
"2023-02-13 01:45:00",230506,12.77,18.23,748.7,17.05,67.33
"2023-02-13 01:50:00",230507,12.76,18.11,748.6,17.15,67.64
"2023-02-13 01:55:00",230508,12.76,18.01,748.5,16.85,68.38
"2023-02-13 02:00:00",230509,12.76,17.95,748.5,17.03,61.89
"2023-02-13 02:05:00",230510,12.75,17.89,748.6,16.88,67.36
"2023-02-13 02:10:00",230511,12.75,17.75,748.6,16.64,68.11
"2023-02-13 02:15:00",230512,12.75,17.67,748.6,16.48,69.24
"2023-02-13 02:20:00",230513,12.75,17.56,748.5,16.26,69.72
"2023-02-13 02:25:00",230514,12.75,17.44,748.4,16.11,71.54
"2023-02-13 02:30:00",230515,12.74,17.36,748.4,16.04,73.5
"2023-02-13 02:35:00",230516,12.74,17.27,748.4,15.95,74.93
"2023-02-13 02:40:00",230517,12.74,17.15,748.5,15.81,74.5
"2023-02-13 02:45:00",230518,12.74,17.04,748.4,15.8,72.85
"2023-02-13 02:50:00",230519,12.73,16.95,748.4,15.92,73.13
"2023-02-13 02:55:00",230520,12.73,16.86,748.4,15.7,75.22
"2023-02-13 03:00:00",230521,12.73,16.81,748.4,15.8,77.16
"2023-02-13 03:05:00",230522,12.73,16.74,748.4,15.67,77.1
"2023-02-13 03:10:00",230523,12.72,16.66,748.3,15.56,79
"2023-02-13 03:15:00",230524,12.71,16.61,748.3,15.59,78.06
"2023-02-13 03:20:00",230525,12.71,16.55,748.2,15.64,78.18
"2023-02-13 03:25:00",230526,12.71,16.5,748.2,15.43,79.31
"2023-02-13 03:30:00",230527,12.7,16.45,748.3,15.4,80.4
"2023-02-13 03:35:00",230528,12.7,16.42,748.2,15.42,80.2
"2023-02-13 03:40:00",230529,12.7,16.39,748.2,15.29,81.3
"2023-02-13 03:45:00",230530,12.7,16.34,748.3,15.14,82
"2023-02-13 03:50:00",230531,12.69,16.28,748.3,15.04,81.5
"2023-02-13 03:55:00",230532,12.69,16.23,748.3,15.11,80.5
"2023-02-13 04:00:00",230533,12.69,16.18,748.3,15.42,77.3
"2023-02-13 04:05:00",230534,12.69,16.19,748.3,15.3,78.5
"2023-02-13 04:10:00",230535,12.68,16.18,748.3,15.07,79.31
"2023-02-13 04:15:00",230536,12.68,16.15,748.3,14.89,80.1
"2023-02-13 04:20:00",230537,12.68,16.14,748.3,14.98,79.43
"2023-02-13 04:25:00",230538,12.68,16.04,748.3,15.13,77.91
"2023-02-13 04:30:00",230539,12.67,16.12,748.4,15.11,78.85
"2023-02-13 04:35:00",230540,12.67,16.06,748.4,15.07,78.9
"2023-02-13 04:40:00",230541,12.67,16.08,748.4,15.08,79.98
"2023-02-13 04:45:00",230542,12.66,16.11,748.3,15.12,80.9
"2023-02-13 04:50:00",230543,12.66,16.15,748.3,14.72,81
"2023-02-13 04:55:00",230544,12.66,16.12,748.3,14.56,81.7
"2023-02-13 05:00:00",230545,12.66,16.09,748.3,14.52,82.3
"2023-02-13 05:05:00",230546,12.65,16.03,748.3,14.53,82
"2023-02-13 05:10:00",230547,12.65,16,748.3,14.59,80.8
"2023-02-13 05:15:00",230548,12.65,15.96,748.3,14.6,79.44
"2023-02-13 05:20:00",230549,12.64,15.91,748.3,14.57,78.96
"2023-02-13 05:25:00",230550,12.64,15.84,748.3,14.44,81
"2023-02-13 05:30:00",230551,12.64,15.73,748.3,14.43,80.8
"2023-02-13 05:35:00",230552,12.64,15.62,748.4,14.63,78.75
"2023-02-13 05:40:00",230553,12.63,15.53,748.4,14.76,77.86
"2023-02-13 05:45:00",230554,12.63,15.49,748.4,14.65,80.7
"2023-02-13 05:50:00",230555,12.63,15.43,748.5,14.55,79.26
"2023-02-13 05:55:00",230556,12.63,15.35,748.6,14.55,83.1
"2023-02-13 06:00:00",230557,12.63,15.29,748.7,14.48,82.3
"2023-02-13 06:05:00",230558,12.62,15.27,748.6,14.69,81.4
"2023-02-13 06:10:00",230559,12.62,15.29,748.8,14.76,80.4
"2023-02-13 06:15:00",230560,12.63,15.38,748.8,14.67,79.56
"2023-02-13 06:20:00",230561,12.63,15.44,748.8,14.43,82.2
"2023-02-13 06:25:00",230562,12.64,15.45,748.8,14.23,83.5
"2023-02-13 06:30:00",230563,12.65,15.46,748.8,14.27,81.8
"2023-02-13 06:35:00",230564,12.68,15.47,748.9,14.69,79.98
"2023-02-13 06:40:00",230565,12.71,15.47,749,14.67,80.6
"2023-02-13 06:45:00",230566,12.75,15.52,749.2,14.41,82.1
"2023-02-13 06:50:00",230567,12.8,15.58,749.2,14.44,82.8
"2023-02-13 06:55:00",230568,12.9,15.64,749.3,14.67,82.6
"2023-02-13 07:00:00",230569,13.02,15.79,749.4,15.07,80
"2023-02-13 07:05:00",230570,13.2,15.99,749.5,15.7,76.86
"2023-02-13 07:10:00",230571,13.41,16.28,749.5,16.39,73.97
"2023-02-13 07:15:00",230572,13.49,16.65,749.6,17.13,72.14
"2023-02-13 07:20:00",230573,13.52,16.98,749.6,17.07,72.36
"2023-02-13 07:25:00",230574,13.45,17.25,749.7,17.18,70.47
"2023-02-13 07:30:00",230575,13.43,17.51,749.8,16.63,74.33
"2023-02-13 07:35:00",230576,13.44,17.73,749.9,16.49,73.85
"2023-02-13 07:40:00",230577,13.53,18.02,750,16.39,75.11
"2023-02-13 07:45:00",230578,13.57,18.29,750.1,16.31,77.38
"2023-02-13 07:50:00",230579,13.63,18.51,750.1,16.29,77.09
"2023-02-13 07:55:00",230580,13.76,19.75,750.1,16.58,75.23
"2023-02-13 08:00:00",230581,13.76,20.69,750.1,16.74,73.83
"2023-02-13 08:05:00",230582,13.73,21.37,750.1,17.39,72.02
"2023-02-13 08:10:00",230583,13.7,22.03,750.2,18.31,68.21
"2023-02-13 08:15:00",230584,13.7,22.69,750.2,18.94,64.8
"2023-02-13 08:20:00",230585,13.68,23.37,750.2,19.37,63.09
"2023-02-13 08:25:00",230586,13.68,24.01,750.2,19.63,61.9
"2023-02-13 08:30:00",230587,13.65,24.63,750.2,18.86,62.97
"2023-02-13 08:35:00",230588,13.65,25.16,750.3,20,62.26
"2023-02-13 08:40:00",230589,13.62,25.71,750.3,20.41,59.14
"2023-02-13 08:45:00",230590,13.63,26.25,750.3,20.05,59.15
"2023-02-13 08:50:00",230591,13.62,26.69,750.3,19.75,57.42
"2023-02-13 08:55:00",230592,13.6,27,750.4,20.96,55.33
"2023-02-13 09:00:00",230593,13.6,27.39,750.4,21.33,52.89
"2023-02-13 09:05:00",230594,13.57,27.89,750.4,22.01,49.82
"2023-02-13 09:10:00",230595,13.57,28.41,750.5,22.05,48.49
"2023-02-13 09:15:00",230596,13.58,28.99,750.5,21.68,48.6
"2023-02-13 09:20:00",230597,13.55,29.44,750.4,21.82,53.37
"2023-02-13 09:25:00",230598,13.55,29.76,750.4,21.96,48.51
"2023-02-13 09:30:00",230599,13.55,29.91,750.5,20.84,50.95
"2023-02-13 09:35:00",230600,13.55,29.84,750.5,21.69,50.62
"2023-02-13 09:40:00",230601,13.55,29.77,750.5,22.35,49.13
"2023-02-13 09:45:00",230602,13.55,29.77,750.5,22.46,50.29
"2023-02-13 09:50:00",230603,13.55,29.85,750.4,21.91,48.88
"2023-02-13 09:55:00",230604,13.55,29.95,750.3,22.71,47.05
"2023-02-13 10:00:00",230605,13.55,30.28,750.2,23.3,44.58
"2023-02-13 10:05:00",230606,13.53,30.58,750.2,21.82,47.92
"2023-02-13 10:10:00",230607,13.53,30.84,750.1,23.14,45.34
"2023-02-13 10:15:00",230608,13.53,31.18,750.1,23.67,42.91
"2023-02-13 10:20:00",230609,13.51,31.53,750,23.71,43.73
"2023-02-13 10:25:00",230610,13.51,31.85,750,23.31,43.81
"2023-02-13 10:30:00",230611,13.51,32.17,750,25.08,41.8
"2023-02-13 10:35:00",230612,13.48,32.61,749.9,25.72,41.02
"2023-02-13 10:40:00",230613,13.48,33.01,749.9,23.41,43.56
"2023-02-13 10:45:00",230614,13.48,33.12,749.8,23.89,43.33
"2023-02-13 10:50:00",230615,13.48,33.21,749.8,24.3,40.11
"2023-02-13 10:55:00",230616,13.49,33.28,749.6,24.29,39.29
"2023-02-13 11:00:00",230617,13.49,33.44,749.6,24.72,39.76
"2023-02-13 11:05:00",230618,13.46,33.54,749.5,24.85,37.63
"2023-02-13 11:10:00",230619,13.46,33.57,749.5,24.91,38.5
"2023-02-13 11:15:00",230620,13.46,33.75,749.5,25.89,36.28
"2023-02-13 11:20:00",230621,13.46,33.99,749.4,24.43,38.25
"2023-02-13 11:25:00",230622,13.46,34.06,749.3,24.24,40.73
"2023-02-13 11:30:00",230623,13.46,34.04,749.2,24.74,38.45
"2023-02-13 11:35:00",230624,13.46,34.09,749.1,25.41,37.33
"2023-02-13 11:40:00",230625,13.47,34.26,749,25.09,37.16
"2023-02-13 11:45:00",230626,13.46,34.45,749,25.71,35.2
"2023-02-13 11:50:00",230627,13.47,34.59,748.9,26.5,33.49
"2023-02-13 11:55:00",230628,13.47,34.77,748.8,25.82,35.84
"2023-02-13 12:00:00",230629,13.47,34.91,748.7,26.88,34.44
"2023-02-13 12:05:00",230630,13.44,35.03,748.7,25.54,38.99
"2023-02-13 12:10:00",230631,13.44,35.05,748.6,26.79,36.5
"2023-02-13 12:15:00",230632,13.44,35.07,748.5,27.32,34.75
"2023-02-13 12:20:00",230633,13.44,35.21,748.4,28.46,32.62
"2023-02-13 12:25:00",230634,13.44,35.42,748.3,27.76,33.74
"2023-02-13 12:30:00",230635,13.45,35.52,748.2,26.36,35.86
"2023-02-13 12:35:00",230636,13.44,35.46,748.2,26.41,35.6
"2023-02-13 12:40:00",230637,13.44,35.31,748.1,26.66,34.52
"2023-02-13 12:45:00",230638,13.44,35.24,748,27.56,32.48
"2023-02-13 12:50:00",230639,13.45,35.24,747.9,28.51,31.27
"2023-02-13 12:55:00",230640,13.45,35.33,747.8,27.63,30.25
"2023-02-13 13:00:00",230641,13.45,35.32,747.7,26.96,31.28
"2023-02-13 13:05:00",230642,13.45,35.22,747.6,28.7,29.58
"2023-02-13 13:10:00",230643,13.45,35.2,747.6,27.94,28.91
"2023-02-13 13:15:00",230644,13.44,35.18,747.5,28.27,28.11
"2023-02-13 13:20:00",230645,13.45,35.21,747.4,28.63,30.29
"2023-02-13 13:25:00",230646,13.45,35.27,747.3,28.77,30.41
"2023-02-13 13:30:00",230647,13.45,35.35,747.2,29.31,28.64
"2023-02-13 13:35:00",230648,13.45,35.45,747.1,28.86,28.64
"2023-02-13 13:40:00",230649,13.45,35.46,747,27.51,30.95
"2023-02-13 13:45:00",230650,13.45,35.38,747,28.19,31.58
"2023-02-13 13:50:00",230651,13.45,35.33,746.8,29.23,28.94
"2023-02-13 13:55:00",230652,13.45,35.4,746.7,29.35,29.16
"2023-02-13 14:00:00",230653,13.45,35.51,746.7,28.84,30.01
"2023-02-13 14:05:00",230654,13.45,35.65,746.6,29.26,29.42
"2023-02-13 14:10:00",230655,13.42,35.7,746.5,27.39,32.53
"2023-02-13 14:15:00",230656,13.43,35.5,746.5,27.27,31.44
"2023-02-13 14:20:00",230657,13.42,35.23,746.3,27.66,30.86
"2023-02-13 14:25:00",230658,13.42,35,746.2,27.78,30.84
"2023-02-13 14:30:00",230659,13.42,34.85,746.1,28.31,30.91
"2023-02-13 14:35:00",230660,13.42,34.76,746.1,28.01,32.25
"2023-02-13 14:40:00",230661,13.42,34.65,746.2,28.7,30.13
"2023-02-13 14:45:00",230662,13.42,34.59,746.1,27.02,33.17
"2023-02-13 14:50:00",230663,13.42,34.42,745.8,26.09,35.63
"2023-02-13 14:55:00",230664,13.43,34.02,745.8,25.54,36.48
"2023-02-13 15:00:00",230665,13.43,33.47,745.9,25.54,36.51
"2023-02-13 15:05:00",230666,13.42,32.97,745.9,26.45,34.7
"2023-02-13 15:10:00",230667,13.42,32.63,745.7,25.87,33.67
"2023-02-13 15:15:00",230668,13.45,32.32,745.6,25.54,35.41
"2023-02-13 15:20:00",230669,13.45,31.99,745.6,25.68,37.52
"2023-02-13 15:25:00",230670,13.45,31.69,745.7,25.1,36.83
"2023-02-13 15:30:00",230671,13.44,31.4,745.5,25.5,35.71
"2023-02-13 15:35:00",230672,13.45,31.19,745.6,25.32,36.29
"2023-02-13 15:40:00",230673,13.47,31.08,745.9,25.98,32.4
"2023-02-13 15:45:00",230674,13.47,31.06,746.2,26.28,32.1
"2023-02-13 15:50:00",230675,13.47,31,746.2,23.88,39.71
"2023-02-13 15:55:00",230676,13.47,30.72,746.5,20.18,55.28
"2023-02-13 16:00:00",230677,13.47,29.99,746.3,20.46,44.95
"2023-02-13 16:05:00",230678,13.5,29.2,746.3,22.18,36.12
"2023-02-13 16:10:00",230679,13.49,28.64,746.1,22.16,37.36
"2023-02-13 16:15:00",230680,13.52,28.28,746.1,22.18,39.66
"2023-02-13 16:20:00",230681,13.52,28.04,746.1,22.68,38.6
"2023-02-13 16:25:00",230682,13.52,27.94,746.2,22.2,39.59
"2023-02-13 16:30:00",230683,13.52,27.9,746.3,20.65,49.26
"2023-02-13 16:35:00",230684,13.52,27.69,746.3,20.2,53.73
"2023-02-13 16:40:00",230685,13.52,27.29,746.3,20.24,52.31
"2023-02-13 16:45:00",230686,13.54,26.85,746.3,20.58,51.07
"2023-02-13 16:50:00",230687,13.54,26.47,746.5,20.87,51.11
"2023-02-13 16:55:00",230688,13.54,26.09,746.7,20.51,58.7
"2023-02-13 17:00:00",230689,13.46,25.4,746.7,20.23,58.08
"2023-02-13 17:05:00",230690,13.33,24.62,746.8,20.21,56.97
"2023-02-13 17:10:00",230691,13.22,24.14,746.9,20.23,55.87
"2023-02-13 17:15:00",230692,13.14,23.79,746.9,20,55.74
"2023-02-13 17:20:00",230693,13.08,23.45,747,19.24,56.79
"2023-02-13 17:25:00",230694,13.03,23.12,747.3,19.28,56.56
"2023-02-13 17:30:00",230695,13,22.81,747.5,19.13,55.89
"2023-02-13 17:35:00",230696,12.96,22.56,747.6,18.94,55.71
"2023-02-13 17:40:00",230697,12.94,22.35,747.9,19.04,51.58
"2023-02-13 17:45:00",230698,12.93,22.18,748.1,19.3,49.49
"2023-02-13 17:50:00",230699,12.92,22.03,748.1,19.36,49.56
"2023-02-13 17:55:00",230700,12.91,21.94,748.4,19.64,46.25
"2023-02-13 18:00:00",230701,12.9,21.87,748.5,19.96,46.04
"2023-02-13 18:05:00",230702,12.89,21.76,748.9,20.29,43.33
"2023-02-13 18:10:00",230703,12.89,21.87,749,18.25,59.65
"2023-02-13 18:15:00",230704,12.88,21.83,749.2,17.78,60.93
"2023-02-13 18:20:00",230705,12.87,21.63,749.3,17.78,59.97
"2023-02-13 18:25:00",230706,12.87,21.37,749.5,17.21,64.65
"2023-02-13 18:30:00",230707,12.86,21.09,749.7,16.73,68
"2023-02-13 18:35:00",230708,12.85,20.83,749.8,16.55,67.77
"2023-02-13 18:40:00",230709,12.85,20.56,750,16.71,66.89
"2023-02-13 18:45:00",230710,12.84,20.34,750.2,16.42,66.72
"2023-02-13 18:50:00",230711,12.84,20.12,750.2,16.48,66.41
"2023-02-13 18:55:00",230712,12.84,19.96,750.3,16.61,66.84
"2023-02-13 19:00:00",230713,12.84,19.81,750.3,16.42,65.99
"2023-02-13 19:05:00",230714,12.83,19.65,750.3,16.28,67.43
"2023-02-13 19:10:00",230715,12.83,19.5,750.3,16.16,67.99
"2023-02-13 19:15:00",230716,12.83,19.36,750.4,16.08,68.04
"2023-02-13 19:20:00",230717,12.83,19.24,750.6,15.94,68.41
"2023-02-13 19:25:00",230718,12.83,19.1,750.6,15.9,69.6
"2023-02-13 19:30:00",230719,12.83,19,750.6,15.83,70.3
"2023-02-13 19:35:00",230720,12.83,18.9,750.8,15.84,71.23
"2023-02-13 19:40:00",230721,12.82,18.8,750.9,15.9,70.35
"2023-02-13 19:45:00",230722,12.82,18.74,750.9,16.09,68.71
"2023-02-13 19:50:00",230723,12.82,18.71,750.9,16.3,67.11
"2023-02-13 19:55:00",230724,12.82,18.69,751,16.22,68.03
"2023-02-13 20:00:00",230725,12.82,18.62,751.1,16.23,66.43
"2023-02-13 20:05:00",230726,12.82,18.59,751.1,16.38,65.25
"2023-02-13 20:10:00",230727,12.82,18.56,751.2,16.49,65
"2023-02-13 20:15:00",230728,12.82,18.56,751.2,16.56,64.78
"2023-02-13 20:20:00",230729,12.81,18.58,751.3,16.58,64.31
"2023-02-13 20:25:00",230730,12.82,18.61,751.4,16.63,65.05
"2023-02-13 20:30:00",230731,12.81,18.6,751.5,16.5,67.03
"2023-02-13 20:35:00",230732,12.81,18.59,751.5,16.5,66.15
"2023-02-13 20:40:00",230733,12.81,18.57,751.5,16.53,67.3
"2023-02-13 20:45:00",230734,12.81,18.56,751.6,16.34,67.88
"2023-02-13 20:50:00",230735,12.81,18.54,751.6,16.26,67.86
"2023-02-13 20:55:00",230736,12.81,18.52,751.6,16.21,70
"2023-02-13 21:00:00",230737,12.81,18.46,751.6,16.27,69.03
"2023-02-13 21:05:00",230738,12.81,18.41,751.6,16.06,70.03
"2023-02-13 21:10:00",230739,12.81,18.35,751.8,16.06,69.97
"2023-02-13 21:15:00",230740,12.8,18.32,751.8,16.18,69.62
"2023-02-13 21:20:00",230741,12.8,18.29,751.8,15.97,70.59
"2023-02-13 21:25:00",230742,12.8,18.25,751.9,16.14,70.42
"2023-02-13 21:30:00",230743,12.8,18.2,751.9,16.1,69.72
"2023-02-13 21:35:00",230744,12.8,18.16,752,15.93,70.5
"2023-02-13 21:40:00",230745,12.8,18.09,752,15.94,70.3
"2023-02-13 21:45:00",230746,12.8,18.01,752,15.96,70.65
"2023-02-13 21:50:00",230747,12.79,17.97,751.9,15.96,70.71
"2023-02-13 21:55:00",230748,12.79,17.92,752,15.75,72.27
"2023-02-13 22:00:00",230749,12.79,17.87,752.1,15.68,73.54
"2023-02-13 22:05:00",230750,12.79,17.8,752.1,15.54,74
"2023-02-13 22:10:00",230751,12.79,17.72,752,15.5,74.02
"2023-02-13 22:15:00",230752,12.79,17.64,751.9,15.44,73.69
"2023-02-13 22:20:00",230753,12.79,17.57,751.9,15.42,73.46
"2023-02-13 22:25:00",230754,12.79,17.49,751.8,15.45,73.81
"2023-02-13 22:30:00",230755,12.79,17.41,751.8,15.44,73.35
"2023-02-13 22:35:00",230756,12.79,17.33,751.7,15.37,73.62
"2023-02-13 22:40:00",230757,12.79,17.17,751.7,15.38,73.77
"2023-02-13 22:45:00",230758,12.79,17.07,751.6,15.38,73.48
"2023-02-13 22:50:00",230759,12.78,17.02,751.5,15.34,74.07
"2023-02-13 22:55:00",230760,12.78,16.98,751.6,15.33,74.46
"2023-02-13 23:00:00",230761,12.78,16.93,751.5,15.28,74.48
"2023-02-13 23:05:00",230762,12.78,16.91,751.2,15.27,74.62
"2023-02-13 23:10:00",230763,12.78,16.83,751.2,15.27,74.76
"2023-02-13 23:15:00",230764,12.78,16.79,751.1,15.28,74.4
"2023-02-13 23:20:00",230765,12.77,16.77,751.1,15.18,74.89
"2023-02-13 23:25:00",230766,12.77,16.75,751,15.06,75.82
"2023-02-13 23:30:00",230767,12.77,16.76,750.8,14.95,76.81
"2023-02-13 23:35:00",230768,12.77,16.76,750.7,14.96,76.92
"2023-02-13 23:40:00",230769,12.77,16.75,750.6,14.82,77.73
"2023-02-13 23:45:00",230770,12.77,16.74,750.5,14.77,78.28
"2023-02-13 23:50:00",230771,12.77,16.68,750.5,14.76,78.45
"2023-02-13 23:55:00",230772,12.77,16.62,750.4,14.77,77.81
"2023-02-14 00:00:00",230773,12.77,16.57,750.3,14.74,77.89
"2023-02-14 00:05:00",230774,12.76,16.55,750.2,14.78,77.59
"2023-02-14 00:10:00",230775,12.76,16.5,750.1,14.92,77.75
"2023-02-14 00:15:00",230776,12.76,16.5,750.1,15.01,76.96
"2023-02-14 00:20:00",230777,12.76,16.49,750.1,15.18,76.63
"2023-02-14 00:25:00",230778,12.76,16.5,750.1,15.28,75.81
"2023-02-14 00:30:00",230779,12.76,16.5,750.1,15.35,74.72
"2023-02-14 00:35:00",230780,12.76,16.51,750.1,15.43,74.54
"2023-02-14 00:40:00",230781,12.75,16.54,750,15.4,74.25
"2023-02-14 00:45:00",230782,12.75,16.56,749.9,15.48,73.9
"2023-02-14 00:50:00",230783,12.75,16.57,749.8,15.5,73.65
"2023-02-14 00:55:00",230784,12.75,16.6,749.8,15.55,73.43
"2023-02-14 01:00:00",230785,12.75,16.6,749.7,15.47,73.93
"2023-02-14 01:05:00",230786,12.75,16.6,749.6,15.12,77.71
"2023-02-14 01:10:00",230787,12.74,16.62,749.5,15.12,77.85
"2023-02-14 01:15:00",230788,12.74,16.62,749.5,15,79.27
"2023-02-14 01:20:00",230789,12.74,16.6,749.4,14.89,79.36
"2023-02-14 01:25:00",230790,12.74,16.59,749.4,14.81,80.2
"2023-02-14 01:30:00",230791,12.74,16.55,749.2,14.46,82.3
"2023-02-14 01:35:00",230792,12.73,16.5,749.2,14.35,84
"2023-02-14 01:40:00",230793,12.73,16.36,749.2,14.36,84.4
"2023-02-14 01:45:00",230794,12.73,16.26,749.1,14.37,84.6
"2023-02-14 01:50:00",230795,12.73,16.19,749.1,14.35,84.7
"2023-02-14 01:55:00",230796,12.73,16.15,749.1,14.47,83.3
"2023-02-14 02:00:00",230797,12.72,16.08,749.1,14.63,82.3
"2023-02-14 02:05:00",230798,12.72,16.05,749.1,14.67,82.2
"2023-02-14 02:10:00",230799,12.72,16.03,749.2,14.66,82.3
"2023-02-14 02:15:00",230800,12.72,16,749.1,14.65,81.7
"2023-02-14 02:20:00",230801,12.72,15.98,749.2,14.65,81
"2023-02-14 02:25:00",230802,12.71,15.96,749.2,14.81,80.2
"2023-02-14 02:30:00",230803,12.71,15.97,749.1,14.79,79.89
"2023-02-14 02:35:00",230804,12.71,15.94,749.2,14.65,80.1
"2023-02-14 02:40:00",230805,12.7,15.93,749.2,14.69,79.38
"2023-02-14 02:45:00",230806,12.7,15.91,749.3,14.81,78.84
"2023-02-14 02:50:00",230807,12.7,15.89,749.2,14.74,80.3
"2023-02-14 02:55:00",230808,12.7,15.89,749.1,14.71,81.5
"2023-02-14 03:00:00",230809,12.7,15.89,749.2,14.55,83.3
"2023-02-14 03:05:00",230810,12.69,15.89,749.3,14.5,83.8
"2023-02-14 03:10:00",230811,12.69,15.86,749.3,14.49,83.9
"2023-02-14 03:15:00",230812,12.69,15.86,749.4,14.44,83.9
"2023-02-14 03:20:00",230813,12.69,15.82,749.5,14.45,82.8
"2023-02-14 03:25:00",230814,12.68,15.79,749.5,14.51,83.2
"2023-02-14 03:30:00",230815,12.68,15.77,749.6,14.53,83.8
"2023-02-14 03:35:00",230816,12.68,15.77,749.6,14.35,84.9
"2023-02-14 03:40:00",230817,12.68,15.75,749.6,14.33,85
"2023-02-14 03:45:00",230818,12.67,15.7,749.6,14.32,85.3
"2023-02-14 03:50:00",230819,12.67,15.65,749.7,14.35,85.2
"2023-02-14 03:55:00",230820,12.67,15.62,749.8,14.41,83.2
"2023-02-14 04:00:00",230821,12.66,15.59,749.9,14.47,81.6
"2023-02-14 04:05:00",230822,12.66,15.59,750,14.51,80.6
"2023-02-14 04:10:00",230823,12.66,15.6,750.1,14.5,83.4
"2023-02-14 04:15:00",230824,12.66,15.59,750.1,14.66,82.9
"2023-02-14 04:20:00",230825,12.65,15.61,750.2,14.63,83.1
"2023-02-14 04:25:00",230826,12.66,15.63,750.3,14.57,83.1
"2023-02-14 04:30:00",230827,12.66,15.6,750.3,14.49,82.7
"2023-02-14 04:35:00",230828,12.66,15.6,750.4,14.49,84.3
"2023-02-14 04:40:00",230829,12.65,15.62,750.4,14.39,84.4
"2023-02-14 04:45:00",230830,12.66,15.54,750.4,14.45,84.7
"2023-02-14 04:50:00",230831,12.65,15.52,750.4,14.49,83.9
"2023-02-14 04:55:00",230832,12.65,15.51,750.4,14.49,84.2
"2023-02-14 05:00:00",230833,12.65,15.47,750.4,14.3,85.8
"2023-02-14 05:05:00",230834,12.65,15.43,750.4,14.42,84.7
"2023-02-14 05:10:00",230835,12.64,15.44,750.4,14.45,84.3
"2023-02-14 05:15:00",230836,12.64,15.43,750.4,14.4,84.3
"2023-02-14 05:20:00",230837,12.64,15.45,750.4,14.37,84.5
"2023-02-14 05:25:00",230838,12.63,15.46,750.4,14.29,85.1
"2023-02-14 05:30:00",230839,12.63,15.45,750.4,14.25,85.6
"2023-02-14 05:35:00",230840,12.63,15.43,750.5,14.25,85.9
"2023-02-14 05:40:00",230841,12.63,15.44,750.5,14.13,86.4
"2023-02-14 05:45:00",230842,12.62,15.41,750.6,13.97,87.2
"2023-02-14 05:50:00",230843,12.62,15.36,750.7,13.85,86.8
"2023-02-14 05:55:00",230844,12.61,15.29,750.7,13.93,86.6
"2023-02-14 06:00:00",230845,12.61,15.24,750.8,13.99,86.6
"2023-02-14 06:05:00",230846,12.61,15.18,750.8,13.92,86.6
"2023-02-14 06:10:00",230847,12.6,15.11,750.8,13.93,87.4
"2023-02-14 06:15:00",230848,12.6,15.16,750.9,13.95,87.4
"2023-02-14 06:20:00",230849,12.61,15.14,751,13.96,87.5
"2023-02-14 06:25:00",230850,12.62,15.16,751.1,13.95,87.2
"2023-02-14 06:30:00",230851,12.64,15.13,751.2,13.93,86.8
"2023-02-14 06:35:00",230852,12.67,15.14,751.3,13.91,86.7
"2023-02-14 06:40:00",230853,12.71,15.17,751.3,13.93,86.3
"2023-02-14 06:45:00",230854,12.76,15.23,751.4,13.97,85.6
"2023-02-14 06:50:00",230855,12.83,15.3,751.4,13.97,84.8
"2023-02-14 06:55:00",230856,12.93,15.41,751.4,14.13,84.9
"2023-02-14 07:00:00",230857,13.06,15.52,751.5,14.31,84.8
"2023-02-14 07:05:00",230858,13.22,15.7,751.5,14.59,83.7
"2023-02-14 07:10:00",230859,13.34,15.89,751.6,14.81,82.1
"2023-02-14 07:15:00",230860,13.42,16,751.7,15.01,81.3
"2023-02-14 07:20:00",230861,13.48,16.18,751.8,15.02,81
"2023-02-14 07:25:00",230862,13.56,16.41,751.9,14.86,80.4
"2023-02-14 07:30:00",230863,13.64,16.72,752,15,79.11
"2023-02-14 07:35:00",230864,13.71,17.04,752,15.3,77.95
"2023-02-14 07:40:00",230865,13.84,17.39,752.1,15.04,78
"2023-02-14 07:45:00",230866,13.78,18.64,752.1,15.37,77.43
"2023-02-14 07:50:00",230867,13.76,19.41,752.1,15.49,76.11
"2023-02-14 07:55:00",230868,13.76,19.94,752.2,15.71,77.28
"2023-02-14 08:00:00",230869,13.76,20.42,752.2,15.98,73.91
"2023-02-14 08:05:00",230870,13.73,20.86,752.3,16.53,71.76
"2023-02-14 08:10:00",230871,13.73,21.29,752.3,16.73,70.96
"2023-02-14 08:15:00",230872,13.7,21.71,752.3,17.63,70.18
"2023-02-14 08:20:00",230873,13.7,22.17,752.3,17.91,67.28
"2023-02-14 08:25:00",230874,13.71,22.69,752.3,18.04,68.19
"2023-02-14 08:30:00",230875,13.68,23.25,752.3,17.75,68.46
"2023-02-14 08:35:00",230876,13.68,23.72,752.4,17.59,68.16
"2023-02-14 08:40:00",230877,13.68,24.15,752.4,17.77,66.85
"2023-02-14 08:45:00",230878,13.65,24.52,752.3,19.01,62.43
"2023-02-14 08:50:00",230879,13.65,24.95,752.3,18.41,63.29
"2023-02-14 08:55:00",230880,13.65,25.35,752.4,19.54,59.62
"2023-02-14 09:00:00",230881,13.62,25.8,752.3,19.88,57.41
"2023-02-14 09:05:00",230882,13.63,26.32,752.3,19.93,55.76
"2023-02-14 09:10:00",230883,13.63,26.87,752.3,20.02,55.28
"2023-02-14 09:15:00",230884,13.6,27.33,752.3,19.72,57.36
"2023-02-14 09:20:00",230885,13.6,27.79,752.4,20.63,54.54
"2023-02-14 09:25:00",230886,13.57,28.17,752.3,20.37,53.07
"2023-02-14 09:30:00",230887,13.58,28.55,752.3,20.96,50.4
"2023-02-14 09:35:00",230888,13.58,29,752.3,20.08,50.19
"2023-02-14 09:40:00",230889,13.55,29.22,752.3,20.04,51.59
"2023-02-14 09:45:00",230890,13.55,29.43,752.3,20.58,49.03
"2023-02-14 09:50:00",230891,13.55,29.66,752.2,20.04,52.78
"2023-02-14 09:55:00",230892,13.55,29.9,752.3,22.61,44.76
"2023-02-14 10:00:00",230893,13.55,30.31,752.3,22.81,43.14
"2023-02-14 10:05:00",230894,13.53,30.58,752.2,21.95,45.74
"2023-02-14 10:10:00",230895,13.53,30.78,752.2,22.13,45.44
"2023-02-14 10:15:00",230896,13.53,31.06,752,23.53,43.8
"2023-02-14 10:20:00",230897,13.53,31.51,751.9,21.34,48.21
"2023-02-14 10:25:00",230898,13.51,31.7,751.9,21.05,47.98
"2023-02-14 10:30:00",230899,13.51,31.74,751.8,22.67,47.65
"2023-02-14 10:35:00",230900,13.51,31.87,751.8,21.34,49.73
"2023-02-14 10:40:00",230901,13.51,31.99,751.8,21.83,45.5
"2023-02-14 10:45:00",230902,13.51,32.05,751.6,21.66,44.45
"2023-02-14 10:50:00",230903,13.51,32.04,751.5,21.46,44.24
"2023-02-14 10:55:00",230904,13.51,31.97,751.5,22.45,43.77
"2023-02-14 11:00:00",230905,13.51,31.9,751.4,21.3,44.47
"2023-02-14 11:05:00",230906,13.51,31.78,751.3,21.99,42.69
"2023-02-14 11:10:00",230907,13.51,31.73,751.2,23.42,38.74
"2023-02-14 11:15:00",230908,13.51,31.86,751.1,24.32,37.71
"2023-02-14 11:20:00",230909,13.51,32.16,751,23.97,40.18
"2023-02-14 11:25:00",230910,13.51,32.4,751,21.46,43.14
"2023-02-14 11:30:00",230911,13.49,32.42,750.9,23.54,40.81
"2023-02-14 11:35:00",230912,13.49,32.58,750.7,24.15,38.95
"2023-02-14 11:40:00",230913,13.49,32.78,750.6,24.38,40.22
"2023-02-14 11:45:00",230914,13.49,32.97,750.6,22.38,42.99
"2023-02-14 11:50:00",230915,13.49,32.99,750.5,24.09,38.12
"2023-02-14 11:55:00",230916,13.49,33.1,750.4,23.35,41.15
"2023-02-14 12:00:00",230917,13.49,33.29,750.3,23.87,38.23
"2023-02-14 12:05:00",230918,13.49,33.51,750.3,24.39,37.39
"2023-02-14 12:10:00",230919,13.46,33.74,750.2,24.41,36.9
"2023-02-14 12:15:00",230920,13.47,33.99,750.1,24.26,39.39
"2023-02-14 12:20:00",230921,13.47,34.18,750,24.57,38.79
"2023-02-14 12:25:00",230922,13.46,34.37,749.9,24.97,38.04
"2023-02-14 12:30:00",230923,13.47,34.46,749.9,23.64,41.19
"2023-02-14 12:35:00",230924,13.46,34.4,749.9,24.7,38.51
"2023-02-14 12:40:00",230925,13.47,34.3,749.8,24.41,38.84
"2023-02-14 12:45:00",230926,13.47,34.15,749.7,25.8,36.5
"2023-02-14 12:50:00",230927,13.47,34.16,749.6,25.7,37.13
"2023-02-14 12:55:00",230928,13.47,34.24,749.5,25.24,37.14
"2023-02-14 13:00:00",230929,13.47,34.19,749.4,25.22,38.46
"2023-02-14 13:05:00",230930,13.47,34.1,749.3,23.89,40.92
"2023-02-14 13:10:00",230931,13.47,33.77,749.3,25.11,39.02
"2023-02-14 13:15:00",230932,13.47,33.4,749.2,24.35,38.51
"2023-02-14 13:20:00",230933,13.47,32.97,749.2,24.09,39.86
"2023-02-14 13:25:00",230934,13.46,32.53,749.2,23.89,40.43
"2023-02-14 13:30:00",230935,13.47,32.14,749.2,23.92,40.63
"2023-02-14 13:35:00",230936,13.47,31.81,749.1,24.43,40.42
"2023-02-14 13:40:00",230937,13.47,31.6,749,24.48,38.13
"2023-02-14 13:45:00",230938,13.47,31.47,748.8,24.05,40.48
"2023-02-14 13:50:00",230939,13.47,31.33,748.7,24,40.08
"2023-02-14 13:55:00",230940,13.47,31.23,748.7,24.72,38.88
"2023-02-14 14:00:00",230941,13.47,31.2,748.6,24.55,38.2
"2023-02-14 14:05:00",230942,13.47,31.21,748.5,25.35,38.91
"2023-02-14 14:10:00",230943,13.47,31.28,748.5,24.83,38.29
"2023-02-14 14:15:00",230944,13.47,31.35,748.3,24.79,39.93
"2023-02-14 14:20:00",230945,13.47,31.33,748.1,23.42,42.66
"2023-02-14 14:25:00",230946,13.47,31.18,748,24.72,40.58
"2023-02-14 14:30:00",230947,13.47,31.1,748,23.63,40.73
"2023-02-14 14:35:00",230948,13.47,31,747.9,24.49,38.92
"2023-02-14 14:40:00",230949,13.47,30.98,747.8,25.01,39.3
"2023-02-14 14:45:00",230950,13.47,31.09,747.7,25.38,37.72
"2023-02-14 14:50:00",230951,13.47,31.28,747.6,25.28,36.45
"2023-02-14 14:55:00",230952,13.47,31.48,747.6,26.39,34.12
"2023-02-14 15:00:00",230953,13.47,31.75,747.5,25.2,34.58
"2023-02-14 15:05:00",230954,13.47,32.02,747.3,26.35,33.41
"2023-02-14 15:10:00",230955,13.47,32.29,747.2,26.12,33.16
"2023-02-14 15:15:00",230956,13.47,32.55,747.1,26.26,32.26
"2023-02-14 15:20:00",230957,13.47,32.78,747,25.58,32.44
"2023-02-14 15:25:00",230958,13.47,32.95,746.9,25.85,32.59
"2023-02-14 15:30:00",230959,13.47,33.03,746.9,26.1,32.79
"2023-02-14 15:35:00",230960,13.47,33.1,746.8,25.58,31.16
"2023-02-14 15:40:00",230961,13.47,33.22,746.7,26.14,32.25
"2023-02-14 15:45:00",230962,13.47,33.34,746.6,25.82,30.4
"2023-02-14 15:50:00",230963,13.47,33.39,746.6,26.65,32.19
"2023-02-14 15:55:00",230964,13.47,33.55,746.5,26.76,31.19
"2023-02-14 16:00:00",230965,13.47,33.71,746.5,26.35,31.63
"2023-02-14 16:05:00",230966,13.47,33.88,746.4,26.72,31.32
"2023-02-14 16:10:00",230967,13.47,34.1,746.4,26.18,31.71
"2023-02-14 16:15:00",230968,13.45,34.33,746.2,27.64,29.97
"2023-02-14 16:20:00",230969,13.45,34.6,746.2,26.7,29.76
"2023-02-14 16:25:00",230970,13.45,34.83,746.2,26.42,29.2
"2023-02-14 16:30:00",230971,13.45,35.01,746.1,26.79,28.54
"2023-02-14 16:35:00",230972,13.45,35.12,746,26.66,28.81
"2023-02-14 16:40:00",230973,13.45,35.12,745.9,26.42,28.86
"2023-02-14 16:45:00",230974,13.45,35.1,745.8,27.06,27.4
"2023-02-14 16:50:00",230975,13.45,35.16,745.8,27.2,27.21
"2023-02-14 16:55:00",230976,13.45,35.25,745.8,26.87,27.11
"2023-02-14 17:00:00",230977,13.45,35.32,745.7,26.5,27.22
"2023-02-14 17:05:00",230978,13.45,35.34,745.6,26.65,27.24
"2023-02-14 17:10:00",230979,13.45,35.37,745.6,26.63,27.13
"2023-02-14 17:15:00",230980,13.43,35.39,745.6,26.59,25.86
"2023-02-14 17:20:00",230981,13.43,35.34,745.5,26.6,26.75
"2023-02-14 17:25:00",230982,13.43,35.34,745.6,27.03,25.86
"2023-02-14 17:30:00",230983,13.43,35.33,745.6,27.12,26.86
"2023-02-14 17:35:00",230984,13.43,35.26,745.6,27.32,28.59
"2023-02-14 17:40:00",230985,13.43,35.23,745.6,27.2,25.8
"2023-02-14 17:45:00",230986,13.43,35.14,745.7,26.69,26.55
"2023-02-14 17:50:00",230987,13.42,35.03,745.7,26.48,26.64
"2023-02-14 17:55:00",230988,13.39,34.57,745.8,26.7,26.28
"2023-02-14 18:00:00",230989,13.33,34.05,745.8,26.7,26.69
"2023-02-14 18:05:00",230990,13.26,33.68,745.8,26.68,26.66
"2023-02-14 18:10:00",230991,13.22,33.41,745.8,26.85,26.98
"2023-02-14 18:15:00",230992,13.17,33.16,745.9,26.56,28.39
"2023-02-14 18:20:00",230993,13.15,32.91,746,26.53,29
"2023-02-14 18:25:00",230994,13.09,32.62,746,25.81,29.89
"2023-02-14 18:30:00",230995,13.05,32.21,746.1,25.38,30.33
"2023-02-14 18:35:00",230996,13.02,31.71,746.1,25.38,31.27
"2023-02-14 18:40:00",230997,12.99,31.2,746.1,25.36,31.17
"2023-02-14 18:45:00",230998,12.97,30.72,746.2,25.26,32.81
"2023-02-14 18:50:00",230999,12.95,30.27,746.3,24.93,34.02
"2023-02-14 18:55:00",231000,12.92,29.8,746.3,24.67,33.76
"2023-02-14 19:00:00",231001,12.91,29.31,746.5,24.24,35.65
"2023-02-14 19:05:00",231002,12.91,28.78,746.5,23.35,39.65
"2023-02-14 19:10:00",231003,12.9,28.16,746.5,23.18,41
"2023-02-14 19:15:00",231004,12.9,27.6,746.6,22.96,42.21
"2023-02-14 19:20:00",231005,12.89,27.09,746.6,22.69,43.41
"2023-02-14 19:25:00",231006,12.89,26.62,746.7,22.41,44.45
"2023-02-14 19:30:00",231007,12.89,26.19,746.7,21.97,45.39
"2023-02-14 19:35:00",231008,12.88,25.79,746.8,21.8,46.29
"2023-02-14 19:40:00",231009,12.88,25.42,746.9,21.77,46.35
"2023-02-14 19:45:00",231010,12.88,25.09,746.9,21.76,46.16
"2023-02-14 19:50:00",231011,12.87,24.8,747,21.59,46.62
"2023-02-14 19:55:00",231012,12.87,24.53,747,21.34,47.16
"2023-02-14 20:00:00",231013,12.87,24.3,747,21.24,47.5
"2023-02-14 20:05:00",231014,12.86,24.05,747,21.19,47.46
"2023-02-14 20:10:00",231015,12.86,23.89,747.1,21.13,47.58
"2023-02-14 20:15:00",231016,12.86,23.69,747.2,21.05,48.14
"2023-02-14 20:20:00",231017,12.86,23.52,747.2,20.82,49.47
"2023-02-14 20:25:00",231018,12.86,23.32,747.3,20.49,50.5
"2023-02-14 20:30:00",231019,12.85,23.1,747.4,20.41,50.42
"2023-02-14 20:35:00",231020,12.85,22.89,747.5,20.42,50.42
"2023-02-14 20:40:00",231021,12.85,22.73,747.5,20.32,49.21
"2023-02-14 20:45:00",231022,12.85,22.57,747.5,20.28,49.46
"2023-02-14 20:50:00",231023,12.85,22.41,747.5,20.1,49.91
"2023-02-14 20:55:00",231024,12.85,22.3,747.6,20.13,49.54
"2023-02-14 21:00:00",231025,12.85,22.18,747.6,20.12,49.97
"2023-02-14 21:05:00",231026,12.84,22.07,747.7,20.36,49.54
"2023-02-14 21:10:00",231027,12.84,21.88,747.8,20.32,52.47
"2023-02-14 21:15:00",231028,12.84,21.78,747.9,19.96,52.33
"2023-02-14 21:20:00",231029,12.84,21.67,748,19.84,53
"2023-02-14 21:25:00",231030,12.84,21.56,748.1,19.6,53.09
"2023-02-14 21:30:00",231031,12.84,21.43,748.1,19.56,53.27
"2023-02-14 21:35:00",231032,12.84,21.31,748.2,19.73,51.8
"2023-02-14 21:40:00",231033,12.83,21.25,748.4,19.93,51.08
"2023-02-14 21:45:00",231034,12.83,21.23,748.5,19.9,51.82
"2023-02-14 21:50:00",231035,12.83,21.2,748.6,19.86,52.53
"2023-02-14 21:55:00",231036,12.83,21.2,748.7,19.95,51.14
"2023-02-14 22:00:00",231037,12.83,21.19,748.8,20.23,48.82
"2023-02-14 22:05:00",231038,12.83,21.16,748.8,20.31,50.66
"2023-02-14 22:10:00",231039,12.82,21.14,748.9,20.06,52.34
"2023-02-14 22:15:00",231040,12.82,21.08,749,19.77,54.07
"2023-02-14 22:20:00",231041,12.82,21.03,749,19.68,54.28
"2023-02-14 22:25:00",231042,12.82,20.97,749,19.62,54.39
"2023-02-14 22:30:00",231043,12.82,20.9,749,19.43,55.23
"2023-02-14 22:35:00",231044,12.82,20.82,749.1,19.49,54.43
"2023-02-14 22:40:00",231045,12.82,20.76,749.1,19.57,54.04
"2023-02-14 22:45:00",231046,12.82,20.7,749.1,19.47,53.47
"2023-02-14 22:50:00",231047,12.81,20.63,749.2,19.45,55.88
"2023-02-14 22:55:00",231048,12.82,20.57,749.2,19.47,55.57
"2023-02-14 23:00:00",231049,12.82,20.52,749.3,19.12,54.47
"2023-02-14 23:05:00",231050,12.81,20.47,749.3,18.92,55.15
"2023-02-14 23:10:00",231051,12.81,20.38,749.4,18.81,55.57
"2023-02-14 23:15:00",231052,12.81,20.29,749.4,18.82,55.04
"2023-02-14 23:20:00",231053,12.81,20.18,749.4,18.92,56.68
"2023-02-14 23:25:00",231054,12.81,20.09,749.3,18.71,54.72
"2023-02-14 23:30:00",231055,12.81,20.05,749.3,18.6,55.29
"2023-02-14 23:35:00",231056,12.81,19.98,749.2,18.48,55.46
"2023-02-14 23:40:00",231057,12.8,19.92,749.1,18.47,55.27
"2023-02-14 23:45:00",231058,12.8,19.86,749,18.47,55.7
"2023-02-14 23:50:00",231059,12.8,19.79,748.9,18.41,57.37
"2023-02-14 23:55:00",231060,12.8,19.73,748.9,18.15,58.09
"2023-02-15 00:00:00",231061,12.8,19.55,748.9,18.08,57.96
"2023-02-15 00:05:00",231062,12.82,19.27,748.8,18.03,59.04
"2023-02-15 00:10:00",231063,12.81,19.03,748.8,18,58.53
"2023-02-15 00:15:00",231064,12.81,18.88,748.7,18,59.22
"2023-02-15 00:20:00",231065,12.81,18.76,748.7,17.75,61.05
"2023-02-15 00:25:00",231066,12.81,18.64,748.7,17.71,60.23
"2023-02-15 00:30:00",231067,12.81,18.55,748.7,17.85,60.56
"2023-02-15 00:35:00",231068,12.81,18.45,748.7,17.8,62.19
"2023-02-15 00:40:00",231069,12.81,18.38,748.7,17.77,62.7
"2023-02-15 00:45:00",231070,12.8,18.31,748.8,17.69,62.75
"2023-02-15 00:50:00",231071,12.8,18.23,748.8,17.85,62.14
"2023-02-15 00:55:00",231072,12.8,18.17,748.8,17.94,62.28
"2023-02-15 01:00:00",231073,12.8,18.12,748.8,17.9,61.67
"2023-02-15 01:05:00",231074,12.8,18.07,748.7,17.85,63.52
"2023-02-15 01:10:00",231075,12.8,18.02,748.7,17.19,65.77
"2023-02-15 01:15:00",231076,12.8,17.95,748.7,16.83,67.96
"2023-02-15 01:20:00",231077,12.8,17.85,748.7,16.48,68.66
"2023-02-15 01:25:00",231078,12.79,17.71,748.8,16.4,67.6
"2023-02-15 01:30:00",231079,12.79,17.6,748.9,16.41,67.83
"2023-02-15 01:35:00",231080,12.79,17.5,749,16.75,64.49
"2023-02-15 01:40:00",231081,12.79,17.42,749.1,17.04,64.15
"2023-02-15 01:45:00",231082,12.79,17.37,749.2,17.04,64.63
"2023-02-15 01:50:00",231083,12.79,17.33,749.2,16.85,66.83
"2023-02-15 01:55:00",231084,12.79,17.22,749.2,16.34,69.24
"2023-02-15 02:00:00",231085,12.78,17.16,749.2,16.24,70.01
"2023-02-15 02:05:00",231086,12.78,17.11,749.2,16.18,70.17
"2023-02-15 02:10:00",231087,12.78,17.07,749.2,16.2,69.42
"2023-02-15 02:15:00",231088,12.78,17.05,749.1,16.18,69.68
"2023-02-15 02:20:00",231089,12.78,17.03,749.1,16.18,69.54
"2023-02-15 02:25:00",231090,12.78,17.02,749.1,16.33,68.43
"2023-02-15 02:30:00",231091,12.77,17.02,749.1,16.33,68.57
"2023-02-15 02:35:00",231092,12.77,17.03,749.1,16.3,68.8
"2023-02-15 02:40:00",231093,12.77,17.02,749.1,16.26,68.97
"2023-02-15 02:45:00",231094,12.77,17.01,749.1,16.13,69.84
"2023-02-15 02:50:00",231095,12.77,16.98,749.1,15.99,69.85
"2023-02-15 02:55:00",231096,12.77,16.93,749.2,15.9,69.94
"2023-02-15 03:00:00",231097,12.76,16.88,749.1,15.96,70.82
"2023-02-15 03:05:00",231098,12.76,16.84,749.1,16.04,69.65
"2023-02-15 03:10:00",231099,12.76,16.83,749.2,16.4,69.57
"2023-02-15 03:15:00",231100,12.76,16.83,749.2,16.28,71.54
"2023-02-15 03:20:00",231101,12.76,16.82,749.2,15.87,73.32
"2023-02-15 03:25:00",231102,12.76,16.79,749.2,15.94,71.91
"2023-02-15 03:30:00",231103,12.76,16.77,749.2,16.01,71.72
"2023-02-15 03:35:00",231104,12.75,16.76,749.3,16.09,71.85
"2023-02-15 03:40:00",231105,12.75,16.75,749.4,16.02,72.72
"2023-02-15 03:45:00",231106,12.75,16.76,749.4,16.18,70.86
"2023-02-15 03:50:00",231107,12.75,16.76,749.4,16.25,70.53
"2023-02-15 03:55:00",231108,12.75,16.8,749.4,16.15,71.14
"2023-02-15 04:00:00",231109,12.75,16.84,749.4,16.24,70.79
"2023-02-15 04:05:00",231110,12.75,16.91,749.4,16.31,70.95
"2023-02-15 04:10:00",231111,12.74,16.98,749.5,16.3,70.57
"2023-02-15 04:15:00",231112,12.74,17.06,749.5,16.18,69.56
"2023-02-15 04:20:00",231113,12.74,17.13,749.5,16.35,66.57
"2023-02-15 04:25:00",231114,12.74,17.16,749.5,16.53,65.51
"2023-02-15 04:30:00",231115,12.74,17.22,749.5,16.69,64.98
"2023-02-15 04:35:00",231116,12.73,17.25,749.4,16.73,64.42
"2023-02-15 04:40:00",231117,12.73,17.31,749.5,16.76,64.75
"2023-02-15 04:45:00",231118,12.73,17.34,749.6,16.85,65.6
"2023-02-15 04:50:00",231119,12.73,17.39,749.6,16.64,67.52
"2023-02-15 04:55:00",231120,12.73,17.42,749.7,16.58,70.36
"2023-02-15 05:00:00",231121,12.73,17.44,749.7,16.18,71.9
"2023-02-15 05:05:00",231122,12.72,17.43,749.7,16.18,71.46
"2023-02-15 05:10:00",231123,12.72,17.43,749.8,16.2,71.21
"2023-02-15 05:15:00",231124,12.72,17.41,749.8,16.23,70.55
"2023-02-15 05:20:00",231125,12.72,17.42,749.8,16.32,71.43
"2023-02-15 05:25:00",231126,12.72,17.4,749.8,16.26,72.46
"2023-02-15 05:30:00",231127,12.72,17.39,749.8,16.18,73.58
"2023-02-15 05:35:00",231128,12.71,17.35,749.8,16.06,74.21
"2023-02-15 05:40:00",231129,12.71,17.33,749.9,16.09,74.34
"2023-02-15 05:45:00",231130,12.69,17.46,749.9,16.24,73.17
"2023-02-15 05:50:00",231131,12.69,17.57,750,16.28,72.03
"2023-02-15 05:55:00",231132,12.69,17.62,750,16.33,72.44
"2023-02-15 06:00:00",231133,12.68,17.67,750.1,16.04,73.73
"2023-02-15 06:05:00",231134,12.68,17.7,750.1,16.07,73.9
"2023-02-15 06:10:00",231135,12.68,17.74,750.1,16.09,73.99
"2023-02-15 06:15:00",231136,12.68,17.75,750.1,16.24,73.26
"2023-02-15 06:20:00",231137,12.68,17.81,750.1,16.36,71.67
"2023-02-15 06:25:00",231138,12.68,17.91,750.1,16.36,72.11
"2023-02-15 06:30:00",231139,12.69,17.95,750.1,16.34,72.96
"2023-02-15 06:35:00",231140,12.69,18.01,750.2,16.32,73.27
"2023-02-15 06:40:00",231141,12.7,18.06,750.1,16.3,74.18
"2023-02-15 06:45:00",231142,12.71,18.14,750.1,16.34,74.39
"2023-02-15 06:50:00",231143,12.74,18.2,750.1,16.39,73.43
"2023-02-15 06:55:00",231144,12.78,18.28,750.2,16.47,73.21
"2023-02-15 07:00:00",231145,12.82,18.36,750.2,16.53,71.28
"2023-02-15 07:05:00",231146,12.85,18.45,750.2,16.71,70.99
"2023-02-15 07:10:00",231147,12.82,18.49,750.3,16.85,69.39
"2023-02-15 07:15:00",231148,12.79,18.56,750.4,16.9,69.61
"2023-02-15 07:20:00",231149,12.78,18.63,750.5,16.84,69.1
"2023-02-15 07:25:00",231150,12.86,18.73,750.5,16.99,68.34
"2023-02-15 07:30:00",231151,13.01,18.86,750.5,17.34,67.97
"2023-02-15 07:35:00",231152,13.1,19.01,750.6,17.51,66.86
"2023-02-15 07:40:00",231153,13.28,19.23,750.7,17.66,66.71
"2023-02-15 07:45:00",231154,13.44,19.5,750.7,18.08,64.6
"2023-02-15 07:50:00",231155,13.51,19.83,750.8,18.83,61.95
"2023-02-15 07:55:00",231156,13.53,20.04,750.9,19.08,61.02
"2023-02-15 08:00:00",231157,13.56,20.29,750.9,18.75,63.13
"2023-02-15 08:05:00",231158,13.63,20.57,751,18.74,63.46
"2023-02-15 08:10:00",231159,13.65,20.84,751.1,19.03,62.4
"2023-02-15 08:15:00",231160,13.55,21.05,751.1,19.22,62.28
"2023-02-15 08:20:00",231161,13.64,21.25,751.1,19.24,61.44
"2023-02-15 08:25:00",231162,13.73,21.56,751.2,19.01,62.99
"2023-02-15 08:30:00",231163,13.78,21.79,751.2,19.32,61.09
"2023-02-15 08:35:00",231164,13.67,22.33,751.3,19.63,59.02
"2023-02-15 08:40:00",231165,13.68,23.26,751.4,19.57,59.98
"2023-02-15 08:45:00",231166,13.68,23.73,751.4,19.76,58.8
"2023-02-15 08:50:00",231167,13.65,24.05,751.4,19.64,59.18
"2023-02-15 08:55:00",231168,13.65,24.29,751.4,19.33,59.98
"2023-02-15 09:00:00",231169,13.65,24.47,751.4,19.78,59.23
"2023-02-15 09:05:00",231170,13.65,24.65,751.4,19.74,60.16
"2023-02-15 09:10:00",231171,13.65,24.82,751.5,19.92,60.13
"2023-02-15 09:15:00",231172,13.65,24.92,751.5,19.8,60.17
"2023-02-15 09:20:00",231173,13.66,25.06,751.5,19.89,61.91
"2023-02-15 09:25:00",231174,13.63,25.11,751.6,19.94,59.77
"2023-02-15 09:30:00",231175,13.63,25.18,751.6,20,59.45
"2023-02-15 09:35:00",231176,13.63,25.26,751.6,20.29,56.4
"2023-02-15 09:40:00",231177,13.63,25.35,751.6,19.98,56.84
"2023-02-15 09:45:00",231178,13.63,25.43,751.6,20.08,55.51
"2023-02-15 09:50:00",231179,13.63,25.53,751.6,20.11,53.9
"2023-02-15 09:55:00",231180,13.63,25.63,751.6,20.42,53.51
"2023-02-15 10:00:00",231181,13.63,25.79,751.6,20.9,50.83
"2023-02-15 10:05:00",231182,13.63,25.95,751.6,20.8,52.67
"2023-02-15 10:10:00",231183,13.63,26.01,751.6,20.98,50.44
"2023-02-15 10:15:00",231184,13.63,26.16,751.6,21.66,49.33
"2023-02-15 10:20:00",231185,13.61,26.38,751.5,21.82,48.75
"2023-02-15 10:25:00",231186,13.61,26.64,751.5,22.19,47.97
"2023-02-15 10:30:00",231187,13.61,27.07,751.5,23.84,44.81
"2023-02-15 10:35:00",231188,13.61,27.68,751.5,23.03,45.03
"2023-02-15 10:40:00",231189,13.58,28.34,751.4,23.42,43.08
"2023-02-15 10:45:00",231190,13.56,28.97,751.3,23.03,42.9
"2023-02-15 10:50:00",231191,13.56,29.37,751.3,22.81,43.46
"2023-02-15 10:55:00",231192,13.56,29.61,751.2,23.22,41.95
"2023-02-15 11:00:00",231193,13.53,29.83,751,23.87,41.31
"2023-02-15 11:05:00",231194,13.53,30.11,750.9,24.35,42.11
"2023-02-15 11:10:00",231195,13.54,30.31,750.8,21.99,45.68
"2023-02-15 11:15:00",231196,13.53,30.32,750.7,22.89,44.02
"2023-02-15 11:20:00",231197,13.54,30.44,750.7,22.91,41.79
"2023-02-15 11:25:00",231198,13.54,30.79,750.7,23.59,39.78
"2023-02-15 11:30:00",231199,13.51,31.33,750.6,24.38,37.52
"2023-02-15 11:35:00",231200,13.51,31.9,750.5,24.39,38.31
"2023-02-15 11:40:00",231201,13.49,32.38,750.4,25.2,37.24
"2023-02-15 11:45:00",231202,13.49,32.85,750.2,24.74,38.88
"2023-02-15 11:50:00",231203,13.49,33.27,750.1,24.16,39.34
"2023-02-15 11:55:00",231204,13.49,33.54,749.9,24.9,38.17
"2023-02-15 12:00:00",231205,13.47,33.75,749.8,24.4,40.22
"2023-02-15 12:05:00",231206,13.47,33.88,749.6,25.56,37.31
"2023-02-15 12:10:00",231207,13.47,33.99,749.5,25.54,36.15
"2023-02-15 12:15:00",231208,13.47,34.05,749.3,25.9,36.35
"2023-02-15 12:20:00",231209,13.47,34.17,749.2,25.71,36.59
"2023-02-15 12:25:00",231210,13.47,34.22,749.1,26,35.99
"2023-02-15 12:30:00",231211,13.47,34.19,749,26.22,35.31
"2023-02-15 12:35:00",231212,13.47,34.19,748.9,26.3,34.92
"2023-02-15 12:40:00",231213,13.47,34.2,748.8,26.18,36.11
"2023-02-15 12:45:00",231214,13.47,34.22,748.6,25.98,37.48
"2023-02-15 12:50:00",231215,13.47,34.23,748.5,25.65,38.31
"2023-02-15 12:55:00",231216,13.47,34.2,748.4,25.9,37.18
"2023-02-15 13:00:00",231217,13.47,34.16,748.3,26.37,35.96
"2023-02-15 13:05:00",231218,13.47,34.11,748.2,26.4,36.79
"2023-02-15 13:10:00",231219,13.47,34.09,748.1,26.58,35.48
"2023-02-15 13:15:00",231220,13.47,34.02,747.9,26.17,35.94
"2023-02-15 13:20:00",231221,13.47,33.95,747.8,26.06,34.89
"2023-02-15 13:25:00",231222,13.47,33.82,747.8,26.04,33.96
"2023-02-15 13:30:00",231223,13.47,33.66,747.7,25.77,35.77
"2023-02-15 13:35:00",231224,13.47,33.5,747.5,26.99,34.92
"2023-02-15 13:40:00",231225,13.47,33.47,747.5,26.69,33.34
"2023-02-15 13:45:00",231226,13.47,33.46,747.4,26.13,34.97
"2023-02-15 13:50:00",231227,13.47,33.49,747.3,27.68,31.81
"2023-02-15 13:55:00",231228,13.47,33.6,747.2,26.44,33.39
"2023-02-15 14:00:00",231229,13.47,33.66,747.1,26.71,32.61
"2023-02-15 14:05:00",231230,13.47,33.68,747,25.59,34.28
"2023-02-15 14:10:00",231231,13.47,33.5,747,25.93,35.28
"2023-02-15 14:15:00",231232,13.47,33.26,746.9,25.77,35.27
"2023-02-15 14:20:00",231233,13.47,32.98,746.8,25.57,35.31
"2023-02-15 14:25:00",231234,13.47,32.73,746.7,25.92,34.98
"2023-02-15 14:30:00",231235,13.47,32.53,746.7,25.54,34.51
"2023-02-15 14:35:00",231236,13.47,32.35,746.7,25.06,35.63
"2023-02-15 14:40:00",231237,13.47,32.15,746.6,25.16,34.74
"2023-02-15 14:45:00",231238,13.47,31.88,746.6,23.16,46.37
"2023-02-15 14:50:00",231239,13.47,31.45,746.6,23.59,46.55
"2023-02-15 14:55:00",231240,13.47,31.02,746.6,23.39,46.39
"2023-02-15 15:00:00",231241,13.47,30.68,746.5,23.53,44.48
"2023-02-15 15:05:00",231242,13.47,30.42,746.4,24.75,41.5
"2023-02-15 15:10:00",231243,13.47,30.35,746.4,24.31,44.51
"2023-02-15 15:15:00",231244,13.47,30.36,746.2,24.23,43.46
"2023-02-15 15:20:00",231245,13.47,30.34,746.2,23.51,45.61
"2023-02-15 15:25:00",231246,13.47,30.27,746.1,24.21,44.3
"2023-02-15 15:30:00",231247,13.47,30.26,746,24.51,43.53
"2023-02-15 15:35:00",231248,13.47,30.28,745.9,24.59,41.55
"2023-02-15 15:40:00",231249,13.47,30.36,745.9,25.24,38.47
"2023-02-15 15:45:00",231250,13.47,30.55,745.9,25.18,37.07
"2023-02-15 15:50:00",231251,13.47,30.75,745.8,25.04,38.65
"2023-02-15 15:55:00",231252,13.47,30.92,745.7,25.18,38.92
"2023-02-15 16:00:00",231253,13.47,30.94,745.6,24.95,42.83
"2023-02-15 16:05:00",231254,13.47,30.93,745.5,24.35,43.87
"2023-02-15 16:10:00",231255,13.47,30.81,745.4,24.01,45.31
"2023-02-15 16:15:00",231256,13.47,30.59,745.4,23.88,45.3
"2023-02-15 16:20:00",231257,13.47,30.38,745.3,24.35,44.38
"2023-02-15 16:25:00",231258,13.47,30.32,745.4,24.58,43.54
"2023-02-15 16:30:00",231259,13.47,30.35,745.3,24.86,41.42
"2023-02-15 16:35:00",231260,13.47,30.43,745.3,25.18,43.18
"2023-02-15 16:40:00",231261,13.47,30.56,745.3,25.51,41.72
"2023-02-15 16:45:00",231262,13.47,30.8,745.2,25.2,42.14
"2023-02-15 16:50:00",231263,13.47,31.03,745.3,24.72,43.29
"2023-02-15 16:55:00",231264,13.47,31.17,745.4,24.54,44.73
"2023-02-15 17:00:00",231265,13.47,31.17,745.4,24.32,45.16
"2023-02-15 17:05:00",231266,13.47,31.07,745.4,24.13,44.03
"2023-02-15 17:10:00",231267,13.47,30.95,745.5,24.36,44.13
"2023-02-15 17:15:00",231268,13.47,30.77,745.5,24.07,45.16
"2023-02-15 17:20:00",231269,13.47,30.53,745.5,23.83,45.19
"2023-02-15 17:25:00",231270,13.47,30.17,745.6,23.61,45.07
"2023-02-15 17:30:00",231271,13.47,29.69,745.5,23.18,46.95
"2023-02-15 17:35:00",231272,13.43,28.67,745.5,22.95,46.92
"2023-02-15 17:40:00",231273,13.37,27.92,745.6,22.86,47.06
"2023-02-15 17:45:00",231274,13.28,27.36,745.6,22.79,46.22
"2023-02-15 17:50:00",231275,13.24,26.95,745.5,22.7,46.63
"2023-02-15 17:55:00",231276,13.2,26.61,745.4,22.69,46.5
"2023-02-15 18:00:00",231277,13.15,26.32,745.4,22.73,46.06
"2023-02-15 18:05:00",231278,13.11,26.07,745.4,22.72,46.7
"2023-02-15 18:10:00",231279,13.07,25.83,745.3,22.59,47.32
"2023-02-15 18:15:00",231280,13.06,25.65,745.2,22.71,45.8
"2023-02-15 18:20:00",231281,13.05,25.55,745.2,22.83,46.1
"2023-02-15 18:25:00",231282,13.02,25.43,745.3,22.6,47.38
"2023-02-15 18:30:00",231283,12.97,25.32,745.4,22.57,46.8
"2023-02-15 18:35:00",231284,12.93,25.2,745.5,22.59,47.54
"2023-02-15 18:40:00",231285,12.91,25.1,745.6,22.51,46.86
"2023-02-15 18:45:00",231286,12.9,25.01,745.7,22.42,46.98
"2023-02-15 18:50:00",231287,12.89,24.88,745.9,22.2,48.13
"2023-02-15 18:55:00",231288,12.88,24.75,745.9,22.17,48
"2023-02-15 19:00:00",231289,12.88,24.62,746.1,22.05,48.52
"2023-02-15 19:05:00",231290,12.87,24.44,746.2,21.94,48.67
"2023-02-15 19:10:00",231291,12.87,24.24,746.3,21.81,49.19
"2023-02-15 19:15:00",231292,12.87,24.05,746.3,21.71,49.18
"2023-02-15 19:20:00",231293,12.87,23.93,746.5,21.75,49.05
"2023-02-15 19:25:00",231294,12.86,23.81,746.5,21.73,48.89
"2023-02-15 19:30:00",231295,12.86,23.75,746.6,21.59,49.29
"2023-02-15 19:35:00",231296,12.86,23.7,746.6,21.55,49.5
"2023-02-15 19:40:00",231297,12.86,23.65,746.6,21.53,50.32
"2023-02-15 19:45:00",231298,12.86,23.57,746.6,21.33,50.32
"2023-02-15 19:50:00",231299,12.85,23.47,746.6,21.27,50.5
"2023-02-15 19:55:00",231300,12.85,23.34,746.7,21.14,51.49
"2023-02-15 20:00:00",231301,12.85,23.22,746.8,20.96,53.41
"2023-02-15 20:05:00",231302,12.85,23.11,746.9,20.73,55.05
"2023-02-15 20:10:00",231303,12.85,23.01,747.1,20.69,55.81
"2023-02-15 20:15:00",231304,12.84,22.91,747.3,20.66,56.43
"2023-02-15 20:20:00",231305,12.84,22.81,747.5,20.55,57.3
"2023-02-15 20:25:00",231306,12.84,22.75,747.6,20.52,57.63
"2023-02-15 20:30:00",231307,12.84,22.65,747.8,20.35,58.25
"2023-02-15 20:35:00",231308,12.84,22.59,748,20.19,58.87
"2023-02-15 20:40:00",231309,12.84,22.54,748.1,20.1,58.88
"2023-02-15 20:45:00",231310,12.84,22.47,748.2,20.06,59.06
"2023-02-15 20:50:00",231311,12.83,22.4,748.3,20.01,58.93
"2023-02-15 20:55:00",231312,12.83,22.33,748.4,19.98,59.29
"2023-02-15 21:00:00",231313,12.83,22.27,748.4,19.83,60.06
"2023-02-15 21:05:00",231314,12.83,22.22,748.5,19.79,60.23
"2023-02-15 21:10:00",231315,12.83,22.16,748.5,19.67,60.57
"2023-02-15 21:15:00",231316,12.83,22.12,748.5,19.62,60.54
"2023-02-15 21:20:00",231317,12.82,22.07,748.5,19.62,60.26
"2023-02-15 21:25:00",231318,12.82,22,748.5,19.66,59.97
"2023-02-15 21:30:00",231319,12.82,21.97,748.5,19.67,59.79
"2023-02-15 21:35:00",231320,12.83,21.94,748.6,19.61,59.63
"2023-02-15 21:40:00",231321,12.83,21.86,748.7,19.51,60.4
"2023-02-15 21:45:00",231322,12.83,21.79,748.7,19.48,60.52
"2023-02-15 21:50:00",231323,12.83,21.75,748.7,19.48,60.21
"2023-02-15 21:55:00",231324,12.83,21.63,748.8,19.36,60.46
"2023-02-15 22:00:00",231325,12.83,21.56,748.8,19.41,61.02
"2023-02-15 22:05:00",231326,12.83,21.48,748.8,19.49,60.37
"2023-02-15 22:10:00",231327,12.83,21.43,748.9,19.6,59.05
"2023-02-15 22:15:00",231328,12.83,21.39,748.9,19.54,59.62
"2023-02-15 22:20:00",231329,12.82,21.39,749,19.56,59.38
"2023-02-15 22:25:00",231330,12.82,21.39,749,19.53,59.4
"2023-02-15 22:30:00",231331,12.82,21.35,749.1,19.45,59.93
"2023-02-15 22:35:00",231332,12.82,21.32,749.2,19.46,60.75
"2023-02-15 22:40:00",231333,12.82,21.3,749.2,19.45,60.57
"2023-02-15 22:45:00",231334,12.82,21.3,749.2,19.53,60.13
"2023-02-15 22:50:00",231335,12.82,21.3,749.3,19.65,59.88
"2023-02-15 22:55:00",231336,12.81,21.29,749.5,19.62,60.17
"2023-02-15 23:00:00",231337,12.81,21.3,749.6,18.78,67.08
"2023-02-15 23:05:00",231338,12.81,21.22,749.6,17.65,73.1
"2023-02-15 23:10:00",231339,12.8,21,749.7,17.26,74.63
"2023-02-15 23:15:00",231340,12.8,20.73,749.6,17.05,75.41
"2023-02-15 23:20:00",231341,12.8,20.49,749.7,16.93,77.22
"2023-02-15 23:25:00",231342,12.8,20.2,749.8,16.85,79.03
"2023-02-15 23:30:00",231343,12.8,19.85,750,16.67,80.2
"2023-02-15 23:35:00",231344,12.8,19.51,750.1,15.99,82.3
"2023-02-15 23:40:00",231345,12.79,19.07,750.2,15.35,84.6
"2023-02-15 23:45:00",231346,12.79,18.57,750.1,15.1,82.3
"2023-02-15 23:50:00",231347,12.79,18.15,749.9,15.16,77.89
"2023-02-15 23:55:00",231348,12.79,17.67,749.8,14.83,78.1
"2023-02-16 00:00:00",231349,12.78,17.2,750,14.64,83.3
"2023-02-16 00:05:00",231350,12.78,16.83,750.1,14.21,88.8
"2023-02-16 00:10:00",231351,12.78,16.56,750.2,13.81,91.6
"2023-02-16 00:15:00",231352,12.78,16.31,750,13.41,90.4
"2023-02-16 00:20:00",231353,12.77,16.06,750.2,13.4,92
"2023-02-16 00:25:00",231354,12.77,15.73,750.4,13.26,91
"2023-02-16 00:30:00",231355,12.77,15.49,750.4,13.42,92.1
"2023-02-16 00:35:00",231356,12.76,15.31,750.4,13.54,91.2
"2023-02-16 00:40:00",231357,12.76,15.22,750.3,13.65,89.9
"2023-02-16 00:45:00",231358,12.76,15.11,750.2,13.67,90.2
"2023-02-16 00:50:00",231359,12.76,15.04,750.1,13.85,89.6
"2023-02-16 00:55:00",231360,12.76,14.99,750.3,13.68,89
"2023-02-16 01:00:00",231361,12.75,14.92,750.3,13.72,89.9
"2023-02-16 01:05:00",231362,12.75,14.86,750.1,13.6,89.8
"2023-02-16 01:10:00",231363,12.75,14.82,750,13.52,90.1
"2023-02-16 01:15:00",231364,12.75,14.73,749.9,13.5,89.7
"2023-02-16 01:20:00",231365,12.74,14.67,749.9,13.47,90.3
"2023-02-16 01:25:00",231366,12.74,14.61,749.9,13.47,90.5
"2023-02-16 01:30:00",231367,12.74,14.56,749.6,13.47,89.2
"2023-02-16 01:35:00",231368,12.74,14.5,749.4,13.62,89.7
"2023-02-16 01:40:00",231369,12.74,14.5,749,13.66,89.6
"2023-02-16 01:45:00",231370,12.73,14.49,748.7,13.76,90.8
"2023-02-16 01:50:00",231371,12.73,14.52,748.4,13.85,91
"2023-02-16 01:55:00",231372,12.73,14.54,748,13.9,89.1
"2023-02-16 02:00:00",231373,12.73,14.54,747.8,14.05,86.5
"2023-02-16 02:05:00",231374,12.72,14.53,748.1,14.57,82.3
"2023-02-16 02:10:00",231375,12.72,14.5,748.2,13.53,90.6
"2023-02-16 02:15:00",231376,12.72,14.51,748.2,14.05,83.1
"2023-02-16 02:20:00",231377,12.71,14.48,748,13.93,84.5
"2023-02-16 02:25:00",231378,12.71,14.48,747.9,14.02,85.1
"2023-02-16 02:30:00",231379,12.71,14.46,747.8,13.89,87
"2023-02-16 02:35:00",231380,12.71,14.43,747.7,13.85,87.2
"2023-02-16 02:40:00",231381,12.7,14.47,747.8,13.95,88.1
"2023-02-16 02:45:00",231382,12.7,14.53,747.7,14.07,88.8
"2023-02-16 02:50:00",231383,12.7,14.56,747.8,14.29,85.6
"2023-02-16 02:55:00",231384,12.7,14.6,747.8,14.33,86.6
"2023-02-16 03:00:00",231385,12.69,14.62,747.7,14.23,87.7
"2023-02-16 03:05:00",231386,12.69,14.65,747.7,14.15,87.7
"2023-02-16 03:10:00",231387,12.69,14.69,747.5,14.14,87.6
"2023-02-16 03:15:00",231388,12.69,14.68,747.4,14.17,89.2
"2023-02-16 03:20:00",231389,12.68,14.7,747.3,14.13,89.5
"2023-02-16 03:25:00",231390,12.68,14.72,747.2,14.15,89.6
"2023-02-16 03:30:00",231391,12.68,14.74,747.2,14.13,89.9
"2023-02-16 03:35:00",231392,12.68,14.77,747.2,14.24,89.6
"2023-02-16 03:40:00",231393,12.67,14.78,747.1,14.31,90.8
"2023-02-16 03:45:00",231394,12.67,14.79,747.1,14.12,91
"2023-02-16 03:50:00",231395,12.67,14.77,747.1,13.92,90.4
"2023-02-16 03:55:00",231396,12.67,14.74,747.1,13.89,90.8
"2023-02-16 04:00:00",231397,12.67,14.75,747,13.88,90.8
"2023-02-16 04:05:00",231398,12.66,14.74,747,13.89,90.8
"2023-02-16 04:10:00",231399,12.66,14.75,747.1,13.83,91.3
"2023-02-16 04:15:00",231400,12.66,14.75,747.1,13.85,91.2
"2023-02-16 04:20:00",231401,12.66,14.75,747.1,13.91,90.3
"2023-02-16 04:25:00",231402,12.65,14.74,747.2,13.9,89.9
"2023-02-16 04:30:00",231403,12.65,14.8,747.2,13.92,90.1
"2023-02-16 04:35:00",231404,12.65,14.82,747.2,13.98,91
"2023-02-16 04:40:00",231405,12.65,14.86,747.2,13.97,91.4
"2023-02-16 04:45:00",231406,12.64,14.85,747.2,13.85,90.5
"2023-02-16 04:50:00",231407,12.64,14.84,747.2,13.84,90.9
"2023-02-16 04:55:00",231408,12.64,14.8,747.2,13.82,90.1
"2023-02-16 05:00:00",231409,12.64,14.78,747.2,13.77,89.6
"2023-02-16 05:05:00",231410,12.63,14.74,747.2,13.77,90.3
"2023-02-16 05:10:00",231411,12.63,14.7,747.1,13.69,89.5
"2023-02-16 05:15:00",231412,12.63,14.67,747.1,13.67,89.6
"2023-02-16 05:20:00",231413,12.63,14.62,747.1,13.73,89.1
"2023-02-16 05:25:00",231414,12.63,14.56,747.1,13.69,89.4
"2023-02-16 05:30:00",231415,12.63,14.5,747.2,13.69,89.9
"2023-02-16 05:35:00",231416,12.62,14.48,747.3,13.62,90.9
"2023-02-16 05:40:00",231417,12.62,14.43,747.2,13.51,91.3
"2023-02-16 05:45:00",231418,12.62,14.37,747.3,13.44,91.9
"2023-02-16 05:50:00",231419,12.62,14.32,747.4,13.41,92.7
"2023-02-16 05:55:00",231420,12.61,14.28,747.5,13.53,92.2
"2023-02-16 06:00:00",231421,12.61,14.24,747.6,13.4,92.4
"2023-02-16 06:05:00",231422,12.61,14.1,747.6,13.32,93.2
"2023-02-16 06:10:00",231423,12.62,14.03,747.6,13.27,93.4
"2023-02-16 06:15:00",231424,12.61,14.01,747.6,13.33,93.5
"2023-02-16 06:20:00",231425,12.62,14.02,747.7,13.33,92.8
"2023-02-16 06:25:00",231426,12.63,14.05,747.7,13.28,92.5
"2023-02-16 06:30:00",231427,12.65,13.98,747.7,13.27,93.2
"2023-02-16 06:35:00",231428,12.68,13.98,747.7,13.3,93.1
"2023-02-16 06:40:00",231429,12.73,13.98,747.7,13.43,92.8
"2023-02-16 06:45:00",231430,12.79,14.03,747.8,13.63,91.8
"2023-02-16 06:50:00",231431,12.9,14.15,747.8,13.83,91.3
"2023-02-16 06:55:00",231432,13.07,14.33,747.9,14.07,90.6
"2023-02-16 07:00:00",231433,13.23,14.53,747.9,14.33,88.9
"2023-02-16 07:05:00",231434,13.42,14.75,747.9,14.48,89.3
"2023-02-16 07:10:00",231435,13.65,15.15,747.9,15.02,87
"2023-02-16 07:15:00",231436,13.68,15.53,748,15.62,84
"2023-02-16 07:20:00",231437,13.65,15.93,748,16.46,79.75
"2023-02-16 07:25:00",231438,13.73,16.37,748,15.75,83.4
"2023-02-16 07:30:00",231439,13.79,16.81,748,16.13,80.8
"2023-02-16 07:35:00",231440,13.79,17.32,748,16.27,79.16
"2023-02-16 07:40:00",231441,13.79,18.71,747.9,17.09,76.91
"2023-02-16 07:45:00",231442,13.76,19.41,748,16.77,76.6
"2023-02-16 07:50:00",231443,13.76,19.87,748.1,16.41,78.57
"2023-02-16 07:55:00",231444,13.73,20.22,748.1,16.18,79
"2023-02-16 08:00:00",231445,13.66,19.7,748.1,15.88,82.2
"2023-02-16 08:05:00",231446,13.76,20.34,748.1,16.44,79.3
"2023-02-16 08:10:00",231447,13.73,20.88,748.2,17.71,74.06
"2023-02-16 08:15:00",231448,13.73,21.4,748.2,17.25,74.68
"2023-02-16 08:20:00",231449,13.71,21.95,748.2,18.79,68.23
"2023-02-16 08:25:00",231450,13.71,22.61,748.1,18.49,68.06
"2023-02-16 08:30:00",231451,13.68,23.26,748.2,19.04,65.92
"2023-02-16 08:35:00",231452,13.68,23.87,748.2,19.44,63.94
"2023-02-16 08:40:00",231453,13.65,24.4,748.3,18.45,66.5
"2023-02-16 08:45:00",231454,13.65,24.86,748.3,18.12,69.72
"2023-02-16 08:50:00",231455,13.66,25.22,748.3,18.02,68.33
"2023-02-16 08:55:00",231456,13.63,25.48,748.3,18.15,70.71
"2023-02-16 09:00:00",231457,13.63,25.7,748.2,19.38,64.88
"2023-02-16 09:05:00",231458,13.63,26.08,748.2,20.96,61.63
"2023-02-16 09:10:00",231459,13.63,26.54,748.2,21.38,57.95
"2023-02-16 09:15:00",231460,13.6,27.03,748.2,21.52,60.81
"2023-02-16 09:20:00",231461,13.6,27.55,748.1,22.27,56.54
"2023-02-16 09:25:00",231462,13.58,28.04,748.1,21.78,56.9
"2023-02-16 09:30:00",231463,13.58,28.49,748.1,21.68,58.85
"2023-02-16 09:35:00",231464,13.58,28.91,748.1,21.01,57.99
"2023-02-16 09:40:00",231465,13.55,29.12,748.1,20.52,59.19
"2023-02-16 09:45:00",231466,13.55,29.25,748.1,21.49,60.63
"2023-02-16 09:50:00",231467,13.56,29.33,748,20.8,58.32
"2023-02-16 09:55:00",231468,13.55,29.34,748,20.86,57.01
"2023-02-16 10:00:00",231469,13.56,29.27,748,20.24,58.05
"2023-02-16 10:05:00",231470,13.55,29.22,747.9,20.38,57.34
"2023-02-16 10:10:00",231471,13.55,29.14,747.8,20.32,57.75
"2023-02-16 10:15:00",231472,13.56,29.16,747.7,22.15,55.22
"2023-02-16 10:20:00",231473,13.56,29.42,747.6,23.02,53.54
"2023-02-16 10:25:00",231474,13.56,29.87,747.5,22.77,53.5
"2023-02-16 10:30:00",231475,13.53,30.27,747.3,21.89,54.47
"2023-02-16 10:35:00",231476,13.53,30.6,747.3,23.1,51.51
"2023-02-16 10:40:00",231477,13.51,30.92,747.2,22.88,51.29
"2023-02-16 10:45:00",231478,13.51,31.14,747.1,22.56,49.73
"2023-02-16 10:50:00",231479,13.51,31.31,747.2,22.21,54.64
"2023-02-16 10:55:00",231480,13.51,31.4,747.1,22.83,50.52
"2023-02-16 11:00:00",231481,13.51,31.52,747,23.53,49.73
"2023-02-16 11:05:00",231482,13.51,31.68,747,23.39,48.85
"2023-02-16 11:10:00",231483,13.51,31.85,746.9,23.67,47.01
"2023-02-16 11:15:00",231484,13.49,32.06,746.7,23.13,50.44
"2023-02-16 11:20:00",231485,13.49,32.21,746.6,23.79,48.43
"2023-02-16 11:25:00",231486,13.49,32.37,746.6,23.6,50.31
"2023-02-16 11:30:00",231487,13.49,32.45,746.5,23.56,48.69
"2023-02-16 11:35:00",231488,13.49,32.48,746.4,24.25,49.12
"2023-02-16 11:40:00",231489,13.49,32.6,746.3,24.47,46.98
"2023-02-16 11:45:00",231490,13.49,32.48,746.3,24.34,46.48
"2023-02-16 11:50:00",231491,13.49,32.38,746.1,24.23,46.79
"2023-02-16 11:55:00",231492,13.49,32.31,746,23.71,46.79
"2023-02-16 12:00:00",231493,13.49,32.23,745.9,23.73,45.41
"2023-02-16 12:05:00",231494,13.49,32.19,745.8,24.97,45.17
"2023-02-16 12:10:00",231495,13.49,32.31,745.6,25.51,42.93
"2023-02-16 12:15:00",231496,13.49,32.48,745.5,24.95,40.9
"2023-02-16 12:20:00",231497,13.49,32.64,745.4,25.66,41.51
"2023-02-16 12:25:00",231498,13.49,32.81,745.3,25.85,38.6
"2023-02-16 12:30:00",231499,13.49,33.01,745.1,26.32,33.11
"2023-02-16 12:35:00",231500,13.49,33.19,745.1,27.43,33.95
"2023-02-16 12:40:00",231501,13.47,33.44,745,27.93,29.66
"2023-02-16 12:45:00",231502,13.47,33.64,744.9,26.02,33.65
"2023-02-16 12:50:00",231503,13.47,33.66,744.8,26.3,31.89
"2023-02-16 12:55:00",231504,13.47,33.63,744.7,26.35,30.88
"2023-02-16 13:00:00",231505,13.47,33.59,744.6,26.54,30.77
"2023-02-16 13:05:00",231506,13.47,33.54,744.5,27.33,30.7
"2023-02-16 13:10:00",231507,13.47,33.55,744.4,26.56,31.31
"2023-02-16 13:15:00",231508,13.47,33.53,744.2,27.63,29.77
"2023-02-16 13:20:00",231509,13.47,33.48,744.1,26.08,31.27
"2023-02-16 13:25:00",231510,13.47,33.32,744.1,27.02,30.2
"2023-02-16 13:30:00",231511,13.47,33.2,744.1,28.48,29.36
"2023-02-16 13:35:00",231512,13.47,33.24,743.9,28.51,29.71
"2023-02-16 13:40:00",231513,13.47,33.37,743.8,28.54,28.07
"2023-02-16 13:45:00",231514,13.47,33.49,743.8,28.29,27.63
"2023-02-16 13:50:00",231515,13.47,33.55,743.7,27.84,28.56
"2023-02-16 13:55:00",231516,13.47,33.56,743.6,28.25,27.49
"2023-02-16 14:00:00",231517,13.47,33.63,743.5,29.11,27.42
"2023-02-16 14:05:00",231518,13.47,33.83,743.4,30.37,24.89
"2023-02-16 14:10:00",231519,13.47,33.98,743.3,26.58,28.8
"2023-02-16 14:15:00",231520,13.47,33.94,743.2,28.35,27.98
"2023-02-16 14:20:00",231521,13.47,33.93,743.2,28.81,26.16
"2023-02-16 14:25:00",231522,13.47,34.01,743.1,28.78,28.08
"2023-02-16 14:30:00",231523,13.47,34.06,743,28.42,27.44
"2023-02-16 14:35:00",231524,13.47,34.07,742.9,28.79,26.09
"2023-02-16 14:40:00",231525,13.47,34.13,742.9,28.9,26.27
"2023-02-16 14:45:00",231526,13.45,34.21,742.8,28.58,26.63
"2023-02-16 14:50:00",231527,13.44,34.24,742.8,27.67,26.56
"2023-02-16 14:55:00",231528,13.45,34.17,742.8,27.94,26.44
"2023-02-16 15:00:00",231529,13.45,34.05,742.8,28.11,25.97
"2023-02-16 15:05:00",231530,13.45,34.03,742.6,28.58,24.76
"2023-02-16 15:10:00",231531,13.45,34.21,742.5,29.12,24.73
"2023-02-16 15:15:00",231532,13.45,34.47,742.4,28.77,25.26
"2023-02-16 15:20:00",231533,13.45,34.74,742.4,29.45,24.86
"2023-02-16 15:25:00",231534,13.45,34.98,742.3,29.06,27.21
"2023-02-16 15:30:00",231535,13.45,35.23,742.3,29.87,25.48
"2023-02-16 15:35:00",231536,13.45,35.62,742.2,30.24,25.29
"2023-02-16 15:40:00",231537,13.43,36.05,742.1,30.58,25.14
"2023-02-16 15:45:00",231538,13.42,36.4,742,29.89,25.48
"2023-02-16 15:50:00",231539,13.43,36.6,742,29.59,25.04
"2023-02-16 15:55:00",231540,13.43,36.74,741.9,29.62,24.24
"2023-02-16 16:00:00",231541,13.43,36.9,741.8,30.13,25.36
"2023-02-16 16:05:00",231542,13.41,37.08,741.7,29.71,25.05
"2023-02-16 16:10:00",231543,13.41,37.13,741.7,29.82,25.26
"2023-02-16 16:15:00",231544,13.41,37.16,741.6,30.59,24.76
"2023-02-16 16:20:00",231545,13.4,37.22,741.6,29.16,25.77
"2023-02-16 16:25:00",231546,13.41,37.16,741.5,29.26,24.77
"2023-02-16 16:30:00",231547,13.41,36.98,741.5,28.74,25.26
"2023-02-16 16:35:00",231548,13.4,36.52,741.5,28.37,25.13
"2023-02-16 16:40:00",231549,13.41,36,741.5,28.66,25.77
"2023-02-16 16:45:00",231550,13.4,35.59,741.6,28.76,25.09
"2023-02-16 16:50:00",231551,13.4,35.25,741.5,28.63,25.01
"2023-02-16 16:55:00",231552,13.4,35.01,741.5,28.84,24.85
"2023-02-16 17:00:00",231553,13.4,34.92,741.5,28.74,25.53
"2023-02-16 17:05:00",231554,13.4,34.88,741.5,28.91,25.89
"2023-02-16 17:10:00",231555,13.4,34.88,741.4,28.92,25.82
"2023-02-16 17:15:00",231556,13.4,34.8,741.4,28.47,26.2
"2023-02-16 17:20:00",231557,13.4,34.63,741.4,28.59,26.52
"2023-02-16 17:25:00",231558,13.4,34.45,741.4,28.66,25.11
"2023-02-16 17:30:00",231559,13.4,34.34,741.4,28.84,25.54
"2023-02-16 17:35:00",231560,13.4,34.27,741.4,28.52,25.93
"2023-02-16 17:40:00",231561,13.4,34.19,741.4,28.24,25.77
"2023-02-16 17:45:00",231562,13.4,34.06,741.3,28.28,25.43
"2023-02-16 17:50:00",231563,13.4,33.9,741.3,28.15,25.77
"2023-02-16 17:55:00",231564,13.4,33.69,741.3,28.04,26.04
"2023-02-16 18:00:00",231565,13.4,33.4,741.3,27.82,26.57
"2023-02-16 18:05:00",231566,13.43,33.09,741.2,27.81,26.29
"2023-02-16 18:10:00",231567,13.43,32.63,741.3,27.69,26.66
"2023-02-16 18:15:00",231568,13.44,32,741.2,27.73,26.7
"2023-02-16 18:20:00",231569,13.4,31.42,741.3,27.77,26.74
"2023-02-16 18:25:00",231570,13.32,31.11,741.3,27.44,27.74
"2023-02-16 18:30:00",231571,13.22,30.86,741.3,27.27,27.32
"2023-02-16 18:35:00",231572,13.14,30.62,741.3,27.3,27.28
"2023-02-16 18:40:00",231573,13.08,30.36,741.2,27.24,27.69
"2023-02-16 18:45:00",231574,13.03,30.11,741.2,27.28,26.8
"2023-02-16 18:50:00",231575,12.98,29.87,741.3,26.45,33.56
"2023-02-16 18:55:00",231576,12.94,29.78,741.3,25.56,36.58
"2023-02-16 19:00:00",231577,12.92,29.51,741.4,25.04,37.99
"2023-02-16 19:05:00",231578,12.91,29,741.5,24.74,38.22
"2023-02-16 19:10:00",231579,12.91,28.47,741.6,24.38,39.56
"2023-02-16 19:15:00",231580,12.9,28,741.6,24.08,39.99
"2023-02-16 19:20:00",231581,12.9,27.56,741.7,23.99,40.9
"2023-02-16 19:25:00",231582,12.89,27.15,741.8,23.81,40.75
"2023-02-16 19:30:00",231583,12.89,26.82,741.8,23.52,42.08
"2023-02-16 19:35:00",231584,12.89,26.47,741.9,23.38,43.17
"2023-02-16 19:40:00",231585,12.88,26.17,742.1,23.23,43.51
"2023-02-16 19:45:00",231586,12.88,25.89,742.1,22.97,44.83
"2023-02-16 19:50:00",231587,12.88,25.61,742.2,22.79,44.59
"2023-02-16 19:55:00",231588,12.88,25.36,742.2,22.57,45.72
"2023-02-16 20:00:00",231589,12.87,25.14,742.3,22.55,45.27
"2023-02-16 20:05:00",231590,12.87,24.93,742.4,22.47,44.77
"2023-02-16 20:10:00",231591,12.87,24.74,742.5,22.43,44.87
"2023-02-16 20:15:00",231592,12.87,24.56,742.5,22.28,45.62
"2023-02-16 20:20:00",231593,12.87,24.37,742.5,22.29,45.81
"2023-02-16 20:25:00",231594,12.86,24.22,742.6,22.1,46.46
"2023-02-16 20:30:00",231595,12.86,24.09,742.7,21.89,46.72
"2023-02-16 20:35:00",231596,12.86,23.94,742.8,21.79,47.57
"2023-02-16 20:40:00",231597,12.86,23.81,742.9,21.72,49.24
"2023-02-16 20:45:00",231598,12.86,23.65,743,21.56,49.6
"2023-02-16 20:50:00",231599,12.85,23.48,743.1,21.41,51.46
"2023-02-16 20:55:00",231600,12.85,23.32,743.1,21.34,50.11
"2023-02-16 21:00:00",231601,12.85,23.16,743.2,21.15,51.46
"2023-02-16 21:05:00",231602,12.85,23,743.2,21.13,51.8
"2023-02-16 21:10:00",231603,12.85,22.87,743.2,21.13,54.08
"2023-02-16 21:15:00",231604,12.85,22.72,743.2,21.1,52.18
"2023-02-16 21:20:00",231605,12.84,22.6,743.3,20.92,55.69
"2023-02-16 21:25:00",231606,12.84,22.45,743.4,20.99,52.91
"2023-02-16 21:30:00",231607,12.84,22.34,743.5,21.51,48.23
"2023-02-16 21:35:00",231608,12.84,22.29,743.5,21.57,48.62
"2023-02-16 21:40:00",231609,12.84,22.24,743.5,21.78,47.34
"2023-02-16 21:45:00",231610,12.84,22.2,743.4,20.92,55.57
"2023-02-16 21:50:00",231611,12.83,22.14,743.5,20.75,53.78
"2023-02-16 21:55:00",231612,12.83,21.97,743.5,20.83,53.57
"2023-02-16 22:00:00",231613,12.83,21.87,743.5,20.76,54.9
"2023-02-16 22:05:00",231614,12.83,21.75,743.5,20.78,50.41
"2023-02-16 22:10:00",231615,12.83,21.65,743.6,21.04,52.04
"2023-02-16 22:15:00",231616,12.83,21.56,743.6,20.62,50.95
"2023-02-16 22:20:00",231617,12.82,21.49,743.7,20.72,52.72
"2023-02-16 22:25:00",231618,12.82,21.37,743.8,20.44,54.57
"2023-02-16 22:30:00",231619,12.82,21.28,744,20.18,55.34
"2023-02-16 22:35:00",231620,12.82,21.15,744,19.89,58.67
"2023-02-16 22:40:00",231621,12.82,21.01,744.1,19.67,56.83
"2023-02-16 22:45:00",231622,12.82,20.89,744.1,19.52,55.61
"2023-02-16 22:50:00",231623,12.82,20.75,744.1,19.45,56.3
"2023-02-16 22:55:00",231624,12.82,20.62,744.1,19.34,57.85
"2023-02-16 23:00:00",231625,12.81,20.51,744.1,19.11,58.97
"2023-02-16 23:05:00",231626,12.81,20.37,744.1,19.16,58.89
"2023-02-16 23:10:00",231627,12.81,20.27,744.2,18.93,60.67
"2023-02-16 23:15:00",231628,12.81,20.15,744.4,18.95,58.67
"2023-02-16 23:20:00",231629,12.81,20.06,744.4,19.02,59.5
"2023-02-16 23:25:00",231630,12.81,19.97,744.5,18.91,61.48
"2023-02-16 23:30:00",231631,12.8,19.92,744.6,18.38,62.17
"2023-02-16 23:35:00",231632,12.8,19.88,744.6,18.25,63.53
"2023-02-16 23:40:00",231633,12.8,19.8,744.7,18.01,63.51
"2023-02-16 23:45:00",231634,12.8,19.72,744.7,17.86,62.65
"2023-02-16 23:50:00",231635,12.8,19.63,744.7,18.23,58.56
"2023-02-16 23:55:00",231636,12.79,19.59,744.8,18.59,56.18
"2023-02-17 00:00:00",231637,12.79,19.59,744.8,18.74,55.16
"2023-02-17 00:05:00",231638,12.79,19.59,744.8,18.67,57.2
"2023-02-17 00:10:00",231639,12.79,19.57,744.8,18.33,59.06
"2023-02-17 00:15:00",231640,12.79,19.54,744.9,18.05,60.23
"2023-02-17 00:20:00",231641,12.79,19.46,745,17.8,60.43
"2023-02-17 00:25:00",231642,12.79,19.38,745,17.69,62.15
"2023-02-17 00:30:00",231643,12.78,19.29,745,17.71,60.98
"2023-02-17 00:35:00",231644,12.78,19.2,745.1,17.75,60.72
"2023-02-17 00:40:00",231645,12.78,19.13,745.1,17.92,59.93
"2023-02-17 00:45:00",231646,12.79,19.06,745,17.71,63.2
"2023-02-17 00:50:00",231647,12.79,18.93,745,17.53,62.21
"2023-02-17 00:55:00",231648,12.79,18.82,745,17.33,64.29
"2023-02-17 01:00:00",231649,12.79,18.73,745,17.44,63.89
"2023-02-17 01:05:00",231650,12.79,18.55,745,17.38,65.89
"2023-02-17 01:10:00",231651,12.79,18.43,745.1,17.42,65.52
"2023-02-17 01:15:00",231652,12.79,18.32,745.1,17.13,67.38
"2023-02-17 01:20:00",231653,12.78,18.21,745.1,16.89,66.51
"2023-02-17 01:25:00",231654,12.78,18.13,745.2,16.82,68.17
"2023-02-17 01:30:00",231655,12.78,18.02,745.3,16.56,70.07
"2023-02-17 01:35:00",231656,12.78,17.95,745.4,16.58,69.46
"2023-02-17 01:40:00",231657,12.77,17.86,745.4,16.53,69.45
"2023-02-17 01:45:00",231658,12.77,17.81,745.4,16.24,70.9
"2023-02-17 01:50:00",231659,12.77,17.76,745.4,16.52,69.1
"2023-02-17 01:55:00",231660,12.77,17.73,745.5,16.85,68.81
"2023-02-17 02:00:00",231661,12.77,17.77,745.5,16.85,68.26
"2023-02-17 02:05:00",231662,12.76,17.84,745.5,16.96,68.92
"2023-02-17 02:10:00",231663,12.76,17.93,745.6,17.2,67.8
"2023-02-17 02:15:00",231664,12.76,18.03,745.6,17.13,67.61
"2023-02-17 02:20:00",231665,12.76,18.12,745.6,17.33,66.38
"2023-02-17 02:25:00",231666,12.76,18.24,745.6,17.25,66.22
"2023-02-17 02:30:00",231667,12.75,18.31,745.6,17.32,66.74
"2023-02-17 02:35:00",231668,12.75,18.36,745.6,17.08,67.57
"2023-02-17 02:40:00",231669,12.75,18.4,745.5,16.67,67.94
"2023-02-17 02:45:00",231670,12.75,18.39,745.5,16.7,67.56
"2023-02-17 02:50:00",231671,12.74,18.34,745.4,16.77,67.58
"2023-02-17 02:55:00",231672,12.74,18.29,745.5,16.74,68.18
"2023-02-17 03:00:00",231673,12.74,18.22,745.5,16.61,68.8
"2023-02-17 03:05:00",231674,12.74,18.16,745.6,16.44,69.18
"2023-02-17 03:10:00",231675,12.74,18.15,745.6,16.48,66.41
"2023-02-17 03:15:00",231676,12.74,18.12,745.6,16.56,65.04
"2023-02-17 03:20:00",231677,12.73,18.1,745.7,16.58,63.1
"2023-02-17 03:25:00",231678,12.73,18.07,745.7,16.57,62.62
"2023-02-17 03:30:00",231679,12.73,18.05,745.7,16.56,62.79
"2023-02-17 03:35:00",231680,12.73,18.03,745.7,16.58,62.71
"2023-02-17 03:40:00",231681,12.73,17.92,745.8,16.69,62.73
"2023-02-17 03:45:00",231682,12.73,17.89,745.7,16.69,64.39
"2023-02-17 03:50:00",231683,12.73,17.89,745.7,16.7,66.74
"2023-02-17 03:55:00",231684,12.72,17.89,745.8,16.54,68.96
"2023-02-17 04:00:00",231685,12.72,17.83,745.8,16.4,69.14
"2023-02-17 04:05:00",231686,12.72,17.78,745.8,16.16,69.7
"2023-02-17 04:10:00",231687,12.71,17.71,745.8,16.19,67.5
"2023-02-17 04:15:00",231688,12.72,17.61,745.8,16.24,66.87
"2023-02-17 04:20:00",231689,12.71,17.51,745.9,16.07,66.66
"2023-02-17 04:25:00",231690,12.71,17.42,745.9,16.15,64.47
"2023-02-17 04:30:00",231691,12.71,17.35,745.8,16.22,63.36
"2023-02-17 04:35:00",231692,12.71,17.3,745.9,16.24,63.78
"2023-02-17 04:40:00",231693,12.7,17.25,745.9,16.21,63.74
"2023-02-17 04:45:00",231694,12.7,17.2,745.9,16.18,65.01
"2023-02-17 04:50:00",231695,12.7,17.15,745.9,16.17,65.33
"2023-02-17 04:55:00",231696,12.7,17.1,746,16.2,66.07
"2023-02-17 05:00:00",231697,12.69,17.09,746,16.08,66.87
"2023-02-17 05:05:00",231698,12.69,17.06,746.1,16.07,66.63
"2023-02-17 05:10:00",231699,12.69,17.02,746.1,16.04,66.19
"2023-02-17 05:15:00",231700,12.69,16.99,746.1,16.24,66.34
"2023-02-17 05:20:00",231701,12.68,16.93,746.2,16.16,66.36
"2023-02-17 05:25:00",231702,12.68,16.9,746.2,16.33,65.97
"2023-02-17 05:30:00",231703,12.68,16.87,746.2,16.26,67.28
"2023-02-17 05:35:00",231704,12.68,16.86,746.2,16,68.83
"2023-02-17 05:40:00",231705,12.68,16.82,746.2,15.97,69.46
"2023-02-17 05:45:00",231706,12.67,16.77,746.2,15.32,72.82
"2023-02-17 05:50:00",231707,12.67,16.65,746.4,14.86,73.21
"2023-02-17 05:55:00",231708,12.67,16.52,746.5,14.77,73.5
"2023-02-17 06:00:00",231709,12.67,16.39,746.5,14.98,73.48
"2023-02-17 06:05:00",231710,12.66,16.3,746.6,14.99,71.93
"2023-02-17 06:10:00",231711,12.66,16.22,746.7,15.13,71.69
"2023-02-17 06:15:00",231712,12.65,16.19,746.7,15.16,71.98
"2023-02-17 06:20:00",231713,12.66,16.19,746.8,15.2,71.97
"2023-02-17 06:25:00",231714,12.65,16.22,746.9,15.4,70.37
"2023-02-17 06:30:00",231715,12.66,16.26,746.9,15.36,71.57
"2023-02-17 06:35:00",231716,12.66,16.22,746.9,14.81,73.79
"2023-02-17 06:40:00",231717,12.67,16.21,746.9,14.93,73.51
"2023-02-17 06:45:00",231718,12.69,16.27,747,15.13,74.26
"2023-02-17 06:50:00",231719,12.73,16.35,747,15.26,72.55
"2023-02-17 06:55:00",231720,12.78,16.44,747,15.37,72.31
"2023-02-17 07:00:00",231721,12.85,16.55,747,15.39,73.37
"2023-02-17 07:05:00",231722,12.94,16.67,747.1,15.59,72.95
"2023-02-17 07:10:00",231723,13.15,16.88,747.2,15.71,72.01
"2023-02-17 07:15:00",231724,13.27,17.1,747.3,15.66,72.37
"2023-02-17 07:20:00",231725,13.48,17.4,747.4,15.94,72.25
"2023-02-17 07:25:00",231726,13.6,17.79,747.5,16.67,68.75
"2023-02-17 07:30:00",231727,13.54,18.25,747.5,16.93,67.55
"2023-02-17 07:35:00",231728,13.51,18.46,747.6,16.63,69.82
"2023-02-17 07:40:00",231729,13.76,19.84,747.7,16.96,70.31
"2023-02-17 07:45:00",231730,13.75,20.86,747.7,17.29,68.72
"2023-02-17 07:50:00",231731,13.73,21.55,747.8,17.28,67.87
"2023-02-17 07:55:00",231732,13.7,22.12,747.9,17.46,68.2
"2023-02-17 08:00:00",231733,13.7,22.65,747.9,18.09,65.13
"2023-02-17 08:05:00",231734,13.68,23.19,748,18.73,62.89
"2023-02-17 08:10:00",231735,13.67,23.72,748,19.63,59.57
"2023-02-17 08:15:00",231736,13.65,24.28,748,20.86,54.38
"2023-02-17 08:20:00",231737,13.65,24.85,748,20.61,55.25
"2023-02-17 08:25:00",231738,13.65,25.44,748.1,20.94,54.24
"2023-02-17 08:30:00",231739,13.62,25.99,748.1,21.06,53.76
"2023-02-17 08:35:00",231740,13.63,26.54,748.1,21.31,53.7
"2023-02-17 08:40:00",231741,13.6,27.12,748,22.64,50.69
"2023-02-17 08:45:00",231742,13.6,27.67,748,21.62,53.71
"2023-02-17 08:50:00",231743,13.57,28.13,748.1,22.17,52.57
"2023-02-17 08:55:00",231744,13.57,28.54,748,22.58,51.66
"2023-02-17 09:00:00",231745,13.58,28.94,748.1,21.13,55.66
"2023-02-17 09:05:00",231746,13.55,29.26,748.1,20.84,57.1
"2023-02-17 09:10:00",231747,13.55,29.45,748.1,21.42,55.86
"2023-02-17 09:15:00",231748,13.55,29.68,748.1,21.57,54.24
"2023-02-17 09:20:00",231749,13.55,29.95,748.1,22.21,52.52
"2023-02-17 09:25:00",231750,13.55,30.13,748.1,22.27,52.21
"2023-02-17 09:30:00",231751,13.55,30.38,748.1,22.69,52.55
"2023-02-17 09:35:00",231752,13.53,30.69,748.1,21.96,53.79
"2023-02-17 09:40:00",231753,13.53,30.97,748.1,22.95,51.74
"2023-02-17 09:45:00",231754,13.53,31.25,748.1,21.43,55.43
"2023-02-17 09:50:00",231755,13.51,31.42,748.1,20.82,56.97
"2023-02-17 09:55:00",231756,13.51,31.47,748,21.75,54.79
"2023-02-17 10:00:00",231757,13.5,31.6,748,23.64,49.36
"2023-02-17 10:05:00",231758,13.51,31.88,748,22.59,51.28
"2023-02-17 10:10:00",231759,13.51,32.09,748,22.09,52.53
"2023-02-17 10:15:00",231760,13.51,32.25,747.9,22.79,50.55
"2023-02-17 10:20:00",231761,13.48,32.42,747.9,23.27,47.34
"2023-02-17 10:25:00",231762,13.48,32.65,747.8,24.49,45.63
"2023-02-17 10:30:00",231763,13.48,33.01,747.8,24.26,45.47
"2023-02-17 10:35:00",231764,13.49,33.35,747.7,24.07,41.3
"2023-02-17 10:40:00",231765,13.48,33.64,747.7,24.04,42.21
"2023-02-17 10:45:00",231766,13.46,33.85,747.6,24.08,41.59
"2023-02-17 10:50:00",231767,13.46,34.01,747.6,24.88,40.24
"2023-02-17 10:55:00",231768,13.46,34.18,747.5,25.52,38.5
"2023-02-17 11:00:00",231769,13.46,34.41,747.4,25.65,37.78
"2023-02-17 11:05:00",231770,13.46,34.7,747.4,26.12,37.1
"2023-02-17 11:10:00",231771,13.44,35.03,747.4,26.46,37.4
"2023-02-17 11:15:00",231772,13.44,35.36,747.3,26.34,35.66
"2023-02-17 11:20:00",231773,13.44,35.59,747.3,25.2,34.41
"2023-02-17 11:25:00",231774,13.44,35.67,747.2,25.53,34.51
"2023-02-17 11:30:00",231775,13.44,35.66,747.2,25.31,32.51
"2023-02-17 11:35:00",231776,13.44,35.62,747.1,25.7,34.99
"2023-02-17 11:40:00",231777,13.44,35.68,747.1,26.18,33.83
"2023-02-17 11:45:00",231778,13.44,35.75,747.1,25.08,36.6
"2023-02-17 11:50:00",231779,13.44,35.62,747,24.68,37.39
"2023-02-17 11:55:00",231780,13.44,35.41,746.9,25.47,35.77
"2023-02-17 12:00:00",231781,13.44,35.32,746.8,25.25,35.32
"2023-02-17 12:05:00",231782,13.44,35.28,746.7,26.3,34.11
"2023-02-17 12:10:00",231783,13.44,35.27,746.6,25.62,33.48
"2023-02-17 12:15:00",231784,13.44,35.15,746.6,25.79,32.32
"2023-02-17 12:20:00",231785,13.44,35.12,746.5,25.24,39.46
"2023-02-17 12:25:00",231786,13.44,34.99,746.4,24.85,39.15
"2023-02-17 12:30:00",231787,13.44,34.73,746.4,25.26,35.52
"2023-02-17 12:35:00",231788,13.44,34.48,746.3,25.65,38.91
"2023-02-17 12:40:00",231789,13.44,34.21,746.2,24.83,39.48
"2023-02-17 12:45:00",231790,13.44,33.9,746.1,25.09,39.87
"2023-02-17 12:50:00",231791,13.44,33.65,746,25.84,36.67
"2023-02-17 12:55:00",231792,13.44,33.52,745.9,25.75,36.5
"2023-02-17 13:00:00",231793,13.44,33.52,746,25.75,38.45
"2023-02-17 13:05:00",231794,13.44,33.47,745.9,24.13,41.44
"2023-02-17 13:10:00",231795,13.44,33.12,745.8,23.9,42.84
"2023-02-17 13:15:00",231796,13.44,32.62,745.8,23.47,43.47
"2023-02-17 13:20:00",231797,13.44,32.04,745.8,22.97,43.32
"2023-02-17 13:25:00",231798,13.44,31.44,745.7,23.16,44.08
"2023-02-17 13:30:00",231799,13.47,30.91,745.6,22.91,45.73
"2023-02-17 13:35:00",231800,13.47,30.41,745.6,22.71,48.51
"2023-02-17 13:40:00",231801,13.49,29.86,745.6,22.54,49.41
"2023-02-17 13:45:00",231802,13.49,29.05,745.7,22.23,50.03
"2023-02-17 13:50:00",231803,13.52,28.47,745.7,22.55,49
"2023-02-17 13:55:00",231804,13.52,28.23,745.6,22.2,48.67
"2023-02-17 14:00:00",231805,13.51,28.12,745.7,21.98,49.15
"2023-02-17 14:05:00",231806,13.52,28.09,745.8,22.33,49.29
"2023-02-17 14:10:00",231807,13.52,28.08,746,21.99,50.32
"2023-02-17 14:15:00",231808,13.52,27.97,746.2,20.3,58.46
"2023-02-17 14:20:00",231809,13.52,27.75,746.2,20.04,57.68
"2023-02-17 14:25:00",231810,13.54,27.5,746,19.16,56.08
"2023-02-17 14:30:00",231811,13.54,27.21,745.9,18.83,60.08
"2023-02-17 14:35:00",231812,13.54,26.92,745.9,19.91,57.57
"2023-02-17 14:40:00",231813,13.54,26.75,745.9,20.09,58.21
"2023-02-17 14:45:00",231814,13.54,26.67,745.9,20.13,57.17
"2023-02-17 14:50:00",231815,13.54,26.6,745.8,19.58,57.12
"2023-02-17 14:55:00",231816,13.54,26.46,745.7,19.8,57.16
"2023-02-17 15:00:00",231817,13.54,26.33,745.6,20.19,57.12
"2023-02-17 15:05:00",231818,13.55,26.24,745.6,19.81,56.76
"2023-02-17 15:10:00",231819,13.57,26,745.8,19.88,57.14
"2023-02-17 15:15:00",231820,13.57,25.77,745.8,19.83,57.13
"2023-02-17 15:20:00",231821,13.57,25.6,745.8,19.64,58.32
"2023-02-17 15:25:00",231822,13.57,25.37,745.9,19.82,58.66
"2023-02-17 15:30:00",231823,13.57,25,746,19.57,60.17
"2023-02-17 15:35:00",231824,13.6,24.82,746,19.96,59.86
"2023-02-17 15:40:00",231825,13.6,24.44,745.9,20.06,59.94
"2023-02-17 15:45:00",231826,13.6,24.21,745.9,19.56,64.52
"2023-02-17 15:50:00",231827,13.6,23.95,745.9,19.15,62.72
"2023-02-17 15:55:00",231828,13.6,23.72,745.9,19.46,62.92
"2023-02-17 16:00:00",231829,13.62,23.58,745.9,19.46,62.62
"2023-02-17 16:05:00",231830,13.64,23.27,746,19.58,61.59
"2023-02-17 16:10:00",231831,13.27,22.52,746.2,18.71,64.5
"2023-02-17 16:15:00",231832,13.12,22.2,746.1,18.65,64.13
"2023-02-17 16:20:00",231833,13.01,21.98,746.1,18.63,65.23
"2023-02-17 16:25:00",231834,12.99,21.83,746.2,18.8,65.2
"2023-02-17 16:30:00",231835,13.05,21.71,746.1,18.33,67.97
"2023-02-17 16:35:00",231836,13.22,21.63,746.2,18.24,69.92
"2023-02-17 16:40:00",231837,13.73,21.46,746.3,17.01,83.6
"2023-02-17 16:45:00",231838,13.7,21.67,746.5,16.26,83.7
"2023-02-17 16:50:00",231839,13.73,21.11,746.6,15.3,86.1
"2023-02-17 16:55:00",231840,13.73,21.08,746.7,15.2,83.2
"2023-02-17 17:00:00",231841,13.73,20.81,746.7,15.56,82.9
"2023-02-17 17:05:00",231842,13.73,20.64,746.7,15.71,79.73
"2023-02-17 17:10:00",231843,13.73,20.5,746.7,15.88,79.85
"2023-02-17 17:15:00",231844,13.71,20.2,746.8,15.95,81.1
"2023-02-17 17:20:00",231845,13.51,19.6,746.7,16.04,79.27
"2023-02-17 17:25:00",231846,13.42,19.28,746.8,16.16,81.7
"2023-02-17 17:30:00",231847,13.3,19.1,746.7,16.17,75.29
"2023-02-17 17:35:00",231848,13.2,19.02,746.8,16.1,76.26
"2023-02-17 17:40:00",231849,13.14,18.98,746.9,15.9,77.4
"2023-02-17 17:45:00",231850,13.06,18.92,746.9,15.7,79.65
"2023-02-17 17:50:00",231851,13,18.84,746.9,15.66,80.2
"2023-02-17 17:55:00",231852,12.99,18.79,747,15.89,81.2
"2023-02-17 18:00:00",231853,12.98,18.76,747,15.59,79.98
"2023-02-17 18:05:00",231854,12.96,18.64,747,15.78,78.41
"2023-02-17 18:10:00",231855,12.94,18.58,746.9,16,75.9
"2023-02-17 18:15:00",231856,12.92,18.55,746.9,15.96,74.37
"2023-02-17 18:20:00",231857,12.9,18.54,747,15.97,74.82
"2023-02-17 18:25:00",231858,12.89,18.53,747,16.07,74.59
"2023-02-17 18:30:00",231859,12.87,18.49,747,16.1,75.24
"2023-02-17 18:35:00",231860,12.86,18.47,747.1,16.2,75.72
"2023-02-17 18:40:00",231861,12.85,18.46,747,16.02,78.32
"2023-02-17 18:45:00",231862,12.85,18.42,747.2,15.82,77.66
"2023-02-17 18:50:00",231863,12.84,18.38,747.2,16.02,77.65
"2023-02-17 18:55:00",231864,12.82,18.36,747.3,16.04,77.43
"2023-02-17 19:00:00",231865,12.82,18.28,747.3,16,78.07
"2023-02-17 19:05:00",231866,12.82,18.24,747.4,15.94,78.3
"2023-02-17 19:10:00",231867,12.82,18.21,747.4,16.2,77.86
"2023-02-17 19:15:00",231868,12.82,18.19,747.4,16.34,76.73
"2023-02-17 19:20:00",231869,12.82,18.21,747.4,16.45,76.59
"2023-02-17 19:25:00",231870,12.82,18.25,747.6,16.42,76.16
"2023-02-17 19:30:00",231871,12.82,18.28,747.6,16.41,76.55
"2023-02-17 19:35:00",231872,12.82,18.31,747.7,16.46,77.63
"2023-02-17 19:40:00",231873,12.82,18.34,747.8,16.56,76.47
"2023-02-17 19:45:00",231874,12.82,18.36,747.9,16.5,77.36
"2023-02-17 19:50:00",231875,12.81,18.37,748.1,16.42,76.72
"2023-02-17 19:55:00",231876,12.82,18.38,748.2,16.48,71.5
"2023-02-17 20:00:00",231877,12.81,18.41,748.3,16.63,66.62
"2023-02-17 20:05:00",231878,12.81,18.43,748.4,16.81,65.56
"2023-02-17 20:10:00",231879,12.82,18.45,748.4,16.76,67.14
"2023-02-17 20:15:00",231880,12.81,18.48,748.4,16.73,67.3
"2023-02-17 20:20:00",231881,12.81,18.47,748.6,16.54,65.45
"2023-02-17 20:25:00",231882,12.81,18.44,748.7,16.53,67.77
"2023-02-17 20:30:00",231883,12.81,18.35,748.7,16.28,70.88
"2023-02-17 20:35:00",231884,12.81,18.15,748.9,16.14,72.23
"2023-02-17 20:40:00",231885,12.81,17.99,748.9,16.02,69.36
"2023-02-17 20:45:00",231886,12.81,17.81,749,15.92,70.18
"2023-02-17 20:50:00",231887,12.81,17.62,749.2,15.8,69.52
"2023-02-17 20:55:00",231888,12.81,17.47,749.3,15.76,69.17
"2023-02-17 21:00:00",231889,12.8,17.31,749.4,15.7,69.65
"2023-02-17 21:05:00",231890,12.8,17.26,749.6,15.82,69.06
"2023-02-17 21:10:00",231891,12.8,17.27,749.7,15.8,69.34
"2023-02-17 21:15:00",231892,12.8,17.31,749.7,15.79,68.45
"2023-02-17 21:20:00",231893,12.8,17.33,749.8,15.89,68.46
"2023-02-17 21:25:00",231894,12.8,17.36,749.9,15.86,68.31
"2023-02-17 21:30:00",231895,12.8,17.37,750,15.69,67.93
"2023-02-17 21:35:00",231896,12.8,17.38,750,15.7,68.17
"2023-02-17 21:40:00",231897,12.8,17.37,750.1,15.59,67.92
"2023-02-17 21:45:00",231898,12.8,17.38,750.2,15.42,68.55
"2023-02-17 21:50:00",231899,12.79,17.33,750.2,15.32,68.88
"2023-02-17 21:55:00",231900,12.79,17.3,750.4,15.31,68.65
"2023-02-17 22:00:00",231901,12.79,17.25,750.6,15.37,69.06
"2023-02-17 22:05:00",231902,12.79,17.21,750.9,15.38,69.9
"2023-02-17 22:10:00",231903,12.79,17.13,751,15.2,75.17
"2023-02-17 22:15:00",231904,12.79,16.98,751,14.63,80.9
"2023-02-17 22:20:00",231905,12.79,16.67,751.1,13.97,81
"2023-02-17 22:25:00",231906,12.79,16.29,751.1,13.47,86.4
"2023-02-17 22:30:00",231907,12.78,15.93,751.2,12.92,92.1
"2023-02-17 22:35:00",231908,12.78,15.65,751.4,12.65,93.1
"2023-02-17 22:40:00",231909,12.78,15.37,751.5,12.68,94.6
"2023-02-17 22:45:00",231910,12.78,15.18,751.4,12.51,94.5
"2023-02-17 22:50:00",231911,12.78,15.01,751.3,12.49,95
"2023-02-17 22:55:00",231912,12.78,14.89,751.2,12.51,96.2
"2023-02-17 23:00:00",231913,12.77,14.79,751,12.39,96
"2023-02-17 23:05:00",231914,12.77,14.67,751.2,12.42,96.4
"2023-02-17 23:10:00",231915,12.77,14.57,751.3,11.96,96
"2023-02-17 23:15:00",231916,12.77,14.45,751.2,11.81,95.9
"2023-02-17 23:20:00",231917,12.77,14.33,751.2,11.94,96.5
"2023-02-17 23:25:00",231918,12.76,14.28,751.2,11.93,96.4
"2023-02-17 23:30:00",231919,12.76,14.2,751.1,11.74,96.3
"2023-02-17 23:35:00",231920,12.76,14.11,751.1,12.01,96.8
"2023-02-17 23:40:00",231921,12.76,14.05,751,12.36,97.2
"2023-02-17 23:45:00",231922,12.75,14.04,751,12.09,96.6
"2023-02-17 23:50:00",231923,12.76,14,751.1,11.93,96.4
"2023-02-17 23:55:00",231924,12.76,13.88,751.1,11.96,96.8
"2023-02-18 00:00:00",231925,12.76,13.81,751.2,11.92,96.6
"2023-02-18 00:05:00",231926,12.75,13.79,751.4,12.14,96.9
"2023-02-18 00:10:00",231927,12.75,13.79,751.5,12.4,97.4
"2023-02-18 00:15:00",231928,12.75,13.79,751.5,12.35,97
"2023-02-18 00:20:00",231929,12.75,13.8,751.5,12.32,96.8
"2023-02-18 00:25:00",231930,12.75,13.79,751.5,12.35,96.6
"2023-02-18 00:30:00",231931,12.76,13.79,751.4,12.25,96.4
"2023-02-18 00:35:00",231932,12.76,13.55,751.4,12.2,96.6
"2023-02-18 00:40:00",231933,12.76,13.44,751.4,11.94,96.2
"2023-02-18 00:45:00",231934,12.76,13.34,751.4,12.01,96.8
"2023-02-18 00:50:00",231935,12.76,13.26,751.4,11.89,97
"2023-02-18 00:55:00",231936,12.75,13.2,751.4,11.78,96.7
"2023-02-18 01:00:00",231937,12.75,13.13,751.3,11.76,96.7
"2023-02-18 01:05:00",231938,12.75,13.07,751.3,11.95,97
"2023-02-18 01:10:00",231939,12.75,13.04,751.3,11.81,97
"2023-02-18 01:15:00",231940,12.75,13.01,751.2,11.84,97.1
"2023-02-18 01:20:00",231941,12.75,12.98,751.2,11.82,97.1
"2023-02-18 01:25:00",231942,12.74,12.96,751.2,11.76,97
"2023-02-18 01:30:00",231943,12.74,12.94,751.1,11.75,96.8
"2023-02-18 01:35:00",231944,12.74,12.92,751.2,11.71,96.7
"2023-02-18 01:40:00",231945,12.74,12.86,751.2,11.79,96.7
"2023-02-18 01:45:00",231946,12.74,12.83,751.2,11.82,97
"2023-02-18 01:50:00",231947,12.73,12.81,751.1,11.75,97.3
"2023-02-18 01:55:00",231948,12.73,12.78,751.1,11.77,97.3
"2023-02-18 02:00:00",231949,12.73,12.76,751.1,11.6,96.7
"2023-02-18 02:05:00",231950,12.73,12.72,751.1,11.5,96.5
"2023-02-18 02:10:00",231951,12.73,12.67,751,11.51,96.3
"2023-02-18 02:15:00",231952,12.73,12.59,750.9,11.55,96.7
"2023-02-18 02:20:00",231953,12.72,12.55,750.9,11.34,96.3
"2023-02-18 02:25:00",231954,12.72,12.52,750.8,11.38,96.6
"2023-02-18 02:30:00",231955,12.72,12.48,750.8,11.41,96.7
"2023-02-18 02:35:00",231956,12.72,12.44,750.9,11.35,96.6
"2023-02-18 02:40:00",231957,12.72,12.41,750.9,11.33,96.6
"2023-02-18 02:45:00",231958,12.71,12.36,750.7,11.27,95.2
"2023-02-18 02:50:00",231959,12.71,12.3,750.6,11.37,94.2
"2023-02-18 02:55:00",231960,12.71,12.21,750.5,11.58,93.7
"2023-02-18 03:00:00",231961,12.71,12.17,750.5,11.57,93
"2023-02-18 03:05:00",231962,12.7,12.12,750.5,11.61,93
"2023-02-18 03:10:00",231963,12.7,12.1,750.6,11.76,92.4
"2023-02-18 03:15:00",231964,12.7,12.08,750.6,11.6,92.2
"2023-02-18 03:20:00",231965,12.7,12.08,750.6,11.57,92.6
"2023-02-18 03:25:00",231966,12.69,12.05,750.6,11.52,90.1
"2023-02-18 03:30:00",231967,12.69,12.05,750.6,11.53,90
"2023-02-18 03:35:00",231968,12.69,12.01,750.5,11.51,91.7
"2023-02-18 03:40:00",231969,12.69,11.98,750.5,11.41,91.4
"2023-02-18 03:45:00",231970,12.68,11.97,750.4,11.45,93.1
"2023-02-18 03:50:00",231971,12.68,11.96,750.4,11.49,93.7
"2023-02-18 03:55:00",231972,12.68,11.97,750.4,11.56,93.7
"2023-02-18 04:00:00",231973,12.68,11.99,750.4,11.49,93.6
"2023-02-18 04:05:00",231974,12.68,11.99,750.4,11.51,94.1
"2023-02-18 04:10:00",231975,12.67,11.99,750.4,11.52,94
"2023-02-18 04:15:00",231976,12.67,12.01,750.4,11.51,94.1
"2023-02-18 04:20:00",231977,12.67,12.02,750.4,11.54,93.4
"2023-02-18 04:25:00",231978,12.67,12.02,750.4,11.51,93
"2023-02-18 04:30:00",231979,12.66,12.02,750.4,11.49,93.3
"2023-02-18 04:35:00",231980,12.66,11.98,750.4,11.55,93.6
"2023-02-18 04:40:00",231981,12.66,11.97,750.4,11.61,93
"2023-02-18 04:45:00",231982,12.66,11.97,750.4,11.6,93
"2023-02-18 04:50:00",231983,12.65,11.97,750.4,11.57,93.5
"2023-02-18 04:55:00",231984,12.65,11.94,750.5,11.62,93.2
"2023-02-18 05:00:00",231985,12.65,11.97,750.6,11.67,93.8
"2023-02-18 05:05:00",231986,12.64,11.96,750.6,11.69,92.6
"2023-02-18 05:10:00",231987,12.64,11.96,750.6,11.72,92.6
"2023-02-18 05:15:00",231988,12.64,11.99,750.6,11.81,92.6
"2023-02-18 05:20:00",231989,12.63,12.01,750.6,11.76,91.8
"2023-02-18 05:25:00",231990,12.63,12.02,750.6,11.85,91.7
"2023-02-18 05:30:00",231991,12.63,12.03,750.7,11.89,91.6
"2023-02-18 05:35:00",231992,12.63,12.06,750.7,11.86,91.2
"2023-02-18 05:40:00",231993,12.63,12.08,750.8,11.92,92.1
"2023-02-18 05:45:00",231994,12.62,12.07,750.8,11.92,90.4
"2023-02-18 05:50:00",231995,12.62,12.07,750.8,11.97,90
"2023-02-18 05:55:00",231996,12.61,12.05,750.8,11.94,91.5
"2023-02-18 06:00:00",231997,12.61,12.02,750.9,11.9,93.1
"2023-02-18 06:05:00",231998,12.61,11.99,750.8,11.78,93.8
"2023-02-18 06:10:00",231999,12.61,12.06,750.9,11.74,94.9
"2023-02-18 06:15:00",232000,12.6,12.29,751,11.7,95.8
"2023-02-18 06:20:00",232001,12.6,12.44,751.1,11.68,96
"2023-02-18 06:25:00",232002,12.61,12.53,751.1,11.65,95.8
"2023-02-18 06:30:00",232003,12.62,12.59,751.1,11.69,95.9
"2023-02-18 06:35:00",232004,12.62,12.66,751.3,11.69,95.8
"2023-02-18 06:40:00",232005,12.64,12.77,751.3,11.78,95.8
"2023-02-18 06:45:00",232006,12.67,12.87,751.3,11.82,95.6
"2023-02-18 06:50:00",232007,12.71,12.98,751.4,11.9,95.5
"2023-02-18 06:55:00",232008,12.74,13.08,751.4,11.98,95.2
"2023-02-18 07:00:00",232009,12.78,13.17,751.5,12.1,94.7
"2023-02-18 07:05:00",232010,12.78,13.27,751.6,12.18,94.6
"2023-02-18 07:10:00",232011,12.79,13.39,751.7,12.21,93.8
"2023-02-18 07:15:00",232012,12.8,13.47,751.7,12.3,93.5
"2023-02-18 07:20:00",232013,12.86,13.6,751.8,12.36,93.2
"2023-02-18 07:25:00",232014,12.93,13.74,751.9,12.38,92.5
"2023-02-18 07:30:00",232015,13.02,13.74,751.9,12.41,91.9
"2023-02-18 07:35:00",232016,13.16,13.88,751.9,12.5,91.7
"2023-02-18 07:40:00",232017,13.28,14.01,752,12.78,92.2
"2023-02-18 07:45:00",232018,13.37,14.17,752,12.84,92
"2023-02-18 07:50:00",232019,13.39,14.32,752.1,13.11,90.5
"2023-02-18 07:55:00",232020,13.4,14.46,752.1,12.97,89.7
"2023-02-18 08:00:00",232021,13.39,14.55,752.1,13.07,88.6
"2023-02-18 08:05:00",232022,13.4,14.65,752.2,12.98,87.8
"2023-02-18 08:10:00",232023,13.41,14.73,752.2,12.97,88.4
"2023-02-18 08:15:00",232024,13.55,14.89,752.2,12.98,87.6
"2023-02-18 08:20:00",232025,13.79,15.2,752.2,13.42,89.3
"2023-02-18 08:25:00",232026,13.85,15.99,752.2,13.58,86.1
"2023-02-18 08:30:00",232027,13.82,17,752.2,13.91,84.8
"2023-02-18 08:35:00",232028,13.82,17.54,752.2,13.97,83.5
"2023-02-18 08:40:00",232029,13.79,17.96,752.2,13.73,83
"2023-02-18 08:45:00",232030,13.79,18.3,752.2,14,83.2
"2023-02-18 08:50:00",232031,13.76,18.63,752.2,14.51,82.5
"2023-02-18 08:55:00",232032,13.76,18.99,752.2,15.02,80.5
"2023-02-18 09:00:00",232033,13.76,19.4,752.2,15.52,76.25
"2023-02-18 09:05:00",232034,13.76,19.81,752.3,15.42,77.75
"2023-02-18 09:10:00",232035,13.73,20.18,752.3,15.53,78.91
"2023-02-18 09:15:00",232036,13.74,20.6,752.3,16.03,75.23
"2023-02-18 09:20:00",232037,13.74,21.21,752.3,15.62,79.27
"2023-02-18 09:25:00",232038,13.71,21.84,752.3,16.63,71.21
"2023-02-18 09:30:00",232039,13.71,22.55,752.4,17.47,68
"2023-02-18 09:35:00",232040,13.68,23.16,752.5,17.64,66.65
"2023-02-18 09:40:00",232041,13.68,23.68,752.5,17.62,66.38
"2023-02-18 09:45:00",232042,13.65,23.93,752.5,16.97,67.96
"2023-02-18 09:50:00",232043,13.65,24.13,752.5,17.01,67.33
"2023-02-18 09:55:00",232044,13.66,24.28,752.5,17.45,65.55
"2023-02-18 10:00:00",232045,13.66,24.45,752.5,18.33,63.12
"2023-02-18 10:05:00",232046,13.66,24.68,752.5,18.29,61.68
"2023-02-18 10:10:00",232047,13.66,24.9,752.4,17.84,63.67
"2023-02-18 10:15:00",232048,13.66,25.06,752.3,17.1,64.6
"2023-02-18 10:20:00",232049,13.63,25.09,752.3,16.93,66.14
"2023-02-18 10:25:00",232050,13.63,25.07,752.3,16.7,64.95
"2023-02-18 10:30:00",232051,13.63,25.1,752.2,17.37,63.14
"2023-02-18 10:35:00",232052,13.63,25.32,752.1,18.9,57.42
"2023-02-18 10:40:00",232053,13.63,25.87,752.1,20.62,54.72
"2023-02-18 10:45:00",232054,13.63,26.52,752,19.74,59.22
"2023-02-18 10:50:00",232055,13.61,26.91,752,19.48,58.66
"2023-02-18 10:55:00",232056,13.61,27.11,752,18.32,59.21
"2023-02-18 11:00:00",232057,13.61,27.12,751.9,18.26,61.67
"2023-02-18 11:05:00",232058,13.61,27.11,751.8,18.83,58.53
"2023-02-18 11:10:00",232059,13.61,27.04,751.7,19.66,57.32
"2023-02-18 11:15:00",232060,13.61,27.05,751.7,18.53,59.85
"2023-02-18 11:20:00",232061,13.61,27,751.7,18.82,60.32
"2023-02-18 11:25:00",232062,13.61,27,751.6,19.64,55.35
"2023-02-18 11:30:00",232063,13.61,27.04,751.6,19.56,56.23
"2023-02-18 11:35:00",232064,13.61,27.05,751.5,18.78,58.19
"2023-02-18 11:40:00",232065,13.61,27.03,751.4,19.46,57.07
"2023-02-18 11:45:00",232066,13.61,27.02,751.4,19.02,57.04
"2023-02-18 11:50:00",232067,13.61,27.06,751.4,19.68,55.85
"2023-02-18 11:55:00",232068,13.61,27.27,751.3,20.08,53.87
"2023-02-18 12:00:00",232069,13.58,27.67,751.2,21.34,48.08
"2023-02-18 12:05:00",232070,13.59,28.13,751.2,20.32,48.99
"2023-02-18 12:10:00",232071,13.59,28.35,751.2,19.94,52.14
"2023-02-18 12:15:00",232072,13.59,28.44,751.1,20.48,50.24
"2023-02-18 12:20:00",232073,13.59,28.44,751,20.24,51.43
"2023-02-18 12:25:00",232074,13.56,28.43,750.9,21,50.44
"2023-02-18 12:30:00",232075,13.56,28.4,750.9,20.55,51.19
"2023-02-18 12:35:00",232076,13.56,28.38,750.8,20.71,50.59
"2023-02-18 12:40:00",232077,13.56,28.39,750.8,20.59,52.88
"2023-02-18 12:45:00",232078,13.56,28.39,750.7,20.24,52.12
"2023-02-18 12:50:00",232079,13.56,28.4,750.6,20.43,53.39
"2023-02-18 12:55:00",232080,13.56,28.47,750.5,20.58,51.67
"2023-02-18 13:00:00",232081,13.56,28.57,750.5,20.58,52.2
"2023-02-18 13:05:00",232082,13.56,28.73,750.4,21.37,50.49
"2023-02-18 13:10:00",232083,13.56,28.78,750.3,21.24,48.64
"2023-02-18 13:15:00",232084,13.57,28.87,750.3,21.05,52.11
"2023-02-18 13:20:00",232085,13.57,28.98,750.2,21.9,47.87
"2023-02-18 13:25:00",232086,13.57,29.19,750.1,21.01,51.19
"2023-02-18 13:30:00",232087,13.57,29.27,750.1,20.7,51.31
"2023-02-18 13:35:00",232088,13.57,29.19,750,20.82,51.45
"2023-02-18 13:40:00",232089,13.57,29.04,749.9,20.73,50.97
"2023-02-18 13:45:00",232090,13.57,28.92,749.8,22,48.77
"2023-02-18 13:50:00",232091,13.57,28.94,749.8,21.74,47.69
"2023-02-18 13:55:00",232092,13.57,29.04,749.7,22.17,48.41
"2023-02-18 14:00:00",232093,13.57,29.19,749.6,21.65,48.22
"2023-02-18 14:05:00",232094,13.57,29.27,749.4,22,50.6
"2023-02-18 14:10:00",232095,13.57,29.36,749.3,21.25,49.65
"2023-02-18 14:15:00",232096,13.54,29.35,749.2,21.19,49.23
"2023-02-18 14:20:00",232097,13.54,29.27,749.1,21.91,48.95
"2023-02-18 14:25:00",232098,13.54,29.25,749.1,21.8,47.28
"2023-02-18 14:30:00",232099,13.54,29.26,749,21.77,47.79
"2023-02-18 14:35:00",232100,13.54,29.23,748.9,21.65,49.39
"2023-02-18 14:40:00",232101,13.54,29.3,748.8,23.59,45.65
"2023-02-18 14:45:00",232102,13.54,29.46,748.8,21.71,48.03
"2023-02-18 14:50:00",232103,13.54,29.5,748.7,22.19,47.9
"2023-02-18 14:55:00",232104,13.54,29.48,748.6,21.98,46.86
"2023-02-18 15:00:00",232105,13.54,29.37,748.6,21.34,49.57
"2023-02-18 15:05:00",232106,13.54,29.18,748.4,22.01,47.85
"2023-02-18 15:10:00",232107,13.54,29.06,748.2,21.91,47.04
"2023-02-18 15:15:00",232108,13.54,29.03,748.2,22.26,44.85
"2023-02-18 15:20:00",232109,13.54,29.14,748.1,22.4,46.94
"2023-02-18 15:25:00",232110,13.54,29.24,748.1,22.27,43.88
"2023-02-18 15:30:00",232111,13.54,29.37,747.9,22.97,43.06
"2023-02-18 15:35:00",232112,13.55,29.61,747.9,22.92,41.92
"2023-02-18 15:40:00",232113,13.55,29.83,747.8,23.24,42.05
"2023-02-18 15:45:00",232114,13.54,30.05,747.8,23.43,42.33
"2023-02-18 15:50:00",232115,13.55,30.27,747.7,23.43,42.3
"2023-02-18 15:55:00",232116,13.52,30.51,747.6,23.58,44.36
"2023-02-18 16:00:00",232117,13.52,30.71,747.6,22.95,44.73
"2023-02-18 16:05:00",232118,13.52,30.61,747.6,22.63,43.7
"2023-02-18 16:10:00",232119,13.52,30.48,747.6,23.29,43.16
"2023-02-18 16:15:00",232120,13.52,30.46,747.5,23.39,42.46
"2023-02-18 16:20:00",232121,13.52,30.51,747.4,23.03,43.52
"2023-02-18 16:25:00",232122,13.52,30.49,747.4,23.11,43.01
"2023-02-18 16:30:00",232123,13.52,30.4,747.3,22.53,42.13
"2023-02-18 16:35:00",232124,13.52,30.23,747.2,23.17,41.49
"2023-02-18 16:40:00",232125,13.52,30.09,747.2,23.41,41.22
"2023-02-18 16:45:00",232126,13.52,30.12,747.1,23.2,41.33
"2023-02-18 16:50:00",232127,13.52,30.14,747.1,22.95,42.6
"2023-02-18 16:55:00",232128,13.52,30.13,747,23.39,40.24
"2023-02-18 17:00:00",232129,13.52,30.12,747,22.47,42.32
"2023-02-18 17:05:00",232130,13.52,30.08,747,24.26,41.06
"2023-02-18 17:10:00",232131,13.52,30.2,747,24.23,37.97
"2023-02-18 17:15:00",232132,13.52,30.42,747,24.19,40.95
"2023-02-18 17:20:00",232133,13.53,30.7,747,24.5,40.56
"2023-02-18 17:25:00",232134,13.52,30.88,747,22.79,42.58
"2023-02-18 17:30:00",232135,13.52,30.76,747,22.66,44.7
"2023-02-18 17:35:00",232136,13.52,30.41,747,22.19,43.78
"2023-02-18 17:40:00",232137,13.52,29.99,747.1,22.49,43.94
"2023-02-18 17:45:00",232138,13.52,29.57,747,21.45,47.81
"2023-02-18 17:50:00",232139,13.52,29.05,747,21.37,48.18
"2023-02-18 17:55:00",232140,13.5,28.39,747.1,21.33,48.05
"2023-02-18 18:00:00",232141,13.35,27.36,747.1,21.41,49.1
"2023-02-18 18:05:00",232142,13.25,26.64,747.1,20.86,49.82
"2023-02-18 18:10:00",232143,13.21,26.06,747.1,20.74,50.31
"2023-02-18 18:15:00",232144,13.17,25.53,747.1,20.65,51.92
"2023-02-18 18:20:00",232145,13.15,25.07,747.1,20.53,52.13
"2023-02-18 18:25:00",232146,13.11,24.66,747.1,20.49,52.18
"2023-02-18 18:30:00",232147,13.07,24.31,747.2,20.3,54.24
"2023-02-18 18:35:00",232148,13.05,24,747.3,20,54.82
"2023-02-18 18:40:00",232149,13,23.68,747.3,19.74,54.69
"2023-02-18 18:45:00",232150,12.95,23.38,747.4,19.73,53.6
"2023-02-18 18:50:00",232151,12.92,23.11,747.4,19.63,53.65
"2023-02-18 18:55:00",232152,12.92,22.87,747.4,19.5,54.34
"2023-02-18 19:00:00",232153,12.91,22.6,747.5,19.36,54.23
"2023-02-18 19:05:00",232154,12.91,22.32,747.5,19.32,54.9
"2023-02-18 19:10:00",232155,12.9,22.05,747.6,19.24,53.59
"2023-02-18 19:15:00",232156,12.9,21.79,747.6,19.2,53.56
"2023-02-18 19:20:00",232157,12.89,21.62,747.7,19.13,54.5
"2023-02-18 19:25:00",232158,12.89,21.49,747.8,19.09,54.5
"2023-02-18 19:30:00",232159,12.89,21.38,747.9,19.1,54.72
"2023-02-18 19:35:00",232160,12.88,21.3,748,18.99,57.03
"2023-02-18 19:40:00",232161,12.88,21.26,748.1,18.83,57.53
"2023-02-18 19:45:00",232162,12.88,21.2,748.3,18.71,57.94
"2023-02-18 19:50:00",232163,12.88,21.13,748.4,18.97,59.34
"2023-02-18 19:55:00",232164,12.87,21.07,748.5,18.87,61.17
"2023-02-18 20:00:00",232165,12.87,20.99,748.7,18.63,62.54
"2023-02-18 20:05:00",232166,12.87,20.9,748.8,18.45,63.41
"2023-02-18 20:10:00",232167,12.87,20.79,748.8,18.34,64.61
"2023-02-18 20:15:00",232168,12.87,20.72,749,18.16,64.88
"2023-02-18 20:20:00",232169,12.86,20.6,749,17.99,65.65
"2023-02-18 20:25:00",232170,12.86,20.48,749,17.83,65.77
"2023-02-18 20:30:00",232171,12.86,20.33,749.1,17.78,65.85
"2023-02-18 20:35:00",232172,12.86,20.19,749.2,17.78,66.58
"2023-02-18 20:40:00",232173,12.86,20.06,749.2,17.73,66.64
"2023-02-18 20:45:00",232174,12.85,19.95,749.3,17.57,66.93
"2023-02-18 20:50:00",232175,12.85,19.86,749.3,17.49,67.88
"2023-02-18 20:55:00",232176,12.85,19.75,749.3,17.45,67.61
"2023-02-18 21:00:00",232177,12.84,19.63,749.3,17.37,67.51
"2023-02-18 21:05:00",232178,12.84,19.52,749.4,17.32,67.59
"2023-02-18 21:10:00",232179,12.84,19.38,749.4,17.31,68.2
"2023-02-18 21:15:00",232180,12.84,19.31,749.5,17.27,67.61
"2023-02-18 21:20:00",232181,12.84,19.27,749.5,17.25,67.43
"2023-02-18 21:25:00",232182,12.84,19.22,749.6,17.27,67.58
"2023-02-18 21:30:00",232183,12.84,19.2,749.6,17.24,67.86
"2023-02-18 21:35:00",232184,12.83,19.14,749.7,17.18,67.85
"2023-02-18 21:40:00",232185,12.83,19.1,749.7,17.11,67.9
"2023-02-18 21:45:00",232186,12.83,19.03,749.8,17.08,68.65
"2023-02-18 21:50:00",232187,12.83,18.86,749.9,17.03,68.79
"2023-02-18 21:55:00",232188,12.83,18.75,750,16.96,69.04
"2023-02-18 22:00:00",232189,12.83,18.68,750.1,17,68.7
"2023-02-18 22:05:00",232190,12.83,18.62,750.2,16.99,68.58
"2023-02-18 22:10:00",232191,12.83,18.55,750.3,16.91,68.13
"2023-02-18 22:15:00",232192,12.83,18.52,750.4,16.79,68.13
"2023-02-18 22:20:00",232193,12.83,18.47,750.4,16.71,68.73
"2023-02-18 22:25:00",232194,12.82,18.43,750.4,16.59,68.62
"2023-02-18 22:30:00",232195,12.82,18.4,750.5,16.57,69.26
"2023-02-18 22:35:00",232196,12.82,18.34,750.5,16.61,69.67
"2023-02-18 22:40:00",232197,12.82,18.27,750.5,16.63,69.96
"2023-02-18 22:45:00",232198,12.82,18.21,750.6,16.64,69.59
"2023-02-18 22:50:00",232199,12.82,18.15,750.6,16.63,69.5
"2023-02-18 22:55:00",232200,12.82,18.11,750.7,16.56,69.98
"2023-02-18 23:00:00",232201,12.82,18.09,750.7,16.5,70.4
"2023-02-18 23:05:00",232202,12.82,18.08,750.8,16.34,70.2
"2023-02-18 23:10:00",232203,12.81,18.09,750.8,16.32,70.63
"2023-02-18 23:15:00",232204,12.81,18.09,750.8,16.46,69.68
"2023-02-18 23:20:00",232205,12.81,18.09,750.7,16.54,69.86
"2023-02-18 23:25:00",232206,12.81,18.09,750.6,16.67,69.28
"2023-02-18 23:30:00",232207,12.81,18.1,750.7,16.46,71.17
"2023-02-18 23:35:00",232208,12.81,18.11,750.6,16.38,72.16
"2023-02-18 23:40:00",232209,12.81,18.12,750.5,16.53,70.09
"2023-02-18 23:45:00",232210,12.81,18.11,750.5,16.48,69.3
"2023-02-18 23:50:00",232211,12.8,18.1,750.4,16.54,68.93
"2023-02-18 23:55:00",232212,12.8,18.07,750.4,16.65,68.17
"2023-02-19 00:00:00",232213,12.8,18.06,750.4,16.61,68.16
"2023-02-19 00:05:00",232214,12.8,18.09,750.3,16.71,68.38
"2023-02-19 00:10:00",232215,12.8,18.08,750.3,16.7,67.86
"2023-02-19 00:15:00",232216,12.8,18.08,750.3,16.67,67.59
"2023-02-19 00:20:00",232217,12.8,18.09,750.3,16.67,68.23
"2023-02-19 00:25:00",232218,12.8,18.07,750.2,16.64,68.34
"2023-02-19 00:30:00",232219,12.79,18.05,750.2,16.54,68.59
"2023-02-19 00:35:00",232220,12.79,17.96,750.1,16.39,69.98
"2023-02-19 00:40:00",232221,12.79,17.87,750,16.26,70.36
"2023-02-19 00:45:00",232222,12.79,17.8,750,16.13,71.52
"2023-02-19 00:50:00",232223,12.79,17.68,750,15.98,71.66
"2023-02-19 00:55:00",232224,12.79,17.59,749.9,15.86,71.83
"2023-02-19 01:00:00",232225,12.79,17.44,749.9,15.73,72.81
"2023-02-19 01:05:00",232226,12.78,17.28,749.9,15.66,72.2
"2023-02-19 01:10:00",232227,12.78,17.14,749.9,15.64,72.19
"2023-02-19 01:15:00",232228,12.78,17,749.8,15.5,72.48
"2023-02-19 01:20:00",232229,12.78,16.88,749.7,15.52,73.62
"2023-02-19 01:25:00",232230,12.78,16.78,749.7,15.42,75.7
"2023-02-19 01:30:00",232231,12.78,16.68,749.7,15.22,78.35
"2023-02-19 01:35:00",232232,12.77,16.59,749.6,14.97,80.8
"2023-02-19 01:40:00",232233,12.77,16.48,749.6,14.77,81.8
"2023-02-19 01:45:00",232234,12.77,16.41,749.6,14.68,82.5
"2023-02-19 01:50:00",232235,12.77,16.31,749.6,14.65,82.4
"2023-02-19 01:55:00",232236,12.76,16.22,749.6,14.71,81.9
"2023-02-19 02:00:00",232237,12.76,16.12,749.5,14.73,81.6
"2023-02-19 02:05:00",232238,12.76,16.04,749.5,14.62,81.8
"2023-02-19 02:10:00",232239,12.76,15.96,749.5,14.52,82.3
"2023-02-19 02:15:00",232240,12.75,15.9,749.5,14.46,82.5
"2023-02-19 02:20:00",232241,12.75,15.86,749.5,14.41,82.7
"2023-02-19 02:25:00",232242,12.75,15.8,749.5,14.27,82.7
"2023-02-19 02:30:00",232243,12.75,15.75,749.5,14.17,83
"2023-02-19 02:35:00",232244,12.74,15.68,749.4,14.09,83.6
"2023-02-19 02:40:00",232245,12.74,15.58,749.4,14.01,83.6
"2023-02-19 02:45:00",232246,12.74,15.49,749.4,13.97,83.7
"2023-02-19 02:50:00",232247,12.73,15.42,749.4,13.96,83.5
"2023-02-19 02:55:00",232248,12.73,15.36,749.4,13.93,83.5
"2023-02-19 03:00:00",232249,12.73,15.31,749.3,13.88,83.6
"2023-02-19 03:05:00",232250,12.73,15.23,749.3,13.77,84.3
"2023-02-19 03:10:00",232251,12.72,15.16,749.3,13.72,83.9
"2023-02-19 03:15:00",232252,12.72,15.07,749.3,13.75,83.7
"2023-02-19 03:20:00",232253,12.72,14.91,749.3,13.78,83.7
"2023-02-19 03:25:00",232254,12.72,14.78,749.3,13.77,83.6
"2023-02-19 03:30:00",232255,12.71,14.69,749.3,13.63,84
"2023-02-19 03:35:00",232256,12.71,14.62,749.3,13.55,85
"2023-02-19 03:40:00",232257,12.71,14.52,749.3,13.6,85.8
"2023-02-19 03:45:00",232258,12.71,14.44,749.3,13.51,86.4
"2023-02-19 03:50:00",232259,12.7,14.35,749.3,13.39,87.1
"2023-02-19 03:55:00",232260,12.7,14.26,749.3,13.28,87.8
"2023-02-19 04:00:00",232261,12.7,14.21,749.3,13.25,87.8
"2023-02-19 04:05:00",232262,12.69,14.15,749.3,13.28,88.1
"2023-02-19 04:10:00",232263,12.69,14.1,749.3,13.37,87.5
"2023-02-19 04:15:00",232264,12.69,14.02,749.3,13.23,87.9
"2023-02-19 04:20:00",232265,12.68,13.96,749.3,13.28,87.7
"2023-02-19 04:25:00",232266,12.68,13.94,749.3,13.43,86.8
"2023-02-19 04:30:00",232267,12.68,13.97,749.3,13.37,86.2
"2023-02-19 04:35:00",232268,12.67,14.01,749.4,13.39,86.2
"2023-02-19 04:40:00",232269,12.67,14.08,749.4,13.44,86.3
"2023-02-19 04:45:00",232270,12.67,14.17,749.4,13.53,85.9
"2023-02-19 04:50:00",232271,12.67,14.26,749.4,13.59,85.6
"2023-02-19 04:55:00",232272,12.66,14.37,749.4,13.65,85.6
"2023-02-19 05:00:00",232273,12.66,14.46,749.4,13.74,85.6
"2023-02-19 05:05:00",232274,12.66,14.58,749.5,13.65,85.1
"2023-02-19 05:10:00",232275,12.65,14.68,749.5,13.66,84.5
"2023-02-19 05:15:00",232276,12.65,14.77,749.6,13.59,84.9
"2023-02-19 05:20:00",232277,12.64,14.84,749.6,13.57,85.2
"2023-02-19 05:25:00",232278,12.64,14.86,749.5,13.62,85.4
"2023-02-19 05:30:00",232279,12.64,14.91,749.6,13.65,85
"2023-02-19 05:35:00",232280,12.64,15,749.6,13.62,85.6
"2023-02-19 05:40:00",232281,12.63,15.03,749.6,13.61,85.8
"2023-02-19 05:45:00",232282,12.63,15.07,749.7,13.69,85.7
"2023-02-19 05:50:00",232283,12.63,15.11,749.7,13.75,85.4
"2023-02-19 05:55:00",232284,12.62,15.16,749.8,13.72,85.4
"2023-02-19 06:00:00",232285,12.62,15.18,749.9,13.75,85.9
"2023-02-19 06:05:00",232286,12.62,15.15,750,13.73,86
"2023-02-19 06:10:00",232287,12.62,15.15,750,13.66,86.1
"2023-02-19 06:15:00",232288,12.61,15.16,750.1,13.62,85.6
"2023-02-19 06:20:00",232289,12.61,15.21,750.1,13.67,86
"2023-02-19 06:25:00",232290,12.61,15.29,750.1,13.73,86.1
"2023-02-19 06:30:00",232291,12.62,15.29,750.2,13.79,85.8
"2023-02-19 06:35:00",232292,12.62,15.33,750.2,13.88,85.7
"2023-02-19 06:40:00",232293,12.64,15.37,750.2,13.85,85.4
"2023-02-19 06:45:00",232294,12.65,15.41,750.3,13.71,86.9
"2023-02-19 06:50:00",232295,12.66,15.46,750.3,13.75,87.4
"2023-02-19 06:55:00",232296,12.68,15.53,750.4,13.78,86.9
"2023-02-19 07:00:00",232297,12.71,15.58,750.5,13.74,87.3
"2023-02-19 07:05:00",232298,12.75,15.66,750.6,13.79,87
"2023-02-19 07:10:00",232299,12.79,15.73,750.6,13.91,85.9
"2023-02-19 07:15:00",232300,12.79,15.81,750.7,13.93,84.9
"2023-02-19 07:20:00",232301,12.89,15.92,750.8,14.03,84.8
"2023-02-19 07:25:00",232302,12.86,15.98,750.8,13.99,84.2
"2023-02-19 07:30:00",232303,12.9,16.05,750.9,14.06,83.9
"2023-02-19 07:35:00",232304,12.99,16.18,750.9,14.21,83.5
"2023-02-19 07:40:00",232305,13.07,16.28,750.9,14.31,83.9
"2023-02-19 07:45:00",232306,13.22,16.41,751,14.39,83.6
"2023-02-19 07:50:00",232307,13.35,16.57,751,14.5,82.6
"2023-02-19 07:55:00",232308,13.43,16.79,751.1,14.45,83.3
"2023-02-19 08:00:00",232309,13.45,16.94,751.1,14.74,83.1
"2023-02-19 08:05:00",232310,13.54,17.16,751.2,14.95,80.5
"2023-02-19 08:10:00",232311,13.53,17.33,751.2,14.92,80.8
"2023-02-19 08:15:00",232312,13.69,17.61,751.3,14.94,80.7
"2023-02-19 08:20:00",232313,13.68,17.89,751.3,15.29,79.61
"2023-02-19 08:25:00",232314,13.51,18,751.3,15.8,77.88
"2023-02-19 08:30:00",232315,13.62,18.2,751.4,15.77,77.37
"2023-02-19 08:35:00",232316,13.82,19.03,751.4,15.76,76.92
"2023-02-19 08:40:00",232317,13.76,20.06,751.4,16.43,75.11
"2023-02-19 08:45:00",232318,13.73,20.62,751.5,16.71,73.86
"2023-02-19 08:50:00",232319,13.73,21.05,751.5,16.32,74.55
"2023-02-19 08:55:00",232320,13.73,21.41,751.5,16.42,74.57
"2023-02-19 09:00:00",232321,13.71,21.7,751.6,16.08,75.33
"2023-02-19 09:05:00",232322,13.71,21.94,751.5,16.35,73.13
"2023-02-19 09:10:00",232323,13.71,22.09,751.6,16.47,72.36
"2023-02-19 09:15:00",232324,13.71,22.24,751.6,16.97,71.07
"2023-02-19 09:20:00",232325,13.71,22.47,751.6,17.01,70.93
"2023-02-19 09:25:00",232326,13.68,22.71,751.7,17.98,67.88
"2023-02-19 09:30:00",232327,13.68,23,751.7,17.98,69.02
"2023-02-19 09:35:00",232328,13.68,23.39,751.7,19.56,63.96
"2023-02-19 09:40:00",232329,13.65,24.04,751.6,21.01,58.14
"2023-02-19 09:45:00",232330,13.66,24.75,751.6,19.29,63.49
"2023-02-19 09:50:00",232331,13.63,25.21,751.5,19.3,65.85
"2023-02-19 09:55:00",232332,13.63,25.77,751.6,18.58,63.34
"2023-02-19 10:00:00",232333,13.6,26.25,751.5,19.22,62.4
"2023-02-19 10:05:00",232334,13.61,26.75,751.4,18.91,64.29
"2023-02-19 10:10:00",232335,13.61,27.23,751.4,18.68,63.48
"2023-02-19 10:15:00",232336,13.58,27.72,751.4,19.94,58.61
"2023-02-19 10:20:00",232337,13.58,28.25,751.3,21.51,53.92
"2023-02-19 10:25:00",232338,13.55,28.84,751.3,20.63,58.42
"2023-02-19 10:30:00",232339,13.55,29.33,751.2,21.45,53.41
"2023-02-19 10:35:00",232340,13.56,29.6,751.2,19.88,56.89
"2023-02-19 10:40:00",232341,13.56,29.67,751.1,20.31,56.96
"2023-02-19 10:45:00",232342,13.56,29.7,751.1,20.08,55.26
"2023-02-19 10:50:00",232343,13.56,29.76,751,21.34,52.24
"2023-02-19 10:55:00",232344,13.55,29.77,751,19.62,52.78
"2023-02-19 11:00:00",232345,13.56,29.71,750.9,20.91,50.96
"2023-02-19 11:05:00",232346,13.55,29.87,750.8,22.87,46.91
"2023-02-19 11:10:00",232347,13.53,30.23,750.7,22.76,46.06
"2023-02-19 11:15:00",232348,13.53,30.42,750.7,20.88,50.08
"2023-02-19 11:20:00",232349,13.53,30.61,750.6,21.71,47.94
"2023-02-19 11:25:00",232350,13.53,30.81,750.6,22.27,46.38
"2023-02-19 11:30:00",232351,13.53,31.02,750.4,22.15,48.5
"2023-02-19 11:35:00",232352,13.51,31.27,750.4,21.89,48.57
"2023-02-19 11:40:00",232353,13.51,31.47,750.4,22.16,47.58
"2023-02-19 11:45:00",232354,13.51,31.6,750.3,22.13,42.48
"2023-02-19 11:50:00",232355,13.51,31.7,750.2,22.46,44
"2023-02-19 11:55:00",232356,13.51,31.78,750.2,21.89,43.8
"2023-02-19 12:00:00",232357,13.51,31.77,750.1,23.22,42.44
"2023-02-19 12:05:00",232358,13.51,31.76,750.1,22.25,44.65
"2023-02-19 12:10:00",232359,13.51,31.72,750,22.63,45.34
"2023-02-19 12:15:00",232360,13.51,31.68,749.9,23.53,44.03
"2023-02-19 12:20:00",232361,13.51,31.71,749.8,24.1,41.56
"2023-02-19 12:25:00",232362,13.51,31.82,749.7,24.18,40.36
"2023-02-19 12:30:00",232363,13.51,31.92,749.6,23.51,40.98
"2023-02-19 12:35:00",232364,13.51,31.99,749.5,23.66,39.22
"2023-02-19 12:40:00",232365,13.51,31.99,749.5,22.76,42.52
"2023-02-19 12:45:00",232366,13.49,31.83,749.4,22.65,41.14
"2023-02-19 12:50:00",232367,13.49,31.63,749.2,23.69,39.43
"2023-02-19 12:55:00",232368,13.49,31.57,749.1,24.15,38.42
"2023-02-19 13:00:00",232369,13.49,31.56,749,23.94,39.29
"2023-02-19 13:05:00",232370,13.49,31.53,748.9,23.8,40.29
"2023-02-19 13:10:00",232371,13.49,31.43,748.8,22.9,39.6
"2023-02-19 13:15:00",232372,13.49,31.22,748.7,23.07,39.98
"2023-02-19 13:20:00",232373,13.49,31.02,748.6,24.19,38.99
"2023-02-19 13:25:00",232374,13.49,30.9,748.6,23.45,38.61
"2023-02-19 13:30:00",232375,13.49,30.78,748.4,23.94,38.79
"2023-02-19 13:35:00",232376,13.49,30.72,748.3,23.46,39.7
"2023-02-19 13:40:00",232377,13.49,30.64,748.2,24.34,37.85
"2023-02-19 13:45:00",232378,13.49,30.57,748.1,24.38,39.3
"2023-02-19 13:50:00",232379,13.49,30.56,748,24.47,37.1
"2023-02-19 13:55:00",232380,13.49,30.59,748,24.4,36.53
"2023-02-19 14:00:00",232381,13.49,30.63,747.9,24.52,37.64
"2023-02-19 14:05:00",232382,13.49,30.69,747.8,25.45,34.77
"2023-02-19 14:10:00",232383,13.49,30.76,747.7,24.25,37.05
"2023-02-19 14:15:00",232384,13.49,30.75,747.7,24.26,37.68
"2023-02-19 14:20:00",232385,13.49,30.72,747.5,24.43,38.52
"2023-02-19 14:25:00",232386,13.49,30.67,747.5,24.25,39.19
"2023-02-19 14:30:00",232387,13.5,30.58,747.4,24.27,35.66
"2023-02-19 14:35:00",232388,13.49,30.54,747.3,24.88,36.01
"2023-02-19 14:40:00",232389,13.49,30.6,747.2,25.04,36.69
"2023-02-19 14:45:00",232390,13.49,30.71,747.2,24.22,38.26
"2023-02-19 14:50:00",232391,13.5,30.76,747.1,24.97,34.39
"2023-02-19 14:55:00",232392,13.5,30.89,747,25.56,32.91
"2023-02-19 15:00:00",232393,13.5,31.12,746.9,25.58,33.41
"2023-02-19 15:05:00",232394,13.5,31.45,746.9,25.95,32.13
"2023-02-19 15:10:00",232395,13.5,31.79,746.8,25.41,35.17
"2023-02-19 15:15:00",232396,13.5,32.09,746.7,26.38,33.79
"2023-02-19 15:20:00",232397,13.5,32.41,746.7,26.65,32.5
"2023-02-19 15:25:00",232398,13.5,32.7,746.6,26.53,31.47
"2023-02-19 15:30:00",232399,13.5,32.94,746.6,25.45,33.1
"2023-02-19 15:35:00",232400,13.5,33.06,746.5,25.09,33.87
"2023-02-19 15:40:00",232401,13.47,33.06,746.5,26.71,32.94
"2023-02-19 15:45:00",232402,13.47,33.13,746.4,26.18,33.3
"2023-02-19 15:50:00",232403,13.47,33.16,746.4,25.58,32.77
"2023-02-19 15:55:00",232404,13.47,33.18,746.3,26.18,32.99
"2023-02-19 16:00:00",232405,13.47,33.15,746.3,26.34,32.77
"2023-02-19 16:05:00",232406,13.48,33.18,746.2,26.67,32.84
"2023-02-19 16:10:00",232407,13.47,33.2,746.3,25.96,35.09
"2023-02-19 16:15:00",232408,13.47,33.21,746.2,26.68,34.15
"2023-02-19 16:20:00",232409,13.47,33.26,746.1,25.58,35.25
"2023-02-19 16:25:00",232410,13.47,33.19,746.1,25.47,34.27
"2023-02-19 16:30:00",232411,13.47,33.04,746.1,25.72,34.86
"2023-02-19 16:35:00",232412,13.48,32.84,746.1,24.95,35.32
"2023-02-19 16:40:00",232413,13.47,32.5,746,25.04,37.06
"2023-02-19 16:45:00",232414,13.47,32.13,746,25.46,35.1
"2023-02-19 16:50:00",232415,13.47,31.85,746,25.45,34.6
"2023-02-19 16:55:00",232416,13.47,31.69,746,25.46,35.04
"2023-02-19 17:00:00",232417,13.48,31.6,746,25.59,35.52
"2023-02-19 17:05:00",232418,13.47,31.49,746.1,24.99,36.39
"2023-02-19 17:10:00",232419,13.47,31.27,746,24.55,38.03
"2023-02-19 17:15:00",232420,13.47,30.94,746.1,24.21,39.15
"2023-02-19 17:20:00",232421,13.48,30.58,746.1,24.17,39.61
"2023-02-19 17:25:00",232422,13.47,30.21,746.2,24.17,39.08
"2023-02-19 17:30:00",232423,13.47,29.87,746.2,23.66,39.68
"2023-02-19 17:35:00",232424,13.5,29.55,746.3,23.8,39.63
"2023-02-19 17:40:00",232425,13.49,29.23,746.4,23.68,41.06
"2023-02-19 17:45:00",232426,13.45,28.7,746.5,23.48,42.11
"2023-02-19 17:50:00",232427,13.42,28.14,746.5,23.59,42.29
"2023-02-19 17:55:00",232428,13.4,27.81,746.6,23.44,45.02
"2023-02-19 18:00:00",232429,13.38,27.53,746.6,23.27,42.96
"2023-02-19 18:05:00",232430,13.28,27.27,746.6,23.27,42.45
"2023-02-19 18:10:00",232431,13.15,27.01,746.8,23.15,43.14
"2023-02-19 18:15:00",232432,13.08,26.77,746.7,23.14,43.89
"2023-02-19 18:20:00",232433,13.04,26.6,746.8,22.79,44.04
"2023-02-19 18:25:00",232434,13.01,26.39,746.9,22.37,45.82
"2023-02-19 18:30:00",232435,12.98,26.15,746.9,22.14,46.43
"2023-02-19 18:35:00",232436,12.96,25.89,747,21.98,46.83
"2023-02-19 18:40:00",232437,12.94,25.59,747.1,21.74,48.35
"2023-02-19 18:45:00",232438,12.93,25.32,747.1,21.43,49.33
"2023-02-19 18:50:00",232439,12.92,25.04,747.2,20.98,51.91
"2023-02-19 18:55:00",232440,12.9,24.51,747.3,20.4,55.43
"2023-02-19 19:00:00",232441,12.89,23.8,747.4,20.03,57.53
"2023-02-19 19:05:00",232442,12.89,23.12,747.5,19.76,56.6
"2023-02-19 19:10:00",232443,12.88,22.53,747.6,19.67,57.84
"2023-02-19 19:15:00",232444,12.88,22.22,747.6,19.7,56.5
"2023-02-19 19:20:00",232445,12.87,22.05,747.7,19.75,56.59
"2023-02-19 19:25:00",232446,12.87,21.92,747.8,19.73,55.86
"2023-02-19 19:30:00",232447,12.87,21.85,747.8,19.66,55.45
"2023-02-19 19:35:00",232448,12.86,21.81,747.9,19.57,55.49
"2023-02-19 19:40:00",232449,12.86,21.72,747.9,19.4,56.76
"2023-02-19 19:45:00",232450,12.86,21.65,748,19.3,56.01
"2023-02-19 19:50:00",232451,12.86,21.56,748.1,19.15,56.11
"2023-02-19 19:55:00",232452,12.85,21.44,748.2,19.08,56.04
"2023-02-19 20:00:00",232453,12.85,21.37,748.4,19,56.36
"2023-02-19 20:05:00",232454,12.85,21.29,748.4,18.89,56.5
"2023-02-19 20:10:00",232455,12.84,21.19,748.5,18.78,56.72
"2023-02-19 20:15:00",232456,12.85,21.1,748.6,18.63,57.65
"2023-02-19 20:20:00",232457,12.84,20.97,748.6,18.59,57.22
"2023-02-19 20:25:00",232458,12.84,20.86,748.8,18.51,58.12
"2023-02-19 20:30:00",232459,12.84,20.76,748.8,18.48,58.87
"2023-02-19 20:35:00",232460,12.84,20.7,748.9,18.45,59.11
"2023-02-19 20:40:00",232461,12.84,20.64,748.9,18.41,58.77
"2023-02-19 20:45:00",232462,12.83,20.59,749,18.33,59.27
"2023-02-19 20:50:00",232463,12.83,20.53,749,18.32,59.73
"2023-02-19 20:55:00",232464,12.83,20.48,749.2,18.26,59.5
"2023-02-19 21:00:00",232465,12.83,20.46,749.3,18.2,60.58
"2023-02-19 21:05:00",232466,12.83,20.44,749.4,18.22,59.98
"2023-02-19 21:10:00",232467,12.83,20.41,749.5,18.19,59.79
"2023-02-19 21:15:00",232468,12.82,20.39,749.5,18.25,59.26
"2023-02-19 21:20:00",232469,12.82,20.36,749.6,18.21,59.98
"2023-02-19 21:25:00",232470,12.82,20.34,749.7,18.21,59.86
"2023-02-19 21:30:00",232471,12.82,20.32,749.7,18.21,59.92
"2023-02-19 21:35:00",232472,12.82,20.3,749.8,18.15,60.21
"2023-02-19 21:40:00",232473,12.82,20.31,749.8,18.13,60.72
"2023-02-19 21:45:00",232474,12.82,20.28,749.9,18.12,60.6
"2023-02-19 21:50:00",232475,12.83,20.27,750,18.13,60.27
"2023-02-19 21:55:00",232476,12.83,20.22,750.1,18.09,60.89
"2023-02-19 22:00:00",232477,12.83,20.18,750.1,18.05,60.83
"2023-02-19 22:05:00",232478,12.83,20.14,750.1,18.09,61.1
"2023-02-19 22:10:00",232479,12.83,20.12,750.2,18.07,61.13
"2023-02-19 22:15:00",232480,12.82,20.1,750.3,18.09,61.14
"2023-02-19 22:20:00",232481,12.82,20.07,750.3,18.01,60.82
"2023-02-19 22:25:00",232482,12.82,19.95,750.4,17.95,61.62
"2023-02-19 22:30:00",232483,12.82,19.88,750.4,17.9,61.88
"2023-02-19 22:35:00",232484,12.82,19.83,750.5,17.88,62.09
"2023-02-19 22:40:00",232485,12.82,19.78,750.5,17.87,62
"2023-02-19 22:45:00",232486,12.82,19.78,750.5,17.84,61.84
"2023-02-19 22:50:00",232487,12.82,19.71,750.5,17.82,62.08
"2023-02-19 22:55:00",232488,12.82,19.65,750.6,17.79,62.49
"2023-02-19 23:00:00",232489,12.81,19.62,750.6,17.55,63.41
"2023-02-19 23:05:00",232490,12.81,19.55,750.6,17.5,62.86
"2023-02-19 23:10:00",232491,12.81,19.47,750.6,17.53,63.07
"2023-02-19 23:15:00",232492,12.81,19.39,750.6,17.74,61.79
"2023-02-19 23:20:00",232493,12.81,19.36,750.6,17.93,60.87
"2023-02-19 23:25:00",232494,12.81,19.32,750.6,17.91,60.96
"2023-02-19 23:30:00",232495,12.81,19.29,750.7,17.81,61.6
"2023-02-19 23:35:00",232496,12.81,19.28,750.6,17.76,62.49
"2023-02-19 23:40:00",232497,12.8,19.24,750.6,17.68,62.36
"2023-02-19 23:45:00",232498,12.8,19.21,750.6,17.5,63.57
"2023-02-19 23:50:00",232499,12.8,19.17,750.6,17.47,63.69
"2023-02-19 23:55:00",232500,12.8,19.18,750.6,17.81,62.2
"2023-02-20 00:00:00",232501,12.79,19.18,750.6,17.78,62.46
"2023-02-20 00:05:00",232502,12.79,19.2,750.6,17.68,62.59
"2023-02-20 00:10:00",232503,12.79,19.22,750.5,17.63,62.32
"2023-02-20 00:15:00",232504,12.79,19.18,750.5,17.58,62.61
"2023-02-20 00:20:00",232505,12.79,19.17,750.5,17.39,63.53
"2023-02-20 00:25:00",232506,12.79,19.14,750.5,17.3,63.84
"2023-02-20 00:30:00",232507,12.79,19.1,750.5,17.25,64.07
"2023-02-20 00:35:00",232508,12.78,19.07,750.4,17.3,64.61
"2023-02-20 00:40:00",232509,12.78,19.03,750.5,17.27,64.34
"2023-02-20 00:45:00",232510,12.78,19.01,750.4,17.27,63.63
"2023-02-20 00:50:00",232511,12.78,19,750.3,17.24,64.07
"2023-02-20 00:55:00",232512,12.78,18.91,750.3,17.31,64.05
"2023-02-20 01:00:00",232513,12.78,18.86,750.3,17.11,63.81
"2023-02-20 01:05:00",232514,12.78,18.84,750.2,17.01,64.21
"2023-02-20 01:10:00",232515,12.78,18.8,750.2,17.03,64.15
"2023-02-20 01:15:00",232516,12.77,18.74,750.1,17.25,63.51
"2023-02-20 01:20:00",232517,12.77,18.72,750.1,17.19,62.48
"2023-02-20 01:25:00",232518,12.77,18.7,750.1,17.16,63.76
"2023-02-20 01:30:00",232519,12.77,18.68,750,17.11,63.48
"2023-02-20 01:35:00",232520,12.77,18.69,750,17.24,64.3
"2023-02-20 01:40:00",232521,12.77,18.71,750,17.13,64.79
"2023-02-20 01:45:00",232522,12.77,18.71,750,16.93,66.14
"2023-02-20 01:50:00",232523,12.76,18.71,750,16.9,66.22
"2023-02-20 01:55:00",232524,12.76,18.69,749.9,16.91,66.46
"2023-02-20 02:00:00",232525,12.76,18.66,749.9,16.87,66.66
"2023-02-20 02:05:00",232526,12.76,18.65,749.9,16.77,67.05
"2023-02-20 02:10:00",232527,12.76,18.63,749.9,16.63,67.46
"2023-02-20 02:15:00",232528,12.75,18.6,749.8,16.64,67.14
"2023-02-20 02:20:00",232529,12.75,18.55,749.8,16.53,68.09
"2023-02-20 02:25:00",232530,12.75,18.5,749.7,16.57,67.34
"2023-02-20 02:30:00",232531,12.75,18.44,749.7,16.44,67.54
"2023-02-20 02:35:00",232532,12.75,18.36,749.6,16.18,67.64
"2023-02-20 02:40:00",232533,12.75,18.3,749.6,16.17,68.2
"2023-02-20 02:45:00",232534,12.75,18.16,749.6,16.08,68.13
"2023-02-20 02:50:00",232535,12.74,18.06,749.6,16.02,68.46
"2023-02-20 02:55:00",232536,12.74,17.93,749.6,15.93,68.96
"2023-02-20 03:00:00",232537,12.74,17.85,749.7,15.85,69.15
"2023-02-20 03:05:00",232538,12.73,17.76,749.6,15.94,68.91
"2023-02-20 03:10:00",232539,12.73,17.72,749.6,15.91,68.38
"2023-02-20 03:15:00",232540,12.73,17.69,749.6,15.88,69.3
"2023-02-20 03:20:00",232541,12.73,17.67,749.7,15.86,69.39
"2023-02-20 03:25:00",232542,12.73,17.64,749.7,15.85,69.62
"2023-02-20 03:30:00",232543,12.72,17.65,749.7,15.99,69.55
"2023-02-20 03:35:00",232544,12.72,17.66,749.8,15.76,69.86
"2023-02-20 03:40:00",232545,12.72,17.61,749.8,15.73,70.55
"2023-02-20 03:45:00",232546,12.72,17.58,749.8,15.65,70.21
"2023-02-20 03:50:00",232547,12.72,17.53,749.8,15.7,70.45
"2023-02-20 03:55:00",232548,12.71,17.52,749.8,15.6,71.12
"2023-02-20 04:00:00",232549,12.71,17.46,749.8,15.56,72.84
"2023-02-20 04:05:00",232550,12.71,17.4,749.8,15.51,73.77
"2023-02-20 04:10:00",232551,12.71,17.35,749.8,15.48,75
"2023-02-20 04:15:00",232552,12.7,17.28,749.8,15.46,75.14
"2023-02-20 04:20:00",232553,12.7,17.26,749.7,15.42,73.89
"2023-02-20 04:25:00",232554,12.7,17.21,749.8,15.44,73.04
"2023-02-20 04:30:00",232555,12.69,17.18,749.7,15.42,72.72
"2023-02-20 04:35:00",232556,12.69,17.18,749.7,15.44,71.84
"2023-02-20 04:40:00",232557,12.69,17.16,749.7,15.5,71.82
"2023-02-20 04:45:00",232558,12.69,17.13,749.7,15.5,71.62
"2023-02-20 04:50:00",232559,12.69,17.13,749.7,15.5,71.39
"2023-02-20 04:55:00",232560,12.68,17.12,749.8,15.5,70.99
"2023-02-20 05:00:00",232561,12.68,17.11,749.8,15.49,70.82
"2023-02-20 05:05:00",232562,12.68,17.09,749.8,15.46,70.98
"2023-02-20 05:10:00",232563,12.67,17.07,749.8,15.38,70.63
"2023-02-20 05:15:00",232564,12.67,17.03,749.8,15.35,70.99
"2023-02-20 05:20:00",232565,12.67,17,749.8,15.3,71.38
"2023-02-20 05:25:00",232566,12.66,16.99,749.9,15.24,71.37
"2023-02-20 05:30:00",232567,12.66,16.99,749.9,15.26,71.57
"2023-02-20 05:35:00",232568,12.66,16.99,749.9,15.3,71.56
"2023-02-20 05:40:00",232569,12.66,16.98,749.9,15.32,71.53
"2023-02-20 05:45:00",232570,12.65,16.95,749.9,15.18,71.36
"2023-02-20 05:50:00",232571,12.65,16.91,750,15.1,72.34
"2023-02-20 05:55:00",232572,12.65,16.9,750,15.12,72.35
"2023-02-20 06:00:00",232573,12.64,16.86,750.1,15.08,73.22
"2023-02-20 06:05:00",232574,12.64,16.85,750.1,15.12,73.66
"2023-02-20 06:10:00",232575,12.64,16.84,750.2,15.06,74.24
"2023-02-20 06:15:00",232576,12.63,16.9,750.3,15.08,73.73
"2023-02-20 06:20:00",232577,12.64,16.96,750.3,15.18,73.47
"2023-02-20 06:25:00",232578,12.64,16.89,750.4,15.21,73.45
"2023-02-20 06:30:00",232579,12.66,16.9,750.4,15.14,72.89
"2023-02-20 06:35:00",232580,12.68,16.91,750.4,15.12,72.86
"2023-02-20 06:40:00",232581,12.7,16.95,750.4,15.11,72.66
"2023-02-20 06:45:00",232582,12.74,16.94,750.5,15.21,72.88
"2023-02-20 06:50:00",232583,12.77,16.97,750.6,15.24,72.83
"2023-02-20 06:55:00",232584,12.77,17,750.6,15.25,72.34
"2023-02-20 07:00:00",232585,12.85,17.06,750.6,15.29,72.07
"2023-02-20 07:05:00",232586,12.99,17.18,750.7,15.22,72.85
"2023-02-20 07:10:00",232587,13.1,17.33,750.7,15.52,71.97
"2023-02-20 07:15:00",232588,13.11,17.42,750.8,15.36,72.71
"2023-02-20 07:20:00",232589,13.1,17.48,750.9,15.33,73.08
"2023-02-20 07:25:00",232590,13.07,17.54,751,15.36,72.54
"2023-02-20 07:30:00",232591,13.05,17.56,751.1,15.35,72.74
"2023-02-20 07:35:00",232592,13.08,17.61,751.1,15.34,72.93
"2023-02-20 07:40:00",232593,13.11,17.71,751.2,15.61,73.13
"2023-02-20 07:45:00",232594,13.18,17.81,751.3,15.69,73.26
"2023-02-20 07:50:00",232595,13.27,17.94,751.3,15.68,73.46
"2023-02-20 07:55:00",232596,13.31,18.07,751.5,15.9,72.39
"2023-02-20 08:00:00",232597,13.35,18.19,751.5,15.72,72.78
"2023-02-20 08:05:00",232598,13.45,18.38,751.6,16.03,71.98
"2023-02-20 08:10:00",232599,13.55,18.64,751.6,16.24,70.53
"2023-02-20 08:15:00",232600,13.75,19,751.7,16.63,69.96
"2023-02-20 08:20:00",232601,13.76,20.14,751.7,16.8,68.43
"2023-02-20 08:25:00",232602,13.73,21.08,751.7,17.34,68.03
"2023-02-20 08:30:00",232603,13.73,21.73,751.8,18.11,63.08
"2023-02-20 08:35:00",232604,13.7,22.21,751.8,17.59,65.84
"2023-02-20 08:40:00",232605,13.7,22.72,751.8,18.1,62.93
"2023-02-20 08:45:00",232606,13.7,23.2,751.8,18.71,61.75
"2023-02-20 08:50:00",232607,13.68,23.6,751.8,18.63,62.3
"2023-02-20 08:55:00",232608,13.68,24,751.8,18.21,64.11
"2023-02-20 09:00:00",232609,13.65,24.31,751.9,18.16,64.22
"2023-02-20 09:05:00",232610,13.65,24.57,751.9,18.47,61.92
"2023-02-20 09:10:00",232611,13.65,24.81,751.9,18.45,62.57
"2023-02-20 09:15:00",232612,13.65,24.92,751.9,17.67,64.14
"2023-02-20 09:20:00",232613,13.65,24.95,751.9,18.17,62.85
"2023-02-20 09:25:00",232614,13.65,24.97,751.9,18.23,63.07
"2023-02-20 09:30:00",232615,13.66,24.98,751.9,18.25,63.11
"2023-02-20 09:35:00",232616,13.65,24.93,751.9,18.64,61.17
"2023-02-20 09:40:00",232617,13.65,24.95,751.9,18.71,60.33
"2023-02-20 09:45:00",232618,13.65,24.98,751.9,18.55,62.23
"2023-02-20 09:50:00",232619,13.63,25.02,752,18.29,61.29
"2023-02-20 09:55:00",232620,13.63,25.1,751.9,19.42,58.71
"2023-02-20 10:00:00",232621,13.63,25.28,751.9,19.64,57.04
"2023-02-20 10:05:00",232622,13.63,25.48,751.9,18.49,59.09
"2023-02-20 10:10:00",232623,13.63,25.61,751.8,19.15,57.85
"2023-02-20 10:15:00",232624,13.63,25.83,751.8,20.71,55.2
"2023-02-20 10:20:00",232625,13.63,26.3,751.8,20.1,55.73
"2023-02-20 10:25:00",232626,13.61,26.86,751.7,20.02,54.6
"2023-02-20 10:30:00",232627,13.61,27.58,751.7,22.19,47.9
"2023-02-20 10:35:00",232628,13.58,28.43,751.6,21.06,52.48
"2023-02-20 10:40:00",232629,13.56,29.25,751.6,21.67,51.47
"2023-02-20 10:45:00",232630,13.55,29.87,751.5,21.5,52.42
"2023-02-20 10:50:00",232631,13.53,30.32,751.4,21.81,52.62
"2023-02-20 10:55:00",232632,13.53,30.68,751.4,21.42,51.28
"2023-02-20 11:00:00",232633,13.53,30.87,751.3,21.85,51.4
"2023-02-20 11:05:00",232634,13.53,31.02,751.2,21.51,52.2
"2023-02-20 11:10:00",232635,13.51,31.17,751.2,23.21,48.29
"2023-02-20 11:15:00",232636,13.51,31.37,751.2,21.44,50.37
"2023-02-20 11:20:00",232637,13.51,31.45,751.1,21.74,46.77
"2023-02-20 11:25:00",232638,13.51,31.56,751,22.68,47.58
"2023-02-20 11:30:00",232639,13.51,31.74,751,23.24,46.25
"2023-02-20 11:35:00",232640,13.51,31.98,750.9,22.07,47.95
"2023-02-20 11:40:00",232641,13.51,32.19,750.8,23.18,46.79
"2023-02-20 11:45:00",232642,13.51,32.36,750.7,22.58,45.78
"2023-02-20 11:50:00",232643,13.49,32.48,750.7,23.07,45.75
"2023-02-20 11:55:00",232644,13.49,32.54,750.6,22.95,48
"2023-02-20 12:00:00",232645,13.49,32.59,750.5,24.03,44.44
"2023-02-20 12:05:00",232646,13.49,32.71,750.4,24.06,43.05
"2023-02-20 12:10:00",232647,13.49,32.82,750.3,24.95,40.54
"2023-02-20 12:15:00",232648,13.49,33.06,750.2,25.74,39.84
"2023-02-20 12:20:00",232649,13.49,33.32,750.1,24.23,40.92
"2023-02-20 12:25:00",232650,13.49,33.43,750,23.23,44.83
"2023-02-20 12:30:00",232651,13.49,33.25,749.9,23.29,43.06
"2023-02-20 12:35:00",232652,13.49,33.04,749.8,23.81,36.87
"2023-02-20 12:40:00",232653,13.49,32.95,749.7,24.13,34.31
"2023-02-20 12:45:00",232654,13.49,32.91,749.6,25.26,33.62
"2023-02-20 12:50:00",232655,13.49,32.97,749.4,25.01,34.8
"2023-02-20 12:55:00",232656,13.49,33.09,749.3,26.09,32.28
"2023-02-20 13:00:00",232657,13.47,33.25,749.3,25.08,31.11
"2023-02-20 13:05:00",232658,13.47,33.22,749.2,24.15,33.05
"2023-02-20 13:10:00",232659,13.47,33.1,749.1,24.59,32.72
"2023-02-20 13:15:00",232660,13.47,33.03,749,25.41,31.08
"2023-02-20 13:20:00",232661,13.47,32.93,748.9,23.46,34.85
"2023-02-20 13:25:00",232662,13.47,32.67,748.8,25.16,31.12
"2023-02-20 13:30:00",232663,13.47,32.48,748.7,25.36,31.71
"2023-02-20 13:35:00",232664,13.47,32.38,748.6,25.01,31.45
"2023-02-20 13:40:00",232665,13.47,32.32,748.5,25.5,30.14
"2023-02-20 13:45:00",232666,13.47,32.36,748.3,25.49,30.81
"2023-02-20 13:50:00",232667,13.47,32.36,748.3,25.53,32.03
"2023-02-20 13:55:00",232668,13.47,32.38,748.2,25.76,32.65
"2023-02-20 14:00:00",232669,13.47,32.44,748.1,26.26,30.67
"2023-02-20 14:05:00",232670,13.47,32.55,748,25.52,31.52
"2023-02-20 14:10:00",232671,13.47,32.58,747.9,24.86,31.6
"2023-02-20 14:15:00",232672,13.47,32.59,747.9,26.57,30.5
"2023-02-20 14:20:00",232673,13.47,32.7,747.7,26.29,30.17
"2023-02-20 14:25:00",232674,13.47,32.91,747.7,26.08,29.91
"2023-02-20 14:30:00",232675,13.47,33.05,747.6,26.04,32.18
"2023-02-20 14:35:00",232676,13.47,33.12,747.4,25.25,36.55
"2023-02-20 14:40:00",232677,13.47,33.05,747.4,25.78,35.37
"2023-02-20 14:45:00",232678,13.47,32.99,747.3,26.49,32.11
"2023-02-20 14:50:00",232679,13.47,33.06,747.3,26.02,30.59
"2023-02-20 14:55:00",232680,13.47,33.04,747.3,25.24,34.28
"2023-02-20 15:00:00",232681,13.47,32.89,747.2,25.57,30.99
"2023-02-20 15:05:00",232682,13.47,32.77,747.1,24.95,32.04
"2023-02-20 15:10:00",232683,13.47,32.6,747.1,24.97,30.77
"2023-02-20 15:15:00",232684,13.47,32.38,747,25.67,30.15
"2023-02-20 15:20:00",232685,13.47,32.29,746.9,26.92,29.51
"2023-02-20 15:25:00",232686,13.47,32.38,746.9,25.82,30.97
"2023-02-20 15:30:00",232687,13.47,32.53,746.8,25.8,30.57
"2023-02-20 15:35:00",232688,13.47,32.64,746.8,26.8,29.8
"2023-02-20 15:40:00",232689,13.47,32.78,746.7,26.32,29.05
"2023-02-20 15:45:00",232690,13.47,32.84,746.7,25.51,30.95
"2023-02-20 15:50:00",232691,13.47,32.77,746.7,25.2,31.53
"2023-02-20 15:55:00",232692,13.47,32.56,746.6,24.85,31.77
"2023-02-20 16:00:00",232693,13.47,32.26,746.6,24.95,31.58
"2023-02-20 16:05:00",232694,13.47,31.96,746.5,25.35,30.93
"2023-02-20 16:10:00",232695,13.47,31.7,746.4,25.24,31.2
"2023-02-20 16:15:00",232696,13.47,31.45,746.5,25.08,31.55
"2023-02-20 16:20:00",232697,13.47,31.19,746.6,24.82,30.99
"2023-02-20 16:25:00",232698,13.47,30.93,746.7,24.23,33.25
"2023-02-20 16:30:00",232699,13.47,30.53,746.8,24.25,32.65
"2023-02-20 16:35:00",232700,13.42,29.93,747,24.1,33.98
"2023-02-20 16:40:00",232701,13.29,29.04,747.1,22.64,36.82
"2023-02-20 16:45:00",232702,13.28,28.39,747.2,22.11,38.24
"2023-02-20 16:50:00",232703,13.46,27.84,747.2,21.99,40.22
"2023-02-20 16:55:00",232704,13.59,27.77,747.2,22.29,39.64
"2023-02-20 17:00:00",232705,13.59,27.88,747.2,22.33,39.25
"2023-02-20 17:05:00",232706,13.6,27.79,747.1,22.09,38.63
"2023-02-20 17:10:00",232707,13.59,27.65,747.2,22.13,37.69
"2023-02-20 17:15:00",232708,13.59,27.49,747.1,22.43,36.54
"2023-02-20 17:20:00",232709,13.6,27.39,747.3,22.71,35.74
"2023-02-20 17:25:00",232710,13.6,27.3,747.4,22.27,35.99
"2023-02-20 17:30:00",232711,13.59,27.23,747.4,22.34,35.87
"2023-02-20 17:35:00",232712,13.59,27.1,747.5,22.33,36.2
"2023-02-20 17:40:00",232713,13.59,26.95,747.7,21.37,42.49
"2023-02-20 17:45:00",232714,13.6,26.74,747.7,20.81,47.41
"2023-02-20 17:50:00",232715,13.6,26.55,747.6,20.56,48.17
"2023-02-20 17:55:00",232716,13.59,26.32,747.7,20.5,51.12
"2023-02-20 18:00:00",232717,13.59,26.09,747.7,20.72,51.12
"2023-02-20 18:05:00",232718,13.59,25.65,747.6,20.48,48.38
"2023-02-20 18:10:00",232719,13.49,25.12,747.7,20.41,47.55
"2023-02-20 18:15:00",232720,13.32,24.65,747.8,20.32,48.9
"2023-02-20 18:20:00",232721,13.18,24.31,747.8,20.18,49.86
"2023-02-20 18:25:00",232722,13.09,24.04,747.9,20.14,50.23
"2023-02-20 18:30:00",232723,13.02,23.82,748,20.02,49.74
"2023-02-20 18:35:00",232724,12.97,23.64,748.1,20.21,50.3
"2023-02-20 18:40:00",232725,12.95,23.46,748.2,20.44,49.54
"2023-02-20 18:45:00",232726,12.92,23.34,748.3,20.66,48.5
"2023-02-20 18:50:00",232727,12.9,23.23,748.3,20.34,48.81
"2023-02-20 18:55:00",232728,12.89,23.13,748.3,20.34,48.74
"2023-02-20 19:00:00",232729,12.88,23.06,748.2,20.31,48.05
"2023-02-20 19:05:00",232730,12.88,22.93,748.2,20.18,48.91
"2023-02-20 19:10:00",232731,12.87,22.78,748.2,20.13,48.34
"2023-02-20 19:15:00",232732,12.87,22.64,748.2,19.88,49.16
"2023-02-20 19:20:00",232733,12.86,22.53,748.2,19.81,49.21
"2023-02-20 19:25:00",232734,12.86,22.42,748.3,19.76,49.55
"2023-02-20 19:30:00",232735,12.86,22.34,748.3,19.73,49.73
"2023-02-20 19:35:00",232736,12.86,22.25,748.3,19.72,49.54
"2023-02-20 19:40:00",232737,12.85,22.17,748.3,19.72,49.64
"2023-02-20 19:45:00",232738,12.85,22.07,748.4,19.58,50.21
"2023-02-20 19:50:00",232739,12.85,22.02,748.5,19.36,50.69
"2023-02-20 19:55:00",232740,12.85,21.96,748.5,19.16,51.72
"2023-02-20 20:00:00",232741,12.85,21.87,748.6,18.91,53.45
"2023-02-20 20:05:00",232742,12.85,21.79,748.7,18.71,54.14
"2023-02-20 20:10:00",232743,12.85,21.67,748.7,18.47,55.21
"2023-02-20 20:15:00",232744,12.84,21.54,748.8,18.44,55.79
"2023-02-20 20:20:00",232745,12.84,21.31,748.9,18.25,56.43
"2023-02-20 20:25:00",232746,12.84,21.13,748.9,18.23,57.16
"2023-02-20 20:30:00",232747,12.84,20.99,749,18.23,57.62
"2023-02-20 20:35:00",232748,12.84,20.85,749.1,18.17,57.49
"2023-02-20 20:40:00",232749,12.84,20.7,749.1,18.12,57.66
"2023-02-20 20:45:00",232750,12.84,20.6,749.1,18.25,56.62
"2023-02-20 20:50:00",232751,12.84,20.53,749.2,18.25,57.26
"2023-02-20 20:55:00",232752,12.83,20.45,749.3,18.1,59.09
"2023-02-20 21:00:00",232753,12.83,20.4,749.3,18.17,58.97
"2023-02-20 21:05:00",232754,12.83,20.36,749.5,17.98,59.46
"2023-02-20 21:10:00",232755,12.83,20.32,749.5,17.92,59.57
"2023-02-20 21:15:00",232756,12.83,20.26,749.6,18,59.58
"2023-02-20 21:20:00",232757,12.83,20.2,749.7,17.95,59.46
"2023-02-20 21:25:00",232758,12.83,20.14,749.7,18.04,59.38
"2023-02-20 21:30:00",232759,12.82,20.09,749.7,18.08,57.84
"2023-02-20 21:35:00",232760,12.82,20.05,749.7,18.08,57.78
"2023-02-20 21:40:00",232761,12.82,19.99,749.8,17.97,58.94
"2023-02-20 21:45:00",232762,12.82,19.94,749.8,17.9,58.48
"2023-02-20 21:50:00",232763,12.82,19.87,749.9,17.9,58.78
"2023-02-20 21:55:00",232764,12.82,19.8,749.9,17.96,59.09
"2023-02-20 22:00:00",232765,12.82,19.75,749.9,18,58.95
"2023-02-20 22:05:00",232766,12.82,19.71,750,18,59.07
"2023-02-20 22:10:00",232767,12.82,19.69,750,17.88,59.99
"2023-02-20 22:15:00",232768,12.82,19.62,750.1,17.8,59.97
"2023-02-20 22:20:00",232769,12.81,19.55,750.1,17.93,59.45
"2023-02-20 22:25:00",232770,12.81,19.48,750.1,17.82,60.22
"2023-02-20 22:30:00",232771,12.81,19.4,750.2,17.77,60.6
"2023-02-20 22:35:00",232772,12.81,19.31,750.2,17.81,60.55
"2023-02-20 22:40:00",232773,12.81,19.26,750.3,17.74,62.13
"2023-02-20 22:45:00",232774,12.81,19.17,750.3,17.28,63.75
"2023-02-20 22:50:00",232775,12.81,19.05,750.3,17.3,63.21
"2023-02-20 22:55:00",232776,12.81,18.93,750.3,17.19,62.51
"2023-02-20 23:00:00",232777,12.8,18.81,750.3,17.26,63.09
"2023-02-20 23:05:00",232778,12.8,18.67,750.3,17.06,62.82
"2023-02-20 23:10:00",232779,12.8,18.5,750.3,17.03,64.59
"2023-02-20 23:15:00",232780,12.8,18.37,750.3,17.12,63.57
"2023-02-20 23:20:00",232781,12.8,18.27,750.3,17.16,62.68
"2023-02-20 23:25:00",232782,12.8,18.21,750.2,17.11,63.87
"2023-02-20 23:30:00",232783,12.8,18.11,750.3,17.17,63.11
"2023-02-20 23:35:00",232784,12.81,18.06,750.2,17.12,64.31
"2023-02-20 23:40:00",232785,12.81,17.81,750.2,16.88,65.45
"2023-02-20 23:45:00",232786,12.81,17.7,750.3,16.85,65.86
"2023-02-20 23:50:00",232787,12.81,17.62,750.2,16.78,66.23
"2023-02-20 23:55:00",232788,12.81,17.55,750.2,16.71,67.1
"2023-02-21 00:00:00",232789,12.81,17.49,750.2,16.75,67.43
"2023-02-21 00:05:00",232790,12.81,17.46,750.2,16.72,68.59
"2023-02-21 00:10:00",232791,12.8,17.42,750.2,16.37,70.09
"2023-02-21 00:15:00",232792,12.8,17.35,750.2,16.25,70.36
"2023-02-21 00:20:00",232793,12.8,17.31,750.1,16.25,70.38
"2023-02-21 00:25:00",232794,12.8,17.28,750.1,16.46,69.7
"2023-02-21 00:30:00",232795,12.8,17.3,750.1,16.44,70.16
"2023-02-21 00:35:00",232796,12.8,17.29,750,16.42,69.96
"2023-02-21 00:40:00",232797,12.79,17.3,750,16.54,69.14
"2023-02-21 00:45:00",232798,12.79,17.33,750,16.63,68.72
"2023-02-21 00:50:00",232799,12.79,17.34,750,16.59,68.13
"2023-02-21 00:55:00",232800,12.79,17.33,749.9,16.57,67.36
"2023-02-21 01:00:00",232801,12.79,17.34,749.8,16.49,67.35
"2023-02-21 01:05:00",232802,12.79,17.36,749.8,16.45,66.9
"2023-02-21 01:10:00",232803,12.79,17.32,749.8,16.45,66.5
"2023-02-21 01:15:00",232804,12.79,17.3,749.7,16.36,66.13
"2023-02-21 01:20:00",232805,12.78,17.29,749.7,16.34,65.07
"2023-02-21 01:25:00",232806,12.78,17.28,749.7,16.36,64.6
"2023-02-21 01:30:00",232807,12.78,17.17,749.7,16.44,63.75
"2023-02-21 01:35:00",232808,12.78,17.12,749.6,16.24,70.01
"2023-02-21 01:40:00",232809,12.78,17.07,749.6,16.06,70.95
"2023-02-21 01:45:00",232810,12.78,17,749.6,16.19,68.64
"2023-02-21 01:50:00",232811,12.78,16.93,749.6,16.26,67.89
"2023-02-21 01:55:00",232812,12.77,16.88,749.5,16.17,70.98
"2023-02-21 02:00:00",232813,12.77,16.8,749.5,15.95,70.04
"2023-02-21 02:05:00",232814,12.77,16.7,749.5,15.96,70.65
"2023-02-21 02:10:00",232815,12.77,16.59,749.5,15.88,71.9
"2023-02-21 02:15:00",232816,12.77,16.47,749.4,15.86,70.54
"2023-02-21 02:20:00",232817,12.76,16.36,749.3,15.82,72.83
"2023-02-21 02:25:00",232818,12.76,16.25,749.3,15.68,71.77
"2023-02-21 02:30:00",232819,12.76,16.15,749.3,15.65,73.28
"2023-02-21 02:35:00",232820,12.76,16.06,749.3,15.62,73.53
"2023-02-21 02:40:00",232821,12.76,15.95,749.3,15.62,74.04
"2023-02-21 02:45:00",232822,12.75,15.86,749.3,15.73,72.5
"2023-02-21 02:50:00",232823,12.75,15.79,749.3,15.62,73.27
"2023-02-21 02:55:00",232824,12.75,15.71,749.3,15.52,73.79
"2023-02-21 03:00:00",232825,12.75,15.65,749.3,15.43,74.4
"2023-02-21 03:05:00",232826,12.74,15.6,749.3,15.44,75.22
"2023-02-21 03:10:00",232827,12.74,15.6,749.3,15.48,73.25
"2023-02-21 03:15:00",232828,12.73,15.61,749.4,15.52,73.43
"2023-02-21 03:20:00",232829,12.73,15.67,749.4,15.57,72.46
"2023-02-21 03:25:00",232830,12.73,15.75,749.4,15.8,69.75
"2023-02-21 03:30:00",232831,12.73,15.85,749.5,15.86,68.14
"2023-02-21 03:35:00",232832,12.73,15.96,749.5,15.94,69.49
"2023-02-21 03:40:00",232833,12.73,16.08,749.5,16,67.73
"2023-02-21 03:45:00",232834,12.73,16.19,749.5,16.1,68.56
"2023-02-21 03:50:00",232835,12.72,16.29,749.5,16.2,67.73
"2023-02-21 03:55:00",232836,12.72,16.35,749.5,16.28,67.6
"2023-02-21 04:00:00",232837,12.72,16.4,749.6,16.22,68.53
"2023-02-21 04:05:00",232838,12.72,16.42,749.6,16.03,70.43
"2023-02-21 04:10:00",232839,12.72,16.43,749.6,15.88,72.47
"2023-02-21 04:15:00",232840,12.71,16.41,749.7,15.7,74.57
"2023-02-21 04:20:00",232841,12.71,16.38,749.7,15.4,75.13
"2023-02-21 04:25:00",232842,12.71,16.34,749.7,15.54,74.48
"2023-02-21 04:30:00",232843,12.71,16.29,749.7,15.58,74.66
"2023-02-21 04:35:00",232844,12.71,16.26,749.7,15.6,74.49
"2023-02-21 04:40:00",232845,12.71,16.2,749.7,15.3,77.72
"2023-02-21 04:45:00",232846,12.7,16.1,749.7,15.18,76.94
"2023-02-21 04:50:00",232847,12.7,15.98,749.7,15.24,75.07
"2023-02-21 04:55:00",232848,12.7,15.9,749.8,15.28,75.13
"2023-02-21 05:00:00",232849,12.7,15.78,749.8,15.17,76.29
"2023-02-21 05:05:00",232850,12.7,15.67,749.9,15.06,76.61
"2023-02-21 05:10:00",232851,12.7,15.57,749.9,14.96,77.26
"2023-02-21 05:15:00",232852,12.69,15.65,750,14.79,78.98
"2023-02-21 05:20:00",232853,12.69,15.7,750,14.86,78.88
"2023-02-21 05:25:00",232854,12.68,15.69,750.1,14.96,78.13
"2023-02-21 05:30:00",232855,12.68,15.73,750.1,14.98,78.18
"2023-02-21 05:35:00",232856,12.68,15.77,750.2,14.98,78.24
"2023-02-21 05:40:00",232857,12.67,15.83,750.2,15.1,78.57
"2023-02-21 05:45:00",232858,12.67,15.91,750.2,15.2,77.39
"2023-02-21 05:50:00",232859,12.67,15.96,750.2,15.22,77.29
"2023-02-21 05:55:00",232860,12.67,15.98,750.2,15.12,78.69
"2023-02-21 06:00:00",232861,12.66,15.99,750.2,15.05,78.89
"2023-02-21 06:05:00",232862,12.66,15.98,750.3,14.97,79.32
"2023-02-21 06:10:00",232863,12.66,15.97,750.3,15.2,78.09
"2023-02-21 06:15:00",232864,12.66,15.99,750.4,15.24,78.16
"2023-02-21 06:20:00",232865,12.66,16.01,750.4,15.25,78.61
"2023-02-21 06:25:00",232866,12.66,16,750.5,15.18,76.41
"2023-02-21 06:30:00",232867,12.67,16,750.5,15.19,76.8
"2023-02-21 06:35:00",232868,12.68,15.96,750.6,15.05,77.28
"2023-02-21 06:40:00",232869,12.7,15.9,750.6,15.16,78.3
"2023-02-21 06:45:00",232870,12.73,15.9,750.7,15.51,70.99
"2023-02-21 06:50:00",232871,12.78,15.96,750.7,15.38,75.55
"2023-02-21 06:55:00",232872,12.85,16.03,750.8,15.19,76.69
"2023-02-21 07:00:00",232873,13.05,16.17,750.9,15.9,74.66
"2023-02-21 07:05:00",232874,13.35,16.44,750.9,16.44,69.55
"2023-02-21 07:10:00",232875,13.49,16.71,751,16.77,64.9
"2023-02-21 07:15:00",232876,13.67,17.17,751,17.57,61.2
"2023-02-21 07:20:00",232877,13.73,17.74,751,18.11,58.72
"2023-02-21 07:25:00",232878,13.84,18.51,751.1,19.02,56.7
"2023-02-21 07:30:00",232879,13.41,19.13,751.1,19.49,53.38
"2023-02-21 07:35:00",232880,13.45,19.15,751.2,18.03,57.34
"2023-02-21 07:40:00",232881,13.76,20.25,751.2,18.1,58.3
"2023-02-21 07:45:00",232882,13.65,21.08,751.3,18.86,56.55
"2023-02-21 07:50:00",232883,13.53,21.57,751.4,19.12,54.69
"2023-02-21 07:55:00",232884,13.57,20.93,751.5,18.75,56.48
"2023-02-21 08:00:00",232885,13.7,22.08,751.5,19.18,54.54
"2023-02-21 08:05:00",232886,13.7,22.85,751.5,19.81,52.4
"2023-02-21 08:10:00",232887,13.68,23.45,751.5,20.31,50.06
"2023-02-21 08:15:00",232888,13.68,24.05,751.6,20.51,48.96
"2023-02-21 08:20:00",232889,13.65,24.6,751.6,20.31,50.31
"2023-02-21 08:25:00",232890,13.65,25.17,751.6,20.37,49.76
"2023-02-21 08:30:00",232891,13.62,25.7,751.6,19.64,52.19
"2023-02-21 08:35:00",232892,13.62,26.14,751.6,19.86,51.72
"2023-02-21 08:40:00",232893,13.63,26.59,751.7,20.71,49.42
"2023-02-21 08:45:00",232894,13.6,27.06,751.7,20.84,49.35
"2023-02-21 08:50:00",232895,13.6,27.49,751.7,21.14,50.02
"2023-02-21 08:55:00",232896,13.6,27.97,751.7,20.78,49.43
"2023-02-21 09:00:00",232897,13.58,28.36,751.7,20.9,48.88
"2023-02-21 09:05:00",232898,13.58,28.64,751.8,20.27,51.47
"2023-02-21 09:10:00",232899,13.58,28.86,751.8,20.89,50.93
"2023-02-21 09:15:00",232900,13.55,29.06,751.9,21.11,48.84
"2023-02-21 09:20:00",232901,13.55,29.24,751.9,21.73,47.15
"2023-02-21 09:25:00",232902,13.55,29.55,751.9,20.86,49.07
"2023-02-21 09:30:00",232903,13.55,29.85,751.9,20.81,50.95
"2023-02-21 09:35:00",232904,13.53,30.1,751.9,21.08,49.54
"2023-02-21 09:40:00",232905,13.53,30.22,751.8,21.11,48.94
"2023-02-21 09:45:00",232906,13.53,30.4,751.9,21.69,47.4
"2023-02-21 09:50:00",232907,13.53,30.62,751.8,21.47,47.11
"2023-02-21 09:55:00",232908,13.53,30.83,751.8,22.11,45.79
"2023-02-21 10:00:00",232909,13.53,31.11,751.7,21.77,45.84
"2023-02-21 10:05:00",232910,13.53,31.36,751.7,22.36,44.95
"2023-02-21 10:10:00",232911,13.51,31.58,751.6,20.68,49.1
"2023-02-21 10:15:00",232912,13.51,31.75,751.6,21.82,43.83
"2023-02-21 10:20:00",232913,13.51,31.91,751.6,21.87,44.86
"2023-02-21 10:25:00",232914,13.51,32.03,751.6,22.43,43.48
"2023-02-21 10:30:00",232915,13.51,32.22,751.6,23.11,42.04
"2023-02-21 10:35:00",232916,13.48,32.43,751.5,22.51,42.94
"2023-02-21 10:40:00",232917,13.49,32.59,751.5,22.97,42.83
"2023-02-21 10:45:00",232918,13.49,32.77,751.4,22.65,42.31
"2023-02-21 10:50:00",232919,13.48,32.84,751.4,21.75,45.62
"2023-02-21 10:55:00",232920,13.49,32.79,751.4,22.28,43.11
"2023-02-21 11:00:00",232921,13.49,32.72,751.3,22.39,43.31
"2023-02-21 11:05:00",232922,13.49,32.73,751.2,23.32,39.97
"2023-02-21 11:10:00",232923,13.49,32.85,751.2,23.32,39.52
"2023-02-21 11:15:00",232924,13.49,32.97,751.1,22.75,41.05
"2023-02-21 11:20:00",232925,13.49,33.02,751.1,24.09,39.99
"2023-02-21 11:25:00",232926,13.49,33.18,751,24.14,39.41
"2023-02-21 11:30:00",232927,13.49,33.31,750.9,22.39,42.47
"2023-02-21 11:35:00",232928,13.49,33.29,750.9,23.43,41.16
"2023-02-21 11:40:00",232929,13.47,33.25,750.9,23.49,38.55
"2023-02-21 11:45:00",232930,13.46,33.28,750.8,24.17,37.83
"2023-02-21 11:50:00",232931,13.46,33.46,750.8,23.82,35.85
"2023-02-21 11:55:00",232932,13.47,33.57,750.7,24.59,36.05
"2023-02-21 12:00:00",232933,13.47,33.75,750.7,24.24,35.46
"2023-02-21 12:05:00",232934,13.47,33.91,750.5,24.6,35.09
"2023-02-21 12:10:00",232935,13.47,33.94,750.5,23.68,38.11
"2023-02-21 12:15:00",232936,13.47,33.93,750.4,24.15,34.71
"2023-02-21 12:20:00",232937,13.47,33.8,750.3,24.39,33.94
"2023-02-21 12:25:00",232938,13.47,33.75,750.2,24.77,32.43
"2023-02-21 12:30:00",232939,13.47,33.82,750.2,25.4,29.49
"2023-02-21 12:35:00",232940,13.47,33.94,750.1,24.82,30.11
"2023-02-21 12:40:00",232941,13.47,34.01,750,25.11,32.06
"2023-02-21 12:45:00",232942,13.47,34.02,749.9,24.97,31.85
"2023-02-21 12:50:00",232943,13.47,33.96,749.8,24.74,33.27
"2023-02-21 12:55:00",232944,13.47,33.89,749.7,25.08,32.06
"2023-02-21 13:00:00",232945,13.47,33.87,749.6,25.28,31.94
"2023-02-21 13:05:00",232946,13.47,33.91,749.4,26.51,30.22
"2023-02-21 13:10:00",232947,13.47,33.97,749.4,25.41,31.82
"2023-02-21 13:15:00",232948,13.47,33.93,749.2,25.01,33.06
"2023-02-21 13:20:00",232949,13.47,33.82,749.1,25.82,33.13
"2023-02-21 13:25:00",232950,13.47,33.7,749,25.51,32.63
"2023-02-21 13:30:00",232951,13.47,33.66,748.9,26.64,30.23
"2023-02-21 13:35:00",232952,13.47,33.7,748.8,26.43,31.36
"2023-02-21 13:40:00",232953,13.47,33.87,748.7,27.49,29.86
"2023-02-21 13:45:00",232954,13.47,34.1,748.6,27.09,30.07
"2023-02-21 13:50:00",232955,13.45,34.26,748.5,26.19,32.69
"2023-02-21 13:55:00",232956,13.45,34.33,748.4,26.19,32.63
"2023-02-21 14:00:00",232957,13.45,34.33,748.4,25.43,34.63
"2023-02-21 14:05:00",232958,13.45,34.2,748.3,26.1,33.16
"2023-02-21 14:10:00",232959,13.45,34.09,748.2,25.67,32.92
"2023-02-21 14:15:00",232960,13.45,33.96,748.1,25.97,32.67
"2023-02-21 14:20:00",232961,13.45,33.87,748.1,26.68,30.37
"2023-02-21 14:25:00",232962,13.45,33.88,748,27.13,30.54
"2023-02-21 14:30:00",232963,13.45,34.06,748,27.81,28.49
"2023-02-21 14:35:00",232964,13.45,34.29,747.9,27,29.72
"2023-02-21 14:40:00",232965,13.45,34.55,747.8,28.05,29.39
"2023-02-21 14:45:00",232966,13.45,34.71,747.7,26.2,34.97
"2023-02-21 14:50:00",232967,13.45,34.55,747.6,24.77,39.41
"2023-02-21 14:55:00",232968,13.45,34.02,747.6,24.31,40.15
"2023-02-21 15:00:00",232969,13.45,33.41,747.5,24.23,37.87
"2023-02-21 15:05:00",232970,13.45,32.7,747.7,23,39.94
"2023-02-21 15:10:00",232971,13.45,31.96,747.6,22.85,38.03
"2023-02-21 15:15:00",232972,13.45,31.31,747.4,23.19,36.58
"2023-02-21 15:20:00",232973,13.47,30.77,747.3,23.41,35.71
"2023-02-21 15:25:00",232974,13.47,30.28,747.5,22.97,38.63
"2023-02-21 15:30:00",232975,13.47,29.89,747.3,22.78,38.41
"2023-02-21 15:35:00",232976,13.5,29.56,747.4,23.02,36.72
"2023-02-21 15:40:00",232977,13.5,29.32,747.3,23.45,36.04
"2023-02-21 15:45:00",232978,13.5,29.21,747.1,24.03,35.44
"2023-02-21 15:50:00",232979,13.5,29.2,747.1,24,33.94
"2023-02-21 15:55:00",232980,13.5,29.31,747,24.55,32.78
"2023-02-21 16:00:00",232981,13.5,29.52,746.9,24.86,32.37
"2023-02-21 16:05:00",232982,13.5,29.77,746.9,25.01,32.59
"2023-02-21 16:10:00",232983,13.5,29.99,746.7,25.09,32.06
"2023-02-21 16:15:00",232984,13.5,30.17,746.8,24.35,32.09
"2023-02-21 16:20:00",232985,13.5,30.29,746.7,25.4,31.38
"2023-02-21 16:25:00",232986,13.5,30.52,746.7,25.01,31.71
"2023-02-21 16:30:00",232987,13.5,30.68,746.6,24.25,33.06
"2023-02-21 16:35:00",232988,13.5,30.63,746.6,24.33,32.56
"2023-02-21 16:40:00",232989,13.5,30.54,746.6,24.82,31.03
"2023-02-21 16:45:00",232990,13.5,30.57,746.5,25.22,31.06
"2023-02-21 16:50:00",232991,13.5,30.71,746.6,25.53,29.26
"2023-02-21 16:55:00",232992,13.5,30.85,746.5,24.92,28.06
"2023-02-21 17:00:00",232993,13.5,30.93,746.5,25.36,28.29
"2023-02-21 17:05:00",232994,13.5,31,746.5,24.93,28.33
"2023-02-21 17:10:00",232995,13.5,30.96,746.5,25.34,29.18
"2023-02-21 17:15:00",232996,13.49,30.92,746.5,25.51,27.42
"2023-02-21 17:20:00",232997,13.5,30.92,746.5,25.41,28.23
"2023-02-21 17:25:00",232998,13.5,30.85,746.4,25.16,28.28
"2023-02-21 17:30:00",232999,13.5,30.76,746.4,25.08,29.02
"2023-02-21 17:35:00",233000,13.5,30.64,746.5,25.02,28.03
"2023-02-21 17:40:00",233001,13.5,30.47,746.5,24.77,29.03
"2023-02-21 17:45:00",233002,13.5,30.27,746.5,24.63,29.39
"2023-02-21 17:50:00",233003,13.5,29.95,746.6,24.49,29.99
"2023-02-21 17:55:00",233004,13.5,29.68,746.6,24.81,28.79
"2023-02-21 18:00:00",233005,13.49,29.44,746.6,24.76,31.02
"2023-02-21 18:05:00",233006,13.49,29.21,746.7,24.63,31.08
"2023-02-21 18:10:00",233007,13.47,28.68,746.7,24.28,32.72
"2023-02-21 18:15:00",233008,13.41,28.08,746.6,24.06,33.41
"2023-02-21 18:20:00",233009,13.33,27.67,746.8,23.88,34.09
"2023-02-21 18:25:00",233010,13.24,27.32,746.8,23.74,35.51
"2023-02-21 18:30:00",233011,13.16,27.03,746.8,23.76,35.94
"2023-02-21 18:35:00",233012,13.08,26.78,746.8,23.66,36.46
"2023-02-21 18:40:00",233013,13.01,26.52,746.9,23.54,36.25
"2023-02-21 18:45:00",233014,12.95,26.29,746.9,23.31,37.48
"2023-02-21 18:50:00",233015,12.92,26.06,747,23.1,38.58
"2023-02-21 18:55:00",233016,12.9,25.81,747.1,23.13,38.74
"2023-02-21 19:00:00",233017,12.89,25.56,747.1,22.81,40.18
"2023-02-21 19:05:00",233018,12.89,25.35,747.2,22.9,39.63
"2023-02-21 19:10:00",233019,12.88,25.17,747.2,22.85,39.6
"2023-02-21 19:15:00",233020,12.88,25.01,747.3,22.66,40.16
"2023-02-21 19:20:00",233021,12.87,24.84,747.3,22.57,41.17
"2023-02-21 19:25:00",233022,12.87,24.68,747.4,22.17,43.1
"2023-02-21 19:30:00",233023,12.87,24.5,747.5,21.83,44.47
"2023-02-21 19:35:00",233024,12.86,24.32,747.6,21.65,43.68
"2023-02-21 19:40:00",233025,12.86,24.13,747.7,21.54,43.99
"2023-02-21 19:45:00",233026,12.86,23.93,747.7,21.57,44.31
"2023-02-21 19:50:00",233027,12.86,23.77,747.8,21.33,46.49
"2023-02-21 19:55:00",233028,12.86,23.6,747.9,21.22,46.79
"2023-02-21 20:00:00",233029,12.85,23.45,748,20.88,48.21
"2023-02-21 20:05:00",233030,12.85,23.28,748,20.67,48.53
"2023-02-21 20:10:00",233031,12.85,23.15,748.1,20.71,48.48
"2023-02-21 20:15:00",233032,12.85,23.05,748.2,20.67,48.03
"2023-02-21 20:20:00",233033,12.85,22.95,748.3,20.63,48.18
"2023-02-21 20:25:00",233034,12.85,22.85,748.3,20.61,47.58
"2023-02-21 20:30:00",233035,12.84,22.76,748.4,20.53,47.76
"2023-02-21 20:35:00",233036,12.84,22.66,748.4,20.54,47.09
"2023-02-21 20:40:00",233037,12.84,22.51,748.5,20.51,47.38
"2023-02-21 20:45:00",233038,12.84,22.4,748.5,20.54,46.87
"2023-02-21 20:50:00",233039,12.84,22.27,748.7,20.53,46.93
"2023-02-21 20:55:00",233040,12.84,22.19,748.7,20.3,47.57
"2023-02-21 21:00:00",233041,12.84,22.08,748.8,20.07,48.24
"2023-02-21 21:05:00",233042,12.83,21.98,748.8,19.95,48.69
"2023-02-21 21:10:00",233043,12.83,21.9,748.9,19.97,48.51
"2023-02-21 21:15:00",233044,12.83,21.84,749,19.93,48.69
"2023-02-21 21:20:00",233045,12.83,21.8,749.1,19.86,49.28
"2023-02-21 21:25:00",233046,12.83,21.77,749.2,19.74,50.8
"2023-02-21 21:30:00",233047,12.83,21.71,749.3,19.74,51.55
"2023-02-21 21:35:00",233048,12.83,21.66,749.4,19.67,50.88
"2023-02-21 21:40:00",233049,12.83,21.58,749.4,19.58,50.97
"2023-02-21 21:45:00",233050,12.82,21.52,749.5,19.49,51.11
"2023-02-21 21:50:00",233051,12.82,21.46,749.6,19.52,50.86
"2023-02-21 21:55:00",233052,12.82,21.39,749.6,19.48,50.83
"2023-02-21 22:00:00",233053,12.82,21.34,749.7,19.26,52.26
"2023-02-21 22:05:00",233054,12.82,21.27,749.8,19.14,52.12
"2023-02-21 22:10:00",233055,12.82,21.19,749.8,19.21,51.57
"2023-02-21 22:15:00",233056,12.82,21.14,749.9,19.31,50.8
"2023-02-21 22:20:00",233057,12.81,21.1,749.9,19.31,50.74
"2023-02-21 22:25:00",233058,12.81,21.08,749.9,19.26,51.17
"2023-02-21 22:30:00",233059,12.81,21.07,749.9,19.17,50.85
"2023-02-21 22:35:00",233060,12.81,21.04,749.9,19.1,50.9
"2023-02-21 22:40:00",233061,12.81,21,750,19.01,51.33
"2023-02-21 22:45:00",233062,12.81,20.92,750,18.88,50.44
"2023-02-21 22:50:00",233063,12.81,20.87,750,18.92,50.25
"2023-02-21 22:55:00",233064,12.81,20.82,750.1,18.83,50.68
"2023-02-21 23:00:00",233065,12.81,20.75,750.1,18.83,50.55
"2023-02-21 23:05:00",233066,12.81,20.7,750.1,18.88,49.28
"2023-02-21 23:10:00",233067,12.8,20.65,750.2,18.96,48.94
"2023-02-21 23:15:00",233068,12.8,20.5,750.2,18.79,49.23
"2023-02-21 23:20:00",233069,12.8,20.41,750.3,18.75,47.28
"2023-02-21 23:25:00",233070,12.8,20.34,750.3,18.63,48.3
"2023-02-21 23:30:00",233071,12.8,20.26,750.4,18.53,48.32
"2023-02-21 23:35:00",233072,12.8,20.17,750.4,18.44,48.37
"2023-02-21 23:40:00",233073,12.8,20.13,750.4,18.43,48.12
"2023-02-21 23:45:00",233074,12.8,20.01,750.4,18.42,48.31
"2023-02-21 23:50:00",233075,12.8,19.95,750.5,18.4,47.96
"2023-02-21 23:55:00",233076,12.8,19.91,750.5,18.43,47.93
"2023-02-22 00:00:00",233077,12.8,19.89,750.5,18.36,49.08
"2023-02-22 00:05:00",233078,12.79,19.9,750.6,18.36,48.46
"2023-02-22 00:10:00",233079,12.79,19.91,750.6,18.44,48.25
"2023-02-22 00:15:00",233080,12.79,19.95,750.5,18.43,48.5
"2023-02-22 00:20:00",233081,12.79,19.95,750.6,18.31,48.92
"2023-02-22 00:25:00",233082,12.79,19.96,750.5,18.36,49.62
"2023-02-22 00:30:00",233083,12.79,19.95,750.5,18.62,48.58
"2023-02-22 00:35:00",233084,12.79,19.97,750.6,18.7,48.09
"2023-02-22 00:40:00",233085,12.79,19.98,750.5,18.65,48.78
"2023-02-22 00:45:00",233086,12.79,19.98,750.5,18.78,48.04
"2023-02-22 00:50:00",233087,12.78,19.98,750.4,18.85,47.92
"2023-02-22 00:55:00",233088,12.78,19.96,750.4,18.71,47.93
"2023-02-22 01:00:00",233089,12.78,19.95,750.4,18.67,48.37
"2023-02-22 01:05:00",233090,12.78,19.94,750.4,18.55,49.08
"2023-02-22 01:10:00",233091,12.78,19.93,750.3,18.37,50.37
"2023-02-22 01:15:00",233092,12.78,19.89,750.2,18.15,50.58
"2023-02-22 01:20:00",233093,12.78,19.84,750.1,18.12,50.89
"2023-02-22 01:25:00",233094,12.77,19.78,750.1,18.04,51.07
"2023-02-22 01:30:00",233095,12.77,19.68,750.2,17.91,52.54
"2023-02-22 01:35:00",233096,12.77,19.59,750.2,17.83,53.58
"2023-02-22 01:40:00",233097,12.77,19.55,750.2,17.74,54.7
"2023-02-22 01:45:00",233098,12.77,19.49,750.2,17.71,55.1
"2023-02-22 01:50:00",233099,12.77,19.43,750.2,17.84,54.9
"2023-02-22 01:55:00",233100,12.76,19.39,750.1,17.87,54.94
"2023-02-22 02:00:00",233101,12.76,19.36,750.1,17.77,56.02
"2023-02-22 02:05:00",233102,12.76,19.32,750.1,17.66,56.28
"2023-02-22 02:10:00",233103,12.76,19.23,750.1,17.65,55.39
"2023-02-22 02:15:00",233104,12.76,19.17,750.2,17.72,55.68
"2023-02-22 02:20:00",233105,12.76,19.12,750.2,17.74,55.87
"2023-02-22 02:25:00",233106,12.76,19.09,750.1,17.76,55.32
"2023-02-22 02:30:00",233107,12.75,19.09,750.1,17.79,56.24
"2023-02-22 02:35:00",233108,12.75,19.04,750.1,17.63,57.65
"2023-02-22 02:40:00",233109,12.75,19.04,750.1,17.63,57.92
"2023-02-22 02:45:00",233110,12.75,19,750.1,17.64,58.71
"2023-02-22 02:50:00",233111,12.74,18.98,750.1,17.61,58.86
"2023-02-22 02:55:00",233112,12.74,18.98,750.1,17.63,58.71
"2023-02-22 03:00:00",233113,12.74,18.98,750.1,17.6,59.43
"2023-02-22 03:05:00",233114,12.74,18.99,750.1,17.56,59.94
"2023-02-22 03:10:00",233115,12.74,18.99,750,17.5,60.98
"2023-02-22 03:15:00",233116,12.73,18.98,750,17.37,61.73
"2023-02-22 03:20:00",233117,12.73,18.98,750,17.33,62.03
"2023-02-22 03:25:00",233118,12.73,18.99,750,17.29,61.15
"2023-02-22 03:30:00",233119,12.73,18.98,750,17.32,60.44
"2023-02-22 03:35:00",233120,12.73,18.98,750,17.41,59.97
"2023-02-22 03:40:00",233121,12.73,19,750.1,17.38,60.27
"2023-02-22 03:45:00",233122,12.72,18.98,750.1,17.31,61.01
"2023-02-22 03:50:00",233123,12.72,19,750.1,17.35,61.16
"2023-02-22 03:55:00",233124,12.72,18.99,750.2,17.21,62.73
"2023-02-22 04:00:00",233125,12.72,18.99,750.2,17.03,64.83
"2023-02-22 04:05:00",233126,12.71,18.97,750.2,16.84,66.74
"2023-02-22 04:10:00",233127,12.71,18.93,750.4,16.67,67.96
"2023-02-22 04:15:00",233128,12.71,18.85,750.4,16.5,69.36
"2023-02-22 04:20:00",233129,12.71,18.76,750.5,16.1,72.68
"2023-02-22 04:25:00",233130,12.7,18.64,750.6,15.89,74.69
"2023-02-22 04:30:00",233131,12.7,18.51,750.6,15.56,76.54
"2023-02-22 04:35:00",233132,12.7,18.35,750.6,15.1,79.13
"2023-02-22 04:40:00",233133,12.69,18.13,750.7,14.65,82.7
"2023-02-22 04:45:00",233134,12.69,17.92,750.7,14.3,83.7
"2023-02-22 04:50:00",233135,12.69,17.67,750.7,14.24,84
"2023-02-22 04:55:00",233136,12.7,17.47,750.8,14.17,84
"2023-02-22 05:00:00",233137,12.7,17.26,750.9,14.2,84.3
"2023-02-22 05:05:00",233138,12.7,17.08,750.9,13.75,86.5
"2023-02-22 05:10:00",233139,12.69,16.84,751,13.52,90
"2023-02-22 05:15:00",233140,12.69,16.56,751.1,13.55,89.6
"2023-02-22 05:20:00",233141,12.69,16.18,751.2,13.49,90.4
"2023-02-22 05:25:00",233142,12.69,15.9,751.2,13.51,90.6
"2023-02-22 05:30:00",233143,12.68,15.67,751.2,13.54,91.6
"2023-02-22 05:35:00",233144,12.68,15.52,751.2,13.66,92.7
"2023-02-22 05:40:00",233145,12.68,15.43,751.2,13.45,91
"2023-02-22 05:45:00",233146,12.67,15.32,751.2,13.53,91.5
"2023-02-22 05:50:00",233147,12.67,15.24,751.2,13.45,91.6
"2023-02-22 05:55:00",233148,12.67,15.18,751.2,13.53,91
"2023-02-22 06:00:00",233149,12.66,15.1,751.3,13.62,91.8
"2023-02-22 06:05:00",233150,12.66,15.05,751.4,13.53,91.1
"2023-02-22 06:10:00",233151,12.66,15.03,751.4,13.55,90.9
"2023-02-22 06:15:00",233152,12.65,15.04,751.5,13.65,91
"2023-02-22 06:20:00",233153,12.65,15.08,751.5,13.8,91
"2023-02-22 06:25:00",233154,12.66,15.1,751.6,14.07,92.1
"2023-02-22 06:30:00",233155,12.65,15.14,751.6,14.17,91.4
"2023-02-22 06:35:00",233156,12.66,15.17,751.7,14.25,92
"2023-02-22 06:40:00",233157,12.68,15.26,751.7,14.21,91.8
"2023-02-22 06:45:00",233158,12.69,15.35,751.8,14.09,90
"2023-02-22 06:50:00",233159,12.7,15.39,751.9,14.16,90
"2023-02-22 06:55:00",233160,12.72,15.45,751.9,14.26,90.7
"2023-02-22 07:00:00",233161,12.75,15.52,752,14.44,91.2
"2023-02-22 07:05:00",233162,12.81,15.58,752.1,14.46,90.8
"2023-02-22 07:10:00",233163,12.96,15.7,752.1,14.73,90.5
"2023-02-22 07:15:00",233164,13.17,15.93,752.2,14.88,90
"2023-02-22 07:20:00",233165,13.35,16.15,752.3,15.22,89
"2023-02-22 07:25:00",233166,13.7,16.45,752.4,15.29,88.6
"2023-02-22 07:30:00",233167,13.81,17.92,752.5,16.39,82.7
"2023-02-22 07:35:00",233168,13.79,18.85,752.5,17.59,76.51
"2023-02-22 07:40:00",233169,13.76,19.59,752.5,18.78,72.86
"2023-02-22 07:45:00",233170,13.76,20.25,752.5,19.03,69.1
"2023-02-22 07:50:00",233171,13.73,20.96,752.6,19.24,67.31
"2023-02-22 07:55:00",233172,13.73,21.61,752.6,17.6,71.65
"2023-02-22 08:00:00",233173,13.7,22.17,752.6,18.39,69.6
"2023-02-22 08:05:00",233174,13.7,22.35,752.7,18.44,67.5
"2023-02-22 08:10:00",233175,13.68,22.69,752.7,17.98,68.5
"2023-02-22 08:15:00",233176,13.68,22.83,752.7,17.35,73.13
"2023-02-22 08:20:00",233177,13.68,23.1,752.8,18.05,70.35
"2023-02-22 08:25:00",233178,13.68,23.44,752.8,19.64,64
"2023-02-22 08:30:00",233179,13.68,23.95,752.8,20.2,62.11
"2023-02-22 08:35:00",233180,13.65,24.5,752.8,19.73,64.79
"2023-02-22 08:40:00",233181,13.65,25.07,752.8,20.03,62.02
"2023-02-22 08:45:00",233182,13.63,25.64,752.8,20.5,61.77
"2023-02-22 08:50:00",233183,13.63,26.23,752.8,21.34,57.6
"2023-02-22 08:55:00",233184,13.6,26.74,752.8,19.98,60.9
"2023-02-22 09:00:00",233185,13.6,26.97,752.8,19.48,63.79
"2023-02-22 09:05:00",233186,13.6,27.04,752.8,20.03,62.23
"2023-02-22 09:10:00",233187,13.6,27.13,752.8,20.42,60.48
"2023-02-22 09:15:00",233188,13.6,27.23,752.9,19.48,62.68
"2023-02-22 09:20:00",233189,13.6,27.42,752.9,20.44,57.41
"2023-02-22 09:25:00",233190,13.58,27.84,752.8,22.02,50.54
"2023-02-22 09:30:00",233191,13.58,28.47,752.9,21.66,51.09
"2023-02-22 09:35:00",233192,13.58,29.06,752.8,21.88,49.77
"2023-02-22 09:40:00",233193,13.55,29.61,752.8,21.83,48.94
"2023-02-22 09:45:00",233194,13.55,30.1,752.9,21.91,49.58
"2023-02-22 09:50:00",233195,13.53,30.46,752.9,20.34,54.19
"2023-02-22 09:55:00",233196,13.53,30.59,752.8,21.1,51.67
"2023-02-22 10:00:00",233197,13.53,30.61,752.8,21,51.57
"2023-02-22 10:05:00",233198,13.53,30.63,752.7,22.23,49.27
"2023-02-22 10:10:00",233199,13.53,30.81,752.6,22.31,48.11
"2023-02-22 10:15:00",233200,13.53,31.08,752.6,21.43,49.45
"2023-02-22 10:20:00",233201,13.53,31.27,752.6,21.44,50.43
"2023-02-22 10:25:00",233202,13.51,31.48,752.6,21.8,49.91
"2023-02-22 10:30:00",233203,13.51,31.77,752.5,22.06,48.3
"2023-02-22 10:35:00",233204,13.51,32.05,752.4,21.27,49.31
"2023-02-22 10:40:00",233205,13.51,32.15,752.5,21.86,47.23
"2023-02-22 10:45:00",233206,13.51,32.26,752.4,23.32,45.07
"2023-02-22 10:50:00",233207,13.49,32.57,752.4,24.79,42.19
"2023-02-22 10:55:00",233208,13.48,33.03,752.4,22.78,45.33
"2023-02-22 11:00:00",233209,13.49,33.37,752.3,23.21,45.15
"2023-02-22 11:05:00",233210,13.49,33.62,752.3,23.09,44.46
"2023-02-22 11:10:00",233211,13.46,33.63,752.2,22.41,47.39
"2023-02-22 11:15:00",233212,13.46,33.5,752.2,22.92,44.86
"2023-02-22 11:20:00",233213,13.46,33.38,752.1,22.45,47.27
"2023-02-22 11:25:00",233214,13.46,33.23,752,23.28,45.55
"2023-02-22 11:30:00",233215,13.47,32.99,752,24.1,43.12
"2023-02-22 11:35:00",233216,13.47,32.96,752,23.14,44.6
"2023-02-22 11:40:00",233217,13.47,33.03,751.9,24.24,42.68
"2023-02-22 11:45:00",233218,13.47,33.23,751.8,24.11,41.37
"2023-02-22 11:50:00",233219,13.47,33.3,751.7,23.99,41.42
"2023-02-22 11:55:00",233220,13.47,33.4,751.6,24.23,40.53
"2023-02-22 12:00:00",233221,13.47,33.47,751.6,24.25,38.66
"2023-02-22 12:05:00",233222,13.47,33.34,751.4,23.33,41.48
"2023-02-22 12:10:00",233223,13.47,33.18,751.4,23.74,39.69
"2023-02-22 12:15:00",233224,13.47,33.17,751.3,24.52,38.66
"2023-02-22 12:20:00",233225,13.47,33.3,751.2,25.18,37.01
"2023-02-22 12:25:00",233226,13.47,33.47,751.1,25.17,36.71
"2023-02-22 12:30:00",233227,13.47,33.46,751,24.54,38.06
"2023-02-22 12:35:00",233228,13.47,33.35,751,23.77,40.29
"2023-02-22 12:40:00",233229,13.47,33.2,750.9,25.22,37.08
"2023-02-22 12:45:00",233230,13.47,33.21,750.9,25.52,37.11
"2023-02-22 12:50:00",233231,13.47,33.36,750.7,24.58,38.17
"2023-02-22 12:55:00",233232,13.47,33.44,750.6,24.19,39.05
"2023-02-22 13:00:00",233233,13.47,33.33,750.5,23.49,41.2
"2023-02-22 13:05:00",233234,13.47,33.12,750.4,24.82,38.62
"2023-02-22 13:10:00",233235,13.47,33.04,750.2,25.98,38.01
"2023-02-22 13:15:00",233236,13.47,33.06,750,24.7,36.63
"2023-02-22 13:20:00",233237,13.47,32.96,750,24.36,41.98
"2023-02-22 13:25:00",233238,13.47,32.75,749.9,24.15,41.83
"2023-02-22 13:30:00",233239,13.47,32.5,749.8,24.61,43.15
"2023-02-22 13:35:00",233240,13.47,32.32,749.8,24.72,39.67
"2023-02-22 13:40:00",233241,13.47,32.2,749.7,24.31,40.61
"2023-02-22 13:45:00",233242,13.47,32.1,749.7,24.29,38.57
"2023-02-22 13:50:00",233243,13.47,32.01,749.6,23.98,39.88
"2023-02-22 13:55:00",233244,13.47,31.87,749.4,24.65,37.68
"2023-02-22 14:00:00",233245,13.47,31.81,749.3,24.61,36.52
"2023-02-22 14:05:00",233246,13.47,31.78,749.2,25.76,33.79
"2023-02-22 14:10:00",233247,13.47,31.85,749.2,26.16,33.36
"2023-02-22 14:15:00",233248,13.47,31.98,749.1,26.46,33.05
"2023-02-22 14:20:00",233249,13.47,32.13,749,25.88,35.31
"2023-02-22 14:25:00",233250,13.47,32.18,748.9,25.13,36.7
"2023-02-22 14:30:00",233251,13.47,32.09,748.8,24.31,36.46
"2023-02-22 14:35:00",233252,13.47,31.87,748.8,24.86,35.25
"2023-02-22 14:40:00",233253,13.47,31.64,748.9,24.09,37.16
"2023-02-22 14:45:00",233254,13.47,31.43,748.8,24.31,36.59
"2023-02-22 14:50:00",233255,13.47,31.21,748.8,23.85,37.53
"2023-02-22 14:55:00",233256,13.47,30.99,748.7,24.58,36.15
"2023-02-22 15:00:00",233257,13.47,30.84,748.6,24.65,36.69
"2023-02-22 15:05:00",233258,13.47,30.75,748.6,24.83,36.51
"2023-02-22 15:10:00",233259,13.47,30.73,748.6,24.16,36.84
"2023-02-22 15:15:00",233260,13.47,30.65,748.5,24.13,36.94
"2023-02-22 15:20:00",233261,13.47,30.58,748.6,24.03,35.7
"2023-02-22 15:25:00",233262,13.47,30.56,748.5,25.1,33.94
"2023-02-22 15:30:00",233263,13.47,30.6,748.5,24.7,33.5
"2023-02-22 15:35:00",233264,13.47,30.64,748.5,25.07,33.8
"2023-02-22 15:40:00",233265,13.47,30.7,748.4,25.4,34.7
"2023-02-22 15:45:00",233266,13.47,30.74,748.3,25.07,34.67
"2023-02-22 15:50:00",233267,13.47,30.75,748.3,25.16,34.54
"2023-02-22 15:55:00",233268,13.47,30.79,748.2,25.63,35.66
"2023-02-22 16:00:00",233269,13.47,30.88,748.1,25.16,37.4
"2023-02-22 16:05:00",233270,13.47,31,748.1,25.5,35.47
"2023-02-22 16:10:00",233271,13.47,31.16,748,25.7,35.93
"2023-02-22 16:15:00",233272,13.47,31.3,748,25.82,34.94
"2023-02-22 16:20:00",233273,13.47,31.5,748.1,25.57,34.85
"2023-02-22 16:25:00",233274,13.47,31.66,748.1,25.94,33.85
"2023-02-22 16:30:00",233275,13.48,31.76,748,26.16,32.93
"2023-02-22 16:35:00",233276,13.47,31.83,747.9,25.94,33.68
"2023-02-22 16:40:00",233277,13.47,31.88,747.9,25.92,33.41
"2023-02-22 16:45:00",233278,13.48,31.94,747.8,25.7,34.99
"2023-02-22 16:50:00",233279,13.48,31.95,748,25.27,34.35
"2023-02-22 16:55:00",233280,13.48,31.85,748,25.29,35.09
"2023-02-22 17:00:00",233281,13.47,31.72,748,25.5,35.58
"2023-02-22 17:05:00",233282,13.47,31.62,748,25.13,35.31
"2023-02-22 17:10:00",233283,13.47,31.44,748,24.93,35.99
"2023-02-22 17:15:00",233284,13.47,31.21,748,24.92,37.44
"2023-02-22 17:20:00",233285,13.47,30.95,748,24.4,36.53
"2023-02-22 17:25:00",233286,13.47,30.62,748,24.51,37.34
"2023-02-22 17:30:00",233287,13.47,30.29,748,24.25,37.91
"2023-02-22 17:35:00",233288,13.47,29.96,748,23.96,38.8
"2023-02-22 17:40:00",233289,13.5,29.64,748.1,23.83,40.1
"2023-02-22 17:45:00",233290,13.5,29.34,748.1,23.79,40.16
"2023-02-22 17:50:00",233291,13.5,29.04,748.2,23.64,40.47
"2023-02-22 17:55:00",233292,13.5,28.76,748.2,23.45,41.39
"2023-02-22 18:00:00",233293,13.52,28.43,748.2,23.42,41
"2023-02-22 18:05:00",233294,13.52,28.09,748.2,23,42.67
"2023-02-22 18:10:00",233295,13.54,27.72,748.3,23.14,42.79
"2023-02-22 18:15:00",233296,13.43,27.21,748.3,22.91,43.21
"2023-02-22 18:20:00",233297,13.31,26.86,748.3,22.73,43.77
"2023-02-22 18:25:00",233298,13.21,26.57,748.4,22.66,44.05
"2023-02-22 18:30:00",233299,13.11,26.27,748.4,22.58,44.92
"2023-02-22 18:35:00",233300,13.03,26,748.5,22.3,45.65
"2023-02-22 18:40:00",233301,12.97,25.73,748.7,22.09,46.01
"2023-02-22 18:45:00",233302,12.93,25.48,748.8,22.1,45.63
"2023-02-22 18:50:00",233303,12.91,25.28,748.9,22,44.75
"2023-02-22 18:55:00",233304,12.9,25.06,749,22.1,43.02
"2023-02-22 19:00:00",233305,12.89,24.84,749,22.15,43.03
"2023-02-22 19:05:00",233306,12.89,24.67,749,22.09,43.02
"2023-02-22 19:10:00",233307,12.89,24.5,749.1,21.84,44.47
"2023-02-22 19:15:00",233308,12.88,24.36,749.1,21.79,44.08
"2023-02-22 19:20:00",233309,12.88,24.24,749.1,21.58,44.76
"2023-02-22 19:25:00",233310,12.87,24.14,749.2,21.53,45.24
"2023-02-22 19:30:00",233311,12.87,24.03,749.2,21.52,44.82
"2023-02-22 19:35:00",233312,12.87,23.94,749.3,21.59,44.25
"2023-02-22 19:40:00",233313,12.87,23.85,749.3,21.59,43.93
"2023-02-22 19:45:00",233314,12.87,23.82,749.5,21.7,44.01
"2023-02-22 19:50:00",233315,12.86,23.81,749.6,21.79,44.85
"2023-02-22 19:55:00",233316,12.86,23.76,749.7,21.75,44.88
"2023-02-22 20:00:00",233317,12.86,23.71,749.7,21.66,45.54
"2023-02-22 20:05:00",233318,12.85,23.69,749.8,21.52,45.88
"2023-02-22 20:10:00",233319,12.85,23.64,749.9,21.36,45.06
"2023-02-22 20:15:00",233320,12.85,23.58,750,21.27,45.94
"2023-02-22 20:20:00",233321,12.85,23.49,750.1,21.22,46.09
"2023-02-22 20:25:00",233322,12.85,23.44,750.2,21.16,45.9
"2023-02-22 20:30:00",233323,12.85,23.37,750.3,21.13,45.8
"2023-02-22 20:35:00",233324,12.84,23.3,750.3,21.08,46.08
"2023-02-22 20:40:00",233325,12.84,23.22,750.4,20.96,46.25
"2023-02-22 20:45:00",233326,12.85,23.04,750.5,21.16,46.03
"2023-02-22 20:50:00",233327,12.84,22.94,750.5,21,45.5
"2023-02-22 20:55:00",233328,12.84,22.87,750.6,20.88,45.74
"2023-02-22 21:00:00",233329,12.84,22.81,750.7,20.83,46.37
"2023-02-22 21:05:00",233330,12.84,22.75,750.7,20.82,47.29
"2023-02-22 21:10:00",233331,12.84,22.67,750.7,20.82,46.17
"2023-02-22 21:15:00",233332,12.84,22.57,750.7,20.8,46.71
"2023-02-22 21:20:00",233333,12.84,22.47,750.8,20.82,46.46
"2023-02-22 21:25:00",233334,12.84,22.38,750.8,20.89,47.93
"2023-02-22 21:30:00",233335,12.84,22.29,750.8,20.7,48.32
"2023-02-22 21:35:00",233336,12.83,22.21,750.8,20.72,47.56
"2023-02-22 21:40:00",233337,12.83,22.14,750.9,20.69,49.17
"2023-02-22 21:45:00",233338,12.83,22.07,750.9,20.75,48.96
"2023-02-22 21:50:00",233339,12.83,21.98,751,20.56,49.88
"2023-02-22 21:55:00",233340,12.83,21.9,751.1,20.27,50.94
"2023-02-22 22:00:00",233341,12.83,21.8,751.2,20.23,50.18
"2023-02-22 22:05:00",233342,12.82,21.73,751.2,20.32,50.31
"2023-02-22 22:10:00",233343,12.82,21.69,751.4,20.3,50.25
"2023-02-22 22:15:00",233344,12.82,21.68,751.4,20.04,52.09
"2023-02-22 22:20:00",233345,12.82,21.67,751.5,19.83,53.24
"2023-02-22 22:25:00",233346,12.82,21.64,751.4,19.78,53.24
"2023-02-22 22:30:00",233347,12.82,21.59,751.5,19.73,52.98
"2023-02-22 22:35:00",233348,12.82,21.58,751.6,20.1,49.59
"2023-02-22 22:40:00",233349,12.82,21.59,751.5,20.3,49.62
"2023-02-22 22:45:00",233350,12.82,21.6,751.6,20.25,49.8
"2023-02-22 22:50:00",233351,12.82,21.63,751.6,20.08,51.13
"2023-02-22 22:55:00",233352,12.82,21.62,751.6,19.9,52.2
"2023-02-22 23:00:00",233353,12.82,21.59,751.5,19.82,52.46
"2023-02-22 23:05:00",233354,12.81,21.56,751.5,19.67,53.38
"2023-02-22 23:10:00",233355,12.82,21.48,751.5,19.62,53.28
"2023-02-22 23:15:00",233356,12.81,21.43,751.5,19.62,53.09
"2023-02-22 23:20:00",233357,12.81,21.41,751.5,19.6,53.21
"2023-02-22 23:25:00",233358,12.81,21.35,751.4,19.61,52.71
"2023-02-22 23:30:00",233359,12.81,21.26,751.3,19.7,52.17
"2023-02-22 23:35:00",233360,12.81,21.2,751.3,19.75,51.99
"2023-02-22 23:40:00",233361,12.81,21.15,751.4,19.71,52.33
"2023-02-22 23:45:00",233362,12.81,21.07,751.3,19.54,53.02
"2023-02-22 23:50:00",233363,12.8,20.98,751.3,19.46,53.56
"2023-02-22 23:55:00",233364,12.8,20.88,751.3,19.44,53.06
"2023-02-23 00:00:00",233365,12.8,20.76,751.3,19.43,52.66
"2023-02-23 00:05:00",233366,12.8,20.63,751.3,19.38,53.52
"2023-02-23 00:10:00",233367,12.8,20.5,751.3,19.11,55.3
"2023-02-23 00:15:00",233368,12.8,20.4,751.3,18.8,57.28
"2023-02-23 00:20:00",233369,12.8,20.3,751.4,18.63,57.5
"2023-02-23 00:25:00",233370,12.8,20.19,751.3,18.46,59.2
"2023-02-23 00:30:00",233371,12.79,20.04,751.3,18.31,59.09
"2023-02-23 00:35:00",233372,12.79,19.9,751.2,18.17,60.31
"2023-02-23 00:40:00",233373,12.79,19.75,751.2,18.09,61.04
"2023-02-23 00:45:00",233374,12.79,19.64,751.2,17.96,62.58
"2023-02-23 00:50:00",233375,12.79,19.51,751.2,17.76,63.62
"2023-02-23 00:55:00",233376,12.79,19.39,751.2,17.97,61.57
"2023-02-23 01:00:00",233377,12.78,19.28,751.2,18.32,58.15
"2023-02-23 01:05:00",233378,12.78,19.21,751.1,18.33,58.45
"2023-02-23 01:10:00",233379,12.78,19.17,751,18.22,58.13
"2023-02-23 01:15:00",233380,12.78,19.13,751,17.98,59.19
"2023-02-23 01:20:00",233381,12.78,19.08,751,17.83,59.59
"2023-02-23 01:25:00",233382,12.77,19.02,750.8,17.77,59.73
"2023-02-23 01:30:00",233383,12.77,18.95,750.8,17.71,59.69
"2023-02-23 01:35:00",233384,12.77,18.85,750.9,17.61,60.15
"2023-02-23 01:40:00",233385,12.77,18.78,750.8,17.71,59.57
"2023-02-23 01:45:00",233386,12.77,18.7,750.8,17.79,59.55
"2023-02-23 01:50:00",233387,12.77,18.67,750.7,17.71,59.24
"2023-02-23 01:55:00",233388,12.76,18.6,750.6,17.69,59.63
"2023-02-23 02:00:00",233389,12.76,18.55,750.6,17.71,59.51
"2023-02-23 02:05:00",233390,12.76,18.5,750.6,17.37,61.29
"2023-02-23 02:10:00",233391,12.76,18.4,750.6,16.99,63.04
"2023-02-23 02:15:00",233392,12.76,18.31,750.6,16.77,66.49
"2023-02-23 02:20:00",233393,12.76,18.12,750.5,16.63,67.7
"2023-02-23 02:25:00",233394,12.75,17.98,750.5,16.46,68.51
"2023-02-23 02:30:00",233395,12.75,17.85,750.5,16.41,68.91
"2023-02-23 02:35:00",233396,12.75,17.75,750.5,16.23,69.98
"2023-02-23 02:40:00",233397,12.75,17.58,750.5,16.06,70.7
"2023-02-23 02:45:00",233398,12.74,17.45,750.4,15.9,70.92
"2023-02-23 02:50:00",233399,12.74,17.32,750.4,15.89,70.6
"2023-02-23 02:55:00",233400,12.74,17.2,750.4,16.02,70.77
"2023-02-23 03:00:00",233401,12.74,17.1,750.3,15.97,71.05
"2023-02-23 03:05:00",233402,12.73,17.03,750.3,15.86,71.81
"2023-02-23 03:10:00",233403,12.73,16.96,750.3,15.88,72.41
"2023-02-23 03:15:00",233404,12.73,16.88,750.2,15.75,72.04
"2023-02-23 03:20:00",233405,12.73,16.83,750.2,15.75,71.47
"2023-02-23 03:25:00",233406,12.73,16.75,750.2,15.76,70.61
"2023-02-23 03:30:00",233407,12.72,16.69,750.1,15.64,70.62
"2023-02-23 03:35:00",233408,12.72,16.66,750.1,15.65,71.65
"2023-02-23 03:40:00",233409,12.72,16.58,750.1,15.52,73.25
"2023-02-23 03:45:00",233410,12.71,16.49,750.1,15.17,75.42
"2023-02-23 03:50:00",233411,12.71,16.4,750.1,14.68,77.54
"2023-02-23 03:55:00",233412,12.71,16.26,750.2,14.73,78.11
"2023-02-23 04:00:00",233413,12.71,16.15,750.2,14.6,76.85
"2023-02-23 04:05:00",233414,12.71,16.07,750.3,14.67,77.14
"2023-02-23 04:10:00",233415,12.7,15.98,750.3,14.8,76.44
"2023-02-23 04:15:00",233416,12.7,15.9,750.3,14.94,75.12
"2023-02-23 04:20:00",233417,12.7,15.86,750.4,15.16,72.55
"2023-02-23 04:25:00",233418,12.7,15.87,750.4,14.89,72.3
"2023-02-23 04:30:00",233419,12.69,15.87,750.4,14.81,72.18
"2023-02-23 04:35:00",233420,12.69,15.85,750.4,14.97,71.38
"2023-02-23 04:40:00",233421,12.69,15.86,750.5,15,71.04
"2023-02-23 04:45:00",233422,12.69,15.85,750.5,15.05,71.71
"2023-02-23 04:50:00",233423,12.68,15.82,750.4,15.01,72.84
"2023-02-23 04:55:00",233424,12.68,15.77,750.5,14.81,73.71
"2023-02-23 05:00:00",233425,12.68,15.71,750.4,14.69,74.82
"2023-02-23 05:05:00",233426,12.67,15.65,750.5,14.65,75.18
"2023-02-23 05:10:00",233427,12.67,15.5,750.5,14.66,74.33
"2023-02-23 05:15:00",233428,12.67,15.42,750.5,14.65,73.68
"2023-02-23 05:20:00",233429,12.67,15.37,750.6,14.56,76.73
"2023-02-23 05:25:00",233430,12.67,15.34,750.6,14.1,78.91
"2023-02-23 05:30:00",233431,12.66,15.28,750.6,14.03,79.18
"2023-02-23 05:35:00",233432,12.66,15.22,750.6,14.07,78.63
"2023-02-23 05:40:00",233433,12.66,15.18,750.7,14.19,77.93
"2023-02-23 05:45:00",233434,12.65,15.13,750.6,14.33,77.57
"2023-02-23 05:50:00",233435,12.65,15.09,750.6,14.43,75.98
"2023-02-23 05:55:00",233436,12.65,15.07,750.7,14.69,74.84
"2023-02-23 06:00:00",233437,12.64,15.06,750.8,14.98,73.2
"2023-02-23 06:05:00",233438,12.64,15.08,750.9,15.1,72.8
"2023-02-23 06:10:00",233439,12.64,15.11,750.9,14.79,74.5
"2023-02-23 06:15:00",233440,12.64,15.12,751,14.15,79.09
"2023-02-23 06:20:00",233441,12.63,15.16,751.1,13.87,80.7
"2023-02-23 06:25:00",233442,12.64,15.16,751.2,13.73,81
"2023-02-23 06:30:00",233443,12.65,15.1,751.3,13.72,81.4
"2023-02-23 06:35:00",233444,12.67,15.07,751.4,13.74,81.3
"2023-02-23 06:40:00",233445,12.7,15.08,751.5,13.87,81
"2023-02-23 06:45:00",233446,12.73,15.05,751.6,13.83,80.9
"2023-02-23 06:50:00",233447,12.77,15.11,751.7,13.91,80.6
"2023-02-23 06:55:00",233448,12.87,15.15,751.8,14.21,79.66
"2023-02-23 07:00:00",233449,12.99,15.3,751.9,14.46,78.33
"2023-02-23 07:05:00",233450,13.18,15.52,751.9,14.71,77.71
"2023-02-23 07:10:00",233451,13.41,15.81,752,14.99,76.71
"2023-02-23 07:15:00",233452,13.49,16.17,752,15.22,76.14
"2023-02-23 07:20:00",233453,13.61,16.53,752.2,15.34,75.88
"2023-02-23 07:25:00",233454,13.67,17,752.3,15.64,73.96
"2023-02-23 07:30:00",233455,13.8,17.54,752.3,16.29,71.2
"2023-02-23 07:35:00",233456,13.88,18.62,752.4,16.59,70.25
"2023-02-23 07:40:00",233457,13.76,19.83,752.4,16.56,69.69
"2023-02-23 07:45:00",233458,13.73,20.57,752.5,16.53,69.66
"2023-02-23 07:50:00",233459,13.73,21.15,752.6,16.5,69.51
"2023-02-23 07:55:00",233460,13.73,21.64,752.7,16.54,68.96
"2023-02-23 08:00:00",233461,13.71,22.05,752.7,17.61,67.4
"2023-02-23 08:05:00",233462,13.71,22.51,752.7,18.66,62.25
"2023-02-23 08:10:00",233463,13.68,23.09,752.8,18.2,63.16
"2023-02-23 08:15:00",233464,13.68,23.54,752.8,18.09,63.74
"2023-02-23 08:20:00",233465,13.68,23.98,752.8,17.78,64.55
"2023-02-23 08:25:00",233466,13.65,24.37,752.8,17.97,64.31
"2023-02-23 08:30:00",233467,13.65,24.7,752.8,18.39,62.83
"2023-02-23 08:35:00",233468,13.65,25.05,752.9,18.82,61.13
"2023-02-23 08:40:00",233469,13.63,25.46,752.8,18.83,61.01
"2023-02-23 08:45:00",233470,13.62,25.8,752.9,19.33,59.31
"2023-02-23 08:50:00",233471,13.63,26.38,753,19.59,57.58
"2023-02-23 08:55:00",233472,13.6,26.74,753,21.72,49.18
"2023-02-23 09:00:00",233473,13.6,27.35,753,22.45,46.95
"2023-02-23 09:05:00",233474,13.58,28,753,21.36,49.54
"2023-02-23 09:10:00",233475,13.58,28.51,753,20.63,49.6
"2023-02-23 09:15:00",233476,13.55,28.92,753.1,21.32,49.06
"2023-02-23 09:20:00",233477,13.55,29.25,753.1,20.81,49.88
"2023-02-23 09:25:00",233478,13.55,29.58,753,22.09,46.17
"2023-02-23 09:30:00",233479,13.55,29.9,753,22.47,45.42
"2023-02-23 09:35:00",233480,13.53,30.19,753,22.62,44.5
"2023-02-23 09:40:00",233481,13.53,30.51,753,22.32,42.53
"2023-02-23 09:45:00",233482,13.53,30.84,753,24.02,38.67
"2023-02-23 09:50:00",233483,13.53,31.21,752.9,22.25,43.36
"2023-02-23 09:55:00",233484,13.51,31.44,752.9,22.42,42.83
"2023-02-23 10:00:00",233485,13.51,31.62,752.9,23.24,41.99
"2023-02-23 10:05:00",233486,13.51,31.82,752.9,23.38,41.48
"2023-02-23 10:10:00",233487,13.51,32.02,752.9,22.68,41.6
"2023-02-23 10:15:00",233488,13.51,32.23,752.8,24.11,40.16
"2023-02-23 10:20:00",233489,13.51,32.49,752.8,23.3,42.45
"2023-02-23 10:25:00",233490,13.49,32.69,752.8,23.75,39.2
"2023-02-23 10:30:00",233491,13.48,32.85,752.8,23.53,38.42
"2023-02-23 10:35:00",233492,13.49,32.97,752.6,22.34,42.14
"2023-02-23 10:40:00",233493,13.49,32.89,752.6,22.21,42.45
"2023-02-23 10:45:00",233494,13.49,32.79,752.5,23.19,41.1
"2023-02-23 10:50:00",233495,13.49,32.76,752.4,22.83,40.35
"2023-02-23 10:55:00",233496,13.49,32.72,752.4,22.54,41.29
"2023-02-23 11:00:00",233497,13.49,32.7,752.3,23.66,39.09
"2023-02-23 11:05:00",233498,13.49,32.77,752.2,24.56,36.61
"2023-02-23 11:10:00",233499,13.49,33.03,752.1,25.72,34.46
"2023-02-23 11:15:00",233500,13.49,33.42,752,26.45,34.6
"2023-02-23 11:20:00",233501,13.46,33.85,752,25.4,35.23
"2023-02-23 11:25:00",233502,13.46,34.12,751.9,23.77,38.84
"2023-02-23 11:30:00",233503,13.46,34.22,751.9,25.54,35.71
"2023-02-23 11:35:00",233504,13.47,34.38,751.8,24.65,34.66
"2023-02-23 11:40:00",233505,13.46,34.42,751.7,23.7,34.87
"2023-02-23 11:45:00",233506,13.46,34.32,751.6,24.9,33.42
"2023-02-23 11:50:00",233507,13.47,34.33,751.5,26.03,32.88
"2023-02-23 11:55:00",233508,13.47,34.47,751.4,25.01,34.13
"2023-02-23 12:00:00",233509,13.47,34.57,751.3,25.71,31.81
"2023-02-23 12:05:00",233510,13.44,34.61,751.3,25.51,33.77
"2023-02-23 12:10:00",233511,13.44,34.68,751.2,25.63,31.9
"2023-02-23 12:15:00",233512,13.44,34.69,751.1,24.88,33.75
"2023-02-23 12:20:00",233513,13.44,34.73,751,26.03,31.26
"2023-02-23 12:25:00",233514,13.44,34.8,751,25.91,32.4
"2023-02-23 12:30:00",233515,13.44,34.83,751,26.21,32.09
"2023-02-23 12:35:00",233516,13.44,34.82,750.8,26.53,32.25
"2023-02-23 12:40:00",233517,13.44,34.83,750.7,27.36,28.45
"2023-02-23 12:45:00",233518,13.44,34.83,750.6,26.04,31.16
"2023-02-23 12:50:00",233519,13.45,34.79,750.5,26.35,30.28
"2023-02-23 12:55:00",233520,13.44,34.68,750.4,26.79,30.18
"2023-02-23 13:00:00",233521,13.44,34.61,750.3,27.36,29.34
"2023-02-23 13:05:00",233522,13.45,34.56,750.2,27.37,28.79
"2023-02-23 13:10:00",233523,13.44,34.56,750.1,27.42,29.21
"2023-02-23 13:15:00",233524,13.45,34.63,750,28.2,27.7
"2023-02-23 13:20:00",233525,13.45,34.76,749.9,28.4,28.47
"2023-02-23 13:25:00",233526,13.45,34.9,749.8,27.26,29.06
"2023-02-23 13:30:00",233527,13.45,34.88,749.7,27.93,28.94
"2023-02-23 13:35:00",233528,13.44,34.92,749.7,28.24,29.75
"2023-02-23 13:40:00",233529,13.45,34.99,749.6,27.68,28.68
"2023-02-23 13:45:00",233530,13.45,35.03,749.5,28.1,29.5
"2023-02-23 13:50:00",233531,13.45,35.08,749.4,28.21,29.61
"2023-02-23 13:55:00",233532,13.45,35.11,749.4,27.05,29.65
"2023-02-23 14:00:00",233533,13.45,35.04,749.4,27.41,29.58
"2023-02-23 14:05:00",233534,13.45,34.98,749.3,28.75,28.42
"2023-02-23 14:10:00",233535,13.45,35.01,749.2,28.17,30.22
"2023-02-23 14:15:00",233536,13.45,35.08,749.2,28.24,28.25
"2023-02-23 14:20:00",233537,13.45,35.2,749.1,28.71,28.35
"2023-02-23 14:25:00",233538,13.45,35.4,749,28.89,27.71
"2023-02-23 14:30:00",233539,13.45,35.57,748.9,27.65,29.74
"2023-02-23 14:35:00",233540,13.42,35.53,748.8,27.09,30.27
"2023-02-23 14:40:00",233541,13.42,35.43,748.7,27.47,29.11
"2023-02-23 14:45:00",233542,13.42,35.37,748.6,28.82,26.85
"2023-02-23 14:50:00",233543,13.42,35.42,748.6,28.42,27.78
"2023-02-23 14:55:00",233544,13.42,35.5,748.5,28.48,27.79
"2023-02-23 15:00:00",233545,13.42,35.64,748.5,29.54,26.49
"2023-02-23 15:05:00",233546,13.42,35.78,748.5,28.93,27
"2023-02-23 15:10:00",233547,13.43,35.88,748.5,29.04,27.14
"2023-02-23 15:15:00",233548,13.42,35.94,748.4,29.79,26.44
"2023-02-23 15:20:00",233549,13.42,35.95,748.3,27.65,29.84
"2023-02-23 15:25:00",233550,13.42,35.66,748.1,26.69,31.32
"2023-02-23 15:30:00",233551,13.42,35.11,748.2,26.74,31.59
"2023-02-23 15:35:00",233552,13.42,34.59,748.1,27.06,30.67
"2023-02-23 15:40:00",233553,13.42,34.19,748.1,26.32,32.44
"2023-02-23 15:45:00",233554,13.42,33.81,748.1,26.43,31.57
"2023-02-23 15:50:00",233555,13.42,33.46,748.2,26.74,31.66
"2023-02-23 15:55:00",233556,13.42,33.2,748.2,25.99,32.27
"2023-02-23 16:00:00",233557,13.42,32.93,748.1,26.14,32.49
"2023-02-23 16:05:00",233558,13.42,32.65,748,25.6,32.14
"2023-02-23 16:10:00",233559,13.45,32.32,748,25.59,33.08
"2023-02-23 16:15:00",233560,13.45,31.95,748.1,26.24,33.97
"2023-02-23 16:20:00",233561,13.45,31.78,748,26.04,32.55
"2023-02-23 16:25:00",233562,13.45,31.62,748,25.59,35.22
"2023-02-23 16:30:00",233563,13.45,31.43,747.9,25.68,34.49
"2023-02-23 16:35:00",233564,13.45,31.27,747.9,25.71,34.33
"2023-02-23 16:40:00",233565,13.45,31.09,747.9,25.42,34.17
"2023-02-23 16:45:00",233566,13.47,30.91,747.8,25.29,34.42
"2023-02-23 16:50:00",233567,13.47,30.71,747.8,25.47,33.94
"2023-02-23 16:55:00",233568,13.47,30.54,747.9,25.43,34.17
"2023-02-23 17:00:00",233569,13.47,30.38,747.9,25.09,34.3
"2023-02-23 17:05:00",233570,13.47,30.21,748,25.18,33.84
"2023-02-23 17:10:00",233571,13.47,30.03,748.1,24.88,34.85
"2023-02-23 17:15:00",233572,13.47,29.83,748.1,24.99,34.79
"2023-02-23 17:20:00",233573,13.49,29.62,748,24.83,35.18
"2023-02-23 17:25:00",233574,13.49,29.27,748.1,24.72,35.5
"2023-02-23 17:30:00",233575,13.44,28.68,748.2,24.67,36.09
"2023-02-23 17:35:00",233576,13.36,28.27,748.2,24.7,35.56
"2023-02-23 17:40:00",233577,13.3,28.01,748.2,24.79,35.94
"2023-02-23 17:45:00",233578,13.24,27.86,748.3,24.95,35.99
"2023-02-23 17:50:00",233579,13.19,27.71,748.4,25.06,36.4
"2023-02-23 17:55:00",233580,13.16,27.63,748.4,25.22,35.32
"2023-02-23 18:00:00",233581,13.14,27.6,748.4,25.01,35.13
"2023-02-23 18:05:00",233582,13.11,27.53,748.5,24.72,35.63
"2023-02-23 18:10:00",233583,13.08,27.48,748.5,24.74,35.04
"2023-02-23 18:15:00",233584,13.05,27.43,748.4,24.88,34.58
"2023-02-23 18:20:00",233585,13.02,27.37,748.4,24.82,35.91
"2023-02-23 18:25:00",233586,13,27.28,748.5,24.59,36.85
"2023-02-23 18:30:00",233587,12.98,27.2,748.5,24.33,38.24
"2023-02-23 18:35:00",233588,12.95,27.09,748.6,24.09,37.13
"2023-02-23 18:40:00",233589,12.92,26.94,748.7,23.93,37.61
"2023-02-23 18:45:00",233590,12.9,26.78,748.7,23.57,39.67
"2023-02-23 18:50:00",233591,12.88,26.6,748.7,23.61,39.15
"2023-02-23 18:55:00",233592,12.88,26.38,748.8,23.48,39.86
"2023-02-23 19:00:00",233593,12.87,26.11,748.9,22.95,42.31
"2023-02-23 19:05:00",233594,12.87,25.77,749,22.63,42.7
"2023-02-23 19:10:00",233595,12.87,25.47,749.1,22.45,43.22
"2023-02-23 19:15:00",233596,12.86,25.2,749.2,22.36,43.38
"2023-02-23 19:20:00",233597,12.86,24.96,749.3,22.21,43.23
"2023-02-23 19:25:00",233598,12.86,24.72,749.3,21.99,44.75
"2023-02-23 19:30:00",233599,12.86,24.48,749.3,21.89,45.44
"2023-02-23 19:35:00",233600,12.85,24.27,749.4,21.96,44.26
"2023-02-23 19:40:00",233601,12.85,24.08,749.4,21.83,44.66
"2023-02-23 19:45:00",233602,12.85,23.91,749.4,21.84,43.8
"2023-02-23 19:50:00",233603,12.85,23.79,749.4,21.85,42.15
"2023-02-23 19:55:00",233604,12.85,23.64,749.5,21.75,43.3
"2023-02-23 20:00:00",233605,12.85,23.49,749.5,21.75,42.27
"2023-02-23 20:05:00",233606,12.85,23.38,749.6,21.69,43.39
"2023-02-23 20:10:00",233607,12.84,23.25,749.7,21.77,44.4
"2023-02-23 20:15:00",233608,12.84,23.16,749.7,21.79,44.76
"2023-02-23 20:20:00",233609,12.84,23.13,749.8,21.7,45.74
"2023-02-23 20:25:00",233610,12.84,23.12,749.8,21.61,45.6
"2023-02-23 20:30:00",233611,12.84,23.13,749.8,21.5,45.91
"2023-02-23 20:35:00",233612,12.84,23.13,750,21.34,46.81
"2023-02-23 20:40:00",233613,12.84,23.1,750.2,21.33,46.62
"2023-02-23 20:45:00",233614,12.84,23.06,750.2,21.27,46.45
"2023-02-23 20:50:00",233615,12.83,23.03,750.3,21.21,47.14
"2023-02-23 20:55:00",233616,12.83,22.94,750.4,21.04,47.66
"2023-02-23 21:00:00",233617,12.83,22.85,750.4,20.67,48.66
"2023-02-23 21:05:00",233618,12.83,22.71,750.5,20.47,49.01
"2023-02-23 21:10:00",233619,12.83,22.59,750.6,20.68,47.97
"2023-02-23 21:15:00",233620,12.83,22.45,750.7,20.82,48.21
"2023-02-23 21:20:00",233621,12.82,22.33,750.8,20.84,47.73
"2023-02-23 21:25:00",233622,12.83,22.23,750.8,20.87,47.67
"2023-02-23 21:30:00",233623,12.82,22.16,750.9,20.91,47.74
"2023-02-23 21:35:00",233624,12.82,22.11,750.9,21.06,47.13
"2023-02-23 21:40:00",233625,12.82,22.07,751,20.88,47.74
"2023-02-23 21:45:00",233626,12.82,22.03,751,20.86,47.74
"2023-02-23 21:50:00",233627,12.83,22.02,751.1,20.82,48.49
"2023-02-23 21:55:00",233628,12.83,21.91,751.2,20.94,47.46
"2023-02-23 22:00:00",233629,12.83,21.85,751.3,20.78,48.2
"2023-02-23 22:05:00",233630,12.83,21.79,751.4,20.7,48.41
"2023-02-23 22:10:00",233631,12.83,21.68,751.6,20.7,48.6
"2023-02-23 22:15:00",233632,12.82,21.67,751.6,21.02,47.25
"2023-02-23 22:20:00",233633,12.83,21.71,751.7,21.06,46.9
"2023-02-23 22:25:00",233634,12.83,21.76,751.7,20.89,48.09
"2023-02-23 22:30:00",233635,12.82,21.83,751.8,21.06,48.33
"2023-02-23 22:35:00",233636,12.82,21.95,751.8,21.13,48.47
"2023-02-23 22:40:00",233637,12.82,22.02,751.8,20.97,49.27
"2023-02-23 22:45:00",233638,12.82,22.05,751.9,20.53,51
"2023-02-23 22:50:00",233639,12.82,22,752,20.32,51.19
"2023-02-23 22:55:00",233640,12.82,21.91,751.9,20.24,51.18
"2023-02-23 23:00:00",233641,12.82,21.81,752,20.14,51.85
"2023-02-23 23:05:00",233642,12.82,21.74,752,20.08,52.38
"2023-02-23 23:10:00",233643,12.82,21.66,752,20.15,52.42
"2023-02-23 23:15:00",233644,12.81,21.63,751.9,20.07,53.09
"2023-02-23 23:20:00",233645,12.81,21.55,751.9,20,54.94
"2023-02-23 23:25:00",233646,12.81,21.47,751.9,20.08,55.97
"2023-02-23 23:30:00",233647,12.81,21.39,751.8,20.06,57.23
"2023-02-23 23:35:00",233648,12.81,21.35,751.8,19.88,58.54
"2023-02-23 23:40:00",233649,12.81,21.26,751.6,19.72,59.55
"2023-02-23 23:45:00",233650,12.8,21.16,751.5,19.43,61.02
"2023-02-23 23:50:00",233651,12.8,21.06,751.3,19.24,62.08
"2023-02-23 23:55:00",233652,12.8,20.95,751.2,19.2,62.46
"2023-02-24 00:00:00",233653,12.8,20.81,751.2,19.24,62.29
"2023-02-24 00:05:00",233654,12.79,20.7,751.2,19.19,62.31
"2023-02-24 00:10:00",233655,12.79,20.6,751.2,19.28,62.17
"2023-02-24 00:15:00",233656,12.79,20.5,751.1,19.29,61.87
"2023-02-24 00:20:00",233657,12.79,20.42,751,19.15,62.24
"2023-02-24 00:25:00",233658,12.79,20.32,750.9,19.01,62.76
"2023-02-24 00:30:00",233659,12.79,20.23,750.8,18.99,63.23
"2023-02-24 00:35:00",233660,12.79,20.13,750.9,18.74,64.21
"2023-02-24 00:40:00",233661,12.79,19.95,750.9,18.57,64.5
"2023-02-24 00:45:00",233662,12.78,19.82,750.9,18.6,65.34
"2023-02-24 00:50:00",233663,12.78,19.72,750.9,18.53,65.89
"2023-02-24 00:55:00",233664,12.78,19.61,750.9,18.37,66.78
"2023-02-24 01:00:00",233665,12.78,19.47,750.9,18.1,68.05
"2023-02-24 01:05:00",233666,12.78,19.35,750.8,18.08,67.02
"2023-02-24 01:10:00",233667,12.78,19.1,750.7,18.1,66.94
"2023-02-24 01:15:00",233668,12.78,18.89,750.7,17.89,68.16
"2023-02-24 01:20:00",233669,12.78,18.74,750.7,17.93,68.57
"2023-02-24 01:25:00",233670,12.77,18.64,750.7,17.99,67.77
"2023-02-24 01:30:00",233671,12.77,18.54,750.7,17.97,68.05
"2023-02-24 01:35:00",233672,12.77,18.48,750.6,17.69,69.23
"2023-02-24 01:40:00",233673,12.77,18.41,750.6,17.55,70.02
"2023-02-24 01:45:00",233674,12.77,18.34,750.5,17.22,71.61
"2023-02-24 01:50:00",233675,12.77,18.23,750.5,17.01,72.05
"2023-02-24 01:55:00",233676,12.77,18.13,750.6,16.93,71.7
"2023-02-24 02:00:00",233677,12.76,18.01,750.7,17.02,68.88
"2023-02-24 02:05:00",233678,12.76,17.93,750.7,17.45,67.52
"2023-02-24 02:10:00",233679,12.76,17.86,750.7,17,68.17
"2023-02-24 02:15:00",233680,12.76,17.77,750.8,16.89,69.4
"2023-02-24 02:20:00",233681,12.76,17.68,750.9,17.07,67.72
"2023-02-24 02:25:00",233682,12.75,17.62,750.9,17.43,65.08
"2023-02-24 02:30:00",233683,12.75,17.59,750.9,17.59,64.66
"2023-02-24 02:35:00",233684,12.75,17.58,750.9,17.71,65.27
"2023-02-24 02:40:00",233685,12.75,17.59,750.8,17.23,67.69
"2023-02-24 02:45:00",233686,12.76,17.56,750.8,17.05,68.56
"2023-02-24 02:50:00",233687,12.76,17.53,750.8,17.19,66.95
"2023-02-24 02:55:00",233688,12.75,17.51,750.7,17.19,66.68
"2023-02-24 03:00:00",233689,12.75,17.49,750.7,17.33,65.41
"2023-02-24 03:05:00",233690,12.75,17.49,750.7,17.57,64.27
"2023-02-24 03:10:00",233691,12.75,17.49,750.7,17.63,63.09
"2023-02-24 03:15:00",233692,12.75,17.5,750.6,17.69,63.07
"2023-02-24 03:20:00",233693,12.75,17.52,750.7,17.67,62.14
"2023-02-24 03:25:00",233694,12.74,17.54,750.8,17.61,61.92
"2023-02-24 03:30:00",233695,12.74,17.52,750.7,17.54,63.34
"2023-02-24 03:35:00",233696,12.74,17.51,750.7,16.61,69.82
"2023-02-24 03:40:00",233697,12.74,17.44,750.7,16.29,71.75
"2023-02-24 03:45:00",233698,12.73,17.36,750.7,15.72,74.88
"2023-02-24 03:50:00",233699,12.73,17.26,750.8,15.62,75.46
"2023-02-24 03:55:00",233700,12.73,17.13,750.7,15.46,76.8
"2023-02-24 04:00:00",233701,12.73,17.02,750.7,15.44,76.88
"2023-02-24 04:05:00",233702,12.72,16.92,750.7,15.7,75.25
"2023-02-24 04:10:00",233703,12.72,16.84,750.6,15.74,75.09
"2023-02-24 04:15:00",233704,12.72,16.79,750.6,15.96,73.94
"2023-02-24 04:20:00",233705,12.72,16.77,750.5,15.86,75
"2023-02-24 04:25:00",233706,12.72,16.75,750.5,15.78,75.52
"2023-02-24 04:30:00",233707,12.72,16.72,750.4,15.77,75.77
"2023-02-24 04:35:00",233708,12.71,16.69,750.4,15.87,74.97
"2023-02-24 04:40:00",233709,12.71,16.67,750.3,15.84,75.25
"2023-02-24 04:45:00",233710,12.71,16.64,750.4,15.63,75.94
"2023-02-24 04:50:00",233711,12.71,16.61,750.5,15.83,75.21
"2023-02-24 04:55:00",233712,12.71,16.59,750.6,16,74.15
"2023-02-24 05:00:00",233713,12.7,16.59,750.8,16.3,73.44
"2023-02-24 05:05:00",233714,12.7,16.61,751,16.39,72.63
"2023-02-24 05:10:00",233715,12.7,16.68,751,16.38,72.51
"2023-02-24 05:15:00",233716,12.7,16.76,751.1,16.4,72.4
"2023-02-24 05:20:00",233717,12.69,16.83,751.2,16.4,72.23
"2023-02-24 05:25:00",233718,12.69,16.88,751.4,16.31,72.95
"2023-02-24 05:30:00",233719,12.69,16.96,751.5,16.46,72.13
"2023-02-24 05:35:00",233720,12.69,16.95,751.4,16.35,72.45
"2023-02-24 05:40:00",233721,12.69,16.96,751.6,16.25,72.46
"2023-02-24 05:45:00",233722,12.69,16.93,751.7,16.3,74.18
"2023-02-24 05:50:00",233723,12.68,16.91,751.7,15.91,76.19
"2023-02-24 05:55:00",233724,12.68,16.86,751.8,15.78,76.67
"2023-02-24 06:00:00",233725,12.68,16.79,751.8,15.71,76.63
"2023-02-24 06:05:00",233726,12.67,16.72,751.8,15.66,77.27
"2023-02-24 06:10:00",233727,12.67,16.67,751.8,15.61,77.29
"2023-02-24 06:15:00",233728,12.67,16.59,751.8,15.54,77.13
"2023-02-24 06:20:00",233729,12.67,16.53,751.8,15.52,77.32
"2023-02-24 06:25:00",233730,12.67,16.51,752,15.5,77.34
"2023-02-24 06:30:00",233731,12.67,16.46,752,15.37,77.82
"2023-02-24 06:35:00",233732,12.68,16.41,752.1,15.42,77.8
"2023-02-24 06:40:00",233733,12.7,16.36,752.2,15.42,77.13
"2023-02-24 06:45:00",233734,12.71,16.31,752.3,15.68,76.37
"2023-02-24 06:50:00",233735,12.7,16.47,752.4,15.84,75.47
"2023-02-24 06:55:00",233736,12.73,16.63,752.4,15.98,74.71
"2023-02-24 07:00:00",233737,12.76,16.78,752.5,16.12,74.77
"2023-02-24 07:05:00",233738,12.83,16.93,752.6,16.63,72.16
"2023-02-24 07:10:00",233739,12.9,17.12,752.6,16.97,70.87
"2023-02-24 07:15:00",233740,12.99,17.36,752.7,17.07,70.33
"2023-02-24 07:20:00",233741,13.12,17.6,752.7,17.27,70.61
"2023-02-24 07:25:00",233742,13.25,17.84,752.7,17.22,70.54
"2023-02-24 07:30:00",233743,13.35,18.06,752.8,17.27,70.66
"2023-02-24 07:35:00",233744,13.42,18.29,752.8,17.39,70.37
"2023-02-24 07:40:00",233745,13.48,18.48,752.8,17.54,70.16
"2023-02-24 07:45:00",233746,13.54,18.72,752.9,17.89,69.3
"2023-02-24 07:50:00",233747,13.6,19.01,752.9,17.88,69.56
"2023-02-24 07:55:00",233748,13.66,19.3,753,17.95,69.45
"2023-02-24 08:00:00",233749,13.77,19.63,753,17.75,69.21
"2023-02-24 08:05:00",233750,13.73,20.6,753.2,18.03,68.68
"2023-02-24 08:10:00",233751,13.73,21.45,753.2,17.83,67.59
"2023-02-24 08:15:00",233752,13.7,21.94,753.2,17.75,69.36
"2023-02-24 08:20:00",233753,13.7,22.34,753.3,18.4,66.46
"2023-02-24 08:25:00",233754,13.7,22.7,753.3,18.13,67.59
"2023-02-24 08:30:00",233755,13.68,23.04,753.3,18.23,67.66
"2023-02-24 08:35:00",233756,13.68,23.42,753.3,18.75,65.42
"2023-02-24 08:40:00",233757,13.68,23.81,753.3,18.74,65.33
"2023-02-24 08:45:00",233758,13.65,24.22,753.3,18.96,63.88
"2023-02-24 08:50:00",233759,13.65,24.55,753.3,18.88,63.75
"2023-02-24 08:55:00",233760,13.65,24.94,753.2,19.42,62.73
"2023-02-24 09:00:00",233761,13.62,25.32,753.2,19.84,61.36
"2023-02-24 09:05:00",233762,13.62,25.76,753.2,19.87,60.39
"2023-02-24 09:10:00",233763,13.63,26.2,753.2,19.95,59.83
"2023-02-24 09:15:00",233764,13.63,26.56,753.2,19.81,60.29
"2023-02-24 09:20:00",233765,13.6,26.79,753.2,20.48,57.84
"2023-02-24 09:25:00",233766,13.6,27.01,753.2,20.27,57.57
"2023-02-24 09:30:00",233767,13.6,27.23,753.2,20.14,58.77
"2023-02-24 09:35:00",233768,13.6,27.44,753.1,20.93,56.93
"2023-02-24 09:40:00",233769,13.6,27.68,753.1,20.84,57.13
"2023-02-24 09:45:00",233770,13.58,27.96,753.1,22.4,53.86
"2023-02-24 09:50:00",233771,13.58,28.45,753,22.68,51.45
"2023-02-24 09:55:00",233772,13.55,29.06,752.9,23.53,49.51
"2023-02-24 10:00:00",233773,13.55,29.62,752.9,23.14,50.19
"2023-02-24 10:05:00",233774,13.55,30.16,752.8,22.81,51.91
"2023-02-24 10:10:00",233775,13.53,30.54,752.8,22.64,51.19
"2023-02-24 10:15:00",233776,13.53,30.83,752.8,21.7,53.73
"2023-02-24 10:20:00",233777,13.53,31.08,752.7,21.14,54.42
"2023-02-24 10:25:00",233778,13.53,31.25,752.7,22.96,49.72
"2023-02-24 10:30:00",233779,13.51,31.53,752.7,22.45,51.45
"2023-02-24 10:35:00",233780,13.51,31.75,752.6,22.87,49.77
"2023-02-24 10:40:00",233781,13.51,31.95,752.6,22.95,49.08
"2023-02-24 10:45:00",233782,13.51,32.12,752.6,22.89,48.47
"2023-02-24 10:50:00",233783,13.51,32.34,752.6,23.41,45.43
"2023-02-24 10:55:00",233784,13.49,32.48,752.5,23.04,46.54
"2023-02-24 11:00:00",233785,13.49,32.53,752.4,23.25,45.99
"2023-02-24 11:05:00",233786,13.49,32.63,752.4,23.67,43.79
"2023-02-24 11:10:00",233787,13.49,32.71,752.3,23.08,46.04
"2023-02-24 11:15:00",233788,13.49,32.77,752.2,23.62,42.45
"2023-02-24 11:20:00",233789,13.49,32.83,752.2,24.03,41.26
"2023-02-24 11:25:00",233790,13.49,32.87,752.1,23.81,44.32
"2023-02-24 11:30:00",233791,13.49,32.81,751.9,23.81,42.9
"2023-02-24 11:35:00",233792,13.49,32.8,751.9,25.24,39.95
"2023-02-24 11:40:00",233793,13.49,33.01,751.7,24.29,41.06
"2023-02-24 11:45:00",233794,13.49,33.22,751.7,25.25,39.13
"2023-02-24 11:50:00",233795,13.49,33.47,751.7,26.12,37.53
"2023-02-24 11:55:00",233796,13.47,33.76,751.7,25.94,37.88
"2023-02-24 12:00:00",233797,13.47,33.98,751.6,25.2,39.95
"2023-02-24 12:05:00",233798,13.47,34.14,751.5,24.85,39.42
"2023-02-24 12:10:00",233799,13.47,34.13,751.5,24.27,40.54
"2023-02-24 12:15:00",233800,13.47,33.99,751.3,24.15,39.74
"2023-02-24 12:20:00",233801,13.47,33.8,751.2,24.84,39.09
"2023-02-24 12:25:00",233802,13.47,33.63,751.1,25.91,39.53
"2023-02-24 12:30:00",233803,13.47,33.68,751,27.23,34.47
"2023-02-24 12:35:00",233804,13.47,33.88,750.9,26.39,36.56
"2023-02-24 12:40:00",233805,13.47,34.1,750.8,26.26,36.15
"2023-02-24 12:45:00",233806,13.47,34.27,750.7,26.29,36.05
"2023-02-24 12:50:00",233807,13.47,34.38,750.6,27.28,33.6
"2023-02-24 12:55:00",233808,13.47,34.54,750.6,26.59,33.77
"2023-02-24 13:00:00",233809,13.45,34.48,750.5,25.52,36.74
"2023-02-24 13:05:00",233810,13.44,34.34,750.3,26.29,35.72
"2023-02-24 13:10:00",233811,13.44,34.22,750.2,26.1,34
"2023-02-24 13:15:00",233812,13.44,34.12,750.1,26.14,33.33
"2023-02-24 13:20:00",233813,13.45,34.04,749.9,25.98,33.92
"2023-02-24 13:25:00",233814,13.44,33.99,749.8,26.97,30.84
"2023-02-24 13:30:00",233815,13.44,34.03,749.7,27.54,29.83
"2023-02-24 13:35:00",233816,13.45,34.15,749.5,26.76,29.43
"2023-02-24 13:40:00",233817,13.45,34.23,749.4,27.92,31.02
"2023-02-24 13:45:00",233818,13.45,34.36,749.3,27.05,30.27
"2023-02-24 13:50:00",233819,13.45,34.37,749.2,27.28,31.3
"2023-02-24 13:55:00",233820,13.45,34.35,749.1,26.8,30.82
"2023-02-24 14:00:00",233821,13.45,34.33,749,27.21,30.08
"2023-02-24 14:05:00",233822,13.45,34.35,748.9,27.29,31.3
"2023-02-24 14:10:00",233823,13.45,34.37,748.9,27.85,30.16
"2023-02-24 14:15:00",233824,13.45,34.48,748.8,28.14,29.06
"2023-02-24 14:20:00",233825,13.45,34.59,748.7,28.29,30.17
"2023-02-24 14:25:00",233826,13.45,34.79,748.6,28.88,29.39
"2023-02-24 14:30:00",233827,13.45,35.09,748.5,28.3,30.51
"2023-02-24 14:35:00",233828,13.45,35.25,748.5,27.53,31.8
"2023-02-24 14:40:00",233829,13.45,35.22,748.5,27.52,31.36
"2023-02-24 14:45:00",233830,13.45,35.11,748.4,27.69,31.2
"2023-02-24 14:50:00",233831,13.45,34.91,748.3,27.69,29.95
"2023-02-24 14:55:00",233832,13.45,34.7,748.2,26.8,30.85
"2023-02-24 15:00:00",233833,13.45,34.36,748,26.59,30.57
"2023-02-24 15:05:00",233834,13.45,34.05,748,26.86,31.61
"2023-02-24 15:10:00",233835,13.45,33.86,747.8,28.02,29.32
"2023-02-24 15:15:00",233836,13.45,33.87,747.7,27.38,29.89
"2023-02-24 15:20:00",233837,13.45,33.92,747.6,27.5,30.2
"2023-02-24 15:25:00",233838,13.45,33.94,747.5,27.47,30.3
"2023-02-24 15:30:00",233839,13.45,34.02,747.5,28.18,29.13
"2023-02-24 15:35:00",233840,13.45,34.24,747.4,28.99,28.17
"2023-02-24 15:40:00",233841,13.45,34.61,747.3,29.27,27.16
"2023-02-24 15:45:00",233842,13.45,35.01,747.2,28.94,28.37
"2023-02-24 15:50:00",233843,13.45,35.32,747.1,28.02,29.05
"2023-02-24 15:55:00",233844,13.45,35.5,747.1,28.25,28.66
"2023-02-24 16:00:00",233845,13.45,35.67,747.1,28.72,27.29
"2023-02-24 16:05:00",233846,13.42,35.82,747.1,28.88,27.82
"2023-02-24 16:10:00",233847,13.42,36.06,747,29.91,26.86
"2023-02-24 16:15:00",233848,13.43,36.33,747,28.94,26.93
"2023-02-24 16:20:00",233849,13.43,36.5,747.1,28.76,27.67
"2023-02-24 16:25:00",233850,13.43,36.55,747.1,27.9,28.39
"2023-02-24 16:30:00",233851,13.42,36.38,747.1,27.5,30.17
"2023-02-24 16:35:00",233852,13.42,36.04,747.1,27.36,29.68
"2023-02-24 16:40:00",233853,13.43,35.66,747,27.65,29.43
"2023-02-24 16:45:00",233854,13.42,35.33,747,27.77,28.89
"2023-02-24 16:50:00",233855,13.43,35.01,746.9,27.66,29.16
"2023-02-24 16:55:00",233856,13.42,34.68,746.8,27.1,29.83
"2023-02-24 17:00:00",233857,13.42,34.31,746.9,27.21,29.8
"2023-02-24 17:05:00",233858,13.42,33.96,746.9,27.07,28.84
"2023-02-24 17:10:00",233859,13.42,33.66,746.9,27.24,28.65
"2023-02-24 17:15:00",233860,13.42,33.41,746.8,27.2,29.12
"2023-02-24 17:20:00",233861,13.42,33.18,746.7,27.2,29.26
"2023-02-24 17:25:00",233862,13.42,32.92,746.8,27.09,28.64
"2023-02-24 17:30:00",233863,13.42,32.64,747,26.85,29.23
"2023-02-24 17:35:00",233864,13.45,32.34,747.1,26.64,30.3
"2023-02-24 17:40:00",233865,13.44,32.02,747.1,26.27,32.2
"2023-02-24 17:45:00",233866,13.45,31.71,747.1,25.98,31.53
"2023-02-24 17:50:00",233867,13.44,31.11,747,25.88,33.77
"2023-02-24 17:55:00",233868,13.39,30.44,747,25.96,33.95
"2023-02-24 18:00:00",233869,13.3,29.92,747.1,25.35,35.23
"2023-02-24 18:05:00",233870,13.21,29.5,747.1,25.29,35.82
"2023-02-24 18:10:00",233871,13.13,29.15,747.1,25.26,35.85
"2023-02-24 18:15:00",233872,13.06,28.9,747,25.29,36.82
"2023-02-24 18:20:00",233873,13.01,28.66,747,25.34,38.38
"2023-02-24 18:25:00",233874,12.98,28.46,747.1,24.77,38.95
"2023-02-24 18:30:00",233875,12.95,28.25,747.2,24.77,38.75
"2023-02-24 18:35:00",233876,12.93,28.06,747.2,24.61,40.11
"2023-02-24 18:40:00",233877,12.91,27.86,747.3,24.45,40.62
"2023-02-24 18:45:00",233878,12.9,27.65,747.3,24.21,40.92
"2023-02-24 18:50:00",233879,12.89,27.44,747.4,23.99,41.71
"2023-02-24 18:55:00",233880,12.89,27.2,747.5,24,40.7
"2023-02-24 19:00:00",233881,12.88,26.98,747.7,24.15,40.72
"2023-02-24 19:05:00",233882,12.87,26.78,747.7,23.97,41.29
"2023-02-24 19:10:00",233883,12.88,26.62,747.7,23.93,41.25
"2023-02-24 19:15:00",233884,12.87,26.46,747.7,24.01,41.42
"2023-02-24 19:20:00",233885,12.87,26.24,747.7,23.84,42.28
"2023-02-24 19:25:00",233886,12.87,26.08,747.7,23.75,42.69
"2023-02-24 19:30:00",233887,12.87,25.92,747.7,23.5,44.67
"2023-02-24 19:35:00",233888,12.87,25.78,747.7,23.35,45.11
"2023-02-24 19:40:00",233889,12.86,25.6,747.8,23.23,45.51
"2023-02-24 19:45:00",233890,12.86,25.44,747.9,23.14,46.07
"2023-02-24 19:50:00",233891,12.86,25.29,748,23.02,46.35
"2023-02-24 19:55:00",233892,12.86,25.12,748.1,22.89,46.85
"2023-02-24 20:00:00",233893,12.86,24.97,748.2,22.91,47.17
"2023-02-24 20:05:00",233894,12.85,24.84,748.3,22.94,47.23
"2023-02-24 20:10:00",233895,12.85,24.71,748.3,22.9,47.1
"2023-02-24 20:15:00",233896,12.85,24.62,748.4,22.97,47.08
"2023-02-24 20:20:00",233897,12.85,24.52,748.6,22.93,47.17
"2023-02-24 20:25:00",233898,12.85,24.4,748.6,22.59,48.75
"2023-02-24 20:30:00",233899,12.85,24.29,748.8,22.17,49.8
"2023-02-24 20:35:00",233900,12.84,24.18,748.8,22.48,47.3
"2023-02-24 20:40:00",233901,12.84,24.1,748.8,22.37,47.74
"2023-02-24 20:45:00",233902,12.84,24.02,748.9,22.22,48.07
"2023-02-24 20:50:00",233903,12.84,23.94,748.9,22.08,48.53
"2023-02-24 20:55:00",233904,12.84,23.84,748.9,21.99,48.86
"2023-02-24 21:00:00",233905,12.84,23.73,748.9,21.81,49.5
"2023-02-24 21:05:00",233906,12.84,23.66,749,21.72,49.11
"2023-02-24 21:10:00",233907,12.83,23.56,749.1,21.57,50.26
"2023-02-24 21:15:00",233908,12.83,23.46,749.1,21.43,49.52
"2023-02-24 21:20:00",233909,12.83,23.37,749.2,21.45,49.3
"2023-02-24 21:25:00",233910,12.83,23.26,749.2,21.36,49.92
"2023-02-24 21:30:00",233911,12.83,23.14,749.2,21.31,49.91
"2023-02-24 21:35:00",233912,12.83,23.03,749.3,21.17,50.4
"2023-02-24 21:40:00",233913,12.83,22.94,749.3,21.05,50.76
"2023-02-24 21:45:00",233914,12.83,22.81,749.4,20.9,51.52
"2023-02-24 21:50:00",233915,12.82,22.72,749.3,20.91,51.46
"2023-02-24 21:55:00",233916,12.82,22.6,749.4,20.74,52.16
"2023-02-24 22:00:00",233917,12.82,22.5,749.4,20.74,52.31
"2023-02-24 22:05:00",233918,12.82,22.41,749.5,20.72,52.75
"2023-02-24 22:10:00",233919,12.82,22.28,749.5,20.6,53.6
"2023-02-24 22:15:00",233920,12.82,22.19,749.6,20.4,53.95
"2023-02-24 22:20:00",233921,12.82,22.09,749.5,20.21,54.79
"2023-02-24 22:25:00",233922,12.82,21.99,749.5,20.24,55.1
"2023-02-24 22:30:00",233923,12.82,21.88,749.5,20.4,55.34
"2023-02-24 22:35:00",233924,12.81,21.8,749.5,20.21,57.77
"2023-02-24 22:40:00",233925,12.81,21.71,749.6,19.99,59.02
"2023-02-24 22:45:00",233926,12.81,21.59,749.7,19.56,61.19
"2023-02-24 22:50:00",233927,12.81,21.48,749.6,19.6,61.59
"2023-02-24 22:55:00",233928,12.81,21.35,749.6,19.38,60.98
"2023-02-24 23:00:00",233929,12.81,21.24,749.6,19.61,58.5
"2023-02-24 23:05:00",233930,12.81,21.14,749.6,19.93,58.98
"2023-02-24 23:10:00",233931,12.8,21.08,749.7,19.99,58.32
"2023-02-24 23:15:00",233932,12.8,21.02,749.7,20.06,56.64
"2023-02-24 23:20:00",233933,12.8,20.99,749.7,19.56,59.5
"2023-02-24 23:25:00",233934,12.8,20.94,749.7,19.53,59.52
"2023-02-24 23:30:00",233935,12.8,20.87,749.7,19.62,58.56
"2023-02-24 23:35:00",233936,12.8,20.82,749.7,19.97,57.28
"2023-02-24 23:40:00",233937,12.79,20.79,749.8,20.1,57.41
"2023-02-24 23:45:00",233938,12.79,20.76,749.8,20.06,58.27
"2023-02-24 23:50:00",233939,12.79,20.74,749.9,19.57,60.01
"2023-02-24 23:55:00",233940,12.79,20.7,750,19.33,60.85
"2023-02-25 00:00:00",233941,12.79,20.64,750,19.12,62.02
"2023-02-25 00:05:00",233942,12.79,20.57,750.1,19,62.28
"2023-02-25 00:10:00",233943,12.79,20.49,750.2,18.98,62.72
"2023-02-25 00:15:00",233944,12.79,20.44,750.2,18.92,63.16
"2023-02-25 00:20:00",233945,12.78,20.37,750.2,18.89,61.29
"2023-02-25 00:25:00",233946,12.78,20.36,750.2,18.85,62.07
"2023-02-25 00:30:00",233947,12.78,20.37,750.2,18.74,62.35
"2023-02-25 00:35:00",233948,12.78,20.37,750.1,18.74,62.05
"2023-02-25 00:40:00",233949,12.78,20.37,750.1,18.82,60.62
"2023-02-25 00:45:00",233950,12.78,20.37,750.1,19.05,60.66
"2023-02-25 00:50:00",233951,12.79,20.39,750,19.24,59.42
"2023-02-25 00:55:00",233952,12.79,20.36,750,19.53,60.37
"2023-02-25 01:00:00",233953,12.79,20.39,749.9,19.71,60.07
"2023-02-25 01:05:00",233954,12.79,20.45,749.8,19.67,60.7
"2023-02-25 01:10:00",233955,12.78,20.49,749.7,19.68,60.73
"2023-02-25 01:15:00",233956,12.78,20.46,749.5,19.6,61.2
"2023-02-25 01:20:00",233957,12.78,20.47,749.5,19.46,61.81
"2023-02-25 01:25:00",233958,12.78,20.45,749.4,19.25,62.92
"2023-02-25 01:30:00",233959,12.78,20.41,749.4,19.08,63.55
"2023-02-25 01:35:00",233960,12.77,20.39,749.4,19.03,63.96
"2023-02-25 01:40:00",233961,12.77,20.31,749.4,19.01,64.1
"2023-02-25 01:45:00",233962,12.77,20.22,749.5,18.94,64.12
"2023-02-25 01:50:00",233963,12.77,20.12,749.6,18.8,65.07
"2023-02-25 01:55:00",233964,12.77,19.99,749.5,18.48,65.88
"2023-02-25 02:00:00",233965,12.76,19.91,749.5,18.3,66.88
"2023-02-25 02:05:00",233966,12.76,19.8,749.5,18.27,66.82
"2023-02-25 02:10:00",233967,12.76,19.74,749.5,18.32,64.49
"2023-02-25 02:15:00",233968,12.76,19.66,749.5,18.28,64.25
"2023-02-25 02:20:00",233969,12.76,19.59,749.4,18.13,64.7
"2023-02-25 02:25:00",233970,12.75,19.52,749.5,17.95,66.82
"2023-02-25 02:30:00",233971,12.75,19.41,749.5,17.75,68.48
"2023-02-25 02:35:00",233972,12.75,19.29,749.4,17.58,69.59
"2023-02-25 02:40:00",233973,12.75,19.22,749.3,18.1,66.2
"2023-02-25 02:45:00",233974,12.74,19.18,749.2,18.18,65.89
"2023-02-25 02:50:00",233975,12.74,19.16,749.2,18.11,66.7
"2023-02-25 02:55:00",233976,12.74,19.13,749.2,17.87,67.78
"2023-02-25 03:00:00",233977,12.73,19.09,749.2,17.79,67.73
"2023-02-25 03:05:00",233978,12.73,19.06,749.1,17.42,69.39
"2023-02-25 03:10:00",233979,12.72,19,749.1,17.37,69.81
"2023-02-25 03:15:00",233980,12.72,18.97,749.2,17.31,70.29
"2023-02-25 03:20:00",233981,12.72,18.91,749.3,17.51,69.31
"2023-02-25 03:25:00",233982,12.72,18.87,749.3,17.68,69.03
"2023-02-25 03:30:00",233983,12.71,18.81,749.3,17.65,69.02
"2023-02-25 03:35:00",233984,12.71,18.78,749.3,17.43,69.62
"2023-02-25 03:40:00",233985,12.71,18.71,749.3,17.57,69.33
"2023-02-25 03:45:00",233986,12.71,18.58,749.3,17.51,69.93
"2023-02-25 03:50:00",233987,12.71,18.52,749.4,17.32,70.24
"2023-02-25 03:55:00",233988,12.7,18.48,749.4,17.32,70.3
"2023-02-25 04:00:00",233989,12.7,18.47,749.3,17.42,69.97
"2023-02-25 04:05:00",233990,12.7,18.51,749.3,17.43,70.61
"2023-02-25 04:10:00",233991,12.7,18.51,749.4,17.47,70.67
"2023-02-25 04:15:00",233992,12.7,18.57,749.4,17.7,69.44
"2023-02-25 04:20:00",233993,12.69,18.63,749.5,17.7,68.95
"2023-02-25 04:25:00",233994,12.69,18.7,749.6,17.55,69.85
"2023-02-25 04:30:00",233995,12.69,18.79,749.6,17.55,69.03
"2023-02-25 04:35:00",233996,12.69,18.83,749.6,17.65,68.88
"2023-02-25 04:40:00",233997,12.69,18.89,749.7,17.72,68.36
"2023-02-25 04:45:00",233998,12.69,18.91,749.7,17.65,68.67
"2023-02-25 04:50:00",233999,12.68,18.92,749.8,17.57,68.54
"2023-02-25 04:55:00",234000,12.68,18.93,749.8,17.68,68.03
"2023-02-25 05:00:00",234001,12.67,18.94,749.9,17.83,67.94
"2023-02-25 05:05:00",234002,12.67,18.97,749.9,17.83,67.44
"2023-02-25 05:10:00",234003,12.67,18.98,750,17.89,67.16
"2023-02-25 05:15:00",234004,12.67,19,750,17.89,67.52
"2023-02-25 05:20:00",234005,12.66,19.01,750.1,17.91,68.4
"2023-02-25 05:25:00",234006,12.67,19,750,17.84,67.63
"2023-02-25 05:30:00",234007,12.66,18.95,750,17.61,68.95
"2023-02-25 05:35:00",234008,12.66,18.9,750.1,17.51,68.94
"2023-02-25 05:40:00",234009,12.66,18.85,750.1,17.49,69.11
"2023-02-25 05:45:00",234010,12.66,18.81,750.1,17.37,70.1
"2023-02-25 05:50:00",234011,12.65,18.77,750.2,17.33,70.7
"2023-02-25 05:55:00",234012,12.65,18.75,750.2,17.22,71.66
"2023-02-25 06:00:00",234013,12.65,18.71,750.2,16.99,73.31
"2023-02-25 06:05:00",234014,12.65,18.66,750.2,16.93,73.96
"2023-02-25 06:10:00",234015,12.65,18.65,750.2,16.89,74.09
"2023-02-25 06:15:00",234016,12.64,18.61,750.2,16.85,74.54
"2023-02-25 06:20:00",234017,12.64,18.6,750.3,16.77,75.01
"2023-02-25 06:25:00",234018,12.64,18.63,750.3,16.63,75.75
"2023-02-25 06:30:00",234019,12.65,18.63,750.3,16.48,76.12
"2023-02-25 06:35:00",234020,12.66,18.65,750.3,16.4,76.38
"2023-02-25 06:40:00",234021,12.67,18.56,750.4,16.42,76.19
"2023-02-25 06:45:00",234022,12.7,18.53,750.3,16.37,76.48
"2023-02-25 06:50:00",234023,12.72,18.5,750.4,16.45,75.94
"2023-02-25 06:55:00",234024,12.76,18.5,750.4,16.55,75.85
"2023-02-25 07:00:00",234025,12.82,18.52,750.6,16.61,75.57
"2023-02-25 07:05:00",234026,12.9,18.54,750.6,16.85,75.48
"2023-02-25 07:10:00",234027,13.01,18.58,750.7,17.01,75.54
"2023-02-25 07:15:00",234028,13.14,18.64,750.8,17.2,75.46
"2023-02-25 07:20:00",234029,13.28,18.74,750.9,17.02,74.63
"2023-02-25 07:25:00",234030,13.39,18.88,751,17.36,73.39
"2023-02-25 07:30:00",234031,13.49,19.07,751.1,17.7,71.82
"2023-02-25 07:35:00",234032,13.53,19.29,751.2,17.61,72.54
"2023-02-25 07:40:00",234033,13.57,19.53,751.3,17.95,71.23
"2023-02-25 07:45:00",234034,13.59,19.77,751.4,18.03,70.57
"2023-02-25 07:50:00",234035,13.62,20,751.4,18.01,70.02
"2023-02-25 07:55:00",234036,13.76,20.33,751.5,18.41,67.02
"2023-02-25 08:00:00",234037,13.7,21.47,751.6,19.09,65.72
"2023-02-25 08:05:00",234038,13.7,22.3,751.7,19.52,65.44
"2023-02-25 08:10:00",234039,13.7,22.86,751.8,19.47,63.19
"2023-02-25 08:15:00",234040,13.67,23.32,751.8,20.16,59.04
"2023-02-25 08:20:00",234041,13.68,23.75,751.8,19.55,64.34
"2023-02-25 08:25:00",234042,13.68,24.19,751.8,19.19,63.65
"2023-02-25 08:30:00",234043,13.65,24.52,751.8,20.09,60.31
"2023-02-25 08:35:00",234044,13.65,24.95,751.8,21.15,57.76
"2023-02-25 08:40:00",234045,13.65,25.48,751.8,21.95,53.89
"2023-02-25 08:45:00",234046,13.62,26.04,751.7,20.99,53.35
"2023-02-25 08:50:00",234047,13.62,26.55,751.7,21.82,54.05
"2023-02-25 08:55:00",234048,13.6,27.06,751.6,20.43,57.19
"2023-02-25 09:00:00",234049,13.6,27.51,751.6,21.55,53.77
"2023-02-25 09:05:00",234050,13.57,27.88,751.5,20.6,54.1
"2023-02-25 09:10:00",234051,13.57,28.06,751.5,21.14,54.05
"2023-02-25 09:15:00",234052,13.58,28.19,751.5,20.43,55.13
"2023-02-25 09:20:00",234053,13.57,28.17,751.4,21.78,52.14
"2023-02-25 09:25:00",234054,13.58,28.27,751.5,20.76,53.69
"2023-02-25 09:30:00",234055,13.57,28.38,751.5,21.31,52.39
"2023-02-25 09:35:00",234056,13.58,28.53,751.5,21.36,50.64
"2023-02-25 09:40:00",234057,13.58,28.7,751.5,21.29,51.2
"2023-02-25 09:45:00",234058,13.58,28.93,751.5,22.44,47.78
"2023-02-25 09:50:00",234059,13.55,29.23,751.5,22.21,48.89
"2023-02-25 09:55:00",234060,13.55,29.4,751.5,22.21,48.67
"2023-02-25 10:00:00",234061,13.55,29.6,751.4,22.54,47.76
"2023-02-25 10:05:00",234062,13.55,29.8,751.4,23.39,45.4
"2023-02-25 10:10:00",234063,13.55,30.13,751.4,23.24,44.96
"2023-02-25 10:15:00",234064,13.53,30.45,751.4,22.87,45.56
"2023-02-25 10:20:00",234065,13.53,30.75,751.3,24.19,42.42
"2023-02-25 10:25:00",234066,13.53,30.91,751.2,23.81,44.71
"2023-02-25 10:30:00",234067,13.51,31.3,751.2,24.9,41.06
"2023-02-25 10:35:00",234068,13.51,31.75,751.1,24.83,40.79
"2023-02-25 10:40:00",234069,13.51,32.16,751,24.74,40.29
"2023-02-25 10:45:00",234070,13.51,32.56,751,24.23,42.68
"2023-02-25 10:50:00",234071,13.49,32.91,750.9,24.54,40.17
"2023-02-25 10:55:00",234072,13.49,33.17,750.8,24.42,41.21
"2023-02-25 11:00:00",234073,13.49,33.3,750.7,25.54,39.55
"2023-02-25 11:05:00",234074,13.46,33.52,750.7,25.49,37.37
"2023-02-25 11:10:00",234075,13.46,33.75,750.6,24.5,38.69
"2023-02-25 11:15:00",234076,13.46,33.91,750.5,25.63,37.05
"2023-02-25 11:20:00",234077,13.46,34.2,750.4,26.11,36.93
"2023-02-25 11:25:00",234078,13.46,34.5,750.3,25.38,37.19
"2023-02-25 11:30:00",234079,13.46,34.65,750.3,25.26,38.14
"2023-02-25 11:35:00",234080,13.47,34.66,750.2,25.53,37.37
"2023-02-25 11:40:00",234081,13.47,34.66,750.2,24.93,37.94
"2023-02-25 11:45:00",234082,13.47,34.61,750.1,26.32,35.52
"2023-02-25 11:50:00",234083,13.47,34.65,750,25.44,34.9
"2023-02-25 11:55:00",234084,13.47,34.68,749.9,25.98,35.05
"2023-02-25 12:00:00",234085,13.47,34.65,749.8,25.98,33.71
"2023-02-25 12:05:00",234086,13.47,34.63,749.7,25.18,34.88
"2023-02-25 12:10:00",234087,13.47,34.58,749.7,26.01,34.19
"2023-02-25 12:15:00",234088,13.47,34.53,749.6,26.64,32.26
"2023-02-25 12:20:00",234089,13.47,34.55,749.5,26.78,33.18
"2023-02-25 12:25:00",234090,13.47,34.64,749.5,28.16,31.72
"2023-02-25 12:30:00",234091,13.44,34.83,749.4,28.55,29.74
"2023-02-25 12:35:00",234092,13.44,35,749.3,27.48,32.88
"2023-02-25 12:40:00",234093,13.45,35.07,749.2,27.39,31.45
"2023-02-25 12:45:00",234094,13.44,35.08,749.1,27.42,31.25
"2023-02-25 12:50:00",234095,13.45,35.13,749,28.19,30.36
"2023-02-25 12:55:00",234096,13.44,35.19,748.8,28.16,29.71
"2023-02-25 13:00:00",234097,13.45,35.2,748.7,27.42,29.99
"2023-02-25 13:05:00",234098,13.45,35.13,748.6,27.62,29.84
"2023-02-25 13:10:00",234099,13.45,35.07,748.5,27.99,28.3
"2023-02-25 13:15:00",234100,13.45,35.03,748.4,28.04,28.71
"2023-02-25 13:20:00",234101,13.45,34.99,748.3,27.65,27.04
"2023-02-25 13:25:00",234102,13.45,34.91,748.2,27.84,28.76
"2023-02-25 13:30:00",234103,13.45,34.84,748.1,27.66,28.13
"2023-02-25 13:35:00",234104,13.45,34.76,748,28.21,26.39
"2023-02-25 13:40:00",234105,13.45,34.72,747.9,28.19,26.25
"2023-02-25 13:45:00",234106,13.45,34.71,747.8,28.22,27.22
"2023-02-25 13:50:00",234107,13.45,34.74,747.7,28.71,26.5
"2023-02-25 13:55:00",234108,13.45,34.8,747.7,29.67,25.74
"2023-02-25 14:00:00",234109,13.45,34.98,747.6,29.87,24.09
"2023-02-25 14:05:00",234110,13.45,35.15,747.5,29.44,25.72
"2023-02-25 14:10:00",234111,13.45,35.33,747.5,30.84,23.84
"2023-02-25 14:15:00",234112,13.45,35.59,747.4,29.77,24.15
"2023-02-25 14:20:00",234113,13.45,35.77,747.3,29.92,25.62
"2023-02-25 14:25:00",234114,13.43,35.93,747.2,30.98,23.46
"2023-02-25 14:30:00",234115,13.43,36.09,747.1,29.64,22.26
"2023-02-25 14:35:00",234116,13.43,36.17,747,29.7,23.59
"2023-02-25 14:40:00",234117,13.43,36.16,747,29.4,24.16
"2023-02-25 14:45:00",234118,13.43,36.14,746.9,30.85,21.78
"2023-02-25 14:50:00",234119,13.43,36.24,746.8,30.04,21.17
"2023-02-25 14:55:00",234120,13.43,36.36,746.7,30.36,22.31
"2023-02-25 15:00:00",234121,13.43,36.57,746.6,30.75,23.24
"2023-02-25 15:05:00",234122,13.43,36.74,746.5,31.63,22.39
"2023-02-25 15:10:00",234123,13.43,36.98,746.5,31.18,22.22
"2023-02-25 15:15:00",234124,13.4,37.16,746.4,30.32,22.2
"2023-02-25 15:20:00",234125,13.4,37.21,746.4,29.54,24.07
"2023-02-25 15:25:00",234126,13.4,37.22,746.3,30.95,21.29
"2023-02-25 15:30:00",234127,13.4,37.34,746.2,31.08,21.23
"2023-02-25 15:35:00",234128,13.41,37.49,746.1,31.64,19.71
"2023-02-25 15:40:00",234129,13.4,37.69,746.1,30.45,20.42
"2023-02-25 15:45:00",234130,13.41,37.88,746,31.21,19.33
"2023-02-25 15:50:00",234131,13.41,38.06,746,30.47,20.98
"2023-02-25 15:55:00",234132,13.38,38.19,745.9,30.7,18.74
"2023-02-25 16:00:00",234133,13.38,38.35,745.8,32.09,15.33
"2023-02-25 16:05:00",234134,13.38,38.47,745.7,30.29,16.17
"2023-02-25 16:10:00",234135,13.38,38.43,745.7,30.92,12.52
"2023-02-25 16:15:00",234136,13.38,38.25,745.7,30.65,13.12
"2023-02-25 16:20:00",234137,13.38,38.08,745.6,31.17,12.85
"2023-02-25 16:25:00",234138,13.38,38.06,745.5,31.24,15.22
"2023-02-25 16:30:00",234139,13.38,38.07,745.5,30.02,17.22
"2023-02-25 16:35:00",234140,13.38,38.04,745.4,30.28,18.15
"2023-02-25 16:40:00",234141,13.38,38.09,745.3,31,23.26
"2023-02-25 16:45:00",234142,13.38,38.11,745.3,30.17,24.04
"2023-02-25 16:50:00",234143,13.38,37.98,745.3,30.72,20.01
"2023-02-25 16:55:00",234144,13.38,37.77,745.3,30.46,21.12
"2023-02-25 17:00:00",234145,13.38,37.52,745.3,29.88,18.84
"2023-02-25 17:05:00",234146,13.38,37.17,745.4,29.96,17.21
"2023-02-25 17:10:00",234147,13.38,36.8,745.4,30.14,17.15
"2023-02-25 17:15:00",234148,13.38,36.42,745.5,29.75,19.74
"2023-02-25 17:20:00",234149,13.38,36.02,745.5,29.1,22.75
"2023-02-25 17:25:00",234150,13.38,35.52,745.5,28.6,21.57
"2023-02-25 17:30:00",234151,13.38,34.95,745.5,28.4,21.45
"2023-02-25 17:35:00",234152,13.4,34.4,745.6,28.36,22.94
"2023-02-25 17:40:00",234153,13.4,33.9,745.6,28.11,22.72
"2023-02-25 17:45:00",234154,13.4,33.48,745.6,28.21,22.38
"2023-02-25 17:50:00",234155,13.42,33.1,745.7,28.14,22.93
"2023-02-25 17:55:00",234156,13.42,32.77,745.7,28,24.38
"2023-02-25 18:00:00",234157,13.41,32.29,745.8,26.96,29.31
"2023-02-25 18:05:00",234158,13.37,31.47,745.9,26.68,30.91
"2023-02-25 18:10:00",234159,13.3,30.85,746,26.24,32.36
"2023-02-25 18:15:00",234160,13.21,30.35,746,26.12,32.89
"2023-02-25 18:20:00",234161,13.14,29.91,745.9,25.94,33.07
"2023-02-25 18:25:00",234162,13.07,29.52,745.8,25.84,32.93
"2023-02-25 18:30:00",234163,13.03,29.2,745.8,25.96,32.34
"2023-02-25 18:35:00",234164,12.99,28.92,745.8,25.97,31.53
"2023-02-25 18:40:00",234165,12.96,28.68,745.9,25.94,31.32
"2023-02-25 18:45:00",234166,12.93,28.46,745.9,25.72,31.88
"2023-02-25 18:50:00",234167,12.92,28.25,746,25.66,31.91
"2023-02-25 18:55:00",234168,12.91,28.04,746,25.69,31.5
"2023-02-25 19:00:00",234169,12.91,27.82,746.1,25.68,31.71
"2023-02-25 19:05:00",234170,12.9,27.64,746.2,25.81,32.73
"2023-02-25 19:10:00",234171,12.9,27.5,746.3,25.71,31.88
"2023-02-25 19:15:00",234172,12.9,27.38,746.4,25.81,32.32
"2023-02-25 19:20:00",234173,12.9,27.28,746.4,25.76,33.56
"2023-02-25 19:25:00",234174,12.9,27.16,746.4,25.37,34.36
"2023-02-25 19:30:00",234175,12.89,27.03,746.5,25.18,34.98
"2023-02-25 19:35:00",234176,12.89,26.87,746.5,25.24,35.42
"2023-02-25 19:40:00",234177,12.89,26.7,746.6,25.1,36.4
"2023-02-25 19:45:00",234178,12.89,26.52,746.7,24.52,36.61
"2023-02-25 19:50:00",234179,12.88,26.32,746.7,24.24,37.38
"2023-02-25 19:55:00",234180,12.88,26.12,746.8,24.14,37.76
"2023-02-25 20:00:00",234181,12.88,25.9,746.8,23.98,38.08
"2023-02-25 20:05:00",234182,12.88,25.68,746.9,23.89,37.21
"2023-02-25 20:10:00",234183,12.88,25.48,746.9,23.99,37.22
"2023-02-25 20:15:00",234184,12.87,25.32,747,23.9,37.61
"2023-02-25 20:20:00",234185,12.87,25.16,747,23.79,36.77
"2023-02-25 20:25:00",234186,12.87,25.02,747.1,23.89,36.62
"2023-02-25 20:30:00",234187,12.87,24.91,747.2,23.79,36.44
"2023-02-25 20:35:00",234188,12.87,24.79,747.3,23.35,36.76
"2023-02-25 20:40:00",234189,12.86,24.64,747.4,23.27,36.32
"2023-02-25 20:45:00",234190,12.86,24.51,747.5,23.56,34.73
"2023-02-25 20:50:00",234191,12.86,24.39,747.6,23.52,34.99
"2023-02-25 20:55:00",234192,12.86,24.28,747.7,23.37,35.14
"2023-02-25 21:00:00",234193,12.86,24.16,747.8,23.31,36.95
"2023-02-25 21:05:00",234194,12.86,24.06,747.9,22.66,37.87
"2023-02-25 21:10:00",234195,12.85,23.92,748,23.21,35.16
"2023-02-25 21:15:00",234196,12.85,23.81,748.1,22.91,33.8
"2023-02-25 21:20:00",234197,12.85,23.76,748.1,24.11,30.26
"2023-02-25 21:25:00",234198,12.83,23.99,748.2,24.21,29.89
"2023-02-25 21:30:00",234199,12.83,24.12,748.2,23.76,29.79
"2023-02-25 21:35:00",234200,12.83,24.12,748.2,23.54,33.33
"2023-02-25 21:40:00",234201,12.83,24.06,748.3,23.07,34.68
"2023-02-25 21:45:00",234202,12.83,24,748.4,22.97,33.47
"2023-02-25 21:50:00",234203,12.82,23.9,748.4,22.88,32.83
"2023-02-25 21:55:00",234204,12.82,23.82,748.4,23.33,32.1
"2023-02-25 22:00:00",234205,12.82,23.77,748.5,22.97,36.39
"2023-02-25 22:05:00",234206,12.82,23.63,748.5,22.46,36.41
"2023-02-25 22:10:00",234207,12.82,23.55,748.6,22.43,37.85
"2023-02-25 22:15:00",234208,12.82,23.45,748.6,21.99,38.66
"2023-02-25 22:20:00",234209,12.82,23.34,748.7,21.82,37.59
"2023-02-25 22:25:00",234210,12.82,23.19,748.8,21.69,39.12
"2023-02-25 22:30:00",234211,12.82,23.05,748.8,21.69,37.91
"2023-02-25 22:35:00",234212,12.81,22.87,748.8,21.77,35.09
"2023-02-25 22:40:00",234213,12.82,22.76,748.9,21.81,36.6
"2023-02-25 22:45:00",234214,12.81,22.64,748.9,21.61,38.32
"2023-02-25 22:50:00",234215,12.81,22.51,748.9,21.27,40.18
"2023-02-25 22:55:00",234216,12.81,22.42,748.9,21.09,39.83
"2023-02-25 23:00:00",234217,12.81,22.3,748.9,21.06,39.12
"2023-02-25 23:05:00",234218,12.81,22.17,748.9,20.86,40.04
"2023-02-25 23:10:00",234219,12.81,22.04,748.9,20.72,40.8
"2023-02-25 23:15:00",234220,12.81,21.9,748.9,20.46,42.03
"2023-02-25 23:20:00",234221,12.8,21.77,748.9,20.36,42.31
"2023-02-25 23:25:00",234222,12.8,21.68,748.8,20.11,43.76
"2023-02-25 23:30:00",234223,12.8,21.57,748.8,20,44.58
"2023-02-25 23:35:00",234224,12.8,21.45,748.8,19.93,45.17
"2023-02-25 23:40:00",234225,12.8,21.33,748.8,19.86,44.85
"2023-02-25 23:45:00",234226,12.8,21.18,748.8,19.8,45.7
"2023-02-25 23:50:00",234227,12.8,21.08,748.8,19.9,46.47
"2023-02-25 23:55:00",234228,12.8,21.01,748.8,19.69,47.97
"2023-02-26 00:00:00",234229,12.79,20.94,748.7,19.44,49.25
"2023-02-26 00:05:00",234230,12.79,20.85,748.7,19.32,50.12
"2023-02-26 00:10:00",234231,12.79,20.74,748.6,19.06,49.39
"2023-02-26 00:15:00",234232,12.79,20.61,748.6,18.93,50.44
"2023-02-26 00:20:00",234233,12.79,20.46,748.6,19.06,50.02
"2023-02-26 00:25:00",234234,12.79,20.34,748.5,19.02,51.05
"2023-02-26 00:30:00",234235,12.79,20.25,748.6,18.74,49.42
"2023-02-26 00:35:00",234236,12.79,20.14,748.6,18.55,49.64
"2023-02-26 00:40:00",234237,12.78,20.01,748.5,18.56,49.02
"2023-02-26 00:45:00",234238,12.78,19.89,748.5,18.47,48.75
"2023-02-26 00:50:00",234239,12.78,19.71,748.5,18.46,49.29
"2023-02-26 00:55:00",234240,12.78,19.63,748.5,18.49,50.07
"2023-02-26 01:00:00",234241,12.78,19.56,748.4,18.39,52.14
"2023-02-26 01:05:00",234242,12.78,19.48,748.4,18.15,54.79
"2023-02-26 01:10:00",234243,12.78,19.38,748.3,18.04,55.82
"2023-02-26 01:15:00",234244,12.77,19.32,748.4,17.93,55.86
"2023-02-26 01:20:00",234245,12.77,19.23,748.3,17.94,55.01
"2023-02-26 01:25:00",234246,12.77,19.15,748.3,17.89,55.52
"2023-02-26 01:30:00",234247,12.77,19.04,748.3,17.84,53.95
"2023-02-26 01:35:00",234248,12.77,18.96,748.4,17.82,57.65
"2023-02-26 01:40:00",234249,12.76,18.86,748.4,17.33,57.78
"2023-02-26 01:45:00",234250,12.76,18.76,748.4,17.4,57.06
"2023-02-26 01:50:00",234251,12.76,18.65,748.4,17.52,58.99
"2023-02-26 01:55:00",234252,12.76,18.57,748.4,17.4,58.91
"2023-02-26 02:00:00",234253,12.76,18.49,748.5,17.43,58.74
"2023-02-26 02:05:00",234254,12.75,18.43,748.5,17.35,58.66
"2023-02-26 02:10:00",234255,12.75,18.4,748.5,17.5,57.93
"2023-02-26 02:15:00",234256,12.75,18.36,748.5,17.41,57.22
"2023-02-26 02:20:00",234257,12.75,18.35,748.6,17.53,60.05
"2023-02-26 02:25:00",234258,12.75,18.35,748.7,16.77,60.74
"2023-02-26 02:30:00",234259,12.75,18.28,748.7,16.5,60.28
"2023-02-26 02:35:00",234260,12.74,18.23,748.8,16.4,61.04
"2023-02-26 02:40:00",234261,12.74,18.14,748.8,16.35,60.49
"2023-02-26 02:45:00",234262,12.74,18.07,748.9,16.42,59.63
"2023-02-26 02:50:00",234263,12.74,18.02,748.9,16.27,60.48
"2023-02-26 02:55:00",234264,12.73,17.93,748.9,16.3,59.95
"2023-02-26 03:00:00",234265,12.73,17.87,748.9,16.36,59.68
"2023-02-26 03:05:00",234266,12.73,17.79,748.9,16.33,59.89
"2023-02-26 03:10:00",234267,12.73,17.75,748.9,16.33,60.49
"2023-02-26 03:15:00",234268,12.72,17.68,748.9,16.43,60.51
"2023-02-26 03:20:00",234269,12.72,17.65,749,16.53,60.52
"2023-02-26 03:25:00",234270,12.72,17.61,749,16.53,61.03
"2023-02-26 03:30:00",234271,12.72,17.58,749,16.44,60.42
"2023-02-26 03:35:00",234272,12.71,17.54,749,16.34,58.87
"2023-02-26 03:40:00",234273,12.73,17.52,748.9,16.42,56.7
"2023-02-26 03:45:00",234274,12.73,17.44,749,15.92,63.37
"2023-02-26 03:50:00",234275,12.72,17.35,748.9,15.54,65.04
"2023-02-26 03:55:00",234276,12.72,17.26,749,15.47,65.91
"2023-02-26 04:00:00",234277,12.72,17.06,749,15.32,66.18
"2023-02-26 04:05:00",234278,12.72,16.91,748.9,15.38,65.98
"2023-02-26 04:10:00",234279,12.71,16.78,749,15.38,66.62
"2023-02-26 04:15:00",234280,12.71,16.69,749,15.33,66.18
"2023-02-26 04:20:00",234281,12.71,16.6,749,15.5,65.91
"2023-02-26 04:25:00",234282,12.71,16.53,749,15.31,64.68
"2023-02-26 04:30:00",234283,12.71,16.45,749.1,15.26,63.88
"2023-02-26 04:35:00",234284,12.7,16.36,749.1,15.18,64.95
"2023-02-26 04:40:00",234285,12.7,16.28,749.2,15.05,65.92
"2023-02-26 04:45:00",234286,12.7,16.19,749.2,14.8,67.28
"2023-02-26 04:50:00",234287,12.69,16.12,749.1,14.97,66.75
"2023-02-26 04:55:00",234288,12.69,16.02,749.1,14.71,67.58
"2023-02-26 05:00:00",234289,12.69,15.95,749.2,15.12,65.35
"2023-02-26 05:05:00",234290,12.69,15.92,749.2,15.38,64.46
"2023-02-26 05:10:00",234291,12.68,15.91,749.3,15.19,65.28
"2023-02-26 05:15:00",234292,12.68,15.92,749.3,15.59,63.96
"2023-02-26 05:20:00",234293,12.68,15.95,749.4,15.62,64.03
"2023-02-26 05:25:00",234294,12.67,16,749.4,15.26,65.34
"2023-02-26 05:30:00",234295,12.67,16.01,749.5,15.23,64.16
"2023-02-26 05:35:00",234296,12.67,16.01,749.5,15.11,64.44
"2023-02-26 05:40:00",234297,12.67,15.96,749.6,14.95,64.85
"2023-02-26 05:45:00",234298,12.66,15.89,749.7,14.95,65.94
"2023-02-26 05:50:00",234299,12.65,15.83,749.7,14.77,67.62
"2023-02-26 05:55:00",234300,12.65,15.79,749.8,14.69,69.05
"2023-02-26 06:00:00",234301,12.65,15.72,749.8,14.56,67.5
"2023-02-26 06:05:00",234302,12.65,15.67,749.9,14.95,63.64
"2023-02-26 06:10:00",234303,12.64,15.64,750,14.92,65.81
"2023-02-26 06:15:00",234304,12.64,15.63,750,14.95,63.32
"2023-02-26 06:20:00",234305,12.64,15.66,750.1,14.81,65.97
"2023-02-26 06:25:00",234306,12.64,15.63,750.1,14.67,66.29
"2023-02-26 06:30:00",234307,12.65,15.64,750.2,14.65,66.12
"2023-02-26 06:35:00",234308,12.68,15.66,750.3,14.65,66.35
"2023-02-26 06:40:00",234309,12.7,15.68,750.3,14.52,66.73
"2023-02-26 06:45:00",234310,12.73,15.69,750.5,14.52,67.6
"2023-02-26 06:50:00",234311,12.77,15.71,750.5,14.41,68.34
"2023-02-26 06:55:00",234312,12.83,15.75,750.5,14.54,68.07
"2023-02-26 07:00:00",234313,12.91,15.83,750.5,14.69,67.26
"2023-02-26 07:05:00",234314,13.02,15.94,750.6,14.98,67.16
"2023-02-26 07:10:00",234315,13.11,16.1,750.6,15.12,66.46
"2023-02-26 07:15:00",234316,13.2,16.25,750.7,15.42,65.05
"2023-02-26 07:20:00",234317,13.32,16.43,750.7,15.59,64.08
"2023-02-26 07:25:00",234318,13.46,16.7,750.8,15.86,63.27
"2023-02-26 07:30:00",234319,13.63,17.04,750.9,16.45,61.68
"2023-02-26 07:35:00",234320,13.7,17.5,750.9,17.87,56.68
"2023-02-26 07:40:00",234321,13.79,17.94,751,17.84,58.11
"2023-02-26 07:45:00",234322,13.88,19,751.1,17.46,61.27
"2023-02-26 07:50:00",234323,13.76,20.18,751.2,17.84,58.41
"2023-02-26 07:55:00",234324,13.73,20.9,751.2,17.52,58.72
"2023-02-26 08:00:00",234325,13.73,21.5,751.2,18.05,57.5
"2023-02-26 08:05:00",234326,13.7,22.08,751.3,19.12,53.58
"2023-02-26 08:10:00",234327,13.7,22.66,751.3,19.02,53.75
"2023-02-26 08:15:00",234328,13.68,23.21,751.4,19.83,52.12
"2023-02-26 08:20:00",234329,13.68,23.77,751.4,20.53,50.09
"2023-02-26 08:25:00",234330,13.68,24.38,751.4,21.5,43.11
"2023-02-26 08:30:00",234331,13.65,24.99,751.5,21.27,43.6
"2023-02-26 08:35:00",234332,13.63,25.59,751.4,21.97,42.88
"2023-02-26 08:40:00",234333,13.63,26.19,751.4,22.16,41.54
"2023-02-26 08:45:00",234334,13.63,26.8,751.5,22.01,42.11
"2023-02-26 08:50:00",234335,13.6,27.37,751.4,22.04,43.21
"2023-02-26 08:55:00",234336,13.6,27.98,751.4,22.83,41.03
"2023-02-26 09:00:00",234337,13.58,28.54,751.4,23.54,38.69
"2023-02-26 09:05:00",234338,13.58,29.13,751.3,23.79,37.66
"2023-02-26 09:10:00",234339,13.55,29.62,751.3,22.27,41.33
"2023-02-26 09:15:00",234340,13.55,29.98,751.3,21.88,43.26
"2023-02-26 09:20:00",234341,13.55,30.28,751.3,22.53,41.94
"2023-02-26 09:25:00",234342,13.53,30.51,751.2,22.5,41.81
"2023-02-26 09:30:00",234343,13.53,30.8,751.2,23.61,39.61
"2023-02-26 09:35:00",234344,13.53,31.2,751.2,24.25,39.45
"2023-02-26 09:40:00",234345,13.53,31.65,751.3,24.25,40.01
"2023-02-26 09:45:00",234346,13.51,31.97,751.4,23.33,41.61
"2023-02-26 09:50:00",234347,13.51,32.19,751.3,23.69,40.38
"2023-02-26 09:55:00",234348,13.51,32.41,751.3,24.01,39.79
"2023-02-26 10:00:00",234349,13.51,32.65,751.2,24.24,37.97
"2023-02-26 10:05:00",234350,13.48,32.92,751.2,24.16,37.24
"2023-02-26 10:10:00",234351,13.48,33.14,751.1,24.39,38.31
"2023-02-26 10:15:00",234352,13.48,33.32,751.1,24.43,38.45
"2023-02-26 10:20:00",234353,13.48,33.5,751,25.18,37.54
"2023-02-26 10:25:00",234354,13.48,33.76,751,25.04,37.32
"2023-02-26 10:30:00",234355,13.46,34.04,751,25.22,36.94
"2023-02-26 10:35:00",234356,13.46,34.27,751.1,25.54,35.01
"2023-02-26 10:40:00",234357,13.46,34.43,751,24.99,34.79
"2023-02-26 10:45:00",234358,13.46,34.61,751.1,26.51,32.59
"2023-02-26 10:50:00",234359,13.46,34.87,751,26.78,32.47
"2023-02-26 10:55:00",234360,13.44,35.12,751,25.18,34.14
"2023-02-26 11:00:00",234361,13.44,35.23,751,26.31,33.17
"2023-02-26 11:05:00",234362,13.44,35.37,750.9,26.7,32.47
"2023-02-26 11:10:00",234363,13.44,35.57,751,25.98,33.58
"2023-02-26 11:15:00",234364,13.44,35.69,751,25.49,33.77
"2023-02-26 11:20:00",234365,13.44,35.68,750.8,25.25,35.15
"2023-02-26 11:25:00",234366,13.44,35.64,750.8,25.36,34.96
"2023-02-26 11:30:00",234367,13.44,35.63,750.7,26.17,30.26
"2023-02-26 11:35:00",234368,13.44,35.65,750.7,26.93,28.35
"2023-02-26 11:40:00",234369,13.44,35.86,750.7,27.27,29.13
"2023-02-26 11:45:00",234370,13.42,36.05,750.6,27.6,29.09
"2023-02-26 11:50:00",234371,13.42,36.27,750.6,27.07,30.44
"2023-02-26 11:55:00",234372,13.42,36.36,750.5,26.66,30.68
"2023-02-26 12:00:00",234373,13.42,36.32,750.4,27.34,29.13
"2023-02-26 12:05:00",234374,13.42,36.4,750.4,25.98,31.46
"2023-02-26 12:10:00",234375,13.42,36.34,750.3,26.29,33.58
"2023-02-26 12:15:00",234376,13.42,36.21,750.2,27.43,31.38
"2023-02-26 12:20:00",234377,13.42,36.24,750.1,27.59,31.19
"2023-02-26 12:25:00",234378,13.42,36.31,750,27.44,31.52
"2023-02-26 12:30:00",234379,13.42,36.44,749.9,28.18,31.24
"2023-02-26 12:35:00",234380,13.42,36.55,749.8,27.59,32.58
"2023-02-26 12:40:00",234381,13.42,36.54,749.7,28,32.01
"2023-02-26 12:45:00",234382,13.42,36.52,749.7,28.02,31.43
"2023-02-26 12:50:00",234383,13.42,36.57,749.6,28.88,30.76
"2023-02-26 12:55:00",234384,13.42,36.69,749.5,28.96,30.15
"2023-02-26 13:00:00",234385,13.42,36.77,749.4,28.72,29.79
"2023-02-26 13:05:00",234386,13.42,36.81,749.4,27.46,32.33
"2023-02-26 13:10:00",234387,13.42,36.75,749.3,28.48,29.57
"2023-02-26 13:15:00",234388,13.42,36.74,749.1,28.35,30.31
"2023-02-26 13:20:00",234389,13.42,36.75,749,29.47,28.76
"2023-02-26 13:25:00",234390,13.42,36.84,749,29.08,29.58
"2023-02-26 13:30:00",234391,13.4,36.94,748.9,30,28.66
"2023-02-26 13:35:00",234392,13.4,36.98,748.8,28.45,30.11
"2023-02-26 13:40:00",234393,13.4,36.76,748.8,27.74,32.22
"2023-02-26 13:45:00",234394,13.39,36.18,749.2,25.42,35.07
"2023-02-26 13:50:00",234395,13.23,34.32,749.5,23.45,46.24
"2023-02-26 13:55:00",234396,13.1,31.96,749.8,22.06,52.81
"2023-02-26 14:00:00",234397,13.04,29.61,749.7,20.69,65.85
"2023-02-26 14:05:00",234398,13.02,27.62,749.4,20.58,64.73
"2023-02-26 14:10:00",234399,13,26.03,749.2,20.45,66.73
"2023-02-26 14:15:00",234400,13,24.81,749.2,19.84,69.02
"2023-02-26 14:20:00",234401,12.99,23.83,749.2,19.82,66.5
"2023-02-26 14:25:00",234402,12.99,23.09,749.2,20.38,64.66
"2023-02-26 14:30:00",234403,12.98,22.58,749.3,20.4,61.99
"2023-02-26 14:35:00",234404,12.98,22.2,749.5,20.31,59.62
"2023-02-26 14:40:00",234405,12.97,21.96,749.6,20.33,58.52
"2023-02-26 14:45:00",234406,12.97,21.75,749.5,20.49,50.59
"2023-02-26 14:50:00",234407,12.97,21.62,749.6,20.21,57.86
"2023-02-26 14:55:00",234408,12.97,21.61,749.6,19.93,64.05
"2023-02-26 15:00:00",234409,12.97,21.69,749.5,19.62,60.26
"2023-02-26 15:05:00",234410,12.96,21.82,749.5,19.98,58.99
"2023-02-26 15:10:00",234411,12.96,21.94,749.5,20.01,59.84
"2023-02-26 15:15:00",234412,12.98,22.09,749.4,20.14,53.41
"2023-02-26 15:20:00",234413,13,22.21,749.3,20.14,54.28
"2023-02-26 15:25:00",234414,13.03,22.33,749.3,20.22,50.62
"2023-02-26 15:30:00",234415,13.06,22.42,749.2,20.35,52.38
"2023-02-26 15:35:00",234416,13.1,22.52,749.1,20.37,53.6
"2023-02-26 15:40:00",234417,13.14,22.63,749.1,20.24,55.99
"2023-02-26 15:45:00",234418,13.21,22.72,749,20.2,57.37
"2023-02-26 15:50:00",234419,13.3,22.78,748.9,20.11,59.58
"2023-02-26 15:55:00",234420,13.41,22.85,749,20.37,56.9
"2023-02-26 16:00:00",234421,13.58,22.96,748.9,20.29,58.27
"2023-02-26 16:05:00",234422,13.7,23.34,748.8,20.52,57.66
"2023-02-26 16:10:00",234423,13.67,23.88,748.7,20.54,55.21
"2023-02-26 16:15:00",234424,13.67,24.15,748.7,20.66,55.44
"2023-02-26 16:20:00",234425,13.64,24.37,748.8,21.06,58.36
"2023-02-26 16:25:00",234426,13.64,24.52,748.7,21.49,41.79
"2023-02-26 16:30:00",234427,13.65,24.72,748.7,21.73,37.62
"2023-02-26 16:35:00",234428,13.65,24.89,748.7,21.74,39.48
"2023-02-26 16:40:00",234429,13.65,25.04,748.7,21.37,45.7
"2023-02-26 16:45:00",234430,13.65,25.15,748.8,21.6,49.85
"2023-02-26 16:50:00",234431,13.65,25.25,748.9,21.55,52.8
"2023-02-26 16:55:00",234432,13.65,25.33,749,21.98,47.11
"2023-02-26 17:00:00",234433,13.62,25.43,749.1,22.08,47.03
"2023-02-26 17:05:00",234434,13.62,25.53,749.2,22.43,44.58
"2023-02-26 17:10:00",234435,13.62,25.64,749.1,22.55,36.74
"2023-02-26 17:15:00",234436,13.62,25.76,749.1,22.58,37.6
"2023-02-26 17:20:00",234437,13.62,25.86,749.1,22.14,39.85
"2023-02-26 17:25:00",234438,13.62,25.91,749.3,21.49,48.83
"2023-02-26 17:30:00",234439,13.63,25.88,749.4,21.24,51.32
"2023-02-26 17:35:00",234440,13.63,25.78,749.4,21.27,53.63
"2023-02-26 17:40:00",234441,13.63,25.68,749.4,21.05,54.75
"2023-02-26 17:45:00",234442,13.62,25.58,749.4,20.74,56.71
"2023-02-26 17:50:00",234443,13.63,25.43,749.5,20.7,53.49
"2023-02-26 17:55:00",234444,13.63,25.21,749.5,20.49,57.63
"2023-02-26 18:00:00",234445,13.55,24.63,749.5,20.45,58.23
"2023-02-26 18:05:00",234446,13.3,24.01,749.6,20.32,58.79
"2023-02-26 18:10:00",234447,13.17,23.66,749.7,20.24,59.88
"2023-02-26 18:15:00",234448,13.08,23.41,749.9,20.26,61.46
"2023-02-26 18:20:00",234449,13.01,23.21,750,20.12,61.07
"2023-02-26 18:25:00",234450,12.96,23.03,750.2,20.04,62.45
"2023-02-26 18:30:00",234451,12.93,22.87,750.3,19.91,62.7
"2023-02-26 18:35:00",234452,12.91,22.71,750.4,19.77,65.72
"2023-02-26 18:40:00",234453,12.89,22.51,750.4,19.76,61.59
"2023-02-26 18:45:00",234454,12.88,22.25,750.5,19.53,64.82
"2023-02-26 18:50:00",234455,12.86,21.91,750.5,19.28,66.64
"2023-02-26 18:55:00",234456,12.85,21.54,750.5,19.26,63.4
"2023-02-26 19:00:00",234457,12.84,21.24,750.5,20.02,54.08
"2023-02-26 19:05:00",234458,12.83,21.03,750.6,19.9,60.58
"2023-02-26 19:10:00",234459,12.83,20.9,750.7,19.24,63.07
"2023-02-26 19:15:00",234460,12.83,20.8,750.8,19.22,60.23
"2023-02-26 19:20:00",234461,12.82,20.76,750.9,19.32,56.1
"2023-02-26 19:25:00",234462,12.82,20.74,751.1,18.97,60.79
"2023-02-26 19:30:00",234463,12.82,20.71,751.1,18.86,62.04
"2023-02-26 19:35:00",234464,12.82,20.67,751.1,19.1,62.56
"2023-02-26 19:40:00",234465,12.82,20.63,751.2,19.03,64.79
"2023-02-26 19:45:00",234466,12.82,20.6,751.2,18.86,66.66
"2023-02-26 19:50:00",234467,12.81,20.55,751.2,18.79,68.06
"2023-02-26 19:55:00",234468,12.81,20.51,751.2,18.82,61.28
"2023-02-26 20:00:00",234469,12.81,20.47,751.2,19.22,61.35
"2023-02-26 20:05:00",234470,12.81,20.43,751.2,19.14,61.76
"2023-02-26 20:10:00",234471,12.81,20.41,751.2,19.27,63.31
"2023-02-26 20:15:00",234472,12.81,20.38,751.2,19.28,59.97
"2023-02-26 20:20:00",234473,12.81,20.36,751.2,19.45,59.81
"2023-02-26 20:25:00",234474,12.81,20.27,751.3,19.44,60.84
"2023-02-26 20:30:00",234475,12.81,20.22,751.2,19.43,62.71
"2023-02-26 20:35:00",234476,12.81,20.2,751.3,19.17,64.25
"2023-02-26 20:40:00",234477,12.81,20.16,751.3,19.06,64.91
"2023-02-26 20:45:00",234478,12.81,20.1,751.5,19.1,55.67
"2023-02-26 20:50:00",234479,12.81,20.04,751.6,18.86,54.93
"2023-02-26 20:55:00",234480,12.81,19.98,751.7,18.9,51.75
"2023-02-26 21:00:00",234481,12.81,19.97,751.7,19.02,51.39
"2023-02-26 21:05:00",234482,12.81,19.95,751.7,19.04,53.41
"2023-02-26 21:10:00",234483,12.8,19.94,751.7,19.17,52.96
"2023-02-26 21:15:00",234484,12.8,19.96,751.8,19.24,53.44
"2023-02-26 21:20:00",234485,12.8,19.97,751.9,19.41,54.17
"2023-02-26 21:25:00",234486,12.8,20,752,19.48,53.88
"2023-02-26 21:30:00",234487,12.8,20.04,752.2,19.4,52.56
"2023-02-26 21:35:00",234488,12.8,20.08,752.3,19.11,54.59
"2023-02-26 21:40:00",234489,12.8,20.1,752.3,18.96,55.07
"2023-02-26 21:45:00",234490,12.8,20.1,752.5,18.83,54.89
"2023-02-26 21:50:00",234491,12.8,20.06,752.6,18.68,55.92
"2023-02-26 21:55:00",234492,12.79,20,752.8,18.15,60.54
"2023-02-26 22:00:00",234493,12.79,19.9,752.8,17.75,61.86
"2023-02-26 22:05:00",234494,12.79,19.79,752.9,17.73,60.05
"2023-02-26 22:10:00",234495,12.79,19.66,753,17.69,59.11
"2023-02-26 22:15:00",234496,12.79,19.53,753.2,17.7,58.84
"2023-02-26 22:20:00",234497,12.79,19.44,753.3,17.66,59.29
"2023-02-26 22:25:00",234498,12.79,19.34,753.4,17.55,59.69
"2023-02-26 22:30:00",234499,12.79,19.23,753.4,17.49,59.68
"2023-02-26 22:35:00",234500,12.78,19.13,753.5,17.35,60.86
"2023-02-26 22:40:00",234501,12.78,19.04,753.5,17.29,61.69
"2023-02-26 22:45:00",234502,12.78,18.96,753.4,17.15,62.6
"2023-02-26 22:50:00",234503,12.78,18.88,753.2,16.98,63.13
"2023-02-26 22:55:00",234504,12.78,18.78,752.9,16.89,63.83
"2023-02-26 23:00:00",234505,12.78,18.67,752.9,16.73,65.43
"2023-02-26 23:05:00",234506,12.78,18.56,752.9,16.67,66.24
"2023-02-26 23:10:00",234507,12.77,18.42,752.8,16.57,66.43
"2023-02-26 23:15:00",234508,12.77,18.33,752.8,16.56,67.01
"2023-02-26 23:20:00",234509,12.77,18.28,752.8,16.53,67.74
"2023-02-26 23:25:00",234510,12.77,18.28,752.9,16.56,68.5
"2023-02-26 23:30:00",234511,12.77,18.25,752.9,16.5,69.51
"2023-02-26 23:35:00",234512,12.77,18.24,752.9,16.48,71.09
"2023-02-26 23:40:00",234513,12.77,18.21,752.8,16.24,72.51
"2023-02-26 23:45:00",234514,12.77,18.17,752.9,16.18,72.93
"2023-02-26 23:50:00",234515,12.76,18.12,752.9,16.2,73.39
"2023-02-26 23:55:00",234516,12.76,18.08,753,16.31,73.18
"2023-02-27 00:00:00",234517,12.76,18.05,753,16.56,70.85
"2023-02-27 00:05:00",234518,12.76,18.04,752.9,16.58,69.9
"2023-02-27 00:10:00",234519,12.76,18.03,752.9,16.55,69.95
"2023-02-27 00:15:00",234520,12.75,18.03,752.9,16.59,69.96
"2023-02-27 00:20:00",234521,12.75,18.01,752.9,16.65,69.07
"2023-02-27 00:25:00",234522,12.75,18,752.9,16.67,69.04
"2023-02-27 00:30:00",234523,12.75,17.96,752.9,16.58,69.49
"2023-02-27 00:35:00",234524,12.75,17.93,752.9,16.5,70.43
"2023-02-27 00:40:00",234525,12.75,17.87,752.9,16.49,71.12
"2023-02-27 00:45:00",234526,12.75,17.83,752.9,16.42,70.91
"2023-02-27 00:50:00",234527,12.74,17.8,752.9,16.42,70.71
"2023-02-27 00:55:00",234528,12.74,17.78,752.9,16.61,70.54
"2023-02-27 01:00:00",234529,12.74,17.8,752.9,16.72,69.78
"2023-02-27 01:05:00",234530,12.74,17.84,753,16.74,69.64
"2023-02-27 01:10:00",234531,12.73,17.88,753,16.79,69.65
"2023-02-27 01:15:00",234532,12.73,17.94,753,16.81,70.43
"2023-02-27 01:20:00",234533,12.73,18,752.9,16.71,70.73
"2023-02-27 01:25:00",234534,12.73,18.05,752.9,16.39,73.54
"2023-02-27 01:30:00",234535,12.73,18.08,752.9,16.3,73.09
"2023-02-27 01:35:00",234536,12.73,18.07,752.9,16.36,72.94
"2023-02-27 01:40:00",234537,12.72,18.07,752.9,16.43,73.61
"2023-02-27 01:45:00",234538,12.72,18.05,752.9,16.4,73.83
"2023-02-27 01:50:00",234539,12.72,17.96,752.9,16.13,75.17
"2023-02-27 01:55:00",234540,12.72,17.9,752.9,16.08,75.69
"2023-02-27 02:00:00",234541,12.72,17.82,752.8,16.16,75.48
"2023-02-27 02:05:00",234542,12.71,17.77,752.8,16.14,76.38
"2023-02-27 02:10:00",234543,12.71,17.64,752.8,16.2,74.87
"2023-02-27 02:15:00",234544,12.71,17.55,752.7,16.46,72.96
"2023-02-27 02:20:00",234545,12.71,17.49,752.7,16.4,73.14
"2023-02-27 02:25:00",234546,12.7,17.43,752.7,16.23,73.51
"2023-02-27 02:30:00",234547,12.7,17.38,752.7,16.11,74.62
"2023-02-27 02:35:00",234548,12.7,17.32,752.6,15.99,76.35
"2023-02-27 02:40:00",234549,12.7,17.25,752.6,15.66,78.89
"2023-02-27 02:45:00",234550,12.69,17.16,752.6,15.5,79.71
"2023-02-27 02:50:00",234551,12.69,17.06,752.6,15.42,79.84
"2023-02-27 02:55:00",234552,12.69,16.96,752.6,15.32,80.8
"2023-02-27 03:00:00",234553,12.69,16.85,752.6,15.22,81.6
"2023-02-27 03:05:00",234554,12.68,16.76,752.5,15.23,81.9
"2023-02-27 03:10:00",234555,12.68,16.68,752.6,15.17,81.9
"2023-02-27 03:15:00",234556,12.68,16.63,752.6,15.18,81.5
"2023-02-27 03:20:00",234557,12.68,16.58,752.5,15.32,79.73
"2023-02-27 03:25:00",234558,12.67,16.55,752.6,15.45,79.34
"2023-02-27 03:30:00",234559,12.69,16.55,752.5,15.54,79.03
"2023-02-27 03:35:00",234560,12.69,16.36,752.5,15.72,78.34
"2023-02-27 03:40:00",234561,12.68,16.31,752.6,15.7,78.14
"2023-02-27 03:45:00",234562,12.68,16.29,752.5,15.7,78.45
"2023-02-27 03:50:00",234563,12.68,16.27,752.5,15.62,78.93
"2023-02-27 03:55:00",234564,12.68,16.21,752.5,15.51,79.35
"2023-02-27 04:00:00",234565,12.67,16.17,752.4,15.43,79.75
"2023-02-27 04:05:00",234566,12.67,16.08,752.5,15.45,78.98
"2023-02-27 04:10:00",234567,12.67,16.01,752.4,15.38,79.66
"2023-02-27 04:15:00",234568,12.67,15.94,752.5,15.32,79.95
"2023-02-27 04:20:00",234569,12.66,15.87,752.5,15.28,80.5
"2023-02-27 04:25:00",234570,12.66,15.78,752.6,15.18,80.9
"2023-02-27 04:30:00",234571,12.66,15.71,752.5,15.11,81.2
"2023-02-27 04:35:00",234572,12.66,15.61,752.4,15.23,80.5
"2023-02-27 04:40:00",234573,12.65,15.54,752.5,15.28,80.4
"2023-02-27 04:45:00",234574,12.65,15.46,752.5,15.07,81.6
"2023-02-27 04:50:00",234575,12.65,15.38,752.5,15.04,82.2
"2023-02-27 04:55:00",234576,12.65,15.28,752.5,15.06,82.5
"2023-02-27 05:00:00",234577,12.64,15.21,752.6,14.72,83.6
"2023-02-27 05:05:00",234578,12.64,15.13,752.7,14.59,84.1
"2023-02-27 05:10:00",234579,12.64,15.05,752.7,14.63,84.3
"2023-02-27 05:15:00",234580,12.64,14.97,752.7,14.45,84.9
"2023-02-27 05:20:00",234581,12.64,14.9,752.7,14.29,85.9
"2023-02-27 05:25:00",234582,12.63,14.82,752.7,14.41,85.8
"2023-02-27 05:30:00",234583,12.63,14.79,752.8,14.27,85.3
"2023-02-27 05:35:00",234584,12.63,14.78,752.8,14.36,84.9
"2023-02-27 05:40:00",234585,12.63,14.78,752.8,14.41,84.5
"2023-02-27 05:45:00",234586,12.63,14.78,752.9,14.55,84.9
"2023-02-27 05:50:00",234587,12.63,14.82,752.9,14.47,84.8
"2023-02-27 05:55:00",234588,12.62,14.84,752.9,14.45,84.6
"2023-02-27 06:00:00",234589,12.62,14.85,752.9,14.58,84.8
"2023-02-27 06:05:00",234590,12.62,14.86,753,14.67,84.7
"2023-02-27 06:10:00",234591,12.62,14.87,753.1,14.79,84.4
"2023-02-27 06:15:00",234592,12.62,14.89,753.2,14.68,84.8
"2023-02-27 06:20:00",234593,12.62,14.92,753.2,14.59,85.1
"2023-02-27 06:25:00",234594,12.62,14.94,753.3,14.55,85.1
"2023-02-27 06:30:00",234595,12.63,14.94,753.3,14.53,85.4
"2023-02-27 06:35:00",234596,12.65,14.94,753.4,14.45,85.6
"2023-02-27 06:40:00",234597,12.66,14.92,753.5,14.38,86.4
"2023-02-27 06:45:00",234598,12.67,14.91,753.5,14.19,87.4
"2023-02-27 06:50:00",234599,12.69,14.88,753.6,14.16,87.8
"2023-02-27 06:55:00",234600,12.71,14.87,753.7,14.16,88.2
"2023-02-27 07:00:00",234601,12.74,14.82,753.8,14.23,87.4
"2023-02-27 07:05:00",234602,12.79,14.82,753.8,14.39,86.5
"2023-02-27 07:10:00",234603,12.84,14.85,753.9,14.5,85.9
"2023-02-27 07:15:00",234604,12.93,14.93,754,14.55,86.6
"2023-02-27 07:20:00",234605,13,15.02,754.1,14.37,87
"2023-02-27 07:25:00",234606,13.04,15.13,754.2,14.43,87.2
"2023-02-27 07:30:00",234607,13.12,15.27,754.4,14.58,87
"2023-02-27 07:35:00",234608,13.17,15.42,754.5,14.89,85.5
"2023-02-27 07:40:00",234609,13.28,15.65,754.5,15.3,83.7
"2023-02-27 07:45:00",234610,13.43,15.94,754.5,15.84,81.1
"2023-02-27 07:50:00",234611,13.51,16.27,754.5,16.1,80.5
"2023-02-27 07:55:00",234612,13.59,16.6,754.5,16.18,79.11
"2023-02-27 08:00:00",234613,13.59,16.94,754.5,16.53,77.25
"2023-02-27 08:05:00",234614,13.56,17.21,754.5,16.65,77.11
"2023-02-27 08:10:00",234615,13.51,17.43,754.7,16.54,76.92
"2023-02-27 08:15:00",234616,13.53,17.62,754.8,16.59,76.67
"2023-02-27 08:20:00",234617,13.67,17.9,754.7,16.87,75.54
"2023-02-27 08:25:00",234618,13.84,18.25,754.8,16.76,77.49
"2023-02-27 08:30:00",234619,13.79,19.38,754.8,16.38,78.12
"2023-02-27 08:35:00",234620,13.76,20.04,754.9,16.55,77.57
"2023-02-27 08:40:00",234621,13.73,20.37,754.9,16.61,79.34
"2023-02-27 08:45:00",234622,13.73,20.62,754.9,16.34,79.42
"2023-02-27 08:50:00",234623,13.73,20.78,754.9,16.63,79.57
"2023-02-27 08:55:00",234624,13.73,20.86,754.9,16.57,78.04
"2023-02-27 09:00:00",234625,13.73,20.96,755,16.7,75.62
"2023-02-27 09:05:00",234626,13.73,21.07,755,16.83,74.57
"2023-02-27 09:10:00",234627,13.64,20.79,755,16.96,76.52
"2023-02-27 09:15:00",234628,13.68,20.39,755.1,16.78,76.57
"2023-02-27 09:20:00",234629,13.66,20.15,755.1,16.73,76.5
"2023-02-27 09:25:00",234630,13.74,20.86,755,17.07,76.34
"2023-02-27 09:30:00",234631,13.67,21.19,755.1,17.33,73.5
"2023-02-27 09:35:00",234632,13.68,20.66,755.2,17.26,73.25
"2023-02-27 09:40:00",234633,13.61,20.37,755.2,17.39,73.91
"2023-02-27 09:45:00",234634,13.56,20.18,755.2,17.44,73.52
"2023-02-27 09:50:00",234635,13.59,20.07,755.2,17.09,75.44
"2023-02-27 09:55:00",234636,13.62,19.99,755.2,17.31,75.49
"2023-02-27 10:00:00",234637,13.59,19.94,755.2,17.51,74.27
"2023-02-27 10:05:00",234638,13.77,19.96,755.2,17.48,74.41
"2023-02-27 10:10:00",234639,13.74,20.88,755.2,17.56,73.14
"2023-02-27 10:15:00",234640,13.71,21.29,755.2,17.81,73.36
"2023-02-27 10:20:00",234641,13.71,21.5,755.2,17.77,72.87
"2023-02-27 10:25:00",234642,13.71,21.64,755.3,17.81,72.58
"2023-02-27 10:30:00",234643,13.71,21.76,755.2,17.66,73.16
"2023-02-27 10:35:00",234644,13.72,21.87,755.2,17.72,73.14
"2023-02-27 10:40:00",234645,13.72,21.98,755.2,18.03,71.62
"2023-02-27 10:45:00",234646,13.72,22.17,755.2,18.26,68.93
"2023-02-27 10:50:00",234647,13.69,22.39,755.2,18.47,69.44
"2023-02-27 10:55:00",234648,13.69,22.64,755.1,18.9,68.22
"2023-02-27 11:00:00",234649,13.69,22.95,755.1,18.86,66.92
"2023-02-27 11:05:00",234650,13.66,23.28,755.1,19.2,66.86
"2023-02-27 11:10:00",234651,13.66,23.62,755.1,19.78,64.2
"2023-02-27 11:15:00",234652,13.66,23.99,755.1,20.09,62.28
"2023-02-27 11:20:00",234653,13.66,24.41,755,20.3,59.98
"2023-02-27 11:25:00",234654,13.66,24.79,755,19.76,62.01
"2023-02-27 11:30:00",234655,13.64,25.07,755.1,20.15,60.89
"2023-02-27 11:35:00",234656,13.64,25.37,755.1,20,60.54
"2023-02-27 11:40:00",234657,13.64,25.59,755.1,19.81,60.9
"2023-02-27 11:45:00",234658,13.64,25.8,754.9,20.24,58.78
"2023-02-27 11:50:00",234659,13.64,26.02,754.9,20.55,58.07
"2023-02-27 11:55:00",234660,13.61,26.22,754.9,20.92,57.11
"2023-02-27 12:00:00",234661,13.61,26.46,754.8,20.47,57.63
"2023-02-27 12:05:00",234662,13.61,26.68,754.7,21.63,54.74
"2023-02-27 12:10:00",234663,13.61,26.95,754.7,20.42,57.89
"2023-02-27 12:15:00",234664,13.61,27.16,754.6,20.2,58.78
"2023-02-27 12:20:00",234665,13.59,27.31,754.5,21.51,54.35
"2023-02-27 12:25:00",234666,13.59,27.49,754.4,20.63,55.93
"2023-02-27 12:30:00",234667,13.59,27.66,754.4,21.43,54.84
"2023-02-27 12:35:00",234668,13.59,27.87,754.5,22.61,49.99
"2023-02-27 12:40:00",234669,13.59,28.17,754.5,21.65,52.88
"2023-02-27 12:45:00",234670,13.56,28.35,754.3,21.5,56.21
"2023-02-27 12:50:00",234671,13.56,28.5,754.3,21.19,55.02
"2023-02-27 12:55:00",234672,13.56,28.63,754.2,21.96,51.6
"2023-02-27 13:00:00",234673,13.56,28.75,754.1,20.93,53.4
"2023-02-27 13:05:00",234674,13.56,28.79,754.1,21.28,54.07
"2023-02-27 13:10:00",234675,13.57,28.82,754.1,22.6,50.78
"2023-02-27 13:15:00",234676,13.56,28.97,754.1,22.23,49.91
"2023-02-27 13:20:00",234677,13.57,29.22,754.1,22.39,49.17
"2023-02-27 13:25:00",234678,13.56,29.39,753.9,21.37,51.84
"2023-02-27 13:30:00",234679,13.54,29.45,753.8,23.12,48.69
"2023-02-27 13:35:00",234680,13.54,29.62,753.7,24.59,44.41
"2023-02-27 13:40:00",234681,13.54,29.91,753.7,22.74,48.48
"2023-02-27 13:45:00",234682,13.54,30.12,753.6,22.99,48.58
"2023-02-27 13:50:00",234683,13.54,30.29,753.5,23.85,45.17
"2023-02-27 13:55:00",234684,13.54,30.46,753.4,23.58,44.84
"2023-02-27 14:00:00",234685,13.54,30.59,753.4,23.78,46.44
"2023-02-27 14:05:00",234686,13.52,30.7,753.3,23.37,45.04
"2023-02-27 14:10:00",234687,13.52,30.8,753.3,23.3,47.86
"2023-02-27 14:15:00",234688,13.52,30.84,753.2,23.35,44.33
"2023-02-27 14:20:00",234689,13.52,30.86,753.1,24.64,43.64
"2023-02-27 14:25:00",234690,13.52,30.97,753.1,23.96,44.08
"2023-02-27 14:30:00",234691,13.52,31.05,753.1,23.91,41.05
"2023-02-27 14:35:00",234692,13.52,31.11,753,24.17,40.59
"2023-02-27 14:40:00",234693,13.52,31.15,753,23.91,40.13
"2023-02-27 14:45:00",234694,13.52,31.23,752.9,24.49,39.48
"2023-02-27 14:50:00",234695,13.52,31.31,752.9,23.61,41.83
"2023-02-27 14:55:00",234696,13.52,31.28,752.9,23.77,41.59
"2023-02-27 15:00:00",234697,13.52,31.25,752.9,24.51,41.22
"2023-02-27 15:05:00",234698,13.52,31.25,752.9,24.28,40.8
"2023-02-27 15:10:00",234699,13.52,31.19,752.8,23.9,42.52
"2023-02-27 15:15:00",234700,13.52,31.06,752.7,24.07,39.73
"2023-02-27 15:20:00",234701,13.52,30.9,752.8,23.43,42.11
"2023-02-27 15:25:00",234702,13.52,30.66,752.6,23.29,42.51
"2023-02-27 15:30:00",234703,13.52,30.36,752.6,23.24,42.05
"2023-02-27 15:35:00",234704,13.52,30.09,752.5,23.28,42.77
"2023-02-27 15:40:00",234705,13.52,29.87,752.5,22.97,45.51
"2023-02-27 15:45:00",234706,13.52,29.66,752.5,23.17,42.69
"2023-02-27 15:50:00",234707,13.52,29.48,752.4,23.17,38.85
"2023-02-27 15:55:00",234708,13.52,29.28,752.4,23.11,39.79
"2023-02-27 16:00:00",234709,13.52,29.06,752.4,22.24,45.42
"2023-02-27 16:05:00",234710,13.52,28.78,752.4,22.45,45.77
"2023-02-27 16:10:00",234711,13.52,28.55,752.4,22.3,45.94
"2023-02-27 16:15:00",234712,13.52,28.31,752.4,21.74,47.05
"2023-02-27 16:20:00",234713,13.52,28.04,752.3,21.65,47.65
"2023-02-27 16:25:00",234714,13.52,27.8,752.3,22.07,46.46
"2023-02-27 16:30:00",234715,13.52,27.64,752.2,22.06,45.85
"2023-02-27 16:35:00",234716,13.52,27.5,752.2,22.11,45.31
"2023-02-27 16:40:00",234717,13.54,27.41,752.2,22.16,43.67
"2023-02-27 16:45:00",234718,13.54,27.31,752.2,21.34,49.5
"2023-02-27 16:50:00",234719,13.54,27.19,752,21.49,48.67
"2023-02-27 16:55:00",234720,13.54,27.06,752,21.83,46.78
"2023-02-27 17:00:00",234721,13.54,27,751.9,21.22,48.19
"2023-02-27 17:05:00",234722,13.54,26.91,751.9,21.19,49.01
"2023-02-27 17:10:00",234723,13.54,26.81,751.8,21.02,50.66
"2023-02-27 17:15:00",234724,13.54,26.73,751.8,21.23,49.8
"2023-02-27 17:20:00",234725,13.54,26.71,751.8,21.29,48.8
"2023-02-27 17:25:00",234726,13.54,26.73,751.7,21.43,48.88
"2023-02-27 17:30:00",234727,13.54,26.81,751.7,21.49,47.53
"2023-02-27 17:35:00",234728,13.54,26.9,751.7,21.47,45.77
"2023-02-27 17:40:00",234729,13.54,26.89,751.6,21.23,46.67
"2023-02-27 17:45:00",234730,13.42,26.27,751.6,21.34,45.31
"2023-02-27 17:50:00",234731,13.32,25.86,751.7,21.43,45.38
"2023-02-27 17:55:00",234732,13.25,25.6,751.7,21.63,46.24
"2023-02-27 18:00:00",234733,13.2,25.42,751.7,21.57,46.52
"2023-02-27 18:05:00",234734,13.15,25.3,751.7,21.67,46.18
"2023-02-27 18:10:00",234735,13.12,25.24,751.7,21.83,45.75
"2023-02-27 18:15:00",234736,13.09,25.3,751.8,21.94,45.64
"2023-02-27 18:20:00",234737,13.06,25.42,751.8,22.27,44.27
"2023-02-27 18:25:00",234738,13.01,25.55,751.8,21.65,45.03
"2023-02-27 18:30:00",234739,12.97,25.53,751.8,21.4,46.08
"2023-02-27 18:35:00",234740,12.95,25.36,751.9,21.07,48.27
"2023-02-27 18:40:00",234741,12.93,25.1,751.9,20.82,48.84
"2023-02-27 18:45:00",234742,12.91,24.75,751.9,20.57,49.75
"2023-02-27 18:50:00",234743,12.9,24.38,752,20.4,49.63
"2023-02-27 18:55:00",234744,12.89,23.98,752.1,20.31,48.65
"2023-02-27 19:00:00",234745,12.89,23.53,752.1,20.36,49.25
"2023-02-27 19:05:00",234746,12.89,23.14,752.1,20.25,49.43
"2023-02-27 19:10:00",234747,12.88,22.79,752.2,19.95,50.45
"2023-02-27 19:15:00",234748,12.88,22.47,752.3,19.74,52.11
"2023-02-27 19:20:00",234749,12.88,22.16,752.3,19.45,56.98
"2023-02-27 19:25:00",234750,12.87,21.88,752.5,19.08,59.51
"2023-02-27 19:30:00",234751,12.87,21.63,752.4,18.98,59.07
"2023-02-27 19:35:00",234752,12.87,21.39,752.5,18.83,59.99
"2023-02-27 19:40:00",234753,12.86,21.15,752.6,18.64,60.62
"2023-02-27 19:45:00",234754,12.86,20.94,752.6,18.58,59.74
"2023-02-27 19:50:00",234755,12.86,20.72,752.7,18.45,59.9
"2023-02-27 19:55:00",234756,12.86,20.54,752.7,18.48,59.51
"2023-02-27 20:00:00",234757,12.85,20.39,752.7,18.31,60.09
"2023-02-27 20:05:00",234758,12.85,20.23,752.8,18.25,59.35
"2023-02-27 20:10:00",234759,12.85,20.1,752.9,18.21,59.74
"2023-02-27 20:15:00",234760,12.85,19.97,752.9,17.99,60.3
"2023-02-27 20:20:00",234761,12.85,19.85,752.9,17.94,60.06
"2023-02-27 20:25:00",234762,12.84,19.72,753,18.05,59.86
"2023-02-27 20:30:00",234763,12.86,19.62,753.1,17.9,60.68
"2023-02-27 20:35:00",234764,12.86,19.46,753.2,17.97,60.84
"2023-02-27 20:40:00",234765,12.86,19.36,753.3,18.07,61.01
"2023-02-27 20:45:00",234766,12.85,19.3,753.3,17.71,64.09
"2023-02-27 20:50:00",234767,12.85,19.18,753.3,17.49,65.03
"2023-02-27 20:55:00",234768,12.85,19.06,753.4,17.3,66
"2023-02-27 21:00:00",234769,12.85,18.94,753.4,17.4,62.93
"2023-02-27 21:05:00",234770,12.85,18.83,753.4,17.44,60.31
"2023-02-27 21:10:00",234771,12.85,18.73,753.6,17.31,61.34
"2023-02-27 21:15:00",234772,12.84,18.65,753.7,17.29,62.02
"2023-02-27 21:20:00",234773,12.84,18.56,753.8,17.28,63.6
"2023-02-27 21:25:00",234774,12.84,18.49,753.9,17.24,63.44
"2023-02-27 21:30:00",234775,12.84,18.39,753.9,16.94,64.7
"2023-02-27 21:35:00",234776,12.84,18.27,753.9,16.75,65.87
"2023-02-27 21:40:00",234777,12.84,18.14,754,16.71,66.33
"2023-02-27 21:45:00",234778,12.83,18.02,754.1,16.62,67.81
"2023-02-27 21:50:00",234779,12.83,17.9,754.2,16.54,66.54
"2023-02-27 21:55:00",234780,12.83,17.81,754.3,16.81,66.09
"2023-02-27 22:00:00",234781,12.83,17.73,754.3,16.61,67.64
"2023-02-27 22:05:00",234782,12.83,17.67,754.4,16.74,66.43
"2023-02-27 22:10:00",234783,12.82,17.6,754.4,16.39,70.5
"2023-02-27 22:15:00",234784,12.82,17.53,754.5,16.26,70.39
"2023-02-27 22:20:00",234785,12.82,17.46,754.5,16.33,69.45
"2023-02-27 22:25:00",234786,12.82,17.42,754.6,16.46,69.06
"2023-02-27 22:30:00",234787,12.82,17.39,754.6,16.43,70.25
"2023-02-27 22:35:00",234788,12.82,17.37,754.7,16.27,71.57
"2023-02-27 22:40:00",234789,12.81,17.34,754.7,16.12,71.77
"2023-02-27 22:45:00",234790,12.8,17.31,754.7,16.24,70.38
"2023-02-27 22:50:00",234791,12.8,17.29,754.7,16.24,71.51
"2023-02-27 22:55:00",234792,12.8,17.23,754.8,15.97,75.3
"2023-02-27 23:00:00",234793,12.8,17.17,754.8,15.36,77.9
"2023-02-27 23:05:00",234794,12.8,17.06,754.8,15.39,75.52
"2023-02-27 23:10:00",234795,12.8,16.96,754.9,15.59,73.72
"2023-02-27 23:15:00",234796,12.8,16.9,754.9,15.75,72.53
"2023-02-27 23:20:00",234797,12.8,16.75,754.9,15.54,75.5
"2023-02-27 23:25:00",234798,12.8,16.68,755,15.44,75.62
"2023-02-27 23:30:00",234799,12.79,16.64,755,15.58,73.01
"2023-02-27 23:35:00",234800,12.79,16.61,755,15.61,72.56
"2023-02-27 23:40:00",234801,12.79,16.55,755,15.68,72.57
"2023-02-27 23:45:00",234802,12.79,16.53,755,15.66,72.08
"2023-02-27 23:50:00",234803,12.79,16.55,755,15.68,72.06
"2023-02-27 23:55:00",234804,12.79,16.59,754.9,15.65,72.34
"2023-02-28 00:00:00",234805,12.79,16.64,754.9,15.73,72.52
"2023-02-28 00:05:00",234806,12.79,16.7,754.8,15.72,72.58
"2023-02-28 00:10:00",234807,12.78,16.75,754.7,15.77,72.93
"2023-02-28 00:15:00",234808,12.78,16.8,754.7,15.64,74.53
"2023-02-28 00:20:00",234809,12.78,16.85,754.7,15.62,73.81
"2023-02-28 00:25:00",234810,12.78,16.88,754.7,15.68,72.86
"2023-02-28 00:30:00",234811,12.78,16.9,754.8,15.54,73.91
"2023-02-28 00:35:00",234812,12.78,16.94,754.8,15.51,74.22
"2023-02-28 00:40:00",234813,12.78,16.97,754.8,15.54,73.71
"2023-02-28 00:45:00",234814,12.78,16.99,754.7,15.59,73.7
"2023-02-28 00:50:00",234815,12.77,17,754.7,15.63,73.11
"2023-02-28 00:55:00",234816,12.77,17.02,754.6,15.65,72.82
"2023-02-28 01:00:00",234817,12.77,17.01,754.5,15.59,73.01
"2023-02-28 01:05:00",234818,12.77,17.02,754.5,15.55,73
"2023-02-28 01:10:00",234819,12.77,16.99,754.5,15.55,73.06
"2023-02-28 01:15:00",234820,12.77,16.95,754.4,15.61,73.13
"2023-02-28 01:20:00",234821,12.76,16.93,754.4,15.6,73.7
"2023-02-28 01:25:00",234822,12.76,16.91,754.5,15.56,74.6
"2023-02-28 01:30:00",234823,12.76,16.89,754.5,15.54,75.02
"2023-02-28 01:35:00",234824,12.76,16.87,754.4,15.6,74.97
"2023-02-28 01:40:00",234825,12.76,16.9,754.5,15.64,76.22
"2023-02-28 01:45:00",234826,12.76,16.88,754.4,15.58,76.04
"2023-02-28 01:50:00",234827,12.75,16.86,754.4,15.47,77.09
"2023-02-28 01:55:00",234828,12.75,16.83,754.4,15.37,77.6
"2023-02-28 02:00:00",234829,12.75,16.81,754.4,15.36,78.35
"2023-02-28 02:05:00",234830,12.75,16.72,754.4,15.17,79.48
"2023-02-28 02:10:00",234831,12.75,16.67,754.4,14.92,79.7
"2023-02-28 02:15:00",234832,12.74,16.58,754.3,14.82,79.07
"2023-02-28 02:20:00",234833,12.74,16.51,754.3,15.05,76.02
"2023-02-28 02:25:00",234834,12.74,16.44,754.2,15.29,73.52
"2023-02-28 02:30:00",234835,12.74,16.37,754.2,15.31,73.5
"2023-02-28 02:35:00",234836,12.74,16.29,754.2,15.14,74.74
"2023-02-28 02:40:00",234837,12.73,16.22,754.2,15.24,73.85
"2023-02-28 02:45:00",234838,12.73,16.19,754.2,15.33,72.3
"2023-02-28 02:50:00",234839,12.73,16.19,754.2,15.42,71.95
"2023-02-28 02:55:00",234840,12.73,16.19,754.2,15.45,73.55
"2023-02-28 03:00:00",234841,12.72,16.22,754.2,15.52,75.46
"2023-02-28 03:05:00",234842,12.72,16.27,754.1,15.47,76.13
"2023-02-28 03:10:00",234843,12.72,16.31,754.1,15.38,76.73
"2023-02-28 03:15:00",234844,12.72,16.34,754,15.31,77.28
"2023-02-28 03:20:00",234845,12.72,16.35,753.9,15.34,77.79
"2023-02-28 03:25:00",234846,12.71,16.34,753.9,15.16,78.53
"2023-02-28 03:30:00",234847,12.71,16.3,754,15.12,78.44
"2023-02-28 03:35:00",234848,12.71,16.25,753.9,15.16,78
"2023-02-28 03:40:00",234849,12.7,16.18,753.8,15.2,76.92
"2023-02-28 03:45:00",234850,12.7,16.11,753.8,15.05,77.33
"2023-02-28 03:50:00",234851,12.7,16,753.8,14.79,78.29
"2023-02-28 03:55:00",234852,12.69,15.91,753.8,14.83,78.32
"2023-02-28 04:00:00",234853,12.69,15.79,753.7,14.76,79.19
"2023-02-28 04:05:00",234854,12.69,15.67,753.7,14.42,82.2
"2023-02-28 04:10:00",234855,12.69,15.55,753.6,14.3,82.9
"2023-02-28 04:15:00",234856,12.68,15.41,753.6,14.16,83.4
"2023-02-28 04:20:00",234857,12.68,15.29,753.6,14.15,83.8
"2023-02-28 04:25:00",234858,12.68,15.18,753.6,14.09,84.5
"2023-02-28 04:30:00",234859,12.67,15.06,753.6,13.71,86
"2023-02-28 04:35:00",234860,12.67,14.94,753.5,13.63,85.4
"2023-02-28 04:40:00",234861,12.66,14.82,753.5,13.55,85.6
"2023-02-28 04:45:00",234862,12.66,14.7,753.5,13.6,85.8
"2023-02-28 04:50:00",234863,12.66,14.61,753.5,13.65,85.3
"2023-02-28 04:55:00",234864,12.66,14.39,753.5,13.64,84.9
"2023-02-28 05:00:00",234865,12.65,14.26,753.6,13.65,84.7
"2023-02-28 05:05:00",234866,12.65,14.16,753.6,13.6,84.8
"2023-02-28 05:10:00",234867,12.65,14.08,753.7,13.69,84.3
"2023-02-28 05:15:00",234868,12.64,14.01,753.7,13.7,83.6
"2023-02-28 05:20:00",234869,12.64,13.91,753.6,13.49,84.1
"2023-02-28 05:25:00",234870,12.63,13.82,753.7,13.37,84.5
"2023-02-28 05:30:00",234871,12.63,13.74,753.6,13.43,84.5
"2023-02-28 05:35:00",234872,12.63,13.67,753.7,13.43,84
"2023-02-28 05:40:00",234873,12.62,13.63,753.7,13.71,83.8
"2023-02-28 05:45:00",234874,12.62,13.62,753.7,13.52,84.5
"2023-02-28 05:50:00",234875,12.62,13.61,753.8,13.24,85.6
"2023-02-28 05:55:00",234876,12.61,13.58,753.8,12.96,88.6
"2023-02-28 06:00:00",234877,12.61,13.53,753.8,12.89,87.7
"2023-02-28 06:05:00",234878,12.6,13.49,753.8,12.9,87.7
"2023-02-28 06:10:00",234879,12.6,13.44,753.9,13.02,87.6
"2023-02-28 06:15:00",234880,12.6,13.42,753.9,12.99,86.3
"2023-02-28 06:20:00",234881,12.6,13.45,753.9,12.9,86.2
"2023-02-28 06:25:00",234882,12.6,13.48,753.9,12.9,86
"2023-02-28 06:30:00",234883,12.62,13.48,753.9,12.93,85.5
"2023-02-28 06:35:00",234884,12.66,13.5,753.9,13.15,84.6
"2023-02-28 06:40:00",234885,12.71,13.56,754,13.28,84.1
"2023-02-28 06:45:00",234886,12.8,13.66,754,13.35,84.5
"2023-02-28 06:50:00",234887,12.95,13.8,754.1,13.02,86.7
"2023-02-28 06:55:00",234888,13.15,13.99,754.2,13.64,84.8
"2023-02-28 07:00:00",234889,13.37,14.19,754.2,14.25,81.9
"2023-02-28 07:05:00",234890,13.49,14.51,754.2,14.53,80.6
"2023-02-28 07:10:00",234891,13.59,14.88,754.3,14.98,78.71
"2023-02-28 07:15:00",234892,13.65,15.35,754.4,16.37,72.22
"2023-02-28 07:20:00",234893,13.74,15.93,754.5,17.18,68.41
"2023-02-28 07:25:00",234894,13.85,16.56,754.5,17.07,69.81
"2023-02-28 07:30:00",234895,13.79,17.81,754.6,17.48,68.03
"2023-02-28 07:35:00",234896,13.79,19.01,754.7,18.07,64.86
"2023-02-28 07:40:00",234897,13.76,19.85,754.8,18.38,63.31
"2023-02-28 07:45:00",234898,13.76,20.57,754.8,17.7,64.8
"2023-02-28 07:50:00",234899,13.73,21.17,754.8,17.37,65.8
"2023-02-28 07:55:00",234900,13.73,21.75,754.9,16.87,67.39
"2023-02-28 08:00:00",234901,13.7,22.27,754.9,17.93,64.6
"2023-02-28 08:05:00",234902,13.7,22.85,755,18.43,61.76
"2023-02-28 08:10:00",234903,13.68,23.39,755,19.23,58.2
"2023-02-28 08:15:00",234904,13.68,23.92,755,19.67,56.43
"2023-02-28 08:20:00",234905,13.65,24.41,755,19.41,56.39
"2023-02-28 08:25:00",234906,13.65,24.84,755,19.42,56.52
"2023-02-28 08:30:00",234907,13.65,25.26,755,19.54,54.78
"2023-02-28 08:35:00",234908,13.62,25.59,755,20.44,51.21
"2023-02-28 08:40:00",234909,13.63,25.99,755.1,20.26,52.46
"2023-02-28 08:45:00",234910,13.63,26.4,755.1,20.87,51.49
"2023-02-28 08:50:00",234911,13.6,26.82,755.1,21.14,50.77
"2023-02-28 08:55:00",234912,13.6,27.19,755.1,20.23,53.3
"2023-02-28 09:00:00",234913,13.6,27.52,755.1,20.38,54.28
"2023-02-28 09:05:00",234914,13.6,27.81,755.1,19.91,54.71
"2023-02-28 09:10:00",234915,13.58,28.05,755.1,19.98,55.25
"2023-02-28 09:15:00",234916,13.58,28.36,755.1,20.92,52.15
"2023-02-28 09:20:00",234917,13.58,28.73,755.1,21.76,50.03
"2023-02-28 09:25:00",234918,13.55,29.13,755.1,21.61,49.48
"2023-02-28 09:30:00",234919,13.55,29.46,755.1,21.58,50.48
"2023-02-28 09:35:00",234920,13.55,29.72,755.1,20.65,49.6
"2023-02-28 09:40:00",234921,13.55,29.87,755.2,20.54,48.9
"2023-02-28 09:45:00",234922,13.55,29.94,755.2,20.44,49.39
"2023-02-28 09:50:00",234923,13.55,29.97,755.1,20.92,48.88
"2023-02-28 09:55:00",234924,13.55,30.03,755.1,21.16,48.6
"2023-02-28 10:00:00",234925,13.56,30.14,755.1,21.13,47.04
"2023-02-28 10:05:00",234926,13.53,30.33,755,22.01,44.11
"2023-02-28 10:10:00",234927,13.53,30.55,755,21.99,43.14
"2023-02-28 10:15:00",234928,13.53,30.77,754.9,21.85,44.7
"2023-02-28 10:20:00",234929,13.53,30.96,754.9,21.34,45.98
"2023-02-28 10:25:00",234930,13.53,31.06,754.9,21.92,44.23
"2023-02-28 10:30:00",234931,13.53,31.21,754.8,21.47,45.33
"2023-02-28 10:35:00",234932,13.51,31.29,754.8,21.79,43.79
"2023-02-28 10:40:00",234933,13.51,31.34,754.7,22.29,39.54
"2023-02-28 10:45:00",234934,13.51,31.43,754.6,22.79,33.99
"2023-02-28 10:50:00",234935,13.51,31.62,754.5,23.36,37.22
"2023-02-28 10:55:00",234936,13.51,31.93,754.5,24.54,34.62
"2023-02-28 11:00:00",234937,13.51,32.35,754.4,24.61,33.26
"2023-02-28 11:05:00",234938,13.49,32.7,754.4,23.75,34.41
"2023-02-28 11:10:00",234939,13.49,32.88,754.3,22.75,36.3
"2023-02-28 11:15:00",234940,13.49,32.94,754.3,24.03,34.11
"2023-02-28 11:20:00",234941,13.49,33.12,754.2,24.9,32.04
"2023-02-28 11:25:00",234942,13.49,33.38,754.2,24.72,33.5
"2023-02-28 11:30:00",234943,13.46,33.56,754.1,24.23,31.14
"2023-02-28 11:35:00",234944,13.47,33.57,754.1,23.9,31.45
"2023-02-28 11:40:00",234945,13.47,33.54,754.1,23.85,31.95
"2023-02-28 11:45:00",234946,13.47,33.53,754,24.18,30.9
"2023-02-28 11:50:00",234947,13.47,33.49,753.9,24.1,30.46
"2023-02-28 11:55:00",234948,13.47,33.54,753.7,24.4,29.71
"2023-02-28 12:00:00",234949,13.47,33.63,753.6,25.47,29.26
"2023-02-28 12:05:00",234950,13.47,33.82,753.5,25.75,27.78
"2023-02-28 12:10:00",234951,13.47,34.01,753.5,25.9,29.56
"2023-02-28 12:15:00",234952,13.47,34.12,753.4,24.67,30.98
"2023-02-28 12:20:00",234953,13.47,34.08,753.3,24.92,31.51
"2023-02-28 12:25:00",234954,13.47,34.06,753.2,25.47,30.54
"2023-02-28 12:30:00",234955,13.47,34.11,753.1,25.87,30.37
"2023-02-28 12:35:00",234956,13.47,34.21,753,25.7,30.29
"2023-02-28 12:40:00",234957,13.47,34.2,752.9,25.07,31.85
"2023-02-28 12:45:00",234958,13.47,34.11,752.8,25.42,31.55
"2023-02-28 12:50:00",234959,13.47,34.06,752.7,25.9,31.12
"2023-02-28 12:55:00",234960,13.47,34.04,752.6,25.76,30.63
"2023-02-28 13:00:00",234961,13.47,33.99,752.5,25.18,32.27
"2023-02-28 13:05:00",234962,13.47,33.95,752.4,26.02,31.4
"2023-02-28 13:10:00",234963,13.47,33.9,752.4,25.22,32.74
"2023-02-28 13:15:00",234964,13.47,33.69,752.3,25.47,32.53
"2023-02-28 13:20:00",234965,13.47,33.53,752.2,26.1,31.81
"2023-02-28 13:25:00",234966,13.47,33.45,752,25.76,31.44
"2023-02-28 13:30:00",234967,13.47,33.37,751.9,26.81,30.11
"2023-02-28 13:35:00",234968,13.47,33.36,751.8,26.64,30.64
"2023-02-28 13:40:00",234969,13.47,33.41,751.7,26.68,30.98
"2023-02-28 13:45:00",234970,13.47,33.44,751.6,25.93,32.27
"2023-02-28 13:50:00",234971,13.47,33.36,751.5,25.51,32.53
"2023-02-28 13:55:00",234972,13.47,33.28,751.4,26.85,31.13
"2023-02-28 14:00:00",234973,13.47,33.29,751.3,26.93,29.92
"2023-02-28 14:05:00",234974,13.47,33.38,751.3,26.88,30.59
"2023-02-28 14:10:00",234975,13.47,33.51,751.2,26.82,29.74
"2023-02-28 14:15:00",234976,13.47,33.61,751.1,26.29,31.56
"2023-02-28 14:20:00",234977,13.47,33.68,751,26.27,30.61
"2023-02-28 14:25:00",234978,13.47,33.73,750.9,26.83,30.99
"2023-02-28 14:30:00",234979,13.47,33.8,750.8,26.83,30.89
"2023-02-28 14:35:00",234980,13.47,33.85,750.7,26.61,30.43
"2023-02-28 14:40:00",234981,13.47,33.83,750.6,26.47,30.73
"2023-02-28 14:45:00",234982,13.47,33.8,750.6,27.56,29.29
"2023-02-28 14:50:00",234983,13.47,33.84,750.5,26.92,29.64
"2023-02-28 14:55:00",234984,13.47,33.92,750.3,27.21,28.82
"2023-02-28 15:00:00",234985,13.47,33.95,750.1,26.6,30.64
"2023-02-28 15:05:00",234986,13.47,33.9,750.1,26.98,29.38
"2023-02-28 15:10:00",234987,13.47,33.93,750.1,27.89,28.22
"2023-02-28 15:15:00",234988,13.47,33.86,750,27.61,28.2
"2023-02-28 15:20:00",234989,13.47,34,749.9,27.93,28.36
"2023-02-28 15:25:00",234990,13.47,34.27,749.8,28.32,27.22
"2023-02-28 15:30:00",234991,13.45,34.46,749.8,27.01,25.96
"2023-02-28 15:35:00",234992,13.45,34.48,749.7,28.05,27
"2023-02-28 15:40:00",234993,13.45,34.57,749.7,28.98,25.1
"2023-02-28 15:45:00",234994,13.45,34.76,749.6,27.49,26.1
"2023-02-28 15:50:00",234995,13.45,34.97,749.6,27.34,27.01
"2023-02-28 15:55:00",234996,13.45,35.13,749.5,28.46,27.03
"2023-02-28 16:00:00",234997,13.45,35.32,749.5,29.12,26.11
"2023-02-28 16:05:00",234998,13.45,35.5,749.4,28.37,27.02
"2023-02-28 16:10:00",234999,13.43,35.66,749.3,28.03,26.41
"2023-02-28 16:15:00",235000,13.43,35.78,749.2,27.89,25.37
"2023-02-28 16:20:00",235001,13.43,35.82,749.1,27.88,26.09
"2023-02-28 16:25:00",235002,13.43,35.82,749.1,28.79,25.02
"2023-02-28 16:30:00",235003,13.43,35.86,749,28.71,25.5
"2023-02-28 16:35:00",235004,13.43,35.96,749,28.38,24.82
"2023-02-28 16:40:00",235005,13.43,35.99,748.9,27.77,25.29
"2023-02-28 16:45:00",235006,13.43,35.99,748.9,27.78,25.46
"2023-02-28 16:50:00",235007,13.43,35.97,748.8,27.88,23.68
"2023-02-28 16:55:00",235008,13.43,35.96,748.8,28.42,23.95
"2023-02-28 17:00:00",235009,13.43,35.94,748.8,28.26,23.15
"2023-02-28 17:05:00",235010,13.43,35.94,748.7,28.44,22.81
"2023-02-28 17:10:00",235011,13.43,36.01,748.7,29.04,22.99
"2023-02-28 17:15:00",235012,13.43,36.11,748.6,28.38,23.88
"2023-02-28 17:20:00",235013,13.43,36.05,748.6,27.36,25.5
"2023-02-28 17:25:00",235014,13.43,35.81,748.6,27.78,26.19
"2023-02-28 17:30:00",235015,13.43,35.49,748.6,27.3,26.26
"2023-02-28 17:35:00",235016,13.43,35.13,748.6,27.86,25.13
"2023-02-28 17:40:00",235017,13.43,34.66,748.6,27.35,25.98
"2023-02-28 17:45:00",235018,13.43,34.18,748.6,27.32,26.05
"2023-02-28 17:50:00",235019,13.43,33.99,748.7,27.43,25.58
"2023-02-28 17:55:00",235020,13.43,33.63,748.7,27.14,25.9
"2023-02-28 18:00:00",235021,13.42,33.19,748.6,27.09,25.83
"2023-02-28 18:05:00",235022,13.34,32.79,748.7,27.08,26.72
"2023-02-28 18:10:00",235023,13.26,32.6,748.8,27.22,26.18
"2023-02-28 18:15:00",235024,13.21,32.44,748.9,26.86,28
"2023-02-28 18:20:00",235025,13.17,32.25,749,26.78,28.2
"2023-02-28 18:25:00",235026,13.13,32.02,749,26.64,28.53
"2023-02-28 18:30:00",235027,13.08,31.75,749.1,26.58,29.21
"2023-02-28 18:35:00",235028,13.03,31.46,749.2,26.26,29.45
"2023-02-28 18:40:00",235029,12.99,31.1,749.2,25.96,29.46
"2023-02-28 18:45:00",235030,12.96,30.65,749.3,25.84,29.49
"2023-02-28 18:50:00",235031,12.94,30.15,749.4,25.74,29.11
"2023-02-28 18:55:00",235032,12.93,29.6,749.4,25.59,30.62
"2023-02-28 19:00:00",235033,12.93,29.05,749.5,25.4,31.11
"2023-02-28 19:05:00",235034,12.92,28.53,749.6,24.82,34.11
"2023-02-28 19:10:00",235035,12.92,28.03,749.6,24.12,36.4
"2023-02-28 19:15:00",235036,12.91,27.54,749.7,24.23,34.62
"2023-02-28 19:20:00",235037,12.91,27.11,749.7,24.08,36.17
"2023-02-28 19:25:00",235038,12.9,26.71,749.6,24.54,34.02
"2023-02-28 19:30:00",235039,12.9,26.39,749.6,24.22,35.92
"2023-02-28 19:35:00",235040,12.9,26.1,749.6,24.27,33.46
"2023-02-28 19:40:00",235041,12.9,25.87,749.7,24.45,32.41
"2023-02-28 19:45:00",235042,12.89,25.67,749.7,24.41,33.17
"2023-02-28 19:50:00",235043,12.89,25.51,749.7,24.14,33.98
"2023-02-28 19:55:00",235044,12.89,25.35,749.8,24.01,35.5
"2023-02-28 20:00:00",235045,12.89,25.19,749.9,23.53,37.11
"2023-02-28 20:05:00",235046,12.88,25.02,750,23.13,39.2
"2023-02-28 20:10:00",235047,12.88,24.85,750,22.9,40.39
"2023-02-28 20:15:00",235048,12.88,24.68,750,22.72,40.11
"2023-02-28 20:20:00",235049,12.88,24.52,750,22.73,39.95
"2023-02-28 20:25:00",235050,12.87,24.34,750.1,22.52,40.74
"2023-02-28 20:30:00",235051,12.87,24.17,750.1,22.27,41.1
"2023-02-28 20:35:00",235052,12.87,23.99,750.3,22.57,40.42
"2023-02-28 20:40:00",235053,12.87,23.86,750.4,22.48,41.06
"2023-02-28 20:45:00",235054,12.87,23.76,750.4,22.61,40.42
"2023-02-28 20:50:00",235055,12.87,23.62,750.5,22.48,40.7
"2023-02-28 20:55:00",235056,12.86,23.53,750.5,22.35,42.14
"2023-02-28 21:00:00",235057,12.86,23.42,750.5,22.23,43.1
"2023-02-28 21:05:00",235058,12.86,23.31,750.6,22.04,43.53
"2023-02-28 21:10:00",235059,12.86,23.21,750.7,21.87,44.89
"2023-02-28 21:15:00",235060,12.86,23.1,750.8,21.83,45.47
"2023-02-28 21:20:00",235061,12.86,23,750.8,21.82,46.52
"2023-02-28 21:25:00",235062,12.85,22.88,750.9,21.63,47.33
"2023-02-28 21:30:00",235063,12.85,22.79,751,21.46,48.07
"2023-02-28 21:35:00",235064,12.85,22.67,751,21.28,48.93
"2023-02-28 21:40:00",235065,12.85,22.54,751.1,21.19,49.17
"2023-02-28 21:45:00",235066,12.85,22.43,751.2,21.16,49.45
"2023-02-28 21:50:00",235067,12.84,22.31,751.2,21.11,50.07
"2023-02-28 21:55:00",235068,12.85,22.2,751.3,20.92,51.49
"2023-02-28 22:00:00",235069,12.84,22.09,751.3,20.59,50.92
"2023-02-28 22:05:00",235070,12.84,21.96,751.4,20.49,51.12
"2023-02-28 22:10:00",235071,12.82,21.89,751.4,20.22,52.74
"2023-02-28 22:15:00",235072,12.82,21.96,751.5,20.56,50.1
"2023-02-28 22:20:00",235073,12.82,21.93,751.6,20.57,51.04
"2023-02-28 22:25:00",235074,12.82,21.92,751.5,20.69,50.74
"2023-02-28 22:30:00",235075,12.82,21.89,751.5,20.57,49.03
"2023-02-28 22:35:00",235076,12.81,21.89,751.6,20.3,49.18
"2023-02-28 22:40:00",235077,12.81,21.85,751.6,20.18,50.04
"2023-02-28 22:45:00",235078,12.81,21.79,751.6,20.02,50.9
"2023-02-28 22:50:00",235079,12.81,21.71,751.6,20.19,51.24
"2023-02-28 22:55:00",235080,12.81,21.65,751.6,19.99,53.2
"2023-02-28 23:00:00",235081,12.81,21.56,751.6,19.98,54.04
"2023-02-28 23:05:00",235082,12.81,21.47,751.6,19.7,55.76
"2023-02-28 23:10:00",235083,12.8,21.37,751.6,19.51,56.65
"2023-02-28 23:15:00",235084,12.8,21.24,751.6,19.51,56.56
"2023-02-28 23:20:00",235085,12.8,21.14,751.6,19.3,56.34
"2023-02-28 23:25:00",235086,12.8,21.02,751.6,19.19,57.09
"2023-02-28 23:30:00",235087,12.8,20.89,751.6,18.94,57.85
"2023-02-28 23:35:00",235088,12.8,20.77,751.6,18.73,58.94
"2023-02-28 23:40:00",235089,12.81,20.64,751.6,18.7,59.06
"2023-02-28 23:45:00",235090,12.81,20.48,751.6,18.78,58.77
"2023-02-28 23:50:00",235091,12.81,20.38,751.6,18.66,59.24
"2023-02-28 23:55:00",235092,12.81,20.27,751.6,18.66,59.33
