"TOA5","Pluvio_UPB","CR300","6066","CR300.Std.10.03","CPU:UPB_Rain_4Dic2020.CR300","9715","Meteo5Min"
"TIMESTAMP","RECORD","VBat","TempDL","PBar","TempA","RH"
"TS","RN","Vdc","GradosC","[mBar]","GradosC","%"
"","","Smp","Smp","Smp","Smp","Smp"
"2026-02-01 00:00:00",542677,12.77,19.03,748.8,18.48,59.33
"2026-02-01 00:05:00",542678,12.77,19.13,748.8,18.43,59.08
"2026-02-01 00:10:00",542679,12.77,19.2,748.9,18.43,59.11
"2026-02-01 00:15:00",542680,12.77,19.26,749,18.26,60.59
"2026-02-01 00:20:00",542681,12.77,19.29,748.9,17.78,63.83
"2026-02-01 00:25:00",542682,12.76,19.17,748.8,17.45,65.52
"2026-02-01 00:30:00",542683,12.77,19.1,748.9,17.33,67.44
"2026-02-01 00:35:00",542684,12.76,19.02,748.9,16.87,71.54
"2026-02-01 00:40:00",542685,12.76,18.93,749,16.82,72.71
"2026-02-01 00:45:00",542686,12.76,18.78,749.1,16.54,74.31
"2026-02-01 00:50:00",542687,12.76,18.63,749.1,16.59,74.15
"2026-02-01 00:55:00",542688,12.76,18.49,749,16.64,73.36
"2026-02-01 01:00:00",542689,12.75,18.36,749,16.82,71.5
"2026-02-01 01:05:00",542690,12.75,18.26,749.1,16.82,71.65
"2026-02-01 01:10:00",542691,12.75,18.21,749.1,16.79,71.5
"2026-02-01 01:15:00",542692,12.75,18.16,749.1,16.55,72.94
"2026-02-01 01:20:00",542693,12.75,18.1,749,16.4,74.23
"2026-02-01 01:25:00",542694,12.75,18.02,748.9,16.33,74.04
"2026-02-01 01:30:00",542695,12.74,17.93,748.8,16.28,74.66
"2026-02-01 01:35:00",542696,12.74,17.82,748.8,16.24,74.16
"2026-02-01 01:40:00",542697,12.74,17.74,748.8,16.11,75.13
"2026-02-01 01:45:00",542698,12.74,17.63,748.7,15.98,75.64
"2026-02-01 01:50:00",542699,12.73,17.53,748.6,15.86,75.16
"2026-02-01 01:55:00",542700,12.73,17.4,748.5,16.06,74.55
"2026-02-01 02:00:00",542701,12.73,17.28,748.5,16.12,74.03
"2026-02-01 02:05:00",542702,12.73,17.19,748.4,15.89,75.09
"2026-02-01 02:10:00",542703,12.72,17.1,748.2,15.87,75
"2026-02-01 02:15:00",542704,12.72,17,748.2,15.91,74.67
"2026-02-01 02:20:00",542705,12.72,16.93,748.3,15.8,75.13
"2026-02-01 02:25:00",542706,12.72,16.84,748.2,15.7,76.35
"2026-02-01 02:30:00",542707,12.71,16.73,748.1,15.67,76
"2026-02-01 02:35:00",542708,12.71,16.63,748.1,15.64,75.88
"2026-02-01 02:40:00",542709,12.71,16.56,747.9,15.15,78.19
"2026-02-01 02:45:00",542710,12.71,16.44,747.8,15.36,76.64
"2026-02-01 02:50:00",542711,12.7,16.35,747.8,15.3,77.33
"2026-02-01 02:55:00",542712,12.7,16.26,747.7,15.15,77.69
"2026-02-01 03:00:00",542713,12.7,16.18,747.7,15.05,78.67
"2026-02-01 03:05:00",542714,12.7,16.09,747.7,14.7,79.82
"2026-02-01 03:10:00",542715,12.69,15.94,747.7,14.59,81.1
"2026-02-01 03:15:00",542716,12.69,15.77,747.7,14.59,81.2
"2026-02-01 03:20:00",542717,12.68,15.62,747.6,14.6,81.3
"2026-02-01 03:25:00",542718,12.68,15.51,747.7,14.83,80.4
"2026-02-01 03:30:00",542719,12.68,15.45,747.6,14.81,80.3
"2026-02-01 03:35:00",542720,12.68,15.39,747.6,14.98,79.38
"2026-02-01 03:40:00",542721,12.67,15.36,747.5,14.96,79.18
"2026-02-01 03:45:00",542722,12.67,15.34,747.5,14.83,79.71
"2026-02-01 03:50:00",542723,12.67,15.32,747.5,14.76,79.67
"2026-02-01 03:55:00",542724,12.67,15.32,747.5,14.76,79.61
"2026-02-01 04:00:00",542725,12.66,15.3,747.5,14.73,79.11
"2026-02-01 04:05:00",542726,12.66,15.26,747.5,14.65,79.59
"2026-02-01 04:10:00",542727,12.66,15.21,747.6,14.65,81.8
"2026-02-01 04:15:00",542728,12.66,15.14,747.6,14.35,83.3
"2026-02-01 04:20:00",542729,12.65,15.07,747.6,14.15,83.5
"2026-02-01 04:25:00",542730,12.65,15.01,747.6,14.38,82.8
"2026-02-01 04:30:00",542731,12.65,14.97,747.8,14.57,81.7
"2026-02-01 04:35:00",542732,12.64,14.94,748,14.26,82.4
"2026-02-01 04:40:00",542733,12.64,14.88,748.1,14.07,83.2
"2026-02-01 04:45:00",542734,12.64,14.81,748.1,14.09,83.5
"2026-02-01 04:50:00",542735,12.64,14.76,748.1,14.25,82.4
"2026-02-01 04:55:00",542736,12.63,14.75,748.2,14.35,82.4
"2026-02-01 05:00:00",542737,12.63,14.76,748.3,14.13,82.9
"2026-02-01 05:05:00",542738,12.63,14.73,748.3,13.98,83.5
"2026-02-01 05:10:00",542739,12.63,14.71,748.3,14.07,83.1
"2026-02-01 05:15:00",542740,12.62,14.7,748.3,14.25,82.2
"2026-02-01 05:20:00",542741,12.62,14.7,748.3,14.21,82.2
"2026-02-01 05:25:00",542742,12.62,14.74,748.4,14.23,82.7
"2026-02-01 05:30:00",542743,12.61,14.76,748.4,13.9,83.4
"2026-02-01 05:35:00",542744,12.61,14.77,748.5,13.6,83.5
"2026-02-01 05:40:00",542745,12.61,14.75,748.6,13.59,83.7
"2026-02-01 05:45:00",542746,12.61,14.72,748.8,13.62,83.1
"2026-02-01 05:50:00",542747,12.61,14.67,748.8,13.59,82.6
"2026-02-01 05:55:00",542748,12.6,14.5,749,13.6,82
"2026-02-01 06:00:00",542749,12.6,14.39,749,13.55,81.9
"2026-02-01 06:05:00",542750,12.6,14.32,749,13.58,82.4
"2026-02-01 06:10:00",542751,12.6,14.29,749.1,13.79,82.3
"2026-02-01 06:15:00",542752,12.6,14.35,749.2,13.59,83.1
"2026-02-01 06:20:00",542753,12.61,14.3,749.3,13.58,83.8
"2026-02-01 06:25:00",542754,12.62,14.29,749.4,13.61,83.9
"2026-02-01 06:30:00",542755,12.63,14.27,749.6,13.45,85.3
"2026-02-01 06:35:00",542756,12.64,14.25,749.7,13.4,86
"2026-02-01 06:40:00",542757,12.66,14.23,749.8,13.38,85.4
"2026-02-01 06:45:00",542758,12.66,14.3,749.8,13.57,85.5
"2026-02-01 06:50:00",542759,12.67,14.39,749.8,13.54,84.7
"2026-02-01 06:55:00",542760,12.7,14.54,749.9,13.7,84.2
"2026-02-01 07:00:00",542761,12.73,14.68,750,13.84,84
"2026-02-01 07:05:00",542762,12.8,14.83,750,13.95,83.4
"2026-02-01 07:10:00",542763,12.95,15.02,750,14.06,82.6
"2026-02-01 07:15:00",542764,13.14,15.25,750,14.22,81.3
"2026-02-01 07:20:00",542765,13.34,15.5,750.1,14.07,83.1
"2026-02-01 07:25:00",542766,13.49,15.72,750.1,14.19,83.2
"2026-02-01 07:30:00",542767,13.61,16.02,750.2,14.47,81.7
"2026-02-01 07:35:00",542768,13.68,16.29,750.2,14.65,81.1
"2026-02-01 07:40:00",542769,13.75,16.58,750.2,14.58,82.5
"2026-02-01 07:45:00",542770,13.79,17.02,750.3,14.83,82.2
"2026-02-01 07:50:00",542771,13.79,18.34,750.2,15.08,80
"2026-02-01 07:55:00",542772,13.79,19.06,750.3,15.77,78.49
"2026-02-01 08:00:00",542773,13.76,19.67,750.2,16.28,73.92
"2026-02-01 08:05:00",542774,13.76,20.28,750.2,16.84,71.5
"2026-02-01 08:10:00",542775,13.73,20.88,750.2,18.14,66.5
"2026-02-01 08:15:00",542776,13.73,21.56,750.2,18.86,63.9
"2026-02-01 08:20:00",542777,13.71,22.19,750.3,19.72,61.4
"2026-02-01 08:25:00",542778,13.71,22.87,750.3,20.19,56.51
"2026-02-01 08:30:00",542779,13.68,23.57,750.3,20.62,55.53
"2026-02-01 08:35:00",542780,13.68,24.35,750.3,20.5,55.57
"2026-02-01 08:40:00",542781,13.66,25.07,750.3,21.45,52.85
"2026-02-01 08:45:00",542782,13.62,25.67,750.3,20.54,55.88
"2026-02-01 08:50:00",542783,13.63,26.19,750.3,20.36,57.85
"2026-02-01 08:55:00",542784,13.63,26.61,750.3,20.35,55.83
"2026-02-01 09:00:00",542785,13.6,26.88,750.3,20.23,56.64
"2026-02-01 09:05:00",542786,13.6,27.05,750.4,20.84,56.36
"2026-02-01 09:10:00",542787,13.6,27.26,750.3,20.69,55.91
"2026-02-01 09:15:00",542788,13.6,27.5,750.3,20.86,56.18
"2026-02-01 09:20:00",542789,13.6,27.81,750.2,21.31,54.14
"2026-02-01 09:25:00",542790,13.58,28.16,750.2,21,54.53
"2026-02-01 09:30:00",542791,13.58,28.52,750.2,21.97,52.48
"2026-02-01 09:35:00",542792,13.58,29.07,750.2,22.73,49.37
"2026-02-01 09:40:00",542793,13.55,29.62,750.1,22.42,48.44
"2026-02-01 09:45:00",542794,13.55,30.01,750.1,22.35,48.05
"2026-02-01 09:50:00",542795,13.53,30.43,750.1,23.15,46.49
"2026-02-01 09:55:00",542796,13.53,30.77,750,22.47,47.62
"2026-02-01 10:00:00",542797,13.53,31.1,749.9,22.43,48.51
"2026-02-01 10:05:00",542798,13.53,31.39,749.8,22.52,47.69
"2026-02-01 10:10:00",542799,13.51,31.63,749.8,22.84,46.26
"2026-02-01 10:15:00",542800,13.51,31.85,749.7,23.07,47.28
"2026-02-01 10:20:00",542801,13.5,32.09,749.7,23.88,46.9
"2026-02-01 10:25:00",542802,13.51,32.32,749.6,23.08,47.06
"2026-02-01 10:30:00",542803,13.51,32.51,749.5,24.03,44.8
"2026-02-01 10:35:00",542804,13.48,32.72,749.5,24.39,42.86
"2026-02-01 10:40:00",542805,13.48,32.99,749.4,25.31,40.81
"2026-02-01 10:45:00",542806,13.48,33.28,749.4,24.22,42.29
"2026-02-01 10:50:00",542807,13.48,33.46,749.3,24.49,42.65
"2026-02-01 10:55:00",542808,13.49,33.58,749.2,24.91,41.42
"2026-02-01 11:00:00",542809,13.48,33.78,749.1,24.16,42.64
"2026-02-01 11:05:00",542810,13.46,33.97,749,24.47,43.36
"2026-02-01 11:10:00",542811,13.46,34.15,749,25.5,40.63
"2026-02-01 11:15:00",542812,13.46,34.38,748.9,25.62,38.64
"2026-02-01 11:20:00",542813,13.46,34.62,748.8,26.13,35.64
"2026-02-01 11:25:00",542814,13.46,34.98,748.7,27.46,33.85
"2026-02-01 11:30:00",542815,13.44,35.45,748.6,28.17,32.06
"2026-02-01 11:35:00",542816,13.44,35.86,748.5,26.98,32.36
"2026-02-01 11:40:00",542817,13.44,36.07,748.4,26.98,33.97
"2026-02-01 11:45:00",542818,13.42,36.2,748.4,27,35.62
"2026-02-01 11:50:00",542819,13.42,36.2,748.3,26.5,33.93
"2026-02-01 11:55:00",542820,13.42,36.18,748.2,26.51,33.36
"2026-02-01 12:00:00",542821,13.42,36.15,748.1,26.77,35.2
"2026-02-01 12:05:00",542822,13.42,36.1,748.1,27,30.02
"2026-02-01 12:10:00",542823,13.42,36.06,748,27.48,31.01
"2026-02-01 12:15:00",542824,13.42,36.19,748,28.26,30.03
"2026-02-01 12:20:00",542825,13.42,36.39,747.9,27.24,32.01
"2026-02-01 12:25:00",542826,13.42,36.5,747.8,27.06,33.58
"2026-02-01 12:30:00",542827,13.42,36.5,747.8,27.48,29.83
"2026-02-01 12:35:00",542828,13.41,36.43,747.8,28.14,29.95
"2026-02-01 12:40:00",542829,13.42,36.38,747.7,28.02,30.62
"2026-02-01 12:45:00",542830,13.42,36.32,747.7,27.53,30.98
"2026-02-01 12:50:00",542831,13.42,36.24,747.6,27.88,31.63
"2026-02-01 12:55:00",542832,13.42,36.23,747.5,28.99,30.5
"2026-02-01 13:00:00",542833,13.42,36.3,747.4,28.42,32.15
"2026-02-01 13:05:00",542834,13.42,36.34,747.3,28.26,31.35
"2026-02-01 13:10:00",542835,13.42,36.3,747.3,28.13,30.56
"2026-02-01 13:15:00",542836,13.42,36.21,747.2,27.7,31.2
"2026-02-01 13:20:00",542837,13.42,36.15,747.1,28.61,31.25
"2026-02-01 13:25:00",542838,13.42,36.13,747,28.75,30.34
"2026-02-01 13:30:00",542839,13.42,36.16,746.9,29.5,29.27
"2026-02-01 13:35:00",542840,13.42,36.25,746.9,29.86,28.03
"2026-02-01 13:40:00",542841,13.42,36.35,746.8,28.33,29.62
"2026-02-01 13:45:00",542842,13.42,36.31,746.7,29.17,30.24
"2026-02-01 13:50:00",542843,13.42,36.32,746.6,29.19,28.22
"2026-02-01 13:55:00",542844,13.42,36.34,746.5,29.23,29.15
"2026-02-01 14:00:00",542845,13.42,36.41,746.5,28.86,30.01
"2026-02-01 14:05:00",542846,13.42,36.45,746.3,28.8,28.36
"2026-02-01 14:10:00",542847,13.42,36.46,746.3,29.23,27.57
"2026-02-01 14:15:00",542848,13.42,36.49,746.2,29.2,26.67
"2026-02-01 14:20:00",542849,13.42,36.39,746.2,28.41,28.53
"2026-02-01 14:25:00",542850,13.42,36.31,746.1,28.64,27.49
"2026-02-01 14:30:00",542851,13.42,36.21,746,28.42,27.99
"2026-02-01 14:35:00",542852,13.42,35.98,745.9,28.72,27.19
"2026-02-01 14:40:00",542853,13.42,35.82,745.7,28.48,32.29
"2026-02-01 14:45:00",542854,13.42,35.67,745.5,28.19,31.55
"2026-02-01 14:50:00",542855,13.42,35.53,745.6,28.8,30.75
"2026-02-01 14:55:00",542856,13.42,35.41,745.5,27.94,31.43
"2026-02-01 15:00:00",542857,13.42,35.17,745.5,27.56,30.38
"2026-02-01 15:05:00",542858,13.42,34.86,745.4,27.36,31.28
"2026-02-01 15:10:00",542859,13.42,34.46,745.4,26.88,31.13
"2026-02-01 15:15:00",542860,13.42,34,745.4,27.04,31.49
"2026-02-01 15:20:00",542861,13.42,33.62,745.4,27.23,31.5
"2026-02-01 15:25:00",542862,13.42,33.33,745.3,27.04,34.31
"2026-02-01 15:30:00",542863,13.42,33.02,745.3,26.41,35.63
"2026-02-01 15:35:00",542864,13.42,32.7,745.2,26.49,35.44
"2026-02-01 15:40:00",542865,13.44,32.45,745.2,26.61,35.65
"2026-02-01 15:45:00",542866,13.44,32.21,745.2,26.46,35.8
"2026-02-01 15:50:00",542867,13.44,32.05,745.1,26.54,36.04
"2026-02-01 15:55:00",542868,13.44,31.91,745.1,26.8,36.57
"2026-02-01 16:00:00",542869,13.44,31.83,745.1,26.76,37.23
"2026-02-01 16:05:00",542870,13.44,31.8,745.1,26.27,37.71
"2026-02-01 16:10:00",542871,13.44,31.76,745,26.44,37.2
"2026-02-01 16:15:00",542872,13.44,31.73,745,26.24,37.08
"2026-02-01 16:20:00",542873,13.44,31.71,745,26.14,38.36
"2026-02-01 16:25:00",542874,13.44,31.69,745,26.81,34.9
"2026-02-01 16:30:00",542875,13.44,31.51,745.1,26.74,35.96
"2026-02-01 16:35:00",542876,13.44,31.54,745.1,26.98,36.08
"2026-02-01 16:40:00",542877,13.45,31.67,745,26.69,37.02
"2026-02-01 16:45:00",542878,13.45,31.7,745,26.52,37.14
"2026-02-01 16:50:00",542879,13.45,31.69,745,26.28,36.32
"2026-02-01 16:55:00",542880,13.44,31.69,745.1,27.02,35.79
"2026-02-01 17:00:00",542881,13.45,31.86,745.2,28.27,35.71
"2026-02-01 17:05:00",542882,13.44,32.24,745.2,27.78,37.67
"2026-02-01 17:10:00",542883,13.45,32.7,745.2,27.92,35.54
"2026-02-01 17:15:00",542884,13.45,33.08,745.2,27.05,36.59
"2026-02-01 17:20:00",542885,13.45,33.24,745.2,26.99,36.92
"2026-02-01 17:25:00",542886,13.45,33.28,745.2,27.76,34.45
"2026-02-01 17:30:00",542887,13.45,33.22,745.2,26.92,34.88
"2026-02-01 17:35:00",542888,13.45,32.95,745.1,26.24,35.71
"2026-02-01 17:40:00",542889,13.45,32.49,745.2,26.01,36.82
"2026-02-01 17:45:00",542890,13.45,31.88,745.2,26.05,36.89
"2026-02-01 17:50:00",542891,13.47,31.2,745.3,26.07,36.43
"2026-02-01 17:55:00",542892,13.47,30.45,745.4,25.96,36.58
"2026-02-01 18:00:00",542893,13.45,29.85,745.4,25.85,36.34
"2026-02-01 18:05:00",542894,13.44,29.4,745.3,25.5,36.87
"2026-02-01 18:10:00",542895,13.42,29.03,745.4,25.29,38.28
"2026-02-01 18:15:00",542896,13.39,28.66,745.4,24.49,42.52
"2026-02-01 18:20:00",542897,13.35,28.26,745.5,24.35,43.02
"2026-02-01 18:25:00",542898,13.28,27.89,745.5,24.23,43.53
"2026-02-01 18:30:00",542899,13.2,27.52,745.6,23.99,43.37
"2026-02-01 18:35:00",542900,13.12,27.18,745.7,23.96,43.3
"2026-02-01 18:40:00",542901,13.05,26.85,745.8,23.95,43.56
"2026-02-01 18:45:00",542902,13,26.55,745.7,23.67,44.37
"2026-02-01 18:50:00",542903,12.96,26.29,745.8,23.67,44.53
"2026-02-01 18:55:00",542904,12.94,26.02,745.9,23.42,45.47
"2026-02-01 19:00:00",542905,12.92,25.76,745.9,23.11,46.65
"2026-02-01 19:05:00",542906,12.91,25.48,746,22.95,46.79
"2026-02-01 19:10:00",542907,12.9,25.19,746,22.71,47.3
"2026-02-01 19:15:00",542908,12.9,24.93,746.1,22.69,47.39
"2026-02-01 19:20:00",542909,12.89,24.69,746.1,22.49,47.91
"2026-02-01 19:25:00",542910,12.89,24.49,746.2,22.5,47.44
"2026-02-01 19:30:00",542911,12.89,24.3,746.2,22.27,48.17
"2026-02-01 19:35:00",542912,12.88,24.13,746.3,22.19,48.48
"2026-02-01 19:40:00",542913,12.88,23.96,746.4,22.29,47.76
"2026-02-01 19:45:00",542914,12.87,23.84,746.5,22.15,48.47
"2026-02-01 19:50:00",542915,12.87,23.73,746.5,22.35,47.7
"2026-02-01 19:55:00",542916,12.87,23.64,746.6,22.34,47.54
"2026-02-01 20:00:00",542917,12.87,23.52,746.7,22.11,48.66
"2026-02-01 20:05:00",542918,12.86,23.41,746.8,22.12,49.1
"2026-02-01 20:10:00",542919,12.86,23.29,746.8,22.03,48.99
"2026-02-01 20:15:00",542920,12.86,23.17,746.8,21.95,48.92
"2026-02-01 20:20:00",542921,12.86,23.06,746.9,22.07,48.81
"2026-02-01 20:25:00",542922,12.86,22.97,747,22.38,47.61
"2026-02-01 20:30:00",542923,12.85,22.89,747,21.83,50.86
"2026-02-01 20:35:00",542924,12.85,22.83,747,21.47,52.16
"2026-02-01 20:40:00",542925,12.85,22.72,747.1,21.13,53.74
"2026-02-01 20:45:00",542926,12.85,22.58,747.2,20.66,55.84
"2026-02-01 20:50:00",542927,12.85,22.4,747.3,20.92,53.34
"2026-02-01 20:55:00",542928,12.84,22.21,747.3,20.94,54.27
"2026-02-01 21:00:00",542929,12.84,22.06,747.4,20.84,55.03
"2026-02-01 21:05:00",542930,12.84,21.9,747.5,20.73,55.23
"2026-02-01 21:10:00",542931,12.84,21.75,747.5,20.42,56.36
"2026-02-01 21:15:00",542932,12.84,21.62,747.7,20.18,57.76
"2026-02-01 21:20:00",542933,12.84,21.44,747.8,20.04,58.29
"2026-02-01 21:25:00",542934,12.83,21.27,747.9,20.04,57.77
"2026-02-01 21:30:00",542935,12.83,21.13,748,20.28,56.18
"2026-02-01 21:35:00",542936,12.83,21.01,748.1,20.51,54.83
"2026-02-01 21:40:00",542937,12.83,20.92,748.3,20.52,55.79
"2026-02-01 21:45:00",542938,12.83,20.84,748.3,20.41,55.19
"2026-02-01 21:50:00",542939,12.83,20.76,748.4,20.51,55.05
"2026-02-01 21:55:00",542940,12.82,20.7,748.5,20.65,56.64
"2026-02-01 22:00:00",542941,12.82,20.66,748.6,20.04,58.11
"2026-02-01 22:05:00",542942,12.82,20.6,748.6,20.18,57.15
"2026-02-01 22:10:00",542943,12.82,20.55,748.6,20.46,55.63
"2026-02-01 22:15:00",542944,12.82,20.52,748.7,20.52,54.86
"2026-02-01 22:20:00",542945,12.82,20.49,748.8,20.31,56.28
"2026-02-01 22:25:00",542946,12.82,20.43,748.9,20.16,58.04
"2026-02-01 22:30:00",542947,12.81,20.38,748.9,20.2,58.17
"2026-02-01 22:35:00",542948,12.81,20.36,748.9,20.11,57.66
"2026-02-01 22:40:00",542949,12.81,20.32,748.9,20.02,58.5
"2026-02-01 22:45:00",542950,12.81,20.28,748.9,19.78,59.93
"2026-02-01 22:50:00",542951,12.81,20.23,748.9,19.63,60.75
"2026-02-01 22:55:00",542952,12.81,20.2,749,19.9,58.73
"2026-02-01 23:00:00",542953,12.81,20.18,749,20,58.38
"2026-02-01 23:05:00",542954,12.8,20.19,749,19.86,59.21
"2026-02-01 23:10:00",542955,12.8,20.2,749,19.71,60.22
"2026-02-01 23:15:00",542956,12.8,20.1,749,19.58,60.71
"2026-02-01 23:20:00",542957,12.8,20.03,749,19.56,60.65
"2026-02-01 23:25:00",542958,12.8,19.98,749,19.59,60.9
"2026-02-01 23:30:00",542959,12.8,19.92,749,19.38,61.98
"2026-02-01 23:35:00",542960,12.8,19.83,749.1,19.18,62.76
"2026-02-01 23:40:00",542961,12.8,19.75,749.1,18.92,64.41
"2026-02-01 23:45:00",542962,12.8,19.63,749.2,18.71,64.86
"2026-02-01 23:50:00",542963,12.8,19.5,749.1,18.7,65
"2026-02-01 23:55:00",542964,12.79,19.37,749.1,18.82,64.84
"2026-02-02 00:00:00",542965,12.8,19.25,749.1,18.85,64.04
"2026-02-02 00:05:00",542966,12.77,19.34,749,18.96,63.61
"2026-02-02 00:10:00",542967,12.77,19.55,749,18.86,63.75
"2026-02-02 00:15:00",542968,12.77,19.63,749,18.73,64.26
"2026-02-02 00:20:00",542969,12.78,19.64,749,18.64,65.29
"2026-02-02 00:25:00",542970,12.78,19.58,749,18.41,66.7
"2026-02-02 00:30:00",542971,12.78,19.52,748.8,18.58,65.43
"2026-02-02 00:35:00",542972,12.78,19.46,748.8,18.65,65.68
"2026-02-02 00:40:00",542973,12.78,19.41,748.7,18.78,65.49
"2026-02-02 00:45:00",542974,12.77,19.4,748.7,18.88,65.27
"2026-02-02 00:50:00",542975,12.77,19.32,748.6,18.7,66.33
"2026-02-02 00:55:00",542976,12.77,19.28,748.5,18.05,68.39
"2026-02-02 01:00:00",542977,12.77,19.2,748.5,18.08,68.2
"2026-02-02 01:05:00",542978,12.77,19.13,748.4,17.84,68.3
"2026-02-02 01:10:00",542979,12.77,19.04,748.3,17.56,69.21
"2026-02-02 01:15:00",542980,12.76,19.01,748.2,17.41,70.29
"2026-02-02 01:20:00",542981,12.76,18.93,748.1,17.25,71.27
"2026-02-02 01:25:00",542982,12.76,18.82,748.1,17.1,71.84
"2026-02-02 01:30:00",542983,12.75,18.73,748.1,17.12,70.32
"2026-02-02 01:35:00",542984,12.75,18.63,748.1,16.96,71.64
"2026-02-02 01:40:00",542985,12.75,18.52,748.2,16.8,72.24
"2026-02-02 01:45:00",542986,12.75,18.44,748.2,16.65,72.79
"2026-02-02 01:50:00",542987,12.75,18.31,748.3,16.58,73.35
"2026-02-02 01:55:00",542988,12.75,18.22,748.4,16.9,71.52
"2026-02-02 02:00:00",542989,12.75,18.15,748.5,17.18,71.14
"2026-02-02 02:05:00",542990,12.74,18.1,748.5,17.13,70.12
"2026-02-02 02:10:00",542991,12.74,18.1,748.6,17.17,69.16
"2026-02-02 02:15:00",542992,12.74,18.14,748.6,17.09,70.2
"2026-02-02 02:20:00",542993,12.74,18.18,748.7,17.22,70.34
"2026-02-02 02:25:00",542994,12.74,18.23,748.6,17.43,68.92
"2026-02-02 02:30:00",542995,12.74,18.32,748.5,17.49,69.69
"2026-02-02 02:35:00",542996,12.74,18.34,748.5,17.54,68.56
"2026-02-02 02:40:00",542997,12.73,18.37,748.4,17.51,69.66
"2026-02-02 02:45:00",542998,12.73,18.42,748.4,17.36,70.25
"2026-02-02 02:50:00",542999,12.73,18.38,748.3,16.72,72.52
"2026-02-02 02:55:00",543000,12.73,18.33,748.4,16.44,73.92
"2026-02-02 03:00:00",543001,12.73,18.25,748.4,16.25,74.76
"2026-02-02 03:05:00",543002,12.73,18.04,748.4,16.34,74.16
"2026-02-02 03:10:00",543003,12.73,17.93,748.3,16.43,74.09
"2026-02-02 03:15:00",543004,12.72,17.83,748.3,16.3,74.77
"2026-02-02 03:20:00",543005,12.72,17.75,748.2,16.29,74.23
"2026-02-02 03:25:00",543006,12.72,17.68,748.1,16.34,74.73
"2026-02-02 03:30:00",543007,12.72,17.59,748.2,16.32,74.84
"2026-02-02 03:35:00",543008,12.71,17.5,748.1,16.38,74.39
"2026-02-02 03:40:00",543009,12.71,17.42,748.1,16.64,72.9
"2026-02-02 03:45:00",543010,12.71,17.38,748.1,16.75,72.18
"2026-02-02 03:50:00",543011,12.71,17.36,748.1,16.5,73.62
"2026-02-02 03:55:00",543012,12.71,17.34,748.1,16.23,74.96
"2026-02-02 04:00:00",543013,12.7,17.31,748.1,15.96,76.68
"2026-02-02 04:05:00",543014,12.7,17.26,748.1,15.8,77.55
"2026-02-02 04:10:00",543015,12.7,17.19,748,15.8,77.43
"2026-02-02 04:15:00",543016,12.7,17.12,748,15.92,76.79
"2026-02-02 04:20:00",543017,12.69,17.05,747.9,15.82,77.27
"2026-02-02 04:25:00",543018,12.69,16.95,747.9,15.9,78.91
"2026-02-02 04:30:00",543019,12.69,16.9,747.8,15.71,79.26
"2026-02-02 04:35:00",543020,12.69,16.81,747.9,15.64,80.4
"2026-02-02 04:40:00",543021,12.68,16.75,748,15.64,80.7
"2026-02-02 04:45:00",543022,12.68,16.69,748,15.44,81.6
"2026-02-02 04:50:00",543023,12.68,16.63,748,15.22,82.5
"2026-02-02 04:55:00",543024,12.67,16.53,748,15.22,82.4
"2026-02-02 05:00:00",543025,12.67,16.46,748,15.18,82.7
"2026-02-02 05:05:00",543026,12.67,16.37,748,15.13,83.1
"2026-02-02 05:10:00",543027,12.67,16.29,748.1,15.2,82.8
"2026-02-02 05:15:00",543028,12.67,16.22,748.1,15.2,82.8
"2026-02-02 05:20:00",543029,12.66,16.16,748,15.5,81.4
"2026-02-02 05:25:00",543030,12.66,16.14,748,15.61,81
"2026-02-02 05:30:00",543031,12.66,16.14,748.1,15.57,81.5
"2026-02-02 05:35:00",543032,12.65,16.15,748.1,15.32,82.2
"2026-02-02 05:40:00",543033,12.65,16.12,748.1,15.07,83.6
"2026-02-02 05:45:00",543034,12.65,16.05,748.2,14.99,83.6
"2026-02-02 05:50:00",543035,12.65,16.01,748.2,15.03,83.6
"2026-02-02 05:55:00",543036,12.64,15.95,748.3,14.88,83.6
"2026-02-02 06:00:00",543037,12.64,15.84,748.3,14.87,83.1
"2026-02-02 06:05:00",543038,12.64,15.78,748.4,14.96,83.2
"2026-02-02 06:10:00",543039,12.64,15.78,748.4,15.02,83.1
"2026-02-02 06:15:00",543040,12.63,15.83,748.5,14.96,83.6
"2026-02-02 06:20:00",543041,12.65,15.8,748.6,14.83,84.4
"2026-02-02 06:25:00",543042,12.67,15.8,748.7,14.89,84
"2026-02-02 06:30:00",543043,12.7,15.83,748.7,14.88,83.7
"2026-02-02 06:35:00",543044,12.73,15.87,748.7,14.79,84
"2026-02-02 06:40:00",543045,12.78,15.94,748.8,14.8,84.2
"2026-02-02 06:45:00",543046,12.85,16.02,748.9,14.85,83.9
"2026-02-02 06:50:00",543047,12.93,16.12,748.9,14.86,83.5
"2026-02-02 06:55:00",543048,13.03,16.25,749.1,14.76,84.7
"2026-02-02 07:00:00",543049,13.15,16.36,749.1,14.81,84.3
"2026-02-02 07:05:00",543050,13.26,16.49,749.2,14.98,83.4
"2026-02-02 07:10:00",543051,13.34,16.63,749.2,15.02,82.8
"2026-02-02 07:15:00",543052,13.41,16.8,749.3,15.26,82.7
"2026-02-02 07:20:00",543053,13.48,16.97,749.4,15.52,81
"2026-02-02 07:25:00",543054,13.54,17.21,749.4,15.91,79.66
"2026-02-02 07:30:00",543055,13.59,17.45,749.5,16.41,77.62
"2026-02-02 07:35:00",543056,13.67,17.73,749.5,16.97,75.93
"2026-02-02 07:40:00",543057,13.79,18.12,749.6,17.02,74.35
"2026-02-02 07:45:00",543058,13.85,18.98,749.7,17.29,73.86
"2026-02-02 07:50:00",543059,13.76,20.08,749.7,17.92,71.66
"2026-02-02 07:55:00",543060,13.73,20.78,749.7,18.7,67.43
"2026-02-02 08:00:00",543061,13.73,21.39,749.8,18.74,67.55
"2026-02-02 08:05:00",543062,13.71,21.94,749.8,19.38,65.39
"2026-02-02 08:10:00",543063,13.71,22.47,749.9,19.43,65.9
"2026-02-02 08:15:00",543064,13.68,23.06,749.9,20.51,62.1
"2026-02-02 08:20:00",543065,13.68,23.67,749.9,20.92,60.5
"2026-02-02 08:25:00",543066,13.68,24.33,749.9,20.51,63.79
"2026-02-02 08:30:00",543067,13.65,24.91,750,20.48,62.97
"2026-02-02 08:35:00",543068,13.62,25.39,750.1,20.56,62.77
"2026-02-02 08:40:00",543069,13.63,25.82,750.1,19.91,64.2
"2026-02-02 08:45:00",543070,13.63,25.95,750.1,19.82,64.21
"2026-02-02 08:50:00",543071,13.63,26.08,750.1,19.69,64.54
"2026-02-02 08:55:00",543072,13.63,26.12,750.1,19.44,64.2
"2026-02-02 09:00:00",543073,13.63,26.14,750.2,20.28,62.31
"2026-02-02 09:05:00",543074,13.6,26.22,750.1,19.41,65.69
"2026-02-02 09:10:00",543075,13.6,26.33,750.2,20.52,62.17
"2026-02-02 09:15:00",543076,13.6,26.58,750.1,20.11,63
"2026-02-02 09:20:00",543077,13.6,26.85,750,20.82,61.52
"2026-02-02 09:25:00",543078,13.6,27.16,750.1,21.45,58.54
"2026-02-02 09:30:00",543079,13.61,27.58,750,22.85,53.8
"2026-02-02 09:35:00",543080,13.6,28.08,750.1,21.55,56.22
"2026-02-02 09:40:00",543081,13.58,28.55,750,21.79,55.67
"2026-02-02 09:45:00",543082,13.58,28.99,750,22.08,54.19
"2026-02-02 09:50:00",543083,13.55,29.39,749.9,22.76,54.19
"2026-02-02 09:55:00",543084,13.55,29.78,749.9,22.45,53.74
"2026-02-02 10:00:00",543085,13.56,30.08,749.9,22.25,54.21
"2026-02-02 10:05:00",543086,13.53,30.38,749.8,22.24,54.24
"2026-02-02 10:10:00",543087,13.53,30.63,749.8,22.47,53.3
"2026-02-02 10:15:00",543088,13.53,30.87,749.7,22.53,53.94
"2026-02-02 10:20:00",543089,13.53,31.06,749.7,22.87,52.14
"2026-02-02 10:25:00",543090,13.51,31.3,749.7,23.49,49.66
"2026-02-02 10:30:00",543091,13.51,31.59,749.7,23.55,51.03
"2026-02-02 10:35:00",543092,13.51,31.96,749.7,23.43,50.48
"2026-02-02 10:40:00",543093,13.51,32.28,749.6,24.16,48.35
"2026-02-02 10:45:00",543094,13.51,32.67,749.5,24.63,47.06
"2026-02-02 10:50:00",543095,13.48,33.11,749.5,24.82,47.21
"2026-02-02 10:55:00",543096,13.49,33.46,749.4,24.21,45.79
"2026-02-02 11:00:00",543097,13.49,33.73,749.4,24.36,45.23
"2026-02-02 11:05:00",543098,13.46,34,749.3,25.58,41.99
"2026-02-02 11:10:00",543099,13.46,34.34,749.2,26.16,41.79
"2026-02-02 11:15:00",543100,13.46,34.77,749.1,25.96,41.8
"2026-02-02 11:20:00",543101,13.46,35.03,749.1,24.79,46.28
"2026-02-02 11:25:00",543102,13.46,35.12,749,26.52,41.89
"2026-02-02 11:30:00",543103,13.46,35.27,749,25.83,39.65
"2026-02-02 11:35:00",543104,13.46,35.25,749,25.66,38.05
"2026-02-02 11:40:00",543105,13.44,35.27,748.9,25.75,37.46
"2026-02-02 11:45:00",543106,13.44,35.34,748.8,26.22,37.64
"2026-02-02 11:50:00",543107,13.44,35.51,748.7,26.7,34.32
"2026-02-02 11:55:00",543108,13.44,35.77,748.7,27.22,34.16
"2026-02-02 12:00:00",543109,13.42,36.07,748.6,26.38,36.93
"2026-02-02 12:05:00",543110,13.42,36.32,748.5,28.17,33.11
"2026-02-02 12:10:00",543111,13.41,36.55,748.4,26.83,33.15
"2026-02-02 12:15:00",543112,13.42,36.66,748.4,27.36,31.11
"2026-02-02 12:20:00",543113,13.42,36.71,748.3,28.25,32.06
"2026-02-02 12:25:00",543114,13.42,36.83,748.2,27.54,32.27
"2026-02-02 12:30:00",543115,13.42,36.83,748.2,26.8,32.01
"2026-02-02 12:35:00",543116,13.42,36.72,748.1,27.35,30.9
"2026-02-02 12:40:00",543117,13.42,36.57,748,27.68,31.44
"2026-02-02 12:45:00",543118,13.42,36.44,747.8,27.53,30.85
"2026-02-02 12:50:00",543119,13.42,36.32,747.7,27.55,30.78
"2026-02-02 12:55:00",543120,13.42,36.16,747.5,27.6,30.92
"2026-02-02 13:00:00",543121,13.41,36.02,747.3,27.67,31.03
"2026-02-02 13:05:00",543122,13.42,35.82,747.1,27.78,31.48
"2026-02-02 13:10:00",543123,13.42,35.69,747,27.97,32.24
"2026-02-02 13:15:00",543124,13.41,35.66,746.9,28.39,31.26
"2026-02-02 13:20:00",543125,13.42,35.61,746.8,28.14,31.34
"2026-02-02 13:25:00",543126,13.42,35.56,746.8,28.78,31.23
"2026-02-02 13:30:00",543127,13.42,35.57,746.7,28.4,31.7
"2026-02-02 13:35:00",543128,13.42,35.55,746.7,29.1,30.85
"2026-02-02 13:40:00",543129,13.42,35.56,746.6,28.74,31.16
"2026-02-02 13:45:00",543130,13.42,35.58,746.6,28.31,30.37
"2026-02-02 13:50:00",543131,13.42,35.53,746.5,28.14,31.31
"2026-02-02 13:55:00",543132,13.42,35.5,746.3,28.07,30.89
"2026-02-02 14:00:00",543133,13.42,35.49,746.1,28.64,30.67
"2026-02-02 14:05:00",543134,13.42,35.51,746,28.34,31.6
"2026-02-02 14:10:00",543135,13.42,35.47,746,27.67,32.05
"2026-02-02 14:15:00",543136,13.42,35.42,745.9,28.94,32.33
"2026-02-02 14:20:00",543137,13.42,35.35,745.9,26.8,35.03
"2026-02-02 14:25:00",543138,13.42,34.97,745.8,26.34,35.52
"2026-02-02 14:30:00",543139,13.42,34.47,745.7,26.56,35.01
"2026-02-02 14:35:00",543140,13.42,34.02,745.8,26.55,35.21
"2026-02-02 14:40:00",543141,13.42,33.65,745.8,27.27,34.57
"2026-02-02 14:45:00",543142,13.42,33.45,745.8,26.78,33.99
"2026-02-02 14:50:00",543143,13.42,33.25,745.7,26.56,35.07
"2026-02-02 14:55:00",543144,13.42,33.06,745.6,26.91,34.71
"2026-02-02 15:00:00",543145,13.42,32.94,745.6,27.14,35.13
"2026-02-02 15:05:00",543146,13.42,32.88,745.5,26.76,34.83
"2026-02-02 15:10:00",543147,13.42,32.85,745.4,26.7,36.02
"2026-02-02 15:15:00",543148,13.42,32.83,745.4,26.89,35.71
"2026-02-02 15:20:00",543149,13.42,32.83,745.3,27.24,34.67
"2026-02-02 15:25:00",543150,13.42,32.88,745.2,27.31,34.38
"2026-02-02 15:30:00",543151,13.42,32.97,745.1,27.63,32.65
"2026-02-02 15:35:00",543152,13.42,33.12,745.1,28.37,31.53
"2026-02-02 15:40:00",543153,13.42,33.38,744.9,27.9,31.9
"2026-02-02 15:45:00",543154,13.42,33.61,744.8,27.74,31.95
"2026-02-02 15:50:00",543155,13.42,33.8,744.7,28.01,32.11
"2026-02-02 15:55:00",543156,13.42,34,744.7,28.51,33.58
"2026-02-02 16:00:00",543157,13.42,34.2,744.6,28.2,33.68
"2026-02-02 16:05:00",543158,13.42,34.42,744.6,27.52,33.89
"2026-02-02 16:10:00",543159,13.42,34.55,744.6,27.72,33.1
"2026-02-02 16:15:00",543160,13.42,34.65,744.6,27.86,33.75
"2026-02-02 16:20:00",543161,13.42,34.73,744.5,28.23,32.67
"2026-02-02 16:25:00",543162,13.42,34.73,744.5,27.15,34.83
"2026-02-02 16:30:00",543163,13.42,34.53,744.6,26.53,36.61
"2026-02-02 16:35:00",543164,13.42,34.15,744.7,26.03,38.35
"2026-02-02 16:40:00",543165,13.42,33.69,744.8,26.3,35.75
"2026-02-02 16:45:00",543166,13.42,33.27,744.8,26.36,38.05
"2026-02-02 16:50:00",543167,13.42,32.95,744.8,26.6,37.08
"2026-02-02 16:55:00",543168,13.42,32.74,744.7,26.8,37.13
"2026-02-02 17:00:00",543169,13.42,32.63,744.8,27.04,36.43
"2026-02-02 17:05:00",543170,13.42,32.58,744.8,27.03,37.49
"2026-02-02 17:10:00",543171,13.42,32.46,744.8,27.25,36.24
"2026-02-02 17:15:00",543172,13.42,32.4,744.7,27.06,34.79
"2026-02-02 17:20:00",543173,13.44,32.31,744.8,26.98,35.45
"2026-02-02 17:25:00",543174,13.44,32.19,744.9,26.13,36.63
"2026-02-02 17:30:00",543175,13.44,31.95,744.9,25.38,36.2
"2026-02-02 17:35:00",543176,13.44,31.6,745.1,25.13,36.31
"2026-02-02 17:40:00",543177,13.44,31.19,745.2,25.01,38.02
"2026-02-02 17:45:00",543178,13.47,30.79,745.2,24.31,41.39
"2026-02-02 17:50:00",543179,13.47,30.38,745.3,23.93,42.49
"2026-02-02 17:55:00",543180,13.49,29.92,745.4,23.66,43.01
"2026-02-02 18:00:00",543181,13.47,29.15,745.4,23.73,42.79
"2026-02-02 18:05:00",543182,13.42,28.39,745.5,24.01,41.55
"2026-02-02 18:10:00",543183,13.32,27.92,745.6,23.41,44.53
"2026-02-02 18:15:00",543184,13.22,27.51,745.7,23.09,46.04
"2026-02-02 18:20:00",543185,13.15,27.13,745.8,22.65,46.85
"2026-02-02 18:25:00",543186,13.08,26.74,745.8,22.37,46.14
"2026-02-02 18:30:00",543187,13.02,26.38,745.8,22.29,45.43
"2026-02-02 18:35:00",543188,12.98,26.04,745.8,22.38,44.86
"2026-02-02 18:40:00",543189,12.95,25.76,745.7,22.47,43.36
"2026-02-02 18:45:00",543190,12.92,25.53,745.8,22.56,42.69
"2026-02-02 18:50:00",543191,12.9,25.37,745.9,22.75,41.67
"2026-02-02 18:55:00",543192,12.89,25.22,745.9,22.79,40.83
"2026-02-02 19:00:00",543193,12.88,25.13,746,22.81,40.7
"2026-02-02 19:05:00",543194,12.87,25.03,745.9,22.67,40.3
"2026-02-02 19:10:00",543195,12.86,24.89,745.8,22.67,40.43
"2026-02-02 19:15:00",543196,12.86,24.72,745.7,22.85,39.21
"2026-02-02 19:20:00",543197,12.86,24.61,745.7,22.91,41.49
"2026-02-02 19:25:00",543198,12.86,24.54,745.8,22.89,43.5
"2026-02-02 19:30:00",543199,12.85,24.48,745.8,22.8,43.69
"2026-02-02 19:35:00",543200,12.85,24.45,745.8,22.79,43.49
"2026-02-02 19:40:00",543201,12.85,24.42,745.9,23.06,41.22
"2026-02-02 19:45:00",543202,12.85,24.38,745.9,22.85,40.05
"2026-02-02 19:50:00",543203,12.84,24.35,745.9,22.72,40.79
"2026-02-02 19:55:00",543204,12.84,24.31,745.9,22.58,41.36
"2026-02-02 20:00:00",543205,12.84,24.17,746,22.25,42.65
"2026-02-02 20:05:00",543206,12.84,24.04,746.1,22.06,43.21
"2026-02-02 20:10:00",543207,12.84,23.91,746.1,21.68,45.61
"2026-02-02 20:15:00",543208,12.84,23.75,746.2,21.07,47.51
"2026-02-02 20:20:00",543209,12.83,23.55,746.3,21,46.52
"2026-02-02 20:25:00",543210,12.83,23.36,746.3,21.21,45.87
"2026-02-02 20:30:00",543211,12.83,23.16,746.4,21.3,45.69
"2026-02-02 20:35:00",543212,12.83,22.99,746.5,21.29,45.82
"2026-02-02 20:40:00",543213,12.83,22.85,746.5,21.14,45.58
"2026-02-02 20:45:00",543214,12.82,22.73,746.7,21.43,44.81
"2026-02-02 20:50:00",543215,12.82,22.68,746.7,21.38,45.51
"2026-02-02 20:55:00",543216,12.82,22.61,746.8,21.21,46.67
"2026-02-02 21:00:00",543217,12.82,22.53,746.9,21.13,47.77
"2026-02-02 21:05:00",543218,12.82,22.45,746.9,20.89,49.38
"2026-02-02 21:10:00",543219,12.82,22.37,746.9,21.04,47.7
"2026-02-02 21:15:00",543220,12.82,22.31,746.9,21.09,47.67
"2026-02-02 21:20:00",543221,12.82,22.23,747,21.04,46.77
"2026-02-02 21:25:00",543222,12.81,22.18,747.1,20.96,47.81
"2026-02-02 21:30:00",543223,12.81,22.09,747.2,20.66,48.82
"2026-02-02 21:35:00",543224,12.81,21.99,747.3,20.37,50.1
"2026-02-02 21:40:00",543225,12.81,21.89,747.4,20.17,50.64
"2026-02-02 21:45:00",543226,12.81,21.75,747.5,20.1,51.32
"2026-02-02 21:50:00",543227,12.8,21.61,747.4,20.08,51.22
"2026-02-02 21:55:00",543228,12.81,21.48,747.5,20.1,53.34
"2026-02-02 22:00:00",543229,12.8,21.35,747.6,19.94,52.7
"2026-02-02 22:05:00",543230,12.8,21.21,747.7,19.7,52.04
"2026-02-02 22:10:00",543231,12.8,21.11,747.7,19.72,50.83
"2026-02-02 22:15:00",543232,12.8,21.02,747.8,19.95,50.08
"2026-02-02 22:20:00",543233,12.8,20.95,747.9,19.8,54.04
"2026-02-02 22:25:00",543234,12.8,20.86,748,19.16,59.8
"2026-02-02 22:30:00",543235,12.79,20.76,748.1,18.83,61.2
"2026-02-02 22:35:00",543236,12.79,20.63,748.1,18.83,60.96
"2026-02-02 22:40:00",543237,12.8,20.38,748.2,18.62,62.06
"2026-02-02 22:45:00",543238,12.79,20.21,748.2,18.35,62.62
"2026-02-02 22:50:00",543239,12.79,20.02,748.3,18.47,62.25
"2026-02-02 22:55:00",543240,12.79,19.89,748.3,18.57,60.94
"2026-02-02 23:00:00",543241,12.79,19.78,748.3,18.38,62.86
"2026-02-02 23:05:00",543242,12.79,19.61,748.4,18.36,62.95
"2026-02-02 23:10:00",543243,12.79,19.49,748.4,18.17,63.28
"2026-02-02 23:15:00",543244,12.79,19.35,748.4,17.8,64.4
"2026-02-02 23:20:00",543245,12.79,19.21,748.4,17.65,64.88
"2026-02-02 23:25:00",543246,12.78,19.09,748.4,17.76,64.75
"2026-02-02 23:30:00",543247,12.78,18.99,748.5,17.72,63.26
"2026-02-02 23:35:00",543248,12.78,18.92,748.4,17.94,61.17
"2026-02-02 23:40:00",543249,12.78,18.87,748.5,17.89,62.96
"2026-02-02 23:45:00",543250,12.77,18.84,748.5,17.8,63.03
"2026-02-02 23:50:00",543251,12.78,18.78,748.5,17.69,63.88
"2026-02-02 23:55:00",543252,12.77,18.72,748.5,17.71,63.5
"2026-02-03 00:00:00",543253,12.77,18.68,748.6,17.65,63.72
"2026-02-03 00:05:00",543254,12.77,18.62,748.6,17.54,64.36
"2026-02-03 00:10:00",543255,12.77,18.54,748.6,17.1,65.25
"2026-02-03 00:15:00",543256,12.77,18.45,748.6,16.79,66.91
"2026-02-03 00:20:00",543257,12.76,18.3,748.6,16.63,68.16
"2026-02-03 00:25:00",543258,12.76,18.14,748.6,16.74,69.14
"2026-02-03 00:30:00",543259,12.76,18.04,748.5,16.96,68.34
"2026-02-03 00:35:00",543260,12.76,17.94,748.5,16.48,69.88
"2026-02-03 00:40:00",543261,12.75,17.84,748.5,16.69,69.25
"2026-02-03 00:45:00",543262,12.75,17.75,748.5,16.43,70.65
"2026-02-03 00:50:00",543263,12.75,17.64,748.6,16.35,70.66
"2026-02-03 00:55:00",543264,12.75,17.51,748.6,16.09,71.56
"2026-02-03 01:00:00",543265,12.75,17.42,748.6,16.1,69.72
"2026-02-03 01:05:00",543266,12.74,17.32,748.6,16.09,70.47
"2026-02-03 01:10:00",543267,12.74,17.21,748.5,16.09,69.4
"2026-02-03 01:15:00",543268,12.74,17.12,748.6,15.62,72.07
"2026-02-03 01:20:00",543269,12.74,17.04,748.6,15.74,71.67
"2026-02-03 01:25:00",543270,12.74,16.95,748.6,15.64,71.77
"2026-02-03 01:30:00",543271,12.73,16.76,748.6,15.66,71.54
"2026-02-03 01:35:00",543272,12.73,16.64,748.6,15.71,71.78
"2026-02-03 01:40:00",543273,12.73,16.52,748.6,16,70.74
"2026-02-03 01:45:00",543274,12.73,16.42,748.7,15.89,71.15
"2026-02-03 01:50:00",543275,12.73,16.33,748.6,15.78,72.28
"2026-02-03 01:55:00",543276,12.72,16.24,748.6,15.72,73.92
"2026-02-03 02:00:00",543277,12.72,16.22,748.6,15.58,75.16
"2026-02-03 02:05:00",543278,12.71,16.15,748.6,15.43,76.07
"2026-02-03 02:10:00",543279,12.71,16.1,748.6,15.3,76.88
"2026-02-03 02:15:00",543280,12.71,16.03,748.5,15.13,77.15
"2026-02-03 02:20:00",543281,12.71,15.96,748.6,14.99,77.96
"2026-02-03 02:25:00",543282,12.7,15.89,748.5,14.86,77.57
"2026-02-03 02:30:00",543283,12.7,15.81,748.5,14.73,78.08
"2026-02-03 02:35:00",543284,12.7,15.72,748.5,14.85,77.65
"2026-02-03 02:40:00",543285,12.7,15.62,748.5,14.94,77.31
"2026-02-03 02:45:00",543286,12.69,15.54,748.5,14.88,77.8
"2026-02-03 02:50:00",543287,12.69,15.49,748.5,14.95,76.98
"2026-02-03 02:55:00",543288,12.69,15.43,748.5,14.81,77.45
"2026-02-03 03:00:00",543289,12.68,15.4,748.5,14.92,76.41
"2026-02-03 03:05:00",543290,12.68,15.38,748.5,14.79,77.28
"2026-02-03 03:10:00",543291,12.68,15.3,748.5,14.61,78.28
"2026-02-03 03:15:00",543292,12.67,15.23,748.4,14.86,76.99
"2026-02-03 03:20:00",543293,12.67,15.19,748.5,14.53,78.45
"2026-02-03 03:25:00",543294,12.67,15.11,748.4,14.29,79.73
"2026-02-03 03:30:00",543295,12.66,15.04,748.4,14.24,79.5
"2026-02-03 03:35:00",543296,12.66,14.97,748.5,14.29,78.48
"2026-02-03 03:40:00",543297,12.66,14.85,748.5,14.09,80.1
"2026-02-03 03:45:00",543298,12.66,14.78,748.5,14.05,80.7
"2026-02-03 03:50:00",543299,12.65,14.71,748.5,14.09,80.7
"2026-02-03 03:55:00",543300,12.65,14.65,748.6,14.18,80.3
"2026-02-03 04:00:00",543301,12.64,14.61,748.6,14.04,80.6
"2026-02-03 04:05:00",543302,12.64,14.57,748.7,13.71,82
"2026-02-03 04:10:00",543303,12.64,14.51,748.7,13.75,81.9
"2026-02-03 04:15:00",543304,12.65,14.48,748.7,13.56,82.9
"2026-02-03 04:20:00",543305,12.65,14.36,748.7,13.67,83.1
"2026-02-03 04:25:00",543306,12.65,14.27,748.7,13.75,82.8
"2026-02-03 04:30:00",543307,12.64,14.21,748.8,13.74,82.9
"2026-02-03 04:35:00",543308,12.64,14.15,748.8,13.79,82.5
"2026-02-03 04:40:00",543309,12.64,14.04,748.8,13.75,82.8
"2026-02-03 04:45:00",543310,12.63,13.97,748.8,13.8,82.6
"2026-02-03 04:50:00",543311,12.63,13.91,748.9,13.74,82.6
"2026-02-03 04:55:00",543312,12.63,13.86,749,13.69,82.1
"2026-02-03 05:00:00",543313,12.62,13.8,749.1,13.65,82.4
"2026-02-03 05:05:00",543314,12.62,13.78,749.2,13.63,83.3
"2026-02-03 05:10:00",543315,12.61,13.78,749.3,13.47,83.1
"2026-02-03 05:15:00",543316,12.6,13.75,749.3,13.35,82.8
"2026-02-03 05:20:00",543317,12.6,13.74,749.3,13.3,79.54
"2026-02-03 05:25:00",543318,12.6,13.72,749.3,13.28,79.02
"2026-02-03 05:30:00",543319,12.59,13.68,749.4,13.36,77.29
"2026-02-03 05:35:00",543320,12.59,13.67,749.5,13.33,77.72
"2026-02-03 05:40:00",543321,12.59,13.65,749.5,13.23,78.7
"2026-02-03 05:45:00",543322,12.59,13.58,749.5,12.98,80.1
"2026-02-03 05:50:00",543323,12.59,13.54,749.6,12.84,79.58
"2026-02-03 05:55:00",543324,12.58,13.43,749.6,12.89,77.6
"2026-02-03 06:00:00",543325,12.58,13.35,749.8,12.88,78.43
"2026-02-03 06:05:00",543326,12.58,13.38,749.8,12.8,81.1
"2026-02-03 06:10:00",543327,12.58,13.37,749.9,12.54,84.7
"2026-02-03 06:15:00",543328,12.58,13.31,749.8,12.42,85.7
"2026-02-03 06:20:00",543329,12.6,13.28,749.9,12.55,85.2
"2026-02-03 06:25:00",543330,12.62,13.25,750,12.5,84.3
"2026-02-03 06:30:00",543331,12.64,13.23,750.1,12.44,84
"2026-02-03 06:35:00",543332,12.67,13.28,750.2,12.7,82.6
"2026-02-03 06:40:00",543333,12.73,13.37,750.2,12.88,82
"2026-02-03 06:45:00",543334,12.82,13.51,750.3,13.33,80.1
"2026-02-03 06:50:00",543335,12.9,13.71,750.3,13.59,78.11
"2026-02-03 06:55:00",543336,13.03,14.01,750.4,14.21,76.94
"2026-02-03 07:00:00",543337,13.15,14.41,750.4,15.08,71.51
"2026-02-03 07:05:00",543338,13.28,14.85,750.5,15.22,70.91
"2026-02-03 07:10:00",543339,13.64,15.55,750.5,15.96,67.25
"2026-02-03 07:15:00",543340,13.79,16.4,750.6,16.97,63.48
"2026-02-03 07:20:00",543341,13.77,17.24,750.7,18.05,57.89
"2026-02-03 07:25:00",543342,13.82,18.32,750.7,18.01,61.69
"2026-02-03 07:30:00",543343,13.76,19.65,750.7,18.37,61.96
"2026-02-03 07:35:00",543344,13.76,20.48,750.7,18.41,61.55
"2026-02-03 07:40:00",543345,13.73,21.12,750.8,18.65,57.56
"2026-02-03 07:45:00",543346,13.73,21.72,750.9,19.2,58.19
"2026-02-03 07:50:00",543347,13.7,22.28,750.9,19.49,56.34
"2026-02-03 07:55:00",543348,13.7,22.88,750.9,19.91,56.77
"2026-02-03 08:00:00",543349,13.68,23.43,751,19.76,54.29
"2026-02-03 08:05:00",543350,13.68,23.92,751,19.46,54.8
"2026-02-03 08:10:00",543351,13.65,24.4,751,19.88,54.12
"2026-02-03 08:15:00",543352,13.65,24.78,751,20.87,46.31
"2026-02-03 08:20:00",543353,13.65,25.24,751,21.5,45.65
"2026-02-03 08:25:00",543354,13.65,25.71,751,20.9,44.88
"2026-02-03 08:30:00",543355,13.62,26.04,751,21.06,43.61
"2026-02-03 08:35:00",543356,13.62,26.41,751,21.81,42.02
"2026-02-03 08:40:00",543357,13.6,26.84,751,21.73,43.43
"2026-02-03 08:45:00",543358,13.6,27.22,751,19.48,48.66
"2026-02-03 08:50:00",543359,13.6,27.48,751.1,19.26,50.95
"2026-02-03 08:55:00",543360,13.6,27.75,751,20.64,47.14
"2026-02-03 09:00:00",543361,13.6,28.17,751.1,22.17,42.58
"2026-02-03 09:05:00",543362,13.57,28.71,751,22.7,41.31
"2026-02-03 09:10:00",543363,13.58,29.36,751,23.11,41
"2026-02-03 09:15:00",543364,13.55,29.91,751.1,22.6,40.16
"2026-02-03 09:20:00",543365,13.55,30.39,751.1,22.08,41.01
"2026-02-03 09:25:00",543366,13.55,30.71,751,21.96,40.87
"2026-02-03 09:30:00",543367,13.53,30.99,751,22.27,36.19
"2026-02-03 09:35:00",543368,13.53,31.21,751,22.67,39.06
"2026-02-03 09:40:00",543369,13.53,31.45,751,21.7,39.74
"2026-02-03 09:45:00",543370,13.5,31.61,751.1,22.97,37.78
"2026-02-03 09:50:00",543371,13.5,31.83,751,22.96,37.38
"2026-02-03 09:55:00",543372,13.51,32,751,22.94,35.69
"2026-02-03 10:00:00",543373,13.5,32.2,751,23.39,35.31
"2026-02-03 10:05:00",543374,13.51,32.41,750.9,23.99,34.96
"2026-02-03 10:10:00",543375,13.51,32.67,750.9,23.21,34.43
"2026-02-03 10:15:00",543376,13.48,32.81,750.8,22.89,34.8
"2026-02-03 10:20:00",543377,13.48,32.86,750.9,23.11,34.22
"2026-02-03 10:25:00",543378,13.48,32.94,750.8,23.7,33.21
"2026-02-03 10:30:00",543379,13.48,33.12,750.8,24.84,31.87
"2026-02-03 10:35:00",543380,13.48,33.34,750.8,24.2,31.61
"2026-02-03 10:40:00",543381,13.48,33.52,750.7,24.16,30.97
"2026-02-03 10:45:00",543382,13.48,33.67,750.7,24.4,30.18
"2026-02-03 10:50:00",543383,13.48,33.84,750.6,24.97,29.15
"2026-02-03 10:55:00",543384,13.46,34.08,750.6,25.31,29.28
"2026-02-03 11:00:00",543385,13.46,34.28,750.5,24.22,30.4
"2026-02-03 11:05:00",543386,13.46,34.39,750.4,24.57,29.45
"2026-02-03 11:10:00",543387,13.46,34.5,750.4,25.09,29.16
"2026-02-03 11:15:00",543388,13.46,34.57,750.3,24.47,28.63
"2026-02-03 11:20:00",543389,13.46,34.58,750.2,24.74,27.63
"2026-02-03 11:25:00",543390,13.46,34.64,750.2,25.46,27.89
"2026-02-03 11:30:00",543391,13.46,34.6,750.1,24.12,29.15
"2026-02-03 11:35:00",543392,13.46,34.45,750,24.43,29.17
"2026-02-03 11:40:00",543393,13.46,34.44,749.9,25.82,27.1
"2026-02-03 11:45:00",543394,13.46,34.54,749.9,25.56,26.81
"2026-02-03 11:50:00",543395,13.46,34.6,749.9,24.17,27.86
"2026-02-03 11:55:00",543396,13.46,34.51,749.8,24.48,27.21
"2026-02-03 12:00:00",543397,13.46,34.42,749.7,25.47,23.93
"2026-02-03 12:05:00",543398,13.46,34.4,749.7,26.49,24.13
"2026-02-03 12:10:00",543399,13.47,34.49,749.6,24.95,27.38
"2026-02-03 12:15:00",543400,13.46,34.55,749.5,26.89,25.33
"2026-02-03 12:20:00",543401,13.47,34.71,749.4,27.36,26.4
"2026-02-03 12:25:00",543402,13.46,34.88,749.4,25.9,25.81
"2026-02-03 12:30:00",543403,13.44,34.85,749.3,26.74,25.46
"2026-02-03 12:35:00",543404,13.44,34.81,749.2,25.97,25.88
"2026-02-03 12:40:00",543405,13.44,34.74,749.1,26.69,25.04
"2026-02-03 12:45:00",543406,13.44,34.7,749.1,27.49,24.44
"2026-02-03 12:50:00",543407,13.44,34.72,749,27.97,23.75
"2026-02-03 12:55:00",543408,13.44,34.77,749,27.24,23.29
"2026-02-03 13:00:00",543409,13.44,34.79,749,28,24.1
"2026-02-03 13:05:00",543410,13.44,34.82,748.9,27.06,23.45
"2026-02-03 13:10:00",543411,13.44,34.81,748.8,27.96,22.92
"2026-02-03 13:15:00",543412,13.44,34.78,748.7,27.37,23.92
"2026-02-03 13:20:00",543413,13.44,34.71,748.6,27.45,24.75
"2026-02-03 13:25:00",543414,13.44,34.62,748.6,26.53,24.82
"2026-02-03 13:30:00",543415,13.44,34.48,748.5,26.48,25.17
"2026-02-03 13:35:00",543416,13.44,34.32,748.4,27.11,24.69
"2026-02-03 13:40:00",543417,13.44,34.16,748.3,27.5,25.24
"2026-02-03 13:45:00",543418,13.44,34.07,748.2,27.58,25.38
"2026-02-03 13:50:00",543419,13.44,34.08,748.1,27.88,24.61
"2026-02-03 13:55:00",543420,13.44,34.16,748,27.97,24.65
"2026-02-03 14:00:00",543421,13.44,34.27,748,28.18,25.77
"2026-02-03 14:05:00",543422,13.44,34.37,747.8,28.6,25.8
"2026-02-03 14:10:00",543423,13.44,34.46,747.7,29.14,24.28
"2026-02-03 14:15:00",543424,13.44,34.57,747.7,28.42,24.09
"2026-02-03 14:20:00",543425,13.44,34.66,747.6,28.9,23.6
"2026-02-03 14:25:00",543426,13.44,34.85,747.5,30.62,24.03
"2026-02-03 14:30:00",543427,13.44,35.17,747.5,30.28,22.44
"2026-02-03 14:35:00",543428,13.44,35.47,747.4,29.43,21.65
"2026-02-03 14:40:00",543429,13.44,35.7,747.3,28.84,22.84
"2026-02-03 14:45:00",543430,13.45,35.82,747.3,28.86,24.3
"2026-02-03 14:50:00",543431,13.44,35.93,747.2,29.96,22.98
"2026-02-03 14:55:00",543432,13.42,36.05,747,28.96,24.58
"2026-02-03 15:00:00",543433,13.42,36.09,747,28.56,24.9
"2026-02-03 15:05:00",543434,13.42,36.1,746.9,29.18,23.48
"2026-02-03 15:10:00",543435,13.42,36.17,746.9,29.58,22.95
"2026-02-03 15:15:00",543436,13.42,36.32,746.8,29.06,22.68
"2026-02-03 15:20:00",543437,13.42,36.48,746.7,29.83,21.5
"2026-02-03 15:25:00",543438,13.42,36.59,746.6,29.96,22.28
"2026-02-03 15:30:00",543439,13.42,36.7,746.5,29.33,22.38
"2026-02-03 15:35:00",543440,13.42,36.78,746.4,29.3,22.52
"2026-02-03 15:40:00",543441,13.42,36.92,746.4,29.79,26.13
"2026-02-03 15:45:00",543442,13.43,37.01,746.3,29.89,27.76
"2026-02-03 15:50:00",543443,13.42,36.93,746.2,28.06,27.89
"2026-02-03 15:55:00",543444,13.42,36.61,746.2,29.05,27.83
"2026-02-03 16:00:00",543445,13.42,36.3,746.1,29.12,29.14
"2026-02-03 16:05:00",543446,13.42,36.14,746.1,28.68,27.53
"2026-02-03 16:10:00",543447,13.42,36.02,746.1,28.82,27.98
"2026-02-03 16:15:00",543448,13.42,35.96,746,28.71,27.94
"2026-02-03 16:20:00",543449,13.42,35.94,746,28.74,27.26
"2026-02-03 16:25:00",543450,13.42,35.91,745.9,28.86,27.82
"2026-02-03 16:30:00",543451,13.42,35.9,745.9,29.28,27.09
"2026-02-03 16:35:00",543452,13.42,35.91,745.8,28.38,28.02
"2026-02-03 16:40:00",543453,13.43,35.87,745.8,29.02,27
"2026-02-03 16:45:00",543454,13.42,35.84,745.8,29.26,25.78
"2026-02-03 16:50:00",543455,13.42,35.87,745.7,28.94,27.2
"2026-02-03 16:55:00",543456,13.42,35.84,745.8,28.7,28.66
"2026-02-03 17:00:00",543457,13.43,35.71,745.7,28.89,27.2
"2026-02-03 17:05:00",543458,13.42,35.56,745.7,28.74,27.5
"2026-02-03 17:10:00",543459,13.43,35.39,745.7,28.89,27.47
"2026-02-03 17:15:00",543460,13.43,35.35,745.7,29.61,26.91
"2026-02-03 17:20:00",543461,13.42,35.4,745.7,29.77,25.75
"2026-02-03 17:25:00",543462,13.41,35.54,745.7,29.08,27.01
"2026-02-03 17:30:00",543463,13.43,35.61,745.7,28.88,26.13
"2026-02-03 17:35:00",543464,13.43,35.62,745.7,28.67,26.49
"2026-02-03 17:40:00",543465,13.43,35.55,745.7,28.65,25.8
"2026-02-03 17:45:00",543466,13.43,35.42,745.7,28.43,26.54
"2026-02-03 17:50:00",543467,13.43,35.22,745.8,28.11,26.38
"2026-02-03 17:55:00",543468,13.42,34.8,745.8,27.89,27.74
"2026-02-03 18:00:00",543469,13.42,34.3,745.8,28.11,28.99
"2026-02-03 18:05:00",543470,13.39,33.76,745.9,27.48,31.42
"2026-02-03 18:10:00",543471,13.37,33.06,745.9,27.11,32.1
"2026-02-03 18:15:00",543472,13.36,32.47,746,26.93,31.95
"2026-02-03 18:20:00",543473,13.33,31.91,746.1,26.78,32.75
"2026-02-03 18:25:00",543474,13.27,31.35,746.1,26.5,34.47
"2026-02-03 18:30:00",543475,13.22,30.81,746.2,26.23,34.91
"2026-02-03 18:35:00",543476,13.16,30.34,746.2,26.02,35.33
"2026-02-03 18:40:00",543477,13.08,29.87,746.3,25.95,35.75
"2026-02-03 18:45:00",543478,13.02,29.44,746.3,25.97,36.19
"2026-02-03 18:50:00",543479,12.98,29,746.4,25.84,36.64
"2026-02-03 18:55:00",543480,12.94,28.61,746.4,25.6,37.48
"2026-02-03 19:00:00",543481,12.92,28.25,746.5,25.51,37.8
"2026-02-03 19:05:00",543482,12.9,27.93,746.5,25.35,38.21
"2026-02-03 19:10:00",543483,12.89,27.62,746.6,25.07,38.52
"2026-02-03 19:15:00",543484,12.89,27.27,746.7,24.85,38.63
"2026-02-03 19:20:00",543485,12.88,26.96,746.7,24.72,39.47
"2026-02-03 19:25:00",543486,12.88,26.66,746.8,24.5,39.81
"2026-02-03 19:30:00",543487,12.87,26.38,746.9,24.3,40.18
"2026-02-03 19:35:00",543488,12.87,26.13,746.9,24.09,40.32
"2026-02-03 19:40:00",543489,12.87,25.89,747,24.05,41.23
"2026-02-03 19:45:00",543490,12.87,25.65,747,23.71,42.1
"2026-02-03 19:50:00",543491,12.86,25.44,747.1,23.73,43.31
"2026-02-03 19:55:00",543492,12.86,25.22,747.2,23.6,43.26
"2026-02-03 20:00:00",543493,12.86,25.05,747.4,23.22,44.09
"2026-02-03 20:05:00",543494,12.86,24.87,747.4,23.16,43.92
"2026-02-03 20:10:00",543495,12.85,24.7,747.5,23.31,42.35
"2026-02-03 20:15:00",543496,12.85,24.53,747.5,23.29,42.77
"2026-02-03 20:20:00",543497,12.85,24.58,747.6,23.1,42.81
"2026-02-03 20:25:00",543498,12.84,24.56,747.8,22.97,42.8
"2026-02-03 20:30:00",543499,12.84,24.47,747.8,22.75,44.13
"2026-02-03 20:35:00",543500,12.84,24.37,747.9,22.48,45.32
"2026-02-03 20:40:00",543501,12.84,24.24,748,22.12,46.75
"2026-02-03 20:45:00",543502,12.84,24.08,748.1,21.88,47.64
"2026-02-03 20:50:00",543503,12.84,23.94,748.1,21.73,48.29
"2026-02-03 20:55:00",543504,12.83,23.77,748.2,21.76,47.98
"2026-02-03 21:00:00",543505,12.83,23.6,748.4,21.75,48.04
"2026-02-03 21:05:00",543506,12.83,23.47,748.5,21.67,48.16
"2026-02-03 21:10:00",543507,12.83,23.33,748.6,21.67,48.63
"2026-02-03 21:15:00",543508,12.83,23.22,748.6,21.74,47.62
"2026-02-03 21:20:00",543509,12.83,23.13,748.8,21.48,48.8
"2026-02-03 21:25:00",543510,12.82,22.99,748.9,21.23,49.9
"2026-02-03 21:30:00",543511,12.82,22.9,749,21.51,49.15
"2026-02-03 21:35:00",543512,12.82,22.86,749.1,21.48,48.89
"2026-02-03 21:40:00",543513,12.82,22.83,749.2,21.31,49.56
"2026-02-03 21:45:00",543514,12.82,22.78,749.3,21.19,49.17
"2026-02-03 21:50:00",543515,12.82,22.71,749.3,21.1,50.39
"2026-02-03 21:55:00",543516,12.82,22.64,749.4,21.21,51.63
"2026-02-03 22:00:00",543517,12.81,22.56,749.4,21.32,48.93
"2026-02-03 22:05:00",543518,12.81,22.5,749.5,21.52,48.64
"2026-02-03 22:10:00",543519,12.81,22.46,749.6,21.46,48.76
"2026-02-03 22:15:00",543520,12.81,22.44,749.6,21.31,49.44
"2026-02-03 22:20:00",543521,12.81,22.46,749.7,21.24,49.62
"2026-02-03 22:25:00",543522,12.81,22.45,749.7,21.08,50.42
"2026-02-03 22:30:00",543523,12.81,22.41,749.7,20.95,51.56
"2026-02-03 22:35:00",543524,12.81,22.39,749.7,20.85,52.05
"2026-02-03 22:40:00",543525,12.8,22.35,749.7,20.74,52.47
"2026-02-03 22:45:00",543526,12.8,22.26,749.6,20.55,53.28
"2026-02-03 22:50:00",543527,12.8,22.17,749.6,20.22,55.28
"2026-02-03 22:55:00",543528,12.8,22.05,749.5,20.1,53.25
"2026-02-03 23:00:00",543529,12.8,21.89,749.6,20.37,53.07
"2026-02-03 23:05:00",543530,12.8,21.76,749.7,20.22,54.38
"2026-02-03 23:10:00",543531,12.8,21.65,749.9,20.5,53.34
"2026-02-03 23:15:00",543532,12.8,21.58,749.9,20.55,53.9
"2026-02-03 23:20:00",543533,12.79,21.57,750,20.64,53.76
"2026-02-03 23:25:00",543534,12.79,21.6,750.1,20.58,53.54
"2026-02-03 23:30:00",543535,12.79,21.62,750.2,20.54,54.06
"2026-02-03 23:35:00",543536,12.79,21.65,750.1,20.54,54.25
"2026-02-03 23:40:00",543537,12.79,21.68,750,20.71,53.99
"2026-02-03 23:45:00",543538,12.79,21.68,749.8,20.72,53.87
"2026-02-03 23:50:00",543539,12.79,21.7,749.9,20.63,54.91
"2026-02-03 23:55:00",543540,12.79,21.67,750,20.55,54.9
"2026-02-04 00:00:00",543541,12.79,21.64,750,20.56,55.02
"2026-02-04 00:05:00",543542,12.78,21.62,750.1,20.43,55.87
"2026-02-04 00:10:00",543543,12.78,21.59,750.2,20.32,56.77
"2026-02-04 00:15:00",543544,12.78,21.61,750.1,20.1,57.72
"2026-02-04 00:20:00",543545,12.78,21.61,750.1,19.94,58.74
"2026-02-04 00:25:00",543546,12.78,21.57,750.1,19.8,59.29
"2026-02-04 00:30:00",543547,12.78,21.5,750.1,19.72,59.83
"2026-02-04 00:35:00",543548,12.78,21.43,750.1,19.54,60.83
"2026-02-04 00:40:00",543549,12.78,21.34,750.2,19.53,60.92
"2026-02-04 00:45:00",543550,12.77,21.27,750.1,19.68,60.46
"2026-02-04 00:50:00",543551,12.77,21.25,750,19.78,60.02
"2026-02-04 00:55:00",543552,12.77,21.21,750,19.72,60.25
"2026-02-04 01:00:00",543553,12.77,21.2,749.9,19.7,60.28
"2026-02-04 01:05:00",543554,12.77,21.19,749.9,19.66,60.6
"2026-02-04 01:10:00",543555,12.77,21.03,749.9,19.54,61.19
"2026-02-04 01:15:00",543556,12.77,20.93,749.9,19.1,63.58
"2026-02-04 01:20:00",543557,12.77,20.83,749.9,19.09,63.4
"2026-02-04 01:25:00",543558,12.77,20.71,749.9,19.06,62.74
"2026-02-04 01:30:00",543559,12.76,20.62,749.8,19.16,61.43
"2026-02-04 01:35:00",543560,12.76,20.55,749.8,19.14,61.12
"2026-02-04 01:40:00",543561,12.76,20.48,749.8,18.98,62.3
"2026-02-04 01:45:00",543562,12.76,20.35,749.8,18.89,63.16
"2026-02-04 01:50:00",543563,12.76,20.25,749.9,18.66,63.75
"2026-02-04 01:55:00",543564,12.76,20.14,749.8,18.74,63.25
"2026-02-04 02:00:00",543565,12.76,20.08,749.7,18.87,62.64
"2026-02-04 02:05:00",543566,12.76,20.06,749.7,18.96,62.57
"2026-02-04 02:10:00",543567,12.75,20.1,749.6,19.08,62.83
"2026-02-04 02:15:00",543568,12.75,20.11,749.5,19.02,63
"2026-02-04 02:20:00",543569,12.75,20.14,749.5,18.75,63.97
"2026-02-04 02:25:00",543570,12.75,20.14,749.6,18.7,64.58
"2026-02-04 02:30:00",543571,12.75,20.11,749.6,18.41,65.84
"2026-02-04 02:35:00",543572,12.74,20.08,749.7,18.23,66.9
"2026-02-04 02:40:00",543573,12.74,20.06,749.7,18.19,67.33
"2026-02-04 02:45:00",543574,12.74,20.03,749.6,18.22,67.57
"2026-02-04 02:50:00",543575,12.74,20,749.6,18.19,67.98
"2026-02-04 02:55:00",543576,12.74,19.96,749.6,18.13,68.44
"2026-02-04 03:00:00",543577,12.74,19.94,749.7,18.23,68.52
"2026-02-04 03:05:00",543578,12.73,19.92,749.7,18.25,68.9
"2026-02-04 03:10:00",543579,12.73,19.95,749.6,18.12,69.25
"2026-02-04 03:15:00",543580,12.72,19.95,749.6,18.16,68.85
"2026-02-04 03:20:00",543581,12.73,19.98,749.7,18.32,68.47
"2026-02-04 03:25:00",543582,12.72,19.99,749.7,18.39,67.31
"2026-02-04 03:30:00",543583,12.72,20.01,749.6,18.45,66.53
"2026-02-04 03:35:00",543584,12.72,20.04,749.6,18.53,66.28
"2026-02-04 03:40:00",543585,12.72,20.12,749.5,18.54,66.45
"2026-02-04 03:45:00",543586,12.72,20.15,749.5,18.5,66.57
"2026-02-04 03:50:00",543587,12.71,20.2,749.5,18.51,67.27
"2026-02-04 03:55:00",543588,12.71,20.23,749.5,18.5,67.45
"2026-02-04 04:00:00",543589,12.71,20.24,749.5,18.48,67.54
"2026-02-04 04:05:00",543590,12.71,20.27,749.5,18.43,67.58
"2026-02-04 04:10:00",543591,12.71,20.17,749.6,18.35,68.1
"2026-02-04 04:15:00",543592,12.7,20.13,749.6,18.36,68.33
"2026-02-04 04:20:00",543593,12.7,20.08,749.7,18.21,69.56
"2026-02-04 04:25:00",543594,12.7,19.91,749.7,18.17,71.99
"2026-02-04 04:30:00",543595,12.7,19.68,749.7,18.12,71.32
"2026-02-04 04:35:00",543596,12.69,19.46,749.8,18.05,77.46
"2026-02-04 04:40:00",543597,12.69,19.16,749.8,16.96,79.55
"2026-02-04 04:45:00",543598,12.69,18.74,749.8,16.63,79.85
"2026-02-04 04:50:00",543599,12.68,18.28,749.8,16.53,82.8
"2026-02-04 04:55:00",543600,12.68,17.9,749.9,16.27,83.9
"2026-02-04 05:00:00",543601,12.68,17.66,749.9,16.74,84.6
"2026-02-04 05:05:00",543602,12.68,17.47,749.9,16.71,82.8
"2026-02-04 05:10:00",543603,12.67,17.35,749.9,16.61,82.4
"2026-02-04 05:15:00",543604,12.67,17.22,749.9,16.5,83.5
"2026-02-04 05:20:00",543605,12.66,17.14,750,16.38,83.1
"2026-02-04 05:25:00",543606,12.66,17.05,750.1,16.37,84.4
"2026-02-04 05:30:00",543607,12.66,17.02,750.2,16.3,86.1
"2026-02-04 05:35:00",543608,12.65,16.99,750.3,16.21,85.4
"2026-02-04 05:40:00",543609,12.65,16.96,750.4,16.26,87.4
"2026-02-04 05:45:00",543610,12.65,16.93,750.4,16.18,86.9
"2026-02-04 05:50:00",543611,12.64,16.91,750.4,16.01,85.9
"2026-02-04 05:55:00",543612,12.64,16.89,750.5,16.06,89.5
"2026-02-04 06:00:00",543613,12.64,16.89,750.5,16.11,89.3
"2026-02-04 06:05:00",543614,12.63,16.88,750.5,16.18,88.8
"2026-02-04 06:10:00",543615,12.63,16.89,750.5,16.06,86.9
"2026-02-04 06:15:00",543616,12.63,16.9,750.6,16.18,87.6
"2026-02-04 06:20:00",543617,12.63,16.96,750.7,16.24,87.4
"2026-02-04 06:25:00",543618,12.64,16.99,750.7,16.04,86.1
"2026-02-04 06:30:00",543619,12.64,17.03,750.9,16.16,88.6
"2026-02-04 06:35:00",543620,12.65,17.04,750.9,16.15,86.8
"2026-02-04 06:40:00",543621,12.66,17.06,751,16.17,86.8
"2026-02-04 06:45:00",543622,12.66,17.13,751.1,16.17,87.4
"2026-02-04 06:50:00",543623,12.7,17.2,751.2,16.5,90.9
"2026-02-04 06:55:00",543624,12.73,17.24,751.3,16.42,87.4
"2026-02-04 07:00:00",543625,12.72,17.28,751.5,16.57,87.8
"2026-02-04 07:05:00",543626,12.7,17.34,751.6,16.55,85.6
"2026-02-04 07:10:00",543627,12.69,17.38,751.7,16.63,83.2
"2026-02-04 07:15:00",543628,12.71,17.43,751.8,16.54,78.46
"2026-02-04 07:20:00",543629,12.69,17.47,751.8,16.58,80.3
"2026-02-04 07:25:00",543630,12.69,17.52,751.9,16.49,81.7
"2026-02-04 07:30:00",543631,12.71,17.6,751.9,16.46,82.9
"2026-02-04 07:35:00",543632,12.76,17.7,751.9,16.37,85.5
"2026-02-04 07:40:00",543633,12.85,17.87,752,16.29,86.2
"2026-02-04 07:45:00",543634,12.95,18,752.1,16.31,87.7
"2026-02-04 07:50:00",543635,13.04,18.13,752,16.2,86.9
"2026-02-04 07:55:00",543636,13.16,18.26,752,16.41,81.9
"2026-02-04 08:00:00",543637,13.23,18.35,752.2,16.38,80.5
"2026-02-04 08:05:00",543638,13.28,18.43,752.3,16.39,80.7
"2026-02-04 08:10:00",543639,13.34,18.56,752.4,16.36,76.06
"2026-02-04 08:15:00",543640,13.38,18.67,752.5,16.48,75.89
"2026-02-04 08:20:00",543641,13.38,18.75,752.6,16.67,73.34
"2026-02-04 08:25:00",543642,13.43,18.83,752.7,16.59,79.53
"2026-02-04 08:30:00",543643,13.51,18.92,752.6,16.54,80.2
"2026-02-04 08:35:00",543644,13.64,19.09,752.6,16.75,76.9
"2026-02-04 08:40:00",543645,13.85,19.8,752.8,16.89,75.91
"2026-02-04 08:45:00",543646,13.76,20.83,752.8,17.1,73.22
"2026-02-04 08:50:00",543647,13.73,21.34,752.9,17.05,71.23
"2026-02-04 08:55:00",543648,13.73,21.7,752.9,17.1,72.01
"2026-02-04 09:00:00",543649,13.7,21.94,752.9,17.47,70.99
"2026-02-04 09:05:00",543650,13.7,22.2,753,17.82,70.48
"2026-02-04 09:10:00",543651,13.71,22.55,753,17.59,69.18
"2026-02-04 09:15:00",543652,13.71,22.84,753.1,17.7,69.79
"2026-02-04 09:20:00",543653,13.68,23.09,753,17.53,69.03
"2026-02-04 09:25:00",543654,13.68,23.35,753,18.67,69.56
"2026-02-04 09:30:00",543655,13.68,23.72,752.9,18.13,70.28
"2026-02-04 09:35:00",543656,13.68,24.08,752.8,17.64,64.94
"2026-02-04 09:40:00",543657,13.65,24.23,752.8,17.74,66.43
"2026-02-04 09:45:00",543658,13.65,24.48,752.7,17.94,63.74
"2026-02-04 09:50:00",543659,13.65,24.76,752.7,18.58,61.39
"2026-02-04 09:55:00",543660,13.65,25.12,752.6,18.9,59.85
"2026-02-04 10:00:00",543661,13.63,25.38,752.6,18.97,60.98
"2026-02-04 10:05:00",543662,13.63,25.6,752.6,18.99,61.7
"2026-02-04 10:10:00",543663,13.63,25.9,752.5,19.12,59.49
"2026-02-04 10:15:00",543664,13.63,26.19,752.4,19.6,59.69
"2026-02-04 10:20:00",543665,13.63,26.46,752.4,20.54,57.7
"2026-02-04 10:25:00",543666,13.6,26.71,752.2,20.62,56.42
"2026-02-04 10:30:00",543667,13.6,26.97,752.2,21.47,55.71
"2026-02-04 10:35:00",543668,13.6,27.26,752.3,20.05,56.24
"2026-02-04 10:40:00",543669,13.61,27.5,752.3,21.25,55.56
"2026-02-04 10:45:00",543670,13.58,27.76,752.2,22.36,51.25
"2026-02-04 10:50:00",543671,13.58,28.06,752.3,21.32,54.17
"2026-02-04 10:55:00",543672,13.58,28.29,752.2,21.24,57.1
"2026-02-04 11:00:00",543673,13.58,28.38,752.1,21.33,57.76
"2026-02-04 11:05:00",543674,13.58,28.44,752.1,21.16,56.65
"2026-02-04 11:10:00",543675,13.58,28.41,752,21.19,54.28
"2026-02-04 11:15:00",543676,13.58,28.35,752,21.52,55.13
"2026-02-04 11:20:00",543677,13.58,28.33,751.9,21.74,51.6
"2026-02-04 11:25:00",543678,13.58,28.35,751.9,21.51,51.98
"2026-02-04 11:30:00",543679,13.58,28.37,751.8,21.85,51.12
"2026-02-04 11:35:00",543680,13.58,28.4,751.8,22.21,51.79
"2026-02-04 11:40:00",543681,13.58,28.48,751.7,22.39,48.53
"2026-02-04 11:45:00",543682,13.58,28.61,751.7,22.17,47.42
"2026-02-04 11:50:00",543683,13.58,28.74,751.6,23.03,47.82
"2026-02-04 11:55:00",543684,13.56,28.97,751.5,22.89,46.88
"2026-02-04 12:00:00",543685,13.56,29.25,751.5,23.42,45.11
"2026-02-04 12:05:00",543686,13.56,29.56,751.5,23.66,44.11
"2026-02-04 12:10:00",543687,13.56,29.89,751.4,23.96,41.97
"2026-02-04 12:15:00",543688,13.56,30.18,751.3,23.65,43.82
"2026-02-04 12:20:00",543689,13.53,30.43,751.2,23.81,44.74
"2026-02-04 12:25:00",543690,13.53,30.65,751.2,23.43,44.66
"2026-02-04 12:30:00",543691,13.53,30.76,751.1,22.59,47.57
"2026-02-04 12:35:00",543692,13.53,30.77,751.1,23.48,44.73
"2026-02-04 12:40:00",543693,13.53,30.84,751.1,23.96,45.63
"2026-02-04 12:45:00",543694,13.54,30.95,751,24.25,43.46
"2026-02-04 12:50:00",543695,13.54,31.09,750.9,24.83,42.82
"2026-02-04 12:55:00",543696,13.51,31.24,750.8,23.77,44.28
"2026-02-04 13:00:00",543697,13.51,31.29,750.7,24.15,44.3
"2026-02-04 13:05:00",543698,13.51,31.3,750.6,23.62,43.75
"2026-02-04 13:10:00",543699,13.51,31.31,750.5,24.28,42.01
"2026-02-04 13:15:00",543700,13.51,31.4,750.4,24.42,43.32
"2026-02-04 13:20:00",543701,13.51,31.48,750.3,24.67,42.38
"2026-02-04 13:25:00",543702,13.51,31.58,750.2,24.5,41.61
"2026-02-04 13:30:00",543703,13.51,31.69,750.1,25.38,39.47
"2026-02-04 13:35:00",543704,13.51,31.87,750.1,25.5,40.11
"2026-02-04 13:40:00",543705,13.51,32.03,750,25.38,39.8
"2026-02-04 13:45:00",543706,13.51,32.23,749.9,25.84,37.7
"2026-02-04 13:50:00",543707,13.49,32.43,749.8,24.72,38.68
"2026-02-04 13:55:00",543708,13.49,32.53,749.7,25.47,37.5
"2026-02-04 14:00:00",543709,13.49,32.61,749.6,24.49,39.58
"2026-02-04 14:05:00",543710,13.49,32.58,749.5,25.51,39.16
"2026-02-04 14:10:00",543711,13.49,32.67,749.5,27.22,34.87
"2026-02-04 14:15:00",543712,13.49,32.9,749.4,26.43,36.87
"2026-02-04 14:20:00",543713,13.49,33.12,749.3,26.59,37.54
"2026-02-04 14:25:00",543714,13.49,33.33,749.3,25.18,38.66
"2026-02-04 14:30:00",543715,13.49,33.34,749.3,25.81,36.54
"2026-02-04 14:35:00",543716,13.49,33.3,749.2,25.62,36.52
"2026-02-04 14:40:00",543717,13.49,33.34,749.2,27.04,37.12
"2026-02-04 14:45:00",543718,13.49,33.6,749.2,26.34,36.76
"2026-02-04 14:50:00",543719,13.47,33.8,749.1,26.82,38.5
"2026-02-04 14:55:00",543720,13.47,34.02,749.1,26.47,38
"2026-02-04 15:00:00",543721,13.47,34.16,749,25.7,39.04
"2026-02-04 15:05:00",543722,13.47,34.23,749,26.83,37.24
"2026-02-04 15:10:00",543723,13.46,34.37,749,25.96,38.08
"2026-02-04 15:15:00",543724,13.47,34.33,748.9,25.27,39.92
"2026-02-04 15:20:00",543725,13.47,34.19,748.9,25.33,40.52
"2026-02-04 15:25:00",543726,13.47,34.04,748.9,25.83,39.25
"2026-02-04 15:30:00",543727,13.47,33.82,748.7,25.1,39.05
"2026-02-04 15:35:00",543728,13.46,33.49,748.7,24.77,37.5
"2026-02-04 15:40:00",543729,13.47,33,748.7,24.42,41.53
"2026-02-04 15:45:00",543730,13.47,32.52,748.6,24.36,40.02
"2026-02-04 15:50:00",543731,13.46,32.15,748.5,24.65,40.12
"2026-02-04 15:55:00",543732,13.46,31.87,748.5,24.18,39.51
"2026-02-04 16:00:00",543733,13.47,31.64,748.5,24.29,39.91
"2026-02-04 16:05:00",543734,13.46,31.48,748.2,24.95,37.55
"2026-02-04 16:10:00",543735,13.46,31.42,748.1,24.82,37.43
"2026-02-04 16:15:00",543736,13.46,31.38,748,25.11,37.2
"2026-02-04 16:20:00",543737,13.46,31.41,748,25.17,37.87
"2026-02-04 16:25:00",543738,13.46,31.52,747.9,26.73,33.01
"2026-02-04 16:30:00",543739,13.46,31.84,747.9,25.87,35.14
"2026-02-04 16:35:00",543740,13.47,32.16,747.7,25.63,36.12
"2026-02-04 16:40:00",543741,13.47,32.43,747.6,25.8,35.14
"2026-02-04 16:45:00",543742,13.47,32.62,747.6,26,36.09
"2026-02-04 16:50:00",543743,13.47,32.76,747.5,26.8,33.72
"2026-02-04 16:55:00",543744,13.47,32.94,747.4,26.04,34.69
"2026-02-04 17:00:00",543745,13.47,32.99,747.5,25.58,37.31
"2026-02-04 17:05:00",543746,13.47,33.01,747.4,27.46,33.88
"2026-02-04 17:10:00",543747,13.47,33.14,747.4,25.63,36.85
"2026-02-04 17:15:00",543748,13.47,33.16,747.4,26.85,35.67
"2026-02-04 17:20:00",543749,13.47,33.2,747.4,26.86,36.24
"2026-02-04 17:25:00",543750,13.47,33.32,747.4,26.56,35.07
"2026-02-04 17:30:00",543751,13.47,33.44,747.5,26.5,35.2
"2026-02-04 17:35:00",543752,13.47,33.45,747.6,25.74,36.13
"2026-02-04 17:40:00",543753,13.47,33.28,747.7,25.49,36.57
"2026-02-04 17:45:00",543754,13.47,32.9,747.8,25.45,36.44
"2026-02-04 17:50:00",543755,13.47,32.45,747.9,25.22,36.94
"2026-02-04 17:55:00",543756,13.46,31.78,747.9,25,36.92
"2026-02-04 18:00:00",543757,13.44,30.9,747.9,24.79,38.29
"2026-02-04 18:05:00",543758,13.37,30.04,748,24.7,38.94
"2026-02-04 18:10:00",543759,13.27,29.43,748.1,24.45,40.81
"2026-02-04 18:15:00",543760,13.19,28.92,748.1,24.14,42.51
"2026-02-04 18:20:00",543761,13.12,28.48,748.1,23.84,44.07
"2026-02-04 18:25:00",543762,13.07,28.04,748.1,23.73,45.7
"2026-02-04 18:30:00",543763,13.03,27.67,748.1,23.56,46.29
"2026-02-04 18:35:00",543764,13,27.33,748.1,23.37,45.81
"2026-02-04 18:40:00",543765,12.97,27,748.1,23.36,45.46
"2026-02-04 18:45:00",543766,12.94,26.68,748.1,23.28,46.35
"2026-02-04 18:50:00",543767,12.92,26.41,748.2,23.17,46.85
"2026-02-04 18:55:00",543768,12.9,26.14,748.3,23.15,45.98
"2026-02-04 19:00:00",543769,12.89,25.9,748.4,22.73,47.59
"2026-02-04 19:05:00",543770,12.89,25.64,748.4,22.78,47.63
"2026-02-04 19:10:00",543771,12.88,25.4,748.4,22.69,48.89
"2026-02-04 19:15:00",543772,12.88,25.2,748.5,22.53,47.47
"2026-02-04 19:20:00",543773,12.87,25.04,748.5,22.52,47.95
"2026-02-04 19:25:00",543774,12.87,24.87,748.6,22.53,48.55
"2026-02-04 19:30:00",543775,12.87,24.73,748.7,22.45,48.64
"2026-02-04 19:35:00",543776,12.86,24.61,748.7,22.41,49.39
"2026-02-04 19:40:00",543777,12.86,24.5,748.8,22.76,46.47
"2026-02-04 19:45:00",543778,12.85,24.42,748.9,22.7,45.22
"2026-02-04 19:50:00",543779,12.85,24.35,749,22.59,45.88
"2026-02-04 19:55:00",543780,12.85,24.24,749,22.41,47.46
"2026-02-04 20:00:00",543781,12.85,24.13,749,22.11,50.62
"2026-02-04 20:05:00",543782,12.85,23.99,749,21.95,51.7
"2026-02-04 20:10:00",543783,12.84,23.83,749.1,21.66,53.75
"2026-02-04 20:15:00",543784,12.84,23.68,749.2,21.24,55.43
"2026-02-04 20:20:00",543785,12.84,23.53,749.2,21.28,53.95
"2026-02-04 20:25:00",543786,12.84,23.36,749.3,21.34,53.86
"2026-02-04 20:30:00",543787,12.83,23.26,749.4,21.32,54.79
"2026-02-04 20:35:00",543788,12.83,23.17,749.4,21.14,54.86
"2026-02-04 20:40:00",543789,12.83,23.06,749.5,21.01,55.24
"2026-02-04 20:45:00",543790,12.84,22.96,749.6,21,55.18
"2026-02-04 20:50:00",543791,12.84,22.76,749.7,21.15,55.42
"2026-02-04 20:55:00",543792,12.83,22.64,749.8,21.04,55.06
"2026-02-04 21:00:00",543793,12.83,22.53,749.8,20.59,57.55
"2026-02-04 21:05:00",543794,12.83,22.4,749.9,20.26,59.52
"2026-02-04 21:10:00",543795,12.83,22.24,750,20.14,59.92
"2026-02-04 21:15:00",543796,12.83,22.07,750.1,20.1,59.37
"2026-02-04 21:20:00",543797,12.83,21.92,750.1,20.04,59.54
"2026-02-04 21:25:00",543798,12.83,21.82,750.2,20.02,59.48
"2026-02-04 21:30:00",543799,12.83,21.7,750.3,20.01,59.66
"2026-02-04 21:35:00",543800,12.82,21.64,750.3,19.85,60.24
"2026-02-04 21:40:00",543801,12.82,21.54,750.4,19.96,60.05
"2026-02-04 21:45:00",543802,12.82,21.46,750.4,19.87,60.28
"2026-02-04 21:50:00",543803,12.81,21.4,750.5,19.79,61.02
"2026-02-04 21:55:00",543804,12.81,21.3,750.6,19.56,61.83
"2026-02-04 22:00:00",543805,12.81,21.2,750.6,19.42,61.56
"2026-02-04 22:05:00",543806,12.81,21.12,750.6,19.43,62.05
"2026-02-04 22:10:00",543807,12.81,21.03,750.6,19.54,62.09
"2026-02-04 22:15:00",543808,12.8,20.94,750.7,19.41,63.24
"2026-02-04 22:20:00",543809,12.8,20.85,750.7,19.24,62.88
"2026-02-04 22:25:00",543810,12.8,20.73,750.7,19.12,64.45
"2026-02-04 22:30:00",543811,12.8,20.61,750.7,19.06,63.72
"2026-02-04 22:35:00",543812,12.8,20.54,750.8,19.03,63.63
"2026-02-04 22:40:00",543813,12.79,20.45,750.8,18.98,64.16
"2026-02-04 22:45:00",543814,12.8,20.38,750.9,18.86,64.43
"2026-02-04 22:50:00",543815,12.79,20.28,751,18.74,65.51
"2026-02-04 22:55:00",543816,12.79,20.19,751.1,18.66,66.09
"2026-02-04 23:00:00",543817,12.79,20.09,751.1,18.54,66.6
"2026-02-04 23:05:00",543818,12.79,20.04,751.1,18.43,66.91
"2026-02-04 23:10:00",543819,12.79,19.96,751.1,18.38,67.22
"2026-02-04 23:15:00",543820,12.79,19.88,751.1,18.4,67.61
"2026-02-04 23:20:00",543821,12.79,19.8,751.2,18.48,67.41
"2026-02-04 23:25:00",543822,12.78,19.76,751.2,18.53,67.04
"2026-02-04 23:30:00",543823,12.79,19.67,751.2,18.39,67.63
"2026-02-04 23:35:00",543824,12.78,19.51,751.2,18.32,67
"2026-02-04 23:40:00",543825,12.78,19.41,751.2,18.41,67.49
"2026-02-04 23:45:00",543826,12.78,19.38,751.1,18.58,66.82
"2026-02-04 23:50:00",543827,12.78,19.32,751.1,18.68,66.63
"2026-02-04 23:55:00",543828,12.78,19.26,751.1,18.53,67.25
"2026-02-05 00:00:00",543829,12.77,19.19,751.1,18.47,67.86
"2026-02-05 00:05:00",543830,12.78,19.15,751.1,18.29,69.93
"2026-02-05 00:10:00",543831,12.77,19.11,751.1,18.17,71.44
"2026-02-05 00:15:00",543832,12.77,19.07,751,18.15,71.18
"2026-02-05 00:20:00",543833,12.77,19.05,751,18.1,72.27
"2026-02-05 00:25:00",543834,12.77,19,751,18.19,71.88
"2026-02-05 00:30:00",543835,12.77,18.95,751.1,17.85,73.25
"2026-02-05 00:35:00",543836,12.77,18.89,751,17.69,72.85
"2026-02-05 00:40:00",543837,12.76,18.82,751,17.65,72.78
"2026-02-05 00:45:00",543838,12.76,18.74,751,17.69,71.98
"2026-02-05 00:50:00",543839,12.76,18.71,751,17.72,72.74
"2026-02-05 00:55:00",543840,12.76,18.65,751,17.49,73.44
"2026-02-05 01:00:00",543841,12.76,18.61,751,17.37,74.25
"2026-02-05 01:05:00",543842,12.75,18.55,751.1,17.29,74.46
"2026-02-05 01:10:00",543843,12.75,18.46,751.1,17.2,75.41
"2026-02-05 01:15:00",543844,12.75,18.4,751,17.09,75.64
"2026-02-05 01:20:00",543845,12.75,18.34,751,17.04,75.38
"2026-02-05 01:25:00",543846,12.74,18.26,750.9,16.94,75.3
"2026-02-05 01:30:00",543847,12.74,18.2,750.9,17.1,74.19
"2026-02-05 01:35:00",543848,12.74,18.16,750.8,17.11,74.11
"2026-02-05 01:40:00",543849,12.74,18.09,750.8,16.89,75.03
"2026-02-05 01:45:00",543850,12.73,18.04,750.8,17.13,74.43
"2026-02-05 01:50:00",543851,12.73,18.04,750.8,17.15,74.4
"2026-02-05 01:55:00",543852,12.73,17.99,750.7,16.97,75.25
"2026-02-05 02:00:00",543853,12.73,17.95,750.7,16.88,75.96
"2026-02-05 02:05:00",543854,12.72,17.89,750.6,16.87,76.05
"2026-02-05 02:10:00",543855,12.72,17.82,750.6,16.69,76.52
"2026-02-05 02:15:00",543856,12.72,17.75,750.6,16.58,76.9
"2026-02-05 02:20:00",543857,12.72,17.55,750.6,16.53,77.48
"2026-02-05 02:25:00",543858,12.71,17.42,750.6,16.54,77.98
"2026-02-05 02:30:00",543859,12.71,17.33,750.5,16.45,77.85
"2026-02-05 02:35:00",543860,12.71,17.24,750.5,16.21,79.23
"2026-02-05 02:40:00",543861,12.71,17.12,750.5,16.12,79.43
"2026-02-05 02:45:00",543862,12.71,17.02,750.5,16.02,80.1
"2026-02-05 02:50:00",543863,12.7,16.91,750.5,15.97,80.7
"2026-02-05 02:55:00",543864,12.7,16.8,750.5,15.9,80.7
"2026-02-05 03:00:00",543865,12.69,16.75,750.5,15.94,80.1
"2026-02-05 03:05:00",543866,12.69,16.67,750.5,15.8,81
"2026-02-05 03:10:00",543867,12.69,16.61,750.5,15.66,82.8
"2026-02-05 03:15:00",543868,12.69,16.53,750.5,15.62,82.1
"2026-02-05 03:20:00",543869,12.68,16.46,750.5,15.71,81.2
"2026-02-05 03:25:00",543870,12.68,16.39,750.4,15.54,81.9
"2026-02-05 03:30:00",543871,12.68,16.32,750.4,15.55,82.8
"2026-02-05 03:35:00",543872,12.67,16.26,750.4,15.52,82.6
"2026-02-05 03:40:00",543873,12.67,16.19,750.4,15.29,82.1
"2026-02-05 03:45:00",543874,12.67,16.11,750.5,15.16,83.5
"2026-02-05 03:50:00",543875,12.67,16.03,750.6,15.25,83.8
"2026-02-05 03:55:00",543876,12.66,15.95,750.6,15.25,83.4
"2026-02-05 04:00:00",543877,12.66,15.93,750.6,15.4,82.6
"2026-02-05 04:05:00",543878,12.66,15.92,750.7,15.39,82.1
"2026-02-05 04:10:00",543879,12.65,15.92,750.6,15.14,81.3
"2026-02-05 04:15:00",543880,12.65,15.88,750.7,15.09,80.1
"2026-02-05 04:20:00",543881,12.65,15.86,750.7,15.22,78.6
"2026-02-05 04:25:00",543882,12.64,15.82,750.7,15.11,79.1
"2026-02-05 04:30:00",543883,12.64,15.81,750.8,15.27,79.47
"2026-02-05 04:35:00",543884,12.64,15.82,750.8,15.18,79.95
"2026-02-05 04:40:00",543885,12.63,15.8,750.7,14.98,80.6
"2026-02-05 04:45:00",543886,12.63,15.76,750.7,14.89,80.2
"2026-02-05 04:50:00",543887,12.62,15.73,750.7,14.92,81.8
"2026-02-05 04:55:00",543888,12.62,15.67,750.8,14.77,83.7
"2026-02-05 05:00:00",543889,12.62,15.51,750.9,14.79,84.2
"2026-02-05 05:05:00",543890,12.62,15.42,750.9,14.71,85.3
"2026-02-05 05:10:00",543891,12.61,15.34,750.9,14.67,85.2
"2026-02-05 05:15:00",543892,12.61,15.29,751,14.59,85.2
"2026-02-05 05:20:00",543893,12.61,15.23,751,14.55,86
"2026-02-05 05:25:00",543894,12.6,15.18,751,14.47,86.8
"2026-02-05 05:30:00",543895,12.6,15.11,751,14.25,86.5
"2026-02-05 05:35:00",543896,12.6,15.06,751.1,14.12,85.2
"2026-02-05 05:40:00",543897,12.6,14.97,751.1,14.17,85.3
"2026-02-05 05:45:00",543898,12.59,14.89,751.1,14.23,84.8
"2026-02-05 05:50:00",543899,12.59,14.85,751.2,14.15,83.8
"2026-02-05 05:55:00",543900,12.59,14.78,751.2,14.15,84.2
"2026-02-05 06:00:00",543901,12.58,14.75,751.2,14.25,83.7
"2026-02-05 06:05:00",543902,12.58,14.79,751.2,14.17,83.5
"2026-02-05 06:10:00",543903,12.58,14.77,751.3,14.21,83.6
"2026-02-05 06:15:00",543904,12.59,14.76,751.3,14.31,83.6
"2026-02-05 06:20:00",543905,12.6,14.77,751.4,14.38,83.6
"2026-02-05 06:25:00",543906,12.63,14.8,751.5,14.46,83.3
"2026-02-05 06:30:00",543907,12.65,14.83,751.5,14.69,83.5
"2026-02-05 06:35:00",543908,12.67,14.89,751.5,14.88,82.4
"2026-02-05 06:40:00",543909,12.71,14.98,751.6,15.4,81.9
"2026-02-05 06:45:00",543910,12.74,15.1,751.6,15.58,79.54
"2026-02-05 06:50:00",543911,12.79,15.31,751.7,15.96,78.09
"2026-02-05 06:55:00",543912,12.83,15.54,751.8,16.3,76.02
"2026-02-05 07:00:00",543913,12.88,15.8,751.9,16.15,77.34
"2026-02-05 07:05:00",543914,12.97,16.13,752,16.27,75.39
"2026-02-05 07:10:00",543915,13.28,16.56,752,16.42,75.96
"2026-02-05 07:15:00",543916,13.51,17.05,752.1,17.25,72.1
"2026-02-05 07:20:00",543917,13.62,17.61,752.1,18.23,67.96
"2026-02-05 07:25:00",543918,13.7,18.19,752.2,18.95,65.34
"2026-02-05 07:30:00",543919,13.78,18.77,752.2,18.63,66.23
"2026-02-05 07:35:00",543920,13.87,19.44,752.3,19.23,64.88
"2026-02-05 07:40:00",543921,13.76,20.81,752.3,19.37,65.83
"2026-02-05 07:45:00",543922,13.73,21.61,752.3,18.89,67.54
"2026-02-05 07:50:00",543923,13.7,22.05,752.3,19.1,66.58
"2026-02-05 07:55:00",543924,13.7,22.48,752.5,19.42,64.44
"2026-02-05 08:00:00",543925,13.7,22.96,752.5,19.2,65.14
"2026-02-05 08:05:00",543926,13.68,23.39,752.6,19.59,64.5
"2026-02-05 08:10:00",543927,13.68,23.84,752.6,19.98,62.2
"2026-02-05 08:15:00",543928,13.65,24.34,752.6,21,56.91
"2026-02-05 08:20:00",543929,13.65,24.85,752.6,21.39,55.64
"2026-02-05 08:25:00",543930,13.65,25.4,752.7,21.29,56.52
"2026-02-05 08:30:00",543931,13.62,25.95,752.7,21.64,54.03
"2026-02-05 08:35:00",543932,13.62,26.52,752.7,21.94,53.07
"2026-02-05 08:40:00",543933,13.6,27.85,752.6,21.6,54.02
"2026-02-05 08:45:00",543934,13.57,28,752.6,22.51,51.93
"2026-02-05 08:50:00",543935,13.57,28.23,752.6,22.84,49.7
"2026-02-05 08:55:00",543936,13.57,28.59,752.6,23.34,47.96
"2026-02-05 09:00:00",543937,13.57,29.05,752.5,22.6,49.58
"2026-02-05 09:05:00",543938,13.55,29.47,752.5,22.17,51.54
"2026-02-05 09:10:00",543939,13.55,29.84,752.4,21.53,51.92
"2026-02-05 09:15:00",543940,13.55,30.03,752.4,22.16,51.32
"2026-02-05 09:20:00",543941,13.55,30.29,752.3,22.39,51.1
"2026-02-05 09:25:00",543942,13.53,30.56,752.4,23.12,49.45
"2026-02-05 09:30:00",543943,13.53,30.83,752.3,23.07,49.86
"2026-02-05 09:35:00",543944,13.53,31.03,752.3,21.81,51.71
"2026-02-05 09:40:00",543945,13.53,31.24,752.3,23.02,50.77
"2026-02-05 09:45:00",543946,13.5,31.55,752.3,23.5,48.29
"2026-02-05 09:50:00",543947,13.5,31.85,752.2,23.32,48.59
"2026-02-05 09:55:00",543948,13.5,32.14,752.3,23.77,47.72
"2026-02-05 10:00:00",543949,13.51,32.45,752.3,23.73,48.04
"2026-02-05 10:05:00",543950,13.51,32.7,752.2,24.26,46.95
"2026-02-05 10:10:00",543951,13.48,33.03,752.1,25.47,44.13
"2026-02-05 10:15:00",543952,13.48,33.46,752.1,24.66,45.46
"2026-02-05 10:20:00",543953,13.48,33.82,752.1,25.7,43.63
"2026-02-05 10:25:00",543954,13.46,34.22,752.1,25.96,42.16
"2026-02-05 10:30:00",543955,13.46,34.57,752,25.17,43.83
"2026-02-05 10:35:00",543956,13.46,34.75,751.9,23.06,48.46
"2026-02-05 10:40:00",543957,13.46,34.74,751.8,25.11,44.47
"2026-02-05 10:45:00",543958,13.46,34.79,751.7,23.41,48.12
"2026-02-05 10:50:00",543959,13.46,34.66,751.7,23.53,48.3
"2026-02-05 10:55:00",543960,13.46,34.55,751.7,25.04,43.36
"2026-02-05 11:00:00",543961,13.46,34.54,751.6,24.6,44.8
"2026-02-05 11:05:00",543962,13.46,34.54,751.5,24.88,43.6
"2026-02-05 11:10:00",543963,13.46,34.62,751.5,25.74,42.14
"2026-02-05 11:15:00",543964,13.46,34.75,751.5,25.4,43.11
"2026-02-05 11:20:00",543965,13.46,34.89,751.4,26.16,41.89
"2026-02-05 11:25:00",543966,13.46,35.14,751.4,26.48,38.79
"2026-02-05 11:30:00",543967,13.44,35.33,751.2,26.26,40.12
"2026-02-05 11:35:00",543968,13.44,35.47,751.2,26.44,40.84
"2026-02-05 11:40:00",543969,13.44,35.54,751.1,25.54,41.85
"2026-02-05 11:45:00",543970,13.44,35.55,751.1,26.51,39.49
"2026-02-05 11:50:00",543971,13.44,35.55,751,26.27,38.84
"2026-02-05 11:55:00",543972,13.44,35.55,750.9,26.02,39.74
"2026-02-05 12:00:00",543973,13.44,35.49,750.8,26.51,40.22
"2026-02-05 12:05:00",543974,13.44,35.55,750.8,26.39,39.58
"2026-02-05 12:10:00",543975,13.44,35.6,750.7,26.15,39.78
"2026-02-05 12:15:00",543976,13.44,35.58,750.6,26.24,37.28
"2026-02-05 12:20:00",543977,13.44,35.56,750.5,27.43,36.56
"2026-02-05 12:25:00",543978,13.44,35.64,750.5,27.09,35.26
"2026-02-05 12:30:00",543979,13.44,35.64,750.4,26.73,35.83
"2026-02-05 12:35:00",543980,13.44,35.6,750.4,28.16,33.51
"2026-02-05 12:40:00",543981,13.44,35.59,750.3,27.92,33.66
"2026-02-05 12:45:00",543982,13.44,35.62,750.3,27.72,34.71
"2026-02-05 12:50:00",543983,13.44,35.63,750.2,26.66,37.22
"2026-02-05 12:55:00",543984,13.44,35.47,750,26.78,36.7
"2026-02-05 13:00:00",543985,13.44,35.19,749.9,26.86,37.21
"2026-02-05 13:05:00",543986,13.44,34.98,749.8,28.06,33.33
"2026-02-05 13:10:00",543987,13.44,34.9,749.7,28.56,32.97
"2026-02-05 13:15:00",543988,13.44,34.92,749.6,28.36,34.17
"2026-02-05 13:20:00",543989,13.44,34.92,749.5,28.3,34.7
"2026-02-05 13:25:00",543990,13.44,34.9,749.4,28.18,33.55
"2026-02-05 13:30:00",543991,13.44,34.89,749.3,28.12,33.81
"2026-02-05 13:35:00",543992,13.44,34.83,749.2,28.03,34.44
"2026-02-05 13:40:00",543993,13.44,34.74,749.1,28.51,33.17
"2026-02-05 13:45:00",543994,13.44,34.69,749,29.16,31.19
"2026-02-05 13:50:00",543995,13.44,34.75,748.9,28.86,32.93
"2026-02-05 13:55:00",543996,13.44,34.78,748.8,28.96,31.45
"2026-02-05 14:00:00",543997,13.44,34.83,748.7,28.62,31.38
"2026-02-05 14:05:00",543998,13.44,34.87,748.7,29.59,29.52
"2026-02-05 14:10:00",543999,13.45,35,748.6,29.35,29.43
"2026-02-05 14:15:00",544000,13.44,35.14,748.5,28.96,28.99
"2026-02-05 14:20:00",544001,13.44,35.22,748.4,28.84,28.57
"2026-02-05 14:25:00",544002,13.44,35.35,748.3,29.08,26.63
"2026-02-05 14:30:00",544003,13.44,35.52,748.2,29.89,27.21
"2026-02-05 14:35:00",544004,13.44,35.74,748.1,30.16,27.92
"2026-02-05 14:40:00",544005,13.45,35.99,747.9,30.46,25.8
"2026-02-05 14:45:00",544006,13.42,36.25,747.9,30.85,21.85
"2026-02-05 14:50:00",544007,13.42,36.51,747.9,29.91,25.96
"2026-02-05 14:55:00",544008,13.42,36.75,747.9,30.34,21.25
"2026-02-05 15:00:00",544009,13.42,36.94,747.8,30.55,21.58
"2026-02-05 15:05:00",544010,13.42,37.21,747.8,31.15,20.5
"2026-02-05 15:10:00",544011,13.42,37.49,747.7,31.19,21.94
"2026-02-05 15:15:00",544012,13.4,37.72,747.6,30.9,22.41
"2026-02-05 15:20:00",544013,13.4,37.88,747.6,31.31,22.65
"2026-02-05 15:25:00",544014,13.4,38.05,747.5,30.78,22.96
"2026-02-05 15:30:00",544015,13.4,38.17,747.4,30.47,22.31
"2026-02-05 15:35:00",544016,13.4,38.2,747.4,30.11,21.17
"2026-02-05 15:40:00",544017,13.4,38.1,747.3,29.46,23.02
"2026-02-05 15:45:00",544018,13.4,37.85,747.3,29.78,22.48
"2026-02-05 15:50:00",544019,13.4,37.53,747.3,28.47,29.97
"2026-02-05 15:55:00",544020,13.4,37.03,747.2,28.19,30.22
"2026-02-05 16:00:00",544021,13.4,36.48,747.3,28.67,28.38
"2026-02-05 16:05:00",544022,13.4,36.03,747.2,28.36,27.71
"2026-02-05 16:10:00",544023,13.4,35.65,747.2,28.82,26.51
"2026-02-05 16:15:00",544024,13.4,35.35,747.2,28.23,26.53
"2026-02-05 16:20:00",544025,13.4,35.08,747.1,27.86,26.71
"2026-02-05 16:25:00",544026,13.39,34.98,747.1,27.66,26.28
"2026-02-05 16:30:00",544027,13.4,34.71,747.1,27.13,27.55
"2026-02-05 16:35:00",544028,13.39,34.27,747,27.02,27.74
"2026-02-05 16:40:00",544029,13.39,33.81,747.1,26.97,28.01
"2026-02-05 16:45:00",544030,13.42,33.36,747,26.57,28.49
"2026-02-05 16:50:00",544031,13.42,32.97,746.9,26.55,28.93
"2026-02-05 16:55:00",544032,13.42,32.61,746.9,26.61,29.82
"2026-02-05 17:00:00",544033,13.44,32.37,746.9,26.73,29.42
"2026-02-05 17:05:00",544034,13.44,32.25,747,27.11,29.05
"2026-02-05 17:10:00",544035,13.44,32.21,746.9,27.1,30.34
"2026-02-05 17:15:00",544036,13.44,32.22,746.9,26.87,28.96
"2026-02-05 17:20:00",544037,13.44,32.21,747,27.01,30.64
"2026-02-05 17:25:00",544038,13.44,32.2,746.9,27.18,29.94
"2026-02-05 17:30:00",544039,13.44,32.21,746.9,27.1,27.58
"2026-02-05 17:35:00",544040,13.44,32.2,746.9,27.13,27.48
"2026-02-05 17:40:00",544041,13.44,32.05,747,27.2,27.96
"2026-02-05 17:45:00",544042,13.44,31.92,747,27.06,28.02
"2026-02-05 17:50:00",544043,13.44,31.8,747.1,27,28.9
"2026-02-05 17:55:00",544044,13.43,31.28,747.1,26.74,30.04
"2026-02-05 18:00:00",544045,13.39,30.67,747.1,26.82,29.5
"2026-02-05 18:05:00",544046,13.31,30.34,747.2,26.71,29.86
"2026-02-05 18:10:00",544047,13.26,30.1,747.3,26.64,30.71
"2026-02-05 18:15:00",544048,13.2,29.96,747.3,26.64,30.57
"2026-02-05 18:20:00",544049,13.14,29.94,747.4,26.66,30.88
"2026-02-05 18:25:00",544050,13.07,29.92,747.5,26.48,30.29
"2026-02-05 18:30:00",544051,13.02,29.84,747.5,26.42,30.08
"2026-02-05 18:35:00",544052,12.98,29.61,747.5,26.3,30.68
"2026-02-05 18:40:00",544053,12.95,29.34,747.5,26.27,30
"2026-02-05 18:45:00",544054,12.93,29.05,747.6,26.26,29.93
"2026-02-05 18:50:00",544055,12.9,28.78,747.6,26.13,30.73
"2026-02-05 18:55:00",544056,12.89,28.5,747.7,26.08,30.73
"2026-02-05 19:00:00",544057,12.88,28.21,747.7,25.95,31.86
"2026-02-05 19:05:00",544058,12.88,27.91,747.8,25.62,32.04
"2026-02-05 19:10:00",544059,12.87,27.58,747.9,25.26,33.55
"2026-02-05 19:15:00",544060,12.87,27.28,748,24.93,35.26
"2026-02-05 19:20:00",544061,12.87,27.01,748,24.75,35.9
"2026-02-05 19:25:00",544062,12.86,26.75,748,24.61,36.49
"2026-02-05 19:30:00",544063,12.86,26.5,748.1,24.57,35.75
"2026-02-05 19:35:00",544064,12.86,26.32,748.2,24.64,36.03
"2026-02-05 19:40:00",544065,12.86,26.15,748.2,24.52,35.31
"2026-02-05 19:45:00",544066,12.85,26.01,748.3,24.45,35.68
"2026-02-05 19:50:00",544067,12.85,25.88,748.4,24.09,38.05
"2026-02-05 19:55:00",544068,12.85,25.74,748.5,23.71,39.23
"2026-02-05 20:00:00",544069,12.85,25.59,748.6,23.45,40.28
"2026-02-05 20:05:00",544070,12.85,25.47,748.7,23.67,39.72
"2026-02-05 20:10:00",544071,12.84,25.33,748.7,23.57,39.94
"2026-02-05 20:15:00",544072,12.84,25.22,748.8,23.27,41.01
"2026-02-05 20:20:00",544073,12.84,25.09,748.9,23.09,41.64
"2026-02-05 20:25:00",544074,12.84,24.87,749,23.15,42.17
"2026-02-05 20:30:00",544075,12.84,24.7,749.1,23.04,43.2
"2026-02-05 20:35:00",544076,12.84,24.54,749.2,23.2,42.47
"2026-02-05 20:40:00",544077,12.83,24.38,749.3,22.86,43.63
"2026-02-05 20:45:00",544078,12.83,24.22,749.5,22.7,43.61
"2026-02-05 20:50:00",544079,12.83,24.08,749.6,22.52,43.33
"2026-02-05 20:55:00",544080,12.83,23.91,749.7,22.89,36.52
"2026-02-05 21:00:00",544081,12.82,23.8,749.8,22.93,38.95
"2026-02-05 21:05:00",544082,12.82,23.67,749.9,22.59,37.96
"2026-02-05 21:10:00",544083,12.82,23.6,750,22.75,34.25
"2026-02-05 21:15:00",544084,12.82,23.54,750,22.96,34.4
"2026-02-05 21:20:00",544085,12.82,23.48,750.1,22.55,37.21
"2026-02-05 21:25:00",544086,12.82,23.44,750.1,22.17,40.96
"2026-02-05 21:30:00",544087,12.81,23.34,750.2,21.9,41.71
"2026-02-05 21:35:00",544088,12.81,23.25,750.3,21.77,45.43
"2026-02-05 21:40:00",544089,12.81,23.15,750.4,21.6,47
"2026-02-05 21:45:00",544090,12.81,23.09,750.5,21.61,47.42
"2026-02-05 21:50:00",544091,12.81,23.01,750.6,21.51,47.37
"2026-02-05 21:55:00",544092,12.81,22.94,750.7,21.48,47.12
"2026-02-05 22:00:00",544093,12.8,22.85,750.8,21.17,48.19
"2026-02-05 22:05:00",544094,12.8,22.72,751,20.98,48.61
"2026-02-05 22:10:00",544095,12.8,22.6,751,20.89,49.23
"2026-02-05 22:15:00",544096,12.8,22.48,751.1,21.05,48.96
"2026-02-05 22:20:00",544097,12.8,22.36,751.1,21.29,48.11
"2026-02-05 22:25:00",544098,12.8,22.28,751.1,21.3,48.11
"2026-02-05 22:30:00",544099,12.79,22.22,751.1,20.93,51.06
"2026-02-05 22:35:00",544100,12.79,22.16,751.2,20.69,51.81
"2026-02-05 22:40:00",544101,12.79,22.09,751.3,20.6,51.61
"2026-02-05 22:45:00",544102,12.79,22.05,751.4,20.53,51.13
"2026-02-05 22:50:00",544103,12.79,21.95,751.4,20.5,52
"2026-02-05 22:55:00",544104,12.79,21.89,751.5,20.31,51.19
"2026-02-05 23:00:00",544105,12.79,21.79,751.4,20.27,47.22
"2026-02-05 23:05:00",544106,12.8,21.71,751.5,20.21,46.35
"2026-02-05 23:10:00",544107,12.79,21.57,751.5,20.09,51
"2026-02-05 23:15:00",544108,12.79,21.48,751.5,20.05,51.72
"2026-02-05 23:20:00",544109,12.79,21.39,751.5,20.21,48.47
"2026-02-05 23:25:00",544110,12.79,21.32,751.5,20.26,50.21
"2026-02-05 23:30:00",544111,12.79,21.27,751.4,20.31,50.82
"2026-02-05 23:35:00",544112,12.79,21.19,751.4,20.14,51.64
"2026-02-05 23:40:00",544113,12.79,21.12,751.5,20.08,51.16
"2026-02-05 23:45:00",544114,12.79,21.03,751.5,19.68,52.72
"2026-02-05 23:50:00",544115,12.78,20.97,751.5,19.71,53.72
"2026-02-05 23:55:00",544116,12.78,20.96,751.5,19.52,54.5
"2026-02-06 00:00:00",544117,12.78,20.92,751.4,19.56,52.46
"2026-02-06 00:05:00",544118,12.78,20.85,751.5,19.51,51.46
"2026-02-06 00:10:00",544119,12.77,20.79,751.5,19.51,51.36
"2026-02-06 00:15:00",544120,12.77,20.72,751.5,19.38,51.81
"2026-02-06 00:20:00",544121,12.77,20.62,751.5,19.26,51.76
"2026-02-06 00:25:00",544122,12.77,20.54,751.5,19.24,52.23
"2026-02-06 00:30:00",544123,12.76,20.49,751.5,19.2,52.19
"2026-02-06 00:35:00",544124,12.76,20.42,751.4,19.04,52.79
"2026-02-06 00:40:00",544125,12.76,20.36,751.5,18.75,52.47
"2026-02-06 00:45:00",544126,12.76,20.27,751.4,18.63,53.57
"2026-02-06 00:50:00",544127,12.76,20.17,751.4,18.96,51.69
"2026-02-06 00:55:00",544128,12.76,20.12,751.5,19.04,52.51
"2026-02-06 01:00:00",544129,12.76,20.12,751.4,18.89,53.54
"2026-02-06 01:05:00",544130,12.75,20.11,751.4,18.86,54.03
"2026-02-06 01:10:00",544131,12.75,20.1,751.4,18.86,53.85
"2026-02-06 01:15:00",544132,12.75,20.12,751.4,18.75,56.05
"2026-02-06 01:20:00",544133,12.75,20.07,751.4,18.94,57.85
"2026-02-06 01:25:00",544134,12.75,20.06,751.4,19.4,57.4
"2026-02-06 01:30:00",544135,12.75,20.09,751.5,18.55,57.94
"2026-02-06 01:35:00",544136,12.75,20.06,751.5,18.35,58.88
"2026-02-06 01:40:00",544137,12.74,20.02,751.6,18.33,59.79
"2026-02-06 01:45:00",544138,12.75,19.96,751.6,18.41,59.29
"2026-02-06 01:50:00",544139,12.74,19.91,751.5,18.27,60.68
"2026-02-06 01:55:00",544140,12.74,19.84,751.5,18.47,61.41
"2026-02-06 02:00:00",544141,12.74,19.66,751.5,18.43,60.32
"2026-02-06 02:05:00",544142,12.74,19.56,751.4,18.26,61.07
"2026-02-06 02:10:00",544143,12.74,19.48,751.4,18.28,61.5
"2026-02-06 02:15:00",544144,12.74,19.43,751.4,18.07,62.36
"2026-02-06 02:20:00",544145,12.73,19.31,751.4,17.37,64.8
"2026-02-06 02:25:00",544146,12.73,19.19,751.3,17.18,65.65
"2026-02-06 02:30:00",544147,12.73,19.04,751.3,17.19,65.63
"2026-02-06 02:35:00",544148,12.73,18.9,751.3,17.22,65.45
"2026-02-06 02:40:00",544149,12.72,18.77,751.3,17.21,66.04
"2026-02-06 02:45:00",544150,12.72,18.65,751.3,17.23,65.51
"2026-02-06 02:50:00",544151,12.72,18.53,751.3,17.12,65.82
"2026-02-06 02:55:00",544152,12.72,18.43,751.3,17.23,65.98
"2026-02-06 03:00:00",544153,12.72,18.34,751.3,17.25,66.7
"2026-02-06 03:05:00",544154,12.71,18.27,751.3,17.09,67.49
"2026-02-06 03:10:00",544155,12.71,18.16,751.3,16.8,68.48
"2026-02-06 03:15:00",544156,12.71,18.06,751.3,16.81,67.73
"2026-02-06 03:20:00",544157,12.71,17.96,751.3,16.84,68.14
"2026-02-06 03:25:00",544158,12.7,17.86,751.3,16.76,68.42
"2026-02-06 03:30:00",544159,12.7,17.79,751.3,16.81,68.26
"2026-02-06 03:35:00",544160,12.7,17.69,751.3,16.78,68.54
"2026-02-06 03:40:00",544161,12.7,17.62,751.4,16.67,69.42
"2026-02-06 03:45:00",544162,12.69,17.58,751.4,16.75,69.26
"2026-02-06 03:50:00",544163,12.69,17.53,751.4,16.75,69.03
"2026-02-06 03:55:00",544164,12.69,17.51,751.3,16.73,69.46
"2026-02-06 04:00:00",544165,12.69,17.5,751.4,16.78,69.61
"2026-02-06 04:05:00",544166,12.68,17.48,751.3,16.59,70.42
"2026-02-06 04:10:00",544167,12.68,17.48,751.3,16.56,71
"2026-02-06 04:15:00",544168,12.68,17.48,751.3,16.56,70.82
"2026-02-06 04:20:00",544169,12.67,17.49,751.4,16.48,71.27
"2026-02-06 04:25:00",544170,12.67,17.49,751.4,16.46,71.61
"2026-02-06 04:30:00",544171,12.67,17.5,751.4,16.46,71.17
"2026-02-06 04:35:00",544172,12.67,17.51,751.5,16.45,71.46
"2026-02-06 04:40:00",544173,12.66,17.53,751.5,16.41,71.6
"2026-02-06 04:45:00",544174,12.66,17.55,751.5,16.5,71.61
"2026-02-06 04:50:00",544175,12.66,17.51,751.6,16.79,70.72
"2026-02-06 04:55:00",544176,12.66,17.5,751.6,17.08,69.23
"2026-02-06 05:00:00",544177,12.66,17.55,751.7,17.23,68.97
"2026-02-06 05:05:00",544178,12.65,17.61,751.8,17.17,69.22
"2026-02-06 05:10:00",544179,12.65,17.63,751.8,16.92,70.22
"2026-02-06 05:15:00",544180,12.65,17.63,751.8,16.91,70.25
"2026-02-06 05:20:00",544181,12.65,17.63,751.8,16.89,70.16
"2026-02-06 05:25:00",544182,12.64,17.65,751.9,16.89,68.96
"2026-02-06 05:30:00",544183,12.64,17.68,751.9,16.83,69.48
"2026-02-06 05:35:00",544184,12.64,17.72,751.9,16.71,71.54
"2026-02-06 05:40:00",544185,12.64,17.7,752,16.63,71.64
"2026-02-06 05:45:00",544186,12.63,17.68,752,16.63,71.78
"2026-02-06 05:50:00",544187,12.63,17.62,752.1,16.73,70.3
"2026-02-06 05:55:00",544188,12.63,17.54,752.1,16.85,69.31
"2026-02-06 06:00:00",544189,12.62,17.47,752.1,16.87,69.61
"2026-02-06 06:05:00",544190,12.62,17.5,752.1,16.56,70.88
"2026-02-06 06:10:00",544191,12.63,17.49,752.1,16.46,70.89
"2026-02-06 06:15:00",544192,12.63,17.47,752.2,16.35,71.9
"2026-02-06 06:20:00",544193,12.65,17.42,752.3,16.36,71.01
"2026-02-06 06:25:00",544194,12.68,17.4,752.4,16.32,71.7
"2026-02-06 06:30:00",544195,12.72,17.44,752.4,16.41,73.03
"2026-02-06 06:35:00",544196,12.74,17.57,752.5,16.46,72.87
"2026-02-06 06:40:00",544197,12.78,17.69,752.5,16.83,71.1
"2026-02-06 06:45:00",544198,12.81,17.9,752.5,17.66,68.91
"2026-02-06 06:50:00",544199,12.88,18.14,752.6,18.44,65.37
"2026-02-06 06:55:00",544200,13.14,18.47,752.7,18.21,66.34
"2026-02-06 07:00:00",544201,13.25,18.82,752.7,18.3,64.55
"2026-02-06 07:05:00",544202,13.38,19.13,752.8,18.13,65.88
"2026-02-06 07:10:00",544203,13.41,19.43,752.9,18.39,63.1
"2026-02-06 07:15:00",544204,13.41,19.7,753,17.81,62.62
"2026-02-06 07:20:00",544205,13.62,20.02,753.1,18.09,58.87
"2026-02-06 07:25:00",544206,13.75,20.35,753.2,18.95,55.28
"2026-02-06 07:30:00",544207,13.73,21.58,753.3,20.47,51.68
"2026-02-06 07:35:00",544208,13.7,22.41,753.3,21.24,50.12
"2026-02-06 07:40:00",544209,13.67,23.19,753.4,21.45,48.73
"2026-02-06 07:45:00",544210,13.67,23.97,753.4,22.21,46.57
"2026-02-06 07:50:00",544211,13.65,24.72,753.5,21.15,49.36
"2026-02-06 07:55:00",544212,13.65,25.18,753.5,20.44,52.96
"2026-02-06 08:00:00",544213,13.65,25.59,753.6,21.39,52.34
"2026-02-06 08:05:00",544214,13.62,26.04,753.6,22.13,48.72
"2026-02-06 08:10:00",544215,13.62,26.55,753.7,22.2,50.47
"2026-02-06 08:15:00",544216,13.6,27.12,753.6,21.75,51.2
"2026-02-06 08:20:00",544217,13.6,27.64,753.6,21.62,51.59
"2026-02-06 08:25:00",544218,13.6,28.08,753.6,22.49,49.47
"2026-02-06 08:30:00",544219,13.57,28.52,753.7,23.53,46.8
"2026-02-06 08:35:00",544220,13.57,29.02,753.9,23.08,48.27
"2026-02-06 08:40:00",544221,13.55,29.36,753.9,22.39,50.84
"2026-02-06 08:45:00",544222,13.55,29.49,753.8,22.11,51.44
"2026-02-06 08:50:00",544223,13.55,29.7,753.8,22.67,51.39
"2026-02-06 08:55:00",544224,13.55,29.97,753.9,20.99,56.69
"2026-02-06 09:00:00",544225,13.55,30.13,753.9,21.36,55.45
"2026-02-06 09:05:00",544226,13.55,30.31,753.9,22.68,51.07
"2026-02-06 09:10:00",544227,13.55,30.62,753.9,22.23,52.3
"2026-02-06 09:15:00",544228,13.53,30.94,753.9,22.24,51.36
"2026-02-06 09:20:00",544229,13.53,31.24,753.9,22.2,52.01
"2026-02-06 09:25:00",544230,13.53,31.54,753.9,22.87,49.93
"2026-02-06 09:30:00",544231,13.5,31.77,753.9,23.55,48.91
"2026-02-06 09:35:00",544232,13.5,32.11,753.8,25.13,47.77
"2026-02-06 09:40:00",544233,13.5,32.58,753.8,23.23,49.98
"2026-02-06 09:45:00",544234,13.51,32.87,753.8,23.13,49.77
"2026-02-06 09:50:00",544235,13.51,33.03,753.9,21.48,54.04
"2026-02-06 09:55:00",544236,13.51,33.07,753.8,23.48,50.1
"2026-02-06 10:00:00",544237,13.51,33.2,753.8,23.69,47.71
"2026-02-06 10:05:00",544238,13.48,33.41,753.8,23.91,46.49
"2026-02-06 10:10:00",544239,13.48,33.46,753.9,22.22,51.42
"2026-02-06 10:15:00",544240,13.48,33.15,753.9,22.36,50.34
"2026-02-06 10:20:00",544241,13.48,32.66,753.9,21.49,53.67
"2026-02-06 10:25:00",544242,13.48,32.18,753.9,23.17,48.41
"2026-02-06 10:30:00",544243,13.48,31.87,753.9,23.44,48.32
"2026-02-06 10:35:00",544244,13.48,31.63,753.8,22.47,50.38
"2026-02-06 10:40:00",544245,13.48,31.45,753.8,23.38,49.52
"2026-02-06 10:45:00",544246,13.48,31.5,753.7,23.92,47.36
"2026-02-06 10:50:00",544247,13.48,31.82,753.7,24.19,46.04
"2026-02-06 10:55:00",544248,13.48,32.3,753.6,25.29,43
"2026-02-06 11:00:00",544249,13.48,32.77,753.6,24.67,45.39
"2026-02-06 11:05:00",544250,13.48,33.21,753.5,25.71,43.4
"2026-02-06 11:10:00",544251,13.48,33.72,753.5,24.56,43.18
"2026-02-06 11:15:00",544252,13.46,34.09,753.5,24.75,43.62
"2026-02-06 11:20:00",544253,13.46,34.38,753.4,25.4,42.46
"2026-02-06 11:25:00",544254,13.46,34.73,753.3,26.55,40.52
"2026-02-06 11:30:00",544255,13.44,35.1,753.3,26.17,40.51
"2026-02-06 11:35:00",544256,13.44,35.34,753.2,25.59,41.4
"2026-02-06 11:40:00",544257,13.44,35.52,753.2,25.69,39.7
"2026-02-06 11:45:00",544258,13.44,35.7,753.1,26.23,39.56
"2026-02-06 11:50:00",544259,13.44,35.85,753,24.72,41.63
"2026-02-06 11:55:00",544260,13.44,35.79,752.9,25.54,41.23
"2026-02-06 12:00:00",544261,13.44,35.62,752.8,24.66,41.89
"2026-02-06 12:05:00",544262,13.44,35.43,752.7,25.6,40.88
"2026-02-06 12:10:00",544263,13.44,35.39,752.7,25.29,40.58
"2026-02-06 12:15:00",544264,13.44,35.39,752.6,26.44,37.73
"2026-02-06 12:20:00",544265,13.44,35.46,752.6,25.13,40.37
"2026-02-06 12:25:00",544266,13.44,35.54,752.5,27.39,32.67
"2026-02-06 12:30:00",544267,13.44,35.71,752.4,27.94,31.97
"2026-02-06 12:35:00",544268,13.44,36,752.3,27.95,33.29
"2026-02-06 12:40:00",544269,13.42,36.21,752.2,27.57,34.37
"2026-02-06 12:45:00",544270,13.42,36.3,752.2,27.39,34.08
"2026-02-06 12:50:00",544271,13.42,36.32,752,27.84,30.54
"2026-02-06 12:55:00",544272,13.42,36.25,752,27.16,31.7
"2026-02-06 13:00:00",544273,13.42,36.18,751.9,27.99,31.36
"2026-02-06 13:05:00",544274,13.42,36.16,751.8,27.26,33.33
"2026-02-06 13:10:00",544275,13.42,36.08,751.6,28.17,31.17
"2026-02-06 13:15:00",544276,13.42,36.06,751.5,28.12,29.74
"2026-02-06 13:20:00",544277,13.42,36.01,751.5,28.57,28.79
"2026-02-06 13:25:00",544278,13.42,35.92,751.3,27.93,29.86
"2026-02-06 13:30:00",544279,13.42,35.82,751.2,27.65,29.84
"2026-02-06 13:35:00",544280,13.42,35.6,750.9,27.15,30.88
"2026-02-06 13:40:00",544281,13.42,35.37,750.9,27.96,29.66
"2026-02-06 13:45:00",544282,13.42,35.17,750.8,27.05,30.81
"2026-02-06 13:50:00",544283,13.42,34.97,750.7,28.47,30.08
"2026-02-06 13:55:00",544284,13.42,34.85,750.6,28.49,29.5
"2026-02-06 14:00:00",544285,13.42,34.79,750.5,27.67,30.04
"2026-02-06 14:05:00",544286,13.42,34.74,750.3,27.82,31.14
"2026-02-06 14:10:00",544287,13.42,34.69,750.1,27.45,27.98
"2026-02-06 14:15:00",544288,13.42,34.6,749.9,27.75,29.4
"2026-02-06 14:20:00",544289,13.42,34.53,749.8,27.99,30.14
"2026-02-06 14:25:00",544290,13.42,34.57,749.8,29.2,27.15
"2026-02-06 14:30:00",544291,13.42,34.71,749.6,29.66,28.94
"2026-02-06 14:35:00",544292,13.42,35.09,749.5,29.2,27.43
"2026-02-06 14:40:00",544293,13.42,35.41,749.4,28.96,27.41
"2026-02-06 14:45:00",544294,13.42,35.64,749.2,28.49,29.09
"2026-02-06 14:50:00",544295,13.42,35.77,749.1,29.26,27.3
"2026-02-06 14:55:00",544296,13.42,35.9,749,28.58,27.73
"2026-02-06 15:00:00",544297,13.42,36.11,748.8,29.68,28.36
"2026-02-06 15:05:00",544298,13.42,36.48,748.7,30.22,26.12
"2026-02-06 15:10:00",544299,13.42,36.78,748.6,28.82,29.53
"2026-02-06 15:15:00",544300,13.42,36.89,748.5,30.33,26.96
"2026-02-06 15:20:00",544301,13.42,36.96,748.5,28.88,27.54
"2026-02-06 15:25:00",544302,13.42,37.05,748.4,29.48,27.17
"2026-02-06 15:30:00",544303,13.4,37.09,748.3,29.89,26.83
"2026-02-06 15:35:00",544304,13.4,37.18,748.2,30.04,26.46
"2026-02-06 15:40:00",544305,13.4,37.37,748,31.15,24.35
"2026-02-06 15:45:00",544306,13.4,37.78,748,31.5,24.2
"2026-02-06 15:50:00",544307,13.4,38.09,748,29.61,27.74
"2026-02-06 15:55:00",544308,13.4,37.98,747.9,28.21,29.07
"2026-02-06 16:00:00",544309,13.4,37.51,747.9,28.22,29.78
"2026-02-06 16:05:00",544310,13.4,36.94,747.9,28.18,28.79
"2026-02-06 16:10:00",544311,13.39,36.44,747.9,29.21,27.43
"2026-02-06 16:15:00",544312,13.4,36.18,747.9,28.56,28.55
"2026-02-06 16:20:00",544313,13.39,35.96,747.8,28.45,29.8
"2026-02-06 16:25:00",544314,13.4,35.69,747.6,28.74,28.83
"2026-02-06 16:30:00",544315,13.4,35.4,747.6,27.84,31.62
"2026-02-06 16:35:00",544316,13.39,34.99,747.7,27.68,30.73
"2026-02-06 16:40:00",544317,13.4,34.61,747.7,27.76,30.73
"2026-02-06 16:45:00",544318,13.39,34.24,747.8,26.75,33.21
"2026-02-06 16:50:00",544319,13.39,33.85,747.9,26.44,36.37
"2026-02-06 16:55:00",544320,13.42,33.46,748.1,26.01,37.69
"2026-02-06 17:00:00",544321,13.42,33.06,748.3,26.36,36.32
"2026-02-06 17:05:00",544322,13.42,32.7,748.4,26.15,33.7
"2026-02-06 17:10:00",544323,13.41,32.3,748.5,25.29,35.62
"2026-02-06 17:15:00",544324,13.44,31.86,748.4,24.91,35.52
"2026-02-06 17:20:00",544325,13.44,31.3,748.3,24.81,35.51
"2026-02-06 17:25:00",544326,13.41,30.28,748.3,24.42,36.24
"2026-02-06 17:30:00",544327,13.34,29.49,748.3,24.12,37.17
"2026-02-06 17:35:00",544328,13.22,28.86,748.4,23.79,37.1
"2026-02-06 17:40:00",544329,13.13,28.32,748.5,23.62,37.31
"2026-02-06 17:45:00",544330,13.08,27.87,748.6,23.62,38.17
"2026-02-06 17:50:00",544331,13.07,27.49,748.7,23.88,37.93
"2026-02-06 17:55:00",544332,13.07,27.23,748.8,24.11,37.43
"2026-02-06 18:00:00",544333,13.07,27.05,748.9,23.99,37.09
"2026-02-06 18:05:00",544334,13.07,26.86,749.1,23.72,36.6
"2026-02-06 18:10:00",544335,13.05,26.7,749.1,22.67,42.15
"2026-02-06 18:15:00",544336,13.03,26.52,749.2,22.85,42.07
"2026-02-06 18:20:00",544337,13.02,26.29,749.2,22.42,45.7
"2026-02-06 18:25:00",544338,13,26.05,749.2,22.26,45.29
"2026-02-06 18:30:00",544339,12.99,25.82,749.3,22.23,44.68
"2026-02-06 18:35:00",544340,12.97,25.58,749.4,21.46,42.5
"2026-02-06 18:40:00",544341,12.95,25.34,749.2,21.13,42.49
"2026-02-06 18:45:00",544342,12.92,25.01,749.3,20.76,43.48
"2026-02-06 18:50:00",544343,12.9,24.68,749.3,20.24,44.57
"2026-02-06 18:55:00",544344,12.88,24.34,749.5,19.93,46.35
"2026-02-06 19:00:00",544345,12.86,24,749.6,19.96,46.89
"2026-02-06 19:05:00",544346,12.85,23.7,749.6,19.83,47.92
"2026-02-06 19:10:00",544347,12.84,23.36,749.6,19.92,47.52
"2026-02-06 19:15:00",544348,12.84,23.1,749.7,19.87,47.83
"2026-02-06 19:20:00",544349,12.84,22.88,749.8,19.77,48.86
"2026-02-06 19:25:00",544350,12.84,22.75,749.9,19.62,49.75
"2026-02-06 19:30:00",544351,12.83,22.66,750,20.25,47.25
"2026-02-06 19:35:00",544352,12.83,22.61,750.1,20.57,46.3
"2026-02-06 19:40:00",544353,12.83,22.59,750,20.77,45.37
"2026-02-06 19:45:00",544354,12.83,22.61,750,20.91,44.94
"2026-02-06 19:50:00",544355,12.83,22.63,750.1,20.9,44.81
"2026-02-06 19:55:00",544356,12.82,22.66,750.2,21.04,44.92
"2026-02-06 20:00:00",544357,12.82,22.71,750.3,20.72,47.15
"2026-02-06 20:05:00",544358,12.82,22.76,750.3,20.87,46.66
"2026-02-06 20:10:00",544359,12.82,22.76,750.4,21.01,49.05
"2026-02-06 20:15:00",544360,12.82,22.78,750.5,20.85,52.33
"2026-02-06 20:20:00",544361,12.82,22.78,750.6,20.67,52.99
"2026-02-06 20:25:00",544362,12.82,22.73,750.7,20.52,54.64
"2026-02-06 20:30:00",544363,12.82,22.72,750.9,20.56,51.38
"2026-02-06 20:35:00",544364,12.81,22.68,751,20.48,53.96
"2026-02-06 20:40:00",544365,12.81,22.6,751,20.41,51.14
"2026-02-06 20:45:00",544366,12.81,22.53,751.2,19.86,53.5
"2026-02-06 20:50:00",544367,12.81,22.43,751.3,19.77,53.76
"2026-02-06 20:55:00",544368,12.81,22.34,751.3,19.92,52.01
"2026-02-06 21:00:00",544369,12.8,22.29,751.3,20.11,52.32
"2026-02-06 21:05:00",544370,12.8,22.24,751.5,20.06,52.16
"2026-02-06 21:10:00",544371,12.8,22.18,751.6,20.1,51.85
"2026-02-06 21:15:00",544372,12.8,22.14,751.7,20.28,51.66
"2026-02-06 21:20:00",544373,12.8,22.12,751.8,20.28,49.81
"2026-02-06 21:25:00",544374,12.8,22.14,751.9,20.32,50.47
"2026-02-06 21:30:00",544375,12.8,22.05,752,20.36,50.95
"2026-02-06 21:35:00",544376,12.8,22.01,752.2,20.14,52.01
"2026-02-06 21:40:00",544377,12.8,21.97,752.2,20.16,51.67
"2026-02-06 21:45:00",544378,12.8,21.93,752.3,20.13,52.88
"2026-02-06 21:50:00",544379,12.8,21.82,752.3,20.15,52.98
"2026-02-06 21:55:00",544380,12.8,21.75,752.2,20.2,51.86
"2026-02-06 22:00:00",544381,12.8,21.69,752.2,19.92,54.56
"2026-02-06 22:05:00",544382,12.8,21.6,752.3,19.68,56.49
"2026-02-06 22:10:00",544383,12.79,21.53,752.4,19.3,58.24
"2026-02-06 22:15:00",544384,12.79,21.46,752.5,19.56,57.49
"2026-02-06 22:20:00",544385,12.79,21.41,752.5,19.68,57.04
"2026-02-06 22:25:00",544386,12.79,21.39,752.5,19.54,57.12
"2026-02-06 22:30:00",544387,12.79,21.37,752.6,19.44,56.76
"2026-02-06 22:35:00",544388,12.79,21.34,752.7,19.46,56.86
"2026-02-06 22:40:00",544389,12.79,21.32,752.7,19.5,57.81
"2026-02-06 22:45:00",544390,12.79,21.31,752.8,19.49,57.2
"2026-02-06 22:50:00",544391,12.79,21.33,752.9,19.61,55.13
"2026-02-06 22:55:00",544392,12.79,21.35,753,19.67,55.6
"2026-02-06 23:00:00",544393,12.79,21.27,752.9,18.77,71.24
"2026-02-06 23:05:00",544394,12.78,20.82,752.9,17.32,76.4
"2026-02-06 23:10:00",544395,12.78,20.18,752.8,17.31,76.23
"2026-02-06 23:15:00",544396,12.78,19.63,752.9,17.49,72.32
"2026-02-06 23:20:00",544397,12.77,19.17,753,17.57,74.06
"2026-02-06 23:25:00",544398,12.77,18.9,753.1,17.97,72.62
"2026-02-06 23:30:00",544399,12.77,18.75,753.1,17.81,74.25
"2026-02-06 23:35:00",544400,12.77,18.67,753.1,17.92,74.3
"2026-02-06 23:40:00",544401,12.77,18.66,753.2,18.23,72.03
"2026-02-06 23:45:00",544402,12.77,18.69,753.5,17.93,74.22
"2026-02-06 23:50:00",544403,12.77,18.61,753.5,17.34,75.87
"2026-02-06 23:55:00",544404,12.76,18.4,753.5,17.23,75.73
"2026-02-07 00:00:00",544405,12.76,18.21,753.6,17.07,76
"2026-02-07 00:05:00",544406,12.76,18.04,753.8,18.22,66.25
"2026-02-07 00:10:00",544407,12.76,17.91,753.8,16.09,72.57
"2026-02-07 00:15:00",544408,12.75,17.67,753.9,15.87,77.79
"2026-02-07 00:20:00",544409,12.75,17.41,754.1,15.21,76.28
"2026-02-07 00:25:00",544410,12.75,17.16,754.2,15.03,76.55
"2026-02-07 00:30:00",544411,12.75,16.95,754.1,14.94,77.34
"2026-02-07 00:35:00",544412,12.75,16.77,754.1,14.8,80.8
"2026-02-07 00:40:00",544413,12.74,16.62,754.1,14.89,76.8
"2026-02-07 00:45:00",544414,12.74,16.48,754,15,73.24
"2026-02-07 00:50:00",544415,12.74,16.38,754,14.87,74.91
"2026-02-07 00:55:00",544416,12.74,16.31,754,14.71,76.12
"2026-02-07 01:00:00",544417,12.73,16.24,754,14.8,74.25
"2026-02-07 01:05:00",544418,12.73,16.16,753.9,14.89,74.15
"2026-02-07 01:10:00",544419,12.73,16.14,753.9,15.12,73.51
"2026-02-07 01:15:00",544420,12.73,16.17,753.9,15.08,74.81
"2026-02-07 01:20:00",544421,12.72,16.21,753.8,14.89,75.45
"2026-02-07 01:25:00",544422,12.72,16.26,753.8,14.76,77.16
"2026-02-07 01:30:00",544423,12.72,16.32,753.7,14.55,77.48
"2026-02-07 01:35:00",544424,12.72,16.32,753.7,14.6,77.86
"2026-02-07 01:40:00",544425,12.72,16.33,753.7,14.69,77.15
"2026-02-07 01:45:00",544426,12.71,16.39,753.6,14.88,76.29
"2026-02-07 01:50:00",544427,12.71,16.43,753.5,14.82,77.4
"2026-02-07 01:55:00",544428,12.71,16.49,753.5,14.86,77.91
"2026-02-07 02:00:00",544429,12.7,16.56,753.4,14.91,76.46
"2026-02-07 02:05:00",544430,12.7,16.6,753.5,14.7,77.24
"2026-02-07 02:10:00",544431,12.7,16.66,753.5,14.79,76.7
"2026-02-07 02:15:00",544432,12.7,16.69,753.4,14.93,76.8
"2026-02-07 02:20:00",544433,12.7,16.71,753.5,14.97,75.66
"2026-02-07 02:25:00",544434,12.69,16.75,753.5,15.08,74.75
"2026-02-07 02:30:00",544435,12.69,16.81,753.5,15.13,74.23
"2026-02-07 02:35:00",544436,12.69,16.86,753.4,15.2,75.03
"2026-02-07 02:40:00",544437,12.69,16.9,753.4,15.33,74.18
"2026-02-07 02:45:00",544438,12.68,16.95,753.4,15.48,75.09
"2026-02-07 02:50:00",544439,12.68,17,753.3,15.52,74.3
"2026-02-07 02:55:00",544440,12.69,17.05,753.3,15.5,74.27
"2026-02-07 03:00:00",544441,12.69,17.03,753.4,15.6,73.44
"2026-02-07 03:05:00",544442,12.69,17.01,753.3,15.64,73.79
"2026-02-07 03:10:00",544443,12.69,17,753.3,15.48,73.96
"2026-02-07 03:15:00",544444,12.69,16.87,753.3,15.58,74.91
"2026-02-07 03:20:00",544445,12.69,16.81,753.3,15.53,78.8
"2026-02-07 03:25:00",544446,12.68,16.76,753.3,15.3,82.3
"2026-02-07 03:30:00",544447,12.68,16.69,753.4,14.86,84.9
"2026-02-07 03:35:00",544448,12.68,16.61,753.3,14.86,85.5
"2026-02-07 03:40:00",544449,12.67,16.56,753.3,14.81,85.3
"2026-02-07 03:45:00",544450,12.67,16.51,753.2,14.86,83.7
"2026-02-07 03:50:00",544451,12.67,16.46,753.2,14.89,83.9
"2026-02-07 03:55:00",544452,12.66,16.41,753.1,14.97,82.8
"2026-02-07 04:00:00",544453,12.66,16.37,753.1,14.92,83
"2026-02-07 04:05:00",544454,12.65,16.29,752.9,14.73,78.99
"2026-02-07 04:10:00",544455,12.65,16.2,752.7,14.74,80.7
"2026-02-07 04:15:00",544456,12.64,16.13,752.7,14.65,81.6
"2026-02-07 04:20:00",544457,12.64,16.04,752.8,14.56,81.7
"2026-02-07 04:25:00",544458,12.64,15.92,752.8,14.69,80.2
"2026-02-07 04:30:00",544459,12.64,15.8,752.9,14.7,80.3
"2026-02-07 04:35:00",544460,12.63,15.69,752.9,14.69,82.1
"2026-02-07 04:40:00",544461,12.63,15.6,753.1,14.53,83.3
"2026-02-07 04:45:00",544462,12.63,15.52,753.1,14.48,83.3
"2026-02-07 04:50:00",544463,12.62,15.46,753.1,14.65,84.1
"2026-02-07 04:55:00",544464,12.62,15.39,753.1,14.73,82.6
"2026-02-07 05:00:00",544465,12.62,15.34,753.2,14.69,83.1
"2026-02-07 05:05:00",544466,12.62,15.28,753.2,14.59,84.7
"2026-02-07 05:10:00",544467,12.61,15.22,753.3,14.46,84.2
"2026-02-07 05:15:00",544468,12.61,15.21,753.3,14.43,84.9
"2026-02-07 05:20:00",544469,12.61,15.2,753.3,14.36,84.2
"2026-02-07 05:25:00",544470,12.6,15.21,753.4,14.43,82.9
"2026-02-07 05:30:00",544471,12.6,15.22,753.5,14.39,82.8
"2026-02-07 05:35:00",544472,12.6,15.15,753.5,14.31,82.8
"2026-02-07 05:40:00",544473,12.6,15.12,753.6,14.31,82.6
"2026-02-07 05:45:00",544474,12.6,15.1,753.6,14.38,83.1
"2026-02-07 05:50:00",544475,12.6,14.81,753.6,14.36,83.2
"2026-02-07 05:55:00",544476,12.6,14.69,753.6,14.21,82
"2026-02-07 06:00:00",544477,12.6,14.61,753.6,14.19,82
"2026-02-07 06:05:00",544478,12.59,14.56,753.7,14.17,85.9
"2026-02-07 06:10:00",544479,12.6,14.63,753.7,14.11,86.2
"2026-02-07 06:15:00",544480,12.6,14.66,753.7,14.11,85.6
"2026-02-07 06:20:00",544481,12.62,14.68,753.7,14.17,84.7
"2026-02-07 06:25:00",544482,12.65,14.72,753.6,14.27,85.1
"2026-02-07 06:30:00",544483,12.71,14.79,753.7,14.25,85.8
"2026-02-07 06:35:00",544484,12.83,14.91,753.9,14.43,85.7
"2026-02-07 06:40:00",544485,12.98,15.08,753.9,14.64,84.9
"2026-02-07 06:45:00",544486,13.16,15.3,754,14.41,85.3
"2026-02-07 06:50:00",544487,13.35,15.52,754.1,14.7,84.7
"2026-02-07 06:55:00",544488,13.42,15.71,754.2,14.81,83.5
"2026-02-07 07:00:00",544489,13.45,15.88,754.3,14.97,83
"2026-02-07 07:05:00",544490,13.44,16.01,754.4,15.25,82.3
"2026-02-07 07:10:00",544491,13.51,16.16,754.5,15.09,82.4
"2026-02-07 07:15:00",544492,13.53,16.33,754.6,15.36,82.7
"2026-02-07 07:20:00",544493,13.58,16.53,754.7,15.4,82.3
"2026-02-07 07:25:00",544494,13.63,16.76,754.7,15.56,81.2
"2026-02-07 07:30:00",544495,13.66,16.99,754.8,15.78,80.3
"2026-02-07 07:35:00",544496,13.66,17.21,754.9,16.01,78.23
"2026-02-07 07:40:00",544497,13.79,17.9,754.9,16.43,77.18
"2026-02-07 07:45:00",544498,13.79,19.11,754.9,17.35,72.35
"2026-02-07 07:50:00",544499,13.76,19.69,754.9,17.01,73.23
"2026-02-07 07:55:00",544500,13.76,20.13,755,16.84,74.88
"2026-02-07 08:00:00",544501,13.76,20.43,755,16.32,74.87
"2026-02-07 08:05:00",544502,13.73,20.63,755.1,16.76,72.61
"2026-02-07 08:10:00",544503,13.73,20.38,755.1,17.02,73.52
"2026-02-07 08:15:00",544504,13.73,20.61,755.1,16.2,74.19
"2026-02-07 08:20:00",544505,13.74,20.86,755.1,16.31,75.09
"2026-02-07 08:25:00",544506,13.74,20.98,755.2,16.54,74
"2026-02-07 08:30:00",544507,13.74,21.08,755.2,16.95,75.02
"2026-02-07 08:35:00",544508,13.74,21.21,755.2,17.09,72.27
"2026-02-07 08:40:00",544509,13.71,21.36,755.2,17.13,71.71
"2026-02-07 08:45:00",544510,13.71,21.48,755.2,16.73,72.18
"2026-02-07 08:50:00",544511,13.71,21.56,755.2,16.96,71.99
"2026-02-07 08:55:00",544512,13.71,21.6,755.3,17.1,72.59
"2026-02-07 09:00:00",544513,13.71,21.68,755.3,17.09,72.5
"2026-02-07 09:05:00",544514,13.71,21.77,755.3,16.86,73.57
"2026-02-07 09:10:00",544515,13.71,21.99,755.2,17.63,72.35
"2026-02-07 09:15:00",544516,13.72,22.5,755.3,18.47,66.53
"2026-02-07 09:20:00",544517,13.69,23.19,755.4,17.97,67.68
"2026-02-07 09:25:00",544518,13.69,23.67,755.4,18.09,67.11
"2026-02-07 09:30:00",544519,13.66,23.99,755.4,18.02,67.92
"2026-02-07 09:35:00",544520,13.66,24.26,755.4,19.36,62.54
"2026-02-07 09:40:00",544521,13.66,24.71,755.3,20.36,57.98
"2026-02-07 09:45:00",544522,13.63,25.31,755.3,20.46,56.49
"2026-02-07 09:50:00",544523,13.63,25.99,755.3,20.42,58.69
"2026-02-07 09:55:00",544524,13.61,26.49,755.4,19.17,61.04
"2026-02-07 10:00:00",544525,13.61,26.73,755.3,19.75,58.31
"2026-02-07 10:05:00",544526,13.61,26.93,755.2,20.25,58.05
"2026-02-07 10:10:00",544527,13.61,27.24,755.2,20.49,53.83
"2026-02-07 10:15:00",544528,13.61,27.57,755.2,20.3,55.88
"2026-02-07 10:20:00",544529,13.58,27.91,755.2,21.1,54.11
"2026-02-07 10:25:00",544530,13.58,28.38,755.2,21.43,53.13
"2026-02-07 10:30:00",544531,13.56,28.68,755.1,20.88,53.83
"2026-02-07 10:35:00",544532,13.56,28.68,755.2,20.22,56.42
"2026-02-07 10:40:00",544533,13.56,28.45,755.2,20.23,55.78
"2026-02-07 10:45:00",544534,13.55,28.12,755.2,19.79,56.79
"2026-02-07 10:50:00",544535,13.56,27.72,755.2,20.04,56.39
"2026-02-07 10:55:00",544536,13.56,27.4,755.2,20.37,56.41
"2026-02-07 11:00:00",544537,13.56,27.14,755.2,19.78,57.49
"2026-02-07 11:05:00",544538,13.56,26.83,755.1,19.48,59.33
"2026-02-07 11:10:00",544539,13.55,26.48,755.2,19.3,59.94
"2026-02-07 11:15:00",544540,13.56,26.01,755.2,19.08,60.54
"2026-02-07 11:20:00",544541,13.58,25.55,755.2,18.8,61.91
"2026-02-07 11:25:00",544542,13.41,24.32,755.4,18.79,67.82
"2026-02-07 11:30:00",544543,13.53,23.24,755.5,15.96,82.5
"2026-02-07 11:35:00",544544,13.69,22.59,755.4,15.17,90.5
"2026-02-07 11:40:00",544545,13.69,22.06,755.3,15.14,87.9
"2026-02-07 11:45:00",544546,13.69,21.45,755.3,15.36,88
"2026-02-07 11:50:00",544547,13.69,20.95,755.2,15.6,88.3
"2026-02-07 11:55:00",544548,13.69,20.6,755.3,15.74,85.2
"2026-02-07 12:00:00",544549,13.69,20.4,755.2,16.15,84.8
"2026-02-07 12:05:00",544550,13.69,20.39,755.1,17.59,82.5
"2026-02-07 12:10:00",544551,13.69,20.55,755.1,18.64,79.33
"2026-02-07 12:15:00",544552,13.69,20.9,754.9,19.77,67.82
"2026-02-07 12:20:00",544553,13.69,21.35,754.8,19.26,68.17
"2026-02-07 12:25:00",544554,13.69,21.79,754.8,19.24,73.44
"2026-02-07 12:30:00",544555,13.7,22.35,754.7,18.62,70.13
"2026-02-07 12:35:00",544556,13.7,22.86,754.7,19.12,70.2
"2026-02-07 12:40:00",544557,13.7,23.38,754.6,19.58,70.2
"2026-02-07 12:45:00",544558,13.67,23.9,754.5,19.7,67.61
"2026-02-07 12:50:00",544559,13.67,24.31,754.3,19.37,62.21
"2026-02-07 12:55:00",544560,13.67,24.9,754.3,19.05,66.01
"2026-02-07 13:00:00",544561,13.64,25.16,754.2,19.42,69.03
"2026-02-07 13:05:00",544562,13.64,25.39,754.1,19.45,61.21
"2026-02-07 13:10:00",544563,13.64,25.53,754,20,61.29
"2026-02-07 13:15:00",544564,13.64,25.75,753.7,19.86,62.09
"2026-02-07 13:20:00",544565,13.61,25.88,753.7,19.29,58.48
"2026-02-07 13:25:00",544566,13.61,25.93,753.6,19.63,56.98
"2026-02-07 13:30:00",544567,13.61,25.97,753.5,19.91,55.82
"2026-02-07 13:35:00",544568,13.61,26.03,753.3,20.9,55.29
"2026-02-07 13:40:00",544569,13.62,26.21,753.1,21.84,54.46
"2026-02-07 13:45:00",544570,13.62,26.5,753,21.91,52.29
"2026-02-07 13:50:00",544571,13.61,26.75,753,21.48,51.6
"2026-02-07 13:55:00",544572,13.62,27.03,753,23.16,43.47
"2026-02-07 14:00:00",544573,13.59,27.36,752.9,23.18,44.63
"2026-02-07 14:05:00",544574,13.59,27.77,752.8,23.93,43.53
"2026-02-07 14:10:00",544575,13.59,28.21,752.7,24.33,43.99
"2026-02-07 14:15:00",544576,13.56,28.63,752.6,23.99,43.37
"2026-02-07 14:20:00",544577,13.56,29.04,752.5,24.76,40.59
"2026-02-07 14:25:00",544578,13.56,29.41,752.3,23.63,40.4
"2026-02-07 14:30:00",544579,13.54,29.75,752.4,24.57,40.7
"2026-02-07 14:35:00",544580,13.54,30.05,752.3,24.64,39.33
"2026-02-07 14:40:00",544581,13.54,30.39,752,25.06,37.79
"2026-02-07 14:45:00",544582,13.54,30.66,751.8,23.36,40.18
"2026-02-07 14:50:00",544583,13.52,30.69,751.7,23.17,39.79
"2026-02-07 14:55:00",544584,13.52,30.62,751.6,23.59,40.56
"2026-02-07 15:00:00",544585,13.52,30.57,751.6,23.93,39.09
"2026-02-07 15:05:00",544586,13.52,30.67,751.4,25.04,36.4
"2026-02-07 15:10:00",544587,13.52,30.92,751.3,25.02,35.6
"2026-02-07 15:15:00",544588,13.52,31.2,751.1,24.88,37.01
"2026-02-07 15:20:00",544589,13.52,31.47,751,25.68,35.99
"2026-02-07 15:25:00",544590,13.52,31.75,751.1,25.37,36.83
"2026-02-07 15:30:00",544591,13.49,31.99,751,25.44,38.85
"2026-02-07 15:35:00",544592,13.49,32.18,751,25.53,36.84
"2026-02-07 15:40:00",544593,13.49,32.47,750.8,26.02,35.69
"2026-02-07 15:45:00",544594,13.5,32.74,750.6,24.65,38.47
"2026-02-07 15:50:00",544595,13.5,32.78,750.7,24.65,39
"2026-02-07 15:55:00",544596,13.5,32.56,750.7,23.94,41.68
"2026-02-07 16:00:00",544597,13.49,32.13,750.7,23.63,41.97
"2026-02-07 16:05:00",544598,13.5,31.62,750.7,23.55,42.02
"2026-02-07 16:10:00",544599,13.5,30.99,750.9,22.33,50.96
"2026-02-07 16:15:00",544600,13.44,29.85,750.8,22.01,52.55
"2026-02-07 16:20:00",544601,13.41,28.66,751.1,21.72,53.39
"2026-02-07 16:25:00",544602,13.56,27.79,751.2,20.38,55.09
"2026-02-07 16:30:00",544603,13.68,27.02,751.1,19.7,60.28
"2026-02-07 16:35:00",544604,13.62,26.55,751.4,19.08,66.58
"2026-02-07 16:40:00",544605,13.62,25.72,751.4,19.08,63.4
"2026-02-07 16:45:00",544606,13.62,24.94,751.4,18.57,69.54
"2026-02-07 16:50:00",544607,13.62,24.25,751.4,18.62,67.68
"2026-02-07 16:55:00",544608,13.62,23.75,751.5,18.98,68.5
"2026-02-07 17:00:00",544609,13.62,23.49,751.4,19.21,64.34
"2026-02-07 17:05:00",544610,13.61,23.33,751.3,19.18,61.07
"2026-02-07 17:10:00",544611,13.53,22.78,751.4,19.36,58.74
"2026-02-07 17:15:00",544612,13.56,22.45,751.4,19.42,55.1
"2026-02-07 17:20:00",544613,13.55,22.35,751.3,19.4,54.42
"2026-02-07 17:25:00",544614,13.51,22.22,751.4,19.44,54.89
"2026-02-07 17:30:00",544615,13.42,22.14,751.5,19.29,54.84
"2026-02-07 17:35:00",544616,13.39,22.03,751.6,19.22,56.24
"2026-02-07 17:40:00",544617,13.35,21.96,751.6,19.18,58.4
"2026-02-07 17:45:00",544618,13.3,21.92,751.6,18.57,63.79
"2026-02-07 17:50:00",544619,13.26,21.81,751.6,18.58,63.46
"2026-02-07 17:55:00",544620,13.2,21.7,751.6,18.55,62.35
"2026-02-07 18:00:00",544621,13.14,21.58,751.7,18.87,61.38
"2026-02-07 18:05:00",544622,13.08,21.44,751.7,18.9,59.79
"2026-02-07 18:10:00",544623,13.02,21.36,751.8,18.8,59.83
"2026-02-07 18:15:00",544624,12.98,21.32,751.9,19.04,61.56
"2026-02-07 18:20:00",544625,12.95,21.27,752,19.13,61.97
"2026-02-07 18:25:00",544626,12.94,21.24,751.9,19.16,62.15
"2026-02-07 18:30:00",544627,12.92,21.23,751.9,19.3,61.94
"2026-02-07 18:35:00",544628,12.91,21.13,751.9,19.22,63.33
"2026-02-07 18:40:00",544629,12.89,21.07,751.9,19.21,62.7
"2026-02-07 18:45:00",544630,12.88,21.07,751.9,19.1,59.46
"2026-02-07 18:50:00",544631,12.87,21.03,751.9,18.98,59.86
"2026-02-07 18:55:00",544632,12.86,20.97,752.1,18.86,58.96
"2026-02-07 19:00:00",544633,12.86,20.86,752,18.83,60.38
"2026-02-07 19:05:00",544634,12.85,20.74,752,18.58,59.13
"2026-02-07 19:10:00",544635,12.85,20.57,752.1,18.5,59.33
"2026-02-07 19:15:00",544636,12.85,20.42,752.2,18.51,58.54
"2026-02-07 19:20:00",544637,12.85,20.31,752.3,18.6,57.95
"2026-02-07 19:25:00",544638,12.85,20.23,752.4,18.86,58.66
"2026-02-07 19:30:00",544639,12.85,20.22,752.5,18.98,59.46
"2026-02-07 19:35:00",544640,12.85,20.24,752.6,18.96,58.89
"2026-02-07 19:40:00",544641,12.85,20.24,752.7,18.8,59.86
"2026-02-07 19:45:00",544642,12.84,20.25,752.7,18.74,60.12
"2026-02-07 19:50:00",544643,12.84,20.25,752.8,18.92,61.69
"2026-02-07 19:55:00",544644,12.84,20.23,753,18.78,63.62
"2026-02-07 20:00:00",544645,12.84,20.22,753,18.62,62.96
"2026-02-07 20:05:00",544646,12.84,20.21,753,18.67,63.45
"2026-02-07 20:10:00",544647,12.83,20.2,753,18.39,62.56
"2026-02-07 20:15:00",544648,12.84,20.17,753,18.33,63.06
"2026-02-07 20:20:00",544649,12.83,20.1,753,18.55,61.69
"2026-02-07 20:25:00",544650,12.83,20.02,753.2,18.5,62.52
"2026-02-07 20:30:00",544651,12.83,19.93,753.2,18.46,62.6
"2026-02-07 20:35:00",544652,12.83,19.85,753.3,18.31,62.91
"2026-02-07 20:40:00",544653,12.83,19.79,753.4,18.18,60.76
"2026-02-07 20:45:00",544654,12.83,19.75,753.5,18.1,62.22
"2026-02-07 20:50:00",544655,12.83,19.67,753.6,17.81,60.7
"2026-02-07 20:55:00",544656,12.82,19.64,753.8,17.75,61.26
"2026-02-07 21:00:00",544657,12.82,19.59,753.8,17.48,63.28
"2026-02-07 21:05:00",544658,12.82,19.56,753.8,17.38,63.65
"2026-02-07 21:10:00",544659,12.82,19.5,753.9,17.22,66.04
"2026-02-07 21:15:00",544660,12.82,19.43,753.9,16.87,69.83
"2026-02-07 21:20:00",544661,12.82,19.33,754,16.78,72.07
"2026-02-07 21:25:00",544662,12.82,19.22,754.1,16.67,73.45
"2026-02-07 21:30:00",544663,12.82,19.1,754.3,16.58,74.21
"2026-02-07 21:35:00",544664,12.82,18.92,754.3,16.56,75.22
"2026-02-07 21:40:00",544665,12.81,18.78,754.3,16.48,74.9
"2026-02-07 21:45:00",544666,12.81,18.67,754.3,16.54,74.03
"2026-02-07 21:50:00",544667,12.81,18.58,754.4,16.5,74.13
"2026-02-07 21:55:00",544668,12.81,18.47,754.6,16.48,73.45
"2026-02-07 22:00:00",544669,12.81,18.37,754.6,16.5,73.39
"2026-02-07 22:05:00",544670,12.81,18.28,754.6,16.57,72.66
"2026-02-07 22:10:00",544671,12.81,18.22,754.7,16.54,74.43
"2026-02-07 22:15:00",544672,12.8,18.15,754.7,16.55,73.14
"2026-02-07 22:20:00",544673,12.8,18.09,754.8,16.71,72.4
"2026-02-07 22:25:00",544674,12.8,18.04,754.8,16.75,71.95
"2026-02-07 22:30:00",544675,12.8,17.98,754.7,16.71,71.57
"2026-02-07 22:35:00",544676,12.8,17.93,754.7,16.81,71.36
"2026-02-07 22:40:00",544677,12.79,17.89,754.7,16.79,72.85
"2026-02-07 22:45:00",544678,12.79,17.86,754.8,16.67,73.45
"2026-02-07 22:50:00",544679,12.79,17.8,754.8,16.58,73.61
"2026-02-07 22:55:00",544680,12.79,17.79,754.8,16.67,73.28
"2026-02-07 23:00:00",544681,12.79,17.75,754.9,16.62,73.56
"2026-02-07 23:05:00",544682,12.79,17.7,754.9,16.54,74.03
"2026-02-07 23:10:00",544683,12.79,17.67,755,16.44,74.04
"2026-02-07 23:15:00",544684,12.78,17.63,754.9,16.44,73.15
"2026-02-07 23:20:00",544685,12.78,17.58,755,16.38,73.45
"2026-02-07 23:25:00",544686,12.78,17.52,755,16.63,74.33
"2026-02-07 23:30:00",544687,12.78,17.48,755,16.54,74.79
"2026-02-07 23:35:00",544688,12.78,17.41,755,16.34,75.8
"2026-02-07 23:40:00",544689,12.78,17.35,754.9,16.16,76.67
"2026-02-07 23:45:00",544690,12.77,17.31,754.8,16.05,76.9
"2026-02-07 23:50:00",544691,12.77,17.24,754.8,16.03,77.85
"2026-02-07 23:55:00",544692,12.77,17.19,754.7,16.02,78.77
"2026-02-08 00:00:00",544693,12.77,17.16,754.8,16.01,78.96
"2026-02-08 00:05:00",544694,12.77,17.14,754.7,16.04,78.8
"2026-02-08 00:10:00",544695,12.77,17.13,754.7,16.02,78.1
"2026-02-08 00:15:00",544696,12.77,16.97,754.6,16,76.89
"2026-02-08 00:20:00",544697,12.77,16.92,754.5,15.83,78.03
"2026-02-08 00:25:00",544698,12.76,16.87,754.5,15.88,78.13
"2026-02-08 00:30:00",544699,12.76,16.84,754.5,15.87,77.98
"2026-02-08 00:35:00",544700,12.76,16.77,754.4,15.82,78.67
"2026-02-08 00:40:00",544701,12.76,16.76,754.3,16.01,78.91
"2026-02-08 00:45:00",544702,12.76,16.78,754.2,16.08,79.51
"2026-02-08 00:50:00",544703,12.75,16.81,754.1,16.06,79.59
"2026-02-08 00:55:00",544704,12.75,16.8,754.1,15.98,80.8
"2026-02-08 01:00:00",544705,12.75,16.8,754,15.91,81.5
"2026-02-08 01:05:00",544706,12.75,16.78,753.9,15.86,82.1
"2026-02-08 01:10:00",544707,12.75,16.74,753.9,15.81,82.4
"2026-02-08 01:15:00",544708,12.74,16.71,753.9,15.76,82.5
"2026-02-08 01:20:00",544709,12.74,16.66,753.8,15.69,83.1
"2026-02-08 01:25:00",544710,12.74,16.59,753.8,15.58,83.5
"2026-02-08 01:30:00",544711,12.74,16.47,753.7,15.6,84.2
"2026-02-08 01:35:00",544712,12.73,16.4,753.7,15.36,84.8
"2026-02-08 01:40:00",544713,12.73,16.32,753.7,15.3,85.5
"2026-02-08 01:45:00",544714,12.73,16.25,753.6,15.37,85.5
"2026-02-08 01:50:00",544715,12.73,16.22,753.5,15.42,84.9
"2026-02-08 01:55:00",544716,12.73,16.18,753.5,15.45,84.6
"2026-02-08 02:00:00",544717,12.72,16.19,753.4,15.41,84.4
"2026-02-08 02:05:00",544718,12.72,16.24,753.3,15.36,85.2
"2026-02-08 02:10:00",544719,12.72,16.24,753.3,15.26,84.4
"2026-02-08 02:15:00",544720,12.72,16.25,753.2,15.18,84.6
"2026-02-08 02:20:00",544721,12.71,16.23,753.3,15.11,84.9
"2026-02-08 02:25:00",544722,12.71,16.17,753.3,15.2,85.2
"2026-02-08 02:30:00",544723,12.71,16.15,753.2,15.15,84.8
"2026-02-08 02:35:00",544724,12.7,16.13,753.2,15.17,85.3
"2026-02-08 02:40:00",544725,12.7,16.11,753.2,15.28,84.8
"2026-02-08 02:45:00",544726,12.7,16.1,753.1,15.32,85.1
"2026-02-08 02:50:00",544727,12.7,16.07,753.1,15.14,86
"2026-02-08 02:55:00",544728,12.69,16.02,753,15.01,86.4
"2026-02-08 03:00:00",544729,12.69,15.98,752.9,15,86.2
"2026-02-08 03:05:00",544730,12.69,15.84,752.8,15,86.2
"2026-02-08 03:10:00",544731,12.69,15.76,752.7,14.89,85.2
"2026-02-08 03:15:00",544732,12.68,15.68,752.7,14.76,81.9
"2026-02-08 03:20:00",544733,12.68,15.61,752.7,14.74,82.7
"2026-02-08 03:25:00",544734,12.67,15.51,752.7,14.68,82.3
"2026-02-08 03:30:00",544735,12.67,15.44,752.7,14.81,82.5
"2026-02-08 03:35:00",544736,12.67,15.38,752.7,15.08,83.5
"2026-02-08 03:40:00",544737,12.66,15.4,752.7,15.12,83.9
"2026-02-08 03:45:00",544738,12.66,15.44,752.7,15.04,84.7
"2026-02-08 03:50:00",544739,12.66,15.46,752.8,14.81,86.3
"2026-02-08 03:55:00",544740,12.66,15.45,752.7,14.61,87.9
"2026-02-08 04:00:00",544741,12.65,15.45,752.7,14.46,88.7
"2026-02-08 04:05:00",544742,12.65,15.4,752.7,14.39,89.3
"2026-02-08 04:10:00",544743,12.64,15.36,752.8,14.47,88.9
"2026-02-08 04:15:00",544744,12.64,15.32,752.8,14.47,88.8
"2026-02-08 04:20:00",544745,12.64,15.29,752.8,14.42,89
"2026-02-08 04:25:00",544746,12.63,15.27,752.8,14.33,89.1
"2026-02-08 04:30:00",544747,12.63,15.27,752.9,14.36,89.2
"2026-02-08 04:35:00",544748,12.62,15.26,752.9,14.28,89.2
"2026-02-08 04:40:00",544749,12.61,15.23,752.9,14.23,89.1
"2026-02-08 04:45:00",544750,12.61,15.2,752.9,14.26,88.8
"2026-02-08 04:50:00",544751,12.61,15.16,752.9,14.35,88.4
"2026-02-08 04:55:00",544752,12.61,15.13,752.9,14.49,87.1
"2026-02-08 05:00:00",544753,12.6,15.14,752.9,14.61,86.7
"2026-02-08 05:05:00",544754,12.6,15.11,752.9,14.67,86.9
"2026-02-08 05:10:00",544755,12.59,15.1,752.9,14.67,86.7
"2026-02-08 05:15:00",544756,12.59,15.09,752.9,14.64,86.8
"2026-02-08 05:20:00",544757,12.58,15.07,752.9,14.51,87.9
"2026-02-08 05:25:00",544758,12.58,15.08,752.9,14.37,88.5
"2026-02-08 05:30:00",544759,12.58,15.07,752.9,14.21,89.2
"2026-02-08 05:35:00",544760,12.57,15.04,753,14.11,89.7
"2026-02-08 05:40:00",544761,12.57,14.98,753,14.01,90.2
"2026-02-08 05:45:00",544762,12.57,14.9,753,13.93,90.3
"2026-02-08 05:50:00",544763,12.58,14.86,753.1,13.91,90.4
"2026-02-08 05:55:00",544764,12.58,14.75,753.1,13.87,90.5
"2026-02-08 06:00:00",544765,12.58,14.65,753.1,13.77,91
"2026-02-08 06:05:00",544766,12.57,14.57,753.1,13.79,90.7
"2026-02-08 06:10:00",544767,12.57,14.51,753.2,13.8,90.3
"2026-02-08 06:15:00",544768,12.58,14.51,753.3,13.91,90.1
"2026-02-08 06:20:00",544769,12.59,14.49,753.4,14,89.6
"2026-02-08 06:25:00",544770,12.61,14.5,753.5,14.14,89.2
"2026-02-08 06:30:00",544771,12.63,14.53,753.6,14.17,89
"2026-02-08 06:35:00",544772,12.66,14.65,753.7,14.08,88.8
"2026-02-08 06:40:00",544773,12.7,14.74,753.8,14.03,88.7
"2026-02-08 06:45:00",544774,12.75,14.87,753.8,14.14,88.6
"2026-02-08 06:50:00",544775,12.81,15,754,14.27,87.7
"2026-02-08 06:55:00",544776,12.87,15.15,754.1,14.41,87.1
"2026-02-08 07:00:00",544777,12.93,15.28,754.2,14.5,86.2
"2026-02-08 07:05:00",544778,13.05,15.46,754.2,14.56,86.1
"2026-02-08 07:10:00",544779,13.17,15.67,754.3,14.57,86.4
"2026-02-08 07:15:00",544780,13.28,15.87,754.3,14.65,87.3
"2026-02-08 07:20:00",544781,13.37,16.09,754.3,14.52,87.6
"2026-02-08 07:25:00",544782,13.41,16.29,754.4,14.65,87.5
"2026-02-08 07:30:00",544783,13.45,16.45,754.5,14.73,87.1
"2026-02-08 07:35:00",544784,13.49,16.66,754.5,14.69,86.5
"2026-02-08 07:40:00",544785,13.54,16.9,754.6,14.93,86
"2026-02-08 07:45:00",544786,13.61,17.18,754.6,15.37,84.5
"2026-02-08 07:50:00",544787,13.64,17.47,754.7,15.65,83.4
"2026-02-08 07:55:00",544788,13.74,17.78,754.7,15.68,82.1
"2026-02-08 08:00:00",544789,13.76,18.49,754.7,15.8,81.8
"2026-02-08 08:05:00",544790,13.76,19.63,754.7,16.31,79.05
"2026-02-08 08:10:00",544791,13.76,20.3,754.8,16.88,78
"2026-02-08 08:15:00",544792,13.73,20.89,754.9,17.27,76.16
"2026-02-08 08:20:00",544793,13.73,21.51,754.9,17.63,73.01
"2026-02-08 08:25:00",544794,13.71,22.2,754.9,18.63,68.73
"2026-02-08 08:30:00",544795,13.7,22.8,755,17.35,72.44
"2026-02-08 08:35:00",544796,13.68,23.1,755,17.95,71.14
"2026-02-08 08:40:00",544797,13.68,23.39,755.1,18.59,68
"2026-02-08 08:45:00",544798,13.68,23.8,755,20.03,63.71
"2026-02-08 08:50:00",544799,13.65,24.32,755.1,19.66,64.75
"2026-02-08 08:55:00",544800,13.65,24.81,755.1,19.53,66.45
"2026-02-08 09:00:00",544801,13.65,25.12,755.1,19.47,65.7
"2026-02-08 09:05:00",544802,13.63,25.39,755.1,19.42,62.85
"2026-02-08 09:10:00",544803,13.62,25.65,755.1,19.2,66.07
"2026-02-08 09:15:00",544804,13.63,25.88,755.1,19.6,63.96
"2026-02-08 09:20:00",544805,13.63,26.16,755.1,20.15,61.92
"2026-02-08 09:25:00",544806,13.6,26.47,755.1,19.65,62.35
"2026-02-08 09:30:00",544807,13.6,26.74,755.1,20.43,59.45
"2026-02-08 09:35:00",544808,13.6,27,755,19.64,62.05
"2026-02-08 09:40:00",544809,13.6,27.12,755,19.92,63.36
"2026-02-08 09:45:00",544810,13.6,27.21,755,20.52,58.86
"2026-02-08 09:50:00",544811,13.6,27.34,754.9,20.1,60.89
"2026-02-08 09:55:00",544812,13.6,27.56,754.9,21.09,57.54
"2026-02-08 10:00:00",544813,13.6,28.01,754.9,21.67,54.81
"2026-02-08 10:05:00",544814,13.58,28.56,754.9,20.8,56.48
"2026-02-08 10:10:00",544815,13.58,29.11,754.8,22.35,53.82
"2026-02-08 10:15:00",544816,13.55,29.7,754.8,22.48,52.8
"2026-02-08 10:20:00",544817,13.55,30.23,754.7,22.53,53.66
"2026-02-08 10:25:00",544818,13.53,30.64,754.7,21.57,54.55
"2026-02-08 10:30:00",544819,13.53,30.88,754.6,22.47,53.05
"2026-02-08 10:35:00",544820,13.53,31,754.7,21.24,53.29
"2026-02-08 10:40:00",544821,13.53,30.88,754.7,21.19,53.69
"2026-02-08 10:45:00",544822,13.53,30.67,754.6,20.97,54.03
"2026-02-08 10:50:00",544823,13.53,30.53,754.6,21.21,53.75
"2026-02-08 10:55:00",544824,13.53,30.57,754.4,22.35,51.09
"2026-02-08 11:00:00",544825,13.53,30.77,754.3,23.08,49.42
"2026-02-08 11:05:00",544826,13.53,31.14,754.3,23.95,44.92
"2026-02-08 11:10:00",544827,13.53,31.52,754.2,22.56,45.07
"2026-02-08 11:15:00",544828,13.51,31.72,754.1,22.84,44.82
"2026-02-08 11:20:00",544829,13.51,31.86,754.1,22.8,42.49
"2026-02-08 11:25:00",544830,13.51,31.86,754,23.21,40.65
"2026-02-08 11:30:00",544831,13.51,31.79,754,22.49,43.26
"2026-02-08 11:35:00",544832,13.51,31.57,753.9,22.27,45.17
"2026-02-08 11:40:00",544833,13.51,31.35,753.9,22.56,46
"2026-02-08 11:45:00",544834,13.51,31.26,753.8,23.28,44.52
"2026-02-08 11:50:00",544835,13.51,31.31,753.8,23.85,44.45
"2026-02-08 11:55:00",544836,13.51,31.48,753.7,22.98,47.5
"2026-02-08 12:00:00",544837,13.51,31.55,753.6,22.45,48.38
"2026-02-08 12:05:00",544838,13.51,31.53,753.6,23.28,47.25
"2026-02-08 12:10:00",544839,13.51,31.52,753.5,22.63,47.83
"2026-02-08 12:15:00",544840,13.51,31.48,753.4,23.42,46.69
"2026-02-08 12:20:00",544841,13.51,31.51,753.4,23.04,44.36
"2026-02-08 12:25:00",544842,13.51,31.61,753.3,23.49,43.41
"2026-02-08 12:30:00",544843,13.51,31.83,753.2,23.47,42.14
"2026-02-08 12:35:00",544844,13.51,32.05,753.2,23.04,43.13
"2026-02-08 12:40:00",544845,13.51,32.25,753.1,24.39,40.68
"2026-02-08 12:45:00",544846,13.51,32.41,753,24.49,40.92
"2026-02-08 12:50:00",544847,13.51,32.5,752.9,23.41,42.36
"2026-02-08 12:55:00",544848,13.51,32.54,752.8,24.7,39.86
"2026-02-08 13:00:00",544849,13.51,32.64,752.8,25.09,38.65
"2026-02-08 13:05:00",544850,13.49,32.78,752.6,26.17,38.03
"2026-02-08 13:10:00",544851,13.49,32.97,752.5,25.28,36.59
"2026-02-08 13:15:00",544852,13.49,33.03,752.3,25.01,37.42
"2026-02-08 13:20:00",544853,13.49,32.94,752.2,23.47,39.04
"2026-02-08 13:25:00",544854,13.49,32.67,752.1,23.79,38.65
"2026-02-08 13:30:00",544855,13.49,32.4,752.1,24.34,37.95
"2026-02-08 13:35:00",544856,13.49,32.2,752,23.88,38.06
"2026-02-08 13:40:00",544857,13.49,32.04,752,23.95,38.63
"2026-02-08 13:45:00",544858,13.49,31.88,751.9,24.63,38.01
"2026-02-08 13:50:00",544859,13.49,31.75,751.8,24.38,36.2
"2026-02-08 13:55:00",544860,13.49,31.66,751.7,25.13,34.87
"2026-02-08 14:00:00",544861,13.49,31.62,751.6,26.06,34.03
"2026-02-08 14:05:00",544862,13.49,31.75,751.4,26.69,32.84
"2026-02-08 14:10:00",544863,13.49,31.88,751.3,25.28,34.22
"2026-02-08 14:15:00",544864,13.49,31.99,751.2,26.53,32.72
"2026-02-08 14:20:00",544865,13.49,32.16,751.2,27.06,31.42
"2026-02-08 14:25:00",544866,13.49,32.48,751.1,27.5,31.25
"2026-02-08 14:30:00",544867,13.49,32.84,751.1,26.17,32.56
"2026-02-08 14:35:00",544868,13.49,33.1,751,26.22,31.42
"2026-02-08 14:40:00",544869,13.49,33.31,750.8,26.77,29.7
"2026-02-08 14:45:00",544870,13.49,33.46,750.7,26.75,31.6
"2026-02-08 14:50:00",544871,13.46,33.64,750.6,27.53,29.63
"2026-02-08 14:55:00",544872,13.46,33.86,750.6,27.15,30.27
"2026-02-08 15:00:00",544873,13.47,34.07,750.5,27.04,29.38
"2026-02-08 15:05:00",544874,13.47,34.21,750.4,26.78,30.11
"2026-02-08 15:10:00",544875,13.47,34.28,750.3,26.63,29.42
"2026-02-08 15:15:00",544876,13.47,34.32,750.2,26.87,30.66
"2026-02-08 15:20:00",544877,13.47,34.43,750.2,27.82,29.03
"2026-02-08 15:25:00",544878,13.47,34.57,750.1,27.38,29.51
"2026-02-08 15:30:00",544879,13.47,34.67,750,26.96,30.09
"2026-02-08 15:35:00",544880,13.44,34.8,749.9,28.2,28.04
"2026-02-08 15:40:00",544881,13.44,35.06,749.8,27.67,29.88
"2026-02-08 15:45:00",544882,13.44,35.34,749.8,27.6,28.4
"2026-02-08 15:50:00",544883,13.44,35.58,749.7,27.96,28.88
"2026-02-08 15:55:00",544884,13.44,35.8,749.6,28.19,28.93
"2026-02-08 16:00:00",544885,13.44,36.03,749.6,28.13,29.57
"2026-02-08 16:05:00",544886,13.42,36.2,749.5,27.31,30.66
"2026-02-08 16:10:00",544887,13.42,36.16,749.5,27.03,30.2
"2026-02-08 16:15:00",544888,13.42,36.09,749.5,28.18,29
"2026-02-08 16:20:00",544889,13.42,36.11,749.4,27.98,29.12
"2026-02-08 16:25:00",544890,13.42,36.29,749.4,28.26,28.59
"2026-02-08 16:30:00",544891,13.42,36.48,749.4,28.09,29.4
"2026-02-08 16:35:00",544892,13.42,36.57,749.3,26.91,30.12
"2026-02-08 16:40:00",544893,13.42,36.37,749.3,26.56,30.43
"2026-02-08 16:45:00",544894,13.42,35.94,749.3,26.65,30.98
"2026-02-08 16:50:00",544895,13.42,35.38,749.3,26.03,31.9
"2026-02-08 16:55:00",544896,13.42,34.7,749.3,26.42,31.43
"2026-02-08 17:00:00",544897,13.42,34.17,749.3,26.59,30.87
"2026-02-08 17:05:00",544898,13.42,33.75,749.2,26.02,31.47
"2026-02-08 17:10:00",544899,13.42,33.39,749.2,26.11,31.34
"2026-02-08 17:15:00",544900,13.42,33.07,749.3,26.26,32.29
"2026-02-08 17:20:00",544901,13.42,32.9,749.2,26.7,31.25
"2026-02-08 17:25:00",544902,13.42,32.98,749.2,27.78,29.34
"2026-02-08 17:30:00",544903,13.42,33.25,749.2,27.18,31.5
"2026-02-08 17:35:00",544904,13.42,33.54,749.1,27.11,30.41
"2026-02-08 17:40:00",544905,13.42,33.78,749.2,26.74,31.63
"2026-02-08 17:45:00",544906,13.42,33.87,749.2,27.39,29.95
"2026-02-08 17:50:00",544907,13.42,33.99,749.2,27,31.62
"2026-02-08 17:55:00",544908,13.42,34.08,749.2,26.64,31.11
"2026-02-08 18:00:00",544909,13.42,34.15,749.2,27.12,30.54
"2026-02-08 18:05:00",544910,13.42,34.15,749.3,26.92,31.07
"2026-02-08 18:10:00",544911,13.42,34.14,749.3,27.03,30.94
"2026-02-08 18:15:00",544912,13.42,34.04,749.3,26.62,31.65
"2026-02-08 18:20:00",544913,13.32,33.51,749.3,26.54,29.88
"2026-02-08 18:25:00",544914,13.22,33.09,749.3,26.34,29.46
"2026-02-08 18:30:00",544915,13.13,32.71,749.3,25.91,29.8
"2026-02-08 18:35:00",544916,13.06,32.25,749.4,25.44,30.94
"2026-02-08 18:40:00",544917,13.01,31.76,749.5,25.24,30.89
"2026-02-08 18:45:00",544918,12.96,31.2,749.6,24.9,31.57
"2026-02-08 18:50:00",544919,12.93,30.53,749.6,24.7,31.96
"2026-02-08 18:55:00",544920,12.91,29.82,749.7,24.43,32
"2026-02-08 19:00:00",544921,12.9,29.13,749.7,24.21,31.78
"2026-02-08 19:05:00",544922,12.89,28.45,749.7,23.93,32.02
"2026-02-08 19:10:00",544923,12.89,27.8,749.8,23.78,32.14
"2026-02-08 19:15:00",544924,12.88,27.26,749.8,23.63,32.47
"2026-02-08 19:20:00",544925,12.87,26.77,749.9,23.49,33.05
"2026-02-08 19:25:00",544926,12.87,26.34,750,23.27,33.57
"2026-02-08 19:30:00",544927,12.87,25.96,750,23.05,34.41
"2026-02-08 19:35:00",544928,12.86,25.61,750.1,22.92,34.96
"2026-02-08 19:40:00",544929,12.87,25.32,750.1,22.81,35.55
"2026-02-08 19:45:00",544930,12.87,25.02,750.2,22.63,36.16
"2026-02-08 19:50:00",544931,12.86,24.76,750.3,22.45,37.06
"2026-02-08 19:55:00",544932,12.86,24.5,750.4,22.15,38.02
"2026-02-08 20:00:00",544933,12.86,24.26,750.4,22.01,38.5
"2026-02-08 20:05:00",544934,12.86,23.97,750.5,21.93,39.04
"2026-02-08 20:10:00",544935,12.85,23.76,750.6,21.81,39.62
"2026-02-08 20:15:00",544936,12.85,23.53,750.7,21.66,40.58
"2026-02-08 20:20:00",544937,12.85,23.33,750.8,21.49,41.08
"2026-02-08 20:25:00",544938,12.85,23.16,750.9,21.52,41.02
"2026-02-08 20:30:00",544939,12.84,22.97,750.9,21.41,41.39
"2026-02-08 20:35:00",544940,12.84,22.83,751.1,21.48,41.34
"2026-02-08 20:40:00",544941,12.84,22.7,751.1,21.98,38.53
"2026-02-08 20:45:00",544942,12.84,22.64,751.2,22.39,37.29
"2026-02-08 20:50:00",544943,12.83,22.62,751.2,22.21,37.96
"2026-02-08 20:55:00",544944,12.83,22.59,751.3,22.01,38.53
"2026-02-08 21:00:00",544945,12.82,22.61,751.3,21.67,39.41
"2026-02-08 21:05:00",544946,12.82,22.57,751.4,21.31,40.67
"2026-02-08 21:10:00",544947,12.82,22.46,751.5,20.96,41.76
"2026-02-08 21:15:00",544948,12.82,22.32,751.6,20.74,42.32
"2026-02-08 21:20:00",544949,12.82,22.14,751.7,20.56,42.85
"2026-02-08 21:25:00",544950,12.82,21.95,751.8,20.74,42.38
"2026-02-08 21:30:00",544951,12.81,21.82,751.8,20.52,46.93
"2026-02-08 21:35:00",544952,12.81,21.68,751.9,20.17,48.34
"2026-02-08 21:40:00",544953,12.81,21.54,751.9,20.06,48.08
"2026-02-08 21:45:00",544954,12.81,21.41,752,20.08,48.27
"2026-02-08 21:50:00",544955,12.81,21.3,752.1,20.22,46.2
"2026-02-08 21:55:00",544956,12.81,21.18,752.2,20.28,45.82
"2026-02-08 22:00:00",544957,12.81,21.13,752.2,20.49,44.19
"2026-02-08 22:05:00",544958,12.81,21.05,752.3,20.37,45.48
"2026-02-08 22:10:00",544959,12.8,20.98,752.4,19.88,47.17
"2026-02-08 22:15:00",544960,12.8,20.89,752.5,19.4,50.82
"2026-02-08 22:20:00",544961,12.8,20.77,752.5,19.16,52.28
"2026-02-08 22:25:00",544962,12.8,20.63,752.6,18.86,55.79
"2026-02-08 22:30:00",544963,12.8,20.38,752.6,18.53,57.7
"2026-02-08 22:35:00",544964,12.8,20.23,752.6,18.74,56.14
"2026-02-08 22:40:00",544965,12.8,20.07,752.6,18.78,56.14
"2026-02-08 22:45:00",544966,12.79,19.96,752.7,19.35,49.24
"2026-02-08 22:50:00",544967,12.8,19.84,752.7,19.62,51.97
"2026-02-08 22:55:00",544968,12.79,19.79,752.7,19.24,49.54
"2026-02-08 23:00:00",544969,12.79,19.71,752.7,19.24,50.26
"2026-02-08 23:05:00",544970,12.79,19.66,752.7,19.66,48.15
"2026-02-08 23:10:00",544971,12.79,19.66,752.7,19.56,48.39
"2026-02-08 23:15:00",544972,12.79,19.71,752.8,19.7,48.13
"2026-02-08 23:20:00",544973,12.79,19.76,752.8,19.92,47.68
"2026-02-08 23:25:00",544974,12.79,19.85,752.8,19.64,49.31
"2026-02-08 23:30:00",544975,12.78,19.92,752.7,19.47,49.95
"2026-02-08 23:35:00",544976,12.78,19.96,752.7,19.28,50.71
"2026-02-08 23:40:00",544977,12.78,19.93,752.7,19.08,51.62
"2026-02-08 23:45:00",544978,12.78,19.85,752.7,18.63,53.26
"2026-02-08 23:50:00",544979,12.78,19.75,752.7,18.22,54.43
"2026-02-08 23:55:00",544980,12.78,19.6,752.8,17.86,55.61
"2026-02-09 00:00:00",544981,12.78,19.43,752.8,17.67,56.5
"2026-02-09 00:05:00",544982,12.77,19.25,752.8,17.79,56.15
"2026-02-09 00:10:00",544983,12.77,19.07,752.8,17.73,56.54
"2026-02-09 00:15:00",544984,12.77,18.96,752.7,17.43,58.55
"2026-02-09 00:20:00",544985,12.77,18.82,752.8,17.31,57.99
"2026-02-09 00:25:00",544986,12.77,18.68,752.8,17.11,59.26
"2026-02-09 00:30:00",544987,12.77,18.55,752.8,17.17,60.59
"2026-02-09 00:35:00",544988,12.76,18.42,752.7,16.82,62.18
"2026-02-09 00:40:00",544989,12.76,18.29,752.6,16.73,62.91
"2026-02-09 00:45:00",544990,12.76,18.19,752.6,16.45,63.52
"2026-02-09 00:50:00",544991,12.78,17.82,752.6,16.5,62.52
"2026-02-09 00:55:00",544992,12.78,17.54,752.5,16.54,62.38
"2026-02-09 01:00:00",544993,12.78,17.38,752.6,16.58,63.3
"2026-02-09 01:05:00",544994,12.78,17.23,752.5,16.45,62.42
"2026-02-09 01:10:00",544995,12.77,17.13,752.5,16.34,62.99
"2026-02-09 01:15:00",544996,12.77,17.02,752.4,16.16,63.53
"2026-02-09 01:20:00",544997,12.77,16.93,752.4,16.14,63.58
"2026-02-09 01:25:00",544998,12.77,16.84,752.3,16,64.09
"2026-02-09 01:30:00",544999,12.77,16.73,752.3,15.86,64.71
"2026-02-09 01:35:00",545000,12.76,16.63,752.3,15.79,64.85
"2026-02-09 01:40:00",545001,12.76,16.53,752.3,16.06,64.49
"2026-02-09 01:45:00",545002,12.76,16.48,752.2,15.96,65.23
"2026-02-09 01:50:00",545003,12.76,16.43,752.2,15.91,64.79
"2026-02-09 01:55:00",545004,12.76,16.4,752.2,16.07,64.19
"2026-02-09 02:00:00",545005,12.76,16.39,752.1,16.04,63.66
"2026-02-09 02:05:00",545006,12.75,16.36,752.1,16.09,64.11
"2026-02-09 02:10:00",545007,12.75,16.35,752,15.92,65.34
"2026-02-09 02:15:00",545008,12.75,16.32,752.1,15.76,65.81
"2026-02-09 02:20:00",545009,12.75,16.27,752,15.63,66.38
"2026-02-09 02:25:00",545010,12.74,16.19,751.9,15.55,66.42
"2026-02-09 02:30:00",545011,12.74,16.1,751.9,15.74,66.75
"2026-02-09 02:35:00",545012,12.74,16,751.9,15.64,67.95
"2026-02-09 02:40:00",545013,12.74,15.91,751.8,15.77,68.15
"2026-02-09 02:45:00",545014,12.74,15.88,751.8,15.74,65.96
"2026-02-09 02:50:00",545015,12.74,15.82,751.8,15.74,67.77
"2026-02-09 02:55:00",545016,12.74,15.81,751.8,15.38,72.52
"2026-02-09 03:00:00",545017,12.73,15.75,751.8,15.41,71.49
"2026-02-09 03:05:00",545018,12.73,15.7,751.9,15.21,73.16
"2026-02-09 03:10:00",545019,12.73,15.62,751.9,15.02,72.47
"2026-02-09 03:15:00",545020,12.73,15.53,751.9,15.05,70.93
"2026-02-09 03:20:00",545021,12.72,15.47,751.9,15.2,70.59
"2026-02-09 03:25:00",545022,12.72,15.4,751.9,15.05,70.47
"2026-02-09 03:30:00",545023,12.72,15.33,751.9,14.93,71.57
"2026-02-09 03:35:00",545024,12.72,15.25,752,14.64,73.02
"2026-02-09 03:40:00",545025,12.71,15.15,752,14.52,74
"2026-02-09 03:45:00",545026,12.71,15.06,752,14.73,73.04
"2026-02-09 03:50:00",545027,12.71,14.98,752,14.96,71.78
"2026-02-09 03:55:00",545028,12.71,14.93,752,15.18,70.98
"2026-02-09 04:00:00",545029,12.71,14.93,752,15.12,70.89
"2026-02-09 04:05:00",545030,12.71,14.94,751.9,14.91,71.48
"2026-02-09 04:10:00",545031,12.7,14.92,751.9,14.69,72.41
"2026-02-09 04:15:00",545032,12.7,14.86,752,14.48,72.25
"2026-02-09 04:20:00",545033,12.7,14.8,752,14.47,70.97
"2026-02-09 04:25:00",545034,12.7,14.75,752,14.4,71.75
"2026-02-09 04:30:00",545035,12.69,14.71,752,14.31,70.99
"2026-02-09 04:35:00",545036,12.69,14.68,752,14.25,71.41
"2026-02-09 04:40:00",545037,12.69,14.63,752,14.17,71.51
"2026-02-09 04:45:00",545038,12.68,14.59,752.1,14.19,71.23
"2026-02-09 04:50:00",545039,12.68,14.53,752.1,14.39,72.55
"2026-02-09 04:55:00",545040,12.68,14.52,752,14.31,72.88
"2026-02-09 05:00:00",545041,12.68,14.5,752.1,14.38,73.99
"2026-02-09 05:05:00",545042,12.68,14.47,752.1,14.09,75.29
"2026-02-09 05:10:00",545043,12.67,14.42,752.1,13.96,75.93
"2026-02-09 05:15:00",545044,12.67,14.34,752.1,13.66,76.04
"2026-02-09 05:20:00",545045,12.67,14.27,752.1,13.81,75.45
"2026-02-09 05:25:00",545046,12.67,14.17,752.1,13.82,75.51
"2026-02-09 05:30:00",545047,12.66,14.08,752.1,13.92,74.69
"2026-02-09 05:35:00",545048,12.66,14,752.1,14.14,73.72
"2026-02-09 05:40:00",545049,12.66,13.95,752.1,14.23,73.94
"2026-02-09 05:45:00",545050,12.65,13.92,752.2,14.25,73.85
"2026-02-09 05:50:00",545051,12.65,13.89,752.2,14.27,73.86
"2026-02-09 05:55:00",545052,12.65,13.85,752.2,14.29,74.29
"2026-02-09 06:00:00",545053,12.65,13.83,752.2,14.21,75.25
"2026-02-09 06:05:00",545054,12.64,13.86,752.2,13.77,76.57
"2026-02-09 06:10:00",545055,12.65,13.89,752.3,13.65,76.68
"2026-02-09 06:15:00",545056,12.65,13.88,752.3,13.62,76.98
"2026-02-09 06:20:00",545057,12.66,13.86,752.4,13.61,76.92
"2026-02-09 06:25:00",545058,12.68,13.85,752.5,13.69,77.33
"2026-02-09 06:30:00",545059,12.73,13.86,752.5,13.61,77.95
"2026-02-09 06:35:00",545060,12.76,13.88,752.6,14.11,76.38
"2026-02-09 06:40:00",545061,12.8,13.97,752.6,14.68,74.2
"2026-02-09 06:45:00",545062,12.84,14.11,752.7,14.43,75.47
"2026-02-09 06:50:00",545063,12.91,14.34,752.7,15,73.46
"2026-02-09 06:55:00",545064,12.97,14.69,752.8,15.5,71.45
"2026-02-09 07:00:00",545065,13.03,15.09,752.8,16.29,68.42
"2026-02-09 07:05:00",545066,13.19,15.59,752.8,16.95,66.67
"2026-02-09 07:10:00",545067,13.54,16.34,752.9,18.13,62.28
"2026-02-09 07:15:00",545068,13.69,17.06,752.9,18.35,59.79
"2026-02-09 07:20:00",545069,13.81,17.72,753,18.33,60
"2026-02-09 07:25:00",545070,13.82,19.04,753,18.23,59.44
"2026-02-09 07:30:00",545071,13.76,20.24,753.1,18.38,59.01
"2026-02-09 07:35:00",545072,13.73,20.99,753.1,18.27,58.66
"2026-02-09 07:40:00",545073,13.73,21.59,753.1,18.83,56.92
"2026-02-09 07:45:00",545074,13.7,22.2,753.1,19.8,53.27
"2026-02-09 07:50:00",545075,13.7,22.82,753.1,20.12,52.23
"2026-02-09 07:55:00",545076,13.68,23.43,753.1,19.72,56.56
"2026-02-09 08:00:00",545077,13.68,23.97,753.1,19.1,57.75
"2026-02-09 08:05:00",545078,13.65,24.46,753.1,19.66,56
"2026-02-09 08:10:00",545079,13.65,24.84,753.1,19.6,55.81
"2026-02-09 08:15:00",545080,13.65,25.14,753.1,19.21,56.94
"2026-02-09 08:20:00",545081,13.65,25.39,753.1,20.03,54.48
"2026-02-09 08:25:00",545082,13.63,25.69,753.1,20.57,52.6
"2026-02-09 08:30:00",545083,13.63,26.1,753.1,20.54,51.66
"2026-02-09 08:35:00",545084,13.63,26.5,753.1,20.69,50.8
"2026-02-09 08:40:00",545085,13.6,26.92,753.2,21.24,50.37
"2026-02-09 08:45:00",545086,13.6,27.3,753.2,21.83,48.14
"2026-02-09 08:50:00",545087,13.6,27.78,753.2,22.23,47.43
"2026-02-09 08:55:00",545088,13.58,28.24,753.2,21.24,47.66
"2026-02-09 09:00:00",545089,13.58,28.56,753.1,21.24,47.28
"2026-02-09 09:05:00",545090,13.58,28.89,753.1,21.97,46.6
"2026-02-09 09:10:00",545091,13.55,29.25,753.1,22.85,44.3
"2026-02-09 09:15:00",545092,13.55,29.64,753,21.71,45.26
"2026-02-09 09:20:00",545093,13.55,29.99,753,22.51,43.78
"2026-02-09 09:25:00",545094,13.53,30.32,753,21.77,46.13
"2026-02-09 09:30:00",545095,13.53,30.67,753,22.03,46.29
"2026-02-09 09:35:00",545096,13.53,31,753,22.63,46.14
"2026-02-09 09:40:00",545097,13.53,31.42,752.9,24.16,42.09
"2026-02-09 09:45:00",545098,13.51,31.83,752.8,23.22,43.67
"2026-02-09 09:50:00",545099,13.51,32.15,752.8,21.81,45.85
"2026-02-09 09:55:00",545100,13.51,32.28,752.8,22.35,46.33
"2026-02-09 10:00:00",545101,13.51,32.35,752.7,23.01,43.84
"2026-02-09 10:05:00",545102,13.51,32.44,752.6,23.36,43.36
"2026-02-09 10:10:00",545103,13.51,32.55,752.6,23.52,43.93
"2026-02-09 10:15:00",545104,13.51,32.71,752.6,24.01,42.2
"2026-02-09 10:20:00",545105,13.48,32.94,752.6,23.82,41.73
"2026-02-09 10:25:00",545106,13.48,33.11,752.5,23.6,42.22
"2026-02-09 10:30:00",545107,13.48,33.29,752.4,24.59,37.58
"2026-02-09 10:35:00",545108,13.48,33.59,752.4,24.95,37.71
"2026-02-09 10:40:00",545109,13.48,33.88,752.2,24.11,38.94
"2026-02-09 10:45:00",545110,13.46,34.05,752.2,25.08,36.53
"2026-02-09 10:50:00",545111,13.46,34.27,752.1,25.2,36.34
"2026-02-09 10:55:00",545112,13.46,34.45,752.1,23.96,37.31
"2026-02-09 11:00:00",545113,13.46,34.57,752,24.38,38.38
"2026-02-09 11:05:00",545114,13.46,34.75,752,26.36,35.19
"2026-02-09 11:10:00",545115,13.46,35.06,751.9,26.94,33.23
"2026-02-09 11:15:00",545116,13.44,35.41,751.8,26.83,33.12
"2026-02-09 11:20:00",545117,13.44,35.72,751.7,25.74,32.79
"2026-02-09 11:25:00",545118,13.44,35.72,751.7,25.38,34
"2026-02-09 11:30:00",545119,13.44,35.64,751.6,25.86,31.72
"2026-02-09 11:35:00",545120,13.44,35.58,751.5,26.01,30.55
"2026-02-09 11:40:00",545121,13.44,35.61,751.4,26.94,29.98
"2026-02-09 11:45:00",545122,13.44,35.72,751.3,26.96,29.65
"2026-02-09 11:50:00",545123,13.44,35.82,751.2,26.76,30.24
"2026-02-09 11:55:00",545124,13.44,35.95,751.1,26.66,29.35
"2026-02-09 12:00:00",545125,13.44,35.95,751,26.42,30.55
"2026-02-09 12:05:00",545126,13.44,35.94,750.9,27.26,29.84
"2026-02-09 12:10:00",545127,13.44,35.94,750.8,26.13,31.24
"2026-02-09 12:15:00",545128,13.44,35.85,750.7,26.47,30.22
"2026-02-09 12:20:00",545129,13.44,35.76,750.6,27.15,28.23
"2026-02-09 12:25:00",545130,13.44,35.68,750.6,26.21,30.13
"2026-02-09 12:30:00",545131,13.44,35.56,750.5,26.63,29.69
"2026-02-09 12:35:00",545132,13.44,35.47,750.4,27.13,29.25
"2026-02-09 12:40:00",545133,13.44,35.41,750.4,27.65,29.53
"2026-02-09 12:45:00",545134,13.44,35.48,750.3,28.62,27.38
"2026-02-09 12:50:00",545135,13.44,35.55,750.3,26.98,29.44
"2026-02-09 12:55:00",545136,13.44,35.46,750.2,27.61,27.92
"2026-02-09 13:00:00",545137,13.44,35.35,750,27.6,27.44
"2026-02-09 13:05:00",545138,13.44,35.18,749.9,26.47,29.27
"2026-02-09 13:10:00",545139,13.44,34.99,749.9,27.25,27.62
"2026-02-09 13:15:00",545140,13.44,34.86,749.8,28.86,25.89
"2026-02-09 13:20:00",545141,13.44,34.85,749.7,28.2,25.15
"2026-02-09 13:25:00",545142,13.44,34.86,749.6,27.75,25.32
"2026-02-09 13:30:00",545143,13.44,34.81,749.5,28.06,24.17
"2026-02-09 13:35:00",545144,13.44,34.76,749.4,29.23,23.07
"2026-02-09 13:40:00",545145,13.44,34.79,749.2,29.1,22.85
"2026-02-09 13:45:00",545146,13.44,34.83,749.2,28.63,23.17
"2026-02-09 13:50:00",545147,13.44,34.85,749,30.1,21.73
"2026-02-09 13:55:00",545148,13.44,34.92,748.9,28.29,22.73
"2026-02-09 14:00:00",545149,13.44,34.98,748.8,29.93,24.79
"2026-02-09 14:05:00",545150,13.44,35.09,748.6,29.61,22.26
"2026-02-09 14:10:00",545151,13.44,35.26,748.5,30.56,20.64
"2026-02-09 14:15:00",545152,13.44,35.47,748.5,30.23,21.49
"2026-02-09 14:20:00",545153,13.44,35.63,748.4,30.24,22.79
"2026-02-09 14:25:00",545154,13.44,35.8,748.3,28.97,22.91
"2026-02-09 14:30:00",545155,13.44,35.86,748.2,29.05,22.22
"2026-02-09 14:35:00",545156,13.44,35.87,748,28.88,22.49
"2026-02-09 14:40:00",545157,13.44,35.87,748,29.48,23.16
"2026-02-09 14:45:00",545158,13.42,35.88,747.9,28.84,22.35
"2026-02-09 14:50:00",545159,13.42,35.83,747.8,29,24.17
"2026-02-09 14:55:00",545160,13.42,35.75,747.8,28.94,21.94
"2026-02-09 15:00:00",545161,13.42,35.73,747.7,29.43,20.64
"2026-02-09 15:05:00",545162,13.42,35.72,747.6,29.12,21.95
"2026-02-09 15:10:00",545163,13.42,35.75,747.5,29.02,21.45
"2026-02-09 15:15:00",545164,13.42,35.81,747.4,29.52,21.2
"2026-02-09 15:20:00",545165,13.42,35.94,747.3,29.27,21.61
"2026-02-09 15:25:00",545166,13.42,36.08,747.3,30.11,21.77
"2026-02-09 15:30:00",545167,13.42,36.29,747.2,31.16,21.45
"2026-02-09 15:35:00",545168,13.42,36.62,747.2,29.75,21.57
"2026-02-09 15:40:00",545169,13.42,36.8,747.1,28.91,22.04
"2026-02-09 15:45:00",545170,13.42,36.86,747.1,30.24,21.88
"2026-02-09 15:50:00",545171,13.42,37.03,747,30.42,20.91
"2026-02-09 15:55:00",545172,13.4,37.27,747,30.6,20.78
"2026-02-09 16:00:00",545173,13.4,37.55,747,29.94,20.53
"2026-02-09 16:05:00",545174,13.4,37.73,746.9,29.45,21.93
"2026-02-09 16:10:00",545175,13.4,37.84,746.8,30.17,21.56
"2026-02-09 16:15:00",545176,13.4,37.92,746.8,30.72,21.63
"2026-02-09 16:20:00",545177,13.4,38.08,746.7,31.02,21.51
"2026-02-09 16:25:00",545178,13.4,38.24,746.7,29.76,22.62
"2026-02-09 16:30:00",545179,13.4,38.03,746.6,29.38,21.79
"2026-02-09 16:35:00",545180,13.4,37.88,746.7,29.07,22.71
"2026-02-09 16:40:00",545181,13.4,37.6,746.6,30.06,22.43
"2026-02-09 16:45:00",545182,13.4,37.48,746.6,29.7,17.7
"2026-02-09 16:50:00",545183,13.4,37.4,746.6,29.74,18.19
"2026-02-09 16:55:00",545184,13.4,37.33,746.6,29.85,17.92
"2026-02-09 17:00:00",545185,13.4,37.18,746.6,30.21,17.23
"2026-02-09 17:05:00",545186,13.4,37.13,746.6,29.56,13.36
"2026-02-09 17:10:00",545187,13.4,36.99,746.5,29.06,14.83
"2026-02-09 17:15:00",545188,13.4,36.73,746.5,29.22,14.7
"2026-02-09 17:20:00",545189,13.4,36.46,746.4,29.36,15.91
"2026-02-09 17:25:00",545190,13.4,36.16,746.5,28.91,14.72
"2026-02-09 17:30:00",545191,13.4,35.83,746.5,28.84,16.59
"2026-02-09 17:35:00",545192,13.4,35.52,746.4,28.78,16.48
"2026-02-09 17:40:00",545193,13.4,35.29,746.5,28.99,16.95
"2026-02-09 17:45:00",545194,13.4,35.1,746.4,28.63,16.44
"2026-02-09 17:50:00",545195,13.39,34.64,746.5,28.72,16.94
"2026-02-09 17:55:00",545196,13.35,34.08,746.5,28.74,16.59
"2026-02-09 18:00:00",545197,13.28,33.74,746.6,28.35,18.65
"2026-02-09 18:05:00",545198,13.24,33.46,746.5,28.5,17.91
"2026-02-09 18:10:00",545199,13.2,33.22,746.5,28.34,19.24
"2026-02-09 18:15:00",545200,13.17,33.02,746.6,28.06,19.37
"2026-02-09 18:20:00",545201,13.13,32.83,746.6,28.03,18.87
"2026-02-09 18:25:00",545202,13.09,32.56,746.7,27.65,20.46
"2026-02-09 18:30:00",545203,13.05,32.27,746.7,27.6,21.09
"2026-02-09 18:35:00",545204,13.03,31.97,746.8,27.52,20.8
"2026-02-09 18:40:00",545205,13,31.7,746.8,27.28,19.6
"2026-02-09 18:45:00",545206,12.96,31.43,746.8,27.12,17.84
"2026-02-09 18:50:00",545207,12.93,31.08,746.9,26.84,18.63
"2026-02-09 18:55:00",545208,12.9,30.62,747,26.54,19.42
"2026-02-09 19:00:00",545209,12.89,30.11,747,26.1,20.09
"2026-02-09 19:05:00",545210,12.88,29.55,747.1,25.84,20.63
"2026-02-09 19:10:00",545211,12.88,28.97,747.2,25.52,21.3
"2026-02-09 19:15:00",545212,12.87,28.48,747.2,25.33,22.12
"2026-02-09 19:20:00",545213,12.87,28.01,747.3,24.93,23.61
"2026-02-09 19:25:00",545214,12.87,27.59,747.4,24.54,23.86
"2026-02-09 19:30:00",545215,12.86,27.2,747.4,24.27,24.84
"2026-02-09 19:35:00",545216,12.86,26.83,747.4,24.26,24.97
"2026-02-09 19:40:00",545217,12.86,26.52,747.5,24.21,24.87
"2026-02-09 19:45:00",545218,12.85,26.14,747.6,24.07,25.13
"2026-02-09 19:50:00",545219,12.85,25.85,747.7,23.93,26.01
"2026-02-09 19:55:00",545220,12.85,25.59,747.7,23.86,26.34
"2026-02-09 20:00:00",545221,12.85,25.36,747.8,23.55,27.34
"2026-02-09 20:05:00",545222,12.84,25.13,747.9,23.63,26.73
"2026-02-09 20:10:00",545223,12.84,24.93,748,23.6,27.95
"2026-02-09 20:15:00",545224,12.84,24.78,748.2,23.92,27.84
"2026-02-09 20:20:00",545225,12.84,24.64,748.2,23.56,29.1
"2026-02-09 20:25:00",545226,12.84,24.51,748.3,22.89,30.59
"2026-02-09 20:30:00",545227,12.83,24.37,748.3,22.57,31.54
"2026-02-09 20:35:00",545228,12.83,24.24,748.4,23.03,30.67
"2026-02-09 20:40:00",545229,12.83,24.13,748.4,23.01,30.84
"2026-02-09 20:45:00",545230,12.83,24.07,748.5,22.83,31.33
"2026-02-09 20:50:00",545231,12.83,24.01,748.6,22.66,32.71
"2026-02-09 20:55:00",545232,12.82,23.9,748.7,22.52,32.3
"2026-02-09 21:00:00",545233,12.82,23.79,748.7,22.28,32.54
"2026-02-09 21:05:00",545234,12.82,23.67,748.8,22.13,34.52
"2026-02-09 21:10:00",545235,12.82,23.52,748.9,21.87,33.64
"2026-02-09 21:15:00",545236,12.81,23.38,749,21.98,34.08
"2026-02-09 21:20:00",545237,12.81,23.26,749.1,21.75,34.69
"2026-02-09 21:25:00",545238,12.81,23.15,749.2,21.66,35.44
"2026-02-09 21:30:00",545239,12.81,23.06,749.3,21.48,34.99
"2026-02-09 21:35:00",545240,12.81,22.95,749.3,21.58,35.2
"2026-02-09 21:40:00",545241,12.81,22.89,749.4,21.59,35.07
"2026-02-09 21:45:00",545242,12.8,22.8,749.5,21.29,35.9
"2026-02-09 21:50:00",545243,12.8,22.71,749.6,20.76,37.75
"2026-02-09 21:55:00",545244,12.8,22.58,749.7,20.33,39.26
"2026-02-09 22:00:00",545245,12.8,22.42,749.7,20.25,39.06
"2026-02-09 22:05:00",545246,12.8,22.27,749.9,20.28,38.93
"2026-02-09 22:10:00",545247,12.79,22.15,749.9,20.21,39.84
"2026-02-09 22:15:00",545248,12.79,22.01,750,20.28,39.97
"2026-02-09 22:20:00",545249,12.79,21.89,750.2,20.11,41.09
"2026-02-09 22:25:00",545250,12.79,21.76,750.3,20.09,41.15
"2026-02-09 22:30:00",545251,12.8,21.66,750.3,20.12,42.31
"2026-02-09 22:35:00",545252,12.8,21.46,750.4,19.94,41.58
"2026-02-09 22:40:00",545253,12.8,21.32,750.5,19.86,41.48
"2026-02-09 22:45:00",545254,12.8,21.25,750.7,19.96,41.13
"2026-02-09 22:50:00",545255,12.8,21.08,750.7,19.69,41.98
"2026-02-09 22:55:00",545256,12.8,21,750.7,19.42,42.36
"2026-02-09 23:00:00",545257,12.79,20.88,750.8,19.34,43.19
"2026-02-09 23:05:00",545258,12.79,20.75,750.8,19.47,43.39
"2026-02-09 23:10:00",545259,12.79,20.65,750.8,19.32,43.79
"2026-02-09 23:15:00",545260,12.79,20.57,750.8,19.28,44.33
"2026-02-09 23:20:00",545261,12.79,20.51,750.9,19.39,45.52
"2026-02-09 23:25:00",545262,12.79,20.44,750.9,19.43,45.33
"2026-02-09 23:30:00",545263,12.78,20.39,750.9,19.18,46.79
"2026-02-09 23:35:00",545264,12.78,20.32,750.9,18.9,47.83
"2026-02-09 23:40:00",545265,12.78,20.23,750.8,18.78,47.6
"2026-02-09 23:45:00",545266,12.77,20.13,750.8,18.8,47.31
"2026-02-09 23:50:00",545267,12.77,20.06,750.9,18.55,48.39
"2026-02-09 23:55:00",545268,12.77,19.96,750.9,18.47,48.75
"2026-02-10 00:00:00",545269,12.76,19.84,750.8,18.17,49.53
"2026-02-10 00:05:00",545270,12.77,19.74,750.8,18.5,48.25
"2026-02-10 00:10:00",545271,12.76,19.64,750.9,18.53,48.45
"2026-02-10 00:15:00",545272,12.76,19.6,750.9,18.29,49.04
"2026-02-10 00:20:00",545273,12.76,19.54,751,18.27,49.26
"2026-02-10 00:25:00",545274,12.76,19.49,750.9,18.35,49.18
"2026-02-10 00:30:00",545275,12.76,19.46,750.9,18.15,49.34
"2026-02-10 00:35:00",545276,12.76,19.44,750.9,18.41,48.4
"2026-02-10 00:40:00",545277,12.76,19.42,750.9,18.46,49.19
"2026-02-10 00:45:00",545278,12.75,19.44,750.8,18.34,48.74
"2026-02-10 00:50:00",545279,12.75,19.49,750.8,18.3,48.73
"2026-02-10 00:55:00",545280,12.75,19.47,750.8,18.56,47.57
"2026-02-10 01:00:00",545281,12.75,19.48,750.8,18.35,48.23
"2026-02-10 01:05:00",545282,12.75,19.51,750.7,18.33,48.17
"2026-02-10 01:10:00",545283,12.75,19.49,750.6,18.18,48.59
"2026-02-10 01:15:00",545284,12.75,19.46,750.6,18.23,48.03
"2026-02-10 01:20:00",545285,12.75,19.31,750.7,18.1,50.52
"2026-02-10 01:25:00",545286,12.74,19.23,750.6,17.76,54.98
"2026-02-10 01:30:00",545287,12.74,19.16,750.5,17.76,52.46
"2026-02-10 01:35:00",545288,12.74,19.11,750.6,18.01,51.38
"2026-02-10 01:40:00",545289,12.74,19.02,750.7,17.93,51.15
"2026-02-10 01:45:00",545290,12.74,18.97,750.7,17.91,52.2
"2026-02-10 01:50:00",545291,12.74,18.94,750.8,17.59,54.38
"2026-02-10 01:55:00",545292,12.73,18.88,750.9,18.2,52.74
"2026-02-10 02:00:00",545293,12.73,18.89,750.9,19.28,51.99
"2026-02-10 02:05:00",545294,12.73,19.01,750.9,19.18,51.19
"2026-02-10 02:10:00",545295,12.73,19.13,750.9,19.06,51.46
"2026-02-10 02:15:00",545296,12.73,19.26,750.8,19.01,50.51
"2026-02-10 02:20:00",545297,12.72,19.36,750.8,19.03,53.63
"2026-02-10 02:25:00",545298,12.72,19.45,750.7,19.2,57.95
"2026-02-10 02:30:00",545299,12.72,19.55,750.7,19.04,60.96
"2026-02-10 02:35:00",545300,12.72,19.65,750.6,18.47,59.36
"2026-02-10 02:40:00",545301,12.72,19.73,750.6,18.29,61.74
"2026-02-10 02:45:00",545302,12.72,19.75,750.7,18.67,63.15
"2026-02-10 02:50:00",545303,12.71,19.78,750.7,19,63.47
"2026-02-10 02:55:00",545304,12.71,19.79,750.7,18.89,63.63
"2026-02-10 03:00:00",545305,12.71,19.78,750.7,18.62,63.74
"2026-02-10 03:05:00",545306,12.71,19.75,750.6,18.43,64.92
"2026-02-10 03:10:00",545307,12.71,19.71,750.6,18.43,64.54
"2026-02-10 03:15:00",545308,12.7,19.65,750.5,18.09,62
"2026-02-10 03:20:00",545309,12.7,19.6,750.5,18.23,61.43
"2026-02-10 03:25:00",545310,12.7,19.54,750.6,18.21,60.97
"2026-02-10 03:30:00",545311,12.7,19.47,750.7,18.13,60.66
"2026-02-10 03:35:00",545312,12.7,19.41,750.6,18.08,60.62
"2026-02-10 03:40:00",545313,12.69,19.38,750.6,18.21,60.61
"2026-02-10 03:45:00",545314,12.69,19.37,750.6,18.22,60.92
"2026-02-10 03:50:00",545315,12.69,19.36,750.5,18.14,60.03
"2026-02-10 03:55:00",545316,12.69,19.36,750.5,18.13,60.75
"2026-02-10 04:00:00",545317,12.68,19.4,750.4,18.21,60.13
"2026-02-10 04:05:00",545318,12.68,19.43,750.5,18.21,60.49
"2026-02-10 04:10:00",545319,12.68,19.38,750.5,18.01,60.19
"2026-02-10 04:15:00",545320,12.68,19.37,750.5,17.95,58.82
"2026-02-10 04:20:00",545321,12.67,19.34,750.5,17.78,58.91
"2026-02-10 04:25:00",545322,12.67,19.32,750.6,17.76,59.06
"2026-02-10 04:30:00",545323,12.67,19.27,750.6,17.68,59.65
"2026-02-10 04:35:00",545324,12.67,19.23,750.6,17.57,60.12
"2026-02-10 04:40:00",545325,12.67,19.18,750.5,17.63,60.28
"2026-02-10 04:45:00",545326,12.66,19.18,750.6,17.69,59.99
"2026-02-10 04:50:00",545327,12.66,19.15,750.6,17.85,59.89
"2026-02-10 04:55:00",545328,12.66,19.16,750.6,17.97,59.76
"2026-02-10 05:00:00",545329,12.66,19.17,750.7,18.04,60.25
"2026-02-10 05:05:00",545330,12.66,19.18,750.7,18.02,61.58
"2026-02-10 05:10:00",545331,12.65,19.2,750.7,17.99,62.53
"2026-02-10 05:15:00",545332,12.65,19.2,750.6,17.97,62.82
"2026-02-10 05:20:00",545333,12.65,19.19,750.6,18.01,63.4
"2026-02-10 05:25:00",545334,12.65,19.14,750.7,17.77,64.43
"2026-02-10 05:30:00",545335,12.65,19.1,750.7,17.63,64.61
"2026-02-10 05:35:00",545336,12.64,19.02,750.8,17.34,64.77
"2026-02-10 05:40:00",545337,12.64,18.95,750.8,17.22,64.5
"2026-02-10 05:45:00",545338,12.64,18.84,750.9,17.09,64.75
"2026-02-10 05:50:00",545339,12.64,18.75,750.9,17.14,65.59
"2026-02-10 05:55:00",545340,12.63,18.68,750.9,17.2,65.66
"2026-02-10 06:00:00",545341,12.63,18.62,750.9,17.39,64.87
"2026-02-10 06:05:00",545342,12.64,18.64,751,17.39,65.01
"2026-02-10 06:10:00",545343,12.65,18.62,751.1,17.61,65.55
"2026-02-10 06:15:00",545344,12.66,18.59,751.2,17.76,65.4
"2026-02-10 06:20:00",545345,12.67,18.61,751.3,17.81,65.62
"2026-02-10 06:25:00",545346,12.69,18.63,751.3,17.77,65.82
"2026-02-10 06:30:00",545347,12.75,18.68,751.4,17.98,65.7
"2026-02-10 06:35:00",545348,12.82,18.8,751.4,18.3,64.37
"2026-02-10 06:40:00",545349,12.93,18.97,751.5,18.93,62.02
"2026-02-10 06:45:00",545350,12.97,19.2,751.5,19.66,60
"2026-02-10 06:50:00",545351,12.98,19.37,751.6,20.04,58.32
"2026-02-10 06:55:00",545352,13.03,19.57,751.6,18.96,61.85
"2026-02-10 07:00:00",545353,13.2,19.72,751.8,18.78,62.72
"2026-02-10 07:05:00",545354,13.57,20.13,751.9,20.2,58.17
"2026-02-10 07:10:00",545355,13.46,20.79,752,20.83,56.45
"2026-02-10 07:15:00",545356,13.37,21.01,752.1,19.3,61.06
"2026-02-10 07:20:00",545357,13.41,21.23,752.2,18.83,63.23
"2026-02-10 07:25:00",545358,13.72,21.75,752.3,19.05,63.48
"2026-02-10 07:30:00",545359,13.6,22.52,752.4,20.12,59.43
"2026-02-10 07:35:00",545360,13.7,23.33,752.4,21.45,55.77
"2026-02-10 07:40:00",545361,13.67,24.18,752.4,22.52,51.3
"2026-02-10 07:45:00",545362,13.58,24.38,752.4,22.53,51.68
"2026-02-10 07:50:00",545363,13.43,24.08,752.5,20.81,56.08
"2026-02-10 07:55:00",545364,13.55,23.99,752.6,19.78,59.11
"2026-02-10 08:00:00",545365,13.65,25.05,752.8,20.89,56.09
"2026-02-10 08:05:00",545366,13.65,25.66,752.9,22.09,51.28
"2026-02-10 08:10:00",545367,13.62,26.29,752.9,22.37,50.78
"2026-02-10 08:15:00",545368,13.62,26.94,752.9,22.81,49.67
"2026-02-10 08:20:00",545369,13.6,27.53,752.9,22.14,51.53
"2026-02-10 08:25:00",545370,13.6,28.07,752.9,23.44,47.52
"2026-02-10 08:30:00",545371,13.57,28.56,752.9,23.13,49.65
"2026-02-10 08:35:00",545372,13.57,29.02,753,22.85,48.78
"2026-02-10 08:40:00",545373,13.57,29.44,753,22.47,49.84
"2026-02-10 08:45:00",545374,13.55,29.8,753,23.89,45.52
"2026-02-10 08:50:00",545375,13.55,30.19,753,22.66,47.55
"2026-02-10 08:55:00",545376,13.55,30.54,753,22.41,47.65
"2026-02-10 09:00:00",545377,13.53,30.8,753,23.61,46.74
"2026-02-10 09:05:00",545378,13.53,31.14,753,23.4,45.4
"2026-02-10 09:10:00",545379,13.53,31.51,753,24.57,43.11
"2026-02-10 09:15:00",545380,13.5,31.85,753,23.73,44.12
"2026-02-10 09:20:00",545381,13.5,32.13,752.9,23.49,43.64
"2026-02-10 09:25:00",545382,13.5,32.39,752.9,23.98,43.89
"2026-02-10 09:30:00",545383,13.5,32.65,752.9,23.99,43.79
"2026-02-10 09:35:00",545384,13.5,32.96,752.9,24.03,43.18
"2026-02-10 09:40:00",545385,13.48,33.2,752.9,25.02,41.27
"2026-02-10 09:45:00",545386,13.48,33.53,752.9,24.4,43.52
"2026-02-10 09:50:00",545387,13.48,33.76,752.9,24.39,42.12
"2026-02-10 09:55:00",545388,13.48,33.89,752.8,23.64,43.36
"2026-02-10 10:00:00",545389,13.48,34.01,752.8,23.59,42.25
"2026-02-10 10:05:00",545390,13.46,34.09,752.7,25.02,39.93
"2026-02-10 10:10:00",545391,13.46,34.28,752.7,25.02,37.49
"2026-02-10 10:15:00",545392,13.46,34.51,752.6,24.99,36.86
"2026-02-10 10:20:00",545393,13.46,34.77,752.5,24.84,38.72
"2026-02-10 10:25:00",545394,13.46,35.09,752.4,25.08,38.65
"2026-02-10 10:30:00",545395,13.43,35.4,752.4,25.29,38.01
"2026-02-10 10:35:00",545396,13.43,35.66,752.3,24.29,38.96
"2026-02-10 10:40:00",545397,13.43,35.77,752.3,25.94,36.52
"2026-02-10 10:45:00",545398,13.43,36.02,752.2,25.22,36.81
"2026-02-10 10:50:00",545399,13.44,36.14,752.2,25.13,38.16
"2026-02-10 10:55:00",545400,13.44,36.22,752.1,25.84,36.54
"2026-02-10 11:00:00",545401,13.44,36.31,752,25.34,36.43
"2026-02-10 11:05:00",545402,13.41,36.43,752,25.82,34
"2026-02-10 11:10:00",545403,13.41,36.55,752,25.97,34.48
"2026-02-10 11:15:00",545404,13.41,36.64,751.9,25.61,34.72
"2026-02-10 11:20:00",545405,13.41,36.72,751.9,26.46,33.32
"2026-02-10 11:25:00",545406,13.41,36.87,751.8,25.32,34.96
"2026-02-10 11:30:00",545407,13.42,36.9,751.8,25.49,34.51
"2026-02-10 11:35:00",545408,13.41,36.9,751.6,25.01,37.26
"2026-02-10 11:40:00",545409,13.41,36.85,751.6,25.96,34.08
"2026-02-10 11:45:00",545410,13.41,36.84,751.5,25.63,33.05
"2026-02-10 11:50:00",545411,13.41,36.75,751.4,26.67,32.7
"2026-02-10 11:55:00",545412,13.41,36.76,751.4,25.78,32.19
"2026-02-10 12:00:00",545413,13.41,36.65,751.3,26.25,32.29
"2026-02-10 12:05:00",545414,13.41,36.54,751.2,26.35,31.29
"2026-02-10 12:10:00",545415,13.42,36.51,751.1,24.48,33.58
"2026-02-10 12:15:00",545416,13.41,36.39,751.1,25.92,32.67
"2026-02-10 12:20:00",545417,13.41,36.18,751,25.95,31.46
"2026-02-10 12:25:00",545418,13.42,35.71,750.9,25.77,32.42
"2026-02-10 12:30:00",545419,13.42,35.21,750.9,26.37,31.83
"2026-02-10 12:35:00",545420,13.41,34.91,750.8,26.79,30.99
"2026-02-10 12:40:00",545421,13.42,34.76,750.7,26.16,33.36
"2026-02-10 12:45:00",545422,13.42,34.68,750.6,26.7,33.04
"2026-02-10 12:50:00",545423,13.42,34.6,750.6,26.27,31.55
"2026-02-10 12:55:00",545424,13.41,34.52,750.6,27.65,30.04
"2026-02-10 13:00:00",545425,13.42,34.56,750.4,27.18,30.48
"2026-02-10 13:05:00",545426,13.42,34.64,750.3,27.99,28.43
"2026-02-10 13:10:00",545427,13.42,34.76,750.2,27.54,30.37
"2026-02-10 13:15:00",545428,13.42,34.85,750.1,28.49,27.55
"2026-02-10 13:20:00",545429,13.42,35.01,750.1,28.51,27.1
"2026-02-10 13:25:00",545430,13.42,35.1,750.1,27.4,26.4
"2026-02-10 13:30:00",545431,13.42,35.04,749.9,28.27,25.84
"2026-02-10 13:35:00",545432,13.42,34.97,749.8,27.89,26.51
"2026-02-10 13:40:00",545433,13.42,34.93,749.7,28.64,25.8
"2026-02-10 13:45:00",545434,13.42,34.85,749.6,26.98,28.08
"2026-02-10 13:50:00",545435,13.42,34.68,749.5,27.33,26.33
"2026-02-10 13:55:00",545436,13.42,34.57,749.4,29.12,26.11
"2026-02-10 14:00:00",545437,13.41,34.57,749.2,26.38,27.52
"2026-02-10 14:05:00",545438,13.42,34.43,749.1,27.01,27.02
"2026-02-10 14:10:00",545439,13.42,34.31,749,28.46,25.65
"2026-02-10 14:15:00",545440,13.42,34.37,748.9,27.98,25.06
"2026-02-10 14:20:00",545441,13.42,34.49,748.8,28,24.93
"2026-02-10 14:25:00",545442,13.42,34.56,748.8,27.76,25.36
"2026-02-10 14:30:00",545443,13.42,34.67,748.7,29.08,24.83
"2026-02-10 14:35:00",545444,13.42,34.86,748.7,29.14,23.79
"2026-02-10 14:40:00",545445,13.42,35.08,748.5,28.42,24.82
"2026-02-10 14:45:00",545446,13.42,35.31,748.5,29.21,24.46
"2026-02-10 14:50:00",545447,13.42,35.51,748.4,28.81,24.43
"2026-02-10 14:55:00",545448,13.42,35.64,748.3,28.42,24.89
"2026-02-10 15:00:00",545449,13.42,35.7,748.2,28.73,24.6
"2026-02-10 15:05:00",545450,13.42,35.81,748,29.23,24.95
"2026-02-10 15:10:00",545451,13.42,35.84,748,27.11,27.27
"2026-02-10 15:15:00",545452,13.42,35.65,747.9,28.39,26.34
"2026-02-10 15:20:00",545453,13.42,35.53,747.8,27.34,27.15
"2026-02-10 15:25:00",545454,13.42,35.41,747.7,27.71,27.38
"2026-02-10 15:30:00",545455,13.42,35.43,747.6,30.08,24.52
"2026-02-10 15:35:00",545456,13.42,35.72,747.6,28.68,25.74
"2026-02-10 15:40:00",545457,13.42,35.94,747.4,28.54,26.62
"2026-02-10 15:45:00",545458,13.42,36.09,747.3,28.85,25.82
"2026-02-10 15:50:00",545459,13.42,36.15,747.2,28.81,26.37
"2026-02-10 15:55:00",545460,13.42,36.19,747.1,29.08,26.04
"2026-02-10 16:00:00",545461,13.42,36.26,747,29.46,25.34
"2026-02-10 16:05:00",545462,13.42,36.4,747,29.18,26.26
"2026-02-10 16:10:00",545463,13.42,36.41,747,28.89,27.23
"2026-02-10 16:15:00",545464,13.42,36.42,747,29.34,25.51
"2026-02-10 16:20:00",545465,13.42,36.53,746.9,29.14,26.01
"2026-02-10 16:25:00",545466,13.42,36.59,746.8,28.86,25.68
"2026-02-10 16:30:00",545467,13.42,36.66,746.7,30.14,23.2
"2026-02-10 16:35:00",545468,13.42,36.91,746.6,30.05,24.59
"2026-02-10 16:40:00",545469,13.42,37.22,746.6,29.53,25.17
"2026-02-10 16:45:00",545470,13.4,37.22,746.5,28.23,25.63
"2026-02-10 16:50:00",545471,13.4,36.86,746.6,27.99,25.96
"2026-02-10 16:55:00",545472,13.4,36.29,746.6,28.06,26.28
"2026-02-10 17:00:00",545473,13.4,35.7,746.6,27.98,26.68
"2026-02-10 17:05:00",545474,13.4,35.05,746.6,27.44,28.08
"2026-02-10 17:10:00",545475,13.4,34.46,746.6,27.5,27.64
"2026-02-10 17:15:00",545476,13.4,34.14,746.6,28.4,26.75
"2026-02-10 17:20:00",545477,13.4,34.01,746.6,28.07,27.76
"2026-02-10 17:25:00",545478,13.39,34.05,746.7,28.08,27.76
"2026-02-10 17:30:00",545479,13.39,34.03,746.7,27.57,27.96
"2026-02-10 17:35:00",545480,13.39,33.47,746.8,27.32,29.81
"2026-02-10 17:40:00",545481,13.37,32.73,746.8,26.61,30.5
"2026-02-10 17:45:00",545482,13.52,32.32,746.8,26.76,30.38
"2026-02-10 17:50:00",545483,13.29,31.74,746.8,26.84,30.49
"2026-02-10 17:55:00",545484,13.17,31.25,746.8,26.42,31.53
"2026-02-10 18:00:00",545485,13.1,30.77,746.9,26.24,30.47
"2026-02-10 18:05:00",545486,13.06,30.25,746.9,26.17,30.73
"2026-02-10 18:10:00",545487,13.03,29.77,747,25.84,31.11
"2026-02-10 18:15:00",545488,13.01,29.35,747,25.91,30.61
"2026-02-10 18:20:00",545489,12.99,29.01,747.1,25.81,30.64
"2026-02-10 18:25:00",545490,12.99,28.72,747.2,25.86,30
"2026-02-10 18:30:00",545491,12.96,28.56,747.3,25.88,30.07
"2026-02-10 18:35:00",545492,12.94,28.44,747.4,25.7,29.54
"2026-02-10 18:40:00",545493,12.93,28.33,747.5,25.63,29.74
"2026-02-10 18:45:00",545494,12.9,28.21,747.5,25.53,28.38
"2026-02-10 18:50:00",545495,12.89,28.07,747.6,25.41,28.98
"2026-02-10 18:55:00",545496,12.87,27.89,747.7,25.09,29.66
"2026-02-10 19:00:00",545497,12.86,27.64,747.9,25.01,29.18
"2026-02-10 19:05:00",545498,12.86,27.35,747.8,24.88,29.75
"2026-02-10 19:10:00",545499,12.86,27.07,747.9,24.7,30.58
"2026-02-10 19:15:00",545500,12.85,26.81,748.1,24.74,30.34
"2026-02-10 19:20:00",545501,12.85,26.61,748.1,24.59,31.34
"2026-02-10 19:25:00",545502,12.85,26.44,748.2,24.47,32.14
"2026-02-10 19:30:00",545503,12.84,26.28,748.3,24.35,32.6
"2026-02-10 19:35:00",545504,12.84,26.13,748.4,24.3,32.79
"2026-02-10 19:40:00",545505,12.84,25.97,748.6,24.21,33.25
"2026-02-10 19:45:00",545506,12.84,25.81,748.7,24.17,35.98
"2026-02-10 19:50:00",545507,12.83,25.69,748.8,24.21,36.78
"2026-02-10 19:55:00",545508,12.83,25.58,749,24.19,36.84
"2026-02-10 20:00:00",545509,12.83,25.48,749,24.01,37.55
"2026-02-10 20:05:00",545510,12.83,25.4,749.1,23.87,37.67
"2026-02-10 20:10:00",545511,12.83,25.31,749.3,23.77,38.05
"2026-02-10 20:15:00",545512,12.83,25.19,749.4,23.64,38.3
"2026-02-10 20:20:00",545513,12.82,25.11,749.4,23.57,38.82
"2026-02-10 20:25:00",545514,12.82,25.01,749.5,23.29,39.25
"2026-02-10 20:30:00",545515,12.82,24.88,749.6,23.08,39.49
"2026-02-10 20:35:00",545516,12.82,24.76,749.7,23.11,39.3
"2026-02-10 20:40:00",545517,12.82,24.62,749.8,22.98,39.35
"2026-02-10 20:45:00",545518,12.82,24.49,749.9,22.96,38.69
"2026-02-10 20:50:00",545519,12.82,24.26,750.1,22.79,38.87
"2026-02-10 20:55:00",545520,12.82,24.11,750.2,22.69,39.65
"2026-02-10 21:00:00",545521,12.81,23.98,750.2,22.57,40.55
"2026-02-10 21:05:00",545522,12.81,23.85,750.3,22.34,40.33
"2026-02-10 21:10:00",545523,12.81,23.67,750.3,22.18,41.41
"2026-02-10 21:15:00",545524,12.81,23.51,750.5,22.17,42.03
"2026-02-10 21:20:00",545525,12.81,23.33,750.5,21.94,42.16
"2026-02-10 21:25:00",545526,12.81,23.18,750.6,21.9,41.67
"2026-02-10 21:30:00",545527,12.81,23.02,750.6,21.8,41.76
"2026-02-10 21:35:00",545528,12.8,22.89,750.6,21.5,41.82
"2026-02-10 21:40:00",545529,12.8,22.74,750.6,21.29,43.83
"2026-02-10 21:45:00",545530,12.8,22.61,750.7,21.16,43.24
"2026-02-10 21:50:00",545531,12.8,22.48,750.7,21.08,42.81
"2026-02-10 21:55:00",545532,12.8,22.34,750.9,21.02,43.16
"2026-02-10 22:00:00",545533,12.8,22.2,750.9,20.93,43.15
"2026-02-10 22:05:00",545534,12.79,22.07,750.9,20.77,43.9
"2026-02-10 22:10:00",545535,12.79,21.97,750.9,20.82,44.74
"2026-02-10 22:15:00",545536,12.79,21.87,750.9,20.72,44.69
"2026-02-10 22:20:00",545537,12.79,21.79,751,20.5,46.23
"2026-02-10 22:25:00",545538,12.79,21.69,751.1,20.32,46.78
"2026-02-10 22:30:00",545539,12.79,21.58,751.1,20.18,47.27
"2026-02-10 22:35:00",545540,12.79,21.47,751.2,20.24,47.34
"2026-02-10 22:40:00",545541,12.78,21.42,751.2,20.41,46.85
"2026-02-10 22:45:00",545542,12.79,21.38,751.2,20.32,47.79
"2026-02-10 22:50:00",545543,12.8,21.27,751.2,20.45,47.37
"2026-02-10 22:55:00",545544,12.8,21.06,751.2,20.59,46.24
"2026-02-10 23:00:00",545545,12.8,21,751.2,20.72,46.32
"2026-02-10 23:05:00",545546,12.8,20.98,751.1,20.62,46.75
"2026-02-10 23:10:00",545547,12.8,20.98,751.1,20.49,47.88
"2026-02-10 23:15:00",545548,12.79,20.98,751.2,20.36,48.49
"2026-02-10 23:20:00",545549,12.79,20.97,751.3,20.46,48.7
"2026-02-10 23:25:00",545550,12.79,21,751.3,20.51,48.42
"2026-02-10 23:30:00",545551,12.79,21.02,751.2,20.56,48.65
"2026-02-10 23:35:00",545552,12.79,21.04,751.3,20.62,48.24
"2026-02-10 23:40:00",545553,12.79,21.04,751.2,20.76,48.1
"2026-02-10 23:45:00",545554,12.79,21.07,751.2,20.71,48.57
"2026-02-10 23:50:00",545555,12.79,21.09,751.1,20.77,48.14
"2026-02-10 23:55:00",545556,12.79,21.13,751.1,20.76,48.77
"2026-02-11 00:00:00",545557,12.78,21.09,751,20.66,51.87
"2026-02-11 00:05:00",545558,12.78,20.95,750.9,20.58,49.91
"2026-02-11 00:10:00",545559,12.78,20.83,750.9,20.62,49.66
"2026-02-11 00:15:00",545560,12.78,20.82,750.9,20.64,49.76
"2026-02-11 00:20:00",545561,12.78,20.9,750.8,20.6,50.63
"2026-02-11 00:25:00",545562,12.78,20.96,750.9,20.45,50.9
"2026-02-11 00:30:00",545563,12.78,20.99,750.8,20.37,51.2
"2026-02-11 00:35:00",545564,12.77,21.05,750.8,20.42,51.27
"2026-02-11 00:40:00",545565,12.78,21.11,750.8,20.37,51.76
"2026-02-11 00:45:00",545566,12.77,21.13,750.7,20.21,52.86
"2026-02-11 00:50:00",545567,12.77,21.15,750.7,20.07,54.05
"2026-02-11 00:55:00",545568,12.77,21.15,750.8,20.05,54.73
"2026-02-11 01:00:00",545569,12.77,21.14,750.7,19.87,56.98
"2026-02-11 01:05:00",545570,12.77,21.09,750.6,19.03,62.46
"2026-02-11 01:10:00",545571,12.77,21.01,750.6,19.13,60.16
"2026-02-11 01:15:00",545572,12.77,20.84,750.6,19.27,60.69
"2026-02-11 01:20:00",545573,12.77,20.73,750.6,19.38,59.13
"2026-02-11 01:25:00",545574,12.77,20.67,750.6,19.39,57.92
"2026-02-11 01:30:00",545575,12.76,20.63,750.6,19.26,58.72
"2026-02-11 01:35:00",545576,12.76,20.56,750.5,19.18,58.71
"2026-02-11 01:40:00",545577,12.76,20.52,750.4,19.15,59.16
"2026-02-11 01:45:00",545578,12.76,20.46,750.3,19.21,58.26
"2026-02-11 01:50:00",545579,12.76,20.4,750.3,19.24,57.77
"2026-02-11 01:55:00",545580,12.75,20.33,750.3,19.38,57.03
"2026-02-11 02:00:00",545581,12.75,20.26,750.2,19.41,57.49
"2026-02-11 02:05:00",545582,12.75,20.2,750.2,19.2,59.87
"2026-02-11 02:10:00",545583,12.75,20.14,750.2,19.1,60.97
"2026-02-11 02:15:00",545584,12.75,20.11,750.1,19.07,59.96
"2026-02-11 02:20:00",545585,12.74,20.08,750,18.92,59.55
"2026-02-11 02:25:00",545586,12.74,20.04,749.9,18.98,58.83
"2026-02-11 02:30:00",545587,12.74,20,750,19.18,58.47
"2026-02-11 02:35:00",545588,12.74,19.96,749.9,19.16,59.34
"2026-02-11 02:40:00",545589,12.74,19.92,749.9,19.24,58.48
"2026-02-11 02:45:00",545590,12.73,19.89,749.9,19.2,59.11
"2026-02-11 02:50:00",545591,12.73,19.88,749.9,19.2,57.89
"2026-02-11 02:55:00",545592,12.73,19.88,749.8,19.01,59.96
"2026-02-11 03:00:00",545593,12.73,19.86,749.8,18.83,62.49
"2026-02-11 03:05:00",545594,12.72,19.86,749.8,18.83,61.59
"2026-02-11 03:10:00",545595,12.71,19.82,749.8,19.14,58.85
"2026-02-11 03:15:00",545596,12.71,19.81,749.8,19.24,57.98
"2026-02-11 03:20:00",545597,12.71,19.78,749.9,19.14,58.76
"2026-02-11 03:25:00",545598,12.71,19.78,749.8,19.14,58.67
"2026-02-11 03:30:00",545599,12.7,19.79,749.8,19.18,58.74
"2026-02-11 03:35:00",545600,12.7,19.77,749.8,19.03,58.71
"2026-02-11 03:40:00",545601,12.7,19.76,749.8,18.95,59.19
"2026-02-11 03:45:00",545602,12.7,19.77,749.8,19.06,59.63
"2026-02-11 03:50:00",545603,12.7,19.75,749.7,19.22,58.47
"2026-02-11 03:55:00",545604,12.7,19.74,749.7,19.23,58.72
"2026-02-11 04:00:00",545605,12.69,19.74,749.7,19.06,59.57
"2026-02-11 04:05:00",545606,12.69,19.75,749.8,19,60.32
"2026-02-11 04:10:00",545607,12.69,19.74,749.7,18.86,61.32
"2026-02-11 04:15:00",545608,12.69,19.73,749.7,18.71,62.83
"2026-02-11 04:20:00",545609,12.69,19.7,749.7,18.55,64.65
"2026-02-11 04:25:00",545610,12.69,19.65,749.7,18.39,65.48
"2026-02-11 04:30:00",545611,12.68,19.61,749.8,18.32,65.32
"2026-02-11 04:35:00",545612,12.68,19.56,749.8,18.38,64.86
"2026-02-11 04:40:00",545613,12.68,19.52,749.8,18.39,64.8
"2026-02-11 04:45:00",545614,12.68,19.47,749.8,18.33,65.21
"2026-02-11 04:50:00",545615,12.68,19.43,749.8,18.33,64.79
"2026-02-11 04:55:00",545616,12.68,19.37,749.8,18.38,64.5
"2026-02-11 05:00:00",545617,12.68,19.35,749.9,18.55,64.2
"2026-02-11 05:05:00",545618,12.68,19.34,750,18.44,65.9
"2026-02-11 05:10:00",545619,12.67,19.35,750,18.49,65.73
"2026-02-11 05:15:00",545620,12.67,19.35,750,18.59,65.31
"2026-02-11 05:20:00",545621,12.67,19.35,750.1,18.63,63.95
"2026-02-11 05:25:00",545622,12.67,19.36,750.1,18.66,62.64
"2026-02-11 05:30:00",545623,12.67,19.35,750.1,18.58,62.54
"2026-02-11 05:35:00",545624,12.67,19.33,750.1,18.53,63.04
"2026-02-11 05:40:00",545625,12.67,19.28,750.2,18.56,62.77
"2026-02-11 05:45:00",545626,12.66,19.23,750.3,18.55,62.89
"2026-02-11 05:50:00",545627,12.67,19.18,750.3,18.51,63.21
"2026-02-11 05:55:00",545628,12.67,19.14,750.3,18.49,63.39
"2026-02-11 06:00:00",545629,12.65,19.22,750.4,18.45,63.59
"2026-02-11 06:05:00",545630,12.65,19.41,750.5,18.5,63.27
"2026-02-11 06:10:00",545631,12.64,19.49,750.6,18.57,63.25
"2026-02-11 06:15:00",545632,12.64,19.61,750.6,18.53,63.06
"2026-02-11 06:20:00",545633,12.65,19.68,750.6,18.6,62.15
"2026-02-11 06:25:00",545634,12.67,19.75,750.7,18.65,62.34
"2026-02-11 06:30:00",545635,12.71,19.8,750.8,18.7,61.74
"2026-02-11 06:35:00",545636,12.73,19.86,750.8,18.87,61.44
"2026-02-11 06:40:00",545637,12.76,19.91,750.9,18.65,63.08
"2026-02-11 06:45:00",545638,12.8,19.96,751,18.47,65.73
"2026-02-11 06:50:00",545639,12.86,20.02,751.1,18.53,63.6
"2026-02-11 06:55:00",545640,12.94,20.07,751.1,18.57,63.43
"2026-02-11 07:00:00",545641,13.06,20.16,751.2,18.7,62.46
"2026-02-11 07:05:00",545642,13.19,20.25,751.3,18.93,63.22
"2026-02-11 07:10:00",545643,13.26,20.36,751.4,18.99,61.82
"2026-02-11 07:15:00",545644,13.48,20.59,751.5,19.43,62.8
"2026-02-11 07:20:00",545645,13.51,20.8,751.5,20.08,60.1
"2026-02-11 07:25:00",545646,13.72,21.98,751.5,20.28,62.52
"2026-02-11 07:30:00",545647,13.7,22.94,751.5,20.45,59.12
"2026-02-11 07:35:00",545648,13.67,23.61,751.6,20.88,58.27
"2026-02-11 07:40:00",545649,13.67,24.22,751.5,20.08,59.43
"2026-02-11 07:45:00",545650,13.65,24.78,751.6,20.31,56.34
"2026-02-11 07:50:00",545651,13.65,25.36,751.7,20.54,58.74
"2026-02-11 07:55:00",545652,13.62,25.89,751.7,20.92,57.27
"2026-02-11 08:00:00",545653,13.62,26.38,751.7,21.95,53.42
"2026-02-11 08:05:00",545654,13.62,26.79,751.8,22.05,51.87
"2026-02-11 08:10:00",545655,13.6,27.1,751.8,21.19,54.55
"2026-02-11 08:15:00",545656,13.6,27.21,751.8,20.9,55.94
"2026-02-11 08:20:00",545657,13.6,27.32,751.8,21.91,51.85
"2026-02-11 08:25:00",545658,13.6,27.58,751.8,22.41,50.4
"2026-02-11 08:30:00",545659,13.6,27.95,751.8,23.33,48.37
"2026-02-11 08:35:00",545660,13.57,28.32,751.8,22.79,50.08
"2026-02-11 08:40:00",545661,13.57,28.75,751.8,23.19,48.48
"2026-02-11 08:45:00",545662,13.57,29.26,751.9,23.95,46.66
"2026-02-11 08:50:00",545663,13.55,29.87,751.9,24.45,45.62
"2026-02-11 08:55:00",545664,13.55,30.52,751.9,22.57,49.79
"2026-02-11 09:00:00",545665,13.53,30.88,751.9,22.97,49.34
"2026-02-11 09:05:00",545666,13.53,31.2,752,23.86,47.83
"2026-02-11 09:10:00",545667,13.53,31.56,752,24.25,46.47
"2026-02-11 09:15:00",545668,13.5,31.92,752,24.09,46.54
"2026-02-11 09:20:00",545669,13.5,32.23,752,22.96,48.48
"2026-02-11 09:25:00",545670,13.51,32.49,752,24.02,46.25
"2026-02-11 09:30:00",545671,13.5,32.75,752,23.69,47.01
"2026-02-11 09:35:00",545672,13.48,32.99,752,22.79,49.63
"2026-02-11 09:40:00",545673,13.48,33.17,752,22.67,49.68
"2026-02-11 09:45:00",545674,13.48,33.2,751.9,23.61,47.51
"2026-02-11 09:50:00",545675,13.48,33.33,751.8,23.96,46.34
"2026-02-11 09:55:00",545676,13.48,33.59,751.8,24.55,44.83
"2026-02-11 10:00:00",545677,13.46,33.87,751.7,23.6,45.91
"2026-02-11 10:05:00",545678,13.46,34,751.7,24.51,44.63
"2026-02-11 10:10:00",545679,13.46,34.09,751.6,24.93,43.15
"2026-02-11 10:15:00",545680,13.46,34.18,751.5,24.83,44.24
"2026-02-11 10:20:00",545681,13.46,34.24,751.5,24.38,44.97
"2026-02-11 10:25:00",545682,13.46,34.38,751.4,24.9,43.73
"2026-02-11 10:30:00",545683,13.46,34.6,751.3,25.81,40.11
"2026-02-11 10:35:00",545684,13.46,34.94,751.3,25.59,40.28
"2026-02-11 10:40:00",545685,13.46,35.19,751.2,25.71,40.17
"2026-02-11 10:45:00",545686,13.43,35.39,751.2,25.69,38.45
"2026-02-11 10:50:00",545687,13.44,35.63,751.1,26.16,37.83
"2026-02-11 10:55:00",545688,13.44,35.89,751.1,25.95,37.88
"2026-02-11 11:00:00",545689,13.44,36.03,751,25.72,38.45
"2026-02-11 11:05:00",545690,13.44,36.14,750.9,25.22,41.1
"2026-02-11 11:10:00",545691,13.44,36.26,750.8,25.36,38.28
"2026-02-11 11:15:00",545692,13.44,36.36,750.7,26.52,36.07
"2026-02-11 11:20:00",545693,13.41,36.57,750.6,26.7,36.13
"2026-02-11 11:25:00",545694,13.41,36.85,750.6,26.57,36.15
"2026-02-11 11:30:00",545695,13.41,37.01,750.5,25.65,36.79
"2026-02-11 11:35:00",545696,13.41,37.01,750.4,25.09,38.75
"2026-02-11 11:40:00",545697,13.41,36.75,750.4,25.76,37.46
"2026-02-11 11:45:00",545698,13.41,36.6,750.3,27.17,35.2
"2026-02-11 11:50:00",545699,13.41,36.78,750.2,27.82,33.45
"2026-02-11 11:55:00",545700,13.42,37.14,750.1,27.76,33.98
"2026-02-11 12:00:00",545701,13.42,37.41,750,26.71,35.59
"2026-02-11 12:05:00",545702,13.41,37.34,749.9,26.92,36.68
"2026-02-11 12:10:00",545703,13.42,37.02,749.8,24.7,40.75
"2026-02-11 12:15:00",545704,13.42,36.43,749.8,25.85,37.21
"2026-02-11 12:20:00",545705,13.42,35.87,749.7,26.1,36.73
"2026-02-11 12:25:00",545706,13.41,35.29,749.7,25.77,38.59
"2026-02-11 12:30:00",545707,13.41,34.59,749.7,24.45,42.19
"2026-02-11 12:35:00",545708,13.3,33.3,749.7,24.29,43.08
"2026-02-11 12:40:00",545709,13.17,31.98,749.6,22.49,46.28
"2026-02-11 12:45:00",545710,13.11,30.58,749.6,19.92,62.25
"2026-02-11 12:50:00",545711,13.1,28.62,750,17.61,77.16
"2026-02-11 12:55:00",545712,13.16,26.54,750.3,16.2,78.84
"2026-02-11 13:00:00",545713,13.66,24.28,749.8,14.24,87.7
"2026-02-11 13:05:00",545714,13.66,23.26,749.8,14.66,84.6
"2026-02-11 13:10:00",545715,13.66,22.37,749.8,16.24,77.92
"2026-02-11 13:15:00",545716,13.66,21.77,749.8,16.71,75.68
"2026-02-11 13:20:00",545717,13.66,21.44,749.7,17.16,75.8
"2026-02-11 13:25:00",545718,13.66,21.29,749.7,17.69,70.28
"2026-02-11 13:30:00",545719,13.66,21.22,749.8,18.01,69.58
"2026-02-11 13:35:00",545720,13.66,21.25,749.8,17.42,79.43
"2026-02-11 13:40:00",545721,13.67,21.33,749.7,17.43,77.16
"2026-02-11 13:45:00",545722,13.67,21.49,749.8,17.46,76.12
"2026-02-11 13:50:00",545723,13.67,21.61,749.9,17.85,76.42
"2026-02-11 13:55:00",545724,13.66,21.73,750.1,18.35,74.73
"2026-02-11 14:00:00",545725,13.67,21.76,750.1,18.15,72.28
"2026-02-11 14:05:00",545726,13.67,21.71,750.1,18.03,70.78
"2026-02-11 14:10:00",545727,13.67,21.63,749.9,18.26,68.05
"2026-02-11 14:15:00",545728,13.67,21.52,749.9,18.31,63.47
"2026-02-11 14:20:00",545729,13.67,21.46,750,18.54,63.51
"2026-02-11 14:25:00",545730,13.67,21.52,749.9,18.71,65.77
"2026-02-11 14:30:00",545731,13.67,21.67,749.8,18.94,60.15
"2026-02-11 14:35:00",545732,13.67,21.95,749.6,19.36,61.31
"2026-02-11 14:40:00",545733,13.67,22.33,749.4,19.85,59.27
"2026-02-11 14:45:00",545734,13.67,22.74,749.4,20.09,57.75
"2026-02-11 14:50:00",545735,13.67,23.17,749.3,20.37,55.71
"2026-02-11 14:55:00",545736,13.67,23.6,749.4,20.86,55.1
"2026-02-11 15:00:00",545737,13.67,24.01,749.3,20.72,54.27
"2026-02-11 15:05:00",545738,13.67,24.4,749.3,20.64,55.37
"2026-02-11 15:10:00",545739,13.64,24.75,749.1,21,55.77
"2026-02-11 15:15:00",545740,13.65,25.07,749,20.82,58.17
"2026-02-11 15:20:00",545741,13.65,25.33,748.9,20.15,57.91
"2026-02-11 15:25:00",545742,13.65,25.48,748.8,20.18,61.05
"2026-02-11 15:30:00",545743,13.65,25.56,748.8,21.1,57.26
"2026-02-11 15:35:00",545744,13.65,25.68,748.7,21.43,55.74
"2026-02-11 15:40:00",545745,13.62,25.88,748.6,21.49,57.38
"2026-02-11 15:45:00",545746,13.62,26.01,748.5,21.27,55.46
"2026-02-11 15:50:00",545747,13.62,26.19,748.4,22.03,51.68
"2026-02-11 15:55:00",545748,13.62,26.44,748.2,23.15,50.31
"2026-02-11 16:00:00",545749,13.6,26.85,748.1,23.45,49.72
"2026-02-11 16:05:00",545750,13.6,27.34,748.1,24.93,45.39
"2026-02-11 16:10:00",545751,13.6,27.91,748.1,23.79,43.67
"2026-02-11 16:15:00",545752,13.57,28.45,748,24.68,40.32
"2026-02-11 16:20:00",545753,13.57,28.97,747.9,24.48,43.36
"2026-02-11 16:25:00",545754,13.57,29.47,747.9,23.65,45.95
"2026-02-11 16:30:00",545755,13.54,29.92,747.9,24.97,43.48
"2026-02-11 16:35:00",545756,13.55,30.43,747.8,24.4,45.04
"2026-02-11 16:40:00",545757,13.52,30.96,747.8,24.7,44.04
"2026-02-11 16:45:00",545758,13.52,31.47,747.8,25.06,44.56
"2026-02-11 16:50:00",545759,13.52,31.88,747.7,24.38,45.29
"2026-02-11 16:55:00",545760,13.49,32.06,747.7,24.22,45.56
"2026-02-11 17:00:00",545761,13.49,32.05,747.7,24.15,45.49
"2026-02-11 17:05:00",545762,13.49,32.03,747.7,24.54,44.66
"2026-02-11 17:10:00",545763,13.49,32.13,747.6,24.82,40.85
"2026-02-11 17:15:00",545764,13.49,32.21,747.6,24.75,41.31
"2026-02-11 17:20:00",545765,13.49,32.3,747.6,24.54,42.69
"2026-02-11 17:25:00",545766,13.49,32.24,747.6,24.11,44.55
"2026-02-11 17:30:00",545767,13.49,31.99,747.6,23.98,44.15
"2026-02-11 17:35:00",545768,13.49,31.69,747.6,24.07,45.22
"2026-02-11 17:40:00",545769,13.49,31.51,747.7,24.58,43.44
"2026-02-11 17:45:00",545770,13.49,31.43,747.7,24.5,43.17
"2026-02-11 17:50:00",545771,13.49,31.39,747.7,24.33,42.89
"2026-02-11 17:55:00",545772,13.43,30.86,747.7,23.95,43.24
"2026-02-11 18:00:00",545773,13.32,30.42,747.7,23.82,42.54
"2026-02-11 18:05:00",545774,13.22,30.02,747.7,23.8,41.43
"2026-02-11 18:10:00",545775,13.17,29.52,747.7,23.57,42.87
"2026-02-11 18:15:00",545776,13.11,29.11,747.7,23.57,44.2
"2026-02-11 18:20:00",545777,13.06,28.68,747.8,23.08,45.75
"2026-02-11 18:25:00",545778,13.01,28.16,747.8,22.82,46.52
"2026-02-11 18:30:00",545779,12.98,27.56,747.8,22.66,48.57
"2026-02-11 18:35:00",545780,12.97,26.96,747.8,22.45,48.95
"2026-02-11 18:40:00",545781,12.94,26.42,747.9,22.37,48.88
"2026-02-11 18:45:00",545782,12.91,25.91,748,22.35,49.13
"2026-02-11 18:50:00",545783,12.89,25.49,748.1,22.36,50.02
"2026-02-11 18:55:00",545784,12.88,25.17,748.2,22.26,50.42
"2026-02-11 19:00:00",545785,12.88,24.86,748.2,22.17,50.21
"2026-02-11 19:05:00",545786,12.87,24.56,748.3,22.17,50.5
"2026-02-11 19:10:00",545787,12.87,24.32,748.4,22.23,51.96
"2026-02-11 19:15:00",545788,12.86,24.15,748.5,22.37,49.7
"2026-02-11 19:20:00",545789,12.86,24,748.6,21.99,51.86
"2026-02-11 19:25:00",545790,12.86,23.86,748.6,21.93,52.23
"2026-02-11 19:30:00",545791,12.85,23.78,748.6,21.67,54.1
"2026-02-11 19:35:00",545792,12.85,23.65,748.7,21.65,54.06
"2026-02-11 19:40:00",545793,12.85,23.51,748.8,21.44,55.71
"2026-02-11 19:45:00",545794,12.85,23.35,748.9,21.29,56.83
"2026-02-11 19:50:00",545795,12.84,23.2,748.9,21.14,57.42
"2026-02-11 19:55:00",545796,12.84,23.06,749.1,21.13,56.59
"2026-02-11 20:00:00",545797,12.84,22.92,749.1,20.86,58.79
"2026-02-11 20:05:00",545798,12.83,22.76,749.2,20.65,57.78
"2026-02-11 20:10:00",545799,12.83,22.6,749.2,20.68,58.42
"2026-02-11 20:15:00",545800,12.83,22.44,749.3,20.56,57.98
"2026-02-11 20:20:00",545801,12.83,22.32,749.4,20.44,57.87
"2026-02-11 20:25:00",545802,12.83,22.2,749.5,20.42,57.68
"2026-02-11 20:30:00",545803,12.82,22.11,749.6,20.44,58.36
"2026-02-11 20:35:00",545804,12.82,22.02,749.6,20.3,57.35
"2026-02-11 20:40:00",545805,12.82,21.94,749.5,20.45,55.96
"2026-02-11 20:45:00",545806,12.82,21.85,749.6,20.39,55.86
"2026-02-11 20:50:00",545807,12.82,21.75,749.7,20.24,57.74
"2026-02-11 20:55:00",545808,12.81,21.63,749.9,20.25,57.16
"2026-02-11 21:00:00",545809,12.81,21.46,749.9,20.12,58.61
"2026-02-11 21:05:00",545810,12.81,21.28,750,19.95,60.98
"2026-02-11 21:10:00",545811,12.81,21.13,750,19.77,60.05
"2026-02-11 21:15:00",545812,12.81,20.99,750.1,19.96,58.28
"2026-02-11 21:20:00",545813,12.8,20.83,750.1,19.83,61.12
"2026-02-11 21:25:00",545814,12.8,20.71,750.2,19.83,58.26
"2026-02-11 21:30:00",545815,12.8,20.58,750.2,20.02,57.28
"2026-02-11 21:35:00",545816,12.8,20.48,750.2,19.92,59.19
"2026-02-11 21:40:00",545817,12.8,20.4,750.2,19.84,56.95
"2026-02-11 21:45:00",545818,12.79,20.31,750.4,19.69,60.28
"2026-02-11 21:50:00",545819,12.79,20.26,750.4,19.7,56.4
"2026-02-11 21:55:00",545820,12.79,20.17,750.4,19.56,61.43
"2026-02-11 22:00:00",545821,12.79,20.09,750.6,19.09,65.13
"2026-02-11 22:05:00",545822,12.79,19.99,750.7,19.03,61.17
"2026-02-11 22:10:00",545823,12.79,19.9,750.8,19.11,60.03
"2026-02-11 22:15:00",545824,12.79,19.88,750.9,19.25,57.41
"2026-02-11 22:20:00",545825,12.79,19.86,751,19.63,57.5
"2026-02-11 22:25:00",545826,12.79,19.87,751,19.31,60.46
"2026-02-11 22:30:00",545827,12.78,19.88,751.1,19,62.58
"2026-02-11 22:35:00",545828,12.78,19.86,751,18.89,64.44
"2026-02-11 22:40:00",545829,12.78,19.86,751.1,19.22,57.59
"2026-02-11 22:45:00",545830,12.78,19.9,751.1,19.04,58.5
"2026-02-11 22:50:00",545831,12.78,19.9,751.1,18.63,60.26
"2026-02-11 22:55:00",545832,12.78,19.89,751.1,18.39,61.96
"2026-02-11 23:00:00",545833,12.77,19.84,751.1,18.31,62.64
"2026-02-11 23:05:00",545834,12.77,19.78,751.2,18.17,63.57
"2026-02-11 23:10:00",545835,12.77,19.69,751.2,17.99,64.2
"2026-02-11 23:15:00",545836,12.77,19.63,751.1,17.92,64.89
"2026-02-11 23:20:00",545837,12.77,19.53,751.1,17.93,64.98
"2026-02-11 23:25:00",545838,12.77,19.44,751.1,17.83,65.83
"2026-02-11 23:30:00",545839,12.76,19.35,751.1,17.95,66.2
"2026-02-11 23:35:00",545840,12.76,19.27,751.1,17.79,66.26
"2026-02-11 23:40:00",545841,12.76,19.21,751.1,17.99,64.97
"2026-02-11 23:45:00",545842,12.77,19.05,751,17.88,67.28
"2026-02-11 23:50:00",545843,12.76,18.98,751,17.69,67.04
"2026-02-11 23:55:00",545844,12.76,18.91,750.9,17.59,67.52
"2026-02-12 00:00:00",545845,12.76,18.88,750.9,17.45,67.99
"2026-02-12 00:05:00",545846,12.76,18.77,750.9,17.4,68.71
"2026-02-12 00:10:00",545847,12.76,18.7,750.9,17.31,69.86
"2026-02-12 00:15:00",545848,12.76,18.65,750.8,17.39,69.99
"2026-02-12 00:20:00",545849,12.75,18.59,750.9,17.37,69.96
"2026-02-12 00:25:00",545850,12.75,18.54,750.8,17.27,69.79
"2026-02-12 00:30:00",545851,12.75,18.53,750.8,17.25,70.11
"2026-02-12 00:35:00",545852,12.75,18.48,750.8,17.13,70.87
"2026-02-12 00:40:00",545853,12.75,18.42,750.8,17.09,70.51
"2026-02-12 00:45:00",545854,12.74,18.34,750.7,17.05,70.16
"2026-02-12 00:50:00",545855,12.74,18.28,750.8,17.2,68.71
"2026-02-12 00:55:00",545856,12.74,18.25,750.8,17.17,68.47
"2026-02-12 01:00:00",545857,12.74,18.18,750.8,17.07,68.91
"2026-02-12 01:05:00",545858,12.74,18.17,750.8,16.95,68.89
"2026-02-12 01:10:00",545859,12.73,18.1,750.8,16.99,69.3
"2026-02-12 01:15:00",545860,12.73,18.06,750.8,16.96,73.2
"2026-02-12 01:20:00",545861,12.73,18,750.7,16.67,75.92
"2026-02-12 01:25:00",545862,12.73,17.92,750.7,16.52,76.8
"2026-02-12 01:30:00",545863,12.73,17.86,750.6,16.54,75.93
"2026-02-12 01:35:00",545864,12.72,17.81,750.5,16.58,74.66
"2026-02-12 01:40:00",545865,12.72,17.74,750.5,16.57,74.55
"2026-02-12 01:45:00",545866,12.72,17.69,750.4,16.7,73
"2026-02-12 01:50:00",545867,12.72,17.66,750.4,16.89,71.06
"2026-02-12 01:55:00",545868,12.72,17.62,750.4,16.91,72.32
"2026-02-12 02:00:00",545869,12.71,17.58,750.4,16.78,73.39
"2026-02-12 02:05:00",545870,12.71,17.55,750.4,16.58,73.35
"2026-02-12 02:10:00",545871,12.71,17.48,750.4,16.44,71.72
"2026-02-12 02:15:00",545872,12.71,17.43,750.3,16.48,72.39
"2026-02-12 02:20:00",545873,12.7,17.37,750.2,16.69,70.55
"2026-02-12 02:25:00",545874,12.7,17.32,750.1,16.58,70.16
"2026-02-12 02:30:00",545875,12.7,17.23,750.1,16.75,69.14
"2026-02-12 02:35:00",545876,12.69,17.19,750.1,16.61,70.8
"2026-02-12 02:40:00",545877,12.69,17.14,750.1,16.58,69.41
"2026-02-12 02:45:00",545878,12.69,17.1,750.2,16.49,70.55
"2026-02-12 02:50:00",545879,12.69,17.08,750.2,16.38,70.44
"2026-02-12 02:55:00",545880,12.69,17.01,750.2,16.25,71.42
"2026-02-12 03:00:00",545881,12.68,16.98,750.2,16.08,73.42
"2026-02-12 03:05:00",545882,12.68,16.91,750.3,15.94,74.14
"2026-02-12 03:10:00",545883,12.68,16.85,750.3,16.01,73.04
"2026-02-12 03:15:00",545884,12.67,16.83,750.2,16.12,73.46
"2026-02-12 03:20:00",545885,12.67,16.83,750.2,16.31,73.58
"2026-02-12 03:25:00",545886,12.67,16.87,750.3,16.16,74.29
"2026-02-12 03:30:00",545887,12.66,16.9,750.3,16,75.59
"2026-02-12 03:35:00",545888,12.66,16.92,750.2,15.82,76.37
"2026-02-12 03:40:00",545889,12.66,16.9,750.1,15.75,76.64
"2026-02-12 03:45:00",545890,12.65,16.88,750.1,15.67,76.43
"2026-02-12 03:50:00",545891,12.65,16.86,749.9,15.58,76.94
"2026-02-12 03:55:00",545892,12.65,16.81,749.9,15.64,74.59
"2026-02-12 04:00:00",545893,12.65,16.76,750,15.53,76.68
"2026-02-12 04:05:00",545894,12.64,16.73,750.1,15.5,78.41
"2026-02-12 04:10:00",545895,12.64,16.65,750.2,15.62,77.43
"2026-02-12 04:15:00",545896,12.64,16.63,750.2,15.64,76.64
"2026-02-12 04:20:00",545897,12.63,16.61,750.2,15.54,77.18
"2026-02-12 04:25:00",545898,12.63,16.59,750.4,15.66,74.73
"2026-02-12 04:30:00",545899,12.63,16.58,750.5,15.92,74.05
"2026-02-12 04:35:00",545900,12.62,16.57,750.5,16,75.03
"2026-02-12 04:40:00",545901,12.62,16.58,750.5,15.9,74.61
"2026-02-12 04:45:00",545902,12.62,16.6,750.6,15.73,74.32
"2026-02-12 04:50:00",545903,12.61,16.62,750.6,15.74,73.27
"2026-02-12 04:55:00",545904,12.61,16.63,750.7,15.81,72.6
"2026-02-12 05:00:00",545905,12.6,16.63,750.7,15.72,73.89
"2026-02-12 05:05:00",545906,12.6,16.65,750.7,15.84,73.38
"2026-02-12 05:10:00",545907,12.6,16.66,750.8,15.92,73.96
"2026-02-12 05:15:00",545908,12.62,16.69,750.9,15.84,75.42
"2026-02-12 05:20:00",545909,12.61,16.64,751,15.8,76.71
"2026-02-12 05:25:00",545910,12.61,16.6,751,15.69,76.79
"2026-02-12 05:30:00",545911,12.61,16.57,751,15.68,76.26
"2026-02-12 05:35:00",545912,12.61,16.57,751.1,15.78,75.29
"2026-02-12 05:40:00",545913,12.61,16.53,751.2,15.78,74.81
"2026-02-12 05:45:00",545914,12.61,16.54,751.2,15.82,72.57
"2026-02-12 05:50:00",545915,12.6,16.54,751.3,15.97,74.57
"2026-02-12 05:55:00",545916,12.6,16.54,751.3,15.74,75.57
"2026-02-12 06:00:00",545917,12.6,16.55,751.4,15.54,76.59
"2026-02-12 06:05:00",545918,12.6,16.52,751.3,15.34,77.06
"2026-02-12 06:10:00",545919,12.59,16.47,751.3,15.3,77.95
"2026-02-12 06:15:00",545920,12.59,16.45,751.3,15.38,78.1
"2026-02-12 06:20:00",545921,12.59,16.4,751.3,15.42,77.89
"2026-02-12 06:25:00",545922,12.59,16.37,751.3,15.52,77.77
"2026-02-12 06:30:00",545923,12.59,16.39,751.4,15.67,78.08
"2026-02-12 06:35:00",545924,12.59,16.46,751.6,15.63,77.57
"2026-02-12 06:40:00",545925,12.59,16.51,751.7,15.68,77.13
"2026-02-12 06:45:00",545926,12.6,16.58,751.7,15.65,77.21
"2026-02-12 06:50:00",545927,12.61,16.63,751.8,15.68,77.33
"2026-02-12 06:55:00",545928,12.64,16.68,752,15.76,77.79
"2026-02-12 07:00:00",545929,12.66,16.73,752.2,15.86,77.17
"2026-02-12 07:05:00",545930,12.68,16.83,752.2,15.81,75.3
"2026-02-12 07:10:00",545931,12.72,16.91,752.3,15.66,73.96
"2026-02-12 07:15:00",545932,12.76,17.01,752.4,15.66,73.71
"2026-02-12 07:20:00",545933,12.76,17.08,752.5,15.78,73.28
"2026-02-12 07:25:00",545934,12.73,17.14,752.6,15.82,71.57
"2026-02-12 07:30:00",545935,12.74,17.2,752.7,15.86,74.35
"2026-02-12 07:35:00",545936,12.72,17.29,752.8,15.8,74.79
"2026-02-12 07:40:00",545937,12.74,17.38,752.9,15.68,75.55
"2026-02-12 07:45:00",545938,12.69,17.42,753,15.72,75.31
"2026-02-12 07:50:00",545939,12.68,17.46,753.1,16.01,72.49
"2026-02-12 07:55:00",545940,12.76,17.56,753.2,16.42,66.05
"2026-02-12 08:00:00",545941,12.81,17.68,753.3,16.3,63.79
"2026-02-12 08:05:00",545942,12.74,17.6,753.5,15.76,62.96
"2026-02-12 08:10:00",545943,12.64,17.47,753.8,15.36,64.78
"2026-02-12 08:15:00",545944,12.69,17.3,753.8,15.12,70.2
"2026-02-12 08:20:00",545945,12.83,17.06,753.9,14.26,76.97
"2026-02-12 08:25:00",545946,12.84,16.69,754,13.43,81.1
"2026-02-12 08:30:00",545947,12.8,16.22,754.3,13.28,84
"2026-02-12 08:35:00",545948,12.83,15.83,754.4,13.03,85.8
"2026-02-12 08:40:00",545949,12.87,15.51,754.5,13.27,85.3
"2026-02-12 08:45:00",545950,12.97,15.27,754.7,13.07,85.7
"2026-02-12 08:50:00",545951,13.13,15.1,754.8,12.92,86.8
"2026-02-12 08:55:00",545952,13.19,14.94,754.8,13.39,83
"2026-02-12 09:00:00",545953,13.2,14.77,754.7,13.54,79.35
"2026-02-12 09:05:00",545954,13.23,14.63,754.7,13.43,79.38
"2026-02-12 09:10:00",545955,13.28,14.53,754.7,13.36,79.8
"2026-02-12 09:15:00",545956,13.32,14.44,754.6,13.32,80.6
"2026-02-12 09:20:00",545957,13.35,14.36,754.6,13.35,81.3
"2026-02-12 09:25:00",545958,13.41,14.37,754.8,13.42,84
"2026-02-12 09:30:00",545959,13.46,14.39,754.8,12.79,84.6
"2026-02-12 09:35:00",545960,13.53,14.39,754.6,12.44,85.7
"2026-02-12 09:40:00",545961,13.67,14.45,754.4,12.42,87.8
"2026-02-12 09:45:00",545962,13.7,14.51,754.4,12.58,90.1
"2026-02-12 09:50:00",545963,13.7,14.53,754.5,12.85,91.1
"2026-02-12 09:55:00",545964,13.84,15.09,754.5,12.89,91
"2026-02-12 10:00:00",545965,13.85,16.07,754.5,12.78,88.8
"2026-02-12 10:05:00",545966,13.85,16.47,754.5,13.09,88.4
"2026-02-12 10:10:00",545967,13.82,16.7,754.5,13.6,86.4
"2026-02-12 10:15:00",545968,13.82,16.88,754.4,13.9,81.9
"2026-02-12 10:20:00",545969,13.82,17.08,754.3,14.33,81.8
"2026-02-12 10:25:00",545970,13.82,17.3,754.2,14.51,78.75
"2026-02-12 10:30:00",545971,13.82,17.55,754.2,14.65,80.1
"2026-02-12 10:35:00",545972,13.79,17.88,754.2,14.94,78.12
"2026-02-12 10:40:00",545973,13.79,18.28,754.1,15.38,76.54
"2026-02-12 10:45:00",545974,13.8,18.75,754.1,15.7,75.45
"2026-02-12 10:50:00",545975,13.77,19.21,754.1,15.51,73.17
"2026-02-12 10:55:00",545976,13.77,19.55,754.1,15.7,72.09
"2026-02-12 11:00:00",545977,13.77,19.86,754,15.48,72.56
"2026-02-12 11:05:00",545978,13.74,20.13,753.9,15.95,69.37
"2026-02-12 11:10:00",545979,13.74,20.45,753.8,16.34,68.23
"2026-02-12 11:15:00",545980,13.74,20.77,753.8,16.5,68.17
"2026-02-12 11:20:00",545981,13.74,21.12,753.7,17.53,64.09
"2026-02-12 11:25:00",545982,13.72,21.57,753.6,18.51,65.12
"2026-02-12 11:30:00",545983,13.71,22.11,753.5,18.33,59.94
"2026-02-12 11:35:00",545984,13.71,22.6,753.4,17.56,62.49
"2026-02-12 11:40:00",545985,13.69,23.03,753.2,18.35,58.88
"2026-02-12 11:45:00",545986,13.68,23.47,753.2,18,60.19
"2026-02-12 11:50:00",545987,13.66,23.88,753.1,18.89,59.54
"2026-02-12 11:55:00",545988,13.66,24.27,752.9,19.09,57.93
"2026-02-12 12:00:00",545989,13.66,24.57,752.8,18.36,58.34
"2026-02-12 12:05:00",545990,13.66,24.76,752.7,18.31,57.42
"2026-02-12 12:10:00",545991,13.66,24.84,752.5,18.77,57
"2026-02-12 12:15:00",545992,13.66,24.95,752.4,19.4,58.59
"2026-02-12 12:20:00",545993,13.63,25.1,752.3,19.39,58.22
"2026-02-12 12:25:00",545994,13.63,25.24,752.2,19.8,59.6
"2026-02-12 12:30:00",545995,13.63,25.43,752.1,20.28,56.83
"2026-02-12 12:35:00",545996,13.63,25.68,752,19.96,55.61
"2026-02-12 12:40:00",545997,13.63,25.85,751.9,19.74,59.34
"2026-02-12 12:45:00",545998,13.63,25.96,751.8,19.7,56.65
"2026-02-12 12:50:00",545999,13.63,26.03,751.7,20.41,56.02
"2026-02-12 12:55:00",546000,13.63,26.17,751.5,20.36,56.44
"2026-02-12 13:00:00",546001,13.63,26.3,751.4,20.42,54.54
"2026-02-12 13:05:00",546002,13.61,26.53,751.3,21.17,52.65
"2026-02-12 13:10:00",546003,13.61,26.8,751.2,21.99,50.22
"2026-02-12 13:15:00",546004,13.61,27.1,751.1,22.39,50.53
"2026-02-12 13:20:00",546005,13.61,27.37,751,22.69,46.02
"2026-02-12 13:25:00",546006,13.58,27.65,750.8,22.31,45.94
"2026-02-12 13:30:00",546007,13.58,27.88,750.7,22.94,44.47
"2026-02-12 13:35:00",546008,13.58,28,750.6,23.22,38.36
"2026-02-12 13:40:00",546009,13.58,28.17,750.5,22.75,37.46
"2026-02-12 13:45:00",546010,13.58,28.27,750.4,22.84,37.04
"2026-02-12 13:50:00",546011,13.58,28.36,750.3,23.09,36.73
"2026-02-12 13:55:00",546012,13.58,28.43,750.2,23.21,37.77
"2026-02-12 14:00:00",546013,13.56,28.59,750.1,24.28,36.32
"2026-02-12 14:05:00",546014,13.55,28.84,750,23.69,35.73
"2026-02-12 14:10:00",546015,13.56,29.06,749.9,23.98,33
"2026-02-12 14:15:00",546016,13.56,29.32,749.8,24.58,30.53
"2026-02-12 14:20:00",546017,13.56,29.61,749.7,25.04,32.89
"2026-02-12 14:25:00",546018,13.56,29.97,749.7,25.38,30.53
"2026-02-12 14:30:00",546019,13.53,30.36,749.6,25.76,30.36
"2026-02-12 14:35:00",546020,13.53,30.76,749.5,25.59,33.24
"2026-02-12 14:40:00",546021,13.53,31.08,749.5,24.88,32.68
"2026-02-12 14:45:00",546022,13.51,31.21,749.4,24.27,32.25
"2026-02-12 14:50:00",546023,13.51,31.19,749.3,24.47,31.06
"2026-02-12 14:55:00",546024,13.51,31.22,749.2,24.04,32.77
"2026-02-12 15:00:00",546025,13.51,31.21,749.2,24.01,32.1
"2026-02-12 15:05:00",546026,13.51,31.17,749,24.01,32.63
"2026-02-12 15:10:00",546027,13.51,31.06,748.9,25.1,33.13
"2026-02-12 15:15:00",546028,13.51,31,748.9,24.27,32.19
"2026-02-12 15:20:00",546029,13.51,30.82,748.8,24.01,33.17
"2026-02-12 15:25:00",546030,13.51,30.61,748.7,23.91,32.69
"2026-02-12 15:30:00",546031,13.51,30.45,748.6,24.05,32.17
"2026-02-12 15:35:00",546032,13.51,30.4,748.5,24.79,30.04
"2026-02-12 15:40:00",546033,13.51,30.44,748.4,24.21,31.14
"2026-02-12 15:45:00",546034,13.51,30.5,748.3,24.38,32.13
"2026-02-12 15:50:00",546035,13.51,30.6,748.3,25.02,30.23
"2026-02-12 15:55:00",546036,13.51,30.81,748.2,24.82,31.36
"2026-02-12 16:00:00",546037,13.51,31.06,748,25.5,27.76
"2026-02-12 16:05:00",546038,13.51,31.33,748,25.68,29.07
"2026-02-12 16:10:00",546039,13.51,31.6,747.9,25.58,30.01
"2026-02-12 16:15:00",546040,13.51,31.94,747.9,25.84,28.47
"2026-02-12 16:20:00",546041,13.51,32.26,747.9,25.88,29.49
"2026-02-12 16:25:00",546042,13.49,32.45,747.9,25.67,29.47
"2026-02-12 16:30:00",546043,13.49,32.69,747.9,26.6,28.39
"2026-02-12 16:35:00",546044,13.49,33,747.9,26.28,29.12
"2026-02-12 16:40:00",546045,13.49,33.25,747.9,26.08,28.93
"2026-02-12 16:45:00",546046,13.46,33.48,747.9,27.54,28.54
"2026-02-12 16:50:00",546047,13.47,33.68,747.9,25.96,28.55
"2026-02-12 16:55:00",546048,13.46,33.6,747.8,25.38,30.5
"2026-02-12 17:00:00",546049,13.47,33.38,747.8,25.24,30.86
"2026-02-12 17:05:00",546050,13.47,33.05,747.7,24.84,31.87
"2026-02-12 17:10:00",546051,13.46,32.68,747.7,24.84,33.04
"2026-02-12 17:15:00",546052,13.46,32.29,747.7,25.13,31.56
"2026-02-12 17:20:00",546053,13.46,32,747.7,25.85,29.56
"2026-02-12 17:25:00",546054,13.46,31.99,747.6,26.43,29.37
"2026-02-12 17:30:00",546055,13.47,32.11,747.6,25.52,30.44
"2026-02-12 17:35:00",546056,13.46,32.16,747.6,25.53,30.07
"2026-02-12 17:40:00",546057,13.47,32.07,747.6,25.25,30.79
"2026-02-12 17:45:00",546058,13.46,31.87,747.7,25.08,31.59
"2026-02-12 17:50:00",546059,13.46,31.59,747.6,24.38,35.17
"2026-02-12 17:55:00",546060,13.46,31.14,747.6,23.61,40.17
"2026-02-12 18:00:00",546061,13.46,30.65,747.6,23.62,39.68
"2026-02-12 18:05:00",546062,13.49,29.91,747.5,23.53,39.6
"2026-02-12 18:10:00",546063,13.5,28.99,747.5,23.37,40.54
"2026-02-12 18:15:00",546064,13.43,28.05,747.5,23.38,41.42
"2026-02-12 18:20:00",546065,13.36,27.43,747.5,23.5,38.03
"2026-02-12 18:25:00",546066,13.28,26.9,747.6,23.53,38.42
"2026-02-12 18:30:00",546067,13.2,26.48,747.6,22.93,40.19
"2026-02-12 18:35:00",546068,13.13,26.04,747.6,22.69,41.6
"2026-02-12 18:40:00",546069,13.08,25.62,747.7,22.25,42.39
"2026-02-12 18:45:00",546070,13.03,25.2,747.8,22.12,42.28
"2026-02-12 18:50:00",546071,12.98,24.81,747.8,21.98,44.01
"2026-02-12 18:55:00",546072,12.95,24.42,747.8,21.45,46.15
"2026-02-12 19:00:00",546073,12.94,24.03,747.9,21.13,47.2
"2026-02-12 19:05:00",546074,12.93,23.61,747.9,20.91,47.93
"2026-02-12 19:10:00",546075,12.92,23.2,748,20.74,49.3
"2026-02-12 19:15:00",546076,12.92,22.85,748.1,20.8,48.43
"2026-02-12 19:20:00",546077,12.91,22.55,748.2,21.09,46.43
"2026-02-12 19:25:00",546078,12.9,22.32,748.2,21.37,44.87
"2026-02-12 19:30:00",546079,12.9,22.15,748.3,21.31,44.73
"2026-02-12 19:35:00",546080,12.9,22.01,748.4,21.27,45.81
"2026-02-12 19:40:00",546081,12.89,21.87,748.5,20.92,48.25
"2026-02-12 19:45:00",546082,12.89,21.74,748.6,20.61,50.29
"2026-02-12 19:50:00",546083,12.88,21.58,748.7,20.24,51.84
"2026-02-12 19:55:00",546084,12.88,21.41,748.8,20.07,53.59
"2026-02-12 20:00:00",546085,12.87,21.24,748.8,19.96,53.6
"2026-02-12 20:05:00",546086,12.87,21.05,748.9,19.7,54.71
"2026-02-12 20:10:00",546087,12.86,20.86,749,19.78,54.51
"2026-02-12 20:15:00",546088,12.86,20.68,749,19.87,54.83
"2026-02-12 20:20:00",546089,12.85,20.51,749,19.62,55.99
"2026-02-12 20:25:00",546090,12.85,20.36,749.1,19.65,55.47
"2026-02-12 20:30:00",546091,12.85,20.19,749.1,19.74,54.5
"2026-02-12 20:35:00",546092,12.85,20.08,749.2,19.85,54.12
"2026-02-12 20:40:00",546093,12.84,19.96,749.3,19.89,55.29
"2026-02-12 20:45:00",546094,12.84,19.87,749.4,19.62,56.33
"2026-02-12 20:50:00",546095,12.84,19.75,749.5,19.14,57.12
"2026-02-12 20:55:00",546096,12.84,19.63,749.6,19.09,56.95
"2026-02-12 21:00:00",546097,12.84,19.5,749.6,18.98,59.92
"2026-02-12 21:05:00",546098,12.83,19.41,749.6,18.83,59.02
"2026-02-12 21:10:00",546099,12.83,19.33,749.7,18.86,59.54
"2026-02-12 21:15:00",546100,12.83,19.21,749.8,18.65,60.14
"2026-02-12 21:20:00",546101,12.83,19.1,749.9,18.46,59.11
"2026-02-12 21:25:00",546102,12.83,18.99,750.1,18.51,59.36
"2026-02-12 21:30:00",546103,12.83,18.87,750.2,18.62,59.44
"2026-02-12 21:35:00",546104,12.82,18.76,750.3,18.71,61.42
"2026-02-12 21:40:00",546105,12.82,18.7,750.4,18.65,63.53
"2026-02-12 21:45:00",546106,12.82,18.62,750.4,18.31,61.77
"2026-02-12 21:50:00",546107,12.82,18.55,750.5,18.27,61.25
"2026-02-12 21:55:00",546108,12.82,18.47,750.5,18.74,61.63
"2026-02-12 22:00:00",546109,12.82,18.44,750.6,18.51,61.9
"2026-02-12 22:05:00",546110,12.82,18.35,750.7,18.22,64.68
"2026-02-12 22:10:00",546111,12.81,18.29,750.8,17.96,65.11
"2026-02-12 22:15:00",546112,12.81,18.21,750.9,17.98,65.88
"2026-02-12 22:20:00",546113,12.81,18.13,751,17.65,66.47
"2026-02-12 22:25:00",546114,12.81,18.03,751.1,17.57,65.19
"2026-02-12 22:30:00",546115,12.81,17.91,751.2,17.36,63.14
"2026-02-12 22:35:00",546116,12.81,17.82,751.3,17.35,64.97
"2026-02-12 22:40:00",546117,12.81,17.7,751.3,17.31,64.49
"2026-02-12 22:45:00",546118,12.81,17.6,751.4,17.42,64.63
"2026-02-12 22:50:00",546119,12.82,17.52,751.4,17.36,65.59
"2026-02-12 22:55:00",546120,12.81,17.42,751.4,17.35,65.92
"2026-02-12 23:00:00",546121,12.81,17.33,751.4,17.21,66.36
"2026-02-12 23:05:00",546122,12.81,17.25,751.5,17.09,65.96
"2026-02-12 23:10:00",546123,12.81,17.17,751.5,17.02,69.08
"2026-02-12 23:15:00",546124,12.81,17.1,751.6,16.59,69.78
"2026-02-12 23:20:00",546125,12.81,16.99,751.6,16.53,71.65
"2026-02-12 23:25:00",546126,12.81,16.9,751.6,16.59,71.14
"2026-02-12 23:30:00",546127,12.8,16.79,751.5,16.67,73.14
"2026-02-12 23:35:00",546128,12.8,16.7,751.5,16.71,71.79
"2026-02-12 23:40:00",546129,12.8,16.62,751.5,16.53,71.62
"2026-02-12 23:45:00",546130,12.8,16.52,751.5,16.38,69.72
"2026-02-12 23:50:00",546131,12.79,16.45,751.6,16.63,69.82
"2026-02-12 23:55:00",546132,12.8,16.37,751.6,16.53,69.25
"2026-02-13 00:00:00",546133,12.79,16.33,751.6,16.63,67.37
"2026-02-13 00:05:00",546134,12.79,16.31,751.6,16.44,70.19
"2026-02-13 00:10:00",546135,12.79,16.3,751.5,16.25,73
"2026-02-13 00:15:00",546136,12.79,16.27,751.5,16.04,73.22
"2026-02-13 00:20:00",546137,12.79,16.25,751.4,15.96,72.34
"2026-02-13 00:25:00",546138,12.79,16.22,751.4,16.05,71.41
"2026-02-13 00:30:00",546139,12.78,16.2,751.4,16.02,72.52
"2026-02-13 00:35:00",546140,12.78,16.17,751.4,16.01,73.21
"2026-02-13 00:40:00",546141,12.78,16.14,751.4,16,74.2
"2026-02-13 00:45:00",546142,12.78,16.13,751.4,15.68,75.02
"2026-02-13 00:50:00",546143,12.78,16.12,751.3,15.72,74.03
"2026-02-13 00:55:00",546144,12.78,16.13,751.3,15.72,74.63
"2026-02-13 01:00:00",546145,12.77,16.11,751.3,15.52,74.48
"2026-02-13 01:05:00",546146,12.75,16.3,751.3,15.59,74.57
"2026-02-13 01:10:00",546147,12.75,16.38,751.2,15.64,74.04
"2026-02-13 01:15:00",546148,12.75,16.42,751.2,15.86,70.52
"2026-02-13 01:20:00",546149,12.75,16.43,751.2,15.77,70.84
"2026-02-13 01:25:00",546150,12.75,16.44,751.2,15.61,71.24
"2026-02-13 01:30:00",546151,12.75,16.4,751.1,15.54,69.76
"2026-02-13 01:35:00",546152,12.74,16.41,751,15.7,68.26
"2026-02-13 01:40:00",546153,12.74,16.4,750.9,15.84,70.54
"2026-02-13 01:45:00",546154,12.74,16.42,750.9,15.71,71.03
"2026-02-13 01:50:00",546155,12.74,16.41,750.9,15.4,75.33
"2026-02-13 01:55:00",546156,12.73,16.36,750.8,15,76.32
"2026-02-13 02:00:00",546157,12.73,16.31,750.7,14.88,76.79
"2026-02-13 02:05:00",546158,12.73,16.27,750.7,15.04,76.46
"2026-02-13 02:10:00",546159,12.73,16.21,750.7,15.16,76.15
"2026-02-13 02:15:00",546160,12.73,16.18,750.6,15.27,74.79
"2026-02-13 02:20:00",546161,12.72,16.17,750.6,15.33,75.31
"2026-02-13 02:25:00",546162,12.72,16.05,750.7,15.1,77.57
"2026-02-13 02:30:00",546163,12.72,16.02,750.8,15.04,78
"2026-02-13 02:35:00",546164,12.72,16,750.8,15.2,77.03
"2026-02-13 02:40:00",546165,12.71,16.03,751,15.41,75.84
"2026-02-13 02:45:00",546166,12.71,16.06,750.9,15.46,75.62
"2026-02-13 02:50:00",546167,12.71,16.12,751,15.6,73.95
"2026-02-13 02:55:00",546168,12.71,16.14,750.9,15.7,73.91
"2026-02-13 03:00:00",546169,12.71,16.18,750.9,15.78,73.48
"2026-02-13 03:05:00",546170,12.7,16.2,750.8,15.89,72.76
"2026-02-13 03:10:00",546171,12.7,16.21,750.7,15.91,72.36
"2026-02-13 03:15:00",546172,12.7,16.24,750.6,15.7,71.55
"2026-02-13 03:20:00",546173,12.7,16.23,750.7,15.72,73.86
"2026-02-13 03:25:00",546174,12.69,16.21,750.7,15.65,74.3
"2026-02-13 03:30:00",546175,12.69,16.2,750.7,15.38,74.53
"2026-02-13 03:35:00",546176,12.69,16.16,750.7,15.22,76.7
"2026-02-13 03:40:00",546177,12.68,16.14,750.7,15.06,77.22
"2026-02-13 03:45:00",546178,12.68,16.14,750.8,15.04,77.39
"2026-02-13 03:50:00",546179,12.68,16.18,751,14.99,78.44
"2026-02-13 03:55:00",546180,12.68,16.2,751,15.04,79.64
"2026-02-13 04:00:00",546181,12.67,16.2,751.2,15.06,80.5
"2026-02-13 04:05:00",546182,12.67,16.21,751.2,14.92,78.48
"2026-02-13 04:10:00",546183,12.67,16.19,751.3,15.08,78.9
"2026-02-13 04:15:00",546184,12.66,16.18,751.2,15.1,79.21
"2026-02-13 04:20:00",546185,12.66,16.21,751.3,15.17,77.08
"2026-02-13 04:25:00",546186,12.66,16.23,751.3,15.2,77.14
"2026-02-13 04:30:00",546187,12.66,16.25,751.4,15.31,75.79
"2026-02-13 04:35:00",546188,12.65,16.3,751.4,15.45,75.08
"2026-02-13 04:40:00",546189,12.65,16.33,751.5,15.58,71.67
"2026-02-13 04:45:00",546190,12.65,16.38,751.5,15.72,73.01
"2026-02-13 04:50:00",546191,12.64,16.44,751.5,15.58,74.23
"2026-02-13 04:55:00",546192,12.64,16.49,751.5,15.56,76.71
"2026-02-13 05:00:00",546193,12.63,16.53,751.6,15.53,75.61
"2026-02-13 05:05:00",546194,12.63,16.56,751.6,15.43,73.46
"2026-02-13 05:10:00",546195,12.62,16.49,751.6,15.11,74.42
"2026-02-13 05:15:00",546196,12.62,16.45,751.7,15.07,74.13
"2026-02-13 05:20:00",546197,12.62,16.39,751.8,15.04,75.25
"2026-02-13 05:25:00",546198,12.61,16.33,751.8,15.12,75.92
"2026-02-13 05:30:00",546199,12.61,16.3,751.9,15.25,75.66
"2026-02-13 05:35:00",546200,12.6,16.29,752,15.31,75.42
"2026-02-13 05:40:00",546201,12.6,16.28,752.1,15.21,75.85
"2026-02-13 05:45:00",546202,12.59,16.23,752.1,15.14,75.95
"2026-02-13 05:50:00",546203,12.59,16.19,752.2,15.1,75.77
"2026-02-13 05:55:00",546204,12.59,16.13,752.3,15.18,75.08
"2026-02-13 06:00:00",546205,12.59,16.1,752.3,15.18,75.88
"2026-02-13 06:05:00",546206,12.58,16.08,752.3,15.2,76.1
"2026-02-13 06:10:00",546207,12.58,16.05,752.4,15.05,76.91
"2026-02-13 06:15:00",546208,12.58,16.02,752.4,15.07,76.11
"2026-02-13 06:20:00",546209,12.57,16.01,752.5,15.2,75.15
"2026-02-13 06:25:00",546210,12.58,16.03,752.6,15.28,74.8
"2026-02-13 06:30:00",546211,12.59,16.04,752.7,15.23,74.3
"2026-02-13 06:35:00",546212,12.6,16.06,752.7,15.11,75.04
"2026-02-13 06:40:00",546213,12.62,16.08,752.8,15.01,75.64
"2026-02-13 06:45:00",546214,12.64,16.1,753,15.13,74.34
"2026-02-13 06:50:00",546215,12.67,16.12,753,15.34,73.45
"2026-02-13 06:55:00",546216,12.71,16.17,753,15.41,73.23
"2026-02-13 07:00:00",546217,12.77,16.23,753,15.42,73.52
"2026-02-13 07:05:00",546218,12.84,16.31,753,15.42,73.69
"2026-02-13 07:10:00",546219,12.94,16.4,753,15.41,72.89
"2026-02-13 07:15:00",546220,13.06,16.52,753.1,15.33,72.1
"2026-02-13 07:20:00",546221,13.19,16.64,753.2,15.41,71.97
"2026-02-13 07:25:00",546222,13.3,16.76,753.2,15.47,72.5
"2026-02-13 07:30:00",546223,13.38,16.94,753.2,15.56,71.66
"2026-02-13 07:35:00",546224,13.46,17.1,753.2,15.67,71.25
"2026-02-13 07:40:00",546225,13.52,17.25,753.3,15.82,70.79
"2026-02-13 07:45:00",546226,13.57,17.46,753.4,15.99,69.53
"2026-02-13 07:50:00",546227,13.59,17.66,753.6,16.13,70.42
"2026-02-13 07:55:00",546228,13.59,17.84,753.6,16.22,70.35
"2026-02-13 08:00:00",546229,13.59,18.01,753.7,16.22,69.48
"2026-02-13 08:05:00",546230,13.66,18.2,754,16.28,69.81
"2026-02-13 08:10:00",546231,13.82,18.37,754.1,16.46,69.32
"2026-02-13 08:15:00",546232,13.76,19.21,754.1,16.67,69.02
"2026-02-13 08:20:00",546233,13.76,20.03,754.1,16.92,67.6
"2026-02-13 08:25:00",546234,13.76,20.41,754,16.84,65.47
"2026-02-13 08:30:00",546235,13.73,20.73,754,16.81,66.73
"2026-02-13 08:35:00",546236,13.73,20.99,754.2,16.88,66.25
"2026-02-13 08:40:00",546237,13.74,21.22,754.2,17.11,64.84
"2026-02-13 08:45:00",546238,13.71,21.47,754.2,17.37,64.15
"2026-02-13 08:50:00",546239,13.71,21.77,754.3,17.37,64.89
"2026-02-13 08:55:00",546240,13.71,22.07,754.3,17.75,61.71
"2026-02-13 09:00:00",546241,13.71,22.39,754.4,17.91,61.07
"2026-02-13 09:05:00",546242,13.68,22.75,754.4,18.86,59.84
"2026-02-13 09:10:00",546243,13.68,23.17,754.5,19.91,57.69
"2026-02-13 09:15:00",546244,13.68,23.65,754.5,20.37,52.7
"2026-02-13 09:20:00",546245,13.68,24.12,754.5,20.68,52.49
"2026-02-13 09:25:00",546246,13.66,24.61,754.6,21.23,50.94
"2026-02-13 09:30:00",546247,13.65,25.19,754.6,20.43,52.58
"2026-02-13 09:35:00",546248,13.63,25.7,754.6,19.9,53.63
"2026-02-13 09:40:00",546249,13.63,26.11,754.6,20.23,50.58
"2026-02-13 09:45:00",546250,13.63,26.43,754.6,19.75,50.96
"2026-02-13 09:50:00",546251,13.6,26.6,754.6,19.06,52.89
"2026-02-13 09:55:00",546252,13.6,26.62,754.5,19.54,52.55
"2026-02-13 10:00:00",546253,13.6,26.63,754.5,20.75,48.92
"2026-02-13 10:05:00",546254,13.6,26.8,754.5,19.78,50.12
"2026-02-13 10:10:00",546255,13.6,26.9,754.5,19.9,50.79
"2026-02-13 10:15:00",546256,13.6,26.96,754.4,19.66,51.04
"2026-02-13 10:20:00",546257,13.6,26.98,754.4,19.34,51.87
"2026-02-13 10:25:00",546258,13.61,26.99,754.4,20.3,47.82
"2026-02-13 10:30:00",546259,13.61,27.06,754.3,21.24,46.13
"2026-02-13 10:35:00",546260,13.61,27.2,754.3,21.19,43.43
"2026-02-13 10:40:00",546261,13.61,27.34,754.3,21.24,44.05
"2026-02-13 10:45:00",546262,13.61,27.44,754.2,20.97,42.86
"2026-02-13 10:50:00",546263,13.61,27.52,754.2,20.97,43.54
"2026-02-13 10:55:00",546264,13.58,27.48,754.1,21.23,43.57
"2026-02-13 11:00:00",546265,13.58,27.51,754,20.33,44.42
"2026-02-13 11:05:00",546266,13.58,27.46,753.9,20.44,47.18
"2026-02-13 11:10:00",546267,13.58,27.35,753.8,19.97,49.33
"2026-02-13 11:15:00",546268,13.58,27.17,753.7,20.39,49.22
"2026-02-13 11:20:00",546269,13.58,27.07,753.7,20.46,49.14
"2026-02-13 11:25:00",546270,13.58,27.04,753.6,20.37,49
"2026-02-13 11:30:00",546271,13.58,27.08,753.5,20.53,44.45
"2026-02-13 11:35:00",546272,13.58,27.25,753.4,20.5,42.65
"2026-02-13 11:40:00",546273,13.58,27.53,753.3,22.06,39.32
"2026-02-13 11:45:00",546274,13.58,28.03,753.2,22.01,42.33
"2026-02-13 11:50:00",546275,13.58,28.57,753.2,22.96,39.22
"2026-02-13 11:55:00",546276,13.56,29.2,753.1,22.67,39.45
"2026-02-13 12:00:00",546277,13.56,29.8,753,23.29,39.29
"2026-02-13 12:05:00",546278,13.56,30.25,752.9,23.71,37.75
"2026-02-13 12:10:00",546279,13.53,30.82,752.8,25.11,34.77
"2026-02-13 12:15:00",546280,13.51,31.59,752.7,24.55,34.88
"2026-02-13 12:20:00",546281,13.51,32.15,752.6,23.33,39.45
"2026-02-13 12:25:00",546282,13.49,32.49,752.5,23.86,35.95
"2026-02-13 12:30:00",546283,13.49,32.74,752.4,24.21,35.62
"2026-02-13 12:35:00",546284,13.49,32.86,752.3,23.24,37.08
"2026-02-13 12:40:00",546285,13.49,32.74,752.3,22.84,36.18
"2026-02-13 12:45:00",546286,13.49,32.35,752.2,21.51,38.48
"2026-02-13 12:50:00",546287,13.49,31.83,752.2,22.48,36.18
"2026-02-13 12:55:00",546288,13.49,31.34,752.1,22.42,36.96
"2026-02-13 13:00:00",546289,13.49,30.95,752,23.33,35.57
"2026-02-13 13:05:00",546290,13.49,30.76,751.9,24.33,33.16
"2026-02-13 13:10:00",546291,13.48,30.81,751.8,26.28,30.51
"2026-02-13 13:15:00",546292,13.48,31.13,751.7,24.9,31.74
"2026-02-13 13:20:00",546293,13.49,31.37,751.6,24.35,32.16
"2026-02-13 13:25:00",546294,13.49,31.53,751.5,24.72,31.99
"2026-02-13 13:30:00",546295,13.49,31.64,751.5,25.18,32.13
"2026-02-13 13:35:00",546296,13.49,31.74,751.5,25.54,32.84
"2026-02-13 13:40:00",546297,13.49,31.8,751.3,24.13,34.15
"2026-02-13 13:45:00",546298,13.49,31.7,751.3,24.97,31.71
"2026-02-13 13:50:00",546299,13.49,31.7,751.2,25.42,29.99
"2026-02-13 13:55:00",546300,13.49,31.79,751,25.04,29.83
"2026-02-13 14:00:00",546301,13.49,31.94,750.9,25.04,31.52
"2026-02-13 14:05:00",546302,13.49,31.92,750.8,24.92,31.77
"2026-02-13 14:10:00",546303,13.49,31.93,750.8,24.03,33.04
"2026-02-13 14:15:00",546304,13.49,31.78,750.7,23.41,33.45
"2026-02-13 14:20:00",546305,13.49,31.49,750.7,23.19,33.89
"2026-02-13 14:25:00",546306,13.49,31.17,750.6,23.46,35.18
"2026-02-13 14:30:00",546307,13.49,30.83,750.5,22.95,36.42
"2026-02-13 14:35:00",546308,13.49,30.45,750.5,22.38,36.93
"2026-02-13 14:40:00",546309,13.49,29.96,750.5,22.73,37.59
"2026-02-13 14:45:00",546310,13.49,29.53,750.4,22.48,36.97
"2026-02-13 14:50:00",546311,13.49,29.18,750.4,22.47,36.47
"2026-02-13 14:55:00",546312,13.49,28.89,750.3,22.3,37.64
"2026-02-13 15:00:00",546313,13.51,28.64,750.3,22.19,37.56
"2026-02-13 15:05:00",546314,13.51,28.39,750.2,22.08,37.29
"2026-02-13 15:10:00",546315,13.51,28.16,750.2,22.22,37.21
"2026-02-13 15:15:00",546316,13.51,27.98,750.1,22.47,37
"2026-02-13 15:20:00",546317,13.51,27.86,750,22.34,37.84
"2026-02-13 15:25:00",546318,13.54,27.78,749.9,22.86,37.89
"2026-02-13 15:30:00",546319,13.54,27.79,749.8,22.82,37
"2026-02-13 15:35:00",546320,13.53,27.83,749.7,22.56,37.8
"2026-02-13 15:40:00",546321,13.54,27.9,749.6,22.6,37.28
"2026-02-13 15:45:00",546322,13.54,28.06,749.4,24.33,35.43
"2026-02-13 15:50:00",546323,13.54,28.46,749.3,24.72,35.97
"2026-02-13 15:55:00",546324,13.54,28.98,749.3,24.31,34
"2026-02-13 16:00:00",546325,13.54,29.44,749.2,24.41,34.21
"2026-02-13 16:05:00",546326,13.54,29.84,749.1,24.9,33.18
"2026-02-13 16:10:00",546327,13.54,30.24,749.1,24.09,34.28
"2026-02-13 16:15:00",546328,13.54,30.46,749,24.5,33.68
"2026-02-13 16:20:00",546329,13.54,30.63,748.9,24.01,34.47
"2026-02-13 16:25:00",546330,13.54,30.77,748.8,25.5,33.03
"2026-02-13 16:30:00",546331,13.52,30.93,748.8,25.04,32.66
"2026-02-13 16:35:00",546332,13.52,31.19,748.7,24.7,33.43
"2026-02-13 16:40:00",546333,13.52,31.41,748.6,25.1,32.6
"2026-02-13 16:45:00",546334,13.52,31.69,748.5,25.62,33.21
"2026-02-13 16:50:00",546335,13.49,32.02,748.5,26.42,30.21
"2026-02-13 16:55:00",546336,13.49,32.34,748.5,25.61,31.73
"2026-02-13 17:00:00",546337,13.49,32.53,748.4,25.26,32.78
"2026-02-13 17:05:00",546338,13.49,32.57,748.5,24.72,32.7
"2026-02-13 17:10:00",546339,13.49,32.49,748.4,24.7,33.5
"2026-02-13 17:15:00",546340,13.49,32.42,748.4,24.79,33.37
"2026-02-13 17:20:00",546341,13.49,32.37,748.4,24.84,32.04
"2026-02-13 17:25:00",546342,13.49,32.3,748.4,24.74,33.74
"2026-02-13 17:30:00",546343,13.49,32.17,748.4,24.9,33.01
"2026-02-13 17:35:00",546344,13.49,32,748.5,24.28,33.93
"2026-02-13 17:40:00",546345,13.49,31.73,748.5,24.29,33.7
"2026-02-13 17:45:00",546346,13.49,31.41,748.5,24.24,34.42
"2026-02-13 17:50:00",546347,13.44,30.77,748.6,24.95,31.64
"2026-02-13 17:55:00",546348,13.37,30.31,748.6,25.04,33.33
"2026-02-13 18:00:00",546349,13.29,30.09,748.7,24.7,32.76
"2026-02-13 18:05:00",546350,13.23,29.94,748.7,24.35,33.1
"2026-02-13 18:10:00",546351,13.19,29.75,748.7,24.35,33.4
"2026-02-13 18:15:00",546352,13.15,29.58,748.7,24.58,33.29
"2026-02-13 18:20:00",546353,13.12,29.44,748.8,24.56,33.35
"2026-02-13 18:25:00",546354,13.09,29.3,748.8,24.58,32.31
"2026-02-13 18:30:00",546355,13.05,29.18,748.8,24.88,32.31
"2026-02-13 18:35:00",546356,13.01,29.07,748.9,24.59,32.69
"2026-02-13 18:40:00",546357,12.97,28.8,748.9,23.81,33.48
"2026-02-13 18:45:00",546358,12.94,28.37,749,23.16,35.09
"2026-02-13 18:50:00",546359,12.92,27.83,749.1,22.98,35.73
"2026-02-13 18:55:00",546360,12.91,27.26,749.1,23.01,36
"2026-02-13 19:00:00",546361,12.9,26.71,749.1,22.8,36.24
"2026-02-13 19:05:00",546362,12.89,26.19,749.1,22.69,36.83
"2026-02-13 19:10:00",546363,12.89,25.72,749.2,22.54,37.4
"2026-02-13 19:15:00",546364,12.89,25.34,749.2,22.41,38.18
"2026-02-13 19:20:00",546365,12.88,24.96,749.3,22.28,38.92
"2026-02-13 19:25:00",546366,12.88,24.67,749.3,21.62,41.35
"2026-02-13 19:30:00",546367,12.87,24.37,749.3,21.39,41.97
"2026-02-13 19:35:00",546368,12.87,24.11,749.4,20.86,43.91
"2026-02-13 19:40:00",546369,12.87,23.8,749.5,20.6,44.84
"2026-02-13 19:45:00",546370,12.87,23.49,749.5,20.43,45.39
"2026-02-13 19:50:00",546371,12.86,23.22,749.6,20.28,45.95
"2026-02-13 19:55:00",546372,12.86,22.93,749.5,20.24,45.94
"2026-02-13 20:00:00",546373,12.85,22.69,749.5,20.27,45.31
"2026-02-13 20:05:00",546374,12.85,22.47,749.6,20.31,45.06
"2026-02-13 20:10:00",546375,12.85,22.31,749.8,20.2,45.78
"2026-02-13 20:15:00",546376,12.84,22.14,749.8,20.17,46.19
"2026-02-13 20:20:00",546377,12.84,21.99,749.9,20.24,45.53
"2026-02-13 20:25:00",546378,12.84,21.84,750,20.08,45.83
"2026-02-13 20:30:00",546379,12.84,21.76,750.1,20.22,45.62
"2026-02-13 20:35:00",546380,12.83,21.68,750.1,20.16,45.81
"2026-02-13 20:40:00",546381,12.83,21.63,750.2,20.18,45.3
"2026-02-13 20:45:00",546382,12.83,21.56,750.3,20.09,46.97
"2026-02-13 20:50:00",546383,12.82,21.47,750.3,19.7,48.88
"2026-02-13 20:55:00",546384,12.82,21.35,750.4,19.57,46.88
"2026-02-13 21:00:00",546385,12.82,21.22,750.4,19.82,47.1
"2026-02-13 21:05:00",546386,12.82,21.12,750.5,19.64,48.78
"2026-02-13 21:10:00",546387,12.82,21.02,750.6,19.41,48.4
"2026-02-13 21:15:00",546388,12.82,20.9,750.6,19.27,51.42
"2026-02-13 21:20:00",546389,12.81,20.83,750.7,19.3,50.11
"2026-02-13 21:25:00",546390,12.81,20.73,750.8,19.14,50.75
"2026-02-13 21:30:00",546391,12.81,20.65,750.9,19.11,51.59
"2026-02-13 21:35:00",546392,12.8,20.6,751,19.29,52.61
"2026-02-13 21:40:00",546393,12.81,20.53,751,18.87,54.25
"2026-02-13 21:45:00",546394,12.8,20.49,751.1,18.77,53.09
"2026-02-13 21:50:00",546395,12.8,20.43,751.2,18.92,54.57
"2026-02-13 21:55:00",546396,12.8,20.37,751.3,18.93,53.73
"2026-02-13 22:00:00",546397,12.81,20.36,751.3,19.3,50.71
"2026-02-13 22:05:00",546398,12.81,20.3,751.4,19.54,49.02
"2026-02-13 22:10:00",546399,12.81,20.28,751.5,19.46,50.23
"2026-02-13 22:15:00",546400,12.81,20.25,751.6,19.54,48.92
"2026-02-13 22:20:00",546401,12.8,20.24,751.7,19.59,49.5
"2026-02-13 22:25:00",546402,12.81,20.13,751.9,19.16,51.94
"2026-02-13 22:30:00",546403,12.81,20.06,752,18.96,51.57
"2026-02-13 22:35:00",546404,12.8,19.98,752,19.01,50.61
"2026-02-13 22:40:00",546405,12.8,19.91,752,18.91,51.37
"2026-02-13 22:45:00",546406,12.8,19.88,752,18.96,51.04
"2026-02-13 22:50:00",546407,12.8,19.85,752.1,19.23,50.04
"2026-02-13 22:55:00",546408,12.8,19.85,752.2,19.11,49.53
"2026-02-13 23:00:00",546409,12.8,19.85,752.3,18.94,50.38
"2026-02-13 23:05:00",546410,12.79,19.83,752.3,18.96,49.13
"2026-02-13 23:10:00",546411,12.79,19.86,752.2,19.08,48.77
"2026-02-13 23:15:00",546412,12.79,19.9,752.3,19.06,49.43
"2026-02-13 23:20:00",546413,12.79,19.94,752.3,19.1,49.27
"2026-02-13 23:25:00",546414,12.79,19.97,752.2,19.02,49.07
"2026-02-13 23:30:00",546415,12.78,19.96,752.2,19.02,49.2
"2026-02-13 23:35:00",546416,12.78,19.95,752.3,18.99,50.73
"2026-02-13 23:40:00",546417,12.78,19.94,752.3,18.71,51.6
"2026-02-13 23:45:00",546418,12.77,19.9,752.3,18.68,51.84
"2026-02-13 23:50:00",546419,12.77,19.88,752.2,18.55,51.48
"2026-02-13 23:55:00",546420,12.77,19.83,752.3,18.65,50.93
"2026-02-14 00:00:00",546421,12.77,19.79,752.2,18.54,53.93
"2026-02-14 00:05:00",546422,12.77,19.78,752.3,18.4,53.41
"2026-02-14 00:10:00",546423,12.77,19.71,752.2,18.3,54.66
"2026-02-14 00:15:00",546424,12.77,19.64,752.2,18.18,56.36
"2026-02-14 00:20:00",546425,12.77,19.6,752.3,18.22,57.43
"2026-02-14 00:25:00",546426,12.77,19.57,752.3,18.13,57.39
"2026-02-14 00:30:00",546427,12.76,19.51,752.3,18.21,57.01
"2026-02-14 00:35:00",546428,12.76,19.48,752.3,18.12,57.85
"2026-02-14 00:40:00",546429,12.76,19.45,752.2,18.14,58.09
"2026-02-14 00:45:00",546430,12.76,19.4,752.1,18.07,57.99
"2026-02-14 00:50:00",546431,12.76,19.23,752.1,18.08,59.32
"2026-02-14 00:55:00",546432,12.76,19.11,752,17.97,60.18
"2026-02-14 01:00:00",546433,12.75,18.99,752,17.97,59.97
"2026-02-14 01:05:00",546434,12.75,18.88,752,17.77,60.45
"2026-02-14 01:10:00",546435,12.75,18.77,752,17.89,57.14
"2026-02-14 01:15:00",546436,12.75,18.65,751.9,17.87,58.2
"2026-02-14 01:20:00",546437,12.75,18.58,751.9,17.75,55.72
"2026-02-14 01:25:00",546438,12.75,18.51,751.9,17.69,55.16
"2026-02-14 01:30:00",546439,12.74,18.44,751.9,17.52,55.13
"2026-02-14 01:35:00",546440,12.74,18.41,751.9,17.61,54.5
"2026-02-14 01:40:00",546441,12.74,18.38,751.9,17.71,54.3
"2026-02-14 01:45:00",546442,12.74,18.37,751.9,17.7,54.3
"2026-02-14 01:50:00",546443,12.74,18.38,751.9,17.64,54.78
"2026-02-14 01:55:00",546444,12.73,18.37,751.8,17.63,54.9
"2026-02-14 02:00:00",546445,12.73,18.36,751.8,17.71,53.99
"2026-02-14 02:05:00",546446,12.73,18.4,751.8,17.95,52.79
"2026-02-14 02:10:00",546447,12.73,18.46,751.7,17.95,53.72
"2026-02-14 02:15:00",546448,12.73,18.5,751.7,17.7,55.04
"2026-02-14 02:20:00",546449,12.72,18.51,751.7,17.48,56.22
"2026-02-14 02:25:00",546450,12.72,18.45,751.6,17.34,57.24
"2026-02-14 02:30:00",546451,12.72,18.38,751.6,17.28,56.22
"2026-02-14 02:35:00",546452,12.72,18.28,751.6,17.14,57.51
"2026-02-14 02:40:00",546453,12.72,18.19,751.6,16.96,58.78
"2026-02-14 02:45:00",546454,12.71,18.07,751.6,16.93,60.44
"2026-02-14 02:50:00",546455,12.71,17.99,751.6,16.7,59.98
"2026-02-14 02:55:00",546456,12.71,17.88,751.6,16.69,60.43
"2026-02-14 03:00:00",546457,12.71,17.78,751.6,16.63,61.35
"2026-02-14 03:05:00",546458,12.7,17.69,751.5,16.53,62.64
"2026-02-14 03:10:00",546459,12.7,17.61,751.5,16.4,62.17
"2026-02-14 03:15:00",546460,12.7,17.52,751.5,16.42,63.3
"2026-02-14 03:20:00",546461,12.7,17.43,751.5,16.14,66.18
"2026-02-14 03:25:00",546462,12.69,17.34,751.6,16.18,63.8
"2026-02-14 03:30:00",546463,12.69,17.27,751.5,16.18,63.83
"2026-02-14 03:35:00",546464,12.69,17.25,751.5,16.39,61.42
"2026-02-14 03:40:00",546465,12.68,17.19,751.6,16.53,60.4
"2026-02-14 03:45:00",546466,12.68,17.17,751.7,16.59,60.05
"2026-02-14 03:50:00",546467,12.68,17.21,751.8,16.58,61.25
"2026-02-14 03:55:00",546468,12.68,17.25,751.8,16.72,60.46
"2026-02-14 04:00:00",546469,12.68,17.33,751.8,16.71,60.43
"2026-02-14 04:05:00",546470,12.67,17.34,751.7,16.8,59.78
"2026-02-14 04:10:00",546471,12.67,17.4,751.7,16.89,59.65
"2026-02-14 04:15:00",546472,12.67,17.45,751.7,16.81,60.5
"2026-02-14 04:20:00",546473,12.66,17.5,751.7,16.8,61.1
"2026-02-14 04:25:00",546474,12.66,17.55,751.7,16.7,61.12
"2026-02-14 04:30:00",546475,12.66,17.56,751.7,16.24,65.34
"2026-02-14 04:35:00",546476,12.66,17.57,751.7,16.15,65.21
"2026-02-14 04:40:00",546477,12.65,17.54,751.7,16.22,64.48
"2026-02-14 04:45:00",546478,12.65,17.51,751.8,16.5,62.55
"2026-02-14 04:50:00",546479,12.65,17.51,751.7,16.48,62.81
"2026-02-14 04:55:00",546480,12.65,17.54,751.8,16.42,63.51
"2026-02-14 05:00:00",546481,12.64,17.57,751.7,16.4,63.42
"2026-02-14 05:05:00",546482,12.64,17.56,751.7,16.4,63.39
"2026-02-14 05:10:00",546483,12.64,17.55,751.7,16.3,63.43
"2026-02-14 05:15:00",546484,12.63,17.53,751.7,16.22,64.69
"2026-02-14 05:20:00",546485,12.63,17.51,751.8,16.17,65.24
"2026-02-14 05:25:00",546486,12.63,17.49,751.8,16.08,65.7
"2026-02-14 05:30:00",546487,12.62,17.48,751.9,16.02,65.8
"2026-02-14 05:35:00",546488,12.62,17.46,751.9,16,65.83
"2026-02-14 05:40:00",546489,12.62,17.44,752,15.98,66.09
"2026-02-14 05:45:00",546490,12.61,17.43,752,15.98,65.83
"2026-02-14 05:50:00",546491,12.61,17.41,752.1,16,66.09
"2026-02-14 05:55:00",546492,12.61,17.42,752.1,16.1,65.85
"2026-02-14 06:00:00",546493,12.6,17.43,752.2,16.11,65.64
"2026-02-14 06:05:00",546494,12.6,17.45,752.2,16.16,65.59
"2026-02-14 06:10:00",546495,12.6,17.45,752.2,16.22,65.25
"2026-02-14 06:15:00",546496,12.6,17.38,752.3,16.3,64.85
"2026-02-14 06:20:00",546497,12.59,17.36,752.3,16.34,64.8
"2026-02-14 06:25:00",546498,12.59,17.41,752.3,16.35,64.24
"2026-02-14 06:30:00",546499,12.59,17.46,752.3,16.36,64.27
"2026-02-14 06:35:00",546500,12.6,17.5,752.4,16.38,63.74
"2026-02-14 06:40:00",546501,12.61,17.53,752.5,16.38,64.57
"2026-02-14 06:45:00",546502,12.61,17.58,752.6,16.32,65.06
"2026-02-14 06:50:00",546503,12.63,17.55,752.6,16.26,65.93
"2026-02-14 06:55:00",546504,12.65,17.57,752.7,16.21,65.95
"2026-02-14 07:00:00",546505,12.67,17.57,752.8,16.3,65.91
"2026-02-14 07:05:00",546506,12.7,17.61,752.8,16.28,65.94
"2026-02-14 07:10:00",546507,12.73,17.67,752.8,16.34,66.18
"2026-02-14 07:15:00",546508,12.78,17.73,753,16.32,66.18
"2026-02-14 07:20:00",546509,12.84,17.81,753,16.33,66.65
"2026-02-14 07:25:00",546510,12.94,17.9,753,16.44,66.61
"2026-02-14 07:30:00",546511,13.07,18.01,753.1,16.63,66.12
"2026-02-14 07:35:00",546512,13.21,18.11,753.1,16.87,65.83
"2026-02-14 07:40:00",546513,13.34,18.28,753.1,17.01,65.48
"2026-02-14 07:45:00",546514,13.43,18.5,753.2,16.97,66.5
"2026-02-14 07:50:00",546515,13.5,18.68,753.2,17.18,65.42
"2026-02-14 07:55:00",546516,13.54,18.87,753.2,17.21,65.19
"2026-02-14 08:00:00",546517,13.52,19.04,753.3,17.47,65.59
"2026-02-14 08:05:00",546518,13.47,19.15,753.3,17.54,64
"2026-02-14 08:10:00",546519,13.5,19.29,753.4,17.58,63.35
"2026-02-14 08:15:00",546520,13.55,19.51,753.4,17.77,64.28
"2026-02-14 08:20:00",546521,13.53,19.69,753.5,17.49,65.91
"2026-02-14 08:25:00",546522,13.61,19.75,753.6,17.39,66.1
"2026-02-14 08:30:00",546523,13.74,19.98,753.6,17.53,64.71
"2026-02-14 08:35:00",546524,13.76,20.62,753.6,17.88,64.77
"2026-02-14 08:40:00",546525,13.73,21.31,753.6,18.07,64.18
"2026-02-14 08:45:00",546526,13.73,21.7,753.7,18.09,63.02
"2026-02-14 08:50:00",546527,13.7,21.94,753.7,18.22,63.25
"2026-02-14 08:55:00",546528,13.7,22.2,753.7,18.47,59.72
"2026-02-14 09:00:00",546529,13.7,22.44,753.8,18.43,59.2
"2026-02-14 09:05:00",546530,13.71,22.64,753.8,18.71,58.24
"2026-02-14 09:10:00",546531,13.71,22.73,753.7,18.58,59.38
"2026-02-14 09:15:00",546532,13.71,22.86,753.7,18.82,59.26
"2026-02-14 09:20:00",546533,13.68,22.98,753.7,19.03,59.2
"2026-02-14 09:25:00",546534,13.68,23.12,753.7,18.45,59.69
"2026-02-14 09:30:00",546535,13.68,23.25,753.7,18.63,59.23
"2026-02-14 09:35:00",546536,13.68,23.39,753.7,19.6,56.97
"2026-02-14 09:40:00",546537,13.68,23.63,753.7,19.37,55.62
"2026-02-14 09:45:00",546538,13.68,23.87,753.7,19.72,54.87
"2026-02-14 09:50:00",546539,13.65,24.12,753.7,20.39,52.48
"2026-02-14 09:55:00",546540,13.66,24.41,753.7,19.72,54.81
"2026-02-14 10:00:00",546541,13.66,24.68,753.7,20.02,54.14
"2026-02-14 10:05:00",546542,13.66,24.91,753.7,19.6,54.82
"2026-02-14 10:10:00",546543,13.66,25.04,753.7,19.37,56.32
"2026-02-14 10:15:00",546544,13.66,25.09,753.7,19.53,55.37
"2026-02-14 10:20:00",546545,13.66,25.1,753.6,19.48,55.97
"2026-02-14 10:25:00",546546,13.63,25.04,753.7,19.23,56.86
"2026-02-14 10:30:00",546547,13.63,24.96,753.7,18.96,57.61
"2026-02-14 10:35:00",546548,13.63,24.82,753.7,18.92,58.39
"2026-02-14 10:40:00",546549,13.63,24.68,753.6,18.53,61.06
"2026-02-14 10:45:00",546550,13.63,24.54,753.6,18.51,60.39
"2026-02-14 10:50:00",546551,13.63,24.4,753.5,18.87,59.99
"2026-02-14 10:55:00",546552,13.63,24.28,753.5,18.81,61.58
"2026-02-14 11:00:00",546553,13.63,24.16,753.5,18.49,62.46
"2026-02-14 11:05:00",546554,13.63,24.06,753.6,17.95,63.15
"2026-02-14 11:10:00",546555,13.63,23.91,753.5,17.94,64.57
"2026-02-14 11:15:00",546556,13.63,23.79,753.6,18.25,66.16
"2026-02-14 11:20:00",546557,13.63,23.55,753.6,17.6,67.75
"2026-02-14 11:25:00",546558,13.63,23.19,753.5,17.58,66.34
"2026-02-14 11:30:00",546559,13.63,22.88,753.4,17.87,66.33
"2026-02-14 11:35:00",546560,13.63,22.75,753.3,17.91,65.75
"2026-02-14 11:40:00",546561,13.63,22.72,753.3,18.23,62.9
"2026-02-14 11:45:00",546562,13.63,22.79,753.2,18.3,62.97
"2026-02-14 11:50:00",546563,13.63,22.86,753.2,18.27,60.44
"2026-02-14 11:55:00",546564,13.63,22.92,753.2,18.31,62.01
"2026-02-14 12:00:00",546565,13.64,22.93,753.1,18.11,60.3
"2026-02-14 12:05:00",546566,13.63,22.9,753.1,18.08,61.07
"2026-02-14 12:10:00",546567,13.63,22.78,753.1,18.04,61.94
"2026-02-14 12:15:00",546568,13.64,22.6,753,17.89,65.87
"2026-02-14 12:20:00",546569,13.64,22.38,752.9,17.83,66.77
"2026-02-14 12:25:00",546570,13.64,22.15,752.9,17.64,68.67
"2026-02-14 12:30:00",546571,13.64,21.92,752.9,17.44,68.9
"2026-02-14 12:35:00",546572,13.66,21.75,752.8,17.64,66.44
"2026-02-14 12:40:00",546573,13.67,21.65,752.8,18.34,66.8
"2026-02-14 12:45:00",546574,13.67,21.7,752.8,18.94,64.83
"2026-02-14 12:50:00",546575,13.67,21.89,752.7,18.87,60.05
"2026-02-14 12:55:00",546576,13.66,22.18,752.6,19.18,58.28
"2026-02-14 13:00:00",546577,13.66,22.47,752.5,19.08,58.9
"2026-02-14 13:05:00",546578,13.66,22.73,752.4,19.06,56.37
"2026-02-14 13:10:00",546579,13.66,22.96,752.3,19.23,54.89
"2026-02-14 13:15:00",546580,13.67,23.12,752.2,19.22,57.71
"2026-02-14 13:20:00",546581,13.67,23.24,752.1,19.06,56.83
"2026-02-14 13:25:00",546582,13.67,23.37,752,19.44,56.33
"2026-02-14 13:30:00",546583,13.67,23.54,751.9,19.8,55.44
"2026-02-14 13:35:00",546584,13.67,23.71,751.8,19.82,56.21
"2026-02-14 13:40:00",546585,13.67,23.93,751.8,20,53.42
"2026-02-14 13:45:00",546586,13.67,24.19,751.7,20.32,53.31
"2026-02-14 13:50:00",546587,13.67,24.51,751.5,20.68,52.96
"2026-02-14 13:55:00",546588,13.64,24.87,751.4,20.98,50.28
"2026-02-14 14:00:00",546589,13.64,25.24,751.3,21.13,51.21
"2026-02-14 14:05:00",546590,13.64,25.57,751.2,20.56,51.73
"2026-02-14 14:10:00",546591,13.61,25.83,751,21.34,48.87
"2026-02-14 14:15:00",546592,13.61,26.11,751,21.6,48.91
"2026-02-14 14:20:00",546593,13.61,26.46,750.9,22.34,45.56
"2026-02-14 14:25:00",546594,13.62,26.82,750.8,21.9,46.02
"2026-02-14 14:30:00",546595,13.59,27.12,750.7,21.85,44.99
"2026-02-14 14:35:00",546596,13.59,27.32,750.7,22.11,43.83
"2026-02-14 14:40:00",546597,13.59,27.45,750.6,21.61,48.34
"2026-02-14 14:45:00",546598,13.59,27.47,750.5,21.37,48.37
"2026-02-14 14:50:00",546599,13.59,27.41,750.5,21.69,47.65
"2026-02-14 14:55:00",546600,13.59,27.34,750.4,21.73,47.05
"2026-02-14 15:00:00",546601,13.59,27.34,750.3,22.2,45.8
"2026-02-14 15:05:00",546602,13.59,27.42,750.1,22.19,43.03
"2026-02-14 15:10:00",546603,13.59,27.6,750,23.22,41.37
"2026-02-14 15:15:00",546604,13.59,27.96,749.9,23.67,39.75
"2026-02-14 15:20:00",546605,13.59,28.51,749.8,23.9,40.1
"2026-02-14 15:25:00",546606,13.56,29.09,749.7,24.47,39.87
"2026-02-14 15:30:00",546607,13.56,29.61,749.6,23.58,41.8
"2026-02-14 15:35:00",546608,13.54,30.01,749.5,23.46,40.94
"2026-02-14 15:40:00",546609,13.54,30.33,749.4,23.62,41.25
"2026-02-14 15:45:00",546610,13.54,30.54,749.3,23.33,39.78
"2026-02-14 15:50:00",546611,13.54,30.64,749.2,23.54,40
"2026-02-14 15:55:00",546612,13.54,30.71,749.1,22.85,39.92
"2026-02-14 16:00:00",546613,13.54,30.67,749.1,24.7,37.49
"2026-02-14 16:05:00",546614,13.54,30.81,749,25.29,36.92
"2026-02-14 16:10:00",546615,13.52,31.08,748.9,24.81,36.37
"2026-02-14 16:15:00",546616,13.52,31.41,748.9,23.46,38.84
"2026-02-14 16:20:00",546617,13.52,31.57,748.8,23.51,39.11
"2026-02-14 16:25:00",546618,13.52,31.67,748.7,23.8,38.49
"2026-02-14 16:30:00",546619,13.52,31.58,748.7,24.23,38.86
"2026-02-14 16:35:00",546620,13.52,31.33,748.7,23.47,39.6
"2026-02-14 16:40:00",546621,13.52,30.9,748.7,22.99,40.14
"2026-02-14 16:45:00",546622,13.52,30.43,748.7,22.81,41.09
"2026-02-14 16:50:00",546623,13.52,29.99,748.6,22.79,40.7
"2026-02-14 16:55:00",546624,13.52,29.68,748.6,23.88,39.18
"2026-02-14 17:00:00",546625,13.52,29.62,748.7,23.57,39.44
"2026-02-14 17:05:00",546626,13.52,29.58,748.6,23.55,39.35
"2026-02-14 17:10:00",546627,13.52,29.47,748.7,23.46,39.07
"2026-02-14 17:15:00",546628,13.52,29.35,748.7,23.54,38.23
"2026-02-14 17:20:00",546629,13.52,29.22,748.6,23.38,37.75
"2026-02-14 17:25:00",546630,13.52,29.09,748.7,23.55,40.06
"2026-02-14 17:30:00",546631,13.52,28.94,748.7,23.32,40.07
"2026-02-14 17:35:00",546632,13.52,28.78,748.7,23.13,41.03
"2026-02-14 17:40:00",546633,13.52,28.57,748.7,22.65,40.91
"2026-02-14 17:45:00",546634,13.52,28.29,748.7,22.64,41.5
"2026-02-14 17:50:00",546635,13.52,27.97,748.7,22.58,41.98
"2026-02-14 17:55:00",546636,13.54,27.64,748.7,22.62,42.89
"2026-02-14 18:00:00",546637,13.54,27.33,748.7,22.57,42.17
"2026-02-14 18:05:00",546638,13.54,27.05,748.7,22.45,43.13
"2026-02-14 18:10:00",546639,13.54,26.82,748.6,22.53,43.1
"2026-02-14 18:15:00",546640,13.54,26.63,748.6,22.51,42.23
"2026-02-14 18:20:00",546641,13.54,26.45,748.7,22.55,42.91
"2026-02-14 18:25:00",546642,13.59,26.04,748.7,22.35,43.82
"2026-02-14 18:30:00",546643,13.53,25.42,748.7,22.19,45.03
"2026-02-14 18:35:00",546644,13.48,25,748.8,22.11,45.53
"2026-02-14 18:40:00",546645,13.35,24.7,748.8,21.99,46.09
"2026-02-14 18:45:00",546646,13.2,24.4,748.8,21.79,47.41
"2026-02-14 18:50:00",546647,13.07,24.13,748.9,21.59,48.78
"2026-02-14 18:55:00",546648,13.01,23.85,748.9,21.55,47.82
"2026-02-14 19:00:00",546649,12.96,23.6,748.9,21.43,48.85
"2026-02-14 19:05:00",546650,12.94,23.33,748.9,21.33,48.94
"2026-02-14 19:10:00",546651,12.93,23.07,749,21.21,49.87
"2026-02-14 19:15:00",546652,12.92,22.84,749.1,21.14,48.4
"2026-02-14 19:20:00",546653,12.91,22.65,749.1,21.16,50.3
"2026-02-14 19:25:00",546654,12.91,22.49,749.2,21.01,51.76
"2026-02-14 19:30:00",546655,12.91,22.34,749.3,20.49,54.86
"2026-02-14 19:35:00",546656,12.9,22.18,749.3,20.32,54.83
"2026-02-14 19:40:00",546657,12.9,22.04,749.4,20.22,55.65
"2026-02-14 19:45:00",546658,12.9,21.87,749.4,19.99,57.43
"2026-02-14 19:50:00",546659,12.88,21.88,749.4,19.74,58.86
"2026-02-14 19:55:00",546660,12.87,21.83,749.4,19.6,58.8
"2026-02-14 20:00:00",546661,12.87,21.69,749.5,19.54,58.28
"2026-02-14 20:05:00",546662,12.87,21.55,749.5,19.49,58.3
"2026-02-14 20:10:00",546663,12.86,21.43,749.5,19.48,57.75
"2026-02-14 20:15:00",546664,12.86,21.29,749.6,19.44,57.99
"2026-02-14 20:20:00",546665,12.86,21.21,749.6,19.47,58.02
"2026-02-14 20:25:00",546666,12.85,21.14,749.7,19.48,57.69
"2026-02-14 20:30:00",546667,12.85,21.13,749.7,19.48,57.35
"2026-02-14 20:35:00",546668,12.85,21.1,749.8,19.54,57.42
"2026-02-14 20:40:00",546669,12.85,21.06,749.8,19.59,56.7
"2026-02-14 20:45:00",546670,12.85,21.05,749.9,19.67,56.62
"2026-02-14 20:50:00",546671,12.84,21.04,749.9,19.73,56.29
"2026-02-14 20:55:00",546672,12.84,21.03,750,19.74,56.23
"2026-02-14 21:00:00",546673,12.84,21.04,750,19.8,55.9
"2026-02-14 21:05:00",546674,12.84,21.06,750.1,19.72,55.67
"2026-02-14 21:10:00",546675,12.84,21.08,750.1,19.67,56.06
"2026-02-14 21:15:00",546676,12.84,21.07,750.2,19.54,56.75
"2026-02-14 21:20:00",546677,12.84,21.03,750.3,19.52,57.11
"2026-02-14 21:25:00",546678,12.83,20.99,750.3,19.46,57.5
"2026-02-14 21:30:00",546679,12.83,20.99,750.4,19.41,57.65
"2026-02-14 21:35:00",546680,12.83,20.92,750.4,19.45,56.83
"2026-02-14 21:40:00",546681,12.83,20.88,750.5,19.49,55.67
"2026-02-14 21:45:00",546682,12.83,20.86,750.6,19.45,56.46
"2026-02-14 21:50:00",546683,12.83,20.75,750.7,19.31,56.81
"2026-02-14 21:55:00",546684,12.82,20.69,750.7,19.3,56.56
"2026-02-14 22:00:00",546685,12.82,20.66,750.8,19.31,56.65
"2026-02-14 22:05:00",546686,12.82,20.65,750.9,19.36,56.11
"2026-02-14 22:10:00",546687,12.82,20.62,750.9,19.29,57.08
"2026-02-14 22:15:00",546688,12.82,20.61,750.9,19.21,57.65
"2026-02-14 22:20:00",546689,12.82,20.57,751,19.17,58.52
"2026-02-14 22:25:00",546690,12.82,20.53,751,19.13,59
"2026-02-14 22:30:00",546691,12.81,20.47,751.1,19.18,58.74
"2026-02-14 22:35:00",546692,12.81,20.45,751.1,19.14,59.1
"2026-02-14 22:40:00",546693,12.81,20.42,751.2,19.07,59.45
"2026-02-14 22:45:00",546694,12.81,20.38,751.2,19.05,59.32
"2026-02-14 22:50:00",546695,12.81,20.35,751.2,18.94,60.06
"2026-02-14 22:55:00",546696,12.8,20.33,751.2,18.9,60.51
"2026-02-14 23:00:00",546697,12.81,20.28,751.2,18.77,61.33
"2026-02-14 23:05:00",546698,12.81,20.25,751.2,18.71,61.93
"2026-02-14 23:10:00",546699,12.8,20.21,751.2,18.63,61.73
"2026-02-14 23:15:00",546700,12.8,20.2,751.1,18.71,61.42
"2026-02-14 23:20:00",546701,12.8,20.18,751.2,18.95,59.1
"2026-02-14 23:25:00",546702,12.8,20.18,751.2,18.89,60.45
"2026-02-14 23:30:00",546703,12.8,20.17,751.2,18.64,60.95
"2026-02-14 23:35:00",546704,12.79,20.13,751.2,18.62,60.56
"2026-02-14 23:40:00",546705,12.79,20.11,751.2,18.57,61.15
"2026-02-14 23:45:00",546706,12.79,20.07,751.2,18.53,61.3
"2026-02-14 23:50:00",546707,12.79,20.04,751.1,18.49,61.17
"2026-02-14 23:55:00",546708,12.79,20.01,751.1,18.44,61.49
"2026-02-15 00:00:00",546709,12.79,19.96,751,18.41,61.82
"2026-02-15 00:05:00",546710,12.78,19.91,751.1,18.39,61.81
"2026-02-15 00:10:00",546711,12.78,19.87,751.2,18.24,62.75
"2026-02-15 00:15:00",546712,12.78,19.8,751.1,18.11,63.95
"2026-02-15 00:20:00",546713,12.78,19.76,751.1,17.95,64.66
"2026-02-15 00:25:00",546714,12.78,19.69,751.1,17.9,63.83
"2026-02-15 00:30:00",546715,12.79,19.66,751.1,17.86,64.17
"2026-02-15 00:35:00",546716,12.79,19.54,751,17.93,63.77
"2026-02-15 00:40:00",546717,12.79,19.46,751,17.89,63.76
"2026-02-15 00:45:00",546718,12.79,19.4,750.9,17.8,64.22
"2026-02-15 00:50:00",546719,12.78,19.34,750.9,17.77,64.75
"2026-02-15 00:55:00",546720,12.78,19.28,750.9,17.82,63.84
"2026-02-15 01:00:00",546721,12.78,19.21,750.8,17.79,64.1
"2026-02-15 01:05:00",546722,12.78,19.05,750.8,17.71,64.56
"2026-02-15 01:10:00",546723,12.78,18.96,750.8,17.65,64.91
"2026-02-15 01:15:00",546724,12.78,18.85,750.8,17.56,65.1
"2026-02-15 01:20:00",546725,12.78,18.77,750.8,17.44,65.76
"2026-02-15 01:25:00",546726,12.77,18.7,750.8,17.33,66.42
"2026-02-15 01:30:00",546727,12.77,18.65,750.7,17.28,66.7
"2026-02-15 01:35:00",546728,12.77,18.58,750.8,17.35,66.74
"2026-02-15 01:40:00",546729,12.77,18.51,750.7,17.3,67.03
"2026-02-15 01:45:00",546730,12.76,18.46,750.8,17.45,64.75
"2026-02-15 01:50:00",546731,12.76,18.42,750.7,17.48,65.35
"2026-02-15 01:55:00",546732,12.76,18.4,750.7,17.48,65.8
"2026-02-15 02:00:00",546733,12.76,18.42,750.7,17.37,66.21
"2026-02-15 02:05:00",546734,12.75,18.44,750.7,17.23,66.75
"2026-02-15 02:10:00",546735,12.74,18.45,750.6,17.17,67.59
"2026-02-15 02:15:00",546736,12.74,18.42,750.6,17.05,68.01
"2026-02-15 02:20:00",546737,12.74,18.39,750.6,16.92,68.66
"2026-02-15 02:25:00",546738,12.74,18.33,750.5,16.85,69.11
"2026-02-15 02:30:00",546739,12.74,18.29,750.4,16.79,68.83
"2026-02-15 02:35:00",546740,12.73,18.22,750.4,16.82,69.01
"2026-02-15 02:40:00",546741,12.73,18.15,750.4,16.8,69.45
"2026-02-15 02:45:00",546742,12.73,18.07,750.3,16.73,69.4
"2026-02-15 02:50:00",546743,12.73,17.98,750.3,16.73,69.64
"2026-02-15 02:55:00",546744,12.73,17.9,750.3,16.67,69.8
"2026-02-15 03:00:00",546745,12.72,17.86,750.3,16.61,70.37
"2026-02-15 03:05:00",546746,12.72,17.78,750.3,16.48,71.21
"2026-02-15 03:10:00",546747,12.72,17.72,750.4,16.29,72.12
"2026-02-15 03:15:00",546748,12.72,17.68,750.4,16.27,71.45
"2026-02-15 03:20:00",546749,12.72,17.64,750.5,16.34,71.64
"2026-02-15 03:25:00",546750,12.71,17.61,750.5,16.28,73.8
"2026-02-15 03:30:00",546751,12.71,17.49,750.5,16.2,73.67
"2026-02-15 03:35:00",546752,12.71,17.47,750.5,16.33,72.79
"2026-02-15 03:40:00",546753,12.71,17.47,750.5,16.52,72.1
"2026-02-15 03:45:00",546754,12.71,17.49,750.4,16.42,72.38
"2026-02-15 03:50:00",546755,12.7,17.46,750.4,16.53,70.96
"2026-02-15 03:55:00",546756,12.7,17.45,750.4,16.58,70.3
"2026-02-15 04:00:00",546757,12.7,17.44,750.4,16.63,70.92
"2026-02-15 04:05:00",546758,12.69,17.44,750.4,16.63,71.92
"2026-02-15 04:10:00",546759,12.69,17.49,750.4,16.59,72.27
"2026-02-15 04:15:00",546760,12.69,17.51,750.4,16.52,72.85
"2026-02-15 04:20:00",546761,12.69,17.54,750.4,16.75,68.91
"2026-02-15 04:25:00",546762,12.69,17.57,750.4,16.78,70.97
"2026-02-15 04:30:00",546763,12.68,17.57,750.4,16.64,71.76
"2026-02-15 04:35:00",546764,12.68,17.57,750.4,16.56,72.66
"2026-02-15 04:40:00",546765,12.68,17.57,750.4,16.62,69.67
"2026-02-15 04:45:00",546766,12.68,17.59,750.4,16.58,69.72
"2026-02-15 04:50:00",546767,12.67,17.6,750.4,16.5,70.23
"2026-02-15 04:55:00",546768,12.67,17.61,750.4,16.53,67.21
"2026-02-15 05:00:00",546769,12.67,17.62,750.4,16.46,67.4
"2026-02-15 05:05:00",546770,12.67,17.6,750.4,16.43,67.61
"2026-02-15 05:10:00",546771,12.66,17.61,750.4,16.41,64.43
"2026-02-15 05:15:00",546772,12.66,17.6,750.5,16.47,62.48
"2026-02-15 05:20:00",546773,12.66,17.63,750.6,16.53,63.32
"2026-02-15 05:25:00",546774,12.65,17.65,750.6,16.54,62.17
"2026-02-15 05:30:00",546775,12.65,17.65,750.7,16.5,62.55
"2026-02-15 05:35:00",546776,12.65,17.66,750.7,16.38,63.3
"2026-02-15 05:40:00",546777,12.64,17.7,750.7,16.23,63.86
"2026-02-15 05:45:00",546778,12.64,17.7,750.7,16.17,64.42
"2026-02-15 05:50:00",546779,12.63,17.69,750.8,16.13,64.65
"2026-02-15 05:55:00",546780,12.63,17.67,750.8,16.1,64.76
"2026-02-15 06:00:00",546781,12.63,17.6,750.9,16.08,64.87
"2026-02-15 06:05:00",546782,12.63,17.55,750.9,16.03,65.16
"2026-02-15 06:10:00",546783,12.62,17.51,751,16.06,64.75
"2026-02-15 06:15:00",546784,12.62,17.47,751.1,16.15,64.29
"2026-02-15 06:20:00",546785,12.62,17.43,751.1,16.18,64.51
"2026-02-15 06:25:00",546786,12.62,17.45,751.2,16.27,63.9
"2026-02-15 06:30:00",546787,12.62,17.47,751.2,16.26,63.63
"2026-02-15 06:35:00",546788,12.62,17.49,751.2,16.18,65.98
"2026-02-15 06:40:00",546789,12.63,17.5,751.3,16.17,65.71
"2026-02-15 06:45:00",546790,12.63,17.52,751.3,16.19,64.45
"2026-02-15 06:50:00",546791,12.63,17.53,751.4,16.17,64.42
"2026-02-15 06:55:00",546792,12.63,17.58,751.5,16.14,65.35
"2026-02-15 07:00:00",546793,12.64,17.62,751.5,16.14,66.18
"2026-02-15 07:05:00",546794,12.65,17.66,751.6,16.18,66.09
"2026-02-15 07:10:00",546795,12.67,17.7,751.7,16.12,66.38
"2026-02-15 07:15:00",546796,12.69,17.73,751.7,16.08,66.69
"2026-02-15 07:20:00",546797,12.72,17.77,751.8,16.14,66.29
"2026-02-15 07:25:00",546798,12.76,17.82,751.8,16.13,67.26
"2026-02-15 07:30:00",546799,12.77,17.89,751.9,16.18,66.97
"2026-02-15 07:35:00",546800,12.86,17.97,751.9,16.26,65.96
"2026-02-15 07:40:00",546801,12.95,18.09,751.9,16.36,64.39
"2026-02-15 07:45:00",546802,13.11,18.21,751.9,16.53,64.12
"2026-02-15 07:50:00",546803,13.22,18.37,751.9,16.44,63.96
"2026-02-15 07:55:00",546804,13.27,18.48,752,16.52,64.86
"2026-02-15 08:00:00",546805,13.35,18.62,752,16.54,64.07
"2026-02-15 08:05:00",546806,13.51,18.85,752.1,16.58,64.34
"2026-02-15 08:10:00",546807,13.48,19.03,752.1,16.48,65.73
"2026-02-15 08:15:00",546808,13.51,19.15,752.1,16.38,67.18
"2026-02-15 08:20:00",546809,13.59,19.29,752.1,16.47,67.84
"2026-02-15 08:25:00",546810,13.62,19.49,752.1,16.75,67.43
"2026-02-15 08:30:00",546811,13.61,19.65,752.2,16.81,66.91
"2026-02-15 08:35:00",546812,13.68,19.83,752.2,17.03,66.83
"2026-02-15 08:40:00",546813,13.86,20.09,752.3,17.36,65.74
"2026-02-15 08:45:00",546814,13.73,21.36,752.4,17.37,65.3
"2026-02-15 08:50:00",546815,13.7,22.02,752.4,18.03,64.11
"2026-02-15 08:55:00",546816,13.7,22.51,752.4,17.89,63.35
"2026-02-15 09:00:00",546817,13.7,22.79,752.4,17.88,63.38
"2026-02-15 09:05:00",546818,13.68,23.04,752.4,17.52,63.97
"2026-02-15 09:10:00",546819,13.68,23.17,752.3,17.65,64.23
"2026-02-15 09:15:00",546820,13.68,23.31,752.4,18.42,61.37
"2026-02-15 09:20:00",546821,13.68,23.47,752.3,18.73,59.91
"2026-02-15 09:25:00",546822,13.68,23.72,752.3,18.71,59.51
"2026-02-15 09:30:00",546823,13.68,23.97,752.3,18.91,59.79
"2026-02-15 09:35:00",546824,13.65,24.25,752.3,19.13,59
"2026-02-15 09:40:00",546825,13.65,24.54,752.3,19,58.83
"2026-02-15 09:45:00",546826,13.66,24.93,752.3,19.75,55.83
"2026-02-15 09:50:00",546827,13.63,25.5,752.3,19.96,55.83
"2026-02-15 09:55:00",546828,13.63,26.05,752.3,20.38,54.47
"2026-02-15 10:00:00",546829,13.63,26.46,752.3,19.84,55.44
"2026-02-15 10:05:00",546830,13.6,26.65,752.3,19.81,55.47
"2026-02-15 10:10:00",546831,13.6,26.75,752.2,19.92,55.18
"2026-02-15 10:15:00",546832,13.6,26.79,752.2,20.39,54.25
"2026-02-15 10:20:00",546833,13.6,26.87,752.1,20.59,55.18
"2026-02-15 10:25:00",546834,13.6,26.94,752.1,19.97,56.05
"2026-02-15 10:30:00",546835,13.6,26.96,752,19.7,55.05
"2026-02-15 10:35:00",546836,13.6,26.89,752.1,19.82,55.07
"2026-02-15 10:40:00",546837,13.61,26.99,752,20.88,52.4
"2026-02-15 10:45:00",546838,13.61,27.49,752,22.41,48.5
"2026-02-15 10:50:00",546839,13.58,28.3,751.9,22.14,50.05
"2026-02-15 10:55:00",546840,13.58,29.05,751.9,22.62,48.05
"2026-02-15 11:00:00",546841,13.55,29.37,751.9,20.47,52
"2026-02-15 11:05:00",546842,13.55,29.28,751.9,20.94,50.77
"2026-02-15 11:10:00",546843,13.55,29.23,751.8,21.1,50.36
"2026-02-15 11:15:00",546844,13.55,29.38,751.8,22.11,47.99
"2026-02-15 11:20:00",546845,13.56,29.66,751.7,23.19,47.08
"2026-02-15 11:25:00",546846,13.55,30.01,751.6,22.39,47.36
"2026-02-15 11:30:00",546847,13.53,30.42,751.6,22.41,48.12
"2026-02-15 11:35:00",546848,13.53,30.82,751.5,22.05,48.93
"2026-02-15 11:40:00",546849,13.53,30.92,751.5,21.77,49.37
"2026-02-15 11:45:00",546850,13.53,30.68,751.5,20.92,50.65
"2026-02-15 11:50:00",546851,13.53,30.09,751.4,20.26,53.03
"2026-02-15 11:55:00",546852,13.53,29.44,751.4,19.64,55.6
"2026-02-15 12:00:00",546853,13.53,28.8,751.4,19.26,58.96
"2026-02-15 12:05:00",546854,13.53,28.22,751.3,19.38,60.38
"2026-02-15 12:10:00",546855,13.53,27.89,751.3,19.7,55.11
"2026-02-15 12:15:00",546856,13.53,27.75,751.2,20.08,52.81
"2026-02-15 12:20:00",546857,13.53,27.64,751.1,20.36,52.76
"2026-02-15 12:25:00",546858,13.53,27.49,751.1,20.5,53.09
"2026-02-15 12:30:00",546859,13.53,27.34,751,20.46,53.46
"2026-02-15 12:35:00",546860,13.53,27.17,750.9,20.61,52.02
"2026-02-15 12:40:00",546861,13.53,27.02,750.9,20.88,51.77
"2026-02-15 12:45:00",546862,13.53,26.94,750.8,20.91,54.33
"2026-02-15 12:50:00",546863,13.53,26.75,750.7,20.1,58.03
"2026-02-15 12:55:00",546864,13.56,26.44,750.7,19.94,63.27
"2026-02-15 13:00:00",546865,13.56,26.19,750.6,20.72,59.56
"2026-02-15 13:05:00",546866,13.55,26.04,750.5,21.16,58.28
"2026-02-15 13:10:00",546867,13.55,26.06,750.4,21.64,51.25
"2026-02-15 13:15:00",546868,13.56,26.36,750.3,22.59,47.19
"2026-02-15 13:20:00",546869,13.56,26.84,750.2,22.69,45.96
"2026-02-15 13:25:00",546870,13.56,27.41,750.1,23.35,44.72
"2026-02-15 13:30:00",546871,13.56,27.93,750,22.36,44.86
"2026-02-15 13:35:00",546872,13.56,28.3,750,22.11,44.09
"2026-02-15 13:40:00",546873,13.56,28.47,749.9,22.33,44.6
"2026-02-15 13:45:00",546874,13.56,28.62,749.9,23.19,43.6
"2026-02-15 13:50:00",546875,13.56,28.74,749.8,23.07,41.94
"2026-02-15 13:55:00",546876,13.56,28.81,749.7,22.89,42.6
"2026-02-15 14:00:00",546877,13.56,28.82,749.6,22.79,42.33
"2026-02-15 14:05:00",546878,13.56,28.84,749.6,22.32,44.18
"2026-02-15 14:10:00",546879,13.56,28.79,749.5,21.65,50.74
"2026-02-15 14:15:00",546880,13.56,28.61,749.4,21.49,49.34
"2026-02-15 14:20:00",546881,13.56,28.42,749.3,21.85,48.88
"2026-02-15 14:25:00",546882,13.56,28.31,749.3,22.74,46.47
"2026-02-15 14:30:00",546883,13.56,28.33,749.2,23.08,44.94
"2026-02-15 14:35:00",546884,13.56,28.54,749.1,23.51,44.41
"2026-02-15 14:40:00",546885,13.57,28.78,749,22.78,45.87
"2026-02-15 14:45:00",546886,13.57,28.95,749,23.15,44.63
"2026-02-15 14:50:00",546887,13.57,29.09,749,22.69,44.48
"2026-02-15 14:55:00",546888,13.57,29.13,748.8,22.2,46.73
"2026-02-15 15:00:00",546889,13.57,29.05,748.7,22.05,46.99
"2026-02-15 15:05:00",546890,13.56,28.87,748.7,21.56,47.44
"2026-02-15 15:10:00",546891,13.56,28.6,748.7,22.14,46.56
"2026-02-15 15:15:00",546892,13.57,28.43,748.6,22.07,47.44
"2026-02-15 15:20:00",546893,13.56,28.25,748.6,22.25,46.16
"2026-02-15 15:25:00",546894,13.57,28.14,748.5,22.1,46.17
"2026-02-15 15:30:00",546895,13.57,28.02,748.5,22.1,47.89
"2026-02-15 15:35:00",546896,13.56,27.87,748.5,21.64,49.48
"2026-02-15 15:40:00",546897,13.57,27.67,748.4,21.54,49.28
"2026-02-15 15:45:00",546898,13.56,27.42,748.4,21.73,49.94
"2026-02-15 15:50:00",546899,13.56,27.22,748.3,21.34,49.38
"2026-02-15 15:55:00",546900,13.57,27.01,748.3,21.59,49.82
"2026-02-15 16:00:00",546901,13.57,26.83,748.3,21.57,49.91
"2026-02-15 16:05:00",546902,13.56,26.72,748.3,21.72,49.49
"2026-02-15 16:10:00",546903,13.56,26.68,748.2,21.59,50.07
"2026-02-15 16:15:00",546904,13.56,26.67,748.2,21.55,50.67
"2026-02-15 16:20:00",546905,13.56,26.69,748.2,21.67,49.11
"2026-02-15 16:25:00",546906,13.56,26.69,748.2,21.49,49.84
"2026-02-15 16:30:00",546907,13.56,26.65,748.1,21.16,52
"2026-02-15 16:35:00",546908,13.56,26.53,748,20.73,52.44
"2026-02-15 16:40:00",546909,13.57,26.36,748,20.62,54.23
"2026-02-15 16:45:00",546910,13.56,26.19,748,20.52,53.71
"2026-02-15 16:50:00",546911,13.56,26.07,747.9,20.72,53.12
"2026-02-15 16:55:00",546912,13.56,25.94,747.9,20.66,53.36
"2026-02-15 17:00:00",546913,13.56,25.84,748,20.5,55.04
"2026-02-15 17:05:00",546914,13.56,25.71,748,20.3,55.85
"2026-02-15 17:10:00",546915,13.56,25.55,748.1,20.51,54.24
"2026-02-15 17:15:00",546916,13.56,25.45,748.1,20.22,55.37
"2026-02-15 17:20:00",546917,13.59,25.26,748.1,20.3,53.78
"2026-02-15 17:25:00",546918,13.59,25.16,748.1,20.52,53.84
"2026-02-15 17:30:00",546919,13.59,25.08,748.2,20.5,53.46
"2026-02-15 17:35:00",546920,13.59,25,748.1,20.41,54.13
"2026-02-15 17:40:00",546921,13.59,24.95,748.1,20.53,53.44
"2026-02-15 17:45:00",546922,13.59,24.85,748.1,20.46,53.21
"2026-02-15 17:50:00",546923,13.58,24.69,748.1,20.43,53.92
"2026-02-15 17:55:00",546924,13.54,24.19,748.1,20.38,54.87
"2026-02-15 18:00:00",546925,13.43,23.72,748.2,20.33,55.14
"2026-02-15 18:05:00",546926,13.33,23.4,748.3,20.19,54.84
"2026-02-15 18:10:00",546927,13.24,23.14,748.3,20.19,55.58
"2026-02-15 18:15:00",546928,13.16,22.93,748.3,20.12,56.28
"2026-02-15 18:20:00",546929,13.09,22.72,748.3,20.07,56.31
"2026-02-15 18:25:00",546930,13.04,22.51,748.3,20,54.75
"2026-02-15 18:30:00",546931,13,22.32,748.3,19.94,55.43
"2026-02-15 18:35:00",546932,12.97,22.16,748.3,20.06,54.92
"2026-02-15 18:40:00",546933,12.93,22.03,748.4,20.14,54.87
"2026-02-15 18:45:00",546934,12.91,21.9,748.4,20.08,56.4
"2026-02-15 18:50:00",546935,12.89,21.78,748.4,19.97,56.23
"2026-02-15 18:55:00",546936,12.88,21.63,748.5,19.74,57.85
"2026-02-15 19:00:00",546937,12.88,21.44,748.6,19.4,59.53
"2026-02-15 19:05:00",546938,12.87,21.19,748.7,19.22,60.05
"2026-02-15 19:10:00",546939,12.87,21.03,748.8,19.17,59.07
"2026-02-15 19:15:00",546940,12.87,20.82,749,19.19,59.86
"2026-02-15 19:20:00",546941,12.86,20.7,749.1,19.09,59.67
"2026-02-15 19:25:00",546942,12.86,20.57,749.2,18.99,60.31
"2026-02-15 19:30:00",546943,12.86,20.43,749.3,18.9,60.27
"2026-02-15 19:35:00",546944,12.85,20.35,749.4,18.96,59.98
"2026-02-15 19:40:00",546945,12.85,20.29,749.3,18.96,59.46
"2026-02-15 19:45:00",546946,12.85,20.22,749.4,18.86,60.57
"2026-02-15 19:50:00",546947,12.85,20.15,749.5,18.59,61.31
"2026-02-15 19:55:00",546948,12.84,20.06,749.5,18.34,60.6
"2026-02-15 20:00:00",546949,12.84,19.94,749.6,18.24,60.38
"2026-02-15 20:05:00",546950,12.84,19.84,749.7,18.19,60.01
"2026-02-15 20:10:00",546951,12.84,19.66,749.8,18.15,60.39
"2026-02-15 20:15:00",546952,12.83,19.53,749.9,18.11,60.75
"2026-02-15 20:20:00",546953,12.83,19.43,750,18.14,60.6
"2026-02-15 20:25:00",546954,12.83,19.36,750.1,18.57,58.62
"2026-02-15 20:30:00",546955,12.83,19.36,750.2,18.92,55.89
"2026-02-15 20:35:00",546956,12.83,19.38,750.2,19.02,55.26
"2026-02-15 20:40:00",546957,12.83,19.39,750.3,18.96,55.83
"2026-02-15 20:45:00",546958,12.82,19.41,750.4,19.01,54.79
"2026-02-15 20:50:00",546959,12.82,19.44,750.5,18.9,55.98
"2026-02-15 20:55:00",546960,12.82,19.48,750.6,18.83,55.51
"2026-02-15 21:00:00",546961,12.82,19.49,750.6,19.02,55.44
"2026-02-15 21:05:00",546962,12.82,19.51,750.7,18.92,56.13
"2026-02-15 21:10:00",546963,12.82,19.52,750.8,18.7,57.08
"2026-02-15 21:15:00",546964,12.82,19.51,750.9,18.45,58.32
"2026-02-15 21:20:00",546965,12.81,19.47,750.9,18.19,59.68
"2026-02-15 21:25:00",546966,12.81,19.41,751,18.15,61.6
"2026-02-15 21:30:00",546967,12.81,19.39,751.1,18.04,62.15
"2026-02-15 21:35:00",546968,12.81,19.33,751.1,18.11,61.2
"2026-02-15 21:40:00",546969,12.81,19.29,751.2,18.11,60.6
"2026-02-15 21:45:00",546970,12.81,19.23,751.4,18,61.96
"2026-02-15 21:50:00",546971,12.81,19.19,751.4,17.96,61.42
"2026-02-15 21:55:00",546972,12.8,19.17,751.5,17.62,66.5
"2026-02-15 22:00:00",546973,12.8,19.14,751.5,17.24,69.7
"2026-02-15 22:05:00",546974,12.8,19.1,751.6,16.95,72.27
"2026-02-15 22:10:00",546975,12.8,19.03,751.8,16.83,73.08
"2026-02-15 22:15:00",546976,12.8,18.95,751.9,16.84,72.34
"2026-02-15 22:20:00",546977,12.8,18.86,751.9,16.79,72.53
"2026-02-15 22:25:00",546978,12.8,18.79,751.9,16.77,72.27
"2026-02-15 22:30:00",546979,12.79,18.7,751.9,16.76,72.07
"2026-02-15 22:35:00",546980,12.79,18.63,751.9,16.76,71.95
"2026-02-15 22:40:00",546981,12.79,18.57,751.9,16.87,71.16
"2026-02-15 22:45:00",546982,12.79,18.52,752,16.89,71.25
"2026-02-15 22:50:00",546983,12.79,18.48,752.1,16.83,71.68
"2026-02-15 22:55:00",546984,12.79,18.33,752.1,16.83,71.62
"2026-02-15 23:00:00",546985,12.79,18.24,752.2,16.73,72.2
"2026-02-15 23:05:00",546986,12.79,18.17,752.2,16.63,72.44
"2026-02-15 23:10:00",546987,12.78,18.1,752.2,16.75,71.78
"2026-02-15 23:15:00",546988,12.78,18.06,752.2,16.71,71.31
"2026-02-15 23:20:00",546989,12.78,17.93,752.2,16.63,71.64
"2026-02-15 23:25:00",546990,12.78,17.86,752.2,16.63,71.26
"2026-02-15 23:30:00",546991,12.78,17.78,752.2,16.64,71.12
"2026-02-15 23:35:00",546992,12.77,17.71,752.2,16.57,71.46
"2026-02-15 23:40:00",546993,12.77,17.65,752.2,16.5,71.76
"2026-02-15 23:45:00",546994,12.77,17.56,752.1,16.45,71.72
"2026-02-15 23:50:00",546995,12.77,17.49,752,16.37,72.16
"2026-02-15 23:55:00",546996,12.77,17.44,752,16.29,72.66
"2026-02-16 00:00:00",546997,12.77,17.35,752,16.16,73.35
"2026-02-16 00:05:00",546998,12.77,17.23,752,16.08,73.82
"2026-02-16 00:10:00",546999,12.77,17.14,752,15.99,74.43
"2026-02-16 00:15:00",547000,12.76,17.06,752,16.01,74.49
"2026-02-16 00:20:00",547001,12.76,16.99,752,15.9,75.63
"2026-02-16 00:25:00",547002,12.76,16.89,752.1,15.52,77.21
"2026-02-16 00:30:00",547003,12.76,16.78,752.1,15.42,77.69
"2026-02-16 00:35:00",547004,12.75,16.64,752.1,15.36,77.98
"2026-02-16 00:40:00",547005,12.75,16.52,752.1,15.36,78.29
"2026-02-16 00:45:00",547006,12.75,16.42,752.2,15.26,78.86
"2026-02-16 00:50:00",547007,12.75,16.36,752.2,15.12,79.82
"2026-02-16 00:55:00",547008,12.75,16.32,752.2,15.16,79.78
"2026-02-16 01:00:00",547009,12.75,16.32,752.1,15.22,79.4
"2026-02-16 01:05:00",547010,12.74,16.33,752.1,15.24,79.32
"2026-02-16 01:10:00",547011,12.75,16.33,752,15.43,78.25
"2026-02-16 01:15:00",547012,12.74,16.4,751.9,15.51,78.02
"2026-02-16 01:20:00",547013,12.74,16.45,751.8,15.62,77.43
"2026-02-16 01:25:00",547014,12.74,16.5,751.9,15.66,77.18
"2026-02-16 01:30:00",547015,12.73,16.54,751.9,15.72,76.91
"2026-02-16 01:35:00",547016,12.73,16.59,751.8,15.74,76.83
"2026-02-16 01:40:00",547017,12.73,16.59,751.8,15.66,77.38
"2026-02-16 01:45:00",547018,12.73,16.51,751.7,15.51,78.1
"2026-02-16 01:50:00",547019,12.73,16.43,751.6,15.36,78.29
"2026-02-16 01:55:00",547020,12.73,16.36,751.6,15.36,78.02
"2026-02-16 02:00:00",547021,12.72,16.3,751.5,15.41,78.19
"2026-02-16 02:05:00",547022,12.72,16.23,751.5,15.52,77.57
"2026-02-16 02:10:00",547023,12.72,16.17,751.4,15.4,78.02
"2026-02-16 02:15:00",547024,12.72,16.13,751.4,15.5,77.46
"2026-02-16 02:20:00",547025,12.72,16.09,751.4,15.5,77.51
"2026-02-16 02:25:00",547026,12.71,16.06,751.5,15.47,76.81
"2026-02-16 02:30:00",547027,12.71,16.03,751.4,15.39,77.63
"2026-02-16 02:35:00",547028,12.71,16.01,751.4,15.34,78.96
"2026-02-16 02:40:00",547029,12.71,15.97,751.4,15.26,79.33
"2026-02-16 02:45:00",547030,12.7,15.94,751.3,15.2,78.87
"2026-02-16 02:50:00",547031,12.7,15.9,751.4,15.06,81.2
"2026-02-16 02:55:00",547032,12.7,15.85,751.4,14.57,83
"2026-02-16 03:00:00",547033,12.7,15.77,751.3,14.45,82.8
"2026-02-16 03:05:00",547034,12.69,15.68,751.3,14.52,82.5
"2026-02-16 03:10:00",547035,12.69,15.61,751.2,14.63,82.2
"2026-02-16 03:15:00",547036,12.69,15.52,751.2,14.57,82.2
"2026-02-16 03:20:00",547037,12.68,15.47,751.1,14.5,82.3
"2026-02-16 03:25:00",547038,12.68,15.38,751.1,14.53,82.3
"2026-02-16 03:30:00",547039,12.68,15.34,751.1,14.63,82.4
"2026-02-16 03:35:00",547040,12.68,15.3,751.1,14.54,82.5
"2026-02-16 03:40:00",547041,12.67,15.27,751.2,14.46,82.7
"2026-02-16 03:45:00",547042,12.67,15.22,751.2,14.41,83.1
"2026-02-16 03:50:00",547043,12.67,15.18,751.2,14.37,83.4
"2026-02-16 03:55:00",547044,12.66,15.13,751.2,14.33,83.3
"2026-02-16 04:00:00",547045,12.66,15.07,751.2,14.39,82.7
"2026-02-16 04:05:00",547046,12.66,15.04,751.2,14.5,82.2
"2026-02-16 04:10:00",547047,12.66,14.99,751.2,14.47,81.9
"2026-02-16 04:15:00",547048,12.65,14.96,751.2,14.6,81.5
"2026-02-16 04:20:00",547049,12.65,14.91,751.2,14.54,81.8
"2026-02-16 04:25:00",547050,12.64,14.85,751.1,14.51,81.9
"2026-02-16 04:30:00",547051,12.66,14.84,751.2,14.29,82.6
"2026-02-16 04:35:00",547052,12.66,14.73,751.2,14.12,82.9
"2026-02-16 04:40:00",547053,12.65,14.64,751.1,14.23,83.1
"2026-02-16 04:45:00",547054,12.65,14.57,751.1,14.23,83.5
"2026-02-16 04:50:00",547055,12.65,14.46,751.2,14.12,84
"2026-02-16 04:55:00",547056,12.65,14.4,751.3,14.13,83.8
"2026-02-16 05:00:00",547057,12.64,14.32,751.4,14.03,84
"2026-02-16 05:05:00",547058,12.64,14.24,751.4,13.93,84.6
"2026-02-16 05:10:00",547059,12.63,14.17,751.4,13.85,84.8
"2026-02-16 05:15:00",547060,12.63,14.12,751.4,13.74,85.8
"2026-02-16 05:20:00",547061,12.63,14.07,751.4,13.83,85.8
"2026-02-16 05:25:00",547062,12.62,14.06,751.5,13.99,85.1
"2026-02-16 05:30:00",547063,12.62,14.07,751.6,14.07,85.2
"2026-02-16 05:35:00",547064,12.61,14.07,751.6,14.17,84.8
"2026-02-16 05:40:00",547065,12.61,14.09,751.7,14.23,84.5
"2026-02-16 05:45:00",547066,12.61,14.12,751.8,14.31,81.2
"2026-02-16 05:50:00",547067,12.6,14.19,751.9,14.43,79.71
"2026-02-16 05:55:00",547068,12.6,14.26,751.9,14.33,80.3
"2026-02-16 06:00:00",547069,12.59,14.33,752,14.12,78.84
"2026-02-16 06:05:00",547070,12.58,14.4,752.1,14.11,84
"2026-02-16 06:10:00",547071,12.58,14.49,752.2,13.85,86
"2026-02-16 06:15:00",547072,12.57,14.59,752.2,13.6,87
"2026-02-16 06:20:00",547073,12.57,14.65,752.3,13.55,85.4
"2026-02-16 06:25:00",547074,12.59,14.69,752.3,13.75,83.8
"2026-02-16 06:30:00",547075,12.61,14.74,752.4,13.89,83
"2026-02-16 06:35:00",547076,12.65,14.71,752.5,14.03,82.8
"2026-02-16 06:40:00",547077,12.74,14.58,752.5,14.15,81.7
"2026-02-16 06:45:00",547078,12.85,14.61,752.6,14.25,80.2
"2026-02-16 06:50:00",547079,12.97,14.69,752.6,14.44,80.2
"2026-02-16 06:55:00",547080,13.12,14.8,752.6,14.49,77.39
"2026-02-16 07:00:00",547081,13.36,14.97,752.6,14.89,74.24
"2026-02-16 07:05:00",547082,13.62,15.3,752.7,15.61,70.92
"2026-02-16 07:10:00",547083,13.73,15.71,752.7,15.7,70.6
"2026-02-16 07:15:00",547084,13.83,16.24,752.7,16.61,70.48
"2026-02-16 07:20:00",547085,13.81,17.6,752.7,16.63,73.02
"2026-02-16 07:25:00",547086,13.78,18.6,752.7,16.4,72.68
"2026-02-16 07:30:00",547087,13.78,19.32,752.7,16.53,73.82
"2026-02-16 07:35:00",547088,13.76,19.95,752.7,16.91,70.36
"2026-02-16 07:40:00",547089,13.76,20.57,752.8,16.67,69.57
"2026-02-16 07:45:00",547090,13.73,21.15,752.8,17.43,68.11
"2026-02-16 07:50:00",547091,13.73,21.74,752.9,18.13,64.87
"2026-02-16 07:55:00",547092,13.7,22.31,752.9,18.96,62.24
"2026-02-16 08:00:00",547093,13.68,22.85,753,19.26,61.54
"2026-02-16 08:05:00",547094,13.68,23.37,753,20.38,58.04
"2026-02-16 08:10:00",547095,13.68,23.97,753.1,19.7,60.94
"2026-02-16 08:15:00",547096,13.65,24.53,753.2,20.62,58.48
"2026-02-16 08:20:00",547097,13.65,25.06,753.3,19.73,59.34
"2026-02-16 08:25:00",547098,13.65,25.49,753.3,20.14,58.71
"2026-02-16 08:30:00",547099,13.62,25.84,753.3,20.2,57.74
"2026-02-16 08:35:00",547100,13.62,26.17,753.3,20.29,57.75
"2026-02-16 08:40:00",547101,13.63,26.49,753.3,20.46,56.67
"2026-02-16 08:45:00",547102,13.6,26.79,753.3,20.19,56.85
"2026-02-16 08:50:00",547103,13.6,27.07,753.3,20.88,55.13
"2026-02-16 08:55:00",547104,13.6,27.44,753.3,20.74,54.06
"2026-02-16 09:00:00",547105,13.6,27.75,753.3,19.75,57.79
"2026-02-16 09:05:00",547106,13.6,28.05,753.3,20.62,55.4
"2026-02-16 09:10:00",547107,13.58,28.34,753.3,21.87,51.09
"2026-02-16 09:15:00",547108,13.58,28.68,753.2,21.56,51.05
"2026-02-16 09:20:00",547109,13.58,29.04,753.2,21.72,50.75
"2026-02-16 09:25:00",547110,13.55,29.39,753.2,20.91,51.93
"2026-02-16 09:30:00",547111,13.55,29.71,753.2,20.32,53.62
"2026-02-16 09:35:00",547112,13.55,29.94,753.2,21.27,51.38
"2026-02-16 09:40:00",547113,13.55,30.14,753.2,21.8,51.71
"2026-02-16 09:45:00",547114,13.55,30.44,753.2,22.47,48.64
"2026-02-16 09:50:00",547115,13.53,30.75,753.1,22.36,48.34
"2026-02-16 09:55:00",547116,13.53,31.05,753.1,22.53,48.74
"2026-02-16 10:00:00",547117,13.53,31.38,753.1,23.3,47.06
"2026-02-16 10:05:00",547118,13.51,31.7,753.1,23.05,46.45
"2026-02-16 10:10:00",547119,13.51,31.86,753.1,21.38,49.19
"2026-02-16 10:15:00",547120,13.51,31.77,753.1,22.07,48.21
"2026-02-16 10:20:00",547121,13.51,31.78,752.9,23.17,45.08
"2026-02-16 10:25:00",547122,13.51,31.96,752.9,22.78,45.74
"2026-02-16 10:30:00",547123,13.51,32.17,752.8,23.02,44.62
"2026-02-16 10:35:00",547124,13.51,32.41,752.8,22.69,46.05
"2026-02-16 10:40:00",547125,13.48,32.57,752.8,23.8,43.93
"2026-02-16 10:45:00",547126,13.48,32.8,752.8,23.54,44.64
"2026-02-16 10:50:00",547127,13.48,32.95,752.7,23.2,45.09
"2026-02-16 10:55:00",547128,13.48,33.02,752.6,23.58,44.16
"2026-02-16 11:00:00",547129,13.48,33.22,752.6,23.85,43
"2026-02-16 11:05:00",547130,13.48,33.42,752.5,22.98,44.29
"2026-02-16 11:10:00",547131,13.48,33.48,752.5,24.11,42.99
"2026-02-16 11:15:00",547132,13.48,33.53,752.4,23.52,43.9
"2026-02-16 11:20:00",547133,13.49,33.6,752.4,24.21,42.65
"2026-02-16 11:25:00",547134,13.46,33.73,752.3,24.56,41.29
"2026-02-16 11:30:00",547135,13.46,33.9,752.2,25.36,39.8
"2026-02-16 11:35:00",547136,13.46,34.13,752.2,25.65,39.24
"2026-02-16 11:40:00",547137,13.46,34.41,752.1,26.21,38.5
"2026-02-16 11:45:00",547138,13.46,34.76,752.1,25.98,37.85
"2026-02-16 11:50:00",547139,13.44,34.99,752,24.34,40.21
"2026-02-16 11:55:00",547140,13.44,34.91,751.9,23.93,41.32
"2026-02-16 12:00:00",547141,13.44,34.56,751.8,22.99,44.13
"2026-02-16 12:05:00",547142,13.44,33.97,751.8,23.15,43.53
"2026-02-16 12:10:00",547143,13.44,33.4,751.8,23.59,42.54
"2026-02-16 12:15:00",547144,13.44,33.16,751.7,24.4,40.38
"2026-02-16 12:20:00",547145,13.44,33.19,751.7,23.97,41.81
"2026-02-16 12:25:00",547146,13.44,33.26,751.6,23.35,42.81
"2026-02-16 12:30:00",547147,13.44,33.22,751.6,23.19,42.92
"2026-02-16 12:35:00",547148,13.44,33,751.5,23.9,42.78
"2026-02-16 12:40:00",547149,13.44,32.79,751.4,24.2,42.26
"2026-02-16 12:45:00",547150,13.44,32.59,751.4,24.32,42.86
"2026-02-16 12:50:00",547151,13.44,32.49,751.3,24.49,42.09
"2026-02-16 12:55:00",547152,13.44,32.54,751.2,25.35,40.16
"2026-02-16 13:00:00",547153,13.44,32.68,751.1,25.54,39.72
"2026-02-16 13:05:00",547154,13.44,32.79,751.1,24.55,43.08
"2026-02-16 13:10:00",547155,13.44,32.73,751.1,24.06,43.73
"2026-02-16 13:15:00",547156,13.44,32.46,751.1,23.75,44.12
"2026-02-16 13:20:00",547157,13.44,32.11,751.1,24.13,40.65
"2026-02-16 13:25:00",547158,13.44,31.77,751,24.15,41.54
"2026-02-16 13:30:00",547159,13.46,31.4,751,23.66,42.88
"2026-02-16 13:35:00",547160,13.46,31.01,750.9,23.34,44.04
"2026-02-16 13:40:00",547161,13.46,30.61,750.8,23.81,48.69
"2026-02-16 13:45:00",547162,13.49,30.06,750.8,23.78,51.16
"2026-02-16 13:50:00",547163,13.49,29.41,750.7,23.39,48.44
"2026-02-16 13:55:00",547164,13.51,28.5,750.7,22.36,50.43
"2026-02-16 14:00:00",547165,13.53,27.67,750.6,22.57,49.41
"2026-02-16 14:05:00",547166,13.54,27.19,750.6,23.09,51.47
"2026-02-16 14:10:00",547167,13.54,27.18,750.5,24.46,48.61
"2026-02-16 14:15:00",547168,13.53,27.57,750.4,24.56,46.28
"2026-02-16 14:20:00",547169,13.54,28.28,750.4,24.5,44.66
"2026-02-16 14:25:00",547170,13.54,28.89,750.4,25.11,42.65
"2026-02-16 14:30:00",547171,13.54,29.44,750.4,25.09,42.91
"2026-02-16 14:35:00",547172,13.54,29.92,750.2,24.63,41.68
"2026-02-16 14:40:00",547173,13.54,30.17,750.2,24.81,42.58
"2026-02-16 14:45:00",547174,13.54,30.33,750.2,24.08,42.34
"2026-02-16 14:50:00",547175,13.54,30.37,750.1,24.46,42.78
"2026-02-16 14:55:00",547176,13.54,30.38,750.1,24.45,42.71
"2026-02-16 15:00:00",547177,13.54,30.36,750.1,23.83,42.64
"2026-02-16 15:05:00",547178,13.54,30.28,750.1,24.11,43.32
"2026-02-16 15:10:00",547179,13.54,30.18,750,23.71,42.79
"2026-02-16 15:15:00",547180,13.54,30.05,749.9,23.66,43.46
"2026-02-16 15:20:00",547181,13.54,29.9,749.9,23.86,41.96
"2026-02-16 15:25:00",547182,13.54,29.81,749.8,23.69,42.72
"2026-02-16 15:30:00",547183,13.54,29.74,749.8,23.9,45.11
"2026-02-16 15:35:00",547184,13.54,29.66,749.7,23.44,46.27
"2026-02-16 15:40:00",547185,13.54,29.55,749.6,23.69,45.34
"2026-02-16 15:45:00",547186,13.54,29.47,749.6,23.61,44.75
"2026-02-16 15:50:00",547187,13.54,29.34,749.6,23.4,42.88
"2026-02-16 15:55:00",547188,13.54,29.18,749.6,23.22,42.76
"2026-02-16 16:00:00",547189,13.54,28.98,749.6,23.28,44.13
"2026-02-16 16:05:00",547190,13.54,28.8,749.6,23.33,44.2
"2026-02-16 16:10:00",547191,13.54,28.65,749.7,23.12,45.94
"2026-02-16 16:15:00",547192,13.54,28.45,749.7,22.73,46.15
"2026-02-16 16:20:00",547193,13.54,28.27,749.7,22.55,45.49
"2026-02-16 16:25:00",547194,13.54,28.07,749.7,22.65,45.41
"2026-02-16 16:30:00",547195,13.54,27.91,749.7,22.72,44.83
"2026-02-16 16:35:00",547196,13.54,27.81,749.7,22.66,45.98
"2026-02-16 16:40:00",547197,13.54,27.75,749.7,22.73,44.96
"2026-02-16 16:45:00",547198,13.54,27.67,749.7,22.6,45.98
"2026-02-16 16:50:00",547199,13.54,27.61,749.7,22.65,45.85
"2026-02-16 16:55:00",547200,13.54,27.52,749.7,22.49,46.41
"2026-02-16 17:00:00",547201,13.54,27.45,749.7,22.51,45.77
"2026-02-16 17:05:00",547202,13.54,27.29,749.6,22.43,44.25
"2026-02-16 17:10:00",547203,13.54,27.23,749.6,22.5,44.36
"2026-02-16 17:15:00",547204,13.54,27.21,749.7,22.61,44.57
"2026-02-16 17:20:00",547205,13.54,27.17,749.7,22.58,44.59
"2026-02-16 17:25:00",547206,13.54,27.2,749.7,22.77,43.42
"2026-02-16 17:30:00",547207,13.54,27.33,749.7,22.81,44.78
"2026-02-16 17:35:00",547208,13.54,27.45,749.8,22.68,45.6
"2026-02-16 17:40:00",547209,13.54,27.45,749.8,22.75,45.32
"2026-02-16 17:45:00",547210,13.55,27.39,749.8,22.11,46.71
"2026-02-16 17:50:00",547211,13.54,26.9,749.8,22.04,47.95
"2026-02-16 17:55:00",547212,13.39,26.23,749.9,21.98,48.67
"2026-02-16 18:00:00",547213,13.25,25.72,749.9,21.95,48.86
"2026-02-16 18:05:00",547214,13.17,25.35,749.9,21.75,48.8
"2026-02-16 18:10:00",547215,13.11,25.05,750,21.59,49.57
"2026-02-16 18:15:00",547216,13.05,24.76,750,21.49,49.75
"2026-02-16 18:20:00",547217,13,24.47,750,21.17,51.25
"2026-02-16 18:25:00",547218,12.96,24.22,750,21,51
"2026-02-16 18:30:00",547219,12.94,23.94,750,20.95,50.53
"2026-02-16 18:35:00",547220,12.91,23.71,750,20.81,50.73
"2026-02-16 18:40:00",547221,12.9,23.54,750,20.59,52.85
"2026-02-16 18:45:00",547222,12.89,23.36,750,20.55,51.57
"2026-02-16 18:50:00",547223,12.88,23.18,750,20.52,50.59
"2026-02-16 18:55:00",547224,12.87,23.01,750.1,20.42,52.64
"2026-02-16 19:00:00",547225,12.86,22.8,750.2,20.13,53.66
"2026-02-16 19:05:00",547226,12.86,22.56,750.3,19.84,55.44
"2026-02-16 19:10:00",547227,12.85,22.33,750.3,19.62,55.75
"2026-02-16 19:15:00",547228,12.85,22.13,750.5,19.5,55.67
"2026-02-16 19:20:00",547229,12.85,21.91,750.5,19.41,56.45
"2026-02-16 19:25:00",547230,12.84,21.71,750.6,19.42,56.21
"2026-02-16 19:30:00",547231,12.84,21.53,750.6,19.41,55.96
"2026-02-16 19:35:00",547232,12.84,21.37,750.8,19.42,55.72
"2026-02-16 19:40:00",547233,12.84,21.23,750.8,19.23,56.4
"2026-02-16 19:45:00",547234,12.84,21.11,751,19.18,56.33
"2026-02-16 19:50:00",547235,12.83,20.98,751,19.13,56.65
"2026-02-16 19:55:00",547236,12.83,20.87,751,19.07,56.89
"2026-02-16 20:00:00",547237,12.83,20.77,751.1,19.1,56.53
"2026-02-16 20:05:00",547238,12.83,20.58,751.2,19.18,56.85
"2026-02-16 20:10:00",547239,12.83,20.46,751.3,19.02,58.01
"2026-02-16 20:15:00",547240,12.82,20.37,751.3,18.85,59.48
"2026-02-16 20:20:00",547241,12.83,20.28,751.4,18.71,60
"2026-02-16 20:25:00",547242,12.82,20.18,751.5,18.63,60.14
"2026-02-16 20:30:00",547243,12.82,20.1,751.5,18.73,59.49
"2026-02-16 20:35:00",547244,12.82,20.02,751.7,18.71,59.24
"2026-02-16 20:40:00",547245,12.82,19.92,751.7,18.66,58.93
"2026-02-16 20:45:00",547246,12.82,19.86,751.8,18.71,58.73
"2026-02-16 20:50:00",547247,12.81,19.8,751.9,18.63,59.17
"2026-02-16 20:55:00",547248,12.81,19.75,751.9,18.62,58.83
"2026-02-16 21:00:00",547249,12.81,19.71,752,18.57,59.16
"2026-02-16 21:05:00",547250,12.81,19.65,752.1,18.48,60.51
"2026-02-16 21:10:00",547251,12.81,19.59,752.1,18.31,60.78
"2026-02-16 21:15:00",547252,12.81,19.5,752.1,18.29,60.05
"2026-02-16 21:20:00",547253,12.8,19.42,752.1,18.27,60.47
"2026-02-16 21:25:00",547254,12.8,19.35,752.2,18.14,61.08
"2026-02-16 21:30:00",547255,12.8,19.28,752.2,17.91,61.88
"2026-02-16 21:35:00",547256,12.8,19.17,752.3,17.83,62.47
"2026-02-16 21:40:00",547257,12.8,19.08,752.3,17.88,62.03
"2026-02-16 21:45:00",547258,12.8,19,752.3,17.85,62.09
"2026-02-16 21:50:00",547259,12.8,18.91,752.5,17.76,62.58
"2026-02-16 21:55:00",547260,12.8,18.8,752.5,17.68,62.95
"2026-02-16 22:00:00",547261,12.79,18.7,752.5,17.54,63.29
"2026-02-16 22:05:00",547262,12.79,18.61,752.5,17.65,62.74
"2026-02-16 22:10:00",547263,12.79,18.56,752.5,17.75,62.61
"2026-02-16 22:15:00",547264,12.78,18.53,752.5,17.73,62.37
"2026-02-16 22:20:00",547265,12.79,18.49,752.6,17.55,63.2
"2026-02-16 22:25:00",547266,12.78,18.43,752.6,17.33,63.84
"2026-02-16 22:30:00",547267,12.78,18.34,752.6,17.09,64.72
"2026-02-16 22:35:00",547268,12.78,18.23,752.7,16.91,65.63
"2026-02-16 22:40:00",547269,12.78,18.11,752.7,16.81,68.84
"2026-02-16 22:45:00",547270,12.78,18.02,752.7,16.3,70.8
"2026-02-16 22:50:00",547271,12.78,17.88,752.8,16.67,68.93
"2026-02-16 22:55:00",547272,12.78,17.75,752.8,16.53,69.66
"2026-02-16 23:00:00",547273,12.77,17.63,752.8,16.47,70.17
"2026-02-16 23:05:00",547274,12.77,17.45,752.8,16.41,70.18
"2026-02-16 23:10:00",547275,12.77,17.3,752.9,16.49,69.74
"2026-02-16 23:15:00",547276,12.77,17.19,752.8,16.3,69.73
"2026-02-16 23:20:00",547277,12.77,17.09,752.8,16.43,69.2
"2026-02-16 23:25:00",547278,12.77,17,752.8,16.47,69.21
"2026-02-16 23:30:00",547279,12.77,16.94,752.8,16.43,69.17
"2026-02-16 23:35:00",547280,12.76,16.86,752.8,16.23,69.63
"2026-02-16 23:40:00",547281,12.76,16.78,752.7,16.21,70.87
"2026-02-16 23:45:00",547282,12.76,16.72,752.7,16.24,70.3
"2026-02-16 23:50:00",547283,12.76,16.66,752.7,16.26,69.81
"2026-02-16 23:55:00",547284,12.76,16.61,752.8,16,70.91
"2026-02-17 00:00:00",547285,12.76,16.53,752.7,15.82,70.24
"2026-02-17 00:05:00",547286,12.76,16.45,752.6,16.15,71.49
"2026-02-17 00:10:00",547287,12.76,16.4,752.6,15.9,73.84
"2026-02-17 00:15:00",547288,12.75,16.38,752.6,15.78,74.04
"2026-02-17 00:20:00",547289,12.75,16.34,752.7,15.73,73.84
"2026-02-17 00:25:00",547290,12.75,16.26,752.7,15.66,74.53
"2026-02-17 00:30:00",547291,12.75,16.2,752.7,15.62,74.18
"2026-02-17 00:35:00",547292,12.75,16.15,752.7,15.52,74.22
"2026-02-17 00:40:00",547293,12.75,16.11,752.7,15.66,71.25
"2026-02-17 00:45:00",547294,12.75,16.1,752.7,15.64,70.18
"2026-02-17 00:50:00",547295,12.74,16.13,752.6,15.4,70.83
"2026-02-17 00:55:00",547296,12.74,16.14,752.6,15.32,70.87
"2026-02-17 01:00:00",547297,12.74,16.12,752.7,15.34,70.79
"2026-02-17 01:05:00",547298,12.74,16.07,752.7,15.23,71.77
"2026-02-17 01:10:00",547299,12.74,16,752.7,15.08,71.94
"2026-02-17 01:15:00",547300,12.74,15.92,752.8,14.98,73.01
"2026-02-17 01:20:00",547301,12.73,15.87,752.8,14.78,74.64
"2026-02-17 01:25:00",547302,12.73,15.79,752.8,14.81,74.9
"2026-02-17 01:30:00",547303,12.73,15.72,752.8,14.71,75.72
"2026-02-17 01:35:00",547304,12.73,15.63,752.8,14.76,76.63
"2026-02-17 01:40:00",547305,12.72,15.56,752.7,14.77,76.27
"2026-02-17 01:45:00",547306,12.72,15.49,752.7,14.81,76.56
"2026-02-17 01:50:00",547307,12.72,15.34,752.7,14.73,73.5
"2026-02-17 01:55:00",547308,12.72,15.25,752.7,14.93,75.23
"2026-02-17 02:00:00",547309,12.72,15.2,752.7,14.88,75.56
"2026-02-17 02:05:00",547310,12.72,15.21,752.6,14.96,75.63
"2026-02-17 02:10:00",547311,12.72,15.21,752.6,14.71,75.92
"2026-02-17 02:15:00",547312,12.72,15.2,752.6,14.66,75.4
"2026-02-17 02:20:00",547313,12.71,15.18,752.6,14.79,76.16
"2026-02-17 02:25:00",547314,12.71,15.16,752.6,14.54,76.47
"2026-02-17 02:30:00",547315,12.71,15.13,752.6,14.57,75.58
"2026-02-17 02:35:00",547316,12.71,15.12,752.5,14.61,77.8
"2026-02-17 02:40:00",547317,12.71,15.1,752.5,14.43,77.9
"2026-02-17 02:45:00",547318,12.7,15.04,752.4,14.27,78.84
"2026-02-17 02:50:00",547319,12.7,14.95,752.5,14.31,79.32
"2026-02-17 02:55:00",547320,12.7,14.87,752.5,14.27,79.7
"2026-02-17 03:00:00",547321,12.7,14.78,752.5,14.19,80.4
"2026-02-17 03:05:00",547322,12.7,14.73,752.4,14.11,79.61
"2026-02-17 03:10:00",547323,12.69,14.66,752.4,14.17,79.89
"2026-02-17 03:15:00",547324,12.69,14.61,752.5,14.13,79.31
"2026-02-17 03:20:00",547325,12.69,14.54,752.5,14.1,80.7
"2026-02-17 03:25:00",547326,12.69,14.47,752.5,13.95,81
"2026-02-17 03:30:00",547327,12.68,14.39,752.6,14.08,80.6
"2026-02-17 03:35:00",547328,12.68,14.31,752.5,14.05,80.5
"2026-02-17 03:40:00",547329,12.68,14.27,752.5,13.86,79.96
"2026-02-17 03:45:00",547330,12.68,14.2,752.6,13.91,78.76
"2026-02-17 03:50:00",547331,12.68,14.16,752.5,13.93,80.1
"2026-02-17 03:55:00",547332,12.67,14.13,752.6,13.89,81.7
"2026-02-17 04:00:00",547333,12.67,14.05,752.6,13.61,83.2
"2026-02-17 04:05:00",547334,12.67,14,752.7,13.47,83.9
"2026-02-17 04:10:00",547335,12.66,13.95,752.7,13.49,82
"2026-02-17 04:15:00",547336,12.66,13.92,752.7,13.61,80.2
"2026-02-17 04:20:00",547337,12.66,13.91,752.7,13.53,79.29
"2026-02-17 04:25:00",547338,12.66,13.91,752.8,13.39,79.75
"2026-02-17 04:30:00",547339,12.66,13.89,752.8,13.37,80
"2026-02-17 04:35:00",547340,12.65,13.86,752.8,13.37,81.5
"2026-02-17 04:40:00",547341,12.65,13.75,752.8,13.28,83.7
"2026-02-17 04:45:00",547342,12.65,13.69,752.9,13.21,83.7
"2026-02-17 04:50:00",547343,12.64,13.65,752.9,13.06,84
"2026-02-17 04:55:00",547344,12.64,13.63,752.9,12.97,83.6
"2026-02-17 05:00:00",547345,12.64,13.59,753,13.26,82.1
"2026-02-17 05:05:00",547346,12.64,13.6,753,13.37,81.5
"2026-02-17 05:10:00",547347,12.63,13.61,753.1,13.34,82.5
"2026-02-17 05:15:00",547348,12.63,13.6,753.1,13.27,83.2
"2026-02-17 05:20:00",547349,12.63,13.61,753.2,13.14,83.8
"2026-02-17 05:25:00",547350,12.62,13.62,753.2,13.01,84.5
"2026-02-17 05:30:00",547351,12.62,13.61,753.1,12.92,84.9
"2026-02-17 05:35:00",547352,12.62,13.58,753.1,13.02,84.2
"2026-02-17 05:40:00",547353,12.62,13.58,753.1,13.17,83.4
"2026-02-17 05:45:00",547354,12.61,13.55,753.1,13.25,83.3
"2026-02-17 05:50:00",547355,12.61,13.54,753.2,13.1,83.9
"2026-02-17 05:55:00",547356,12.61,13.5,753.3,12.87,84.8
"2026-02-17 06:00:00",547357,12.6,13.45,753.4,12.78,86
"2026-02-17 06:05:00",547358,12.6,13.38,753.5,12.83,85.7
"2026-02-17 06:10:00",547359,12.6,13.34,753.5,12.49,87
"2026-02-17 06:15:00",547360,12.59,13.34,753.5,12.35,88
"2026-02-17 06:20:00",547361,12.59,13.3,753.6,12.3,88.3
"2026-02-17 06:25:00",547362,12.6,13.29,753.6,12.26,88.7
"2026-02-17 06:30:00",547363,12.61,13.26,753.7,12.4,88.3
"2026-02-17 06:35:00",547364,12.61,13.28,753.7,12.54,87.7
"2026-02-17 06:40:00",547365,12.64,13.32,753.8,12.83,86.6
"2026-02-17 06:45:00",547366,12.68,13.41,753.9,13,85.8
"2026-02-17 06:50:00",547367,12.74,13.54,753.9,13.23,85.2
"2026-02-17 06:55:00",547368,12.8,13.69,754,13.39,83.4
"2026-02-17 07:00:00",547369,12.92,13.85,754.1,13.7,80.3
"2026-02-17 07:05:00",547370,13.03,14.04,754.1,14.04,78.07
"2026-02-17 07:10:00",547371,13.27,14.29,754.1,14.37,76.44
"2026-02-17 07:15:00",547372,13.55,14.66,754.2,14.69,75.07
"2026-02-17 07:20:00",547373,13.72,15.13,754.3,15.52,71.83
"2026-02-17 07:25:00",547374,13.91,15.7,754.3,15.82,70.99
"2026-02-17 07:30:00",547375,13.82,17.14,754.4,16,70.57
"2026-02-17 07:35:00",547376,13.79,18.23,754.4,15.92,70.64
"2026-02-17 07:40:00",547377,13.79,19.13,754.5,16.73,70.85
"2026-02-17 07:45:00",547378,13.76,19.84,754.5,16.78,68.83
"2026-02-17 07:50:00",547379,13.73,20.54,754.5,16.53,70.87
"2026-02-17 07:55:00",547380,13.73,21.17,754.6,16.41,70.16
"2026-02-17 08:00:00",547381,13.7,21.76,754.7,17.29,65.82
"2026-02-17 08:05:00",547382,13.71,22.33,754.7,17.17,64.65
"2026-02-17 08:10:00",547383,13.68,22.88,754.8,18.45,59.69
"2026-02-17 08:15:00",547384,13.68,23.33,754.8,18.53,59.28
"2026-02-17 08:20:00",547385,13.68,23.67,754.9,18.33,60.36
"2026-02-17 08:25:00",547386,13.65,23.91,754.8,18.21,60.16
"2026-02-17 08:30:00",547387,13.65,24.05,754.9,18.35,61.12
"2026-02-17 08:35:00",547388,13.65,24.15,754.9,17.82,63.04
"2026-02-17 08:40:00",547389,13.65,24.23,754.8,18.09,63.05
"2026-02-17 08:45:00",547390,13.65,24.41,754.9,19.45,57.62
"2026-02-17 08:50:00",547391,13.65,24.78,754.9,19.75,55.67
"2026-02-17 08:55:00",547392,13.65,25.21,754.9,19.82,56.18
"2026-02-17 09:00:00",547393,13.63,25.69,754.9,20.36,52.2
"2026-02-17 09:05:00",547394,13.63,26.22,754.9,21.02,50.6
"2026-02-17 09:10:00",547395,13.6,26.76,754.9,21.38,49.48
"2026-02-17 09:15:00",547396,13.6,27.36,754.9,21.8,49.75
"2026-02-17 09:20:00",547397,13.6,27.93,754.8,20.53,51.22
"2026-02-17 09:25:00",547398,13.58,28.35,754.9,20.72,51.53
"2026-02-17 09:30:00",547399,13.58,28.7,754.9,21.05,50.07
"2026-02-17 09:35:00",547400,13.58,28.97,754.8,20.72,50.84
"2026-02-17 09:40:00",547401,13.55,29.26,754.9,21.79,47.72
"2026-02-17 09:45:00",547402,13.55,29.62,754.9,20.92,49.8
"2026-02-17 09:50:00",547403,13.55,29.9,754.8,21.89,48.31
"2026-02-17 09:55:00",547404,13.55,30.26,754.8,22.01,47.69
"2026-02-17 10:00:00",547405,13.53,30.68,754.7,22.07,46.65
"2026-02-17 10:05:00",547406,13.53,31.09,754.6,20.94,49.64
"2026-02-17 10:10:00",547407,13.53,31.25,754.6,21.74,48.67
"2026-02-17 10:15:00",547408,13.5,31.53,754.5,22.43,47.3
"2026-02-17 10:20:00",547409,13.5,31.9,754.5,24.25,43.4
"2026-02-17 10:25:00",547410,13.5,32.35,754.4,23.83,43.64
"2026-02-17 10:30:00",547411,13.51,32.8,754.3,24.17,42.61
"2026-02-17 10:35:00",547412,13.48,33.2,754.3,22.8,47.34
"2026-02-17 10:40:00",547413,13.48,33.32,754.3,21.6,47.54
"2026-02-17 10:45:00",547414,13.48,33.22,754.3,24.13,42.61
"2026-02-17 10:50:00",547415,13.48,33.33,754.2,22.74,44.19
"2026-02-17 10:55:00",547416,13.48,33.45,754.1,21.71,46.57
"2026-02-17 11:00:00",547417,13.48,33.37,754,21.61,46.3
"2026-02-17 11:05:00",547418,13.48,33.2,754,22.51,43.65
"2026-02-17 11:10:00",547419,13.48,33.12,753.9,23.2,42.34
"2026-02-17 11:15:00",547420,13.48,33.16,753.8,23.37,42.13
"2026-02-17 11:20:00",547421,13.48,33.27,753.7,24.01,40.74
"2026-02-17 11:25:00",547422,13.48,33.43,753.6,24.57,40.96
"2026-02-17 11:30:00",547423,13.48,33.59,753.6,23.3,42.38
"2026-02-17 11:35:00",547424,13.48,33.57,753.5,23.28,42.19
"2026-02-17 11:40:00",547425,13.46,33.69,753.4,25.22,37.08
"2026-02-17 11:45:00",547426,13.46,33.88,753.3,24.33,37.05
"2026-02-17 11:50:00",547427,13.46,33.87,753.2,24.43,37.06
"2026-02-17 11:55:00",547428,13.46,33.75,753.1,24.25,36.25
"2026-02-17 12:00:00",547429,13.46,33.5,753.1,23.92,34.19
"2026-02-17 12:05:00",547430,13.46,33.14,753.1,24.07,33.51
"2026-02-17 12:10:00",547431,13.46,32.8,753,24.54,35.65
"2026-02-17 12:15:00",547432,13.46,32.61,752.9,24.75,34.71
"2026-02-17 12:20:00",547433,13.46,32.56,752.8,25.61,33.45
"2026-02-17 12:25:00",547434,13.46,32.75,752.8,26.47,31.57
"2026-02-17 12:30:00",547435,13.46,33.1,752.8,26.28,31.01
"2026-02-17 12:35:00",547436,13.46,33.5,752.7,26.79,29.97
"2026-02-17 12:40:00",547437,13.46,33.97,752.6,25.2,32.67
"2026-02-17 12:45:00",547438,13.46,34.24,752.5,25.24,32.88
"2026-02-17 12:50:00",547439,13.46,34.39,752.4,25.69,30.42
"2026-02-17 12:55:00",547440,13.46,34.48,752.3,25.92,30.34
"2026-02-17 13:00:00",547441,13.46,34.54,752.2,26.89,31.4
"2026-02-17 13:05:00",547442,13.46,34.65,752.1,26.98,29.51
"2026-02-17 13:10:00",547443,13.46,34.57,752,25.01,32.05
"2026-02-17 13:15:00",547444,13.46,34.31,751.9,24.99,32.62
"2026-02-17 13:20:00",547445,13.46,33.93,751.8,25.09,33.06
"2026-02-17 13:25:00",547446,13.46,33.66,751.7,26.06,31.67
"2026-02-17 13:30:00",547447,13.46,33.49,751.7,24.85,36.74
"2026-02-17 13:35:00",547448,13.46,33.31,751.7,24.79,36.63
"2026-02-17 13:40:00",547449,13.46,33.12,751.6,24.88,36.68
"2026-02-17 13:45:00",547450,13.46,32.94,751.4,24.72,37.42
"2026-02-17 13:50:00",547451,13.46,32.75,751.3,24.85,36.97
"2026-02-17 13:55:00",547452,13.46,32.51,751.3,24.85,35.55
"2026-02-17 14:00:00",547453,13.47,32.26,751.2,24.45,36.27
"2026-02-17 14:05:00",547454,13.46,31.99,751.2,24.18,37.47
"2026-02-17 14:10:00",547455,13.46,31.73,751.1,24.5,36.74
"2026-02-17 14:15:00",547456,13.46,31.54,751,24.18,36.71
"2026-02-17 14:20:00",547457,13.46,31.34,751,24.5,35.95
"2026-02-17 14:25:00",547458,13.46,31.23,750.8,25.34,35.43
"2026-02-17 14:30:00",547459,13.46,31.25,750.8,25.42,33.7
"2026-02-17 14:35:00",547460,13.46,31.4,750.8,25.38,34.36
"2026-02-17 14:40:00",547461,13.46,31.59,750.7,25.45,34.04
"2026-02-17 14:45:00",547462,13.46,31.74,750.8,25.52,33.64
"2026-02-17 14:50:00",547463,13.46,31.71,751,24.85,34.58
"2026-02-17 14:55:00",547464,13.45,31.34,751.4,22.57,48.14
"2026-02-17 15:00:00",547465,13.33,29.59,751.7,18.88,68.4
"2026-02-17 15:05:00",547466,13.47,27.5,751,17.35,68.36
"2026-02-17 15:10:00",547467,13.62,26.12,750.9,19.34,56.57
"2026-02-17 15:15:00",547468,13.61,25.13,750.8,19.34,58.64
"2026-02-17 15:20:00",547469,13.61,24.34,750.6,19.69,66.98
"2026-02-17 15:25:00",547470,13.61,23.77,750.5,20.17,54.9
"2026-02-17 15:30:00",547471,13.61,23.53,750.5,21.21,57.77
"2026-02-17 15:35:00",547472,13.61,23.7,750.4,22.59,43.85
"2026-02-17 15:40:00",547473,13.61,24.27,750.4,23.19,42.66
"2026-02-17 15:45:00",547474,13.62,24.98,750.4,22.51,43.97
"2026-02-17 15:50:00",547475,13.62,25.74,750.4,23.85,41.01
"2026-02-17 15:55:00",547476,13.62,26.42,750.4,22.69,43.48
"2026-02-17 16:00:00",547477,13.59,26.87,750.4,22.09,49.86
"2026-02-17 16:05:00",547478,13.59,27.03,750.4,21.59,49.41
"2026-02-17 16:10:00",547479,13.59,26.95,750.6,21.69,50.03
"2026-02-17 16:15:00",547480,13.59,26.76,750.8,20.78,54.13
"2026-02-17 16:20:00",547481,13.59,26.53,750.5,20.86,53.05
"2026-02-17 16:25:00",547482,13.59,26.3,750.5,20.24,55.47
"2026-02-17 16:30:00",547483,13.59,26.04,750.4,19.92,53.44
"2026-02-17 16:35:00",547484,13.59,25.77,750.2,19.73,53.88
"2026-02-17 16:40:00",547485,13.59,25.48,750.3,19.7,54.71
"2026-02-17 16:45:00",547486,13.59,25.19,750.3,19.39,57.64
"2026-02-17 16:50:00",547487,13.59,24.93,750.2,19.47,59.27
"2026-02-17 16:55:00",547488,13.59,24.8,750.3,19.75,57.73
"2026-02-17 17:00:00",547489,13.59,24.76,750.2,19.81,57.68
"2026-02-17 17:05:00",547490,13.59,24.79,750.2,19.74,59.07
"2026-02-17 17:10:00",547491,13.59,24.82,750.3,20.08,58.76
"2026-02-17 17:15:00",547492,13.59,24.86,750.2,20.22,57.43
"2026-02-17 17:20:00",547493,13.59,24.87,750,20.4,52.55
"2026-02-17 17:25:00",547494,13.59,24.86,750,20.68,51.12
"2026-02-17 17:30:00",547495,13.59,24.92,750,21.27,48.13
"2026-02-17 17:35:00",547496,13.59,25.2,750.1,22.14,47.07
"2026-02-17 17:40:00",547497,13.59,25.65,750.1,21.38,47.23
"2026-02-17 17:45:00",547498,13.59,25.98,750.1,21.19,48.32
"2026-02-17 17:50:00",547499,13.59,26.17,750,21.14,47.64
"2026-02-17 17:55:00",547500,13.55,25.93,750,21.21,46.95
"2026-02-17 18:00:00",547501,13.53,25.31,750,21,47.44
"2026-02-17 18:05:00",547502,13.51,24.97,749.9,21.08,48.59
"2026-02-17 18:10:00",547503,13.28,24.63,749.9,20.77,50.25
"2026-02-17 18:15:00",547504,13.16,24.31,749.9,20.64,52.61
"2026-02-17 18:20:00",547505,13.1,24.06,750,20.67,52.3
"2026-02-17 18:25:00",547506,13.04,23.84,750.1,20.56,54.46
"2026-02-17 18:30:00",547507,12.97,23.59,750.1,20.3,57.38
"2026-02-17 18:35:00",547508,12.92,23.29,750.1,19.91,59.09
"2026-02-17 18:40:00",547509,12.9,23.03,750,19.75,60.13
"2026-02-17 18:45:00",547510,12.89,22.8,750,19.92,59.71
"2026-02-17 18:50:00",547511,12.88,22.62,750,19.94,60.68
"2026-02-17 18:55:00",547512,12.87,22.45,750.1,19.84,60.12
"2026-02-17 19:00:00",547513,12.86,22.21,750.2,19.92,61.61
"2026-02-17 19:05:00",547514,12.86,22.03,750.2,19.96,59.77
"2026-02-17 19:10:00",547515,12.85,21.84,750.3,19.9,58.7
"2026-02-17 19:15:00",547516,12.85,21.69,750.4,19.71,60.31
"2026-02-17 19:20:00",547517,12.85,21.57,750.4,19.6,60.99
"2026-02-17 19:25:00",547518,12.84,21.46,750.5,19.6,61.53
"2026-02-17 19:30:00",547519,12.84,21.37,750.5,19.77,59.59
"2026-02-17 19:35:00",547520,12.84,21.28,750.5,19.72,57.14
"2026-02-17 19:40:00",547521,12.84,21.16,750.6,19.81,57.19
"2026-02-17 19:45:00",547522,12.83,21.05,750.7,19.66,56.73
"2026-02-17 19:50:00",547523,12.83,20.98,750.7,19.76,56.38
"2026-02-17 19:55:00",547524,12.83,20.94,750.8,19.79,59.23
"2026-02-17 20:00:00",547525,12.83,20.93,750.8,19.68,59.52
"2026-02-17 20:05:00",547526,12.83,20.89,750.9,19.57,58.1
"2026-02-17 20:10:00",547527,12.82,20.84,751,19.5,59.12
"2026-02-17 20:15:00",547528,12.82,20.78,751,19.36,58.43
"2026-02-17 20:20:00",547529,12.82,20.74,751,19.5,61.21
"2026-02-17 20:25:00",547530,12.82,20.72,751.1,19.56,60.38
"2026-02-17 20:30:00",547531,12.82,20.69,751.2,19.35,63.29
"2026-02-17 20:35:00",547532,12.82,20.59,751.3,19.16,61.46
"2026-02-17 20:40:00",547533,12.82,20.51,751.4,19.32,59.09
"2026-02-17 20:45:00",547534,12.81,20.37,751.4,19.18,60.62
"2026-02-17 20:50:00",547535,12.81,20.28,751.4,19.01,63.59
"2026-02-17 20:55:00",547536,12.81,20.17,751.5,18.83,64.46
"2026-02-17 21:00:00",547537,12.81,20.09,751.6,18.79,64.84
"2026-02-17 21:05:00",547538,12.81,20.02,751.6,18.37,66.75
"2026-02-17 21:10:00",547539,12.8,19.93,751.7,18.17,67.92
"2026-02-17 21:15:00",547540,12.8,19.82,751.8,17.95,69.14
"2026-02-17 21:20:00",547541,12.82,19.71,751.8,17.75,70.67
"2026-02-17 21:25:00",547542,12.82,19.52,751.9,17.47,71.94
"2026-02-17 21:30:00",547543,12.81,19.35,751.9,17.44,71.1
"2026-02-17 21:35:00",547544,12.81,19.18,752,17.37,71.35
"2026-02-17 21:40:00",547545,12.81,19.07,752.1,17.31,71.05
"2026-02-17 21:45:00",547546,12.81,18.88,752.2,17.21,71.6
"2026-02-17 21:50:00",547547,12.81,18.74,752.2,17.12,70.4
"2026-02-17 21:55:00",547548,12.81,18.59,752.3,16.96,70.6
"2026-02-17 22:00:00",547549,12.81,18.46,752.3,17.01,69.42
"2026-02-17 22:05:00",547550,12.8,18.38,752.3,17.08,68.1
"2026-02-17 22:10:00",547551,12.8,18.27,752.3,16.89,69.2
"2026-02-17 22:15:00",547552,12.8,18.17,752.4,16.73,69.37
"2026-02-17 22:20:00",547553,12.8,18.05,752.5,16.53,72.19
"2026-02-17 22:25:00",547554,12.8,17.9,752.7,16.44,71.83
"2026-02-17 22:30:00",547555,12.8,17.75,752.6,16.54,70.32
"2026-02-17 22:35:00",547556,12.79,17.65,752.7,16.56,69.89
"2026-02-17 22:40:00",547557,12.79,17.55,752.8,16.69,69.66
"2026-02-17 22:45:00",547558,12.79,17.46,752.8,16.67,69.97
"2026-02-17 22:50:00",547559,12.78,17.4,752.7,16.57,70.45
"2026-02-17 22:55:00",547560,12.78,17.31,752.8,16.43,71.97
"2026-02-17 23:00:00",547561,12.77,17.24,752.9,16.27,72.52
"2026-02-17 23:05:00",547562,12.77,17.15,752.8,16.26,72.17
"2026-02-17 23:10:00",547563,12.77,17.14,752.8,16.43,71.63
"2026-02-17 23:15:00",547564,12.77,17.12,752.9,16.46,71.29
"2026-02-17 23:20:00",547565,12.77,17.14,752.8,16.4,71.59
"2026-02-17 23:25:00",547566,12.77,17.17,753,16.5,71.67
"2026-02-17 23:30:00",547567,12.77,17.19,752.9,16.42,72.06
"2026-02-17 23:35:00",547568,12.77,17.18,753,16.44,72.83
"2026-02-17 23:40:00",547569,12.77,17.22,753,16.49,71.59
"2026-02-17 23:45:00",547570,12.76,17.25,753,16.63,71.09
"2026-02-17 23:50:00",547571,12.76,17.28,752.9,16.54,71.22
"2026-02-17 23:55:00",547572,12.76,17.29,752.8,16.44,71.83
"2026-02-18 00:00:00",547573,12.76,17.31,752.9,16.5,71.38
"2026-02-18 00:05:00",547574,12.76,17.32,753,16.69,71.16
"2026-02-18 00:10:00",547575,12.76,17.26,753,16.46,74.78
"2026-02-18 00:15:00",547576,12.76,17.28,752.9,16.28,76.16
"2026-02-18 00:20:00",547577,12.76,17.29,752.9,16.12,73.91
"2026-02-18 00:25:00",547578,12.76,17.31,752.9,16.04,74.24
"2026-02-18 00:30:00",547579,12.76,17.32,752.8,16.02,74.35
"2026-02-18 00:35:00",547580,12.75,17.32,752.8,16.02,75.03
"2026-02-18 00:40:00",547581,12.76,17.32,752.9,16.03,74.86
"2026-02-18 00:45:00",547582,12.75,17.32,752.8,16.03,74.78
"2026-02-18 00:50:00",547583,12.75,17.31,752.9,16.02,75.34
"2026-02-18 00:55:00",547584,12.75,17.34,753,16.03,75.09
"2026-02-18 01:00:00",547585,12.75,17.32,753,16.06,74.75
"2026-02-18 01:05:00",547586,12.75,17.31,753,16.18,74.58
"2026-02-18 01:10:00",547587,12.75,17.32,753.1,16.27,73.89
"2026-02-18 01:15:00",547588,12.75,17.31,753.1,16.3,74.35
"2026-02-18 01:20:00",547589,12.74,17.3,753,16.3,72.95
"2026-02-18 01:25:00",547590,12.74,17.32,752.9,16.25,74.08
"2026-02-18 01:30:00",547591,12.74,17.36,752.9,16.22,73.93
"2026-02-18 01:35:00",547592,12.74,17.37,753,16.17,74.89
"2026-02-18 01:40:00",547593,12.74,17.35,753,15.99,76.24
"2026-02-18 01:45:00",547594,12.74,17.33,753.1,15.92,76.37
"2026-02-18 01:50:00",547595,12.74,17.31,753.3,16.1,75.61
"2026-02-18 01:55:00",547596,12.74,17.28,753.4,16.14,75.31
"2026-02-18 02:00:00",547597,12.76,17.06,753.5,16.14,74.91
"2026-02-18 02:05:00",547598,12.76,16.91,753.6,16.21,77.27
"2026-02-18 02:10:00",547599,12.75,16.78,753.5,16.08,78.95
"2026-02-18 02:15:00",547600,12.75,16.61,753.4,15.76,79.49
"2026-02-18 02:20:00",547601,12.75,16.41,753.5,15.94,74.3
"2026-02-18 02:25:00",547602,12.75,16.18,753.6,15.92,78.05
"2026-02-18 02:30:00",547603,12.75,15.97,753.5,16.08,76.79
"2026-02-18 02:35:00",547604,12.74,15.8,753.5,15.82,75.81
"2026-02-18 02:40:00",547605,12.74,15.67,753.6,15.87,78.91
"2026-02-18 02:45:00",547606,12.74,15.56,753.6,15.41,80.9
"2026-02-18 02:50:00",547607,12.74,15.45,753.5,15.52,80.3
"2026-02-18 02:55:00",547608,12.74,15.37,753.5,15.58,80.6
"2026-02-18 03:00:00",547609,12.73,15.32,753.4,15.82,80.2
"2026-02-18 03:05:00",547610,12.73,15.29,753.4,15.68,77.91
"2026-02-18 03:10:00",547611,12.73,15.23,753.6,15.87,73.01
"2026-02-18 03:15:00",547612,12.73,15.13,753.7,15.92,70.06
"2026-02-18 03:20:00",547613,12.73,15.05,753.7,16.15,66.23
"2026-02-18 03:25:00",547614,12.72,15.03,753.7,16.08,64.61
"2026-02-18 03:30:00",547615,12.72,15.03,753.7,15.9,64.52
"2026-02-18 03:35:00",547616,12.72,15.05,753.8,15.71,65.28
"2026-02-18 03:40:00",547617,12.72,15.08,753.9,15.64,65.56
"2026-02-18 03:45:00",547618,12.72,15.15,753.9,15.64,65.09
"2026-02-18 03:50:00",547619,12.71,15.25,753.9,15.67,65.59
"2026-02-18 03:55:00",547620,12.71,15.33,753.8,15.66,64.65
"2026-02-18 04:00:00",547621,12.71,15.41,753.7,15.48,64.65
"2026-02-18 04:05:00",547622,12.7,15.45,753.7,15.48,64.97
"2026-02-18 04:10:00",547623,12.7,15.5,753.7,15.44,63.49
"2026-02-18 04:15:00",547624,12.7,15.53,753.6,15.51,63.98
"2026-02-18 04:20:00",547625,12.7,15.56,753.5,15.49,66.58
"2026-02-18 04:25:00",547626,12.7,15.61,753.5,15.42,65.73
"2026-02-18 04:30:00",547627,12.7,15.61,753.5,15.34,65.1
"2026-02-18 04:35:00",547628,12.69,15.58,753.6,15.25,65.43
"2026-02-18 04:40:00",547629,12.69,15.5,753.6,14.91,71.16
"2026-02-18 04:45:00",547630,12.69,15.4,753.6,14.65,69.11
"2026-02-18 04:50:00",547631,12.69,15.23,753.5,14.57,70.7
"2026-02-18 04:55:00",547632,12.68,15.07,753.5,14.48,72.68
"2026-02-18 05:00:00",547633,12.68,14.92,753.6,14.31,72.68
"2026-02-18 05:05:00",547634,12.68,14.76,753.7,14.32,69.65
"2026-02-18 05:10:00",547635,12.67,14.62,753.7,14.19,71.43
"2026-02-18 05:15:00",547636,12.67,14.48,753.7,13.77,73.14
"2026-02-18 05:20:00",547637,12.67,14.33,753.7,13.53,75.06
"2026-02-18 05:25:00",547638,12.67,14.18,753.8,13.43,74.62
"2026-02-18 05:30:00",547639,12.66,14.03,753.8,13.4,74.98
"2026-02-18 05:35:00",547640,12.66,13.87,753.9,13.37,74.49
"2026-02-18 05:40:00",547641,12.66,13.74,754,13.39,75.09
"2026-02-18 05:45:00",547642,12.66,13.62,754,13.42,74.53
"2026-02-18 05:50:00",547643,12.65,13.54,754,13.65,72.38
"2026-02-18 05:55:00",547644,12.65,13.48,754.1,13.75,73.19
"2026-02-18 06:00:00",547645,12.65,13.43,754.2,13.69,73.71
"2026-02-18 06:05:00",547646,12.64,13.37,754.3,13.71,74.34
"2026-02-18 06:10:00",547647,12.64,13.34,754.4,13.71,72.98
"2026-02-18 06:15:00",547648,12.64,13.37,754.4,13.63,74.18
"2026-02-18 06:20:00",547649,12.65,13.35,754.5,13.17,75.66
"2026-02-18 06:25:00",547650,12.67,13.29,754.5,13,76.41
"2026-02-18 06:30:00",547651,12.69,13.24,754.6,13.08,77.04
"2026-02-18 06:35:00",547652,12.73,13.26,754.6,13.47,75.78
"2026-02-18 06:40:00",547653,12.74,13.35,754.7,13.77,74.6
"2026-02-18 06:45:00",547654,12.78,13.53,754.7,13.85,74.48
"2026-02-18 06:50:00",547655,12.81,13.73,754.8,14.56,72.15
"2026-02-18 06:55:00",547656,12.86,13.98,754.8,15.76,68.56
"2026-02-18 07:00:00",547657,13.15,14.33,754.9,16.45,65.67
"2026-02-18 07:05:00",547658,13.47,14.83,755,17.13,63.72
"2026-02-18 07:10:00",547659,13.65,15.38,755.1,18.37,59.58
"2026-02-18 07:15:00",547660,13.76,16,755.2,18.65,56.28
"2026-02-18 07:20:00",547661,13.92,16.62,755.2,18.48,55.46
"2026-02-18 07:25:00",547662,13.82,18.16,755.2,19.06,55.45
"2026-02-18 07:30:00",547663,13.79,19.16,755.3,19.02,53.44
"2026-02-18 07:35:00",547664,13.76,19.93,755.4,18.82,53.19
"2026-02-18 07:40:00",547665,13.76,20.59,755.4,17.96,55.1
"2026-02-18 07:45:00",547666,13.73,21.14,755.4,18.19,53.72
"2026-02-18 07:50:00",547667,13.73,21.67,755.4,19.18,52.25
"2026-02-18 07:55:00",547668,13.71,22.21,755.5,20.41,50.33
"2026-02-18 08:00:00",547669,13.7,22.8,755.5,20.12,50.32
"2026-02-18 08:05:00",547670,13.68,23.34,755.5,19.66,50.13
"2026-02-18 08:10:00",547671,13.68,23.82,755.5,18.96,52.96
"2026-02-18 08:15:00",547672,13.68,24.27,755.6,19.34,52.12
"2026-02-18 08:20:00",547673,13.65,24.69,755.6,19.92,50.45
"2026-02-18 08:25:00",547674,13.65,25.17,755.6,20.28,49.59
"2026-02-18 08:30:00",547675,13.65,25.59,755.6,19.25,53.1
"2026-02-18 08:35:00",547676,13.63,25.87,755.6,19.43,53.22
"2026-02-18 08:40:00",547677,13.63,26.18,755.7,19.7,51.36
"2026-02-18 08:45:00",547678,13.63,26.65,755.7,19.69,50.98
"2026-02-18 08:50:00",547679,13.6,26.96,755.7,20.03,48.33
"2026-02-18 08:55:00",547680,13.6,27.32,755.7,21.13,44.84
"2026-02-18 09:00:00",547681,13.6,27.76,755.8,20.78,47.54
"2026-02-18 09:05:00",547682,13.58,28.23,755.8,21.27,45.88
"2026-02-18 09:10:00",547683,13.58,28.64,755.8,19.74,47.59
"2026-02-18 09:15:00",547684,13.58,28.92,755.8,19.32,49.84
"2026-02-18 09:20:00",547685,13.58,29.08,755.8,19.99,47.56
"2026-02-18 09:25:00",547686,13.55,29.27,755.7,19.99,46.52
"2026-02-18 09:30:00",547687,13.55,29.53,755.7,21.63,43.32
"2026-02-18 09:35:00",547688,13.55,29.81,755.8,20.93,45.01
"2026-02-18 09:40:00",547689,13.55,30.09,755.8,21.69,42.2
"2026-02-18 09:45:00",547690,13.53,30.36,755.7,21.19,43.46
"2026-02-18 09:50:00",547691,13.53,30.54,755.7,21.13,43.91
"2026-02-18 09:55:00",547692,13.53,30.68,755.6,21.57,44.7
"2026-02-18 10:00:00",547693,13.53,30.87,755.6,22.11,43.48
"2026-02-18 10:05:00",547694,13.53,31.14,755.6,21.54,42.83
"2026-02-18 10:10:00",547695,13.53,31.4,755.5,22.03,42.56
"2026-02-18 10:15:00",547696,13.51,31.65,755.5,22.12,42.44
"2026-02-18 10:20:00",547697,13.51,31.83,755.5,20.3,45.76
"2026-02-18 10:25:00",547698,13.51,31.89,755.4,21.4,42.94
"2026-02-18 10:30:00",547699,13.51,31.99,755.3,22.13,42.12
"2026-02-18 10:35:00",547700,13.51,32.13,755.3,21.83,42.51
"2026-02-18 10:40:00",547701,13.51,32.14,755.3,21.6,42.06
"2026-02-18 10:45:00",547702,13.51,32.11,755.2,21.97,41.84
"2026-02-18 10:50:00",547703,13.51,32.1,755.2,21.79,42.54
"2026-02-18 10:55:00",547704,13.51,32.1,755.2,22.25,39.73
"2026-02-18 11:00:00",547705,13.51,32.08,755.1,21.74,40.98
"2026-02-18 11:05:00",547706,13.51,32.03,755.1,21.98,40.74
"2026-02-18 11:10:00",547707,13.51,31.98,755,23.11,39.27
"2026-02-18 11:15:00",547708,13.51,32.07,754.9,22.05,40.78
"2026-02-18 11:20:00",547709,13.51,32.1,754.9,23.34,39.19
"2026-02-18 11:25:00",547710,13.51,32.21,754.8,21.9,41.09
"2026-02-18 11:30:00",547711,13.51,32.27,754.8,22.64,37.87
"2026-02-18 11:35:00",547712,13.49,32.41,754.6,22.62,39.18
"2026-02-18 11:40:00",547713,13.49,32.49,754.5,22.76,38.02
"2026-02-18 11:45:00",547714,13.49,32.59,754.6,23.6,36.32
"2026-02-18 11:50:00",547715,13.49,32.71,754.4,22.35,37.61
"2026-02-18 11:55:00",547716,13.49,32.78,754.3,22.76,37.03
"2026-02-18 12:00:00",547717,13.49,32.74,754.3,22.23,37.57
"2026-02-18 12:05:00",547718,13.49,32.63,754.2,22.96,38.56
"2026-02-18 12:10:00",547719,13.49,32.57,754.2,23.73,35.44
"2026-02-18 12:15:00",547720,13.49,32.56,754.1,23.85,36.15
"2026-02-18 12:20:00",547721,13.49,32.63,754,24,34
"2026-02-18 12:25:00",547722,13.49,32.66,753.9,24.18,35.85
"2026-02-18 12:30:00",547723,13.49,32.75,753.8,24.9,35.58
"2026-02-18 12:35:00",547724,13.49,32.85,753.7,24.88,32.71
"2026-02-18 12:40:00",547725,13.49,33,753.6,25.35,32.48
"2026-02-18 12:45:00",547726,13.49,33.11,753.5,24.92,32.58
"2026-02-18 12:50:00",547727,13.49,33.11,753.4,23.93,33.5
"2026-02-18 12:55:00",547728,13.49,32.97,753.3,23.67,33.87
"2026-02-18 13:00:00",547729,13.49,32.66,753.2,24.25,33.89
"2026-02-18 13:05:00",547730,13.49,32.48,753.1,24.08,33.74
"2026-02-18 13:10:00",547731,13.49,32.36,753,24.45,32.94
"2026-02-18 13:15:00",547732,13.49,32.23,752.9,24.45,32.74
"2026-02-18 13:20:00",547733,13.49,32.08,752.8,24.42,32.13
"2026-02-18 13:25:00",547734,13.49,31.91,752.7,24.48,32.24
"2026-02-18 13:30:00",547735,13.49,31.73,752.7,24.88,32.01
"2026-02-18 13:35:00",547736,13.49,31.61,752.5,25.09,30.91
"2026-02-18 13:40:00",547737,13.49,31.6,752.4,24.79,31.22
"2026-02-18 13:45:00",547738,13.49,31.63,752.3,24.93,31.78
"2026-02-18 13:50:00",547739,13.49,31.68,752.2,25.34,30.39
"2026-02-18 13:55:00",547740,13.49,31.73,752.1,26.55,31.04
"2026-02-18 14:00:00",547741,13.49,31.87,752,25.66,29.95
"2026-02-18 14:05:00",547742,13.49,31.95,751.9,24.97,30.9
"2026-02-18 14:10:00",547743,13.49,31.99,751.9,24.99,29.96
"2026-02-18 14:15:00",547744,13.49,32,751.8,25.72,30.09
"2026-02-18 14:20:00",547745,13.49,32.08,751.7,26.85,28.62
"2026-02-18 14:25:00",547746,13.49,32.24,751.7,25.38,29.38
"2026-02-18 14:30:00",547747,13.49,32.35,751.6,26.38,28.51
"2026-02-18 14:35:00",547748,13.49,32.51,751.5,26.23,28.36
"2026-02-18 14:40:00",547749,13.49,32.67,751.3,25.99,28.65
"2026-02-18 14:45:00",547750,13.49,32.77,751.2,25.94,28.34
"2026-02-18 14:50:00",547751,13.49,32.87,751.1,26.76,27.52
"2026-02-18 14:55:00",547752,13.49,33.1,751.1,26.97,26.3
"2026-02-18 15:00:00",547753,13.49,33.39,751,27.71,27.11
"2026-02-18 15:05:00",547754,13.49,33.68,750.9,26.26,26.93
"2026-02-18 15:10:00",547755,13.47,33.75,750.8,26.69,27.58
"2026-02-18 15:15:00",547756,13.47,33.8,750.8,26.64,27.1
"2026-02-18 15:20:00",547757,13.47,33.68,750.8,26.37,26.05
"2026-02-18 15:25:00",547758,13.47,33.5,750.7,26.42,26.53
"2026-02-18 15:30:00",547759,13.47,33.28,750.7,25.63,27.5
"2026-02-18 15:35:00",547760,13.47,32.97,750.5,25.8,27.72
"2026-02-18 15:40:00",547761,13.47,32.68,750.5,25.63,27.81
"2026-02-18 15:45:00",547762,13.47,32.45,750.4,25.26,27.03
"2026-02-18 15:50:00",547763,13.47,32.24,750.4,25.82,27.58
"2026-02-18 15:55:00",547764,13.47,32.11,750.3,26.18,26.04
"2026-02-18 16:00:00",547765,13.47,32.12,750.2,26.42,26.19
"2026-02-18 16:05:00",547766,13.47,32.17,750.1,26.45,25.71
"2026-02-18 16:10:00",547767,13.47,32.31,750,27.28,24.46
"2026-02-18 16:15:00",547768,13.47,32.63,750,27.54,24.14
"2026-02-18 16:20:00",547769,13.47,33.09,749.9,27.18,24.73
"2026-02-18 16:25:00",547770,13.47,33.43,749.9,26.64,26.28
"2026-02-18 16:30:00",547771,13.47,33.59,749.8,26.55,26.65
"2026-02-18 16:35:00",547772,13.47,33.72,749.7,26.97,26.68
"2026-02-18 16:40:00",547773,13.47,33.74,749.7,26.24,28.43
"2026-02-18 16:45:00",547774,13.47,33.65,749.6,26.02,28.86
"2026-02-18 16:50:00",547775,13.47,33.48,749.7,25.88,28.88
"2026-02-18 16:55:00",547776,13.47,33.31,749.5,26.16,27.68
"2026-02-18 17:00:00",547777,13.47,33.24,749.5,26.29,27.62
"2026-02-18 17:05:00",547778,13.47,33.23,749.5,26.56,26.82
"2026-02-18 17:10:00",547779,13.43,32.59,749.5,25.61,27.43
"2026-02-18 17:15:00",547780,13.49,32.31,749.4,25.15,28.65
"2026-02-18 17:20:00",547781,13.5,32.25,749.3,25.42,28.61
"2026-02-18 17:25:00",547782,13.5,32.07,749.3,25.7,27.91
"2026-02-18 17:30:00",547783,13.49,32.04,749.3,25.9,26.49
"2026-02-18 17:35:00",547784,13.5,32.09,749.2,25.58,27.6
"2026-02-18 17:40:00",547785,13.49,32.15,749.3,26.46,25.99
"2026-02-18 17:45:00",547786,13.5,32.22,749.3,26.35,27.76
"2026-02-18 17:50:00",547787,13.46,32.06,749.3,26.2,27.71
"2026-02-18 17:55:00",547788,13.33,31.74,749.3,25.93,26.22
"2026-02-18 18:00:00",547789,13.18,31.58,749.3,25.91,27.59
"2026-02-18 18:05:00",547790,13.12,31.35,749.3,25.6,28.01
"2026-02-18 18:10:00",547791,13.12,30.99,749.3,25.5,27.15
"2026-02-18 18:15:00",547792,13.14,30.6,749.2,25.81,26.83
"2026-02-18 18:20:00",547793,13.11,30.35,749.2,26.65,26.83
"2026-02-18 18:25:00",547794,13.06,30.28,749.2,27.02,25.55
"2026-02-18 18:30:00",547795,13.01,30.32,749.2,26.34,26.05
"2026-02-18 18:35:00",547796,12.99,30.19,749.2,25.8,26.52
"2026-02-18 18:40:00",547797,12.96,29.96,749.2,25.2,28.55
"2026-02-18 18:45:00",547798,12.93,29.63,749.1,24.76,30.14
"2026-02-18 18:50:00",547799,12.91,29.25,749.1,24.67,30.07
"2026-02-18 18:55:00",547800,12.89,28.74,749.2,24.14,31.14
"2026-02-18 19:00:00",547801,12.88,28.2,749.2,23.8,31.94
"2026-02-18 19:05:00",547802,12.88,27.62,749.3,23.51,32.05
"2026-02-18 19:10:00",547803,12.87,27.09,749.4,23.37,32.58
"2026-02-18 19:15:00",547804,12.87,26.66,749.5,23.29,32.1
"2026-02-18 19:20:00",547805,12.87,26.29,749.6,23.31,30.9
"2026-02-18 19:25:00",547806,12.86,25.99,749.6,23.38,30.37
"2026-02-18 19:30:00",547807,12.86,25.73,749.7,23.35,30.56
"2026-02-18 19:35:00",547808,12.86,25.53,749.7,23.21,30.86
"2026-02-18 19:40:00",547809,12.86,25.3,749.8,23.12,31.05
"2026-02-18 19:45:00",547810,12.85,25.11,749.8,22.99,31.1
"2026-02-18 19:50:00",547811,12.85,24.95,749.8,22.93,30.93
"2026-02-18 19:55:00",547812,12.85,24.78,749.9,22.81,31.36
"2026-02-18 20:00:00",547813,12.85,24.6,749.9,22.69,31.71
"2026-02-18 20:05:00",547814,12.85,24.44,750,22.6,31.51
"2026-02-18 20:10:00",547815,12.84,24.24,750.2,22.41,32.56
"2026-02-18 20:15:00",547816,12.84,24.04,750.2,22.39,32.29
"2026-02-18 20:20:00",547817,12.84,23.88,750.3,22.45,30.76
"2026-02-18 20:25:00",547818,12.84,23.75,750.4,22.24,30.67
"2026-02-18 20:30:00",547819,12.84,23.6,750.4,22.06,31.32
"2026-02-18 20:35:00",547820,12.84,23.44,750.5,21.82,31.24
"2026-02-18 20:40:00",547821,12.83,23.29,750.6,21.65,31.36
"2026-02-18 20:45:00",547822,12.83,23.1,750.6,21.62,30.55
"2026-02-18 20:50:00",547823,12.83,22.95,750.7,21.57,30.88
"2026-02-18 20:55:00",547824,12.83,22.81,750.7,21.53,30.88
"2026-02-18 21:00:00",547825,12.83,22.67,750.7,21.38,30.77
"2026-02-18 21:05:00",547826,12.82,22.55,750.8,21.27,31.42
"2026-02-18 21:10:00",547827,12.82,22.42,750.9,21.13,31.65
"2026-02-18 21:15:00",547828,12.82,22.32,750.9,20.88,32.95
"2026-02-18 21:20:00",547829,12.82,22.17,751,20.64,33.89
"2026-02-18 21:25:00",547830,12.82,21.93,751,20.44,33.71
"2026-02-18 21:30:00",547831,12.82,21.72,751.1,20.44,34.37
"2026-02-18 21:35:00",547832,12.82,21.54,751.2,20.2,34.8
"2026-02-18 21:40:00",547833,12.81,21.38,751.2,20.28,33.63
"2026-02-18 21:45:00",547834,12.81,21.2,751.2,20.16,34.67
"2026-02-18 21:50:00",547835,12.81,21.03,751.3,20.14,34.96
"2026-02-18 21:55:00",547836,12.81,20.89,751.4,20.08,35.91
"2026-02-18 22:00:00",547837,12.81,20.75,751.4,19.81,38.3
"2026-02-18 22:05:00",547838,12.8,20.66,751.4,19.57,38.66
"2026-02-18 22:10:00",547839,12.8,20.57,751.4,19.29,39.54
"2026-02-18 22:15:00",547840,12.8,20.49,751.4,19.38,39.49
"2026-02-18 22:20:00",547841,12.8,20.4,751.5,19.3,40.32
"2026-02-18 22:25:00",547842,12.8,20.31,751.6,19.12,40.79
"2026-02-18 22:30:00",547843,12.8,20.18,751.7,19.01,41.09
"2026-02-18 22:35:00",547844,12.8,20.07,751.7,18.82,41.11
"2026-02-18 22:40:00",547845,12.79,19.99,751.8,18.79,42.13
"2026-02-18 22:45:00",547846,12.79,19.9,751.7,19.23,39.15
"2026-02-18 22:50:00",547847,12.79,19.88,751.8,19.84,37.59
"2026-02-18 22:55:00",547848,12.79,19.92,751.9,19.25,39.15
"2026-02-18 23:00:00",547849,12.79,19.95,751.9,19.12,40.23
"2026-02-18 23:05:00",547850,12.79,19.91,751.9,19.13,39.53
"2026-02-18 23:10:00",547851,12.79,19.89,752,19.34,40.06
"2026-02-18 23:15:00",547852,12.78,19.88,752,19.44,40.56
"2026-02-18 23:20:00",547853,12.78,19.86,751.9,19.19,40.56
"2026-02-18 23:25:00",547854,12.78,19.85,751.9,18.9,40.98
"2026-02-18 23:30:00",547855,12.78,19.82,751.9,19.15,41.69
"2026-02-18 23:35:00",547856,12.78,19.79,751.9,18.86,45.46
"2026-02-18 23:40:00",547857,12.77,19.73,752,18.3,44.75
"2026-02-18 23:45:00",547858,12.77,19.62,752,18.03,47.35
"2026-02-18 23:50:00",547859,12.77,19.49,752,17.63,48.08
"2026-02-18 23:55:00",547860,12.77,19.34,752.1,17.57,47.19
"2026-02-19 00:00:00",547861,12.77,19.18,752,17.64,45.37
"2026-02-19 00:05:00",547862,12.77,19.04,752,17.93,45.56
"2026-02-19 00:10:00",547863,12.78,18.91,752,17.91,47.49
"2026-02-19 00:15:00",547864,12.78,18.74,751.9,17.68,48.4
"2026-02-19 00:20:00",547865,12.78,18.61,752,17.53,49.44
"2026-02-19 00:25:00",547866,12.78,18.5,751.9,17.25,50.65
"2026-02-19 00:30:00",547867,12.78,18.37,751.9,17.23,50.89
"2026-02-19 00:35:00",547868,12.77,18.29,751.9,17.43,49.3
"2026-02-19 00:40:00",547869,12.77,18.21,751.9,17.41,50.45
"2026-02-19 00:45:00",547870,12.77,18.15,751.9,17.06,50.66
"2026-02-19 00:50:00",547871,12.77,18.06,751.9,16.85,51.71
"2026-02-19 00:55:00",547872,12.77,17.97,751.9,16.42,52.58
"2026-02-19 01:00:00",547873,12.76,17.86,751.9,17,50.31
"2026-02-19 01:05:00",547874,12.76,17.77,751.9,16.93,50.3
"2026-02-19 01:10:00",547875,12.76,17.67,751.8,16.85,51.25
"2026-02-19 01:15:00",547876,12.76,17.57,751.8,16.94,50.58
"2026-02-19 01:20:00",547877,12.75,17.48,751.9,16.73,51.57
"2026-02-19 01:25:00",547878,12.75,17.41,751.9,16.44,52.95
"2026-02-19 01:30:00",547879,12.75,17.3,752,16.55,52.75
"2026-02-19 01:35:00",547880,12.75,17.19,751.9,16.29,55.13
"2026-02-19 01:40:00",547881,12.75,17.08,751.8,16.01,58.54
"2026-02-19 01:45:00",547882,12.74,16.95,751.8,15.66,59.45
"2026-02-19 01:50:00",547883,12.73,16.79,751.8,15.46,59.9
"2026-02-19 01:55:00",547884,12.73,16.65,751.7,15.52,59.73
"2026-02-19 02:00:00",547885,12.73,16.55,751.7,15.59,58.78
"2026-02-19 02:05:00",547886,12.72,16.45,751.6,15.6,59.11
"2026-02-19 02:10:00",547887,12.72,16.4,751.6,15.58,58.93
"2026-02-19 02:15:00",547888,12.72,16.35,751.6,15.37,57.6
"2026-02-19 02:20:00",547889,12.72,16.26,751.6,15.25,58.49
"2026-02-19 02:25:00",547890,12.72,16.2,751.6,15.14,58.53
"2026-02-19 02:30:00",547891,12.71,16.14,751.5,14.79,60.9
"2026-02-19 02:35:00",547892,12.71,16.03,751.6,14.81,60.63
"2026-02-19 02:40:00",547893,12.71,15.93,751.7,14.92,60.17
"2026-02-19 02:45:00",547894,12.71,15.84,751.6,15.24,56.95
"2026-02-19 02:50:00",547895,12.7,15.81,751.6,15.1,58.01
"2026-02-19 02:55:00",547896,12.7,15.81,751.7,15,58.45
"2026-02-19 03:00:00",547897,12.7,15.71,751.6,14.95,58.74
"2026-02-19 03:05:00",547898,12.7,15.63,751.5,14.65,60.4
"2026-02-19 03:10:00",547899,12.7,15.54,751.6,14.69,60.91
"2026-02-19 03:15:00",547900,12.69,15.47,751.5,14.57,61.81
"2026-02-19 03:20:00",547901,12.69,15.37,751.6,14.72,61.27
"2026-02-19 03:25:00",547902,12.69,15.29,751.7,14.65,61.53
"2026-02-19 03:30:00",547903,12.68,15.2,751.6,14.57,61.42
"2026-02-19 03:35:00",547904,12.68,15.11,751.6,14.25,62.47
"2026-02-19 03:40:00",547905,12.68,15.03,751.6,14.19,62.69
"2026-02-19 03:45:00",547906,12.68,14.94,751.6,14.19,61.51
"2026-02-19 03:50:00",547907,12.68,14.87,751.6,14.49,59.86
"2026-02-19 03:55:00",547908,12.67,14.82,751.7,14.21,60.18
"2026-02-19 04:00:00",547909,12.67,14.77,751.7,14.05,60.71
"2026-02-19 04:05:00",547910,12.67,14.67,751.7,14.14,61.56
"2026-02-19 04:10:00",547911,12.66,14.6,751.7,14.13,63.74
"2026-02-19 04:15:00",547912,12.66,14.58,751.7,13.84,64.75
"2026-02-19 04:20:00",547913,12.66,14.52,751.7,13.67,65.01
"2026-02-19 04:25:00",547914,12.66,14.46,751.7,13.61,64.79
"2026-02-19 04:30:00",547915,12.65,14.42,751.8,13.77,63.8
"2026-02-19 04:35:00",547916,12.65,14.37,751.8,13.7,63.93
"2026-02-19 04:40:00",547917,12.65,14.29,751.8,13.42,64.82
"2026-02-19 04:45:00",547918,12.65,14.21,751.9,13.38,64.78
"2026-02-19 04:50:00",547919,12.64,14.13,751.9,13.19,65.45
"2026-02-19 04:55:00",547920,12.64,14.04,751.9,13.1,66.3
"2026-02-19 05:00:00",547921,12.64,13.94,751.9,12.97,67.27
"2026-02-19 05:05:00",547922,12.63,13.83,751.9,12.96,67.61
"2026-02-19 05:10:00",547923,12.63,13.72,752,12.79,67.46
"2026-02-19 05:15:00",547924,12.63,13.62,752,12.9,66.01
"2026-02-19 05:20:00",547925,12.62,13.52,752,12.99,66.25
"2026-02-19 05:25:00",547926,12.62,13.44,752.1,13,65.8
"2026-02-19 05:30:00",547927,12.62,13.38,752.1,13.17,64.95
"2026-02-19 05:35:00",547928,12.62,13.31,752.2,13.17,65.36
"2026-02-19 05:40:00",547929,12.61,13.29,752.2,13.28,65.03
"2026-02-19 05:45:00",547930,12.61,13.16,752.3,12.78,66.3
"2026-02-19 05:50:00",547931,12.61,13.1,752.4,12.51,66.2
"2026-02-19 05:55:00",547932,12.6,13.01,752.4,12.16,67.75
"2026-02-19 06:00:00",547933,12.6,12.93,752.4,12.2,66.92
"2026-02-19 06:05:00",547934,12.59,12.87,752.5,12.27,68.34
"2026-02-19 06:10:00",547935,12.59,12.8,752.6,12.24,68.57
"2026-02-19 06:15:00",547936,12.59,12.77,752.6,12.29,67.23
"2026-02-19 06:20:00",547937,12.59,12.71,752.6,12.28,67.14
"2026-02-19 06:25:00",547938,12.6,12.71,752.7,12.62,66.54
"2026-02-19 06:30:00",547939,12.62,12.7,752.7,12.68,68.91
"2026-02-19 06:35:00",547940,12.65,12.76,752.8,12.98,66.57
"2026-02-19 06:40:00",547941,12.67,12.83,752.9,13.18,66.96
"2026-02-19 06:45:00",547942,12.71,12.93,752.9,13.3,67.44
"2026-02-19 06:50:00",547943,12.71,13.02,753,13.25,66.07
"2026-02-19 06:55:00",547944,12.75,13.15,753.1,13.57,65.92
"2026-02-19 07:00:00",547945,12.75,13.26,753.1,13.67,65.1
"2026-02-19 07:05:00",547946,12.79,13.39,753.2,13.53,65.39
"2026-02-19 07:10:00",547947,12.99,13.6,753.3,13.52,65.89
"2026-02-19 07:15:00",547948,13.32,13.89,753.3,13.85,65.3
"2026-02-19 07:20:00",547949,13.59,14.31,753.4,14.29,65.18
"2026-02-19 07:25:00",547950,13.73,14.75,753.4,14.91,63.28
"2026-02-19 07:30:00",547951,13.94,15.44,753.4,14.94,62.55
"2026-02-19 07:35:00",547952,13.82,17.01,753.5,15.64,60.65
"2026-02-19 07:40:00",547953,13.82,17.95,753.5,15.28,60.53
"2026-02-19 07:45:00",547954,13.79,18.69,753.5,15.1,61.04
"2026-02-19 07:50:00",547955,13.76,19.35,753.5,15.54,58.26
"2026-02-19 07:55:00",547956,13.76,19.92,753.6,15.9,58.98
"2026-02-19 08:00:00",547957,13.73,20.5,753.6,16.44,56.31
"2026-02-19 08:05:00",547958,13.73,21.02,753.6,16.42,55.61
"2026-02-19 08:10:00",547959,13.74,21.51,753.7,16.85,54.39
"2026-02-19 08:15:00",547960,13.7,22.01,753.8,17.95,49.65
"2026-02-19 08:20:00",547961,13.71,22.57,753.8,18.98,47.24
"2026-02-19 08:25:00",547962,13.68,23.15,753.8,19.46,45.88
"2026-02-19 08:30:00",547963,13.68,23.61,753.9,20.26,46.2
"2026-02-19 08:35:00",547964,13.65,24.17,753.9,19.69,46.26
"2026-02-19 08:40:00",547965,13.65,24.72,753.9,20.41,42.22
"2026-02-19 08:45:00",547966,13.65,25.28,754,20.34,43.62
"2026-02-19 08:50:00",547967,13.63,25.84,753.9,20.62,41.44
"2026-02-19 08:55:00",547968,13.63,26.34,753.9,21.06,40.58
"2026-02-19 09:00:00",547969,13.6,26.8,753.9,20.15,42.03
"2026-02-19 09:05:00",547970,13.6,27.25,753.9,21.34,41.32
"2026-02-19 09:10:00",547971,13.57,27.78,753.8,21.71,39.41
"2026-02-19 09:15:00",547972,13.58,28.28,753.8,21.93,38.75
"2026-02-19 09:20:00",547973,13.57,28.71,753.8,21.36,38.85
"2026-02-19 09:25:00",547974,13.55,29.13,753.8,21.75,38.17
"2026-02-19 09:30:00",547975,13.55,29.51,753.8,22.2,37.07
"2026-02-19 09:35:00",547976,13.55,29.9,753.7,22.31,35.07
"2026-02-19 09:40:00",547977,13.53,30.31,753.7,22.16,36.97
"2026-02-19 09:45:00",547978,13.53,30.68,753.7,22.05,37.75
"2026-02-19 09:50:00",547979,13.53,30.99,753.6,22.27,37.24
"2026-02-19 09:55:00",547980,13.53,31.24,753.6,22.63,36.72
"2026-02-19 10:00:00",547981,13.53,31.57,753.6,24.17,33.08
"2026-02-19 10:05:00",547982,13.51,31.98,753.5,23.91,32.29
"2026-02-19 10:10:00",547983,13.5,32.29,753.5,22.71,31.85
"2026-02-19 10:15:00",547984,13.5,32.42,753.4,22.61,31.77
"2026-02-19 10:20:00",547985,13.51,32.52,753.4,22.88,31.53
"2026-02-19 10:25:00",547986,13.51,32.51,753.3,22.68,31.65
"2026-02-19 10:30:00",547987,13.48,32.54,753.3,23.15,31.35
"2026-02-19 10:35:00",547988,13.48,32.64,753.3,22.83,32.53
"2026-02-19 10:40:00",547989,13.48,32.67,753.3,23.55,31.05
"2026-02-19 10:45:00",547990,13.48,32.73,753.3,23.65,30.52
"2026-02-19 10:50:00",547991,13.48,32.86,753.2,23.9,30.58
"2026-02-19 10:55:00",547992,13.48,33,753.1,23.59,30.18
"2026-02-19 11:00:00",547993,13.48,33.07,753.1,24.05,30.02
"2026-02-19 11:05:00",547994,13.48,33.18,753,22.98,29.79
"2026-02-19 11:10:00",547995,13.48,33.16,753,22.97,30.6
"2026-02-19 11:15:00",547996,13.48,33.09,752.9,23.78,29.19
"2026-02-19 11:20:00",547997,13.48,33.12,752.8,24.61,28.41
"2026-02-19 11:25:00",547998,13.48,33.26,752.8,23.39,30.87
"2026-02-19 11:30:00",547999,13.48,33.35,752.7,23.96,30.08
"2026-02-19 11:35:00",548000,13.48,33.38,752.6,23.69,28.91
"2026-02-19 11:40:00",548001,13.48,33.36,752.6,24.58,28.17
"2026-02-19 11:45:00",548002,13.48,33.4,752.5,23.83,29.8
"2026-02-19 11:50:00",548003,13.48,33.45,752.4,23.99,29.78
"2026-02-19 11:55:00",548004,13.48,33.5,752.3,24.67,28.11
"2026-02-19 12:00:00",548005,13.49,33.54,752.3,24.48,29.28
"2026-02-19 12:05:00",548006,13.46,33.6,752.2,25.63,26.88
"2026-02-19 12:10:00",548007,13.46,33.76,752.1,24.72,27.16
"2026-02-19 12:15:00",548008,13.46,33.9,752,24.49,28.57
"2026-02-19 12:20:00",548009,13.46,33.99,752,24.23,29.83
"2026-02-19 12:25:00",548010,13.46,33.93,751.9,25.5,26.53
"2026-02-19 12:30:00",548011,13.46,33.88,751.8,24.93,27.31
"2026-02-19 12:35:00",548012,13.46,33.78,751.7,25.29,27.2
"2026-02-19 12:40:00",548013,13.46,33.65,751.5,25.11,27.19
"2026-02-19 12:45:00",548014,13.46,33.53,751.5,25.52,26.6
"2026-02-19 12:50:00",548015,13.46,33.44,751.4,25.88,25.6
"2026-02-19 12:55:00",548016,13.46,33.36,751.2,25.85,26.15
"2026-02-19 13:00:00",548017,13.46,33.24,751.2,25.6,26.51
"2026-02-19 13:05:00",548018,13.46,33.14,751.1,26.91,26.29
"2026-02-19 13:10:00",548019,13.46,33.12,751,25.04,28.41
"2026-02-19 13:15:00",548020,13.46,33.02,751,25.22,28.9
"2026-02-19 13:20:00",548021,13.46,32.87,750.8,25.63,27.74
"2026-02-19 13:25:00",548022,13.46,32.76,750.7,24.93,30.02
"2026-02-19 13:30:00",548023,13.46,32.62,750.6,26.01,25.96
"2026-02-19 13:35:00",548024,13.46,32.56,750.6,26.52,27.43
"2026-02-19 13:40:00",548025,13.46,32.58,750.5,25.82,26.21
"2026-02-19 13:45:00",548026,13.46,32.62,750.4,27.09,24.83
"2026-02-19 13:50:00",548027,13.46,32.73,750.4,27.82,25.54
"2026-02-19 13:55:00",548028,13.46,32.95,750.3,27.5,25.31
"2026-02-19 14:00:00",548029,13.46,33.22,750.2,25.96,25.61
"2026-02-19 14:05:00",548030,13.46,33.38,750.1,27.18,25.15
"2026-02-19 14:10:00",548031,13.46,33.48,750.1,28.27,23.74
"2026-02-19 14:15:00",548032,13.47,33.62,750,27.87,23.64
"2026-02-19 14:20:00",548033,13.47,33.78,749.9,26.64,23.25
"2026-02-19 14:25:00",548034,13.47,33.81,749.8,27.77,24.71
"2026-02-19 14:30:00",548035,13.47,33.83,749.7,26.56,23.93
"2026-02-19 14:35:00",548036,13.47,33.84,749.6,27.46,24.41
"2026-02-19 14:40:00",548037,13.47,33.95,749.5,28.52,24.27
"2026-02-19 14:45:00",548038,13.47,34.15,749.5,28.08,23.69
"2026-02-19 14:50:00",548039,13.47,34.4,749.3,28.27,22.94
"2026-02-19 14:55:00",548040,13.45,34.64,749.3,28.15,23.07
"2026-02-19 15:00:00",548041,13.44,34.83,749.2,28.23,23.84
"2026-02-19 15:05:00",548042,13.45,35.01,749.1,27.88,22.56
"2026-02-19 15:10:00",548043,13.45,35.16,749,27.88,22.84
"2026-02-19 15:15:00",548044,13.45,35.24,748.9,27.22,23.84
"2026-02-19 15:20:00",548045,13.45,35.28,748.8,27.75,23.6
"2026-02-19 15:25:00",548046,13.45,35.35,748.8,27.56,23.2
"2026-02-19 15:30:00",548047,13.45,35.32,748.7,27.05,23.48
"2026-02-19 15:35:00",548048,13.45,35.27,748.6,28.44,24.75
"2026-02-19 15:40:00",548049,13.45,35.3,748.4,28.18,23.63
"2026-02-19 15:45:00",548050,13.45,35.24,748.4,27.6,24.66
"2026-02-19 15:50:00",548051,13.44,35.14,748.3,28.31,23.63
"2026-02-19 15:55:00",548052,13.44,35.08,748.2,27.74,23.87
"2026-02-19 16:00:00",548053,13.44,35.05,748.2,28.15,23.35
"2026-02-19 16:05:00",548054,13.44,35.22,748.2,27.91,23.95
"2026-02-19 16:10:00",548055,13.45,35.39,748,27.84,23.43
"2026-02-19 16:15:00",548056,13.45,35.58,747.9,28.82,22.56
"2026-02-19 16:20:00",548057,13.45,35.9,747.8,29.44,22.18
"2026-02-19 16:25:00",548058,13.42,36.38,747.8,30.14,22.29
"2026-02-19 16:30:00",548059,13.42,36.74,747.7,28.14,23.62
"2026-02-19 16:35:00",548060,13.42,36.73,747.7,27.51,25.27
"2026-02-19 16:40:00",548061,13.42,36.48,747.7,27.56,24.31
"2026-02-19 16:45:00",548062,13.42,36.1,747.7,26.75,26.01
"2026-02-19 16:50:00",548063,13.42,35.56,747.6,27.01,25.13
"2026-02-19 16:55:00",548064,13.42,34.9,747.6,26.75,25.39
"2026-02-19 17:00:00",548065,13.42,34.34,747.5,26.85,25.74
"2026-02-19 17:05:00",548066,13.42,33.83,747.5,27.4,24.2
"2026-02-19 17:10:00",548067,13.42,33.26,747.5,26.7,24.73
"2026-02-19 17:15:00",548068,13.42,33,747.5,26.38,25.3
"2026-02-19 17:20:00",548069,13.42,32.58,747.5,26.22,27.27
"2026-02-19 17:25:00",548070,13.42,31.79,747.7,26.07,25.55
"2026-02-19 17:30:00",548071,13.44,31.05,747.7,26.11,25.76
"2026-02-19 17:35:00",548072,13.45,30.59,747.7,25.9,26.08
"2026-02-19 17:40:00",548073,13.45,30.18,747.7,25.82,25.94
"2026-02-19 17:45:00",548074,13.4,29.64,747.7,25.66,26.61
"2026-02-19 17:50:00",548075,13.31,29.22,747.7,25.71,27.16
"2026-02-19 17:55:00",548076,13.21,28.88,747.7,25.56,26.54
"2026-02-19 18:00:00",548077,13.14,28.59,747.7,25.59,26.51
"2026-02-19 18:05:00",548078,13.09,28.37,747.7,25.44,26.77
"2026-02-19 18:10:00",548079,13.06,28.16,747.6,25.43,26.73
"2026-02-19 18:15:00",548080,13.03,27.97,747.6,25.32,26.69
"2026-02-19 18:20:00",548081,13.02,27.8,747.6,25.28,26.79
"2026-02-19 18:25:00",548082,13.01,27.65,747.6,25.2,29.44
"2026-02-19 18:30:00",548083,13.01,27.55,747.7,25.18,30.85
"2026-02-19 18:35:00",548084,12.99,27.55,747.6,25.2,30.59
"2026-02-19 18:40:00",548085,12.96,27.63,747.7,25.26,31.43
"2026-02-19 18:45:00",548086,12.92,27.68,747.7,25.29,29.85
"2026-02-19 18:50:00",548087,12.89,27.63,747.8,25.18,29.74
"2026-02-19 18:55:00",548088,12.89,27.51,747.7,25.2,29.06
"2026-02-19 19:00:00",548089,12.88,27.3,747.8,25.13,29.02
"2026-02-19 19:05:00",548090,12.87,27.09,747.8,24.65,31.08
"2026-02-19 19:10:00",548091,12.87,26.92,747.9,24.5,31.94
"2026-02-19 19:15:00",548092,12.87,26.7,747.9,24.36,32.06
"2026-02-19 19:20:00",548093,12.86,26.53,747.9,24.3,32.32
"2026-02-19 19:25:00",548094,12.86,26.35,748,24.05,32.9
"2026-02-19 19:30:00",548095,12.86,26.18,748,24.11,32.54
"2026-02-19 19:35:00",548096,12.86,26.03,748.1,24.05,32.37
"2026-02-19 19:40:00",548097,12.85,25.85,748.3,24.05,32.27
"2026-02-19 19:45:00",548098,12.85,25.71,748.5,24.03,32.57
"2026-02-19 19:50:00",548099,12.85,25.59,748.7,24.02,32.67
"2026-02-19 19:55:00",548100,12.85,25.52,748.8,23.88,32.89
"2026-02-19 20:00:00",548101,12.85,25.42,748.8,23.9,32.89
"2026-02-19 20:05:00",548102,12.84,25.34,748.9,23.76,32.88
"2026-02-19 20:10:00",548103,12.84,25.24,748.9,23.62,33.7
"2026-02-19 20:15:00",548104,12.84,25.16,749,23.49,33.72
"2026-02-19 20:20:00",548105,12.84,25.08,749.1,23.3,34.5
"2026-02-19 20:25:00",548106,12.84,24.99,749.2,23.23,34.96
"2026-02-19 20:30:00",548107,12.84,24.89,749.3,23.13,34.95
"2026-02-19 20:35:00",548108,12.84,24.8,749.4,23.08,35.48
"2026-02-19 20:40:00",548109,12.83,24.71,749.6,23,35.37
"2026-02-19 20:45:00",548110,12.83,24.61,749.7,23,35.67
"2026-02-19 20:50:00",548111,12.83,24.54,749.7,22.94,35.99
"2026-02-19 20:55:00",548112,12.83,24.5,749.7,22.95,35.7
"2026-02-19 21:00:00",548113,12.83,24.41,749.8,22.87,35.85
"2026-02-19 21:05:00",548114,12.83,24.37,750,22.71,36.56
"2026-02-19 21:10:00",548115,12.83,24.31,750.1,22.64,36.49
"2026-02-19 21:15:00",548116,12.83,24.22,750.2,22.68,35.77
"2026-02-19 21:20:00",548117,12.83,24.16,750.3,22.75,35.97
"2026-02-19 21:25:00",548118,12.82,24.13,750.5,22.87,35.72
"2026-02-19 21:30:00",548119,12.82,24.09,750.6,22.92,36.02
"2026-02-19 21:35:00",548120,12.82,24.06,750.6,22.68,37.25
"2026-02-19 21:40:00",548121,12.82,24.01,750.6,22.46,38.25
"2026-02-19 21:45:00",548122,12.82,23.93,750.7,22.21,38.35
"2026-02-19 21:50:00",548123,12.82,23.85,750.8,22.18,38.68
"2026-02-19 21:55:00",548124,12.81,23.79,750.9,22.24,38.91
"2026-02-19 22:00:00",548125,12.81,23.75,750.9,22.18,39.85
"2026-02-19 22:05:00",548126,12.81,23.69,751,22.08,40.1
"2026-02-19 22:10:00",548127,12.81,23.63,751.1,22.02,41.14
"2026-02-19 22:15:00",548128,12.81,23.46,751.2,21.82,40.59
"2026-02-19 22:20:00",548129,12.81,23.34,751.2,21.89,40.11
"2026-02-19 22:25:00",548130,12.81,23.24,751.2,21.8,40.56
"2026-02-19 22:30:00",548131,12.83,23.17,751.3,21.71,41.81
"2026-02-19 22:35:00",548132,12.83,22.83,751.4,21.59,42.38
"2026-02-19 22:40:00",548133,12.83,22.67,751.4,21.41,43.04
"2026-02-19 22:45:00",548134,12.82,22.56,751.5,21.46,42.95
"2026-02-19 22:50:00",548135,12.82,22.46,751.5,21.34,43.93
"2026-02-19 22:55:00",548136,12.82,22.37,751.4,21.19,44.33
"2026-02-19 23:00:00",548137,12.82,22.29,751.4,21.3,44.41
"2026-02-19 23:05:00",548138,12.82,22.21,751.4,21.33,44.67
"2026-02-19 23:10:00",548139,12.82,22.14,751.4,21.24,45.33
"2026-02-19 23:15:00",548140,12.82,22.06,751.5,21.04,46.14
"2026-02-19 23:20:00",548141,12.82,21.96,751.5,20.77,47.34
"2026-02-19 23:25:00",548142,12.81,21.86,751.4,20.75,47.4
"2026-02-19 23:30:00",548143,12.81,21.74,751.4,20.72,47.24
"2026-02-19 23:35:00",548144,12.81,21.62,751.4,20.79,46.78
"2026-02-19 23:40:00",548145,12.81,21.52,751.4,20.73,46.89
"2026-02-19 23:45:00",548146,12.81,21.41,751.5,20.86,45.89
"2026-02-19 23:50:00",548147,12.81,21.34,751.5,20.9,45.71
"2026-02-19 23:55:00",548148,12.81,21.3,751.5,20.94,45.65
"2026-02-20 00:00:00",548149,12.8,21.23,751.5,20.84,45.86
"2026-02-20 00:05:00",548150,12.8,21.18,751.4,20.64,46.82
"2026-02-20 00:10:00",548151,12.8,21.09,751.4,20.38,47.55
"2026-02-20 00:15:00",548152,12.8,21.01,751.4,20.13,48.56
"2026-02-20 00:20:00",548153,12.8,20.89,751.4,19.95,49.04
"2026-02-20 00:25:00",548154,12.8,20.77,751.5,20.12,48.4
"2026-02-20 00:30:00",548155,12.8,20.7,751.5,20.19,48.35
"2026-02-20 00:35:00",548156,12.79,20.6,751.6,20.16,48.47
"2026-02-20 00:40:00",548157,12.79,20.52,751.7,20.18,48.6
"2026-02-20 00:45:00",548158,12.79,20.46,751.7,20.18,49.13
"2026-02-20 00:50:00",548159,12.79,20.42,751.7,19.99,50.15
"2026-02-20 00:55:00",548160,12.79,20.38,751.7,19.83,50.81
"2026-02-20 01:00:00",548161,12.79,20.32,751.8,19.82,51.16
"2026-02-20 01:05:00",548162,12.78,20.26,751.9,19.69,51.92
"2026-02-20 01:10:00",548163,12.78,20.21,751.9,19.73,51.61
"2026-02-20 01:15:00",548164,12.78,20.21,751.9,19.75,51.68
"2026-02-20 01:20:00",548165,12.78,20.19,751.9,19.66,52.1
"2026-02-20 01:25:00",548166,12.78,20.17,751.8,19.58,52.49
"2026-02-20 01:30:00",548167,12.78,20.14,751.9,19.56,52.74
"2026-02-20 01:35:00",548168,12.77,20.11,751.9,19.47,53.1
"2026-02-20 01:40:00",548169,12.77,20.07,751.9,19.26,54.09
"2026-02-20 01:45:00",548170,12.77,20.03,751.8,19.16,54.42
"2026-02-20 01:50:00",548171,12.77,19.96,751.8,19.1,54.75
"2026-02-20 01:55:00",548172,12.76,19.91,751.8,19.02,55.04
"2026-02-20 02:00:00",548173,12.76,19.83,751.7,18.86,55.54
"2026-02-20 02:05:00",548174,12.76,19.75,751.7,18.83,55.66
"2026-02-20 02:10:00",548175,12.76,19.69,751.7,18.79,55.72
"2026-02-20 02:15:00",548176,12.76,19.62,751.8,18.78,55.59
"2026-02-20 02:20:00",548177,12.76,19.56,751.8,18.71,56.07
"2026-02-20 02:25:00",548178,12.75,19.51,751.8,18.65,56.22
"2026-02-20 02:30:00",548179,12.75,19.45,751.8,18.5,56.9
"2026-02-20 02:35:00",548180,12.75,19.39,751.8,18.37,57.4
"2026-02-20 02:40:00",548181,12.75,19.31,751.9,18.28,57.87
"2026-02-20 02:45:00",548182,12.74,19.2,751.8,18.18,57.95
"2026-02-20 02:50:00",548183,12.74,19.12,751.9,18.1,58.09
"2026-02-20 02:55:00",548184,12.74,19,751.8,17.95,58.21
"2026-02-20 03:00:00",548185,12.74,18.8,751.8,17.87,58.41
"2026-02-20 03:05:00",548186,12.74,18.66,751.9,17.82,58.5
"2026-02-20 03:10:00",548187,12.73,18.55,751.9,17.72,58.51
"2026-02-20 03:15:00",548188,12.73,18.46,751.9,17.67,58.47
"2026-02-20 03:20:00",548189,12.73,18.37,751.9,17.54,58.79
"2026-02-20 03:25:00",548190,12.73,18.28,751.9,17.51,58.66
"2026-02-20 03:30:00",548191,12.73,18.18,751.9,17.45,58.32
"2026-02-20 03:35:00",548192,12.72,18.1,752,17.41,58.37
"2026-02-20 03:40:00",548193,12.72,18,752,17.32,58.57
"2026-02-20 03:45:00",548194,12.72,17.9,752.1,17.29,58.14
"2026-02-20 03:50:00",548195,12.71,17.82,752.1,17.22,58.01
"2026-02-20 03:55:00",548196,12.71,17.71,752.2,17.09,58.35
"2026-02-20 04:00:00",548197,12.71,17.62,752.2,16.93,58.84
"2026-02-20 04:05:00",548198,12.71,17.52,752.2,16.86,58.86
"2026-02-20 04:10:00",548199,12.7,17.4,752.2,16.75,59.17
"2026-02-20 04:15:00",548200,12.7,17.29,752.2,16.7,59.2
"2026-02-20 04:20:00",548201,12.69,17.2,752.3,16.75,59.02
"2026-02-20 04:25:00",548202,12.7,17.1,752.4,16.63,59.43
"2026-02-20 04:30:00",548203,12.69,17,752.5,16.63,59.25
"2026-02-20 04:35:00",548204,12.69,16.91,752.5,16.53,59.62
"2026-02-20 04:40:00",548205,12.68,16.81,752.4,16.4,60.11
"2026-02-20 04:45:00",548206,12.67,16.71,752.4,16.23,60.8
"2026-02-20 04:50:00",548207,12.67,16.62,752.5,16.18,61.06
"2026-02-20 04:55:00",548208,12.67,16.53,752.6,16.22,60.98
"2026-02-20 05:00:00",548209,12.67,16.43,752.6,16.17,61.36
"2026-02-20 05:05:00",548210,12.66,16.35,752.7,16.18,61.36
"2026-02-20 05:10:00",548211,12.66,16.27,752.7,16.2,61.37
"2026-02-20 05:15:00",548212,12.66,16.2,752.8,16.27,61.08
"2026-02-20 05:20:00",548213,12.66,16.14,752.8,16.24,61.19
"2026-02-20 05:25:00",548214,12.66,16.06,752.9,16.34,60.73
"2026-02-20 05:30:00",548215,12.65,16,752.9,16.4,60.53
"2026-02-20 05:35:00",548216,12.65,16.09,752.8,16.32,60.79
"2026-02-20 05:40:00",548217,12.65,16.24,752.9,16.31,60.85
"2026-02-20 05:45:00",548218,12.64,16.29,752.8,16.26,60.99
"2026-02-20 05:50:00",548219,12.64,16.31,752.8,16.4,60.17
"2026-02-20 05:55:00",548220,12.64,16.34,752.8,16.42,59.69
"2026-02-20 06:00:00",548221,12.64,16.37,752.9,16.32,59.05
"2026-02-20 06:05:00",548222,12.63,16.37,753,16.08,59.91
"2026-02-20 06:10:00",548223,12.63,16.35,753,15.82,60.88
"2026-02-20 06:15:00",548224,12.63,16.32,753.1,15.4,63.1
"2026-02-20 06:20:00",548225,12.63,16.26,753.1,15.22,63.69
"2026-02-20 06:25:00",548226,12.64,16.18,753.1,15.26,65.93
"2026-02-20 06:30:00",548227,12.66,16.09,753.1,15.14,67.37
"2026-02-20 06:35:00",548228,12.69,16.04,753.1,15.23,67.39
"2026-02-20 06:40:00",548229,12.73,16.01,753.2,15.32,66.93
"2026-02-20 06:45:00",548230,12.76,16.03,753.2,15.38,66.51
"2026-02-20 06:50:00",548231,12.82,16.06,753.2,15.47,65.88
"2026-02-20 06:55:00",548232,12.9,16.11,753.3,15.45,65.73
"2026-02-20 07:00:00",548233,13.01,16.23,753.4,15.55,65.37
"2026-02-20 07:05:00",548234,13.12,16.35,753.5,15.84,64.71
"2026-02-20 07:10:00",548235,13.24,16.49,753.6,16.08,64.05
"2026-02-20 07:15:00",548236,13.3,16.64,753.7,16.05,64.51
"2026-02-20 07:20:00",548237,13.42,16.86,753.7,15.85,65.39
"2026-02-20 07:25:00",548238,13.59,17.17,753.8,16.03,65.42
"2026-02-20 07:30:00",548239,13.59,17.46,753.8,16.42,63.3
"2026-02-20 07:35:00",548240,13.7,17.81,753.9,16.85,62.16
"2026-02-20 07:40:00",548241,13.78,18.35,753.9,17.61,59.52
"2026-02-20 07:45:00",548242,13.76,19.6,754,18.15,58.34
"2026-02-20 07:50:00",548243,13.66,20.21,754,18.34,55.47
"2026-02-20 07:55:00",548244,13.44,19.58,754.2,18.13,56.87
"2026-02-20 08:00:00",548245,13.56,19.55,754.3,17.59,58.04
"2026-02-20 08:05:00",548246,13.64,19.69,754.3,17.64,59.13
"2026-02-20 08:10:00",548247,13.65,19.87,754.4,17.84,58.77
"2026-02-20 08:15:00",548248,13.73,20.85,754.4,17.43,59.88
"2026-02-20 08:20:00",548249,13.74,21.5,754.3,18.03,57.92
"2026-02-20 08:25:00",548250,13.71,21.84,754.4,18.96,54.26
"2026-02-20 08:30:00",548251,13.71,22.21,754.3,18.96,53.86
"2026-02-20 08:35:00",548252,13.71,22.54,754.4,19.37,53.15
"2026-02-20 08:40:00",548253,13.68,22.85,754.5,19.1,52.4
"2026-02-20 08:45:00",548254,13.68,23.08,754.5,19.46,52.76
"2026-02-20 08:50:00",548255,13.68,23.3,754.5,19.14,52.34
"2026-02-20 08:55:00",548256,13.68,23.44,754.5,18.57,53.75
"2026-02-20 09:00:00",548257,13.68,23.5,754.5,18.78,53.59
"2026-02-20 09:05:00",548258,13.68,23.54,754.6,18.59,54.15
"2026-02-20 09:10:00",548259,13.68,23.59,754.6,19.07,53.44
"2026-02-20 09:15:00",548260,13.68,23.62,754.6,18.74,52.56
"2026-02-20 09:20:00",548261,13.68,23.64,754.6,18.88,52.61
"2026-02-20 09:25:00",548262,13.66,23.64,754.7,19.18,52.44
"2026-02-20 09:30:00",548263,13.66,23.68,754.7,19.52,50.89
"2026-02-20 09:35:00",548264,13.66,23.71,754.6,19,51.29
"2026-02-20 09:40:00",548265,13.66,23.76,754.7,19.07,52.08
"2026-02-20 09:45:00",548266,13.66,23.81,754.7,19.5,51.83
"2026-02-20 09:50:00",548267,13.66,23.87,754.7,19.23,51.67
"2026-02-20 09:55:00",548268,13.66,23.92,754.7,19.56,51.46
"2026-02-20 10:00:00",548269,13.66,24,754.6,19.51,49.96
"2026-02-20 10:05:00",548270,13.66,24.1,754.6,19.36,50.56
"2026-02-20 10:10:00",548271,13.66,24.16,754.6,19.57,50.65
"2026-02-20 10:15:00",548272,13.66,24.29,754.6,19.43,51.45
"2026-02-20 10:20:00",548273,13.66,24.38,754.6,19.23,50.79
"2026-02-20 10:25:00",548274,13.66,24.49,754.6,19.59,49.34
"2026-02-20 10:30:00",548275,13.66,24.61,754.5,19.94,49.04
"2026-02-20 10:35:00",548276,13.66,24.75,754.5,20.08,48.21
"2026-02-20 10:40:00",548277,13.63,24.87,754.4,19.61,48.27
"2026-02-20 10:45:00",548278,13.63,25.01,754.4,19.33,49.71
"2026-02-20 10:50:00",548279,13.64,25.1,754.3,19.41,48.05
"2026-02-20 10:55:00",548280,13.64,25.14,754.3,19.81,49.81
"2026-02-20 11:00:00",548281,13.64,25.16,754.3,19.74,49.29
"2026-02-20 11:05:00",548282,13.64,24.98,754.3,19.28,49.86
"2026-02-20 11:10:00",548283,13.63,24.81,754.3,19.12,47.89
"2026-02-20 11:15:00",548284,13.64,24.64,754.3,19.28,50.52
"2026-02-20 11:20:00",548285,13.63,24.49,754.3,19.32,49.8
"2026-02-20 11:25:00",548286,13.64,24.34,754.3,19.48,53.57
"2026-02-20 11:30:00",548287,13.63,24.17,754.2,19.29,48.1
"2026-02-20 11:35:00",548288,13.64,24.1,754.2,19.07,49.55
"2026-02-20 11:40:00",548289,13.64,24.04,754.2,19.28,51.49
"2026-02-20 11:45:00",548290,13.64,24.06,754.2,19.66,51.1
"2026-02-20 11:50:00",548291,13.64,24.2,754.2,19.8,49.99
"2026-02-20 11:55:00",548292,13.64,24.39,754.2,20.36,47.86
"2026-02-20 12:00:00",548293,13.64,24.61,754.2,19.65,48.09
"2026-02-20 12:05:00",548294,13.64,24.7,754.2,19.34,49.46
"2026-02-20 12:10:00",548295,13.64,24.69,754.2,19.32,48.42
"2026-02-20 12:15:00",548296,13.64,24.68,754.1,19.2,49.04
"2026-02-20 12:20:00",548297,13.64,24.62,754.1,19.63,48.81
"2026-02-20 12:25:00",548298,13.64,24.62,754,19.13,52.71
"2026-02-20 12:30:00",548299,13.64,24.67,753.9,19.24,50.73
"2026-02-20 12:35:00",548300,13.64,24.79,753.9,19.95,49.23
"2026-02-20 12:40:00",548301,13.64,25.05,753.8,21.04,45.31
"2026-02-20 12:45:00",548302,13.64,25.46,753.8,21.05,44.57
"2026-02-20 12:50:00",548303,13.64,25.94,753.7,21.74,43.92
"2026-02-20 12:55:00",548304,13.61,26.43,753.6,21.76,43.47
"2026-02-20 13:00:00",548305,13.61,26.91,753.5,21.47,45.65
"2026-02-20 13:05:00",548306,13.59,27.31,753.4,20.56,45.89
"2026-02-20 13:10:00",548307,13.59,27.48,753.3,19.78,46.97
"2026-02-20 13:15:00",548308,13.59,27.5,753.2,20.25,47.53
"2026-02-20 13:20:00",548309,13.59,27.56,753.1,21.38,46.56
"2026-02-20 13:25:00",548310,13.59,27.8,753,22.75,42.77
"2026-02-20 13:30:00",548311,13.59,28.24,753,22.45,42.8
"2026-02-20 13:35:00",548312,13.59,28.72,752.9,22.96,41.83
"2026-02-20 13:40:00",548313,13.56,29.09,752.8,21.3,45.11
"2026-02-20 13:45:00",548314,13.56,29.32,752.7,21.11,44.36
"2026-02-20 13:50:00",548315,13.56,29.37,752.5,22.17,42.71
"2026-02-20 13:55:00",548316,13.56,29.45,752.5,21.8,43.09
"2026-02-20 14:00:00",548317,13.56,29.41,752.4,21.57,43.86
"2026-02-20 14:05:00",548318,13.56,29.17,752.3,20.69,44.69
"2026-02-20 14:10:00",548319,13.56,28.8,752.2,20.6,45.73
"2026-02-20 14:15:00",548320,13.56,28.39,752.1,20.33,44.96
"2026-02-20 14:20:00",548321,13.56,28.03,752.1,20.95,43.76
"2026-02-20 14:25:00",548322,13.56,27.72,752,20.76,43.13
"2026-02-20 14:30:00",548323,13.56,27.5,752,21.15,43.69
"2026-02-20 14:35:00",548324,13.56,27.29,751.9,20.88,43.43
"2026-02-20 14:40:00",548325,13.56,27.03,751.9,20.83,43.91
"2026-02-20 14:45:00",548326,13.44,26.44,751.9,20.68,44.5
"2026-02-20 14:50:00",548327,13.22,25.54,751.9,20.2,47.05
"2026-02-20 14:55:00",548328,13.12,24.93,752,18.96,49.94
"2026-02-20 15:00:00",548329,13.1,24.31,751.9,18.78,50.14
"2026-02-20 15:05:00",548330,13.1,23.77,751.9,18.81,51.11
"2026-02-20 15:10:00",548331,13.11,23.31,751.8,18.78,52.32
"2026-02-20 15:15:00",548332,13.13,22.92,751.7,18.78,53.06
"2026-02-20 15:20:00",548333,13.12,22.61,751.7,18.85,52.24
"2026-02-20 15:25:00",548334,13.09,22.36,751.6,18.71,51.57
"2026-02-20 15:30:00",548335,13.09,22.04,751.7,18.06,59.05
"2026-02-20 15:35:00",548336,13.12,21.4,751.8,17.13,67.52
"2026-02-20 15:40:00",548337,13.19,20.66,751.8,16.12,70.56
"2026-02-20 15:45:00",548338,13.35,19.96,751.8,15.86,73.21
"2026-02-20 15:50:00",548339,13.4,19.38,751.7,15.89,74.75
"2026-02-20 15:55:00",548340,13.42,18.88,751.6,16.05,71.61
"2026-02-20 16:00:00",548341,13.41,18.51,751.6,16.3,73.35
"2026-02-20 16:05:00",548342,13.49,18.3,751.5,16.23,74.73
"2026-02-20 16:10:00",548343,13.78,18.43,751.4,15.84,72.8
"2026-02-20 16:15:00",548344,13.78,18.81,751.4,16.03,71.04
"2026-02-20 16:20:00",548345,13.78,18.97,751.4,16.16,72.78
"2026-02-20 16:25:00",548346,13.79,19.05,751.3,16.32,73.81
"2026-02-20 16:30:00",548347,13.78,19.14,751.5,16.71,72.14
"2026-02-20 16:35:00",548348,13.79,19.26,751.4,16.5,67.88
"2026-02-20 16:40:00",548349,13.75,19.4,751.3,16.58,71.34
"2026-02-20 16:45:00",548350,13.76,19.58,751.3,16.44,68.39
"2026-02-20 16:50:00",548351,13.76,19.78,751.4,16.59,64.75
"2026-02-20 16:55:00",548352,13.76,19.97,751.3,16.65,68.11
"2026-02-20 17:00:00",548353,13.76,20.24,751.2,16.91,66.58
"2026-02-20 17:05:00",548354,13.76,20.47,751.1,17.01,66.83
"2026-02-20 17:10:00",548355,13.73,20.61,751,17.36,67.24
"2026-02-20 17:15:00",548356,13.73,20.83,751,17.57,63.65
"2026-02-20 17:20:00",548357,13.73,21.06,751,17.62,62.76
"2026-02-20 17:25:00",548358,13.73,21.23,751.1,17.56,64.33
"2026-02-20 17:30:00",548359,13.73,21.36,751,17.63,62.61
"2026-02-20 17:35:00",548360,13.73,21.5,750.9,17.65,60.97
"2026-02-20 17:40:00",548361,13.73,21.56,750.9,17.79,60.72
"2026-02-20 17:45:00",548362,13.7,21.65,750.8,17.77,63.21
"2026-02-20 17:50:00",548363,13.7,21.7,750.8,17.78,62.49
"2026-02-20 17:55:00",548364,13.7,21.69,750.8,17.6,65.13
"2026-02-20 18:00:00",548365,13.7,21.66,750.8,17.53,64.3
"2026-02-20 18:05:00",548366,13.7,21.6,750.7,17.53,64
"2026-02-20 18:10:00",548367,13.71,21.47,750.7,17.65,63.01
"2026-02-20 18:15:00",548368,13.73,21,750.7,17.61,62.58
"2026-02-20 18:20:00",548369,13.51,20.51,750.8,17.65,62.89
"2026-02-20 18:25:00",548370,13.33,20.15,750.8,17.47,65.14
"2026-02-20 18:30:00",548371,13.19,19.89,750.8,17.32,64.38
"2026-02-20 18:35:00",548372,13.08,19.66,750.9,17.43,64.01
"2026-02-20 18:40:00",548373,12.99,19.52,750.9,17.45,63.63
"2026-02-20 18:45:00",548374,12.94,19.37,750.9,17.34,65.53
"2026-02-20 18:50:00",548375,12.9,19.21,751,17.29,66.17
"2026-02-20 18:55:00",548376,12.89,19.05,751.1,17.09,67.61
"2026-02-20 19:00:00",548377,12.86,18.82,751.1,16.9,69.23
"2026-02-20 19:05:00",548378,12.86,18.57,751.2,16.84,69.02
"2026-02-20 19:10:00",548379,12.85,18.38,751.3,16.93,65.55
"2026-02-20 19:15:00",548380,12.84,18.18,751.4,17.05,64.98
"2026-02-20 19:20:00",548381,12.84,18.04,751.5,17.05,65.34
"2026-02-20 19:25:00",548382,12.83,17.91,751.5,17.15,63.81
"2026-02-20 19:30:00",548383,12.83,17.82,751.6,17.21,62.13
"2026-02-20 19:35:00",548384,12.83,17.76,751.7,17.25,62.22
"2026-02-20 19:40:00",548385,12.83,17.59,751.7,17.3,61.78
"2026-02-20 19:45:00",548386,12.83,17.53,751.8,17.26,61.9
"2026-02-20 19:50:00",548387,12.82,17.49,751.8,17.11,61.87
"2026-02-20 19:55:00",548388,12.82,17.45,751.9,17.04,62.58
"2026-02-20 20:00:00",548389,12.82,17.38,751.9,16.94,63.57
"2026-02-20 20:05:00",548390,12.82,17.33,751.9,16.79,64.43
"2026-02-20 20:10:00",548391,12.82,17.27,752,16.71,65.87
"2026-02-20 20:15:00",548392,12.82,17.21,752,16.61,66.34
"2026-02-20 20:20:00",548393,12.82,17.13,752,16.53,66.63
"2026-02-20 20:25:00",548394,12.82,17.08,752,16.44,67.4
"2026-02-20 20:30:00",548395,12.82,17,752.1,16.32,67.12
"2026-02-20 20:35:00",548396,12.82,16.92,752.2,16.17,67.18
"2026-02-20 20:40:00",548397,12.81,16.82,752.2,16.12,69.78
"2026-02-20 20:45:00",548398,12.81,16.7,752.3,15.84,71.26
"2026-02-20 20:50:00",548399,12.81,16.58,752.3,15.47,73.9
"2026-02-20 20:55:00",548400,12.81,16.47,752.4,15.18,74.78
"2026-02-20 21:00:00",548401,12.81,16.34,752.3,15.16,75.2
"2026-02-20 21:05:00",548402,12.81,16.22,752.3,15.13,74.37
"2026-02-20 21:10:00",548403,12.81,16.1,752.3,15.13,72.95
"2026-02-20 21:15:00",548404,12.8,15.99,752.5,15.24,72
"2026-02-20 21:20:00",548405,12.8,15.91,752.6,15.36,71.11
"2026-02-20 21:25:00",548406,12.8,15.85,752.7,15.3,71.32
"2026-02-20 21:30:00",548407,12.8,15.84,752.8,15.23,70.97
"2026-02-20 21:35:00",548408,12.8,15.8,752.7,15.17,71.44
"2026-02-20 21:40:00",548409,12.8,15.79,752.8,15.28,69.71
"2026-02-20 21:45:00",548410,12.79,15.75,752.9,15.31,70.21
"2026-02-20 21:50:00",548411,12.79,15.74,752.8,15.26,70.86
"2026-02-20 21:55:00",548412,12.79,15.71,752.9,15.2,71.19
"2026-02-20 22:00:00",548413,12.79,15.69,753,15.23,71.2
"2026-02-20 22:05:00",548414,12.79,15.67,753.1,15.06,71.54
"2026-02-20 22:10:00",548415,12.79,15.65,753.2,15.04,71.59
"2026-02-20 22:15:00",548416,12.79,15.62,753.3,15.04,72.93
"2026-02-20 22:20:00",548417,12.79,15.64,753.4,15.18,73.58
"2026-02-20 22:25:00",548418,12.79,15.71,753.3,15.3,72.87
"2026-02-20 22:30:00",548419,12.78,15.71,753.3,15.3,73.04
"2026-02-20 22:35:00",548420,12.78,15.76,753.3,15.3,73.21
"2026-02-20 22:40:00",548421,12.78,15.81,753.3,15.37,72.43
"2026-02-20 22:45:00",548422,12.78,15.86,753.3,15.26,72.72
"2026-02-20 22:50:00",548423,12.78,15.89,753.3,15.27,72.55
"2026-02-20 22:55:00",548424,12.78,15.95,753.4,15.36,71.28
"2026-02-20 23:00:00",548425,12.78,16.02,753.4,15.36,73.54
"2026-02-20 23:05:00",548426,12.78,16.08,753.4,15.11,74.62
"2026-02-20 23:10:00",548427,12.77,16.15,753.4,15.06,74.44
"2026-02-20 23:15:00",548428,12.77,16.19,753.4,15.12,74.28
"2026-02-20 23:20:00",548429,12.77,16.21,753.5,15.12,74.03
"2026-02-20 23:25:00",548430,12.77,16.23,753.4,15.16,74.63
"2026-02-20 23:30:00",548431,12.77,16.22,753.4,15.18,74.18
"2026-02-20 23:35:00",548432,12.77,16.22,753.4,15.13,73.54
"2026-02-20 23:40:00",548433,12.77,16.24,753.3,15.08,74.87
"2026-02-20 23:45:00",548434,12.77,16.27,753.3,15.04,75.23
"2026-02-20 23:50:00",548435,12.76,16.28,753.2,15.03,75.48
"2026-02-20 23:55:00",548436,12.76,16.28,753.2,14.96,75.15
"2026-02-21 00:00:00",548437,12.76,16.25,753.2,14.89,75.28
"2026-02-21 00:05:00",548438,12.76,16.21,753.2,14.83,75.24
"2026-02-21 00:10:00",548439,12.76,16.19,753.2,14.88,75.39
"2026-02-21 00:15:00",548440,12.76,16.19,753.2,14.94,75.21
"2026-02-21 00:20:00",548441,12.76,16.2,753.1,14.91,74.29
"2026-02-21 00:25:00",548442,12.75,16.2,753,15.02,73.72
"2026-02-21 00:30:00",548443,12.75,16.2,753,15.14,72.84
"2026-02-21 00:35:00",548444,12.75,16.2,752.9,15.19,72.19
"2026-02-21 00:40:00",548445,12.75,16.26,753,15.21,72.34
"2026-02-21 00:45:00",548446,12.74,16.29,753,15.24,72.2
"2026-02-21 00:50:00",548447,12.74,16.3,753,15.17,72.16
"2026-02-21 00:55:00",548448,12.74,16.33,753,15.04,73.78
"2026-02-21 01:00:00",548449,12.74,16.31,752.9,15.02,74.57
"2026-02-21 01:05:00",548450,12.74,16.25,753,14.85,77.43
"2026-02-21 01:10:00",548451,12.74,16.05,752.9,14.72,78.16
"2026-02-21 01:15:00",548452,12.73,15.89,752.9,14.63,79.25
"2026-02-21 01:20:00",548453,12.73,15.75,752.9,14.66,79.17
"2026-02-21 01:25:00",548454,12.73,15.64,752.8,14.81,76.92
"2026-02-21 01:30:00",548455,12.73,15.57,752.8,14.94,79.48
"2026-02-21 01:35:00",548456,12.72,15.49,752.8,14.87,78.86
"2026-02-21 01:40:00",548457,12.72,15.46,752.8,14.82,78.54
"2026-02-21 01:45:00",548458,12.72,15.44,752.8,14.8,77.84
"2026-02-21 01:50:00",548459,12.72,15.46,752.7,14.79,78.09
"2026-02-21 01:55:00",548460,12.72,15.47,752.6,14.74,78.19
"2026-02-21 02:00:00",548461,12.71,15.5,752.6,14.74,75.22
"2026-02-21 02:05:00",548462,12.71,15.53,752.6,14.83,75.69
"2026-02-21 02:10:00",548463,12.71,15.54,752.5,14.87,75.28
"2026-02-21 02:15:00",548464,12.71,15.57,752.5,14.88,75.22
"2026-02-21 02:20:00",548465,12.7,15.57,752.4,14.97,73.74
"2026-02-21 02:25:00",548466,12.7,15.6,752.3,15.03,73.67
"2026-02-21 02:30:00",548467,12.7,15.63,752.3,15.16,72.84
"2026-02-21 02:35:00",548468,12.7,15.67,752.3,15.24,72.52
"2026-02-21 02:40:00",548469,12.69,15.72,752.2,15.24,72.37
"2026-02-21 02:45:00",548470,12.69,15.75,752.2,15.24,72.12
"2026-02-21 02:50:00",548471,12.69,15.78,752.2,15.28,73.21
"2026-02-21 02:55:00",548472,12.68,15.79,752.2,15.2,74.27
"2026-02-21 03:00:00",548473,12.68,15.81,752.2,15,75.58
"2026-02-21 03:05:00",548474,12.68,15.83,752.2,14.85,78.96
"2026-02-21 03:10:00",548475,12.68,15.83,752.1,14.63,80
"2026-02-21 03:15:00",548476,12.67,15.82,752.2,14.6,79.24
"2026-02-21 03:20:00",548477,12.67,15.81,752.2,14.68,78.85
"2026-02-21 03:25:00",548478,12.66,15.77,752.2,14.77,79.11
"2026-02-21 03:30:00",548479,12.66,15.74,752.1,14.78,76.97
"2026-02-21 03:35:00",548480,12.66,15.77,752.1,14.81,75.21
"2026-02-21 03:40:00",548481,12.65,15.77,752.1,14.99,75.78
"2026-02-21 03:45:00",548482,12.65,15.79,752.1,15.14,75.56
"2026-02-21 03:50:00",548483,12.64,15.81,752.1,15.03,74.77
"2026-02-21 03:55:00",548484,12.64,15.82,752.2,15.02,74.91
"2026-02-21 04:00:00",548485,12.64,15.83,752.1,14.95,76.47
"2026-02-21 04:05:00",548486,12.63,15.74,752.2,14.88,75.84
"2026-02-21 04:10:00",548487,12.63,15.7,752.2,14.85,74.96
"2026-02-21 04:15:00",548488,12.62,15.68,752.2,14.98,75.16
"2026-02-21 04:20:00",548489,12.62,15.66,752.2,14.98,75.52
"2026-02-21 04:25:00",548490,12.62,15.68,752.2,14.87,75.81
"2026-02-21 04:30:00",548491,12.62,15.65,752.2,14.83,75.95
"2026-02-21 04:35:00",548492,12.61,15.63,752.3,14.89,74.89
"2026-02-21 04:40:00",548493,12.61,15.64,752.3,15,74.79
"2026-02-21 04:45:00",548494,12.61,15.64,752.3,14.97,75.21
"2026-02-21 04:50:00",548495,12.6,15.65,752.3,14.89,75.9
"2026-02-21 04:55:00",548496,12.6,15.66,752.2,14.88,75.93
"2026-02-21 05:00:00",548497,12.6,15.66,752.2,14.79,75.77
"2026-02-21 05:05:00",548498,12.6,15.62,752.2,14.77,76.13
"2026-02-21 05:10:00",548499,12.6,15.56,752.2,14.73,76.6
"2026-02-21 05:15:00",548500,12.59,15.49,752.1,14.72,76.65
"2026-02-21 05:20:00",548501,12.59,15.41,752.1,14.6,77.66
"2026-02-21 05:25:00",548502,12.59,15.33,752.1,14.43,78.52
"2026-02-21 05:30:00",548503,12.59,15.24,752.1,14.37,79.03
"2026-02-21 05:35:00",548504,12.59,15.15,752.2,14.31,80.1
"2026-02-21 05:40:00",548505,12.58,15.05,752.2,14.22,79.88
"2026-02-21 05:45:00",548506,12.58,14.97,752.2,14.21,80.3
"2026-02-21 05:50:00",548507,12.58,14.88,752.3,14.14,79.97
"2026-02-21 05:55:00",548508,12.58,14.84,752.4,14.09,80.2
"2026-02-21 06:00:00",548509,12.57,14.81,752.4,13.99,80.8
"2026-02-21 06:05:00",548510,12.57,14.8,752.6,14.12,80.4
"2026-02-21 06:10:00",548511,12.57,14.8,752.7,14.14,78.84
"2026-02-21 06:15:00",548512,12.57,14.85,752.7,14.3,78.65
"2026-02-21 06:20:00",548513,12.57,14.96,752.7,14.45,78.68
"2026-02-21 06:25:00",548514,12.58,15.08,752.7,14.47,79.11
"2026-02-21 06:30:00",548515,12.6,15.22,752.8,14.43,79.43
"2026-02-21 06:35:00",548516,12.64,15.34,752.8,14.53,79.06
"2026-02-21 06:40:00",548517,12.71,15.51,752.8,14.83,77.37
"2026-02-21 06:45:00",548518,12.81,15.71,752.8,15.12,76.23
"2026-02-21 06:50:00",548519,12.93,15.92,752.8,15.17,75.73
"2026-02-21 06:55:00",548520,13.02,16.11,752.9,14.98,74.9
"2026-02-21 07:00:00",548521,13.08,16.18,753,14.76,75.79
"2026-02-21 07:05:00",548522,13.17,16.25,753,14.71,75.38
"2026-02-21 07:10:00",548523,13.27,16.32,753,14.76,75.2
"2026-02-21 07:15:00",548524,13.39,16.36,753,14.77,75.37
"2026-02-21 07:20:00",548525,13.46,16.47,753,14.96,74.79
"2026-02-21 07:25:00",548526,13.53,16.58,753.1,15.12,72.83
"2026-02-21 07:30:00",548527,13.58,16.75,753.1,15.3,71.61
"2026-02-21 07:35:00",548528,13.6,16.92,753.1,15.25,71.37
"2026-02-21 07:40:00",548529,13.62,17.1,753.1,15.33,72.7
"2026-02-21 07:45:00",548530,13.61,17.26,753.2,15.13,74.79
"2026-02-21 07:50:00",548531,13.62,17.39,753.2,15.38,77.13
"2026-02-21 07:55:00",548532,13.79,17.73,753.3,15.23,77.04
"2026-02-21 08:00:00",548533,13.79,18.92,753.4,15.62,75.34
"2026-02-21 08:05:00",548534,13.76,19.5,753.4,16.3,73.69
"2026-02-21 08:10:00",548535,13.76,19.9,753.4,17.05,71.52
"2026-02-21 08:15:00",548536,13.73,20.39,753.5,17.87,67.54
"2026-02-21 08:20:00",548537,13.73,21.02,753.5,19.5,60.85
"2026-02-21 08:25:00",548538,13.74,21.78,753.6,20.31,55.97
"2026-02-21 08:30:00",548539,13.71,22.57,753.7,19.55,57.06
"2026-02-21 08:35:00",548540,13.68,23.35,753.7,20.34,55.05
"2026-02-21 08:40:00",548541,13.68,24.1,753.7,20.62,54.85
"2026-02-21 08:45:00",548542,13.65,24.92,753.7,21.45,51.53
"2026-02-21 08:50:00",548543,13.65,25.75,753.6,21.86,48.88
"2026-02-21 08:55:00",548544,13.62,26.43,753.7,22.01,49.59
"2026-02-21 09:00:00",548545,13.6,26.95,753.7,20.32,52.85
"2026-02-21 09:05:00",548546,13.6,27.17,753.7,19.83,55.41
"2026-02-21 09:10:00",548547,13.6,27.27,753.7,20.45,52.62
"2026-02-21 09:15:00",548548,13.6,27.37,753.8,19.9,54.99
"2026-02-21 09:20:00",548549,13.6,27.37,753.8,19.31,56.96
"2026-02-21 09:25:00",548550,13.6,27.27,753.8,19.2,56.33
"2026-02-21 09:30:00",548551,13.6,27.09,753.8,19.15,56.11
"2026-02-21 09:35:00",548552,13.6,26.91,753.8,19.27,56.22
"2026-02-21 09:40:00",548553,13.6,26.7,753.8,18.77,57.61
"2026-02-21 09:45:00",548554,13.6,26.38,753.8,19.4,55.22
"2026-02-21 09:50:00",548555,13.6,26.19,753.7,19.6,54.26
"2026-02-21 09:55:00",548556,13.6,26.09,753.7,19.41,50.94
"2026-02-21 10:00:00",548557,13.6,25.99,753.7,19.12,51.46
"2026-02-21 10:05:00",548558,13.6,25.87,753.6,19.12,52.43
"2026-02-21 10:10:00",548559,13.6,25.7,753.6,19.41,51.16
"2026-02-21 10:15:00",548560,13.6,25.64,753.6,19.95,49.17
"2026-02-21 10:20:00",548561,13.61,25.67,753.5,20.1,48.33
"2026-02-21 10:25:00",548562,13.6,25.78,753.4,19.91,50.26
"2026-02-21 10:30:00",548563,13.61,25.95,753.4,20.28,49.46
"2026-02-21 10:35:00",548564,13.61,26.21,753.3,21,47.98
"2026-02-21 10:40:00",548565,13.61,26.51,753.2,21.46,47.27
"2026-02-21 10:45:00",548566,13.61,26.84,753.3,21.43,46.66
"2026-02-21 10:50:00",548567,13.61,27.14,753.2,21.47,47.59
"2026-02-21 10:55:00",548568,13.61,27.4,753.2,21.33,48.71
"2026-02-21 11:00:00",548569,13.58,27.6,753.2,21.67,47.14
"2026-02-21 11:05:00",548570,13.58,27.81,753.2,21.47,48.76
"2026-02-21 11:10:00",548571,13.58,27.98,753.2,22.26,45.81
"2026-02-21 11:15:00",548572,13.58,28.19,753.1,21.65,46.5
"2026-02-21 11:20:00",548573,13.58,28.29,753.1,20.91,49.7
"2026-02-21 11:25:00",548574,13.58,28.33,753,21.24,47.91
"2026-02-21 11:30:00",548575,13.58,28.39,752.9,21.66,46.47
"2026-02-21 11:35:00",548576,13.58,28.47,752.9,21.47,47.65
"2026-02-21 11:40:00",548577,13.59,28.57,752.8,21.97,46.89
"2026-02-21 11:45:00",548578,13.58,28.68,752.8,21.59,46.43
"2026-02-21 11:50:00",548579,13.56,28.77,752.8,22.03,46.35
"2026-02-21 11:55:00",548580,13.56,28.86,752.8,22.09,46.27
"2026-02-21 12:00:00",548581,13.56,28.94,752.7,22.24,44.97
"2026-02-21 12:05:00",548582,13.56,29.06,752.7,22.57,44.75
"2026-02-21 12:10:00",548583,13.56,29.2,752.6,21.9,45.47
"2026-02-21 12:15:00",548584,13.56,29.23,752.6,21.95,45.38
"2026-02-21 12:20:00",548585,13.56,29.26,752.5,21.77,46.93
"2026-02-21 12:25:00",548586,13.56,29.26,752.4,22.22,43.88
"2026-02-21 12:30:00",548587,13.56,29.31,752.3,22.31,44.46
"2026-02-21 12:35:00",548588,13.56,29.41,752.3,22.57,43.53
"2026-02-21 12:40:00",548589,13.56,29.45,752.2,21.88,43.96
"2026-02-21 12:45:00",548590,13.56,29.53,752.1,22.69,42.64
"2026-02-21 12:50:00",548591,13.56,29.61,752,22.75,41.28
"2026-02-21 12:55:00",548592,13.56,29.75,751.9,23.16,41.95
"2026-02-21 13:00:00",548593,13.54,29.9,751.8,23.07,40.41
"2026-02-21 13:05:00",548594,13.54,30.03,751.7,23.12,39.17
"2026-02-21 13:10:00",548595,13.54,30.14,751.6,23.15,37.92
"2026-02-21 13:15:00",548596,13.54,30.18,751.5,22.66,39.38
"2026-02-21 13:20:00",548597,13.53,30.21,751.4,22.74,38.41
"2026-02-21 13:25:00",548598,13.54,30.29,751.3,23.31,39.09
"2026-02-21 13:30:00",548599,13.54,30.42,751.2,23.01,39.61
"2026-02-21 13:35:00",548600,13.54,30.58,751.1,24.1,37.92
"2026-02-21 13:40:00",548601,13.54,30.82,751,23.98,37.48
"2026-02-21 13:45:00",548602,13.54,31.04,750.9,23.69,36.86
"2026-02-21 13:50:00",548603,13.52,31.15,750.8,23.12,38.97
"2026-02-21 13:55:00",548604,13.51,31.22,750.7,23.34,36.23
"2026-02-21 14:00:00",548605,13.51,31.33,750.5,25.38,33.29
"2026-02-21 14:05:00",548606,13.51,31.57,750.4,24.63,34.33
"2026-02-21 14:10:00",548607,13.51,31.75,750.3,23.96,34.5
"2026-02-21 14:15:00",548608,13.51,31.87,750.2,24.7,34.73
"2026-02-21 14:20:00",548609,13.51,32.01,750.1,24.39,35.17
"2026-02-21 14:25:00",548610,13.49,32.12,750,25.42,33.77
"2026-02-21 14:30:00",548611,13.49,32.29,749.9,24.85,33.41
"2026-02-21 14:35:00",548612,13.49,32.38,749.8,24.6,33.36
"2026-02-21 14:40:00",548613,13.49,32.41,749.8,24.15,34.05
"2026-02-21 14:45:00",548614,13.49,32.34,749.6,24.55,34.15
"2026-02-21 14:50:00",548615,13.49,32.34,749.5,25.25,32.54
"2026-02-21 14:55:00",548616,13.49,32.44,749.4,26.22,31.79
"2026-02-21 15:00:00",548617,13.49,32.74,749.3,25.97,32
"2026-02-21 15:05:00",548618,13.49,33.02,749.2,26.49,31.03
"2026-02-21 15:10:00",548619,13.49,33.3,749.1,25.62,30.69
"2026-02-21 15:15:00",548620,13.49,33.53,748.9,25.44,29.96
"2026-02-21 15:20:00",548621,13.47,33.66,748.8,25.18,31.76
"2026-02-21 15:25:00",548622,13.47,33.65,748.6,25.22,31.6
"2026-02-21 15:30:00",548623,13.47,33.54,748.6,25.95,30.11
"2026-02-21 15:35:00",548624,13.47,33.48,748.5,24.95,32.45
"2026-02-21 15:40:00",548625,13.47,33.44,748.5,25.29,31.94
"2026-02-21 15:45:00",548626,13.47,33.32,748.3,25.2,32.34
"2026-02-21 15:50:00",548627,13.47,33.24,748.3,26.3,30.51
"2026-02-21 15:55:00",548628,13.47,33.34,748.2,25.72,31.1
"2026-02-21 16:00:00",548629,13.47,33.44,748.2,25,31.51
"2026-02-21 16:05:00",548630,13.47,33.44,748.1,25.76,30.9
"2026-02-21 16:10:00",548631,13.47,33.43,748,25.18,30.92
"2026-02-21 16:15:00",548632,13.47,33.44,748,25.41,30.06
"2026-02-21 16:20:00",548633,13.47,33.35,747.9,25.28,30.86
"2026-02-21 16:25:00",548634,13.47,33.27,747.9,25.38,30.4
"2026-02-21 16:30:00",548635,13.47,33.22,747.8,25.44,29.93
"2026-02-21 16:35:00",548636,13.47,33.23,747.9,25.38,30.77
"2026-02-21 16:40:00",548637,13.47,33.23,747.8,25.2,30.62
"2026-02-21 16:45:00",548638,13.47,33.27,747.8,26.16,29.72
"2026-02-21 16:50:00",548639,13.47,33.2,747.7,25.9,30.44
"2026-02-21 16:55:00",548640,13.47,33.12,747.6,25.38,30.87
"2026-02-21 17:00:00",548641,13.47,32.97,747.5,25.22,31.53
"2026-02-21 17:05:00",548642,13.47,32.81,747.5,25.32,31.3
"2026-02-21 17:10:00",548643,13.47,32.54,747.5,24.79,31.83
"2026-02-21 17:15:00",548644,13.47,32.19,747.4,24.72,32.23
"2026-02-21 17:20:00",548645,13.47,31.85,747.4,25.27,31.33
"2026-02-21 17:25:00",548646,13.47,31.76,747.4,25.88,31.52
"2026-02-21 17:30:00",548647,13.47,31.88,747.4,26.22,30.6
"2026-02-21 17:35:00",548648,13.47,32.06,747.4,26.11,31.14
"2026-02-21 17:40:00",548649,13.47,32.24,747.3,26.06,31.33
"2026-02-21 17:45:00",548650,13.47,32.35,747.3,25.47,31.69
"2026-02-21 17:50:00",548651,13.47,32.35,747.3,25.65,30.96
"2026-02-21 17:55:00",548652,13.47,32.24,747.3,25.53,31.73
"2026-02-21 18:00:00",548653,13.47,31.83,747.3,25.42,32.36
"2026-02-21 18:05:00",548654,13.43,31.21,747.4,24.95,33.12
"2026-02-21 18:10:00",548655,13.33,30.65,747.4,24.47,33.74
"2026-02-21 18:15:00",548656,13.25,30.05,747.4,24.04,34.21
"2026-02-21 18:20:00",548657,13.18,29.35,747.4,23.83,34.69
"2026-02-21 18:25:00",548658,13.12,28.65,747.5,23.79,34.38
"2026-02-21 18:30:00",548659,13.08,28.02,747.5,23.77,34.15
"2026-02-21 18:35:00",548660,13.04,27.48,747.7,23.8,34.65
"2026-02-21 18:40:00",548661,13.01,27.04,747.7,23.75,35.64
"2026-02-21 18:45:00",548662,12.98,26.65,747.7,23.5,35.98
"2026-02-21 18:50:00",548663,12.95,26.27,747.7,23.5,36.31
"2026-02-21 18:55:00",548664,12.93,25.91,747.8,23.29,36.88
"2026-02-21 19:00:00",548665,12.92,25.54,747.9,23.2,37.37
"2026-02-21 19:05:00",548666,12.91,25.15,747.9,22.99,37.94
"2026-02-21 19:10:00",548667,12.9,24.81,748,22.65,39.8
"2026-02-21 19:15:00",548668,12.9,24.49,748.1,22.23,40.15
"2026-02-21 19:20:00",548669,12.89,24.19,748.2,22.57,40.45
"2026-02-21 19:25:00",548670,12.89,23.95,748.3,22.43,41.86
"2026-02-21 19:30:00",548671,12.89,23.72,748.3,22.26,42.85
"2026-02-21 19:35:00",548672,12.88,23.53,748.4,22.21,43
"2026-02-21 19:40:00",548673,12.88,23.33,748.4,22.1,43.41
"2026-02-21 19:45:00",548674,12.88,23.15,748.5,22.01,43.82
"2026-02-21 19:50:00",548675,12.88,22.99,748.6,22.01,43.85
"2026-02-21 19:55:00",548676,12.87,22.82,748.8,21.91,43.19
"2026-02-21 20:00:00",548677,12.87,22.68,748.9,21.6,46.08
"2026-02-21 20:05:00",548678,12.87,22.54,748.9,20.98,48.29
"2026-02-21 20:10:00",548679,12.86,22.39,749,21,46.99
"2026-02-21 20:15:00",548680,12.86,22.17,749,20.88,48.5
"2026-02-21 20:20:00",548681,12.86,22,749.1,20.68,48.5
"2026-02-21 20:25:00",548682,12.86,21.86,749.2,20.59,48.97
"2026-02-21 20:30:00",548683,12.86,21.74,749.3,20.78,47.88
"2026-02-21 20:35:00",548684,12.85,21.66,749.6,20.95,48
"2026-02-21 20:40:00",548685,12.85,21.58,749.6,20.91,48.25
"2026-02-21 20:45:00",548686,12.85,21.52,749.7,20.97,47.56
"2026-02-21 20:50:00",548687,12.85,21.5,749.8,21.19,47.11
"2026-02-21 20:55:00",548688,12.85,21.47,749.8,20.86,48.37
"2026-02-21 21:00:00",548689,12.85,21.43,750,20.65,48.85
"2026-02-21 21:05:00",548690,12.84,21.36,750.2,20.52,49.18
"2026-02-21 21:10:00",548691,12.84,21.27,750.2,20.24,50.55
"2026-02-21 21:15:00",548692,12.84,21.17,750.3,20.18,50.55
"2026-02-21 21:20:00",548693,12.84,21.07,750.4,20.28,49.78
"2026-02-21 21:25:00",548694,12.83,21,750.5,20.33,49.85
"2026-02-21 21:30:00",548695,12.84,20.94,750.7,20.36,49.57
"2026-02-21 21:35:00",548696,12.84,20.91,750.8,20.51,48.32
"2026-02-21 21:40:00",548697,12.83,20.94,750.9,20.69,47.84
"2026-02-21 21:45:00",548698,12.83,20.98,750.9,20.72,48.26
"2026-02-21 21:50:00",548699,12.83,21,750.9,20.49,49.46
"2026-02-21 21:55:00",548700,12.83,20.97,751,20.3,49.43
"2026-02-21 22:00:00",548701,12.82,20.91,751.1,20.15,49.92
"2026-02-21 22:05:00",548702,12.82,20.86,751.1,20.02,52.4
"2026-02-21 22:10:00",548703,12.82,20.81,751.2,19.95,52.2
"2026-02-21 22:15:00",548704,12.81,20.77,751.2,19.84,52.41
"2026-02-21 22:20:00",548705,12.81,20.75,751.3,19.63,53.03
"2026-02-21 22:25:00",548706,12.81,20.73,751.3,19.58,53.27
"2026-02-21 22:30:00",548707,12.81,20.67,751.3,19.55,53.23
"2026-02-21 22:35:00",548708,12.81,20.63,751.4,19.73,51.3
"2026-02-21 22:40:00",548709,12.81,20.62,751.4,19.69,51.36
"2026-02-21 22:45:00",548710,12.81,20.54,751.4,19.7,51.11
"2026-02-21 22:50:00",548711,12.81,20.49,751.3,19.59,51.37
"2026-02-21 22:55:00",548712,12.81,20.42,751.3,19.56,51.65
"2026-02-21 23:00:00",548713,12.81,20.35,751.3,19.33,54.56
"2026-02-21 23:05:00",548714,12.8,20.25,751.4,19.13,55.86
"2026-02-21 23:10:00",548715,12.81,20.12,751.3,19,55.66
"2026-02-21 23:15:00",548716,12.81,20.01,751.3,19.09,54.65
"2026-02-21 23:20:00",548717,12.8,19.91,751.3,18.96,55.99
"2026-02-21 23:25:00",548718,12.8,19.79,751.3,18.83,56.55
"2026-02-21 23:30:00",548719,12.8,19.71,751.3,18.83,54.65
"2026-02-21 23:35:00",548720,12.8,19.62,751.3,18.82,54.95
"2026-02-21 23:40:00",548721,12.8,19.55,751.2,18.89,54.22
"2026-02-21 23:45:00",548722,12.8,19.51,751.2,18.93,55.4
"2026-02-21 23:50:00",548723,12.8,19.47,751.2,18.97,55.8
"2026-02-21 23:55:00",548724,12.8,19.46,751.1,18.82,56.46
"2026-02-22 00:00:00",548725,12.8,19.46,751.1,18.71,57.39
"2026-02-22 00:05:00",548726,12.8,19.43,751.2,18.67,57.78
"2026-02-22 00:10:00",548727,12.8,19.39,751.1,18.63,58.14
"2026-02-22 00:15:00",548728,12.79,19.36,751,18.56,58.1
"2026-02-22 00:20:00",548729,12.79,19.35,751,18.68,57.75
"2026-02-22 00:25:00",548730,12.79,19.33,751,18.74,57.27
"2026-02-22 00:30:00",548731,12.78,19.52,750.9,18.8,56.82
"2026-02-22 00:35:00",548732,12.78,19.6,750.9,18.81,56.82
"2026-02-22 00:40:00",548733,12.78,19.65,750.9,18.9,56.25
"2026-02-22 00:45:00",548734,12.78,19.67,750.8,19.03,56.3
"2026-02-22 00:50:00",548735,12.78,19.7,750.8,18.94,56.54
"2026-02-22 00:55:00",548736,12.78,19.72,750.8,18.93,56.56
"2026-02-22 01:00:00",548737,12.78,19.74,750.7,18.83,57.19
"2026-02-22 01:05:00",548738,12.77,19.76,750.8,18.75,57.64
"2026-02-22 01:10:00",548739,12.77,19.78,750.7,18.54,58.58
"2026-02-22 01:15:00",548740,12.77,19.79,750.8,18.42,59.23
"2026-02-22 01:20:00",548741,12.77,19.79,750.7,18.37,59.71
"2026-02-22 01:25:00",548742,12.77,19.73,750.7,18.24,60.29
"2026-02-22 01:30:00",548743,12.77,19.64,750.7,18.28,59.11
"2026-02-22 01:35:00",548744,12.77,19.57,750.7,18.31,59.27
"2026-02-22 01:40:00",548745,12.77,19.52,750.6,18.27,59.2
"2026-02-22 01:45:00",548746,12.76,19.46,750.6,18.29,60.08
"2026-02-22 01:50:00",548747,12.76,19.39,750.5,18.26,59.35
"2026-02-22 01:55:00",548748,12.76,19.36,750.5,18.2,59.4
"2026-02-22 02:00:00",548749,12.76,19.27,750.4,18.2,58.86
"2026-02-22 02:05:00",548750,12.76,19.16,750.4,18.23,59.77
"2026-02-22 02:10:00",548751,12.76,19.03,750.4,17.97,60.3
"2026-02-22 02:15:00",548752,12.75,18.9,750.3,17.68,61.73
"2026-02-22 02:20:00",548753,12.75,18.75,750.3,17.68,61.52
"2026-02-22 02:25:00",548754,12.75,18.63,750.3,17.71,60.56
"2026-02-22 02:30:00",548755,12.75,18.49,750.3,17.71,60.71
"2026-02-22 02:35:00",548756,12.75,18.35,750.2,17.63,61.93
"2026-02-22 02:40:00",548757,12.74,18.22,750.1,17.41,62.4
"2026-02-22 02:45:00",548758,12.74,18.1,750.1,17.45,61.48
"2026-02-22 02:50:00",548759,12.74,18.01,750.1,17.71,60.38
"2026-02-22 02:55:00",548760,12.74,17.94,750.1,17.78,60.15
"2026-02-22 03:00:00",548761,12.74,17.93,750,17.75,60.51
"2026-02-22 03:05:00",548762,12.73,17.93,750,17.59,61.74
"2026-02-22 03:10:00",548763,12.73,17.93,750.1,17.36,62.9
"2026-02-22 03:15:00",548764,12.73,17.89,750.1,17.01,64.62
"2026-02-22 03:20:00",548765,12.73,17.83,750.1,16.69,66.1
"2026-02-22 03:25:00",548766,12.72,17.77,750.1,16.4,67.77
"2026-02-22 03:30:00",548767,12.72,17.69,750.1,16.3,68.77
"2026-02-22 03:35:00",548768,12.72,17.61,750.1,16.07,69.57
"2026-02-22 03:40:00",548769,12.71,17.48,750.1,16.06,69.74
"2026-02-22 03:45:00",548770,12.71,17.38,750.2,16.18,69.07
"2026-02-22 03:50:00",548771,12.71,17.32,750.2,16.23,69.11
"2026-02-22 03:55:00",548772,12.71,17.28,750.2,16.42,67.86
"2026-02-22 04:00:00",548773,12.71,17.25,750.1,16.73,66.31
"2026-02-22 04:05:00",548774,12.7,17.25,750.1,16.78,66.14
"2026-02-22 04:10:00",548775,12.7,17.23,750.2,16.73,66.34
"2026-02-22 04:15:00",548776,12.7,17.12,750.2,16.67,66.27
"2026-02-22 04:20:00",548777,12.7,17.07,750.2,16.48,67.14
"2026-02-22 04:25:00",548778,12.69,17.03,750.2,16.26,68.18
"2026-02-22 04:30:00",548779,12.69,16.99,750.3,16.12,68.94
"2026-02-22 04:35:00",548780,12.69,16.92,750.3,16.22,67.15
"2026-02-22 04:40:00",548781,12.69,16.88,750.2,16.47,66.59
"2026-02-22 04:45:00",548782,12.68,16.85,750.3,16.42,66.66
"2026-02-22 04:50:00",548783,12.68,16.83,750.4,16.36,66.68
"2026-02-22 04:55:00",548784,12.68,16.8,750.4,16.24,67.19
"2026-02-22 05:00:00",548785,12.68,16.77,750.5,16.19,67.44
"2026-02-22 05:05:00",548786,12.67,16.76,750.6,16.1,67.75
"2026-02-22 05:10:00",548787,12.67,16.72,750.6,15.99,68.22
"2026-02-22 05:15:00",548788,12.67,16.68,750.7,15.88,68.64
"2026-02-22 05:20:00",548789,12.67,16.66,750.7,15.89,68.58
"2026-02-22 05:25:00",548790,12.66,16.64,750.8,15.82,69.12
"2026-02-22 05:30:00",548791,12.66,16.64,750.9,15.65,69.78
"2026-02-22 05:35:00",548792,12.66,16.65,751,15.56,70.6
"2026-02-22 05:40:00",548793,12.66,16.64,751,15.54,71.14
"2026-02-22 05:45:00",548794,12.65,16.63,751,15.56,71.35
"2026-02-22 05:50:00",548795,12.65,16.62,751.1,15.74,70.14
"2026-02-22 05:55:00",548796,12.65,16.58,751.2,15.88,69.71
"2026-02-22 06:00:00",548797,12.64,16.54,751.2,15.92,69.54
"2026-02-22 06:05:00",548798,12.64,16.54,751.3,15.94,69.58
"2026-02-22 06:10:00",548799,12.64,16.57,751.4,16,69.44
"2026-02-22 06:15:00",548800,12.63,16.6,751.5,15.96,69.52
"2026-02-22 06:20:00",548801,12.63,16.69,751.5,15.9,69.91
"2026-02-22 06:25:00",548802,12.64,16.8,751.4,15.9,70.32
"2026-02-22 06:30:00",548803,12.65,16.86,751.5,15.92,69.95
"2026-02-22 06:35:00",548804,12.66,16.92,751.5,15.89,70.11
"2026-02-22 06:40:00",548805,12.68,17,751.5,15.92,70.09
"2026-02-22 06:45:00",548806,12.71,17.09,751.5,15.95,69.4
"2026-02-22 06:50:00",548807,12.76,17.18,751.6,16.02,69.59
"2026-02-22 06:55:00",548808,12.77,17.28,751.7,15.81,71.85
"2026-02-22 07:00:00",548809,12.77,17.33,751.8,15.64,72.65
"2026-02-22 07:05:00",548810,12.76,17.37,751.9,15.71,72.89
"2026-02-22 07:10:00",548811,12.76,17.34,752,15.8,72.34
"2026-02-22 07:15:00",548812,12.78,17.37,752,15.85,71.52
"2026-02-22 07:20:00",548813,12.84,17.42,752.1,15.99,71
"2026-02-22 07:25:00",548814,12.93,17.53,752.1,16,71.37
"2026-02-22 07:30:00",548815,13.09,17.65,752.2,16.07,71.04
"2026-02-22 07:35:00",548816,13.26,17.79,752.2,16.19,70.63
"2026-02-22 07:40:00",548817,13.4,17.98,752.2,16.36,69.71
"2026-02-22 07:45:00",548818,13.48,18.16,752.3,16.62,69.64
"2026-02-22 07:50:00",548819,13.55,18.37,752.4,16.92,66.34
"2026-02-22 07:55:00",548820,13.57,18.6,752.4,17.28,65.88
"2026-02-22 08:00:00",548821,13.59,18.86,752.5,17.55,66.04
"2026-02-22 08:05:00",548822,13.56,19.1,752.5,17.67,64.82
"2026-02-22 08:10:00",548823,13.66,19.35,752.6,17.07,68.13
"2026-02-22 08:15:00",548824,13.73,19.72,752.6,17.17,67.27
"2026-02-22 08:20:00",548825,13.73,20.93,752.7,17.17,66.62
"2026-02-22 08:25:00",548826,13.73,21.52,752.6,17.15,68.9
"2026-02-22 08:30:00",548827,13.7,21.96,752.6,17.79,64.22
"2026-02-22 08:35:00",548828,13.7,22.5,752.6,18.94,62.14
"2026-02-22 08:40:00",548829,13.68,23.11,752.6,17.8,62.76
"2026-02-22 08:45:00",548830,13.68,23.46,752.6,18.11,63.12
"2026-02-22 08:50:00",548831,13.68,23.73,752.5,18.33,61.48
"2026-02-22 08:55:00",548832,13.65,24.09,752.4,19.53,60.46
"2026-02-22 09:00:00",548833,13.65,24.7,752.4,19.99,57.43
"2026-02-22 09:05:00",548834,13.63,25.47,752.3,19.71,56.78
"2026-02-22 09:10:00",548835,13.62,26.07,752.2,19.08,59.21
"2026-02-22 09:15:00",548836,13.63,26.55,752.2,19.73,58.61
"2026-02-22 09:20:00",548837,13.6,27,752.2,20.97,54.03
"2026-02-22 09:25:00",548838,13.6,27.61,752.1,20.88,53.89
"2026-02-22 09:30:00",548839,13.57,28.27,752,20.4,55.03
"2026-02-22 09:35:00",548840,13.58,28.84,751.9,20.62,54.91
"2026-02-22 09:40:00",548841,13.55,29.41,751.9,20.33,53.56
"2026-02-22 09:45:00",548842,13.55,29.81,751.8,20.4,53.79
"2026-02-22 09:50:00",548843,13.55,30.07,751.8,20.58,52.95
"2026-02-22 09:55:00",548844,13.53,30.27,751.7,20.1,53.9
"2026-02-22 10:00:00",548845,13.53,30.49,751.7,19.48,55.63
"2026-02-22 10:05:00",548846,13.53,30.59,751.7,20.66,53.55
"2026-02-22 10:10:00",548847,13.53,30.66,751.8,20.86,53.33
"2026-02-22 10:15:00",548848,13.53,30.73,751.7,20.92,54.61
"2026-02-22 10:20:00",548849,13.53,30.86,751.7,20.11,55.14
"2026-02-22 10:25:00",548850,13.53,30.9,751.7,21.24,50.81
"2026-02-22 10:30:00",548851,13.53,31.05,751.6,21.49,50.31
"2026-02-22 10:35:00",548852,13.53,31.28,751.5,23.19,46.18
"2026-02-22 10:40:00",548853,13.51,31.62,751.5,21.64,49.61
"2026-02-22 10:45:00",548854,13.51,31.89,751.4,23.08,45.81
"2026-02-22 10:50:00",548855,13.51,32.22,751.4,23.27,44.9
"2026-02-22 10:55:00",548856,13.51,32.5,751.3,23.1,46.52
"2026-02-22 11:00:00",548857,13.49,32.67,751.3,22.33,45.43
"2026-02-22 11:05:00",548858,13.48,32.6,751.3,21.95,46.18
"2026-02-22 11:10:00",548859,13.48,32.43,751.2,23.31,43.52
"2026-02-22 11:15:00",548860,13.48,32.54,751.1,23.2,43.83
"2026-02-22 11:20:00",548861,13.48,32.84,751,23.63,41.97
"2026-02-22 11:25:00",548862,13.48,33.13,751,23.89,42.26
"2026-02-22 11:30:00",548863,13.48,33.37,750.9,23.55,42.74
"2026-02-22 11:35:00",548864,13.49,33.52,750.8,24.04,40.97
"2026-02-22 11:40:00",548865,13.49,33.54,750.7,24.3,40.21
"2026-02-22 11:45:00",548866,13.49,33.61,750.6,25.08,39.24
"2026-02-22 11:50:00",548867,13.49,33.8,750.5,24.12,40.39
"2026-02-22 11:55:00",548868,13.46,33.89,750.3,24.74,40.85
"2026-02-22 12:00:00",548869,13.46,34.04,750.2,26.02,37.75
"2026-02-22 12:05:00",548870,13.46,34.35,750.1,24.86,40.27
"2026-02-22 12:10:00",548871,13.46,34.53,750,23.33,42.13
"2026-02-22 12:15:00",548872,13.46,34.44,750,23.89,40.33
"2026-02-22 12:20:00",548873,13.46,34.31,749.9,25.66,37.25
"2026-02-22 12:25:00",548874,13.46,34.45,749.8,26.59,36.58
"2026-02-22 12:30:00",548875,13.46,34.67,749.6,26.04,37.49
"2026-02-22 12:35:00",548876,13.46,34.8,749.5,25.82,38.66
"2026-02-22 12:40:00",548877,13.46,34.81,749.5,25.8,36.47
"2026-02-22 12:45:00",548878,13.44,34.73,749.4,25.22,37.34
"2026-02-22 12:50:00",548879,13.44,34.53,749.3,25.22,37.51
"2026-02-22 12:55:00",548880,13.44,34.31,749.2,26.11,35.3
"2026-02-22 13:00:00",548881,13.44,34.25,749.1,26.11,37.46
"2026-02-22 13:05:00",548882,13.44,34.23,748.9,26.95,33.77
"2026-02-22 13:10:00",548883,13.44,34.3,748.8,26.96,33.3
"2026-02-22 13:15:00",548884,13.44,34.37,748.7,26.94,34.31
"2026-02-22 13:20:00",548885,13.44,34.38,748.5,26.65,33.78
"2026-02-22 13:25:00",548886,13.44,34.35,748.4,26.45,34.46
"2026-02-22 13:30:00",548887,13.44,34.28,748.2,26.25,34.65
"2026-02-22 13:35:00",548888,13.44,34.16,748.1,26.72,36.56
"2026-02-22 13:40:00",548889,13.44,34.11,747.9,28.15,32.33
"2026-02-22 13:45:00",548890,13.44,34.2,747.8,28.66,30.33
"2026-02-22 13:50:00",548891,13.44,34.38,747.7,27.7,32.22
"2026-02-22 13:55:00",548892,13.44,34.53,747.5,27.64,31.2
"2026-02-22 14:00:00",548893,13.44,34.63,747.4,26.36,33.55
"2026-02-22 14:05:00",548894,13.44,34.54,747.4,26.27,34.18
"2026-02-22 14:10:00",548895,13.44,34.36,747.2,26.76,33.21
"2026-02-22 14:15:00",548896,13.44,34.3,747.1,27.28,32.59
"2026-02-22 14:20:00",548897,13.44,34.25,747,25.72,35.1
"2026-02-22 14:25:00",548898,13.44,33.99,746.9,25.76,34.97
"2026-02-22 14:30:00",548899,13.44,33.87,746.8,26.74,32.98
"2026-02-22 14:35:00",548900,13.44,33.82,746.7,28.27,32.03
"2026-02-22 14:40:00",548901,13.44,33.82,746.7,26.11,34.77
"2026-02-22 14:45:00",548902,13.44,33.56,746.7,24.05,38.35
"2026-02-22 14:50:00",548903,13.44,32.94,746.5,24.15,36.47
"2026-02-22 14:55:00",548904,13.44,32.25,746.5,24.01,36.46
"2026-02-22 15:00:00",548905,13.44,31.7,746.5,24.04,35.9
"2026-02-22 15:05:00",548906,13.46,31.28,746.4,24.76,34.47
"2026-02-22 15:10:00",548907,13.46,31.03,746.2,24.59,34.32
"2026-02-22 15:15:00",548908,13.46,30.89,746.2,24.7,34.63
"2026-02-22 15:20:00",548909,13.46,30.87,746.1,24.92,33.08
"2026-02-22 15:25:00",548910,13.46,30.95,745.8,24.97,32.96
"2026-02-22 15:30:00",548911,13.46,31.11,745.8,25.52,30.88
"2026-02-22 15:35:00",548912,13.46,31.22,745.8,25.54,32.27
"2026-02-22 15:40:00",548913,13.46,31.37,745.7,25.89,32.4
"2026-02-22 15:45:00",548914,13.46,31.56,745.7,25.77,32.32
"2026-02-22 15:50:00",548915,13.46,31.71,745.6,25.51,30.41
"2026-02-22 15:55:00",548916,13.46,31.83,745.6,25.62,32.68
"2026-02-22 16:00:00",548917,13.46,31.97,745.4,25.66,29.81
"2026-02-22 16:05:00",548918,13.47,32.14,745.4,26.49,30.25
"2026-02-22 16:10:00",548919,13.46,32.39,745.4,25.92,31.05
"2026-02-22 16:15:00",548920,13.47,32.58,745.4,25.92,30.1
"2026-02-22 16:20:00",548921,13.47,32.69,745.3,26.1,29.58
"2026-02-22 16:25:00",548922,13.47,32.75,745.4,25.78,29.96
"2026-02-22 16:30:00",548923,13.47,32.8,745.4,25.46,30.07
"2026-02-22 16:35:00",548924,13.47,32.78,745.3,25.62,31.4
"2026-02-22 16:40:00",548925,13.47,32.73,745.3,25.8,31.04
"2026-02-22 16:45:00",548926,13.47,32.67,745.3,25.57,30.68
"2026-02-22 16:50:00",548927,13.46,32.53,745.3,25.45,31.31
"2026-02-22 16:55:00",548928,13.47,32.32,745.4,25.47,31.22
"2026-02-22 17:00:00",548929,13.47,32.13,745.4,25.43,30.2
"2026-02-22 17:05:00",548930,13.46,31.96,745.4,25.45,30.94
"2026-02-22 17:10:00",548931,13.47,31.78,745.3,25.16,31.12
"2026-02-22 17:15:00",548932,13.46,31.62,745.3,24.97,31.17
"2026-02-22 17:20:00",548933,13.46,31.48,745.4,25.17,30.31
"2026-02-22 17:25:00",548934,13.47,31.41,745.4,25.77,30.33
"2026-02-22 17:30:00",548935,13.46,31.43,745.5,25.6,30.75
"2026-02-22 17:35:00",548936,13.47,31.49,745.6,25.82,30.7
"2026-02-22 17:40:00",548937,13.47,31.66,745.6,26.01,30.42
"2026-02-22 17:45:00",548938,13.47,31.79,745.7,25.45,30.94
"2026-02-22 17:50:00",548939,13.47,31.74,745.7,25.5,31.39
"2026-02-22 17:55:00",548940,13.47,31.58,745.7,25.09,31.25
"2026-02-22 18:00:00",548941,13.47,31.36,745.8,25.53,31.15
"2026-02-22 18:05:00",548942,13.47,31.17,746,25.63,29.64
"2026-02-22 18:10:00",548943,13.47,30.95,746.2,24.26,40.08
"2026-02-22 18:15:00",548944,13.41,30.19,746.3,23.9,41.64
"2026-02-22 18:20:00",548945,13.26,29.31,746.5,23.03,43.07
"2026-02-22 18:25:00",548946,13.18,28.56,746.6,22.45,43.48
"2026-02-22 18:30:00",548947,13.08,27.85,746.8,22.21,43.52
"2026-02-22 18:35:00",548948,13.01,27.21,746.9,22.08,43.15
"2026-02-22 18:40:00",548949,12.96,26.56,746.9,21.96,43.91
"2026-02-22 18:45:00",548950,12.92,26.05,747,21.46,45.61
"2026-02-22 18:50:00",548951,12.9,25.57,747.2,21.43,46.02
"2026-02-22 18:55:00",548952,12.89,25.14,747.3,21.57,45.72
"2026-02-22 19:00:00",548953,12.88,24.77,747.3,21.42,46.69
"2026-02-22 19:05:00",548954,12.87,24.49,747.4,21.69,47.62
"2026-02-22 19:10:00",548955,12.87,24.27,747.5,21.89,46.97
"2026-02-22 19:15:00",548956,12.87,24.13,747.5,21.82,46.78
"2026-02-22 19:20:00",548957,12.86,24.02,747.5,21.36,47.93
"2026-02-22 19:25:00",548958,12.86,23.92,747.5,21.13,49.1
"2026-02-22 19:30:00",548959,12.85,23.75,747.5,21.08,55.04
"2026-02-22 19:35:00",548960,12.85,23.2,747.4,19.92,59.62
"2026-02-22 19:40:00",548961,12.85,22.44,747.5,19.71,60.34
"2026-02-22 19:45:00",548962,12.84,21.72,747.4,19.66,61.45
"2026-02-22 19:50:00",548963,12.84,21.21,747.4,19.7,59.76
"2026-02-22 19:55:00",548964,12.83,20.91,747.4,19.74,60.31
"2026-02-22 20:00:00",548965,12.83,20.84,747.3,19.97,59.5
"2026-02-22 20:05:00",548966,12.83,20.83,747.3,19.88,57.87
"2026-02-22 20:10:00",548967,12.83,20.87,747.4,19.84,56.55
"2026-02-22 20:15:00",548968,12.82,20.93,747.4,20.02,54.6
"2026-02-22 20:20:00",548969,12.82,20.99,747.4,20.16,58.56
"2026-02-22 20:25:00",548970,12.82,21.03,747.5,20.28,54.05
"2026-02-22 20:30:00",548971,12.82,21.14,747.5,20.42,56.67
"2026-02-22 20:35:00",548972,12.82,21.2,747.5,20.08,56.52
"2026-02-22 20:40:00",548973,12.82,21.24,747.5,20.14,53.75
"2026-02-22 20:45:00",548974,12.82,21.3,747.5,20.28,53
"2026-02-22 20:50:00",548975,12.82,21.34,747.5,20.37,52.17
"2026-02-22 20:55:00",548976,12.81,21.43,747.5,20.5,51.22
"2026-02-22 21:00:00",548977,12.81,21.53,747.5,20.62,51.17
"2026-02-22 21:05:00",548978,12.81,21.61,747.8,20.44,51.46
"2026-02-22 21:10:00",548979,12.81,21.66,748,20.14,56.16
"2026-02-22 21:15:00",548980,12.81,21.68,748.1,19.52,61.43
"2026-02-22 21:20:00",548981,12.81,21.61,748.2,19.13,61.33
"2026-02-22 21:25:00",548982,12.81,21.51,748.4,19.24,61.78
"2026-02-22 21:30:00",548983,12.81,21.32,748.6,19.3,58.63
"2026-02-22 21:35:00",548984,12.8,21.21,748.7,19.46,58.9
"2026-02-22 21:40:00",548985,12.8,21.13,748.8,19.46,58.36
"2026-02-22 21:45:00",548986,12.8,21.07,749,19.52,57.33
"2026-02-22 21:50:00",548987,12.8,21.04,749.1,19.71,55.45
"2026-02-22 21:55:00",548988,12.8,20.99,749.1,19.74,54.87
"2026-02-22 22:00:00",548989,12.8,21.01,749.3,19.86,54.52
"2026-02-22 22:05:00",548990,12.8,21.01,749.4,19.86,54.18
"2026-02-22 22:10:00",548991,12.8,21.03,749.5,19.88,54.92
"2026-02-22 22:15:00",548992,12.79,21.06,749.5,19.93,54.16
"2026-02-22 22:20:00",548993,12.79,21.07,749.5,19.96,53.98
"2026-02-22 22:25:00",548994,12.79,21.1,749.5,19.97,54.07
"2026-02-22 22:30:00",548995,12.79,21.1,749.5,19.95,53.88
"2026-02-22 22:35:00",548996,12.79,21.12,749.5,19.9,53.9
"2026-02-22 22:40:00",548997,12.79,21.1,749.5,19.7,54.31
"2026-02-22 22:45:00",548998,12.79,21.11,749.6,19.74,55.12
"2026-02-22 22:50:00",548999,12.79,21.12,749.6,19.78,54.75
"2026-02-22 22:55:00",549000,12.79,21.13,749.6,19.7,55.88
"2026-02-22 23:00:00",549001,12.78,21.14,749.6,19.7,55.45
"2026-02-22 23:05:00",549002,12.78,21.12,749.6,19.6,55.87
"2026-02-22 23:10:00",549003,12.78,21.13,749.6,19.56,56.11
"2026-02-22 23:15:00",549004,12.78,21.09,749.6,19.52,57.3
"2026-02-22 23:20:00",549005,12.78,21.05,749.5,19.35,57.97
"2026-02-22 23:25:00",549006,12.78,21.02,749.5,19.18,58.37
"2026-02-22 23:30:00",549007,12.78,20.99,749.4,19.17,57.64
"2026-02-22 23:35:00",549008,12.78,20.92,749.3,19.21,57.37
"2026-02-22 23:40:00",549009,12.78,20.88,749.3,19.32,56.84
"2026-02-22 23:45:00",549010,12.78,20.79,749.3,19.22,57.13
"2026-02-22 23:50:00",549011,12.77,20.75,749.3,19.16,57.4
"2026-02-22 23:55:00",549012,12.77,20.69,749.3,19.19,58.62
"2026-02-23 00:00:00",549013,12.77,20.67,749.3,19.06,59.33
"2026-02-23 00:05:00",549014,12.77,20.62,749.3,18.83,62.04
"2026-02-23 00:10:00",549015,12.77,20.57,749.3,18.63,60.53
"2026-02-23 00:15:00",549016,12.77,20.49,749.4,18.62,60.71
"2026-02-23 00:20:00",549017,12.78,20.42,749.3,18.51,59.63
"2026-02-23 00:25:00",549018,12.78,20.31,749.3,18.29,61.29
"2026-02-23 00:30:00",549019,12.78,20.24,749.3,18.37,59.76
"2026-02-23 00:35:00",549020,12.78,20.2,749.3,18.49,59.75
"2026-02-23 00:40:00",549021,12.78,20.15,749.2,18.55,60.07
"2026-02-23 00:45:00",549022,12.78,20.03,749.2,18.4,61.25
"2026-02-23 00:50:00",549023,12.77,19.94,749.2,18.21,62.02
"2026-02-23 00:55:00",549024,12.77,19.85,749.1,18.07,62.54
"2026-02-23 01:00:00",549025,12.77,19.73,749.1,18.07,62.03
"2026-02-23 01:05:00",549026,12.77,19.64,749,18.07,62.27
"2026-02-23 01:10:00",549027,12.77,19.59,749,17.97,63.15
"2026-02-23 01:15:00",549028,12.77,19.53,749,17.85,64.5
"2026-02-23 01:20:00",549029,12.76,19.45,749,17.84,64.38
"2026-02-23 01:25:00",549030,12.76,19.37,749,17.92,63.98
"2026-02-23 01:30:00",549031,12.76,19.28,749,17.84,64.44
"2026-02-23 01:35:00",549032,12.76,19.18,749,17.85,64.47
"2026-02-23 01:40:00",549033,12.76,19.13,749,17.84,64.53
"2026-02-23 01:45:00",549034,12.75,19.05,748.9,17.87,65.24
"2026-02-23 01:50:00",549035,12.75,19,748.9,17.81,65.7
"2026-02-23 01:55:00",549036,12.75,18.98,748.9,17.72,65.16
"2026-02-23 02:00:00",549037,12.75,18.95,748.9,17.76,65.19
"2026-02-23 02:05:00",549038,12.74,18.91,748.8,17.65,66.03
"2026-02-23 02:10:00",549039,12.74,18.85,748.8,17.47,66.35
"2026-02-23 02:15:00",549040,12.74,18.83,748.7,17.31,66.82
"2026-02-23 02:20:00",549041,12.72,18.78,748.7,17.34,66.57
"2026-02-23 02:25:00",549042,12.72,18.77,748.6,17.36,66.1
"2026-02-23 02:30:00",549043,12.72,18.73,748.6,17.37,65.95
"2026-02-23 02:35:00",549044,12.72,18.69,748.5,17.48,66.23
"2026-02-23 02:40:00",549045,12.72,18.65,748.5,17.2,69.29
"2026-02-23 02:45:00",549046,12.71,18.64,748.4,16.82,70.49
"2026-02-23 02:50:00",549047,12.71,18.54,748.3,16.77,71.09
"2026-02-23 02:55:00",549048,12.71,18.44,748.3,16.65,70.63
"2026-02-23 03:00:00",549049,12.71,18.35,748.2,16.86,68.82
"2026-02-23 03:05:00",549050,12.71,18.26,748.1,16.96,67.96
"2026-02-23 03:10:00",549051,12.7,18.19,748.2,17,67.94
"2026-02-23 03:15:00",549052,12.7,18.07,748.2,17.08,67.57
"2026-02-23 03:20:00",549053,12.7,18.02,748.2,17.11,68.16
"2026-02-23 03:25:00",549054,12.7,18,748.2,16.67,73.08
"2026-02-23 03:30:00",549055,12.7,17.96,748.2,16.53,73.74
"2026-02-23 03:35:00",549056,12.69,17.91,748.2,16.46,74.49
"2026-02-23 03:40:00",549057,12.69,17.87,748.2,16.5,73.96
"2026-02-23 03:45:00",549058,12.69,17.83,748.2,16.58,73.01
"2026-02-23 03:50:00",549059,12.69,17.83,748.2,16.77,71.89
"2026-02-23 03:55:00",549060,12.68,17.83,748.2,16.99,70.12
"2026-02-23 04:00:00",549061,12.68,17.85,748.1,17.04,70.68
"2026-02-23 04:05:00",549062,12.68,17.87,748.2,17.09,69.56
"2026-02-23 04:10:00",549063,12.68,17.86,748.1,17.09,68.1
"2026-02-23 04:15:00",549064,12.67,17.86,748.1,17.05,67.74
"2026-02-23 04:20:00",549065,12.67,17.83,748.1,16.95,67.52
"2026-02-23 04:25:00",549066,12.67,17.78,748,16.98,67.26
"2026-02-23 04:30:00",549067,12.67,17.73,748,17.03,67.63
"2026-02-23 04:35:00",549068,12.66,17.7,748,16.98,69.48
"2026-02-23 04:40:00",549069,12.66,17.65,748,16.48,74.33
"2026-02-23 04:45:00",549070,12.66,17.55,748,16.05,77.04
"2026-02-23 04:50:00",549071,12.66,17.45,748,15.83,78.95
"2026-02-23 04:55:00",549072,12.65,17.29,748.1,15.68,78.95
"2026-02-23 05:00:00",549073,12.65,17.15,748.2,15.63,79.07
"2026-02-23 05:05:00",549074,12.65,17.02,748.2,15.82,78.22
"2026-02-23 05:10:00",549075,12.65,16.91,748.2,15.74,78.65
"2026-02-23 05:15:00",549076,12.64,16.79,748.2,15.59,78.57
"2026-02-23 05:20:00",549077,12.64,16.68,748.3,15.68,77.38
"2026-02-23 05:25:00",549078,12.64,16.6,748.3,15.74,76.69
"2026-02-23 05:30:00",549079,12.63,16.5,748.3,15.59,77.2
"2026-02-23 05:35:00",549080,12.63,16.43,748.3,15.46,77.76
"2026-02-23 05:40:00",549081,12.63,16.36,748.2,15.5,77.77
"2026-02-23 05:45:00",549082,12.62,16.31,748.2,15.85,76.29
"2026-02-23 05:50:00",549083,12.62,16.3,748.3,15.83,75.98
"2026-02-23 05:55:00",549084,12.62,16.29,748.3,15.72,75.56
"2026-02-23 06:00:00",549085,12.62,16.26,748.4,15.58,75.7
"2026-02-23 06:05:00",549086,12.61,16.24,748.5,15.58,75.54
"2026-02-23 06:10:00",549087,12.61,16.16,748.6,15.45,76.15
"2026-02-23 06:15:00",549088,12.61,16.1,748.6,15.32,77.03
"2026-02-23 06:20:00",549089,12.6,16.08,748.6,15.26,77.41
"2026-02-23 06:25:00",549090,12.61,16.09,748.6,15.33,77.39
"2026-02-23 06:30:00",549091,12.62,16.08,748.7,15.35,77.51
"2026-02-23 06:35:00",549092,12.64,16.05,748.8,15.44,77.5
"2026-02-23 06:40:00",549093,12.67,16.07,748.9,15.59,77
"2026-02-23 06:45:00",549094,12.71,16.11,749,15.52,78.02
"2026-02-23 06:50:00",549095,12.76,16.18,749.1,15.34,79.21
"2026-02-23 06:55:00",549096,12.83,16.26,749.2,15.38,79.32
"2026-02-23 07:00:00",549097,12.93,16.36,749.2,15.38,79.8
"2026-02-23 07:05:00",549098,13.06,16.5,749.2,15.49,79.27
"2026-02-23 07:10:00",549099,13.22,16.65,749.2,15.67,78.61
"2026-02-23 07:15:00",549100,13.34,16.85,749.3,15.72,78.4
"2026-02-23 07:20:00",549101,13.44,17.06,749.3,15.75,78.93
"2026-02-23 07:25:00",549102,13.5,17.3,749.4,16.12,77.61
"2026-02-23 07:30:00",549103,13.57,17.54,749.4,16.23,76.4
"2026-02-23 07:35:00",549104,13.63,17.83,749.4,16.69,75.22
"2026-02-23 07:40:00",549105,13.72,18.16,749.4,17.12,73.17
"2026-02-23 07:45:00",549106,13.83,18.53,749.4,17.55,72.07
"2026-02-23 07:50:00",549107,13.82,19.75,749.3,18.09,69.86
"2026-02-23 07:55:00",549108,13.76,20.57,749.4,18.53,66.51
"2026-02-23 08:00:00",549109,13.73,21.19,749.5,18.71,66.78
"2026-02-23 08:05:00",549110,13.7,21.73,749.4,18.74,64
"2026-02-23 08:10:00",549111,13.7,22.23,749.5,18.83,65.17
"2026-02-23 08:15:00",549112,13.71,22.7,749.5,19.45,63.31
"2026-02-23 08:20:00",549113,13.68,23.19,749.5,19.84,62.2
"2026-02-23 08:25:00",549114,13.68,23.65,749.5,20.55,60.35
"2026-02-23 08:30:00",549115,13.65,24.2,749.4,20.47,58.63
"2026-02-23 08:35:00",549116,13.65,24.7,749.4,20.58,57.7
"2026-02-23 08:40:00",549117,13.65,25.24,749.4,21.16,56.5
"2026-02-23 08:45:00",549118,13.63,25.79,749.4,21.24,55.55
"2026-02-23 08:50:00",549119,13.63,26.26,749.5,20.88,56.24
"2026-02-23 08:55:00",549120,13.6,26.6,749.4,20.84,57.01
"2026-02-23 09:00:00",549121,13.6,26.77,749.5,20.8,55.18
"2026-02-23 09:05:00",549122,13.6,26.94,749.5,20.49,56.68
"2026-02-23 09:10:00",549123,13.6,27.15,749.5,20.99,55.77
"2026-02-23 09:15:00",549124,13.6,27.43,749.5,20.94,54.77
"2026-02-23 09:20:00",549125,13.6,27.66,749.5,21.52,54.7
"2026-02-23 09:25:00",549126,13.58,28,749.5,21.93,52.1
"2026-02-23 09:30:00",549127,13.58,28.35,749.5,22.4,51.6
"2026-02-23 09:35:00",549128,13.58,28.69,749.5,21.25,54.66
"2026-02-23 09:40:00",549129,13.55,29.06,749.5,21.81,52.9
"2026-02-23 09:45:00",549130,13.55,29.41,749.4,22.07,52
"2026-02-23 09:50:00",549131,13.55,29.74,749.4,22.09,52.44
"2026-02-23 09:55:00",549132,13.55,30.03,749.3,22.12,51.78
"2026-02-23 10:00:00",549133,13.53,30.29,749.3,22.47,51.26
"2026-02-23 10:05:00",549134,13.53,30.62,749.3,23.78,47.02
"2026-02-23 10:10:00",549135,13.53,31.08,749.2,22.93,48.44
"2026-02-23 10:15:00",549136,13.5,31.47,749.1,22.11,50.84
"2026-02-23 10:20:00",549137,13.51,31.74,749.1,23.16,48.92
"2026-02-23 10:25:00",549138,13.51,32.09,749,23.81,46.45
"2026-02-23 10:30:00",549139,13.51,32.44,749,23.67,46.94
"2026-02-23 10:35:00",549140,13.48,32.74,749,24.86,44.06
"2026-02-23 10:40:00",549141,13.48,33.07,749,24.04,45.64
"2026-02-23 10:45:00",549142,13.48,33.31,748.9,23.37,46.71
"2026-02-23 10:50:00",549143,13.48,33.53,748.9,24.57,43.76
"2026-02-23 10:55:00",549144,13.48,33.82,748.8,23.84,45.71
"2026-02-23 11:00:00",549145,13.46,34.08,748.7,24.5,43.95
"2026-02-23 11:05:00",549146,13.46,34.26,748.6,23.96,44.89
"2026-02-23 11:10:00",549147,13.46,34.37,748.5,24.76,43.39
"2026-02-23 11:15:00",549148,13.46,34.5,748.4,24.47,42.38
"2026-02-23 11:20:00",549149,13.46,34.59,748.2,24.88,41.06
"2026-02-23 11:25:00",549150,13.46,34.71,748.2,24.49,42.75
"2026-02-23 11:30:00",549151,13.46,34.75,748.1,23.93,43.53
"2026-02-23 11:35:00",549152,13.46,34.69,748.2,24.36,41.92
"2026-02-23 11:40:00",549153,13.46,34.66,748,25.33,39.23
"2026-02-23 11:45:00",549154,13.46,34.81,748,25.33,38.74
"2026-02-23 11:50:00",549155,13.46,35.02,747.9,25.28,38.5
"2026-02-23 11:55:00",549156,13.44,35.11,747.8,25.94,37.81
"2026-02-23 12:00:00",549157,13.44,35.15,747.8,25.09,38.65
"2026-02-23 12:05:00",549158,13.44,35.18,747.6,27.05,36.19
"2026-02-23 12:10:00",549159,13.44,35.46,747.5,26.38,36.23
"2026-02-23 12:15:00",549160,13.44,35.65,747.5,26.16,36.17
"2026-02-23 12:20:00",549161,13.44,35.54,747.3,25.92,36.21
"2026-02-23 12:25:00",549162,13.44,35.11,747.3,26.04,35.49
"2026-02-23 12:30:00",549163,13.44,34.94,747.2,26.2,35.94
"2026-02-23 12:35:00",549164,13.44,34.94,747.1,27.34,36.22
"2026-02-23 12:40:00",549165,13.44,34.98,747,26.88,35.57
"2026-02-23 12:45:00",549166,13.44,34.85,747,25.25,38.93
"2026-02-23 12:50:00",549167,13.44,34.45,747,25.04,36.6
"2026-02-23 12:55:00",549168,13.44,34,746.8,25.89,36.01
"2026-02-23 13:00:00",549169,13.44,33.83,746.7,27.59,33.83
"2026-02-23 13:05:00",549170,13.44,33.97,746.6,27.63,34.94
"2026-02-23 13:10:00",549171,13.44,34.17,746.4,27.72,35.15
"2026-02-23 13:15:00",549172,13.44,34.37,746.4,26.37,37.16
"2026-02-23 13:20:00",549173,13.44,34.47,746.3,27.98,34.47
"2026-02-23 13:25:00",549174,13.44,34.57,746.3,26.5,36.54
"2026-02-23 13:30:00",549175,13.44,34.56,746.2,27.15,35.87
"2026-02-23 13:35:00",549176,13.44,34.49,746.1,26.42,37
"2026-02-23 13:40:00",549177,13.44,34.34,746.2,26.72,35.16
"2026-02-23 13:45:00",549178,13.44,34.14,746.1,26.38,38.09
"2026-02-23 13:50:00",549179,13.44,33.83,746.1,25.15,40.7
"2026-02-23 13:55:00",549180,13.44,33.28,746,23.85,43.84
"2026-02-23 14:00:00",549181,13.44,32.65,746,25.06,42.06
"2026-02-23 14:05:00",549182,13.44,32.19,745.9,24.41,42.12
"2026-02-23 14:10:00",549183,13.44,31.69,745.8,24.6,41.94
"2026-02-23 14:15:00",549184,13.46,31.28,745.6,24.82,40.33
"2026-02-23 14:20:00",549185,13.46,31.06,745.7,25.67,36.46
"2026-02-23 14:25:00",549186,13.47,31.01,745.6,25.11,36.37
"2026-02-23 14:30:00",549187,13.46,30.99,745.6,25.53,35.85
"2026-02-23 14:35:00",549188,13.46,31.06,745.3,25.61,35.49
"2026-02-23 14:40:00",549189,13.46,31.13,745.3,25.86,33.87
"2026-02-23 14:45:00",549190,13.46,31.25,745.4,26.12,32.82
"2026-02-23 14:50:00",549191,13.47,31.36,745.3,26.02,32.34
"2026-02-23 14:55:00",549192,13.46,31.48,745.2,25.81,33.26
"2026-02-23 15:00:00",549193,13.47,31.6,745.2,26.44,32.65
"2026-02-23 15:05:00",549194,13.47,31.7,745.1,25.47,33.63
"2026-02-23 15:10:00",549195,13.47,31.73,745.1,25.89,32.03
"2026-02-23 15:15:00",549196,13.47,31.72,744.9,25.58,31.7
"2026-02-23 15:20:00",549197,13.47,31.7,744.8,26.09,31.47
"2026-02-23 15:25:00",549198,13.47,31.72,744.8,26.14,30.39
"2026-02-23 15:30:00",549199,13.47,31.72,744.7,25.72,29.88
"2026-02-23 15:35:00",549200,13.47,31.72,744.6,25.84,30.44
"2026-02-23 15:40:00",549201,13.47,31.78,744.7,26.14,30.09
"2026-02-23 15:45:00",549202,13.47,31.85,744.5,26.31,30.85
"2026-02-23 15:50:00",549203,13.47,31.94,744.5,25.75,32.05
"2026-02-23 15:55:00",549204,13.47,31.94,744.7,25.51,31.15
"2026-02-23 16:00:00",549205,13.47,31.85,744.7,25.91,29.93
"2026-02-23 16:05:00",549206,13.47,31.79,744.7,25.9,30.68
"2026-02-23 16:10:00",549207,13.46,31.62,744.7,25.22,31.33
"2026-02-23 16:15:00",549208,13.47,31.29,744.7,25.29,31.07
"2026-02-23 16:20:00",549209,13.46,30.92,744.7,24.97,32.52
"2026-02-23 16:25:00",549210,13.46,30.56,744.7,24.64,33.12
"2026-02-23 16:30:00",549211,13.46,30.21,744.8,24.55,34.19
"2026-02-23 16:35:00",549212,13.49,29.9,744.9,24.74,33.6
"2026-02-23 16:40:00",549213,13.49,29.67,744.9,25.2,33.81
"2026-02-23 16:45:00",549214,13.49,29.51,745,24.61,34.26
"2026-02-23 16:50:00",549215,13.49,29.38,745,24.92,34.65
"2026-02-23 16:55:00",549216,13.49,29.28,745.1,24.99,34.19
"2026-02-23 17:00:00",549217,13.49,29.17,745.2,24.19,35.95
"2026-02-23 17:05:00",549218,13.48,29,745.3,23.63,36.92
"2026-02-23 17:10:00",549219,13.33,28.21,745.5,23.7,37.32
"2026-02-23 17:15:00",549220,13.16,27.65,745.6,23.53,37.44
"2026-02-23 17:20:00",549221,13.06,27.24,745.7,23,38.01
"2026-02-23 17:25:00",549222,13.02,26.84,745.9,22.6,37.74
"2026-02-23 17:30:00",549223,13.01,26.43,745.9,22.55,39.37
"2026-02-23 17:35:00",549224,13.01,26.05,745.9,21.92,40.67
"2026-02-23 17:40:00",549225,13,25.7,746,21.79,40.33
"2026-02-23 17:45:00",549226,12.96,25.35,746.2,21.52,41.47
"2026-02-23 17:50:00",549227,12.96,25.05,746.3,21.52,41.44
"2026-02-23 17:55:00",549228,12.95,24.79,746.4,21.52,41.76
"2026-02-23 18:00:00",549229,12.95,24.57,746.4,21.49,42.05
"2026-02-23 18:05:00",549230,12.94,24.25,746.4,20.47,48.07
"2026-02-23 18:10:00",549231,12.93,23.65,746.3,20.03,49.3
"2026-02-23 18:15:00",549232,12.93,23.02,746.4,20,50.77
"2026-02-23 18:20:00",549233,12.91,22.65,746.4,19.83,51
"2026-02-23 18:25:00",549234,12.91,22.45,746.5,20.07,50.5
"2026-02-23 18:30:00",549235,12.91,22.38,746.6,20.4,48.47
"2026-02-23 18:35:00",549236,12.89,22.38,746.6,20.82,49.22
"2026-02-23 18:40:00",549237,12.88,22.42,746.7,20.02,55.59
"2026-02-23 18:45:00",549238,12.87,22.37,746.7,19.66,56.49
"2026-02-23 18:50:00",549239,12.87,22.26,746.7,19.69,55.45
"2026-02-23 18:55:00",549240,12.87,22.12,746.5,19.91,53.29
"2026-02-23 19:00:00",549241,12.86,22.01,746.4,20.24,50.49
"2026-02-23 19:05:00",549242,12.86,21.94,746.3,20.28,47.73
"2026-02-23 19:10:00",549243,12.86,21.87,746.6,20.34,51.45
"2026-02-23 19:15:00",549244,12.85,21.79,746.6,19,58.86
"2026-02-23 19:20:00",549245,12.85,21.63,746.7,19.14,58.88
"2026-02-23 19:25:00",549246,12.85,21.45,746.7,19.18,58.8
"2026-02-23 19:30:00",549247,12.85,21.29,746.6,19.2,58.77
"2026-02-23 19:35:00",549248,12.85,21.16,746.7,19.61,53.27
"2026-02-23 19:40:00",549249,12.85,21.06,746.8,19.54,54.41
"2026-02-23 19:45:00",549250,12.84,20.98,746.8,19.62,53.8
"2026-02-23 19:50:00",549251,12.84,20.92,746.8,19.53,55.24
"2026-02-23 19:55:00",549252,12.84,20.85,746.9,19.38,56.97
"2026-02-23 20:00:00",549253,12.84,20.78,747.1,19.32,57.42
"2026-02-23 20:05:00",549254,12.84,20.72,747.2,19.55,55.34
"2026-02-23 20:10:00",549255,12.84,20.67,747.3,19.11,56.74
"2026-02-23 20:15:00",549256,12.83,20.61,747.4,18.95,57.39
"2026-02-23 20:20:00",549257,12.83,20.53,747.5,18.94,56.87
"2026-02-23 20:25:00",549258,12.83,20.43,747.5,18.86,57.44
"2026-02-23 20:30:00",549259,12.83,20.34,747.5,18.89,56.89
"2026-02-23 20:35:00",549260,12.81,20.48,747.5,18.86,56.71
"2026-02-23 20:40:00",549261,12.81,20.55,747.5,19.02,55.9
"2026-02-23 20:45:00",549262,12.8,20.56,747.6,19.1,54.59
"2026-02-23 20:50:00",549263,12.8,20.56,747.6,19.18,53.96
"2026-02-23 20:55:00",549264,12.8,20.58,747.6,19.07,53.91
"2026-02-23 21:00:00",549265,12.8,20.58,747.7,19.08,54.78
"2026-02-23 21:05:00",549266,12.8,20.56,747.8,18.62,57.62
"2026-02-23 21:10:00",549267,12.8,20.53,747.8,18.26,59.48
"2026-02-23 21:15:00",549268,12.8,20.42,747.8,18.11,59.81
"2026-02-23 21:20:00",549269,12.8,20.29,747.8,18.04,59.95
"2026-02-23 21:25:00",549270,12.8,20.14,747.8,18.01,60.1
"2026-02-23 21:30:00",549271,12.79,20.03,747.9,17.87,60.95
"2026-02-23 21:35:00",549272,12.79,19.88,747.9,17.82,61.9
"2026-02-23 21:40:00",549273,12.79,19.75,747.9,17.65,62.77
"2026-02-23 21:45:00",549274,12.79,19.58,747.8,17.49,63.22
"2026-02-23 21:50:00",549275,12.79,19.29,747.7,17.51,62.93
"2026-02-23 21:55:00",549276,12.79,19.17,747.7,17.3,63.69
"2026-02-23 22:00:00",549277,12.79,19.02,747.8,17.21,64.06
"2026-02-23 22:05:00",549278,12.78,18.88,747.9,16.96,65.26
"2026-02-23 22:10:00",549279,12.78,18.73,748,16.95,65.94
"2026-02-23 22:15:00",549280,12.78,18.6,748,16.79,67.81
"2026-02-23 22:20:00",549281,12.78,18.45,748,16.73,68.09
"2026-02-23 22:25:00",549282,12.78,18.32,748,16.89,66.95
"2026-02-23 22:30:00",549283,12.78,18.19,748.2,16.83,67.29
"2026-02-23 22:35:00",549284,12.78,18.09,748.1,16.74,67.36
"2026-02-23 22:40:00",549285,12.77,18.01,748.1,16.59,67.49
"2026-02-23 22:45:00",549286,12.77,17.93,748.1,16.61,67.4
"2026-02-23 22:50:00",549287,12.77,17.84,748,16.56,67.36
"2026-02-23 22:55:00",549288,12.77,17.77,748,16.83,66.48
"2026-02-23 23:00:00",549289,12.77,17.74,748.2,16.79,66.61
"2026-02-23 23:05:00",549290,12.77,17.69,748.2,16.73,67.01
"2026-02-23 23:10:00",549291,12.77,17.67,748.3,16.59,67.78
"2026-02-23 23:15:00",549292,12.76,17.66,748.3,16.71,67.77
"2026-02-23 23:20:00",549293,12.76,17.65,748.4,16.62,68.39
"2026-02-23 23:25:00",549294,12.76,17.62,748.4,16.53,68.55
"2026-02-23 23:30:00",549295,12.76,17.61,748.4,16.58,68.36
"2026-02-23 23:35:00",549296,12.76,17.57,748.5,16.75,67.13
"2026-02-23 23:40:00",549297,12.76,17.56,748.6,16.59,67.2
"2026-02-23 23:45:00",549298,12.76,17.57,748.7,16.62,67.78
"2026-02-23 23:50:00",549299,12.75,17.6,748.7,16.44,68.01
"2026-02-23 23:55:00",549300,12.75,17.63,748.6,16.33,69.13
"2026-02-24 00:00:00",549301,12.75,17.64,748.6,16.29,69.21
"2026-02-24 00:05:00",549302,12.75,17.65,748.6,16.33,68.89
"2026-02-24 00:10:00",549303,12.75,17.64,748.6,16.44,68.51
"2026-02-24 00:15:00",549304,12.75,17.63,748.6,16.37,68.87
"2026-02-24 00:20:00",549305,12.75,17.64,748.5,16.34,68.95
"2026-02-24 00:25:00",549306,12.75,17.64,748.4,16.28,69.81
"2026-02-24 00:30:00",549307,12.74,17.65,748.4,16.11,70.96
"2026-02-24 00:35:00",549308,12.74,17.62,748.3,15.99,72.72
"2026-02-24 00:40:00",549309,12.74,17.52,748.3,15.7,75.11
"2026-02-24 00:45:00",549310,12.74,17.43,748.4,15.72,75.68
"2026-02-24 00:50:00",549311,12.74,17.35,748.3,15.6,75.93
"2026-02-24 00:55:00",549312,12.73,17.25,748.2,15.68,75.19
"2026-02-24 01:00:00",549313,12.73,17.16,748.3,15.62,75.54
"2026-02-24 01:05:00",549314,12.73,17.11,748.3,15.72,75.25
"2026-02-24 01:10:00",549315,12.73,17.05,748.2,15.78,75.57
"2026-02-24 01:15:00",549316,12.73,17.02,748.2,15.6,76.02
"2026-02-24 01:20:00",549317,12.72,16.99,748.1,15.6,75.99
"2026-02-24 01:25:00",549318,12.72,16.98,748.1,15.54,76.23
"2026-02-24 01:30:00",549319,12.72,16.96,748.1,15.54,76.14
"2026-02-24 01:35:00",549320,12.72,16.97,748.1,15.58,76.21
"2026-02-24 01:40:00",549321,12.71,16.97,748.1,15.68,75.84
"2026-02-24 01:45:00",549322,12.71,17,748.1,15.74,75.17
"2026-02-24 01:50:00",549323,12.71,17.01,748,15.84,74.63
"2026-02-24 01:55:00",549324,12.71,17.03,747.9,15.96,74.22
"2026-02-24 02:00:00",549325,12.71,17.06,747.8,16.03,73.81
"2026-02-24 02:05:00",549326,12.71,17.1,747.9,16.16,72.9
"2026-02-24 02:10:00",549327,12.7,17.14,747.9,16.2,72.33
"2026-02-24 02:15:00",549328,12.7,17.2,747.8,16.1,75.07
"2026-02-24 02:20:00",549329,12.7,17.22,747.8,15.71,76.74
"2026-02-24 02:25:00",549330,12.69,17.24,747.8,15.66,77.18
"2026-02-24 02:30:00",549331,12.69,17.23,747.7,15.47,78.29
"2026-02-24 02:35:00",549332,12.69,17.23,747.7,15.54,77.63
"2026-02-24 02:40:00",549333,12.69,17.22,747.6,15.67,76.65
"2026-02-24 02:45:00",549334,12.69,17.21,747.5,15.97,74.43
"2026-02-24 02:50:00",549335,12.68,17.22,747.5,16.02,74.97
"2026-02-24 02:55:00",549336,12.68,17.21,747.4,15.94,75.04
"2026-02-24 03:00:00",549337,12.68,17.24,747.5,15.98,74.37
"2026-02-24 03:05:00",549338,12.68,17.26,747.5,16.15,73.61
"2026-02-24 03:10:00",549339,12.67,17.32,747.5,16.11,73.68
"2026-02-24 03:15:00",549340,12.67,17.35,747.6,15.96,74.28
"2026-02-24 03:20:00",549341,12.67,17.37,747.6,15.75,74.29
"2026-02-24 03:25:00",549342,12.67,17.36,747.5,15.72,74.18
"2026-02-24 03:30:00",549343,12.68,17.34,747.5,15.72,74.12
"2026-02-24 03:35:00",549344,12.68,17.26,747.4,15.66,73.85
"2026-02-24 03:40:00",549345,12.68,17.18,747.3,15.64,74.42
"2026-02-24 03:45:00",549346,12.67,17.1,747.3,15.54,74.76
"2026-02-24 03:50:00",549347,12.67,16.98,747.3,15.52,75.24
"2026-02-24 03:55:00",549348,12.67,16.9,747.3,15.38,76.25
"2026-02-24 04:00:00",549349,12.67,16.81,747.3,15.28,76.88
"2026-02-24 04:05:00",549350,12.66,16.76,747.2,15.17,77.55
"2026-02-24 04:10:00",549351,12.66,16.73,747.2,15.18,77.89
"2026-02-24 04:15:00",549352,12.66,16.68,747.2,15.24,77.93
"2026-02-24 04:20:00",549353,12.65,16.65,747.1,15.1,78.57
"2026-02-24 04:25:00",549354,12.65,16.62,747.1,15.05,79.03
"2026-02-24 04:30:00",549355,12.65,16.58,747.2,15.06,79.12
"2026-02-24 04:35:00",549356,12.64,16.53,747.2,15.02,79.44
"2026-02-24 04:40:00",549357,12.64,16.47,747.3,15.01,79.97
"2026-02-24 04:45:00",549358,12.64,16.45,747.3,15.12,79.94
"2026-02-24 04:50:00",549359,12.64,16.42,747.3,15.16,80.1
"2026-02-24 04:55:00",549360,12.63,16.39,747.4,15.13,80.4
"2026-02-24 05:00:00",549361,12.63,16.35,747.5,15.31,79.73
"2026-02-24 05:05:00",549362,12.62,16.3,747.5,15.38,79.24
"2026-02-24 05:10:00",549363,12.62,16.26,747.6,15.21,79.96
"2026-02-24 05:15:00",549364,12.62,16.21,747.6,15.11,80.6
"2026-02-24 05:20:00",549365,12.61,16.19,747.6,15.1,80.8
"2026-02-24 05:25:00",549366,12.6,16.19,747.6,15.08,80.8
"2026-02-24 05:30:00",549367,12.6,16.19,747.6,15.11,80.7
"2026-02-24 05:35:00",549368,12.6,16.18,747.6,15.18,80.4
"2026-02-24 05:40:00",549369,12.59,16.17,747.7,15.23,79.82
"2026-02-24 05:45:00",549370,12.59,16.18,747.7,15.3,78.28
"2026-02-24 05:50:00",549371,12.59,16.23,747.7,15.38,77.57
"2026-02-24 05:55:00",549372,12.59,16.26,747.8,15.42,77.24
"2026-02-24 06:00:00",549373,12.59,16.29,747.8,15.38,77.77
"2026-02-24 06:05:00",549374,12.58,16.33,747.8,15.36,77.74
"2026-02-24 06:10:00",549375,12.58,16.35,747.9,15.4,78.02
"2026-02-24 06:15:00",549376,12.58,16.38,748,15.46,77.9
"2026-02-24 06:20:00",549377,12.58,16.34,748,15.51,77.82
"2026-02-24 06:25:00",549378,12.58,16.4,748.1,15.58,76.86
"2026-02-24 06:30:00",549379,12.6,16.46,748.1,15.66,76.45
"2026-02-24 06:35:00",549380,12.63,16.53,748.1,15.69,76.01
"2026-02-24 06:40:00",549381,12.65,16.6,748.2,15.72,76.29
"2026-02-24 06:45:00",549382,12.7,16.69,748.2,15.68,78.33
"2026-02-24 06:50:00",549383,12.77,16.76,748.2,15.62,78.99
"2026-02-24 06:55:00",549384,12.86,16.85,748.3,15.66,78.44
"2026-02-24 07:00:00",549385,12.99,16.94,748.3,15.74,78.01
"2026-02-24 07:05:00",549386,13.17,17.1,748.5,15.66,78.41
"2026-02-24 07:10:00",549387,13.3,17.23,748.5,15.84,77.92
"2026-02-24 07:15:00",549388,13.39,17.36,748.6,15.84,77.84
"2026-02-24 07:20:00",549389,13.46,17.53,748.7,15.74,78.4
"2026-02-24 07:25:00",549390,13.53,17.7,748.7,15.86,78.63
"2026-02-24 07:30:00",549391,13.58,17.9,748.7,16.02,77.54
"2026-02-24 07:35:00",549392,13.62,18.1,748.8,15.91,77.43
"2026-02-24 07:40:00",549393,13.66,18.32,748.8,16.1,76.23
"2026-02-24 07:45:00",549394,13.74,18.53,748.9,16.18,76.02
"2026-02-24 07:50:00",549395,13.75,18.89,749,16.41,75.17
"2026-02-24 07:55:00",549396,13.76,20.11,749,16.46,74.07
"2026-02-24 08:00:00",549397,13.76,20.68,749,16.63,72.96
"2026-02-24 08:05:00",549398,13.73,21.06,749.1,16.76,73.24
"2026-02-24 08:10:00",549399,13.73,21.41,749.2,17.35,71.57
"2026-02-24 08:15:00",549400,13.73,21.78,749.2,17.44,70.44
"2026-02-24 08:20:00",549401,13.7,22.11,749.2,17.54,70.4
"2026-02-24 08:25:00",549402,13.7,22.44,749.2,18.11,68
"2026-02-24 08:30:00",549403,13.71,22.89,749.3,19.16,62.96
"2026-02-24 08:35:00",549404,13.68,23.39,749.2,19,63.92
"2026-02-24 08:40:00",549405,13.68,24.01,749.2,20.38,59.51
"2026-02-24 08:45:00",549406,13.65,24.75,749.3,21.38,56.13
"2026-02-24 08:50:00",549407,13.65,25.46,749.3,20.65,57.35
"2026-02-24 08:55:00",549408,13.63,25.95,749.3,20.17,58.07
"2026-02-24 09:00:00",549409,13.63,26.29,749.3,19.6,59.96
"2026-02-24 09:05:00",549410,13.63,26.56,749.3,19.74,59.07
"2026-02-24 09:10:00",549411,13.6,26.78,749.3,20.37,56.63
"2026-02-24 09:15:00",549412,13.6,27.01,749.3,21.09,53.83
"2026-02-24 09:20:00",549413,13.6,27.33,749.3,21.24,52.16
"2026-02-24 09:25:00",549414,13.6,27.62,749.3,20.63,54.01
"2026-02-24 09:30:00",549415,13.6,27.8,749.3,20.6,55
"2026-02-24 09:35:00",549416,13.57,27.85,749.3,20.28,57.54
"2026-02-24 09:40:00",549417,13.58,27.81,749.2,20.37,57.83
"2026-02-24 09:45:00",549418,13.57,27.78,749.1,20.62,56.08
"2026-02-24 09:50:00",549419,13.58,27.84,749.1,21.01,55.24
"2026-02-24 09:55:00",549420,13.58,28,749.1,20.98,54.9
"2026-02-24 10:00:00",549421,13.58,28.18,749.1,21.21,54.28
"2026-02-24 10:05:00",549422,13.58,28.4,749.1,21.08,53.86
"2026-02-24 10:10:00",549423,13.58,28.62,749.1,21.13,54.45
"2026-02-24 10:15:00",549424,13.58,28.81,749,21.57,54.33
"2026-02-24 10:20:00",549425,13.55,29.06,749,21.27,53.01
"2026-02-24 10:25:00",549426,13.55,29.32,749,22.37,51.09
"2026-02-24 10:30:00",549427,13.55,29.7,749,22.37,50.59
"2026-02-24 10:35:00",549428,13.55,30.29,748.9,22.96,47.4
"2026-02-24 10:40:00",549429,13.53,30.98,748.9,24.21,46.01
"2026-02-24 10:45:00",549430,13.51,31.5,748.9,23.17,47.29
"2026-02-24 10:50:00",549431,13.51,31.61,748.9,22.52,49.15
"2026-02-24 10:55:00",549432,13.51,31.52,748.8,23.03,47.66
"2026-02-24 11:00:00",549433,13.51,31.42,748.7,22.61,48.59
"2026-02-24 11:05:00",549434,13.51,31.25,748.7,22.2,49.24
"2026-02-24 11:10:00",549435,13.51,31.04,748.6,21.88,50.78
"2026-02-24 11:15:00",549436,13.51,30.8,748.6,21.57,52.21
"2026-02-24 11:20:00",549437,13.51,30.59,748.5,21.41,52.59
"2026-02-24 11:25:00",549438,13.51,30.38,748.5,21.28,52.32
"2026-02-24 11:30:00",549439,13.51,30.1,748.5,21.51,54.1
"2026-02-24 11:35:00",549440,13.51,29.88,748.4,21.27,52.63
"2026-02-24 11:40:00",549441,13.51,29.66,748.3,21.52,54.85
"2026-02-24 11:45:00",549442,13.51,29.48,748.3,21.04,57.8
"2026-02-24 11:50:00",549443,13.51,29.27,748.3,20.99,58.1
"2026-02-24 11:55:00",549444,13.51,29.06,748.3,21.38,58.5
"2026-02-24 12:00:00",549445,13.51,28.97,748.3,21.31,57.17
"2026-02-24 12:05:00",549446,13.51,28.87,748.2,21.34,56.47
"2026-02-24 12:10:00",549447,13.51,28.82,748.2,20.68,57.63
"2026-02-24 12:15:00",549448,13.51,28.66,748.1,20.48,57.66
"2026-02-24 12:20:00",549449,13.51,28.43,748.1,20.95,56.62
"2026-02-24 12:25:00",549450,13.51,28.2,748,20.63,57.34
"2026-02-24 12:30:00",549451,13.51,27.99,747.9,20.5,58.03
"2026-02-24 12:35:00",549452,13.53,27.78,747.9,20.39,58.2
"2026-02-24 12:40:00",549453,13.53,27.56,747.8,19.96,62.85
"2026-02-24 12:45:00",549454,13.53,27.27,747.8,20.3,60.5
"2026-02-24 12:50:00",549455,13.53,27.09,747.8,20.53,53.03
"2026-02-24 12:55:00",549456,13.53,26.99,747.7,20.96,51.28
"2026-02-24 13:00:00",549457,13.53,27.01,747.6,21.11,51.68
"2026-02-24 13:05:00",549458,13.53,27.09,747.6,20.86,51.77
"2026-02-24 13:10:00",549459,13.53,27.25,747.6,21.63,49.26
"2026-02-24 13:15:00",549460,13.53,27.6,747.4,23.07,46.16
"2026-02-24 13:20:00",549461,13.53,28.15,747.4,23.63,44.43
"2026-02-24 13:25:00",549462,13.53,28.78,747.4,23.1,45.14
"2026-02-24 13:30:00",549463,13.53,29.26,747.4,23.55,44.06
"2026-02-24 13:35:00",549464,13.53,29.58,747.3,22.63,45.6
"2026-02-24 13:40:00",549465,13.54,29.77,747.3,23.26,43.64
"2026-02-24 13:45:00",549466,13.54,29.91,747.2,23.58,42.15
"2026-02-24 13:50:00",549467,13.54,30.01,747.2,23.49,41.85
"2026-02-24 13:55:00",549468,13.54,30.18,747.1,24.03,41.59
"2026-02-24 14:00:00",549469,13.54,30.33,747.1,22.99,44.67
"2026-02-24 14:05:00",549470,13.53,30.32,747,22.8,46.51
"2026-02-24 14:10:00",549471,13.54,30.16,747,22.21,45.96
"2026-02-24 14:15:00",549472,13.54,29.91,746.9,22.34,46.04
"2026-02-24 14:20:00",549473,13.54,29.68,746.8,22.81,45.2
"2026-02-24 14:25:00",549474,13.54,29.52,746.8,22.7,43.45
"2026-02-24 14:30:00",549475,13.54,29.41,746.8,22.48,43.97
"2026-02-24 14:35:00",549476,13.54,29.31,746.8,22.98,41.37
"2026-02-24 14:40:00",549477,13.54,29.26,746.7,22.93,41.37
"2026-02-24 14:45:00",549478,13.54,29.21,746.7,23.43,40.67
"2026-02-24 14:50:00",549479,13.54,29.15,746.7,23.43,40.18
"2026-02-24 14:55:00",549480,13.54,29.09,746.6,22.71,43.61
"2026-02-24 15:00:00",549481,13.54,28.86,746.6,21.39,44.29
"2026-02-24 15:05:00",549482,13.54,28.54,746.7,21.74,44.85
"2026-02-24 15:10:00",549483,13.54,28.24,746.7,21.34,48.05
"2026-02-24 15:15:00",549484,13.54,27.96,746.6,21.13,49.73
"2026-02-24 15:20:00",549485,13.54,27.63,746.7,21.24,46.26
"2026-02-24 15:25:00",549486,13.54,27.35,746.6,21.25,46.2
"2026-02-24 15:30:00",549487,13.53,27.1,746.5,21.21,47.65
"2026-02-24 15:35:00",549488,13.53,26.9,746.5,20.97,51.72
"2026-02-24 15:40:00",549489,13.53,26.66,746.5,20.23,49.61
"2026-02-24 15:45:00",549490,13.56,26.37,746.5,21.13,51.3
"2026-02-24 15:50:00",549491,13.56,26.16,746.5,21.1,46.4
"2026-02-24 15:55:00",549492,13.56,26.09,746.4,21.38,46.4
"2026-02-24 16:00:00",549493,13.56,26.13,746.3,22.21,43.29
"2026-02-24 16:05:00",549494,13.56,26.26,746.3,22.28,43.4
"2026-02-24 16:10:00",549495,13.56,26.44,746.3,21.76,45.17
"2026-02-24 16:15:00",549496,13.56,26.58,746.3,21.77,46.39
"2026-02-24 16:20:00",549497,13.56,26.64,746.2,21.9,46.82
"2026-02-24 16:25:00",549498,13.56,26.67,746.2,22.17,46.08
"2026-02-24 16:30:00",549499,13.56,26.69,746.2,22.05,46.01
"2026-02-24 16:35:00",549500,13.56,26.67,746.2,21.98,44.75
"2026-02-24 16:40:00",549501,13.56,26.65,746.2,22.29,43.04
"2026-02-24 16:45:00",549502,13.56,26.59,746.2,20.74,56.38
"2026-02-24 16:50:00",549503,13.56,26.45,746.1,20.52,58.37
"2026-02-24 16:55:00",549504,13.56,26.27,746.1,20.45,59.21
"2026-02-24 17:00:00",549505,13.56,26.08,746.1,20.53,58.52
"2026-02-24 17:05:00",549506,13.56,25.94,746.1,20.68,57.57
"2026-02-24 17:10:00",549507,13.56,25.84,746.1,20.79,57.64
"2026-02-24 17:15:00",549508,13.56,25.78,746.1,20.86,57.84
"2026-02-24 17:20:00",549509,13.56,25.75,746.1,21.04,57.19
"2026-02-24 17:25:00",549510,13.56,25.75,746.2,21.05,55.65
"2026-02-24 17:30:00",549511,13.56,25.73,746.2,21.02,53.47
"2026-02-24 17:35:00",549512,13.56,25.72,746.3,21.24,53.2
"2026-02-24 17:40:00",549513,13.56,25.7,746.3,21.21,53.88
"2026-02-24 17:45:00",549514,13.57,25.7,746.4,21.1,53.98
"2026-02-24 17:50:00",549515,13.57,25.63,746.4,21.27,53.54
"2026-02-24 17:55:00",549516,13.57,25.58,746.4,21.17,52.87
"2026-02-24 18:00:00",549517,13.57,25.49,746.4,21.34,53.27
"2026-02-24 18:05:00",549518,13.5,25.05,746.4,21.08,53.73
"2026-02-24 18:10:00",549519,13.26,24.41,746.5,20.62,55.31
"2026-02-24 18:15:00",549520,13.12,24.04,746.6,20.52,55.05
"2026-02-24 18:20:00",549521,13.04,23.75,746.6,20.46,54.88
"2026-02-24 18:25:00",549522,12.98,23.47,746.7,20.29,55.2
"2026-02-24 18:30:00",549523,12.95,23.26,746.7,20.26,55.13
"2026-02-24 18:35:00",549524,12.92,23.05,746.8,20.24,55.28
"2026-02-24 18:40:00",549525,12.9,22.88,746.9,20.22,55.56
"2026-02-24 18:45:00",549526,12.89,22.68,746.9,20.24,55.04
"2026-02-24 18:50:00",549527,12.88,22.49,747.1,20.35,55.76
"2026-02-24 18:55:00",549528,12.88,22.31,747.3,19.98,56.84
"2026-02-24 19:00:00",549529,12.87,22.17,747.3,19.78,58.77
"2026-02-24 19:05:00",549530,12.87,21.99,747.4,19.54,61.52
"2026-02-24 19:10:00",549531,12.87,21.72,747.6,19.34,60.88
"2026-02-24 19:15:00",549532,12.86,21.47,747.7,19.26,60.78
"2026-02-24 19:20:00",549533,12.86,21.27,747.8,19.24,59.36
"2026-02-24 19:25:00",549534,12.86,21.14,747.9,19.19,60.62
"2026-02-24 19:30:00",549535,12.86,21.05,747.9,19.22,61.47
"2026-02-24 19:35:00",549536,12.85,21.04,748,19.19,62.33
"2026-02-24 19:40:00",549537,12.85,21,748,19.08,61.08
"2026-02-24 19:45:00",549538,12.84,20.96,748,19.23,63.81
"2026-02-24 19:50:00",549539,12.84,20.86,747.9,19.34,60.73
"2026-02-24 19:55:00",549540,12.84,20.78,748,19.4,62.25
"2026-02-24 20:00:00",549541,12.83,20.7,748,19.27,62.71
"2026-02-24 20:05:00",549542,12.83,20.68,748.1,19.23,63.51
"2026-02-24 20:10:00",549543,12.83,20.64,748.1,19.33,62.66
"2026-02-24 20:15:00",549544,12.83,20.58,748.1,19.33,62.93
"2026-02-24 20:20:00",549545,12.83,20.53,748.1,19.29,63.19
"2026-02-24 20:25:00",549546,12.83,20.49,748.3,19.22,63.96
"2026-02-24 20:30:00",549547,12.83,20.43,748.3,19.22,64.44
"2026-02-24 20:35:00",549548,12.82,20.31,748.3,19.12,64.86
"2026-02-24 20:40:00",549549,12.83,20.26,748.3,18.83,65.32
"2026-02-24 20:45:00",549550,12.82,20.22,748.4,18.65,65.14
"2026-02-24 20:50:00",549551,12.82,20.18,748.4,18.56,65.9
"2026-02-24 20:55:00",549552,12.82,20.11,748.6,18.14,68.06
"2026-02-24 21:00:00",549553,12.82,19.99,748.8,18.01,69.46
"2026-02-24 21:05:00",549554,12.82,19.88,748.9,18.04,69.53
"2026-02-24 21:10:00",549555,12.82,19.77,749,18.03,68.65
"2026-02-24 21:15:00",549556,12.81,19.68,749.1,18.1,67.29
"2026-02-24 21:20:00",549557,12.81,19.63,749.3,18.11,67.64
"2026-02-24 21:25:00",549558,12.81,19.58,749.4,18.18,67.16
"2026-02-24 21:30:00",549559,12.81,19.53,749.6,18.29,64.99
"2026-02-24 21:35:00",549560,12.81,19.52,749.6,18.49,63.36
"2026-02-24 21:40:00",549561,12.81,19.51,749.6,18.58,61.97
"2026-02-24 21:45:00",549562,12.81,19.53,749.7,18.62,61.88
"2026-02-24 21:50:00",549563,12.8,19.57,749.6,18.64,61.53
"2026-02-24 21:55:00",549564,12.8,19.62,749.6,18.66,63.24
"2026-02-24 22:00:00",549565,12.8,19.65,749.7,18.51,64.64
"2026-02-24 22:05:00",549566,12.8,19.69,749.6,18.46,64.78
"2026-02-24 22:10:00",549567,12.8,19.71,749.8,18.39,65.24
"2026-02-24 22:15:00",549568,12.8,19.68,749.9,18.35,65.54
"2026-02-24 22:20:00",549569,12.8,19.66,750,18.39,64.8
"2026-02-24 22:25:00",549570,12.8,19.65,750,18.34,66.18
"2026-02-24 22:30:00",549571,12.8,19.57,750,18.28,68.09
"2026-02-24 22:35:00",549572,12.79,19.48,750,18.31,65.08
"2026-02-24 22:40:00",549573,12.79,19.36,750,18.11,66.05
"2026-02-24 22:45:00",549574,12.79,19.18,750,18.07,65.3
"2026-02-24 22:50:00",549575,12.79,19.08,750,18.08,64.63
"2026-02-24 22:55:00",549576,12.79,19,750,17.81,68.79
"2026-02-24 23:00:00",549577,12.79,18.79,750.2,17.58,70.14
"2026-02-24 23:05:00",549578,12.79,18.52,750.2,16.75,73.38
"2026-02-24 23:10:00",549579,12.78,18.12,750.4,15.43,72.78
"2026-02-24 23:15:00",549580,12.78,17.55,750.7,14.43,75.58
"2026-02-24 23:20:00",549581,12.78,16.97,750.6,13.85,80.6
"2026-02-24 23:25:00",549582,12.78,16.39,750.7,13.53,86.1
"2026-02-24 23:30:00",549583,12.77,15.92,750.9,13.25,89.4
"2026-02-24 23:35:00",549584,12.77,15.53,751.1,12.6,91.8
"2026-02-24 23:40:00",549585,12.77,15.21,751.1,12.66,92.9
"2026-02-24 23:45:00",549586,12.76,14.92,751,12.4,92.7
"2026-02-24 23:50:00",549587,12.76,14.63,750.9,12.46,91.9
"2026-02-24 23:55:00",549588,12.76,14.39,751,12.27,91.3
"2026-02-25 00:00:00",549589,12.76,14.15,750.9,12.34,92.4
"2026-02-25 00:05:00",549590,12.75,14.01,751,12.38,92.5
"2026-02-25 00:10:00",549591,12.75,13.92,750.8,12.48,92.9
"2026-02-25 00:15:00",549592,12.75,13.87,750.6,12.29,92.9
"2026-02-25 00:20:00",549593,12.75,13.8,750.6,12.35,92.3
"2026-02-25 00:25:00",549594,12.74,13.74,750.5,12.79,91.9
"2026-02-25 00:30:00",549595,12.74,13.74,750.5,12.92,92.5
"2026-02-25 00:35:00",549596,12.74,13.72,750.5,12.64,93.6
"2026-02-25 00:40:00",549597,12.74,13.74,750.4,12.61,93.9
"2026-02-25 00:45:00",549598,12.74,13.74,750.3,12.62,93.5
"2026-02-25 00:50:00",549599,12.73,13.74,750.3,12.68,93.4
"2026-02-25 00:55:00",549600,12.73,13.71,750.4,12.8,94
"2026-02-25 01:00:00",549601,12.73,13.7,750.4,12.84,93.1
"2026-02-25 01:05:00",549602,12.73,13.66,750.4,12.83,93.4
"2026-02-25 01:10:00",549603,12.73,13.65,750.4,12.84,93
"2026-02-25 01:15:00",549604,12.72,13.63,750.4,12.91,93
"2026-02-25 01:20:00",549605,12.72,13.64,750.4,12.93,92.3
"2026-02-25 01:25:00",549606,12.72,13.65,750.5,13.17,92.4
"2026-02-25 01:30:00",549607,12.72,13.68,750.6,13.23,91.9
"2026-02-25 01:35:00",549608,12.72,13.7,750.6,13.06,92.6
"2026-02-25 01:40:00",549609,12.71,13.72,750.6,12.93,93
"2026-02-25 01:45:00",549610,12.71,13.77,750.6,12.94,92.6
"2026-02-25 01:50:00",549611,12.71,13.79,750.6,12.95,92.8
"2026-02-25 01:55:00",549612,12.71,13.8,750.5,13.04,92.8
"2026-02-25 02:00:00",549613,12.71,13.83,750.6,13.08,91.7
"2026-02-25 02:05:00",549614,12.7,13.86,750.5,13.18,90.1
"2026-02-25 02:10:00",549615,12.7,13.9,750.5,13.39,89.9
"2026-02-25 02:15:00",549616,12.71,13.83,750.5,13.54,90.4
"2026-02-25 02:20:00",549617,12.7,13.86,750.4,13.61,90.3
"2026-02-25 02:25:00",549618,12.7,13.91,750.3,13.59,89.3
"2026-02-25 02:30:00",549619,12.7,13.96,750.3,13.77,90.4
"2026-02-25 02:35:00",549620,12.7,14.02,750.3,13.84,90.7
"2026-02-25 02:40:00",549621,12.69,14.07,750.4,13.85,91
"2026-02-25 02:45:00",549622,12.69,14.13,750.4,13.66,91.7
"2026-02-25 02:50:00",549623,12.69,14.15,750.5,13.25,92.7
"2026-02-25 02:55:00",549624,12.69,14.17,750.5,13.28,94
"2026-02-25 03:00:00",549625,12.69,14.2,750.4,13.33,94.2
"2026-02-25 03:05:00",549626,12.68,14.2,750.4,13.12,93.8
"2026-02-25 03:10:00",549627,12.68,14.2,750.4,13.27,94.4
"2026-02-25 03:15:00",549628,12.68,14.19,750.4,13.37,94.2
"2026-02-25 03:20:00",549629,12.68,14.18,750.3,13.35,94.1
"2026-02-25 03:25:00",549630,12.68,14.17,750.3,13.33,93.7
"2026-02-25 03:30:00",549631,12.67,14.18,750.4,13.43,94.5
"2026-02-25 03:35:00",549632,12.67,14.19,750.3,13.39,95.1
"2026-02-25 03:40:00",549633,12.67,14.19,750.3,13.28,95.3
"2026-02-25 03:45:00",549634,12.67,14.18,750.4,13.38,95.7
"2026-02-25 03:50:00",549635,12.66,14.19,750.4,13.38,95.9
"2026-02-25 03:55:00",549636,12.66,14.21,750.4,13.49,96
"2026-02-25 04:00:00",549637,12.66,14.22,750.5,13.28,95.8
"2026-02-25 04:05:00",549638,12.66,14.25,750.5,13.48,95.9
"2026-02-25 04:10:00",549639,12.65,14.29,750.5,13.57,95.6
"2026-02-25 04:15:00",549640,12.65,14.32,750.5,13.53,95.3
"2026-02-25 04:20:00",549641,12.65,14.35,750.5,13.62,95
"2026-02-25 04:25:00",549642,12.65,14.36,750.5,13.53,91.3
"2026-02-25 04:30:00",549643,12.64,14.32,750.6,13.63,91.8
"2026-02-25 04:35:00",549644,12.64,14.3,750.6,13.58,89.7
"2026-02-25 04:40:00",549645,12.64,14.24,750.6,13.57,88.7
"2026-02-25 04:45:00",549646,12.64,14.19,750.6,13.63,92.8
"2026-02-25 04:50:00",549647,12.63,14.2,750.6,13.61,94.4
"2026-02-25 04:55:00",549648,12.63,14.23,750.6,13.53,95
"2026-02-25 05:00:00",549649,12.63,14.24,750.6,12.84,94.7
"2026-02-25 05:05:00",549650,12.63,14.13,750.7,12.76,95.7
"2026-02-25 05:10:00",549651,12.62,14.02,750.7,12.73,96.2
"2026-02-25 05:15:00",549652,12.62,13.93,750.8,12.7,96.2
"2026-02-25 05:20:00",549653,12.61,13.87,750.9,12.66,96.1
"2026-02-25 05:25:00",549654,12.61,13.8,751,12.72,96.1
"2026-02-25 05:30:00",549655,12.61,13.75,751.1,12.7,96.2
"2026-02-25 05:35:00",549656,12.6,13.72,751.2,12.69,96.3
"2026-02-25 05:40:00",549657,12.6,13.67,751.2,12.64,95.8
"2026-02-25 05:45:00",549658,12.6,13.66,751.3,12.82,95.6
"2026-02-25 05:50:00",549659,12.59,13.65,751.3,12.92,96.2
"2026-02-25 05:55:00",549660,12.59,13.67,751.3,12.79,96.3
"2026-02-25 06:00:00",549661,12.59,13.69,751.4,12.73,96.4
"2026-02-25 06:05:00",549662,12.58,13.71,751.4,12.76,96.6
"2026-02-25 06:10:00",549663,12.58,13.7,751.4,12.73,96.8
"2026-02-25 06:15:00",549664,12.57,13.71,751.5,12.67,96.6
"2026-02-25 06:20:00",549665,12.57,13.72,751.5,12.74,96.4
"2026-02-25 06:25:00",549666,12.57,13.71,751.5,12.62,96.2
"2026-02-25 06:30:00",549667,12.56,13.72,751.6,12.55,95.9
"2026-02-25 06:35:00",549668,12.56,13.75,751.7,12.51,95.9
"2026-02-25 06:40:00",549669,12.56,13.74,751.8,12.46,95.6
"2026-02-25 06:45:00",549670,12.56,13.73,751.9,12.46,95.6
"2026-02-25 06:50:00",549671,12.57,13.71,751.9,12.58,96
"2026-02-25 06:55:00",549672,12.57,13.73,752,12.54,96.1
"2026-02-25 07:00:00",549673,12.58,13.75,752.1,12.5,96.1
"2026-02-25 07:05:00",549674,12.59,13.78,752.2,12.32,95.2
"2026-02-25 07:10:00",549675,12.58,13.75,752.3,12.33,94.6
"2026-02-25 07:15:00",549676,12.58,13.72,752.4,12.48,94.8
"2026-02-25 07:20:00",549677,12.6,13.71,752.4,12.48,94.4
"2026-02-25 07:25:00",549678,12.64,13.75,752.5,12.52,94.1
"2026-02-25 07:30:00",549679,12.65,13.79,752.6,12.47,93.2
"2026-02-25 07:35:00",549680,12.65,13.85,752.8,12.54,92.8
"2026-02-25 07:40:00",549681,12.71,13.67,752.9,12.68,92.2
"2026-02-25 07:45:00",549682,12.87,13.61,753,12.68,91.6
"2026-02-25 07:50:00",549683,13.08,13.66,753.1,12.74,91.6
"2026-02-25 07:55:00",549684,13.28,13.78,753.2,12.91,90.8
"2026-02-25 08:00:00",549685,13.5,13.94,753.2,13.14,89.3
"2026-02-25 08:05:00",549686,13.56,14.13,753.3,13.33,89.2
"2026-02-25 08:10:00",549687,13.67,14.35,753.4,13.55,87.6
"2026-02-25 08:15:00",549688,13.82,14.64,753.3,13.69,85.5
"2026-02-25 08:20:00",549689,13.91,14.97,753.3,13.93,84.5
"2026-02-25 08:25:00",549690,13.84,15.84,753.4,14.07,84.3
"2026-02-25 08:30:00",549691,13.84,16.54,753.4,13.99,82.8
"2026-02-25 08:35:00",549692,13.84,16.66,753.5,14.18,82.6
"2026-02-25 08:40:00",549693,13.84,16.51,753.5,14.33,79.96
"2026-02-25 08:45:00",549694,13.75,16.35,753.6,14.41,80.4
"2026-02-25 08:50:00",549695,13.85,16.7,753.6,14.41,79.64
"2026-02-25 08:55:00",549696,13.82,17.54,753.7,14.53,79.17
"2026-02-25 09:00:00",549697,13.79,17.91,753.8,14.29,79.7
"2026-02-25 09:05:00",549698,13.79,18.09,753.8,14.61,79.96
"2026-02-25 09:10:00",549699,13.79,18.23,753.9,14.47,79.13
"2026-02-25 09:15:00",549700,13.79,18.32,753.9,14.55,79.65
"2026-02-25 09:20:00",549701,13.79,18.41,753.9,14.96,79.07
"2026-02-25 09:25:00",549702,13.79,18.53,753.9,14.92,76.38
"2026-02-25 09:30:00",549703,13.79,18.64,753.9,14.91,77.03
"2026-02-25 09:35:00",549704,13.76,18.7,753.9,14.72,77.1
"2026-02-25 09:40:00",549705,13.76,18.78,753.9,15.05,76.55
"2026-02-25 09:45:00",549706,13.77,18.94,753.9,15.73,74.63
"2026-02-25 09:50:00",549707,13.77,19.18,753.9,15.73,75.62
"2026-02-25 09:55:00",549708,13.77,19.39,753.9,15.74,76.3
"2026-02-25 10:00:00",549709,13.77,19.64,753.9,15.58,75.82
"2026-02-25 10:05:00",549710,13.77,19.83,753.9,15.48,74.95
"2026-02-25 10:10:00",549711,13.74,20.02,753.9,16.4,73.94
"2026-02-25 10:15:00",549712,13.74,20.26,753.9,16.52,72.62
"2026-02-25 10:20:00",549713,13.74,20.56,753.9,16.39,69.63
"2026-02-25 10:25:00",549714,13.74,20.84,753.9,16.85,69.68
"2026-02-25 10:30:00",549715,13.71,21.18,753.9,17.01,68.99
"2026-02-25 10:35:00",549716,13.71,21.57,753.9,17.61,67.29
"2026-02-25 10:40:00",549717,13.71,22.06,753.8,17.65,63.75
"2026-02-25 10:45:00",549718,13.69,22.55,753.7,17.51,65.86
"2026-02-25 10:50:00",549719,13.69,22.98,753.7,17.6,66.43
"2026-02-25 10:55:00",549720,13.69,23.31,753.7,17.43,66.17
"2026-02-25 11:00:00",549721,13.69,23.53,753.7,17.43,66.11
"2026-02-25 11:05:00",549722,13.66,23.64,753.6,18.08,64.33
"2026-02-25 11:10:00",549723,13.66,23.76,753.7,17.77,63.53
"2026-02-25 11:15:00",549724,13.66,23.86,753.6,18.26,59.57
"2026-02-25 11:20:00",549725,13.66,24.01,753.6,18.95,58.55
"2026-02-25 11:25:00",549726,13.66,24.16,753.5,18.33,60.12
"2026-02-25 11:30:00",549727,13.66,24.21,753.4,18.05,58.14
"2026-02-25 11:35:00",549728,13.66,24.12,753.4,17.05,60.57
"2026-02-25 11:40:00",549729,13.66,23.91,753.4,17.74,63.2
"2026-02-25 11:45:00",549730,13.66,23.75,753.3,18.2,62.71
"2026-02-25 11:50:00",549731,13.66,23.7,753.2,18.09,57.96
"2026-02-25 11:55:00",549732,13.66,23.67,753.2,17.58,59.09
"2026-02-25 12:00:00",549733,13.66,23.6,753.1,18,61.18
"2026-02-25 12:05:00",549734,13.66,23.52,753.1,18.25,56.19
"2026-02-25 12:10:00",549735,13.66,23.47,753,17.64,59.59
"2026-02-25 12:15:00",549736,13.66,23.37,753,17.87,59.66
"2026-02-25 12:20:00",549737,13.66,23.27,752.9,17.32,63.04
"2026-02-25 12:25:00",549738,13.66,23.13,752.8,17.47,64.16
"2026-02-25 12:30:00",549739,13.66,23.04,752.8,17.35,64.2
"2026-02-25 12:35:00",549740,13.66,22.95,752.8,17.09,63.95
"2026-02-25 12:40:00",549741,13.66,22.86,752.7,17.77,65.34
"2026-02-25 12:45:00",549742,13.66,22.94,752.5,17.77,60.75
"2026-02-25 12:50:00",549743,13.66,23.07,752.4,18.29,59.6
"2026-02-25 12:55:00",549744,13.66,23.3,752.4,18.9,59.85
"2026-02-25 13:00:00",549745,13.66,23.63,752.3,19.42,55.69
"2026-02-25 13:05:00",549746,13.67,24.02,752.2,19.76,56.63
"2026-02-25 13:10:00",549747,13.67,24.39,752,19.32,55.98
"2026-02-25 13:15:00",549748,13.67,24.65,752,19.1,57.29
"2026-02-25 13:20:00",549749,13.64,24.8,751.9,18.77,56.6
"2026-02-25 13:25:00",549750,13.64,24.87,751.8,19.48,54.93
"2026-02-25 13:30:00",549751,13.64,25.03,751.8,20.72,52.87
"2026-02-25 13:35:00",549752,13.64,25.27,751.7,20.02,51.9
"2026-02-25 13:40:00",549753,13.64,25.47,751.6,20.02,51.75
"2026-02-25 13:45:00",549754,13.64,25.63,751.5,19.87,50.57
"2026-02-25 13:50:00",549755,13.64,25.73,751.5,19.35,50.94
"2026-02-25 13:55:00",549756,13.64,25.83,751.3,20.05,48.74
"2026-02-25 14:00:00",549757,13.62,25.97,751.2,21.24,47.31
"2026-02-25 14:05:00",549758,13.62,26.24,751.1,20.64,47.01
"2026-02-25 14:10:00",549759,13.61,26.46,750.9,19.79,47.22
"2026-02-25 14:15:00",549760,13.62,26.45,750.8,19.53,48.17
"2026-02-25 14:20:00",549761,13.62,26.36,750.8,20.08,47.45
"2026-02-25 14:25:00",549762,13.62,26.32,750.7,20.31,48.14
"2026-02-25 14:30:00",549763,13.62,26.35,750.6,20.54,45.6
"2026-02-25 14:35:00",549764,13.62,26.46,750.6,20.9,45.45
"2026-02-25 14:40:00",549765,13.61,26.75,750.5,21.04,45.02
"2026-02-25 14:45:00",549766,13.61,27.05,750.4,20.44,44.88
"2026-02-25 14:50:00",549767,13.59,27.08,750.3,21.04,43.77
"2026-02-25 14:55:00",549768,13.59,27.12,750.2,20.66,45.13
"2026-02-25 15:00:00",549769,13.59,27.07,750.1,20.9,45.93
"2026-02-25 15:05:00",549770,13.59,27,750.1,20.25,43.68
"2026-02-25 15:10:00",549771,13.59,26.92,750,20.92,43.37
"2026-02-25 15:15:00",549772,13.59,27,749.9,22.07,43.02
"2026-02-25 15:20:00",549773,13.59,27.23,749.8,21.54,44.92
"2026-02-25 15:25:00",549774,13.59,27.47,749.8,21.43,44.17
"2026-02-25 15:30:00",549775,13.59,27.66,749.7,21.64,42.81
"2026-02-25 15:35:00",549776,13.59,27.93,749.6,21.54,41.73
"2026-02-25 15:40:00",549777,13.59,28.24,749.5,21.24,42.21
"2026-02-25 15:45:00",549778,13.56,28.48,749.5,21.93,44.36
"2026-02-25 15:50:00",549779,13.56,28.64,749.4,21.23,43.31
"2026-02-25 15:55:00",549780,13.56,28.61,749.4,21.1,43.87
"2026-02-25 16:00:00",549781,13.56,28.42,749.4,20.92,44.88
"2026-02-25 16:05:00",549782,13.56,28.13,749.3,20.82,45.63
"2026-02-25 16:10:00",549783,13.56,27.85,749.2,21.08,44.77
"2026-02-25 16:15:00",549784,13.56,27.61,749.2,21.09,43.74
"2026-02-25 16:20:00",549785,13.56,27.41,749.2,21.04,45.31
"2026-02-25 16:25:00",549786,13.56,27.18,749.2,20.54,46.04
"2026-02-25 16:30:00",549787,13.56,26.9,749.2,20.79,44.41
"2026-02-25 16:35:00",549788,13.56,26.71,749.1,21,45.02
"2026-02-25 16:40:00",549789,13.56,26.62,749.1,21.57,43.38
"2026-02-25 16:45:00",549790,13.56,26.64,749,21.1,44.26
"2026-02-25 16:50:00",549791,13.56,26.68,749,21.34,45.18
"2026-02-25 16:55:00",549792,13.56,26.74,749,21.79,44.34
"2026-02-25 17:00:00",549793,13.56,26.82,748.9,21.61,42.84
"2026-02-25 17:05:00",549794,13.57,26.83,748.9,21.06,43.93
"2026-02-25 17:10:00",549795,13.56,26.84,748.8,21.31,43.51
"2026-02-25 17:15:00",549796,13.56,26.95,748.8,21.13,42.33
"2026-02-25 17:20:00",549797,13.56,27.09,748.8,21.34,42.39
"2026-02-25 17:25:00",549798,13.57,27.23,748.8,22.19,42.58
"2026-02-25 17:30:00",549799,13.57,27.34,748.8,21.69,41.2
"2026-02-25 17:35:00",549800,13.57,27.22,748.8,21.68,42.01
"2026-02-25 17:40:00",549801,13.56,27.15,748.8,21.47,41.21
"2026-02-25 17:45:00",549802,13.57,27.11,748.7,21.55,40.5
"2026-02-25 17:50:00",549803,13.56,27.1,748.8,21.67,41.23
"2026-02-25 17:55:00",549804,13.56,27.06,748.8,21.39,44.87
"2026-02-25 18:00:00",549805,13.56,26.84,748.9,20.99,43.35
"2026-02-25 18:05:00",549806,13.56,26.38,748.9,20.56,44.13
"2026-02-25 18:10:00",549807,13.5,25.79,748.9,20.15,46.95
"2026-02-25 18:15:00",549808,13.42,24.99,749,19.74,51.11
"2026-02-25 18:20:00",549809,13.33,24.31,749,19.39,52.34
"2026-02-25 18:25:00",549810,13.22,23.7,749.1,19.19,53.37
"2026-02-25 18:30:00",549811,13.12,23.15,749.1,19.1,54.25
"2026-02-25 18:35:00",549812,13.01,22.63,749.1,18.97,53.49
"2026-02-25 18:40:00",549813,12.95,22.18,749.2,18.83,54.71
"2026-02-25 18:45:00",549814,12.93,21.77,749.3,18.71,56.26
"2026-02-25 18:50:00",549815,12.91,21.42,749.3,18.59,56.05
"2026-02-25 18:55:00",549816,12.9,21.1,749.4,18.51,56.56
"2026-02-25 19:00:00",549817,12.9,20.79,749.4,18.41,56.55
"2026-02-25 19:05:00",549818,12.89,20.48,749.6,18.25,58.05
"2026-02-25 19:10:00",549819,12.89,20.24,749.7,18.04,59.53
"2026-02-25 19:15:00",549820,12.88,20.05,749.8,17.99,59.1
"2026-02-25 19:20:00",549821,12.88,19.87,749.8,18.03,59.23
"2026-02-25 19:25:00",549822,12.88,19.74,749.8,18.13,58.45
"2026-02-25 19:30:00",549823,12.87,19.65,749.9,18.15,58.43
"2026-02-25 19:35:00",549824,12.87,19.57,749.9,18.07,59.08
"2026-02-25 19:40:00",549825,12.87,19.46,750,18.01,59.74
"2026-02-25 19:45:00",549826,12.87,19.37,750,17.91,59.75
"2026-02-25 19:50:00",549827,12.86,19.23,750,17.85,60.01
"2026-02-25 19:55:00",549828,12.86,19.12,750.1,17.82,59.83
"2026-02-25 20:00:00",549829,12.85,19,750.2,17.69,62.06
"2026-02-25 20:05:00",549830,12.85,18.91,750.2,17.52,65.83
"2026-02-25 20:10:00",549831,12.85,18.78,750.3,17.25,63.95
"2026-02-25 20:15:00",549832,12.86,18.66,750.3,17.05,63.62
"2026-02-25 20:20:00",549833,12.86,18.48,750.4,17.02,65.24
"2026-02-25 20:25:00",549834,12.86,18.34,750.5,16.93,65.64
"2026-02-25 20:30:00",549835,12.86,18.23,750.5,16.96,65.02
"2026-02-25 20:35:00",549836,12.85,18.07,750.5,16.74,66.72
"2026-02-25 20:40:00",549837,12.85,17.97,750.5,16.59,67.49
"2026-02-25 20:45:00",549838,12.85,17.83,750.6,16.5,67.64
"2026-02-25 20:50:00",549839,12.85,17.71,750.6,16.46,67.08
"2026-02-25 20:55:00",549840,12.85,17.58,750.6,16.32,67.88
"2026-02-25 21:00:00",549841,12.85,17.45,750.7,16.22,67.8
"2026-02-25 21:05:00",549842,12.84,17.35,750.8,16.11,69.09
"2026-02-25 21:10:00",549843,12.84,17.23,750.9,16.03,69.04
"2026-02-25 21:15:00",549844,12.84,17.12,750.9,15.9,69.07
"2026-02-25 21:20:00",549845,12.84,16.99,751,15.8,69.98
"2026-02-25 21:25:00",549846,12.83,16.84,751.1,15.68,71.37
"2026-02-25 21:30:00",549847,12.83,16.68,751.1,15.69,70.83
"2026-02-25 21:35:00",549848,12.83,16.59,751.2,15.7,68.11
"2026-02-25 21:40:00",549849,12.83,16.49,751.3,15.79,67.95
"2026-02-25 21:45:00",549850,12.83,16.44,751.3,15.94,66.26
"2026-02-25 21:50:00",549851,12.82,16.41,751.4,16.09,66.25
"2026-02-25 21:55:00",549852,12.82,16.4,751.4,16.04,65.63
"2026-02-25 22:00:00",549853,12.82,16.39,751.4,15.94,66.34
"2026-02-25 22:05:00",549854,12.82,16.39,751.4,15.84,66.88
"2026-02-25 22:10:00",549855,12.82,16.39,751.5,15.91,65.11
"2026-02-25 22:15:00",549856,12.81,16.38,751.5,15.76,65.81
"2026-02-25 22:20:00",549857,12.8,16.34,751.6,15.73,66.13
"2026-02-25 22:25:00",549858,12.8,16.3,751.6,15.6,66.55
"2026-02-25 22:30:00",549859,12.8,16.25,751.7,15.44,68.7
"2026-02-25 22:35:00",549860,12.8,16.19,751.6,15.34,71.05
"2026-02-25 22:40:00",549861,12.8,16.15,751.7,15.2,73.33
"2026-02-25 22:45:00",549862,12.8,16.05,751.7,14.91,76.77
"2026-02-25 22:50:00",549863,12.8,15.96,751.6,14.69,75.94
"2026-02-25 22:55:00",549864,12.79,15.86,751.6,14.76,75.03
"2026-02-25 23:00:00",549865,12.79,15.76,751.6,14.76,75.43
"2026-02-25 23:05:00",549866,12.79,15.67,751.6,14.67,75.66
"2026-02-25 23:10:00",549867,12.79,15.51,751.6,14.74,75.36
"2026-02-25 23:15:00",549868,12.79,15.44,751.6,14.77,74.52
"2026-02-25 23:20:00",549869,12.79,15.42,751.5,14.87,73.75
"2026-02-25 23:25:00",549870,12.78,15.41,751.5,14.89,73.89
"2026-02-25 23:30:00",549871,12.79,15.37,751.5,14.88,73.41
"2026-02-25 23:35:00",549872,12.78,15.33,751.4,14.67,74.54
"2026-02-25 23:40:00",549873,12.78,15.26,751.4,14.68,75.24
"2026-02-25 23:45:00",549874,12.78,15.19,751.3,14.51,75.26
"2026-02-25 23:50:00",549875,12.78,15.11,751.3,14.34,74.83
"2026-02-25 23:55:00",549876,12.78,15.04,751.2,14.31,75.11
"2026-02-26 00:00:00",549877,12.78,14.95,751.2,14.32,75.39
"2026-02-26 00:05:00",549878,12.77,14.85,751.1,14.43,73.61
"2026-02-26 00:10:00",549879,12.77,14.76,751.1,14.27,74.87
"2026-02-26 00:15:00",549880,12.77,14.69,751.1,14.43,73.72
"2026-02-26 00:20:00",549881,12.77,14.64,751.1,14.52,73.57
"2026-02-26 00:25:00",549882,12.77,14.6,751.1,14.58,73.64
"2026-02-26 00:30:00",549883,12.77,14.57,751.1,14.53,74
"2026-02-26 00:35:00",549884,12.76,14.56,751,14.47,74.35
"2026-02-26 00:40:00",549885,12.76,14.56,751.1,14.39,75.52
"2026-02-26 00:45:00",549886,12.76,14.55,751,14.24,77.11
"2026-02-26 00:50:00",549887,12.76,14.52,751,14.03,78.59
"2026-02-26 00:55:00",549888,12.76,14.49,751,13.89,80.3
"2026-02-26 01:00:00",549889,12.75,14.42,751,13.56,81.2
"2026-02-26 01:05:00",549890,12.75,14.32,751,13.57,80.3
"2026-02-26 01:10:00",549891,12.75,14.22,751,13.52,80.6
"2026-02-26 01:15:00",549892,12.75,14.09,750.9,13.58,80.5
"2026-02-26 01:20:00",549893,12.74,13.99,750.9,13.49,81.2
"2026-02-26 01:25:00",549894,12.75,13.9,750.9,13.35,81.7
"2026-02-26 01:30:00",549895,12.74,13.81,750.9,13.41,82.5
"2026-02-26 01:35:00",549896,12.74,13.73,750.8,13.12,82.9
"2026-02-26 01:40:00",549897,12.74,13.6,750.9,13.02,83
"2026-02-26 01:45:00",549898,12.74,13.51,750.8,12.92,84.4
"2026-02-26 01:50:00",549899,12.73,13.43,750.8,12.88,85
"2026-02-26 01:55:00",549900,12.73,13.28,750.8,12.84,85.2
"2026-02-26 02:00:00",549901,12.73,13.16,750.8,12.8,84.7
"2026-02-26 02:05:00",549902,12.73,13.05,750.7,12.7,86.1
"2026-02-26 02:10:00",549903,12.73,12.96,750.7,12.86,85.4
"2026-02-26 02:15:00",549904,12.72,12.89,750.7,12.96,84.7
"2026-02-26 02:20:00",549905,12.72,12.81,750.7,13.02,84.2
"2026-02-26 02:25:00",549906,12.72,12.75,750.7,13.01,84.2
"2026-02-26 02:30:00",549907,12.71,12.7,750.6,12.86,84.4
"2026-02-26 02:35:00",549908,12.71,12.66,750.6,12.77,85.3
"2026-02-26 02:40:00",549909,12.71,12.63,750.6,12.73,85.2
"2026-02-26 02:45:00",549910,12.71,12.61,750.6,12.7,85.8
"2026-02-26 02:50:00",549911,12.7,12.59,750.6,12.52,86.8
"2026-02-26 02:55:00",549912,12.7,12.55,750.6,12.36,87.6
"2026-02-26 03:00:00",549913,12.7,12.5,750.6,12.28,88
"2026-02-26 03:05:00",549914,12.69,12.46,750.6,12.08,86.9
"2026-02-26 03:10:00",549915,12.69,12.39,750.6,12.1,85.8
"2026-02-26 03:15:00",549916,12.69,12.35,750.6,12.11,84.5
"2026-02-26 03:20:00",549917,12.69,12.31,750.6,12.32,84.5
"2026-02-26 03:25:00",549918,12.68,12.28,750.6,12.59,84.5
"2026-02-26 03:30:00",549919,12.68,12.3,750.6,12.56,83.7
"2026-02-26 03:35:00",549920,12.68,12.33,750.6,12.48,84.2
"2026-02-26 03:40:00",549921,12.67,12.38,750.7,12.32,86.2
"2026-02-26 03:45:00",549922,12.67,12.42,750.7,12.03,87.8
"2026-02-26 03:50:00",549923,12.67,12.44,750.7,11.99,88.4
"2026-02-26 03:55:00",549924,12.66,12.42,750.8,11.94,88.5
"2026-02-26 04:00:00",549925,12.66,12.4,750.8,11.93,88.4
"2026-02-26 04:05:00",549926,12.66,12.37,750.9,11.86,89
"2026-02-26 04:10:00",549927,12.66,12.37,750.9,11.82,89.1
"2026-02-26 04:15:00",549928,12.65,12.33,750.9,11.94,88.6
"2026-02-26 04:20:00",549929,12.65,12.35,751,12.05,88.4
"2026-02-26 04:25:00",549930,12.65,12.36,751,12.1,87.5
"2026-02-26 04:30:00",549931,12.64,12.37,751.1,12.15,87.8
"2026-02-26 04:35:00",549932,12.64,12.4,751.1,12.06,88.4
"2026-02-26 04:40:00",549933,12.64,12.3,751.1,12,89
"2026-02-26 04:45:00",549934,12.63,12.29,751.1,12.01,88.6
"2026-02-26 04:50:00",549935,12.63,12.28,751.2,12.16,88.4
"2026-02-26 04:55:00",549936,12.63,12.32,751.1,12.2,88.4
"2026-02-26 05:00:00",549937,12.62,12.34,751.2,12.12,88.1
"2026-02-26 05:05:00",549938,12.62,12.38,751.2,12.16,88.2
"2026-02-26 05:10:00",549939,12.62,12.43,751.2,12.16,88
"2026-02-26 05:15:00",549940,12.61,12.47,751.2,12.26,87.7
"2026-02-26 05:20:00",549941,12.61,12.52,751.2,12.23,87.3
"2026-02-26 05:25:00",549942,12.6,12.59,751.2,12.14,87.7
"2026-02-26 05:30:00",549943,12.6,12.65,751.2,12.14,87.6
"2026-02-26 05:35:00",549944,12.6,12.7,751.2,12.16,87.6
"2026-02-26 05:40:00",549945,12.59,12.75,751.3,12.11,87.7
"2026-02-26 05:45:00",549946,12.59,12.77,751.3,12.07,88
"2026-02-26 05:50:00",549947,12.59,12.74,751.3,11.98,88.3
"2026-02-26 05:55:00",549948,12.58,12.73,751.4,12.02,88.2
"2026-02-26 06:00:00",549949,12.58,12.7,751.4,12.05,87.9
"2026-02-26 06:05:00",549950,12.57,12.68,751.4,11.96,88.2
"2026-02-26 06:10:00",549951,12.57,12.63,751.4,11.79,88.6
"2026-02-26 06:15:00",549952,12.56,12.59,751.4,11.71,89.3
"2026-02-26 06:20:00",549953,12.57,12.55,751.5,11.79,88.9
"2026-02-26 06:25:00",549954,12.57,12.49,751.5,11.82,89.2
"2026-02-26 06:30:00",549955,12.58,12.45,751.5,11.86,89
"2026-02-26 06:35:00",549956,12.6,12.42,751.5,12.12,88.1
"2026-02-26 06:40:00",549957,12.62,12.42,751.6,12.14,87.3
"2026-02-26 06:45:00",549958,12.69,12.46,751.7,12.34,86.4
"2026-02-26 06:50:00",549959,12.77,12.52,751.7,12.64,84.2
"2026-02-26 06:55:00",549960,12.98,12.71,751.7,12.81,83.7
"2026-02-26 07:00:00",549961,13.24,12.99,751.8,12.9,84.1
"2026-02-26 07:05:00",549962,13.51,13.34,751.8,12.85,84.2
"2026-02-26 07:10:00",549963,13.66,13.77,751.9,13.25,82.6
"2026-02-26 07:15:00",549964,13.76,14.29,751.9,13.63,80.7
"2026-02-26 07:20:00",549965,13.86,14.86,752,14.25,77.56
"2026-02-26 07:25:00",549966,13.94,15.66,752.1,14.78,75.65
"2026-02-26 07:30:00",549967,13.82,17.04,752.1,15.02,74.77
"2026-02-26 07:35:00",549968,13.82,17.86,752.2,15.4,73.74
"2026-02-26 07:40:00",549969,13.79,18.57,752.3,15.94,69.46
"2026-02-26 07:45:00",549970,13.76,19.27,752.3,16.39,69.8
"2026-02-26 07:50:00",549971,13.76,19.92,752.3,16.46,69.38
"2026-02-26 07:55:00",549972,13.73,20.55,752.4,16.16,70.02
"2026-02-26 08:00:00",549973,13.73,21.01,752.4,16.14,70.48
"2026-02-26 08:05:00",549974,13.73,21.33,752.5,15.93,71.71
"2026-02-26 08:10:00",549975,13.73,21.55,752.5,16.84,69.83
"2026-02-26 08:15:00",549976,13.71,21.9,752.5,17.42,67.08
"2026-02-26 08:20:00",549977,13.71,22.37,752.6,18.21,63.67
"2026-02-26 08:25:00",549978,13.71,22.92,752.6,17.26,65.2
"2026-02-26 08:30:00",549979,13.68,23.43,752.6,18.12,63.35
"2026-02-26 08:35:00",549980,13.68,23.94,752.6,18.03,61.79
"2026-02-26 08:40:00",549981,13.65,24.42,752.6,18.01,62.32
"2026-02-26 08:45:00",549982,13.65,24.92,752.6,18.59,59.8
"2026-02-26 08:50:00",549983,13.63,25.44,752.6,19.64,57.74
"2026-02-26 08:55:00",549984,13.63,25.95,752.6,19,58.74
"2026-02-26 09:00:00",549985,13.63,26.37,752.5,19.86,57.04
"2026-02-26 09:05:00",549986,13.6,26.8,752.6,20.46,54.36
"2026-02-26 09:10:00",549987,13.6,27.23,752.6,19.14,58.7
"2026-02-26 09:15:00",549988,13.6,27.56,752.6,19.15,57.24
"2026-02-26 09:20:00",549989,13.57,27.76,752.5,19.36,58.28
"2026-02-26 09:25:00",549990,13.58,27.94,752.5,18.44,58.93
"2026-02-26 09:30:00",549991,13.57,28.09,752.5,19.2,56.85
"2026-02-26 09:35:00",549992,13.58,28.31,752.5,19.43,55.72
"2026-02-26 09:40:00",549993,13.58,28.52,752.4,20.22,52.74
"2026-02-26 09:45:00",549994,13.58,28.88,752.4,21.01,50.91
"2026-02-26 09:50:00",549995,13.55,29.23,752.4,19.8,53.52
"2026-02-26 09:55:00",549996,13.55,29.48,752.4,20.24,53.77
"2026-02-26 10:00:00",549997,13.55,29.69,752.2,20.3,53.62
"2026-02-26 10:05:00",549998,13.55,29.93,752.2,20.89,50.96
"2026-02-26 10:10:00",549999,13.55,30.17,752.1,20.52,52.53
"2026-02-26 10:15:00",550000,13.53,30.35,752,21,49.84
"2026-02-26 10:20:00",550001,13.53,30.56,752,21.1,50.1
"2026-02-26 10:25:00",550002,13.53,30.76,752,21.04,47.88
"2026-02-26 10:30:00",550003,13.53,30.91,751.9,20.96,49.58
"2026-02-26 10:35:00",550004,13.53,31.01,751.8,21.11,47.89
"2026-02-26 10:40:00",550005,13.53,31.14,751.8,21.85,46.33
"2026-02-26 10:45:00",550006,13.51,31.34,751.7,21.85,45.88
"2026-02-26 10:50:00",550007,13.51,31.54,751.7,22.23,43.91
"2026-02-26 10:55:00",550008,13.51,31.79,751.6,22.07,46.2
"2026-02-26 11:00:00",550009,13.51,31.99,751.5,22.47,44.61
"2026-02-26 11:05:00",550010,13.51,32.16,751.4,22.72,45.54
"2026-02-26 11:10:00",550011,13.51,32.35,751.3,23.53,41.24
"2026-02-26 11:15:00",550012,13.49,32.58,751.2,23.01,42.38
"2026-02-26 11:20:00",550013,13.49,32.67,751.1,22.61,43.7
"2026-02-26 11:25:00",550014,13.49,32.82,751,22.54,43.72
"2026-02-26 11:30:00",550015,13.48,32.96,750.9,22.85,43.43
"2026-02-26 11:35:00",550016,13.49,33.06,750.8,23.39,42.1
"2026-02-26 11:40:00",550017,13.49,33.07,750.7,22.47,43.52
"2026-02-26 11:45:00",550018,13.49,33,750.6,23.04,41.09
"2026-02-26 11:50:00",550019,13.49,32.91,750.5,23.61,40.66
"2026-02-26 11:55:00",550020,13.49,32.87,750.5,22.44,41.77
"2026-02-26 12:00:00",550021,13.49,32.78,750.3,23.01,39.55
"2026-02-26 12:05:00",550022,13.49,32.72,750.2,22.99,40.33
"2026-02-26 12:10:00",550023,13.49,32.72,750.1,23.29,41.02
"2026-02-26 12:15:00",550024,13.48,32.78,750,24.64,38.93
"2026-02-26 12:20:00",550025,13.49,32.88,749.9,24.03,40.84
"2026-02-26 12:25:00",550026,13.49,32.86,749.9,23.18,40.55
"2026-02-26 12:30:00",550027,13.49,32.81,749.7,23.81,38.85
"2026-02-26 12:35:00",550028,13.49,32.8,749.6,24.17,39.48
"2026-02-26 12:40:00",550029,13.49,32.79,749.4,24.22,37.97
"2026-02-26 12:45:00",550030,13.49,32.8,749.3,25.08,37
"2026-02-26 12:50:00",550031,13.49,32.88,749.2,25.6,35.59
"2026-02-26 12:55:00",550032,13.49,32.96,749.2,24.93,35.65
"2026-02-26 13:00:00",550033,13.49,32.87,749,24.85,36.38
"2026-02-26 13:05:00",550034,13.49,32.79,748.9,24.04,35.17
"2026-02-26 13:10:00",550035,13.49,32.66,748.8,25.67,33.25
"2026-02-26 13:15:00",550036,13.49,32.64,748.7,25.9,33.14
"2026-02-26 13:20:00",550037,13.49,32.7,748.6,24.63,34.73
"2026-02-26 13:25:00",550038,13.49,32.66,748.6,24.7,37.39
"2026-02-26 13:30:00",550039,13.49,32.6,748.4,25.69,33.05
"2026-02-26 13:35:00",550040,13.49,32.57,748.3,25.75,34.8
"2026-02-26 13:40:00",550041,13.49,32.55,748.2,25.96,32.74
"2026-02-26 13:45:00",550042,13.49,32.58,748.1,25.44,34.24
"2026-02-26 13:50:00",550043,13.49,32.56,748,26.43,33.45
"2026-02-26 13:55:00",550044,13.49,32.58,747.9,26.33,32.94
"2026-02-26 14:00:00",550045,13.49,32.61,747.8,25.89,33.27
"2026-02-26 14:05:00",550046,13.49,32.59,747.7,25.95,33.54
"2026-02-26 14:10:00",550047,13.49,32.64,747.6,26.36,32.03
"2026-02-26 14:15:00",550048,13.49,32.75,747.5,27.13,31.83
"2026-02-26 14:20:00",550049,13.49,32.92,747.4,27.62,30.45
"2026-02-26 14:25:00",550050,13.49,33.13,747.4,26.34,30.41
"2026-02-26 14:30:00",550051,13.49,33.23,747.3,26.62,31.25
"2026-02-26 14:35:00",550052,13.46,33.27,747.1,25.99,32.88
"2026-02-26 14:40:00",550053,13.47,33.32,747,27.23,31.37
"2026-02-26 14:45:00",550054,13.47,33.44,746.9,26.87,30.11
"2026-02-26 14:50:00",550055,13.47,33.6,746.8,27.67,28.61
"2026-02-26 14:55:00",550056,13.47,33.78,746.8,27.39,27.5
"2026-02-26 15:00:00",550057,13.47,33.86,746.7,27.3,28.99
"2026-02-26 15:05:00",550058,13.47,33.9,746.6,26.87,29.23
"2026-02-26 15:10:00",550059,13.46,33.89,746.6,26.36,29.6
"2026-02-26 15:15:00",550060,13.47,33.84,746.5,26.79,30.82
"2026-02-26 15:20:00",550061,13.47,33.9,746.4,27.73,28.21
"2026-02-26 15:25:00",550062,13.47,34.05,746.4,27.27,27.93
"2026-02-26 15:30:00",550063,13.47,34.24,746.2,27.82,27.05
"2026-02-26 15:35:00",550064,13.47,34.47,746.1,28.07,26.73
"2026-02-26 15:40:00",550065,13.47,34.76,746,27.82,26.98
"2026-02-26 15:45:00",550066,13.44,34.97,745.9,27.06,28.02
"2026-02-26 15:50:00",550067,13.44,35,745.9,27.4,25.75
"2026-02-26 15:55:00",550068,13.44,35.03,745.8,27.45,23.82
"2026-02-26 16:00:00",550069,13.45,35.06,745.7,27.16,23.94
"2026-02-26 16:05:00",550070,13.44,35.06,745.7,27.55,23.31
"2026-02-26 16:10:00",550071,13.45,35.1,745.7,28.28,23.15
"2026-02-26 16:15:00",550072,13.45,35.22,745.6,27.97,21.6
"2026-02-26 16:20:00",550073,13.44,35.41,745.6,28.97,23.54
"2026-02-26 16:25:00",550074,13.45,35.66,745.6,28.82,22.07
"2026-02-26 16:30:00",550075,13.44,35.87,745.5,28.23,22.27
"2026-02-26 16:35:00",550076,13.42,35.9,745.5,28.04,23.13
"2026-02-26 16:40:00",550077,13.42,35.96,745.4,27.96,22.19
"2026-02-26 16:45:00",550078,13.42,35.85,745.4,27.21,22.94
"2026-02-26 16:50:00",550079,13.42,35.6,745.3,27.83,21.97
"2026-02-26 16:55:00",550080,13.42,35.38,745.3,27.32,20.51
"2026-02-26 17:00:00",550081,13.42,35.22,745.3,27.49,20.59
"2026-02-26 17:05:00",550082,13.42,35.03,745.3,27.55,22.02
"2026-02-26 17:10:00",550083,13.42,34.76,745.3,28.07,21.6
"2026-02-26 17:15:00",550084,13.42,34.46,745.3,27.34,22.74
"2026-02-26 17:20:00",550085,13.42,34.08,745.3,27.03,21.4
"2026-02-26 17:25:00",550086,13.42,33.66,745.2,26.79,22.22
"2026-02-26 17:30:00",550087,13.42,33.22,745.2,26.86,22.71
"2026-02-26 17:35:00",550088,13.42,32.78,745.3,26.24,22.63
"2026-02-26 17:40:00",550089,13.42,32.32,745.4,26.09,22.66
"2026-02-26 17:45:00",550090,13.44,31.86,745.4,26.05,22.72
"2026-02-26 17:50:00",550091,13.44,31.44,745.5,26.11,25.38
"2026-02-26 17:55:00",550092,13.47,31.1,745.6,26.24,26.86
"2026-02-26 18:00:00",550093,13.46,30.8,745.5,26.2,23.49
"2026-02-26 18:05:00",550094,13.45,30.29,745.6,26.03,25.34
"2026-02-26 18:10:00",550095,13.41,29.88,745.6,25.79,28.19
"2026-02-26 18:15:00",550096,13.37,29.59,745.7,25.59,30.55
"2026-02-26 18:20:00",550097,13.28,29.33,745.7,25.28,32.34
"2026-02-26 18:25:00",550098,13.17,29.08,745.8,25.04,33.46
"2026-02-26 18:30:00",550099,13.08,28.73,745.9,24.68,34.5
"2026-02-26 18:35:00",550100,13.02,28.27,746,24.41,38.52
"2026-02-26 18:40:00",550101,12.97,27.85,746.1,24.21,38.33
"2026-02-26 18:45:00",550102,12.94,27.45,746.3,24.05,38.35
"2026-02-26 18:50:00",550103,12.91,27.06,746.3,23.52,41.69
"2026-02-26 18:55:00",550104,12.9,26.64,746.3,23.33,42.84
"2026-02-26 19:00:00",550105,12.9,26.24,746.4,23.2,43.34
"2026-02-26 19:05:00",550106,12.89,25.82,746.4,23.18,44.02
"2026-02-26 19:10:00",550107,12.89,25.47,746.5,23.05,45.29
"2026-02-26 19:15:00",550108,12.88,25.2,746.5,22.8,46.42
"2026-02-26 19:20:00",550109,12.88,24.95,746.6,22.63,47.45
"2026-02-26 19:25:00",550110,12.87,24.7,746.6,22.5,48.07
"2026-02-26 19:30:00",550111,12.87,24.48,746.7,22.33,48.62
"2026-02-26 19:35:00",550112,12.87,24.24,746.8,22.21,49.33
"2026-02-26 19:40:00",550113,12.86,24.03,746.7,22.09,49.89
"2026-02-26 19:45:00",550114,12.86,23.85,746.8,21.77,50.98
"2026-02-26 19:50:00",550115,12.86,23.66,746.8,21.67,51.66
"2026-02-26 19:55:00",550116,12.86,23.47,746.9,21.55,51.83
"2026-02-26 20:00:00",550117,12.85,23.3,747,21.61,50.71
"2026-02-26 20:05:00",550118,12.85,23.13,747,21.48,50.6
"2026-02-26 20:10:00",550119,12.84,22.99,747.1,21.49,50.28
"2026-02-26 20:15:00",550120,12.84,22.89,747.1,21.45,50.18
"2026-02-26 20:20:00",550121,12.84,22.83,747.1,21.49,50
"2026-02-26 20:25:00",550122,12.84,22.76,747.2,21.4,50.83
"2026-02-26 20:30:00",550123,12.84,22.7,747.2,21.27,51.51
"2026-02-26 20:35:00",550124,12.84,22.62,747.3,21.19,51.81
"2026-02-26 20:40:00",550125,12.83,22.52,747.3,21.01,52.85
"2026-02-26 20:45:00",550126,12.83,22.41,747.4,20.76,53.75
"2026-02-26 20:50:00",550127,12.83,22.31,747.4,20.54,54.71
"2026-02-26 20:55:00",550128,12.83,22.16,747.4,20.46,55.07
"2026-02-26 21:00:00",550129,12.83,22,747.5,20.38,55.37
"2026-02-26 21:05:00",550130,12.82,21.83,747.6,20.31,55.67
"2026-02-26 21:10:00",550131,12.83,21.69,747.7,20.19,56.26
"2026-02-26 21:15:00",550132,12.82,21.55,747.6,20.17,56.01
"2026-02-26 21:20:00",550133,12.82,21.35,747.7,20.27,55.35
"2026-02-26 21:25:00",550134,12.82,21.22,747.8,20.12,56.31
"2026-02-26 21:30:00",550135,12.82,21.11,747.9,19.96,56.47
"2026-02-26 21:35:00",550136,12.82,21.02,748,19.95,56.69
"2026-02-26 21:40:00",550137,12.82,20.95,748.1,19.99,57.22
"2026-02-26 21:45:00",550138,12.81,20.84,748.1,19.71,58.03
"2026-02-26 21:50:00",550139,12.81,20.73,748.2,19.62,58.56
"2026-02-26 21:55:00",550140,12.81,20.62,748.2,19.37,59.77
"2026-02-26 22:00:00",550141,12.81,20.54,748.3,19.32,59.34
"2026-02-26 22:05:00",550142,12.81,20.44,748.3,19.26,59.42
"2026-02-26 22:10:00",550143,12.8,20.35,748.3,19.32,59.46
"2026-02-26 22:15:00",550144,12.8,20.27,748.4,19.47,58.72
"2026-02-26 22:20:00",550145,12.8,20.24,748.4,19.64,58.2
"2026-02-26 22:25:00",550146,12.8,20.18,748.4,19.61,58.5
"2026-02-26 22:30:00",550147,12.8,20.13,748.4,19.18,60.47
"2026-02-26 22:35:00",550148,12.8,20.06,748.4,18.98,60.77
"2026-02-26 22:40:00",550149,12.79,19.99,748.4,19.39,58.47
"2026-02-26 22:45:00",550150,12.79,19.94,748.5,19.48,58.39
"2026-02-26 22:50:00",550151,12.79,19.91,748.5,19.29,59.88
"2026-02-26 22:55:00",550152,12.79,19.84,748.5,18.96,62.18
"2026-02-26 23:00:00",550153,12.79,19.76,748.6,18.55,63.52
"2026-02-26 23:05:00",550154,12.79,19.67,748.6,18.36,64.53
"2026-02-26 23:10:00",550155,12.78,19.59,748.6,18.3,64.4
"2026-02-26 23:15:00",550156,12.78,19.51,748.6,18.24,64.92
"2026-02-26 23:20:00",550157,12.78,19.43,748.5,18.19,65.48
"2026-02-26 23:25:00",550158,12.78,19.34,748.5,18.14,65.91
"2026-02-26 23:30:00",550159,12.78,19.25,748.4,18.2,66.51
"2026-02-26 23:35:00",550160,12.78,19.18,748.4,18.07,66.66
"2026-02-26 23:40:00",550161,12.77,19.15,748.5,17.7,68.45
"2026-02-26 23:45:00",550162,12.77,19.09,748.5,17.47,69.31
"2026-02-26 23:50:00",550163,12.77,19.02,748.4,17.61,68.84
"2026-02-26 23:55:00",550164,12.77,18.95,748.4,17.67,67.74
"2026-02-27 00:00:00",550165,12.77,18.89,748.4,17.79,67.32
"2026-02-27 00:05:00",550166,12.79,18.85,748.4,17.74,66.61
"2026-02-27 00:10:00",550167,12.79,18.75,748.4,17.77,66.85
"2026-02-27 00:15:00",550168,12.79,18.69,748.4,17.95,65.43
"2026-02-27 00:20:00",550169,12.78,18.69,748.4,18.03,65.98
"2026-02-27 00:25:00",550170,12.78,18.63,748.4,17.91,66.61
"2026-02-27 00:30:00",550171,12.78,18.66,748.4,17.92,66.46
"2026-02-27 00:35:00",550172,12.78,18.73,748.4,17.95,66.58
"2026-02-27 00:40:00",550173,12.78,18.79,748.4,18.17,65.68
"2026-02-27 00:45:00",550174,12.78,18.87,748.4,18.31,65.56
"2026-02-27 00:50:00",550175,12.78,18.98,748.3,18.5,62.61
"2026-02-27 00:55:00",550176,12.78,19.07,748.3,18.86,60.9
"2026-02-27 01:00:00",550177,12.77,19.16,748.2,18.88,59.99
"2026-02-27 01:05:00",550178,12.77,19.25,748.2,18.88,60.45
"2026-02-27 01:10:00",550179,12.77,19.26,748.2,18.7,60.87
"2026-02-27 01:15:00",550180,12.77,19.28,748.2,18.62,61.19
"2026-02-27 01:20:00",550181,12.77,19.3,748.3,18.5,61.8
"2026-02-27 01:25:00",550182,12.77,19.27,748.3,17.55,69.47
"2026-02-27 01:30:00",550183,12.77,19.22,748.3,17.55,68.71
"2026-02-27 01:35:00",550184,12.76,19.11,748.3,17.26,70.17
"2026-02-27 01:40:00",550185,12.76,19.01,748.3,17.32,68.79
"2026-02-27 01:45:00",550186,12.76,18.92,748.4,17.39,68.27
"2026-02-27 01:50:00",550187,12.76,18.85,748.3,17.44,68.54
"2026-02-27 01:55:00",550188,12.76,18.8,748.3,17.41,68.63
"2026-02-27 02:00:00",550189,12.75,18.74,748.3,17.41,68.48
"2026-02-27 02:05:00",550190,12.75,18.71,748.2,17.51,67.39
"2026-02-27 02:10:00",550191,12.74,18.69,748.2,17.72,65.37
"2026-02-27 02:15:00",550192,12.74,18.68,748.2,17.77,64.99
"2026-02-27 02:20:00",550193,12.74,18.68,748.1,17.68,65
"2026-02-27 02:25:00",550194,12.74,18.72,748.1,17.63,65.41
"2026-02-27 02:30:00",550195,12.74,18.4,748.1,17.52,65.45
"2026-02-27 02:35:00",550196,12.74,18.29,748.1,17.4,65.72
"2026-02-27 02:40:00",550197,12.73,18.2,748.1,17.3,65.7
"2026-02-27 02:45:00",550198,12.74,18.12,748.1,17.22,66.07
"2026-02-27 02:50:00",550199,12.73,18,748.1,17.14,66.2
"2026-02-27 02:55:00",550200,12.73,17.93,748.2,17.09,66.99
"2026-02-27 03:00:00",550201,12.73,17.84,748.1,17.1,67.58
"2026-02-27 03:05:00",550202,12.73,17.79,748.1,17.17,67.03
"2026-02-27 03:10:00",550203,12.73,17.74,748.1,17.22,66.37
"2026-02-27 03:15:00",550204,12.72,17.71,748.1,17.16,66.68
"2026-02-27 03:20:00",550205,12.72,17.66,748.1,17.07,67.39
"2026-02-27 03:25:00",550206,12.72,17.62,748.2,16.98,67.67
"2026-02-27 03:30:00",550207,12.72,17.58,748.1,16.95,67.17
"2026-02-27 03:35:00",550208,12.72,17.54,748.1,17.17,66.56
"2026-02-27 03:40:00",550209,12.72,17.53,748.1,17.15,67.82
"2026-02-27 03:45:00",550210,12.72,17.52,748,16.98,68.78
"2026-02-27 03:50:00",550211,12.72,17.5,748,16.9,68.18
"2026-02-27 03:55:00",550212,12.71,17.48,748.1,16.95,66.99
"2026-02-27 04:00:00",550213,12.71,17.45,748,16.89,70.42
"2026-02-27 04:05:00",550214,12.71,17.4,748,16.71,71.74
"2026-02-27 04:10:00",550215,12.71,17.31,748,16.56,72.37
"2026-02-27 04:15:00",550216,12.7,17.2,748,16.46,72.93
"2026-02-27 04:20:00",550217,12.7,17.09,748.1,16.38,73.94
"2026-02-27 04:25:00",550218,12.7,16.97,748.1,16.32,74.46
"2026-02-27 04:30:00",550219,12.7,16.88,748.1,16.26,75.19
"2026-02-27 04:35:00",550220,12.7,16.81,748.1,16.08,75.8
"2026-02-27 04:40:00",550221,12.7,16.73,748.1,15.95,76.06
"2026-02-27 04:45:00",550222,12.7,16.65,748.1,15.84,75.98
"2026-02-27 04:50:00",550223,12.7,16.55,748.2,15.65,77.32
"2026-02-27 04:55:00",550224,12.7,16.42,748.3,15.47,78.93
"2026-02-27 05:00:00",550225,12.7,16.28,748.3,15.42,79.5
"2026-02-27 05:05:00",550226,12.7,16.13,748.3,15.65,78.38
"2026-02-27 05:10:00",550227,12.7,16.04,748.3,16,76.41
"2026-02-27 05:15:00",550228,12.69,15.98,748.4,16.02,76.19
"2026-02-27 05:20:00",550229,12.69,15.96,748.4,15.84,76.69
"2026-02-27 05:25:00",550230,12.69,15.91,748.5,15.68,76.85
"2026-02-27 05:30:00",550231,12.69,15.85,748.5,15.6,76.97
"2026-02-27 05:35:00",550232,12.69,15.8,748.6,15.51,77.32
"2026-02-27 05:40:00",550233,12.68,15.74,748.6,15.58,76.66
"2026-02-27 05:45:00",550234,12.68,15.7,748.6,15.59,76.61
"2026-02-27 05:50:00",550235,12.68,15.66,748.7,15.56,76.32
"2026-02-27 05:55:00",550236,12.68,15.63,748.7,15.44,76.46
"2026-02-27 06:00:00",550237,12.67,15.57,748.7,15.24,77.35
"2026-02-27 06:05:00",550238,12.67,15.51,748.7,14.96,78.04
"2026-02-27 06:10:00",550239,12.67,15.47,748.7,14.81,77.14
"2026-02-27 06:15:00",550240,12.67,15.45,748.8,14.8,77.26
"2026-02-27 06:20:00",550241,12.67,15.38,748.8,14.77,77.11
"2026-02-27 06:25:00",550242,12.68,15.32,748.9,14.76,77.16
"2026-02-27 06:30:00",550243,12.7,15.27,748.9,14.73,77.58
"2026-02-27 06:35:00",550244,12.73,15.21,749,14.71,77.1
"2026-02-27 06:40:00",550245,12.79,15.22,749,14.82,77.2
"2026-02-27 06:45:00",550246,12.84,15.25,749.1,15.09,76.53
"2026-02-27 06:50:00",550247,12.96,15.33,749.1,15.26,75.58
"2026-02-27 06:55:00",550248,13.18,15.5,749.2,15.82,72.83
"2026-02-27 07:00:00",550249,13.33,15.75,749.3,16.05,71.47
"2026-02-27 07:05:00",550250,13.39,15.98,749.3,15.84,72.92
"2026-02-27 07:10:00",550251,13.55,16.35,749.4,15.89,74.35
"2026-02-27 07:15:00",550252,13.64,16.79,749.4,16.44,73.01
"2026-02-27 07:20:00",550253,13.67,17.19,749.5,16.28,73.12
"2026-02-27 07:25:00",550254,13.89,17.6,749.6,16.46,72.96
"2026-02-27 07:30:00",550255,13.75,18.39,749.6,16.93,71.75
"2026-02-27 07:35:00",550256,13.76,19.59,749.7,16.8,71.93
"2026-02-27 07:40:00",550257,13.76,20.32,749.7,17.29,70.35
"2026-02-27 07:45:00",550258,13.73,20.91,749.8,17.58,69.74
"2026-02-27 07:50:00",550259,13.73,21.45,749.8,18.7,66.07
"2026-02-27 07:55:00",550260,13.71,22.04,749.9,18.99,64.13
"2026-02-27 08:00:00",550261,13.7,22.65,749.9,18.55,65.84
"2026-02-27 08:05:00",550262,13.68,23.22,749.9,19.56,61.64
"2026-02-27 08:10:00",550263,13.68,23.77,749.9,20.2,59.81
"2026-02-27 08:15:00",550264,13.65,24.34,750,20.04,59.79
"2026-02-27 08:20:00",550265,13.65,24.85,750,20.65,58.39
"2026-02-27 08:25:00",550266,13.63,25.38,750,21.58,55.6
"2026-02-27 08:30:00",550267,13.62,25.99,750,21.59,54.3
"2026-02-27 08:35:00",550268,13.6,26.56,750,19.14,60.79
"2026-02-27 08:40:00",550269,13.6,26.97,750,20.12,58.88
"2026-02-27 08:45:00",550270,13.6,27.37,750,20.36,56.96
"2026-02-27 08:50:00",550271,13.6,27.74,750.1,21.1,56.21
"2026-02-27 08:55:00",550272,13.58,28.16,750.1,22.19,52.64
"2026-02-27 09:00:00",550273,13.58,28.66,750.1,21.78,54.08
"2026-02-27 09:05:00",550274,13.55,29.04,750.1,22.32,52.22
"2026-02-27 09:10:00",550275,13.55,29.39,750.1,22.57,51.5
"2026-02-27 09:15:00",550276,13.55,29.75,750.1,21.13,53.58
"2026-02-27 09:20:00",550277,13.55,30.19,750.1,21.23,54.93
"2026-02-27 09:25:00",550278,13.53,30.39,750.1,20.02,57.95
"2026-02-27 09:30:00",550279,13.53,30.41,750,20.14,57.79
"2026-02-27 09:35:00",550280,13.53,30.41,750,20.76,54.03
"2026-02-27 09:40:00",550281,13.53,30.44,750,21.28,52.92
"2026-02-27 09:45:00",550282,13.53,30.6,749.9,21.97,51.98
"2026-02-27 09:50:00",550283,13.53,30.87,749.9,22.74,50.26
"2026-02-27 09:55:00",550284,13.53,31.17,749.9,22.81,49.92
"2026-02-27 10:00:00",550285,13.53,31.48,749.9,23.47,48.26
"2026-02-27 10:05:00",550286,13.51,31.88,749.9,23.87,47.16
"2026-02-27 10:10:00",550287,13.51,32.3,749.8,23.67,47.71
"2026-02-27 10:15:00",550288,13.51,32.68,749.8,23.1,48.05
"2026-02-27 10:20:00",550289,13.48,32.89,749.8,23.1,47.29
"2026-02-27 10:25:00",550290,13.48,32.94,749.7,23.29,48.11
"2026-02-27 10:30:00",550291,13.48,33.03,749.6,22.29,49.35
"2026-02-27 10:35:00",550292,13.48,33.06,749.5,22.81,49.7
"2026-02-27 10:40:00",550293,13.48,33.11,749.5,23.18,47.52
"2026-02-27 10:45:00",550294,13.48,33.18,749.4,23.73,44.09
"2026-02-27 10:50:00",550295,13.48,33.31,749.4,23.3,44.16
"2026-02-27 10:55:00",550296,13.48,33.36,749.3,24.13,43.32
"2026-02-27 11:00:00",550297,13.48,33.5,749.2,23.82,43.09
"2026-02-27 11:05:00",550298,13.48,33.58,749.1,24.74,40.72
"2026-02-27 11:10:00",550299,13.46,33.76,749.1,24.23,39.29
"2026-02-27 11:15:00",550300,13.46,33.87,749,24.34,39.17
"2026-02-27 11:20:00",550301,13.46,34,748.9,24.11,41.56
"2026-02-27 11:25:00",550302,13.46,34.08,748.9,24.16,40.92
"2026-02-27 11:30:00",550303,13.46,34.18,748.8,24.74,39.34
"2026-02-27 11:35:00",550304,13.46,34.26,748.7,24.49,39.15
"2026-02-27 11:40:00",550305,13.46,34.27,748.7,24.43,38.78
"2026-02-27 11:45:00",550306,13.46,34.24,748.6,25.63,37.35
"2026-02-27 11:50:00",550307,13.46,34.32,748.5,26.14,35.57
"2026-02-27 11:55:00",550308,13.46,34.53,748.4,26.43,32.92
"2026-02-27 12:00:00",550309,13.47,34.73,748.3,25.29,35.32
"2026-02-27 12:05:00",550310,13.46,34.85,748.1,25.56,35.85
"2026-02-27 12:10:00",550311,13.44,35.01,748,27,35.25
"2026-02-27 12:15:00",550312,13.44,35.19,747.9,26.55,34.07
"2026-02-27 12:20:00",550313,13.44,35.3,747.8,27.32,33.53
"2026-02-27 12:25:00",550314,13.44,35.42,747.8,27.55,33.72
"2026-02-27 12:30:00",550315,13.44,35.51,747.7,27.39,35.46
"2026-02-27 12:35:00",550316,13.44,35.6,747.6,27.43,33.92
"2026-02-27 12:40:00",550317,13.44,35.61,747.5,27.27,34.27
"2026-02-27 12:45:00",550318,13.44,35.64,747.3,26.89,35.11
"2026-02-27 12:50:00",550319,13.44,35.59,747.2,27.46,35.46
"2026-02-27 12:55:00",550320,13.44,35.52,747.1,27.56,36.14
"2026-02-27 13:00:00",550321,13.44,35.45,746.9,27.88,35.2
"2026-02-27 13:05:00",550322,13.44,35.4,746.9,28.67,33.15
"2026-02-27 13:10:00",550323,13.44,35.43,746.7,28,31.53
"2026-02-27 13:15:00",550324,13.44,35.39,746.6,27.61,34.23
"2026-02-27 13:20:00",550325,13.44,35.36,746.5,28.65,32.3
"2026-02-27 13:25:00",550326,13.44,35.41,746.4,28.52,32.7
"2026-02-27 13:30:00",550327,13.44,35.45,746.3,27.97,32.24
"2026-02-27 13:35:00",550328,13.45,35.43,746.2,28.96,31.58
"2026-02-27 13:40:00",550329,13.44,35.42,746.2,28.44,31.47
"2026-02-27 13:45:00",550330,13.44,35.4,746.1,28.77,30.89
"2026-02-27 13:50:00",550331,13.44,35.41,745.9,28.76,30.95
"2026-02-27 13:55:00",550332,13.44,35.49,745.8,29.65,28.84
"2026-02-27 14:00:00",550333,13.45,35.63,745.7,29.18,27.91
"2026-02-27 14:05:00",550334,13.45,35.78,745.6,29.2,27.91
"2026-02-27 14:10:00",550335,13.42,35.92,745.5,29.55,26.84
"2026-02-27 14:15:00",550336,13.42,36.07,745.5,30.23,23
"2026-02-27 14:20:00",550337,13.42,36.33,745.4,30.29,25.71
"2026-02-27 14:25:00",550338,13.42,36.59,745.3,29.93,23.33
"2026-02-27 14:30:00",550339,13.42,36.77,745.2,30.72,23.24
"2026-02-27 14:35:00",550340,13.42,36.98,745.2,30.05,15.37
"2026-02-27 14:40:00",550341,13.4,37.11,745.1,30.42,16.81
"2026-02-27 14:45:00",550342,13.4,37.18,745,30.27,16.81
"2026-02-27 14:50:00",550343,13.4,37.22,744.9,30.17,18.54
"2026-02-27 14:55:00",550344,13.4,37.28,744.9,30.41,18.9
"2026-02-27 15:00:00",550345,13.4,37.38,744.8,31.42,17.65
"2026-02-27 15:05:00",550346,13.4,37.59,744.7,31.06,17.56
"2026-02-27 15:10:00",550347,13.4,37.84,744.6,30.78,17.68
"2026-02-27 15:15:00",550348,13.4,38.03,744.6,31.06,16.63
"2026-02-27 15:20:00",550349,13.4,38.19,744.5,31,16.77
"2026-02-27 15:25:00",550350,13.4,38.35,744.5,31.36,18.49
"2026-02-27 15:30:00",550351,13.4,38.56,744.4,31.08,16.46
"2026-02-27 15:35:00",550352,13.37,38.63,744.3,30.19,18.01
"2026-02-27 15:40:00",550353,13.38,38.62,744.2,30.96,16.34
"2026-02-27 15:45:00",550354,13.38,38.54,744.2,30.56,14.97
"2026-02-27 15:50:00",550355,13.38,38.2,744.1,30.05,15.73
"2026-02-27 15:55:00",550356,13.37,37.74,744.1,29.46,15.91
"2026-02-27 16:00:00",550357,13.37,37.19,743.9,28.65,20.17
"2026-02-27 16:05:00",550358,13.37,36.52,743.9,28.94,22.56
"2026-02-27 16:10:00",550359,13.37,35.89,743.9,28.48,22.46
"2026-02-27 16:15:00",550360,13.37,35.33,743.9,28.27,24.46
"2026-02-27 16:20:00",550361,13.39,34.84,743.8,28.44,23.44
"2026-02-27 16:25:00",550362,13.39,34.43,743.8,28.63,22.34
"2026-02-27 16:30:00",550363,13.39,34.11,743.8,27.82,29.14
"2026-02-27 16:35:00",550364,13.39,33.79,743.8,27.7,26.59
"2026-02-27 16:40:00",550365,13.42,33.5,743.8,27.97,23.68
"2026-02-27 16:45:00",550366,13.42,33.27,743.9,28.1,26.59
"2026-02-27 16:50:00",550367,13.42,33.11,743.9,28.28,29.41
"2026-02-27 16:55:00",550368,13.42,33.03,743.9,28.22,29.58
"2026-02-27 17:00:00",550369,13.42,33.03,744,27.35,31.24
"2026-02-27 17:05:00",550370,13.42,33,744,27.5,30.2
"2026-02-27 17:10:00",550371,13.42,32.95,744,27.65,30.08
"2026-02-27 17:15:00",550372,13.42,33.01,744,28.25,29.89
"2026-02-27 17:20:00",550373,13.42,33.23,744,28.08,29.77
"2026-02-27 17:25:00",550374,13.42,33.39,744,27.91,30
"2026-02-27 17:30:00",550375,13.42,33.3,744,27.44,30.23
"2026-02-27 17:35:00",550376,13.42,32.97,744,27.14,30.78
"2026-02-27 17:40:00",550377,13.4,32.21,744.1,26.98,31.24
"2026-02-27 17:45:00",550378,13.46,31.64,744,26.91,30.9
"2026-02-27 17:50:00",550379,13.37,31.12,744.1,26.75,32.2
"2026-02-27 17:55:00",550380,13.35,30.66,744.1,26.5,32.62
"2026-02-27 18:00:00",550381,13.37,30.29,744.1,26.58,32.59
"2026-02-27 18:05:00",550382,13.31,30.03,744.2,26.56,33.13
"2026-02-27 18:10:00",550383,13.25,29.87,744.3,26.3,33.58
"2026-02-27 18:15:00",550384,13.18,29.74,744.4,26.18,33.57
"2026-02-27 18:20:00",550385,13.12,29.62,744.5,26,33.68
"2026-02-27 18:25:00",550386,13.06,29.49,744.7,25.97,32.81
"2026-02-27 18:30:00",550387,13.01,29.32,744.9,25.72,34.43
"2026-02-27 18:35:00",550388,12.97,29.1,745,25.46,35.1
"2026-02-27 18:40:00",550389,12.94,28.86,745.1,25.1,37.23
"2026-02-27 18:45:00",550390,12.91,28.54,745.2,24.82,37.63
"2026-02-27 18:50:00",550391,12.89,28.17,745.2,24.55,38.56
"2026-02-27 18:55:00",550392,12.88,27.82,745.3,24.38,38.64
"2026-02-27 19:00:00",550393,12.88,27.43,745.4,24.63,37.81
"2026-02-27 19:05:00",550394,12.87,27.08,745.5,24.43,36.67
"2026-02-27 19:10:00",550395,12.87,26.76,745.7,24.19,37.83
"2026-02-27 19:15:00",550396,12.86,26.46,745.8,23.85,38.88
"2026-02-27 19:20:00",550397,12.86,26.16,745.9,23.59,40.1
"2026-02-27 19:25:00",550398,12.86,25.95,746,23.57,40.79
"2026-02-27 19:30:00",550399,12.85,25.73,746.1,23.51,41.2
"2026-02-27 19:35:00",550400,12.85,25.54,746.2,23.21,41.66
"2026-02-27 19:40:00",550401,12.85,25.36,746.2,22.83,42.85
"2026-02-27 19:45:00",550402,12.85,25.16,746.2,22.6,42.5
"2026-02-27 19:50:00",550403,12.84,24.95,746.4,22.5,43.49
"2026-02-27 19:55:00",550404,12.84,24.75,746.6,22.39,43.83
"2026-02-27 20:00:00",550405,12.84,24.6,746.7,22.13,45.05
"2026-02-27 20:05:00",550406,12.84,24.4,746.7,22.07,45.21
"2026-02-27 20:10:00",550407,12.83,24.27,746.8,22.23,44.78
"2026-02-27 20:15:00",550408,12.83,24.13,747,22.23,44.78
"2026-02-27 20:20:00",550409,12.83,23.98,747.2,21.84,47.22
"2026-02-27 20:25:00",550410,12.83,23.88,747.4,21.51,48.83
"2026-02-27 20:30:00",550411,12.83,23.73,747.4,21.58,48.78
"2026-02-27 20:35:00",550412,12.83,23.61,747.5,21.71,47.65
"2026-02-27 20:40:00",550413,12.82,23.49,747.6,21.69,47.27
"2026-02-27 20:45:00",550414,12.82,23.37,747.7,21.62,47.8
"2026-02-27 20:50:00",550415,12.82,23.25,747.9,21.41,48.69
"2026-02-27 20:55:00",550416,12.82,23.11,747.9,21.41,48.44
"2026-02-27 21:00:00",550417,12.82,23.02,747.8,21.32,48.74
"2026-02-27 21:05:00",550418,12.81,22.92,747.9,21.05,49.69
"2026-02-27 21:10:00",550419,12.81,22.84,747.9,21.05,49.5
"2026-02-27 21:15:00",550420,12.81,22.73,747.9,21.13,49.32
"2026-02-27 21:20:00",550421,12.81,22.64,747.9,20.96,50.09
"2026-02-27 21:25:00",550422,12.81,22.54,748,20.8,50.72
"2026-02-27 21:30:00",550423,12.81,22.35,748.2,20.64,51.39
"2026-02-27 21:35:00",550424,12.81,22.17,748.2,20.53,51.41
"2026-02-27 21:40:00",550425,12.81,22.02,748.3,20.76,50.5
"2026-02-27 21:45:00",550426,12.8,21.91,748.4,20.9,50.39
"2026-02-27 21:50:00",550427,12.81,21.78,748.5,21,50.09
"2026-02-27 21:55:00",550428,12.8,21.75,748.5,21.04,49.37
"2026-02-27 22:00:00",550429,12.8,21.75,748.6,20.99,49.65
"2026-02-27 22:05:00",550430,12.8,21.77,748.6,20.92,49.96
"2026-02-27 22:10:00",550431,12.8,21.79,748.7,20.82,50.95
"2026-02-27 22:15:00",550432,12.8,21.81,748.7,20.66,51.24
"2026-02-27 22:20:00",550433,12.8,21.74,748.8,20.54,51.97
"2026-02-27 22:25:00",550434,12.79,21.69,748.9,20.39,52.42
"2026-02-27 22:30:00",550435,12.79,21.6,748.9,20.31,52.88
"2026-02-27 22:35:00",550436,12.79,21.52,749,20.34,53.1
"2026-02-27 22:40:00",550437,12.79,21.43,749,20.3,53.37
"2026-02-27 22:45:00",550438,12.79,21.36,749.1,20.57,53.54
"2026-02-27 22:50:00",550439,12.79,21.32,749.1,20.29,54.86
"2026-02-27 22:55:00",550440,12.79,21.26,749.2,20.04,54.45
"2026-02-27 23:00:00",550441,12.79,21.17,749.2,20.07,55.26
"2026-02-27 23:05:00",550442,12.78,21.05,749.2,19.87,57.07
"2026-02-27 23:10:00",550443,12.78,20.93,749.2,19.84,57.07
"2026-02-27 23:15:00",550444,12.78,20.85,749.3,19.89,57.66
"2026-02-27 23:20:00",550445,12.78,20.76,749.3,19.87,57.32
"2026-02-27 23:25:00",550446,12.78,20.72,749.4,19.92,56.81
"2026-02-27 23:30:00",550447,12.78,20.74,749.4,19.68,57.11
"2026-02-27 23:35:00",550448,12.78,20.76,749.3,19.68,57.29
"2026-02-27 23:40:00",550449,12.78,20.8,749.3,19.86,57.07
"2026-02-27 23:45:00",550450,12.78,20.84,749.3,20.2,56.51
"2026-02-27 23:50:00",550451,12.77,20.94,749.3,20.35,56.35
"2026-02-27 23:55:00",550452,12.77,21.02,749.4,20.33,56.9
"2026-02-28 00:00:00",550453,12.77,21.09,749.4,20.37,56.94
"2026-02-28 00:05:00",550454,12.77,21.16,749.4,20.36,57.45
"2026-02-28 00:10:00",550455,12.77,21.23,749.4,20.28,58.15
"2026-02-28 00:15:00",550456,12.77,21.29,749.3,20.22,58.87
"2026-02-28 00:20:00",550457,12.77,21.26,749.2,20.04,59.79
"2026-02-28 00:25:00",550458,12.77,21.24,749.2,19.97,60.41
"2026-02-28 00:30:00",550459,12.77,21.17,749.3,19.78,61.53
"2026-02-28 00:35:00",550460,12.77,21.09,749.4,19.58,62.61
"2026-02-28 00:40:00",550461,12.77,20.99,749.3,19.59,62.61
"2026-02-28 00:45:00",550462,12.76,20.89,749.3,19.61,61.71
"2026-02-28 00:50:00",550463,12.76,20.83,749.3,19.6,62.25
"2026-02-28 00:55:00",550464,12.76,20.73,749.2,19.55,62.24
"2026-02-28 01:00:00",550465,12.76,20.65,749.2,19.52,62.66
"2026-02-28 01:05:00",550466,12.76,20.61,749.2,19.5,62.36
"2026-02-28 01:10:00",550467,12.76,20.57,749.2,19.56,62.16
"2026-02-28 01:15:00",550468,12.75,20.58,749.1,19.56,62.1
"2026-02-28 01:20:00",550469,12.75,20.6,749.2,19.5,62.12
"2026-02-28 01:25:00",550470,12.75,20.59,749.1,19.48,62.56
"2026-02-28 01:30:00",550471,12.75,20.59,749.1,19.39,62.58
"2026-02-28 01:35:00",550472,12.75,20.54,749,19.02,63.47
"2026-02-28 01:40:00",550473,12.74,20.47,749,18.68,65
"2026-02-28 01:45:00",550474,12.74,20.39,749,18.57,65.66
"2026-02-28 01:50:00",550475,12.74,20.3,748.9,18.42,66.55
"2026-02-28 01:55:00",550476,12.74,20.18,748.8,18.28,67.23
"2026-02-28 02:00:00",550477,12.74,20.07,748.7,18.35,67.07
"2026-02-28 02:05:00",550478,12.73,19.96,748.7,18.31,66.86
"2026-02-28 02:10:00",550479,12.73,19.84,748.7,18.33,66.77
"2026-02-28 02:15:00",550480,12.73,19.75,748.7,18.21,67.28
"2026-02-28 02:20:00",550481,12.73,19.64,748.6,18.17,67.74
"2026-02-28 02:25:00",550482,12.72,19.55,748.6,18.13,68.41
"2026-02-28 02:30:00",550483,12.72,19.44,748.6,18.05,68.04
"2026-02-28 02:35:00",550484,12.72,19.37,748.5,18.06,68.63
"2026-02-28 02:40:00",550485,12.72,19.3,748.5,18.13,68.55
"2026-02-28 02:45:00",550486,12.71,19.28,748.4,18.17,68.53
"2026-02-28 02:50:00",550487,12.71,19.26,748.4,18.03,69.12
"2026-02-28 02:55:00",550488,12.71,19.23,748.4,18.09,67.73
"2026-02-28 03:00:00",550489,12.71,19.25,748.3,17.96,68.14
"2026-02-28 03:05:00",550490,12.73,19.21,748.3,17.59,69.59
"2026-02-28 03:10:00",550491,12.72,19.1,748.4,17.48,70.13
"2026-02-28 03:15:00",550492,12.72,18.97,748.4,17.45,70.46
"2026-02-28 03:20:00",550493,12.72,18.83,748.4,17.52,70.31
"2026-02-28 03:25:00",550494,12.71,18.67,748.5,17.41,71.47
"2026-02-28 03:30:00",550495,12.71,18.56,748.4,17.23,72.79
"2026-02-28 03:35:00",550496,12.71,18.43,748.4,17.14,73.69
"2026-02-28 03:40:00",550497,12.71,18.31,748.5,17.04,72.75
"2026-02-28 03:45:00",550498,12.7,18.18,748.5,16.98,72.34
"2026-02-28 03:50:00",550499,12.7,18.11,748.5,16.92,72.18
"2026-02-28 03:55:00",550500,12.7,18.05,748.6,17.09,71.35
"2026-02-28 04:00:00",550501,12.7,18.03,748.5,16.98,70.96
"2026-02-28 04:05:00",550502,12.69,18.04,748.5,16.93,70.86
"2026-02-28 04:10:00",550503,12.69,18.04,748.5,16.92,71.26
"2026-02-28 04:15:00",550504,12.69,18.05,748.5,16.86,70.79
"2026-02-28 04:20:00",550505,12.68,18.09,748.5,16.95,69.91
"2026-02-28 04:25:00",550506,12.68,18.07,748.6,17.01,70.04
"2026-02-28 04:30:00",550507,12.68,18.06,748.6,16.98,70.06
"2026-02-28 04:35:00",550508,12.68,18.02,748.6,16.99,70.29
"2026-02-28 04:40:00",550509,12.68,17.96,748.7,16.87,70.91
"2026-02-28 04:45:00",550510,12.67,17.91,748.7,16.82,70.81
"2026-02-28 04:50:00",550511,12.67,17.92,748.7,16.81,71.13
"2026-02-28 04:55:00",550512,12.67,17.89,748.7,16.71,71.74
"2026-02-28 05:00:00",550513,12.66,17.84,748.7,16.5,72.28
"2026-02-28 05:05:00",550514,12.66,17.8,748.7,16.46,72.55
"2026-02-28 05:10:00",550515,12.65,17.76,748.7,16.63,72.13
"2026-02-28 05:15:00",550516,12.65,17.74,748.6,16.7,71.88
"2026-02-28 05:20:00",550517,12.65,17.74,748.6,16.62,71.87
"2026-02-28 05:25:00",550518,12.64,17.76,748.7,16.56,72.26
"2026-02-28 05:30:00",550519,12.64,17.74,748.7,16.39,73.11
"2026-02-28 05:35:00",550520,12.64,17.69,748.7,16.29,73.01
"2026-02-28 05:40:00",550521,12.64,17.62,748.8,16.21,73.85
"2026-02-28 05:45:00",550522,12.63,17.55,748.9,16.06,73.79
"2026-02-28 05:50:00",550523,12.63,17.47,748.9,16.01,74.32
"2026-02-28 05:55:00",550524,12.63,17.3,749,15.98,74.48
"2026-02-28 06:00:00",550525,12.63,17.19,749.1,16.04,74.27
"2026-02-28 06:05:00",550526,12.63,17.09,749.1,16.1,73.97
"2026-02-28 06:10:00",550527,12.63,17.04,749.1,16.01,73.98
"2026-02-28 06:15:00",550528,12.63,16.96,749.2,16.11,73.66
"2026-02-28 06:20:00",550529,12.62,16.96,749.2,16.13,74.23
"2026-02-28 06:25:00",550530,12.62,17.03,749.3,16.1,74.42
"2026-02-28 06:30:00",550531,12.63,17.05,749.4,16.16,74.06
"2026-02-28 06:35:00",550532,12.63,17.08,749.4,16.21,74.73
"2026-02-28 06:40:00",550533,12.63,17.14,749.4,16.08,76.26
"2026-02-28 06:45:00",550534,12.63,17.2,749.4,15.96,77.64
"2026-02-28 06:50:00",550535,12.64,17.25,749.5,15.94,77.83
"2026-02-28 06:55:00",550536,12.64,17.29,749.6,16.02,77.71
"2026-02-28 07:00:00",550537,12.67,17.35,749.7,16.22,76.68
"2026-02-28 07:05:00",550538,12.79,17.49,749.7,16.56,74.17
"2026-02-28 07:10:00",550539,13.03,17.71,749.8,16.72,73.12
"2026-02-28 07:15:00",550540,13.35,18.02,749.9,16.89,73.18
"2026-02-28 07:20:00",550541,13.43,18.29,749.9,17.15,72.43
"2026-02-28 07:25:00",550542,13.41,18.46,750,17.24,72.3
"2026-02-28 07:30:00",550543,13.37,18.59,750,17.09,73.11
"2026-02-28 07:35:00",550544,13.42,18.76,750.1,17.27,73.03
"2026-02-28 07:40:00",550545,13.69,18.99,750.1,17.53,72.21
"2026-02-28 07:45:00",550546,13.75,20.5,750.1,18.16,70.63
"2026-02-28 07:50:00",550547,13.72,21.44,750,18.38,68.98
"2026-02-28 07:55:00",550548,13.7,22.2,750,18.55,68.37
"2026-02-28 08:00:00",550549,13.7,22.9,750.1,18.48,68.53
"2026-02-28 08:05:00",550550,13.67,23.49,750.2,18.73,68.28
"2026-02-28 08:10:00",550551,13.67,24.07,750.2,19,66.3
"2026-02-28 08:15:00",550552,13.68,24.6,750.2,19.42,65.3
"2026-02-28 08:20:00",550553,13.65,25.13,750.2,20.03,63.41
"2026-02-28 08:25:00",550554,13.65,25.68,750.2,20.06,62.48
"2026-02-28 08:30:00",550555,13.62,26.14,750.1,20.44,60.33
"2026-02-28 08:35:00",550556,13.62,26.64,750.1,20.57,60.78
"2026-02-28 08:40:00",550557,13.62,27.1,750.1,20.06,62.18
"2026-02-28 08:45:00",550558,13.6,27.51,750.1,21.6,58.72
"2026-02-28 08:50:00",550559,13.6,27.99,750.1,20.82,60.25
"2026-02-28 08:55:00",550560,13.57,28.38,750.2,21.67,56.82
"2026-02-28 09:00:00",550561,13.57,28.77,750.2,21.37,57.36
"2026-02-28 09:05:00",550562,13.57,29,750.2,20.8,59.79
"2026-02-28 09:10:00",550563,13.55,29.17,750.2,21.61,57.52
"2026-02-28 09:15:00",550564,13.55,29.46,750.3,21.38,58.04
"2026-02-28 09:20:00",550565,13.55,29.91,750.2,22.21,54.79
"2026-02-28 09:25:00",550566,13.55,30.07,750.3,19.98,62.01
"2026-02-28 09:30:00",550567,13.55,29.79,750.3,20.01,61.57
"2026-02-28 09:35:00",550568,13.55,29.35,750.3,19.94,61.38
"2026-02-28 09:40:00",550569,13.55,28.95,750.3,20.5,60.53
"2026-02-28 09:45:00",550570,13.55,28.76,750.3,21.29,59.22
"2026-02-28 09:50:00",550571,13.55,28.95,750.2,21.27,56.27
"2026-02-28 09:55:00",550572,13.55,29.37,750.3,22.41,52.92
"2026-02-28 10:00:00",550573,13.55,29.84,750.3,22.43,52.42
"2026-02-28 10:05:00",550574,13.55,30.39,750.2,22.67,51.48
"2026-02-28 10:10:00",550575,13.53,30.94,750.2,23.36,48.66
"2026-02-28 10:15:00",550576,13.53,31.48,750.2,23.63,48.66
"2026-02-28 10:20:00",550577,13.5,32.05,750.1,24.23,45.18
"2026-02-28 10:25:00",550578,13.48,32.55,750,24.51,45.05
"2026-02-28 10:30:00",550579,13.48,33,749.9,23.95,46.49
"2026-02-28 10:35:00",550580,13.48,33.31,749.8,23.75,46.92
"2026-02-28 10:40:00",550581,13.48,33.58,749.9,24.46,45.01
"2026-02-28 10:45:00",550582,13.48,33.85,749.8,24.51,45.47
"2026-02-28 10:50:00",550583,13.46,34.03,749.7,23.83,48.3
"2026-02-28 10:55:00",550584,13.46,34.12,749.7,24.74,45.72
"2026-02-28 11:00:00",550585,13.46,34.1,749.7,23.66,47.96
"2026-02-28 11:05:00",550586,13.46,33.99,749.5,24.27,45.99
"2026-02-28 11:10:00",550587,13.46,33.97,749.4,25.2,45.13
"2026-02-28 11:15:00",550588,13.46,34.16,749.4,25.29,43.39
"2026-02-28 11:20:00",550589,13.46,34.36,749.3,24.95,42.83
"2026-02-28 11:25:00",550590,13.46,34.44,749.3,24.77,42.65
"2026-02-28 11:30:00",550591,13.46,34.55,749.1,25.09,41.61
"2026-02-28 11:35:00",550592,13.46,34.72,749.1,26.18,39.19
"2026-02-28 11:40:00",550593,13.44,34.97,749,25.53,37.87
"2026-02-28 11:45:00",550594,13.44,35.15,748.8,26.79,38.96
"2026-02-28 11:50:00",550595,13.44,35.45,748.7,25.22,39.49
"2026-02-28 11:55:00",550596,13.44,35.58,748.7,24.95,42.63
"2026-02-28 12:00:00",550597,13.44,35.6,748.5,26.46,37.47
"2026-02-28 12:05:00",550598,13.44,35.65,748.5,26.14,38.03
"2026-02-28 12:10:00",550599,13.44,35.67,748.3,26.3,38.54
"2026-02-28 12:15:00",550600,13.44,35.68,748.2,26,38.15
"2026-02-28 12:20:00",550601,13.44,35.65,748.1,27.04,36.59
"2026-02-28 12:25:00",550602,13.44,35.73,748.1,27.78,34.01
"2026-02-28 12:30:00",550603,13.44,35.84,747.9,26.54,37.94
"2026-02-28 12:35:00",550604,13.44,35.9,747.9,27.32,34.95
"2026-02-28 12:40:00",550605,13.44,35.95,747.8,26.9,35.18
"2026-02-28 12:45:00",550606,13.44,35.95,747.7,27.39,33.81
"2026-02-28 12:50:00",550607,13.44,35.93,747.6,26.94,34.71
"2026-02-28 12:55:00",550608,13.44,35.8,747.6,26.75,35.06
"2026-02-28 13:00:00",550609,13.44,35.64,747.4,27.03,35.32
"2026-02-28 13:05:00",550610,13.44,35.57,747.3,28.2,32.2
"2026-02-28 13:10:00",550611,13.44,35.61,747.3,27.8,32.4
"2026-02-28 13:15:00",550612,13.44,35.65,747.2,28.69,30.81
"2026-02-28 13:20:00",550613,13.44,35.74,747.1,27.68,32.15
"2026-02-28 13:25:00",550614,13.44,35.68,747.1,26.54,34.5
"2026-02-28 13:30:00",550615,13.44,35.51,747,27.92,31.73
"2026-02-28 13:35:00",550616,13.44,35.34,746.9,27.69,32.42
"2026-02-28 13:40:00",550617,13.44,35.3,746.8,28.2,31.99
"2026-02-28 13:45:00",550618,13.44,35.36,746.7,28.29,30.37
"2026-02-28 13:50:00",550619,13.44,35.4,746.5,28.16,31.99
"2026-02-28 13:55:00",550620,13.44,35.28,746.5,27.12,31.42
"2026-02-28 14:00:00",550621,13.44,35.13,746.4,28.25,27.01
"2026-02-28 14:05:00",550622,13.44,35.08,746.3,28.54,22.82
"2026-02-28 14:10:00",550623,13.44,35.08,746.2,27.65,23.45
"2026-02-28 14:15:00",550624,13.44,35.04,746.2,28.19,23.9
"2026-02-28 14:20:00",550625,13.44,35.04,746,28.16,27.14
"2026-02-28 14:25:00",550626,13.44,35.03,746,28.36,28.05
"2026-02-28 14:30:00",550627,13.44,34.99,745.9,28.15,29.06
"2026-02-28 14:35:00",550628,13.44,34.91,745.8,27.6,29.36
"2026-02-28 14:40:00",550629,13.44,34.82,745.7,27.14,26.72
"2026-02-28 14:45:00",550630,13.44,34.61,745.8,27.86,27.6
"2026-02-28 14:50:00",550631,13.44,34.48,745.5,28.28,28.22
"2026-02-28 14:55:00",550632,13.44,34.39,745.6,28.17,27.59
"2026-02-28 15:00:00",550633,13.44,34.38,745.6,28.48,24.89
"2026-02-28 15:05:00",550634,13.44,34.41,745.5,28.63,27.18
"2026-02-28 15:10:00",550635,13.44,34.53,745.4,28.8,27.05
"2026-02-28 15:15:00",550636,13.44,34.64,745.3,28.38,27.44
"2026-02-28 15:20:00",550637,13.44,34.67,745.6,27.8,25.26
"2026-02-28 15:25:00",550638,13.44,34.63,745.5,28.4,27.99
"2026-02-28 15:30:00",550639,13.44,34.69,745.4,28.86,24.4
"2026-02-28 15:35:00",550640,13.44,34.82,745.4,28.83,24.36
"2026-02-28 15:40:00",550641,13.44,34.84,745.4,27.9,25.2
"2026-02-28 15:45:00",550642,13.44,34.64,745.3,27.46,27.43
"2026-02-28 15:50:00",550643,13.44,34.3,745.2,27.09,28.02
"2026-02-28 15:55:00",550644,13.44,33.9,745.3,27.03,28.84
"2026-02-28 16:00:00",550645,13.44,33.53,745.3,27.06,29.48
"2026-02-28 16:05:00",550646,13.44,33.24,745.2,27.1,28.91
"2026-02-28 16:10:00",550647,13.44,33.05,745.1,27.44,28.36
"2026-02-28 16:15:00",550648,13.44,33,745.2,27.34,27.22
"2026-02-28 16:20:00",550649,13.44,32.95,745.2,27.2,28.92
"2026-02-28 16:25:00",550650,13.44,32.87,745.3,26.87,30.69
"2026-02-28 16:30:00",550651,13.44,32.8,745.3,27.1,31.22
"2026-02-28 16:35:00",550652,13.44,32.67,745.3,26.47,31.71
"2026-02-28 16:40:00",550653,13.44,32.49,745.3,26.48,31.64
"2026-02-28 16:45:00",550654,13.44,32.31,745.4,26.57,31.71
"2026-02-28 16:50:00",550655,13.44,32.1,745.4,26.39,31.77
"2026-02-28 16:55:00",550656,13.45,31.9,745.4,26.48,32.04
"2026-02-28 17:00:00",550657,13.45,31.67,745.5,26.05,32.81
"2026-02-28 17:05:00",550658,13.44,31.45,745.6,25.6,33.65
"2026-02-28 17:10:00",550659,13.47,31.24,745.6,24.9,35.12
"2026-02-28 17:15:00",550660,13.47,31.07,745.7,25.33,35.96
"2026-02-28 17:20:00",550661,13.47,30.87,745.7,24.97,33.42
"2026-02-28 17:25:00",550662,13.47,30.69,745.7,24.68,35.3
"2026-02-28 17:30:00",550663,13.47,30.52,745.7,24.97,35.19
"2026-02-28 17:35:00",550664,13.47,30.46,745.8,25.2,35.35
"2026-02-28 17:40:00",550665,13.47,30.46,745.9,24.92,34.75
"2026-02-28 17:45:00",550666,13.47,30.45,746,24.95,34.09
"2026-02-28 17:50:00",550667,13.47,30.42,746.1,25.01,33.99
"2026-02-28 17:55:00",550668,13.47,30.39,746.2,25.45,33.57
"2026-02-28 18:00:00",550669,13.47,30.34,746.3,25.82,32.79
"2026-02-28 18:05:00",550670,13.47,30.31,746.4,25.63,32.88
"2026-02-28 18:10:00",550671,13.48,29.92,746.4,25.47,32.36
"2026-02-28 18:15:00",550672,13.36,29.42,746.5,25.09,34.07
"2026-02-28 18:20:00",550673,13.23,29.05,746.6,24.7,34.03
"2026-02-28 18:25:00",550674,13.12,28.66,746.7,24.39,35.27
"2026-02-28 18:30:00",550675,13.04,28.23,746.8,24.03,36.23
"2026-02-28 18:35:00",550676,12.98,27.79,747,23.68,36.46
"2026-02-28 18:40:00",550677,12.94,27.39,747.1,23.45,34.91
"2026-02-28 18:45:00",550678,12.91,26.94,747.3,23.07,36.8
"2026-02-28 18:50:00",550679,12.9,26.51,747.3,22.56,39.57
"2026-02-28 18:55:00",550680,12.89,26.07,747.4,22.1,39.48
"2026-02-28 19:00:00",550681,12.88,25.58,747.5,21.89,39.27
"2026-02-28 19:05:00",550682,12.87,25.12,747.6,21.79,39.16
"2026-02-28 19:10:00",550683,12.86,24.72,747.7,21.55,39.72
"2026-02-28 19:15:00",550684,12.86,24.39,747.7,21.31,39.53
"2026-02-28 19:20:00",550685,12.85,24.05,747.7,21.19,39.75
"2026-02-28 19:25:00",550686,12.85,23.76,747.8,21.04,40.06
"2026-02-28 19:30:00",550687,12.84,23.49,747.9,21.05,39.93
"2026-02-28 19:35:00",550688,12.84,23.26,748,20.94,40.01
"2026-02-28 19:40:00",550689,12.84,23.06,748.1,20.98,39.66
"2026-02-28 19:45:00",550690,12.84,22.84,748.1,21.21,38.51
"2026-02-28 19:50:00",550691,12.83,22.72,748.2,21.5,37.85
"2026-02-28 19:55:00",550692,12.83,22.6,748.3,21.33,38.26
"2026-02-28 20:00:00",550693,12.83,22.53,748.3,21.37,38.2
"2026-02-28 20:05:00",550694,12.83,22.39,748.4,21.27,37.86
"2026-02-28 20:10:00",550695,12.83,22.28,748.5,21.16,38.57
"2026-02-28 20:15:00",550696,12.83,22.19,748.6,20.99,38.68
"2026-02-28 20:20:00",550697,12.82,22.12,748.7,21.11,38.5
"2026-02-28 20:25:00",550698,12.82,22.06,748.8,21.23,39.72
"2026-02-28 20:30:00",550699,12.82,22.01,748.8,21.14,38.7
"2026-02-28 20:35:00",550700,12.82,21.94,748.9,20.84,40.07
"2026-02-28 20:40:00",550701,12.82,21.86,748.9,20.64,41.05
"2026-02-28 20:45:00",550702,12.82,21.79,749,20.47,41.61
"2026-02-28 20:50:00",550703,12.82,21.7,749,20.44,41.93
"2026-02-28 20:55:00",550704,12.81,21.6,749.1,20.49,42.29
"2026-02-28 21:00:00",550705,12.81,21.56,749.2,20.36,43.08
"2026-02-28 21:05:00",550706,12.81,21.46,749.1,20.36,43.79
"2026-02-28 21:10:00",550707,12.81,21.39,749.3,20.26,45.75
"2026-02-28 21:15:00",550708,12.81,21.33,749.4,20.22,46.48
"2026-02-28 21:20:00",550709,12.81,21.24,749.5,20.08,47.07
"2026-02-28 21:25:00",550710,12.8,21.15,749.6,19.72,48.47
"2026-02-28 21:30:00",550711,12.8,21.07,749.7,19.72,48.7
"2026-02-28 21:35:00",550712,12.8,20.96,749.8,19.76,49.05
"2026-02-28 21:40:00",550713,12.8,20.86,749.8,19.65,49.5
"2026-02-28 21:45:00",550714,12.8,20.76,749.8,19.64,48.84
"2026-02-28 21:50:00",550715,12.8,20.66,749.9,19.52,49.8
"2026-02-28 21:55:00",550716,12.8,20.52,750,19.44,49.32
"2026-02-28 22:00:00",550717,12.8,20.41,750,19.46,49.57
"2026-02-28 22:05:00",550718,12.79,20.31,750.1,19.5,49.42
"2026-02-28 22:10:00",550719,12.79,20.22,750.1,19.66,47.46
"2026-02-28 22:15:00",550720,12.79,20.13,750.1,19.62,45.93
"2026-02-28 22:20:00",550721,12.79,20.06,750.2,19.86,44.46
"2026-02-28 22:25:00",550722,12.79,20.05,750.2,19.9,46.25
"2026-02-28 22:30:00",550723,12.79,20.07,750.3,19.82,47.86
"2026-02-28 22:35:00",550724,12.79,20.04,750.4,19.65,48.53
"2026-02-28 22:40:00",550725,12.79,19.99,750.4,19.2,51.79
"2026-02-28 22:45:00",550726,12.78,19.92,750.5,18.67,54.25
"2026-02-28 22:50:00",550727,12.78,19.85,750.5,18.13,56.87
"2026-02-28 22:55:00",550728,12.78,19.7,750.5,18.03,56.58
"2026-02-28 23:00:00",550729,12.78,19.56,750.5,17.95,56.32
"2026-02-28 23:05:00",550730,12.78,19.41,750.5,17.97,56.18
"2026-02-28 23:10:00",550731,12.78,19.26,750.6,17.89,55.95
"2026-02-28 23:15:00",550732,12.78,19.16,750.7,18.09,55.77
"2026-02-28 23:20:00",550733,12.77,19.06,750.8,18.06,57.01
"2026-02-28 23:25:00",550734,12.77,18.99,750.9,17.81,57.65
"2026-02-28 23:30:00",550735,12.77,18.93,751,17.85,56.95
"2026-02-28 23:35:00",550736,12.77,18.84,751,17.74,57.42
"2026-02-28 23:40:00",550737,12.77,18.75,751.1,17.64,58.35
"2026-02-28 23:45:00",550738,12.77,18.67,751.1,17.35,59.84
"2026-02-28 23:50:00",550739,12.79,18.38,751.2,17.45,59.74
"2026-02-28 23:55:00",550740,12.79,18.17,751.2,17.49,59.05
