"TOA5","Pluvio_UPB","CR300","6066","CR300.Std.10.03","CPU:UPB_Rain_4Dic2020.CR300","9715","Meteo5Min"
"TIMESTAMP","RECORD","VBat","TempDL","PBar","TempA","RH"
"TS","RN","Vdc","GradosC","[mBar]","GradosC","%"
"","","Smp","Smp","Smp","Smp","Smp"
"2022-10-01 00:00:00",191614,12.71,17.97,751.9,15.92,53.4
"2022-10-01 00:05:00",191615,12.72,17.9,751.9,15.97,53.31
"2022-10-01 00:10:00",191616,12.71,17.84,751.9,15.8,53.9
"2022-10-01 00:15:00",191617,12.71,17.76,751.8,15.55,55.02
"2022-10-01 00:20:00",191618,12.71,17.67,751.8,15.41,55.55
"2022-10-01 00:25:00",191619,12.71,17.57,751.8,15.21,56.43
"2022-10-01 00:30:00",191620,12.71,17.46,751.8,15.22,56.28
"2022-10-01 00:35:00",191621,12.7,17.36,751.8,15.12,56.54
"2022-10-01 00:40:00",191622,12.7,17.26,751.8,15.2,56.4
"2022-10-01 00:45:00",191623,12.7,17.18,751.8,15.2,56.21
"2022-10-01 00:50:00",191624,12.7,17.11,751.8,15.2,56.31
"2022-10-01 00:55:00",191625,12.7,17.04,751.7,15.1,56.62
"2022-10-01 01:00:00",191626,12.69,16.97,751.7,14.76,57.96
"2022-10-01 01:05:00",191627,12.69,16.88,751.7,14.79,58.03
"2022-10-01 01:10:00",191628,12.69,16.81,751.6,14.86,57.97
"2022-10-01 01:15:00",191629,12.69,16.73,751.6,14.81,58.21
"2022-10-01 01:20:00",191630,12.69,16.65,751.6,14.79,58.29
"2022-10-01 01:25:00",191631,12.69,16.58,751.6,14.74,58.53
"2022-10-01 01:30:00",191632,12.68,16.48,751.6,14.5,59.42
"2022-10-01 01:35:00",191633,12.68,16.38,751.6,14.51,59.27
"2022-10-01 01:40:00",191634,12.68,16.27,751.6,14.41,59.67
"2022-10-01 01:45:00",191635,12.68,16.19,751.6,14.37,59.75
"2022-10-01 01:50:00",191636,12.67,16.09,751.6,14.46,59.53
"2022-10-01 01:55:00",191637,12.67,16.02,751.6,14.47,59.5
"2022-10-01 02:00:00",191638,12.67,15.95,751.6,14.36,59.9
"2022-10-01 02:05:00",191639,12.67,15.88,751.6,14.29,60.16
"2022-10-01 02:10:00",191640,12.67,15.82,751.5,14.09,60.78
"2022-10-01 02:15:00",191641,12.66,15.75,751.4,14.16,60.7
"2022-10-01 02:20:00",191642,12.66,15.69,751.4,14.17,60.67
"2022-10-01 02:25:00",191643,12.66,15.64,751.4,13.98,61.38
"2022-10-01 02:30:00",191644,12.66,15.58,751.4,13.75,61.61
"2022-10-01 02:35:00",191645,12.65,15.52,751.4,13.8,61.65
"2022-10-01 02:40:00",191646,12.65,15.47,751.4,13.63,62.45
"2022-10-01 02:45:00",191647,12.65,15.41,751.3,13.75,61.61
"2022-10-01 02:50:00",191648,12.65,15.38,751.3,13.83,60.97
"2022-10-01 02:55:00",191649,12.64,15.36,751.3,13.81,60.68
"2022-10-01 03:00:00",191650,12.64,15.36,751.3,13.57,61.46
"2022-10-01 03:05:00",191651,12.64,15.31,751.3,13.57,61.55
"2022-10-01 03:10:00",191652,12.63,15.26,751.3,13.51,61.6
"2022-10-01 03:15:00",191653,12.63,15.21,751.4,13.43,62.09
"2022-10-01 03:20:00",191654,12.63,15.16,751.4,13.23,62.26
"2022-10-01 03:25:00",191655,12.63,15.12,751.3,13.12,63.22
"2022-10-01 03:30:00",191656,12.62,15.05,751.3,13.06,63.26
"2022-10-01 03:35:00",191657,12.62,14.98,751.4,12.89,64.64
"2022-10-01 03:40:00",191658,12.62,14.91,751.3,12.72,63.85
"2022-10-01 03:45:00",191659,12.61,14.84,751.3,12.56,60.86
"2022-10-01 03:50:00",191660,12.61,14.76,751.3,12.56,61.68
"2022-10-01 03:55:00",191661,12.61,14.7,751.3,12.38,61.59
"2022-10-01 04:00:00",191662,12.61,14.61,751.3,12.22,62.33
"2022-10-01 04:05:00",191663,12.6,14.52,751.4,12.27,62.16
"2022-10-01 04:10:00",191664,12.6,14.45,751.5,12.52,61.65
"2022-10-01 04:15:00",191665,12.6,14.4,751.5,12.54,62.38
"2022-10-01 04:20:00",191666,12.59,14.36,751.6,12.51,63.05
"2022-10-01 04:25:00",191667,12.59,14.33,751.6,12.54,63.59
"2022-10-01 04:30:00",191668,12.59,14.31,751.6,12.48,64.07
"2022-10-01 04:35:00",191669,12.59,14.27,751.7,12.45,64.39
"2022-10-01 04:40:00",191670,12.58,14.21,751.7,12.52,64.89
"2022-10-01 04:45:00",191671,12.58,14.2,751.8,12.5,65.09
"2022-10-01 04:50:00",191672,12.58,14.18,751.8,12.34,65.62
"2022-10-01 04:55:00",191673,12.57,14.12,751.9,12.2,66.11
"2022-10-01 05:00:00",191674,12.57,14.06,752,12.07,66.9
"2022-10-01 05:05:00",191675,12.57,14,752,12.19,67.47
"2022-10-01 05:10:00",191676,12.57,13.95,752.1,12.16,68.04
"2022-10-01 05:15:00",191677,12.56,13.89,752.1,12.02,68.81
"2022-10-01 05:20:00",191678,12.56,13.83,752.1,12.01,69.33
"2022-10-01 05:25:00",191679,12.56,13.76,752.1,11.94,69.77
"2022-10-01 05:30:00",191680,12.55,13.68,752.2,11.84,70.38
"2022-10-01 05:35:00",191681,12.55,13.62,752.2,11.87,70.24
"2022-10-01 05:40:00",191682,12.55,13.56,752.3,11.81,70.34
"2022-10-01 05:45:00",191683,12.54,13.49,752.4,11.79,69.86
"2022-10-01 05:50:00",191684,12.54,13.44,752.4,11.83,69.66
"2022-10-01 05:55:00",191685,12.54,13.4,752.5,11.67,70.12
"2022-10-01 06:00:00",191686,12.53,13.41,752.6,11.37,71.5
"2022-10-01 06:05:00",191687,12.54,13.36,752.7,11.23,71.65
"2022-10-01 06:10:00",191688,12.54,13.3,752.7,11.29,71.32
"2022-10-01 06:15:00",191689,12.55,13.25,752.8,11.25,72.83
"2022-10-01 06:20:00",191690,12.59,13.25,752.8,11.19,73.61
"2022-10-01 06:25:00",191691,12.61,13.28,752.9,11.49,70.43
"2022-10-01 06:30:00",191692,12.68,13.38,752.9,11.97,69.75
"2022-10-01 06:35:00",191693,12.76,13.54,753,12.54,68.14
"2022-10-01 06:40:00",191694,12.85,13.77,753,12.89,65.92
"2022-10-01 06:45:00",191695,12.99,14.08,753.1,13,65.47
"2022-10-01 06:50:00",191696,13.15,14.47,753.1,13.11,65.44
"2022-10-01 06:55:00",191697,13.29,14.93,753.2,13.43,65.81
"2022-10-01 07:00:00",191698,13.39,15.44,753.3,13.95,63.83
"2022-10-01 07:05:00",191699,13.48,16.01,753.3,14.34,62.25
"2022-10-01 07:10:00",191700,13.56,16.62,753.4,14.78,61.04
"2022-10-01 07:15:00",191701,13.62,17.23,753.5,14.56,61.01
"2022-10-01 07:20:00",191702,13.68,17.88,753.5,14.77,59.79
"2022-10-01 07:25:00",191703,13.75,18.56,753.6,15.57,57.93
"2022-10-01 07:30:00",191704,13.85,19.28,753.7,16.23,56.34
"2022-10-01 07:35:00",191705,13.71,20.51,753.8,15.66,57.68
"2022-10-01 07:40:00",191706,13.71,21.67,753.8,15.72,57.54
"2022-10-01 07:45:00",191707,13.69,22.41,753.8,15.64,58.13
"2022-10-01 07:50:00",191708,13.69,22.99,753.8,16.49,55.22
"2022-10-01 07:55:00",191709,13.66,23.51,753.9,15.7,57.23
"2022-10-01 08:00:00",191710,13.66,23.92,753.9,17.07,52.61
"2022-10-01 08:05:00",191711,13.66,24.37,753.9,16.81,52.69
"2022-10-01 08:10:00",191712,13.63,24.76,753.8,17.33,49.82
"2022-10-01 08:15:00",191713,13.64,25.11,753.9,17.55,48.97
"2022-10-01 08:20:00",191714,13.64,25.5,753.9,17.31,47.16
"2022-10-01 08:25:00",191715,13.64,25.83,753.9,17.18,48.83
"2022-10-01 08:30:00",191716,13.61,26.12,753.9,17.67,46.79
"2022-10-01 08:35:00",191717,13.61,26.46,754,18.48,45.28
"2022-10-01 08:40:00",191718,13.61,26.82,754,18.13,45.84
"2022-10-01 08:45:00",191719,13.59,27.14,754,18.13,44.92
"2022-10-01 08:50:00",191720,13.59,27.34,754,18.15,45.4
"2022-10-01 08:55:00",191721,13.59,27.55,754,18.39,43.78
"2022-10-01 09:00:00",191722,13.59,27.8,754,18.59,43.07
"2022-10-01 09:05:00",191723,13.59,28.03,754,18.4,43.36
"2022-10-01 09:10:00",191724,13.59,28.26,754,18.71,43.11
"2022-10-01 09:15:00",191725,13.56,28.51,754,19.58,40.54
"2022-10-01 09:20:00",191726,13.56,28.83,754,19.71,39.52
"2022-10-01 09:25:00",191727,13.56,29.09,754,19.19,42.66
"2022-10-01 09:30:00",191728,13.56,29.3,754,19.1,42.16
"2022-10-01 09:35:00",191729,13.54,29.4,753.9,19.2,41.92
"2022-10-01 09:40:00",191730,13.54,29.51,753.8,19.87,41.54
"2022-10-01 09:45:00",191731,13.54,29.72,753.8,19.92,39.68
"2022-10-01 09:50:00",191732,13.54,29.92,753.8,20.24,39.42
"2022-10-01 09:55:00",191733,13.54,30.12,753.7,20.08,38.65
"2022-10-01 10:00:00",191734,13.54,30.35,753.7,19.58,38.67
"2022-10-01 10:05:00",191735,13.52,30.53,753.6,20.61,35.24
"2022-10-01 10:10:00",191736,13.52,30.69,753.6,20.56,35.76
"2022-10-01 10:15:00",191737,13.52,30.86,753.5,20.44,35.78
"2022-10-01 10:20:00",191738,13.52,31.03,753.5,21.31,33.92
"2022-10-01 10:25:00",191739,13.52,31.27,753.4,21.19,35.39
"2022-10-01 10:30:00",191740,13.52,31.44,753.4,20.7,34.46
"2022-10-01 10:35:00",191741,13.52,31.52,753.3,20.9,34.54
"2022-10-01 10:40:00",191742,13.5,31.56,753.2,21.07,34.29
"2022-10-01 10:45:00",191743,13.5,31.59,753.1,21.14,32.84
"2022-10-01 10:50:00",191744,13.5,31.68,753,22.5,32.16
"2022-10-01 10:55:00",191745,13.5,31.88,752.9,23.07,30.27
"2022-10-01 11:00:00",191746,13.5,32.13,753,22.65,30.37
"2022-10-01 11:05:00",191747,13.5,32.28,752.9,21.85,31.17
"2022-10-01 11:10:00",191748,13.5,32.32,752.8,22.13,31.33
"2022-10-01 11:15:00",191749,13.5,32.37,752.7,22.5,30.69
"2022-10-01 11:20:00",191750,13.5,32.44,752.7,22.25,30.14
"2022-10-01 11:25:00",191751,13.5,32.45,752.5,22.11,30.29
"2022-10-01 11:30:00",191752,13.5,32.43,752.5,22.7,29.97
"2022-10-01 11:35:00",191753,13.5,32.41,752.4,22.35,29.78
"2022-10-01 11:40:00",191754,13.5,32.37,752.4,22.93,28.24
"2022-10-01 11:45:00",191755,13.5,32.38,752.2,23,28.31
"2022-10-01 11:50:00",191756,13.5,32.39,752.1,23.25,27.62
"2022-10-01 11:55:00",191757,13.5,32.47,752.1,24.42,25.29
"2022-10-01 12:00:00",191758,13.48,32.48,751.9,23.13,27.95
"2022-10-01 12:05:00",191759,13.48,32.44,751.8,24.31,25.83
"2022-10-01 12:10:00",191760,13.48,32.4,751.8,23.09,26.83
"2022-10-01 12:15:00",191761,13.48,32.32,751.7,23.52,25.64
"2022-10-01 12:20:00",191762,13.48,32.34,751.6,24.45,25.5
"2022-10-01 12:25:00",191763,13.48,32.37,751.6,23.89,24.57
"2022-10-01 12:30:00",191764,13.48,32.39,751.4,24.05,24.38
"2022-10-01 12:35:00",191765,13.48,32.41,751.3,24.88,23.88
"2022-10-01 12:40:00",191766,13.48,32.5,751.2,25.16,23.56
"2022-10-01 12:45:00",191767,13.48,32.62,751.1,25.01,22.93
"2022-10-01 12:50:00",191768,13.48,32.66,751,25.04,22.04
"2022-10-01 12:55:00",191769,13.48,32.73,750.8,25.63,20.62
"2022-10-01 13:00:00",191770,13.48,32.86,750.8,26.16,19.6
"2022-10-01 13:05:00",191771,13.49,33.04,750.7,25.22,18.37
"2022-10-01 13:10:00",191772,13.49,33.1,750.6,25.5,18.56
"2022-10-01 13:15:00",191773,13.48,33.09,750.5,24.93,18.8
"2022-10-01 13:20:00",191774,13.48,33.07,750.3,25.01,19.89
"2022-10-01 13:25:00",191775,13.49,33.03,750.2,24.85,20.01
"2022-10-01 13:30:00",191776,13.48,33.01,750.1,26.18,18.98
"2022-10-01 13:35:00",191777,13.49,33.05,750,27.28,18.13
"2022-10-01 13:40:00",191778,13.49,33.25,749.9,27.54,18.63
"2022-10-01 13:45:00",191779,13.46,33.5,749.8,27.47,18.14
"2022-10-01 13:50:00",191780,13.46,33.76,749.7,26.32,18.39
"2022-10-01 13:55:00",191781,13.46,33.95,749.7,26.02,18.9
"2022-10-01 14:00:00",191782,13.46,34.05,749.6,25.91,19.24
"2022-10-01 14:05:00",191783,13.46,34.1,749.5,26.42,19.97
"2022-10-01 14:10:00",191784,13.46,34.18,749.4,25.89,20.42
"2022-10-01 14:15:00",191785,13.46,34.21,749.3,26.7,19.92
"2022-10-01 14:20:00",191786,13.46,34.28,749.3,26.32,19.41
"2022-10-01 14:25:00",191787,13.46,34.34,749.2,27.44,19.05
"2022-10-01 14:30:00",191788,13.46,34.52,749.2,27.02,19.45
"2022-10-01 14:35:00",191789,13.46,34.75,749.1,26.87,19.58
"2022-10-01 14:40:00",191790,13.44,35.01,749,28.07,19.16
"2022-10-01 14:45:00",191791,13.44,35.28,748.9,27.43,18.98
"2022-10-01 14:50:00",191792,13.44,35.6,748.8,28.53,18.97
"2022-10-01 14:55:00",191793,13.44,35.91,748.8,26.82,19.99
"2022-10-01 15:00:00",191794,13.41,36.01,748.7,26.86,21.18
"2022-10-01 15:05:00",191795,13.41,35.88,748.7,26.64,21.1
"2022-10-01 15:10:00",191796,13.41,35.67,748.6,25.9,21.26
"2022-10-01 15:15:00",191797,13.41,35.41,748.5,25.84,21.95
"2022-10-01 15:20:00",191798,13.42,35.15,748.5,27.07,20.63
"2022-10-01 15:25:00",191799,13.41,35,748.5,27.43,20.31
"2022-10-01 15:30:00",191800,13.42,35,748.4,27.67,19.34
"2022-10-01 15:35:00",191801,13.41,35.07,748.3,27.36,20.58
"2022-10-01 15:40:00",191802,13.41,35.11,748.3,27.68,20.18
"2022-10-01 15:45:00",191803,13.41,35.09,748.3,27.59,18.78
"2022-10-01 15:50:00",191804,13.42,35.11,748.3,27.28,19.25
"2022-10-01 15:55:00",191805,13.42,35.2,748.2,27.29,19.95
"2022-10-01 16:00:00",191806,13.42,35.07,748.2,26.78,20.48
"2022-10-01 16:05:00",191807,13.41,34.82,748.2,26.69,19.64
"2022-10-01 16:10:00",191808,13.41,34.51,748.2,26.79,19.71
"2022-10-01 16:15:00",191809,13.41,34.28,748.2,26.51,20.81
"2022-10-01 16:20:00",191810,13.41,34.13,748.1,27.25,20.23
"2022-10-01 16:25:00",191811,13.41,34.13,748,27.56,19.27
"2022-10-01 16:30:00",191812,13.41,34.1,748.1,26.5,19.83
"2022-10-01 16:35:00",191813,13.41,33.9,748,26.49,20.74
"2022-10-01 16:40:00",191814,13.41,33.69,748,26.51,19.94
"2022-10-01 16:45:00",191815,13.42,33.53,748,26.96,19.72
"2022-10-01 16:50:00",191816,13.42,33.44,748,26.59,19.53
"2022-10-01 16:55:00",191817,13.41,33.32,748,26.49,19
"2022-10-01 17:00:00",191818,13.41,33.22,748.1,27.16,19.03
"2022-10-01 17:05:00",191819,13.41,33.21,748.1,26.55,19.14
"2022-10-01 17:10:00",191820,13.42,33.18,748,26.51,17.1
"2022-10-01 17:15:00",191821,13.41,33.09,748,26.19,16.74
"2022-10-01 17:20:00",191822,13.42,33.01,748,26.9,16.25
"2022-10-01 17:25:00",191823,13.37,32.42,748.1,26.41,17.94
"2022-10-01 17:30:00",191824,13.25,31.88,748.1,26.54,18.96
"2022-10-01 17:35:00",191825,13.15,31.62,748.2,26.41,19.62
"2022-10-01 17:40:00",191826,13.08,31.42,748.3,26.32,19.2
"2022-10-01 17:45:00",191827,13.03,31.28,748.4,26.17,20.51
"2022-10-01 17:50:00",191828,13,31.12,748.5,25.84,22.95
"2022-10-01 17:55:00",191829,12.97,30.9,748.4,25.04,26.46
"2022-10-01 18:00:00",191830,12.95,30.53,748.7,24.46,27.75
"2022-10-01 18:05:00",191831,12.92,30.02,748.7,23.56,25.91
"2022-10-01 18:10:00",191832,12.9,29.41,748.8,23.17,27.34
"2022-10-01 18:15:00",191833,12.88,28.8,748.9,23.19,29.44
"2022-10-01 18:20:00",191834,12.87,28.21,749,23.14,31.29
"2022-10-01 18:25:00",191835,12.86,27.69,749.1,22.87,32.06
"2022-10-01 18:30:00",191836,12.86,27.2,749.2,22.75,31.85
"2022-10-01 18:35:00",191837,12.85,26.74,749.2,22.75,29.91
"2022-10-01 18:40:00",191838,12.85,26.36,749.3,22.63,29.56
"2022-10-01 18:45:00",191839,12.85,26.02,749.3,22.23,31.81
"2022-10-01 18:50:00",191840,12.84,25.7,749.3,21.99,32.88
"2022-10-01 18:55:00",191841,12.84,25.4,749.4,21.57,34.14
"2022-10-01 19:00:00",191842,12.84,25.12,749.6,21.16,34.63
"2022-10-01 19:05:00",191843,12.84,24.82,749.7,20.8,29.95
"2022-10-01 19:10:00",191844,12.83,24.51,749.8,20.68,30.61
"2022-10-01 19:15:00",191845,12.83,24.26,750,20.58,32.26
"2022-10-01 19:20:00",191846,12.83,24,750.2,20.32,32.17
"2022-10-01 19:25:00",191847,12.83,23.77,750.4,20.37,29.18
"2022-10-01 19:30:00",191848,12.82,23.52,750.4,20.45,27.71
"2022-10-01 19:35:00",191849,12.82,23.34,750.5,20.46,26.83
"2022-10-01 19:40:00",191850,12.82,23.19,750.5,20.42,26.83
"2022-10-01 19:45:00",191851,12.82,23.05,750.6,20.39,26.69
"2022-10-01 19:50:00",191852,12.81,22.92,750.7,20.36,26.05
"2022-10-01 19:55:00",191853,12.81,22.81,750.8,20.3,25.84
"2022-10-01 20:00:00",191854,12.81,22.71,750.9,20.34,25.71
"2022-10-01 20:05:00",191855,12.8,22.62,751,20.32,25.81
"2022-10-01 20:10:00",191856,12.8,22.53,751.1,20.14,27.41
"2022-10-01 20:15:00",191857,12.8,22.45,751.2,20.1,28.49
"2022-10-01 20:20:00",191858,12.8,22.34,751.2,19.84,29.94
"2022-10-01 20:25:00",191859,12.8,22.26,751.3,19.6,31.05
"2022-10-01 20:30:00",191860,12.79,22.15,751.4,19.44,31.5
"2022-10-01 20:35:00",191861,12.79,22.02,751.5,19.27,31.55
"2022-10-01 20:40:00",191862,12.79,21.88,751.7,19.24,31.48
"2022-10-01 20:45:00",191863,12.79,21.74,751.8,18.94,32.38
"2022-10-01 20:50:00",191864,12.78,21.6,751.9,19.04,32.59
"2022-10-01 20:55:00",191865,12.78,21.47,752,18.99,32.98
"2022-10-01 21:00:00",191866,12.78,21.34,752,18.88,33.66
"2022-10-01 21:05:00",191867,12.78,21.23,752.1,18.56,34.91
"2022-10-01 21:10:00",191868,12.78,21.12,752.1,18.49,35.56
"2022-10-01 21:15:00",191869,12.77,20.99,752.2,18.29,36.45
"2022-10-01 21:20:00",191870,12.77,20.84,752.2,18.16,36.89
"2022-10-01 21:25:00",191871,12.77,20.73,752.2,18.16,36.6
"2022-10-01 21:30:00",191872,12.77,20.61,752.3,18.2,36.25
"2022-10-01 21:35:00",191873,12.77,20.53,752.4,18.24,36.19
"2022-10-01 21:40:00",191874,12.77,20.45,752.5,18.29,35.8
"2022-10-01 21:45:00",191875,12.76,20.39,752.6,18.25,35.96
"2022-10-01 21:50:00",191876,12.76,20.35,752.6,18.33,35.71
"2022-10-01 21:55:00",191877,12.76,20.3,752.7,18.25,35.53
"2022-10-01 22:00:00",191878,12.76,20.25,752.7,18.27,35.41
"2022-10-01 22:05:00",191879,12.76,20.2,752.8,18.27,35.21
"2022-10-01 22:10:00",191880,12.76,20.16,752.7,18.31,34.95
"2022-10-01 22:15:00",191881,12.75,20.14,752.7,18.43,34.77
"2022-10-01 22:20:00",191882,12.75,20.11,752.8,18.4,35.09
"2022-10-01 22:25:00",191883,12.75,20.1,752.8,18.33,35.77
"2022-10-01 22:30:00",191884,12.75,20.08,752.9,18.38,35.61
"2022-10-01 22:35:00",191885,12.75,20.06,752.9,18.33,36.06
"2022-10-01 22:40:00",191886,12.75,20.05,752.8,18.37,37.11
"2022-10-01 22:45:00",191887,12.75,20.03,752.8,18.31,37.95
"2022-10-01 22:50:00",191888,12.74,20.02,752.9,18.27,38.08
"2022-10-01 22:55:00",191889,12.75,20,752.9,18.2,38.55
"2022-10-01 23:00:00",191890,12.74,19.98,752.8,18.03,39.79
"2022-10-01 23:05:00",191891,12.74,19.94,752.8,17.76,40.92
"2022-10-01 23:10:00",191892,12.74,19.88,752.8,17.5,41.66
"2022-10-01 23:15:00",191893,12.74,19.78,752.9,17.29,42.6
"2022-10-01 23:20:00",191894,12.74,19.69,752.8,17.29,42.63
"2022-10-01 23:25:00",191895,12.73,19.58,752.8,17.23,42.85
"2022-10-01 23:30:00",191896,12.73,19.47,752.8,17.09,43.4
"2022-10-01 23:35:00",191897,12.73,19.36,752.8,16.99,43.9
"2022-10-01 23:40:00",191898,12.73,19.24,752.8,16.85,44.33
"2022-10-01 23:45:00",191899,12.73,19.13,752.8,16.78,44.63
"2022-10-01 23:50:00",191900,12.73,19.02,752.7,16.64,45.06
"2022-10-01 23:55:00",191901,12.73,18.91,752.7,16.58,45.49
"2022-10-02 00:00:00",191902,12.72,18.8,752.8,16.58,45.81
"2022-10-02 00:05:00",191903,12.72,18.7,752.8,16.54,45.9
"2022-10-02 00:10:00",191904,12.72,18.61,752.8,16.38,46.6
"2022-10-02 00:15:00",191905,12.72,18.52,752.8,16.14,47.2
"2022-10-02 00:20:00",191906,12.72,18.39,752.8,16.28,46.53
"2022-10-02 00:25:00",191907,12.71,18.31,752.7,16.32,46.5
"2022-10-02 00:30:00",191908,12.71,18.24,752.7,16.31,46.37
"2022-10-02 00:35:00",191909,12.71,18.16,752.7,16.29,46.31
"2022-10-02 00:40:00",191910,12.71,18.1,752.7,16.13,46.82
"2022-10-02 00:45:00",191911,12.71,18.04,752.7,16.08,46.91
"2022-10-02 00:50:00",191912,12.71,17.99,752.7,16.06,46.81
"2022-10-02 00:55:00",191913,12.7,17.92,752.7,16.04,46.62
"2022-10-02 01:00:00",191914,12.7,17.87,752.7,16.02,46.56
"2022-10-02 01:05:00",191915,12.7,17.84,752.7,15.98,46.77
"2022-10-02 01:10:00",191916,12.7,17.8,752.6,15.9,46.76
"2022-10-02 01:15:00",191917,12.7,17.74,752.6,15.98,46.43
"2022-10-02 01:20:00",191918,12.69,17.71,752.5,15.91,46.64
"2022-10-02 01:25:00",191919,12.69,17.66,752.5,15.88,46.79
"2022-10-02 01:30:00",191920,12.69,17.61,752.5,15.95,46.45
"2022-10-02 01:35:00",191921,12.69,17.57,752.5,15.9,46.48
"2022-10-02 01:40:00",191922,12.69,17.52,752.5,15.8,46.65
"2022-10-02 01:45:00",191923,12.68,17.47,752.5,15.75,46.77
"2022-10-02 01:50:00",191924,12.68,17.42,752.4,15.76,46.62
"2022-10-02 01:55:00",191925,12.68,17.38,752.4,15.7,47.08
"2022-10-02 02:00:00",191926,12.68,17.35,752.4,15.6,47.5
"2022-10-02 02:05:00",191927,12.68,17.32,752.4,15.49,47.96
"2022-10-02 02:10:00",191928,12.67,17.26,752.3,15.5,47.99
"2022-10-02 02:15:00",191929,12.67,17.22,752.3,15.47,48.11
"2022-10-02 02:20:00",191930,12.67,17.18,752.3,15.5,47.96
"2022-10-02 02:25:00",191931,12.67,17.14,752.3,15.38,48.35
"2022-10-02 02:30:00",191932,12.66,17.1,752.3,15.4,48.29
"2022-10-02 02:35:00",191933,12.66,17.06,752.3,15.46,48.11
"2022-10-02 02:40:00",191934,12.66,17.03,752.3,15.47,47.96
"2022-10-02 02:45:00",191935,12.66,17,752.4,15.38,48.1
"2022-10-02 02:50:00",191936,12.65,16.95,752.3,15.3,48.37
"2022-10-02 02:55:00",191937,12.65,16.9,752.4,15.03,49.27
"2022-10-02 03:00:00",191938,12.65,16.82,752.4,14.66,50.61
"2022-10-02 03:05:00",191939,12.65,16.71,752.5,14.89,49.93
"2022-10-02 03:10:00",191940,12.64,16.62,752.5,14.55,50.16
"2022-10-02 03:15:00",191941,12.64,16.51,752.5,14.43,48.72
"2022-10-02 03:20:00",191942,12.64,16.41,752.5,14.37,48.53
"2022-10-02 03:25:00",191943,12.63,16.3,752.5,14.19,48.13
"2022-10-02 03:30:00",191944,12.63,16.21,752.5,14.37,48.75
"2022-10-02 03:35:00",191945,12.63,16.13,752.5,14.73,47.95
"2022-10-02 03:40:00",191946,12.63,16.09,752.5,14.71,45.64
"2022-10-02 03:45:00",191947,12.62,16.05,752.5,14.41,48.29
"2022-10-02 03:50:00",191948,12.62,16.01,752.5,14.36,49.02
"2022-10-02 03:55:00",191949,12.62,15.94,752.5,14.27,48.45
"2022-10-02 04:00:00",191950,12.62,15.87,752.5,14.39,49.33
"2022-10-02 04:05:00",191951,12.61,15.81,752.5,14,51.19
"2022-10-02 04:10:00",191952,12.61,15.74,752.6,13.83,52.15
"2022-10-02 04:15:00",191953,12.61,15.68,752.6,13.8,52.48
"2022-10-02 04:20:00",191954,12.61,15.63,752.6,13.66,52.37
"2022-10-02 04:25:00",191955,12.6,15.6,752.6,14.55,46.93
"2022-10-02 04:30:00",191956,12.6,15.62,752.7,14.83,47.41
"2022-10-02 04:35:00",191957,12.6,15.68,752.7,14.67,49.5
"2022-10-02 04:40:00",191958,12.6,15.75,752.8,14.77,46.9
"2022-10-02 04:45:00",191959,12.59,15.8,752.8,14.49,48.85
"2022-10-02 04:50:00",191960,12.59,15.86,752.8,14.09,50.41
"2022-10-02 04:55:00",191961,12.59,15.89,752.8,13.81,50.18
"2022-10-02 05:00:00",191962,12.59,15.91,752.9,13.73,51
"2022-10-02 05:05:00",191963,12.58,15.91,752.9,13.81,50
"2022-10-02 05:10:00",191964,12.58,15.88,753,13.71,50.88
"2022-10-02 05:15:00",191965,12.58,15.88,753.1,13.52,52.11
"2022-10-02 05:20:00",191966,12.58,15.83,753.1,13.23,53.07
"2022-10-02 05:25:00",191967,12.57,15.77,753.2,13.08,53.9
"2022-10-02 05:30:00",191968,12.57,15.69,753.2,13.02,53.92
"2022-10-02 05:35:00",191969,12.57,15.61,753.2,12.97,53.98
"2022-10-02 05:40:00",191970,12.57,15.53,753.2,12.95,53.91
"2022-10-02 05:45:00",191971,12.56,15.44,753.3,13.02,53.92
"2022-10-02 05:50:00",191972,12.56,15.36,753.2,12.95,57.47
"2022-10-02 05:55:00",191973,12.55,15.29,753.3,12.78,56.87
"2022-10-02 06:00:00",191974,12.56,15.24,753.3,12.4,60.77
"2022-10-02 06:05:00",191975,12.55,15.17,753.3,12.1,63.39
"2022-10-02 06:10:00",191976,12.56,15.08,753.4,12.04,61.42
"2022-10-02 06:15:00",191977,12.58,15,753.4,12.25,58.67
"2022-10-02 06:20:00",191978,12.62,14.99,753.5,12.93,55.54
"2022-10-02 06:25:00",191979,12.65,15.04,753.5,13.43,54.59
"2022-10-02 06:30:00",191980,12.7,15.17,753.6,13.69,53.63
"2022-10-02 06:35:00",191981,12.78,15.34,753.7,13.73,53.94
"2022-10-02 06:40:00",191982,12.87,15.59,753.7,13.87,54.53
"2022-10-02 06:45:00",191983,12.99,15.83,753.8,14.47,52.24
"2022-10-02 06:50:00",191984,13.16,16.17,753.9,14.76,51.21
"2022-10-02 06:55:00",191985,13.28,16.58,753.9,14.86,49.89
"2022-10-02 07:00:00",191986,13.37,17.03,754,15.34,50.24
"2022-10-02 07:05:00",191987,13.45,17.55,754,16.27,47.5
"2022-10-02 07:10:00",191988,13.51,18.09,754,16.45,48.61
"2022-10-02 07:15:00",191989,13.57,18.69,754.1,16.62,47.7
"2022-10-02 07:20:00",191990,13.62,19.29,754.1,16.57,47.79
"2022-10-02 07:25:00",191991,13.68,19.9,754.2,16.31,47.44
"2022-10-02 07:30:00",191992,13.76,20.52,754.2,17.3,46.21
"2022-10-02 07:35:00",191993,13.88,21.19,754.3,17.77,43.16
"2022-10-02 07:40:00",191994,13.68,22.59,754.4,18.26,42.84
"2022-10-02 07:45:00",191995,13.69,23.47,754.5,18.43,41.58
"2022-10-02 07:50:00",191996,13.66,24.12,754.4,19.02,41.29
"2022-10-02 07:55:00",191997,13.66,24.7,754.5,19.42,40.79
"2022-10-02 08:00:00",191998,13.63,25.25,754.5,20.1,38.72
"2022-10-02 08:05:00",191999,13.63,25.83,754.5,19.63,39.25
"2022-10-02 08:10:00",192000,13.61,26.33,754.5,19.14,41.21
"2022-10-02 08:15:00",192001,13.61,26.78,754.6,19.73,39.95
"2022-10-02 08:20:00",192002,13.61,27.19,754.6,19.39,40.91
"2022-10-02 08:25:00",192003,13.58,27.54,754.6,19.27,39.7
"2022-10-02 08:30:00",192004,13.58,27.85,754.6,19.78,39.59
"2022-10-02 08:35:00",192005,13.58,28.17,754.6,19.5,39.73
"2022-10-02 08:40:00",192006,13.56,28.43,754.6,19.21,39.53
"2022-10-02 08:45:00",192007,13.56,28.62,754.6,19.54,40.47
"2022-10-02 08:50:00",192008,13.56,28.8,754.5,19.93,39.16
"2022-10-02 08:55:00",192009,13.56,29,754.5,20.15,38.21
"2022-10-02 09:00:00",192010,13.56,29.29,754.5,20.24,38.44
"2022-10-02 09:05:00",192011,13.54,29.59,754.5,20.64,36.65
"2022-10-02 09:10:00",192012,13.53,29.86,754.4,20.23,36.05
"2022-10-02 09:15:00",192013,13.54,30.11,754.4,20.51,37.53
"2022-10-02 09:20:00",192014,13.54,30.4,754.3,21.53,35.85
"2022-10-02 09:25:00",192015,13.52,30.78,754.3,21.68,33.55
"2022-10-02 09:30:00",192016,13.52,31.12,754.3,21.6,34.08
"2022-10-02 09:35:00",192017,13.52,31.41,754.2,20.64,35.27
"2022-10-02 09:40:00",192018,13.52,31.55,754.3,21.59,33.28
"2022-10-02 09:45:00",192019,13.52,31.68,754.2,20.93,33.29
"2022-10-02 09:50:00",192020,13.49,31.78,754.2,21.24,32.45
"2022-10-02 09:55:00",192021,13.49,31.88,754.1,20.94,33.82
"2022-10-02 10:00:00",192022,13.49,32.01,754,20.42,34.5
"2022-10-02 10:05:00",192023,13.49,32.18,754,21.76,32.77
"2022-10-02 10:10:00",192024,13.49,32.34,753.9,21.81,31.24
"2022-10-02 10:15:00",192025,13.49,32.51,753.8,21.96,31.62
"2022-10-02 10:20:00",192026,13.49,32.68,753.7,22.26,31.58
"2022-10-02 10:25:00",192027,13.49,32.86,753.7,22.45,30.89
"2022-10-02 10:30:00",192028,13.47,33,753.6,22.21,30.87
"2022-10-02 10:35:00",192029,13.47,33.09,753.5,22.11,31.26
"2022-10-02 10:40:00",192030,13.47,33.11,753.4,22.75,29.71
"2022-10-02 10:45:00",192031,13.47,33.2,753.3,22.91,29.52
"2022-10-02 10:50:00",192032,13.47,33.31,753.3,22.78,30.45
"2022-10-02 10:55:00",192033,13.47,33.42,753.3,22.37,29.81
"2022-10-02 11:00:00",192034,13.47,33.4,753.1,22.56,29.83
"2022-10-02 11:05:00",192035,13.48,33.4,753,23.75,28.1
"2022-10-02 11:10:00",192036,13.47,33.54,753,23.66,28.6
"2022-10-02 11:15:00",192037,13.48,33.62,752.9,23.16,29.27
"2022-10-02 11:20:00",192038,13.47,33.63,752.8,22.61,30.17
"2022-10-02 11:25:00",192039,13.48,33.63,752.7,23.31,28.91
"2022-10-02 11:30:00",192040,13.48,33.67,752.6,24,29.95
"2022-10-02 11:35:00",192041,13.48,33.75,752.5,23.89,28.11
"2022-10-02 11:40:00",192042,13.48,33.78,752.4,24.54,28.3
"2022-10-02 11:45:00",192043,13.48,33.9,752.3,24.21,27.46
"2022-10-02 11:50:00",192044,13.45,33.89,752.2,24.36,27.33
"2022-10-02 11:55:00",192045,13.45,33.78,752.1,23.4,28.28
"2022-10-02 12:00:00",192046,13.46,33.58,752,24.07,27.35
"2022-10-02 12:05:00",192047,13.45,33.47,751.9,24.6,28.88
"2022-10-02 12:10:00",192048,13.45,33.51,751.8,25.04,27.18
"2022-10-02 12:15:00",192049,13.45,33.48,751.7,23.66,28.91
"2022-10-02 12:20:00",192050,13.46,33.33,751.6,24.46,28.02
"2022-10-02 12:25:00",192051,13.46,33.28,751.5,25,27.04
"2022-10-02 12:30:00",192052,13.46,33.3,751.5,25.2,26.92
"2022-10-02 12:35:00",192053,13.45,33.34,751.4,24.46,27.68
"2022-10-02 12:40:00",192054,13.46,33.31,751.3,25.47,26.7
"2022-10-02 12:45:00",192055,13.46,33.3,751.1,24.57,28.37
"2022-10-02 12:50:00",192056,13.46,33.22,751,24.72,27.97
"2022-10-02 12:55:00",192057,13.46,33.12,750.9,24.55,27.76
"2022-10-02 13:00:00",192058,13.46,33.03,750.7,24.49,28.19
"2022-10-02 13:05:00",192059,13.46,32.93,750.7,25.28,27.06
"2022-10-02 13:10:00",192060,13.46,32.84,750.6,24.92,28.6
"2022-10-02 13:15:00",192061,13.46,32.72,750.4,25.83,26.76
"2022-10-02 13:20:00",192062,13.46,32.73,750.3,25,27.31
"2022-10-02 13:25:00",192063,13.46,32.73,750.2,25.22,27.33
"2022-10-02 13:30:00",192064,13.46,32.77,750.1,25.09,27.59
"2022-10-02 13:35:00",192065,13.46,32.79,750.1,25.38,27.17
"2022-10-02 13:40:00",192066,13.46,32.8,750,25.47,26.98
"2022-10-02 13:45:00",192067,13.46,32.86,749.9,25.89,26.63
"2022-10-02 13:50:00",192068,13.46,32.97,749.8,26.07,26.17
"2022-10-02 13:55:00",192069,13.46,33.11,749.7,25.51,26.94
"2022-10-02 14:00:00",192070,13.46,33.17,749.6,26.46,25.64
"2022-10-02 14:05:00",192071,13.46,33.24,749.5,25.89,26.56
"2022-10-02 14:10:00",192072,13.46,33.27,749.4,25.87,26.77
"2022-10-02 14:15:00",192073,13.46,33.3,749.3,25.9,26.91
"2022-10-02 14:20:00",192074,13.46,33.36,749.3,26.64,25.83
"2022-10-02 14:25:00",192075,13.46,33.53,749.3,27.38,24.4
"2022-10-02 14:30:00",192076,13.46,33.86,749.2,26.97,24.72
"2022-10-02 14:35:00",192077,13.46,34.12,749,26.96,24.41
"2022-10-02 14:40:00",192078,13.46,34.27,749.1,27.15,24.63
"2022-10-02 14:45:00",192079,13.46,34.32,749,26,26.81
"2022-10-02 14:50:00",192080,13.46,34.21,749,26.34,26.73
"2022-10-02 14:55:00",192081,13.46,34.06,749,26.58,26.31
"2022-10-02 15:00:00",192082,13.46,33.74,749,25.65,27.23
"2022-10-02 15:05:00",192083,13.46,33.52,748.9,25.67,27.94
"2022-10-02 15:10:00",192084,13.46,33.33,748.8,25.97,27.87
"2022-10-02 15:15:00",192085,13.46,33.21,748.7,26.29,27.28
"2022-10-02 15:20:00",192086,13.46,33.1,748.8,25.62,28.32
"2022-10-02 15:25:00",192087,13.46,33.03,748.6,25.52,28.65
"2022-10-02 15:30:00",192088,13.46,32.95,748.6,25.74,27.58
"2022-10-02 15:35:00",192089,13.46,32.89,748.6,25.91,27.52
"2022-10-02 15:40:00",192090,13.46,32.87,748.7,25.98,27.87
"2022-10-02 15:45:00",192091,13.46,32.87,748.6,25.68,27.67
"2022-10-02 15:50:00",192092,13.46,32.84,748.4,26.03,27.26
"2022-10-02 15:55:00",192093,13.46,32.75,748.5,25.4,28.16
"2022-10-02 16:00:00",192094,13.46,32.68,748.5,25.63,28.25
"2022-10-02 16:05:00",192095,13.46,32.63,748.4,25.62,28.08
"2022-10-02 16:10:00",192096,13.46,32.59,748.4,25.6,28.04
"2022-10-02 16:15:00",192097,13.46,32.55,748.5,25.54,27.97
"2022-10-02 16:20:00",192098,13.46,32.49,748.5,25.6,28.25
"2022-10-02 16:25:00",192099,13.46,32.47,748.5,25.65,27.81
"2022-10-02 16:30:00",192100,13.46,32.45,748.4,24.93,29.01
"2022-10-02 16:35:00",192101,13.46,32.33,748.4,25.08,28.81
"2022-10-02 16:40:00",192102,13.46,32.01,748.5,24.25,30.44
"2022-10-02 16:45:00",192103,13.46,31.73,748.5,24.45,29.95
"2022-10-02 16:50:00",192104,13.46,31.47,748.5,24.64,29.59
"2022-10-02 16:55:00",192105,13.46,31.32,748.5,24.51,30.19
"2022-10-02 17:00:00",192106,13.46,31.22,748.5,24.42,30.52
"2022-10-02 17:05:00",192107,13.46,31.11,748.5,24.52,30.33
"2022-10-02 17:10:00",192108,13.46,30.98,748.6,24.11,31.3
"2022-10-02 17:15:00",192109,13.46,30.78,748.6,23.99,31.83
"2022-10-02 17:20:00",192110,13.46,30.56,748.6,23.93,31.89
"2022-10-02 17:25:00",192111,13.46,30.39,748.8,23.49,33.12
"2022-10-02 17:30:00",192112,13.35,29.46,748.7,23.66,32.44
"2022-10-02 17:35:00",192113,13.21,28.91,748.8,22.82,34.06
"2022-10-02 17:40:00",192114,13.11,28.42,749.1,22.81,34.32
"2022-10-02 17:45:00",192115,13.04,27.97,749.1,22.81,34.02
"2022-10-02 17:50:00",192116,13,27.63,749.2,22.62,33.74
"2022-10-02 17:55:00",192117,12.96,27.33,749.3,22.44,34.22
"2022-10-02 18:00:00",192118,12.93,27.06,749.4,22.25,34.57
"2022-10-02 18:05:00",192119,12.91,26.77,749.5,22.04,34.85
"2022-10-02 18:10:00",192120,12.88,26.45,749.5,21.83,35.29
"2022-10-02 18:15:00",192121,12.87,26.12,749.7,21.93,34.31
"2022-10-02 18:20:00",192122,12.85,25.81,749.8,22.01,33.65
"2022-10-02 18:25:00",192123,12.84,25.52,749.8,21.87,33.8
"2022-10-02 18:30:00",192124,12.84,25.25,749.9,21.79,34.03
"2022-10-02 18:35:00",192125,12.84,24.96,749.9,21.56,34.34
"2022-10-02 18:40:00",192126,12.84,24.73,750.1,21.76,33.5
"2022-10-02 18:45:00",192127,12.83,24.54,750.1,21.69,33.95
"2022-10-02 18:50:00",192128,12.83,24.39,750.2,21.52,34.27
"2022-10-02 18:55:00",192129,12.83,24.25,750.5,21.65,33.75
"2022-10-02 19:00:00",192130,12.83,24.14,750.6,21.38,35.71
"2022-10-02 19:05:00",192131,12.82,24,750.8,20.91,37.57
"2022-10-02 19:10:00",192132,12.82,23.83,750.8,20.49,38.47
"2022-10-02 19:15:00",192133,12.82,23.64,750.9,20.58,38.51
"2022-10-02 19:20:00",192134,12.82,23.47,751,20.31,39.33
"2022-10-02 19:25:00",192135,12.82,23.29,751.1,20.47,38.53
"2022-10-02 19:30:00",192136,12.81,23.15,751.1,20.23,40.03
"2022-10-02 19:35:00",192137,12.81,23,751.3,20.09,40.86
"2022-10-02 19:40:00",192138,12.81,22.86,751.3,19.69,42.62
"2022-10-02 19:45:00",192139,12.8,22.7,751.4,19.3,43.53
"2022-10-02 19:50:00",192140,12.8,22.53,751.5,19.1,44.15
"2022-10-02 19:55:00",192141,12.8,22.37,751.6,19.1,44.08
"2022-10-02 20:00:00",192142,12.8,22.24,751.7,19.38,43.22
"2022-10-02 20:05:00",192143,12.8,22.17,751.8,19.29,44.08
"2022-10-02 20:10:00",192144,12.8,22.12,751.9,19.4,43.74
"2022-10-02 20:15:00",192145,12.8,22.09,752.1,19.47,43.81
"2022-10-02 20:20:00",192146,12.79,22.07,752.1,19.49,44.04
"2022-10-02 20:25:00",192147,12.79,22.06,752.2,19.52,44.07
"2022-10-02 20:30:00",192148,12.79,22.04,752.3,19.48,44.45
"2022-10-02 20:35:00",192149,12.79,22.01,752.4,19.38,44.56
"2022-10-02 20:40:00",192150,12.79,21.97,752.5,19.35,44.63
"2022-10-02 20:45:00",192151,12.78,21.95,752.6,19.34,44.69
"2022-10-02 20:50:00",192152,12.78,21.92,752.6,19.28,45.13
"2022-10-02 20:55:00",192153,12.78,21.89,752.7,19.28,45.47
"2022-10-02 21:00:00",192154,12.78,21.88,752.8,19.2,45.81
"2022-10-02 21:05:00",192155,12.78,21.84,752.8,19.26,45.89
"2022-10-02 21:10:00",192156,12.78,21.84,752.9,19.2,45.97
"2022-10-02 21:15:00",192157,12.77,21.83,753,19.2,45.97
"2022-10-02 21:20:00",192158,12.77,21.8,753,19.17,45.59
"2022-10-02 21:25:00",192159,12.77,21.76,753,19.06,44.65
"2022-10-02 21:30:00",192160,12.77,21.69,753.1,18.96,45.18
"2022-10-02 21:35:00",192161,12.77,21.59,753.1,18.71,46.26
"2022-10-02 21:40:00",192162,12.77,21.47,753.1,18.58,46.56
"2022-10-02 21:45:00",192163,12.77,21.33,753.1,18.48,46.61
"2022-10-02 21:50:00",192164,12.77,21.2,753.2,18.49,46.61
"2022-10-02 21:55:00",192165,12.76,21.06,753.2,18.44,46.58
"2022-10-02 22:00:00",192166,12.76,20.94,753.3,18.25,47.18
"2022-10-02 22:05:00",192167,12.76,20.82,753.3,18.21,47.08
"2022-10-02 22:10:00",192168,12.76,20.72,753.4,18.15,47.42
"2022-10-02 22:15:00",192169,12.76,20.67,753.4,18.15,47.64
"2022-10-02 22:20:00",192170,12.75,20.62,753.4,18.17,47.77
"2022-10-02 22:25:00",192171,12.75,20.59,753.4,18.14,48.17
"2022-10-02 22:30:00",192172,12.75,20.59,753.5,18.14,48.55
"2022-10-02 22:35:00",192173,12.75,20.61,753.5,18.11,48.86
"2022-10-02 22:40:00",192174,12.75,20.62,753.5,18.1,49.39
"2022-10-02 22:45:00",192175,12.75,20.63,753.6,18.02,49.69
"2022-10-02 22:50:00",192176,12.75,20.63,753.6,18.13,49.9
"2022-10-02 22:55:00",192177,12.74,20.63,753.6,18.15,49.93
"2022-10-02 23:00:00",192178,12.75,20.64,753.7,18.12,50.49
"2022-10-02 23:05:00",192179,12.74,20.66,753.6,18.15,50.4
"2022-10-02 23:10:00",192180,12.74,20.66,753.6,18.13,50.21
"2022-10-02 23:15:00",192181,12.74,20.64,753.6,18.01,51
"2022-10-02 23:20:00",192182,12.74,20.6,753.6,17.87,51.45
"2022-10-02 23:25:00",192183,12.74,20.54,753.5,17.81,51.72
"2022-10-02 23:30:00",192184,12.74,20.46,753.6,17.71,52.2
"2022-10-02 23:35:00",192185,12.74,20.35,753.5,17.51,53.04
"2022-10-02 23:40:00",192186,12.73,20.26,753.5,17.58,52.49
"2022-10-02 23:45:00",192187,12.73,20.2,753.5,17.74,51.59
"2022-10-02 23:50:00",192188,12.73,20.16,753.5,17.77,50.16
"2022-10-02 23:55:00",192189,12.73,20.14,753.5,17.73,50.53
"2022-10-03 00:00:00",192190,12.73,20.12,753.5,17.75,50.56
"2022-10-03 00:05:00",192191,12.73,20.11,753.4,17.61,51.04
"2022-10-03 00:10:00",192192,12.73,20.11,753.4,17.6,51.32
"2022-10-03 00:15:00",192193,12.73,20.09,753.4,17.43,52.26
"2022-10-03 00:20:00",192194,12.72,20.07,753.4,17.38,52.62
"2022-10-03 00:25:00",192195,12.72,20.05,753.5,17.32,52.79
"2022-10-03 00:30:00",192196,12.72,20.02,753.5,17.31,53.13
"2022-10-03 00:35:00",192197,12.72,20,753.4,17.23,53.31
"2022-10-03 00:40:00",192198,12.72,19.98,753.3,17.24,53.4
"2022-10-03 00:45:00",192199,12.72,19.95,753.3,17.25,53.43
"2022-10-03 00:50:00",192200,12.72,19.89,753.3,17.21,53.4
"2022-10-03 00:55:00",192201,12.71,19.84,753.3,17.23,53.55
"2022-10-03 01:00:00",192202,12.71,19.78,753.1,17,54.47
"2022-10-03 01:05:00",192203,12.71,19.71,753.1,16.87,55.09
"2022-10-03 01:10:00",192204,12.71,19.62,753,16.8,55.42
"2022-10-03 01:15:00",192205,12.71,19.51,753,16.73,55.75
"2022-10-03 01:20:00",192206,12.71,19.41,753,16.72,55.8
"2022-10-03 01:25:00",192207,12.7,19.29,752.9,16.53,56.39
"2022-10-03 01:30:00",192208,12.7,19.16,752.9,16.34,57.09
"2022-10-03 01:35:00",192209,12.7,19.02,752.9,16.42,56.83
"2022-10-03 01:40:00",192210,12.7,18.91,752.9,16.54,56.3
"2022-10-03 01:45:00",192211,12.7,18.82,752.9,16.45,56.46
"2022-10-03 01:50:00",192212,12.69,18.76,752.8,16.44,56.44
"2022-10-03 01:55:00",192213,12.69,18.7,752.8,16.4,56.43
"2022-10-03 02:00:00",192214,12.69,18.63,752.8,16.3,56.69
"2022-10-03 02:05:00",192215,12.68,18.56,752.7,16.22,57.04
"2022-10-03 02:10:00",192216,12.68,18.49,752.7,16.06,57.53
"2022-10-03 02:15:00",192217,12.68,18.4,752.7,15.94,58.02
"2022-10-03 02:20:00",192218,12.68,18.31,752.6,15.96,57.82
"2022-10-03 02:25:00",192219,12.68,18.23,752.5,16.08,57.44
"2022-10-03 02:30:00",192220,12.67,18.15,752.6,15.96,57.39
"2022-10-03 02:35:00",192221,12.67,18.1,752.6,15.87,57.86
"2022-10-03 02:40:00",192222,12.67,18.04,752.5,15.68,58.43
"2022-10-03 02:45:00",192223,12.67,17.99,752.5,15.76,58.29
"2022-10-03 02:50:00",192224,12.66,17.96,752.4,16.06,57.16
"2022-10-03 02:55:00",192225,12.66,17.96,752.4,16.23,56.49
"2022-10-03 03:00:00",192226,12.66,17.98,752.5,16.17,57.06
"2022-10-03 03:05:00",192227,12.66,17.97,752.4,15.52,60.03
"2022-10-03 03:10:00",192228,12.65,17.96,752.4,15.31,60.98
"2022-10-03 03:15:00",192229,12.65,17.93,752.4,15.18,61.88
"2022-10-03 03:20:00",192230,12.65,17.88,752.4,15.03,62.86
"2022-10-03 03:25:00",192231,12.64,17.79,752.3,14.97,62.73
"2022-10-03 03:30:00",192232,12.64,17.73,752.4,15.12,61.81
"2022-10-03 03:35:00",192233,12.64,17.67,752.3,15.38,61.35
"2022-10-03 03:40:00",192234,12.64,17.6,752.3,15.42,60.37
"2022-10-03 03:45:00",192235,12.64,17.55,752.3,15.54,60.39
"2022-10-03 03:50:00",192236,12.63,17.52,752.4,15.37,61.23
"2022-10-03 03:55:00",192237,12.63,17.5,752.4,15.41,60.79
"2022-10-03 04:00:00",192238,12.63,17.49,752.4,15.46,60.38
"2022-10-03 04:05:00",192239,12.63,17.49,752.4,15.52,59.97
"2022-10-03 04:10:00",192240,12.62,17.52,752.4,15.54,59.88
"2022-10-03 04:15:00",192241,12.62,17.55,752.4,15.42,60.07
"2022-10-03 04:20:00",192242,12.62,17.57,752.4,15.33,60.42
"2022-10-03 04:25:00",192243,12.62,17.57,752.4,15.24,60.49
"2022-10-03 04:30:00",192244,12.61,17.54,752.4,15.2,60.42
"2022-10-03 04:35:00",192245,12.61,17.5,752.4,15.16,60.51
"2022-10-03 04:40:00",192246,12.61,17.42,752.4,14.98,61.08
"2022-10-03 04:45:00",192247,12.61,17.33,752.4,15.01,61.11
"2022-10-03 04:50:00",192248,12.6,17.26,752.4,14.86,62.57
"2022-10-03 04:55:00",192249,12.6,17.17,752.4,14.71,63.01
"2022-10-03 05:00:00",192250,12.6,17.08,752.5,14.66,62.42
"2022-10-03 05:05:00",192251,12.6,17,752.4,14.58,62.61
"2022-10-03 05:10:00",192252,12.59,16.91,752.5,14.45,62.5
"2022-10-03 05:15:00",192253,12.59,16.8,752.5,14.43,62.17
"2022-10-03 05:20:00",192254,12.59,16.68,752.5,14.33,62.6
"2022-10-03 05:25:00",192255,12.58,16.58,752.6,14.32,63.45
"2022-10-03 05:30:00",192256,12.58,16.47,752.7,14.13,63.77
"2022-10-03 05:35:00",192257,12.58,16.36,752.7,14.19,64.87
"2022-10-03 05:40:00",192258,12.58,16.28,752.6,14.37,63.46
"2022-10-03 05:45:00",192259,12.57,16.19,752.6,14.19,65.13
"2022-10-03 05:50:00",192260,12.57,16.11,752.6,14.11,65.58
"2022-10-03 05:55:00",192261,12.57,16.06,752.6,14.01,65.56
"2022-10-03 06:00:00",192262,12.56,16.05,752.6,13.92,66.07
"2022-10-03 06:05:00",192263,12.57,16.03,752.6,13.87,66.59
"2022-10-03 06:10:00",192264,12.58,16,752.6,13.82,67.01
"2022-10-03 06:15:00",192265,12.59,16.01,752.6,13.92,66.77
"2022-10-03 06:20:00",192266,12.61,16.04,752.7,14.09,66.22
"2022-10-03 06:25:00",192267,12.64,16.09,752.7,14.34,64.92
"2022-10-03 06:30:00",192268,12.68,16.19,752.7,14.79,62.85
"2022-10-03 06:35:00",192269,12.73,16.35,752.7,15.3,60.77
"2022-10-03 06:40:00",192270,12.8,16.55,752.8,15.56,58.5
"2022-10-03 06:45:00",192271,12.84,16.78,752.8,15.52,59.16
"2022-10-03 06:50:00",192272,13.01,17.08,752.8,15.28,59.9
"2022-10-03 06:55:00",192273,13.17,17.46,752.9,15.51,59.13
"2022-10-03 07:00:00",192274,13.3,17.89,752.9,16.04,57.53
"2022-10-03 07:05:00",192275,13.4,18.4,753,16.45,56.07
"2022-10-03 07:10:00",192276,13.47,18.97,753,16.24,56.22
"2022-10-03 07:15:00",192277,13.54,19.57,753,16.44,57.28
"2022-10-03 07:20:00",192278,13.59,20.16,753,16.47,57.96
"2022-10-03 07:25:00",192279,13.64,20.75,753.1,16.5,56.47
"2022-10-03 07:30:00",192280,13.69,21.32,753.1,16.63,55.52
"2022-10-03 07:35:00",192281,13.78,21.92,753.1,17.07,55.09
"2022-10-03 07:40:00",192282,13.83,22.52,753.2,18.41,50.06
"2022-10-03 07:45:00",192283,13.69,24.05,753.2,19.39,47.2
"2022-10-03 07:50:00",192284,13.66,24.79,753.2,20.08,44.97
"2022-10-03 07:55:00",192285,13.63,25.39,753.2,19.65,46.44
"2022-10-03 08:00:00",192286,13.63,25.97,753.2,20.6,44.26
"2022-10-03 08:05:00",192287,13.61,26.52,753.2,20.25,45.72
"2022-10-03 08:10:00",192288,13.61,26.99,753.2,18.94,48.75
"2022-10-03 08:15:00",192289,13.58,27.33,753.3,19.56,47.51
"2022-10-03 08:20:00",192290,13.58,27.59,753.3,19.63,45.42
"2022-10-03 08:25:00",192291,13.58,27.87,753.3,20.18,42.8
"2022-10-03 08:30:00",192292,13.58,28.19,753.3,20.21,42.48
"2022-10-03 08:35:00",192293,13.56,28.48,753.4,20.16,42.93
"2022-10-03 08:40:00",192294,13.56,28.74,753.4,20.68,41.57
"2022-10-03 08:45:00",192295,13.56,29.07,753.4,20.9,40.72
"2022-10-03 08:50:00",192296,13.56,29.45,753.5,21.66,38.62
"2022-10-03 08:55:00",192297,13.53,29.81,753.4,21.04,39.73
"2022-10-03 09:00:00",192298,13.54,30.1,753.4,21.59,38.48
"2022-10-03 09:05:00",192299,13.54,30.42,753.3,21.73,38.4
"2022-10-03 09:10:00",192300,13.51,30.72,753.3,22.21,37.43
"2022-10-03 09:15:00",192301,13.52,31.08,753.2,22.89,35.96
"2022-10-03 09:20:00",192302,13.51,31.49,753.2,21.27,39.85
"2022-10-03 09:25:00",192303,13.52,31.82,753.2,21.72,36.93
"2022-10-03 09:30:00",192304,13.49,32.08,753.1,22.53,36.22
"2022-10-03 09:35:00",192305,13.49,32.37,753,22.54,36.08
"2022-10-03 09:40:00",192306,13.49,32.61,753,22.01,36.99
"2022-10-03 09:45:00",192307,13.49,32.75,753,22.12,36.21
"2022-10-03 09:50:00",192308,13.47,32.84,753,21.85,36.15
"2022-10-03 09:55:00",192309,13.47,32.85,752.9,22.39,36.27
"2022-10-03 10:00:00",192310,13.47,32.87,752.9,22.55,36.74
"2022-10-03 10:05:00",192311,13.47,32.9,752.9,21.79,36.67
"2022-10-03 10:10:00",192312,13.47,32.86,752.7,21.82,37.33
"2022-10-03 10:15:00",192313,13.47,32.87,752.7,23.21,35.29
"2022-10-03 10:20:00",192314,13.47,33.05,752.7,24.19,33.12
"2022-10-03 10:25:00",192315,13.47,33.35,752.6,24.64,31.75
"2022-10-03 10:30:00",192316,13.47,33.72,752.6,24.46,32
"2022-10-03 10:35:00",192317,13.47,34.06,752.5,23.37,33.11
"2022-10-03 10:40:00",192318,13.45,34.27,752.4,23.25,33.5
"2022-10-03 10:45:00",192319,13.45,34.26,752.3,21.97,35.27
"2022-10-03 10:50:00",192320,13.45,34.08,752.2,22.41,34.35
"2022-10-03 10:55:00",192321,13.45,33.93,752.1,22.09,36.11
"2022-10-03 11:00:00",192322,13.45,33.76,752.1,21.55,35.03
"2022-10-03 11:05:00",192323,13.45,33.58,751.9,22.59,34.97
"2022-10-03 11:10:00",192324,13.45,33.54,751.9,22.64,33.04
"2022-10-03 11:15:00",192325,13.45,33.59,751.8,24.07,31.1
"2022-10-03 11:20:00",192326,13.45,33.68,751.8,22.41,32.92
"2022-10-03 11:25:00",192327,13.45,33.66,751.7,22.6,32.31
"2022-10-03 11:30:00",192328,13.45,33.66,751.6,23.67,31.46
"2022-10-03 11:35:00",192329,13.45,33.77,751.5,24.7,29.94
"2022-10-03 11:40:00",192330,13.45,33.98,751.4,25.56,28.51
"2022-10-03 11:45:00",192331,13.45,34.22,751.3,25.1,29.36
"2022-10-03 11:50:00",192332,13.45,34.38,751.2,25.33,29.11
"2022-10-03 11:55:00",192333,13.46,34.6,751.2,26.33,27.14
"2022-10-03 12:00:00",192334,13.45,34.69,751.1,25.09,29.09
"2022-10-03 12:05:00",192335,13.46,34.71,751,25.83,28.47
"2022-10-03 12:10:00",192336,13.45,34.64,750.8,25.1,27.94
"2022-10-03 12:15:00",192337,13.46,34.55,750.7,25.28,26.99
"2022-10-03 12:20:00",192338,13.45,34.43,750.6,23.72,28.88
"2022-10-03 12:25:00",192339,13.46,34.22,750.3,25.44,27.48
"2022-10-03 12:30:00",192340,13.46,34.1,750.2,24.15,28.06
"2022-10-03 12:35:00",192341,13.45,34.01,750,25.69,26.58
"2022-10-03 12:40:00",192342,13.46,34.06,749.9,26.54,25.24
"2022-10-03 12:45:00",192343,13.46,34.19,749.8,24.51,28.4
"2022-10-03 12:50:00",192344,13.46,34.18,749.6,24.64,27.56
"2022-10-03 12:55:00",192345,13.46,34.1,749.5,25.31,25.77
"2022-10-03 13:00:00",192346,13.46,34.07,749.4,26.49,24.41
"2022-10-03 13:05:00",192347,13.46,34.09,749.2,25.08,26.84
"2022-10-03 13:10:00",192348,13.46,34.08,749.1,26.42,25.95
"2022-10-03 13:15:00",192349,13.46,34.17,748.9,26.9,25.06
"2022-10-03 13:20:00",192350,13.46,34.36,748.8,26.7,25.25
"2022-10-03 13:25:00",192351,13.46,34.61,748.6,27.29,24.53
"2022-10-03 13:30:00",192352,13.43,34.89,748.6,25.94,25.81
"2022-10-03 13:35:00",192353,13.44,35.01,748.4,26.36,25.09
"2022-10-03 13:40:00",192354,13.44,35.06,748.3,26.7,25.04
"2022-10-03 13:45:00",192355,13.44,35.06,748.2,26.53,24.07
"2022-10-03 13:50:00",192356,13.44,35.04,748,26.28,23.71
"2022-10-03 13:55:00",192357,13.44,34.9,748,26.36,23.64
"2022-10-03 14:00:00",192358,13.44,34.8,747.8,26.88,22.98
"2022-10-03 14:05:00",192359,13.44,34.8,747.7,27.2,21.96
"2022-10-03 14:10:00",192360,13.44,34.9,747.6,27.79,21.72
"2022-10-03 14:15:00",192361,13.44,35.13,747.5,27.96,21.8
"2022-10-03 14:20:00",192362,13.44,35.36,747.4,27.05,22.58
"2022-10-03 14:25:00",192363,13.44,35.38,747.3,25.92,23.54
"2022-10-03 14:30:00",192364,13.44,35.16,747.3,25.63,24.21
"2022-10-03 14:35:00",192365,13.44,34.92,747.2,27.04,23.27
"2022-10-03 14:40:00",192366,13.44,34.71,747.1,25.7,25.11
"2022-10-03 14:45:00",192367,13.44,34.4,747,25.86,25.19
"2022-10-03 14:50:00",192368,13.44,34.12,746.9,25.76,25.18
"2022-10-03 14:55:00",192369,13.44,33.87,746.8,26.11,25.34
"2022-10-03 15:00:00",192370,13.44,33.71,746.8,26.96,23.75
"2022-10-03 15:05:00",192371,13.44,33.68,746.7,26.3,24.02
"2022-10-03 15:10:00",192372,13.44,33.66,746.6,25.68,24.63
"2022-10-03 15:15:00",192373,13.44,33.6,746.6,26.19,23.73
"2022-10-03 15:20:00",192374,13.44,33.53,746.5,26.36,23.71
"2022-10-03 15:25:00",192375,13.44,33.52,746.5,27.49,22.96
"2022-10-03 15:30:00",192376,13.44,33.63,746.4,27.09,22.69
"2022-10-03 15:35:00",192377,13.44,33.72,746.4,26.64,23.38
"2022-10-03 15:40:00",192378,13.44,33.82,746.3,27.15,22.93
"2022-10-03 15:45:00",192379,13.44,34,746.2,27.88,21.73
"2022-10-03 15:50:00",192380,13.44,34.19,746.2,27.97,21.81
"2022-10-03 15:55:00",192381,13.44,34.37,746.1,26.61,23.66
"2022-10-03 16:00:00",192382,13.44,34.39,746.1,26.34,23.64
"2022-10-03 16:05:00",192383,13.44,34.32,746,26.46,23.3
"2022-10-03 16:10:00",192384,13.44,34.23,745.9,26.86,23.5
"2022-10-03 16:15:00",192385,13.44,34.16,745.9,26.77,23.12
"2022-10-03 16:20:00",192386,13.44,34.04,745.9,26.24,23.74
"2022-10-03 16:25:00",192387,13.44,33.78,745.8,26.05,24.45
"2022-10-03 16:30:00",192388,13.44,33.57,745.8,26.04,25.75
"2022-10-03 16:35:00",192389,13.44,33.34,745.7,26.26,25.84
"2022-10-03 16:40:00",192390,13.44,33.08,745.7,25.74,25.46
"2022-10-03 16:45:00",192391,13.44,32.74,745.8,25.72,27.1
"2022-10-03 16:50:00",192392,13.44,32.46,745.7,25.49,26.6
"2022-10-03 16:55:00",192393,13.44,32.14,745.7,25.32,27.17
"2022-10-03 17:00:00",192394,13.44,31.88,745.8,25.16,28.11
"2022-10-03 17:05:00",192395,13.44,31.65,745.7,25.26,28.29
"2022-10-03 17:10:00",192396,13.44,31.41,745.8,24.92,28.84
"2022-10-03 17:15:00",192397,13.34,30.53,745.9,24.72,28.85
"2022-10-03 17:20:00",192398,13.45,29.91,745.9,24.47,29.14
"2022-10-03 17:25:00",192399,13.25,29.46,746,24.29,29.43
"2022-10-03 17:30:00",192400,13.08,29.03,746,24.07,30.83
"2022-10-03 17:35:00",192401,12.98,28.62,746.1,23.94,31.39
"2022-10-03 17:40:00",192402,12.93,28.24,746.2,23.47,32.25
"2022-10-03 17:45:00",192403,12.9,27.87,746.3,23.1,32.82
"2022-10-03 17:50:00",192404,12.89,27.52,746.4,22.95,33.34
"2022-10-03 17:55:00",192405,12.88,27.21,746.5,22.82,33.69
"2022-10-03 18:00:00",192406,12.88,26.93,746.5,22.5,34.36
"2022-10-03 18:05:00",192407,12.87,26.69,746.6,22.45,34.75
"2022-10-03 18:10:00",192408,12.86,26.46,746.7,22.25,35.43
"2022-10-03 18:15:00",192409,12.85,26.26,746.7,22.29,34.28
"2022-10-03 18:20:00",192410,12.84,26.11,746.6,23.1,31.28
"2022-10-03 18:25:00",192411,12.84,26.02,746.7,23.43,29.86
"2022-10-03 18:30:00",192412,12.84,25.98,746.8,23.65,28.63
"2022-10-03 18:35:00",192413,12.83,25.97,746.9,23.03,30.2
"2022-10-03 18:40:00",192414,12.83,25.91,747.2,23.28,28.81
"2022-10-03 18:45:00",192415,12.83,25.9,747.5,23.12,29.67
"2022-10-03 18:50:00",192416,12.83,25.85,747.6,22.71,30.85
"2022-10-03 18:55:00",192417,12.83,25.76,747.7,22.52,30.63
"2022-10-03 19:00:00",192418,12.83,25.66,747.9,22.55,30.43
"2022-10-03 19:05:00",192419,12.82,25.54,748,21.55,33.41
"2022-10-03 19:10:00",192420,12.82,25.32,748,21.5,33.17
"2022-10-03 19:15:00",192421,12.82,25.07,748.1,21.13,34.23
"2022-10-03 19:20:00",192422,12.82,24.81,748.1,20.84,35
"2022-10-03 19:25:00",192423,12.81,24.53,748,20.48,35.88
"2022-10-03 19:30:00",192424,12.81,24.27,748.1,20.38,35.58
"2022-10-03 19:35:00",192425,12.81,24.01,748.1,20.34,35.84
"2022-10-03 19:40:00",192426,12.81,23.79,748.3,20.28,36
"2022-10-03 19:45:00",192427,12.8,23.54,748.4,20.3,35.67
"2022-10-03 19:50:00",192428,12.8,23.36,748.6,20.25,36.19
"2022-10-03 19:55:00",192429,12.8,23.17,748.7,20.1,36.7
"2022-10-03 20:00:00",192430,12.8,23,748.9,20.02,37.44
"2022-10-03 20:05:00",192431,12.8,22.84,749,20.09,36.37
"2022-10-03 20:10:00",192432,12.79,22.68,749.1,20.19,36.35
"2022-10-03 20:15:00",192433,12.79,22.57,749.2,20.2,37.43
"2022-10-03 20:20:00",192434,12.79,22.45,749.3,19.87,39.47
"2022-10-03 20:25:00",192435,12.79,22.32,749.3,19.1,42.93
"2022-10-03 20:30:00",192436,12.78,22.17,749.4,18.79,44.46
"2022-10-03 20:35:00",192437,12.78,21.97,749.4,18.57,45.74
"2022-10-03 20:40:00",192438,12.78,21.79,749.5,18.46,46.55
"2022-10-03 20:45:00",192439,12.78,21.6,749.6,18.49,46.68
"2022-10-03 20:50:00",192440,12.77,21.43,749.8,18.36,46.85
"2022-10-03 20:55:00",192441,12.77,21.26,749.9,18.21,47.59
"2022-10-03 21:00:00",192442,12.77,21.11,750.1,17.89,48.8
"2022-10-03 21:05:00",192443,12.77,20.96,750.1,18.08,48.04
"2022-10-03 21:10:00",192444,12.77,20.83,750.2,17.95,48.62
"2022-10-03 21:15:00",192445,12.76,20.71,750.3,17.82,49.42
"2022-10-03 21:20:00",192446,12.76,20.61,750.3,17.49,50.43
"2022-10-03 21:25:00",192447,12.76,20.47,750.4,17.01,51.61
"2022-10-03 21:30:00",192448,12.76,20.3,750.4,16.99,51.36
"2022-10-03 21:35:00",192449,12.76,20.15,750.6,17.07,50.75
"2022-10-03 21:40:00",192450,12.76,19.99,750.8,16.93,51.29
"2022-10-03 21:45:00",192451,12.75,19.85,751,16.71,51.51
"2022-10-03 21:50:00",192452,12.75,19.69,751,16.7,51.07
"2022-10-03 21:55:00",192453,12.75,19.54,751.1,16.57,51.49
"2022-10-03 22:00:00",192454,12.75,19.42,751.2,16.44,51.38
"2022-10-03 22:05:00",192455,12.75,19.32,751.2,16.7,50.45
"2022-10-03 22:10:00",192456,12.74,19.27,751.2,16.94,49.3
"2022-10-03 22:15:00",192457,12.74,19.27,751.2,17.17,48.24
"2022-10-03 22:20:00",192458,12.74,19.32,751,17.56,47.06
"2022-10-03 22:25:00",192459,12.74,19.4,751.1,17.65,46.82
"2022-10-03 22:30:00",192460,12.74,19.47,751,17.65,47.01
"2022-10-03 22:35:00",192461,12.74,19.54,750.9,17.71,47.33
"2022-10-03 22:40:00",192462,12.73,19.57,750.9,17.59,47.7
"2022-10-03 22:45:00",192463,12.74,19.58,750.8,17.53,47.78
"2022-10-03 22:50:00",192464,12.74,19.56,750.7,17.33,48.79
"2022-10-03 22:55:00",192465,12.73,19.51,750.8,16.89,50.48
"2022-10-03 23:00:00",192466,12.73,19.41,750.8,16.45,51.29
"2022-10-03 23:05:00",192467,12.73,19.29,750.7,16.4,50.66
"2022-10-03 23:10:00",192468,12.73,19.17,750.7,16.3,50.61
"2022-10-03 23:15:00",192469,12.73,19.03,750.7,16.26,50.95
"2022-10-03 23:20:00",192470,12.73,18.92,750.6,16.19,51.06
"2022-10-03 23:25:00",192471,12.73,18.81,750.6,16.18,50.66
"2022-10-03 23:30:00",192472,12.72,18.69,750.6,16.18,51.4
"2022-10-03 23:35:00",192473,12.72,18.58,750.5,16.29,50.05
"2022-10-03 23:40:00",192474,12.72,18.49,750.5,16.41,50.35
"2022-10-03 23:45:00",192475,12.72,18.44,750.4,16.23,52
"2022-10-03 23:50:00",192476,12.72,18.35,750.4,16.06,52.96
"2022-10-03 23:55:00",192477,12.72,18.28,750.4,16.06,52.99
"2022-10-04 00:00:00",192478,12.71,18.21,750.4,15.88,53.45
"2022-10-04 00:05:00",192479,12.71,18.11,750.3,15.78,54.88
"2022-10-04 00:10:00",192480,12.71,18.01,750.3,15.4,55.52
"2022-10-04 00:15:00",192481,12.71,17.89,750.3,15.26,56.16
"2022-10-04 00:20:00",192482,12.71,17.76,750.3,15.32,56.02
"2022-10-04 00:25:00",192483,12.71,17.63,750.3,15.3,56.65
"2022-10-04 00:30:00",192484,12.7,17.52,750.3,15.23,55.95
"2022-10-04 00:35:00",192485,12.7,17.39,750.2,15.3,56.14
"2022-10-04 00:40:00",192486,12.7,17.29,750.2,15.22,56.46
"2022-10-04 00:45:00",192487,12.7,17.18,750.2,15.24,55.4
"2022-10-04 00:50:00",192488,12.69,17.09,750.2,15.01,55.58
"2022-10-04 00:55:00",192489,12.69,17.02,750.1,14.91,55.72
"2022-10-04 01:00:00",192490,12.69,16.93,750.2,14.81,56.73
"2022-10-04 01:05:00",192491,12.69,16.88,750.1,15.2,56.4
"2022-10-04 01:10:00",192492,12.69,16.89,750.1,15.24,56.28
"2022-10-04 01:15:00",192493,12.69,16.9,750,15.19,55.88
"2022-10-04 01:20:00",192494,12.68,16.91,749.9,15.18,56.27
"2022-10-04 01:25:00",192495,12.68,16.91,749.9,15.13,56.33
"2022-10-04 01:30:00",192496,12.68,16.9,749.9,14.37,58.98
"2022-10-04 01:35:00",192497,12.68,16.86,749.8,14.15,59.45
"2022-10-04 01:40:00",192498,12.68,16.77,749.7,14.32,58.22
"2022-10-04 01:45:00",192499,12.67,16.68,749.6,14.54,57.41
"2022-10-04 01:50:00",192500,12.67,16.62,749.6,14.53,57.5
"2022-10-04 01:55:00",192501,12.67,16.55,749.6,14.37,57.99
"2022-10-04 02:00:00",192502,12.66,16.46,749.6,14.32,57.95
"2022-10-04 02:05:00",192503,12.66,16.36,749.5,14.1,58.72
"2022-10-04 02:10:00",192504,12.66,16.25,749.5,14.15,58.55
"2022-10-04 02:15:00",192505,12.66,16.16,749.5,14.2,58.83
"2022-10-04 02:20:00",192506,12.65,16.06,749.5,14.16,59.57
"2022-10-04 02:25:00",192507,12.65,15.96,749.5,13.97,60.49
"2022-10-04 02:30:00",192508,12.65,15.87,749.4,13.75,61.29
"2022-10-04 02:35:00",192509,12.65,15.78,749.4,13.73,61.2
"2022-10-04 02:40:00",192510,12.64,15.67,749.4,13.78,60.67
"2022-10-04 02:45:00",192511,12.64,15.58,749.3,13.91,60.42
"2022-10-04 02:50:00",192512,12.64,15.52,749.3,13.93,60.54
"2022-10-04 02:55:00",192513,12.63,15.48,749.3,14.09,59.89
"2022-10-04 03:00:00",192514,12.63,15.44,749.3,13.92,60.31
"2022-10-04 03:05:00",192515,12.63,15.4,749.3,13.96,58.07
"2022-10-04 03:10:00",192516,12.63,15.37,749.3,13.85,60.21
"2022-10-04 03:15:00",192517,12.62,15.31,749.3,13.35,61.81
"2022-10-04 03:20:00",192518,12.62,15.23,749.3,13.02,63.05
"2022-10-04 03:25:00",192519,12.62,15.11,749.3,13.01,62.64
"2022-10-04 03:30:00",192520,12.62,15.04,749.3,13.21,62.08
"2022-10-04 03:35:00",192521,12.61,14.96,749.3,13.28,62.01
"2022-10-04 03:40:00",192522,12.61,14.91,749.4,13.12,61.36
"2022-10-04 03:45:00",192523,12.61,14.86,749.4,13.11,60.98
"2022-10-04 03:50:00",192524,12.61,14.84,749.5,13.2,61.43
"2022-10-04 03:55:00",192525,12.6,14.8,749.5,13.3,61.27
"2022-10-04 04:00:00",192526,12.6,14.77,749.5,13.18,61.9
"2022-10-04 04:05:00",192527,12.6,14.71,749.5,13.04,62.61
"2022-10-04 04:10:00",192528,12.59,14.65,749.5,13.18,62.61
"2022-10-04 04:15:00",192529,12.59,14.63,749.5,13.13,63.07
"2022-10-04 04:20:00",192530,12.59,14.59,749.6,12.24,67.19
"2022-10-04 04:25:00",192531,12.59,14.5,749.5,11.93,68.6
"2022-10-04 04:30:00",192532,12.58,14.41,749.5,12.28,66.71
"2022-10-04 04:35:00",192533,12.58,14.32,749.6,12.34,66.43
"2022-10-04 04:40:00",192534,12.58,14.23,749.6,12.17,67
"2022-10-04 04:45:00",192535,12.57,14.15,749.6,12.06,67.84
"2022-10-04 04:50:00",192536,12.57,14.05,749.7,11.86,68.5
"2022-10-04 04:55:00",192537,12.57,13.98,749.7,12.1,67.57
"2022-10-04 05:00:00",192538,12.56,13.92,749.7,12.54,65.59
"2022-10-04 05:05:00",192539,12.56,13.92,749.8,12.62,65.35
"2022-10-04 05:10:00",192540,12.56,13.92,749.8,12.38,65.51
"2022-10-04 05:15:00",192541,12.56,13.9,749.8,12.2,67.1
"2022-10-04 05:20:00",192542,12.55,13.86,749.9,12.14,67.78
"2022-10-04 05:25:00",192543,12.55,13.8,749.9,12.01,68.29
"2022-10-04 05:30:00",192544,12.55,13.76,749.9,12.04,69.1
"2022-10-04 05:35:00",192545,12.55,13.69,749.9,11.86,69.73
"2022-10-04 05:40:00",192546,12.54,13.63,749.9,11.86,69.04
"2022-10-04 05:45:00",192547,12.54,13.57,749.9,11.83,68.95
"2022-10-04 05:50:00",192548,12.54,13.5,750,11.9,68.7
"2022-10-04 05:55:00",192549,12.53,13.51,750.1,11.79,68.2
"2022-10-04 06:00:00",192550,12.53,13.55,750.1,11.86,68.15
"2022-10-04 06:05:00",192551,12.54,13.56,750.2,11.65,67.77
"2022-10-04 06:10:00",192552,12.55,13.56,750.2,11.58,67.5
"2022-10-04 06:15:00",192553,12.56,13.57,750.2,11.55,67.32
"2022-10-04 06:20:00",192554,12.58,13.57,750.3,11.63,67.31
"2022-10-04 06:25:00",192555,12.6,13.6,750.4,11.99,65.99
"2022-10-04 06:30:00",192556,12.67,13.73,750.5,12.19,65.65
"2022-10-04 06:35:00",192557,12.74,13.92,750.5,12.4,64.84
"2022-10-04 06:40:00",192558,12.83,14.15,750.6,12.7,63.55
"2022-10-04 06:45:00",192559,12.96,14.44,750.7,13.27,61.62
"2022-10-04 06:50:00",192560,13.12,14.79,750.7,13.55,60.57
"2022-10-04 06:55:00",192561,13.23,15.22,750.8,13.42,60.2
"2022-10-04 07:00:00",192562,13.39,15.71,750.9,13.32,60.77
"2022-10-04 07:05:00",192563,13.46,16.26,750.9,13.53,60.27
"2022-10-04 07:10:00",192564,13.53,16.82,750.9,14.32,57.38
"2022-10-04 07:15:00",192565,13.59,17.42,751,14.86,55.29
"2022-10-04 07:20:00",192566,13.66,18.08,751,16.56,50.99
"2022-10-04 07:25:00",192567,13.72,18.8,751.1,16.63,49.88
"2022-10-04 07:30:00",192568,13.85,19.58,751.1,16.28,54.15
"2022-10-04 07:35:00",192569,13.8,21.11,751.2,16.76,51.67
"2022-10-04 07:40:00",192570,13.71,22.09,751.2,17.22,49.56
"2022-10-04 07:45:00",192571,13.69,22.73,751.3,17.53,48.79
"2022-10-04 07:50:00",192572,13.69,23.28,751.3,17.57,49.23
"2022-10-04 07:55:00",192573,13.66,23.72,751.3,17.42,49.43
"2022-10-04 08:00:00",192574,13.66,24.13,751.3,17.55,49.44
"2022-10-04 08:05:00",192575,13.66,24.51,751.4,17.95,47.18
"2022-10-04 08:10:00",192576,13.64,24.88,751.4,18.33,47.88
"2022-10-04 08:15:00",192577,13.64,25.26,751.4,17.69,49.09
"2022-10-04 08:20:00",192578,13.64,25.61,751.4,18.2,48.31
"2022-10-04 08:25:00",192579,13.61,25.98,751.3,18.45,47.96
"2022-10-04 08:30:00",192580,13.61,26.29,751.3,18.21,48.12
"2022-10-04 08:35:00",192581,13.61,26.58,751.3,18.51,47.94
"2022-10-04 08:40:00",192582,13.61,26.87,751.3,18.75,46.84
"2022-10-04 08:45:00",192583,13.59,27.15,751.3,19.19,46.76
"2022-10-04 08:50:00",192584,13.59,27.43,751.3,19.82,44.9
"2022-10-04 08:55:00",192585,13.59,27.79,751.3,19.89,44.27
"2022-10-04 09:00:00",192586,13.59,28.17,751.3,20.38,42.47
"2022-10-04 09:05:00",192587,13.56,28.51,751.3,20.22,42.39
"2022-10-04 09:10:00",192588,13.56,28.86,751.2,20.37,41.41
"2022-10-04 09:15:00",192589,13.56,29.2,751.2,20.91,39.59
"2022-10-04 09:20:00",192590,13.54,29.56,751.1,20.84,39.42
"2022-10-04 09:25:00",192591,13.53,29.87,751.1,20.79,37.81
"2022-10-04 09:30:00",192592,13.54,30.12,751,20.96,38.75
"2022-10-04 09:35:00",192593,13.54,30.3,750.9,21.14,37.16
"2022-10-04 09:40:00",192594,13.54,30.5,750.9,21.74,35.48
"2022-10-04 09:45:00",192595,13.54,30.75,750.8,22.35,32.69
"2022-10-04 09:50:00",192596,13.52,31.04,750.8,22.17,33.96
"2022-10-04 09:55:00",192597,13.52,31.36,750.7,22.27,34.07
"2022-10-04 10:00:00",192598,13.52,31.65,750.6,22.54,33.63
"2022-10-04 10:05:00",192599,13.49,31.85,750.5,22.47,33.1
"2022-10-04 10:10:00",192600,13.49,32.11,750.4,23.29,30.16
"2022-10-04 10:15:00",192601,13.49,32.41,750.4,22.99,29.63
"2022-10-04 10:20:00",192602,13.49,32.66,750.3,23.5,30.44
"2022-10-04 10:25:00",192603,13.5,32.95,750.2,23.56,29
"2022-10-04 10:30:00",192604,13.47,33.2,750.1,23.91,26.86
"2022-10-04 10:35:00",192605,13.47,33.44,750,23.85,26.82
"2022-10-04 10:40:00",192606,13.47,33.62,749.9,24.13,26.36
"2022-10-04 10:45:00",192607,13.47,33.86,749.8,24.77,25.52
"2022-10-04 10:50:00",192608,13.47,34.09,749.7,24.97,25.54
"2022-10-04 10:55:00",192609,13.45,34.34,749.5,26.25,23.29
"2022-10-04 11:00:00",192610,13.45,34.64,749.5,24.5,23.03
"2022-10-04 11:05:00",192611,13.45,34.78,749.4,24.56,23.93
"2022-10-04 11:10:00",192612,13.45,34.79,749.2,24.63,23.8
"2022-10-04 11:15:00",192613,13.45,34.8,749.1,25.16,23.49
"2022-10-04 11:20:00",192614,13.45,34.88,749,25.83,21.46
"2022-10-04 11:25:00",192615,13.45,34.99,748.9,25.26,22.29
"2022-10-04 11:30:00",192616,13.45,35.04,748.8,25.9,20.29
"2022-10-04 11:35:00",192617,13.45,35.01,748.6,25.04,21.27
"2022-10-04 11:40:00",192618,13.45,35.01,748.6,26.74,19.57
"2022-10-04 11:45:00",192619,13.45,35.01,748.4,25.42,20.01
"2022-10-04 11:50:00",192620,13.45,35,748.3,25.98,20.01
"2022-10-04 11:55:00",192621,13.45,35.06,748.2,27.04,19.62
"2022-10-04 12:00:00",192622,13.45,35.11,748.1,25.4,20.6
"2022-10-04 12:05:00",192623,13.46,34.99,748,25.88,20.6
"2022-10-04 12:10:00",192624,13.46,34.92,747.9,26.16,19.74
"2022-10-04 12:15:00",192625,13.45,34.98,747.8,27.95,19.57
"2022-10-04 12:20:00",192626,13.43,35.03,747.7,26.11,19.81
"2022-10-04 12:25:00",192627,13.43,35,747.6,26.7,20.05
"2022-10-04 12:30:00",192628,13.43,34.9,747.5,26.26,19.12
"2022-10-04 12:35:00",192629,13.43,34.83,747.3,27.46,18.35
"2022-10-04 12:40:00",192630,13.43,34.87,747.2,26.76,18.38
"2022-10-04 12:45:00",192631,13.43,34.89,747.1,27.66,18.11
"2022-10-04 12:50:00",192632,13.43,34.97,747,28.05,17.54
"2022-10-04 12:55:00",192633,13.43,35.03,746.8,27.04,18.54
"2022-10-04 13:00:00",192634,13.43,35.09,746.7,27.97,17.32
"2022-10-04 13:05:00",192635,13.43,35.15,746.6,26.66,18.87
"2022-10-04 13:10:00",192636,13.43,35.09,746.5,28.1,17.05
"2022-10-04 13:15:00",192637,13.43,35.07,746.5,27.96,17.25
"2022-10-04 13:20:00",192638,13.43,35.13,746.4,28.57,15.8
"2022-10-04 13:25:00",192639,13.43,35.22,746.3,28.52,14.98
"2022-10-04 13:30:00",192640,13.43,35.38,746.1,28.57,13.24
"2022-10-04 13:35:00",192641,13.44,35.52,746,28.66,13.53
"2022-10-04 13:40:00",192642,13.44,35.64,745.9,29.02,13.62
"2022-10-04 13:45:00",192643,13.44,35.8,745.8,29.14,15.69
"2022-10-04 13:50:00",192644,13.44,35.94,745.7,29.77,14.36
"2022-10-04 13:55:00",192645,13.41,36.07,745.7,27.94,15.84
"2022-10-04 14:00:00",192646,13.41,36.05,745.5,28.42,15.51
"2022-10-04 14:05:00",192647,13.41,35.93,745.4,28.11,15.92
"2022-10-04 14:10:00",192648,13.41,35.78,745.2,28,15.42
"2022-10-04 14:15:00",192649,13.41,35.61,745.2,28.76,14.57
"2022-10-04 14:20:00",192650,13.41,35.53,745.1,28.56,15.23
"2022-10-04 14:25:00",192651,13.41,35.5,745,28.06,15.99
"2022-10-04 14:30:00",192652,13.41,35.48,745,27.65,16.25
"2022-10-04 14:35:00",192653,13.41,35.38,744.8,27.52,17.58
"2022-10-04 14:40:00",192654,13.41,35.34,744.6,28.17,15.96
"2022-10-04 14:45:00",192655,13.41,35.37,744.4,28.91,16.59
"2022-10-04 14:50:00",192656,13.41,35.46,744.5,28.89,17.23
"2022-10-04 14:55:00",192657,13.41,35.59,744.4,29.54,16.7
"2022-10-04 15:00:00",192658,13.41,35.86,744.4,29.02,17.09
"2022-10-04 15:05:00",192659,13.41,36.07,744.3,28.7,17.86
"2022-10-04 15:10:00",192660,13.41,36.22,744.1,28.59,17.64
"2022-10-04 15:15:00",192661,13.42,36.01,744.2,27.11,20.15
"2022-10-04 15:20:00",192662,13.41,35.6,744.2,26.94,22.54
"2022-10-04 15:25:00",192663,13.42,35.1,744,27.2,22.17
"2022-10-04 15:30:00",192664,13.41,34.62,744,26.98,22.02
"2022-10-04 15:35:00",192665,13.41,34.22,744,26.79,21.45
"2022-10-04 15:40:00",192666,13.41,33.91,744,27.06,20.7
"2022-10-04 15:45:00",192667,13.41,33.68,743.9,27.14,20.08
"2022-10-04 15:50:00",192668,13.41,33.44,744,26.62,19.84
"2022-10-04 15:55:00",192669,13.41,33.3,743.7,27.04,20.49
"2022-10-04 16:00:00",192670,13.41,33.17,744,26.73,20.34
"2022-10-04 16:05:00",192671,13.41,33.13,743.9,27.16,20.71
"2022-10-04 16:10:00",192672,13.41,33.17,743.8,26.76,22.63
"2022-10-04 16:15:00",192673,13.41,33.18,743.8,26.92,23.47
"2022-10-04 16:20:00",192674,13.41,33.2,743.8,26.41,24.33
"2022-10-04 16:25:00",192675,13.41,33,743.8,26.05,22.52
"2022-10-04 16:30:00",192676,13.41,32.93,743.7,26.41,23.23
"2022-10-04 16:35:00",192677,13.41,32.87,743.8,26.34,22.85
"2022-10-04 16:40:00",192678,13.41,32.85,743.5,26.16,22.52
"2022-10-04 16:45:00",192679,13.41,32.81,743.8,26.11,21.76
"2022-10-04 16:50:00",192680,13.41,32.79,743.8,26.13,23.21
"2022-10-04 16:55:00",192681,13.41,32.74,743.8,26.09,23.21
"2022-10-04 17:00:00",192682,13.41,32.56,743.6,25.53,22.55
"2022-10-04 17:05:00",192683,13.44,32.18,743.6,25.88,20.56
"2022-10-04 17:10:00",192684,13.44,32.1,743.7,25.78,20.42
"2022-10-04 17:15:00",192685,13.44,31.84,743.8,25.81,19.93
"2022-10-04 17:20:00",192686,13.46,31.46,743.7,25.81,20.07
"2022-10-04 17:25:00",192687,13.4,30.85,743.9,25.47,20.4
"2022-10-04 17:30:00",192688,13.3,30.5,744,25.7,20.2
"2022-10-04 17:35:00",192689,13.18,30.26,744,25.54,20.61
"2022-10-04 17:40:00",192690,13.09,30.11,744,25.72,19.72
"2022-10-04 17:45:00",192691,13.03,29.98,744.2,25.66,19.71
"2022-10-04 17:50:00",192692,12.99,29.81,744.2,25.32,20.32
"2022-10-04 17:55:00",192693,12.96,29.64,744.3,25.58,19.78
"2022-10-04 18:00:00",192694,12.94,29.5,744.3,25.66,19.58
"2022-10-04 18:05:00",192695,12.91,29.36,744.4,25.15,21.28
"2022-10-04 18:10:00",192696,12.89,29.13,744.5,23.88,27.3
"2022-10-04 18:15:00",192697,12.87,28.7,744.5,23.41,25.56
"2022-10-04 18:20:00",192698,12.86,28.2,744.6,23.43,27.4
"2022-10-04 18:25:00",192699,12.85,27.74,744.6,23.39,27.63
"2022-10-04 18:30:00",192700,12.85,27.29,744.6,22.9,31.73
"2022-10-04 18:35:00",192701,12.85,26.85,744.6,22.58,33.47
"2022-10-04 18:40:00",192702,12.84,26.41,744.6,22.23,34.5
"2022-10-04 18:45:00",192703,12.84,26.01,744.7,21.95,35.3
"2022-10-04 18:50:00",192704,12.84,25.64,744.8,21.66,36.06
"2022-10-04 18:55:00",192705,12.83,25.31,744.9,21.61,37.11
"2022-10-04 19:00:00",192706,12.83,25.01,744.9,21.73,35.87
"2022-10-04 19:05:00",192707,12.83,24.74,745,21.43,36.93
"2022-10-04 19:10:00",192708,12.83,24.49,745,21.53,36.28
"2022-10-04 19:15:00",192709,12.82,24.29,745,21.4,36.53
"2022-10-04 19:20:00",192710,12.82,24.13,745.1,21.33,36.69
"2022-10-04 19:25:00",192711,12.82,24,745.1,21.15,37.06
"2022-10-04 19:30:00",192712,12.82,23.86,745.1,21.17,36.57
"2022-10-04 19:35:00",192713,12.82,23.73,745.2,21.22,36.58
"2022-10-04 19:40:00",192714,12.81,23.59,745.3,20.97,36.92
"2022-10-04 19:45:00",192715,12.81,23.45,745.3,20.96,36.72
"2022-10-04 19:50:00",192716,12.81,23.31,745.3,20.88,36.84
"2022-10-04 19:55:00",192717,12.81,23.2,745.3,20.83,37.33
"2022-10-04 20:00:00",192718,12.81,23.09,745.4,20.84,37.62
"2022-10-04 20:05:00",192719,12.8,22.98,745.5,20.55,37.99
"2022-10-04 20:10:00",192720,12.8,22.86,745.6,20.9,38.02
"2022-10-04 20:15:00",192721,12.8,22.76,745.7,20.83,38.15
"2022-10-04 20:20:00",192722,12.8,22.66,745.7,20.78,38.47
"2022-10-04 20:25:00",192723,12.79,22.56,745.8,20.86,38.34
"2022-10-04 20:30:00",192724,12.79,22.51,745.9,20.63,38.78
"2022-10-04 20:35:00",192725,12.79,22.44,746,20.15,40.32
"2022-10-04 20:40:00",192726,12.79,22.33,746.1,19.78,41.18
"2022-10-04 20:45:00",192727,12.79,22.19,746.1,19.59,42
"2022-10-04 20:50:00",192728,12.79,22.04,746.3,19.26,43.05
"2022-10-04 20:55:00",192729,12.78,21.88,746.4,19.39,42.97
"2022-10-04 21:00:00",192730,12.78,21.75,746.5,19.24,43.08
"2022-10-04 21:05:00",192731,12.78,21.64,746.5,19.36,43.22
"2022-10-04 21:10:00",192732,12.78,21.52,746.6,18.95,43.69
"2022-10-04 21:15:00",192733,12.77,21.38,746.6,18.83,44.75
"2022-10-04 21:20:00",192734,12.77,21.26,746.7,18.85,44.34
"2022-10-04 21:25:00",192735,12.77,21.16,746.7,19.56,42.09
"2022-10-04 21:30:00",192736,12.77,21.12,746.8,19.56,42.02
"2022-10-04 21:35:00",192737,12.77,21.12,746.8,19.52,39.83
"2022-10-04 21:40:00",192738,12.77,21.12,746.9,19.18,37.91
"2022-10-04 21:45:00",192739,12.76,21.12,747,19.06,37.77
"2022-10-04 21:50:00",192740,12.76,21.09,747.1,18.88,38.27
"2022-10-04 21:55:00",192741,12.76,21.02,747.1,19.06,37.9
"2022-10-04 22:00:00",192742,12.76,20.96,747.2,19.1,37.87
"2022-10-04 22:05:00",192743,12.76,20.91,747.2,18.74,39.13
"2022-10-04 22:10:00",192744,12.76,20.83,747.3,18.59,39.4
"2022-10-04 22:15:00",192745,12.76,20.77,747.3,18.96,38.18
"2022-10-04 22:20:00",192746,12.75,20.73,747.4,18.97,38.41
"2022-10-04 22:25:00",192747,12.75,20.68,747.4,18.5,40.17
"2022-10-04 22:30:00",192748,12.75,20.61,747.4,18.53,40.01
"2022-10-04 22:35:00",192749,12.75,20.55,747.5,18.74,38.45
"2022-10-04 22:40:00",192750,12.75,20.49,747.6,18.89,38.33
"2022-10-04 22:45:00",192751,12.75,20.45,747.6,18.88,38.2
"2022-10-04 22:50:00",192752,12.75,20.44,747.6,19.03,38.8
"2022-10-04 22:55:00",192753,12.75,20.43,747.7,19.03,39.81
"2022-10-04 23:00:00",192754,12.74,20.43,747.7,19.02,40.16
"2022-10-04 23:05:00",192755,12.74,20.42,747.7,18.95,40.93
"2022-10-04 23:10:00",192756,12.74,20.41,747.7,19.01,38.83
"2022-10-04 23:15:00",192757,12.74,20.4,747.7,19.08,37.18
"2022-10-04 23:20:00",192758,12.74,20.38,747.7,18.68,37.27
"2022-10-04 23:25:00",192759,12.74,20.35,747.7,18.73,36.63
"2022-10-04 23:30:00",192760,12.74,20.33,747.6,18.75,35.94
"2022-10-04 23:35:00",192761,12.74,20.32,747.6,18.78,35.65
"2022-10-04 23:40:00",192762,12.73,20.31,747.6,18.77,35.78
"2022-10-04 23:45:00",192763,12.73,20.29,747.6,18.83,35.79
"2022-10-04 23:50:00",192764,12.73,20.27,747.6,18.64,36.42
"2022-10-04 23:55:00",192765,12.73,20.24,747.5,18.64,36.68
"2022-10-05 00:00:00",192766,12.73,20.18,747.5,18.66,36.69
"2022-10-05 00:05:00",192767,12.72,20.11,747.4,18.67,36.36
"2022-10-05 00:10:00",192768,12.73,20.04,747.4,18.21,38.17
"2022-10-05 00:15:00",192769,12.72,19.92,747.4,17.29,41.8
"2022-10-05 00:20:00",192770,12.72,19.78,747.4,16.93,44.46
"2022-10-05 00:25:00",192771,12.72,19.62,747.4,16.98,45.61
"2022-10-05 00:30:00",192772,12.72,19.44,747.3,16.97,45.1
"2022-10-05 00:35:00",192773,12.72,19.28,747.3,16.76,46.62
"2022-10-05 00:40:00",192774,12.71,19.11,747.3,16.44,47.64
"2022-10-05 00:45:00",192775,12.71,18.95,747.3,16.89,45.72
"2022-10-05 00:50:00",192776,12.71,18.82,747.5,17.05,45.23
"2022-10-05 00:55:00",192777,12.71,18.75,747.5,16.75,46.84
"2022-10-05 01:00:00",192778,12.71,18.66,747.5,16.61,47.76
"2022-10-05 01:05:00",192779,12.71,18.56,747.5,16.43,48.11
"2022-10-05 01:10:00",192780,12.7,18.45,747.3,16.3,48.16
"2022-10-05 01:15:00",192781,12.7,18.32,747.2,16.63,47.13
"2022-10-05 01:20:00",192782,12.7,18.23,747.2,16.7,46.83
"2022-10-05 01:25:00",192783,12.7,18.15,747.2,16.86,46.66
"2022-10-05 01:30:00",192784,12.69,18.1,747.1,17.01,46.27
"2022-10-05 01:35:00",192785,12.69,18.07,747,16.85,46.75
"2022-10-05 01:40:00",192786,12.69,18.04,747,16.21,48.71
"2022-10-05 01:45:00",192787,12.69,17.95,747,15.69,51.09
"2022-10-05 01:50:00",192788,12.69,17.85,747,15.74,50.29
"2022-10-05 01:55:00",192789,12.69,17.74,747,15.74,50.88
"2022-10-05 02:00:00",192790,12.68,17.64,747,15.8,51.23
"2022-10-05 02:05:00",192791,12.68,17.54,747,15.64,51.64
"2022-10-05 02:10:00",192792,12.68,17.46,747.1,15.66,49.41
"2022-10-05 02:15:00",192793,12.68,17.42,747.1,15.48,48.7
"2022-10-05 02:20:00",192794,12.67,17.38,747.2,15.16,49.07
"2022-10-05 02:25:00",192795,12.67,17.34,747.2,14.98,49.51
"2022-10-05 02:30:00",192796,12.67,17.26,747.2,15.1,48.84
"2022-10-05 02:35:00",192797,12.66,17.2,747.2,15.06,49.24
"2022-10-05 02:40:00",192798,12.66,17.11,747.2,15.04,48.96
"2022-10-05 02:45:00",192799,12.66,17.04,747.1,15.12,48.1
"2022-10-05 02:50:00",192800,12.66,16.95,747.1,15.01,49.11
"2022-10-05 02:55:00",192801,12.65,16.86,747.1,15.08,49.02
"2022-10-05 03:00:00",192802,12.65,16.79,747.1,15.25,48.46
"2022-10-05 03:05:00",192803,12.65,16.73,747.2,15.02,50.38
"2022-10-05 03:10:00",192804,12.65,16.64,747.2,14.2,52.54
"2022-10-05 03:15:00",192805,12.64,16.54,747.2,13.93,54.78
"2022-10-05 03:20:00",192806,12.64,16.42,747.2,13.76,56.63
"2022-10-05 03:25:00",192807,12.64,16.29,747.2,13.66,57.16
"2022-10-05 03:30:00",192808,12.63,16.16,747.1,13.73,56.63
"2022-10-05 03:35:00",192809,12.63,16.03,747.1,14,55.67
"2022-10-05 03:40:00",192810,12.63,15.95,747.1,13.85,56.34
"2022-10-05 03:45:00",192811,12.63,15.87,747.1,14.04,56.58
"2022-10-05 03:50:00",192812,12.63,15.78,747.1,14.09,56.08
"2022-10-05 03:55:00",192813,12.62,15.69,747.1,13.83,56.73
"2022-10-05 04:00:00",192814,12.62,15.64,747.2,13.81,55.43
"2022-10-05 04:05:00",192815,12.61,15.61,747.2,13.46,56.46
"2022-10-05 04:10:00",192816,12.61,15.56,747.3,13.69,55.02
"2022-10-05 04:15:00",192817,12.61,15.54,747.3,13.82,53.76
"2022-10-05 04:20:00",192818,12.61,15.53,747.3,14.03,52.24
"2022-10-05 04:25:00",192819,12.6,15.51,747.4,14.03,52.15
"2022-10-05 04:30:00",192820,12.6,15.47,747.4,12.98,58.79
"2022-10-05 04:35:00",192821,12.6,15.4,747.4,12.82,59.21
"2022-10-05 04:40:00",192822,12.6,15.28,747.4,13,56.91
"2022-10-05 04:45:00",192823,12.59,15.18,747.4,12.83,60.07
"2022-10-05 04:50:00",192824,12.59,15.08,747.4,12.8,59.65
"2022-10-05 04:55:00",192825,12.58,14.98,747.4,12.66,60.19
"2022-10-05 05:00:00",192826,12.58,14.87,747.5,13.02,58.02
"2022-10-05 05:05:00",192827,12.58,14.8,747.5,13.66,55.17
"2022-10-05 05:10:00",192828,12.58,14.81,747.6,13.69,56.02
"2022-10-05 05:15:00",192829,12.58,14.79,747.7,12.49,61.02
"2022-10-05 05:20:00",192830,12.57,14.71,747.7,12.03,63.03
"2022-10-05 05:25:00",192831,12.57,14.61,747.7,11.86,64.14
"2022-10-05 05:30:00",192832,12.56,14.47,747.7,11.89,64.23
"2022-10-05 05:35:00",192833,12.56,14.32,747.7,12,64.19
"2022-10-05 05:40:00",192834,12.56,14.2,747.8,11.88,64.38
"2022-10-05 05:45:00",192835,12.56,14.09,747.9,11.98,63.49
"2022-10-05 05:50:00",192836,12.55,13.97,747.9,11.63,64.68
"2022-10-05 05:55:00",192837,12.55,13.89,748,11.7,64.43
"2022-10-05 06:00:00",192838,12.55,13.84,748,12.34,62.55
"2022-10-05 06:05:00",192839,12.55,13.82,748,12.84,61.49
"2022-10-05 06:10:00",192840,12.56,13.87,748.1,13.08,60.32
"2022-10-05 06:15:00",192841,12.58,13.94,748.2,12.74,61.56
"2022-10-05 06:20:00",192842,12.61,14.03,748.2,13.03,60.99
"2022-10-05 06:25:00",192843,12.65,14.16,748.3,13.21,59.24
"2022-10-05 06:30:00",192844,12.71,14.37,748.4,13.08,59.61
"2022-10-05 06:35:00",192845,12.8,14.62,748.5,13.17,56.36
"2022-10-05 06:40:00",192846,12.94,14.93,748.5,13.71,54.42
"2022-10-05 06:45:00",192847,13.13,15.33,748.6,13.99,53.91
"2022-10-05 06:50:00",192848,13.32,15.83,748.6,14.03,53.79
"2022-10-05 06:55:00",192849,13.42,16.38,748.7,14.47,51.66
"2022-10-05 07:00:00",192850,13.5,16.98,748.8,15.27,49.45
"2022-10-05 07:05:00",192851,13.57,17.64,748.9,15.9,47.76
"2022-10-05 07:10:00",192852,13.61,18.37,748.9,16.7,47.27
"2022-10-05 07:15:00",192853,13.67,19.09,749,16.12,48.2
"2022-10-05 07:20:00",192854,13.72,19.84,749.1,16.61,45.37
"2022-10-05 07:25:00",192855,13.74,20.26,749.2,16.75,44.63
"2022-10-05 07:30:00",192856,13.71,21.53,749.2,17.37,45.43
"2022-10-05 07:35:00",192857,13.69,22.74,749.2,17.58,44.35
"2022-10-05 07:40:00",192858,13.69,23.46,749.3,18.41,42.02
"2022-10-05 07:45:00",192859,13.66,24.04,749.4,18.99,40.41
"2022-10-05 07:50:00",192860,13.66,24.64,749.5,19.46,40.01
"2022-10-05 07:55:00",192861,13.63,25.22,749.6,19.72,40.37
"2022-10-05 08:00:00",192862,13.63,25.81,749.6,20.72,38.33
"2022-10-05 08:05:00",192863,13.61,26.36,749.6,19.99,40.27
"2022-10-05 08:10:00",192864,13.61,26.87,749.7,20.29,41.08
"2022-10-05 08:15:00",192865,13.61,27.36,749.6,20.45,41.13
"2022-10-05 08:20:00",192866,13.58,27.81,749.6,20.68,40.37
"2022-10-05 08:25:00",192867,13.58,28.25,749.7,21.04,40.06
"2022-10-05 08:30:00",192868,13.56,28.66,749.6,20.64,39.04
"2022-10-05 08:35:00",192869,13.56,29.01,749.6,20.95,39.92
"2022-10-05 08:40:00",192870,13.56,29.38,749.6,21.48,36.97
"2022-10-05 08:45:00",192871,13.56,29.74,749.5,21.1,34.23
"2022-10-05 08:50:00",192872,13.54,30.01,749.5,21.14,35.69
"2022-10-05 08:55:00",192873,13.54,30.27,749.5,21.07,34.76
"2022-10-05 09:00:00",192874,13.54,30.51,749.5,21.41,33.73
"2022-10-05 09:05:00",192875,13.54,30.78,749.5,22.07,34.42
"2022-10-05 09:10:00",192876,13.51,31.01,749.4,21.27,34.57
"2022-10-05 09:15:00",192877,13.52,31.14,749.4,21.23,35.56
"2022-10-05 09:20:00",192878,13.52,31.29,749.3,22.2,32.71
"2022-10-05 09:25:00",192879,13.52,31.52,749.3,22.91,31.73
"2022-10-05 09:30:00",192880,13.51,31.83,749.2,23.54,29.5
"2022-10-05 09:35:00",192881,13.49,32.13,749.2,22.97,28.98
"2022-10-05 09:40:00",192882,13.49,32.45,749.2,22.65,27.44
"2022-10-05 09:45:00",192883,13.49,32.69,749.1,22.14,27.3
"2022-10-05 09:50:00",192884,13.49,32.85,749.1,22.84,27.72
"2022-10-05 09:55:00",192885,13.5,32.95,749.1,23.48,24.75
"2022-10-05 10:00:00",192886,13.47,33.17,749,23.79,24.7
"2022-10-05 10:05:00",192887,13.47,33.51,749,24.79,23.12
"2022-10-05 10:10:00",192888,13.47,33.83,748.9,24.17,24.04
"2022-10-05 10:15:00",192889,13.47,34.08,748.8,24.38,21.92
"2022-10-05 10:20:00",192890,13.47,34.27,748.8,24.06,22.25
"2022-10-05 10:25:00",192891,13.45,34.35,748.7,24.34,21.51
"2022-10-05 10:30:00",192892,13.45,34.49,748.7,24.84,21.16
"2022-10-05 10:35:00",192893,13.45,34.66,748.5,24.25,20.46
"2022-10-05 10:40:00",192894,13.45,34.81,748.5,25.36,18.37
"2022-10-05 10:45:00",192895,13.45,34.93,748.4,24.75,20.08
"2022-10-05 10:50:00",192896,13.45,35,748.4,24.33,20.88
"2022-10-05 10:55:00",192897,13.45,34.99,748.3,25.01,20.09
"2022-10-05 11:00:00",192898,13.45,35.07,748.2,26.34,19.34
"2022-10-05 11:05:00",192899,13.43,35.22,748.1,26.42,18.71
"2022-10-05 11:10:00",192900,13.43,35.37,748,26.47,18.26
"2022-10-05 11:15:00",192901,13.43,35.44,747.9,25.18,18.57
"2022-10-05 11:20:00",192902,13.43,35.39,747.8,26.08,17.71
"2022-10-05 11:25:00",192903,13.43,35.4,747.7,25.83,16.51
"2022-10-05 11:30:00",192904,13.43,35.39,747.6,26.95,16.28
"2022-10-05 11:35:00",192905,13.43,35.45,747.5,25.72,16.99
"2022-10-05 11:40:00",192906,13.43,35.52,747.5,26.49,16.44
"2022-10-05 11:45:00",192907,13.43,35.58,747.4,26.45,16.68
"2022-10-05 11:50:00",192908,13.43,35.61,747.3,26.54,18.23
"2022-10-05 11:55:00",192909,13.43,35.62,747.2,26.19,16.56
"2022-10-05 12:00:00",192910,13.43,35.63,747.1,26.76,15.85
"2022-10-05 12:05:00",192911,13.43,35.63,747,27.18,14.53
"2022-10-05 12:10:00",192912,13.43,35.66,746.9,26.78,15.29
"2022-10-05 12:15:00",192913,13.43,35.59,746.8,26.52,15.63
"2022-10-05 12:20:00",192914,13.43,35.47,746.8,26.93,15.51
"2022-10-05 12:25:00",192915,13.43,35.43,746.6,28.08,14.92
"2022-10-05 12:30:00",192916,13.43,35.51,746.5,27.97,14.71
"2022-10-05 12:35:00",192917,13.43,35.63,746.4,27.81,14.91
"2022-10-05 12:40:00",192918,13.43,35.67,746.3,26.59,15.67
"2022-10-05 12:45:00",192919,13.43,35.62,746.2,27.98,14.71
"2022-10-05 12:50:00",192920,13.43,35.64,746.1,28.38,14.51
"2022-10-05 12:55:00",192921,13.43,35.7,746,28.03,15.42
"2022-10-05 13:00:00",192922,13.43,35.76,745.8,28.07,16.55
"2022-10-05 13:05:00",192923,13.44,35.83,745.7,27.27,18.09
"2022-10-05 13:10:00",192924,13.43,35.73,745.7,27.71,16.6
"2022-10-05 13:15:00",192925,13.43,35.63,745.5,27.86,16.4
"2022-10-05 13:20:00",192926,13.44,35.65,745.4,28.34,15.58
"2022-10-05 13:25:00",192927,13.43,35.64,745.4,27.15,16.79
"2022-10-05 13:30:00",192928,13.43,35.57,745.3,27.26,19.25
"2022-10-05 13:35:00",192929,13.44,35.43,745.3,27.06,19.06
"2022-10-05 13:40:00",192930,13.44,35.31,745.1,27.41,19.26
"2022-10-05 13:45:00",192931,13.44,35.14,745.1,26.76,20.41
"2022-10-05 13:50:00",192932,13.44,34.91,745,26.38,22.71
"2022-10-05 13:55:00",192933,13.44,34.57,745,25.99,23.48
"2022-10-05 14:00:00",192934,13.44,34.18,745,25.4,24.74
"2022-10-05 14:05:00",192935,13.43,33.76,745,25.46,26.12
"2022-10-05 14:10:00",192936,13.43,33.38,744.7,25.52,21.37
"2022-10-05 14:15:00",192937,13.44,33.04,744.6,25.32,19.83
"2022-10-05 14:20:00",192938,13.44,32.74,744.4,25.46,19.67
"2022-10-05 14:25:00",192939,13.44,32.52,744.2,25.37,21.5
"2022-10-05 14:30:00",192940,13.44,32.33,744.1,26.05,18.9
"2022-10-05 14:35:00",192941,13.44,32.13,744,25.7,19.09
"2022-10-05 14:40:00",192942,13.43,31.97,743.8,25.6,19.68
"2022-10-05 14:45:00",192943,13.43,31.91,743.6,25.9,18.82
"2022-10-05 14:50:00",192944,13.43,31.85,743.7,26.16,19.05
"2022-10-05 14:55:00",192945,13.43,31.86,743.5,27.07,18.01
"2022-10-05 15:00:00",192946,13.44,32,743.5,26.89,16.91
"2022-10-05 15:05:00",192947,13.44,32.2,743.3,26.7,16.69
"2022-10-05 15:10:00",192948,13.44,32.39,743.3,27.97,16.76
"2022-10-05 15:15:00",192949,13.44,32.67,743.2,27.94,15.49
"2022-10-05 15:20:00",192950,13.44,32.96,743,27.78,16.11
"2022-10-05 15:25:00",192951,13.44,33.2,742.9,27.76,15.97
"2022-10-05 15:30:00",192952,13.44,33.41,742.9,27.67,16.25
"2022-10-05 15:35:00",192953,13.44,33.52,743,27.48,17.58
"2022-10-05 15:40:00",192954,13.44,33.62,742.8,27.54,17.58
"2022-10-05 15:45:00",192955,13.44,33.66,742.8,27.47,18.39
"2022-10-05 15:50:00",192956,13.44,33.66,742.9,27.28,17.64
"2022-10-05 15:55:00",192957,13.44,33.61,743.1,27.37,17.92
"2022-10-05 16:00:00",192958,13.44,33.55,743,27.17,18.61
"2022-10-05 16:05:00",192959,13.44,33.53,743,27.61,18.04
"2022-10-05 16:10:00",192960,13.44,33.57,743,27.14,17.42
"2022-10-05 16:15:00",192961,13.44,33.4,742.9,27.03,18.19
"2022-10-05 16:20:00",192962,13.44,33.09,742.9,26.31,18.99
"2022-10-05 16:25:00",192963,13.44,32.68,742.8,26.25,19.61
"2022-10-05 16:30:00",192964,13.44,32.38,742.7,26.22,18.7
"2022-10-05 16:35:00",192965,13.44,32.22,742.7,26.28,19.65
"2022-10-05 16:40:00",192966,13.44,32.16,742.8,26.69,21.62
"2022-10-05 16:45:00",192967,13.44,32.12,742.9,26.6,21.34
"2022-10-05 16:50:00",192968,13.44,32,742.9,26.22,22.32
"2022-10-05 16:55:00",192969,13.44,31.88,742.9,26.44,22.89
"2022-10-05 17:00:00",192970,13.44,31.83,743,26.73,17.47
"2022-10-05 17:05:00",192971,13.44,31.86,742.9,26.95,17.62
"2022-10-05 17:10:00",192972,13.44,31.9,742.9,26.67,18.97
"2022-10-05 17:15:00",192973,13.44,31.9,742.9,26.49,19.69
"2022-10-05 17:20:00",192974,13.44,31.89,743,26.62,18.86
"2022-10-05 17:25:00",192975,13.4,31.37,742.9,26.21,19.89
"2022-10-05 17:30:00",192976,13.28,30.86,742.8,26.32,20.8
"2022-10-05 17:35:00",192977,13.18,30.53,742.8,26.08,21.55
"2022-10-05 17:40:00",192978,13.08,30.28,742.9,25.84,22.78
"2022-10-05 17:45:00",192979,13.03,30.02,742.9,25.42,23.44
"2022-10-05 17:50:00",192980,13,29.72,742.9,25.42,22.89
"2022-10-05 17:55:00",192981,12.97,29.47,743,25.6,22.14
"2022-10-05 18:00:00",192982,12.95,29.27,743,25.36,22.12
"2022-10-05 18:05:00",192983,12.92,29.05,743.1,25.24,22.26
"2022-10-05 18:10:00",192984,12.9,28.79,743.2,24.95,22.75
"2022-10-05 18:15:00",192985,12.88,28.52,743.3,24.43,24.4
"2022-10-05 18:20:00",192986,12.86,28.18,743.3,23.87,26.55
"2022-10-05 18:25:00",192987,12.85,27.83,743.5,23.76,26.81
"2022-10-05 18:30:00",192988,12.85,27.48,743.6,24.06,24.79
"2022-10-05 18:35:00",192989,12.85,27.14,743.6,23.88,26.28
"2022-10-05 18:40:00",192990,12.84,26.84,743.6,23.58,27.1
"2022-10-05 18:45:00",192991,12.84,26.58,743.6,23.44,27.23
"2022-10-05 18:50:00",192992,12.83,26.34,743.7,23.11,28.32
"2022-10-05 18:55:00",192993,12.83,26.1,743.9,23.19,26.91
"2022-10-05 19:00:00",192994,12.83,25.89,744,23.14,27.51
"2022-10-05 19:05:00",192995,12.83,25.69,744.1,22.58,29.59
"2022-10-05 19:10:00",192996,12.82,25.48,744.4,22.02,32.26
"2022-10-05 19:15:00",192997,12.82,25.25,744.6,21.99,32.79
"2022-10-05 19:20:00",192998,12.82,25.02,744.7,21.88,33.07
"2022-10-05 19:25:00",192999,12.82,24.8,744.8,21.73,34.49
"2022-10-05 19:30:00",193000,12.82,24.6,744.9,21.74,34.55
"2022-10-05 19:35:00",193001,12.82,24.42,745,21.65,35.01
"2022-10-05 19:40:00",193002,12.81,24.25,745.1,21.66,35.14
"2022-10-05 19:45:00",193003,12.81,24.1,745.2,21.67,35.14
"2022-10-05 19:50:00",193004,12.81,23.97,745.4,21.08,36.67
"2022-10-05 19:55:00",193005,12.8,23.83,745.4,20.75,37.68
"2022-10-05 20:00:00",193006,12.8,23.64,745.7,20.52,38.24
"2022-10-05 20:05:00",193007,12.8,23.45,745.9,20.31,38.48
"2022-10-05 20:10:00",193008,12.8,23.24,746,20.79,37.78
"2022-10-05 20:15:00",193009,12.8,23.1,746.2,21.05,37.32
"2022-10-05 20:20:00",193010,12.79,23,746.4,20.96,37.83
"2022-10-05 20:25:00",193011,12.79,22.89,746.6,21.13,37.65
"2022-10-05 20:30:00",193012,12.79,22.81,746.7,20.96,37.77
"2022-10-05 20:35:00",193013,12.79,22.73,746.9,20.91,38.09
"2022-10-05 20:40:00",193014,12.79,22.67,747.1,20.77,38.33
"2022-10-05 20:45:00",193015,12.78,22.64,747.1,21.32,36.23
"2022-10-05 20:50:00",193016,12.78,22.63,747.2,21.28,36.58
"2022-10-05 20:55:00",193017,12.78,22.65,747.4,21.21,35.03
"2022-10-05 21:00:00",193018,12.78,22.64,747.5,20.97,36.06
"2022-10-05 21:05:00",193019,12.78,22.62,747.7,20.84,37.1
"2022-10-05 21:10:00",193020,12.78,22.56,747.7,20.65,38.22
"2022-10-05 21:15:00",193021,12.77,22.51,747.7,20.82,35
"2022-10-05 21:20:00",193022,12.77,22.44,747.9,21.01,29.33
"2022-10-05 21:25:00",193023,12.77,22.42,747.9,21.51,24.68
"2022-10-05 21:30:00",193024,12.77,22.47,747.9,21.68,24.08
"2022-10-05 21:35:00",193025,12.77,22.56,747.9,21.63,22.5
"2022-10-05 21:40:00",193026,12.77,22.67,748,21.53,24.1
"2022-10-05 21:45:00",193027,12.77,22.76,748.2,21.43,23.72
"2022-10-05 21:50:00",193028,12.76,22.81,748.3,21.33,23.91
"2022-10-05 21:55:00",193029,12.76,22.81,748.4,21.01,24.64
"2022-10-05 22:00:00",193030,12.76,22.77,748.4,21.01,23.42
"2022-10-05 22:05:00",193031,12.76,22.72,748.4,21.17,21.72
"2022-10-05 22:10:00",193032,12.76,22.68,748.5,20.98,22.66
"2022-10-05 22:15:00",193033,12.76,22.65,748.6,20.94,21.23
"2022-10-05 22:20:00",193034,12.76,22.58,748.8,20.77,21.63
"2022-10-05 22:25:00",193035,12.76,22.52,748.9,20.83,20.94
"2022-10-05 22:30:00",193036,12.75,22.43,748.9,20.85,20.6
"2022-10-05 22:35:00",193037,12.76,22.36,748.9,20.6,19.63
"2022-10-05 22:40:00",193038,12.75,22.28,749,20.53,18.28
"2022-10-05 22:45:00",193039,12.75,22.19,749.1,20.54,18.04
"2022-10-05 22:50:00",193040,12.75,22.11,749.2,20.29,19.57
"2022-10-05 22:55:00",193041,12.75,22.02,749.3,20.13,20.42
"2022-10-05 23:00:00",193042,12.75,21.9,749.3,19.89,21.09
"2022-10-05 23:05:00",193043,12.75,21.78,749.4,19.74,21.29
"2022-10-05 23:10:00",193044,12.75,21.64,749.3,19.47,21.23
"2022-10-05 23:15:00",193045,12.74,21.47,749.4,19.35,21.94
"2022-10-05 23:20:00",193046,12.74,21.29,749.4,19,22.06
"2022-10-05 23:25:00",193047,12.74,21.15,749.5,19.04,21.17
"2022-10-05 23:30:00",193048,12.74,21.01,749.4,19.27,20.44
"2022-10-05 23:35:00",193049,12.74,20.88,749.5,19.19,20.12
"2022-10-05 23:40:00",193050,12.74,20.8,749.5,18.98,20.45
"2022-10-05 23:45:00",193051,12.73,20.7,749.5,18.85,20.55
"2022-10-05 23:50:00",193052,12.73,20.61,749.5,18.54,21.14
"2022-10-05 23:55:00",193053,12.73,20.46,749.4,18.53,20.73
"2022-10-06 00:00:00",193054,12.73,20.33,749.5,18.26,21.94
"2022-10-06 00:05:00",193055,12.73,20.19,749.5,17.81,23.33
"2022-10-06 00:10:00",193056,12.73,20.01,749.5,17.53,24.12
"2022-10-06 00:15:00",193057,12.73,19.82,749.5,17.44,24.72
"2022-10-06 00:20:00",193058,12.72,19.64,749.5,16.91,26.03
"2022-10-06 00:25:00",193059,12.72,19.43,749.6,16.95,26.03
"2022-10-06 00:30:00",193060,12.72,19.24,749.5,16.96,26.17
"2022-10-06 00:35:00",193061,12.72,19.08,749.5,16.91,25.56
"2022-10-06 00:40:00",193062,12.71,18.95,749.6,16.75,24.88
"2022-10-06 00:45:00",193063,12.71,18.8,749.6,16.5,24.46
"2022-10-06 00:50:00",193064,12.71,18.64,749.7,16.32,22.96
"2022-10-06 00:55:00",193065,12.71,18.46,749.7,15.94,24.15
"2022-10-06 01:00:00",193066,12.71,18.24,749.7,15.56,23.58
"2022-10-06 01:05:00",193067,12.7,18,749.6,15.6,22.78
"2022-10-06 01:10:00",193068,12.7,17.78,749.7,15.88,21.18
"2022-10-06 01:15:00",193069,12.7,17.61,749.7,15.66,18.86
"2022-10-06 01:20:00",193070,12.69,17.46,749.7,15.7,17.7
"2022-10-06 01:25:00",193071,12.69,17.31,749.7,15.6,17.76
"2022-10-06 01:30:00",193072,12.69,17.18,749.6,15.5,17.21
"2022-10-06 01:35:00",193073,12.69,17.06,749.6,15.32,17.27
"2022-10-06 01:40:00",193074,12.69,16.97,749.5,15.35,16.79
"2022-10-06 01:45:00",193075,12.68,16.89,749.4,15.36,16.25
"2022-10-06 01:50:00",193076,12.68,16.84,749.4,15.23,20.93
"2022-10-06 01:55:00",193077,12.68,16.77,749.4,14.98,19.7
"2022-10-06 02:00:00",193078,12.68,16.69,749.3,14.83,24.14
"2022-10-06 02:05:00",193079,12.67,16.59,749.2,14.51,28
"2022-10-06 02:10:00",193080,12.67,16.46,749.3,14.26,26.86
"2022-10-06 02:15:00",193081,12.67,16.32,749.2,14.28,26.16
"2022-10-06 02:20:00",193082,12.66,16.19,749.2,14.57,23.82
"2022-10-06 02:25:00",193083,12.66,16.08,749.3,14.79,23.13
"2022-10-06 02:30:00",193084,12.66,16.01,749.3,15.14,22.34
"2022-10-06 02:35:00",193085,12.66,15.95,749.3,15.42,19.18
"2022-10-06 02:40:00",193086,12.65,15.91,749.2,14.94,20.85
"2022-10-06 02:45:00",193087,12.65,15.84,749.2,15.1,16.37
"2022-10-06 02:50:00",193088,12.65,15.76,749.3,14.71,21.31
"2022-10-06 02:55:00",193089,12.65,15.71,749.3,15.38,19.79
"2022-10-06 03:00:00",193090,12.64,15.68,749.3,15.12,14.93
"2022-10-06 03:05:00",193091,12.64,15.65,749.3,15.48,15.08
"2022-10-06 03:10:00",193092,12.64,15.62,749.1,14.76,21.92
"2022-10-06 03:15:00",193093,12.63,15.58,749.2,14.07,19.71
"2022-10-06 03:20:00",193094,12.63,15.47,749.1,14.12,16.79
"2022-10-06 03:25:00",193095,12.63,15.37,749.2,14.72,14.7
"2022-10-06 03:30:00",193096,12.62,15.27,749.2,13.99,20.21
"2022-10-06 03:35:00",193097,12.62,15.18,749.2,13.55,20.49
"2022-10-06 03:40:00",193098,12.62,15.05,749.2,13.25,21.82
"2022-10-06 03:45:00",193099,12.61,14.89,749.3,13.18,25.95
"2022-10-06 03:50:00",193100,12.61,14.72,749.3,13.18,26.28
"2022-10-06 03:55:00",193101,12.61,14.57,749.3,12.96,22.74
"2022-10-06 04:00:00",193102,12.61,14.42,749.3,13.51,22.97
"2022-10-06 04:05:00",193103,12.6,14.31,749.4,13.02,25.97
"2022-10-06 04:10:00",193104,12.6,14.18,749.5,13.13,22.81
"2022-10-06 04:15:00",193105,12.6,14.12,749.6,13.5,24.38
"2022-10-06 04:20:00",193106,12.59,14.06,749.5,12.7,23.85
"2022-10-06 04:25:00",193107,12.59,13.97,749.6,12.69,23.99
"2022-10-06 04:30:00",193108,12.59,13.91,749.6,12.32,27.57
"2022-10-06 04:35:00",193109,12.59,13.79,749.7,11.88,24.72
"2022-10-06 04:40:00",193110,12.58,13.69,749.7,12.58,25.87
"2022-10-06 04:45:00",193111,12.58,13.6,749.7,12.52,25.24
"2022-10-06 04:50:00",193112,12.58,13.53,749.8,13.07,23.68
"2022-10-06 04:55:00",193113,12.57,13.49,749.8,12.84,22.79
"2022-10-06 05:00:00",193114,12.57,13.47,749.9,13.05,24.61
"2022-10-06 05:05:00",193115,12.57,13.46,750,11.71,29.78
"2022-10-06 05:10:00",193116,12.57,13.37,750,11.09,31.03
"2022-10-06 05:15:00",193117,12.56,13.26,750.1,11.11,30.38
"2022-10-06 05:20:00",193118,12.56,13.12,750.1,11.46,28.97
"2022-10-06 05:25:00",193119,12.55,12.97,750.2,11.59,30.94
"2022-10-06 05:30:00",193120,12.55,12.85,750.2,10.6,38.17
"2022-10-06 05:35:00",193121,12.55,12.71,750.2,10.59,35.78
"2022-10-06 05:40:00",193122,12.54,12.56,750.3,10.42,41.18
"2022-10-06 05:45:00",193123,12.54,12.42,750.4,9.94,40.21
"2022-10-06 05:50:00",193124,12.54,12.25,750.4,9.82,37.77
"2022-10-06 05:55:00",193125,12.53,12.11,750.4,10.1,35.19
"2022-10-06 06:00:00",193126,12.53,12.03,750.5,10.46,36.47
"2022-10-06 06:05:00",193127,12.53,12.01,750.6,10.4,37.51
"2022-10-06 06:10:00",193128,12.53,11.96,750.7,10.18,37.3
"2022-10-06 06:15:00",193129,12.53,11.95,750.7,10.51,32.59
"2022-10-06 06:20:00",193130,12.54,11.96,750.8,10.1,38.94
"2022-10-06 06:25:00",193131,12.54,11.95,751,9.8,38.21
"2022-10-06 06:30:00",193132,12.54,11.94,751.1,10.14,37.77
"2022-10-06 06:35:00",193133,12.55,11.94,751.1,10.32,36.68
"2022-10-06 06:40:00",193134,12.55,11.99,751.3,10.7,37.54
"2022-10-06 06:45:00",193135,12.56,12.03,751.4,10.55,38.54
"2022-10-06 06:50:00",193136,12.59,12.11,751.6,10.51,38.25
"2022-10-06 06:55:00",193137,12.67,12.26,751.7,10.55,38.32
"2022-10-06 07:00:00",193138,12.78,12.46,751.9,10.57,37.31
"2022-10-06 07:05:00",193139,12.9,12.68,752,10.55,37.08
"2022-10-06 07:10:00",193140,12.94,12.84,752.1,10.73,36.14
"2022-10-06 07:15:00",193141,12.96,12.96,752.2,10.87,34.4
"2022-10-06 07:20:00",193142,13.03,13.11,752.2,11.13,32.33
"2022-10-06 07:25:00",193143,13.12,13.29,752.3,11.39,29.49
"2022-10-06 07:30:00",193144,13.21,13.49,752.4,11.69,28.93
"2022-10-06 07:35:00",193145,13.27,13.68,752.5,11.88,30.25
"2022-10-06 07:40:00",193146,13.29,13.86,752.5,12.04,26.59
"2022-10-06 07:45:00",193147,13.29,14.04,752.6,11.94,29.01
"2022-10-06 07:50:00",193148,13.48,14.3,752.7,11.9,26.84
"2022-10-06 07:55:00",193149,13.65,14.77,752.7,12.19,27.13
"2022-10-06 08:00:00",193150,13.48,15.43,752.9,12.74,31.59
"2022-10-06 08:05:00",193151,13.8,15.9,752.9,12.84,32.22
"2022-10-06 08:10:00",193152,13.8,17.25,753,13.19,33.78
"2022-10-06 08:15:00",193153,13.8,18.2,752.9,13.77,30.61
"2022-10-06 08:20:00",193154,13.78,19,752.9,14.79,27.66
"2022-10-06 08:25:00",193155,13.58,19.27,752.9,15.64,23.39
"2022-10-06 08:30:00",193156,13.84,19.49,753,15.18,24.56
"2022-10-06 08:35:00",193157,13.75,20.6,753.1,15.96,22.74
"2022-10-06 08:40:00",193158,13.72,21.08,753,15.89,21.31
"2022-10-06 08:45:00",193159,13.72,21.57,753,16.94,18.38
"2022-10-06 08:50:00",193160,13.72,22.04,753,16.71,18.1
"2022-10-06 08:55:00",193161,13.69,22.52,753.1,17.77,16.37
"2022-10-06 09:00:00",193162,13.69,23.01,753.1,18.44,17.37
"2022-10-06 09:05:00",193163,13.67,23.54,753.1,18.81,15.21
"2022-10-06 09:10:00",193164,13.67,23.95,753.1,18.39,16.44
"2022-10-06 09:15:00",193165,13.67,24.24,753.1,18.09,13.06
"2022-10-06 09:20:00",193166,13.64,24.41,753.1,18.21,16.19
"2022-10-06 09:25:00",193167,13.64,24.53,753,18.09,14.31
"2022-10-06 09:30:00",193168,13.64,24.64,753,17.81,15.54
"2022-10-06 09:35:00",193169,13.64,24.76,753,18.47,14.19
"2022-10-06 09:40:00",193170,13.65,24.94,753,18.18,13.69
"2022-10-06 09:45:00",193171,13.64,25.14,753,18.22,12.23
"2022-10-06 09:50:00",193172,13.64,25.25,753,18.35,12.62
"2022-10-06 09:55:00",193173,13.65,25.36,752.9,18.45,13.64
"2022-10-06 10:00:00",193174,13.62,25.39,752.9,18.62,10.78
"2022-10-06 10:05:00",193175,13.62,25.46,752.8,18.93,11.14
"2022-10-06 10:10:00",193176,13.62,25.55,752.8,18.57,12.21
"2022-10-06 10:15:00",193177,13.62,25.7,752.7,19.1,12.41
"2022-10-06 10:20:00",193178,13.62,25.86,752.7,18.9,11
"2022-10-06 10:25:00",193179,13.62,26,752.7,19.48,9.9
"2022-10-06 10:30:00",193180,13.62,26.23,752.6,19.9,9.92
"2022-10-06 10:35:00",193181,13.62,26.49,752.6,19.78,11.18
"2022-10-06 10:40:00",193182,13.6,26.86,752.5,21.14,8.12
"2022-10-06 10:45:00",193183,13.59,27.37,752.4,20.62,8.81
"2022-10-06 10:50:00",193184,13.6,27.89,752.2,21.61,8.14
"2022-10-06 10:55:00",193185,13.57,28.44,752.1,21.85,8.92
"2022-10-06 11:00:00",193186,13.57,28.91,752.1,22.55,8.63
"2022-10-06 11:05:00",193187,13.54,29.35,752,22.34,7.804
"2022-10-06 11:10:00",193188,13.54,29.72,751.9,22.45,9.02
"2022-10-06 11:15:00",193189,13.54,30.07,751.8,21.85,8.07
"2022-10-06 11:20:00",193190,13.54,30.39,751.7,21.65,10.12
"2022-10-06 11:25:00",193191,13.52,30.62,751.7,22.02,9.14
"2022-10-06 11:30:00",193192,13.52,30.85,751.5,21.79,8.85
"2022-10-06 11:35:00",193193,13.52,31,751.4,22.22,9.01
"2022-10-06 11:40:00",193194,13.52,31.04,751.4,22.5,10.37
"2022-10-06 11:45:00",193195,13.53,31.02,751.3,22.31,8.3
"2022-10-06 11:50:00",193196,13.52,30.45,751.2,22.01,9.99
"2022-10-06 12:35:00",193197,13.57,29.38,750.1,23.81,6.778
"2022-10-06 12:40:00",193198,13.53,30.72,750,23.85,6.564
"2022-10-06 12:45:00",193199,13.52,31.57,749.8,24.88,5.658
"2022-10-06 12:50:00",193200,13.5,31.57,749.7,23.57,5.264
"2022-10-06 12:55:00",193201,13.5,31.46,749.5,23.97,5.49
"2022-10-06 13:00:00",193202,13.5,31.59,749.4,23.97,6.316
"2022-10-06 13:05:00",193203,13.5,30.84,749.4,23.19,6.902
"2022-10-06 13:10:00",193204,13.5,30.81,749.3,24.1,6.642
"2022-10-06 13:15:00",193205,13.51,31.04,749.2,24.97,5.948
"2022-10-06 13:20:00",193206,13.5,31.28,749.1,24.85,6.234
"2022-10-06 13:25:00",193207,13.5,31.88,748.9,24.59,6.082
"2022-10-06 13:30:00",193208,13.51,32.15,748.7,25.13,6.313
"2022-10-06 13:35:00",193209,13.51,32.01,748.6,24.88,7.024
"2022-10-06 13:40:00",193210,13.51,31.74,748.5,26.23,6.704
"2022-10-06 13:45:00",193211,13.51,31.79,748.4,26.95,6.292
"2022-10-06 13:50:00",193212,13.51,31.97,748.3,26.9,5.64
"2022-10-06 13:55:00",193213,13.51,32.15,748.2,26.16,5.332
"2022-10-06 14:00:00",193214,13.51,32.28,748.1,25.6,5.534
"2022-10-06 14:05:00",193215,13.51,32.35,748,25.52,6.18
"2022-10-06 14:10:00",193216,13.49,32.35,747.9,25.43,6.538
"2022-10-06 14:15:00",193217,13.49,32.35,747.8,26.64,5.922
"2022-10-06 14:20:00",193218,13.49,32.38,747.7,25.78,5.61
"2022-10-06 14:25:00",193219,13.49,32.45,747.6,25.5,5.458
"2022-10-06 14:30:00",193220,13.49,32.46,747.5,25.92,5.686
"2022-10-06 14:35:00",193221,13.49,32.55,747.4,26.02,6.05
"2022-10-06 14:40:00",193222,13.49,32.67,747.3,26.04,5.473
"2022-10-06 14:45:00",193223,13.49,32.77,747.2,25.47,5.458
"2022-10-06 14:50:00",193224,13.49,32.81,747.1,25.99,5.544
"2022-10-06 14:55:00",193225,13.49,32.91,747,26.49,5.918
"2022-10-06 15:00:00",193226,13.49,33.03,746.9,26.73,6.07
"2022-10-06 15:05:00",193227,13.49,33.13,746.7,26,5.472
"2022-10-06 15:10:00",193228,13.49,33.18,746.6,25.82,5.539
"2022-10-06 15:15:00",193229,13.49,33.22,746.5,26.36,5.482
"2022-10-06 15:20:00",193230,13.49,33.31,746.4,27.06,5.5
"2022-10-06 15:25:00",193231,13.49,33.42,746.3,26.98,5.136
"2022-10-06 15:30:00",193232,13.47,33.57,746.2,26.74,5.346
"2022-10-06 15:35:00",193233,13.47,33.71,746.2,28.04,5.961
"2022-10-06 15:40:00",193234,13.47,33.94,746.1,27.23,4.924
"2022-10-06 15:45:00",193235,13.47,34.06,746.1,26.85,7.011
"2022-10-06 15:50:00",193236,13.47,34.06,746.1,26.84,5.277
"2022-10-06 15:55:00",193237,13.47,34.07,746.1,26.88,6.218
"2022-10-06 16:00:00",193238,13.47,34.01,746,27.47,6.018
"2022-10-06 16:05:00",193239,13.47,34.06,746,26.85,5.35
"2022-10-06 16:10:00",193240,13.47,34.09,746,26.84,4.77
"2022-10-06 16:15:00",193241,13.47,34.08,745.9,26.85,5.35
"2022-10-06 16:20:00",193242,13.47,34.06,745.9,27.11,5.356
"2022-10-06 16:25:00",193243,13.47,34.04,745.9,27.19,5.503
"2022-10-06 16:30:00",193244,13.47,34.04,745.9,26.74,5.202
"2022-10-06 16:35:00",193245,13.47,34.04,745.9,26.55,5.196
"2022-10-06 16:40:00",193246,13.47,33.98,745.9,26.74,5.564
"2022-10-06 16:45:00",193247,13.47,33.89,746,26.42,5.049
"2022-10-06 16:50:00",193248,13.47,33.75,746.1,26.08,4.751
"2022-10-06 16:55:00",193249,13.47,33.63,746,26.82,4.044
"2022-10-06 17:00:00",193250,13.47,33.61,746.1,26.53,4.762
"2022-10-06 17:05:00",193251,13.47,33.56,746.1,26.16,4.246
"2022-10-06 17:10:00",193252,13.47,33.5,746.1,26.36,4.323
"2022-10-06 17:15:00",193253,13.47,33.43,746.1,25.95,4.023
"2022-10-06 17:20:00",193254,13.47,33.33,746.1,26.04,3.808
"2022-10-06 17:25:00",193255,13.47,33.21,746.1,26.14,4.028
"2022-10-06 17:30:00",193256,13.47,33.08,746.1,26.09,3.954
"2022-10-06 17:35:00",193257,13.47,32.96,746.1,26.24,4.248
"2022-10-06 17:40:00",193258,13.47,32.84,746.2,25.93,5.614
"2022-10-06 17:45:00",193259,13.47,32.68,746.2,26.01,4.676
"2022-10-06 17:50:00",193260,13.47,32.5,746.2,25.86,5.179
"2022-10-06 17:55:00",193261,13.37,31.78,746.4,25.63,6.256
"2022-10-06 18:00:00",193262,13.28,31.09,746.4,25.47,5.602
"2022-10-06 18:05:00",193263,13.19,30.61,746.4,25.29,6.606
"2022-10-06 18:10:00",193264,13.1,30.14,746.5,25.01,6.022
"2022-10-06 18:15:00",193265,13.03,29.59,746.6,24.81,4.936
"2022-10-06 18:20:00",193266,12.98,28.96,746.7,24.64,5.076
"2022-10-06 18:25:00",193267,12.95,28.31,746.7,24.21,7.792
"2022-10-06 18:30:00",193268,12.93,27.64,746.9,23.8,8.56
"2022-10-06 18:35:00",193269,12.92,26.89,746.9,23.37,8.41
"2022-10-06 18:40:00",193270,12.91,26.26,747.1,22.46,9.73
"2022-10-06 18:45:00",193271,12.91,25.51,747.2,22.19,8.58
"2022-10-06 18:50:00",193272,12.91,24.74,747.3,22.37,8.16
"2022-10-06 18:55:00",193273,12.9,24.18,747.3,22.79,6.175
"2022-10-06 19:00:00",193274,12.9,23.76,747.5,22.73,6.817
"2022-10-06 19:05:00",193275,12.9,23.39,747.5,22.65,7.386
"2022-10-06 19:10:00",193276,12.89,23.08,747.6,22.17,6.658
"2022-10-06 19:15:00",193277,12.89,22.76,747.7,21.76,6.788
"2022-10-06 19:20:00",193278,12.88,22.46,747.9,21.45,7.776
"2022-10-06 19:25:00",193279,12.88,22.16,747.9,21.34,8.98
"2022-10-06 19:30:00",193280,12.88,21.89,747.9,21.27,11.8
"2022-10-06 19:35:00",193281,12.87,21.66,748,20.96,14.24
"2022-10-06 19:40:00",193282,12.87,21.45,748,20.74,14.79
"2022-10-06 19:45:00",193283,12.87,21.25,748.1,20.39,18.3
"2022-10-06 19:50:00",193284,12.87,21,748.1,20.08,18.49
"2022-10-06 19:55:00",193285,12.86,20.73,748.1,19.92,18.83
"2022-10-06 20:00:00",193286,12.86,20.46,748.2,20.02,17.97
"2022-10-06 20:05:00",193287,12.86,20.2,748.3,19.97,19.45
"2022-10-06 20:10:00",193288,12.86,19.99,748.5,20.13,18.63
"2022-10-06 20:15:00",193289,12.86,19.8,748.6,20.74,17.01
"2022-10-06 20:20:00",193290,12.85,19.71,748.6,20.5,19.55
"2022-10-06 20:25:00",193291,12.85,19.7,748.7,20.6,24.75
"2022-10-06 20:30:00",193292,12.85,19.74,748.9,20.86,23.68
"2022-10-06 20:35:00",193293,12.85,19.74,749,19.12,23.22
"2022-10-06 20:40:00",193294,12.85,19.66,749.1,19.74,22.31
"2022-10-06 20:45:00",193295,12.85,19.52,749.1,18.5,23.72
"2022-10-06 20:50:00",193296,12.85,19.32,749.2,18.41,25.2
"2022-10-06 20:55:00",193297,12.85,19.12,749.3,18.36,25.3
"2022-10-06 21:00:00",193298,12.85,18.89,749.4,18.13,25.08
"2022-10-06 21:05:00",193299,12.84,18.67,749.6,18.59,27.36
"2022-10-06 21:10:00",193300,12.84,18.47,749.8,18.26,24.72
"2022-10-06 21:15:00",193301,12.84,18.29,749.9,17.89,24.32
"2022-10-06 21:20:00",193302,12.84,18.14,750,17.73,22.25
"2022-10-06 21:25:00",193303,12.84,17.99,750.1,17.48,22.84
"2022-10-06 21:30:00",193304,12.83,17.84,750,17.47,19.85
"2022-10-06 21:35:00",193305,12.83,17.73,750.1,17.75,18.53
"2022-10-06 21:40:00",193306,12.83,17.65,750.2,17.64,18.15
"2022-10-06 21:45:00",193307,12.83,17.61,750.3,17.77,17.26
"2022-10-06 21:50:00",193308,12.83,17.55,750.4,17.34,16.76
"2022-10-06 21:55:00",193309,12.82,17.46,750.5,17.18,18.74
"2022-10-06 22:00:00",193310,12.82,17.31,750.5,16.71,17.75
"2022-10-06 22:05:00",193311,12.82,17.13,750.5,16.69,18.1
"2022-10-06 22:10:00",193312,12.82,16.96,750.6,16.69,19.53
"2022-10-06 22:15:00",193313,12.82,16.82,750.8,16.34,20.94
"2022-10-06 22:20:00",193314,12.81,16.65,750.8,15.95,21.52
"2022-10-06 22:25:00",193315,12.81,16.48,750.8,15.83,21.41
"2022-10-06 22:30:00",193316,12.81,16.32,750.9,15.85,22.32
"2022-10-06 22:35:00",193317,12.81,16.16,750.9,15.58,21.33
"2022-10-06 22:40:00",193318,12.81,16,750.8,15.75,21.68
"2022-10-06 22:45:00",193319,12.81,15.85,750.9,15.48,22.17
"2022-10-06 22:50:00",193320,12.81,15.69,750.9,15.35,22.76
"2022-10-06 22:55:00",193321,12.8,15.59,750.9,15.74,21.37
"2022-10-06 23:00:00",193322,12.8,15.52,751,15.96,21.72
"2022-10-06 23:05:00",193323,12.8,15.47,751.2,16.28,21.61
"2022-10-06 23:10:00",193324,12.8,15.49,751.2,16.17,23.49
"2022-10-06 23:15:00",193325,12.8,15.53,751.3,16.28,24.51
"2022-10-06 23:20:00",193326,12.8,15.61,751.3,16.81,25.75
"2022-10-06 23:25:00",193327,12.8,15.73,751.3,17.17,25.11
"2022-10-06 23:30:00",193328,12.8,15.88,751.4,17.16,26.38
"2022-10-06 23:35:00",193329,12.8,15.98,751.4,17.07,28.64
"2022-10-06 23:40:00",193330,12.79,16.1,751.5,16.9,32.06
"2022-10-06 23:45:00",193331,12.79,16.2,751.5,16.5,34.35
"2022-10-06 23:50:00",193332,12.79,16.27,751.4,16.87,35.46
"2022-10-06 23:55:00",193333,12.79,16.36,751.4,17.19,36.15
"2022-10-07 00:00:00",193334,12.79,16.43,751.5,16.93,37.55
"2022-10-07 00:05:00",193335,12.79,16.5,751.5,16.7,39.1
"2022-10-07 00:10:00",193336,12.79,16.55,751.5,16.93,40.38
"2022-10-07 00:15:00",193337,12.79,16.58,751.6,16.95,41.31
"2022-10-07 00:20:00",193338,12.79,16.62,751.6,16.73,42.56
"2022-10-07 00:25:00",193339,12.79,16.64,751.6,16.64,43.54
"2022-10-07 00:30:00",193340,12.79,16.64,751.7,16.61,44.3
"2022-10-07 00:35:00",193341,12.78,16.85,751.7,16.4,45.25
"2022-10-07 00:40:00",193342,12.78,16.96,751.7,16.19,46.64
"2022-10-07 00:45:00",193343,12.78,16.98,751.8,15.94,47.52
"2022-10-07 00:50:00",193344,12.77,16.92,751.8,15.54,46.12
"2022-10-07 00:55:00",193345,12.78,16.81,751.8,15.51,39.49
"2022-10-07 01:00:00",193346,12.77,16.69,751.7,15.12,37.04
"2022-10-07 01:05:00",193347,12.77,16.55,751.7,15.22,39.11
"2022-10-07 01:10:00",193348,12.77,16.42,751.8,15.04,39.7
"2022-10-07 01:15:00",193349,12.77,16.29,751.7,15.27,40.55
"2022-10-07 01:20:00",193350,12.77,16.18,751.7,15.62,44.81
"2022-10-07 01:25:00",193351,12.77,16.13,751.7,15.46,41.69
"2022-10-07 01:30:00",193352,12.77,16.09,751.7,15.39,41.39
"2022-10-07 01:35:00",193353,12.77,16.07,751.7,15.44,44.28
"2022-10-07 01:40:00",193354,12.77,16.07,751.7,15.38,46.13
"2022-10-07 01:45:00",193355,12.77,16.05,751.6,15.27,49.89
"2022-10-07 01:50:00",193356,12.77,16.04,751.6,15.06,49.92
"2022-10-07 01:55:00",193357,12.76,16,751.6,15.02,50.38
"2022-10-07 02:00:00",193358,12.77,15.96,751.6,14.93,52.3
"2022-10-07 02:05:00",193359,12.77,15.89,751.6,14.78,52.47
"2022-10-07 02:10:00",193360,12.76,15.83,751.5,14.74,52.77
"2022-10-07 02:15:00",193361,12.76,15.76,751.5,14.67,50.49
"2022-10-07 02:20:00",193362,12.76,15.64,751.5,14.05,49.04
"2022-10-07 02:25:00",193363,12.76,15.47,751.5,14.15,52.44
"2022-10-07 02:30:00",193364,12.76,15.31,751.5,14.11,52.95
"2022-10-07 02:35:00",193365,12.76,15.21,751.4,14.01,46.99
"2022-10-07 02:40:00",193366,12.76,15.11,751.4,14,50.33
"2022-10-07 02:45:00",193367,12.76,15.03,751.4,14,49.56
"2022-10-07 02:50:00",193368,12.76,14.96,751.4,13.93,49.83
"2022-10-07 02:55:00",193369,12.76,14.9,751.3,13.76,48.2
"2022-10-07 03:00:00",193370,12.75,14.85,751.3,13.93,49.64
"2022-10-07 03:05:00",193371,12.76,14.78,751.3,13.97,49.37
"2022-10-07 03:10:00",193372,12.75,14.72,751.4,13.24,51.33
"2022-10-07 03:15:00",193373,12.75,14.63,751.3,12.77,50.29
"2022-10-07 03:20:00",193374,12.75,14.51,751.3,12.78,51.02
"2022-10-07 03:25:00",193375,12.75,14.36,751.3,12.74,49.27
"2022-10-07 03:30:00",193376,12.75,14.25,751.4,12.61,49.78
"2022-10-07 03:35:00",193377,12.75,14.08,751.4,12.52,51.9
"2022-10-07 03:40:00",193378,12.75,13.95,751.4,12.84,52.77
"2022-10-07 03:45:00",193379,12.75,13.81,751.4,12.82,53.23
"2022-10-07 03:50:00",193380,12.75,13.72,751.4,12.8,53.41
"2022-10-07 03:55:00",193381,12.74,13.63,751.5,12.93,50.43
"2022-10-07 04:00:00",193382,12.74,13.59,751.5,13.26,52.98
"2022-10-07 04:05:00",193383,12.74,13.57,751.5,12.85,54.99
"2022-10-07 04:10:00",193384,12.74,13.56,751.5,12.75,53.7
"2022-10-07 04:15:00",193385,12.74,13.55,751.5,12.89,53.57
"2022-10-07 04:20:00",193386,12.74,13.56,751.5,12.99,53.25
"2022-10-07 04:25:00",193387,12.74,13.6,751.6,13.15,51.75
"2022-10-07 04:30:00",193388,12.74,13.6,751.6,13.18,50.5
"2022-10-07 04:35:00",193389,12.73,13.63,751.7,13.23,49.77
"2022-10-07 04:40:00",193390,12.73,13.65,751.7,13.27,49.53
"2022-10-07 04:45:00",193391,12.73,13.64,751.7,13.21,49.67
"2022-10-07 04:50:00",193392,12.73,13.62,751.6,12.98,50.29
"2022-10-07 04:55:00",193393,12.73,13.61,751.7,12.78,50.96
"2022-10-07 05:00:00",193394,12.73,13.55,751.8,12.33,51.82
"2022-10-07 05:05:00",193395,12.73,13.47,751.9,12.17,52.59
"2022-10-07 05:10:00",193396,12.72,13.38,751.8,11.96,54.49
"2022-10-07 05:15:00",193397,12.72,13.28,751.9,11.87,54.06
"2022-10-07 05:20:00",193398,12.72,13.08,751.9,11.41,55.64
"2022-10-07 05:25:00",193399,12.72,12.92,751.9,11.29,56.2
"2022-10-07 05:30:00",193400,12.72,12.7,751.9,11.25,56.22
"2022-10-07 05:35:00",193401,12.72,12.59,751.9,11.34,55.6
"2022-10-07 05:40:00",193402,12.72,12.4,752,11.74,53.92
"2022-10-07 05:45:00",193403,12.71,12.27,752.1,11.82,54.38
"2022-10-07 05:50:00",193404,12.71,12.18,752.1,11.64,54.93
"2022-10-07 05:55:00",193405,12.71,12.1,752.1,11.55,55.7
"2022-10-07 06:00:00",193406,12.71,12.06,752.2,11.61,55.31
"2022-10-07 06:05:00",193407,12.71,12.02,752.3,11.85,55.2
"2022-10-07 06:10:00",193408,12.72,12.02,752.3,11.93,55.33
"2022-10-07 06:15:00",193409,12.72,12.05,752.4,11.94,55.21
"2022-10-07 06:20:00",193410,12.74,12.08,752.5,11.94,55.81
"2022-10-07 06:25:00",193411,12.75,12.12,752.6,11.39,55.76
"2022-10-07 06:30:00",193412,12.77,12.14,752.7,11.23,56.19
"2022-10-07 06:35:00",193413,12.79,12.16,752.7,11.13,57.07
"2022-10-07 06:40:00",193414,12.84,12.18,752.8,11.36,55.97
"2022-10-07 06:45:00",193415,13.16,12.39,752.9,11.61,54.98
"2022-10-07 06:50:00",193416,13.28,12.66,753,12.32,52.48
"2022-10-07 06:55:00",193417,13.48,12.95,753.1,12.83,51.49
"2022-10-07 07:00:00",193418,13.51,13.43,753.2,13.18,50.8
"2022-10-07 07:05:00",193419,13.58,13.93,753.3,13.57,50.67
"2022-10-07 07:10:00",193420,13.81,14.4,753.2,13.49,50.81
"2022-10-07 07:15:00",193421,13.84,16.12,753.3,13.89,48.77
"2022-10-07 07:20:00",193422,13.81,17.12,753.3,14.37,47.72
"2022-10-07 07:25:00",193423,13.78,17.91,753.4,15.5,45.49
"2022-10-07 07:30:00",193424,13.79,18.65,753.4,15.64,44.81
"2022-10-07 07:35:00",193425,13.76,19.34,753.5,15.55,45.84
"2022-10-07 07:40:00",193426,13.76,20.01,753.4,17.01,42.21
"2022-10-07 07:45:00",193427,13.73,20.67,753.4,16.48,43.55
"2022-10-07 07:50:00",193428,13.7,21.32,753.5,17.16,41.88
"2022-10-07 07:55:00",193429,13.7,21.9,753.5,17.28,42.15
"2022-10-07 08:00:00",193430,13.7,22.46,753.6,18.05,40.57
"2022-10-07 08:05:00",193431,13.68,22.96,753.6,17.87,40.94
"2022-10-07 08:10:00",193432,13.68,23.48,753.6,18.53,39.79
"2022-10-07 08:15:00",193433,13.65,23.97,753.6,19.02,38.87
"2022-10-07 08:20:00",193434,13.65,24.45,753.7,18.49,40.04
"2022-10-07 08:30:00",193435,13.6,26.72,753.6,18.45,40.94
"2022-10-07 08:35:00",193436,13.57,28.35,753.5,18.59,41.75
"2022-10-07 08:40:00",193437,13.57,28.38,753.6,18.35,41.89
"2022-10-07 08:45:00",193438,13.57,28.24,753.5,18.9,40.98
"2022-10-07 08:50:00",193439,13.58,28.21,753.6,19.39,39.75
"2022-10-07 08:55:00",193440,13.57,28.26,753.5,19.04,39.9
"2022-10-07 09:00:00",193441,13.58,28.32,753.5,20.04,39.3
"2022-10-07 09:05:00",193442,13.58,28.43,753.5,19.76,39.5
"2022-10-07 09:10:00",193443,13.58,28.57,753.4,19.6,39.71
"2022-10-07 09:15:00",193444,13.58,28.73,753.4,20.07,37.51
"2022-10-07 09:20:00",193445,13.55,28.9,753.3,20.21,36.05
"2022-10-07 09:25:00",193446,13.55,29.09,753.3,20.61,36.68
"2022-10-07 09:30:00",193447,13.55,29.38,753.3,20.44,36.01
"2022-10-07 09:35:00",193448,13.55,29.62,753.2,21.57,33.45
"2022-10-07 09:40:00",193449,13.56,29.92,753.2,20.83,32.02
"2022-10-07 09:45:00",193450,13.53,30.15,753.2,20.78,31.68
"2022-10-07 09:50:00",193451,13.53,30.28,753.1,20.13,30.83
"2022-10-07 09:55:00",193452,13.53,30.37,753.1,21.02,29.23
"2022-10-07 10:00:00",193453,13.53,30.51,753,21.25,25.13
"2022-10-07 10:05:00",193454,13.53,30.63,753,20.65,26.71
"2022-10-07 10:10:00",193455,13.53,30.65,752.9,20.94,25.82
"2022-10-07 10:15:00",193456,13.53,30.64,752.9,20.94,21.94
"2022-10-07 10:20:00",193457,13.53,30.61,752.8,21.36,24.6
"2022-10-07 10:25:00",193458,13.53,30.69,752.7,21.61,23.8
"2022-10-07 10:30:00",193459,13.54,30.81,752.6,21.97,23.48
"2022-10-07 10:35:00",193460,13.51,30.94,752.6,21.67,22.3
"2022-10-07 10:40:00",193461,13.51,31.01,752.5,22.36,19.9
"2022-10-07 10:45:00",193462,13.51,31.12,752.4,22.39,19.11
"2022-10-07 10:50:00",193463,13.51,31.2,752.3,22.15,18.26
"2022-10-07 10:55:00",193464,13.51,31.35,752.2,22.75,19.27
"2022-10-07 11:00:00",193465,13.52,31.54,752.1,23.04,17.06
"2022-10-07 11:05:00",193466,13.51,31.63,751.9,22.2,14.09
"2022-10-07 11:10:00",193467,13.51,31.61,751.9,22.79,16
"2022-10-07 11:15:00",193468,13.52,31.51,751.8,23.56,15.27
"2022-10-07 11:20:00",193469,13.51,31.63,751.7,23.88,11.77
"2022-10-07 11:25:00",193470,13.52,31.77,751.6,23.75,12.18
"2022-10-07 11:30:00",193471,13.52,31.89,751.6,23.17,11.67
"2022-10-07 11:35:00",193472,13.52,31.9,751.5,24.03,11.03
"2022-10-07 11:40:00",193473,13.52,31.89,751.3,23.91,11.48
"2022-10-07 11:45:00",193474,13.52,31.88,751.3,23.47,11.75
"2022-10-07 11:50:00",193475,13.52,31.86,751.2,24.72,11.09
"2022-10-07 11:55:00",193476,13.49,31.95,751,24.13,13.12
"2022-10-07 12:00:00",193477,13.49,32.09,751,26.3,12.5
"2022-10-07 12:05:00",193478,13.49,32.34,750.9,25.1,11.67
"2022-10-07 12:10:00",193479,13.49,32.54,750.8,24.84,11.45
"2022-10-07 12:15:00",193480,13.49,32.61,750.6,24.18,11.07
"2022-10-07 12:20:00",193481,13.49,32.52,750.5,23.85,11.27
"2022-10-07 12:25:00",193482,13.49,32.42,750.4,24.36,12.92
"2022-10-07 12:30:00",193483,13.49,32.32,750.2,24.1,12.76
"2022-10-07 12:35:00",193484,13.49,32.14,750.1,23.93,12.54
"2022-10-07 12:40:00",193485,13.49,31.94,750,24.9,11.74
"2022-10-07 12:45:00",193486,13.49,31.78,749.8,23.97,11.2
"2022-10-07 12:50:00",193487,13.49,31.59,749.7,24.81,10.45
"2022-10-07 12:55:00",193488,13.49,31.46,749.6,24.67,8.45
"2022-10-07 13:00:00",193489,13.49,31.4,749.5,25.81,8.56
"2022-10-07 13:05:00",193490,13.49,31.49,749.4,25.9,7.702
"2022-10-07 13:10:00",193491,13.49,31.57,749.2,25.02,8.25
"2022-10-07 13:15:00",193492,13.49,31.64,749.2,26.21,7.784
"2022-10-07 13:20:00",193493,13.49,31.71,749,25.99,6.266
"2022-10-07 13:25:00",193494,13.49,31.8,748.8,24.92,6.882
"2022-10-07 13:30:00",193495,13.49,31.81,748.7,25.6,7.477
"2022-10-07 13:35:00",193496,13.49,31.83,748.7,25.25,6.748
"2022-10-07 13:40:00",193497,13.49,31.79,748.5,25.94,6.624
"2022-10-07 13:45:00",193498,13.49,31.79,748.3,27.12,7.668
"2022-10-07 13:50:00",193499,13.49,31.96,748.2,27.61,6.672
"2022-10-07 13:55:00",193500,13.49,32.24,748.1,27.6,7.106
"2022-10-07 14:00:00",193501,13.49,32.52,748,26.16,7.422
"2022-10-07 14:05:00",193502,13.49,32.68,747.8,26.83,6.506
"2022-10-07 14:10:00",193503,13.49,32.83,747.8,26.78,7.009
"2022-10-07 14:15:00",193504,13.49,33.02,747.6,26.73,7.296
"2022-10-07 14:20:00",193505,13.47,33.1,747.6,26.53,7.074
"2022-10-07 14:25:00",193506,13.47,33.09,747.4,26.12,6.342
"2022-10-07 14:30:00",193507,13.47,33.08,747.3,27.38,6.015
"2022-10-07 14:35:00",193508,13.47,33.13,747.2,26.3,5.588
"2022-10-07 14:40:00",193509,13.47,33.21,747.1,27.14,6.442
"2022-10-07 14:45:00",193510,13.47,33.36,747,26.4,6.132
"2022-10-07 14:50:00",193511,13.47,33.47,746.9,26.38,6.06
"2022-10-07 14:55:00",193512,13.47,33.48,746.9,26.25,5.84
"2022-10-07 15:00:00",193513,13.47,33.49,746.7,26.7,6.791
"2022-10-07 15:05:00",193514,13.47,33.48,746.6,27.01,6.475
"2022-10-07 15:10:00",193515,13.47,33.47,746.6,26.75,5.781
"2022-10-07 15:15:00",193516,13.47,33.47,746.5,26.57,5.884
"2022-10-07 15:20:00",193517,13.47,33.55,746.4,27.38,5.653
"2022-10-07 15:25:00",193518,13.47,33.65,746.3,27.25,5.65
"2022-10-07 15:30:00",193519,13.47,33.77,746.3,26.9,5.858
"2022-10-07 15:35:00",193520,13.47,33.86,746.2,26.89,6.074
"2022-10-07 15:40:00",193521,13.47,33.97,746.1,27.87,5.558
"2022-10-07 15:45:00",193522,13.47,34.19,746,27.08,5.283
"2022-10-07 15:50:00",193523,13.45,34.33,746,26.63,6.139
"2022-10-07 15:55:00",193524,13.45,34.34,745.9,27.1,6.224
"2022-10-07 16:00:00",193525,13.45,34.37,745.8,27.24,5.504
"2022-10-07 16:05:00",193526,13.45,34.45,745.7,27.18,6.082
"2022-10-07 16:10:00",193527,13.45,34.49,745.7,26.93,6.436
"2022-10-07 16:15:00",193528,13.45,34.49,745.7,27.54,5.585
"2022-10-07 16:20:00",193529,13.45,34.5,745.6,26.72,5.997
"2022-10-07 16:25:00",193530,13.45,34.49,745.6,27.09,5.5
"2022-10-07 16:30:00",193531,13.45,34.54,745.5,27.29,5.65
"2022-10-07 16:35:00",193532,13.45,34.66,745.5,27.94,5.85
"2022-10-07 16:40:00",193533,13.45,34.82,745.4,28.58,6.121
"2022-10-07 16:45:00",193534,13.45,34.95,745.5,28.19,6.618
"2022-10-07 16:50:00",193535,13.45,34.97,745.4,27.52,6.381
"2022-10-07 16:55:00",193536,13.45,34.76,745.4,26.96,5.859
"2022-10-07 17:00:00",193537,13.45,34.42,745.5,27.25,6.446
"2022-10-07 17:05:00",193538,13.45,34.17,745.5,27.11,6.406
"2022-10-07 17:10:00",193539,13.45,34.04,745.5,27.06,7.09
"2022-10-07 17:15:00",193540,13.45,34,745.5,27.23,6.59
"2022-10-07 17:20:00",193541,13.45,33.96,745.5,27.15,6.442
"2022-10-07 17:25:00",193542,13.45,33.8,745.5,27.1,6.73
"2022-10-07 17:30:00",193543,13.45,33.36,745.6,26.92,6.724
"2022-10-07 17:35:00",193544,13.38,32.9,745.6,26.7,7.583
"2022-10-07 17:40:00",193545,13.28,32.57,745.7,26.03,11.67
"2022-10-07 17:45:00",193546,13.19,32.2,745.7,25.68,10.98
"2022-10-07 17:50:00",193547,13.14,31.75,745.8,25.47,12.11
"2022-10-07 17:55:00",193548,13.09,31.22,745.8,25.2,13.09
"2022-10-07 18:00:00",193549,13.05,30.62,745.9,25.06,13.65
"2022-10-07 18:05:00",193550,13,30.04,745.9,24.95,14.14
"2022-10-07 18:10:00",193551,12.97,29.45,746,24.86,14.42
"2022-10-07 18:15:00",193552,12.94,28.84,746.1,24.51,17.42
"2022-10-07 18:20:00",193553,12.92,28.24,746,23.83,19.75
"2022-10-07 18:25:00",193554,12.91,27.64,746.1,23.3,22.34
"2022-10-07 18:30:00",193555,12.9,27.05,746.2,23.09,22.8
"2022-10-07 18:35:00",193556,12.89,26.46,746.3,22.73,23.81
"2022-10-07 18:40:00",193557,12.89,25.96,746.4,22.65,23.6
"2022-10-07 18:45:00",193558,12.88,25.49,746.6,22.36,24.33
"2022-10-07 18:50:00",193559,12.88,25.1,746.8,22.34,23.81
"2022-10-07 18:55:00",193560,12.88,24.77,746.9,22.44,23.99
"2022-10-07 19:00:00",193561,12.87,24.49,747,22.4,25.76
"2022-10-07 19:05:00",193562,12.87,24.27,747.2,22.31,26.03
"2022-10-07 19:10:00",193563,12.87,24.06,747.3,21.9,26.94
"2022-10-07 19:15:00",193564,12.86,23.88,747.4,22.03,23.96
"2022-10-07 19:20:00",193565,12.86,23.69,747.6,21.82,20.8
"2022-10-07 19:25:00",193566,12.86,23.52,747.6,21.47,21.33
"2022-10-07 19:30:00",193567,12.86,23.31,747.7,20.99,22.19
"2022-10-07 19:35:00",193568,12.85,23.07,747.8,20.47,23.07
"2022-10-07 19:40:00",193569,12.85,22.8,747.9,19.9,23.14
"2022-10-07 19:45:00",193570,12.85,22.52,748,19.76,22.62
"2022-10-07 19:50:00",193571,12.85,22.25,748.2,19.82,21.91
"2022-10-07 19:55:00",193572,12.85,21.98,748.3,19.65,22.71
"2022-10-07 20:00:00",193573,12.84,21.72,748.4,19.54,22.57
"2022-10-07 20:05:00",193574,12.84,21.5,748.5,19.64,22.51
"2022-10-07 20:10:00",193575,12.84,21.27,748.6,19.48,22.63
"2022-10-07 20:15:00",193576,12.84,21.08,748.7,19.53,23.11
"2022-10-07 20:20:00",193577,12.84,20.86,748.8,19.61,23.93
"2022-10-07 20:25:00",193578,12.83,20.71,748.9,19.56,24.2
"2022-10-07 20:30:00",193579,12.83,20.57,749.1,19.48,25.14
"2022-10-07 20:35:00",193580,12.83,20.39,749.2,19.4,26.35
"2022-10-07 20:40:00",193581,12.83,20.26,749.2,19.23,27.51
"2022-10-07 20:45:00",193582,12.82,20.14,749.4,19.28,27.82
"2022-10-07 20:50:00",193583,12.82,20.03,749.4,19.02,28.67
"2022-10-07 20:55:00",193584,12.82,19.94,749.5,18.71,30.44
"2022-10-07 21:00:00",193585,12.82,19.81,749.5,18.46,29.99
"2022-10-07 21:05:00",193586,12.82,19.69,749.6,18.36,30.41
"2022-10-07 21:10:00",193587,12.82,19.53,749.7,18.19,31.59
"2022-10-07 21:15:00",193588,12.81,19.37,749.7,18.01,31.77
"2022-10-07 21:20:00",193589,12.81,19.21,749.8,18.05,31.44
"2022-10-07 21:25:00",193590,12.81,19.09,749.9,18.01,31.31
"2022-10-07 21:30:00",193591,12.81,18.95,750,18.02,31.01
"2022-10-07 21:35:00",193592,12.8,18.84,750.1,17.93,31.17
"2022-10-07 21:40:00",193593,12.8,18.73,750.1,17.75,31.18
"2022-10-07 21:45:00",193594,12.8,18.62,750.1,17.71,30.82
"2022-10-07 21:50:00",193595,12.8,18.51,750.2,17.68,31.24
"2022-10-07 21:55:00",193596,12.8,18.42,750.2,17.67,30.71
"2022-10-07 22:00:00",193597,12.8,18.34,750.3,17.69,30.62
"2022-10-07 22:05:00",193598,12.79,18.27,750.3,17.66,30.15
"2022-10-07 22:10:00",193599,12.79,18.22,750.3,17.73,30.12
"2022-10-07 22:15:00",193600,12.79,18.19,750.3,17.81,29.17
"2022-10-07 22:20:00",193601,12.79,18.18,750.4,17.81,28.9
"2022-10-07 22:25:00",193602,12.79,18.18,750.3,17.97,28.31
"2022-10-07 22:30:00",193603,12.79,18.21,750.3,17.97,28.55
"2022-10-07 22:35:00",193604,12.79,18.24,750.3,17.93,28.54
"2022-10-07 22:40:00",193605,12.78,18.25,750.2,17.93,28.44
"2022-10-07 22:45:00",193606,12.78,18.21,750.3,17.6,29.95
"2022-10-07 22:50:00",193607,12.78,18.15,750.3,16.84,32.39
"2022-10-07 22:55:00",193608,12.78,18.05,750.3,16.67,32.67
"2022-10-07 23:00:00",193609,12.78,17.91,750.3,16.63,32.04
"2022-10-07 23:05:00",193610,12.78,17.78,750.3,16.69,31.88
"2022-10-07 23:10:00",193611,12.78,17.63,750.3,16.54,33.34
"2022-10-07 23:15:00",193612,12.78,17.5,750.3,16.2,33.12
"2022-10-07 23:20:00",193613,12.78,17.38,750.3,16.49,31.67
"2022-10-07 23:25:00",193614,12.77,17.27,750.3,16.56,32.36
"2022-10-07 23:30:00",193615,12.77,17.18,750.2,16.41,32.61
"2022-10-07 23:35:00",193616,12.77,17.12,750.2,16.22,33.31
"2022-10-07 23:40:00",193617,12.77,16.94,750.2,16.17,33.7
"2022-10-07 23:45:00",193618,12.78,16.83,750.1,16.22,33.45
"2022-10-07 23:50:00",193619,12.77,16.73,750.1,16.15,32.85
"2022-10-07 23:55:00",193620,12.77,16.66,750,15.94,33.65
"2022-10-08 00:00:00",193621,12.77,16.62,750,15.73,34.31
"2022-10-08 00:05:00",193622,12.77,16.55,749.9,15.45,35.55
"2022-10-08 00:10:00",193623,12.77,16.46,749.9,15.22,35.47
"2022-10-08 00:15:00",193624,12.77,16.36,749.9,15.24,36.02
"2022-10-08 00:20:00",193625,12.76,16.27,749.8,15.3,35.15
"2022-10-08 00:25:00",193626,12.76,16.18,749.7,15.3,35.31
"2022-10-08 00:30:00",193627,12.76,16.07,749.7,15.25,35.44
"2022-10-08 00:35:00",193628,12.76,15.98,749.7,15.26,36.34
"2022-10-08 00:40:00",193629,12.76,15.91,749.6,15.18,35.88
"2022-10-08 00:45:00",193630,12.76,15.81,749.6,14.59,38.88
"2022-10-08 00:50:00",193631,12.75,15.72,749.5,14.85,40.28
"2022-10-08 00:55:00",193632,12.75,15.63,749.5,14.4,38.31
"2022-10-08 01:00:00",193633,12.75,15.5,749.4,14.51,37.49
"2022-10-08 01:05:00",193634,12.75,15.39,749.3,14.45,38.1
"2022-10-08 01:10:00",193635,12.75,15.29,749.3,14.29,38.91
"2022-10-08 01:15:00",193636,12.74,15.16,749.2,14.23,40.34
"2022-10-08 01:20:00",193637,12.75,15.06,749.1,14.29,39.52
"2022-10-08 01:25:00",193638,12.74,14.98,749.1,14.13,40.08
"2022-10-08 01:30:00",193639,12.74,14.91,749.1,14.35,40.54
"2022-10-08 01:35:00",193640,12.74,14.85,749,14.29,39.77
"2022-10-08 01:40:00",193641,12.74,14.81,748.9,14.21,41.77
"2022-10-08 01:45:00",193642,12.74,14.76,748.8,14.05,41.84
"2022-10-08 01:50:00",193643,12.73,14.73,748.8,13.61,43.37
"2022-10-08 01:55:00",193644,12.73,14.64,748.8,13.52,42.22
"2022-10-08 02:00:00",193645,12.73,14.55,748.8,13.39,44.79
"2022-10-08 02:05:00",193646,12.73,14.44,748.8,13.17,45.07
"2022-10-08 02:10:00",193647,12.73,14.31,748.8,13.05,45
"2022-10-08 02:15:00",193648,12.73,14.2,748.8,13.12,43.88
"2022-10-08 02:20:00",193649,12.73,14.08,748.7,13.18,43.95
"2022-10-08 02:25:00",193650,12.72,14,748.7,12.99,46.46
"2022-10-08 02:30:00",193651,12.72,13.91,748.7,12.77,48.26
"2022-10-08 02:35:00",193652,12.72,13.73,748.7,12.78,48.29
"2022-10-08 02:40:00",193653,12.72,13.63,748.6,12.95,46.45
"2022-10-08 02:45:00",193654,12.72,13.56,748.6,13.08,46.65
"2022-10-08 02:50:00",193655,12.72,13.42,748.6,13.18,45.58
"2022-10-08 02:55:00",193656,12.72,13.35,748.5,12.86,46
"2022-10-08 03:00:00",193657,12.71,13.29,748.5,12.74,45.33
"2022-10-08 03:05:00",193658,12.71,13.24,748.5,12.92,44.83
"2022-10-08 03:10:00",193659,12.71,13.22,748.5,12.98,44.18
"2022-10-08 03:15:00",193660,12.71,13.22,748.4,12.7,44.77
"2022-10-08 03:20:00",193661,12.71,13.18,748.4,12.51,44.9
"2022-10-08 03:25:00",193662,12.7,13.17,748.4,12.62,44.07
"2022-10-08 03:30:00",193663,12.7,13.12,748.4,12.54,44
"2022-10-08 03:35:00",193664,12.7,13.06,748.3,12.45,44.33
"2022-10-08 03:40:00",193665,12.7,12.98,748.3,12.39,45.82
"2022-10-08 03:45:00",193666,12.7,12.9,748.3,12.14,48.54
"2022-10-08 03:50:00",193667,12.7,12.78,748.3,11.76,50.7
"2022-10-08 03:55:00",193668,12.69,12.66,748.4,11.5,49.93
"2022-10-08 04:00:00",193669,12.69,12.53,748.4,11.61,49.39
"2022-10-08 04:05:00",193670,12.69,12.41,748.3,11.67,49.83
"2022-10-08 04:10:00",193671,12.69,12.29,748.3,11.56,50.18
"2022-10-08 04:15:00",193672,12.68,12.19,748.3,11.39,50.89
"2022-10-08 04:20:00",193673,12.68,12.06,748.3,11.11,51.55
"2022-10-08 04:25:00",193674,12.68,11.94,748.4,11.19,50.74
"2022-10-08 04:30:00",193675,12.68,11.81,748.4,11.31,50.18
"2022-10-08 04:35:00",193676,12.68,11.72,748.5,11.37,51.35
"2022-10-08 04:40:00",193677,12.67,11.64,748.5,11.31,48.46
"2022-10-08 04:45:00",193678,12.67,11.56,748.5,11.38,47.4
"2022-10-08 04:50:00",193679,12.66,11.51,748.5,11.39,47.4
"2022-10-08 04:55:00",193680,12.66,11.45,748.5,11.33,47.7
"2022-10-08 05:00:00",193681,12.66,11.42,748.5,11.22,48.17
"2022-10-08 05:05:00",193682,12.66,11.37,748.6,11.07,48.89
"2022-10-08 05:10:00",193683,12.66,11.3,748.6,10.91,49.79
"2022-10-08 05:15:00",193684,12.66,11.22,748.6,10.69,52.28
"2022-10-08 05:20:00",193685,12.65,11.12,748.6,10.43,51.19
"2022-10-08 05:25:00",193686,12.65,11.03,748.7,10.44,55.89
"2022-10-08 05:30:00",193687,12.65,10.97,748.7,10.52,57.74
"2022-10-08 05:35:00",193688,12.65,10.87,748.8,10.48,58.42
"2022-10-08 05:40:00",193689,12.65,10.8,748.8,10.56,56.86
"2022-10-08 05:45:00",193690,12.65,10.75,748.9,10.49,57.2
"2022-10-08 05:50:00",193691,12.65,10.75,748.9,10.22,54.38
"2022-10-08 05:55:00",193692,12.64,10.76,749,10.17,54.47
"2022-10-08 06:00:00",193693,12.65,10.66,749.1,10.28,57.08
"2022-10-08 06:05:00",193694,12.66,10.6,749.1,10.08,57.94
"2022-10-08 06:10:00",193695,12.67,10.58,749.2,10.2,56
"2022-10-08 06:15:00",193696,12.71,10.6,749.2,10.46,53.25
"2022-10-08 06:20:00",193697,12.78,10.43,749.2,10.93,52.2
"2022-10-08 06:25:00",193698,12.87,10.48,749.2,11.11,52.13
"2022-10-08 06:30:00",193699,12.98,10.59,749.2,11.29,50.15
"2022-10-08 06:35:00",193700,13.13,10.82,749.3,11.49,49.38
"2022-10-08 06:40:00",193701,13.29,11.16,749.3,11.76,48.83
"2022-10-08 06:45:00",193702,13.44,11.57,749.4,12.63,46.35
"2022-10-08 06:50:00",193703,13.55,12.08,749.4,13.24,45.02
"2022-10-08 06:55:00",193704,13.68,12.66,749.5,14.31,42.06
"2022-10-08 07:00:00",193705,13.82,13.32,749.5,15.04,40.53
"2022-10-08 07:05:00",193706,13.9,14.45,749.6,15.42,40.12
"2022-10-08 07:10:00",193707,13.84,15.88,749.6,16.02,38.36
"2022-10-08 07:15:00",193708,13.81,16.85,749.6,16.84,36.6
"2022-10-08 07:20:00",193709,13.82,17.65,749.7,16.12,38.37
"2022-10-08 07:25:00",193710,13.79,18.35,749.7,17.28,36.09
"2022-10-08 07:30:00",193711,13.79,19.03,749.8,17.99,34.27
"2022-10-08 07:35:00",193712,13.76,19.67,749.8,16.95,35.54
"2022-10-08 07:40:00",193713,13.76,20.24,749.9,17.28,34.1
"2022-10-08 07:45:00",193714,13.73,20.78,749.9,17.53,31.99
"2022-10-08 07:50:00",193715,13.73,21.27,749.9,18.11,31.45
"2022-10-08 07:55:00",193716,13.7,21.78,750,18.04,30.61
"2022-10-08 08:00:00",193717,13.71,22.26,750,19.14,29.01
"2022-10-08 08:05:00",193718,13.71,22.76,750,18.74,30.24
"2022-10-08 08:10:00",193719,13.68,23.2,750,18.2,31.29
"2022-10-08 08:15:00",193720,13.68,23.58,750,18.74,30.31
"2022-10-08 08:20:00",193721,13.68,23.95,750,19.61,29.35
"2022-10-08 08:25:00",193722,13.65,24.35,750,20.23,28.96
"2022-10-08 08:30:00",193723,13.65,24.82,750,21.1,28.36
"2022-10-08 08:35:00",193724,13.65,25.3,750,20.79,29.21
"2022-10-08 08:40:00",193725,13.63,25.73,750,20.65,29.07
"2022-10-08 08:45:00",193726,13.63,26.18,750,20.74,28.74
"2022-10-08 08:50:00",193727,13.63,26.59,750,20.78,28.47
"2022-10-08 08:55:00",193728,13.6,26.93,749.9,20.08,30.09
"2022-10-08 09:00:00",193729,13.6,27.26,749.9,20.74,29.27
"2022-10-08 09:05:00",193730,13.6,27.58,749.9,20.32,29.64
"2022-10-08 09:10:00",193731,13.58,27.84,749.8,20.68,31.87
"2022-10-08 09:15:00",193732,13.58,28.08,749.8,21.33,29.72
"2022-10-08 09:20:00",193733,13.58,28.38,749.7,21.99,27.08
"2022-10-08 09:25:00",193734,13.58,28.74,749.6,21.42,28.29
"2022-10-08 09:30:00",193735,13.58,29.01,749.6,21.93,27.49
"2022-10-08 09:35:00",193736,13.56,29.33,749.5,22.01,27.02
"2022-10-08 09:40:00",193737,13.56,29.74,749.4,23.35,25.39
"2022-10-08 09:45:00",193738,13.56,30.23,749.3,23.24,25.31
"2022-10-08 09:50:00",193739,13.53,30.61,749.2,22.03,25.36
"2022-10-08 09:55:00",193740,13.53,30.77,749.2,21.38,26.16
"2022-10-08 10:00:00",193741,13.53,30.84,749.1,21.85,24.97
"2022-10-08 10:05:00",193742,13.53,30.93,749.1,22.03,27.22
"2022-10-08 10:10:00",193743,13.53,30.97,749,22.64,24.28
"2022-10-08 10:15:00",193744,13.51,31.05,748.9,23.56,22.7
"2022-10-08 10:20:00",193745,13.51,31.16,748.8,22.98,22.18
"2022-10-08 10:25:00",193746,13.51,31.31,748.8,23.94,19.89
"2022-10-08 10:30:00",193747,13.51,31.5,748.7,22.95,21.21
"2022-10-08 10:35:00",193748,13.51,31.58,748.6,23.11,20.81
"2022-10-08 10:40:00",193749,13.51,31.65,748.5,23.6,20.29
"2022-10-08 10:45:00",193750,13.51,31.71,748.4,23.93,18.5
"2022-10-08 10:50:00",193751,13.51,31.79,748.4,23.47,20.28
"2022-10-08 10:55:00",193752,13.51,31.86,748.2,24.75,18.62
"2022-10-08 11:00:00",193753,13.51,32,748.1,24.46,16.93
"2022-10-08 11:05:00",193754,13.51,32.14,748.1,24.74,17.99
"2022-10-08 11:10:00",193755,13.49,32.28,747.9,25.04,17.03
"2022-10-08 11:15:00",193756,13.49,32.42,747.8,25.43,16.84
"2022-10-08 11:20:00",193757,13.49,32.59,747.7,25.09,18.57
"2022-10-08 11:25:00",193758,13.49,32.72,747.6,25.18,17.59
"2022-10-08 11:30:00",193759,13.49,32.86,747.6,25.95,15.32
"2022-10-08 11:35:00",193760,13.49,32.98,747.5,26.28,14.2
"2022-10-08 11:40:00",193761,13.49,33.11,747.4,25.91,12.98
"2022-10-08 11:45:00",193762,13.49,33.18,747.3,26.11,16.03
"2022-10-08 11:50:00",193763,13.49,33.25,747.2,26.79,13.73
"2022-10-08 11:55:00",193764,13.49,33.34,747.1,26.71,12.45
"2022-10-08 12:00:00",193765,13.49,33.43,746.9,27.36,12.83
"2022-10-08 12:05:00",193766,13.47,33.58,746.8,27.73,11.99
"2022-10-08 12:10:00",193767,13.47,33.71,746.7,27.15,12.4
"2022-10-08 12:15:00",193768,13.47,33.79,746.5,27.34,11.62
"2022-10-08 12:20:00",193769,13.47,33.85,746.4,27.89,12.43
"2022-10-08 12:25:00",193770,13.47,33.95,746.3,28,11.93
"2022-10-08 12:30:00",193771,13.47,34.28,746.2,29.2,9.97
"2022-10-08 12:35:00",193772,13.47,34.55,746.1,28.31,10.3
"2022-10-08 12:40:00",193773,13.45,34.76,746,29.43,10.55
"2022-10-08 12:45:00",193774,13.45,34.92,745.8,27.97,9.42
"2022-10-08 12:50:00",193775,13.45,34.96,745.6,28.72,9.45
"2022-10-08 12:55:00",193776,13.45,34.92,745.7,28.38,9.01
"2022-10-08 13:00:00",193777,13.45,34.85,745.5,28.31,9.36
"2022-10-08 13:05:00",193778,13.45,34.77,745.3,28.4,9.01
"2022-10-08 13:10:00",193779,13.45,34.72,745.2,29.88,8.84
"2022-10-08 13:15:00",193780,13.45,34.81,745.1,30.14,9.14
"2022-10-08 13:20:00",193781,13.45,34.98,745,29.53,9.69
"2022-10-08 13:25:00",193782,13.45,35.15,744.8,29.84,8.62
"2022-10-08 13:30:00",193783,13.45,35.23,744.8,28.64,8.87
"2022-10-08 13:35:00",193784,13.45,35.19,744.6,29.08,8.24
"2022-10-08 13:40:00",193785,13.45,35.15,744.5,29.64,8.18
"2022-10-08 13:45:00",193786,13.45,35.18,744.4,29.9,7.9
"2022-10-08 13:50:00",193787,13.45,35.25,744.3,29.32,7.737
"2022-10-08 13:55:00",193788,13.45,35.34,744.1,29.87,7.61
"2022-10-08 14:00:00",193789,13.45,35.43,744,29.22,7.662
"2022-10-08 14:05:00",193790,13.45,35.31,743.9,30.1,7.326
"2022-10-08 14:10:00",193791,13.45,35.3,743.8,30.28,7.622
"2022-10-08 14:15:00",193792,13.45,35.37,743.8,30.29,7.332
"2022-10-08 14:20:00",193793,13.45,35.46,743.6,29.97,8.41
"2022-10-08 14:25:00",193794,13.42,35.46,743.6,29.69,7.458
"2022-10-08 14:30:00",193795,13.42,35.45,743.4,30.39,7.262
"2022-10-08 14:35:00",193796,13.43,35.55,743.3,30.04,7.034
"2022-10-08 14:40:00",193797,13.42,35.68,743.2,30.91,7.351
"2022-10-08 14:45:00",193798,13.42,35.86,743.1,30.97,8.44
"2022-10-08 14:50:00",193799,13.43,36.05,743,31.12,6.666
"2022-10-08 14:55:00",193800,13.43,36.32,742.9,31.91,6.87
"2022-10-08 15:00:00",193801,13.42,36.61,742.9,31.81,6.356
"2022-10-08 15:05:00",193802,13.43,36.9,742.8,31.22,6.924
"2022-10-08 15:10:00",193803,13.4,37.08,742.7,30.92,6.478
"2022-10-08 15:15:00",193804,13.4,37.12,742.6,31.19,6.194
"2022-10-08 15:20:00",193805,13.4,37.12,742.6,30.42,6.464
"2022-10-08 15:25:00",193806,13.4,37.08,742.4,30.78,6.182
"2022-10-08 15:30:00",193807,13.4,37.02,742.4,30.22,6.166
"2022-10-08 15:35:00",193808,13.4,36.94,742.4,30.25,6.094
"2022-10-08 15:40:00",193809,13.4,36.95,742.3,31.2,5.756
"2022-10-08 15:45:00",193810,13.4,37.02,742.2,30.07,5.798
"2022-10-08 15:50:00",193811,13.4,36.89,742.2,30.9,5.894
"2022-10-08 15:55:00",193812,13.4,36.66,742.1,29.79,6.009
"2022-10-08 16:00:00",193813,13.4,36.34,742.1,29.98,6.814
"2022-10-08 16:05:00",193814,13.4,36.16,742.1,30.44,4.786
"2022-10-08 16:10:00",193815,13.4,36.07,742,30.13,5.07
"2022-10-08 16:15:00",193816,13.4,36.03,741.9,30.34,6.97
"2022-10-08 16:20:00",193817,13.4,35.98,742,30.18,7.11
"2022-10-08 16:25:00",193818,13.4,35.91,742,30.5,7.411
"2022-10-08 16:30:00",193819,13.4,35.87,741.9,30.02,6.597
"2022-10-08 16:35:00",193820,13.4,35.84,741.9,30.08,6.744
"2022-10-08 16:40:00",193821,13.4,35.82,741.9,30.5,7.556
"2022-10-08 16:45:00",193822,13.4,35.78,741.8,30.02,7.686
"2022-10-08 16:50:00",193823,13.4,35.66,741.7,29.5,7.743
"2022-10-08 16:55:00",193824,13.4,35.46,741.9,29.77,7.679
"2022-10-08 17:00:00",193825,13.4,35.29,741.9,30.04,8.67
"2022-10-08 17:05:00",193826,13.4,35.06,741.9,29.79,8.55
"2022-10-08 17:10:00",193827,13.4,34.9,742.1,29.61,8.61
"2022-10-08 17:15:00",193828,13.4,34.75,742.1,29.51,12.28
"2022-10-08 17:20:00",193829,13.4,34.56,742.1,28.48,15.09
"2022-10-08 17:25:00",193830,13.4,34.34,742.2,28.56,12.53
"2022-10-08 17:30:00",193831,13.4,34.04,742.2,28.79,10.17
"2022-10-08 17:35:00",193832,13.38,33.52,742.2,28.78,10.67
"2022-10-08 17:40:00",193833,13.29,33.06,742.2,28.7,10.24
"2022-10-08 17:45:00",193834,13.21,32.71,742.3,28.72,10.89
"2022-10-08 17:50:00",193835,13.17,32.42,742.3,28.13,14.43
"2022-10-08 17:55:00",193836,13.12,32.07,742.5,27.38,15.74
"2022-10-08 18:00:00",193837,13.08,31.64,742.6,27.27,16.16
"2022-10-08 18:05:00",193838,13.03,31.24,742.7,27.19,15.94
"2022-10-08 18:10:00",193839,12.99,30.85,742.8,26.88,16.14
"2022-10-08 18:15:00",193840,12.95,30.45,742.8,26.55,20.25
"2022-10-08 18:20:00",193841,12.93,30.01,743,26.03,19.14
"2022-10-08 18:25:00",193842,12.91,29.56,743.1,25.65,20.06
"2022-10-08 18:30:00",193843,12.91,29.08,743.1,25.36,25.56
"2022-10-08 18:35:00",193844,12.9,28.58,743.2,25.13,27.02
"2022-10-08 18:40:00",193845,12.89,28.12,743.3,24.79,27.23
"2022-10-08 18:45:00",193846,12.89,27.71,743.4,24.7,27.26
"2022-10-08 18:50:00",193847,12.89,27.32,743.5,24.64,26.88
"2022-10-08 18:55:00",193848,12.88,26.99,743.6,24.27,28.21
"2022-10-08 19:00:00",193849,12.88,26.7,743.8,24.05,28.87
"2022-10-08 19:05:00",193850,12.88,26.39,743.8,23.99,28.8
"2022-10-08 19:10:00",193851,12.87,26.12,743.9,24.29,25.21
"2022-10-08 19:15:00",193852,12.87,25.93,744.1,24.54,23.52
"2022-10-08 19:20:00",193853,12.86,25.76,744.2,24.14,25.14
"2022-10-08 19:25:00",193854,12.86,25.59,744.3,23.53,27.24
"2022-10-08 19:30:00",193855,12.85,25.4,744.4,22.81,28.57
"2022-10-08 19:35:00",193856,12.85,25.17,744.5,22.94,27.73
"2022-10-08 19:40:00",193857,12.85,24.93,744.6,22.9,28.1
"2022-10-08 19:45:00",193858,12.85,24.72,744.7,23.01,27.97
"2022-10-08 19:50:00",193859,12.84,24.56,744.9,22.92,28.31
"2022-10-08 19:55:00",193860,12.84,24.41,745,22.73,28.83
"2022-10-08 20:00:00",193861,12.84,24.26,745.1,22.29,30.27
"2022-10-08 20:05:00",193862,12.84,24.07,745.2,21.73,31.3
"2022-10-08 20:10:00",193863,12.84,23.85,745.3,21.91,30.94
"2022-10-08 20:15:00",193864,12.83,23.65,745.4,22,30.42
"2022-10-08 20:20:00",193865,12.83,23.48,745.5,21.93,30.54
"2022-10-08 20:25:00",193866,12.83,23.35,745.6,21.69,31.26
"2022-10-08 20:30:00",193867,12.83,23.15,745.7,21.37,32.27
"2022-10-08 20:35:00",193868,12.82,22.99,745.7,20.94,33.88
"2022-10-08 20:40:00",193869,12.82,22.82,745.8,20.69,35.05
"2022-10-08 20:45:00",193870,12.82,22.64,745.8,20.69,35.35
"2022-10-08 20:50:00",193871,12.82,22.47,745.9,20.38,36.5
"2022-10-08 20:55:00",193872,12.82,22.29,746,20.5,35.75
"2022-10-08 21:00:00",193873,12.82,22.12,746.1,20.72,34.99
"2022-10-08 21:05:00",193874,12.82,22.03,746.1,20.68,35.28
"2022-10-08 21:10:00",193875,12.82,21.92,746.3,20.66,35.11
"2022-10-08 21:15:00",193876,12.81,21.81,746.4,20.73,34.99
"2022-10-08 21:20:00",193877,12.81,21.73,746.5,20.72,35.02
"2022-10-08 21:25:00",193878,12.81,21.68,746.6,20.67,35.14
"2022-10-08 21:30:00",193879,12.81,21.62,746.8,20.51,35.88
"2022-10-08 21:35:00",193880,12.81,21.58,746.9,20.23,36.48
"2022-10-08 21:40:00",193881,12.81,21.51,747,20.18,36.51
"2022-10-08 21:45:00",193882,12.81,21.42,747.1,20.01,37.05
"2022-10-08 21:50:00",193883,12.8,21.32,747.2,19.86,37.52
"2022-10-08 21:55:00",193884,12.8,21.22,747.2,19.74,38
"2022-10-08 22:00:00",193885,12.8,21.1,747.3,19.64,38.41
"2022-10-08 22:05:00",193886,12.8,20.99,747.4,19.68,38.22
"2022-10-08 22:10:00",193887,12.8,20.89,747.5,19.84,37.85
"2022-10-08 22:15:00",193888,12.8,20.81,747.6,19.93,37.56
"2022-10-08 22:20:00",193889,12.8,20.74,747.6,19.84,37.85
"2022-10-08 22:25:00",193890,12.8,20.68,747.7,19.9,37.72
"2022-10-08 22:30:00",193891,12.8,20.66,747.8,19.93,37.73
"2022-10-08 22:35:00",193892,12.8,20.64,747.8,19.82,38.37
"2022-10-08 22:40:00",193893,12.8,20.61,747.8,19.61,39.12
"2022-10-08 22:45:00",193894,12.8,20.54,747.8,19.64,38.9
"2022-10-08 22:50:00",193895,12.8,20.46,747.9,19.58,39.15
"2022-10-08 22:55:00",193896,12.8,20.41,747.9,19.61,39.06
"2022-10-08 23:00:00",193897,12.8,20.36,748,19.62,39.13
"2022-10-08 23:05:00",193898,12.8,20.31,748,19.42,39.56
"2022-10-08 23:10:00",193899,12.79,20.27,748.1,19.16,40.18
"2022-10-08 23:15:00",193900,12.79,20.2,748.1,18.8,40.33
"2022-10-08 23:20:00",193901,12.79,20.08,748.1,18.82,40.59
"2022-10-08 23:25:00",193902,12.79,19.97,748.1,18.86,40.3
"2022-10-08 23:30:00",193903,12.79,19.73,748.1,18.86,40.95
"2022-10-08 23:35:00",193904,12.79,19.59,748.1,18.99,41.16
"2022-10-08 23:40:00",193905,12.79,19.49,748.1,19.02,41.03
"2022-10-08 23:45:00",193906,12.79,19.42,748.2,19,41.06
"2022-10-08 23:50:00",193907,12.79,19.34,748.2,18.59,41.66
"2022-10-08 23:55:00",193908,12.78,19.25,748.1,17.64,44.07
"2022-10-09 00:00:00",193909,12.78,19.12,748.1,17.37,44.83
"2022-10-09 00:05:00",193910,12.78,18.95,748.1,17.19,45.29
"2022-10-09 00:10:00",193911,12.78,18.78,748.1,17.29,45.07
"2022-10-09 00:15:00",193912,12.78,18.61,748.2,17.17,45.12
"2022-10-09 00:20:00",193913,12.78,18.48,748.2,17.07,45.36
"2022-10-09 00:25:00",193914,12.78,18.34,748.2,17.01,45.39
"2022-10-09 00:30:00",193915,12.78,18.24,748.2,17,45.45
"2022-10-09 00:35:00",193916,12.77,18.15,748.1,16.92,45.6
"2022-10-09 00:40:00",193917,12.77,18.05,748.1,16.93,45.47
"2022-10-09 00:45:00",193918,12.77,17.97,748.1,16.95,45.41
"2022-10-09 00:50:00",193919,12.77,17.89,748.2,16.69,46.17
"2022-10-09 00:55:00",193920,12.77,17.79,748.2,16.63,46.07
"2022-10-09 01:00:00",193921,12.77,17.71,748.2,16.82,44.76
"2022-10-09 01:05:00",193922,12.76,17.65,748.2,16.89,44.23
"2022-10-09 01:10:00",193923,12.76,17.62,748.3,16.89,44.04
"2022-10-09 01:15:00",193924,12.76,17.59,748.2,16.91,42.39
"2022-10-09 01:20:00",193925,12.76,17.54,748.2,16.85,44.1
"2022-10-09 01:25:00",193926,12.76,17.46,748.2,16.88,42.61
"2022-10-09 01:30:00",193927,12.75,17.39,748.2,16.77,44.16
"2022-10-09 01:35:00",193928,12.75,17.31,748.2,16.2,46.58
"2022-10-09 01:40:00",193929,12.75,17.18,748.2,15.85,48.85
"2022-10-09 01:45:00",193930,12.75,17.04,748.1,15.52,50.35
"2022-10-09 01:50:00",193931,12.75,16.9,748.1,15.43,49.97
"2022-10-09 01:55:00",193932,12.75,16.77,748.1,15.76,49.95
"2022-10-09 02:00:00",193933,12.75,16.64,748.1,15.32,52.14
"2022-10-09 02:05:00",193934,12.74,16.51,748.1,14.89,53.8
"2022-10-09 02:10:00",193935,12.74,16.37,748.1,14.89,53.65
"2022-10-09 02:15:00",193936,12.74,16.24,748.1,14.93,53.47
"2022-10-09 02:20:00",193937,12.74,16.06,748.1,15.01,54.06
"2022-10-09 02:25:00",193938,12.74,15.95,748.2,15.1,53.25
"2022-10-09 02:30:00",193939,12.74,15.86,748.2,15.05,53.79
"2022-10-09 02:35:00",193940,12.73,15.71,748.2,14.83,54.49
"2022-10-09 02:40:00",193941,12.73,15.6,748.2,15.14,52.33
"2022-10-09 02:45:00",193942,12.73,15.53,748.2,15.16,51.91
"2022-10-09 02:50:00",193943,12.73,15.46,748.3,15.24,51.67
"2022-10-09 02:55:00",193944,12.73,15.42,748.3,15.11,52.42
"2022-10-09 03:00:00",193945,12.72,15.36,748.3,14.83,52.81
"2022-10-09 03:05:00",193946,12.72,15.31,748.4,14.89,52.15
"2022-10-09 03:10:00",193947,12.72,15.29,748.4,15.14,50.36
"2022-10-09 03:15:00",193948,12.72,15.3,748.4,14.78,49.33
"2022-10-09 03:20:00",193949,12.71,15.29,748.5,14.65,48.5
"2022-10-09 03:25:00",193950,12.71,15.26,748.6,14.63,48.56
"2022-10-09 03:30:00",193951,12.71,15.23,748.7,14.34,47.9
"2022-10-09 03:35:00",193952,12.71,15.21,748.8,14.15,48.78
"2022-10-09 03:40:00",193953,12.71,15.17,748.8,14.18,49
"2022-10-09 03:45:00",193954,12.7,15.14,748.8,14.37,49.43
"2022-10-09 03:50:00",193955,12.7,15.12,748.9,14.55,48.43
"2022-10-09 03:55:00",193956,12.7,15.11,748.9,14.65,47.45
"2022-10-09 04:00:00",193957,12.7,15.09,749,14.51,48.83
"2022-10-09 04:05:00",193958,12.7,15.07,749.1,13.93,52.53
"2022-10-09 04:10:00",193959,12.7,15,749.3,13.59,53.64
"2022-10-09 04:15:00",193960,12.69,14.89,749.3,13.04,56.94
"2022-10-09 04:20:00",193961,12.69,14.78,749.3,13.87,49.88
"2022-10-09 04:25:00",193962,12.69,14.69,749.4,14.18,49.96
"2022-10-09 04:30:00",193963,12.69,14.65,749.4,14,50.61
"2022-10-09 04:35:00",193964,12.69,14.59,749.5,13.68,53.29
"2022-10-09 04:40:00",193965,12.69,14.54,749.5,13.4,54.28
"2022-10-09 04:45:00",193966,12.68,14.44,749.6,13.61,52.42
"2022-10-09 04:50:00",193967,12.68,14.37,749.6,14.05,51.57
"2022-10-09 04:55:00",193968,12.68,14.32,749.7,14.2,51.9
"2022-10-09 05:00:00",193969,12.68,14.32,749.7,14.55,51.08
"2022-10-09 05:05:00",193970,12.68,14.32,749.9,14.3,51.27
"2022-10-09 05:10:00",193971,12.68,14.33,749.9,14.61,50.57
"2022-10-09 05:15:00",193972,12.68,14.35,750,14.76,51.02
"2022-10-09 05:20:00",193973,12.68,14.42,750.2,14.61,52.05
"2022-10-09 05:25:00",193974,12.67,14.48,750.3,14.17,53.08
"2022-10-09 05:30:00",193975,12.68,14.46,750.4,14.29,52.64
"2022-10-09 05:35:00",193976,12.68,14.47,750.5,13.95,51.4
"2022-10-09 05:40:00",193977,12.67,14.47,750.6,13.95,51.65
"2022-10-09 05:45:00",193978,12.67,14.45,750.6,14.39,51.98
"2022-10-09 05:50:00",193979,12.67,14.46,750.7,14.33,51.88
"2022-10-09 05:55:00",193980,12.67,14.49,750.7,14.44,52.6
"2022-10-09 06:00:00",193981,12.68,14.52,750.8,14.66,51.93
"2022-10-09 06:05:00",193982,12.68,14.53,750.8,14.49,53.25
"2022-10-09 06:10:00",193983,12.7,14.58,750.8,14.17,53.79
"2022-10-09 06:15:00",193984,12.72,14.61,750.9,13.23,54.53
"2022-10-09 06:20:00",193985,12.75,14.63,751,13.25,54.41
"2022-10-09 06:25:00",193986,12.81,14.68,751,13.5,53.78
"2022-10-09 06:30:00",193987,12.89,14.72,751.1,13.91,52.07
"2022-10-09 06:35:00",193988,12.92,14.82,751.2,14.26,51.35
"2022-10-09 06:40:00",193989,12.92,14.88,751.2,13.78,51.96
"2022-10-09 06:45:00",193990,13.11,15.03,751.3,13.87,51.85
"2022-10-09 06:50:00",193991,13.08,15.16,751.3,14.16,50.42
"2022-10-09 06:55:00",193992,13.24,15.28,751.3,14.07,50.77
"2022-10-09 07:00:00",193993,13.24,15.49,751.4,14.34,49.36
"2022-10-09 07:05:00",193994,13.43,15.7,751.5,14.39,49.71
"2022-10-09 07:10:00",193995,13.86,16.27,751.5,15.05,47.31
"2022-10-09 07:15:00",193996,13.65,16.54,751.6,15.48,46.55
"2022-10-09 07:20:00",193997,13.71,16.94,751.6,15.84,46
"2022-10-09 07:25:00",193998,13.78,18.47,751.7,16.03,46.65
"2022-10-09 07:30:00",193999,13.75,19.45,751.8,16.89,44.96
"2022-10-09 07:35:00",194000,13.76,20.19,751.8,17.25,43.99
"2022-10-09 07:40:00",194001,13.73,20.9,751.9,17.28,44.41
"2022-10-09 07:45:00",194002,13.73,21.57,751.9,17.83,43.36
"2022-10-09 07:50:00",194003,13.7,22.21,751.9,16.83,46.59
"2022-10-09 07:55:00",194004,13.7,22.73,752,16.73,47.05
"2022-10-09 08:00:00",194005,13.68,23.12,752.1,16.99,46.55
"2022-10-09 08:05:00",194006,13.68,23.46,752.1,17.1,46.41
"2022-10-09 08:10:00",194007,13.68,23.77,752.1,17.36,45.53
"2022-10-09 08:15:00",194008,13.65,24.04,752.1,17.57,45.3
"2022-10-09 08:20:00",194009,13.65,24.31,752,17.56,44.76
"2022-10-09 08:25:00",194010,13.65,24.56,752.1,18.43,43.05
"2022-10-09 08:30:00",194011,13.65,24.88,752,18.44,42.92
"2022-10-09 08:35:00",194012,13.65,25.15,752,18.51,43.03
"2022-10-09 08:40:00",194013,13.63,25.42,752,18.43,43.78
"2022-10-09 08:45:00",194014,13.63,25.78,752.1,18.82,40.98
"2022-10-09 08:50:00",194015,13.63,26.04,752.1,19.32,39.61
"2022-10-09 08:55:00",194016,13.63,26.31,752.1,20.13,38.56
"2022-10-09 09:00:00",194017,13.6,26.63,752,19.68,39.2
"2022-10-09 09:05:00",194018,13.6,26.91,752,20.22,38.73
"2022-10-09 09:10:00",194019,13.6,27.23,752,20.4,38.2
"2022-10-09 09:15:00",194020,13.61,27.63,752,20.59,37.73
"2022-10-09 09:20:00",194021,13.58,27.98,752,20.26,37.76
"2022-10-09 09:25:00",194022,13.58,28.3,751.9,19.97,38.32
"2022-10-09 09:30:00",194023,13.58,28.62,751.9,20.61,36.88
"2022-10-09 09:35:00",194024,13.56,28.96,751.9,20.18,38.27
"2022-10-09 09:40:00",194025,13.55,29.19,751.8,20.78,36.54
"2022-10-09 09:45:00",194026,13.55,29.51,751.8,22.44,34.69
"2022-10-09 09:50:00",194027,13.56,29.9,751.7,22.16,33.93
"2022-10-09 09:55:00",194028,13.53,30.26,751.6,21.3,35.47
"2022-10-09 10:00:00",194029,13.53,30.46,751.6,21.43,35.84
"2022-10-09 10:05:00",194030,13.53,30.6,751.5,20.6,36.52
"2022-10-09 10:10:00",194031,13.53,30.69,751.5,21.53,34.2
"2022-10-09 10:15:00",194032,13.53,30.82,751.4,21.67,35.21
"2022-10-09 10:20:00",194033,13.51,31.03,751.2,20.92,34.41
"2022-10-09 10:25:00",194034,13.51,31.22,751.1,22.22,31.97
"2022-10-09 10:30:00",194035,13.51,31.35,751,21.31,34.25
"2022-10-09 10:35:00",194036,13.51,31.44,751,22.6,32.47
"2022-10-09 10:40:00",194037,13.51,31.64,750.9,22.47,31.79
"2022-10-09 10:45:00",194038,13.51,31.76,750.9,22.11,33.26
"2022-10-09 10:50:00",194039,13.51,31.84,750.7,22.26,32.48
"2022-10-09 10:55:00",194040,13.51,31.93,750.7,22.42,32.36
"2022-10-09 11:00:00",194041,13.51,32.03,750.6,22.37,32.42
"2022-10-09 11:05:00",194042,13.49,32.12,750.5,23.22,31.83
"2022-10-09 11:10:00",194043,13.49,32.23,750.4,22.35,32.42
"2022-10-09 11:15:00",194044,13.49,32.23,750.3,22.52,31.83
"2022-10-09 11:20:00",194045,13.49,32.18,750.3,22.93,31.43
"2022-10-09 11:25:00",194046,13.49,32.13,750.2,22.57,32.1
"2022-10-09 11:30:00",194047,13.49,32.03,750.1,23.05,31.08
"2022-10-09 11:35:00",194048,13.49,32.02,750,23.63,31.06
"2022-10-09 11:40:00",194049,13.49,32.09,749.9,23.27,31.6
"2022-10-09 11:45:00",194050,13.49,32.09,749.8,23.66,30.79
"2022-10-09 11:50:00",194051,13.49,32.12,749.6,23.99,29.51
"2022-10-09 11:55:00",194052,13.49,32.18,749.6,22.71,30.54
"2022-10-09 12:00:00",194053,13.49,32.12,749.4,23.2,30.45
"2022-10-09 12:05:00",194054,13.49,32.01,749.4,23.21,30.15
"2022-10-09 12:10:00",194055,13.49,31.92,749.3,23.67,29.38
"2022-10-09 12:15:00",194056,13.49,31.93,749.1,23.77,29.46
"2022-10-09 12:20:00",194057,13.49,32.02,749,25.08,27.66
"2022-10-09 12:25:00",194058,13.49,32.11,748.9,24.33,28.69
"2022-10-09 12:30:00",194059,13.49,32.22,748.7,25.22,28.28
"2022-10-09 12:35:00",194060,13.49,32.33,748.6,25.29,29.04
"2022-10-09 12:40:00",194061,13.49,32.41,748.5,24.38,30.18
"2022-10-09 12:45:00",194062,13.49,32.41,748.4,24.02,29.14
"2022-10-09 12:50:00",194063,13.49,32.33,748.3,23.96,29.06
"2022-10-09 12:55:00",194064,13.49,32.3,748.1,25.9,27.52
"2022-10-09 13:00:00",194065,13.49,32.42,748,25.7,27.03
"2022-10-09 13:05:00",194066,13.49,32.53,747.8,25.06,27.32
"2022-10-09 13:10:00",194067,13.49,32.63,747.7,25.87,27.24
"2022-10-09 13:15:00",194068,13.49,32.75,747.7,26.9,25.81
"2022-10-09 13:20:00",194069,13.49,32.93,747.5,25.7,25.9
"2022-10-09 13:25:00",194070,13.49,33,747.4,25.29,26.18
"2022-10-09 13:30:00",194071,13.49,32.94,747.2,24.46,27
"2022-10-09 13:35:00",194072,13.49,32.74,747.1,25.34,25.63
"2022-10-09 13:40:00",194073,13.49,32.61,747,24.55,26.97
"2022-10-09 13:45:00",194074,13.49,32.53,746.8,24.74,26.82
"2022-10-09 13:50:00",194075,13.49,32.47,746.7,25.45,27.28
"2022-10-09 13:55:00",194076,13.5,32.51,746.7,26.36,24.02
"2022-10-09 14:00:00",194077,13.5,32.7,746.5,26.16,24.59
"2022-10-09 14:05:00",194078,13.5,33,746.5,26.91,23.54
"2022-10-09 14:10:00",194079,13.47,33.21,746.4,25.85,24.36
"2022-10-09 14:15:00",194080,13.47,33.32,746.2,26.13,24.38
"2022-10-09 14:20:00",194081,13.47,33.33,746.1,25.32,24.88
"2022-10-09 14:25:00",194082,13.47,33.32,746,26.45,23.3
"2022-10-09 14:30:00",194083,13.47,33.39,745.9,25.77,23.6
"2022-10-09 14:35:00",194084,13.47,33.5,745.8,25.72,23.67
"2022-10-09 14:40:00",194085,13.47,33.57,745.8,26.55,23.93
"2022-10-09 14:45:00",194086,13.47,33.72,745.7,26.45,23.23
"2022-10-09 14:50:00",194087,13.47,33.91,745.5,27.46,22.19
"2022-10-09 14:55:00",194088,13.47,34.23,745.4,28.43,20.93
"2022-10-09 15:00:00",194089,13.45,34.67,745.4,28.22,21.82
"2022-10-09 15:05:00",194090,13.45,35.12,745.4,27.66,21.51
"2022-10-09 15:10:00",194091,13.45,35.3,745.3,27.45,21.95
"2022-10-09 15:15:00",194092,13.45,35.34,745.1,27.52,21.29
"2022-10-09 15:20:00",194093,13.45,35.22,745.1,26.56,23.76
"2022-10-09 15:25:00",194094,13.45,34.83,744.8,25.68,23.84
"2022-10-09 15:30:00",194095,13.45,34.24,744.9,25.83,24.12
"2022-10-09 15:35:00",194096,13.45,33.69,744.8,25.94,25.47
"2022-10-09 15:40:00",194097,13.45,33.21,744.8,26,25.06
"2022-10-09 15:45:00",194098,13.45,32.77,744.9,24.93,26.36
"2022-10-09 15:50:00",194099,13.45,32.38,745,25.6,24.83
"2022-10-09 15:55:00",194100,13.45,32.01,744.7,24.72,28.11
"2022-10-09 16:00:00",194101,13.45,31.63,744.5,24.77,27.77
"2022-10-09 16:05:00",194102,13.45,31.3,744.7,24.36,27.88
"2022-10-09 16:10:00",194103,13.47,31.04,744.6,25.04,26.29
"2022-10-09 16:15:00",194104,13.47,30.9,744.4,24.7,27.16
"2022-10-09 16:20:00",194105,13.47,30.8,744.6,24.9,26.63
"2022-10-09 16:25:00",194106,13.47,30.72,744.7,25.34,26.32
"2022-10-09 16:30:00",194107,13.47,30.68,744.9,24.65,27.7
"2022-10-09 16:35:00",194108,13.47,30.63,744.8,24.54,28.71
"2022-10-09 16:40:00",194109,13.47,30.55,744.6,24.3,28.48
"2022-10-09 16:45:00",194110,13.47,30.38,744.6,24.14,28.1
"2022-10-09 16:50:00",194111,13.47,30.1,744.9,23.87,29.16
"2022-10-09 16:55:00",194112,13.47,29.76,744.4,23.68,29.95
"2022-10-09 17:00:00",194113,13.52,29.26,744.8,23.69,29.99
"2022-10-09 17:05:00",194114,13.52,29.21,744.8,23.7,29.95
"2022-10-09 17:10:00",194115,13.52,29.1,744.9,23.82,29.43
"2022-10-09 17:15:00",194116,13.52,28.99,745.1,23.91,27.98
"2022-10-09 17:20:00",194117,13.53,28.81,745.1,24.07,28.53
"2022-10-09 17:25:00",194118,13.52,28.83,745,23.59,29.71
"2022-10-09 17:30:00",194119,13.52,28.36,744.9,22.9,31.13
"2022-10-09 17:35:00",194120,13.46,27.78,745,23.29,30.02
"2022-10-09 17:40:00",194121,13.34,27.44,745,23.64,28.97
"2022-10-09 17:45:00",194122,13.24,27.16,745.1,22.95,30.8
"2022-10-09 17:50:00",194123,13.18,26.95,745.3,23.93,27.1
"2022-10-09 17:55:00",194124,13.12,26.76,745.3,22.89,31.03
"2022-10-09 18:00:00",194125,13.06,26.47,745.1,22.75,31.12
"2022-10-09 18:05:00",194126,13.01,26.17,745.4,22.41,31.96
"2022-10-09 18:10:00",194127,12.96,25.84,745.4,22.45,30.62
"2022-10-09 18:15:00",194128,12.93,25.5,745.5,22.35,31.38
"2022-10-09 18:20:00",194129,12.91,25.18,745.3,22.24,31.61
"2022-10-09 18:25:00",194130,12.89,24.88,745.4,21.71,33.36
"2022-10-09 18:30:00",194131,12.88,24.57,745.4,21.62,32.92
"2022-10-09 18:35:00",194132,12.88,24.24,745.4,21.53,33.64
"2022-10-09 18:40:00",194133,12.87,23.96,745.5,21.36,33.92
"2022-10-09 18:45:00",194134,12.87,23.7,745.3,21.38,33.46
"2022-10-09 18:50:00",194135,12.87,23.5,745.2,21.45,32.34
"2022-10-09 18:55:00",194136,12.86,23.34,745.4,21.32,32.99
"2022-10-09 19:00:00",194137,12.86,23.22,745.5,21.82,31.57
"2022-10-09 19:05:00",194138,12.86,23.15,745.7,21.79,32.1
"2022-10-09 19:10:00",194139,12.86,23.09,746.1,21.27,33.02
"2022-10-09 19:15:00",194140,12.85,23.03,746.5,21.04,34.46
"2022-10-09 19:20:00",194141,12.85,22.94,746.9,21.13,34.46
"2022-10-09 19:25:00",194142,12.85,22.83,747.1,20.85,35.72
"2022-10-09 19:30:00",194143,12.85,22.7,747.3,20.56,36.58
"2022-10-09 19:35:00",194144,12.85,22.53,747.4,20.42,36.93
"2022-10-09 19:40:00",194145,12.85,22.34,747.6,20.34,36.95
"2022-10-09 19:45:00",194146,12.85,22.17,747.7,20.42,37.06
"2022-10-09 19:50:00",194147,12.85,21.82,747.7,20.54,34.18
"2022-10-09 19:55:00",194148,12.85,21.56,747.8,20.86,33.35
"2022-10-09 20:00:00",194149,12.85,21.43,747.8,20.74,32.54
"2022-10-09 20:05:00",194150,12.85,21.36,747.8,20.51,33.71
"2022-10-09 20:10:00",194151,12.85,21.29,747.7,20.36,33.9
"2022-10-09 20:15:00",194152,12.84,21.21,747.8,20.55,32.99
"2022-10-09 20:20:00",194153,12.84,21.18,747.8,20.51,33.02
"2022-10-09 20:25:00",194154,12.84,21.13,748,20.65,32.53
"2022-10-09 20:30:00",194155,12.84,21.11,748,20.63,32.83
"2022-10-09 20:35:00",194156,12.84,21.08,748,20.46,34.17
"2022-10-09 20:40:00",194157,12.84,21.01,748.1,20.6,32.36
"2022-10-09 20:45:00",194158,12.84,20.98,748.3,20.56,32.59
"2022-10-09 20:50:00",194159,12.84,20.95,748.5,20.37,33.01
"2022-10-09 20:55:00",194160,12.83,20.93,748.8,20.32,33.6
"2022-10-09 21:00:00",194161,12.83,20.9,749,20.29,35.08
"2022-10-09 21:05:00",194162,12.83,20.86,749,19.8,37
"2022-10-09 21:10:00",194163,12.83,20.77,749.2,19.59,38.21
"2022-10-09 21:15:00",194164,12.83,20.68,749,19.27,38.63
"2022-10-09 21:20:00",194165,12.83,20.54,749.1,19.3,38.73
"2022-10-09 21:25:00",194166,12.82,20.4,749.2,18.73,40.51
"2022-10-09 21:30:00",194167,12.82,20.23,749.4,18.44,41.26
"2022-10-09 21:35:00",194168,12.82,20.03,749.6,18.26,42.01
"2022-10-09 21:40:00",194169,12.82,19.84,749.7,18.07,42.3
"2022-10-09 21:45:00",194170,12.82,19.66,749.7,18.13,41.96
"2022-10-09 21:50:00",194171,12.82,19.5,749.7,18.06,42.21
"2022-10-09 21:55:00",194172,12.82,19.36,749.8,18.07,42.05
"2022-10-09 22:00:00",194173,12.81,19.24,749.9,18.34,41.31
"2022-10-09 22:05:00",194174,12.81,19.16,750,18.49,41.1
"2022-10-09 22:10:00",194175,12.81,19.09,750.1,18.81,40.17
"2022-10-09 22:15:00",194176,12.81,19.08,750.1,18.92,39.37
"2022-10-09 22:20:00",194177,12.81,19.1,750,18.99,39.51
"2022-10-09 22:25:00",194178,12.81,19.13,749.9,19,39.22
"2022-10-09 22:30:00",194179,12.81,19.17,749.8,19.11,38.55
"2022-10-09 22:35:00",194180,12.8,19.18,749.7,19.41,37.93
"2022-10-09 22:40:00",194181,12.8,19.23,749.7,19.52,37.52
"2022-10-09 22:45:00",194182,12.8,19.26,749.7,19.31,37.76
"2022-10-09 22:50:00",194183,12.8,19.25,749.7,18.7,39.19
"2022-10-09 22:55:00",194184,12.8,19.21,749.7,18.19,40.39
"2022-10-09 23:00:00",194185,12.8,19.1,749.7,18.47,39.07
"2022-10-09 23:05:00",194186,12.8,19,749.7,18.19,40.52
"2022-10-09 23:10:00",194187,12.8,18.92,749.6,17.57,43.01
"2022-10-09 23:15:00",194188,12.8,18.69,749.5,17.24,45.07
"2022-10-09 23:20:00",194189,12.8,18.48,749.5,16.9,46.89
"2022-10-09 23:25:00",194190,12.79,18.29,749.5,16.88,46.85
"2022-10-09 23:30:00",194191,12.79,18.08,749.6,16.72,47.21
"2022-10-09 23:35:00",194192,12.79,17.88,749.6,16.5,48.5
"2022-10-09 23:40:00",194193,12.79,17.66,749.6,16.26,48.96
"2022-10-09 23:45:00",194194,12.79,17.46,749.5,16.53,47.56
"2022-10-09 23:50:00",194195,12.79,17.29,749.5,16.83,45.9
"2022-10-09 23:55:00",194196,12.78,17.17,749.5,17.13,44.96
"2022-10-10 00:00:00",194197,12.78,17.1,749.5,17.3,44.19
"2022-10-10 00:05:00",194198,12.78,17.04,749.4,17.3,44
"2022-10-10 00:10:00",194199,12.78,17,749.4,17.5,43.45
"2022-10-10 00:15:00",194200,12.78,17.02,749.4,17.53,43.33
"2022-10-10 00:20:00",194201,12.78,16.98,749.4,17.41,43.63
"2022-10-10 00:25:00",194202,12.78,16.95,749.4,17.47,43.38
"2022-10-10 00:30:00",194203,12.78,16.94,749.3,17.61,42.19
"2022-10-10 00:35:00",194204,12.77,16.96,749.3,17.07,43.56
"2022-10-10 00:40:00",194205,12.77,16.93,749.3,17.01,43.52
"2022-10-10 00:45:00",194206,12.77,16.9,749.3,17.05,43.3
"2022-10-10 00:50:00",194207,12.77,16.84,749.3,16.85,43.98
"2022-10-10 00:55:00",194208,12.77,16.76,749.3,16.92,44.08
"2022-10-10 01:00:00",194209,12.77,16.67,749.3,16.36,46.1
"2022-10-10 01:05:00",194210,12.76,16.57,749.3,16.3,47.41
"2022-10-10 01:10:00",194211,12.76,16.51,749.3,16.78,45.77
"2022-10-10 01:15:00",194212,12.76,16.45,749.2,16.42,46.86
"2022-10-10 01:20:00",194213,12.75,16.36,749.2,16.3,46.97
"2022-10-10 01:25:00",194214,12.75,16.28,749.3,16.01,48.74
"2022-10-10 01:30:00",194215,12.75,16.21,749.2,16.64,46.57
"2022-10-10 01:35:00",194216,12.75,16.22,749.1,16.47,46.99
"2022-10-10 01:40:00",194217,12.74,16.51,749,16.26,47.81
"2022-10-10 01:45:00",194218,12.74,16.69,748.9,16.31,46.84
"2022-10-10 01:50:00",194219,12.74,16.7,749,16.54,46.21
"2022-10-10 01:55:00",194220,12.74,16.69,749,16.67,45.72
"2022-10-10 02:00:00",194221,12.74,16.7,748.9,16.61,45.69
"2022-10-10 02:05:00",194222,12.74,16.74,748.9,16.54,46.18
"2022-10-10 02:10:00",194223,12.74,16.76,748.8,16.47,45.95
"2022-10-10 02:15:00",194224,12.73,16.74,748.8,16.63,45.69
"2022-10-10 02:20:00",194225,12.73,16.73,748.8,16.3,46.66
"2022-10-10 02:25:00",194226,12.73,16.72,748.7,16.3,46.66
"2022-10-10 02:30:00",194227,12.73,16.66,748.7,15.75,49.05
"2022-10-10 02:35:00",194228,12.73,16.57,748.7,15.34,49.09
"2022-10-10 02:40:00",194229,12.73,16.43,748.7,15.39,48.97
"2022-10-10 02:45:00",194230,12.73,16.29,748.7,15.28,50.82
"2022-10-10 02:50:00",194231,12.72,16.13,748.7,15.2,51.02
"2022-10-10 02:55:00",194232,12.72,16,748.5,14.97,50.96
"2022-10-10 03:00:00",194233,12.72,15.89,748.6,14.65,52.02
"2022-10-10 03:05:00",194234,12.72,15.78,748.6,14.67,51.16
"2022-10-10 03:10:00",194235,12.72,15.66,748.6,14.82,50.81
"2022-10-10 03:15:00",194236,12.71,15.57,748.7,14.57,51.64
"2022-10-10 03:20:00",194237,12.71,15.48,748.7,14.36,52.35
"2022-10-10 03:25:00",194238,12.71,15.36,748.6,14.32,52.71
"2022-10-10 03:30:00",194239,12.71,15.23,748.6,14.45,52.24
"2022-10-10 03:35:00",194240,12.71,15.13,748.6,14.27,53.07
"2022-10-10 03:40:00",194241,12.7,15.05,748.6,14.31,52.77
"2022-10-10 03:45:00",194242,12.7,14.99,748.7,14.24,53.52
"2022-10-10 03:50:00",194243,12.7,14.91,748.7,14.23,53.09
"2022-10-10 03:55:00",194244,12.7,14.85,748.6,14.76,50.93
"2022-10-10 04:00:00",194245,12.7,14.86,748.6,14.74,52.22
"2022-10-10 04:05:00",194246,12.7,14.86,748.8,13.99,55.97
"2022-10-10 04:10:00",194247,12.69,14.83,748.7,13.67,58.54
"2022-10-10 04:15:00",194248,12.7,14.78,748.8,13.71,58.46
"2022-10-10 04:20:00",194249,12.7,14.7,748.8,13.41,59.87
"2022-10-10 04:25:00",194250,12.69,14.6,748.8,13.45,59.72
"2022-10-10 04:30:00",194251,12.69,14.49,748.8,13.37,60.04
"2022-10-10 04:35:00",194252,12.69,14.36,748.9,13.29,60.32
"2022-10-10 04:40:00",194253,12.69,14.24,749,13.37,60.04
"2022-10-10 04:45:00",194254,12.69,14.13,749.1,13.23,60.55
"2022-10-10 04:50:00",194255,12.68,14.04,749.1,13.25,60.23
"2022-10-10 04:55:00",194256,12.68,13.86,749.2,13.86,58.06
"2022-10-10 05:00:00",194257,12.68,13.77,749.2,13.65,58.71
"2022-10-10 05:05:00",194258,12.68,13.68,749.2,13.49,59.28
"2022-10-10 05:10:00",194259,12.68,13.62,749.2,13.38,59.18
"2022-10-10 05:15:00",194260,12.68,13.54,749.2,13.42,58.89
"2022-10-10 05:20:00",194261,12.67,13.49,749.2,13.52,58.69
"2022-10-10 05:25:00",194262,12.67,13.47,749.3,12.85,60.9
"2022-10-10 05:30:00",194263,12.67,13.45,749.3,12.46,62.16
"2022-10-10 05:35:00",194264,12.67,13.39,749.4,12.31,62.81
"2022-10-10 05:40:00",194265,12.67,13.31,749.4,12.28,62.87
"2022-10-10 05:45:00",194266,12.67,13.22,749.3,12.4,62.21
"2022-10-10 05:50:00",194267,12.66,13.16,749.3,12.35,61.76
"2022-10-10 05:55:00",194268,12.66,13.14,749.4,12.38,61.59
"2022-10-10 06:00:00",194269,12.67,13.09,749.4,12.59,60.83
"2022-10-10 06:05:00",194270,12.68,13.07,749.3,12.64,60.34
"2022-10-10 06:10:00",194271,12.7,13.07,749.3,12.85,59.33
"2022-10-10 06:15:00",194272,12.74,13.12,749.3,13.18,58.19
"2022-10-10 06:20:00",194273,12.8,13.23,749.3,13.12,59.14
"2022-10-10 06:25:00",194274,12.88,13.37,749.3,13.51,57.91
"2022-10-10 06:30:00",194275,13,13.58,749.3,13.99,56.54
"2022-10-10 06:35:00",194276,13.16,13.86,749.3,14.3,56.71
"2022-10-10 06:40:00",194277,13.33,14.22,749.4,14.56,55.72
"2022-10-10 06:45:00",194278,13.48,14.63,749.5,14.89,55.26
"2022-10-10 06:50:00",194279,13.61,15.09,749.5,15.41,53.96
"2022-10-10 06:55:00",194280,13.72,15.62,749.6,14.78,55.61
"2022-10-10 07:00:00",194281,13.87,16.2,749.6,15.59,53.47
"2022-10-10 07:05:00",194282,13.87,17.41,749.6,16.92,49.27
"2022-10-10 07:10:00",194283,13.79,18.66,749.7,17.29,48.19
"2022-10-10 07:15:00",194284,13.76,19.5,749.8,17.4,47.55
"2022-10-10 07:20:00",194285,13.76,20.23,749.8,18.16,44.8
"2022-10-10 07:25:00",194286,13.73,20.9,749.9,18.92,43.33
"2022-10-10 07:30:00",194287,13.73,21.58,749.9,19.55,41.44
"2022-10-10 07:35:00",194288,13.7,22.24,749.9,19.72,40.62
"2022-10-10 07:40:00",194289,13.68,22.85,749.9,19.12,42.23
"2022-10-10 07:45:00",194290,13.68,23.39,750,19.42,42.59
"2022-10-10 07:50:00",194291,13.68,23.9,750,19.04,44.52
"2022-10-10 07:55:00",194292,13.65,24.31,750.1,19.3,43.57
"2022-10-10 08:00:00",194293,13.65,24.74,750.2,19.62,43.19
"2022-10-10 08:05:00",194294,13.62,25.13,750.2,20.21,41.13
"2022-10-10 08:10:00",194295,13.63,25.49,750.2,20.1,41.02
"2022-10-10 08:15:00",194296,13.63,25.85,750.3,19.86,42.19
"2022-10-10 08:20:00",194297,13.63,26.18,750.3,20.62,41.31
"2022-10-10 08:25:00",194298,13.6,26.57,750.3,20.9,41.37
"2022-10-10 08:30:00",194299,13.6,26.96,750.3,21.61,39.46
"2022-10-10 08:35:00",194300,13.6,27.45,750.3,22.21,36.74
"2022-10-10 08:40:00",194301,13.58,27.93,750.3,22.24,37.37
"2022-10-10 08:45:00",194302,13.58,28.35,750.3,21.89,35.76
"2022-10-10 08:50:00",194303,13.58,28.76,750.3,21.84,35.75
"2022-10-10 08:55:00",194304,13.55,29.1,750.4,21.85,35.75
"2022-10-10 09:00:00",194305,13.55,29.37,750.4,21.93,34.41
"2022-10-10 09:05:00",194306,13.55,29.59,750.3,22.07,33.22
"2022-10-10 09:10:00",194307,13.55,29.82,750.3,22.94,32.4
"2022-10-10 09:15:00",194308,13.53,30.13,750.2,22.36,32.32
"2022-10-10 09:20:00",194309,13.53,30.38,750.3,22.57,30.57
"2022-10-10 09:25:00",194310,13.53,30.63,750.3,23.53,29.74
"2022-10-10 09:30:00",194311,13.53,30.9,750.2,23.27,29.82
"2022-10-10 09:35:00",194312,13.53,31.12,750.1,23.16,30.08
"2022-10-10 09:40:00",194313,13.51,31.4,750,23.26,29.99
"2022-10-10 09:45:00",194314,13.51,31.75,749.9,24.36,27.23
"2022-10-10 09:50:00",194315,13.51,32.08,749.9,23.98,27.92
"2022-10-10 09:55:00",194316,13.49,32.31,749.9,23.35,28.21
"2022-10-10 10:00:00",194317,13.49,32.44,749.8,24.05,27.96
"2022-10-10 10:05:00",194318,13.49,32.61,749.8,23.78,27.36
"2022-10-10 10:10:00",194319,13.49,32.78,749.7,23.85,27.16
"2022-10-10 10:15:00",194320,13.49,32.94,749.7,24.11,27.31
"2022-10-10 10:20:00",194321,13.49,33.15,749.7,25.43,24.51
"2022-10-10 10:25:00",194322,13.49,33.41,749.6,24.82,24.36
"2022-10-10 10:30:00",194323,13.46,33.58,749.5,23.99,25.16
"2022-10-10 10:35:00",194324,13.46,33.7,749.4,24.5,24.54
"2022-10-10 10:40:00",194325,13.46,33.77,749.3,25.13,23.21
"2022-10-10 10:45:00",194326,13.46,33.83,749.2,25.33,22.36
"2022-10-10 10:50:00",194327,13.47,34,749.1,26.34,20.66
"2022-10-10 10:55:00",194328,13.47,34.28,749.1,25.84,20.91
"2022-10-10 11:00:00",194329,13.47,34.51,749,26.16,21.14
"2022-10-10 11:05:00",194330,13.47,34.67,748.9,26.64,20.61
"2022-10-10 11:10:00",194331,13.44,34.85,748.8,26.97,19.86
"2022-10-10 11:15:00",194332,13.44,35,748.7,26.04,20.96
"2022-10-10 11:20:00",194333,13.44,35.08,748.6,26.25,19.89
"2022-10-10 11:25:00",194334,13.44,35.08,748.6,26.56,21.02
"2022-10-10 11:30:00",194335,13.45,35.09,748.5,25.9,20.7
"2022-10-10 11:35:00",194336,13.44,35.06,748.4,26.2,19.26
"2022-10-10 11:40:00",194337,13.44,35.03,748.2,26.73,19.22
"2022-10-10 11:45:00",194338,13.44,35.01,748.1,26.58,18.37
"2022-10-10 11:50:00",194339,13.45,34.97,747.9,27.02,17.9
"2022-10-10 11:55:00",194340,13.45,34.95,747.9,27.26,17.43
"2022-10-10 12:00:00",194341,13.44,34.92,747.8,28.03,15.77
"2022-10-10 12:05:00",194342,13.45,35.01,747.6,27.24,17
"2022-10-10 12:10:00",194343,13.45,34.91,747.5,26.08,17.43
"2022-10-10 12:15:00",194344,13.44,34.74,747.4,26.82,17.12
"2022-10-10 12:20:00",194345,13.44,34.67,747.3,27.5,16.59
"2022-10-10 12:25:00",194346,13.44,34.65,747.2,26.67,16.83
"2022-10-10 12:30:00",194347,13.44,34.55,747.1,26.72,17.26
"2022-10-10 12:35:00",194348,13.44,34.36,746.9,27.14,16.57
"2022-10-10 12:40:00",194349,13.44,34.3,746.8,27.94,16.83
"2022-10-10 12:45:00",194350,13.44,34.34,746.6,27.86,16.12
"2022-10-10 12:50:00",194351,13.44,34.43,746.6,27.51,14.97
"2022-10-10 12:55:00",194352,13.45,34.38,746.5,26.91,15.15
"2022-10-10 13:00:00",194353,13.45,34.24,746.4,27.28,16.3
"2022-10-10 13:05:00",194354,13.44,34.07,746.3,27,16.5
"2022-10-10 13:10:00",194355,13.45,33.94,746.2,27.24,17.28
"2022-10-10 13:15:00",194356,13.44,33.81,746.1,26.1,17.22
"2022-10-10 13:20:00",194357,13.44,33.61,745.9,26.57,18.16
"2022-10-10 13:25:00",194358,13.44,33.45,745.9,26.56,17.67
"2022-10-10 13:30:00",194359,13.44,33.28,745.7,26.92,17.34
"2022-10-10 13:35:00",194360,13.44,33.18,745.6,27.96,17.32
"2022-10-10 13:40:00",194361,13.45,33.18,745.4,26.82,16.91
"2022-10-10 13:45:00",194362,13.44,33.21,745.2,27.26,17.57
"2022-10-10 13:50:00",194363,13.45,33.25,745.2,27.25,16.65
"2022-10-10 13:55:00",194364,13.45,33.26,745.1,27.97,16.93
"2022-10-10 14:00:00",194365,13.45,33.29,744.9,27.24,16.86
"2022-10-10 14:05:00",194366,13.45,33.31,744.8,28.14,16.98
"2022-10-10 14:10:00",194367,13.44,33.42,744.7,28.09,16.84
"2022-10-10 14:15:00",194368,13.45,33.57,744.6,28.3,15.86
"2022-10-10 14:20:00",194369,13.45,33.72,744.4,28.92,16.31
"2022-10-10 14:25:00",194370,13.45,33.78,744.4,27.7,17.1
"2022-10-10 14:30:00",194371,13.45,33.77,744.3,27.96,16.05
"2022-10-10 14:35:00",194372,13.45,33.63,744.3,27.11,15.66
"2022-10-10 14:40:00",194373,13.45,33.52,744.2,27.8,15.48
"2022-10-10 14:45:00",194374,13.45,33.49,744.1,28.52,15.62
"2022-10-10 14:50:00",194375,13.45,33.57,744,28.66,13.96
"2022-10-10 14:55:00",194376,13.45,33.66,744,28.38,14.8
"2022-10-10 15:00:00",194377,13.45,33.75,743.9,28.64,14.38
"2022-10-10 15:05:00",194378,13.45,33.84,743.8,28.57,14.17
"2022-10-10 15:10:00",194379,13.45,33.89,743.7,27.92,15.91
"2022-10-10 15:15:00",194380,13.45,33.9,743.7,28.49,14.8
"2022-10-10 15:20:00",194381,13.45,33.89,743.6,28.48,14.73
"2022-10-10 15:25:00",194382,13.45,33.87,743.7,27.99,14.42
"2022-10-10 15:30:00",194383,13.45,33.84,743.6,28.48,14.38
"2022-10-10 15:35:00",194384,13.45,33.88,743.5,29.16,14.12
"2022-10-10 15:40:00",194385,13.45,33.96,743.5,28.85,14.04
"2022-10-10 15:45:00",194386,13.45,34.04,743.5,28.56,14.59
"2022-10-10 15:50:00",194387,13.45,34.08,743.4,28.4,13.87
"2022-10-10 15:55:00",194388,13.45,34.04,743.4,28.06,13.72
"2022-10-10 16:00:00",194389,13.45,33.96,743.4,27.87,14.03
"2022-10-10 16:05:00",194390,13.45,33.88,743.4,28.43,14.16
"2022-10-10 16:10:00",194391,13.45,33.83,743.3,28.3,13.87
"2022-10-10 16:15:00",194392,13.45,33.78,743.2,28.38,13.66
"2022-10-10 16:20:00",194393,13.45,33.72,743.1,28.28,14.15
"2022-10-10 16:25:00",194394,13.45,33.65,743.1,27.76,13.92
"2022-10-10 16:30:00",194395,13.45,33.54,743,28.87,14.18
"2022-10-10 16:35:00",194396,13.45,33.51,743,28.42,13.95
"2022-10-10 16:40:00",194397,13.45,33.48,743,28.48,14.52
"2022-10-10 16:45:00",194398,13.45,33.45,743,28.29,14.12
"2022-10-10 16:50:00",194399,13.45,33.35,743,27.58,14.19
"2022-10-10 16:55:00",194400,13.45,33.22,743,27.96,13.85
"2022-10-10 17:00:00",194401,13.45,33.1,743,27.36,14.82
"2022-10-10 17:05:00",194402,13.45,32.94,743.1,27.48,14.65
"2022-10-10 17:10:00",194403,13.45,32.84,743.1,27.78,15.9
"2022-10-10 17:15:00",194404,13.45,32.74,743.1,27.52,15.04
"2022-10-10 17:20:00",194405,13.45,32.58,743.1,27.62,15.75
"2022-10-10 17:25:00",194406,13.45,32.41,743.2,27.27,17
"2022-10-10 17:30:00",194407,13.41,31.86,743.3,26.96,17.48
"2022-10-10 17:35:00",194408,13.33,31.26,743.2,26.7,17.89
"2022-10-10 17:40:00",194409,13.24,30.88,743.3,26.92,20.35
"2022-10-10 17:45:00",194410,13.17,30.53,743.3,26.02,23.34
"2022-10-10 17:50:00",194411,13.12,30.2,743.3,25.57,24.48
"2022-10-10 17:55:00",194412,13.08,29.83,743.4,25.22,26.58
"2022-10-10 18:00:00",194413,13.03,29.45,743.5,24.41,28.7
"2022-10-10 18:05:00",194414,12.99,28.97,743.6,24.17,29.55
"2022-10-10 18:10:00",194415,12.94,28.47,743.7,23.77,30.33
"2022-10-10 18:15:00",194416,12.92,27.96,743.9,23.77,30.06
"2022-10-10 18:20:00",194417,12.9,27.47,743.9,23.35,31.3
"2022-10-10 18:25:00",194418,12.89,26.99,744,23.08,32.32
"2022-10-10 18:30:00",194419,12.88,26.55,744.2,22.4,34.15
"2022-10-10 18:35:00",194420,12.87,26.06,744.1,22.07,35.05
"2022-10-10 18:40:00",194421,12.87,25.64,744.3,21.94,35.04
"2022-10-10 18:45:00",194422,12.87,25.25,744.3,21.99,35.04
"2022-10-10 18:50:00",194423,12.86,24.95,744.6,21.95,34.8
"2022-10-10 18:55:00",194424,12.86,24.68,744.7,21.57,36.38
"2022-10-10 19:00:00",194425,12.86,24.46,744.8,21.56,35.79
"2022-10-10 19:05:00",194426,12.85,24.24,745.1,21.7,35.01
"2022-10-10 19:10:00",194427,12.85,24.05,745.1,21.54,35.2
"2022-10-10 19:15:00",194428,12.85,23.86,745.2,21.46,35.25
"2022-10-10 19:20:00",194429,12.85,23.67,745.4,21.33,35.41
"2022-10-10 19:25:00",194430,12.84,23.5,745.6,21.55,34.96
"2022-10-10 19:30:00",194431,12.84,23.35,745.8,21.48,35.09
"2022-10-10 19:35:00",194432,12.84,23.23,745.9,21.49,34.53
"2022-10-10 19:40:00",194433,12.84,23.11,746.2,21.09,34.96
"2022-10-10 19:45:00",194434,12.84,22.97,746.3,21.01,34.82
"2022-10-10 19:50:00",194435,12.84,22.85,746.4,21.13,34.17
"2022-10-10 19:55:00",194436,12.84,22.73,746.5,21.04,34.55
"2022-10-10 20:00:00",194437,12.84,22.61,746.6,20.72,34.99
"2022-10-10 20:05:00",194438,12.84,22.51,746.8,21.14,33.9
"2022-10-10 20:10:00",194439,12.84,22.4,746.8,20.55,34.77
"2022-10-10 20:15:00",194440,12.84,22.3,746.9,20.99,33.16
"2022-10-10 20:20:00",194441,12.84,22.26,747,21.54,34.04
"2022-10-10 20:25:00",194442,12.84,22.25,747.3,21.67,33.16
"2022-10-10 20:30:00",194443,12.83,22.33,747.3,22.31,30.54
"2022-10-10 20:35:00",194444,12.83,22.39,747.5,21.81,32.9
"2022-10-10 20:40:00",194445,12.83,22.41,747.5,21.77,32.17
"2022-10-10 20:45:00",194446,12.83,22.4,747.7,21.23,34.97
"2022-10-10 20:50:00",194447,12.83,22.28,747.8,21.28,35.14
"2022-10-10 20:55:00",194448,12.83,22.2,747.9,21.49,31.34
"2022-10-10 21:00:00",194449,12.83,22.12,748,21.61,30.69
"2022-10-10 21:05:00",194450,12.83,22.09,748.1,21.55,30.38
"2022-10-10 21:10:00",194451,12.82,22.03,748.2,21.37,29.79
"2022-10-10 21:15:00",194452,12.82,21.98,748.2,22.12,23.29
"2022-10-10 21:20:00",194453,12.82,22.03,748.4,22.31,21.79
"2022-10-10 21:25:00",194454,12.82,22.11,748.4,22.77,19.68
"2022-10-10 21:30:00",194455,12.82,22.24,748.5,22.65,18.98
"2022-10-10 21:35:00",194456,12.82,22.36,748.6,22.32,19.73
"2022-10-10 21:40:00",194457,12.82,22.47,748.7,22.35,19.18
"2022-10-10 21:45:00",194458,12.82,22.5,748.8,22.37,18.48
"2022-10-10 21:50:00",194459,12.82,22.54,748.8,22.07,18.26
"2022-10-10 21:55:00",194460,12.82,22.53,748.9,21.85,18.21
"2022-10-10 22:00:00",194461,12.81,22.51,748.9,21.79,18.17
"2022-10-10 22:05:00",194462,12.82,22.45,749.1,21.89,17.14
"2022-10-10 22:10:00",194463,12.81,22.41,749.1,21.76,16.65
"2022-10-10 22:15:00",194464,12.81,22.37,749.2,21.71,16.78
"2022-10-10 22:20:00",194465,12.81,22.31,749.2,21.61,16.36
"2022-10-10 22:25:00",194466,12.81,22.25,749.2,21.51,16.25
"2022-10-10 22:30:00",194467,12.81,22.19,749.3,21.46,15.52
"2022-10-10 22:35:00",194468,12.81,22.13,749.3,21.48,14.75
"2022-10-10 22:40:00",194469,12.81,22.04,749.4,20.98,16.05
"2022-10-10 22:45:00",194470,12.81,21.93,749.5,20.26,18.09
"2022-10-10 22:50:00",194471,12.8,21.73,749.5,19.82,19.37
"2022-10-10 22:55:00",194472,12.8,21.52,749.6,19.7,19.71
"2022-10-10 23:00:00",194473,12.8,21.26,749.6,19.42,20.17
"2022-10-10 23:05:00",194474,12.8,20.99,749.8,19.17,20.91
"2022-10-10 23:10:00",194475,12.8,20.71,749.7,18.89,21.64
"2022-10-10 23:15:00",194476,12.79,20.42,749.7,18.71,21.49
"2022-10-10 23:20:00",194477,12.79,20.13,749.6,18.49,22.29
"2022-10-10 23:25:00",194478,12.79,19.88,749.6,19.1,20.29
"2022-10-10 23:30:00",194479,12.79,19.68,749.7,17.93,24.56
"2022-10-10 23:35:00",194480,12.79,19.45,749.6,17.41,24.05
"2022-10-10 23:40:00",194481,12.79,19.24,749.6,18.63,15.93
"2022-10-10 23:45:00",194482,12.79,19.07,749.7,18.12,23.46
"2022-10-10 23:50:00",194483,12.78,18.87,749.7,17.84,20.38
"2022-10-10 23:55:00",194484,12.78,18.6,749.7,17.57,18.97
"2022-10-11 00:00:00",194485,12.78,18.4,749.7,17.71,26.69
"2022-10-11 00:05:00",194486,12.78,18.22,749.6,17.83,18.47
"2022-10-11 00:10:00",194487,12.78,18.07,749.6,17.97,16.86
"2022-10-11 00:15:00",194488,12.77,17.98,749.6,18,16.42
"2022-10-11 00:20:00",194489,12.77,17.87,749.5,17.93,16.38
"2022-10-11 00:25:00",194490,12.77,17.78,749.5,17.86,17.27
"2022-10-11 00:30:00",194491,12.77,17.66,749.5,17.63,17.67
"2022-10-11 00:35:00",194492,12.77,17.52,749.5,17.05,20.1
"2022-10-11 00:40:00",194493,12.76,17.37,749.6,17.32,19.84
"2022-10-11 00:45:00",194494,12.76,17.22,749.6,15.85,25.65
"2022-10-11 00:50:00",194495,12.76,17.01,749.5,16.02,23.48
"2022-10-11 00:55:00",194496,12.76,16.83,749.5,16.4,23.17
"2022-10-11 01:00:00",194497,12.75,16.64,749.4,16.46,23.18
"2022-10-11 01:05:00",194498,12.75,16.49,749.5,16.61,22.48
"2022-10-11 01:10:00",194499,12.75,16.33,749.4,16.01,24.09
"2022-10-11 01:15:00",194500,12.75,16.18,749.4,15.58,21.43
"2022-10-11 01:20:00",194501,12.75,16.03,749.4,15.51,21.19
"2022-10-11 01:25:00",194502,12.74,15.9,749.4,15.72,21.84
"2022-10-11 01:30:00",194503,12.74,15.78,749.4,15.3,23.3
"2022-10-11 01:35:00",194504,12.74,15.68,749.4,15.93,24.38
"2022-10-11 01:40:00",194505,12.73,15.57,749.4,14.68,26.93
"2022-10-11 01:45:00",194506,12.73,15.43,749.4,14.27,27.95
"2022-10-11 01:50:00",194507,12.73,15.29,749.4,14.17,29.99
"2022-10-11 01:55:00",194508,12.73,15.13,749.4,13.75,29.89
"2022-10-11 02:00:00",194509,12.72,14.94,749.3,13.56,29.8
"2022-10-11 02:05:00",194510,12.72,14.76,749.3,14.24,26.33
"2022-10-11 02:10:00",194511,12.72,14.63,749.3,14.21,25.69
"2022-10-11 02:15:00",194512,12.72,14.49,749.3,14.02,27.83
"2022-10-11 02:20:00",194513,12.71,14.35,749.4,13.78,30.48
"2022-10-11 02:25:00",194514,12.71,14.22,749.4,13.65,34.57
"2022-10-11 02:30:00",194515,12.71,14.08,749.4,13.15,35.07
"2022-10-11 02:35:00",194516,12.71,13.95,749.3,12.86,34.75
"2022-10-11 02:40:00",194517,12.7,13.77,749.3,13.05,30.61
"2022-10-11 02:45:00",194518,12.71,13.55,749.2,13.14,30
"2022-10-11 02:50:00",194519,12.7,13.37,749.2,13.28,31.94
"2022-10-11 02:55:00",194520,12.7,13.2,749.3,12.83,36.39
"2022-10-11 03:00:00",194521,12.7,13.04,749.2,12.76,32.9
"2022-10-11 03:05:00",194522,12.69,12.93,749.2,12.86,31.74
"2022-10-11 03:10:00",194523,12.69,12.85,749.2,12.72,29.47
"2022-10-11 03:15:00",194524,12.69,12.76,749.2,12.63,30.12
"2022-10-11 03:20:00",194525,12.69,12.69,749.2,12.28,29.5
"2022-10-11 03:25:00",194526,12.68,12.62,749.1,12.17,29.75
"2022-10-11 03:30:00",194527,12.68,12.53,749.1,12.03,30.88
"2022-10-11 03:35:00",194528,12.68,12.43,749,12.21,31.19
"2022-10-11 03:40:00",194529,12.68,12.33,749,12.13,36.38
"2022-10-11 03:45:00",194530,12.68,12.23,748.9,11.19,35.62
"2022-10-11 03:50:00",194531,12.67,12.13,748.9,11.57,34.21
"2022-10-11 03:55:00",194532,12.67,12.02,749,11.41,33.97
"2022-10-11 04:00:00",194533,12.67,11.72,749,11.09,38.03
"2022-10-11 04:05:00",194534,12.67,11.47,749,10.58,38.48
"2022-10-11 04:10:00",194535,12.67,11.2,749,10.6,38.87
"2022-10-11 04:15:00",194536,12.67,10.99,749.1,10.79,38.44
"2022-10-11 04:20:00",194537,12.66,10.8,749.1,10.81,38.32
"2022-10-11 04:25:00",194538,12.66,10.68,749.1,11.03,38.34
"2022-10-11 04:30:00",194539,12.66,10.59,749.1,11.16,38.99
"2022-10-11 04:35:00",194540,12.66,10.62,749.2,11.13,38.79
"2022-10-11 04:40:00",194541,12.65,10.52,749.4,11.29,36.46
"2022-10-11 04:45:00",194542,12.65,10.52,749.5,10.24,33.98
"2022-10-11 04:50:00",194543,12.65,10.53,749.5,10.17,34.04
"2022-10-11 04:55:00",194544,12.65,10.54,749.6,10.19,33.46
"2022-10-11 05:00:00",194545,12.65,10.4,749.6,10.26,32.31
"2022-10-11 05:05:00",194546,12.64,10.46,749.7,10.59,31.44
"2022-10-11 05:10:00",194547,12.64,10.64,749.7,10.65,31.64
"2022-10-11 05:15:00",194548,12.64,10.57,749.7,9.82,37.07
"2022-10-11 05:20:00",194549,12.64,10.39,749.7,9.6,36.54
"2022-10-11 05:25:00",194550,12.64,10.24,749.7,9.54,37.42
"2022-10-11 05:30:00",194551,12.64,10.09,749.8,9.7,36.36
"2022-10-11 05:35:00",194552,12.63,9.88,749.9,10.26,36.1
"2022-10-11 05:40:00",194553,12.63,9.74,750,9.4,39.05
"2022-10-11 05:45:00",194554,12.63,9.62,750,9.29,38.85
"2022-10-11 05:50:00",194555,12.63,9.5,750,8.93,41.23
"2022-10-11 05:55:00",194556,12.63,9.4,750,8.62,41.54
"2022-10-11 06:00:00",194557,12.64,9.32,750.1,8.53,42.27
"2022-10-11 06:05:00",194558,12.65,9.15,750.2,8.57,41.34
"2022-10-11 06:10:00",194559,12.68,9.01,750.2,8.75,39.99
"2022-10-11 06:15:00",194560,12.75,8.95,750.3,9.56,37.68
"2022-10-11 06:20:00",194561,12.84,9.04,750.3,10.28,36.67
"2022-10-11 06:25:00",194562,12.96,9.24,750.4,11.51,33.27
"2022-10-11 06:30:00",194563,13.13,9.52,750.5,11.36,32.9
"2022-10-11 06:35:00",194564,13.34,9.93,750.5,12.96,30.21
"2022-10-11 06:40:00",194565,13.53,10.45,750.5,13.36,30.83
"2022-10-11 06:45:00",194566,13.69,11.05,750.6,13.38,33.02
"2022-10-11 06:50:00",194567,13.84,11.66,750.7,13.41,35.32
"2022-10-11 06:55:00",194568,14,12.36,750.7,14.47,33.05
"2022-10-11 07:00:00",194569,13.87,14.11,750.8,14.53,31.82
"2022-10-11 07:05:00",194570,13.88,15.13,750.9,14.61,32.19
"2022-10-11 07:10:00",194571,13.85,15.96,750.9,15.23,30.08
"2022-10-11 07:15:00",194572,13.82,16.91,750.9,15.99,27.43
"2022-10-11 07:20:00",194573,13.82,17.42,751,16.59,27.51
"2022-10-11 07:25:00",194574,13.79,18.07,751.1,16.93,27.7
"2022-10-11 07:30:00",194575,13.79,18.78,751.1,17.55,27.48
"2022-10-11 07:35:00",194576,13.76,19.39,751.1,17.55,27.35
"2022-10-11 07:40:00",194577,13.77,19.99,751.1,16.88,28.23
"2022-10-11 07:45:00",194578,13.73,20.53,751.1,16.41,28.85
"2022-10-11 07:50:00",194579,13.73,20.99,751.2,16.96,28.3
"2022-10-11 07:55:00",194580,13.74,21.49,751.2,18.25,26.6
"2022-10-11 08:00:00",194581,13.71,21.97,751.3,18.71,26.09
"2022-10-11 08:05:00",194582,13.71,22.49,751.2,18.23,28.67
"2022-10-11 08:10:00",194583,13.68,22.93,751.2,17.69,30.55
"2022-10-11 08:15:00",194584,13.68,23.4,751.3,18.35,29.18
"2022-10-11 08:20:00",194585,13.68,23.87,751.3,18.62,28.77
"2022-10-11 08:25:00",194586,13.65,24.28,751.3,19.29,24.11
"2022-10-11 08:30:00",194587,13.63,24.69,751.3,19.8,23.74
"2022-10-11 08:35:00",194588,13.63,25.16,751.3,19.34,22.69
"2022-10-11 08:40:00",194589,13.63,25.61,751.3,18.62,22.44
"2022-10-11 08:45:00",194590,13.63,25.94,751.2,18.54,22.47
"2022-10-11 08:50:00",194591,13.63,26.22,751.2,20.01,23.69
"2022-10-11 08:55:00",194592,13.6,26.55,751.2,20.3,21.39
"2022-10-11 09:00:00",194593,13.6,26.91,751.1,20.72,19.49
"2022-10-11 09:05:00",194594,13.6,27.31,751.1,21.13,20.48
"2022-10-11 09:10:00",194595,13.6,27.77,751.1,22.4,17.58
"2022-10-11 09:15:00",194596,13.58,28.28,751,22.08,17.22
"2022-10-11 09:20:00",194597,13.58,28.7,751,21.36,16.76
"2022-10-11 09:25:00",194598,13.55,29.01,751,21.37,17.94
"2022-10-11 09:30:00",194599,13.55,29.31,750.9,21.77,16.47
"2022-10-11 09:35:00",194600,13.55,29.58,750.9,21.5,18.02
"2022-10-11 09:40:00",194601,13.55,29.83,750.9,22.17,17.92
"2022-10-11 09:45:00",194602,13.55,30.09,750.8,21.5,17.12
"2022-10-11 09:50:00",194603,13.56,30.26,750.8,21.81,17.83
"2022-10-11 09:55:00",194604,13.53,30.43,750.7,22.95,16.08
"2022-10-11 10:00:00",194605,13.53,30.64,750.6,22.17,17.71
"2022-10-11 10:05:00",194606,13.53,30.75,750.6,22.35,16.75
"2022-10-11 10:10:00",194607,13.53,30.82,750.5,22.19,15.13
"2022-10-11 10:15:00",194608,13.53,30.86,750.3,22.4,16.47
"2022-10-11 10:20:00",194609,13.53,30.94,750.2,23.15,13.92
"2022-10-11 10:25:00",194610,13.51,31.04,750.3,23.21,14.34
"2022-10-11 10:30:00",194611,13.51,31.15,750.2,23.69,13.8
"2022-10-11 10:35:00",194612,13.51,31.31,750.1,24.66,12.58
"2022-10-11 10:40:00",194613,13.51,31.56,750,24.99,12.09
"2022-10-11 10:45:00",194614,13.51,31.84,749.9,24.13,12.77
"2022-10-11 10:50:00",194615,13.51,32.01,749.8,24.84,11.09
"2022-10-11 10:55:00",194616,13.51,32.2,749.7,25.04,10.6
"2022-10-11 11:00:00",194617,13.51,32.37,749.7,24.57,10.52
"2022-10-11 11:05:00",194618,13.49,32.5,749.5,25.45,12.04
"2022-10-11 11:10:00",194619,13.49,32.7,749.3,25.22,9.54
"2022-10-11 11:15:00",194620,13.49,32.86,749.3,26.39,10.73
"2022-10-11 11:20:00",194621,13.49,33.17,749.2,27.87,8.92
"2022-10-11 11:25:00",194622,13.49,33.52,749.1,25.97,7.273
"2022-10-11 11:30:00",194623,13.49,33.65,748.9,26.77,7.802
"2022-10-11 11:35:00",194624,13.47,33.72,748.8,26.62,7.724
"2022-10-11 11:40:00",194625,13.47,33.74,748.7,26.08,7.132
"2022-10-11 11:45:00",194626,13.47,33.63,748.6,26.36,6.708
"2022-10-11 11:50:00",194627,13.47,33.52,748.4,26.44,5.772
"2022-10-11 11:55:00",194628,13.47,33.5,748.2,26.56,6.065
"2022-10-11 12:00:00",194629,13.47,33.4,748.1,26.7,5.635
"2022-10-11 12:05:00",194630,13.47,33.21,748.1,26.07,5.04
"2022-10-11 12:10:00",194631,13.47,33.02,748,26.44,5.556
"2022-10-11 12:15:00",194632,13.47,32.86,747.9,26.5,5.63
"2022-10-11 12:20:00",194633,13.47,32.7,747.9,26.16,7.206
"2022-10-11 12:25:00",194634,13.47,32.59,747.7,26.55,6.064
"2022-10-11 12:30:00",194635,13.47,32.45,747.8,26.36,5.011
"2022-10-11 12:35:00",194636,13.47,32.26,747.6,25.86,5.684
"2022-10-11 12:40:00",194637,13.47,32.13,747.4,26.98,6.294
"2022-10-11 12:45:00",194638,13.47,32.12,747.4,26.83,6.938
"2022-10-11 12:50:00",194639,13.47,32.14,747.2,26.93,6.544
"2022-10-11 12:55:00",194640,13.47,32.09,747.3,26.19,6.487
"2022-10-11 13:00:00",194641,13.47,32.02,747.2,26.18,7.208
"2022-10-11 13:05:00",194642,13.47,31.9,747.1,26.68,6.574
"2022-10-11 13:10:00",194643,13.47,31.83,746.9,27.34,6.593
"2022-10-11 13:15:00",194644,13.47,31.83,746.7,26.24,7.569
"2022-10-11 13:20:00",194645,13.47,31.79,746.9,26.47,8.15
"2022-10-11 13:25:00",194646,13.47,31.74,746.7,26.95,9.89
"2022-10-11 13:30:00",194647,13.47,31.72,746.6,26.85,8.31
"2022-10-11 13:35:00",194648,13.47,31.64,746.6,26.49,8.08
"2022-10-11 13:40:00",194649,13.47,31.54,746.3,26.7,8.45
"2022-10-11 13:45:00",194650,13.47,31.5,746.3,26.98,8.06
"2022-10-11 13:50:00",194651,13.47,31.49,746.1,26.98,7.592
"2022-10-11 13:55:00",194652,13.47,31.45,746.1,27.06,10.25
"2022-10-11 14:00:00",194653,13.47,31.44,745.7,27.45,9.73
"2022-10-11 14:05:00",194654,13.47,31.5,745.9,26.77,9.02
"2022-10-11 14:10:00",194655,13.47,31.54,745.8,26.42,8.37
"2022-10-11 14:15:00",194656,13.47,31.52,745.8,27.17,8.1
"2022-10-11 14:20:00",194657,13.47,31.56,745.7,27.29,8.11
"2022-10-11 14:25:00",194658,13.47,31.66,745.6,26.87,8.63
"2022-10-11 14:30:00",194659,13.47,31.74,745.6,26.66,9.66
"2022-10-11 14:35:00",194660,13.47,32.03,745.4,26.6,10.16
"2022-10-11 14:40:00",194661,13.47,32.21,745.3,27.37,9.69
"2022-10-11 14:45:00",194662,13.47,32.35,745.3,28.24,8.93
"2022-10-11 14:50:00",194663,13.47,32.5,745,27.37,10.48
"2022-10-11 14:55:00",194664,13.47,32.62,745.1,27.62,9.56
"2022-10-11 15:00:00",194665,13.47,32.73,745,27.29,9.69
"2022-10-11 15:05:00",194666,13.47,32.82,744.8,27.89,10.43
"2022-10-11 15:10:00",194667,13.47,32.84,745,27.22,10.97
"2022-10-11 15:15:00",194668,13.47,32.84,744.9,27.35,10.76
"2022-10-11 15:20:00",194669,13.47,32.91,744.8,27.88,11.43
"2022-10-11 15:25:00",194670,13.47,32.99,744.9,26.99,11.39
"2022-10-11 15:30:00",194671,13.47,33.04,744.8,28.04,10.72
"2022-10-11 15:35:00",194672,13.47,33.14,744.8,27.06,12.46
"2022-10-11 15:40:00",194673,13.47,33.11,744.8,26.77,13.3
"2022-10-11 15:45:00",194674,13.47,33.03,744.8,27.14,13.64
"2022-10-11 15:50:00",194675,13.47,32.99,744.7,28.02,12
"2022-10-11 15:55:00",194676,13.47,33.07,744.6,27.66,10.99
"2022-10-11 16:00:00",194677,13.47,33.15,744.6,26.96,12.1
"2022-10-11 16:05:00",194678,13.47,33.1,744.4,27.01,13.6
"2022-10-11 16:10:00",194679,13.47,32.95,744.5,26.81,12.67
"2022-10-11 16:15:00",194680,13.47,32.7,744.4,27.78,12.6
"2022-10-11 16:20:00",194681,13.47,32.59,744.5,27.41,11.77
"2022-10-11 16:25:00",194682,13.47,32.61,744.3,27.83,12.39
"2022-10-11 16:30:00",194683,13.47,32.62,744.3,27.08,11.25
"2022-10-11 16:35:00",194684,13.47,32.59,744.2,27.47,12.2
"2022-10-11 16:40:00",194685,13.47,32.53,744.3,26.62,12.8
"2022-10-11 16:45:00",194686,13.47,32.41,744.2,26.78,12.59
"2022-10-11 16:50:00",194687,13.47,32.31,744.2,27.3,11.9
"2022-10-11 16:55:00",194688,13.47,32.25,744.2,27.04,13.25
"2022-10-11 17:00:00",194689,13.47,32.2,744.1,27.04,12.46
"2022-10-11 17:05:00",194690,13.48,32.16,744.1,26.74,13.3
"2022-10-11 17:10:00",194691,13.48,32.01,744.2,26.3,14.49
"2022-10-11 17:15:00",194692,13.47,31.83,744.1,26.54,14
"2022-10-11 17:20:00",194693,13.47,31.66,744.2,26.54,14.29
"2022-10-11 17:25:00",194694,13.48,31.47,744.3,25.91,17.14
"2022-10-11 17:30:00",194695,13.47,31.09,744.3,26.09,18.34
"2022-10-11 17:35:00",194696,13.48,30.44,744.4,25.06,20.86
"2022-10-11 17:40:00",194697,13.37,29.89,744.5,25.34,19.49
"2022-10-11 17:45:00",194698,13.26,29.51,744.6,25.04,21.59
"2022-10-11 17:50:00",194699,13.18,29.12,744.7,24.07,25.68
"2022-10-11 17:55:00",194700,13.11,28.67,744.7,23.52,27.54
"2022-10-11 18:00:00",194701,13.05,28.16,744.8,23.24,27.32
"2022-10-11 18:05:00",194702,13,27.65,744.9,23.03,27.03
"2022-10-11 18:10:00",194703,12.96,27.16,745.1,22.91,26.95
"2022-10-11 18:15:00",194704,12.94,26.7,745.2,22.47,28.81
"2022-10-11 18:20:00",194705,12.91,26.28,745.2,22.55,27.47
"2022-10-11 18:25:00",194706,12.9,25.9,745.2,22.51,27.36
"2022-10-11 18:30:00",194707,12.89,25.58,745.3,23.22,23.22
"2022-10-11 18:35:00",194708,12.89,25.35,745.5,22.96,24.64
"2022-10-11 18:40:00",194709,12.88,25.15,745.6,22.75,25.17
"2022-10-11 18:45:00",194710,12.88,24.96,745.8,22.72,25.37
"2022-10-11 18:50:00",194711,12.88,24.76,745.8,22.65,25.57
"2022-10-11 18:55:00",194712,12.88,24.61,745.9,22.72,25.85
"2022-10-11 19:00:00",194713,12.87,24.46,746,22.86,22.79
"2022-10-11 19:05:00",194714,12.87,24.36,746.1,22.78,25.11
"2022-10-11 19:10:00",194715,12.87,24.28,746.3,22.62,25.03
"2022-10-11 19:15:00",194716,12.87,24.18,746.4,22.38,25.49
"2022-10-11 19:20:00",194717,12.86,23.94,746.6,22.19,26.08
"2022-10-11 19:25:00",194718,12.86,23.75,746.7,21.97,26.54
"2022-10-11 19:30:00",194719,12.86,23.56,746.7,21.52,27.86
"2022-10-11 19:35:00",194720,12.86,23.33,746.8,21.64,25.53
"2022-10-11 19:40:00",194721,12.86,23.14,746.9,21.81,25.07
"2022-10-11 19:45:00",194722,12.85,23.01,747,22.17,25
"2022-10-11 19:50:00",194723,12.86,22.96,747.2,22.31,22.31
"2022-10-11 19:55:00",194724,12.85,22.94,747.2,22.35,22.82
"2022-10-11 20:00:00",194725,12.85,22.93,747.3,22.17,21.99
"2022-10-11 20:05:00",194726,12.85,22.92,747.3,22.03,22.05
"2022-10-11 20:10:00",194727,12.85,22.89,747.5,22.02,22.29
"2022-10-11 20:15:00",194728,12.85,22.85,747.5,22.12,21.02
"2022-10-11 20:20:00",194729,12.85,22.83,747.6,22.13,20.82
"2022-10-11 20:25:00",194730,12.84,22.85,747.7,22.03,20.47
"2022-10-11 20:30:00",194731,12.84,22.85,747.8,22.06,19.71
"2022-10-11 20:35:00",194732,12.84,22.86,747.9,22.05,19.23
"2022-10-11 20:40:00",194733,12.84,22.83,748,21.98,19.36
"2022-10-11 20:45:00",194734,12.84,22.79,748.1,22.01,19.26
"2022-10-11 20:50:00",194735,12.84,22.75,748.2,21.87,18.8
"2022-10-11 20:55:00",194736,12.83,22.72,748.3,21.89,18.18
"2022-10-11 21:00:00",194737,12.83,22.69,748.4,21.77,18.38
"2022-10-11 21:05:00",194738,12.83,22.63,748.4,21.66,18.1
"2022-10-11 21:10:00",194739,12.83,22.59,748.5,21.67,17.99
"2022-10-11 21:15:00",194740,12.83,22.52,748.6,21.57,17.89
"2022-10-11 21:20:00",194741,12.82,22.47,748.7,21.5,17.53
"2022-10-11 21:25:00",194742,12.82,22.4,748.9,21.45,17.46
"2022-10-11 21:30:00",194743,12.82,22.32,749,21.34,17.39
"2022-10-11 21:35:00",194744,12.82,22.26,749,21.53,16.57
"2022-10-11 21:40:00",194745,12.82,22.22,749.1,21.31,17.25
"2022-10-11 21:45:00",194746,12.82,22.15,749.1,20.74,19.6
"2022-10-11 21:50:00",194747,12.82,22.04,749.3,20.58,19.83
"2022-10-11 21:55:00",194748,12.81,21.92,749.4,20.42,19.89
"2022-10-11 22:00:00",194749,12.81,21.75,749.4,20.28,20.4
"2022-10-11 22:05:00",194750,12.81,21.61,749.6,20.14,20.9
"2022-10-11 22:10:00",194751,12.81,21.41,749.6,19.75,22.85
"2022-10-11 22:15:00",194752,12.8,21.2,749.7,19.12,24.84
"2022-10-11 22:20:00",194753,12.8,20.96,749.9,18.63,26.36
"2022-10-11 22:25:00",194754,12.8,20.64,749.9,18.05,29.22
"2022-10-11 22:30:00",194755,12.8,20.33,749.9,17.71,30.55
"2022-10-11 22:35:00",194756,12.8,20.03,749.9,17.73,29.63
"2022-10-11 22:40:00",194757,12.8,19.73,750,17.89,29.97
"2022-10-11 22:45:00",194758,12.8,19.38,750,18.03,30.12
"2022-10-11 22:50:00",194759,12.79,19.14,750,18.07,30.18
"2022-10-11 22:55:00",194760,12.79,18.95,750.1,18.11,30.35
"2022-10-11 23:00:00",194761,12.79,18.79,750,17.71,31.58
"2022-10-11 23:05:00",194762,12.79,18.62,750,17.86,33.04
"2022-10-11 23:10:00",194763,12.79,18.48,750,17.94,34.13
"2022-10-11 23:15:00",194764,12.79,18.41,750,17.77,34.7
"2022-10-11 23:20:00",194765,12.78,18.35,750.1,17.61,35.73
"2022-10-11 23:25:00",194766,12.78,18.29,750.1,17.45,36.14
"2022-10-11 23:30:00",194767,12.78,18.2,750.1,17.17,36.99
"2022-10-11 23:35:00",194768,12.78,18.12,750.1,17.17,37.83
"2022-10-11 23:40:00",194769,12.78,18.02,750.1,16.89,38.83
"2022-10-11 23:45:00",194770,12.77,17.91,750,16.89,39.16
"2022-10-11 23:50:00",194771,12.77,17.81,750,16.79,39.4
"2022-10-11 23:55:00",194772,12.77,17.7,750,16.28,40.89
"2022-10-12 00:00:00",194773,12.77,17.54,750,16.15,40.81
"2022-10-12 00:05:00",194774,12.77,17.37,750,16.12,40.77
"2022-10-12 00:10:00",194775,12.77,17.21,750,16.26,39.8
"2022-10-12 00:15:00",194776,12.77,17.06,750,16.2,39.57
"2022-10-12 00:20:00",194777,12.77,16.94,750,16.28,39.03
"2022-10-12 00:25:00",194778,12.77,16.86,750.1,16.42,38.5
"2022-10-12 00:30:00",194779,12.76,16.79,750.1,16.63,37.13
"2022-10-12 00:35:00",194780,12.76,16.74,750.1,16.83,36.82
"2022-10-12 00:40:00",194781,12.76,16.71,750.1,16.74,36.69
"2022-10-12 00:45:00",194782,12.76,16.7,750.1,16.95,41.35
"2022-10-12 00:50:00",194783,12.76,16.74,750.1,16.63,44.05
"2022-10-12 00:55:00",194784,12.76,16.76,750.1,16.33,46.03
"2022-10-12 01:00:00",194785,12.76,16.76,750.1,16.12,47.2
"2022-10-12 01:05:00",194786,12.76,16.75,750.1,15.68,49.32
"2022-10-12 01:10:00",194787,12.76,16.67,750,15.14,50.49
"2022-10-12 01:15:00",194788,12.76,16.55,750.1,14.97,50.62
"2022-10-12 01:20:00",194789,12.76,16.4,750.1,15.16,50.15
"2022-10-12 01:25:00",194790,12.75,16.28,750.1,15.1,50.39
"2022-10-12 01:30:00",194791,12.75,16.15,750.1,15.24,50.41
"2022-10-12 01:35:00",194792,12.75,16.04,750.1,15.43,50.43
"2022-10-12 01:40:00",194793,12.75,15.96,750.1,15.43,50.06
"2022-10-12 01:45:00",194794,12.74,15.91,750,15.47,49.91
"2022-10-12 01:50:00",194795,12.74,15.78,750,15.5,50.23
"2022-10-12 01:55:00",194796,12.74,15.69,750,15.52,50.66
"2022-10-12 02:00:00",194797,12.74,15.63,750,15.63,51.05
"2022-10-12 02:05:00",194798,12.74,15.6,749.9,15.6,51.17
"2022-10-12 02:10:00",194799,12.74,15.58,749.9,15.4,51.94
"2022-10-12 02:15:00",194800,12.73,15.56,749.8,15.2,52.89
"2022-10-12 02:20:00",194801,12.73,15.51,749.8,14.66,54.53
"2022-10-12 02:25:00",194802,12.73,15.43,749.7,13.87,56.41
"2022-10-12 02:30:00",194803,12.73,15.29,749.7,13.77,57.57
"2022-10-12 02:35:00",194804,12.72,15.13,749.7,13.75,57.92
"2022-10-12 02:40:00",194805,12.72,14.96,749.7,14.01,57.48
"2022-10-12 02:45:00",194806,12.72,14.84,749.6,14.61,52.84
"2022-10-12 02:50:00",194807,12.71,14.76,749.5,14.79,48.83
"2022-10-12 02:55:00",194808,12.71,14.79,749.5,15.22,48.73
"2022-10-12 03:00:00",194809,12.71,14.86,749.5,14.83,47.53
"2022-10-12 03:05:00",194810,12.71,14.89,749.5,14.66,50.89
"2022-10-12 03:10:00",194811,12.71,14.88,749.5,14.13,53.29
"2022-10-12 03:15:00",194812,12.7,14.78,749.6,13.53,55.03
"2022-10-12 03:20:00",194813,12.7,14.65,749.6,13.47,55.44
"2022-10-12 03:25:00",194814,12.7,14.51,749.5,13.49,55.63
"2022-10-12 03:30:00",194815,12.7,14.39,749.5,13.67,56.26
"2022-10-12 03:35:00",194816,12.69,14.26,749.5,13.51,57.04
"2022-10-12 03:40:00",194817,12.69,14.14,749.6,13.47,56.31
"2022-10-12 03:45:00",194818,12.69,14.05,749.6,13.54,57.8
"2022-10-12 03:50:00",194819,12.69,13.96,749.6,13.61,59.63
"2022-10-12 03:55:00",194820,12.69,13.87,749.7,13.63,59.37
"2022-10-12 04:00:00",194821,12.68,13.83,749.7,13.6,59.42
"2022-10-12 04:05:00",194822,12.68,13.76,749.7,13.53,59.56
"2022-10-12 04:10:00",194823,12.68,13.7,749.7,13.28,60.06
"2022-10-12 04:15:00",194824,12.68,13.61,749.7,13.11,60.71
"2022-10-12 04:20:00",194825,12.67,13.51,749.6,12.96,59.56
"2022-10-12 04:25:00",194826,12.67,13.39,749.7,12.62,59.68
"2022-10-12 04:30:00",194827,12.67,13.29,749.7,12.48,59.12
"2022-10-12 04:35:00",194828,12.67,13.18,749.8,12.37,58.36
"2022-10-12 04:40:00",194829,12.67,13.13,749.8,12.28,58.5
"2022-10-12 04:45:00",194830,12.66,13.08,749.8,12.19,59.02
"2022-10-12 04:50:00",194831,12.66,13.01,749.9,12.35,58.27
"2022-10-12 04:55:00",194832,12.66,12.87,749.9,12.46,56.52
"2022-10-12 05:00:00",194833,12.66,12.8,749.9,12.3,51.32
"2022-10-12 05:05:00",194834,12.66,12.74,750,12.41,51.4
"2022-10-12 05:10:00",194835,12.65,12.72,750,12.57,48.66
"2022-10-12 05:15:00",194836,12.65,12.71,750.1,12.48,47.6
"2022-10-12 05:20:00",194837,12.66,12.44,750.1,12.24,48.49
"2022-10-12 05:25:00",194838,12.65,12.32,750.1,12.16,48.88
"2022-10-12 05:30:00",194839,12.65,12.21,750.1,12.33,47.67
"2022-10-12 05:35:00",194840,12.65,12.12,750.2,12.16,48.48
"2022-10-12 05:40:00",194841,12.65,12.04,750.2,11.82,50.86
"2022-10-12 05:45:00",194842,12.65,11.97,750.3,11.61,52.2
"2022-10-12 05:50:00",194843,12.64,11.92,750.4,11.59,52.84
"2022-10-12 05:55:00",194844,12.65,11.88,750.4,11.61,52.51
"2022-10-12 06:00:00",194845,12.65,11.83,750.6,11.41,53.21
"2022-10-12 06:05:00",194846,12.67,11.77,750.7,11.4,53.54
"2022-10-12 06:10:00",194847,12.69,11.75,750.7,11.69,53.52
"2022-10-12 06:15:00",194848,12.74,11.77,750.7,11.98,52.95
"2022-10-12 06:20:00",194849,12.81,11.87,750.7,12.09,51.48
"2022-10-12 06:25:00",194850,12.92,12.02,750.8,12.39,50.48
"2022-10-12 06:30:00",194851,13.06,12.23,750.9,12.65,50
"2022-10-12 06:35:00",194852,13.24,12.53,751,12.98,48.41
"2022-10-12 06:40:00",194853,13.41,12.93,751,13.32,47.83
"2022-10-12 06:45:00",194854,13.55,13.4,751.1,14.59,42.29
"2022-10-12 06:50:00",194855,13.68,13.94,751.1,14.8,40.91
"2022-10-12 06:55:00",194856,13.78,14.82,751,15.34,40.24
"2022-10-12 07:00:00",194857,13.93,15.68,751,15.24,40.32
"2022-10-12 07:05:00",194858,13.91,17.09,751.1,15.48,40.93
"2022-10-12 07:10:00",194859,13.82,18.14,751.1,15.62,40.78
"2022-10-12 07:15:00",194860,13.79,18.94,751.1,15.25,42.96
"2022-10-12 07:20:00",194861,13.79,19.4,751.1,16.33,42.07
"2022-10-12 07:25:00",194862,13.76,19.95,751.1,18.24,40.59
"2022-10-12 07:30:00",194863,13.76,20.54,751.2,17.83,42.28
"2022-10-12 07:35:00",194864,13.73,21.08,751.2,17.4,45.25
"2022-10-12 07:40:00",194865,13.73,21.59,751.2,17.28,45.74
"2022-10-12 07:45:00",194866,13.7,22.01,751.2,17.52,45.1
"2022-10-12 07:50:00",194867,13.7,22.41,751.2,17.37,45.88
"2022-10-12 07:55:00",194868,13.71,22.79,751.2,17.75,45
"2022-10-12 08:00:00",194869,13.68,23.13,751.2,17.77,44.37
"2022-10-12 08:05:00",194870,13.68,23.5,751.2,18.46,41.13
"2022-10-12 08:10:00",194871,13.68,23.86,751.2,18.9,41.18
"2022-10-12 08:15:00",194872,13.65,24.26,751.2,19.54,39.44
"2022-10-12 08:20:00",194873,13.65,24.72,751.3,18.89,39.14
"2022-10-12 08:25:00",194874,13.65,25.14,751.3,19.16,38.75
"2022-10-12 08:30:00",194875,13.63,25.56,751.3,19.54,38.53
"2022-10-12 08:35:00",194876,13.63,25.94,751.2,19.97,38.09
"2022-10-12 08:40:00",194877,13.63,26.27,751.2,18.33,41.18
"2022-10-12 08:45:00",194878,13.63,26.49,751.2,19.6,37.79
"2022-10-12 08:50:00",194879,13.6,26.75,751.2,20.73,35.45
"2022-10-12 08:55:00",194880,13.6,27.1,751.1,20.48,34.83
"2022-10-12 09:00:00",194881,13.61,27.41,751.1,19.51,37.32
"2022-10-12 09:05:00",194882,13.6,27.61,751,19.52,36.38
"2022-10-12 09:10:00",194883,13.58,27.83,751,19.57,35.43
"2022-10-12 09:15:00",194884,13.58,28.03,750.9,20.41,34.82
"2022-10-12 09:20:00",194885,13.58,28.28,750.8,20.38,33.37
"2022-10-12 09:25:00",194886,13.58,28.51,750.7,20.06,33.9
"2022-10-12 09:30:00",194887,13.58,28.73,750.6,20.24,33.65
"2022-10-12 09:35:00",194888,13.55,28.9,750.6,19.95,34.38
"2022-10-12 09:40:00",194889,13.56,29,750.5,20.99,32.76
"2022-10-12 09:45:00",194890,13.56,29.14,750.4,20.83,30.82
"2022-10-12 09:50:00",194891,13.56,29.3,750.4,21.37,29.19
"2022-10-12 09:55:00",194892,13.56,29.43,750.2,20.78,28.41
"2022-10-12 10:00:00",194893,13.56,29.57,750.2,21.13,25.06
"2022-10-12 10:05:00",194894,13.56,29.66,750.1,20.87,27.74
"2022-10-12 10:10:00",194895,13.53,29.71,750.1,21.63,25.87
"2022-10-12 10:15:00",194896,13.53,29.81,750,21.67,25.37
"2022-10-12 10:20:00",194897,13.53,29.93,749.9,21.78,25.34
"2022-10-12 10:25:00",194898,13.54,30.08,749.8,22.05,24.24
"2022-10-12 10:30:00",194899,13.53,30.23,749.7,21.37,24.43
"2022-10-12 10:35:00",194900,13.53,30.37,749.6,22.99,22.25
"2022-10-12 10:40:00",194901,13.54,30.55,749.5,22.11,22.6
"2022-10-12 10:45:00",194902,13.54,30.67,749.4,22.67,22.16
"2022-10-12 10:50:00",194903,13.54,30.83,749.4,22.62,20.92
"2022-10-12 10:55:00",194904,13.51,30.98,749.2,24.14,19.35
"2022-10-12 11:00:00",194905,13.52,31.23,749.1,24.72,20.84
"2022-10-12 11:05:00",194906,13.51,31.56,749,23.75,21.61
"2022-10-12 11:10:00",194907,13.51,31.81,748.9,23.82,18.29
"2022-10-12 11:15:00",194908,13.52,31.96,748.9,24.18,18.17
"2022-10-12 11:20:00",194909,13.49,32.08,748.8,23.45,16.8
"2022-10-12 11:25:00",194910,13.49,32.12,748.6,23.84,16.2
"2022-10-12 11:30:00",194911,13.49,32.07,748.5,23.28,15.54
"2022-10-12 11:35:00",194912,13.49,31.95,748.4,24.17,14.25
"2022-10-12 11:40:00",194913,13.49,31.94,748.3,24.93,14.25
"2022-10-12 11:45:00",194914,13.49,32,748.2,24.26,13.69
"2022-10-12 11:50:00",194915,13.49,32.04,747.7,24.74,13.14
"2022-10-12 11:55:00",194916,13.49,32.01,747.6,24.23,12.7
"2022-10-12 12:00:00",194917,13.49,31.81,747.8,23.95,13.11
"2022-10-12 12:05:00",194918,13.49,31.63,747.7,24.97,12.66
"2022-10-12 12:10:00",194919,13.49,31.47,747.8,23.7,13.24
"2022-10-12 12:15:00",194920,13.49,31.25,747.6,24.66,12.79
"2022-10-12 12:20:00",194921,13.49,31.19,747.5,25.6,11.27
"2022-10-12 12:25:00",194922,13.49,31.29,747.3,25.68,10.91
"2022-10-12 12:30:00",194923,13.49,31.44,747.3,25.81,12.34
"2022-10-12 12:35:00",194924,13.49,31.57,747.2,24.51,12.78
"2022-10-12 12:40:00",194925,13.49,31.55,747.2,24.67,12.79
"2022-10-12 12:45:00",194926,13.49,31.45,746.9,25.99,12.49
"2022-10-12 12:50:00",194927,13.49,31.5,746.7,25.24,12.6
"2022-10-12 12:55:00",194928,13.49,31.58,746.6,24.82,12.65
"2022-10-12 13:00:00",194929,13.49,31.65,746.5,26.07,11.92
"2022-10-12 13:05:00",194930,13.49,31.7,746.2,26.34,12.15
"2022-10-12 13:10:00",194931,13.49,31.77,746.2,26.52,12.23
"2022-10-12 13:15:00",194932,13.49,31.85,746.2,26.32,12.43
"2022-10-12 13:20:00",194933,13.49,31.85,746,25.99,13.13
"2022-10-12 13:25:00",194934,13.49,31.86,745.8,26.8,14.44
"2022-10-12 13:30:00",194935,13.49,31.9,745.7,25.98,12.42
"2022-10-12 13:35:00",194936,13.49,31.93,745.6,26.18,12.28
"2022-10-12 13:40:00",194937,13.49,31.93,745.4,26.6,12.16
"2022-10-12 13:45:00",194938,13.49,32,745.2,27.34,11.69
"2022-10-12 13:50:00",194939,13.49,32.14,745.1,26.85,11.46
"2022-10-12 13:55:00",194940,13.49,32.28,745,27.18,11.61
"2022-10-12 14:00:00",194941,13.49,32.46,744.9,27.08,11.61
"2022-10-12 14:05:00",194942,13.49,32.57,744.9,26.6,13.01
"2022-10-12 14:10:00",194943,13.49,32.6,744.7,26.62,11.73
"2022-10-12 14:15:00",194944,13.49,32.54,744.7,27.11,11.75
"2022-10-12 14:20:00",194945,13.49,32.55,744.5,26.7,11.67
"2022-10-12 14:25:00",194946,13.5,32.58,744.4,26.92,12.24
"2022-10-12 14:30:00",194947,13.5,32.53,744.2,26.18,12.71
"2022-10-12 14:35:00",194948,13.49,32.46,744,26.94,12.25
"2022-10-12 14:40:00",194949,13.5,32.37,744,26.23,12.43
"2022-10-12 14:45:00",194950,13.5,32.29,743.8,26.69,12.09
"2022-10-12 14:50:00",194951,13.5,32.27,743.8,26.98,13.31
"2022-10-12 14:55:00",194952,13.5,32.36,743.7,27.32,11.83
"2022-10-12 15:00:00",194953,13.5,32.56,743.6,27.16,12.18
"2022-10-12 15:05:00",194954,13.5,32.82,743.7,27.68,14.69
"2022-10-12 15:10:00",194955,13.5,33.15,743.5,27.48,12.27
"2022-10-12 15:15:00",194956,13.5,33.32,743.5,27.45,11.98
"2022-10-12 15:20:00",194957,13.47,33.47,743.4,27.84,12
"2022-10-12 15:25:00",194958,13.47,33.66,743.3,28.06,12.15
"2022-10-12 15:30:00",194959,13.48,33.68,743.2,27.6,12.13
"2022-10-12 15:35:00",194960,13.47,33.62,743.1,26.94,12.14
"2022-10-12 15:40:00",194961,13.47,33.53,743.1,27.57,11.77
"2022-10-12 15:45:00",194962,13.47,33.53,743,27.17,13.18
"2022-10-12 15:50:00",194963,13.47,33.49,742.9,27.43,12.27
"2022-10-12 15:55:00",194964,13.47,33.36,743,26.49,14.21
"2022-10-12 16:00:00",194965,13.48,33.1,743,27.32,13.76
"2022-10-12 16:05:00",194966,13.47,32.88,742.9,26.66,12.45
"2022-10-12 16:10:00",194967,13.47,32.75,742.8,26.78,12.95
"2022-10-12 16:15:00",194968,13.47,32.63,742.9,26.97,13.74
"2022-10-12 16:20:00",194969,13.47,32.46,742.8,26.32,14.42
"2022-10-12 16:25:00",194970,13.47,32.28,742.6,26.87,13.17
"2022-10-12 16:30:00",194971,13.47,32.16,742.6,26.61,13.65
"2022-10-12 16:35:00",194972,13.47,32.06,742.7,26.88,12.6
"2022-10-12 16:40:00",194973,13.47,31.95,742.6,27.09,13.74
"2022-10-12 16:45:00",194974,13.47,31.82,742.8,26.49,13.86
"2022-10-12 16:50:00",194975,13.47,31.63,742.8,26,13.77
"2022-10-12 16:55:00",194976,13.47,31.49,742.7,26.68,13.19
"2022-10-12 17:00:00",194977,13.47,31.42,742.7,26.83,12.38
"2022-10-12 17:05:00",194978,13.47,31.39,742.8,26.7,12.16
"2022-10-12 17:10:00",194979,13.47,31.34,742.8,26.34,13.14
"2022-10-12 17:15:00",194980,13.47,31.25,742.9,26.28,13.99
"2022-10-12 17:20:00",194981,13.47,31.13,743,26.8,15.01
"2022-10-12 17:25:00",194982,13.47,31.05,743.1,26.84,14.87
"2022-10-12 17:30:00",194983,13.47,30.84,743.3,26.9,14.87
"2022-10-12 17:35:00",194984,13.47,30.69,743.3,25.11,25.55
"2022-10-12 17:40:00",194985,13.44,30.28,743.3,24.25,26.37
"2022-10-12 17:45:00",194986,13.41,29.79,743.4,24.38,27.47
"2022-10-12 17:50:00",194987,13.34,29.4,743.5,24.11,25.2
"2022-10-12 17:55:00",194988,13.26,28.97,743.5,23.64,27.62
"2022-10-12 18:00:00",194989,13.19,28.5,743.6,23.64,27.41
"2022-10-12 18:05:00",194990,13.11,28.05,743.7,23.42,27.6
"2022-10-12 18:10:00",194991,13.04,27.61,743.8,23.23,27.99
"2022-10-12 18:15:00",194992,12.98,27.11,743.8,22.59,29.73
"2022-10-12 18:20:00",194993,12.94,26.55,743.7,22.12,31.6
"2022-10-12 18:25:00",194994,12.92,25.98,743.9,21.78,32.9
"2022-10-12 18:30:00",194995,12.91,25.43,744,21.49,33.6
"2022-10-12 18:35:00",194996,12.9,24.9,744.2,21.91,32.25
"2022-10-12 18:40:00",194997,12.89,24.43,744.4,21.67,32.29
"2022-10-12 18:45:00",194998,12.89,24.05,744.5,21.49,33.34
"2022-10-12 18:50:00",194999,12.89,23.72,744.5,21.74,32
"2022-10-12 18:55:00",195000,12.88,23.44,744.5,21.69,32.29
"2022-10-12 19:00:00",195001,12.88,23.25,744.7,21.51,32.54
"2022-10-12 19:05:00",195002,12.88,23.06,744.8,21.24,33.58
"2022-10-12 19:10:00",195003,12.87,22.91,745,21.43,32.8
"2022-10-12 19:15:00",195004,12.87,22.75,745,21.13,33.57
"2022-10-12 19:20:00",195005,12.87,22.63,745.2,21.31,32.46
"2022-10-12 19:25:00",195006,12.86,22.51,745.2,21.34,32.26
"2022-10-12 19:30:00",195007,12.86,22.42,745.3,21.32,32.03
"2022-10-12 19:35:00",195008,12.86,22.33,745.6,21.16,32.78
"2022-10-12 19:40:00",195009,12.86,22.23,745.7,21.19,31.92
"2022-10-12 19:45:00",195010,12.86,22.17,746,21.15,33.51
"2022-10-12 19:50:00",195011,12.86,22.07,746.2,20.75,35.65
"2022-10-12 19:55:00",195012,12.85,21.96,746.4,20.2,37.3
"2022-10-12 20:00:00",195013,12.85,21.82,746.4,19.66,38.9
"2022-10-12 20:05:00",195014,12.85,21.59,746.4,19.5,39.95
"2022-10-12 20:10:00",195015,12.85,21.36,746.4,19.08,41.26
"2022-10-12 20:15:00",195016,12.85,21.15,746.5,19.14,41.08
"2022-10-12 20:20:00",195017,12.85,20.89,746.6,18.89,42.11
"2022-10-12 20:25:00",195018,12.85,20.66,746.9,18.53,43.22
"2022-10-12 20:30:00",195019,12.84,20.45,746.9,18.63,42.85
"2022-10-12 20:35:00",195020,12.84,20.26,747,18.57,43.32
"2022-10-12 20:40:00",195021,12.84,20.07,747,18.29,44.4
"2022-10-12 20:45:00",195022,12.84,19.9,747.1,18.7,43.21
"2022-10-12 20:50:00",195023,12.84,19.75,747.4,18.55,43.83
"2022-10-12 20:55:00",195024,12.84,19.62,747.6,18.29,44.37
"2022-10-12 21:00:00",195025,12.83,19.47,747.6,18.62,43.55
"2022-10-12 21:05:00",195026,12.83,19.37,747.7,18.83,42.74
"2022-10-12 21:10:00",195027,12.83,19.28,747.8,18.64,43.26
"2022-10-12 21:15:00",195028,12.83,19.17,747.9,18.53,43.48
"2022-10-12 21:20:00",195029,12.83,19.07,748,18.41,44
"2022-10-12 21:25:00",195030,12.83,18.97,748.1,18.46,43.66
"2022-10-12 21:30:00",195031,12.83,18.86,748.3,18.34,44.19
"2022-10-12 21:35:00",195032,12.83,18.77,748.4,18.38,43.81
"2022-10-12 21:40:00",195033,12.82,18.74,748.5,18.54,42.74
"2022-10-12 21:45:00",195034,12.82,18.72,748.6,18.77,42
"2022-10-12 21:50:00",195035,12.82,18.68,748.7,18.58,42.59
"2022-10-12 21:55:00",195036,12.82,18.64,748.7,18.63,42.56
"2022-10-12 22:00:00",195037,12.82,18.61,748.8,18.77,42.19
"2022-10-12 22:05:00",195038,12.82,18.57,748.8,18.53,43.16
"2022-10-12 22:10:00",195039,12.82,18.51,748.9,18.09,44.76
"2022-10-12 22:15:00",195040,12.82,18.43,749,18.09,44.51
"2022-10-12 22:20:00",195041,12.82,18.34,749,17.67,45.82
"2022-10-12 22:25:00",195042,12.81,18.23,749,17.66,45.72
"2022-10-12 22:30:00",195043,12.81,18.1,749,17.61,45.9
"2022-10-12 22:35:00",195044,12.81,17.89,749,17.63,45.91
"2022-10-12 22:40:00",195045,12.81,17.74,749,17.85,42.69
"2022-10-12 22:45:00",195046,12.81,17.61,749,17.75,37.79
"2022-10-12 22:50:00",195047,12.81,17.49,749.1,17.6,40.26
"2022-10-12 22:55:00",195048,12.81,17.39,749.1,17.65,39.88
"2022-10-12 23:00:00",195049,12.8,17.27,749.1,17.65,36.58
"2022-10-12 23:05:00",195050,12.8,17.19,749,17.62,38.1
"2022-10-12 23:10:00",195051,12.8,17.12,749,17.46,34.84
"2022-10-12 23:15:00",195052,12.8,17.08,749,17.38,34.86
"2022-10-12 23:20:00",195053,12.8,17.04,749,17.51,34.29
"2022-10-12 23:25:00",195054,12.8,16.99,749,17.25,34.98
"2022-10-12 23:30:00",195055,12.79,16.92,749,17.19,35.24
"2022-10-12 23:35:00",195056,12.8,16.84,749,16.95,35.93
"2022-10-12 23:40:00",195057,12.79,16.74,749,16.64,42.78
"2022-10-12 23:45:00",195058,12.79,16.67,748.9,16.48,43.77
"2022-10-12 23:50:00",195059,12.79,16.57,749,16.32,40.09
"2022-10-12 23:55:00",195060,12.78,16.46,749,16.52,39.44
"2022-10-13 00:00:00",195061,12.79,16.36,748.9,16.24,41.23
"2022-10-13 00:05:00",195062,12.78,16.23,748.9,15.86,41.99
"2022-10-13 00:10:00",195063,12.78,16.12,748.9,16.38,40.07
"2022-10-13 00:15:00",195064,12.78,16.03,748.9,16.06,41.5
"2022-10-13 00:20:00",195065,12.78,15.98,748.8,16.24,40.31
"2022-10-13 00:25:00",195066,12.77,15.95,748.8,16.01,41.4
"2022-10-13 00:30:00",195067,12.77,15.86,748.8,15.84,41.22
"2022-10-13 00:35:00",195068,12.77,15.8,748.8,15.86,41.48
"2022-10-13 00:40:00",195069,12.77,15.74,748.7,15.48,43.28
"2022-10-13 00:45:00",195070,12.77,15.66,748.7,15.92,41.1
"2022-10-13 00:50:00",195071,12.76,15.58,748.8,16.01,41.43
"2022-10-13 00:55:00",195072,12.76,15.52,748.7,15.88,43.45
"2022-10-13 01:00:00",195073,12.76,15.45,748.7,15.66,44.09
"2022-10-13 01:05:00",195074,12.76,15.36,748.8,15.39,45.03
"2022-10-13 01:10:00",195075,12.76,15.23,748.8,15.24,45.55
"2022-10-13 01:15:00",195076,12.76,15.11,748.8,15.28,44.61
"2022-10-13 01:20:00",195077,12.76,15.02,748.8,15.62,43.55
"2022-10-13 01:25:00",195078,12.76,14.95,748.8,15.72,42.89
"2022-10-13 01:30:00",195079,12.75,14.91,748.8,15.79,42.11
"2022-10-13 01:35:00",195080,12.75,14.86,748.8,16,41.43
"2022-10-13 01:40:00",195081,12.75,14.84,748.8,15.38,43.71
"2022-10-13 01:45:00",195082,12.75,14.8,748.8,15.41,43.62
"2022-10-13 01:50:00",195083,12.75,14.75,748.8,15.25,43.82
"2022-10-13 01:55:00",195084,12.75,14.66,748.8,15.48,43.78
"2022-10-13 02:00:00",195085,12.75,14.58,748.7,14.92,45.13
"2022-10-13 02:05:00",195086,12.75,14.51,748.7,15.04,44.99
"2022-10-13 02:10:00",195087,12.74,14.44,748.6,14.88,44.84
"2022-10-13 02:15:00",195088,12.75,14.4,748.6,14.92,45.51
"2022-10-13 02:20:00",195089,12.74,14.33,748.6,14.58,46.06
"2022-10-13 02:25:00",195090,12.74,14.25,748.6,14.22,46.14
"2022-10-13 02:30:00",195091,12.74,14.17,748.6,14.36,43.18
"2022-10-13 02:35:00",195092,12.74,14.09,748.7,14.92,41.69
"2022-10-13 02:40:00",195093,12.74,14.01,748.7,14.86,43.17
"2022-10-13 02:45:00",195094,12.74,13.91,748.8,14.43,43.94
"2022-10-13 02:50:00",195095,12.74,13.79,748.8,13.6,48.46
"2022-10-13 02:55:00",195096,12.73,13.67,748.8,13.08,51.92
"2022-10-13 03:00:00",195097,12.73,13.54,748.8,13.07,52.26
"2022-10-13 03:05:00",195098,12.73,13.41,748.9,13.44,50.38
"2022-10-13 03:10:00",195099,12.74,13.31,748.9,13.57,49.47
"2022-10-13 03:15:00",195100,12.74,13.24,748.9,13.29,50.11
"2022-10-13 03:20:00",195101,12.73,13.17,749,13.39,50.16
"2022-10-13 03:25:00",195102,12.73,13.08,749,13.23,50.56
"2022-10-13 03:30:00",195103,12.73,13.01,749,13.89,46.32
"2022-10-13 03:35:00",195104,12.73,12.97,749.1,13.71,47.7
"2022-10-13 03:40:00",195105,12.72,12.94,749.1,13.2,51.57
"2022-10-13 03:45:00",195106,12.72,12.91,749.1,13.05,50.82
"2022-10-13 03:50:00",195107,12.72,12.85,749.1,12.96,51.91
"2022-10-13 03:55:00",195108,12.72,12.76,749.1,12.63,52.19
"2022-10-13 04:00:00",195109,12.72,12.68,749.1,12.9,49.84
"2022-10-13 04:05:00",195110,12.71,12.59,749.2,13.02,49.46
"2022-10-13 04:10:00",195111,12.71,12.53,749.2,13.04,49.93
"2022-10-13 04:15:00",195112,12.71,12.49,749.3,13.79,45.68
"2022-10-13 04:20:00",195113,12.71,12.49,749.4,13,50.04
"2022-10-13 04:25:00",195114,12.71,12.46,749.3,12.68,48.71
"2022-10-13 04:30:00",195115,12.7,12.42,749.3,12.5,49.51
"2022-10-13 04:35:00",195116,12.7,12.35,749.3,12.27,51.11
"2022-10-13 04:40:00",195117,12.7,12.24,749.3,12.3,51.17
"2022-10-13 04:45:00",195118,12.7,12.15,749.3,12.28,51.26
"2022-10-13 04:50:00",195119,12.69,12.04,749.4,12.52,50.07
"2022-10-13 04:55:00",195120,12.69,11.94,749.5,12.22,51.71
"2022-10-13 05:00:00",195121,12.69,11.89,749.4,11.51,52.8
"2022-10-13 05:05:00",195122,12.69,11.81,749.4,12.08,49.86
"2022-10-13 05:10:00",195123,12.68,11.77,749.6,11.76,51.13
"2022-10-13 05:15:00",195124,12.69,11.74,749.5,11.65,51.05
"2022-10-13 05:20:00",195125,12.68,11.7,749.6,11.81,51.2
"2022-10-13 05:25:00",195126,12.68,11.63,749.7,11.49,52.55
"2022-10-13 05:30:00",195127,12.68,11.56,749.7,11.37,51.89
"2022-10-13 05:35:00",195128,12.67,11.47,749.8,11.6,50.04
"2022-10-13 05:40:00",195129,12.67,11.41,749.8,11.45,51.57
"2022-10-13 05:45:00",195130,12.67,11.35,749.8,11.34,52.13
"2022-10-13 05:50:00",195131,12.67,11.3,749.9,10.89,51.55
"2022-10-13 05:55:00",195132,12.67,11.28,749.9,10.95,50.98
"2022-10-13 06:00:00",195133,12.68,11.23,749.9,11.1,50.79
"2022-10-13 06:05:00",195134,12.69,11.15,750.1,11.02,51.15
"2022-10-13 06:10:00",195135,12.73,11.08,750,10.99,51.66
"2022-10-13 06:15:00",195136,12.77,11.07,750.1,11.69,49.96
"2022-10-13 06:20:00",195137,12.85,11.11,750.3,11.88,49
"2022-10-13 06:25:00",195138,12.95,11.24,750.2,12.28,47.57
"2022-10-13 06:30:00",195139,13.1,11.45,750.4,13.01,46.83
"2022-10-13 06:35:00",195140,13.28,11.77,750.3,12.82,46.22
"2022-10-13 06:40:00",195141,13.47,12.18,750.5,13.82,42.36
"2022-10-13 06:45:00",195142,13.62,12.68,750.5,12.86,46.25
"2022-10-13 06:50:00",195143,13.75,13.22,750.5,12.87,46.35
"2022-10-13 06:55:00",195144,13.92,13.81,750.5,14.69,41
"2022-10-13 07:00:00",195145,13.91,15.14,750.5,15.39,40.4
"2022-10-13 07:05:00",195146,13.85,16.31,750.6,15.46,40.89
"2022-10-13 07:10:00",195147,13.82,17.11,750.6,15.62,41.1
"2022-10-13 07:15:00",195148,13.82,17.77,750.7,15.62,42.15
"2022-10-13 07:20:00",195149,13.79,18.34,750.8,15.82,40.61
"2022-10-13 07:25:00",195150,13.79,18.89,750.8,16.47,39.24
"2022-10-13 07:30:00",195151,13.76,19.4,750.9,16.67,39.2
"2022-10-13 07:35:00",195152,13.76,19.89,751,16.32,38.45
"2022-10-13 07:40:00",195153,13.73,20.32,751.1,16.65,38.94
"2022-10-13 07:45:00",195154,13.74,20.77,751.2,17.42,37.34
"2022-10-13 07:50:00",195155,13.74,21.23,751.2,18.26,36.68
"2022-10-13 07:55:00",195156,13.71,21.76,751.2,17.78,35.23
"2022-10-13 08:00:00",195157,13.71,22.17,751.3,18.31,34.49
"2022-10-13 08:05:00",195158,13.71,22.6,751.3,18.27,31.99
"2022-10-13 08:10:00",195159,13.68,22.99,751.3,18.8,32.1
"2022-10-13 08:15:00",195160,13.69,23.39,751.3,18.58,32.21
"2022-10-13 08:20:00",195161,13.69,23.78,751.3,19.24,27.88
"2022-10-13 08:25:00",195162,13.66,24.11,751.4,19.03,28.2
"2022-10-13 08:30:00",195163,13.66,24.44,751.4,19.06,26.59
"2022-10-13 08:35:00",195164,13.66,24.75,751.6,19.46,25.17
"2022-10-13 08:40:00",195165,13.66,25.05,751.6,19.17,25.25
"2022-10-13 08:45:00",195166,13.63,25.34,751.6,19.74,24.75
"2022-10-13 08:50:00",195167,13.63,25.72,751.6,19.64,25.29
"2022-10-13 08:55:00",195168,13.63,26.05,751.6,19.88,24.97
"2022-10-13 09:00:00",195169,13.63,26.4,751.5,20.1,24.17
"2022-10-13 09:05:00",195170,13.61,26.71,751.5,19.86,24.15
"2022-10-13 09:10:00",195171,13.61,26.98,751.4,20.16,23.7
"2022-10-13 09:15:00",195172,13.61,27.24,751.4,19.94,23.41
"2022-10-13 09:20:00",195173,13.61,27.46,751.3,19.43,22.56
"2022-10-13 09:25:00",195174,13.58,27.61,751.3,20.34,21.91
"2022-10-13 09:30:00",195175,13.58,27.73,751.3,19.91,21.84
"2022-10-13 09:35:00",195176,13.58,27.89,751.3,20.56,21.06
"2022-10-13 09:40:00",195177,13.59,28.07,751.3,20.74,20.9
"2022-10-13 09:45:00",195178,13.59,28.26,751.3,20.41,20.03
"2022-10-13 09:50:00",195179,13.58,28.45,751.3,21.27,17.18
"2022-10-13 09:55:00",195180,13.59,28.69,751.2,20.98,15.29
"2022-10-13 10:00:00",195181,13.56,28.93,751.1,20.34,17.82
"2022-10-13 10:05:00",195182,13.56,29.17,751,22.03,17.84
"2022-10-13 10:10:00",195183,13.56,29.49,751,21.42,17.84
"2022-10-13 10:15:00",195184,13.56,29.68,751,20.91,16.95
"2022-10-13 10:20:00",195185,13.56,29.71,750.9,22.21,16.53
"2022-10-13 10:25:00",195186,13.54,29.89,750.8,22.48,15.71
"2022-10-13 10:30:00",195187,13.54,30.07,750.7,21.54,16.46
"2022-10-13 10:35:00",195188,13.54,30.17,750.6,21.71,14.13
"2022-10-13 10:40:00",195189,13.54,30.27,750.4,23,13.84
"2022-10-13 10:45:00",195190,13.54,30.46,750.3,22.85,12.89
"2022-10-13 10:50:00",195191,13.54,30.69,750.2,22.83,12
"2022-10-13 10:55:00",195192,13.54,30.85,750.2,22.83,11.3
"2022-10-13 11:00:00",195193,13.52,30.96,750,22.79,11.58
"2022-10-13 11:05:00",195194,13.52,31.06,750,22.43,13.11
"2022-10-13 11:10:00",195195,13.52,31.11,749.9,23.21,12.94
"2022-10-13 11:15:00",195196,13.52,31.21,749.8,23.18,11.74
"2022-10-13 11:20:00",195197,13.52,31.34,749.6,22.87,9.81
"2022-10-13 11:25:00",195198,13.52,31.36,749.6,24.88,12.58
"2022-10-13 11:30:00",195199,13.52,31.5,749.5,24.22,9.93
"2022-10-13 11:35:00",195200,13.52,31.62,749.4,23.83,8.64
"2022-10-13 11:40:00",195201,13.52,31.77,749.3,25.58,8.98
"2022-10-13 11:45:00",195202,13.52,32.07,749.2,25.47,10.12
"2022-10-13 11:50:00",195203,13.49,32.26,749.1,24.39,11.15
"2022-10-13 11:55:00",195204,13.49,32.25,749.1,23.31,9.05
"2022-10-13 12:00:00",195205,13.5,32.07,749,23.09,9.04
"2022-10-13 12:05:00",195206,13.49,31.77,748.9,23.91,9
"2022-10-13 12:10:00",195207,13.49,31.51,748.8,24.42,8.51
"2022-10-13 12:15:00",195208,13.49,31.32,748.7,24.38,8.16
"2022-10-13 12:20:00",195209,13.49,31.18,748.6,23.79,8.56
"2022-10-13 12:25:00",195210,13.49,31.05,748.5,24.48,8.3
"2022-10-13 12:30:00",195211,13.49,30.97,748.3,24.54,8.09
"2022-10-13 12:35:00",195212,13.49,31.01,748.2,24.5,8.3
"2022-10-13 12:40:00",195213,13.49,30.99,748.2,23.45,7.768
"2022-10-13 12:45:00",195214,13.49,30.93,748,24.85,8.89
"2022-10-13 12:50:00",195215,13.49,30.88,747.9,24,7.428
"2022-10-13 12:55:00",195216,13.49,30.77,747.7,24.32,7.366
"2022-10-13 13:00:00",195217,13.49,30.69,747.6,24.72,7.736
"2022-10-13 13:05:00",195218,13.49,30.69,747.6,24.88,7.526
"2022-10-13 13:10:00",195219,13.49,30.7,747.5,26.04,7.634
"2022-10-13 13:15:00",195220,13.49,30.76,747.3,25.47,7.33
"2022-10-13 13:20:00",195221,13.49,30.82,747.2,25.31,7.898
"2022-10-13 13:25:00",195222,13.49,30.89,747.1,26.07,7.168
"2022-10-13 13:30:00",195223,13.49,30.96,746.9,25.44,6.898
"2022-10-13 13:35:00",195224,13.49,30.96,746.8,25.04,7.244
"2022-10-13 13:40:00",195225,13.49,30.98,746.7,25.5,6.612
"2022-10-13 13:45:00",195226,13.49,30.96,746.6,25.59,7.405
"2022-10-13 13:50:00",195227,13.49,30.91,746.5,25.62,7.622
"2022-10-13 13:55:00",195228,13.49,30.9,746.4,25.32,7.827
"2022-10-13 14:00:00",195229,13.49,30.92,746.4,25.98,8.06
"2022-10-13 14:05:00",195230,13.49,30.97,746.3,25.29,12.03
"2022-10-13 14:10:00",195231,13.49,30.98,746.2,25.95,11
"2022-10-13 14:15:00",195232,13.49,31.01,746.2,26.02,14.26
"2022-10-13 14:20:00",195233,13.49,31,746.1,24.93,15.16
"2022-10-13 14:25:00",195234,13.49,30.9,746,25.15,16.19
"2022-10-13 14:30:00",195235,13.49,30.8,746.1,25.49,13.32
"2022-10-13 14:35:00",195236,13.49,30.7,746,25.63,17.27
"2022-10-13 14:40:00",195237,13.49,30.71,746,25.33,16.45
"2022-10-13 14:45:00",195238,13.49,30.75,746.1,25.18,18.82
"2022-10-13 14:50:00",195239,13.49,30.73,745.9,24.79,18.06
"2022-10-13 14:55:00",195240,13.49,30.69,745.9,25.78,17.63
"2022-10-13 15:00:00",195241,13.49,30.73,745.9,25.95,17.64
"2022-10-13 15:05:00",195242,13.49,30.85,745.9,25.7,18.74
"2022-10-13 15:10:00",195243,13.5,31.03,745.8,25.44,19.63
"2022-10-13 15:15:00",195244,13.49,31.14,745.8,26.03,18.06
"2022-10-13 15:20:00",195245,13.49,31.26,745.8,25.82,17.77
"2022-10-13 15:25:00",195246,13.49,31.37,745.7,25.54,19.57
"2022-10-13 15:30:00",195247,13.5,31.39,745.6,25.42,20.47
"2022-10-13 15:35:00",195248,13.5,31.37,745.6,25.36,20.74
"2022-10-13 15:40:00",195249,13.5,31.33,745.6,25.47,19.04
"2022-10-13 15:45:00",195250,13.5,31.36,745.6,25.56,19.57
"2022-10-13 15:50:00",195251,13.5,31.35,745.6,25.11,20.76
"2022-10-13 15:55:00",195252,13.5,31.22,745.6,24.72,20.29
"2022-10-13 16:00:00",195253,13.5,31.08,745.5,25.13,18.85
"2022-10-13 16:05:00",195254,13.5,31.02,745.4,24.79,18.34
"2022-10-13 16:10:00",195255,13.5,30.96,745.4,25.26,17.84
"2022-10-13 16:15:00",195256,13.5,30.94,745.4,24.97,18.21
"2022-10-13 16:20:00",195257,13.5,30.97,745.5,25.98,17.36
"2022-10-13 16:25:00",195258,13.5,30.91,745.3,24.33,22.75
"2022-10-13 16:30:00",195259,13.5,30.59,745.4,23.9,23.27
"2022-10-13 16:35:00",195260,13.5,30.11,745.3,23.77,23.26
"2022-10-13 16:40:00",195261,13.5,29.59,745.5,23.48,24.61
"2022-10-13 16:45:00",195262,13.5,29.17,745.6,23.5,25.02
"2022-10-13 16:50:00",195263,13.5,28.9,745.5,23.22,26.23
"2022-10-13 16:55:00",195264,13.5,28.73,745.6,22.95,26.55
"2022-10-13 17:00:00",195265,13.5,28.56,745.8,22.81,26.47
"2022-10-13 17:05:00",195266,13.52,28.32,745.8,22.53,26.11
"2022-10-13 17:10:00",195267,13.52,27.95,745.7,22.51,26.01
"2022-10-13 17:15:00",195268,13.52,27.54,745.9,22.25,26.19
"2022-10-13 17:20:00",195269,13.55,27.16,746,22.26,26.53
"2022-10-13 17:25:00",195270,13.55,26.8,745.9,22.14,26.35
"2022-10-13 17:30:00",195271,13.55,26.4,746.1,21.64,27.67
"2022-10-13 17:35:00",195272,13.56,25.7,746.1,21.55,27.39
"2022-10-13 17:40:00",195273,13.42,24.94,746.1,21.36,28.18
"2022-10-13 17:45:00",195274,13.32,24.48,746.1,21.21,27.7
"2022-10-13 17:50:00",195275,13.26,24.1,746.2,21.17,28.03
"2022-10-13 17:55:00",195276,13.2,23.78,746.2,21.31,27.51
"2022-10-13 18:00:00",195277,13.12,23.51,746.3,21.27,27.77
"2022-10-13 18:05:00",195278,13.04,23.28,746.4,21.21,27.36
"2022-10-13 18:10:00",195279,12.98,23.07,746.5,21.09,28.13
"2022-10-13 18:15:00",195280,12.95,22.94,746.4,20.87,28.88
"2022-10-13 18:20:00",195281,12.92,22.77,746.5,20.63,29.8
"2022-10-13 18:25:00",195282,12.9,22.58,746.5,20.74,28.1
"2022-10-13 18:30:00",195283,12.89,22.37,746.6,20.59,28.52
"2022-10-13 18:35:00",195284,12.88,22.17,746.7,20.62,28.06
"2022-10-13 18:40:00",195285,12.88,21.99,746.8,20.58,28.39
"2022-10-13 18:45:00",195286,12.87,21.82,747,20.64,26.91
"2022-10-13 18:50:00",195287,12.87,21.7,747,20.75,27.43
"2022-10-13 18:55:00",195288,12.87,21.6,747.1,20.62,28.69
"2022-10-13 19:00:00",195289,12.86,21.5,747.3,20.38,29.31
"2022-10-13 19:05:00",195290,12.86,21.41,747.4,20.46,28.98
"2022-10-13 19:10:00",195291,12.86,21.31,747.5,20.28,27.36
"2022-10-13 19:15:00",195292,12.86,21.19,747.6,19.94,27.67
"2022-10-13 19:20:00",195293,12.86,21.02,747.7,19.89,27.8
"2022-10-13 19:25:00",195294,12.85,20.83,747.9,19.62,27.84
"2022-10-13 19:30:00",195295,12.86,20.61,748,19.55,27.84
"2022-10-13 19:35:00",195296,12.85,20.42,748.2,19.42,28.7
"2022-10-13 19:40:00",195297,12.85,20.22,748.3,18.94,30.39
"2022-10-13 19:45:00",195298,12.85,20.03,748.2,18.81,31.11
"2022-10-13 19:50:00",195299,12.85,19.84,748.4,18.45,32.3
"2022-10-13 19:55:00",195300,12.85,19.66,748.6,18.15,33.33
"2022-10-13 20:00:00",195301,12.85,19.44,748.8,17.72,34.77
"2022-10-13 20:05:00",195302,12.85,19.22,749,17.55,34.65
"2022-10-13 20:10:00",195303,12.85,19,749,17.9,32.88
"2022-10-13 20:15:00",195304,12.84,18.82,749.2,18.19,33.3
"2022-10-13 20:20:00",195305,12.84,18.66,749.3,18.16,32.8
"2022-10-13 20:25:00",195306,12.84,18.51,749.4,18.09,32.7
"2022-10-13 20:30:00",195307,12.84,18.4,749.4,18.35,31.8
"2022-10-13 20:35:00",195308,12.84,18.34,749.5,18.43,32.34
"2022-10-13 20:40:00",195309,12.84,18.31,749.7,18.18,32.18
"2022-10-13 20:45:00",195310,12.84,18.3,749.7,18.42,31.54
"2022-10-13 20:50:00",195311,12.84,18.3,749.8,18.31,31.4
"2022-10-13 20:55:00",195312,12.84,18.31,749.9,18.45,31.34
"2022-10-13 21:00:00",195313,12.84,18.3,749.9,18.05,32.3
"2022-10-13 21:05:00",195314,12.84,18.26,750,18.12,32.67
"2022-10-13 21:10:00",195315,12.83,18.23,750.1,18.16,32.77
"2022-10-13 21:15:00",195316,12.83,18.2,750.1,18.11,32.63
"2022-10-13 21:20:00",195317,12.83,18.18,750.2,18.21,32.51
"2022-10-13 21:25:00",195318,12.83,18.16,750.3,18.06,33.29
"2022-10-13 21:30:00",195319,12.83,18.13,750.4,17.99,33.74
"2022-10-13 21:35:00",195320,12.83,18.1,750.5,18.14,34.28
"2022-10-13 21:40:00",195321,12.83,18.08,750.7,18.16,34.09
"2022-10-13 21:45:00",195322,12.83,18.05,750.8,17.98,34.46
"2022-10-13 21:50:00",195323,12.83,18.02,750.9,17.94,34.69
"2022-10-13 21:55:00",195324,12.82,17.98,751,17.65,35.64
"2022-10-13 22:00:00",195325,12.82,17.91,751,17.25,37.68
"2022-10-13 22:05:00",195326,12.82,17.83,751.2,17.2,37.15
"2022-10-13 22:10:00",195327,12.82,17.77,751.2,16.93,37.48
"2022-10-13 22:15:00",195328,12.82,17.71,751.3,16.91,37.16
"2022-10-13 22:20:00",195329,12.82,17.64,751.2,16.83,38.05
"2022-10-13 22:25:00",195330,12.82,17.58,751.3,16.92,38.16
"2022-10-13 22:30:00",195331,12.81,17.53,751.4,16.8,39.08
"2022-10-13 22:35:00",195332,12.81,17.49,751.4,16.97,38.65
"2022-10-13 22:40:00",195333,12.81,17.47,751.5,16.78,39.4
"2022-10-13 22:45:00",195334,12.81,17.45,751.6,16.73,39.88
"2022-10-13 22:50:00",195335,12.81,17.41,751.7,16.58,40.7
"2022-10-13 22:55:00",195336,12.81,17.38,751.7,16.44,41.83
"2022-10-13 23:00:00",195337,12.81,17.32,751.7,16.34,42.93
"2022-10-13 23:05:00",195338,12.8,17.25,751.8,16.28,43.5
"2022-10-13 23:10:00",195339,12.8,17.18,751.8,16.02,44.83
"2022-10-13 23:15:00",195340,12.8,17.11,751.9,15.98,45.29
"2022-10-13 23:20:00",195341,12.8,17.03,751.9,15.92,45.54
"2022-10-13 23:25:00",195342,12.8,16.85,752,15.9,45.72
"2022-10-13 23:30:00",195343,12.8,16.77,752,15.86,45.94
"2022-10-13 23:35:00",195344,12.8,16.71,752.1,15.92,45.73
"2022-10-13 23:40:00",195345,12.79,16.67,752.1,15.8,46.4
"2022-10-13 23:45:00",195346,12.79,16.62,752.2,15.8,46.21
"2022-10-13 23:50:00",195347,12.79,16.57,752.3,15.74,46.96
"2022-10-13 23:55:00",195348,12.79,16.53,752.2,15.55,47.62
"2022-10-14 00:00:00",195349,12.79,16.46,752.2,15.42,48.17
"2022-10-14 00:05:00",195350,12.79,16.36,752.1,15.39,48.47
"2022-10-14 00:10:00",195351,12.78,16.26,752.1,15.24,49.23
"2022-10-14 00:15:00",195352,12.79,16.15,752.1,15.16,49.69
"2022-10-14 00:20:00",195353,12.78,16.04,752.1,15.21,50.1
"2022-10-14 00:25:00",195354,12.78,15.93,752.1,15.11,50.36
"2022-10-14 00:30:00",195355,12.78,15.83,752,15.08,50.26
"2022-10-14 00:35:00",195356,12.78,15.75,752.1,15.07,50.35
"2022-10-14 00:40:00",195357,12.78,15.72,752.1,15.14,49.5
"2022-10-14 00:45:00",195358,12.77,15.7,752.1,15.33,49.03
"2022-10-14 00:50:00",195359,12.77,15.74,752.1,15.38,49
"2022-10-14 00:55:00",195360,12.77,15.78,752.2,15.39,48.91
"2022-10-14 01:00:00",195361,12.77,15.8,752.1,15.4,48.97
"2022-10-14 01:05:00",195362,12.77,15.81,752.1,15.34,49.74
"2022-10-14 01:10:00",195363,12.77,15.81,752.2,15.19,50.74
"2022-10-14 01:15:00",195364,12.76,15.78,752.2,15.2,50.74
"2022-10-14 01:20:00",195365,12.76,15.75,752.1,15.14,50.67
"2022-10-14 01:25:00",195366,12.75,15.71,752.1,15.21,50.34
"2022-10-14 01:30:00",195367,12.75,15.68,752.1,15.21,50.16
"2022-10-14 01:35:00",195368,12.75,15.64,752.1,15.11,50.64
"2022-10-14 01:40:00",195369,12.75,15.6,752.2,14.99,51.11
"2022-10-14 01:45:00",195370,12.75,15.53,752.2,15,51.02
"2022-10-14 01:50:00",195371,12.75,15.5,752.2,15.06,50.48
"2022-10-14 01:55:00",195372,12.74,15.48,752.2,15.06,50.41
"2022-10-14 02:00:00",195373,12.74,15.47,752.3,15.14,50.18
"2022-10-14 02:05:00",195374,12.74,15.4,752.2,15.12,50.33
"2022-10-14 02:10:00",195375,12.74,15.38,752.2,15.1,50.36
"2022-10-14 02:15:00",195376,12.74,15.34,752.2,15.04,50.91
"2022-10-14 02:20:00",195377,12.73,15.3,752.2,15.02,51.27
"2022-10-14 02:25:00",195378,12.73,15.26,752.1,14.94,51.57
"2022-10-14 02:30:00",195379,12.73,15.21,752.1,14.85,51.49
"2022-10-14 02:35:00",195380,12.73,15.15,752.1,14.88,51.87
"2022-10-14 02:40:00",195381,12.73,15.08,752.2,14.73,51.91
"2022-10-14 02:45:00",195382,12.73,15.02,752.2,14.57,53.36
"2022-10-14 02:50:00",195383,12.72,14.94,752.2,14.36,54.24
"2022-10-14 02:55:00",195384,12.72,14.83,752.2,14.23,54.98
"2022-10-14 03:00:00",195385,12.72,14.74,752.2,14.43,54.34
"2022-10-14 03:05:00",195386,12.72,14.66,752.2,14.43,54.25
"2022-10-14 03:10:00",195387,12.72,14.61,752.2,14.51,53.93
"2022-10-14 03:15:00",195388,12.71,14.57,752.3,14.48,54.84
"2022-10-14 03:20:00",195389,12.71,14.55,752.3,14.09,58.39
"2022-10-14 03:25:00",195390,12.71,14.52,752.3,13.93,59.42
"2022-10-14 03:30:00",195391,12.71,14.5,752.3,13.71,61.4
"2022-10-14 03:35:00",195392,12.71,14.43,752.3,13.57,62.2
"2022-10-14 03:40:00",195393,12.71,14.34,752.2,13.4,62.64
"2022-10-14 03:45:00",195394,12.7,14.26,752.2,13.33,63.31
"2022-10-14 03:50:00",195395,12.7,14.18,752.2,13.28,63.21
"2022-10-14 03:55:00",195396,12.7,14.1,752.2,13.23,63.35
"2022-10-14 04:00:00",195397,12.7,14.05,752.2,13.17,63.75
"2022-10-14 04:05:00",195398,12.7,13.97,752.2,13.14,64.04
"2022-10-14 04:10:00",195399,12.7,13.9,752.2,13.08,64.35
"2022-10-14 04:15:00",195400,12.7,13.84,752.3,13.02,64.81
"2022-10-14 04:20:00",195401,12.7,13.78,752.2,12.98,64.92
"2022-10-14 04:25:00",195402,12.69,13.72,752.2,13.02,64.72
"2022-10-14 04:30:00",195403,12.69,13.69,752.2,13.17,63.75
"2022-10-14 04:35:00",195404,12.69,13.69,752.3,13.17,63.9
"2022-10-14 04:40:00",195405,12.69,13.69,752.2,13.12,63.98
"2022-10-14 04:45:00",195406,12.69,13.69,752.3,13.08,64.14
"2022-10-14 04:50:00",195407,12.68,13.67,752.4,13,64.42
"2022-10-14 04:55:00",195408,12.68,13.63,752.4,13.04,64.4
"2022-10-14 05:00:00",195409,12.68,13.58,752.5,13.07,64.2
"2022-10-14 05:05:00",195410,12.68,13.54,752.5,12.94,64.73
"2022-10-14 05:10:00",195411,12.68,13.49,752.6,12.79,65.41
"2022-10-14 05:15:00",195412,12.67,13.42,752.5,12.8,65.32
"2022-10-14 05:20:00",195413,12.67,13.32,752.7,12.74,65.57
"2022-10-14 05:25:00",195414,12.67,13.2,752.7,12.65,65.67
"2022-10-14 05:30:00",195415,12.67,13.09,752.8,12.68,65.41
"2022-10-14 05:35:00",195416,12.67,12.98,752.8,12.7,65.36
"2022-10-14 05:40:00",195417,12.67,12.89,752.9,12.85,64.92
"2022-10-14 05:45:00",195418,12.67,12.83,753,13.03,64.14
"2022-10-14 05:50:00",195419,12.66,12.84,753,13.06,64
"2022-10-14 05:55:00",195420,12.66,12.87,753.1,12.85,64.87
"2022-10-14 06:00:00",195421,12.67,12.88,753.2,12.58,65.89
"2022-10-14 06:05:00",195422,12.69,12.85,753.2,12.77,65.32
"2022-10-14 06:10:00",195423,12.73,12.85,753.2,12.8,65
"2022-10-14 06:15:00",195424,12.79,12.88,753.3,12.7,65.36
"2022-10-14 06:20:00",195425,12.87,12.92,753.3,12.65,65.93
"2022-10-14 06:25:00",195426,12.97,13,753.4,12.73,66.04
"2022-10-14 06:30:00",195427,13.14,13.15,753.4,13.02,65.3
"2022-10-14 06:35:00",195428,13.42,13.37,753.4,13.47,64.04
"2022-10-14 06:40:00",195429,13.59,13.69,753.4,14.13,61.5
"2022-10-14 06:45:00",195430,13.55,14.01,753.5,14.41,60.71
"2022-10-14 06:50:00",195431,13.52,14.25,753.6,14.65,60.19
"2022-10-14 06:55:00",195432,13.6,14.56,753.6,14.24,62.64
"2022-10-14 07:00:00",195433,13.75,14.9,753.6,14.15,63.8
"2022-10-14 07:05:00",195434,13.73,15.21,753.7,14.28,63.62
"2022-10-14 07:10:00",195435,13.8,15.47,753.8,14.77,61.6
"2022-10-14 07:15:00",195436,13.82,16.56,753.9,15.02,60.49
"2022-10-14 07:20:00",195437,13.82,17.39,753.9,15.69,58.38
"2022-10-14 07:25:00",195438,13.79,17.96,754,16.46,55.49
"2022-10-14 07:30:00",195439,13.79,18.5,754,16.86,53.96
"2022-10-14 07:35:00",195440,13.76,19.05,754.1,16.91,53.72
"2022-10-14 07:40:00",195441,13.76,19.64,754.1,17.19,52.19
"2022-10-14 07:45:00",195442,13.73,20.23,754.2,17.15,52.59
"2022-10-14 07:50:00",195443,13.74,20.78,754.2,17.56,50.26
"2022-10-14 07:55:00",195444,13.74,21.33,754.3,18.02,49.07
"2022-10-14 08:00:00",195445,13.71,21.87,754.3,17.64,49.27
"2022-10-14 08:05:00",195446,13.71,22.21,754.3,17.5,50.81
"2022-10-14 08:10:00",195447,13.71,22.48,754.2,17.51,50
"2022-10-14 08:15:00",195448,13.68,22.74,754.2,16.94,51.63
"2022-10-14 08:20:00",195449,13.68,22.97,754.2,16.75,51.91
"2022-10-14 08:25:00",195450,13.68,23.29,754.2,17.83,49.14
"2022-10-14 08:30:00",195451,13.68,23.67,754.2,18.29,49.29
"2022-10-14 08:35:00",195452,13.66,24.07,754.2,18.87,46.98
"2022-10-14 08:40:00",195453,13.66,24.43,754.2,18.22,46.77
"2022-10-14 08:45:00",195454,13.66,24.57,754.2,17.62,47.64
"2022-10-14 08:50:00",195455,13.66,24.59,754.2,17.63,46.92
"2022-10-14 08:55:00",195456,13.66,24.49,754.2,16.48,50.21
"2022-10-14 09:00:00",195457,13.66,24.35,754.2,17.21,49.31
"2022-10-14 09:05:00",195458,13.66,24.25,754.2,17.45,47.3
"2022-10-14 09:10:00",195459,13.66,24.27,754.1,18.58,44.34
"2022-10-14 09:15:00",195460,13.66,24.45,754.1,19.12,43.13
"2022-10-14 09:20:00",195461,13.66,24.78,754.1,20.17,40.8
"2022-10-14 09:25:00",195462,13.63,25.25,754.1,19.79,41.47
"2022-10-14 09:30:00",195463,13.61,25.71,754,18.46,44.71
"2022-10-14 09:35:00",195464,13.61,26.01,754,19.29,43.53
"2022-10-14 09:40:00",195465,13.61,26.31,754,19.95,40.65
"2022-10-14 09:45:00",195466,13.61,26.56,753.9,19.34,40.32
"2022-10-14 09:50:00",195467,13.61,26.62,754,18.27,42.04
"2022-10-14 09:55:00",195468,13.61,26.48,754,18.21,41.68
"2022-10-14 10:00:00",195469,13.61,26.24,754,18.33,40.41
"2022-10-14 10:05:00",195470,13.61,25.92,754,18.41,38.48
"2022-10-14 10:10:00",195471,13.61,25.7,753.9,18.73,39.64
"2022-10-14 10:15:00",195472,13.61,25.6,753.9,19.29,38.21
"2022-10-14 10:20:00",195473,13.61,25.58,753.8,19.04,39.65
"2022-10-14 10:25:00",195474,13.61,25.57,753.7,19.64,39.38
"2022-10-14 10:30:00",195475,13.61,25.62,753.7,19.75,38.88
"2022-10-14 10:35:00",195476,13.61,25.84,753.7,19.49,39.18
"2022-10-14 10:40:00",195477,13.62,25.71,753.6,19.13,40.59
"2022-10-14 10:45:00",195478,13.62,25.79,753.6,20.12,38.2
"2022-10-14 10:50:00",195479,13.62,25.95,753.5,19.68,39.13
"2022-10-14 10:55:00",195480,13.62,26.16,753.4,19.58,39.44
"2022-10-14 11:00:00",195481,13.62,26.38,753.3,20.49,37.33
"2022-10-14 11:05:00",195482,13.62,26.69,753.2,20.22,37.95
"2022-10-14 11:10:00",195483,13.62,27.13,753.1,21.39,36.4
"2022-10-14 11:15:00",195484,13.59,27.62,753.1,21.89,35.59
"2022-10-14 11:20:00",195485,13.59,28.1,753,21.3,36.75
"2022-10-14 11:25:00",195486,13.57,28.53,753,22.1,34.79
"2022-10-14 11:30:00",195487,13.57,28.91,752.8,21.47,34.43
"2022-10-14 11:35:00",195488,13.57,29.28,752.7,20.48,36.93
"2022-10-14 11:40:00",195489,13.57,29.47,752.6,20.55,35.3
"2022-10-14 11:45:00",195490,13.57,29.49,752.6,20.84,35.72
"2022-10-14 11:50:00",195491,13.57,29.49,752.4,21.83,35.42
"2022-10-14 11:55:00",195492,13.54,29.53,752.4,20.98,35.73
"2022-10-14 12:00:00",195493,13.55,29.46,752.3,21.33,35.14
"2022-10-14 12:05:00",195494,13.54,29.42,752.2,21.56,35.56
"2022-10-14 12:10:00",195495,13.54,29.51,752.1,22.25,33.84
"2022-10-14 12:15:00",195496,13.54,29.67,752.1,22.56,33.44
"2022-10-14 12:20:00",195497,13.54,29.83,751.9,22.77,32.59
"2022-10-14 12:25:00",195498,13.54,29.89,751.9,22.45,32.76
"2022-10-14 12:30:00",195499,13.54,29.93,751.8,23.02,28.79
"2022-10-14 12:35:00",195500,13.55,30.06,751.6,22.79,29
"2022-10-14 12:40:00",195501,13.55,30.23,751.6,23.83,27.97
"2022-10-14 12:45:00",195502,13.55,30.31,751.5,22.11,29.52
"2022-10-14 12:50:00",195503,13.55,30.17,751.3,22.49,29.96
"2022-10-14 12:55:00",195504,13.55,29.98,751.2,23,30.13
"2022-10-14 13:00:00",195505,13.55,29.85,751.1,22.57,30.13
"2022-10-14 13:05:00",195506,13.55,29.73,751,22.66,30.91
"2022-10-14 13:10:00",195507,13.55,29.67,750.9,23.76,28.85
"2022-10-14 13:15:00",195508,13.55,29.7,750.8,23.38,28.48
"2022-10-14 13:20:00",195509,13.55,29.79,750.6,24.38,27.67
"2022-10-14 13:25:00",195510,13.55,29.98,750.5,24.07,27.86
"2022-10-14 13:30:00",195511,13.55,30.21,750.4,24.72,27.43
"2022-10-14 13:35:00",195512,13.55,30.47,750.3,23.87,28.31
"2022-10-14 13:40:00",195513,13.52,30.62,750.2,23.45,28.89
"2022-10-14 13:45:00",195514,13.52,30.65,750.1,24.05,27.65
"2022-10-14 13:50:00",195515,13.52,30.7,750,23.41,29.83
"2022-10-14 13:55:00",195516,13.52,30.7,749.8,23.81,28.31
"2022-10-14 14:00:00",195517,13.52,30.71,749.7,24.25,27.87
"2022-10-14 14:05:00",195518,13.52,30.75,749.7,24.74,27.29
"2022-10-14 14:10:00",195519,13.52,30.85,749.5,23.48,29.03
"2022-10-14 14:15:00",195520,13.52,30.89,749.5,24.42,27.13
"2022-10-14 14:20:00",195521,13.52,30.82,749.3,23.2,30.82
"2022-10-14 14:25:00",195522,13.52,30.52,749.3,22.31,32.02
"2022-10-14 14:30:00",195523,13.52,29.98,749.3,21.95,32.32
"2022-10-14 14:35:00",195524,13.52,29.34,749.4,21.58,32.68
"2022-10-14 14:40:00",195525,13.52,28.72,749.2,21.67,32.89
"2022-10-14 14:45:00",195526,13.52,28.25,749.4,22.09,31.83
"2022-10-14 14:50:00",195527,13.52,27.91,749.4,21.97,32.12
"2022-10-14 14:55:00",195528,13.52,27.66,749.3,22.35,31.95
"2022-10-14 15:00:00",195529,13.52,27.48,749.3,22.24,31.68
"2022-10-14 15:05:00",195530,13.51,27.44,749.3,23.09,30.78
"2022-10-14 15:10:00",195531,13.54,27.5,749.2,22.76,30.45
"2022-10-14 15:15:00",195532,13.54,27.63,749.1,23.01,30.6
"2022-10-14 15:20:00",195533,13.54,27.7,749.2,22.35,31.28
"2022-10-14 15:25:00",195534,13.54,27.72,749.2,23.21,29.98
"2022-10-14 15:30:00",195535,13.54,27.82,749.3,22.87,32.93
"2022-10-14 15:35:00",195536,13.54,27.94,749.2,21.37,34.85
"2022-10-14 15:40:00",195537,13.54,27.81,749.2,21.21,37.33
"2022-10-14 15:45:00",195538,13.54,27.46,749.1,20.61,37.01
"2022-10-14 15:50:00",195539,13.54,27.03,749.2,21.23,36.02
"2022-10-14 15:55:00",195540,13.54,26.74,749.1,21.7,34.75
"2022-10-14 16:00:00",195541,13.54,26.63,749.1,21.41,35.02
"2022-10-14 16:05:00",195542,13.54,26.62,749,21.54,34.27
"2022-10-14 16:10:00",195543,13.54,26.69,749,21.7,34.19
"2022-10-14 16:15:00",195544,13.54,26.76,748.9,21.79,33.56
"2022-10-14 16:20:00",195545,13.54,26.78,748.9,21.38,35.15
"2022-10-14 16:25:00",195546,13.54,26.6,749,21.16,35.46
"2022-10-14 16:30:00",195547,13.54,26.41,748.9,21.64,34.94
"2022-10-14 16:35:00",195548,13.54,26.32,748.9,21.74,34.29
"2022-10-14 16:40:00",195549,13.54,26.29,748.9,21.51,35.06
"2022-10-14 16:45:00",195550,13.54,26.25,748.9,21.49,34.53
"2022-10-14 16:50:00",195551,13.54,26.25,748.9,21.33,35.24
"2022-10-14 16:55:00",195552,13.55,26.24,748.9,21.37,34.75
"2022-10-14 17:00:00",195553,13.55,26.19,748.9,21.13,35.29
"2022-10-14 17:05:00",195554,13.55,26.07,749,21.06,35.35
"2022-10-14 17:10:00",195555,13.57,25.85,748.9,20.96,36.26
"2022-10-14 17:15:00",195556,13.57,25.5,748.9,20.77,35.65
"2022-10-14 17:20:00",195557,13.57,25.2,749.1,20.68,36.17
"2022-10-14 17:25:00",195558,13.57,24.98,749.1,20.38,37.35
"2022-10-14 17:30:00",195559,13.6,24.65,749.2,20.31,37.31
"2022-10-14 17:35:00",195560,13.37,23.75,749.1,20.17,37.88
"2022-10-14 17:40:00",195561,13.22,23.24,749.2,19.98,38.06
"2022-10-14 17:45:00",195562,13.12,22.86,749.3,19.86,38.31
"2022-10-14 17:50:00",195563,13.05,22.5,749.3,19.5,38.82
"2022-10-14 17:55:00",195564,13,22.19,749.4,19.43,38.88
"2022-10-14 18:00:00",195565,12.97,21.88,749.4,19.32,39.35
"2022-10-14 18:05:00",195566,12.94,21.6,749.5,19.23,39.83
"2022-10-14 18:10:00",195567,12.92,21.37,749.5,19.08,40.23
"2022-10-14 18:15:00",195568,12.9,21.13,749.6,18.9,40.44
"2022-10-14 18:20:00",195569,12.88,20.91,749.7,18.77,41.16
"2022-10-14 18:25:00",195570,12.88,20.72,749.8,18.67,41.41
"2022-10-14 18:30:00",195571,12.88,20.48,749.9,18.53,42.29
"2022-10-14 18:35:00",195572,12.87,20.24,749.9,18.09,43.71
"2022-10-14 18:40:00",195573,12.87,20.02,750,18.11,43.08
"2022-10-14 18:45:00",195574,12.87,19.82,750.2,18.07,42.82
"2022-10-14 18:50:00",195575,12.86,19.65,750.2,17.91,43.12
"2022-10-14 18:55:00",195576,12.86,19.5,750.4,17.93,42.48
"2022-10-14 19:00:00",195577,12.86,19.37,750.5,18.02,42.01
"2022-10-14 19:05:00",195578,12.86,19.28,750.6,18.01,41.85
"2022-10-14 19:10:00",195579,12.86,19.23,750.8,18,41.91
"2022-10-14 19:15:00",195580,12.86,19.18,750.9,17.91,42.41
"2022-10-14 19:20:00",195581,12.85,19.13,751,17.89,42.6
"2022-10-14 19:25:00",195582,12.85,19.07,751.1,17.84,42.12
"2022-10-14 19:30:00",195583,12.85,19.02,751.2,17.68,42.93
"2022-10-14 19:35:00",195584,12.85,18.95,751.3,17.52,43.45
"2022-10-14 19:40:00",195585,12.85,18.87,751.5,17.39,44.17
"2022-10-14 19:45:00",195586,12.85,18.8,751.6,17.27,44.76
"2022-10-14 19:50:00",195587,12.85,18.72,751.6,17.27,44.95
"2022-10-14 19:55:00",195588,12.85,18.63,751.7,17.05,45.46
"2022-10-14 20:00:00",195589,12.85,18.47,751.8,16.87,46.6
"2022-10-14 20:05:00",195590,12.85,18.33,751.8,16.79,47.4
"2022-10-14 20:10:00",195591,12.84,18.21,751.9,16.73,47.59
"2022-10-14 20:15:00",195592,12.85,18.1,752.1,16.7,47.96
"2022-10-14 20:20:00",195593,12.84,18.01,752.2,16.58,49.13
"2022-10-14 20:25:00",195594,12.84,17.97,752.1,16.59,49.85
"2022-10-14 20:30:00",195595,12.84,17.9,752.3,16.48,51.04
"2022-10-14 20:35:00",195596,12.84,17.85,752.3,16.42,51.59
"2022-10-14 20:40:00",195597,12.84,17.78,752.5,16.3,52.22
"2022-10-14 20:45:00",195598,12.84,17.71,752.6,16.21,52.7
"2022-10-14 20:50:00",195599,12.84,17.64,752.7,16.11,52.84
"2022-10-14 20:55:00",195600,12.84,17.54,752.7,16.05,53.29
"2022-10-14 21:00:00",195601,12.84,17.43,752.8,16.03,53.32
"2022-10-14 21:05:00",195602,12.84,17.34,752.8,15.97,53.44
"2022-10-14 21:10:00",195603,12.83,17.24,752.9,15.93,53.64
"2022-10-14 21:15:00",195604,12.83,17.15,753.1,15.89,53.39
"2022-10-14 21:20:00",195605,12.83,17.04,753.1,15.88,53.39
"2022-10-14 21:25:00",195606,12.83,16.99,753.1,15.85,53.66
"2022-10-14 21:30:00",195607,12.83,16.94,753.2,15.88,53.54
"2022-10-14 21:35:00",195608,12.83,16.92,753.2,15.96,53.25
"2022-10-14 21:40:00",195609,12.83,16.91,753.3,15.93,53.55
"2022-10-14 21:45:00",195610,12.83,16.92,753.4,15.95,53.65
"2022-10-14 21:50:00",195611,12.83,16.93,753.5,15.94,53.74
"2022-10-14 21:55:00",195612,12.83,16.93,753.6,15.91,53.73
"2022-10-14 22:00:00",195613,12.82,16.93,753.6,15.88,53.94
"2022-10-14 22:05:00",195614,12.82,16.93,753.7,15.85,54.06
"2022-10-14 22:10:00",195615,12.82,16.93,753.7,15.73,54.68
"2022-10-14 22:15:00",195616,12.82,16.89,753.9,15.7,54.74
"2022-10-14 22:20:00",195617,12.82,16.84,753.9,15.66,55.04
"2022-10-14 22:25:00",195618,12.82,16.79,753.9,15.57,55.3
"2022-10-14 22:30:00",195619,12.82,16.72,753.9,15.55,55.36
"2022-10-14 22:35:00",195620,12.82,16.64,753.9,15.48,55.53
"2022-10-14 22:40:00",195621,12.82,16.53,754,15.46,55.43
"2022-10-14 22:45:00",195622,12.82,16.45,753.9,15.48,55.16
"2022-10-14 22:50:00",195623,12.81,16.41,753.9,15.55,54.84
"2022-10-14 22:55:00",195624,12.81,16.38,753.9,15.6,54.45
"2022-10-14 23:00:00",195625,12.81,16.39,753.9,15.7,54.16
"2022-10-14 23:05:00",195626,12.81,16.39,753.9,15.63,54.82
"2022-10-14 23:10:00",195627,12.81,16.39,754,15.62,54.79
"2022-10-14 23:15:00",195628,12.81,16.4,754,15.62,54.52
"2022-10-14 23:20:00",195629,12.81,16.41,754,15.6,54.63
"2022-10-14 23:25:00",195630,12.81,16.41,754,15.64,54.21
"2022-10-14 23:30:00",195631,12.8,16.4,753.9,15.6,54.36
"2022-10-14 23:35:00",195632,12.8,16.37,754,15.45,54.98
"2022-10-14 23:40:00",195633,12.8,16.34,754,15.4,54.82
"2022-10-14 23:45:00",195634,12.8,16.3,753.9,15.4,54.94
"2022-10-14 23:50:00",195635,12.8,16.24,753.9,15.39,55.12
"2022-10-14 23:55:00",195636,12.8,16.19,753.9,15.29,55.71
"2022-10-15 00:00:00",195637,12.8,16.12,753.8,15.1,56.29
"2022-10-15 00:05:00",195638,12.79,16.04,753.8,14.91,56.84
"2022-10-15 00:10:00",195639,12.79,15.93,753.8,14.88,57.07
"2022-10-15 00:15:00",195640,12.79,15.84,753.8,15.19,55.7
"2022-10-15 00:20:00",195641,12.79,15.78,753.8,15.28,55.5
"2022-10-15 00:25:00",195642,12.79,15.75,753.8,15.24,55.77
"2022-10-15 00:30:00",195643,12.79,15.7,753.8,15.22,55.67
"2022-10-15 00:35:00",195644,12.78,15.64,753.7,15.26,55.59
"2022-10-15 00:40:00",195645,12.78,15.59,753.7,15.08,56.26
"2022-10-15 00:45:00",195646,12.78,15.56,753.7,15,56.58
"2022-10-15 00:50:00",195647,12.78,15.51,753.7,14.97,56.91
"2022-10-15 00:55:00",195648,12.78,15.46,753.6,14.82,57.3
"2022-10-15 01:00:00",195649,12.77,15.44,753.6,14.7,57.86
"2022-10-15 01:05:00",195650,12.77,15.4,753.5,14.66,58.09
"2022-10-15 01:10:00",195651,12.77,15.36,753.5,14.53,58.7
"2022-10-15 01:15:00",195652,12.77,15.21,753.5,14.41,59.22
"2022-10-15 01:20:00",195653,12.77,15.14,753.4,14.28,59.8
"2022-10-15 01:25:00",195654,12.77,15.08,753.5,14.24,59.94
"2022-10-15 01:30:00",195655,12.76,14.99,753.5,14.19,60.11
"2022-10-15 01:35:00",195656,12.76,14.9,753.4,14.17,60.38
"2022-10-15 01:40:00",195657,12.76,14.8,753.4,14.16,60.35
"2022-10-15 01:45:00",195658,12.76,14.7,753.4,14.17,60.44
"2022-10-15 01:50:00",195659,12.75,14.64,753.4,14.18,60.32
"2022-10-15 01:55:00",195660,12.75,14.58,753.4,14.21,60.21
"2022-10-15 02:00:00",195661,12.75,14.54,753.4,14.14,60.52
"2022-10-15 02:05:00",195662,12.75,14.52,753.3,14.17,60.53
"2022-10-15 02:10:00",195663,12.74,14.51,753.3,14.27,60.27
"2022-10-15 02:15:00",195664,12.74,14.53,753.3,14.21,60.56
"2022-10-15 02:20:00",195665,12.74,14.52,753.3,14.15,60.91
"2022-10-15 02:25:00",195666,12.74,14.52,753.3,14.18,60.95
"2022-10-15 02:30:00",195667,12.73,14.54,753.3,14.27,60.81
"2022-10-15 02:35:00",195668,12.73,14.58,753.2,14.34,60.53
"2022-10-15 02:40:00",195669,12.73,14.6,753.2,14.41,60.36
"2022-10-15 02:45:00",195670,12.73,14.65,753.2,14.43,60.39
"2022-10-15 02:50:00",195671,12.73,14.7,753.1,14.41,60.63
"2022-10-15 02:55:00",195672,12.72,14.75,753.1,14.4,60.62
"2022-10-15 03:00:00",195673,12.72,14.79,753,14.37,60.79
"2022-10-15 03:05:00",195674,12.72,14.83,753.1,14.37,60.86
"2022-10-15 03:10:00",195675,12.71,14.88,753,14.39,60.86
"2022-10-15 03:15:00",195676,12.7,14.89,753,14.41,60.89
"2022-10-15 03:20:00",195677,12.7,14.92,753,14.37,61.24
"2022-10-15 03:25:00",195678,12.7,14.91,753,14.39,61.33
"2022-10-15 03:30:00",195679,12.7,14.92,753,14.37,61.51
"2022-10-15 03:35:00",195680,12.69,14.94,753,14.27,61.91
"2022-10-15 03:40:00",195681,12.69,14.95,753.1,14.28,62
"2022-10-15 03:45:00",195682,12.69,14.96,753.1,14.26,61.11
"2022-10-15 03:50:00",195683,12.69,14.97,753.1,14.31,61.05
"2022-10-15 03:55:00",195684,12.68,14.93,753.1,14.33,60.28
"2022-10-15 04:00:00",195685,12.68,14.92,753,14.26,60.18
"2022-10-15 04:05:00",195686,12.68,14.94,753.1,14.19,60.65
"2022-10-15 04:10:00",195687,12.68,14.91,753.1,14.17,60.82
"2022-10-15 04:15:00",195688,12.68,14.89,753.2,14.17,60.5
"2022-10-15 04:20:00",195689,12.67,14.87,753.2,14.15,60.14
"2022-10-15 04:25:00",195690,12.67,14.84,753.3,14.13,59.89
"2022-10-15 04:30:00",195691,12.67,14.84,753.3,14.12,59.54
"2022-10-15 04:35:00",195692,12.67,14.81,753.3,14.14,59.39
"2022-10-15 04:40:00",195693,12.67,14.78,753.4,14.08,58.84
"2022-10-15 04:45:00",195694,12.67,14.73,753.4,14.09,59.05
"2022-10-15 04:50:00",195695,12.66,14.69,753.4,14.05,58.78
"2022-10-15 04:55:00",195696,12.66,14.62,753.4,13.97,58.94
"2022-10-15 05:00:00",195697,12.66,14.54,753.5,13.91,58.96
"2022-10-15 05:05:00",195698,12.66,14.43,753.6,13.83,58.89
"2022-10-15 05:10:00",195699,12.66,14.33,753.6,13.83,58.86
"2022-10-15 05:15:00",195700,12.66,14.2,753.7,13.76,58.94
"2022-10-15 05:20:00",195701,12.66,14.09,753.7,13.77,58.97
"2022-10-15 05:25:00",195702,12.66,13.97,753.8,13.73,59.05
"2022-10-15 05:30:00",195703,12.65,13.85,753.8,13.64,59.69
"2022-10-15 05:35:00",195704,12.65,13.73,753.8,13.53,60.75
"2022-10-15 05:40:00",195705,12.65,13.62,753.9,13.51,61.31
"2022-10-15 05:45:00",195706,12.65,13.49,753.9,13.42,62.47
"2022-10-15 05:50:00",195707,12.65,13.39,753.9,13.17,63.9
"2022-10-15 05:55:00",195708,12.65,13.33,754,12.94,63.86
"2022-10-15 06:00:00",195709,12.67,13.22,754,12.76,64.27
"2022-10-15 06:05:00",195710,12.67,13.11,754,12.82,65.29
"2022-10-15 06:10:00",195711,12.69,13.01,754.1,12.89,64.49
"2022-10-15 06:15:00",195712,12.7,12.92,754.1,12.82,65.64
"2022-10-15 06:20:00",195713,12.74,12.88,754.1,12.62,66.71
"2022-10-15 06:25:00",195714,12.86,12.9,754.2,12.82,67.12
"2022-10-15 06:30:00",195715,12.95,12.96,754.2,13.26,65.52
"2022-10-15 06:35:00",195716,13.15,13.11,754.2,13.69,64.05
"2022-10-15 06:40:00",195717,13.35,13.37,754.2,14.71,59.39
"2022-10-15 06:45:00",195718,13.53,13.74,754.3,15.24,57.04
"2022-10-15 06:50:00",195719,13.66,14.27,754.4,15.73,55.02
"2022-10-15 06:55:00",195720,13.7,14.81,754.4,15.97,54.17
"2022-10-15 07:00:00",195721,13.7,15.38,754.5,16.16,53.89
"2022-10-15 07:05:00",195722,13.84,16.28,754.5,16.61,52.72
"2022-10-15 07:10:00",195723,13.82,17.66,754.7,17.18,51.48
"2022-10-15 07:15:00",195724,13.79,18.51,754.7,16.63,53.28
"2022-10-15 07:20:00",195725,13.79,19.04,754.8,17.26,51.21
"2022-10-15 07:25:00",195726,13.76,19.63,754.9,17.93,48.96
"2022-10-15 07:30:00",195727,13.76,20.28,755,17.78,49.22
"2022-10-15 07:35:00",195728,13.73,20.84,755.1,18.1,49.02
"2022-10-15 07:40:00",195729,13.73,21.41,755.1,18.13,48.27
"2022-10-15 07:45:00",195730,13.71,21.91,755.1,18.18,48.09
"2022-10-15 07:50:00",195731,13.71,22.41,755.1,18.74,46.71
"2022-10-15 07:55:00",195732,13.71,22.89,755.1,18.27,46.02
"2022-10-15 08:00:00",195733,13.68,23.32,755.1,18.45,45.31
"2022-10-15 08:05:00",195734,13.68,23.72,755.2,18.92,43.68
"2022-10-15 08:10:00",195735,13.65,24.11,755.1,18.65,45.18
"2022-10-15 08:15:00",195736,13.66,24.45,755.2,19.04,44.56
"2022-10-15 08:20:00",195737,13.65,24.79,755.1,17.81,48.57
"2022-10-15 08:25:00",195738,13.65,25.1,755.1,17.35,49.45
"2022-10-15 08:30:00",195739,13.63,25.31,755.1,17.52,49.16
"2022-10-15 08:35:00",195740,13.63,25.44,755,18.28,46.49
"2022-10-15 08:40:00",195741,13.63,25.64,755,19.32,45.29
"2022-10-15 08:45:00",195742,13.63,26,755,20.11,42.54
"2022-10-15 08:50:00",195743,13.63,26.39,754.9,19.02,45.09
"2022-10-15 08:55:00",195744,13.61,26.7,754.9,18.77,45.51
"2022-10-15 09:00:00",195745,13.61,26.9,754.8,18.51,46.46
"2022-10-15 09:05:00",195746,13.61,27.06,754.8,18.62,46.38
"2022-10-15 09:10:00",195747,13.61,27.17,754.8,19.33,44.08
"2022-10-15 09:15:00",195748,13.61,27.31,754.8,18.37,46.66
"2022-10-15 09:20:00",195749,13.58,27.45,754.8,19.21,44.03
"2022-10-15 09:25:00",195750,13.58,27.73,754.8,20.38,41.73
"2022-10-15 09:30:00",195751,13.58,28.17,754.7,20.17,41.71
"2022-10-15 09:35:00",195752,13.58,28.61,754.7,21.04,39.14
"2022-10-15 09:40:00",195753,13.56,28.98,754.6,18.91,44.54
"2022-10-15 09:45:00",195754,13.56,29.14,754.6,19.27,43.34
"2022-10-15 09:50:00",195755,13.56,29.29,754.5,20.28,43.07
"2022-10-15 09:55:00",195756,13.56,29.51,754.5,20.42,41.22
"2022-10-15 10:00:00",195757,13.56,29.71,754.4,20.16,42.74
"2022-10-15 10:05:00",195758,13.56,29.9,754.3,20.3,41.53
"2022-10-15 10:10:00",195759,13.54,30.1,754.3,21.42,38.27
"2022-10-15 10:15:00",195760,13.54,30.29,754.1,20.56,40.62
"2022-10-15 10:20:00",195761,13.54,30.32,754,20.02,41.5
"2022-10-15 10:25:00",195762,13.54,30.28,753.9,19.86,42.73
"2022-10-15 10:30:00",195763,13.54,30.2,753.8,20.42,40.09
"2022-10-15 10:35:00",195764,13.54,30.17,753.8,21.93,38.06
"2022-10-15 10:40:00",195765,13.54,30.27,753.7,21.7,36.49
"2022-10-15 10:45:00",195766,13.54,30.46,753.7,21.77,35.65
"2022-10-15 10:50:00",195767,13.54,30.69,753.5,22.07,35.58
"2022-10-15 10:55:00",195768,13.54,30.86,753.5,21.93,37.21
"2022-10-15 11:00:00",195769,13.54,30.95,753.4,21.77,37
"2022-10-15 11:05:00",195770,13.52,30.98,753.4,22.46,36.08
"2022-10-15 11:10:00",195771,13.52,30.94,753.3,22,36.56
"2022-10-15 11:15:00",195772,13.52,30.83,753.2,21.78,37.32
"2022-10-15 11:20:00",195773,13.52,30.75,753.1,22.46,36.44
"2022-10-15 11:25:00",195774,13.52,30.83,753,22.73,35.44
"2022-10-15 11:30:00",195775,13.52,30.94,753,22.81,35.52
"2022-10-15 11:35:00",195776,13.52,31.04,752.9,22.75,35.08
"2022-10-15 11:40:00",195777,13.52,31.02,752.8,22.68,35.21
"2022-10-15 11:45:00",195778,13.52,31.07,752.7,23.55,33.99
"2022-10-15 11:50:00",195779,13.52,31.23,752.5,23.97,33.56
"2022-10-15 11:55:00",195780,13.52,31.33,752.4,23.44,34.55
"2022-10-15 12:00:00",195781,13.52,31.42,752.3,24.47,31.8
"2022-10-15 12:05:00",195782,13.52,31.56,752.2,25.01,32.25
"2022-10-15 12:10:00",195783,13.52,31.76,752.2,24.16,33.35
"2022-10-15 12:15:00",195784,13.52,31.82,752.1,24.25,32.35
"2022-10-15 12:20:00",195785,13.5,31.83,752,24.79,31.02
"2022-10-15 12:25:00",195786,13.5,31.77,751.9,23.88,32.55
"2022-10-15 12:30:00",195787,13.5,31.72,751.8,24.33,32.26
"2022-10-15 12:35:00",195788,13.5,31.79,751.6,24.51,31.13
"2022-10-15 12:40:00",195789,13.49,31.79,751.5,23.63,32.4
"2022-10-15 12:45:00",195790,13.5,31.74,751.4,24.21,30.91
"2022-10-15 12:50:00",195791,13.49,31.66,751.2,24.14,31.03
"2022-10-15 12:55:00",195792,13.5,31.64,751.1,25.35,29.72
"2022-10-15 13:00:00",195793,13.5,31.72,751,25.59,28.65
"2022-10-15 13:05:00",195794,13.5,31.87,750.9,26.4,28.51
"2022-10-15 13:10:00",195795,13.5,32.06,750.9,25.97,28.41
"2022-10-15 13:15:00",195796,13.5,32.14,750.7,25.34,28.9
"2022-10-15 13:20:00",195797,13.5,32.15,750.6,25.29,28.49
"2022-10-15 13:25:00",195798,13.5,32.11,750.5,24.76,29.67
"2022-10-15 13:30:00",195799,13.5,32.02,750.4,24.7,29.39
"2022-10-15 13:35:00",195800,13.5,31.96,750.3,26.29,27.75
"2022-10-15 13:40:00",195801,13.5,32,750.2,25.01,29.05
"2022-10-15 13:45:00",195802,13.5,31.96,750.2,25.02,28.68
"2022-10-15 13:50:00",195803,13.5,31.85,750.1,25.08,29.36
"2022-10-15 13:55:00",195804,13.5,31.78,750,25.53,28.51
"2022-10-15 14:00:00",195805,13.5,31.85,749.9,26.13,27.61
"2022-10-15 14:05:00",195806,13.5,32.07,749.8,26.42,27.49
"2022-10-15 14:10:00",195807,13.5,32.33,749.5,25.13,31.52
"2022-10-15 14:15:00",195808,13.5,32.26,749.6,25.16,31.39
"2022-10-15 14:20:00",195809,13.5,31.94,749.5,24.81,31.63
"2022-10-15 14:25:00",195810,13.5,31.65,749.4,24.11,33.51
"2022-10-15 14:30:00",195811,13.5,31.31,749.6,23.92,33.73
"2022-10-15 14:35:00",195812,13.5,30.98,749.6,24.09,33.58
"2022-10-15 14:40:00",195813,13.5,30.68,749.7,24.26,33.99
"2022-10-15 14:45:00",195814,13.5,30.45,749.6,23.86,33.62
"2022-10-15 14:50:00",195815,13.5,30.25,749.6,23.6,33.1
"2022-10-15 14:55:00",195816,13.5,30.08,749.6,24.26,32.55
"2022-10-15 15:00:00",195817,13.5,30.06,749.5,24.59,31.07
"2022-10-15 15:05:00",195818,13.5,30.13,749.5,24.65,30.27
"2022-10-15 15:10:00",195819,13.5,30.16,749.4,24.67,29.66
"2022-10-15 15:15:00",195820,13.5,30.22,749.4,25.6,28.55
"2022-10-15 15:20:00",195821,13.5,30.43,749.3,25.2,29.98
"2022-10-15 15:25:00",195822,13.5,30.69,749.4,24.63,30.27
"2022-10-15 15:30:00",195823,13.5,30.91,749.3,24.92,29.75
"2022-10-15 15:35:00",195824,13.5,31.05,749.2,24.63,30.34
"2022-10-15 15:40:00",195825,13.5,31.18,749,25.09,27.49
"2022-10-15 15:45:00",195826,13.5,31.31,749.2,24.74,29.3
"2022-10-15 15:50:00",195827,13.5,31.33,749.1,25.09,27.8
"2022-10-15 15:55:00",195828,13.5,31.25,749.1,23.97,29.27
"2022-10-15 16:00:00",195829,13.5,30.96,749.1,24.27,29.7
"2022-10-15 16:05:00",195830,13.5,30.64,749,24.41,28.76
"2022-10-15 16:10:00",195831,13.5,30.42,748.9,24.74,28.59
"2022-10-15 16:15:00",195832,13.5,30.25,748.9,23.89,29.97
"2022-10-15 16:20:00",195833,13.49,30.03,748.9,24.27,29.23
"2022-10-15 16:25:00",195834,13.5,29.78,748.9,23.73,30.26
"2022-10-15 16:30:00",195835,13.49,29.46,748.7,23.48,30.17
"2022-10-15 16:35:00",195836,13.49,29.14,748.8,23.31,30.76
"2022-10-15 16:40:00",195837,13.49,28.81,748.8,23.27,30.69
"2022-10-15 16:45:00",195838,13.49,28.54,748.9,23.59,30.38
"2022-10-15 16:50:00",195839,13.52,28.3,748.9,23.12,31.82
"2022-10-15 16:55:00",195840,13.52,28.04,749,23.02,32.08
"2022-10-15 17:00:00",195841,13.52,27.78,749,23,32.21
"2022-10-15 17:05:00",195842,13.52,27.55,749,23.06,32.55
"2022-10-15 17:10:00",195843,13.52,27.35,749,23.02,32.61
"2022-10-15 17:15:00",195844,13.54,27.18,749.1,22.6,33.44
"2022-10-15 17:20:00",195845,13.54,26.98,749.1,22.55,33.63
"2022-10-15 17:25:00",195846,13.54,26.75,749.2,22.47,33.56
"2022-10-15 17:30:00",195847,13.53,26.43,749.2,22.42,33.56
"2022-10-15 17:35:00",195848,13.5,25.88,749.2,22.52,33.56
"2022-10-15 17:40:00",195849,13.46,25.34,749.3,22.25,34.37
"2022-10-15 17:45:00",195850,13.36,25.01,749.4,22.27,34.14
"2022-10-15 17:50:00",195851,13.25,24.76,749.5,22.15,34.13
"2022-10-15 17:55:00",195852,13.16,24.51,749.6,22.11,34.52
"2022-10-15 18:00:00",195853,13.08,24.33,749.7,21.84,35.72
"2022-10-15 18:05:00",195854,13.02,24.14,749.7,21.49,37.26
"2022-10-15 18:10:00",195855,12.97,23.94,749.7,21.63,35.93
"2022-10-15 18:15:00",195856,12.93,23.77,749.8,21.71,35.48
"2022-10-15 18:20:00",195857,12.91,23.61,749.9,21.54,36.25
"2022-10-15 18:25:00",195858,12.89,23.45,749.8,21.5,36.61
"2022-10-15 18:30:00",195859,12.88,23.25,749.8,21.1,37.65
"2022-10-15 18:35:00",195860,12.88,23.05,749.9,20.97,38.16
"2022-10-15 18:40:00",195861,12.87,22.85,749.9,21.1,37.98
"2022-10-15 18:45:00",195862,12.87,22.67,750,20.45,40.25
"2022-10-15 18:50:00",195863,12.87,22.51,750.1,20.16,41.22
"2022-10-15 18:55:00",195864,12.87,22.31,750.2,20.1,41.05
"2022-10-15 19:00:00",195865,12.86,22.14,750.3,20.12,40.67
"2022-10-15 19:05:00",195866,12.87,21.98,750.4,20.12,40.86
"2022-10-15 19:10:00",195867,12.87,21.87,750.4,20.08,41.44
"2022-10-15 19:15:00",195868,12.86,21.76,750.6,19.87,42.12
"2022-10-15 19:20:00",195869,12.86,21.66,750.6,19.72,42.62
"2022-10-15 19:25:00",195870,12.86,21.54,750.6,19.5,43.04
"2022-10-15 19:30:00",195871,12.86,21.39,750.6,19.47,43.07
"2022-10-15 19:35:00",195872,12.86,21.26,750.8,19.38,44.15
"2022-10-15 19:40:00",195873,12.86,21.1,750.9,19.24,44.17
"2022-10-15 19:45:00",195874,12.85,20.95,750.9,19.3,43.79
"2022-10-15 19:50:00",195875,12.86,20.82,751.1,19.28,44.04
"2022-10-15 19:55:00",195876,12.86,20.72,751.2,19.16,44.25
"2022-10-15 20:00:00",195877,12.85,20.64,751.2,19.1,44.02
"2022-10-15 20:05:00",195878,12.85,20.58,751.3,19.19,43.71
"2022-10-15 20:10:00",195879,12.85,20.52,751.4,19.12,44.34
"2022-10-15 20:15:00",195880,12.85,20.48,751.6,19.03,45.03
"2022-10-15 20:20:00",195881,12.85,20.44,751.7,18.99,45
"2022-10-15 20:25:00",195882,12.85,20.39,751.8,18.98,44.68
"2022-10-15 20:30:00",195883,12.85,20.36,751.9,18.93,44.61
"2022-10-15 20:35:00",195884,12.85,20.32,752,18.88,44.57
"2022-10-15 20:40:00",195885,12.85,20.28,752.1,18.96,44
"2022-10-15 20:45:00",195886,12.85,20.27,752.2,18.94,44.19
"2022-10-15 20:50:00",195887,12.85,20.24,752.3,18.94,44.22
"2022-10-15 20:55:00",195888,12.84,20.21,752.3,18.94,44.32
"2022-10-15 21:00:00",195889,12.84,20.18,752.3,18.97,44.13
"2022-10-15 21:05:00",195890,12.85,20.16,752.3,18.98,43.97
"2022-10-15 21:10:00",195891,12.84,20.12,752.3,18.94,44.45
"2022-10-15 21:15:00",195892,12.84,20.08,752.4,18.77,44.43
"2022-10-15 21:20:00",195893,12.84,20,752.6,18.68,44.48
"2022-10-15 21:25:00",195894,12.84,19.9,752.6,18.74,44.11
"2022-10-15 21:30:00",195895,12.84,19.79,752.6,18.74,44.14
"2022-10-15 21:35:00",195896,12.84,19.68,752.7,18.63,44.47
"2022-10-15 21:40:00",195897,12.84,19.59,752.7,18.49,45.09
"2022-10-15 21:45:00",195898,12.84,19.5,752.7,18.39,45.43
"2022-10-15 21:50:00",195899,12.83,19.39,752.8,18.26,45.79
"2022-10-15 21:55:00",195900,12.83,19.31,752.8,18.23,46.01
"2022-10-15 22:00:00",195901,12.83,19.22,752.9,18.14,46.48
"2022-10-15 22:05:00",195902,12.83,19.17,752.9,18.07,47.13
"2022-10-15 22:10:00",195903,12.83,19.13,753,18.11,47.45
"2022-10-15 22:15:00",195904,12.83,19.06,753,18.09,47.79
"2022-10-15 22:20:00",195905,12.83,19.04,753,18.1,47.95
"2022-10-15 22:25:00",195906,12.83,19.04,753,18.13,48.17
"2022-10-15 22:30:00",195907,12.82,19.03,753.1,18.09,48.73
"2022-10-15 22:35:00",195908,12.82,19.03,753.1,18.04,48.92
"2022-10-15 22:40:00",195909,12.82,19.03,753.1,18,49.1
"2022-10-15 22:45:00",195910,12.82,19.01,753.2,17.95,49.28
"2022-10-15 22:50:00",195911,12.82,19,753.2,17.79,49.98
"2022-10-15 22:55:00",195912,12.82,18.96,753.3,17.75,49.88
"2022-10-15 23:00:00",195913,12.82,18.94,753.3,17.66,50.21
"2022-10-15 23:05:00",195914,12.82,18.9,753.4,17.65,50.33
"2022-10-15 23:10:00",195915,12.82,18.88,753.3,17.71,50.15
"2022-10-15 23:15:00",195916,12.82,18.85,753.3,17.66,50.36
"2022-10-15 23:20:00",195917,12.82,18.82,753.2,17.65,50.55
"2022-10-15 23:25:00",195918,12.81,18.81,753.2,17.61,50.82
"2022-10-15 23:30:00",195919,12.81,18.77,753.1,17.62,50.92
"2022-10-15 23:35:00",195920,12.81,18.76,753.1,17.61,50.89
"2022-10-15 23:40:00",195921,12.81,18.72,753.1,17.58,51.01
"2022-10-15 23:45:00",195922,12.81,18.69,753,17.48,51.46
"2022-10-15 23:50:00",195923,12.81,18.64,752.9,17.34,52.06
"2022-10-15 23:55:00",195924,12.81,18.58,752.8,17.29,52.24
"2022-10-16 00:00:00",195925,12.81,18.48,752.9,17.19,52.53
"2022-10-16 00:05:00",195926,12.8,18.35,752.9,17.13,52.68
"2022-10-16 00:10:00",195927,12.8,18.24,752.9,16.98,53.15
"2022-10-16 00:15:00",195928,12.8,18.13,752.9,16.9,53.57
"2022-10-16 00:20:00",195929,12.8,18.02,752.8,16.85,53.59
"2022-10-16 00:25:00",195930,12.8,17.91,752.8,16.75,53.94
"2022-10-16 00:30:00",195931,12.8,17.82,752.8,16.7,54.34
"2022-10-16 00:35:00",195932,12.8,17.74,752.8,16.67,54.33
"2022-10-16 00:40:00",195933,12.79,17.69,752.8,16.69,54.27
"2022-10-16 00:45:00",195934,12.79,17.65,752.8,16.76,54.16
"2022-10-16 00:50:00",195935,12.79,17.64,752.8,16.71,54.21
"2022-10-16 00:55:00",195936,12.79,17.6,752.7,16.69,54.43
"2022-10-16 01:00:00",195937,12.79,17.56,752.6,16.63,54.66
"2022-10-16 01:05:00",195938,12.79,17.53,752.6,16.58,54.99
"2022-10-16 01:10:00",195939,12.78,17.49,752.5,16.58,54.99
"2022-10-16 01:15:00",195940,12.78,17.42,752.5,16.53,55.26
"2022-10-16 01:20:00",195941,12.78,17.35,752.5,16.48,55.41
"2022-10-16 01:25:00",195942,12.78,17.33,752.4,16.53,55.38
"2022-10-16 01:30:00",195943,12.78,17.31,752.4,16.52,55.47
"2022-10-16 01:35:00",195944,12.78,17.32,752.4,16.49,55.56
"2022-10-16 01:40:00",195945,12.77,17.33,752.3,16.48,55.53
"2022-10-16 01:45:00",195946,12.77,17.35,752.3,16.48,55.38
"2022-10-16 01:50:00",195947,12.77,17.37,752.3,16.42,55.67
"2022-10-16 01:55:00",195948,12.77,17.36,752.2,16.41,55.55
"2022-10-16 02:00:00",195949,12.77,17.34,752.2,16.36,55.51
"2022-10-16 02:05:00",195950,12.76,17.34,752.2,16.38,55.36
"2022-10-16 02:10:00",195951,12.76,17.32,752.2,16.42,55.52
"2022-10-16 02:15:00",195952,12.76,17.31,752.1,16.3,55.74
"2022-10-16 02:20:00",195953,12.76,17.31,752.2,16.24,56.52
"2022-10-16 02:25:00",195954,12.76,17.29,752.1,16.11,57.26
"2022-10-16 02:30:00",195955,12.76,17.28,752.1,16.17,56.82
"2022-10-16 02:35:00",195956,12.75,17.28,752.1,16.32,55.44
"2022-10-16 02:40:00",195957,12.75,17.29,752.1,16.37,55.39
"2022-10-16 02:45:00",195958,12.75,17.29,752,16.4,55.39
"2022-10-16 02:50:00",195959,12.75,17.3,752.1,16.38,55.48
"2022-10-16 02:55:00",195960,12.75,17.32,752.1,16.41,55.4
"2022-10-16 03:00:00",195961,12.74,17.32,752.1,16.42,55.61
"2022-10-16 03:05:00",195962,12.74,17.3,752.2,16.47,55.13
"2022-10-16 03:10:00",195963,12.74,17.32,752.2,16.46,55.4
"2022-10-16 03:15:00",195964,12.74,17.33,752.1,16.41,56
"2022-10-16 03:20:00",195965,12.74,17.34,752.1,16.32,56.75
"2022-10-16 03:25:00",195966,12.73,17.26,752.1,16.21,57.28
"2022-10-16 03:30:00",195967,12.73,17.24,752.1,16.17,57.73
"2022-10-16 03:35:00",195968,12.73,17.22,752.1,16.2,57.88
"2022-10-16 03:40:00",195969,12.73,17.19,752.1,16.26,57.47
"2022-10-16 03:45:00",195970,12.73,17.18,752.1,16.24,57.56
"2022-10-16 03:50:00",195971,12.72,17.17,752.1,16.22,57.55
"2022-10-16 03:55:00",195972,12.72,17.14,752.1,16.2,58.09
"2022-10-16 04:00:00",195973,12.72,17.12,752.1,16.13,58.26
"2022-10-16 04:05:00",195974,12.72,17.1,752.1,16.17,56.82
"2022-10-16 04:10:00",195975,12.71,17.08,752.2,16.28,56.77
"2022-10-16 04:15:00",195976,12.71,17.07,752.2,16.36,56.21
"2022-10-16 04:20:00",195977,12.71,17.07,752.2,16.4,56.09
"2022-10-16 04:25:00",195978,12.71,17.07,752.2,16.19,56.85
"2022-10-16 04:30:00",195979,12.71,17.06,752.2,16.1,57.35
"2022-10-16 04:35:00",195980,12.7,17.04,752.2,16.05,57.49
"2022-10-16 04:40:00",195981,12.7,17.02,752.2,15.96,57.88
"2022-10-16 04:45:00",195982,12.7,16.97,752.2,15.96,57.97
"2022-10-16 04:50:00",195983,12.7,16.93,752.2,15.85,58.4
"2022-10-16 04:55:00",195984,12.7,16.87,752.3,15.85,57.92
"2022-10-16 05:00:00",195985,12.69,16.82,752.3,15.87,58.25
"2022-10-16 05:05:00",195986,12.69,16.75,752.4,15.88,58.22
"2022-10-16 05:10:00",195987,12.69,16.69,752.5,15.79,58.69
"2022-10-16 05:15:00",195988,12.68,16.63,752.5,15.73,58.95
"2022-10-16 05:20:00",195989,12.68,16.55,752.5,15.71,58.8
"2022-10-16 05:25:00",195990,12.68,16.48,752.6,15.64,59.21
"2022-10-16 05:30:00",195991,12.67,16.41,752.6,15.57,59.53
"2022-10-16 05:35:00",195992,12.67,16.32,752.6,15.56,59.17
"2022-10-16 05:40:00",195993,12.67,16.23,752.7,15.45,59.9
"2022-10-16 05:45:00",195994,12.66,16.15,752.7,15.48,59.48
"2022-10-16 05:50:00",195995,12.67,16.11,752.7,15.55,59.13
"2022-10-16 05:55:00",195996,12.66,16.12,752.7,15.52,59.94
"2022-10-16 06:00:00",195997,12.67,16.11,752.7,15.47,59.87
"2022-10-16 06:05:00",195998,12.68,16.06,752.8,15.34,60.63
"2022-10-16 06:10:00",195999,12.7,16.02,752.8,15.26,61.15
"2022-10-16 06:15:00",196000,12.73,16,752.8,15.22,61.44
"2022-10-16 06:20:00",196001,12.76,16,752.8,15.16,61.88
"2022-10-16 06:25:00",196002,12.86,16.02,752.9,15.2,62.18
"2022-10-16 06:30:00",196003,13.01,16.11,752.9,15.51,61.79
"2022-10-16 06:35:00",196004,13.2,16.28,752.9,15.66,61.04
"2022-10-16 06:40:00",196005,13.37,16.53,752.9,15.81,60.76
"2022-10-16 06:45:00",196006,13.49,16.84,753,16.34,59.2
"2022-10-16 06:50:00",196007,13.59,17.23,753,16.73,58.63
"2022-10-16 06:55:00",196008,13.67,17.7,753,17.17,56.79
"2022-10-16 07:00:00",196009,13.75,18.24,753,17.23,56.13
"2022-10-16 07:05:00",196010,13.91,18.88,753.1,17.14,56.14
"2022-10-16 07:10:00",196011,13.76,20.33,753.1,17.67,55.06
"2022-10-16 07:15:00",196012,13.73,21.07,753.2,17.27,55.77
"2022-10-16 07:20:00",196013,13.73,21.65,753.2,18.13,52.45
"2022-10-16 07:25:00",196014,13.7,22.17,753.2,17.85,54.13
"2022-10-16 07:30:00",196015,13.7,22.68,753.3,19.06,49.61
"2022-10-16 07:35:00",196016,13.68,23.27,753.2,19.84,47.86
"2022-10-16 07:40:00",196017,13.68,23.81,753.3,18.83,49.11
"2022-10-16 07:45:00",196018,13.65,24.22,753.3,19.56,47.6
"2022-10-16 07:50:00",196019,13.65,24.51,753.3,19.01,49.42
"2022-10-16 07:55:00",196020,13.65,24.63,753.3,18.93,49.75
"2022-10-16 08:00:00",196021,13.65,24.7,753.4,18.83,50.08
"2022-10-16 08:05:00",196022,13.65,24.75,753.4,19.41,47.99
"2022-10-16 08:10:00",196023,13.65,24.92,753.5,19.82,46.78
"2022-10-16 08:15:00",196024,13.65,25.14,753.5,19.81,47.16
"2022-10-16 08:20:00",196025,13.63,25.27,753.5,18.9,48.93
"2022-10-16 08:25:00",196026,13.63,25.3,753.5,19.34,48.64
"2022-10-16 08:30:00",196027,13.63,25.44,753.4,19.56,47.95
"2022-10-16 08:35:00",196028,13.63,25.73,753.4,20.04,46.74
"2022-10-16 08:40:00",196029,13.63,26.14,753.4,21.23,44.3
"2022-10-16 08:45:00",196030,13.63,26.7,753.4,21.63,42.65
"2022-10-16 08:50:00",196031,13.61,27.24,753.4,20.9,44.43
"2022-10-16 08:55:00",196032,13.61,27.65,753.4,20.37,45.19
"2022-10-16 09:00:00",196033,13.58,27.99,753.3,21.29,43.77
"2022-10-16 09:05:00",196034,13.58,28.37,753.3,21.07,43.87
"2022-10-16 09:10:00",196035,13.58,28.67,753.2,20.86,44.77
"2022-10-16 09:15:00",196036,13.56,28.93,753.2,20.68,45.1
"2022-10-16 09:20:00",196037,13.56,29.17,753.2,21.33,42.74
"2022-10-16 09:25:00",196038,13.56,29.45,753.2,21.4,42.78
"2022-10-16 09:30:00",196039,13.56,29.73,753.2,21.24,41.89
"2022-10-16 09:35:00",196040,13.53,29.98,753.1,20.68,43.25
"2022-10-16 09:40:00",196041,13.53,30.07,753,19.58,46.78
"2022-10-16 09:45:00",196042,13.54,29.89,752.9,19.78,45.57
"2022-10-16 09:50:00",196043,13.53,29.74,752.9,20.94,42.44
"2022-10-16 09:55:00",196044,13.54,29.89,752.8,21.77,38.31
"2022-10-16 10:00:00",196045,13.53,30.21,752.8,22.36,37.68
"2022-10-16 10:05:00",196046,13.54,30.59,752.7,21.5,38.8
"2022-10-16 10:10:00",196047,13.54,30.94,752.6,23.19,35.32
"2022-10-16 10:15:00",196048,13.52,31.38,752.5,23.4,34.74
"2022-10-16 10:20:00",196049,13.51,31.93,752.4,24.13,34.25
"2022-10-16 10:25:00",196050,13.49,32.34,752.4,22.33,37.78
"2022-10-16 10:30:00",196051,13.49,32.34,752.3,22.44,37.65
"2022-10-16 10:35:00",196052,13.49,32.24,752.3,23.01,37.58
"2022-10-16 10:40:00",196053,13.49,32.15,752.2,22.01,38.23
"2022-10-16 10:45:00",196054,13.49,31.98,752.1,22.55,37.8
"2022-10-16 10:50:00",196055,13.49,31.96,752,23.81,35.61
"2022-10-16 10:55:00",196056,13.49,32.13,752,22.38,38.4
"2022-10-16 11:00:00",196057,13.49,32.04,752,21.37,39.67
"2022-10-16 11:05:00",196058,13.49,31.77,751.8,22.28,35.6
"2022-10-16 11:10:00",196059,13.49,31.69,751.7,22.8,37.99
"2022-10-16 11:15:00",196060,13.49,31.74,751.6,22.41,36.21
"2022-10-16 11:20:00",196061,13.49,31.8,751.5,23.97,34.66
"2022-10-16 11:25:00",196062,13.49,32.09,751.5,24.56,32.35
"2022-10-16 11:30:00",196063,13.49,32.53,751.3,23.91,32.42
"2022-10-16 11:35:00",196064,13.49,32.91,751.3,25.18,31.53
"2022-10-16 11:40:00",196065,13.5,33.3,751.2,25.65,31.06
"2022-10-16 11:45:00",196066,13.47,33.53,751.2,24.08,33.41
"2022-10-16 11:50:00",196067,13.47,33.46,751.1,23.66,33.2
"2022-10-16 11:55:00",196068,13.47,33.05,751,23.19,33.83
"2022-10-16 12:00:00",196069,13.47,32.44,750.9,22.56,34.03
"2022-10-16 12:05:00",196070,13.47,31.9,750.8,24.14,31.91
"2022-10-16 12:10:00",196071,13.47,31.7,750.8,24.08,31.23
"2022-10-16 12:15:00",196072,13.47,31.78,750.6,26.13,27.78
"2022-10-16 12:20:00",196073,13.47,31.94,750.6,23.61,31.33
"2022-10-16 12:25:00",196074,13.47,31.89,750.5,24.48,29.99
"2022-10-16 12:30:00",196075,13.47,31.75,750.3,24.49,29.24
"2022-10-16 12:35:00",196076,13.47,31.68,750.2,25.72,27.34
"2022-10-16 12:40:00",196077,13.47,31.79,750.1,26.28,27.34
"2022-10-16 12:45:00",196078,13.47,32.07,750,25.58,27.5
"2022-10-16 12:50:00",196079,13.47,32.19,750,24.85,28.46
"2022-10-16 12:55:00",196080,13.47,32.14,749.9,24.42,28.93
"2022-10-16 13:00:00",196081,13.47,31.95,749.8,24.84,28.32
"2022-10-16 13:05:00",196082,13.47,31.7,749.7,23.78,29.32
"2022-10-16 13:10:00",196083,13.47,31.44,749.6,24.05,29.75
"2022-10-16 13:15:00",196084,13.47,31.21,749.4,24.72,28.99
"2022-10-16 13:20:00",196085,13.47,30.99,749.4,23.37,30.63
"2022-10-16 13:25:00",196086,13.47,30.64,749.3,23.73,31.67
"2022-10-16 13:30:00",196087,13.47,30.29,749.2,23.07,32.48
"2022-10-16 13:35:00",196088,13.49,29.91,749.1,23.3,32.17
"2022-10-16 13:40:00",196089,13.49,29.58,749,22.97,33.21
"2022-10-16 13:45:00",196090,13.5,29.3,748.9,23,34.34
"2022-10-16 13:50:00",196091,13.49,29.11,748.8,23.94,31.89
"2022-10-16 13:55:00",196092,13.49,29.1,748.7,24.63,29.93
"2022-10-16 14:00:00",196093,13.49,29.31,748.6,24.85,29.81
"2022-10-16 14:05:00",196094,13.49,29.6,748.6,24.74,29.46
"2022-10-16 14:10:00",196095,13.5,29.86,748.5,24.74,29.26
"2022-10-16 14:15:00",196096,13.5,30.03,748.4,24.56,29.25
"2022-10-16 14:20:00",196097,13.5,30.18,748.3,25.34,28.97
"2022-10-16 14:25:00",196098,13.5,30.38,748.2,25.11,28.72
"2022-10-16 14:30:00",196099,13.5,30.53,748.2,24.75,28.93
"2022-10-16 14:35:00",196100,13.5,30.62,748.1,25.32,27.95
"2022-10-16 14:40:00",196101,13.5,30.72,748,25.06,28.51
"2022-10-16 14:45:00",196102,13.5,30.76,748,24.88,28.16
"2022-10-16 14:50:00",196103,13.5,30.65,747.9,23.71,29.31
"2022-10-16 14:55:00",196104,13.5,30.38,747.7,24.36,28.96
"2022-10-16 15:00:00",196105,13.5,30.2,747.8,25.04,28.54
"2022-10-16 15:05:00",196106,13.5,30.14,747.7,24.38,28.62
"2022-10-16 15:10:00",196107,13.5,30.11,747.8,24.38,28.76
"2022-10-16 15:15:00",196108,13.5,30.08,747.8,24.24,28.65
"2022-10-16 15:20:00",196109,13.5,29.97,747.8,24.02,29.21
"2022-10-16 15:25:00",196110,13.5,29.71,748,22.96,30.97
"2022-10-16 15:30:00",196111,13.5,29.27,748,21.53,34.77
"2022-10-16 15:35:00",196112,13.5,28.73,747.6,21.65,34.74
"2022-10-16 15:40:00",196113,13.52,28.23,747.6,21.31,35.47
"2022-10-16 15:45:00",196114,13.52,27.82,747.6,22.43,33.72
"2022-10-16 15:50:00",196115,13.52,27.67,747.6,22.37,32.79
"2022-10-16 15:55:00",196116,13.52,27.62,747.5,23.03,31.54
"2022-10-16 16:00:00",196117,13.52,27.73,747.6,23,31.44
"2022-10-16 16:05:00",196118,13.52,27.88,747.6,24.27,29.83
"2022-10-16 16:10:00",196119,13.52,28.16,747.5,23.62,30.45
"2022-10-16 16:15:00",196120,13.52,28.41,747.5,23.25,31.16
"2022-10-16 16:20:00",196121,13.52,28.53,747.5,22.99,32.24
"2022-10-16 16:25:00",196122,13.52,28.6,747.4,23.82,30.94
"2022-10-16 16:30:00",196123,13.52,28.64,747.5,23.51,31.79
"2022-10-16 16:35:00",196124,13.52,28.67,747.5,23.46,31.71
"2022-10-16 16:40:00",196125,13.53,28.63,747.5,22.84,32.83
"2022-10-16 16:45:00",196126,13.52,28.54,747.5,22.77,32.99
"2022-10-16 16:50:00",196127,13.52,28.39,747.6,22.93,32.67
"2022-10-16 16:55:00",196128,13.53,28.33,747.5,22.82,32.53
"2022-10-16 17:00:00",196129,13.52,28.23,747.3,22.92,32
"2022-10-16 17:05:00",196130,13.52,28.07,747.5,22.53,32.5
"2022-10-16 17:10:00",196131,13.52,27.82,747.6,22.58,32.74
"2022-10-16 17:15:00",196132,13.53,27.61,747.6,22.65,32.64
"2022-10-16 17:20:00",196133,13.53,27.4,747.7,22.64,32.38
"2022-10-16 17:25:00",196134,13.52,27.14,747.6,22.74,32.45
"2022-10-16 17:30:00",196135,13.41,26.53,747.7,22.6,31.3
"2022-10-16 17:35:00",196136,13.29,26.03,747.8,22.23,31.81
"2022-10-16 17:40:00",196137,13.24,25.65,747.9,22.28,31.88
"2022-10-16 17:45:00",196138,13.2,25.3,747.9,22.1,32.53
"2022-10-16 17:50:00",196139,13.16,24.97,748,21.74,33.89
"2022-10-16 17:55:00",196140,13.09,24.75,748,21.45,34.49
"2022-10-16 18:00:00",196141,13.03,24.3,748.1,21,34.88
"2022-10-16 18:05:00",196142,12.98,23.93,748.2,20.96,35.27
"2022-10-16 18:10:00",196143,12.96,23.59,748.3,20.71,35.77
"2022-10-16 18:15:00",196144,12.93,23.27,748.3,20.57,36.12
"2022-10-16 18:20:00",196145,12.9,22.96,748.4,20.43,36.4
"2022-10-16 18:25:00",196146,12.87,22.69,748.5,20.44,36.4
"2022-10-16 18:30:00",196147,12.87,22.43,748.5,20.3,36.65
"2022-10-16 18:35:00",196148,12.86,22.18,748.7,20.28,36.55
"2022-10-16 18:40:00",196149,12.86,21.96,748.8,20.14,37.06
"2022-10-16 18:45:00",196150,12.85,21.76,748.8,19.94,37.53
"2022-10-16 18:50:00",196151,12.85,21.59,748.8,19.96,37.37
"2022-10-16 18:55:00",196152,12.85,21.44,748.8,19.92,37.53
"2022-10-16 19:00:00",196153,12.84,21.28,748.9,19.86,37.91
"2022-10-16 19:05:00",196154,12.84,21.1,749,19.92,37.59
"2022-10-16 19:10:00",196155,12.84,20.98,749,19.91,37.79
"2022-10-16 19:15:00",196156,12.84,20.85,749,19.78,38.43
"2022-10-16 19:20:00",196157,12.84,20.74,749,19.47,38.82
"2022-10-16 19:25:00",196158,12.84,20.66,749,19.41,39.17
"2022-10-16 19:30:00",196159,12.83,20.56,749.1,19.34,39.35
"2022-10-16 19:35:00",196160,12.84,20.48,749.3,19.06,40.62
"2022-10-16 19:40:00",196161,12.83,20.38,749.4,18.86,41.3
"2022-10-16 19:45:00",196162,12.83,20.28,749.5,18.8,41.81
"2022-10-16 19:50:00",196163,12.83,20.19,749.6,18.96,41.12
"2022-10-16 19:55:00",196164,12.83,20.14,749.6,19.04,41
"2022-10-16 20:00:00",196165,12.83,20.11,749.6,19.01,41.13
"2022-10-16 20:05:00",196166,12.83,20.09,749.7,19,41.06
"2022-10-16 20:10:00",196167,12.83,20.06,749.8,19.07,41.04
"2022-10-16 20:15:00",196168,12.83,20.02,749.8,19.26,40.25
"2022-10-16 20:20:00",196169,12.83,19.99,750,19.3,40.51
"2022-10-16 20:25:00",196170,12.83,19.97,750.2,19.1,41.33
"2022-10-16 20:30:00",196171,12.83,19.95,750.2,18.83,43.41
"2022-10-16 20:35:00",196172,12.83,19.92,750.2,18.74,45.57
"2022-10-16 20:40:00",196173,12.83,19.86,750.4,18.59,48.27
"2022-10-16 20:45:00",196174,12.83,19.79,750.4,18.53,49.51
"2022-10-16 20:50:00",196175,12.83,19.73,750.5,18.54,49.36
"2022-10-16 20:55:00",196176,12.84,19.67,750.7,18.46,50.32
"2022-10-16 21:00:00",196177,12.83,19.61,750.8,18.37,51.24
"2022-10-16 21:05:00",196178,12.84,19.56,750.9,18.25,51.75
"2022-10-16 21:10:00",196179,12.83,19.47,751,18.19,51.65
"2022-10-16 21:15:00",196180,12.84,19.38,751.1,18.22,51.34
"2022-10-16 21:20:00",196181,12.83,19.31,751.1,18.17,51.71
"2022-10-16 21:25:00",196182,12.83,19.26,751.2,18.09,52.29
"2022-10-16 21:30:00",196183,12.83,19.18,751.2,17.77,54
"2022-10-16 21:35:00",196184,12.83,19.09,751.3,17.65,54.57
"2022-10-16 21:40:00",196185,12.83,18.99,751.4,17.51,55.19
"2022-10-16 21:45:00",196186,12.83,18.85,751.5,17.46,55.28
"2022-10-16 21:50:00",196187,12.83,18.73,751.5,17.38,55.66
"2022-10-16 21:55:00",196188,12.83,18.59,751.5,17.33,55.62
"2022-10-16 22:00:00",196189,12.83,18.5,751.6,17.38,55.6
"2022-10-16 22:05:00",196190,12.83,18.43,751.6,17.27,56.22
"2022-10-16 22:10:00",196191,12.82,18.37,751.6,17.19,56.42
"2022-10-16 22:15:00",196192,12.82,18.29,751.7,17.13,56.6
"2022-10-16 22:20:00",196193,12.82,18.22,751.9,17.16,56.54
"2022-10-16 22:25:00",196194,12.82,18.18,751.9,17.16,56.54
"2022-10-16 22:30:00",196195,12.82,18.12,752,17.12,56.84
"2022-10-16 22:35:00",196196,12.82,18.09,752,17.06,56.89
"2022-10-16 22:40:00",196197,12.82,18.06,752,17.1,56.78
"2022-10-16 22:45:00",196198,12.82,18.03,752,17.22,56.03
"2022-10-16 22:50:00",196199,12.82,18.03,752,17.3,56.07
"2022-10-16 22:55:00",196200,12.81,18.04,752,17.18,56.36
"2022-10-16 23:00:00",196201,12.81,18.04,752,17.21,56.31
"2022-10-16 23:05:00",196202,12.81,18.02,752,17.3,55.8
"2022-10-16 23:10:00",196203,12.81,18.02,752,17.33,55.96
"2022-10-16 23:15:00",196204,12.81,18.01,752,17.4,55.11
"2022-10-16 23:20:00",196205,12.81,18.03,752,17.55,54.34
"2022-10-16 23:25:00",196206,12.81,18.06,751.9,17.59,54
"2022-10-16 23:30:00",196207,12.81,18.05,751.9,17.53,54.15
"2022-10-16 23:35:00",196208,12.81,18.04,751.8,17.47,54.42
"2022-10-16 23:40:00",196209,12.8,18.01,751.8,17.29,55.04
"2022-10-16 23:45:00",196210,12.81,17.96,751.7,17.19,56.7
"2022-10-16 23:50:00",196211,12.8,17.9,751.7,16.89,58.05
"2022-10-16 23:55:00",196212,12.8,17.82,751.6,16.71,57.99
"2022-10-17 00:00:00",196213,12.8,17.76,751.6,16.57,58.3
"2022-10-17 00:05:00",196214,12.8,17.71,751.6,16.12,60.52
"2022-10-17 00:10:00",196215,12.8,17.57,751.6,15.84,61.96
"2022-10-17 00:15:00",196216,12.8,17.46,751.5,15.72,62.56
"2022-10-17 00:20:00",196217,12.8,17.36,751.5,15.67,63
"2022-10-17 00:25:00",196218,12.8,17.25,751.4,15.58,63.31
"2022-10-17 00:30:00",196219,12.79,17.16,751.4,15.58,63.55
"2022-10-17 00:35:00",196220,12.79,17.05,751.4,15.53,63.89
"2022-10-17 00:40:00",196221,12.79,16.95,751.3,15.42,64.46
"2022-10-17 00:45:00",196222,12.79,16.82,751.2,15.4,64.61
"2022-10-17 00:50:00",196223,12.79,16.7,751.1,15.22,65.34
"2022-10-17 00:55:00",196224,12.79,16.56,751.1,15.21,65.42
"2022-10-17 01:00:00",196225,12.78,16.44,751.1,15.13,65.76
"2022-10-17 01:05:00",196226,12.78,16.31,751.2,15.09,66.05
"2022-10-17 01:10:00",196227,12.78,16.2,751.1,15.05,66.07
"2022-10-17 01:15:00",196228,12.78,16.11,751.1,15.07,66.04
"2022-10-17 01:20:00",196229,12.78,16.02,751.1,15.16,65.65
"2022-10-17 01:25:00",196230,12.77,15.95,751.1,15.1,65.76
"2022-10-17 01:30:00",196231,12.77,15.88,751.1,15.08,65.87
"2022-10-17 01:35:00",196232,12.77,15.8,751.1,14.98,65.85
"2022-10-17 01:40:00",196233,12.77,15.73,751.1,14.88,66.36
"2022-10-17 01:45:00",196234,12.77,15.65,751,14.79,66.64
"2022-10-17 01:50:00",196235,12.76,15.57,750.9,14.64,67.31
"2022-10-17 01:55:00",196236,12.76,15.48,750.9,14.54,67.72
"2022-10-17 02:00:00",196237,12.76,15.4,750.8,14.53,67.98
"2022-10-17 02:05:00",196238,12.76,15.33,750.8,14.52,68.1
"2022-10-17 02:10:00",196239,12.75,15.27,750.8,14.5,68.21
"2022-10-17 02:15:00",196240,12.75,15.22,750.8,14.47,68.38
"2022-10-17 02:20:00",196241,12.75,15.21,750.8,14.45,68.4
"2022-10-17 02:25:00",196242,12.75,15.16,750.8,14.45,68.58
"2022-10-17 02:30:00",196243,12.75,15.13,750.8,14.42,68.77
"2022-10-17 02:35:00",196244,12.74,15.08,750.7,14.39,69
"2022-10-17 02:40:00",196245,12.74,15.06,750.7,14.38,69.11
"2022-10-17 02:45:00",196246,12.74,15,750.6,14.25,69.63
"2022-10-17 02:50:00",196247,12.74,14.94,750.6,14.25,69.8
"2022-10-17 02:55:00",196248,12.73,14.87,750.6,14.25,69.84
"2022-10-17 03:00:00",196249,12.73,14.8,750.6,14.21,69.91
"2022-10-17 03:05:00",196250,12.73,14.73,750.6,14.25,69.8
"2022-10-17 03:10:00",196251,12.73,14.69,750.6,14.29,69.76
"2022-10-17 03:15:00",196252,12.73,14.66,750.6,14.27,69.87
"2022-10-17 03:20:00",196253,12.72,14.69,750.5,14.33,69.62
"2022-10-17 03:25:00",196254,12.72,14.74,750.5,14.29,69.9
"2022-10-17 03:30:00",196255,12.72,14.78,750.5,14.27,70.13
"2022-10-17 03:35:00",196256,12.71,14.83,750.5,14.26,70.13
"2022-10-17 03:40:00",196257,12.71,14.89,750.4,14.29,70.01
"2022-10-17 03:45:00",196258,12.71,14.92,750.5,14.33,69.94
"2022-10-17 03:50:00",196259,12.71,14.96,750.4,14.25,70.35
"2022-10-17 03:55:00",196260,12.71,14.99,750.5,14.23,69.86
"2022-10-17 04:00:00",196261,12.7,15.01,750.4,14.16,69.36
"2022-10-17 04:05:00",196262,12.7,15.03,750.5,14.21,70.4
"2022-10-17 04:10:00",196263,12.7,15.02,750.6,13.94,72.57
"2022-10-17 04:15:00",196264,12.7,15,750.7,13.87,72.3
"2022-10-17 04:20:00",196265,12.69,14.95,750.8,13.91,70.8
"2022-10-17 04:25:00",196266,12.69,14.92,750.8,13.93,71.35
"2022-10-17 04:30:00",196267,12.69,14.92,750.8,13.97,71.47
"2022-10-17 04:35:00",196268,12.69,14.94,750.8,13.93,71.63
"2022-10-17 04:40:00",196269,12.69,14.95,750.8,13.88,71.96
"2022-10-17 04:45:00",196270,12.68,14.97,750.9,13.95,71.89
"2022-10-17 04:50:00",196271,12.68,14.95,750.9,13.87,71.68
"2022-10-17 04:55:00",196272,12.68,14.95,751,13.89,71.74
"2022-10-17 05:00:00",196273,12.68,14.96,751.1,13.97,71.33
"2022-10-17 05:05:00",196274,12.67,14.96,751.1,14.05,70.89
"2022-10-17 05:10:00",196275,12.67,14.96,751.1,14.2,70.43
"2022-10-17 05:15:00",196276,12.67,14.97,751.2,14.18,70.2
"2022-10-17 05:20:00",196277,12.67,14.99,751.2,14.23,70.23
"2022-10-17 05:25:00",196278,12.67,14.93,751.3,14.2,70.74
"2022-10-17 05:30:00",196279,12.67,14.92,751.4,14.25,70.32
"2022-10-17 05:35:00",196280,12.66,14.91,751.5,14.27,70.21
"2022-10-17 05:40:00",196281,12.66,14.92,751.4,14.27,70.24
"2022-10-17 05:45:00",196282,12.66,14.92,751.5,14.3,69.99
"2022-10-17 05:50:00",196283,12.66,14.92,751.6,14.23,70.49
"2022-10-17 05:55:00",196284,12.66,14.99,751.6,14.34,70.94
"2022-10-17 06:00:00",196285,12.66,15.05,751.6,14.33,70.94
"2022-10-17 06:05:00",196286,12.68,15.08,751.6,14.4,70.55
"2022-10-17 06:10:00",196287,12.72,15.13,751.6,14.37,70.52
"2022-10-17 06:15:00",196288,12.76,15.18,751.7,14.41,70.27
"2022-10-17 06:20:00",196289,12.78,15.22,751.7,14.33,70.91
"2022-10-17 06:25:00",196290,12.87,15.3,751.7,14.39,70.75
"2022-10-17 06:30:00",196291,12.87,15.37,751.7,14.53,70.03
"2022-10-17 06:35:00",196292,12.92,15.45,751.7,14.39,70.21
"2022-10-17 06:40:00",196293,13.03,15.58,751.7,14.42,69.98
"2022-10-17 06:45:00",196294,13.18,15.72,751.8,14.55,69.95
"2022-10-17 06:50:00",196295,13.33,15.87,751.9,14.53,69.6
"2022-10-17 06:55:00",196296,13.48,16.02,751.8,14.6,69.5
"2022-10-17 07:00:00",196297,13.5,16.19,751.9,14.91,68.95
"2022-10-17 07:05:00",196298,13.84,16.93,751.9,15.1,67.53
"2022-10-17 07:10:00",196299,13.78,17.84,752,15.94,64.23
"2022-10-17 07:15:00",196300,13.78,18.85,752.1,16.13,63.91
"2022-10-17 07:20:00",196301,13.76,19.67,752.1,17.15,60.41
"2022-10-17 07:25:00",196302,13.76,20.48,752,17.59,58.46
"2022-10-17 07:30:00",196303,13.73,21.24,752.1,17.09,60.16
"2022-10-17 07:35:00",196304,13.7,21.92,752.2,18.43,56.18
"2022-10-17 07:40:00",196305,13.7,22.55,752.2,16.83,60.15
"2022-10-17 07:45:00",196306,13.7,22.95,752.2,16.63,60.78
"2022-10-17 07:50:00",196307,13.68,23.18,752.3,17.78,57.64
"2022-10-17 07:55:00",196308,13.68,23.38,752.4,17.71,58.33
"2022-10-17 08:00:00",196309,13.68,23.58,752.4,18.51,56.32
"2022-10-17 08:05:00",196310,13.68,23.84,752.4,18.87,54.9
"2022-10-17 08:10:00",196311,13.65,24.23,752.5,19.74,52.64
"2022-10-17 08:15:00",196312,13.65,24.67,752.5,18.57,55.65
"2022-10-17 08:20:00",196313,13.65,24.77,752.5,16.9,60.49
"2022-10-17 08:25:00",196314,13.65,24.58,752.5,17.12,60.16
"2022-10-17 08:30:00",196315,13.65,24.4,752.5,17.83,58.59
"2022-10-17 08:35:00",196316,13.66,24.35,752.5,17.56,56.57
"2022-10-17 08:40:00",196317,13.66,24.42,752.4,17.69,57.87
"2022-10-17 08:45:00",196318,13.66,24.67,752.4,18.86,53.91
"2022-10-17 08:50:00",196319,13.63,25.07,752.4,18.17,57.64
"2022-10-17 08:55:00",196320,13.63,25.23,752.4,16.78,60.5
"2022-10-17 09:00:00",196321,13.63,25.15,752.4,16.61,63.57
"2022-10-17 09:05:00",196322,13.63,25.03,752.3,17.91,58.87
"2022-10-17 09:10:00",196323,13.63,25.21,752.3,18.42,55.63
"2022-10-17 09:15:00",196324,13.63,25.63,752.4,18.35,54.95
"2022-10-17 09:20:00",196325,13.63,26,752.3,19.16,53.3
"2022-10-17 09:25:00",196326,13.6,26.31,752.2,19.81,49.43
"2022-10-17 09:30:00",196327,13.61,26.6,752.1,18.9,51.99
"2022-10-17 09:35:00",196328,13.61,26.84,752.1,19.68,49.07
"2022-10-17 09:40:00",196329,13.61,27.17,752,20.56,46.71
"2022-10-17 09:45:00",196330,13.58,27.55,752,20.5,45.97
"2022-10-17 09:50:00",196331,13.58,27.7,752,18.25,53.08
"2022-10-17 09:55:00",196332,13.58,27.5,751.9,18.7,52.15
"2022-10-17 10:00:00",196333,13.58,27.16,751.9,18.82,52.26
"2022-10-17 10:05:00",196334,13.58,26.86,751.8,18.71,51.47
"2022-10-17 10:10:00",196335,13.58,26.71,751.7,19.52,49.23
"2022-10-17 10:15:00",196336,13.59,26.84,751.7,20.88,45.8
"2022-10-17 10:20:00",196337,13.59,27.09,751.6,19.76,48.61
"2022-10-17 10:25:00",196338,13.59,27.39,751.5,20.92,44.37
"2022-10-17 10:30:00",196339,13.59,27.85,751.5,20.96,43.47
"2022-10-17 10:35:00",196340,13.59,28.4,751.4,20.67,42.41
"2022-10-17 10:40:00",196341,13.56,28.65,751.5,19.84,44.75
"2022-10-17 10:45:00",196342,13.56,28.59,751.3,20.78,43.26
"2022-10-17 10:50:00",196343,13.56,28.56,751.3,21.01,41.8
"2022-10-17 10:55:00",196344,13.56,28.72,751.2,23.25,37.34
"2022-10-17 11:00:00",196345,13.57,29.03,751.2,21.27,40.86
"2022-10-17 11:05:00",196346,13.56,29.11,751.1,20.7,42.28
"2022-10-17 11:10:00",196347,13.57,29.04,751,20.78,42.45
"2022-10-17 11:15:00",196348,13.57,28.88,751,20.43,43.38
"2022-10-17 11:20:00",196349,13.57,28.66,751,20.49,42.19
"2022-10-17 11:25:00",196350,13.57,28.46,750.9,20.48,41.74
"2022-10-17 11:30:00",196351,13.57,28.26,750.9,20.93,41.28
"2022-10-17 11:35:00",196352,13.57,28.07,750.8,21.13,40.62
"2022-10-17 11:40:00",196353,13.57,27.87,750.7,20.26,43.65
"2022-10-17 11:45:00",196354,13.57,27.6,750.7,20.04,43.97
"2022-10-17 11:50:00",196355,13.57,27.34,750.6,21.11,41.1
"2022-10-17 11:55:00",196356,13.57,27.26,750.6,21.16,40.88
"2022-10-17 12:00:00",196357,13.57,27.3,750.5,21.16,40.56
"2022-10-17 12:05:00",196358,13.57,27.49,750.4,22.77,37.42
"2022-10-17 12:10:00",196359,13.57,27.94,750.3,24.15,34.85
"2022-10-17 12:15:00",196360,13.57,28.63,750.1,24.45,32.97
"2022-10-17 12:20:00",196361,13.57,29.25,750.1,22.62,37.21
"2022-10-17 12:25:00",196362,13.55,29.69,750,23.21,35.03
"2022-10-17 12:30:00",196363,13.55,29.94,749.9,22.77,36.04
"2022-10-17 12:35:00",196364,13.55,30.03,749.9,23.4,35.04
"2022-10-17 12:40:00",196365,13.54,30.04,749.8,21.83,35.95
"2022-10-17 12:45:00",196366,13.55,29.89,749.6,22.27,35.86
"2022-10-17 12:50:00",196367,13.54,29.7,749.6,23.41,34.71
"2022-10-17 12:55:00",196368,13.54,29.71,749.3,24.17,35.02
"2022-10-17 13:00:00",196369,13.55,29.88,749.3,23.54,36.94
"2022-10-17 13:05:00",196370,13.55,29.94,749,22.67,37.55
"2022-10-17 13:10:00",196371,13.55,29.97,749,23.36,36.49
"2022-10-17 13:15:00",196372,13.55,29.97,748.9,23.03,35.6
"2022-10-17 13:20:00",196373,13.55,29.88,748.8,22.46,36.54
"2022-10-17 13:25:00",196374,13.55,29.7,748.7,22.86,35.26
"2022-10-17 13:30:00",196375,13.54,29.64,748.6,24.01,34.27
"2022-10-17 13:35:00",196376,13.55,29.73,748.6,24.24,34.32
"2022-10-17 13:40:00",196377,13.55,29.85,748.5,23.36,35.24
"2022-10-17 13:45:00",196378,13.55,29.9,748.4,24.15,34.15
"2022-10-17 13:50:00",196379,13.55,29.97,748.3,23.81,33.95
"2022-10-17 13:55:00",196380,13.55,30.02,748.2,23.81,33.88
"2022-10-17 14:00:00",196381,13.55,30.06,748.1,22.7,34.84
"2022-10-17 14:05:00",196382,13.55,29.94,748.1,23.04,34.15
"2022-10-17 14:10:00",196383,13.55,29.77,748,23.13,34.22
"2022-10-17 14:15:00",196384,13.55,29.69,747.9,23.9,32.49
"2022-10-17 14:20:00",196385,13.55,29.72,747.8,24.39,33.34
"2022-10-17 14:25:00",196386,13.55,29.94,747.7,25.98,30.79
"2022-10-17 14:30:00",196387,13.55,30.32,747.6,24.75,32.33
"2022-10-17 14:35:00",196388,13.55,30.58,747.5,23.2,33.7
"2022-10-17 14:40:00",196389,13.55,30.53,747.5,22.17,34.53
"2022-10-17 14:45:00",196390,13.52,30.28,747.5,23.1,33.02
"2022-10-17 14:50:00",196391,13.52,30.11,747.4,23.79,33.52
"2022-10-17 14:55:00",196392,13.52,30.06,747.4,24.02,32.97
"2022-10-17 15:00:00",196393,13.52,30.07,747.3,24.5,31.4
"2022-10-17 15:05:00",196394,13.52,30.16,747.3,23.61,32.86
"2022-10-17 15:10:00",196395,13.52,30.21,747.3,23.15,33.42
"2022-10-17 15:15:00",196396,13.52,30.17,747.2,23.76,32.78
"2022-10-17 15:20:00",196397,13.53,30.16,747.1,24.49,31.54
"2022-10-17 15:25:00",196398,13.52,30.21,747.1,24.26,32.45
"2022-10-17 15:30:00",196399,13.52,30.26,747,23.93,32.49
"2022-10-17 15:35:00",196400,13.52,30.32,746.9,24.45,31.26
"2022-10-17 15:40:00",196401,13.53,30.36,746.9,22.82,33.46
"2022-10-17 15:45:00",196402,13.53,30.24,746.8,23.68,33.01
"2022-10-17 15:50:00",196403,13.53,30.14,746.7,23.61,32.8
"2022-10-17 15:55:00",196404,13.52,30.05,746.7,23.17,32.99
"2022-10-17 16:00:00",196405,13.52,29.95,746.6,22.89,33.87
"2022-10-17 16:05:00",196406,13.52,29.77,746.5,22.54,34.3
"2022-10-17 16:10:00",196407,13.52,29.5,746.6,22.51,34.46
"2022-10-17 16:15:00",196408,13.52,29.19,746.5,22.89,33.8
"2022-10-17 16:20:00",196409,13.53,28.98,746.5,23.38,33.18
"2022-10-17 16:25:00",196410,13.52,28.84,746.3,22.21,34.86
"2022-10-17 16:30:00",196411,13.52,28.62,746.5,22.81,34.19
"2022-10-17 16:35:00",196412,13.52,28.42,746.5,22.69,34.41
"2022-10-17 16:40:00",196413,13.52,28.26,746.4,22.56,34.27
"2022-10-17 16:45:00",196414,13.52,28.15,746.4,22.48,34.76
"2022-10-17 16:50:00",196415,13.52,28.03,746.4,23.06,33.65
"2022-10-17 16:55:00",196416,13.53,27.96,746.4,22.78,33.82
"2022-10-17 17:00:00",196417,13.52,27.94,746.4,22.69,34.11
"2022-10-17 17:05:00",196418,13.52,27.85,746.4,22.21,35.82
"2022-10-17 17:10:00",196419,13.52,27.73,746.4,22.08,36.01
"2022-10-17 17:15:00",196420,13.52,27.54,746.5,22.19,35.06
"2022-10-17 17:20:00",196421,13.52,27.34,746.5,21.84,36.01
"2022-10-17 17:25:00",196422,13.55,27.04,746.6,21.98,34.88
"2022-10-17 17:30:00",196423,13.54,26.59,746.6,22.22,35.26
"2022-10-17 17:35:00",196424,13.44,26.05,746.7,21.75,35.15
"2022-10-17 17:40:00",196425,13.34,25.71,746.8,21.89,35.06
"2022-10-17 17:45:00",196426,13.28,25.46,746.9,21.68,36
"2022-10-17 17:50:00",196427,13.21,25.25,746.9,21.41,36.53
"2022-10-17 17:55:00",196428,13.16,25.02,747,21.28,36.55
"2022-10-17 18:00:00",196429,13.1,24.74,747.1,20.94,37.73
"2022-10-17 18:05:00",196430,13.04,24.45,747.2,20.54,38.34
"2022-10-17 18:10:00",196431,12.98,24.12,747.2,20.29,39.1
"2022-10-17 18:15:00",196432,12.94,23.75,747.2,20.09,38.79
"2022-10-17 18:20:00",196433,12.91,23.32,747.3,19.96,38.84
"2022-10-17 18:25:00",196434,12.89,22.94,747.4,19.81,39.08
"2022-10-17 18:30:00",196435,12.88,22.58,747.4,19.57,40.09
"2022-10-17 18:35:00",196436,12.88,22.21,747.5,19.39,40.85
"2022-10-17 18:40:00",196437,12.87,21.84,747.6,18.96,42.57
"2022-10-17 18:45:00",196438,12.87,21.52,747.7,18.78,43.28
"2022-10-17 18:50:00",196439,12.87,21.21,747.8,18.7,43.5
"2022-10-17 18:55:00",196440,12.86,20.92,747.9,18.63,43.61
"2022-10-17 19:00:00",196441,12.86,20.69,748,18.53,43.7
"2022-10-17 19:05:00",196442,12.86,20.49,748.2,18.53,43.57
"2022-10-17 19:10:00",196443,12.85,20.31,748.3,18.74,42.45
"2022-10-17 19:15:00",196444,12.85,20.18,748.3,18.67,42.6
"2022-10-17 19:20:00",196445,12.85,20.06,748.4,18.58,42.81
"2022-10-17 19:25:00",196446,12.85,19.97,748.5,18.49,43.12
"2022-10-17 19:30:00",196447,12.85,19.89,748.6,18.49,42.87
"2022-10-17 19:35:00",196448,12.84,19.78,748.7,18.39,43.36
"2022-10-17 19:40:00",196449,12.84,19.7,748.7,18.3,43.86
"2022-10-17 19:45:00",196450,12.84,19.61,748.9,18.36,43.55
"2022-10-17 19:50:00",196451,12.84,19.51,749,18.27,43.54
"2022-10-17 19:55:00",196452,12.84,19.43,749,18.16,43.94
"2022-10-17 20:00:00",196453,12.84,19.34,749.1,18.25,43.54
"2022-10-17 20:05:00",196454,12.84,19.24,749.2,18.24,43.54
"2022-10-17 20:10:00",196455,12.84,19.16,749.3,18.22,43.66
"2022-10-17 20:15:00",196456,12.84,19.05,749.4,18.21,43.79
"2022-10-17 20:20:00",196457,12.83,18.95,749.5,18.43,42.99
"2022-10-17 20:25:00",196458,12.83,18.87,749.5,18.35,43.36
"2022-10-17 20:30:00",196459,12.83,18.77,749.5,18.39,42.98
"2022-10-17 20:35:00",196460,12.83,18.7,749.6,18.48,42.86
"2022-10-17 20:40:00",196461,12.83,18.64,749.7,18.16,43.91
"2022-10-17 20:45:00",196462,12.83,18.6,749.8,17.66,45.72
"2022-10-17 20:50:00",196463,12.83,18.52,749.8,17.19,47.39
"2022-10-17 20:55:00",196464,12.83,18.41,750,17.25,46.84
"2022-10-17 21:00:00",196465,12.82,18.24,750.1,17.2,47.27
"2022-10-17 21:05:00",196466,12.83,18.09,750.2,16.99,48.65
"2022-10-17 21:10:00",196467,12.82,17.96,750.2,16.78,49.59
"2022-10-17 21:15:00",196468,12.82,17.8,750.4,16.73,49.93
"2022-10-17 21:20:00",196469,12.82,17.64,750.5,16.56,50.62
"2022-10-17 21:25:00",196470,12.82,17.49,750.5,16.48,51.01
"2022-10-17 21:30:00",196471,12.82,17.34,750.5,16.38,51.55
"2022-10-17 21:35:00",196472,12.82,17.21,750.7,16.22,52.05
"2022-10-17 21:40:00",196473,12.82,17.08,750.8,16.14,52.35
"2022-10-17 21:45:00",196474,12.82,16.95,750.8,16.06,52.74
"2022-10-17 21:50:00",196475,12.82,16.83,750.9,16.14,52.11
"2022-10-17 21:55:00",196476,12.82,16.72,751,16.46,50.82
"2022-10-17 22:00:00",196477,12.82,16.65,751,16.71,49.92
"2022-10-17 22:05:00",196478,12.81,16.6,751,16.81,49.44
"2022-10-17 22:10:00",196479,12.81,16.56,751.1,16.63,50.44
"2022-10-17 22:15:00",196480,12.81,16.51,751.1,16.2,51.93
"2022-10-17 22:20:00",196481,12.81,16.44,751.1,16.18,51.74
"2022-10-17 22:25:00",196482,12.81,16.37,751.2,16.14,51.89
"2022-10-17 22:30:00",196483,12.81,16.31,751.2,16.05,51.94
"2022-10-17 22:35:00",196484,12.81,16.26,751.3,16.28,51.04
"2022-10-17 22:40:00",196485,12.81,16.23,751.3,16.36,50.84
"2022-10-17 22:45:00",196486,12.81,16.2,751.4,16.42,50.69
"2022-10-17 22:50:00",196487,12.81,16.18,751.4,16.38,50.69
"2022-10-17 22:55:00",196488,12.81,16.18,751.4,16.25,51.1
"2022-10-17 23:00:00",196489,12.81,16.18,751.5,16.18,51.31
"2022-10-17 23:05:00",196490,12.81,16.19,751.5,16.19,51.13
"2022-10-17 23:10:00",196491,12.81,16.2,751.5,16.32,50.62
"2022-10-17 23:15:00",196492,12.81,16.21,751.5,16.3,50.65
"2022-10-17 23:20:00",196493,12.81,16.2,751.5,16.18,50.91
"2022-10-17 23:25:00",196494,12.81,16.17,751.5,15.69,53.27
"2022-10-17 23:30:00",196495,12.81,16.11,751.5,15.52,54.04
"2022-10-17 23:35:00",196496,12.81,16.03,751.3,15.65,53.39
"2022-10-17 23:40:00",196497,12.81,15.95,751.2,15.57,53.25
"2022-10-17 23:45:00",196498,12.81,15.85,751.1,15.67,52.81
"2022-10-17 23:50:00",196499,12.8,15.79,751,15.78,52.3
"2022-10-17 23:55:00",196500,12.8,15.71,750.9,15.72,52.48
"2022-10-18 00:00:00",196501,12.8,15.66,750.8,15.43,53.33
"2022-10-18 00:05:00",196502,12.8,15.56,750.8,15.5,53.06
"2022-10-18 00:10:00",196503,12.8,15.46,750.7,15.46,53.58
"2022-10-18 00:15:00",196504,12.8,15.37,750.7,15.44,53.72
"2022-10-18 00:20:00",196505,12.79,15.29,750.6,15.4,54.02
"2022-10-18 00:25:00",196506,12.79,15.25,750.6,15.32,54.75
"2022-10-18 00:30:00",196507,12.79,15.24,750.5,15.31,54.41
"2022-10-18 00:35:00",196508,12.79,15.2,750.6,15.2,54.97
"2022-10-18 00:40:00",196509,12.79,15.16,750.5,14.81,56.58
"2022-10-18 00:45:00",196510,12.79,15.08,750.5,14.6,57.46
"2022-10-18 00:50:00",196511,12.79,14.97,750.5,14.61,57.36
"2022-10-18 00:55:00",196512,12.78,14.89,750.5,14.49,58.01
"2022-10-18 01:00:00",196513,12.78,14.81,750.5,14.28,59.08
"2022-10-18 01:05:00",196514,12.78,14.72,750.5,14.11,59.56
"2022-10-18 01:10:00",196515,12.78,14.63,750.5,14.45,58.03
"2022-10-18 01:15:00",196516,12.78,14.55,750.4,14.48,58.07
"2022-10-18 01:20:00",196517,12.77,14.49,750.4,14.55,57.69
"2022-10-18 01:25:00",196518,12.77,14.46,750.4,14.45,57.91
"2022-10-18 01:30:00",196519,12.77,14.43,750.3,14.44,57.37
"2022-10-18 01:35:00",196520,12.77,14.42,750.4,14.51,57.14
"2022-10-18 01:40:00",196521,12.77,14.42,750.3,14.49,57.4
"2022-10-18 01:45:00",196522,12.76,14.4,750.4,14.43,57.94
"2022-10-18 01:50:00",196523,12.76,14.36,750.4,13.95,60.19
"2022-10-18 01:55:00",196524,12.76,14.29,750.3,14.14,59.57
"2022-10-18 02:00:00",196525,12.76,14.23,750.3,14.41,58.59
"2022-10-18 02:05:00",196526,12.76,14.2,750.4,14.37,58.44
"2022-10-18 02:10:00",196527,12.75,14.15,750.3,14.09,59.26
"2022-10-18 02:15:00",196528,12.75,14.06,750.3,13.88,58.27
"2022-10-18 02:20:00",196529,12.75,13.97,750.3,13.93,57.77
"2022-10-18 02:25:00",196530,12.75,13.91,750.3,13.76,58.46
"2022-10-18 02:30:00",196531,12.74,13.86,750.3,13.57,58.94
"2022-10-18 02:35:00",196532,12.74,13.78,750.3,13.61,58.71
"2022-10-18 02:40:00",196533,12.74,13.7,750.3,13.73,58.1
"2022-10-18 02:45:00",196534,12.74,13.62,750.2,13.65,58.8
"2022-10-18 02:50:00",196535,12.74,13.55,750.2,13.3,62.81
"2022-10-18 02:55:00",196536,12.73,13.47,750.2,12.96,63.45
"2022-10-18 03:00:00",196537,12.73,13.41,750.2,12.72,64.08
"2022-10-18 03:05:00",196538,12.73,13.32,750.2,12.63,63.83
"2022-10-18 03:10:00",196539,12.73,13.26,750.2,12.75,63.48
"2022-10-18 03:15:00",196540,12.72,13.18,750.1,12.77,63.25
"2022-10-18 03:20:00",196541,12.72,13.09,750.2,12.76,63.13
"2022-10-18 03:25:00",196542,12.72,13,750.2,12.92,62.33
"2022-10-18 03:30:00",196543,12.71,12.92,750.1,12.95,61.72
"2022-10-18 03:35:00",196544,12.71,12.88,750.2,12.98,61.93
"2022-10-18 03:40:00",196545,12.71,12.84,750.2,12.75,62.68
"2022-10-18 03:45:00",196546,12.71,12.79,750.2,12.68,62.61
"2022-10-18 03:50:00",196547,12.7,12.74,750.3,12.69,62.44
"2022-10-18 03:55:00",196548,12.7,12.71,750.2,12.66,62.58
"2022-10-18 04:00:00",196549,12.7,12.69,750.3,12.61,63.1
"2022-10-18 04:05:00",196550,12.7,12.69,750.4,12.41,63.86
"2022-10-18 04:10:00",196551,12.69,12.65,750.4,12.37,64.2
"2022-10-18 04:15:00",196552,12.69,12.61,750.4,12.44,63.71
"2022-10-18 04:20:00",196553,12.69,12.58,750.4,12.49,63.31
"2022-10-18 04:25:00",196554,12.68,12.53,750.5,12.33,63.96
"2022-10-18 04:30:00",196555,12.68,12.48,750.5,12.47,63.51
"2022-10-18 04:35:00",196556,12.68,12.44,750.6,12.58,63.33
"2022-10-18 04:40:00",196557,12.68,12.41,750.6,12.58,63.21
"2022-10-18 04:45:00",196558,12.68,12.39,750.5,12.55,63.35
"2022-10-18 04:50:00",196559,12.67,12.37,750.5,12.56,63.18
"2022-10-18 04:55:00",196560,12.67,12.33,750.5,12.46,63.57
"2022-10-18 05:00:00",196561,12.66,12.26,750.6,12.28,64.12
"2022-10-18 05:05:00",196562,12.66,12.23,750.7,12.28,64.24
"2022-10-18 05:10:00",196563,12.66,12.18,750.8,12.21,64.55
"2022-10-18 05:15:00",196564,12.66,12.16,750.9,11.84,65.99
"2022-10-18 05:20:00",196565,12.65,12.13,750.9,11.76,66.5
"2022-10-18 05:25:00",196566,12.65,12.07,750.9,11.79,66.24
"2022-10-18 05:30:00",196567,12.65,12,750.9,11.82,66.33
"2022-10-18 05:35:00",196568,12.65,11.93,751,11.79,66.39
"2022-10-18 05:40:00",196569,12.64,11.85,751.1,12.02,65.53
"2022-10-18 05:45:00",196570,12.64,11.84,751.1,12.14,65.03
"2022-10-18 05:50:00",196571,12.64,11.88,751.2,12.02,65.5
"2022-10-18 05:55:00",196572,12.65,11.91,751.2,11.91,66
"2022-10-18 06:00:00",196573,12.67,11.91,751.3,11.88,66
"2022-10-18 06:05:00",196574,12.69,11.96,751.3,11.94,65.75
"2022-10-18 06:10:00",196575,12.73,12.03,751.4,11.98,65.96
"2022-10-18 06:15:00",196576,12.77,12.13,751.3,12.06,65.1
"2022-10-18 06:20:00",196577,12.82,12.23,751.3,12.14,64.3
"2022-10-18 06:25:00",196578,12.87,12.32,751.4,12.06,64.38
"2022-10-18 06:30:00",196579,12.92,12.41,751.4,12.14,64.19
"2022-10-18 06:35:00",196580,12.95,12.48,751.5,12.3,63.81
"2022-10-18 06:40:00",196581,13.02,12.59,751.6,12.33,63.61
"2022-10-18 06:45:00",196582,13.1,12.67,751.6,12.39,63.94
"2022-10-18 06:50:00",196583,13.12,12.75,751.6,12.47,63.48
"2022-10-18 06:55:00",196584,13.18,12.84,751.7,12.22,66.14
"2022-10-18 07:00:00",196585,13.3,12.98,751.8,12.13,66.16
"2022-10-18 07:05:00",196586,13.9,13.98,751.8,12.6,64.12
"2022-10-18 07:10:00",196587,13.61,14.46,751.9,13.52,60.78
"2022-10-18 07:15:00",196588,13.59,14.94,752,13.65,61.21
"2022-10-18 07:20:00",196589,13.85,15.57,752,14.05,59.46
"2022-10-18 07:25:00",196590,13.82,16.62,752.1,14.65,57.01
"2022-10-18 07:30:00",196591,13.82,17.47,752.1,15.08,55.47
"2022-10-18 07:35:00",196592,13.79,18.28,752.1,15.68,53.67
"2022-10-18 07:40:00",196593,13.76,19.07,752.1,17.31,49.13
"2022-10-18 07:45:00",196594,13.76,19.91,752.2,18.65,45.11
"2022-10-18 07:50:00",196595,13.76,20.28,752.2,17.89,46.7
"2022-10-18 07:55:00",196596,13.73,21.21,752.2,17.03,49.28
"2022-10-18 08:00:00",196597,13.71,21.88,752.3,16.91,49.36
"2022-10-18 08:05:00",196598,13.71,22.46,752.3,17.45,48.52
"2022-10-18 08:10:00",196599,13.68,23.11,752.4,18.75,44.87
"2022-10-18 08:15:00",196600,13.68,23.76,752.4,18.38,45.27
"2022-10-18 08:20:00",196601,13.65,24.34,752.4,19.3,42.41
"2022-10-18 08:25:00",196602,13.65,24.92,752.4,20.73,39.18
"2022-10-18 08:30:00",196603,13.63,25.52,752.3,20.36,39.79
"2022-10-18 08:35:00",196604,13.63,26.07,752.3,19.85,41.03
"2022-10-18 08:40:00",196605,13.6,26.49,752.3,19.41,42.2
"2022-10-18 08:45:00",196606,13.6,26.82,752.3,19.51,41.99
"2022-10-18 08:50:00",196607,13.6,27.2,752.3,21.81,37.39
"2022-10-18 08:55:00",196608,13.58,27.67,752.2,21.53,38.09
"2022-10-18 09:00:00",196609,13.58,27.95,752.2,20.48,40.35
"2022-10-18 09:05:00",196610,13.58,28.16,752.2,21.43,39.02
"2022-10-18 09:10:00",196611,13.58,28.57,752.2,23.31,35
"2022-10-18 09:15:00",196612,13.58,29.09,752.1,22.73,34.75
"2022-10-18 09:20:00",196613,13.56,29.45,752.1,21.55,37.66
"2022-10-18 09:25:00",196614,13.55,29.61,752.1,20.93,37.96
"2022-10-18 09:30:00",196615,13.56,29.62,752.1,20.51,38.73
"2022-10-18 09:35:00",196616,13.55,29.65,752,21.73,36.86
"2022-10-18 09:40:00",196617,13.55,29.67,752,20.74,39.41
"2022-10-18 09:45:00",196618,13.55,29.57,752,20.49,39.02
"2022-10-18 09:50:00",196619,13.56,29.43,752,20.99,38
"2022-10-18 09:55:00",196620,13.56,29.32,751.9,21.08,38.43
"2022-10-18 10:00:00",196621,13.56,29.29,751.8,22.19,36.48
"2022-10-18 10:05:00",196622,13.56,29.34,751.7,21.14,37.98
"2022-10-18 10:10:00",196623,13.56,29.38,751.7,21.55,36.84
"2022-10-18 10:15:00",196624,13.56,29.46,751.6,21.93,36.29
"2022-10-18 10:20:00",196625,13.56,29.62,751.5,22.41,35.68
"2022-10-18 10:25:00",196626,13.56,29.76,751.5,20.81,38.73
"2022-10-18 10:30:00",196627,13.56,29.72,751.5,21.72,37.65
"2022-10-18 10:35:00",196628,13.53,29.78,751.5,21.99,35.77
"2022-10-18 10:40:00",196629,13.53,29.95,751.4,23.67,32.97
"2022-10-18 10:45:00",196630,13.54,30.34,751.4,22.77,36.57
"2022-10-18 10:50:00",196631,13.53,30.64,751.3,23.65,33.14
"2022-10-18 10:55:00",196632,13.54,30.88,751.2,23.99,32.77
"2022-10-18 11:00:00",196633,13.52,31.08,751.2,23.24,33.77
"2022-10-18 11:05:00",196634,13.51,31.27,751.1,23.61,33.47
"2022-10-18 11:10:00",196635,13.51,31.58,751.1,23.31,34.7
"2022-10-18 11:15:00",196636,13.51,31.87,751,21.93,36.19
"2022-10-18 11:20:00",196637,13.51,31.71,750.9,21.33,37.28
"2022-10-18 11:25:00",196638,13.51,31.42,750.9,23.13,35.28
"2022-10-18 11:30:00",196639,13.51,31.35,750.9,22.01,34.91
"2022-10-18 11:35:00",196640,13.51,31.43,750.9,23.84,32.18
"2022-10-18 11:40:00",196641,13.51,31.53,750.8,22.97,32.94
"2022-10-18 11:45:00",196642,13.52,31.5,750.7,24.72,30.81
"2022-10-18 11:50:00",196643,13.51,31.69,750.7,25.74,29.34
"2022-10-18 11:55:00",196644,13.52,32.03,750.6,25.36,29.99
"2022-10-18 12:00:00",196645,13.49,32.35,750.6,23.46,32.32
"2022-10-18 12:05:00",196646,13.49,32.27,750.5,23.59,32.53
"2022-10-18 12:10:00",196647,13.5,32.06,750.4,23.77,32.01
"2022-10-18 12:15:00",196648,13.5,31.85,750.4,23.48,32.35
"2022-10-18 12:20:00",196649,13.49,31.71,750.3,23.58,32.73
"2022-10-18 12:25:00",196650,13.5,31.72,750.3,25.59,29.94
"2022-10-18 12:30:00",196651,13.49,31.98,750.1,25.26,28.63
"2022-10-18 12:35:00",196652,13.5,32.21,750,24.13,30.56
"2022-10-18 12:40:00",196653,13.49,32.29,749.9,24.77,29.67
"2022-10-18 12:45:00",196654,13.49,32.29,749.8,24.82,30.15
"2022-10-18 12:50:00",196655,13.5,32.27,749.7,24.25,30.64
"2022-10-18 12:55:00",196656,13.5,32.2,749.7,25.09,29.09
"2022-10-18 13:00:00",196657,13.5,32.09,749.6,24.16,30.23
"2022-10-18 13:05:00",196658,13.5,31.86,749.5,24.23,30.5
"2022-10-18 13:10:00",196659,13.5,31.57,749.5,24.32,30.92
"2022-10-18 13:15:00",196660,13.5,31.37,749.4,25.18,29.43
"2022-10-18 13:20:00",196661,13.5,31.26,749.3,24.75,31.32
"2022-10-18 13:25:00",196662,13.5,31.22,749.2,24.65,30.67
"2022-10-18 13:30:00",196663,13.49,31.09,749,23.98,31.42
"2022-10-18 13:35:00",196664,13.5,30.9,748.8,23.87,32.22
"2022-10-18 13:40:00",196665,13.5,30.76,748.9,24.88,29.92
"2022-10-18 13:45:00",196666,13.5,30.65,748.5,24.66,31.01
"2022-10-18 13:50:00",196667,13.5,30.56,748.5,24.1,31.7
"2022-10-18 13:55:00",196668,13.5,30.45,748.5,24.45,32
"2022-10-18 14:00:00",196669,13.5,30.44,748.4,24.97,30.23
"2022-10-18 14:05:00",196670,13.5,30.58,748.3,23.9,31.35
"2022-10-18 14:10:00",196671,13.49,30.66,748.2,24.82,30.35
"2022-10-18 14:15:00",196672,13.5,30.68,748.1,24.24,32.35
"2022-10-18 14:20:00",196673,13.49,30.65,748,24.16,31.78
"2022-10-18 14:25:00",196674,13.5,30.62,748,24.82,30.05
"2022-10-18 14:30:00",196675,13.5,30.63,747.9,24.95,30.09
"2022-10-18 14:35:00",196676,13.5,30.66,747.8,24.92,31.03
"2022-10-18 14:40:00",196677,13.5,30.67,747.7,25.38,29.52
"2022-10-18 14:45:00",196678,13.5,30.66,747.7,24.95,29.62
"2022-10-18 14:50:00",196679,13.5,30.65,747.5,24.63,30.47
"2022-10-18 14:55:00",196680,13.5,30.63,747.3,24.66,30.47
"2022-10-18 15:00:00",196681,13.5,30.54,747.3,24.45,31.23
"2022-10-18 15:05:00",196682,13.5,30.46,747.1,24.95,29.79
"2022-10-18 15:10:00",196683,13.5,30.41,747.1,24.46,30.32
"2022-10-18 15:15:00",196684,13.5,30.33,747,24.03,31.16
"2022-10-18 15:20:00",196685,13.5,30.19,747,24.55,30.29
"2022-10-18 15:25:00",196686,13.5,30.13,747,24.13,30.83
"2022-10-18 15:30:00",196687,13.5,30.08,747,25.02,30.1
"2022-10-18 15:35:00",196688,13.5,30.09,746.9,24.52,30.86
"2022-10-18 15:40:00",196689,13.5,30.12,746.9,24.68,29.93
"2022-10-18 15:45:00",196690,13.5,30.13,746.9,24.48,29.65
"2022-10-18 15:50:00",196691,13.5,30.08,746.8,24.65,30.07
"2022-10-18 15:55:00",196692,13.52,30.06,746.8,25.01,28.88
"2022-10-18 16:00:00",196693,13.52,30.07,746.8,24.21,29.96
"2022-10-18 16:05:00",196694,13.52,30.04,746.8,24.84,29.74
"2022-10-18 16:10:00",196695,13.52,30.06,746.6,24.41,29.37
"2022-10-18 16:15:00",196696,13.53,29.96,746.6,23.6,30.45
"2022-10-18 16:20:00",196697,13.52,29.68,746.8,23.41,31.14
"2022-10-18 16:25:00",196698,13.52,29.29,746.7,23.41,31.78
"2022-10-18 16:30:00",196699,13.53,28.95,746.6,23.08,32.68
"2022-10-18 16:35:00",196700,13.53,28.71,746.6,23.36,32.04
"2022-10-18 16:40:00",196701,13.52,28.6,746.5,24.13,30.83
"2022-10-18 16:45:00",196702,13.52,28.59,746.6,23.7,30.9
"2022-10-18 16:50:00",196703,13.52,28.56,746.5,23.97,30.38
"2022-10-18 16:55:00",196704,13.52,28.58,746.5,24.31,29.84
"2022-10-18 17:00:00",196705,13.52,28.68,746.5,24.19,30.91
"2022-10-18 17:05:00",196706,13.53,28.74,746.5,24.1,29.92
"2022-10-18 17:10:00",196707,13.51,28.45,746.5,23.99,31.02
"2022-10-18 17:15:00",196708,13.38,27.79,746.6,23.2,30.08
"2022-10-18 17:20:00",196709,13.42,27.29,746.6,23,30.77
"2022-10-18 17:25:00",196710,13.38,26.81,746.5,22.75,31.15
"2022-10-18 17:30:00",196711,13.4,26.38,746.6,22.81,30.05
"2022-10-18 17:35:00",196712,13.4,25.99,746.7,22.39,31.42
"2022-10-18 17:40:00",196713,13.43,25.69,746.7,22.66,31.18
"2022-10-18 17:45:00",196714,13.38,25.45,746.8,22.84,29.78
"2022-10-18 17:50:00",196715,13.29,25.23,746.8,22.57,30.7
"2022-10-18 17:55:00",196716,13.22,25,746.8,22.35,31.22
"2022-10-18 18:00:00",196717,13.18,24.82,746.7,22.39,31.09
"2022-10-18 18:05:00",196718,13.12,24.68,746.8,22.46,30.19
"2022-10-18 18:10:00",196719,13.06,24.59,747,22.4,30.15
"2022-10-18 18:15:00",196720,12.99,24.48,747.1,22.02,32.42
"2022-10-18 18:20:00",196721,12.94,24.33,747.2,21.43,34.09
"2022-10-18 18:25:00",196722,12.91,24.11,747.3,21.14,35.42
"2022-10-18 18:30:00",196723,12.9,23.86,747.6,20.89,36.74
"2022-10-18 18:35:00",196724,12.89,23.55,747.8,20.9,36.09
"2022-10-18 18:40:00",196725,12.88,23.26,747.9,21.09,35.35
"2022-10-18 18:45:00",196726,12.88,23.01,748.1,20.85,35.99
"2022-10-18 18:50:00",196727,12.87,22.79,748,20.94,35.6
"2022-10-18 18:55:00",196728,12.87,22.62,748.2,20.9,35.99
"2022-10-18 19:00:00",196729,12.87,22.47,748.4,20.88,36.12
"2022-10-18 19:05:00",196730,12.87,22.33,748.5,20.62,36.85
"2022-10-18 19:10:00",196731,12.86,22.19,748.8,20.42,37.52
"2022-10-18 19:15:00",196732,12.86,22.03,749,20.23,37.95
"2022-10-18 19:20:00",196733,12.86,21.86,749.2,20.2,38.34
"2022-10-18 19:25:00",196734,12.86,21.68,749.3,20.15,37.88
"2022-10-18 19:30:00",196735,12.86,21.54,749.4,20.15,38.34
"2022-10-18 19:35:00",196736,12.85,21.42,749.5,20.21,37.76
"2022-10-18 19:40:00",196737,12.85,21.32,749.6,20.38,37.38
"2022-10-18 19:45:00",196738,12.85,21.27,749.7,20.38,37.67
"2022-10-18 19:50:00",196739,12.85,21.21,749.8,20.06,39.56
"2022-10-18 19:55:00",196740,12.85,21.15,749.9,19.67,42.23
"2022-10-18 20:00:00",196741,12.85,21.06,749.9,19.68,43
"2022-10-18 20:05:00",196742,12.85,20.97,749.9,19.56,44.27
"2022-10-18 20:10:00",196743,12.85,20.85,750.2,19.22,44.74
"2022-10-18 20:15:00",196744,12.85,20.64,750.2,19.52,41.63
"2022-10-18 20:20:00",196745,12.85,20.51,750.1,19.52,44.52
"2022-10-18 20:25:00",196746,12.85,20.38,750.2,19.48,43.68
"2022-10-18 20:30:00",196747,12.85,20.28,750.4,19.43,43.8
"2022-10-18 20:35:00",196748,12.84,20.17,750.5,19.36,42.07
"2022-10-18 20:40:00",196749,12.85,20.06,750.6,19.28,42.96
"2022-10-18 20:45:00",196750,12.84,19.95,750.6,19.04,43.82
"2022-10-18 20:50:00",196751,12.84,19.84,750.6,18.78,43.95
"2022-10-18 20:55:00",196752,12.84,19.75,750.7,18.83,43.86
"2022-10-18 21:00:00",196753,12.84,19.64,750.8,18.66,44.1
"2022-10-18 21:05:00",196754,12.84,19.52,751,18.86,43.61
"2022-10-18 21:10:00",196755,12.84,19.41,750.9,18.85,43.35
"2022-10-18 21:15:00",196756,12.84,19.33,750.9,18.85,43.58
"2022-10-18 21:20:00",196757,12.83,19.24,750.8,18.59,44.41
"2022-10-18 21:25:00",196758,12.83,19.16,750.9,18.53,44.3
"2022-10-18 21:30:00",196759,12.83,19.06,751,18.29,45.7
"2022-10-18 21:35:00",196760,12.83,18.95,751,18.63,43.84
"2022-10-18 21:40:00",196761,12.83,18.87,751,18.75,43.76
"2022-10-18 21:45:00",196762,12.83,18.8,751,18.35,44.89
"2022-10-18 21:50:00",196763,12.82,18.7,751,18.2,45.6
"2022-10-18 21:55:00",196764,12.82,18.58,751,18.25,45.32
"2022-10-18 22:00:00",196765,12.82,18.47,751.1,18.08,45.55
"2022-10-18 22:05:00",196766,12.82,18.36,751.3,18.05,45.83
"2022-10-18 22:10:00",196767,12.81,18.25,751.3,17.9,46.73
"2022-10-18 22:15:00",196768,12.81,18.16,751.3,17.84,48.33
"2022-10-18 22:20:00",196769,12.81,18.07,751.3,17.55,48.07
"2022-10-18 22:25:00",196770,12.81,17.97,751.4,17.33,48.16
"2022-10-18 22:30:00",196771,12.81,17.86,751.5,17.21,49.09
"2022-10-18 22:35:00",196772,12.81,17.76,751.5,17.14,49.33
"2022-10-18 22:40:00",196773,12.81,17.68,751.6,17.38,47.42
"2022-10-18 22:45:00",196774,12.81,17.66,751.6,17.75,46.24
"2022-10-18 22:50:00",196775,12.81,17.64,751.6,17.47,46.99
"2022-10-18 22:55:00",196776,12.81,17.64,751.7,17.54,46.68
"2022-10-18 23:00:00",196777,12.8,17.66,751.7,17.8,45.9
"2022-10-18 23:05:00",196778,12.8,17.7,751.9,17.78,46.27
"2022-10-18 23:10:00",196779,12.8,17.72,751.9,17.87,46.03
"2022-10-18 23:15:00",196780,12.8,17.71,751.9,17.81,46.34
"2022-10-18 23:20:00",196781,12.8,17.68,752,17.69,46.89
"2022-10-18 23:25:00",196782,12.8,17.66,752,17.67,46.76
"2022-10-18 23:30:00",196783,12.8,17.61,751.9,17.83,46.15
"2022-10-18 23:35:00",196784,12.8,17.59,751.9,17.75,46.4
"2022-10-18 23:40:00",196785,12.8,17.59,751.8,17.74,46.14
"2022-10-18 23:45:00",196786,12.79,17.56,751.7,17.76,46.08
"2022-10-18 23:50:00",196787,12.79,17.54,751.7,17.8,45.96
"2022-10-18 23:55:00",196788,12.79,17.53,751.7,17.75,46.02
"2022-10-19 00:00:00",196789,12.79,17.51,751.7,17.63,46.47
"2022-10-19 00:05:00",196790,12.79,17.47,751.6,17.51,46.81
"2022-10-19 00:10:00",196791,12.79,17.42,751.5,17.33,47.44
"2022-10-19 00:15:00",196792,12.79,17.39,751.5,17.11,48.26
"2022-10-19 00:20:00",196793,12.79,17.33,751.4,17.21,47.71
"2022-10-19 00:25:00",196794,12.79,17.26,751.3,17.1,48.17
"2022-10-19 00:30:00",196795,12.79,17.22,751.3,17,48.69
"2022-10-19 00:35:00",196796,12.79,17.15,751.1,16.64,49.85
"2022-10-19 00:40:00",196797,12.79,17.07,751.1,16.37,51
"2022-10-19 00:45:00",196798,12.79,16.96,751,16.45,50.29
"2022-10-19 00:50:00",196799,12.79,16.83,751,16.13,51.71
"2022-10-19 00:55:00",196800,12.79,16.68,751,15.78,53.22
"2022-10-19 01:00:00",196801,12.79,16.54,751,15.62,53.81
"2022-10-19 01:05:00",196802,12.78,16.36,750.9,15.7,53.06
"2022-10-19 01:10:00",196803,12.78,16.23,750.8,16.13,51.46
"2022-10-19 01:15:00",196804,12.78,16.13,750.7,15.9,52.5
"2022-10-19 01:20:00",196805,12.78,16.03,750.7,15.76,53.04
"2022-10-19 01:25:00",196806,12.78,15.96,750.6,15.79,52.52
"2022-10-19 01:30:00",196807,12.78,15.86,750.6,15.84,52.8
"2022-10-19 01:35:00",196808,12.78,15.78,750.5,15.64,53.42
"2022-10-19 01:40:00",196809,12.77,15.7,750.4,15.45,53.94
"2022-10-19 01:45:00",196810,12.77,15.62,750.4,15.51,53.71
"2022-10-19 01:50:00",196811,12.77,15.58,750.3,15.7,53.27
"2022-10-19 01:55:00",196812,12.77,15.52,750.3,15.84,52.56
"2022-10-19 02:00:00",196813,12.76,15.51,750.2,15.86,52.16
"2022-10-19 02:05:00",196814,12.76,15.51,750.3,15.51,53.21
"2022-10-19 02:10:00",196815,12.75,15.83,750.3,15.28,54.1
"2022-10-19 02:15:00",196816,12.75,15.98,750.2,15.07,55.17
"2022-10-19 02:20:00",196817,12.75,15.97,750.2,14.88,56.07
"2022-10-19 02:25:00",196818,12.74,15.91,750.2,14.77,56.33
"2022-10-19 02:30:00",196819,12.74,15.83,750.1,14.81,55.95
"2022-10-19 02:35:00",196820,12.74,15.74,750.1,14.78,56.27
"2022-10-19 02:40:00",196821,12.74,15.65,750.1,14.67,56.5
"2022-10-19 02:45:00",196822,12.73,15.55,750,14.53,57.26
"2022-10-19 02:50:00",196823,12.73,15.44,750,14.42,57.46
"2022-10-19 02:55:00",196824,12.73,15.34,750,14.56,56.84
"2022-10-19 03:00:00",196825,12.73,15.28,750,14.56,57.02
"2022-10-19 03:05:00",196826,12.72,15.23,749.9,14.46,57.37
"2022-10-19 03:10:00",196827,12.72,15.19,750,14.57,56.91
"2022-10-19 03:15:00",196828,12.72,15.16,750,14.45,57.28
"2022-10-19 03:20:00",196829,12.71,15.14,750,14.63,56.88
"2022-10-19 03:25:00",196830,12.71,15.11,750,14.62,57.03
"2022-10-19 03:30:00",196831,12.71,15.02,750,14.36,58.05
"2022-10-19 03:35:00",196832,12.7,14.97,750,14.16,58.77
"2022-10-19 03:40:00",196833,12.7,14.92,749.9,14.15,59.21
"2022-10-19 03:45:00",196834,12.7,14.84,749.9,14.02,60.29
"2022-10-19 03:50:00",196835,12.69,14.76,750,13.89,60.12
"2022-10-19 03:55:00",196836,12.69,14.67,749.9,13.87,60.27
"2022-10-19 04:00:00",196837,12.69,14.56,749.9,13.83,60.62
"2022-10-19 04:05:00",196838,12.69,14.42,750,13.46,62.1
"2022-10-19 04:10:00",196839,12.68,14.3,750.1,13.23,62.62
"2022-10-19 04:15:00",196840,12.68,14.19,750.2,12.86,63.99
"2022-10-19 04:20:00",196841,12.68,14.07,750.2,13.26,62.92
"2022-10-19 04:25:00",196842,12.67,13.97,750.2,13.24,63.18
"2022-10-19 04:30:00",196843,12.67,13.96,750.3,13.17,62.73
"2022-10-19 04:35:00",196844,12.67,13.85,750.2,12.94,63.27
"2022-10-19 04:40:00",196845,12.66,13.75,750.2,12.96,62.95
"2022-10-19 04:45:00",196846,12.66,13.68,750.2,12.99,62.93
"2022-10-19 04:50:00",196847,12.66,13.62,750.3,12.9,63.62
"2022-10-19 04:55:00",196848,12.66,13.55,750.3,12.96,62.98
"2022-10-19 05:00:00",196849,12.65,13.49,750.3,13.02,62.76
"2022-10-19 05:05:00",196850,12.65,13.45,750.3,13.25,61.23
"2022-10-19 05:10:00",196851,12.65,13.39,750.3,12.98,62.11
"2022-10-19 05:15:00",196852,12.64,13.34,750.4,12.84,62.67
"2022-10-19 05:20:00",196853,12.64,13.32,750.5,12.68,63.64
"2022-10-19 05:25:00",196854,12.64,13.27,750.6,12.55,65.04
"2022-10-19 05:30:00",196855,12.64,13.24,750.6,12.25,70.34
"2022-10-19 05:35:00",196856,12.64,13.2,750.6,12.25,69.03
"2022-10-19 05:40:00",196857,12.63,13.15,750.6,12.26,67.97
"2022-10-19 05:45:00",196858,12.63,13.13,750.6,11.82,72.55
"2022-10-19 05:50:00",196859,12.63,13.12,750.7,11.54,71.03
"2022-10-19 05:55:00",196860,12.64,13.05,750.8,11.75,69.13
"2022-10-19 06:00:00",196861,12.65,12.99,750.9,11.71,68.79
"2022-10-19 06:05:00",196862,12.67,12.95,751,12.06,67.36
"2022-10-19 06:10:00",196863,12.71,12.96,751,12.68,65.85
"2022-10-19 06:15:00",196864,12.77,12.88,751,12.94,65.11
"2022-10-19 06:20:00",196865,12.84,12.99,751.1,13.54,62.99
"2022-10-19 06:25:00",196866,12.94,13.2,751.2,14.15,59.36
"2022-10-19 06:30:00",196867,13.1,13.52,751.2,14.51,58.01
"2022-10-19 06:35:00",196868,13.3,13.92,751.3,14.11,59.62
"2022-10-19 06:40:00",196869,13.48,14.43,751.3,14.35,58.5
"2022-10-19 06:45:00",196870,13.62,14.99,751.3,14.7,57.41
"2022-10-19 06:50:00",196871,13.72,15.53,751.4,15.32,56.96
"2022-10-19 06:55:00",196872,13.81,16.14,751.5,16.21,54.24
"2022-10-19 07:00:00",196873,13.98,16.78,751.6,17.27,51.03
"2022-10-19 07:05:00",196874,13.88,18.25,751.6,17.53,49.57
"2022-10-19 07:10:00",196875,13.76,19.32,751.6,17.38,51.13
"2022-10-19 07:15:00",196876,13.76,20.06,751.7,17.45,50.43
"2022-10-19 07:20:00",196877,13.73,20.68,751.7,17.09,51.4
"2022-10-19 07:25:00",196878,13.73,21.27,751.7,18.02,48.57
"2022-10-19 07:30:00",196879,13.7,21.83,751.8,18.9,46.35
"2022-10-19 07:35:00",196880,13.7,22.37,751.8,19.59,44.65
"2022-10-19 07:40:00",196881,13.68,22.95,751.8,18.65,46.44
"2022-10-19 07:45:00",196882,13.68,23.53,751.9,18.51,46.55
"2022-10-19 07:50:00",196883,13.68,24.09,751.9,19.58,43.76
"2022-10-19 07:55:00",196884,13.65,24.61,751.9,19.74,43.01
"2022-10-19 08:00:00",196885,13.65,25.1,751.9,19.99,41.82
"2022-10-19 08:05:00",196886,13.62,25.54,751.9,20.34,40.76
"2022-10-19 08:10:00",196887,13.63,25.96,751.9,20.34,40.98
"2022-10-19 08:15:00",196888,13.63,26.42,752,21.16,38.96
"2022-10-19 08:20:00",196889,13.6,26.84,751.9,21.34,38.26
"2022-10-19 08:25:00",196890,13.6,27.29,751.9,21.55,38.35
"2022-10-19 08:30:00",196891,13.6,27.75,751.8,21.22,38.94
"2022-10-19 08:35:00",196892,13.58,28.19,751.8,22.42,35.21
"2022-10-19 08:40:00",196893,13.58,28.71,751.7,22.71,35.11
"2022-10-19 08:45:00",196894,13.56,29.16,751.7,22.57,36.38
"2022-10-19 08:50:00",196895,13.55,29.56,751.7,22.88,35.65
"2022-10-19 08:55:00",196896,13.56,29.92,751.7,22.6,34.8
"2022-10-19 09:00:00",196897,13.53,30.23,751.6,22.5,34.82
"2022-10-19 09:05:00",196898,13.53,30.47,751.6,23.07,34.71
"2022-10-19 09:10:00",196899,13.53,30.77,751.5,22.56,35.79
"2022-10-19 09:15:00",196900,13.53,31.04,751.5,22.59,34.87
"2022-10-19 09:20:00",196901,13.53,31.2,751.6,22.89,33.93
"2022-10-19 09:25:00",196902,13.51,31.32,751.5,23.1,33.55
"2022-10-19 09:30:00",196903,13.51,31.45,751.5,22.56,34.43
"2022-10-19 09:35:00",196904,13.51,31.59,751.5,22.81,32.83
"2022-10-19 09:40:00",196905,13.51,31.7,751.4,21.47,35.16
"2022-10-19 09:45:00",196906,13.51,31.68,751.4,22.93,33
"2022-10-19 09:50:00",196907,13.51,31.78,751.3,24.11,31.64
"2022-10-19 09:55:00",196908,13.51,32,751.3,23.38,32.61
"2022-10-19 10:00:00",196909,13.51,32.2,751.3,23.79,31.54
"2022-10-19 10:05:00",196910,13.49,32.46,751.2,24.46,30.39
"2022-10-19 10:10:00",196911,13.49,32.75,751.1,24.16,30.57
"2022-10-19 10:15:00",196912,13.49,32.97,751,24.35,30.92
"2022-10-19 10:20:00",196913,13.49,33.19,751,24.33,29.91
"2022-10-19 10:25:00",196914,13.49,33.41,750.9,24.26,30.98
"2022-10-19 10:30:00",196915,13.46,33.62,750.8,25.37,28.02
"2022-10-19 10:35:00",196916,13.46,33.89,750.8,25.84,27.41
"2022-10-19 10:40:00",196917,13.46,34.22,750.7,26.31,27.28
"2022-10-19 10:45:00",196918,13.47,34.51,750.7,24.99,28.94
"2022-10-19 10:50:00",196919,13.44,34.64,750.7,24.59,29.05
"2022-10-19 10:55:00",196920,13.44,34.72,750.6,25.87,28.13
"2022-10-19 11:00:00",196921,13.44,34.85,750.5,25.46,28.17
"2022-10-19 11:05:00",196922,13.44,34.95,750.5,24.9,28.02
"2022-10-19 11:10:00",196923,13.44,34.97,750.4,25.28,27.54
"2022-10-19 11:15:00",196924,13.44,35,750.3,26.7,26.18
"2022-10-19 11:20:00",196925,13.44,35.17,750.2,27.45,24.54
"2022-10-19 11:25:00",196926,13.44,35.45,750.2,27.2,24.94
"2022-10-19 11:30:00",196927,13.44,35.64,750.1,26.37,25.29
"2022-10-19 11:35:00",196928,13.44,35.71,750,25.9,25.4
"2022-10-19 11:40:00",196929,13.42,35.6,749.8,26.14,25.14
"2022-10-19 11:45:00",196930,13.42,35.5,749.7,27.09,23.9
"2022-10-19 11:50:00",196931,13.42,35.5,749.6,26.3,24.74
"2022-10-19 11:55:00",196932,13.42,35.45,749.4,25.68,25.11
"2022-10-19 12:00:00",196933,13.42,35.38,749.3,26.41,23.44
"2022-10-19 12:05:00",196934,13.42,35.34,749.2,25.13,25
"2022-10-19 12:10:00",196935,13.42,35.14,749.1,26.21,23.49
"2022-10-19 12:15:00",196936,13.42,35.03,749,27.17,22.66
"2022-10-19 12:20:00",196937,13.42,35,748.9,26.99,22.85
"2022-10-19 12:25:00",196938,13.42,34.97,748.8,26.87,23.12
"2022-10-19 12:30:00",196939,13.42,34.88,748.6,27.48,23.02
"2022-10-19 12:35:00",196940,13.42,34.81,748.5,27.31,22.46
"2022-10-19 12:40:00",196941,13.42,34.7,748.4,26.56,22.41
"2022-10-19 12:45:00",196942,13.42,34.52,748.3,26.53,22.96
"2022-10-19 12:50:00",196943,13.42,34.35,748.2,26.81,22.7
"2022-10-19 12:55:00",196944,13.42,34.19,748.1,27.02,22.23
"2022-10-19 13:00:00",196945,13.42,34.08,748,27.89,21.73
"2022-10-19 13:05:00",196946,13.42,34.08,747.8,28.86,20.32
"2022-10-19 13:10:00",196947,13.42,34.16,747.7,28.74,20.88
"2022-10-19 13:15:00",196948,13.42,34.28,747.6,28.03,21.7
"2022-10-19 13:20:00",196949,13.42,34.33,747.5,27.49,21.36
"2022-10-19 13:25:00",196950,13.42,34.3,747.3,26.86,21.6
"2022-10-19 13:30:00",196951,13.42,34.21,747.2,28.4,20.72
"2022-10-19 13:35:00",196952,13.42,34.21,747.1,28.06,20.56
"2022-10-19 13:40:00",196953,13.42,34.23,747,27.92,20.9
"2022-10-19 13:45:00",196954,13.42,34.25,746.9,28.18,20.56
"2022-10-19 13:50:00",196955,13.42,34.3,746.8,27.54,19.83
"2022-10-19 13:55:00",196956,13.42,34.35,746.6,27.89,20.2
"2022-10-19 14:00:00",196957,13.42,34.39,746.5,27.88,19.85
"2022-10-19 14:05:00",196958,13.42,34.46,746.4,28,19.78
"2022-10-19 14:10:00",196959,13.42,34.52,746.2,29.24,18.31
"2022-10-19 14:15:00",196960,13.42,34.69,746.2,29.19,17.95
"2022-10-19 14:20:00",196961,13.42,34.92,746,29.16,16.82
"2022-10-19 14:25:00",196962,13.42,35.15,745.8,29.57,17.12
"2022-10-19 14:30:00",196963,13.42,35.36,745.7,28.42,17.13
"2022-10-19 14:35:00",196964,13.42,35.5,745.5,29.48,16.94
"2022-10-19 14:40:00",196965,13.43,35.65,745.4,28.91,16.98
"2022-10-19 14:45:00",196966,13.42,35.77,745.2,28.76,17.22
"2022-10-19 14:50:00",196967,13.42,35.76,745.2,28.91,17.16
"2022-10-19 14:55:00",196968,13.43,35.68,745.2,28.9,16.81
"2022-10-19 15:00:00",196969,13.42,35.56,745.1,29.58,16.27
"2022-10-19 15:05:00",196970,13.43,35.53,745.1,29.3,16.19
"2022-10-19 15:10:00",196971,13.42,35.49,745.1,28.99,17.16
"2022-10-19 15:15:00",196972,13.43,35.44,745,30.06,16.16
"2022-10-19 15:20:00",196973,13.43,35.53,744.9,28.31,19.03
"2022-10-19 15:25:00",196974,13.43,35.38,744.8,27.71,19.84
"2022-10-19 15:30:00",196975,13.42,34.93,744.9,27.2,20.22
"2022-10-19 15:35:00",196976,13.42,34.45,744.9,27.23,20.3
"2022-10-19 15:40:00",196977,13.42,34.04,744.9,27.32,20.02
"2022-10-19 15:45:00",196978,13.42,33.66,744.9,26.9,20.55
"2022-10-19 15:50:00",196979,13.43,33.29,744.9,27.04,19.8
"2022-10-19 15:55:00",196980,13.42,32.98,744.9,26.89,19.51
"2022-10-19 16:00:00",196981,13.42,32.71,744.9,26.77,20.72
"2022-10-19 16:05:00",196982,13.42,32.43,744.8,26.14,22.11
"2022-10-19 16:10:00",196983,13.42,32.09,745.1,25.42,25.95
"2022-10-19 16:15:00",196984,13.45,31.71,744.9,25.06,27.18
"2022-10-19 16:20:00",196985,13.44,31.31,745,24.59,28.1
"2022-10-19 16:25:00",196986,13.45,30.94,744.9,25.2,26.31
"2022-10-19 16:30:00",196987,13.47,30.64,744.7,25.02,26.63
"2022-10-19 16:35:00",196988,13.47,30.38,744.7,24.9,27.65
"2022-10-19 16:40:00",196989,13.47,30.13,744.6,24.9,27.85
"2022-10-19 16:45:00",196990,13.47,29.99,744.6,25.18,25.69
"2022-10-19 16:50:00",196991,13.47,30.03,744.6,26.46,23.65
"2022-10-19 16:55:00",196992,13.47,30.27,744.4,26.51,22.75
"2022-10-19 17:00:00",196993,13.47,30.56,744.3,27.1,20.78
"2022-10-19 17:05:00",196994,13.47,30.84,744.3,26.95,21.46
"2022-10-19 17:10:00",196995,13.47,31.12,744.3,27.48,19.54
"2022-10-19 17:15:00",196996,13.47,31.38,744.3,27.45,18.52
"2022-10-19 17:20:00",196997,13.47,31.61,744.3,27.51,18.77
"2022-10-19 17:25:00",196998,13.47,31.63,744.3,27.09,19.8
"2022-10-19 17:30:00",196999,13.46,31.18,744.4,26.52,23.1
"2022-10-19 17:35:00",197000,13.35,30.81,744.4,25.72,25.52
"2022-10-19 17:40:00",197001,13.31,30.44,744.5,25.29,28.36
"2022-10-19 17:45:00",197002,13.25,30.04,744.5,24.79,29.47
"2022-10-19 17:50:00",197003,13.19,29.61,744.4,24.47,30.36
"2022-10-19 17:55:00",197004,13.14,29.13,744.4,24.38,30.92
"2022-10-19 18:00:00",197005,13.1,28.68,744.5,23.93,32.49
"2022-10-19 18:05:00",197006,13.04,28.26,744.6,23.56,33.69
"2022-10-19 18:10:00",197007,12.98,27.81,744.6,23.2,34.43
"2022-10-19 18:15:00",197008,12.94,27.32,744.7,22.72,35.38
"2022-10-19 18:20:00",197009,12.91,26.8,744.7,22.41,35.87
"2022-10-19 18:25:00",197010,12.89,26.32,744.7,22.29,36.06
"2022-10-19 18:30:00",197011,12.88,25.87,744.8,22.2,36.12
"2022-10-19 18:35:00",197012,12.87,25.46,744.9,22.21,35.76
"2022-10-19 18:40:00",197013,12.87,25.11,745.2,22.02,36.53
"2022-10-19 18:45:00",197014,12.87,24.8,745.5,21.75,37.39
"2022-10-19 18:50:00",197015,12.86,24.54,745.6,21.63,37.74
"2022-10-19 18:55:00",197016,12.86,24.29,745.8,21.52,38.58
"2022-10-19 19:00:00",197017,12.85,24.05,745.8,21.48,37.62
"2022-10-19 19:05:00",197018,12.85,23.88,745.8,21.37,38
"2022-10-19 19:10:00",197019,12.85,23.72,745.9,21.45,37.75
"2022-10-19 19:15:00",197020,12.85,23.58,746,21.39,38.01
"2022-10-19 19:20:00",197021,12.85,23.45,746.3,21.19,38.83
"2022-10-19 19:25:00",197022,12.85,23.32,746.3,21.24,38.09
"2022-10-19 19:30:00",197023,12.85,23.18,746.4,21.41,37.88
"2022-10-19 19:35:00",197024,12.84,23.11,746.5,21.28,37.73
"2022-10-19 19:40:00",197025,12.84,23.05,746.7,21.1,38.43
"2022-10-19 19:45:00",197026,12.84,22.97,746.7,21.02,38.69
"2022-10-19 19:50:00",197027,12.84,22.88,746.8,21.38,38.13
"2022-10-19 19:55:00",197028,12.84,22.81,746.9,21.34,38.72
"2022-10-19 20:00:00",197029,12.84,22.76,747.1,21.53,38.15
"2022-10-19 20:05:00",197030,12.84,22.74,747.2,21.19,39.81
"2022-10-19 20:10:00",197031,12.84,22.7,747.3,20.97,40.89
"2022-10-19 20:15:00",197032,12.84,22.64,747.5,20.94,40.66
"2022-10-19 20:20:00",197033,12.84,22.59,747.6,21.16,39.74
"2022-10-19 20:25:00",197034,12.84,22.53,747.7,21.36,39.5
"2022-10-19 20:30:00",197035,12.84,22.51,747.8,21.27,39.88
"2022-10-19 20:35:00",197036,12.83,22.43,747.8,20.92,40.95
"2022-10-19 20:40:00",197037,12.84,22.23,747.9,20.82,41.3
"2022-10-19 20:45:00",197038,12.84,22.08,748,20.69,41.44
"2022-10-19 20:50:00",197039,12.84,21.96,748.2,20.43,42.32
"2022-10-19 20:55:00",197040,12.84,21.82,748.2,20.1,43.47
"2022-10-19 21:00:00",197041,12.84,21.69,748.3,20.12,43.66
"2022-10-19 21:05:00",197042,12.83,21.53,748.4,19.75,44.96
"2022-10-19 21:10:00",197043,12.83,21.38,748.4,19.61,45.04
"2022-10-19 21:15:00",197044,12.83,21.23,748.5,19.76,44.55
"2022-10-19 21:20:00",197045,12.83,21.07,748.6,19.66,44.85
"2022-10-19 21:25:00",197046,12.83,20.98,748.7,19.73,44.48
"2022-10-19 21:30:00",197047,12.83,20.86,748.8,19.39,45.58
"2022-10-19 21:35:00",197048,12.82,20.73,748.8,19.72,44.45
"2022-10-19 21:40:00",197049,12.82,20.64,748.8,20.12,43.12
"2022-10-19 21:45:00",197050,12.82,20.57,748.9,20.1,43.79
"2022-10-19 21:50:00",197051,12.82,20.51,749,19.89,43.96
"2022-10-19 21:55:00",197052,12.82,20.49,749.1,19.5,45.22
"2022-10-19 22:00:00",197053,12.82,20.43,749.1,18.83,48.08
"2022-10-19 22:05:00",197054,12.82,20.32,749.1,18.83,46.91
"2022-10-19 22:10:00",197055,12.82,20.23,749.2,18.85,47.42
"2022-10-19 22:15:00",197056,12.81,20.1,749.2,18.88,47.39
"2022-10-19 22:20:00",197057,12.81,19.97,749.2,18.83,47.16
"2022-10-19 22:25:00",197058,12.81,19.88,749.3,18.89,46.98
"2022-10-19 22:30:00",197059,12.81,19.76,749.3,18.83,47.42
"2022-10-19 22:35:00",197060,12.81,19.65,749.4,18.71,47.9
"2022-10-19 22:40:00",197061,12.81,19.54,749.4,18.62,47.77
"2022-10-19 22:45:00",197062,12.81,19.43,749.4,18.45,47.93
"2022-10-19 22:50:00",197063,12.8,19.32,749.4,18.66,47.68
"2022-10-19 22:55:00",197064,12.8,19.25,749.4,18.57,48.14
"2022-10-19 23:00:00",197065,12.8,19.17,749.4,18.28,48.45
"2022-10-19 23:05:00",197066,12.8,19.06,749.4,18.39,47.99
"2022-10-19 23:10:00",197067,12.8,18.95,749.4,17.99,49.38
"2022-10-19 23:15:00",197068,12.79,18.86,749.4,17.79,50.41
"2022-10-19 23:20:00",197069,12.79,18.77,749.4,17.77,51.12
"2022-10-19 23:25:00",197070,12.79,18.7,749.3,17.7,51.08
"2022-10-19 23:30:00",197071,12.79,18.55,749.3,17.57,51.69
"2022-10-19 23:35:00",197072,12.79,18.46,749.3,17.41,53.67
"2022-10-19 23:40:00",197073,12.79,18.36,749.3,17.06,53.38
"2022-10-19 23:45:00",197074,12.78,18.25,749.2,16.87,54.12
"2022-10-19 23:50:00",197075,12.78,18.15,749.2,16.8,54.66
"2022-10-19 23:55:00",197076,12.78,17.99,749.2,16.69,54.76
"2022-10-20 00:00:00",197077,12.78,17.87,749.1,16.55,55.14
"2022-10-20 00:05:00",197078,12.78,17.71,749.2,16.4,55.73
"2022-10-20 00:10:00",197079,12.77,17.58,749.1,16.38,55.7
"2022-10-20 00:15:00",197080,12.77,17.46,749.1,16.2,55.97
"2022-10-20 00:20:00",197081,12.77,17.35,749.1,16.26,55.31
"2022-10-20 00:25:00",197082,12.77,17.25,749.1,16.2,55.18
"2022-10-20 00:30:00",197083,12.76,17.17,749,16.08,53.51
"2022-10-20 00:35:00",197084,12.76,17.07,749,15.96,53
"2022-10-20 00:40:00",197085,12.76,17.01,749,15.76,53.31
"2022-10-20 00:45:00",197086,12.76,16.93,749,15.81,53.72
"2022-10-20 00:50:00",197087,12.75,16.83,748.9,15.66,53.91
"2022-10-20 00:55:00",197088,12.75,16.72,748.9,15.34,54.08
"2022-10-20 01:00:00",197089,12.75,16.59,748.9,15.14,55.51
"2022-10-20 01:05:00",197090,12.75,16.45,748.9,15.18,54.02
"2022-10-20 01:10:00",197091,12.74,16.32,748.9,15.25,53.91
"2022-10-20 01:15:00",197092,12.74,16.24,748.9,15.16,52.46
"2022-10-20 01:20:00",197093,12.74,16.14,748.9,15.16,51.85
"2022-10-20 01:25:00",197094,12.74,16.07,748.9,15.02,52.44
"2022-10-20 01:30:00",197095,12.73,16.01,748.9,15.31,53.22
"2022-10-20 01:35:00",197096,12.73,15.95,748.9,15.32,51.22
"2022-10-20 01:40:00",197097,12.72,15.92,748.8,15.15,52.73
"2022-10-20 01:45:00",197098,12.72,15.9,748.8,14.89,51.87
"2022-10-20 01:50:00",197099,12.72,15.84,748.9,14.86,51.34
"2022-10-20 01:55:00",197100,12.71,15.77,748.8,14.79,55.67
"2022-10-20 02:00:00",197101,12.71,15.69,748.8,14.19,59.4
"2022-10-20 02:05:00",197102,12.71,15.57,748.8,13.9,61.4
"2022-10-20 02:10:00",197103,12.7,15.43,748.8,13.53,58.58
"2022-10-20 02:15:00",197104,12.7,15.28,748.9,13.61,62.33
"2022-10-20 02:20:00",197105,12.69,15.07,748.8,13.76,60.88
"2022-10-20 02:25:00",197106,12.69,14.91,748.8,13.68,62.22
"2022-10-20 02:30:00",197107,12.69,14.77,748.8,14.08,60.01
"2022-10-20 02:35:00",197108,12.69,14.62,748.8,13.95,61.68
"2022-10-20 02:40:00",197109,12.69,14.52,748.8,13.73,62
"2022-10-20 02:45:00",197110,12.69,14.38,748.8,13.35,63.52
"2022-10-20 02:50:00",197111,12.68,14.24,748.8,13.51,56.74
"2022-10-20 02:55:00",197112,12.68,14.16,748.8,13.37,58.31
"2022-10-20 03:00:00",197113,12.68,14.08,748.8,13.26,61.86
"2022-10-20 03:05:00",197114,12.67,13.99,748.7,13.2,57.33
"2022-10-20 03:10:00",197115,12.67,13.91,748.7,13.12,53.39
"2022-10-20 03:15:00",197116,12.67,13.83,748.7,13.46,52.1
"2022-10-20 03:20:00",197117,12.66,13.78,748.8,13.3,54.05
"2022-10-20 03:25:00",197118,12.66,13.81,748.8,13.4,51.54
"2022-10-20 03:30:00",197119,12.66,13.83,748.9,13.44,52.03
"2022-10-20 03:35:00",197120,12.66,13.83,748.8,13.14,56.15
"2022-10-20 03:40:00",197121,12.65,13.82,748.8,12.78,57.44
"2022-10-20 03:45:00",197122,12.65,13.72,748.8,12.68,58.8
"2022-10-20 03:50:00",197123,12.65,13.61,748.8,12.48,60.07
"2022-10-20 03:55:00",197124,12.65,13.53,748.9,12.38,58.81
"2022-10-20 04:00:00",197125,12.64,13.45,748.9,12.5,59.99
"2022-10-20 04:05:00",197126,12.64,13.39,748.9,12.4,58.93
"2022-10-20 04:10:00",197127,12.64,13.3,748.9,12.39,58.63
"2022-10-20 04:15:00",197128,12.64,13.2,749,12.22,57.29
"2022-10-20 04:20:00",197129,12.63,13.12,749,12.25,57.21
"2022-10-20 04:25:00",197130,12.63,13.1,749,12.18,50.88
"2022-10-20 04:30:00",197131,12.63,13.06,749,12.32,50.44
"2022-10-20 04:35:00",197132,12.63,13.04,749.1,12.16,47.25
"2022-10-20 04:40:00",197133,12.63,13.02,749.2,12.2,48.37
"2022-10-20 04:45:00",197134,12.62,12.98,749.1,12.35,48.79
"2022-10-20 04:50:00",197135,12.62,12.94,749.1,11.92,54.73
"2022-10-20 04:55:00",197136,12.62,12.86,749.1,11.45,55.68
"2022-10-20 05:00:00",197137,12.62,12.66,749.2,11.39,57.61
"2022-10-20 05:05:00",197138,12.62,12.55,749.3,11.29,56.46
"2022-10-20 05:10:00",197139,12.62,12.43,749.3,11.28,55.08
"2022-10-20 05:15:00",197140,12.62,12.32,749.3,11.23,55.26
"2022-10-20 05:20:00",197141,12.62,12.17,749.4,11.52,54.37
"2022-10-20 05:25:00",197142,12.62,12.08,749.5,11.43,55.35
"2022-10-20 05:30:00",197143,12.62,11.97,749.5,11.6,54.29
"2022-10-20 05:35:00",197144,12.61,11.93,749.6,11.72,55.21
"2022-10-20 05:40:00",197145,12.61,11.92,749.6,11.57,54.77
"2022-10-20 05:45:00",197146,12.61,11.9,749.7,11.61,55.91
"2022-10-20 05:50:00",197147,12.61,11.95,749.7,11.63,53.57
"2022-10-20 05:55:00",197148,12.61,11.97,749.7,11.64,52.81
"2022-10-20 06:00:00",197149,12.63,11.97,749.7,11.68,57.33
"2022-10-20 06:05:00",197150,12.65,12.03,749.8,11.61,58.83
"2022-10-20 06:10:00",197151,12.7,12.11,749.8,11.65,59.05
"2022-10-20 06:15:00",197152,12.74,12.2,749.9,11.15,64.25
"2022-10-20 06:20:00",197153,12.79,12.3,750,11.17,60.39
"2022-10-20 06:25:00",197154,12.88,12.41,750,11.58,58.51
"2022-10-20 06:30:00",197155,12.97,12.53,750.1,11.88,54.54
"2022-10-20 06:35:00",197156,13.14,12.78,750.1,12.66,52.84
"2022-10-20 06:40:00",197157,13.28,13.05,750.2,13.02,47.55
"2022-10-20 06:45:00",197158,13.5,13.37,750.3,12.96,53.97
"2022-10-20 06:50:00",197159,13.54,13.72,750.4,13.18,53.73
"2022-10-20 06:55:00",197160,13.54,13.98,750.4,13.24,50.9
"2022-10-20 07:00:00",197161,13.58,14.25,750.4,13.14,48.8
"2022-10-20 07:05:00",197162,13.87,14.67,750.5,13.17,49.42
"2022-10-20 07:10:00",197163,13.85,16.08,750.5,14.09,47.31
"2022-10-20 07:15:00",197164,13.82,17.02,750.6,15.08,45.88
"2022-10-20 07:20:00",197165,13.82,17.72,750.6,16.75,41.67
"2022-10-20 07:25:00",197166,13.79,18.41,750.7,17.26,40.19
"2022-10-20 07:30:00",197167,13.76,19.1,750.7,17.49,40.51
"2022-10-20 07:35:00",197168,13.74,19.07,750.8,16.99,42.85
"2022-10-20 07:40:00",197169,13.76,19.94,750.9,16.58,46.25
"2022-10-20 07:45:00",197170,13.73,20.4,750.9,16.62,44.87
"2022-10-20 07:50:00",197171,13.73,20.77,750.9,16.55,45.3
"2022-10-20 07:55:00",197172,13.73,21.17,750.9,17.51,41.28
"2022-10-20 08:00:00",197173,13.71,21.69,751,19.3,36.68
"2022-10-20 08:05:00",197174,13.71,22.32,751,19.42,35.06
"2022-10-20 08:10:00",197175,13.71,22.85,751,19.47,33.98
"2022-10-20 08:15:00",197176,13.68,23.31,751,20.52,31.39
"2022-10-20 08:20:00",197177,13.68,23.95,751,20.38,30.91
"2022-10-20 08:25:00",197178,13.65,24.5,751,20.64,30.34
"2022-10-20 08:30:00",197179,13.65,25.05,751.1,20.21,30.9
"2022-10-20 08:35:00",197180,13.63,25.52,751,20.42,29.11
"2022-10-20 08:40:00",197181,13.63,25.95,751,21.32,28.31
"2022-10-20 08:45:00",197182,13.63,26.45,751,20.87,27.74
"2022-10-20 08:50:00",197183,13.6,26.91,750.9,20.91,28.75
"2022-10-20 08:55:00",197184,13.6,27.31,750.9,21.21,28.78
"2022-10-20 09:00:00",197185,13.6,27.64,750.8,21.5,28.19
"2022-10-20 09:05:00",197186,13.58,27.83,750.8,20.3,30.77
"2022-10-20 09:10:00",197187,13.58,27.85,750.7,20.71,30.54
"2022-10-20 09:15:00",197188,13.58,27.83,750.7,21.19,29.78
"2022-10-20 09:20:00",197189,13.58,27.86,750.6,21.05,29.84
"2022-10-20 09:25:00",197190,13.58,27.98,750.5,21.16,29.94
"2022-10-20 09:30:00",197191,13.58,28.16,750.5,21.83,29.2
"2022-10-20 09:35:00",197192,13.58,28.41,750.4,21.92,27.18
"2022-10-20 09:40:00",197193,13.58,28.68,750.4,21.76,25.51
"2022-10-20 09:45:00",197194,13.58,28.85,750.3,21.37,28.22
"2022-10-20 09:50:00",197195,13.55,28.96,750.2,22.09,29.08
"2022-10-20 09:55:00",197196,13.55,29.16,750.2,22.17,25.13
"2022-10-20 10:00:00",197197,13.56,29.41,750,23.37,26.17
"2022-10-20 10:05:00",197198,13.56,29.76,750,23.05,24.17
"2022-10-20 10:10:00",197199,13.55,30.03,749.9,22.57,23.25
"2022-10-20 10:15:00",197200,13.53,30.29,749.8,23.7,23.67
"2022-10-20 10:20:00",197201,13.53,30.58,749.7,23.33,22.54
"2022-10-20 10:25:00",197202,13.53,30.86,749.7,23.17,23.43
"2022-10-20 10:30:00",197203,13.53,31.07,749.6,24.01,19.62
"2022-10-20 10:35:00",197204,13.53,31.35,749.5,24.05,17.25
"2022-10-20 10:40:00",197205,13.51,31.57,749.4,23.89,20.44
"2022-10-20 10:45:00",197206,13.51,31.76,749.3,23.89,20.93
"2022-10-20 10:50:00",197207,13.51,31.96,749.2,24.17,19.97
"2022-10-20 10:55:00",197208,13.51,32.16,749.2,25,20.02
"2022-10-20 11:00:00",197209,13.51,32.39,749.1,24.7,22.29
"2022-10-20 11:05:00",197210,13.49,32.57,749,24.93,20.75
"2022-10-20 11:10:00",197211,13.49,32.69,748.9,24.28,21.5
"2022-10-20 11:15:00",197212,13.49,32.78,748.8,24.64,20.7
"2022-10-20 11:20:00",197213,13.49,32.82,748.8,24.91,19.74
"2022-10-20 11:25:00",197214,13.49,32.96,748.7,25.79,19.17
"2022-10-20 11:30:00",197215,13.49,33.14,748.6,25.74,18.81
"2022-10-20 11:35:00",197216,13.49,33.36,748.5,26.82,17.96
"2022-10-20 11:40:00",197217,13.47,33.61,748.4,26.72,16.27
"2022-10-20 11:45:00",197218,13.47,33.84,748.3,26.72,16.83
"2022-10-20 11:50:00",197219,13.46,34.04,748.2,26.58,15.98
"2022-10-20 11:55:00",197220,13.47,34.17,748.1,26.87,15.01
"2022-10-20 12:00:00",197221,13.47,34.29,747.9,27.4,15.95
"2022-10-20 12:05:00",197222,13.47,34.38,747.8,26.68,17.29
"2022-10-20 12:10:00",197223,13.47,34.31,747.6,26.95,17.13
"2022-10-20 12:15:00",197224,13.47,34.22,747.5,28.14,13.65
"2022-10-20 12:20:00",197225,13.47,34.21,747.4,27.19,14.39
"2022-10-20 12:25:00",197226,13.47,34.23,747.3,27.04,12.75
"2022-10-20 12:30:00",197227,13.47,34.16,747.1,27.24,12.12
"2022-10-20 12:35:00",197228,13.47,34.07,747,27.9,13.82
"2022-10-20 12:40:00",197229,13.47,34.01,746.9,27.38,12.62
"2022-10-20 12:45:00",197230,13.47,33.92,746.8,27.22,13.11
"2022-10-20 12:50:00",197231,13.47,33.84,746.5,28.35,11.02
"2022-10-20 12:55:00",197232,13.47,33.79,746.4,28.38,10.77
"2022-10-20 13:00:00",197233,13.47,33.76,746.3,28.63,10.02
"2022-10-20 13:05:00",197234,13.47,33.81,746.1,28.64,11.53
"2022-10-20 13:10:00",197235,13.47,33.94,746,28.71,12.57
"2022-10-20 13:15:00",197236,13.47,33.98,745.6,28.23,13.15
"2022-10-20 13:20:00",197237,13.47,33.93,745.8,28.28,12.44
"2022-10-20 13:25:00",197238,13.47,33.83,745.6,27.56,12.7
"2022-10-20 13:30:00",197239,13.47,33.68,745.6,28.31,12.16
"2022-10-20 13:35:00",197240,13.47,33.64,745.4,28.17,11.22
"2022-10-20 13:40:00",197241,13.47,33.64,745.3,28.54,10.52
"2022-10-20 13:45:00",197242,13.47,33.62,745.2,28.62,10.52
"2022-10-20 13:50:00",197243,13.47,33.63,745.2,28.54,10.67
"2022-10-20 13:55:00",197244,13.47,33.65,744.9,28.42,10.66
"2022-10-20 14:00:00",197245,13.47,33.62,745,28.24,10.65
"2022-10-20 14:05:00",197246,13.47,33.55,744.9,28.3,9.94
"2022-10-20 14:10:00",197247,13.47,33.47,744.8,28.92,9.67
"2022-10-20 14:15:00",197248,13.47,33.45,744.7,28.54,11.45
"2022-10-20 14:20:00",197249,13.47,33.4,744.7,28.32,10.87
"2022-10-20 14:25:00",197250,13.47,33.37,744.6,28.66,11.03
"2022-10-20 14:30:00",197251,13.47,33.47,744.5,29.44,11.56
"2022-10-20 14:35:00",197252,13.47,33.6,744.4,28.77,12.32
"2022-10-20 14:40:00",197253,13.47,33.6,744.2,28.65,11.03
"2022-10-20 14:45:00",197254,13.47,33.55,744.2,28.45,11.74
"2022-10-20 14:50:00",197255,13.47,33.49,744,29.17,10.98
"2022-10-20 14:55:00",197256,13.47,33.48,743.9,29.21,12.13
"2022-10-20 15:00:00",197257,13.47,33.73,743.8,29.11,10.83
"2022-10-20 15:05:00",197258,13.47,33.98,743.6,29.81,10.64
"2022-10-20 15:10:00",197259,13.47,34.11,743.7,29.24,12.27
"2022-10-20 15:15:00",197260,13.45,34.19,743.6,29.99,10.5
"2022-10-20 15:20:00",197261,13.45,34.31,743.6,28.82,11.46
"2022-10-20 15:25:00",197262,13.45,34.34,743.5,29.11,10.76
"2022-10-20 15:30:00",197263,13.45,34.34,743.4,29.45,9.48
"2022-10-20 15:35:00",197264,13.45,34.38,743.4,28.9,9.46
"2022-10-20 15:40:00",197265,13.45,34.4,743.3,29.26,9.76
"2022-10-20 15:45:00",197266,13.45,34.46,743.3,28.96,9.53
"2022-10-20 15:50:00",197267,13.45,34.51,743.2,29.93,10.07
"2022-10-20 15:55:00",197268,13.45,34.62,743.2,29.13,9.61
"2022-10-20 16:00:00",197269,13.45,34.68,743.1,28.72,10.85
"2022-10-20 16:05:00",197270,13.45,34.72,743,28.76,10.96
"2022-10-20 16:10:00",197271,13.45,34.65,743.1,28.89,10.46
"2022-10-20 16:15:00",197272,13.45,34.61,743.1,29.7,9.63
"2022-10-20 16:20:00",197273,13.45,34.72,743.1,29.02,10.54
"2022-10-20 16:25:00",197274,13.45,34.85,743.1,29.53,10.7
"2022-10-20 16:30:00",197275,13.45,35.03,743.2,29.77,15.15
"2022-10-20 16:35:00",197276,13.45,35.2,743.1,28.65,19.75
"2022-10-20 16:40:00",197277,13.45,35.29,743.1,28.16,20.7
"2022-10-20 16:45:00",197278,13.45,35.27,743,27.82,20.19
"2022-10-20 16:50:00",197279,13.45,35.16,743,27.64,19.83
"2022-10-20 16:55:00",197280,13.45,34.94,742.9,27.48,19.68
"2022-10-20 17:00:00",197281,13.45,34.68,743,27.69,19.9
"2022-10-20 17:05:00",197282,13.45,34.49,743,27.6,18.99
"2022-10-20 17:10:00",197283,13.45,34.31,743,27.73,20.78
"2022-10-20 17:15:00",197284,13.45,34.12,743.1,27.39,23.43
"2022-10-20 17:20:00",197285,13.45,33.87,743,27.1,24.21
"2022-10-20 17:25:00",197286,13.45,33.59,743.1,27,24.24
"2022-10-20 17:30:00",197287,13.44,33.14,743.2,26.38,26.33
"2022-10-20 17:35:00",197288,13.44,32.39,743.3,26.2,26.59
"2022-10-20 17:40:00",197289,13.41,31.69,743.4,25.76,28.19
"2022-10-20 17:45:00",197290,13.36,31.08,743.6,25.47,28.3
"2022-10-20 17:50:00",197291,13.3,30.58,743.7,25.65,28.18
"2022-10-20 17:55:00",197292,13.23,30.16,743.8,25.13,28.85
"2022-10-20 18:00:00",197293,13.16,29.77,743.9,24.9,28.77
"2022-10-20 18:05:00",197294,13.09,29.36,744,24.59,30.43
"2022-10-20 18:10:00",197295,13.02,28.81,744.1,24.41,29.78
"2022-10-20 18:15:00",197296,12.97,28.32,744.3,24.38,29.91
"2022-10-20 18:20:00",197297,12.93,27.88,744.2,23.95,31.82
"2022-10-20 18:25:00",197298,12.91,27.59,744.5,23.83,31.21
"2022-10-20 18:30:00",197299,12.89,27.02,744.6,23.84,30.67
"2022-10-20 18:35:00",197300,12.89,26.65,744.7,23.73,31.64
"2022-10-20 18:40:00",197301,12.89,26.29,744.6,23.29,33.14
"2022-10-20 18:45:00",197302,12.88,25.97,744.7,23.24,33.16
"2022-10-20 18:50:00",197303,12.88,25.68,744.7,23.01,34.01
"2022-10-20 18:55:00",197304,12.87,25.44,744.8,22.7,35.27
"2022-10-20 19:00:00",197305,12.87,25.34,745,22.57,35.46
"2022-10-20 19:05:00",197306,12.87,24.97,745,22.65,35.1
"2022-10-20 19:10:00",197307,12.87,24.78,745.1,22.52,35.29
"2022-10-20 19:15:00",197308,12.86,24.59,745.2,22.43,35.28
"2022-10-20 19:20:00",197309,12.86,24.45,745.3,22.49,34.69
"2022-10-20 19:25:00",197310,12.86,24.31,745.4,22.37,35.38
"2022-10-20 19:30:00",197311,12.86,24.19,745.4,22.14,36.37
"2022-10-20 19:35:00",197312,12.86,24.07,745.6,21.93,36.75
"2022-10-20 19:40:00",197313,12.86,23.94,745.7,22.29,35.7
"2022-10-20 19:45:00",197314,12.85,23.89,745.9,22.45,35.85
"2022-10-20 19:50:00",197315,12.85,23.85,746.1,22.25,36.19
"2022-10-20 19:55:00",197316,12.85,23.81,746.3,22.19,36.18
"2022-10-20 20:00:00",197317,12.85,23.75,746.5,22.01,36.95
"2022-10-20 20:05:00",197318,12.85,23.64,746.6,21.99,36.69
"2022-10-20 20:10:00",197319,12.85,23.51,746.6,21.79,37.46
"2022-10-20 20:15:00",197320,12.85,23.37,746.6,21.44,38.7
"2022-10-20 20:20:00",197321,12.85,23.24,746.7,21.21,39.26
"2022-10-20 20:25:00",197322,12.85,23.08,746.8,20.96,40.11
"2022-10-20 20:30:00",197323,12.84,22.93,746.9,20.86,40.36
"2022-10-20 20:35:00",197324,12.84,22.76,746.8,20.64,41.21
"2022-10-20 20:40:00",197325,12.84,22.6,747,20.47,41.61
"2022-10-20 20:45:00",197326,12.84,22.46,747.1,20.44,41.87
"2022-10-20 20:50:00",197327,12.84,22.33,747.2,20.48,41.81
"2022-10-20 20:55:00",197328,12.84,22.22,747.4,20.48,42.03
"2022-10-20 21:00:00",197329,12.84,22.11,747.5,20.33,41.92
"2022-10-20 21:05:00",197330,12.84,21.93,747.7,20.42,41.41
"2022-10-20 21:10:00",197331,12.84,21.81,747.7,20.36,41.73
"2022-10-20 21:15:00",197332,12.83,21.75,747.8,20.24,42.42
"2022-10-20 21:20:00",197333,12.83,21.66,747.8,20,42.85
"2022-10-20 21:25:00",197334,12.83,21.56,747.9,20.07,42.4
"2022-10-20 21:30:00",197335,12.83,21.49,748,20.34,41.76
"2022-10-20 21:35:00",197336,12.83,21.43,748,20.35,41.41
"2022-10-20 21:40:00",197337,12.83,21.39,748,20.45,41
"2022-10-20 21:45:00",197338,12.83,21.36,748.1,20.57,40.91
"2022-10-20 21:50:00",197339,12.83,21.37,748.1,20.59,41.3
"2022-10-20 21:55:00",197340,12.82,21.36,748.2,20.69,40.6
"2022-10-20 22:00:00",197341,12.82,21.37,748.2,20.76,40.03
"2022-10-20 22:05:00",197342,12.82,21.39,748.2,20.92,39
"2022-10-20 22:10:00",197343,12.82,21.44,748.3,20.92,38.68
"2022-10-20 22:15:00",197344,12.82,21.47,748.3,20.92,38.61
"2022-10-20 22:20:00",197345,12.82,21.51,748.4,20.84,38.93
"2022-10-20 22:25:00",197346,12.81,21.53,748.5,20.77,40.09
"2022-10-20 22:30:00",197347,12.82,21.53,748.5,20.58,40.78
"2022-10-20 22:35:00",197348,12.82,21.51,748.5,20.31,41.72
"2022-10-20 22:40:00",197349,12.82,21.47,748.5,19.97,42.46
"2022-10-20 22:45:00",197350,12.81,21.4,748.6,19.94,42.2
"2022-10-20 22:50:00",197351,12.81,21.35,748.6,19.68,43.35
"2022-10-20 22:55:00",197352,12.81,21.25,748.6,19.28,44.9
"2022-10-20 23:00:00",197353,12.81,21.13,748.7,19.24,45.38
"2022-10-20 23:05:00",197354,12.81,21,748.6,19.04,46.49
"2022-10-20 23:10:00",197355,12.81,20.88,748.7,18.93,47.3
"2022-10-20 23:15:00",197356,12.8,20.74,748.7,18.83,47.86
"2022-10-20 23:20:00",197357,12.8,20.62,748.6,18.49,49.29
"2022-10-20 23:25:00",197358,12.8,20.47,748.6,18.6,49.15
"2022-10-20 23:30:00",197359,12.8,20.33,748.5,18.51,49.88
"2022-10-20 23:35:00",197360,12.8,20.22,748.4,18.55,50.02
"2022-10-20 23:40:00",197361,12.8,20.13,748.4,18.55,49.98
"2022-10-20 23:45:00",197362,12.8,19.84,748.4,18.55,49.89
"2022-10-20 23:50:00",197363,12.8,19.72,748.4,18.67,49.47
"2022-10-20 23:55:00",197364,12.8,19.62,748.3,18.55,49.98
"2022-10-21 00:00:00",197365,12.8,19.57,748.3,18.49,50.29
"2022-10-21 00:05:00",197366,12.79,19.51,748.3,18.51,50.2
"2022-10-21 00:10:00",197367,12.79,19.44,748.2,18.59,49.96
"2022-10-21 00:15:00",197368,12.79,19.41,748.2,18.63,49.87
"2022-10-21 00:20:00",197369,12.79,19.38,748.3,18.58,50.02
"2022-10-21 00:25:00",197370,12.79,19.36,748.3,18.53,50.2
"2022-10-21 00:30:00",197371,12.79,19.34,748.2,18.46,50.54
"2022-10-21 00:35:00",197372,12.79,19.34,748.2,18.39,51.02
"2022-10-21 00:40:00",197373,12.78,19.32,748.2,18.19,52.08
"2022-10-21 00:45:00",197374,12.78,19.29,748.2,18.06,53.24
"2022-10-21 00:50:00",197375,12.78,19.23,748.2,17.95,54.12
"2022-10-21 00:55:00",197376,12.78,19.16,748.2,17.82,55.05
"2022-10-21 01:00:00",197377,12.78,19.09,748.2,17.7,55.83
"2022-10-21 01:05:00",197378,12.78,19.03,748.2,17.66,56.22
"2022-10-21 01:10:00",197379,12.77,18.96,748.2,17.69,56.19
"2022-10-21 01:15:00",197380,12.77,18.89,748.3,17.71,56.32
"2022-10-21 01:20:00",197381,12.77,18.83,748.3,17.43,57.53
"2022-10-21 01:25:00",197382,12.77,18.72,748.3,17.24,58.41
"2022-10-21 01:30:00",197383,12.77,18.62,748.4,17.17,58.79
"2022-10-21 01:35:00",197384,12.76,18.54,748.4,17.19,58.76
"2022-10-21 01:40:00",197385,12.76,18.43,748.4,17.16,58.91
"2022-10-21 01:45:00",197386,12.76,18.32,748.4,17.11,59.17
"2022-10-21 01:50:00",197387,12.76,18.22,748.3,17.02,59.4
"2022-10-21 01:55:00",197388,12.76,18.09,748.2,16.86,60.06
"2022-10-21 02:00:00",197389,12.75,17.98,748.2,16.89,59.95
"2022-10-21 02:05:00",197390,12.75,17.86,748.2,16.97,59.69
"2022-10-21 02:10:00",197391,12.75,17.78,748.2,16.82,60.06
"2022-10-21 02:15:00",197392,12.75,17.69,748.2,16.64,60.75
"2022-10-21 02:20:00",197393,12.74,17.58,748.2,16.3,62.04
"2022-10-21 02:25:00",197394,12.74,17.47,748.2,16.08,63.01
"2022-10-21 02:30:00",197395,12.74,17.23,748.2,15.94,63.73
"2022-10-21 02:35:00",197396,12.74,17.04,748.2,15.9,64.19
"2022-10-21 02:40:00",197397,12.73,16.9,748.1,15.56,64.66
"2022-10-21 02:45:00",197398,12.73,16.75,748.1,15.45,64.59
"2022-10-21 02:50:00",197399,12.73,16.6,748.1,15.36,65.16
"2022-10-21 02:55:00",197400,12.73,16.48,748.1,15.47,64.97
"2022-10-21 03:00:00",197401,12.72,16.42,748.2,15.94,63.05
"2022-10-21 03:05:00",197402,12.72,16.4,748.2,15.98,60.07
"2022-10-21 03:10:00",197403,12.72,16.41,748.2,15.85,59.75
"2022-10-21 03:15:00",197404,12.71,16.43,748.3,15.84,59.54
"2022-10-21 03:20:00",197405,12.71,16.46,748.3,15.8,59.09
"2022-10-21 03:25:00",197406,12.71,16.47,748.3,15.79,58.72
"2022-10-21 03:30:00",197407,12.7,16.48,748.3,15.81,58.48
"2022-10-21 03:35:00",197408,12.7,16.48,748.4,15.74,58.41
"2022-10-21 03:40:00",197409,12.7,16.46,748.4,15.66,58.64
"2022-10-21 03:45:00",197410,12.7,16.44,748.4,15.77,57.72
"2022-10-21 03:50:00",197411,12.69,16.4,748.4,15.62,58.39
"2022-10-21 03:55:00",197412,12.69,16.38,748.5,15.35,58.95
"2022-10-21 04:00:00",197413,12.69,16.32,748.5,15.04,59.23
"2022-10-21 04:05:00",197414,12.68,16.22,748.6,15,58.54
"2022-10-21 04:10:00",197415,12.68,16.13,748.5,14.88,57.71
"2022-10-21 04:15:00",197416,12.68,16.06,748.5,15.06,57.04
"2022-10-21 04:20:00",197417,12.67,15.98,748.5,15.32,55.38
"2022-10-21 04:25:00",197418,12.67,15.93,748.6,15.08,58.34
"2022-10-21 04:30:00",197419,12.67,15.87,748.7,15.01,56.73
"2022-10-21 04:35:00",197420,12.66,15.79,748.8,15.05,59.56
"2022-10-21 04:40:00",197421,12.66,15.72,748.8,14.6,60.78
"2022-10-21 04:45:00",197422,12.66,15.64,748.9,14.51,61.03
"2022-10-21 04:50:00",197423,12.65,15.56,748.9,14.57,61.75
"2022-10-21 04:55:00",197424,12.65,15.5,748.9,14.51,62.21
"2022-10-21 05:00:00",197425,12.65,15.43,748.9,14.19,64.02
"2022-10-21 05:05:00",197426,12.64,15.37,749,14.09,63.88
"2022-10-21 05:10:00",197427,12.64,15.22,749,13.98,64.3
"2022-10-21 05:15:00",197428,12.64,15.03,749.1,14.13,62.8
"2022-10-21 05:20:00",197429,12.64,14.92,749.2,14.05,63.08
"2022-10-21 05:25:00",197430,12.64,14.85,749.2,14,60.41
"2022-10-21 05:30:00",197431,12.63,14.76,749.2,13.88,59.82
"2022-10-21 05:35:00",197432,12.63,14.67,749.2,13.78,60.46
"2022-10-21 05:40:00",197433,12.63,14.57,749.3,13.61,60.85
"2022-10-21 05:45:00",197434,12.63,14.48,749.3,13.61,60.91
"2022-10-21 05:50:00",197435,12.63,14.42,749.3,13.62,62.53
"2022-10-21 05:55:00",197436,12.63,14.37,749.4,13.57,65.28
"2022-10-21 06:00:00",197437,12.65,14.34,749.4,13.54,65.25
"2022-10-21 06:05:00",197438,12.67,14.32,749.5,13.61,65.03
"2022-10-21 06:10:00",197439,12.7,14.31,749.6,13.66,65.56
"2022-10-21 06:15:00",197440,12.74,14.32,749.7,13.64,65.88
"2022-10-21 06:20:00",197441,12.77,14.36,749.8,13.52,65.39
"2022-10-21 06:25:00",197442,12.89,14.43,749.8,13.68,64.51
"2022-10-21 06:30:00",197443,12.95,14.59,749.9,14.12,62.89
"2022-10-21 06:35:00",197444,13.16,14.81,750,14.04,64.55
"2022-10-21 06:40:00",197445,13.27,15.07,750,14.48,62.12
"2022-10-21 06:45:00",197446,13.32,15.3,750.1,14.67,60.9
"2022-10-21 06:50:00",197447,13.45,15.57,750.2,15.37,59.29
"2022-10-21 06:55:00",197448,13.57,15.96,750.2,16.01,57.37
"2022-10-21 07:00:00",197449,13.83,16.51,750.3,16.56,56
"2022-10-21 07:05:00",197450,13.81,18.11,750.4,17.62,52.1
"2022-10-21 07:10:00",197451,13.78,19.11,750.3,17.98,50.84
"2022-10-21 07:15:00",197452,13.75,19.94,750.4,18.67,48.06
"2022-10-21 07:20:00",197453,13.73,20.7,750.4,18.68,50.16
"2022-10-21 07:25:00",197454,13.73,21.37,750.5,18.2,53.26
"2022-10-21 07:30:00",197455,13.7,21.86,750.5,18.3,51.54
"2022-10-21 07:35:00",197456,13.7,22.29,750.6,18.24,52.03
"2022-10-21 07:40:00",197457,13.7,22.58,750.6,17.61,53.45
"2022-10-21 07:45:00",197458,13.67,22.83,750.7,17.65,53.77
"2022-10-21 07:50:00",197459,13.68,22.83,750.7,17.68,53.56
"2022-10-21 07:55:00",197460,13.68,22.88,750.7,17.79,54.31
"2022-10-21 08:00:00",197461,13.68,22.98,750.8,18.65,51.56
"2022-10-21 08:05:00",197462,13.68,23.17,750.8,19.42,49
"2022-10-21 08:10:00",197463,13.68,23.46,750.8,19.32,51.06
"2022-10-21 08:15:00",197464,13.68,23.82,750.8,19.82,48.08
"2022-10-21 08:20:00",197465,13.65,24.26,750.8,20.05,46.17
"2022-10-21 08:25:00",197466,13.65,24.78,750.8,20.52,45.21
"2022-10-21 08:30:00",197467,13.63,25.36,750.8,21.47,42.95
"2022-10-21 08:35:00",197468,13.63,25.95,750.7,21.24,42.28
"2022-10-21 08:40:00",197469,13.6,26.58,750.7,20.97,42.25
"2022-10-21 08:45:00",197470,13.6,27.04,750.7,21,41.54
"2022-10-21 08:50:00",197471,13.6,27.47,750.7,21.16,41.66
"2022-10-21 08:55:00",197472,13.58,27.91,750.6,21.17,41.3
"2022-10-21 09:00:00",197473,13.58,28.3,750.6,20.92,41.27
"2022-10-21 09:05:00",197474,13.58,28.61,750.5,21.4,40.35
"2022-10-21 09:10:00",197475,13.55,28.93,750.5,21.27,37.86
"2022-10-21 09:15:00",197476,13.55,29.21,750.5,22.16,36.21
"2022-10-21 09:20:00",197477,13.55,29.51,750.5,21.87,37.3
"2022-10-21 09:25:00",197478,13.55,29.89,750.4,21.55,37.96
"2022-10-21 09:30:00",197479,13.53,30.18,750.3,22.03,36.6
"2022-10-21 09:35:00",197480,13.53,30.4,750.3,22.12,36.44
"2022-10-21 09:40:00",197481,13.53,30.66,750.2,23.04,35.61
"2022-10-21 09:45:00",197482,13.53,31,750.1,22.52,36.02
"2022-10-21 09:50:00",197483,13.51,31.23,750.1,21.73,36.4
"2022-10-21 09:55:00",197484,13.51,31.31,750,22.42,35.94
"2022-10-21 10:00:00",197485,13.51,31.43,750,22.56,34.63
"2022-10-21 10:05:00",197486,13.51,31.59,749.9,22.7,33.72
"2022-10-21 10:10:00",197487,13.51,31.74,749.8,22.83,34.09
"2022-10-21 10:15:00",197488,13.51,31.82,749.7,22.1,34.26
"2022-10-21 10:20:00",197489,13.51,31.84,749.6,22.6,33.9
"2022-10-21 10:25:00",197490,13.51,31.91,749.5,22.67,31.88
"2022-10-21 10:30:00",197491,13.51,32.02,749.5,23.48,31.18
"2022-10-21 10:35:00",197492,13.51,32.15,749.3,23.47,30.88
"2022-10-21 10:40:00",197493,13.49,32.35,749.3,24.26,30.04
"2022-10-21 10:45:00",197494,13.49,32.56,749.1,23.99,31.36
"2022-10-21 10:50:00",197495,13.49,32.73,749,23.5,30.91
"2022-10-21 10:55:00",197496,13.49,32.87,749,24.5,28.97
"2022-10-21 11:00:00",197497,13.49,33.02,748.9,23.73,29.28
"2022-10-21 11:05:00",197498,13.49,33.12,748.8,24.07,30.63
"2022-10-21 11:10:00",197499,13.49,33.21,748.8,24.1,29.75
"2022-10-21 11:15:00",197500,13.49,33.3,748.7,25.34,27.82
"2022-10-21 11:20:00",197501,13.49,33.48,748.6,25.09,26.57
"2022-10-21 11:25:00",197502,13.46,33.63,748.6,25.08,25.17
"2022-10-21 11:30:00",197503,13.47,33.82,748.4,25,25.95
"2022-10-21 11:35:00",197504,13.46,34.03,748.4,26.82,25.05
"2022-10-21 11:40:00",197505,13.47,34.32,748.3,25.27,25.28
"2022-10-21 11:45:00",197506,13.46,34.42,748.1,25.4,25.5
"2022-10-21 11:50:00",197507,13.47,34.4,748,25.57,25.31
"2022-10-21 11:55:00",197508,13.47,34.45,748,26.64,24.21
"2022-10-21 12:00:00",197509,13.46,34.52,747.8,25.61,24.69
"2022-10-21 12:05:00",197510,13.47,34.51,747.7,26.08,24.17
"2022-10-21 12:10:00",197511,13.47,34.41,747.6,25.92,23.09
"2022-10-21 12:15:00",197512,13.47,34.29,747.6,26.29,23.08
"2022-10-21 12:20:00",197513,13.47,34.27,747.4,27.48,21.11
"2022-10-21 12:25:00",197514,13.47,34.4,747.3,27.22,21.34
"2022-10-21 12:30:00",197515,13.47,34.48,747,26.84,23.74
"2022-10-21 12:35:00",197516,13.44,34.46,747.1,26.65,21.96
"2022-10-21 12:40:00",197517,13.45,34.4,746.9,27.18,21.62
"2022-10-21 12:45:00",197518,13.44,34.33,746.8,27.36,21.49
"2022-10-21 12:50:00",197519,13.44,34.23,746.6,26.5,22.3
"2022-10-21 12:55:00",197520,13.45,34.11,746.4,26.51,23.1
"2022-10-21 13:00:00",197521,13.44,33.99,746.3,26.6,22.76
"2022-10-21 13:05:00",197522,13.44,33.88,746.2,27.53,22.4
"2022-10-21 13:10:00",197523,13.44,33.77,746.1,26.27,23.57
"2022-10-21 13:15:00",197524,13.44,33.56,745.9,27.57,22.2
"2022-10-21 13:20:00",197525,13.44,33.49,745.7,28.16,20.98
"2022-10-21 13:25:00",197526,13.45,33.52,745.6,26.94,20.56
"2022-10-21 13:30:00",197527,13.45,33.52,745.4,28.3,21.83
"2022-10-21 13:35:00",197528,13.45,33.58,745.2,27.3,20.61
"2022-10-21 13:40:00",197529,13.45,33.62,745.1,28.04,20.76
"2022-10-21 13:45:00",197530,13.45,33.72,745,28.15,19.58
"2022-10-21 13:50:00",197531,13.45,33.91,744.8,28.3,18.75
"2022-10-21 13:55:00",197532,13.45,33.99,744.7,27.29,20.13
"2022-10-21 14:00:00",197533,13.45,33.9,744.6,27.37,19.36
"2022-10-21 14:05:00",197534,13.45,33.81,744.5,26.8,19.57
"2022-10-21 14:10:00",197535,13.45,33.77,744.3,28.5,19.57
"2022-10-21 14:15:00",197536,13.45,33.88,744.2,28.7,18.56
"2022-10-21 14:20:00",197537,13.45,34.03,744,28.76,19.05
"2022-10-21 14:25:00",197538,13.44,34.22,744,28.56,19.85
"2022-10-21 14:30:00",197539,13.45,34.39,743.9,28.96,18.57
"2022-10-21 14:35:00",197540,13.45,34.64,743.7,29.35,18.45
"2022-10-21 14:40:00",197541,13.45,34.95,743.6,28.8,18.21
"2022-10-21 14:45:00",197542,13.45,35.16,743.6,28.46,18.55
"2022-10-21 14:50:00",197543,13.45,35.34,743.5,28.88,19.17
"2022-10-21 14:55:00",197544,13.45,35.5,743.4,28.86,18.36
"2022-10-21 15:00:00",197545,13.42,35.65,743.3,29.14,18.58
"2022-10-21 15:05:00",197546,13.42,35.75,743.1,28.31,19.45
"2022-10-21 15:10:00",197547,13.42,35.85,743.1,29.51,18.32
"2022-10-21 15:15:00",197548,13.42,36,743,28.64,18.45
"2022-10-21 15:20:00",197549,13.42,36.12,742.9,29.8,17.21
"2022-10-21 15:25:00",197550,13.42,36.25,742.8,29.01,19.14
"2022-10-21 15:30:00",197551,13.43,36.36,742.7,28.72,19.65
"2022-10-21 15:35:00",197552,13.43,36.41,742.7,28.24,18.95
"2022-10-21 15:40:00",197553,13.43,36.39,742.7,28.94,18.78
"2022-10-21 15:45:00",197554,13.42,36.36,742.6,28.24,19.59
"2022-10-21 15:50:00",197555,13.43,36.22,742.6,28.38,19.66
"2022-10-21 15:55:00",197556,13.43,36.05,742.5,28.21,20
"2022-10-21 16:00:00",197557,13.43,35.82,742.4,28.45,22.67
"2022-10-21 16:05:00",197558,13.43,35.61,742.5,27.66,23.52
"2022-10-21 16:10:00",197559,13.43,35.27,742.4,27.19,25.28
"2022-10-21 16:15:00",197560,13.42,34.84,742.5,26.93,25.92
"2022-10-21 16:20:00",197561,13.42,34.39,742.6,26.82,25.95
"2022-10-21 16:25:00",197562,13.42,33.92,742.6,26.59,26
"2022-10-21 16:30:00",197563,13.42,33.46,742.7,26.45,25.37
"2022-10-21 16:35:00",197564,13.43,33.06,742.6,26.74,24.36
"2022-10-21 16:40:00",197565,13.42,32.67,742.6,26.58,25.45
"2022-10-21 16:45:00",197566,13.42,32.41,742.6,26.65,25.18
"2022-10-21 16:50:00",197567,13.44,31.89,742.7,26.94,23.47
"2022-10-21 16:55:00",197568,13.49,31.56,742.6,26.64,23.45
"2022-10-21 17:00:00",197569,13.5,31.68,742.7,26.62,22.76
"2022-10-21 17:05:00",197570,13.5,31.7,742.7,27.07,21.89
"2022-10-21 17:10:00",197571,13.49,31.57,742.7,27.02,22.75
"2022-10-21 17:15:00",197572,13.5,31.72,742.7,26.94,21.91
"2022-10-21 17:20:00",197573,13.5,31.69,742.7,26.74,23.04
"2022-10-21 17:25:00",197574,13.49,31.57,742.7,27.15,22.17
"2022-10-21 17:30:00",197575,13.43,31.19,742.8,27.24,22.04
"2022-10-21 17:35:00",197576,13.36,31.03,742.8,27.26,23.43
"2022-10-21 17:40:00",197577,13.29,31.04,742.9,27.13,24.01
"2022-10-21 17:45:00",197578,13.24,31.07,743,26.78,23.81
"2022-10-21 17:50:00",197579,13.19,31.06,743.1,26.5,25.37
"2022-10-21 17:55:00",197580,13.14,30.97,743.3,25.96,27.39
"2022-10-21 18:00:00",197581,13.09,30.72,743.3,25.13,29.5
"2022-10-21 18:05:00",197582,13.03,30.32,743.5,24.56,29.59
"2022-10-21 18:10:00",197583,12.99,29.77,743.6,24.46,29.71
"2022-10-21 18:15:00",197584,12.96,29.21,743.7,24.24,29.63
"2022-10-21 18:20:00",197585,12.92,28.7,743.8,24.24,29.97
"2022-10-21 18:25:00",197586,12.89,28.24,744,24.05,31.1
"2022-10-21 18:30:00",197587,12.88,27.84,744.1,23.69,32.91
"2022-10-21 18:35:00",197588,12.87,27.41,744.2,23.63,32.5
"2022-10-21 18:40:00",197589,12.87,27.02,744.4,23.4,33.68
"2022-10-21 18:45:00",197590,12.87,26.63,744.7,23.17,34.22
"2022-10-21 18:50:00",197591,12.86,26.31,744.8,23.05,34.94
"2022-10-21 18:55:00",197592,12.86,26.03,745,22.95,35.99
"2022-10-21 19:00:00",197593,12.86,25.81,745.1,22.61,36.19
"2022-10-21 19:05:00",197594,12.85,25.59,745.3,22.69,35.54
"2022-10-21 19:10:00",197595,12.85,25.41,745.5,22.5,36.94
"2022-10-21 19:15:00",197596,12.85,25.23,745.6,22.27,37.9
"2022-10-21 19:20:00",197597,12.85,25.03,745.9,22.14,38.28
"2022-10-21 19:25:00",197598,12.85,24.88,746.1,22.09,38.14
"2022-10-21 19:30:00",197599,12.85,24.72,746.1,22,38.56
"2022-10-21 19:35:00",197600,12.85,24.57,746.3,21.83,38.84
"2022-10-21 19:40:00",197601,12.84,24.39,746.4,21.69,39.21
"2022-10-21 19:45:00",197602,12.84,24.23,746.6,21.63,38.88
"2022-10-21 19:50:00",197603,12.84,24.11,746.6,21.63,39.4
"2022-10-21 19:55:00",197604,12.84,24,746.9,21.61,39.66
"2022-10-21 20:00:00",197605,12.84,23.94,747,21.47,40.04
"2022-10-21 20:05:00",197606,12.84,23.86,747.2,21.38,43.13
"2022-10-21 20:10:00",197607,12.84,23.63,747.4,20.82,49.75
"2022-10-21 20:15:00",197608,12.84,23.19,747.4,20.22,51.43
"2022-10-21 20:20:00",197609,12.84,22.68,747.7,19.76,53.58
"2022-10-21 20:25:00",197610,12.84,22.19,747.7,19.7,52.67
"2022-10-21 20:30:00",197611,12.83,21.8,747.7,19.72,52.54
"2022-10-21 20:35:00",197612,12.83,21.55,747.9,19.46,53.19
"2022-10-21 20:40:00",197613,12.83,21.44,748,19.5,53.26
"2022-10-21 20:45:00",197614,12.83,21.42,748.2,19.41,54.58
"2022-10-21 20:50:00",197615,12.83,21.46,748.2,19.4,53.65
"2022-10-21 20:55:00",197616,12.83,21.47,748.4,19.39,53.62
"2022-10-21 21:00:00",197617,12.83,21.48,748.6,19.44,53.5
"2022-10-21 21:05:00",197618,12.82,21.49,748.8,19.42,52.81
"2022-10-21 21:10:00",197619,12.82,21.51,748.9,19.37,52.81
"2022-10-21 21:15:00",197620,12.82,21.52,749,19.41,52
"2022-10-21 21:20:00",197621,12.83,21.53,749,19.31,52.92
"2022-10-21 21:25:00",197622,12.83,21.37,749.1,19.31,52.58
"2022-10-21 21:30:00",197623,12.82,21.31,749.2,19.36,51.53
"2022-10-21 21:35:00",197624,12.82,21.26,749.2,19.36,51.72
"2022-10-21 21:40:00",197625,12.82,21.25,749.3,19.3,51.21
"2022-10-21 21:45:00",197626,12.82,21.22,749.2,19.22,51.45
"2022-10-21 21:50:00",197627,12.82,21.17,749.3,19.04,52.67
"2022-10-21 21:55:00",197628,12.82,21.08,749.5,18.91,55.03
"2022-10-21 22:00:00",197629,12.81,20.83,749.6,18.44,63.29
"2022-10-21 22:05:00",197630,12.81,20.48,749.7,17.75,64.33
"2022-10-21 22:10:00",197631,12.81,19.98,749.8,15.91,79.08
"2022-10-21 22:15:00",197632,12.82,19.08,750.1,14.97,79.18
"2022-10-21 22:20:00",197633,12.82,18.23,750.1,15.58,79.4
"2022-10-21 22:25:00",197634,12.81,17.63,750.2,15.52,80.8
"2022-10-21 22:30:00",197635,12.81,17.12,750.2,15.08,77.45
"2022-10-21 22:35:00",197636,12.81,16.64,750.2,16.01,74.63
"2022-10-21 22:40:00",197637,12.81,16.25,750.2,16.38,74
"2022-10-21 22:45:00",197638,12.81,16.01,750.2,16.38,76.43
"2022-10-21 22:50:00",197639,12.8,15.88,750.1,16.42,77.09
"2022-10-21 22:55:00",197640,12.8,15.79,750.1,16.34,78.17
"2022-10-21 23:00:00",197641,12.8,15.79,750.1,16.2,78.42
"2022-10-21 23:05:00",197642,12.8,15.78,750.1,16.06,77.55
"2022-10-21 23:10:00",197643,12.8,15.77,750.2,15.95,79.54
"2022-10-21 23:15:00",197644,12.79,15.74,750.1,15.92,79.61
"2022-10-21 23:20:00",197645,12.79,15.71,750.1,16.11,74.82
"2022-10-21 23:25:00",197646,12.79,15.7,750.2,16.13,80.5
"2022-10-21 23:30:00",197647,12.79,15.71,750.2,16.04,81.2
"2022-10-21 23:35:00",197648,12.79,15.76,750.1,15.84,80.9
"2022-10-21 23:40:00",197649,12.79,15.79,750.1,15.8,82.7
"2022-10-21 23:45:00",197650,12.78,15.8,750.1,15.6,82.1
"2022-10-21 23:50:00",197651,12.78,15.8,750.2,15.62,83.1
"2022-10-21 23:55:00",197652,12.78,15.83,750.2,15.78,84.7
"2022-10-22 00:00:00",197653,12.78,15.88,750.1,15.62,86.6
"2022-10-22 00:05:00",197654,12.78,15.91,750,15.59,83.6
"2022-10-22 00:10:00",197655,12.78,15.89,750,15.63,80.1
"2022-10-22 00:15:00",197656,12.78,15.85,750,15.82,81.1
"2022-10-22 00:20:00",197657,12.78,15.83,750,15.54,84.9
"2022-10-22 00:25:00",197658,12.78,15.78,750,15.48,84.5
"2022-10-22 00:30:00",197659,12.78,15.73,750,15.56,83.8
"2022-10-22 00:35:00",197660,12.77,15.69,750,15.55,84
"2022-10-22 00:40:00",197661,12.77,15.67,750,15.32,85.8
"2022-10-22 00:45:00",197662,12.77,15.6,750,15.28,85.3
"2022-10-22 00:50:00",197663,12.77,15.56,749.9,15.26,84.3
"2022-10-22 00:55:00",197664,12.77,15.52,749.9,15.44,82.2
"2022-10-22 01:00:00",197665,12.77,15.5,749.8,15.66,80.4
"2022-10-22 01:05:00",197666,12.77,15.51,749.8,15.74,78.01
"2022-10-22 01:10:00",197667,12.77,15.5,749.8,15.61,81.7
"2022-10-22 01:15:00",197668,12.76,15.48,749.8,15.52,82.3
"2022-10-22 01:20:00",197669,12.76,15.44,749.8,14.98,82.7
"2022-10-22 01:25:00",197670,12.76,15.37,749.7,14.83,83.2
"2022-10-22 01:30:00",197671,12.76,15.28,749.6,14.89,85
"2022-10-22 01:35:00",197672,12.76,15.19,749.5,14.96,82.5
"2022-10-22 01:40:00",197673,12.76,15.09,749.5,14.76,83.3
"2022-10-22 01:45:00",197674,12.75,15.02,749.6,14.61,84.3
"2022-10-22 01:50:00",197675,12.75,14.9,749.5,14.61,82.9
"2022-10-22 01:55:00",197676,12.75,14.82,749.5,14.56,83.4
"2022-10-22 02:00:00",197677,12.75,14.72,749.5,14.53,84.8
"2022-10-22 02:05:00",197678,12.75,14.64,749.5,14.69,82.9
"2022-10-22 02:10:00",197679,12.75,14.57,749.5,14.81,82.4
"2022-10-22 02:15:00",197680,12.75,14.54,749.5,14.88,82.5
"2022-10-22 02:20:00",197681,12.74,14.52,749.5,14.88,83.2
"2022-10-22 02:25:00",197682,12.74,14.53,749.5,14.98,84.4
"2022-10-22 02:30:00",197683,12.74,14.59,749.5,15.02,83.7
"2022-10-22 02:35:00",197684,12.74,14.67,749.6,15.12,87.1
"2022-10-22 02:40:00",197685,12.73,14.77,749.5,14.95,86.4
"2022-10-22 02:45:00",197686,12.74,14.85,749.5,14.73,86.5
"2022-10-22 02:50:00",197687,12.73,14.91,749.6,14.78,84.6
"2022-10-22 02:55:00",197688,12.73,14.94,749.6,14.86,83.3
"2022-10-22 03:00:00",197689,12.73,14.94,749.6,14.77,81.7
"2022-10-22 03:05:00",197690,12.73,14.92,749.5,14.76,82.2
"2022-10-22 03:10:00",197691,12.72,14.88,749.5,14.96,81.9
"2022-10-22 03:15:00",197692,12.72,14.85,749.5,15,82.8
"2022-10-22 03:20:00",197693,12.72,14.87,749.5,14.78,84.9
"2022-10-22 03:25:00",197694,12.72,14.85,749.5,14.77,86.2
"2022-10-22 03:30:00",197695,12.72,14.83,749.6,14.73,86.2
"2022-10-22 03:35:00",197696,12.71,14.82,749.6,14.63,85.5
"2022-10-22 03:40:00",197697,12.71,14.79,749.6,14.65,86
"2022-10-22 03:45:00",197698,12.71,14.78,749.6,14.67,86.6
"2022-10-22 03:50:00",197699,12.71,14.78,749.6,14.69,84.8
"2022-10-22 03:55:00",197700,12.7,15.06,749.6,14.76,84.9
"2022-10-22 04:00:00",197701,12.69,15.31,749.6,14.71,84.9
"2022-10-22 04:05:00",197702,12.69,15.48,749.6,14.79,81.5
"2022-10-22 04:10:00",197703,12.69,15.59,749.7,14.98,81.9
"2022-10-22 04:15:00",197704,12.69,15.72,749.7,14.98,77.04
"2022-10-22 04:20:00",197705,12.69,15.82,749.7,15.08,74.21
"2022-10-22 04:25:00",197706,12.68,15.92,749.7,15.18,72.79
"2022-10-22 04:30:00",197707,12.68,16.01,749.8,15.24,73.74
"2022-10-22 04:35:00",197708,12.68,16.11,749.8,15.18,75.62
"2022-10-22 04:40:00",197709,12.68,16.18,749.9,15.18,72.02
"2022-10-22 04:45:00",197710,12.68,16.25,750,15.16,69.11
"2022-10-22 04:50:00",197711,12.67,16.33,750,15.08,70.42
"2022-10-22 04:55:00",197712,12.67,16.37,750.1,14.99,70.7
"2022-10-22 05:00:00",197713,12.67,16.4,750.1,14.92,71.71
"2022-10-22 05:05:00",197714,12.67,16.42,750.2,14.88,71.91
"2022-10-22 05:10:00",197715,12.66,16.44,750.3,14.83,71.64
"2022-10-22 05:15:00",197716,12.66,16.34,750.3,14.79,70.25
"2022-10-22 05:20:00",197717,12.66,16.32,750.4,14.72,68.65
"2022-10-22 05:25:00",197718,12.66,16.28,750.5,14.71,70.41
"2022-10-22 05:30:00",197719,12.65,16.23,750.6,14.68,70.72
"2022-10-22 05:35:00",197720,12.65,16.17,750.7,14.7,70.03
"2022-10-22 05:40:00",197721,12.65,16.12,750.7,14.65,70.54
"2022-10-22 05:45:00",197722,12.65,16.04,750.8,14.73,71.36
"2022-10-22 05:50:00",197723,12.64,16.02,750.8,14.63,72.05
"2022-10-22 05:55:00",197724,12.65,16,750.8,14.58,72.87
"2022-10-22 06:00:00",197725,12.66,15.98,750.9,14.5,76.38
"2022-10-22 06:05:00",197726,12.66,15.95,750.9,14.5,75.73
"2022-10-22 06:10:00",197727,12.67,15.96,751,14.51,75.15
"2022-10-22 06:15:00",197728,12.67,15.99,751,14.6,73.53
"2022-10-22 06:20:00",197729,12.68,16.05,751.1,14.61,73.79
"2022-10-22 06:25:00",197730,12.69,16.13,751.2,14.59,71.96
"2022-10-22 06:30:00",197731,12.71,16.22,751.2,14.69,71.98
"2022-10-22 06:35:00",197732,12.77,16.32,751.2,14.83,71.41
"2022-10-22 06:40:00",197733,12.81,16.46,751.2,14.83,70.92
"2022-10-22 06:45:00",197734,12.91,16.61,751.3,14.86,69.46
"2022-10-22 06:50:00",197735,13.06,16.8,751.3,15.04,68.02
"2022-10-22 06:55:00",197736,13.22,17,751.3,15.16,66.58
"2022-10-22 07:00:00",197737,13.38,17.25,751.3,15.32,65.73
"2022-10-22 07:05:00",197738,13.42,17.42,751.4,15.44,65.55
"2022-10-22 07:10:00",197739,13.47,17.64,751.5,15.72,64.07
"2022-10-22 07:15:00",197740,13.67,17.89,751.6,15.46,64.35
"2022-10-22 07:20:00",197741,13.61,18.23,751.7,15.82,63.79
"2022-10-22 07:25:00",197742,14,18.6,751.7,16.04,62.53
"2022-10-22 07:30:00",197743,13.75,20.1,751.8,16.48,61.41
"2022-10-22 07:35:00",197744,13.73,20.94,751.8,17.41,59.16
"2022-10-22 07:40:00",197745,13.73,21.67,751.8,17.34,58.81
"2022-10-22 07:45:00",197746,13.7,22.38,751.9,18.51,56.5
"2022-10-22 07:50:00",197747,13.7,23.05,751.9,19.51,54.81
"2022-10-22 07:55:00",197748,13.68,23.65,752,19.52,53.97
"2022-10-22 08:00:00",197749,13.68,24.21,752,19.74,52.83
"2022-10-22 08:05:00",197750,13.65,24.73,752,19.3,55.39
"2022-10-22 08:10:00",197751,13.65,25.15,752,19.51,53.51
"2022-10-22 08:15:00",197752,13.62,25.5,752,19,54.02
"2022-10-22 08:20:00",197753,13.62,25.78,752,19.86,51.54
"2022-10-22 08:25:00",197754,13.62,26.11,752,20.26,51.43
"2022-10-22 08:30:00",197755,13.62,26.44,751.9,19.96,52.7
"2022-10-22 08:35:00",197756,13.6,26.72,752,20.23,50.99
"2022-10-22 08:40:00",197757,13.6,26.94,752,18.93,54.04
"2022-10-22 08:45:00",197758,13.6,27.1,751.9,19.16,53.89
"2022-10-22 08:50:00",197759,13.6,27.29,751.9,19.84,53.06
"2022-10-22 08:55:00",197760,13.6,27.56,751.9,20.9,49.32
"2022-10-22 09:00:00",197761,13.57,27.86,751.9,20.2,50.8
"2022-10-22 09:05:00",197762,13.58,28.11,751.9,20.19,51.61
"2022-10-22 09:10:00",197763,13.58,28.39,751.9,20.64,50.29
"2022-10-22 09:15:00",197764,13.58,28.62,751.8,20.14,50.29
"2022-10-22 09:20:00",197765,13.58,28.75,751.8,20.94,50.02
"2022-10-22 09:25:00",197766,13.55,28.94,751.8,20.57,50.16
"2022-10-22 09:30:00",197767,13.55,29.12,751.7,20.59,50.32
"2022-10-22 09:35:00",197768,13.55,29.28,751.7,20.88,48.63
"2022-10-22 09:40:00",197769,13.55,29.47,751.6,20.55,49.28
"2022-10-22 09:45:00",197770,13.53,29.69,751.6,21.7,45.55
"2022-10-22 09:50:00",197771,13.53,29.98,751.6,21.1,46.14
"2022-10-22 09:55:00",197772,13.53,30.2,751.6,20.99,45.49
"2022-10-22 10:00:00",197773,13.53,30.38,751.5,22.07,44.85
"2022-10-22 10:05:00",197774,13.53,30.65,751.5,21.92,42.74
"2022-10-22 10:10:00",197775,13.53,30.87,751.4,21.23,42.34
"2022-10-22 10:15:00",197776,13.53,30.99,751.3,21.79,41.57
"2022-10-22 10:20:00",197777,13.51,31.13,751.2,22.25,38.88
"2022-10-22 10:25:00",197778,13.51,31.32,751.2,22.89,37.57
"2022-10-22 10:30:00",197779,13.51,31.54,751.1,22.13,37.36
"2022-10-22 10:35:00",197780,13.51,31.66,751,22.7,36.5
"2022-10-22 10:40:00",197781,13.51,31.86,750.9,23.72,35.34
"2022-10-22 10:45:00",197782,13.51,32.12,750.9,23.25,33.6
"2022-10-22 10:50:00",197783,13.51,32.4,750.9,24.07,31.5
"2022-10-22 10:55:00",197784,13.49,32.65,750.9,23.31,32.17
"2022-10-22 11:00:00",197785,13.49,32.82,750.8,23.21,32.83
"2022-10-22 11:05:00",197786,13.49,32.94,750.7,22.91,34.3
"2022-10-22 11:10:00",197787,13.49,32.96,750.6,23.3,35.96
"2022-10-22 11:15:00",197788,13.49,32.87,750.5,21.89,37.79
"2022-10-22 11:20:00",197789,13.49,32.67,750.4,22.89,36.25
"2022-10-22 11:25:00",197790,13.49,32.55,750.4,22.51,37.79
"2022-10-22 11:30:00",197791,13.49,32.45,750.2,23.15,36.14
"2022-10-22 11:35:00",197792,13.49,32.42,750.1,23.15,32.82
"2022-10-22 11:40:00",197793,13.49,32.42,750.1,22.09,37.39
"2022-10-22 11:45:00",197794,13.49,32.33,749.9,23.52,33.49
"2022-10-22 11:50:00",197795,13.49,32.32,749.8,22.72,35.97
"2022-10-22 11:55:00",197796,13.49,32.31,749.6,23.73,33.34
"2022-10-22 12:00:00",197797,13.49,32.31,749.5,24.6,28.24
"2022-10-22 12:05:00",197798,13.49,32.38,749.4,24.31,27.06
"2022-10-22 12:10:00",197799,13.49,32.45,749.3,24.07,29.41
"2022-10-22 12:15:00",197800,13.49,32.51,749.2,25.04,27.93
"2022-10-22 12:20:00",197801,13.49,32.57,749.1,24.43,29
"2022-10-22 12:25:00",197802,13.49,32.58,749,24.85,28.19
"2022-10-22 12:30:00",197803,13.49,32.57,748.9,24.72,28.18
"2022-10-22 12:35:00",197804,13.49,32.59,748.7,25.69,29.51
"2022-10-22 12:40:00",197805,13.49,32.69,748.6,26.33,28.44
"2022-10-22 12:45:00",197806,13.49,32.83,748.5,25.99,28.34
"2022-10-22 12:50:00",197807,13.49,32.91,748.5,25.72,25.8
"2022-10-22 12:55:00",197808,13.49,32.93,748.3,25.88,25.67
"2022-10-22 13:00:00",197809,13.49,32.94,748.1,25.72,23.91
"2022-10-22 13:05:00",197810,13.49,32.97,748,26.38,23.09
"2022-10-22 13:10:00",197811,13.49,33.05,747.9,26.32,22.53
"2022-10-22 13:15:00",197812,13.47,33.17,747.8,27.02,22.58
"2022-10-22 13:20:00",197813,13.47,33.3,747.8,26.76,21.45
"2022-10-22 13:25:00",197814,13.47,33.4,747.7,26.99,21.26
"2022-10-22 13:30:00",197815,13.47,33.54,747.6,28.17,20.81
"2022-10-22 13:35:00",197816,13.47,33.76,747.5,28.18,24.66
"2022-10-22 13:40:00",197817,13.47,34.01,747.5,27.92,21.87
"2022-10-22 13:45:00",197818,13.47,34.08,747.4,26.6,21.48
"2022-10-22 13:50:00",197819,13.47,34.05,747.3,25.47,29.8
"2022-10-22 13:55:00",197820,13.47,33.81,747.1,25.08,31.99
"2022-10-22 14:00:00",197821,13.47,33.42,747.1,25.62,30.62
"2022-10-22 14:05:00",197822,13.47,32.99,747,24.65,32.15
"2022-10-22 14:10:00",197823,13.47,32.55,746.9,25.44,30.94
"2022-10-22 14:15:00",197824,13.47,32.29,746.9,26,29.09
"2022-10-22 14:20:00",197825,13.47,32.17,746.8,25.62,30.48
"2022-10-22 14:25:00",197826,13.47,32.1,746.8,24.75,29.3
"2022-10-22 14:30:00",197827,13.47,31.87,746.8,24.65,30.47
"2022-10-22 14:35:00",197828,13.47,31.55,746.6,24.54,29.72
"2022-10-22 14:40:00",197829,13.47,31.27,746.6,24.85,28.87
"2022-10-22 14:45:00",197830,13.47,31.1,746.6,24.95,28.33
"2022-10-22 14:50:00",197831,13.47,30.97,746.6,25.32,28.05
"2022-10-22 14:55:00",197832,13.47,30.87,746.6,25.13,27.43
"2022-10-22 15:00:00",197833,13.47,30.73,746.7,24.75,28.18
"2022-10-22 15:05:00",197834,13.47,30.59,746.6,24.99,27.45
"2022-10-22 15:10:00",197835,13.47,30.43,746.6,24.84,27.78
"2022-10-22 15:15:00",197836,13.47,30.28,746.6,24.63,27.15
"2022-10-22 15:20:00",197837,13.47,30.12,746.7,24.7,27.09
"2022-10-22 15:25:00",197838,13.47,29.96,746.6,24.04,27.31
"2022-10-22 15:30:00",197839,13.47,29.75,746.6,23.66,28.16
"2022-10-22 15:35:00",197840,13.49,29.54,746.4,23.45,27.47
"2022-10-22 15:40:00",197841,13.49,29.35,746.4,23.43,27.94
"2022-10-22 15:45:00",197842,13.49,29.26,746.6,24,27.2
"2022-10-22 15:50:00",197843,13.49,29.33,746.4,23.93,27.71
"2022-10-22 15:55:00",197844,13.49,29.46,746.5,24.19,27.93
"2022-10-22 16:00:00",197845,13.49,29.62,746.6,24.38,28.15
"2022-10-22 16:05:00",197846,13.49,29.86,746.7,24.72,27.36
"2022-10-22 16:10:00",197847,13.49,29.98,746.8,24.29,26.92
"2022-10-22 16:15:00",197848,13.49,29.94,746.9,23.96,26.76
"2022-10-22 16:20:00",197849,13.5,29.78,747,23.85,27.57
"2022-10-22 16:25:00",197850,13.49,29.52,747.2,23.8,27.09
"2022-10-22 16:30:00",197851,13.49,28.9,747.3,23.75,29.79
"2022-10-22 16:35:00",197852,13.5,28.12,747.3,22.85,32.2
"2022-10-22 16:40:00",197853,13.42,27.54,747.5,22.23,34.07
"2022-10-22 16:45:00",197854,13.42,27.03,747.6,21.48,39.03
"2022-10-22 16:50:00",197855,13.58,26.54,747.7,21.16,38.38
"2022-10-22 16:55:00",197856,13.54,26.07,747.8,21.01,38.49
"2022-10-22 17:00:00",197857,13.36,25.57,747.9,20.47,38.11
"2022-10-22 17:05:00",197858,13.24,25.13,748.1,20.22,39.71
"2022-10-22 17:10:00",197859,13.16,24.73,748.3,20.24,40.36
"2022-10-22 17:15:00",197860,13.07,24.39,748.5,20.31,40.59
"2022-10-22 17:20:00",197861,13.01,24.12,748.6,20.28,40.52
"2022-10-22 17:25:00",197862,12.98,23.91,748.7,20.24,39.26
"2022-10-22 17:30:00",197863,12.94,23.72,748.8,20.36,39.43
"2022-10-22 17:35:00",197864,12.93,23.57,748.9,20.16,39.9
"2022-10-22 17:40:00",197865,12.95,23.4,748.8,18.33,51.04
"2022-10-22 17:45:00",197866,12.97,23.06,749,17.51,56.08
"2022-10-22 17:50:00",197867,12.96,22.57,749,16.46,61.23
"2022-10-22 17:55:00",197868,12.94,21.96,749,16.03,63.92
"2022-10-22 18:00:00",197869,12.92,21.36,749,16.37,58.93
"2022-10-22 18:05:00",197870,12.89,20.88,749.2,16.4,56.91
"2022-10-22 18:10:00",197871,12.87,20.52,749.2,16.79,54.38
"2022-10-22 18:15:00",197872,12.86,20.27,749.2,16.83,54.23
"2022-10-22 18:20:00",197873,12.85,20.06,749.1,16.97,53.02
"2022-10-22 18:25:00",197874,12.84,19.93,749.2,17.23,51.61
"2022-10-22 18:30:00",197875,12.84,19.85,749.1,17.33,50.38
"2022-10-22 18:35:00",197876,12.84,19.8,749.2,17.62,48.95
"2022-10-22 18:40:00",197877,12.83,19.69,749.2,17.45,53.46
"2022-10-22 18:45:00",197878,12.83,19.6,749.3,16.54,57.21
"2022-10-22 18:50:00",197879,12.83,19.45,749.2,16.46,57.83
"2022-10-22 18:55:00",197880,12.83,19.29,749.3,16.38,57.82
"2022-10-22 19:00:00",197881,12.83,19.14,749.4,16.47,56.83
"2022-10-22 19:05:00",197882,12.83,18.99,749.5,16.57,55.91
"2022-10-22 19:10:00",197883,12.82,18.87,749.7,16.64,55.25
"2022-10-22 19:15:00",197884,12.82,18.75,749.9,16.63,55.06
"2022-10-22 19:20:00",197885,12.83,18.57,750.1,16.77,54.87
"2022-10-22 19:25:00",197886,12.82,18.48,750.2,16.81,54.29
"2022-10-22 19:30:00",197887,12.82,18.43,750.3,17.11,53.87
"2022-10-22 19:35:00",197888,12.82,18.42,750.5,17.4,52.19
"2022-10-22 19:40:00",197889,12.82,18.43,750.7,17.67,51.02
"2022-10-22 19:45:00",197890,12.82,18.47,750.7,17.4,52.07
"2022-10-22 19:50:00",197891,12.82,18.53,750.7,17.25,53.09
"2022-10-22 19:55:00",197892,12.82,18.56,750.8,17.07,54.42
"2022-10-22 20:00:00",197893,12.82,18.56,750.8,17.05,54.69
"2022-10-22 20:05:00",197894,12.82,18.56,750.9,17.12,53.75
"2022-10-22 20:10:00",197895,12.81,18.55,750.9,17.01,54.26
"2022-10-22 20:15:00",197896,12.81,18.52,751,17.09,53.29
"2022-10-22 20:20:00",197897,12.81,18.5,751,17.09,53.1
"2022-10-22 20:25:00",197898,12.81,18.48,751.1,17.13,53.26
"2022-10-22 20:30:00",197899,12.81,18.46,751.2,17.09,52.64
"2022-10-22 20:35:00",197900,12.81,18.44,751.3,17.26,52.88
"2022-10-22 20:40:00",197901,12.81,18.41,751.5,17.21,54.32
"2022-10-22 20:45:00",197902,12.8,18.39,751.5,16.9,56.17
"2022-10-22 20:50:00",197903,12.81,18.33,751.6,16.59,57.58
"2022-10-22 20:55:00",197904,12.8,18.27,751.7,16.22,58.61
"2022-10-22 21:00:00",197905,12.8,18.19,751.7,16.15,58.03
"2022-10-22 21:05:00",197906,12.8,18.09,751.8,16.17,57.97
"2022-10-22 21:10:00",197907,12.8,18.01,751.8,16.24,58.46
"2022-10-22 21:15:00",197908,12.8,17.92,752,16.34,57.51
"2022-10-22 21:20:00",197909,12.79,17.88,752,16.47,56.74
"2022-10-22 21:25:00",197910,12.79,17.85,752.1,16.61,56.79
"2022-10-22 21:30:00",197911,12.79,17.85,752.2,17.02,54.75
"2022-10-22 21:35:00",197912,12.79,17.87,752.2,17.02,55.15
"2022-10-22 21:40:00",197913,12.79,17.87,752.3,16.87,55.8
"2022-10-22 21:45:00",197914,12.79,17.88,752.5,16.64,57.25
"2022-10-22 21:50:00",197915,12.79,17.9,752.6,16.18,59.17
"2022-10-22 21:55:00",197916,12.79,17.9,752.8,16.24,59.42
"2022-10-22 22:00:00",197917,12.79,17.88,752.8,16.18,61.36
"2022-10-22 22:05:00",197918,12.79,17.84,752.9,16.07,62.54
"2022-10-22 22:10:00",197919,12.79,17.74,753,16.06,62.65
"2022-10-22 22:15:00",197920,12.79,17.67,753.1,16.11,61.89
"2022-10-22 22:20:00",197921,12.79,17.6,753.2,16.08,62.27
"2022-10-22 22:25:00",197922,12.77,17.55,753.3,16.07,62.18
"2022-10-22 22:30:00",197923,12.78,17.46,753.3,16.28,59.13
"2022-10-22 22:35:00",197924,12.78,17.41,753.3,16.3,60.54
"2022-10-22 22:40:00",197925,12.78,17.39,753.4,16.1,61.91
"2022-10-22 22:45:00",197926,12.78,17.35,753.4,16.02,62.29
"2022-10-22 22:50:00",197927,12.78,17.33,753.4,16.18,61.45
"2022-10-22 22:55:00",197928,12.78,17.33,753.4,16.24,61.13
"2022-10-22 23:00:00",197929,12.78,17.37,753.4,16.15,62.07
"2022-10-22 23:05:00",197930,12.77,17.41,753.4,16.13,61.35
"2022-10-22 23:10:00",197931,12.77,17.43,753.4,16.14,61.83
"2022-10-22 23:15:00",197932,12.77,17.45,753.4,16.28,61.14
"2022-10-22 23:20:00",197933,12.77,17.44,753.4,16.25,61.04
"2022-10-22 23:25:00",197934,12.77,17.41,753.3,16.37,61.06
"2022-10-22 23:30:00",197935,12.77,17.39,753.3,16.4,59.81
"2022-10-22 23:35:00",197936,12.77,17.33,753.3,16.54,57.91
"2022-10-22 23:40:00",197937,12.77,17.31,753.2,16.54,58.06
"2022-10-22 23:45:00",197938,12.77,17.29,753.2,16.52,57.81
"2022-10-22 23:50:00",197939,12.76,17.27,753.1,16.5,58.59
"2022-10-22 23:55:00",197940,12.76,17.24,753.1,16.48,59.1
"2022-10-23 00:00:00",197941,12.76,17.2,753,16.39,59.24
"2022-10-23 00:05:00",197942,12.76,17.16,753,16.35,59.23
"2022-10-23 00:10:00",197943,12.76,17.16,752.9,16.42,58.07
"2022-10-23 00:15:00",197944,12.76,17.16,752.9,16.47,57.99
"2022-10-23 00:20:00",197945,12.76,17.2,752.8,16.46,58.16
"2022-10-23 00:25:00",197946,12.76,17.25,752.7,16.46,58.07
"2022-10-23 00:30:00",197947,12.75,17.29,752.7,16.46,58.44
"2022-10-23 00:35:00",197948,12.75,17.34,752.7,16.44,58.01
"2022-10-23 00:40:00",197949,12.75,17.39,752.7,16.5,57.84
"2022-10-23 00:45:00",197950,12.75,17.47,752.6,16.32,58.68
"2022-10-23 00:50:00",197951,12.75,17.52,752.6,16.31,58.68
"2022-10-23 00:55:00",197952,12.75,17.46,752.5,16.33,58.29
"2022-10-23 01:00:00",197953,12.75,17.47,752.5,16.26,59.82
"2022-10-23 01:05:00",197954,12.75,17.47,752.5,16.23,59.54
"2022-10-23 01:10:00",197955,12.74,17.48,752.5,16.17,59.86
"2022-10-23 01:15:00",197956,12.74,17.46,752.4,16,61.27
"2022-10-23 01:20:00",197957,12.74,17.43,752.4,15.89,61.82
"2022-10-23 01:25:00",197958,12.74,17.42,752.4,15.87,61.91
"2022-10-23 01:30:00",197959,12.73,17.39,752.4,15.88,61.58
"2022-10-23 01:35:00",197960,12.73,17.38,752.4,15.89,61.55
"2022-10-23 01:40:00",197961,12.73,17.37,752.4,15.81,62.43
"2022-10-23 01:45:00",197962,12.73,17.36,752.4,15.8,62.96
"2022-10-23 01:50:00",197963,12.72,17.35,752.4,15.83,63.09
"2022-10-23 01:55:00",197964,12.72,17.32,752.3,15.79,62.64
"2022-10-23 02:00:00",197965,12.72,17.3,752.3,15.83,62.88
"2022-10-23 02:05:00",197966,12.72,17.31,752.3,15.86,62.94
"2022-10-23 02:10:00",197967,12.71,17.3,752.2,15.91,61.77
"2022-10-23 02:15:00",197968,12.71,17.29,752.2,15.88,61.52
"2022-10-23 02:20:00",197969,12.71,17.29,752.2,15.88,61.13
"2022-10-23 02:25:00",197970,12.71,17.29,752.2,15.86,61.67
"2022-10-23 02:30:00",197971,12.71,17.27,752.1,15.9,60.93
"2022-10-23 02:35:00",197972,12.7,17.28,752.1,15.94,60.79
"2022-10-23 02:40:00",197973,12.7,17.27,752.1,15.9,61.29
"2022-10-23 02:45:00",197974,12.7,17.29,752.1,15.84,61.33
"2022-10-23 02:50:00",197975,12.7,17.3,752.1,15.86,61.13
"2022-10-23 02:55:00",197976,12.69,17.31,752.1,15.88,60.74
"2022-10-23 03:00:00",197977,12.69,17.31,752.1,15.91,60.84
"2022-10-23 03:05:00",197978,12.69,17.34,752.1,15.94,60.58
"2022-10-23 03:10:00",197979,12.69,17.35,752.1,15.92,60.72
"2022-10-23 03:15:00",197980,12.68,17.35,752.1,15.82,61.63
"2022-10-23 03:20:00",197981,12.68,17.34,752.1,15.8,61.06
"2022-10-23 03:25:00",197982,12.68,17.33,752.1,15.82,60.77
"2022-10-23 03:30:00",197983,12.67,17.32,752,15.86,60.62
"2022-10-23 03:35:00",197984,12.67,17.33,752,15.92,60.21
"2022-10-23 03:40:00",197985,12.67,17.25,752,15.84,60.71
"2022-10-23 03:45:00",197986,12.67,17.21,752,15.72,62.42
"2022-10-23 03:50:00",197987,12.66,17.17,752,15.62,62.99
"2022-10-23 03:55:00",197988,12.66,17.14,752,15.65,62.61
"2022-10-23 04:00:00",197989,12.66,17.09,752,15.63,63.11
"2022-10-23 04:05:00",197990,12.66,17.07,752.1,15.56,63.96
"2022-10-23 04:10:00",197991,12.65,17.06,752.1,15.58,63.34
"2022-10-23 04:15:00",197992,12.65,17.06,752.2,15.55,63.45
"2022-10-23 04:20:00",197993,12.65,17.05,752.2,15.64,63.56
"2022-10-23 04:25:00",197994,12.65,17.06,752.3,15.81,62.25
"2022-10-23 04:30:00",197995,12.65,17.07,752.3,15.75,62.72
"2022-10-23 04:35:00",197996,12.64,17.09,752.3,15.68,61.7
"2022-10-23 04:40:00",197997,12.64,17.1,752.4,15.78,61.36
"2022-10-23 04:45:00",197998,12.64,17.11,752.4,15.81,61.27
"2022-10-23 04:50:00",197999,12.64,17.13,752.4,15.84,61.87
"2022-10-23 04:55:00",198000,12.64,17.15,752.4,15.81,62.13
"2022-10-23 05:00:00",198001,12.64,17.16,752.4,15.74,63.78
"2022-10-23 05:05:00",198002,12.64,17.17,752.5,15.71,62.5
"2022-10-23 05:10:00",198003,12.64,17.19,752.5,15.7,62.77
"2022-10-23 05:15:00",198004,12.63,17.2,752.6,15.72,63.78
"2022-10-23 05:20:00",198005,12.63,17.22,752.7,15.7,63.51
"2022-10-23 05:25:00",198006,12.63,17.25,752.7,15.72,63.04
"2022-10-23 05:30:00",198007,12.63,17.26,752.7,15.76,62.19
"2022-10-23 05:35:00",198008,12.63,17.28,752.8,15.78,60.79
"2022-10-23 05:40:00",198009,12.63,17.3,752.9,15.76,62.69
"2022-10-23 05:45:00",198010,12.63,17.32,752.9,15.79,64.32
"2022-10-23 05:50:00",198011,12.63,17.33,753,15.58,65.72
"2022-10-23 05:55:00",198012,12.63,17.37,753,15.44,66.26
"2022-10-23 06:00:00",198013,12.63,17.42,753.1,15.5,65.59
"2022-10-23 06:05:00",198014,12.63,17.43,753.1,15.38,65.31
"2022-10-23 06:10:00",198015,12.63,17.44,753.2,15.54,62.27
"2022-10-23 06:15:00",198016,12.64,17.45,753.2,15.62,61.45
"2022-10-23 06:20:00",198017,12.65,17.34,753.3,15.71,61.22
"2022-10-23 06:25:00",198018,12.67,17.32,753.3,15.72,59.82
"2022-10-23 06:30:00",198019,12.7,17.36,753.4,15.82,59.81
"2022-10-23 06:35:00",198020,12.77,17.45,753.4,15.84,60.44
"2022-10-23 06:40:00",198021,12.89,17.52,753.4,15.94,60.54
"2022-10-23 06:45:00",198022,13.03,17.65,753.4,16.02,59.69
"2022-10-23 06:50:00",198023,13.18,17.79,753.5,16.23,60.05
"2022-10-23 06:55:00",198024,13.32,17.99,753.6,16.42,59.63
"2022-10-23 07:00:00",198025,13.34,18.1,753.7,16.33,58.57
"2022-10-23 07:05:00",198026,13.34,18.26,753.8,16.43,62.21
"2022-10-23 07:10:00",198027,13.33,18.37,753.9,16.08,63.46
"2022-10-23 07:15:00",198028,13.34,18.45,753.9,16.18,62.64
"2022-10-23 07:20:00",198029,13.38,18.54,754,16.1,62.78
"2022-10-23 07:25:00",198030,13.43,18.69,754,16.59,62.14
"2022-10-23 07:30:00",198031,13.44,18.82,754.1,16.59,61.82
"2022-10-23 07:35:00",198032,13.48,18.99,754.1,16.73,61
"2022-10-23 07:40:00",198033,13.51,19.15,754.2,17,60.14
"2022-10-23 07:45:00",198034,13.58,19.37,754.2,16.62,60.57
"2022-10-23 07:50:00",198035,13.78,20.1,754.2,16.81,59.85
"2022-10-23 07:55:00",198036,13.72,21.24,754.2,17.36,58.06
"2022-10-23 08:00:00",198037,13.72,21.75,754.2,17.73,56.32
"2022-10-23 08:05:00",198038,13.7,22.13,754.3,17.35,57.76
"2022-10-23 08:10:00",198039,13.7,22.48,754.3,17.8,56.15
"2022-10-23 08:15:00",198040,13.7,22.8,754.4,18.05,54.9
"2022-10-23 08:20:00",198041,13.67,23.14,754.4,18.31,53.65
"2022-10-23 08:25:00",198042,13.68,23.47,754.4,18.89,51.71
"2022-10-23 08:30:00",198043,13.67,23.95,754.4,19.38,50.47
"2022-10-23 08:35:00",198044,13.64,24.4,754.5,19.25,51.08
"2022-10-23 08:40:00",198045,13.65,24.86,754.5,19.19,50.91
"2022-10-23 08:45:00",198046,13.65,25.18,754.5,17.74,53.93
"2022-10-23 08:50:00",198047,13.62,25.43,754.5,18.78,51.33
"2022-10-23 08:55:00",198048,13.62,25.73,754.5,19.86,48.55
"2022-10-23 09:00:00",198049,13.62,26.18,754.4,19.96,47.43
"2022-10-23 09:05:00",198050,13.62,26.53,754.4,20.02,47.38
"2022-10-23 09:10:00",198051,13.6,26.9,754.4,20.04,47.09
"2022-10-23 09:15:00",198052,13.6,27.13,754.4,20.82,44.99
"2022-10-23 09:20:00",198053,13.6,27.47,754.3,19.66,50.57
"2022-10-23 09:25:00",198054,13.6,27.79,754.3,20.76,45.02
"2022-10-23 09:30:00",198055,13.6,28.02,754.3,20.13,47.58
"2022-10-23 09:35:00",198056,13.58,28.32,754.2,21.37,43.62
"2022-10-23 09:40:00",198057,13.58,28.61,754.1,20.66,45.8
"2022-10-23 09:45:00",198058,13.55,28.81,754.1,20.36,44.62
"2022-10-23 09:50:00",198059,13.55,28.89,754.1,20.76,43.74
"2022-10-23 09:55:00",198060,13.55,29.02,754,21.07,42.87
"2022-10-23 10:00:00",198061,13.55,29.19,754,21.36,40.87
"2022-10-23 10:05:00",198062,13.55,29.44,753.9,20.64,41.92
"2022-10-23 10:10:00",198063,13.55,29.56,753.8,19.44,47.17
"2022-10-23 10:15:00",198064,13.55,29.6,753.8,21.78,42.02
"2022-10-23 10:20:00",198065,13.55,29.82,753.7,21.57,41.22
"2022-10-23 10:25:00",198066,13.56,30.01,753.6,20.96,43.18
"2022-10-23 10:30:00",198067,13.53,30.12,753.5,21.38,40.68
"2022-10-23 10:35:00",198068,13.53,30.19,753.4,21.4,41.97
"2022-10-23 10:40:00",198069,13.53,30.22,753.3,21.25,41.41
"2022-10-23 10:45:00",198070,13.53,30.13,753.3,21.39,40.97
"2022-10-23 10:50:00",198071,13.53,30.05,753.2,21.52,40.24
"2022-10-23 10:55:00",198072,13.53,29.98,753.1,21.39,40.29
"2022-10-23 11:00:00",198073,13.53,29.93,753.1,21.04,41.58
"2022-10-23 11:05:00",198074,13.53,29.91,753,22.07,39.22
"2022-10-23 11:10:00",198075,13.53,30.08,752.9,23.69,35.87
"2022-10-23 11:15:00",198076,13.53,30.41,752.9,22.09,35.18
"2022-10-23 11:20:00",198077,13.53,30.68,752.8,23.55,32.19
"2022-10-23 11:25:00",198078,13.53,30.98,752.7,22.09,36.83
"2022-10-23 11:30:00",198079,13.51,31.18,752.6,23.44,33.55
"2022-10-23 11:35:00",198080,13.51,31.4,752.6,23.41,32.04
"2022-10-23 11:40:00",198081,13.51,31.52,752.5,22.29,32.48
"2022-10-23 11:45:00",198082,13.51,31.53,752.4,23.35,30.63
"2022-10-23 11:50:00",198083,13.51,31.6,752.3,24.82,28.12
"2022-10-23 11:55:00",198084,13.51,31.8,752.2,24.09,28.74
"2022-10-23 12:00:00",198085,13.51,32,752,24.35,28.62
"2022-10-23 12:05:00",198086,13.51,32.12,751.9,24.51,27.75
"2022-10-23 12:10:00",198087,13.51,32.22,751.9,25.13,27.26
"2022-10-23 12:15:00",198088,13.49,32.38,751.8,25.47,26.91
"2022-10-23 12:20:00",198089,13.49,32.5,751.6,25.26,26.17
"2022-10-23 12:25:00",198090,13.49,32.59,751.5,24.63,27.52
"2022-10-23 12:30:00",198091,13.49,32.52,751.4,24.32,28.15
"2022-10-23 12:35:00",198092,13.49,32.39,751.2,24.52,28.43
"2022-10-23 12:40:00",198093,13.49,32.24,751.1,25,28.4
"2022-10-23 12:45:00",198094,13.49,32.13,751,24.91,28.87
"2022-10-23 12:50:00",198095,13.49,32,750.9,24.58,29.32
"2022-10-23 12:55:00",198096,13.49,31.89,750.8,24.67,29.26
"2022-10-23 13:00:00",198097,13.49,31.85,750.7,25.58,27.63
"2022-10-23 13:05:00",198098,13.49,31.84,750.6,25.36,28.16
"2022-10-23 13:10:00",198099,13.49,31.86,750.5,25.57,24.83
"2022-10-23 13:15:00",198100,13.49,31.89,750.4,26,25.13
"2022-10-23 13:20:00",198101,13.49,31.99,750.3,25.94,25.13
"2022-10-23 13:25:00",198102,13.49,32.04,750.1,25.06,25.3
"2022-10-23 13:30:00",198103,13.49,32.03,750,25.22,26.44
"2022-10-23 13:35:00",198104,13.49,32,749.9,24.11,27.76
"2022-10-23 13:40:00",198105,13.49,31.9,749.8,25.5,26.5
"2022-10-23 13:45:00",198106,13.49,31.93,749.6,26.15,23.63
"2022-10-23 13:50:00",198107,13.49,32.09,749.5,27.19,23.56
"2022-10-23 13:55:00",198108,13.49,32.33,749.4,25.9,25.33
"2022-10-23 14:00:00",198109,13.49,32.44,749.3,26.29,25.22
"2022-10-23 14:05:00",198110,13.49,32.56,749.2,27.14,23.97
"2022-10-23 14:10:00",198111,13.49,32.74,749.1,25.67,24.49
"2022-10-23 14:15:00",198112,13.49,32.9,749,26.45,24.06
"2022-10-23 14:20:00",198113,13.5,33.05,749,26.92,24.2
"2022-10-23 14:25:00",198114,13.5,33.22,748.8,26.63,24.76
"2022-10-23 14:30:00",198115,13.47,33.38,748.7,27.15,23.38
"2022-10-23 14:35:00",198116,13.47,33.57,748.5,27.36,23.71
"2022-10-23 14:40:00",198117,13.47,33.73,748.5,26.22,24.46
"2022-10-23 14:45:00",198118,13.47,33.76,748.4,26.54,25.13
"2022-10-23 14:50:00",198119,13.47,33.78,748.3,27.24,25.22
"2022-10-23 14:55:00",198120,13.47,33.85,748.3,27.1,23.07
"2022-10-23 15:00:00",198121,13.47,33.89,748.2,26.73,24.08
"2022-10-23 15:05:00",198122,13.47,33.81,748.2,26.31,24.26
"2022-10-23 15:10:00",198123,13.47,33.6,748,26.18,24.18
"2022-10-23 15:15:00",198124,13.47,33.46,748,26.87,23.54
"2022-10-23 15:20:00",198125,13.47,33.38,748,26.94,23.89
"2022-10-23 15:25:00",198126,13.47,33.41,748,26.82,22.84
"2022-10-23 15:30:00",198127,13.47,33.42,747.9,26.68,23.39
"2022-10-23 15:35:00",198128,13.47,33.3,747.9,26.37,23.57
"2022-10-23 15:40:00",198129,13.47,33.07,747.9,26.41,21.67
"2022-10-23 15:45:00",198130,13.47,32.81,747.8,26.64,21.72
"2022-10-23 15:50:00",198131,13.47,32.6,747.8,27.1,21.99
"2022-10-23 15:55:00",198132,13.47,32.65,747.8,26.91,21.74
"2022-10-23 16:00:00",198133,13.47,32.69,747.7,26.62,21.09
"2022-10-23 16:05:00",198134,13.47,32.63,747.7,26.63,21.3
"2022-10-23 16:10:00",198135,13.47,32.54,747.7,26.17,24.66
"2022-10-23 16:15:00",198136,13.47,32.34,747.7,25.69,24.15
"2022-10-23 16:20:00",198137,13.47,32.09,747.7,25.46,24.06
"2022-10-23 16:25:00",198138,13.47,31.83,747.6,25.76,23.88
"2022-10-23 16:30:00",198139,13.47,31.55,747.7,25.63,23.66
"2022-10-23 16:35:00",198140,13.47,31.34,747.7,25.56,24.34
"2022-10-23 16:40:00",198141,13.47,31.12,747.6,25.54,24.89
"2022-10-23 16:45:00",198142,13.47,30.94,747.6,25.63,23.21
"2022-10-23 16:50:00",198143,13.47,30.81,747.5,26.03,23.76
"2022-10-23 16:55:00",198144,13.47,30.71,747.5,25.96,24.17
"2022-10-23 17:00:00",198145,13.47,30.67,747.5,25.83,23.71
"2022-10-23 17:05:00",198146,13.47,30.72,747.5,25.98,22.89
"2022-10-23 17:10:00",198147,13.47,30.71,747.5,25.82,24.91
"2022-10-23 17:15:00",198148,13.49,30.22,747.5,25.29,25.97
"2022-10-23 17:20:00",198149,13.51,29.92,747.5,25.13,26.23
"2022-10-23 17:25:00",198150,13.52,29.84,747.6,25.24,26.04
"2022-10-23 17:30:00",198151,13.52,30.07,747.6,25.26,26.04
"2022-10-23 17:35:00",198152,13.52,30.06,747.7,25.2,27.26
"2022-10-23 17:40:00",198153,13.51,29.64,747.7,24.93,27.65
"2022-10-23 17:45:00",198154,13.52,29.26,747.9,24.29,27.8
"2022-10-23 17:50:00",198155,13.54,29,747.9,24.05,28.6
"2022-10-23 17:55:00",198156,13.54,28.9,748,23.89,29.33
"2022-10-23 18:00:00",198157,13.53,28.75,748.1,23.7,28.81
"2022-10-23 18:05:00",198158,13.45,28.4,748.1,23.71,28.3
"2022-10-23 18:10:00",198159,13.27,28.03,748.3,23.68,28.54
"2022-10-23 18:15:00",198160,13.11,27.69,748.3,23.17,30.68
"2022-10-23 18:20:00",198161,13,27.37,748.4,22.89,30.93
"2022-10-23 18:25:00",198162,12.94,26.99,748.5,22.69,30.64
"2022-10-23 18:30:00",198163,12.91,26.62,748.6,22.51,31.23
"2022-10-23 18:35:00",198164,12.9,26.17,748.7,22.46,30.56
"2022-10-23 18:40:00",198165,12.89,25.75,748.8,22.09,31.4
"2022-10-23 18:45:00",198166,12.88,25.38,748.9,21.97,31.85
"2022-10-23 18:50:00",198167,12.88,25.03,749,21.95,31.45
"2022-10-23 18:55:00",198168,12.87,24.74,749.1,21.84,32.04
"2022-10-23 19:00:00",198169,12.87,24.47,749.1,21.71,32.69
"2022-10-23 19:05:00",198170,12.87,24.24,749.2,21.64,32.55
"2022-10-23 19:10:00",198171,12.87,23.92,749.3,21.45,33
"2022-10-23 19:15:00",198172,12.86,23.66,749.4,21.27,33.91
"2022-10-23 19:20:00",198173,12.86,23.45,749.5,21.33,35.37
"2022-10-23 19:25:00",198174,12.86,23.29,749.7,21.16,37.03
"2022-10-23 19:30:00",198175,12.86,23.16,750,21.07,38.04
"2022-10-23 19:35:00",198176,12.86,23.04,750.1,20.97,38.71
"2022-10-23 19:40:00",198177,12.85,22.92,750.2,20.96,38.48
"2022-10-23 19:45:00",198178,12.85,22.76,750.3,20.72,38.92
"2022-10-23 19:50:00",198179,12.85,22.62,750.5,20.36,40.24
"2022-10-23 19:55:00",198180,12.85,22.45,750.5,20.34,40.69
"2022-10-23 20:00:00",198181,12.85,22.3,750.6,20.15,40.8
"2022-10-23 20:05:00",198182,12.85,22.15,750.8,19.81,42.12
"2022-10-23 20:10:00",198183,12.85,21.97,751,19.7,42.68
"2022-10-23 20:15:00",198184,12.85,21.82,751.1,19.74,42.88
"2022-10-23 20:20:00",198185,12.84,21.68,751.1,19.66,43.38
"2022-10-23 20:25:00",198186,12.84,21.55,751.3,19.53,43.5
"2022-10-23 20:30:00",198187,12.84,21.44,751.4,19.48,43.97
"2022-10-23 20:35:00",198188,12.84,21.39,751.6,19.38,44.63
"2022-10-23 20:40:00",198189,12.84,21.31,751.7,19.43,44.12
"2022-10-23 20:45:00",198190,12.84,21.28,751.7,19.29,44.68
"2022-10-23 20:50:00",198191,12.83,21.23,751.8,19.25,44.74
"2022-10-23 20:55:00",198192,12.83,21.15,751.9,19.17,44.86
"2022-10-23 21:00:00",198193,12.83,21.11,752,19.17,44.83
"2022-10-23 21:05:00",198194,12.83,21.12,752.1,19.18,44.89
"2022-10-23 21:10:00",198195,12.83,21.08,752.2,19.16,45.05
"2022-10-23 21:15:00",198196,12.83,21.08,752.3,19.06,45.1
"2022-10-23 21:20:00",198197,12.82,21.08,752.4,19.06,45.42
"2022-10-23 21:25:00",198198,12.82,21.02,752.5,19.15,45.08
"2022-10-23 21:30:00",198199,12.82,20.99,752.6,19.1,45.01
"2022-10-23 21:35:00",198200,12.82,20.99,752.6,19,46.11
"2022-10-23 21:40:00",198201,12.82,20.95,752.6,18.88,45.9
"2022-10-23 21:45:00",198202,12.82,20.9,752.7,18.74,46.52
"2022-10-23 21:50:00",198203,12.82,20.82,752.8,18.68,46.51
"2022-10-23 21:55:00",198204,12.82,20.72,752.9,18.51,47.59
"2022-10-23 22:00:00",198205,12.82,20.6,752.9,18.41,47.39
"2022-10-23 22:05:00",198206,12.82,20.48,753,18.25,47.81
"2022-10-23 22:10:00",198207,12.82,20.25,753.1,18.19,47.96
"2022-10-23 22:15:00",198208,12.82,20.07,753.1,18.21,47.78
"2022-10-23 22:20:00",198209,12.81,19.93,753.2,18.07,48.32
"2022-10-23 22:25:00",198210,12.81,19.8,753.2,18.11,48.27
"2022-10-23 22:30:00",198211,12.81,19.68,753.2,18.23,47.75
"2022-10-23 22:35:00",198212,12.81,19.6,753.3,18.17,48.27
"2022-10-23 22:40:00",198213,12.81,19.51,753.3,18.18,48.12
"2022-10-23 22:45:00",198214,12.81,19.46,753.3,18.09,48.73
"2022-10-23 22:50:00",198215,12.81,19.39,753.3,17.93,49.71
"2022-10-23 22:55:00",198216,12.8,19.36,753.3,17.83,50.35
"2022-10-23 23:00:00",198217,12.8,19.32,753.3,17.81,50.51
"2022-10-23 23:05:00",198218,12.8,19.31,753.3,17.82,50.57
"2022-10-23 23:10:00",198219,12.8,19.28,753.4,17.81,49.92
"2022-10-23 23:15:00",198220,12.8,19.29,753.3,17.93,48.81
"2022-10-23 23:20:00",198221,12.8,19.32,753.3,17.82,49.64
"2022-10-23 23:25:00",198222,12.79,19.34,753.2,17.73,50.22
"2022-10-23 23:30:00",198223,12.79,19.33,753.2,17.67,50.49
"2022-10-23 23:35:00",198224,12.79,19.32,753.1,17.53,51.12
"2022-10-23 23:40:00",198225,12.79,19.25,753.1,17.38,51.91
"2022-10-23 23:45:00",198226,12.79,19.18,753,17.3,52.11
"2022-10-23 23:50:00",198227,12.79,19.08,753,17.29,52.42
"2022-10-23 23:55:00",198228,12.79,18.99,753,17.22,52.57
"2022-10-24 00:00:00",198229,12.78,18.9,753,17.26,52.54
"2022-10-24 00:05:00",198230,12.78,18.79,753,17.29,52.51
"2022-10-24 00:10:00",198231,12.78,18.68,752.9,17.31,52.33
"2022-10-24 00:15:00",198232,12.78,18.61,752.9,17.32,52.49
"2022-10-24 00:20:00",198233,12.78,18.53,752.9,17.27,52.63
"2022-10-24 00:25:00",198234,12.77,18.49,752.8,17.26,52.73
"2022-10-24 00:30:00",198235,12.77,18.43,752.7,17.19,52.96
"2022-10-24 00:35:00",198236,12.77,18.39,752.6,17.13,52.95
"2022-10-24 00:40:00",198237,12.77,18.35,752.5,17.13,52.8
"2022-10-24 00:45:00",198238,12.77,18.31,752.5,17.07,53.25
"2022-10-24 00:50:00",198239,12.78,18.26,752.4,17.07,52.36
"2022-10-24 00:55:00",198240,12.77,18.2,752.4,16.97,52.84
"2022-10-24 01:00:00",198241,12.77,18.17,752.4,16.92,53.48
"2022-10-24 01:05:00",198242,12.76,18.15,752.4,16.79,53.86
"2022-10-24 01:10:00",198243,12.77,18.09,752.4,16.79,53.55
"2022-10-24 01:15:00",198244,12.76,18.08,752.3,16.8,53.71
"2022-10-24 01:20:00",198245,12.76,18.05,752.3,16.75,54.1
"2022-10-24 01:25:00",198246,12.76,18.03,752.2,16.69,54.52
"2022-10-24 01:30:00",198247,12.76,18.03,752.2,16.57,55.54
"2022-10-24 01:35:00",198248,12.76,17.99,752.2,16.26,56.8
"2022-10-24 01:40:00",198249,12.76,17.96,752.2,16.24,57.43
"2022-10-24 01:45:00",198250,12.76,17.92,752.2,16.32,56.54
"2022-10-24 01:50:00",198251,12.76,17.86,752.2,16.39,55.7
"2022-10-24 01:55:00",198252,12.76,17.82,752.1,16.5,55.99
"2022-10-24 02:00:00",198253,12.75,17.8,752.1,16.49,56.23
"2022-10-24 02:05:00",198254,12.75,17.77,752.1,16.36,57.27
"2022-10-24 02:10:00",198255,12.75,17.75,752.1,16.32,55.32
"2022-10-24 02:15:00",198256,12.75,17.7,752.1,16.42,56.13
"2022-10-24 02:20:00",198257,12.75,17.63,752,16.33,56.17
"2022-10-24 02:25:00",198258,12.75,17.54,752,16.32,55.78
"2022-10-24 02:30:00",198259,12.75,17.5,752,16.27,56.56
"2022-10-24 02:35:00",198260,12.74,17.43,752,16.25,55.31
"2022-10-24 02:40:00",198261,12.74,17.35,752,16.17,55.48
"2022-10-24 02:45:00",198262,12.74,17.27,751.9,16,56.61
"2022-10-24 02:50:00",198263,12.74,17.15,751.9,15.86,57.01
"2022-10-24 02:55:00",198264,12.74,17.05,752,15.84,56.1
"2022-10-24 03:00:00",198265,12.74,17,752,15.88,56.35
"2022-10-24 03:05:00",198266,12.73,16.92,752,15.81,57.09
"2022-10-24 03:10:00",198267,12.73,16.85,752,15.62,57.64
"2022-10-24 03:15:00",198268,12.73,16.77,752,15.42,57.58
"2022-10-24 03:20:00",198269,12.73,16.7,751.9,15.54,57.36
"2022-10-24 03:25:00",198270,12.73,16.62,752,15.46,58.07
"2022-10-24 03:30:00",198271,12.72,16.56,752,15.39,57.88
"2022-10-24 03:35:00",198272,12.72,16.35,752.1,15.25,58.19
"2022-10-24 03:40:00",198273,12.72,16.24,752.1,15.23,58.66
"2022-10-24 03:45:00",198274,12.72,16.17,752.1,15.17,59.34
"2022-10-24 03:50:00",198275,12.72,16.11,752.1,15.12,59.82
"2022-10-24 03:55:00",198276,12.71,16.02,752.2,15.05,60.22
"2022-10-24 04:00:00",198277,12.71,15.98,752.2,14.97,60.59
"2022-10-24 04:05:00",198278,12.71,15.93,752.2,14.92,60.94
"2022-10-24 04:10:00",198279,12.71,15.9,752.3,15,60.36
"2022-10-24 04:15:00",198280,12.7,15.88,752.3,15.04,60.1
"2022-10-24 04:20:00",198281,12.7,15.85,752.3,14.98,60.51
"2022-10-24 04:25:00",198282,12.7,15.83,752.4,14.99,60.54
"2022-10-24 04:30:00",198283,12.69,15.83,752.4,14.92,60.71
"2022-10-24 04:35:00",198284,12.69,15.77,752.4,14.87,60.91
"2022-10-24 04:40:00",198285,12.69,15.72,752.5,14.83,61.14
"2022-10-24 04:45:00",198286,12.69,15.67,752.5,14.61,62.53
"2022-10-24 04:50:00",198287,12.69,15.61,752.6,14.45,63.47
"2022-10-24 04:55:00",198288,12.68,15.54,752.7,14.33,64.1
"2022-10-24 05:00:00",198289,12.68,15.46,752.7,14.23,64.7
"2022-10-24 05:05:00",198290,12.68,15.35,752.8,14.17,64.92
"2022-10-24 05:10:00",198291,12.68,15.24,752.9,14.26,64.55
"2022-10-24 05:15:00",198292,12.67,15.16,752.9,14.31,64.27
"2022-10-24 05:20:00",198293,12.67,15.09,752.9,14.25,64.67
"2022-10-24 05:25:00",198294,12.66,15.03,753,14.21,64.87
"2022-10-24 05:30:00",198295,12.66,14.98,753,14.11,65.03
"2022-10-24 05:35:00",198296,12.66,14.91,753.1,14.08,65.52
"2022-10-24 05:40:00",198297,12.66,14.88,753.1,14.12,64.97
"2022-10-24 05:45:00",198298,12.65,14.89,753.2,14.18,64.37
"2022-10-24 05:50:00",198299,12.66,14.9,753.2,14.24,64.2
"2022-10-24 05:55:00",198300,12.66,14.94,753.3,14.31,64.18
"2022-10-24 06:00:00",198301,12.68,14.95,753.3,14.35,63.78
"2022-10-24 06:05:00",198302,12.7,15.02,753.4,14.45,63.41
"2022-10-24 06:10:00",198303,12.71,15.09,753.4,14.52,63.42
"2022-10-24 06:15:00",198304,12.77,15.21,753.5,14.94,62.4
"2022-10-24 06:20:00",198305,12.84,15.38,753.5,15.52,60.15
"2022-10-24 06:25:00",198306,12.95,15.53,753.6,16.12,58.05
"2022-10-24 06:30:00",198307,13.08,15.81,753.6,16.3,57.47
"2022-10-24 06:35:00",198308,13.01,16.04,753.6,16.4,57
"2022-10-24 06:40:00",198309,12.98,16.23,753.7,15.58,59.59
"2022-10-24 06:45:00",198310,13.25,16.42,753.7,15.61,60.46
"2022-10-24 06:50:00",198311,13.56,16.86,753.7,16.83,55.85
"2022-10-24 06:55:00",198312,13.69,17.34,753.7,17.81,53.73
"2022-10-24 07:00:00",198313,13.77,17.93,753.8,17.72,52.17
"2022-10-24 07:05:00",198314,13.84,18.91,753.8,18.07,52.13
"2022-10-24 07:10:00",198315,13.75,20.33,753.9,18.14,51.64
"2022-10-24 07:15:00",198316,13.72,21.18,753.9,18.06,51.48
"2022-10-24 07:20:00",198317,13.7,21.84,754,17.95,52.3
"2022-10-24 07:25:00",198318,13.7,22.39,754,18.39,50.31
"2022-10-24 07:30:00",198319,13.7,22.92,754,18.73,50.35
"2022-10-24 07:35:00",198320,13.67,23.42,754,18.36,50.52
"2022-10-24 07:40:00",198321,13.67,23.87,754.1,18.8,49.39
"2022-10-24 07:45:00",198322,13.65,24.28,754.1,18.75,49.17
"2022-10-24 07:50:00",198323,13.65,24.65,754.1,18.83,49.24
"2022-10-24 07:55:00",198324,13.65,25.01,754.1,19.11,48.27
"2022-10-24 08:00:00",198325,13.62,25.41,754,19.8,46.97
"2022-10-24 08:05:00",198326,13.62,25.76,754,19.53,46.62
"2022-10-24 08:10:00",198327,13.63,26.1,754,19.08,47
"2022-10-24 08:15:00",198328,13.63,26.38,754,19.38,47.64
"2022-10-24 08:20:00",198329,13.6,26.63,754.1,19.35,47.1
"2022-10-24 08:25:00",198330,13.6,26.79,754,19.39,46.85
"2022-10-24 08:30:00",198331,13.6,27.05,754,20.54,44.19
"2022-10-24 08:35:00",198332,13.6,27.44,754,21.56,42.38
"2022-10-24 08:40:00",198333,13.58,27.87,754,21.11,43.62
"2022-10-24 08:45:00",198334,13.58,28.23,754,20.54,45.34
"2022-10-24 08:50:00",198335,13.57,28.56,754,19.82,45.25
"2022-10-24 08:55:00",198336,13.58,28.82,754,20.64,43.75
"2022-10-24 09:00:00",198337,13.55,29.08,753.9,20.97,42.47
"2022-10-24 09:05:00",198338,13.55,29.26,753.9,21.4,41.65
"2022-10-24 09:10:00",198339,13.55,29.47,753.9,20.61,42.92
"2022-10-24 09:15:00",198340,13.55,29.6,753.9,20.54,41.75
"2022-10-24 09:20:00",198341,13.55,29.78,753.9,21.34,40.41
"2022-10-24 09:25:00",198342,13.55,30.02,753.8,21.01,40.99
"2022-10-24 09:30:00",198343,13.53,30.22,753.7,22.02,38.99
"2022-10-24 09:35:00",198344,13.53,30.44,753.7,21.36,39.24
"2022-10-24 09:40:00",198345,13.53,30.71,753.7,23.11,37.53
"2022-10-24 09:45:00",198346,13.53,31.11,753.6,24.34,34.93
"2022-10-24 09:50:00",198347,13.51,31.61,753.7,22.44,37.33
"2022-10-24 09:55:00",198348,13.51,31.85,753.6,21.25,40.79
"2022-10-24 10:00:00",198349,13.51,31.86,753.5,20,42.97
"2022-10-24 10:05:00",198350,13.51,31.72,753.5,20.7,39.86
"2022-10-24 10:10:00",198351,13.51,31.62,753.4,20.6,40.72
"2022-10-24 10:15:00",198352,13.51,31.56,753.3,22.47,36.93
"2022-10-24 10:20:00",198353,13.51,31.62,753.3,22.26,36.98
"2022-10-24 10:25:00",198354,13.51,31.69,753.1,22.4,36.53
"2022-10-24 10:30:00",198355,13.51,31.79,753,22.28,38.36
"2022-10-24 10:35:00",198356,13.51,31.93,753,23.14,34.42
"2022-10-24 10:40:00",198357,13.51,32.06,752.9,23.09,32.68
"2022-10-24 10:45:00",198358,13.49,32.16,752.7,23.47,32.08
"2022-10-24 10:50:00",198359,13.49,32.36,752.7,23.22,32.9
"2022-10-24 10:55:00",198360,13.49,32.49,752.6,23.8,32.65
"2022-10-24 11:00:00",198361,13.49,32.73,752.5,24.45,30.99
"2022-10-24 11:05:00",198362,13.49,32.89,752.4,22.86,33.5
"2022-10-24 11:10:00",198363,13.49,32.92,752.3,23.47,32.35
"2022-10-24 11:15:00",198364,13.49,32.92,752.2,24.61,30.2
"2022-10-24 11:20:00",198365,13.49,33.02,752.1,24.35,31.62
"2022-10-24 11:25:00",198366,13.49,33.12,752,23.93,33.36
"2022-10-24 11:30:00",198367,13.49,33.14,752,23.92,32.16
"2022-10-24 11:35:00",198368,13.49,33.08,751.9,23.51,32.19
"2022-10-24 11:40:00",198369,13.49,33,751.8,23.97,31.29
"2022-10-24 11:45:00",198370,13.49,33,751.7,25.04,30.44
"2022-10-24 11:50:00",198371,13.47,33.17,751.6,26.51,28.11
"2022-10-24 11:55:00",198372,13.47,33.34,751.5,25.36,29.28
"2022-10-24 12:00:00",198373,13.47,33.42,751.4,25.17,29.23
"2022-10-24 12:05:00",198374,13.47,33.41,751.2,25.15,30.28
"2022-10-24 12:10:00",198375,13.47,33.4,751.1,25.44,28.17
"2022-10-24 12:15:00",198376,13.47,33.46,751,25.53,27.83
"2022-10-24 12:20:00",198377,13.47,33.44,750.9,24.81,29.13
"2022-10-24 12:25:00",198378,13.47,33.39,750.7,26.22,26.72
"2022-10-24 12:30:00",198379,13.47,33.39,750.6,26.36,25.64
"2022-10-24 12:35:00",198380,13.47,33.4,750.4,25.63,26.27
"2022-10-24 12:40:00",198381,13.47,33.36,750.3,25.76,26.31
"2022-10-24 12:45:00",198382,13.47,33.27,750.2,25.82,25.63
"2022-10-24 12:50:00",198383,13.47,33.24,750,27.3,24.81
"2022-10-24 12:55:00",198384,13.47,33.29,749.8,27.07,24.45
"2022-10-24 13:00:00",198385,13.47,33.36,749.7,27.41,24.2
"2022-10-24 13:05:00",198386,13.47,33.41,749.6,27.22,24.18
"2022-10-24 13:10:00",198387,13.47,33.39,749.4,26.41,24.27
"2022-10-24 13:15:00",198388,13.47,33.33,749.3,27.13,22.38
"2022-10-24 13:20:00",198389,13.47,33.31,749.2,27.19,22.94
"2022-10-24 13:25:00",198390,13.47,33.33,749,27.4,21.84
"2022-10-24 13:30:00",198391,13.47,33.41,748.9,28.05,21.18
"2022-10-24 13:35:00",198392,13.47,33.53,748.8,27.33,21.35
"2022-10-24 13:40:00",198393,13.47,33.66,748.6,27.85,19.98
"2022-10-24 13:45:00",198394,13.47,33.82,748.5,27.88,16.9
"2022-10-24 13:50:00",198395,13.47,33.99,748.4,27.74,16.39
"2022-10-24 13:55:00",198396,13.47,34.14,748.2,27.81,18.9
"2022-10-24 14:00:00",198397,13.47,34.26,748.1,27.9,16.12
"2022-10-24 14:05:00",198398,13.45,34.33,748,28.27,17.2
"2022-10-24 14:10:00",198399,13.45,34.34,747.8,27.18,18.19
"2022-10-24 14:15:00",198400,13.45,34.3,747.7,27.8,18.79
"2022-10-24 14:20:00",198401,13.45,34.37,747.7,29.14,19.74
"2022-10-24 14:25:00",198402,13.45,34.5,747.4,27.22,20.57
"2022-10-24 14:30:00",198403,13.45,34.38,747.5,27.32,20.72
"2022-10-24 14:35:00",198404,13.45,34.16,747.5,28.04,19.58
"2022-10-24 14:40:00",198405,13.45,33.94,747.4,26.84,20.83
"2022-10-24 14:45:00",198406,13.45,33.55,747.4,26.23,23.08
"2022-10-24 14:50:00",198407,13.45,33.11,747.5,26.02,23.07
"2022-10-24 14:55:00",198408,13.45,32.63,747.4,25.29,23.57
"2022-10-24 15:00:00",198409,13.45,32.17,747.3,26.04,22.03
"2022-10-24 15:05:00",198410,13.44,31.81,747.2,25.53,21.76
"2022-10-24 15:10:00",198411,13.44,31.49,747.1,25.44,22.61
"2022-10-24 15:15:00",198412,13.44,31.24,747,25.34,22.88
"2022-10-24 15:20:00",198413,13.44,30.97,746.9,24.82,23.19
"2022-10-24 15:25:00",198414,13.47,30.61,747.1,24.15,25.1
"2022-10-24 15:30:00",198415,13.47,30.24,746.9,24.41,24.61
"2022-10-24 15:35:00",198416,13.47,29.96,746.9,24.95,24.65
"2022-10-24 15:40:00",198417,13.47,29.83,746.8,25.24,23.74
"2022-10-24 15:45:00",198418,13.47,29.85,746.9,25.2,25.01
"2022-10-24 15:50:00",198419,13.47,29.98,746.8,25.74,22.98
"2022-10-24 15:55:00",198420,13.47,30.08,746.8,25.08,23.07
"2022-10-24 16:00:00",198421,13.47,30.03,746.8,25.2,22.39
"2022-10-24 16:05:00",198422,13.47,29.99,746.6,25.36,22.12
"2022-10-24 16:10:00",198423,13.47,29.99,746.6,25.8,22.5
"2022-10-24 16:15:00",198424,13.47,30.09,746.6,26.41,21.33
"2022-10-24 16:20:00",198425,13.47,30.32,746.5,26.29,21.35
"2022-10-24 16:25:00",198426,13.47,30.53,746.5,26.11,20.82
"2022-10-24 16:30:00",198427,13.47,30.68,746.5,26.58,20.92
"2022-10-24 16:35:00",198428,13.47,30.87,746.5,26.6,20.33
"2022-10-24 16:40:00",198429,13.47,30.99,746.4,26.2,20.58
"2022-10-24 16:45:00",198430,13.47,30.85,746.3,25.86,21.05
"2022-10-24 16:50:00",198431,13.47,30.69,746.3,25.72,21.77
"2022-10-24 16:55:00",198432,13.47,30.56,746.3,25.91,20.7
"2022-10-24 17:00:00",198433,13.46,30.17,746.3,25.79,20.66
"2022-10-24 17:05:00",198434,13.4,29.49,746.4,25.51,21.17
"2022-10-24 17:10:00",198435,13.29,29.02,746.4,25.35,21.22
"2022-10-24 17:15:00",198436,13.24,28.65,746.5,25.35,20.95
"2022-10-24 17:20:00",198437,13.31,28.36,746.5,25.31,20.88
"2022-10-24 17:25:00",198438,13.33,28.06,746.5,25.38,21.23
"2022-10-24 17:30:00",198439,13.19,27.78,746.5,25.33,21.95
"2022-10-24 17:35:00",198440,13.11,27.59,746.6,25.27,21.63
"2022-10-24 17:40:00",198441,13.07,27.42,746.6,25.37,21.74
"2022-10-24 17:45:00",198442,13.07,27.31,746.7,24.97,23.75
"2022-10-24 17:50:00",198443,13.11,27.21,746.6,24.97,24.65
"2022-10-24 17:55:00",198444,13.22,27.16,746.7,24.59,25.44
"2022-10-24 18:00:00",198445,13.14,27.06,746.8,24.51,26.53
"2022-10-24 18:05:00",198446,13.01,26.91,746.9,24.27,26.99
"2022-10-24 18:10:00",198447,12.95,26.74,746.9,24.29,25.35
"2022-10-24 18:15:00",198448,12.92,26.55,746.7,24.1,24.65
"2022-10-24 18:20:00",198449,12.9,26.4,746.9,23.91,25.22
"2022-10-24 18:25:00",198450,12.89,26.19,746.9,23.68,25
"2022-10-24 18:30:00",198451,12.88,25.97,746.9,23.62,25.3
"2022-10-24 18:35:00",198452,12.87,25.73,746.9,23.48,25.36
"2022-10-24 18:40:00",198453,12.87,25.48,746.9,23.25,25.86
"2022-10-24 18:45:00",198454,12.87,25.23,747,23.2,25.85
"2022-10-24 18:50:00",198455,12.86,25.01,747.1,22.99,25.94
"2022-10-24 18:55:00",198456,12.86,24.77,747.2,23.01,26.65
"2022-10-24 19:00:00",198457,12.86,24.54,747.3,22.38,28.8
"2022-10-24 19:05:00",198458,12.86,24.31,747.3,22.01,30.05
"2022-10-24 19:10:00",198459,12.86,24.1,747.4,21.65,31.02
"2022-10-24 19:15:00",198460,12.86,23.85,747.5,21.54,31.28
"2022-10-24 19:20:00",198461,12.85,23.64,747.6,21.57,31.22
"2022-10-24 19:25:00",198462,12.85,23.45,747.8,21.24,33.58
"2022-10-24 19:30:00",198463,12.85,23.22,747.9,20.71,34.82
"2022-10-24 19:35:00",198464,12.85,23.01,748,20.65,35.64
"2022-10-24 19:40:00",198465,12.85,22.8,748,20.52,36.97
"2022-10-24 19:45:00",198466,12.85,22.61,748,20.79,36.08
"2022-10-24 19:50:00",198467,12.84,22.47,748.1,21.32,35.83
"2022-10-24 19:55:00",198468,12.84,22.41,748.2,21.87,35.23
"2022-10-24 20:00:00",198469,12.84,22.4,748.3,21.91,35.36
"2022-10-24 20:05:00",198470,12.84,22.44,748.4,22.01,35.64
"2022-10-24 20:10:00",198471,12.84,22.51,748.5,21.9,36.09
"2022-10-24 20:15:00",198472,12.84,22.46,748.6,21.53,36.91
"2022-10-24 20:20:00",198473,12.84,22.42,748.7,21.59,35.93
"2022-10-24 20:25:00",198474,12.84,22.36,748.8,21.34,36.62
"2022-10-24 20:30:00",198475,12.84,22.31,748.8,21.41,36.6
"2022-10-24 20:35:00",198476,12.84,22.23,748.9,21.34,36.69
"2022-10-24 20:40:00",198477,12.83,22.18,749,21.1,37.13
"2022-10-24 20:45:00",198478,12.83,22.09,749.1,21.19,36.41
"2022-10-24 20:50:00",198479,12.83,22.03,749.3,20.82,36.51
"2022-10-24 20:55:00",198480,12.83,21.97,749.3,20.57,37.33
"2022-10-24 21:00:00",198481,12.83,21.88,749.4,20.56,37.82
"2022-10-24 21:05:00",198482,12.82,21.81,749.4,20.36,39.07
"2022-10-24 21:10:00",198483,12.83,21.73,749.5,20.25,38.18
"2022-10-24 21:15:00",198484,12.82,21.6,749.6,20.04,37.41
"2022-10-24 21:20:00",198485,12.82,21.5,749.8,19.73,37.83
"2022-10-24 21:25:00",198486,12.82,21.36,749.8,19.67,38.35
"2022-10-24 21:30:00",198487,12.82,21.19,749.9,19.22,42.4
"2022-10-24 21:35:00",198488,12.82,21.03,749.9,19.43,39.88
"2022-10-24 21:40:00",198489,12.82,20.86,750,19.55,31.31
"2022-10-24 21:45:00",198490,12.82,20.76,750.1,20.54,37.53
"2022-10-24 21:50:00",198491,12.81,20.75,750.2,19.74,37.58
"2022-10-24 21:55:00",198492,12.81,20.69,750.3,19.6,34.68
"2022-10-24 22:00:00",198493,12.81,20.62,750.3,19.8,36.67
"2022-10-24 22:05:00",198494,12.81,20.55,750.4,19.49,39.34
"2022-10-24 22:10:00",198495,12.81,20.46,750.4,19.36,38.25
"2022-10-24 22:15:00",198496,12.81,20.34,750.5,19.5,38.79
"2022-10-24 22:20:00",198497,12.81,20.28,750.5,19.49,38.01
"2022-10-24 22:25:00",198498,12.81,20.2,750.5,19.47,37.94
"2022-10-24 22:30:00",198499,12.82,19.77,750.5,19.43,39.36
"2022-10-24 22:35:00",198500,12.82,19.53,750.6,19.75,40.11
"2022-10-24 22:40:00",198501,12.82,19.43,750.6,19.62,40.29
"2022-10-24 22:45:00",198502,12.82,19.39,750.7,19.7,41.91
"2022-10-24 22:50:00",198503,12.82,19.38,750.7,19.93,42.8
"2022-10-24 22:55:00",198504,12.81,19.41,750.6,19.65,42.93
"2022-10-24 23:00:00",198505,12.81,19.42,750.7,19.45,44.51
"2022-10-24 23:05:00",198506,12.81,19.41,750.7,19.32,45.26
"2022-10-24 23:10:00",198507,12.81,19.38,750.7,18.63,47.07
"2022-10-24 23:15:00",198508,12.81,19.27,750.8,18.33,46.78
"2022-10-24 23:20:00",198509,12.81,19.13,750.9,18.12,48.49
"2022-10-24 23:25:00",198510,12.81,18.98,750.9,18.43,48.75
"2022-10-24 23:30:00",198511,12.8,18.87,750.9,18.22,49.82
"2022-10-24 23:35:00",198512,12.8,18.79,750.9,18.42,49
"2022-10-24 23:40:00",198513,12.8,18.71,751,18.57,48.64
"2022-10-24 23:45:00",198514,12.8,18.64,751,18.04,49.79
"2022-10-24 23:50:00",198515,12.8,18.56,751,17.77,49.88
"2022-10-24 23:55:00",198516,12.8,18.45,751,17.95,48.81
"2022-10-25 00:00:00",198517,12.8,18.35,750.9,17.82,48.23
"2022-10-25 00:05:00",198518,12.8,18.23,750.9,17.27,49
"2022-10-25 00:10:00",198519,12.79,18.1,750.9,17.01,49.59
"2022-10-25 00:15:00",198520,12.79,17.95,750.9,16.93,50.17
"2022-10-25 00:20:00",198521,12.79,17.8,751,16.9,51
"2022-10-25 00:25:00",198522,12.79,17.65,750.9,16.97,50.55
"2022-10-25 00:30:00",198523,12.79,17.51,750.9,16.94,49.74
"2022-10-25 00:35:00",198524,12.79,17.4,750.9,17.12,50.07
"2022-10-25 00:40:00",198525,12.79,17.34,750.8,17.16,48.21
"2022-10-25 00:45:00",198526,12.79,17.27,750.9,17.03,47.12
"2022-10-25 00:50:00",198527,12.78,17.24,750.9,16.79,48
"2022-10-25 00:55:00",198528,12.78,17.21,750.8,16.94,47.74
"2022-10-25 01:00:00",198529,12.78,17.12,750.8,16.82,48.25
"2022-10-25 01:05:00",198530,12.78,17.06,750.8,16.91,48.67
"2022-10-25 01:10:00",198531,12.78,16.97,750.8,17.02,49.37
"2022-10-25 01:15:00",198532,12.78,16.89,750.9,17.1,49.2
"2022-10-25 01:20:00",198533,12.77,16.83,750.9,17.17,49.55
"2022-10-25 01:25:00",198534,12.77,16.81,750.8,17.2,49.99
"2022-10-25 01:30:00",198535,12.77,16.83,750.8,17.19,50.52
"2022-10-25 01:35:00",198536,12.77,16.87,750.8,17.09,50.94
"2022-10-25 01:40:00",198537,12.77,16.93,750.8,17.15,51.01
"2022-10-25 01:45:00",198538,12.77,16.95,750.8,16.94,52.03
"2022-10-25 01:50:00",198539,12.76,16.93,750.9,16.64,53.1
"2022-10-25 01:55:00",198540,12.76,16.88,750.9,16.21,54.42
"2022-10-25 02:00:00",198541,12.76,16.8,750.9,16.09,55.13
"2022-10-25 02:05:00",198542,12.76,16.7,750.9,15.96,55.6
"2022-10-25 02:10:00",198543,12.75,16.58,750.8,16.1,55.17
"2022-10-25 02:15:00",198544,12.75,16.48,750.8,15.99,55.76
"2022-10-25 02:20:00",198545,12.75,16.29,750.8,15.64,56.95
"2022-10-25 02:25:00",198546,12.75,16.14,750.9,15.47,55.98
"2022-10-25 02:30:00",198547,12.75,16.07,750.9,15.4,55.73
"2022-10-25 02:35:00",198548,12.75,16.02,751,15.48,55.99
"2022-10-25 02:40:00",198549,12.74,16.04,750.9,15.61,55.18
"2022-10-25 02:45:00",198550,12.74,16.05,751,15.6,55.24
"2022-10-25 02:50:00",198551,12.74,16.08,751,15.69,55.44
"2022-10-25 02:55:00",198552,12.74,16.14,751,15.68,55.95
"2022-10-25 03:00:00",198553,12.74,16.19,750.9,15.71,55.93
"2022-10-25 03:05:00",198554,12.73,16.22,750.9,15.71,56.2
"2022-10-25 03:10:00",198555,12.73,16.26,750.9,15.64,56.65
"2022-10-25 03:15:00",198556,12.73,16.3,750.9,15.66,56.59
"2022-10-25 03:20:00",198557,12.73,16.3,750.9,15.65,56.68
"2022-10-25 03:25:00",198558,12.73,16.31,750.9,15.66,56.5
"2022-10-25 03:30:00",198559,12.72,16.29,750.9,15.64,56.71
"2022-10-25 03:35:00",198560,12.72,16.25,751,15.57,57.09
"2022-10-25 03:40:00",198561,12.72,16.18,750.9,15.54,57.6
"2022-10-25 03:45:00",198562,12.72,16.09,750.9,15.4,58.57
"2022-10-25 03:50:00",198563,12.71,16.01,751,15.33,58.38
"2022-10-25 03:55:00",198564,12.71,15.9,751,15.43,57.73
"2022-10-25 04:00:00",198565,12.71,15.8,751.1,15.28,58.46
"2022-10-25 04:05:00",198566,12.7,16.02,751.1,15.25,58.58
"2022-10-25 04:10:00",198567,12.7,16.11,751.1,15.21,58.42
"2022-10-25 04:15:00",198568,12.7,16.01,751.1,15.32,57.89
"2022-10-25 04:20:00",198569,12.69,15.96,751.1,15.4,57.43
"2022-10-25 04:25:00",198570,12.68,15.93,751.1,15.54,56.78
"2022-10-25 04:30:00",198571,12.68,15.91,751.1,15.5,56.75
"2022-10-25 04:35:00",198572,12.68,15.84,751.2,15.4,57.18
"2022-10-25 04:40:00",198573,12.68,15.81,751.2,15.22,58.36
"2022-10-25 04:45:00",198574,12.68,15.71,751.1,15.04,57.73
"2022-10-25 04:50:00",198575,12.67,15.64,751.2,14.99,58.45
"2022-10-25 04:55:00",198576,12.67,15.63,751.2,15,57.18
"2022-10-25 05:00:00",198577,12.67,15.6,751.2,14.82,57.34
"2022-10-25 05:05:00",198578,12.67,15.57,751.3,14.82,57.43
"2022-10-25 05:10:00",198579,12.66,15.53,751.3,14.97,57.3
"2022-10-25 05:15:00",198580,12.66,15.51,751.4,15.1,55.93
"2022-10-25 05:20:00",198581,12.66,15.49,751.4,15.08,56.71
"2022-10-25 05:25:00",198582,12.66,15.48,751.5,15.1,56.87
"2022-10-25 05:30:00",198583,12.66,15.47,751.5,14.98,57.18
"2022-10-25 05:35:00",198584,12.65,15.46,751.5,14.88,57.44
"2022-10-25 05:40:00",198585,12.65,15.43,751.6,14.95,56.87
"2022-10-25 05:45:00",198586,12.65,15.45,751.6,15.1,56.32
"2022-10-25 05:50:00",198587,12.65,15.44,751.7,14.74,58.35
"2022-10-25 05:55:00",198588,12.66,15.42,751.7,14.76,58.17
"2022-10-25 06:00:00",198589,12.68,15.41,751.7,14.61,59.29
"2022-10-25 06:05:00",198590,12.71,15.43,751.8,14.57,60.2
"2022-10-25 06:10:00",198591,12.74,15.49,751.8,14.86,59.23
"2022-10-25 06:15:00",198592,12.79,15.61,751.9,15.27,57.89
"2022-10-25 06:20:00",198593,12.87,15.76,751.9,15.71,55.47
"2022-10-25 06:25:00",198594,12.97,16,752,16.26,53.66
"2022-10-25 06:30:00",198595,13.1,16.35,752,16.69,52.49
"2022-10-25 06:35:00",198596,13.26,16.73,752,17.24,50.8
"2022-10-25 06:40:00",198597,13.4,17.05,752,17.45,49.99
"2022-10-25 06:45:00",198598,13.51,17.49,752.1,17.74,49.22
"2022-10-25 06:50:00",198599,13.6,18,752.1,18.05,51.88
"2022-10-25 06:55:00",198600,13.68,18.53,752.1,18.1,51.01
"2022-10-25 07:00:00",198601,13.75,19.06,752.2,18.19,51.4
"2022-10-25 07:05:00",198602,13.9,19.62,752.2,18.26,50.82
"2022-10-25 07:10:00",198603,13.72,21.05,752.2,18.63,50.09
"2022-10-25 07:15:00",198604,13.73,21.89,752.2,18.17,50.06
"2022-10-25 07:20:00",198605,13.7,22.48,752.3,18.56,49.49
"2022-10-25 07:25:00",198606,13.7,22.95,752.3,17.6,52
"2022-10-25 07:30:00",198607,13.67,23.28,752.3,18.31,50.05
"2022-10-25 07:35:00",198608,13.67,23.64,752.4,18.91,48.31
"2022-10-25 07:40:00",198609,13.68,23.98,752.4,18.48,50.6
"2022-10-25 07:45:00",198610,13.65,24.3,752.4,19.26,47.03
"2022-10-25 07:50:00",198611,13.65,24.67,752.3,19.08,48.58
"2022-10-25 07:55:00",198612,13.65,25.01,752.4,19.24,46.9
"2022-10-25 08:00:00",198613,13.62,25.3,752.4,19.77,46.14
"2022-10-25 08:05:00",198614,13.62,25.61,752.4,19.69,45.3
"2022-10-25 08:10:00",198615,13.63,25.94,752.5,20.02,43.49
"2022-10-25 08:15:00",198616,13.63,26.3,752.5,20.49,42.49
"2022-10-25 08:20:00",198617,13.6,26.67,752.5,20.23,43.45
"2022-10-25 08:25:00",198618,13.6,27,752.5,19.92,44.5
"2022-10-25 08:30:00",198619,13.6,27.3,752.5,21.19,42.37
"2022-10-25 08:35:00",198620,13.6,27.69,752.5,21.49,41.14
"2022-10-25 08:40:00",198621,13.58,28.04,752.4,20.19,43.67
"2022-10-25 08:45:00",198622,13.58,28.31,752.4,21.13,42.46
"2022-10-25 08:50:00",198623,13.58,28.62,752.4,21.95,39.89
"2022-10-25 08:55:00",198624,13.55,29.01,752.4,21.51,41.34
"2022-10-25 09:00:00",198625,13.55,29.36,752.4,21.6,41.48
"2022-10-25 09:05:00",198626,13.55,29.67,752.3,20.44,42.38
"2022-10-25 09:10:00",198627,13.55,29.87,752.3,21.5,40.17
"2022-10-25 09:15:00",198628,13.53,30.11,752.3,22.55,39.17
"2022-10-25 09:20:00",198629,13.53,30.38,752.3,22.24,39.76
"2022-10-25 09:25:00",198630,13.53,30.63,752.2,21.15,42.04
"2022-10-25 09:30:00",198631,13.53,30.79,752.1,21.91,41.42
"2022-10-25 09:35:00",198632,13.53,30.89,752.1,21.92,40.08
"2022-10-25 09:40:00",198633,13.53,31.02,752.1,21.67,40.12
"2022-10-25 09:45:00",198634,13.51,31.12,752,22.5,38.55
"2022-10-25 09:50:00",198635,13.51,31.25,751.9,21.77,38.7
"2022-10-25 09:55:00",198636,13.51,31.34,751.9,22.95,36.72
"2022-10-25 10:00:00",198637,13.51,31.51,751.8,23.15,34.36
"2022-10-25 10:05:00",198638,13.51,31.67,751.7,22.13,35.65
"2022-10-25 10:10:00",198639,13.51,31.73,751.6,23.09,35.88
"2022-10-25 10:15:00",198640,13.51,31.88,751.6,23.37,34.91
"2022-10-25 10:20:00",198641,13.51,32.08,751.5,23.53,34.16
"2022-10-25 10:25:00",198642,13.49,32.19,751.5,22.52,36.35
"2022-10-25 10:30:00",198643,13.49,32.23,751.4,23.13,34.82
"2022-10-25 10:35:00",198644,13.49,32.24,751.3,22.17,36.12
"2022-10-25 10:40:00",198645,13.49,32.2,751.3,22.98,35.14
"2022-10-25 10:45:00",198646,13.48,32.21,751.2,23.19,33.83
"2022-10-25 10:50:00",198647,13.49,32.32,751.1,23.93,31.82
"2022-10-25 10:55:00",198648,13.49,32.4,750.9,23.41,31.38
"2022-10-25 11:00:00",198649,13.49,32.5,750.8,24.28,29.77
"2022-10-25 11:05:00",198650,13.49,32.68,750.8,24.45,29.24
"2022-10-25 11:10:00",198651,13.49,32.91,750.7,25.06,29.96
"2022-10-25 11:15:00",198652,13.49,33.18,750.6,24.7,30.24
"2022-10-25 11:20:00",198653,13.47,33.43,750.5,25.42,28.74
"2022-10-25 11:25:00",198654,13.47,33.6,750.5,24.74,30.48
"2022-10-25 11:30:00",198655,13.46,33.71,750.3,26.07,29.74
"2022-10-25 11:35:00",198656,13.47,33.9,750.2,25.49,29.46
"2022-10-25 11:40:00",198657,13.47,34.1,750.1,26.28,28.3
"2022-10-25 11:45:00",198658,13.47,34.29,750.1,26.17,28.49
"2022-10-25 11:50:00",198659,13.44,34.44,750,25.62,28.99
"2022-10-25 11:55:00",198660,13.44,34.49,749.9,25.31,28.97
"2022-10-25 12:00:00",198661,13.44,34.51,749.8,25.76,28.53
"2022-10-25 12:05:00",198662,13.44,34.48,749.7,25.99,27.66
"2022-10-25 12:10:00",198663,13.44,34.44,749.6,26.36,27.35
"2022-10-25 12:15:00",198664,13.44,34.3,749.5,26.82,26.91
"2022-10-25 12:20:00",198665,13.44,34.3,749.3,26.96,27.22
"2022-10-25 12:25:00",198666,13.44,34.36,749.2,27.55,26.75
"2022-10-25 12:30:00",198667,13.44,34.43,749.2,27.32,27.35
"2022-10-25 12:35:00",198668,13.44,34.55,749.1,27.51,26.31
"2022-10-25 12:40:00",198669,13.44,34.62,749,26.75,27.99
"2022-10-25 12:45:00",198670,13.45,34.61,748.9,27.15,26.79
"2022-10-25 12:50:00",198671,13.44,34.6,748.8,27.07,26.96
"2022-10-25 12:55:00",198672,13.45,34.53,748.8,26.91,26.71
"2022-10-25 13:00:00",198673,13.44,34.4,748.6,26.54,26.13
"2022-10-25 13:05:00",198674,13.45,34.22,748.5,26.67,26.69
"2022-10-25 13:10:00",198675,13.45,34.06,748.3,26.48,27.02
"2022-10-25 13:15:00",198676,13.44,33.83,748.2,26.02,27.87
"2022-10-25 13:20:00",198677,13.44,33.57,748,26.81,26.97
"2022-10-25 13:25:00",198678,13.45,33.38,748,27.39,26.85
"2022-10-25 13:30:00",198679,13.44,33.28,747.8,26.78,26.9
"2022-10-25 13:35:00",198680,13.45,33.29,747.7,28.02,25.48
"2022-10-25 13:40:00",198681,13.44,33.46,747.5,28.44,25.27
"2022-10-25 13:45:00",198682,13.44,33.66,747.4,27.81,24.29
"2022-10-25 13:50:00",198683,13.45,33.74,747.2,27.2,24.6
"2022-10-25 13:55:00",198684,13.45,33.7,747.2,27.42,23.44
"2022-10-25 14:00:00",198685,13.45,33.62,746.8,26.92,24.58
"2022-10-25 14:05:00",198686,13.44,33.47,746.9,26.96,24.41
"2022-10-25 14:10:00",198687,13.45,33.34,746.8,27.66,22.97
"2022-10-25 14:15:00",198688,13.45,33.28,746.6,27.19,23.97
"2022-10-25 14:20:00",198689,13.44,33.28,746.5,27.46,22.68
"2022-10-25 14:25:00",198690,13.45,33.3,746.5,28.29,21.9
"2022-10-25 14:30:00",198691,13.44,33.34,746.4,27.43,22.95
"2022-10-25 14:35:00",198692,13.45,33.39,746.3,26.88,23.05
"2022-10-25 14:40:00",198693,13.44,33.42,746.2,27,24.03
"2022-10-25 14:45:00",198694,13.45,33.43,746.2,27.12,23.07
"2022-10-25 14:50:00",198695,13.45,33.39,746,27.67,22.62
"2022-10-25 14:55:00",198696,13.45,33.49,746,28.28,21.34
"2022-10-25 15:00:00",198697,13.45,33.58,746,28.06,22.58
"2022-10-25 15:05:00",198698,13.45,33.73,745.8,28.54,20.72
"2022-10-25 15:10:00",198699,13.45,33.86,745.9,28.22,22.1
"2022-10-25 15:15:00",198700,13.44,33.93,745.8,28.02,21.81
"2022-10-25 15:20:00",198701,13.45,33.94,745.6,28.4,20.65
"2022-10-25 15:25:00",198702,13.45,33.96,745.7,27.88,20.96
"2022-10-25 15:30:00",198703,13.45,33.92,745.5,28.15,20.21
"2022-10-25 15:35:00",198704,13.45,33.87,745.6,27.79,21.52
"2022-10-25 15:40:00",198705,13.45,33.86,745.6,27.57,21.78
"2022-10-25 15:45:00",198706,13.45,33.86,745.4,28.05,22.92
"2022-10-25 15:50:00",198707,13.45,33.88,745.5,28.06,21.95
"2022-10-25 15:55:00",198708,13.45,33.94,745.4,28.05,20.66
"2022-10-25 16:00:00",198709,13.45,34,745.4,27.65,21.16
"2022-10-25 16:05:00",198710,13.45,34.01,745.5,27.86,22.01
"2022-10-25 16:10:00",198711,13.45,33.93,745.3,27.3,23.01
"2022-10-25 16:15:00",198712,13.45,33.65,745.4,26.78,23.32
"2022-10-25 16:20:00",198713,13.45,33.28,745.4,26.59,23.93
"2022-10-25 16:25:00",198714,13.45,32.88,745.4,26.76,24.01
"2022-10-25 16:30:00",198715,13.45,32.5,745.4,26.32,25.5
"2022-10-25 16:35:00",198716,13.45,32.12,745.5,26.18,26.24
"2022-10-25 16:40:00",198717,13.45,31.77,745.5,26.08,26.71
"2022-10-25 16:45:00",198718,13.45,31.49,745.5,26.02,26.88
"2022-10-25 16:50:00",198719,13.45,31.22,745.6,26.12,27.57
"2022-10-25 16:55:00",198720,13.45,30.99,745.6,26.22,27.65
"2022-10-25 17:00:00",198721,13.47,30.65,745.9,25.94,28.2
"2022-10-25 17:05:00",198722,13.47,30.45,746,24.45,29.31
"2022-10-25 17:10:00",198723,13.47,30.3,746,23.51,29.91
"2022-10-25 17:15:00",198724,13.47,30.1,746,23.79,29.73
"2022-10-25 17:20:00",198725,13.5,29.91,746,23.74,30.73
"2022-10-25 17:25:00",198726,13.5,29.49,746.1,22.61,32.04
"2022-10-25 17:30:00",198727,13.49,28.81,746.3,22.84,30.29
"2022-10-25 17:35:00",198728,13.49,28.33,746.3,23.13,29.81
"2022-10-25 17:40:00",198729,13.52,28.05,746.1,23.46,30.04
"2022-10-25 17:45:00",198730,13.52,27.68,746.2,23.74,29.32
"2022-10-25 17:50:00",198731,13.47,27.47,746.1,23.88,30.41
"2022-10-25 17:55:00",198732,13.35,27.16,746,24.1,30.69
"2022-10-25 18:00:00",198733,13.23,27.02,746.1,23.82,31.81
"2022-10-25 18:05:00",198734,13.12,26.88,746,23.82,32.72
"2022-10-25 18:10:00",198735,13.01,26.7,746.1,23.7,34.07
"2022-10-25 18:15:00",198736,12.95,26.47,746,23.63,34.33
"2022-10-25 18:20:00",198737,12.91,26.23,746.1,23.55,35.32
"2022-10-25 18:25:00",198738,12.89,26.03,746.1,23.45,34.52
"2022-10-25 18:30:00",198739,12.87,25.79,746.2,23,34.14
"2022-10-25 18:35:00",198740,12.87,25.52,746.5,22.77,32.39
"2022-10-25 18:40:00",198741,12.86,25.24,746.6,22.55,32.44
"2022-10-25 18:45:00",198742,12.86,24.99,746.6,22.37,33.02
"2022-10-25 18:50:00",198743,12.85,24.76,746.7,22.35,32.95
"2022-10-25 18:55:00",198744,12.85,24.55,746.7,22.23,33.21
"2022-10-25 19:00:00",198745,12.85,24.37,746.9,22.08,33.52
"2022-10-25 19:05:00",198746,12.85,24.19,746.9,22.05,33.36
"2022-10-25 19:10:00",198747,12.85,24.04,747,22.26,32.94
"2022-10-25 19:15:00",198748,12.85,23.93,747.1,22.17,32.97
"2022-10-25 19:20:00",198749,12.84,23.84,747.2,22.2,32.9
"2022-10-25 19:25:00",198750,12.84,23.74,747.3,22.23,31.91
"2022-10-25 19:30:00",198751,12.84,23.69,747.4,22.05,32.99
"2022-10-25 19:35:00",198752,12.84,23.61,747.4,21.85,33.3
"2022-10-25 19:40:00",198753,12.84,23.5,747.5,21.71,35.31
"2022-10-25 19:45:00",198754,12.84,23.39,747.5,21.67,34.74
"2022-10-25 19:50:00",198755,12.84,23.25,747.5,21.65,36
"2022-10-25 19:55:00",198756,12.84,23.13,747.5,21.79,35.88
"2022-10-25 20:00:00",198757,12.84,23.05,747.6,21.87,35.89
"2022-10-25 20:05:00",198758,12.84,22.99,747.6,21.99,36.1
"2022-10-25 20:10:00",198759,12.84,22.96,747.7,21.91,35.89
"2022-10-25 20:15:00",198760,12.84,22.93,747.7,21.78,36.41
"2022-10-25 20:20:00",198761,12.84,22.79,747.7,21.67,37.51
"2022-10-25 20:25:00",198762,12.84,22.71,747.8,21.44,38.53
"2022-10-25 20:30:00",198763,12.84,22.64,747.8,21.51,38.57
"2022-10-25 20:35:00",198764,12.84,22.58,747.8,21.61,38.42
"2022-10-25 20:40:00",198765,12.83,22.56,747.8,21.72,38.5
"2022-10-25 20:45:00",198766,12.83,22.51,747.9,21.66,38.75
"2022-10-25 20:50:00",198767,12.83,22.48,747.9,21.53,39.13
"2022-10-25 20:55:00",198768,12.83,22.45,748,21.49,39.29
"2022-10-25 21:00:00",198769,12.83,22.44,748,21.45,39.19
"2022-10-25 21:05:00",198770,12.83,22.41,748.1,21.41,39.31
"2022-10-25 21:10:00",198771,12.83,22.38,748.1,21.34,39.21
"2022-10-25 21:15:00",198772,12.83,22.32,748.2,21.29,39.37
"2022-10-25 21:20:00",198773,12.82,22.27,748.3,21.17,39.62
"2022-10-25 21:25:00",198774,12.82,22.24,748.3,21.13,39.94
"2022-10-25 21:30:00",198775,12.83,22.17,748.4,21.02,40.31
"2022-10-25 21:35:00",198776,12.82,22.1,748.5,20.78,41.36
"2022-10-25 21:40:00",198777,12.82,22.01,748.5,19.88,44.98
"2022-10-25 21:45:00",198778,12.82,21.84,748.5,19.53,46.46
"2022-10-25 21:50:00",198779,12.82,21.63,748.6,19.21,48.03
"2022-10-25 21:55:00",198780,12.82,21.42,748.6,19.3,47.66
"2022-10-25 22:00:00",198781,12.82,21.21,748.7,19.24,47.59
"2022-10-25 22:05:00",198782,12.82,21.01,748.7,19.1,48.11
"2022-10-25 22:10:00",198783,12.81,20.86,748.7,18.98,48.5
"2022-10-25 22:15:00",198784,12.81,20.7,748.7,18.9,48.93
"2022-10-25 22:20:00",198785,12.81,20.55,748.7,18.78,49.07
"2022-10-25 22:25:00",198786,12.81,20.41,748.8,18.71,49.47
"2022-10-25 22:30:00",198787,12.81,20.27,748.8,18.55,49.95
"2022-10-25 22:35:00",198788,12.81,20.13,748.8,18.53,50.23
"2022-10-25 22:40:00",198789,12.8,20.04,748.9,18.88,48.84
"2022-10-25 22:45:00",198790,12.8,19.93,748.8,18.75,49.67
"2022-10-25 22:50:00",198791,12.8,19.86,748.9,18.55,50.27
"2022-10-25 22:55:00",198792,12.8,19.76,748.9,18.62,50.09
"2022-10-25 23:00:00",198793,12.8,19.73,748.9,19.14,46.73
"2022-10-25 23:05:00",198794,12.8,19.64,748.9,19.08,47.07
"2022-10-25 23:10:00",198795,12.8,19.6,749,18.63,49.59
"2022-10-25 23:15:00",198796,12.8,19.59,748.9,18.26,49.7
"2022-10-25 23:20:00",198797,12.79,19.53,749,18.31,49.23
"2022-10-25 23:25:00",198798,12.79,19.46,749.1,18.45,48.75
"2022-10-25 23:30:00",198799,12.79,19.38,749.1,18.75,47.53
"2022-10-25 23:35:00",198800,12.79,19.37,749.1,19.01,46.74
"2022-10-25 23:40:00",198801,12.79,19.36,749.1,18.99,46.68
"2022-10-25 23:45:00",198802,12.79,19.37,749.1,19.04,46.62
"2022-10-25 23:50:00",198803,12.79,19.36,749.1,18.95,46.67
"2022-10-25 23:55:00",198804,12.79,19.33,749.1,19.03,46.96
"2022-10-26 00:00:00",198805,12.78,19.3,749,19,47.25
"2022-10-26 00:05:00",198806,12.79,19.27,749,18.75,48.16
"2022-10-26 00:10:00",198807,12.78,19.24,749,18.64,48.15
"2022-10-26 00:15:00",198808,12.78,19.19,749,18.43,48.75
"2022-10-26 00:20:00",198809,12.78,19.14,749,18.41,48.75
"2022-10-26 00:25:00",198810,12.78,19.1,749,18.05,50.07
"2022-10-26 00:30:00",198811,12.78,19.04,748.9,17.88,50.92
"2022-10-26 00:35:00",198812,12.78,18.96,748.8,17.91,51.05
"2022-10-26 00:40:00",198813,12.77,18.9,748.7,17.59,52.28
"2022-10-26 00:45:00",198814,12.77,18.8,748.7,17.57,52.18
"2022-10-26 00:50:00",198815,12.77,18.73,748.7,17.84,51.29
"2022-10-26 00:55:00",198816,12.77,18.68,748.7,17.77,51.81
"2022-10-26 01:00:00",198817,12.77,18.59,748.7,17.59,53.17
"2022-10-26 01:05:00",198818,12.76,18.48,748.6,17.09,54.67
"2022-10-26 01:10:00",198819,12.76,18.39,748.6,16.93,55.29
"2022-10-26 01:15:00",198820,12.76,18.28,748.5,16.94,54.92
"2022-10-26 01:20:00",198821,12.76,18.21,748.5,16.81,55.51
"2022-10-26 01:25:00",198822,12.75,18.13,748.4,16.83,55.46
"2022-10-26 01:30:00",198823,12.75,18.06,748.4,16.72,55.47
"2022-10-26 01:35:00",198824,12.75,17.97,748.3,16.67,55.4
"2022-10-26 01:40:00",198825,12.75,17.87,748.3,16.74,54.46
"2022-10-26 01:45:00",198826,12.75,17.65,748.3,16.79,54.81
"2022-10-26 01:50:00",198827,12.75,17.49,748.2,16.38,56.94
"2022-10-26 01:55:00",198828,12.75,17.41,748.2,16.08,57.89
"2022-10-26 02:00:00",198829,12.75,17.33,748.3,15.95,58.23
"2022-10-26 02:05:00",198830,12.74,17.22,748.2,15.88,57.98
"2022-10-26 02:10:00",198831,12.74,17.09,748.2,15.97,56.85
"2022-10-26 02:15:00",198832,12.74,16.99,748.2,16.07,55.53
"2022-10-26 02:20:00",198833,12.73,16.93,748.1,16.1,55.38
"2022-10-26 02:25:00",198834,12.73,16.85,748.1,16.01,55.58
"2022-10-26 02:30:00",198835,12.73,16.8,748.1,16.03,55.49
"2022-10-26 02:35:00",198836,12.73,16.76,748,16.12,55.23
"2022-10-26 02:40:00",198837,12.73,16.73,747.9,16.3,54.28
"2022-10-26 02:45:00",198838,12.72,16.67,747.8,16.44,53.56
"2022-10-26 02:50:00",198839,12.72,16.64,747.7,16.36,53.61
"2022-10-26 02:55:00",198840,12.72,16.61,747.7,16.39,53.31
"2022-10-26 03:00:00",198841,12.71,16.56,747.7,16.13,56.48
"2022-10-26 03:05:00",198842,12.71,16.53,747.7,15.6,59.74
"2022-10-26 03:10:00",198843,12.71,16.46,747.7,15.08,62.46
"2022-10-26 03:15:00",198844,12.71,16.34,747.7,14.41,64.11
"2022-10-26 03:20:00",198845,12.71,16.21,747.7,14.49,63.13
"2022-10-26 03:25:00",198846,12.7,16.08,747.7,14.89,61.24
"2022-10-26 03:30:00",198847,12.7,15.95,747.7,15.25,59.21
"2022-10-26 03:35:00",198848,12.7,15.87,747.7,15.34,59.25
"2022-10-26 03:40:00",198849,12.69,15.81,747.7,15.12,60.71
"2022-10-26 03:45:00",198850,12.69,15.76,747.7,15.21,60.04
"2022-10-26 03:50:00",198851,12.69,15.72,747.7,15.27,60.17
"2022-10-26 03:55:00",198852,12.68,15.71,747.8,15.23,60.37
"2022-10-26 04:00:00",198853,12.68,15.69,747.8,15.42,59.83
"2022-10-26 04:05:00",198854,12.68,15.7,747.8,15.48,59.78
"2022-10-26 04:10:00",198855,12.68,15.71,747.8,15.52,59.73
"2022-10-26 04:15:00",198856,12.68,15.6,747.9,15.22,61.02
"2022-10-26 04:20:00",198857,12.67,15.52,747.9,15.32,60.83
"2022-10-26 04:25:00",198858,12.67,15.47,748,14.42,63.91
"2022-10-26 04:30:00",198859,12.67,15.38,748,13.55,67.57
"2022-10-26 04:35:00",198860,12.66,15.27,748.1,13.44,67.81
"2022-10-26 04:40:00",198861,12.66,15.13,748.1,13.61,66.74
"2022-10-26 04:45:00",198862,12.66,15,748.2,13.78,65.81
"2022-10-26 04:50:00",198863,12.66,14.92,748.2,13.83,65.45
"2022-10-26 04:55:00",198864,12.65,14.79,748.3,13.74,65.4
"2022-10-26 05:00:00",198865,12.65,14.7,748.4,13.91,64.96
"2022-10-26 05:05:00",198866,12.65,14.61,748.5,14.17,63.34
"2022-10-26 05:10:00",198867,12.64,14.59,748.6,13.98,63.89
"2022-10-26 05:15:00",198868,12.64,14.58,748.6,13.75,64.7
"2022-10-26 05:20:00",198869,12.64,14.53,748.6,14.1,61.97
"2022-10-26 05:25:00",198870,12.64,14.49,748.7,14.06,61.63
"2022-10-26 05:30:00",198871,12.63,14.45,748.8,14.05,62.52
"2022-10-26 05:35:00",198872,12.63,14.46,748.8,14.17,62.3
"2022-10-26 05:40:00",198873,12.63,14.46,748.8,14.09,62.88
"2022-10-26 05:45:00",198874,12.63,14.47,748.9,13.84,65.1
"2022-10-26 05:50:00",198875,12.63,14.46,749,13.61,64.71
"2022-10-26 05:55:00",198876,12.64,14.42,749,13.43,65.67
"2022-10-26 06:00:00",198877,12.66,14.34,749,13.61,65.49
"2022-10-26 06:05:00",198878,12.68,14.31,749.1,13.81,64.83
"2022-10-26 06:10:00",198879,12.71,14.34,749.2,14.11,63.71
"2022-10-26 06:15:00",198880,12.74,14.39,749.2,14.37,63.37
"2022-10-26 06:20:00",198881,12.82,14.56,749.2,14.79,62.17
"2022-10-26 06:25:00",198882,12.95,14.73,749.3,15.36,60
"2022-10-26 06:30:00",198883,13.1,14.94,749.4,15.98,57.61
"2022-10-26 06:35:00",198884,13.27,15.31,749.5,17.01,54.69
"2022-10-26 06:40:00",198885,13.43,15.81,749.5,17.09,54.36
"2022-10-26 06:45:00",198886,13.54,16.37,749.6,18.2,51.37
"2022-10-26 06:50:00",198887,13.62,17.03,749.6,18.41,50.4
"2022-10-26 06:55:00",198888,13.69,17.72,749.6,18.94,49.06
"2022-10-26 07:00:00",198889,13.8,18.43,749.7,19.09,47.13
"2022-10-26 07:05:00",198890,13.94,19.09,749.8,17.11,52.3
"2022-10-26 07:10:00",198891,13.79,20.58,749.8,16.71,53.29
"2022-10-26 07:15:00",198892,13.73,21.24,749.9,17.31,53.29
"2022-10-26 07:20:00",198893,13.73,21.81,750,18.96,47.78
"2022-10-26 07:25:00",198894,13.7,22.37,750,19.04,47.35
"2022-10-26 07:30:00",198895,13.67,22.93,750,19.6,45.86
"2022-10-26 07:35:00",198896,13.67,23.47,750,20.36,43.5
"2022-10-26 07:40:00",198897,13.67,24.05,750.1,21.28,41.41
"2022-10-26 07:45:00",198898,13.65,24.62,750.1,21.49,40.4
"2022-10-26 07:50:00",198899,13.65,25.2,750.2,21.07,41.45
"2022-10-26 07:55:00",198900,13.62,25.71,750.2,21.19,41.5
"2022-10-26 08:00:00",198901,13.62,26.25,750.3,20.92,40.85
"2022-10-26 08:05:00",198902,13.6,26.68,750.2,21.39,40.74
"2022-10-26 08:10:00",198903,13.6,27.09,750.3,21.43,40.49
"2022-10-26 08:15:00",198904,13.6,27.5,750.3,22.09,40.62
"2022-10-26 08:20:00",198905,13.57,27.9,750.4,21.7,41.23
"2022-10-26 08:25:00",198906,13.57,28.21,750.4,21.25,42.41
"2022-10-26 08:30:00",198907,13.57,28.43,750.4,21.27,42.25
"2022-10-26 08:35:00",198908,13.57,28.64,750.5,21.54,42.05
"2022-10-26 08:40:00",198909,13.58,28.91,750.5,22.24,39.86
"2022-10-26 08:45:00",198910,13.55,29.21,750.5,22.44,38.77
"2022-10-26 08:50:00",198911,13.55,29.53,750.6,21.91,39.24
"2022-10-26 08:55:00",198912,13.55,29.77,750.5,21.99,38.53
"2022-10-26 09:00:00",198913,13.55,29.91,750.5,22.91,37.5
"2022-10-26 09:05:00",198914,13.55,30.17,750.5,22.83,37.89
"2022-10-26 09:10:00",198915,13.53,30.51,750.5,22.92,37.51
"2022-10-26 09:15:00",198916,13.53,30.75,750.5,22.11,39.19
"2022-10-26 09:20:00",198917,13.53,30.86,750.4,23.29,36.69
"2022-10-26 09:25:00",198918,13.53,31.16,750.4,23.97,34.56
"2022-10-26 09:30:00",198919,13.51,31.5,750.4,24.33,32.19
"2022-10-26 09:35:00",198920,13.51,31.8,750.4,24.45,33.47
"2022-10-26 09:40:00",198921,13.51,32.08,750.3,24.15,32.51
"2022-10-26 09:45:00",198922,13.48,32.34,750.3,24.58,30.87
"2022-10-26 09:50:00",198923,13.48,32.57,750.3,24.34,31.05
"2022-10-26 09:55:00",198924,13.48,32.77,750.2,25.2,29.5
"2022-10-26 10:00:00",198925,13.49,33.02,750.1,26.06,27.94
"2022-10-26 10:05:00",198926,13.48,33.33,750,25.22,28.89
"2022-10-26 10:10:00",198927,13.49,33.37,750.1,25.46,28.78
"2022-10-26 10:15:00",198928,13.49,33.45,750,24.41,27.54
"2022-10-26 10:20:00",198929,13.48,33.49,749.9,25.66,25.28
"2022-10-26 10:25:00",198930,13.49,33.61,749.8,26.52,20.88
"2022-10-26 10:30:00",198931,13.49,33.83,749.8,27.42,19.33
"2022-10-26 10:35:00",198932,13.46,34.12,749.7,26.62,12.59
"2022-10-26 10:40:00",198933,13.46,34.39,749.6,27.6,14.83
"2022-10-26 10:45:00",198934,13.47,34.64,749.5,26.95,8.24
"2022-10-26 10:50:00",198935,13.46,34.77,749.5,27.2,10.97
"2022-10-26 10:55:00",198936,13.44,34.92,749.4,27.22,13.79
"2022-10-26 11:00:00",198937,13.44,35,749.3,26.63,13.44
"2022-10-26 11:05:00",198938,13.44,35.07,749.1,27.69,13.2
"2022-10-26 11:10:00",198939,13.44,35.2,749,27.97,14.64
"2022-10-26 11:15:00",198940,13.44,35.36,748.9,27.93,17.04
"2022-10-26 11:20:00",198941,13.44,35.51,748.8,27.78,17.38
"2022-10-26 11:25:00",198942,13.45,35.6,748.8,27.54,16.24
"2022-10-26 11:30:00",198943,13.44,35.67,748.7,27.78,13.7
"2022-10-26 11:35:00",198944,13.44,35.71,748.6,27.56,12.7
"2022-10-26 11:40:00",198945,13.45,35.69,748.5,28.42,11.77
"2022-10-26 11:45:00",198946,13.44,35.71,748.4,28.03,11.54
"2022-10-26 11:50:00",198947,13.42,35.71,748.4,28.53,10.49
"2022-10-26 11:55:00",198948,13.42,35.77,748.2,29.01,10.76
"2022-10-26 12:00:00",198949,13.42,35.88,748.2,28.54,10.81
"2022-10-26 12:05:00",198950,13.42,35.87,748,28.52,10.52
"2022-10-26 12:10:00",198951,13.42,35.85,747.9,28.39,10.8
"2022-10-26 12:15:00",198952,13.42,35.77,747.8,28.8,7.938
"2022-10-26 12:20:00",198953,13.42,35.71,747.7,29.41,8.9
"2022-10-26 12:25:00",198954,13.42,35.71,747.6,29.93,9.06
"2022-10-26 12:30:00",198955,13.43,35.71,747.5,29.49,8.25
"2022-10-26 12:35:00",198956,13.42,35.72,747.4,29.17,7.877
"2022-10-26 12:40:00",198957,13.42,35.69,747.3,29.36,6.506
"2022-10-26 12:45:00",198958,13.42,35.66,747.2,29.42,5.635
"2022-10-26 12:50:00",198959,13.43,35.6,747,29.72,5.716
"2022-10-26 12:55:00",198960,13.42,35.53,747,30.45,4.713
"2022-10-26 13:00:00",198961,13.43,35.54,746.9,30.92,5.31
"2022-10-26 13:05:00",198962,13.42,35.57,746.8,29.86,6.52
"2022-10-26 13:10:00",198963,13.42,35.52,746.7,29.77,7.389
"2022-10-26 13:15:00",198964,13.42,35.45,746.5,30.48,6.828
"2022-10-26 13:20:00",198965,13.42,35.45,746.4,30.53,7.63
"2022-10-26 13:25:00",198966,13.42,35.52,746.2,32.05,6.874
"2022-10-26 13:30:00",198967,13.42,35.67,746.1,32.41,8.13
"2022-10-26 13:35:00",198968,13.42,35.9,746,30.96,7.498
"2022-10-26 13:40:00",198969,13.43,36.05,745.9,30.14,7.726
"2022-10-26 13:45:00",198970,13.43,36.13,745.8,29.95,7.54
"2022-10-26 13:50:00",198971,13.42,36.15,745.7,30.68,7.126
"2022-10-26 13:55:00",198972,13.42,36.18,745.6,30.83,7.494
"2022-10-26 14:00:00",198973,13.43,36.13,745.5,30.58,8.94
"2022-10-26 14:05:00",198974,13.43,36.06,745.4,29.3,8.03
"2022-10-26 14:10:00",198975,13.43,35.8,745.4,29.28,8.53
"2022-10-26 14:15:00",198976,13.43,35.56,745.3,29.85,8.48
"2022-10-26 14:20:00",198977,13.43,35.5,745.2,31.41,7.948
"2022-10-26 14:25:00",198978,13.43,35.56,745.2,30.18,8.56
"2022-10-26 14:30:00",198979,13.43,35.6,745.1,29.48,9.12
"2022-10-26 14:35:00",198980,13.43,35.51,745,30.06,8.77
"2022-10-26 14:40:00",198981,13.42,35.43,744.9,30.72,8.58
"2022-10-26 14:45:00",198982,13.43,35.4,744.8,30.19,8.27
"2022-10-26 14:50:00",198983,13.43,35.31,744.8,30.16,8.63
"2022-10-26 14:55:00",198984,13.42,35.18,744.6,30.47,8.28
"2022-10-26 15:00:00",198985,13.43,35.16,744.6,31.06,8.01
"2022-10-26 15:05:00",198986,13.43,35.33,744.5,31.18,9.03
"2022-10-26 15:10:00",198987,13.43,35.61,744.5,30.83,7.639
"2022-10-26 15:15:00",198988,13.43,35.85,744.4,30.18,8.71
"2022-10-26 15:20:00",198989,13.43,35.92,744.4,30.96,9.31
"2022-10-26 15:25:00",198990,13.43,36.09,744.3,31.68,13.09
"2022-10-26 15:30:00",198991,13.43,36.36,744.3,30.99,13.56
"2022-10-26 15:35:00",198992,13.43,36.71,744.2,32.44,11.93
"2022-10-26 15:40:00",198993,13.43,37.12,744.1,32.29,11.46
"2022-10-26 15:45:00",198994,13.4,37.37,743.9,30.79,14.48
"2022-10-26 15:50:00",198995,13.41,37.37,743.9,30.44,14.11
"2022-10-26 15:55:00",198996,13.4,37.17,743.9,30.37,15.32
"2022-10-26 16:00:00",198997,13.4,36.76,743.8,29.76,14.08
"2022-10-26 16:05:00",198998,13.4,36.23,743.8,29.45,15.27
"2022-10-26 16:10:00",198999,13.4,35.81,743.7,29.94,15.4
"2022-10-26 16:15:00",199000,13.4,35.54,743.6,29.87,15.44
"2022-10-26 16:20:00",199001,13.41,35.31,743.6,29.51,15.35
"2022-10-26 16:25:00",199002,13.4,34.98,743.6,29.2,14.87
"2022-10-26 16:30:00",199003,13.4,34.66,743.5,29.05,15.33
"2022-10-26 16:35:00",199004,13.4,34.4,743.5,29.61,15.92
"2022-10-26 16:40:00",199005,13.4,34.29,743.5,29.46,15.56
"2022-10-26 16:45:00",199006,13.4,34.24,743.4,29.49,16.2
"2022-10-26 16:50:00",199007,13.4,34.23,743.5,29.4,17.82
"2022-10-26 16:55:00",199008,13.4,34.21,743.5,29.23,17.39
"2022-10-26 17:00:00",199009,13.4,34.18,743.4,29.28,17.92
"2022-10-26 17:05:00",199010,13.4,34.09,743.5,28.83,19.09
"2022-10-26 17:10:00",199011,13.4,33.93,743.4,28.4,18.47
"2022-10-26 17:15:00",199012,13.4,33.61,743.5,28.12,18.67
"2022-10-26 17:20:00",199013,13.43,33.19,743.6,27.94,19.15
"2022-10-26 17:25:00",199014,13.43,32.69,743.5,27.15,24.25
"2022-10-26 17:30:00",199015,13.42,32.11,743.6,26.92,24.44
"2022-10-26 17:35:00",199016,13.45,31.64,743.6,26.8,24.98
"2022-10-26 17:40:00",199017,13.45,31.18,743.8,26.77,23.74
"2022-10-26 17:45:00",199018,13.47,30.81,743.9,26.83,23.4
"2022-10-26 17:50:00",199019,13.47,30.5,743.9,26.56,23.52
"2022-10-26 17:55:00",199020,13.49,30.15,744,26.34,24.19
"2022-10-26 18:00:00",199021,13.42,29.58,744,26.09,24.86
"2022-10-26 18:05:00",199022,13.27,29.14,744.1,25.87,25.67
"2022-10-26 18:10:00",199023,13.15,28.8,744.1,25.67,26.48
"2022-10-26 18:15:00",199024,13.05,28.47,744,25.43,26.39
"2022-10-26 18:20:00",199025,12.98,28.16,744.2,25.2,28.04
"2022-10-26 18:25:00",199026,12.94,27.84,744.2,25.01,28.64
"2022-10-26 18:30:00",199027,12.91,27.48,744.4,25,28.57
"2022-10-26 18:35:00",199028,12.9,27.19,744.5,24.75,30.01
"2022-10-26 18:40:00",199029,12.89,26.85,744.6,24.65,30
"2022-10-26 18:45:00",199030,12.89,26.54,744.7,24.45,30.96
"2022-10-26 18:50:00",199031,12.88,26.29,744.8,24.19,31.85
"2022-10-26 18:55:00",199032,12.88,26.05,744.9,23.98,32.9
"2022-10-26 19:00:00",199033,12.87,25.82,745,24.07,32.57
"2022-10-26 19:05:00",199034,12.87,25.63,745,24.14,31.51
"2022-10-26 19:10:00",199035,12.87,25.45,745.1,24.34,30.18
"2022-10-26 19:15:00",199036,12.87,25.33,745.2,24.35,30.18
"2022-10-26 19:20:00",199037,12.86,25.23,745.3,24.24,30.4
"2022-10-26 19:25:00",199038,12.86,25.15,745.3,24.26,30.37
"2022-10-26 19:30:00",199039,12.86,25.08,745.4,24.23,30.44
"2022-10-26 19:35:00",199040,12.86,25,745.5,24.21,30.23
"2022-10-26 19:40:00",199041,12.85,24.93,745.6,23.79,30.67
"2022-10-26 19:45:00",199042,12.85,24.79,745.7,23.26,32.06
"2022-10-26 19:50:00",199043,12.85,24.61,745.8,22.98,33.01
"2022-10-26 19:55:00",199044,12.85,24.43,745.8,22.51,34.59
"2022-10-26 20:00:00",199045,12.85,24.19,746.1,22.09,35.51
"2022-10-26 20:05:00",199046,12.85,23.96,746.1,22.4,34.68
"2022-10-26 20:10:00",199047,12.84,23.75,746.3,22.57,34.63
"2022-10-26 20:15:00",199048,12.84,23.58,746.4,22.66,34.04
"2022-10-26 20:20:00",199049,12.84,23.44,746.5,22.33,35.17
"2022-10-26 20:25:00",199050,12.84,23.3,746.5,22.06,35.64
"2022-10-26 20:30:00",199051,12.83,23.14,746.5,22.17,34.99
"2022-10-26 20:35:00",199052,12.83,22.99,746.6,22.35,34.61
"2022-10-26 20:40:00",199053,12.83,22.88,746.7,22.05,36.23
"2022-10-26 20:45:00",199054,12.83,22.77,746.9,21.6,37.37
"2022-10-26 20:50:00",199055,12.83,22.64,747,21.34,38.98
"2022-10-26 20:55:00",199056,12.83,22.48,746.9,21.14,39.81
"2022-10-26 21:00:00",199057,12.83,22.33,747,20.88,40.49
"2022-10-26 21:05:00",199058,12.83,22.15,747.1,20.62,41.82
"2022-10-26 21:10:00",199059,12.83,21.98,747.1,20.76,41.45
"2022-10-26 21:15:00",199060,12.83,21.84,747.2,21.16,40.33
"2022-10-26 21:20:00",199061,12.82,21.75,747.3,21.24,39.49
"2022-10-26 21:25:00",199062,12.82,21.68,747.3,21.34,39.34
"2022-10-26 21:30:00",199063,12.82,21.66,747.3,21.77,37.85
"2022-10-26 21:35:00",199064,12.82,21.67,747.4,21.67,38.36
"2022-10-26 21:40:00",199065,12.82,21.71,747.5,21.53,38.8
"2022-10-26 21:45:00",199066,12.82,21.75,747.5,21.77,38.37
"2022-10-26 21:50:00",199067,12.82,21.77,747.7,21.61,38.68
"2022-10-26 21:55:00",199068,12.82,21.77,747.8,21.75,38.37
"2022-10-26 22:00:00",199069,12.82,21.79,747.8,21.69,38.82
"2022-10-26 22:05:00",199070,12.82,21.81,747.9,21.71,39.02
"2022-10-26 22:10:00",199071,12.82,21.82,748,21.47,39.84
"2022-10-26 22:15:00",199072,12.82,21.78,748.1,21.24,40.92
"2022-10-26 22:20:00",199073,12.82,21.73,748.1,21.08,41.74
"2022-10-26 22:25:00",199074,12.82,21.66,748.1,20.93,42.5
"2022-10-26 22:30:00",199075,12.82,21.59,748.2,20.65,43.76
"2022-10-26 22:35:00",199076,12.82,21.48,748.2,20.56,44.29
"2022-10-26 22:40:00",199077,12.81,21.38,748.3,20.58,44.2
"2022-10-26 22:45:00",199078,12.81,21.28,748.3,20.62,44.14
"2022-10-26 22:50:00",199079,12.81,21.21,748.3,20.58,44.33
"2022-10-26 22:55:00",199080,12.81,21.13,748.4,20.57,44.42
"2022-10-26 23:00:00",199081,12.81,21.06,748.4,20.53,44.41
"2022-10-26 23:05:00",199082,12.81,21.01,748.5,20.48,44.73
"2022-10-26 23:10:00",199083,12.81,20.95,748.5,20.32,45.38
"2022-10-26 23:15:00",199084,12.82,20.89,748.5,20.2,46
"2022-10-26 23:20:00",199085,12.82,20.81,748.5,20.15,46.31
"2022-10-26 23:25:00",199086,12.81,20.72,748.6,20.09,46.59
"2022-10-26 23:30:00",199087,12.81,20.65,748.6,20,46.9
"2022-10-26 23:35:00",199088,12.81,20.58,748.7,19.92,47.05
"2022-10-26 23:40:00",199089,12.81,20.53,748.7,19.88,47.11
"2022-10-26 23:45:00",199090,12.81,20.44,748.7,19.7,47.46
"2022-10-26 23:50:00",199091,12.81,20.38,748.7,19.66,47.33
"2022-10-26 23:55:00",199092,12.81,20.32,748.7,19.76,46.87
"2022-10-27 00:00:00",199093,12.81,20.23,748.7,19.76,46.61
"2022-10-27 00:05:00",199094,12.81,20.16,748.6,19.75,46.14
"2022-10-27 00:10:00",199095,12.81,20.1,748.7,19.74,46.01
"2022-10-27 00:15:00",199096,12.81,20.04,748.7,19.72,45.66
"2022-10-27 00:20:00",199097,12.8,19.97,748.6,19.77,45.06
"2022-10-27 00:25:00",199098,12.8,19.94,748.6,19.85,44.91
"2022-10-27 00:30:00",199099,12.8,19.9,748.6,19.86,44.85
"2022-10-27 00:35:00",199100,12.8,19.85,748.7,19.88,44.69
"2022-10-27 00:40:00",199101,12.8,19.81,748.7,19.65,45.68
"2022-10-27 00:45:00",199102,12.8,19.74,748.6,19.12,48.96
"2022-10-27 00:50:00",199103,12.8,19.63,748.6,18.93,49.63
"2022-10-27 00:55:00",199104,12.8,19.52,748.6,18.89,48.24
"2022-10-27 01:00:00",199105,12.8,19.43,748.7,19.37,46.34
"2022-10-27 01:05:00",199106,12.8,19.37,748.7,19.44,46.13
"2022-10-27 01:10:00",199107,12.79,19.35,748.7,19.36,46.79
"2022-10-27 01:15:00",199108,12.79,19.3,748.7,18.53,50.86
"2022-10-27 01:20:00",199109,12.79,19.21,748.8,18.2,51.03
"2022-10-27 01:25:00",199110,12.79,19.12,748.9,18.25,51.28
"2022-10-27 01:30:00",199111,12.79,19.08,748.9,18.39,50.74
"2022-10-27 01:35:00",199112,12.79,19.04,748.9,18.31,50.86
"2022-10-27 01:40:00",199113,12.79,19.01,748.9,18.4,51.02
"2022-10-27 01:45:00",199114,12.79,19.01,748.9,18.53,50.42
"2022-10-27 01:50:00",199115,12.78,19.02,748.8,18.4,50.4
"2022-10-27 01:55:00",199116,12.78,19.03,748.8,18.43,50.44
"2022-10-27 02:00:00",199117,12.78,19.07,748.8,18.75,49.35
"2022-10-27 02:05:00",199118,12.78,19.1,748.8,18.83,49.58
"2022-10-27 02:10:00",199119,12.78,19.15,748.8,18.88,48.4
"2022-10-27 02:15:00",199120,12.78,19.15,748.8,19.08,47.95
"2022-10-27 02:20:00",199121,12.78,19.18,748.9,18.96,49.94
"2022-10-27 02:25:00",199122,12.77,19.21,748.9,17.93,53.78
"2022-10-27 02:30:00",199123,12.77,19.21,748.8,17.83,55.33
"2022-10-27 02:35:00",199124,12.77,19.17,748.8,17.47,55.89
"2022-10-27 02:40:00",199125,12.77,19.09,748.6,17.71,53.65
"2022-10-27 02:45:00",199126,12.77,19,748.6,17.74,54.58
"2022-10-27 02:50:00",199127,12.77,18.91,748.6,17.89,54.51
"2022-10-27 02:55:00",199128,12.77,18.84,748.6,18.06,52.34
"2022-10-27 03:00:00",199129,12.76,18.78,748.6,18.07,53.8
"2022-10-27 03:05:00",199130,12.76,18.73,748.7,18.1,51.48
"2022-10-27 03:10:00",199131,12.76,18.72,748.7,18.17,51.74
"2022-10-27 03:15:00",199132,12.76,18.72,748.7,18.25,50.79
"2022-10-27 03:20:00",199133,12.76,18.76,748.8,18.3,51.04
"2022-10-27 03:25:00",199134,12.76,18.79,748.8,18.46,50.29
"2022-10-27 03:30:00",199135,12.75,18.85,748.8,18.46,50.44
"2022-10-27 03:35:00",199136,12.75,18.86,748.8,18.54,49.7
"2022-10-27 03:40:00",199137,12.75,18.87,748.8,18.74,48.79
"2022-10-27 03:45:00",199138,12.75,18.89,748.8,18.94,47.81
"2022-10-27 03:50:00",199139,12.75,18.92,748.8,19.12,47.39
"2022-10-27 03:55:00",199140,12.75,18.93,748.9,19.08,47.6
"2022-10-27 04:00:00",199141,12.75,18.93,748.9,19.04,47.57
"2022-10-27 04:05:00",199142,12.74,18.9,749,18.94,47.93
"2022-10-27 04:10:00",199143,12.74,18.85,749,17.93,52.79
"2022-10-27 04:15:00",199144,12.74,18.73,749,17.59,54.19
"2022-10-27 04:20:00",199145,12.74,18.56,749,17.39,54.19
"2022-10-27 04:25:00",199146,12.74,18.37,749,17.33,54.3
"2022-10-27 04:30:00",199147,12.73,18.19,749.1,17.49,53.62
"2022-10-27 04:35:00",199148,12.73,18.05,749.1,17.73,52.42
"2022-10-27 04:40:00",199149,12.73,17.91,749.3,17.73,53.04
"2022-10-27 04:45:00",199150,12.73,17.75,749.3,17.45,53.71
"2022-10-27 04:50:00",199151,12.73,17.61,749.4,17.27,53.93
"2022-10-27 04:55:00",199152,12.72,17.47,749.4,17.09,54.64
"2022-10-27 05:00:00",199153,12.72,17.38,749.5,17.03,54.75
"2022-10-27 05:05:00",199154,12.72,17.25,749.6,17.11,54.58
"2022-10-27 05:10:00",199155,12.72,17.16,749.7,17.27,54.79
"2022-10-27 05:15:00",199156,12.71,17.1,749.7,17.33,54.03
"2022-10-27 05:20:00",199157,12.71,17.06,749.8,17.33,54
"2022-10-27 05:25:00",199158,12.71,17.01,749.9,17.01,54.81
"2022-10-27 05:30:00",199159,12.71,16.95,749.9,16.97,55.36
"2022-10-27 05:35:00",199160,12.71,16.9,749.9,17.05,55
"2022-10-27 05:40:00",199161,12.71,16.88,749.8,17.06,55.92
"2022-10-27 05:45:00",199162,12.7,16.87,749.8,17.12,55.13
"2022-10-27 05:50:00",199163,12.7,16.92,749.8,16.98,55.84
"2022-10-27 05:55:00",199164,12.7,16.97,749.9,16.96,56.33
"2022-10-27 06:00:00",199165,12.71,16.99,749.9,16.64,57.74
"2022-10-27 06:05:00",199166,12.71,17.01,750.1,16.54,57.75
"2022-10-27 06:10:00",199167,12.72,17.01,750.2,16.48,57.86
"2022-10-27 06:15:00",199168,12.73,17,750.3,16.43,58.07
"2022-10-27 06:20:00",199169,12.75,17.02,750.4,16.65,57.35
"2022-10-27 06:25:00",199170,12.77,17.05,750.4,16.73,56.9
"2022-10-27 06:30:00",199171,12.81,17.1,750.4,16.83,56.64
"2022-10-27 06:35:00",199172,12.85,17.15,750.5,17.11,56.72
"2022-10-27 06:40:00",199173,12.95,17.22,750.5,17.28,56.04
"2022-10-27 06:45:00",199174,13.08,17.36,750.4,17.72,54.55
"2022-10-27 06:50:00",199175,13.24,17.55,750.5,18.09,53.15
"2022-10-27 06:55:00",199176,13.48,17.86,750.5,18.41,52.3
"2022-10-27 07:00:00",199177,13.56,18.25,750.6,19.17,50.35
"2022-10-27 07:05:00",199178,13.57,18.58,750.7,19.17,50.13
"2022-10-27 07:10:00",199179,13.6,18.97,750.7,17.73,54.92
"2022-10-27 07:15:00",199180,13.76,19.31,750.7,17.58,55.9
"2022-10-27 07:20:00",199181,13.88,20.09,750.8,18.27,54.16
"2022-10-27 07:25:00",199182,13.73,21.3,750.8,19.15,50.97
"2022-10-27 07:30:00",199183,13.7,21.97,750.8,18.94,50.79
"2022-10-27 07:35:00",199184,13.7,22.51,750.8,19.78,48.67
"2022-10-27 07:40:00",199185,13.68,22.95,750.9,20.64,47.14
"2022-10-27 07:45:00",199186,13.61,22.54,751,19.78,48.67
"2022-10-27 07:50:00",199187,13.7,22.53,751.1,19.55,49.74
"2022-10-27 07:55:00",199188,13.68,23.18,751.1,19.6,49.97
"2022-10-27 08:00:00",199189,13.68,23.69,751.1,19.72,49.92
"2022-10-27 08:05:00",199190,13.65,23.99,751.2,20.2,49.04
"2022-10-27 08:10:00",199191,13.65,24.22,751.3,19.88,49.41
"2022-10-27 08:15:00",199192,13.65,24.52,751.3,21.66,45.45
"2022-10-27 08:20:00",199193,13.66,25.05,751.2,22.35,43.12
"2022-10-27 08:25:00",199194,13.63,25.69,751.2,22.27,40.9
"2022-10-27 08:30:00",199195,13.63,26.28,751.2,21.88,42.87
"2022-10-27 08:35:00",199196,13.6,26.8,751.1,21.99,43.2
"2022-10-27 08:40:00",199197,13.61,27.28,751.1,22.28,42.4
"2022-10-27 08:45:00",199198,13.58,27.72,751.2,22.09,42.83
"2022-10-27 08:50:00",199199,13.58,28.1,751.2,22.66,41.92
"2022-10-27 08:55:00",199200,13.58,28.53,751.1,22.85,41.33
"2022-10-27 09:00:00",199201,13.56,28.94,751.2,21.97,42.72
"2022-10-27 09:05:00",199202,13.56,29.25,751.1,22.1,42.64
"2022-10-27 09:10:00",199203,13.55,29.53,751.2,22.9,40.39
"2022-10-27 09:15:00",199204,13.55,29.82,751.1,23.12,39.86
"2022-10-27 09:20:00",199205,13.56,30.09,751.1,23.52,39.83
"2022-10-27 09:25:00",199206,13.53,30.4,751.2,23.01,40.85
"2022-10-27 09:30:00",199207,13.53,30.58,751.1,22.87,42.04
"2022-10-27 09:35:00",199208,13.53,30.74,751.1,23.75,39.2
"2022-10-27 09:40:00",199209,13.53,30.94,751,23.61,38.83
"2022-10-27 09:45:00",199210,13.53,31.15,750.9,23.73,39.23
"2022-10-27 09:50:00",199211,13.51,31.35,750.8,22.8,39.69
"2022-10-27 09:55:00",199212,13.51,31.51,750.7,22.76,40.44
"2022-10-27 10:00:00",199213,13.51,31.6,750.6,23.98,38.6
"2022-10-27 10:05:00",199214,13.51,31.76,750.5,23.66,35.07
"2022-10-27 10:10:00",199215,13.51,31.91,750.4,23.65,33.94
"2022-10-27 10:15:00",199216,13.51,32.08,750.2,24.93,31.64
"2022-10-27 10:20:00",199217,13.51,32.32,750.1,24.39,32.67
"2022-10-27 10:25:00",199218,13.49,32.59,750,25.5,31.69
"2022-10-27 10:30:00",199219,13.49,32.96,750,26.18,31.48
"2022-10-27 10:35:00",199220,13.49,33.39,750,26.76,29.36
"2022-10-27 10:40:00",199221,13.46,33.81,749.9,24.97,31.17
"2022-10-27 10:45:00",199222,13.47,34.04,749.8,25.01,32.19
"2022-10-27 10:50:00",199223,13.47,34.2,749.8,25.16,30.45
"2022-10-27 10:55:00",199224,13.46,34.22,749.7,25.18,29.87
"2022-10-27 11:00:00",199225,13.46,34.17,749.6,25.11,30.14
"2022-10-27 11:05:00",199226,13.47,34.2,749.5,25.4,28.37
"2022-10-27 11:10:00",199227,13.47,34.33,749.5,25.62,27.84
"2022-10-27 11:15:00",199228,13.47,34.39,749.3,25.82,26.11
"2022-10-27 11:20:00",199229,13.47,34.44,749.3,26.06,26.37
"2022-10-27 11:25:00",199230,13.44,34.5,749.3,26.91,26.29
"2022-10-27 11:30:00",199231,13.44,34.55,749.2,25.95,25.47
"2022-10-27 11:35:00",199232,13.44,34.54,749.1,26.02,28.07
"2022-10-27 11:40:00",199233,13.44,34.52,749,25.84,25.67
"2022-10-27 11:45:00",199234,13.44,34.54,748.9,27.03,24.38
"2022-10-27 11:50:00",199235,13.44,34.61,748.8,26.5,25.03
"2022-10-27 11:55:00",199236,13.45,34.53,748.8,26.26,24.94
"2022-10-27 12:00:00",199237,13.45,34.33,748.8,26.57,23.41
"2022-10-27 12:05:00",199238,13.45,34.1,748.7,27,23.34
"2022-10-27 12:10:00",199239,13.45,33.9,748.5,26.84,22.57
"2022-10-27 12:15:00",199240,13.45,33.73,748.5,25.93,23.41
"2022-10-27 12:20:00",199241,13.45,33.52,748.5,25.79,25.12
"2022-10-27 12:25:00",199242,13.45,33.24,748.3,25.13,30.44
"2022-10-27 12:30:00",199243,13.45,32.84,748,25.09,30.98
"2022-10-27 12:35:00",199244,13.44,32.4,748,24.38,31.79
"2022-10-27 12:40:00",199245,13.45,31.98,748,24.24,32.52
"2022-10-27 12:45:00",199246,13.45,31.61,747.7,24.28,32.72
"2022-10-27 12:50:00",199247,13.45,31.29,747.8,24.75,30.75
"2022-10-27 12:55:00",199248,13.47,31.1,747.5,24.47,31.47
"2022-10-27 13:00:00",199249,13.47,30.93,747.5,25.04,28.81
"2022-10-27 13:05:00",199250,13.47,30.79,747.3,25.13,28.58
"2022-10-27 13:10:00",199251,13.47,30.74,747.1,25.83,28.03
"2022-10-27 13:15:00",199252,13.47,30.77,746.9,25.85,27.55
"2022-10-27 13:20:00",199253,13.47,30.81,746.8,25.63,27.43
"2022-10-27 13:25:00",199254,13.47,30.86,746.6,26.58,27.43
"2022-10-27 13:30:00",199255,13.47,30.94,746.6,26.21,27.68
"2022-10-27 13:35:00",199256,13.47,31.05,746.7,26.71,26.14
"2022-10-27 13:40:00",199257,13.47,31.15,746.6,26.42,26.26
"2022-10-27 13:45:00",199258,13.47,31.18,746.5,25.67,27.47
"2022-10-27 13:50:00",199259,13.47,31.1,746.3,25.01,27.18
"2022-10-27 13:55:00",199260,13.47,31,746.3,25.62,25.45
"2022-10-27 14:00:00",199261,13.47,30.96,746.2,26.04,26.03
"2022-10-27 14:05:00",199262,13.47,30.97,746.1,26.09,25.89
"2022-10-27 14:10:00",199263,13.47,31.04,746,26.53,26.27
"2022-10-27 14:15:00",199264,13.47,31.14,745.9,26.28,27.21
"2022-10-27 14:20:00",199265,13.47,31.27,745.9,25.91,26.8
"2022-10-27 14:25:00",199266,13.47,31.38,745.7,26.52,25.65
"2022-10-27 14:30:00",199267,13.47,31.58,745.5,27.75,23.8
"2022-10-27 14:35:00",199268,13.47,31.92,745.5,28.03,23.89
"2022-10-27 14:40:00",199269,13.47,32.2,745.4,25.78,27.89
"2022-10-27 14:45:00",199270,13.47,32.1,745.4,25.46,27.83
"2022-10-27 14:50:00",199271,13.47,31.75,745.4,25.42,26.8
"2022-10-27 14:55:00",199272,13.47,31.37,745.4,25.49,26.53
"2022-10-27 15:00:00",199273,13.47,31.02,745.4,25.18,25.83
"2022-10-27 15:05:00",199274,13.47,30.62,745.6,24.97,28.33
"2022-10-27 15:10:00",199275,13.47,30.29,745.3,23.85,34.69
"2022-10-27 15:15:00",199276,13.47,29.89,745.5,24.41,28.97
"2022-10-27 15:20:00",199277,13.5,29.64,745.2,24.79,28.73
"2022-10-27 15:25:00",199278,13.5,29.59,745.2,24.72,26.95
"2022-10-27 15:30:00",199279,13.5,29.68,745.1,25.5,26.67
"2022-10-27 15:35:00",199280,13.5,29.95,745.1,25.86,26.49
"2022-10-27 15:40:00",199281,13.5,30.32,745.1,26.39,25.57
"2022-10-27 15:45:00",199282,13.5,30.66,745,26.01,26.64
"2022-10-27 15:50:00",199283,13.5,30.91,745,26.08,25.96
"2022-10-27 15:55:00",199284,13.5,31.04,744.9,25.5,28.65
"2022-10-27 16:00:00",199285,13.5,31.04,744.8,25.46,29.79
"2022-10-27 16:05:00",199286,13.5,30.99,744.7,24.82,30.89
"2022-10-27 16:10:00",199287,13.5,30.86,744.7,25.34,29.38
"2022-10-27 16:15:00",199288,13.5,30.73,744.8,25.38,29.59
"2022-10-27 16:20:00",199289,13.5,30.63,744.7,25.6,28.72
"2022-10-27 16:25:00",199290,13.5,30.58,744.7,26.03,28.28
"2022-10-27 16:30:00",199291,13.5,30.6,744.7,26.16,27.74
"2022-10-27 16:35:00",199292,13.5,30.72,744.6,25.93,29.02
"2022-10-27 16:40:00",199293,13.5,30.81,744.7,26,28.82
"2022-10-27 16:45:00",199294,13.5,30.82,744.8,25.29,29.85
"2022-10-27 16:50:00",199295,13.5,30.67,744.9,25.36,30.19
"2022-10-27 16:55:00",199296,13.5,30.47,744.9,25.53,30.04
"2022-10-27 17:00:00",199297,13.5,30.35,744.8,25.34,31.07
"2022-10-27 17:05:00",199298,13.5,30.19,744.8,25.1,31.72
"2022-10-27 17:10:00",199299,13.5,29.95,744.8,25.18,31.19
"2022-10-27 17:15:00",199300,13.5,29.74,744.9,24.95,31.71
"2022-10-27 17:20:00",199301,13.5,29.63,744.9,25.27,31.4
"2022-10-27 17:25:00",199302,13.5,29.65,744.8,25.36,31.34
"2022-10-27 17:30:00",199303,13.5,29.69,744.8,25.11,31.46
"2022-10-27 17:35:00",199304,13.5,29.66,745.1,24.65,32.62
"2022-10-27 17:40:00",199305,13.5,29.47,745.3,24.7,32.43
"2022-10-27 17:45:00",199306,13.4,28.72,745.4,24.15,33.52
"2022-10-27 17:50:00",199307,13.28,28.13,745.5,23.74,35.04
"2022-10-27 17:55:00",199308,13.16,27.64,745.6,23.49,34.75
"2022-10-27 18:00:00",199309,13.03,27.17,745.7,23.14,36.31
"2022-10-27 18:05:00",199310,12.97,26.75,746,22.59,36.85
"2022-10-27 18:10:00",199311,12.97,26.31,746.1,22.19,42.87
"2022-10-27 18:15:00",199312,12.95,25.6,746.1,21.16,46.66
"2022-10-27 18:20:00",199313,12.93,24.73,746.2,21.28,44.44
"2022-10-27 18:25:00",199314,12.9,24,746.4,20.89,45.9
"2022-10-27 18:30:00",199315,12.89,23.54,746.7,20.6,47.26
"2022-10-27 18:35:00",199316,12.88,23.28,746.8,21.07,45.15
"2022-10-27 18:40:00",199317,12.87,23.07,746.8,20.88,44.9
"2022-10-27 18:45:00",199318,12.87,22.92,746.8,20.96,45.97
"2022-10-27 18:50:00",199319,12.87,22.81,747.1,21.04,46.14
"2022-10-27 18:55:00",199320,12.86,22.73,747.2,20.98,46.03
"2022-10-27 19:00:00",199321,12.86,22.65,747.4,20.74,46.7
"2022-10-27 19:05:00",199322,12.86,22.56,747.4,20.68,46.22
"2022-10-27 19:10:00",199323,12.85,22.5,747.4,20.76,46.13
"2022-10-27 19:15:00",199324,12.85,22.46,747.5,20.89,42.98
"2022-10-27 19:20:00",199325,12.85,22.41,747.6,20.69,45.33
"2022-10-27 19:25:00",199326,12.85,22.35,747.7,20.52,47
"2022-10-27 19:30:00",199327,12.85,22.27,747.8,20.02,52.84
"2022-10-27 19:35:00",199328,12.85,22.15,747.9,19.48,55.76
"2022-10-27 19:40:00",199329,12.84,22,747.8,19.58,54.26
"2022-10-27 19:45:00",199330,12.84,21.86,747.7,19.59,55.1
"2022-10-27 19:50:00",199331,12.84,21.73,747.8,19.51,54.71
"2022-10-27 19:55:00",199332,12.84,21.63,747.9,19.69,54.37
"2022-10-27 20:00:00",199333,12.84,21.45,748,19.78,55.06
"2022-10-27 20:05:00",199334,12.84,21.4,747.9,19.89,54.28
"2022-10-27 20:10:00",199335,12.84,21.34,748,19.84,54.14
"2022-10-27 20:15:00",199336,12.84,21.3,748.2,19.72,54.53
"2022-10-27 20:20:00",199337,12.84,21.24,748.3,19.55,55.06
"2022-10-27 20:25:00",199338,12.84,21.2,748.4,19.72,54.47
"2022-10-27 20:30:00",199339,12.84,21.15,748.6,19.91,52.1
"2022-10-27 20:35:00",199340,12.83,21.12,748.6,20.06,52.1
"2022-10-27 20:40:00",199341,12.83,21.12,748.7,20.2,51.8
"2022-10-27 20:45:00",199342,12.83,21.1,748.9,20.23,51.93
"2022-10-27 20:50:00",199343,12.83,21.1,749,20,56.48
"2022-10-27 20:55:00",199344,12.83,21.08,749,19.63,58.17
"2022-10-27 21:00:00",199345,12.83,21.04,749.1,19.7,58.27
"2022-10-27 21:05:00",199346,12.83,20.97,749.3,19.7,59.21
"2022-10-27 21:10:00",199347,12.83,20.9,749.4,19.69,60
"2022-10-27 21:15:00",199348,12.83,20.84,749.4,19.66,59.7
"2022-10-27 21:20:00",199349,12.82,20.77,749.5,19.43,61.17
"2022-10-27 21:25:00",199350,12.82,20.66,749.5,19.23,61.95
"2022-10-27 21:30:00",199351,12.82,20.55,749.4,19.13,61
"2022-10-27 21:35:00",199352,12.82,20.43,749.5,19.05,57.35
"2022-10-27 21:40:00",199353,12.82,20.32,749.6,19,57.19
"2022-10-27 21:45:00",199354,12.82,20.21,749.7,19,56.51
"2022-10-27 21:50:00",199355,12.81,20.12,749.8,18.98,56.33
"2022-10-27 21:55:00",199356,12.81,20.02,749.9,19.02,56.58
"2022-10-27 22:00:00",199357,12.81,19.94,750,19.1,56.77
"2022-10-27 22:05:00",199358,12.81,19.86,750.2,18.71,61.11
"2022-10-27 22:10:00",199359,12.81,19.79,750.2,18.68,57.93
"2022-10-27 22:15:00",199360,12.81,19.71,750.3,18.66,54.1
"2022-10-27 22:20:00",199361,12.8,19.67,750.4,18.71,53.8
"2022-10-27 22:25:00",199362,12.8,19.58,750.4,18.65,53.73
"2022-10-27 22:30:00",199363,12.81,19.51,750.5,18.55,52.85
"2022-10-27 22:35:00",199364,12.8,19.44,750.5,18.55,51.98
"2022-10-27 22:40:00",199365,12.8,19.37,750.6,18.63,51.52
"2022-10-27 22:45:00",199366,12.8,19.31,750.7,18.63,51.65
"2022-10-27 22:50:00",199367,12.8,19.26,750.8,18.62,51.27
"2022-10-27 22:55:00",199368,12.8,19.21,750.7,18.59,51.33
"2022-10-27 23:00:00",199369,12.8,19.16,750.7,18.65,51.68
"2022-10-27 23:05:00",199370,12.8,19.13,750.7,18.65,51.68
"2022-10-27 23:10:00",199371,12.8,19.11,750.6,18.63,52.92
"2022-10-27 23:15:00",199372,12.8,19.08,750.6,18.49,54.72
"2022-10-27 23:20:00",199373,12.8,19.05,750.6,18.43,55.63
"2022-10-27 23:25:00",199374,12.8,19.02,750.6,18.29,56.5
"2022-10-27 23:30:00",199375,12.8,18.96,750.6,18.25,56.8
"2022-10-27 23:35:00",199376,12.8,18.92,750.5,18.19,57.37
"2022-10-27 23:40:00",199377,12.79,18.86,750.5,18.19,57.37
"2022-10-27 23:45:00",199378,12.8,18.8,750.5,18.18,57.52
"2022-10-27 23:50:00",199379,12.79,18.75,750.4,18.18,57.09
"2022-10-27 23:55:00",199380,12.79,18.73,750.4,18.11,57.48
"2022-10-28 00:00:00",199381,12.79,18.68,750.3,18.03,57.92
"2022-10-28 00:05:00",199382,12.79,18.62,750.3,17.93,58.3
"2022-10-28 00:10:00",199383,12.79,18.55,750.3,17.89,58.21
"2022-10-28 00:15:00",199384,12.79,18.48,750.2,17.83,58.38
"2022-10-28 00:20:00",199385,12.8,18.41,750.1,17.77,58.28
"2022-10-28 00:25:00",199386,12.8,18.33,750,17.79,58.43
"2022-10-28 00:30:00",199387,12.8,18.26,750,17.8,58.34
"2022-10-28 00:35:00",199388,12.79,18.2,750,17.67,58.96
"2022-10-28 00:40:00",199389,12.79,18.12,749.9,17.49,59.77
"2022-10-28 00:45:00",199390,12.79,18.05,750,17.41,60.18
"2022-10-28 00:50:00",199391,12.79,17.94,749.9,17.22,60.99
"2022-10-28 00:55:00",199392,12.79,17.84,749.8,17.18,61.23
"2022-10-28 01:00:00",199393,12.79,17.74,749.8,17.19,60.69
"2022-10-28 01:05:00",199394,12.79,17.65,749.8,17.15,60.95
"2022-10-28 01:10:00",199395,12.79,17.57,749.7,17.28,60.13
"2022-10-28 01:15:00",199396,12.78,17.5,749.6,17.49,59.26
"2022-10-28 01:20:00",199397,12.78,17.46,749.6,17.51,59.87
"2022-10-28 01:25:00",199398,12.78,17.44,749.5,17.53,59.66
"2022-10-28 01:30:00",199399,12.78,17.44,749.5,17.45,59.44
"2022-10-28 01:35:00",199400,12.78,17.43,749.5,17.42,59.4
"2022-10-28 01:40:00",199401,12.77,17.44,749.6,17.2,60.75
"2022-10-28 01:45:00",199402,12.77,17.42,749.6,17.04,61.14
"2022-10-28 01:50:00",199403,12.77,17.41,749.5,16.96,61.61
"2022-10-28 01:55:00",199404,12.77,17.36,749.5,16.7,62.55
"2022-10-28 02:00:00",199405,12.76,17.31,749.5,16.63,63.7
"2022-10-28 02:05:00",199406,12.77,17.23,749.5,16.95,61.34
"2022-10-28 02:10:00",199407,12.76,17.18,749.5,17.19,61.26
"2022-10-28 02:15:00",199408,12.76,17.14,749.5,16.67,64.65
"2022-10-28 02:20:00",199409,12.76,17.08,749.5,16.29,66.09
"2022-10-28 02:25:00",199410,12.76,17,749.5,16.14,67.11
"2022-10-28 02:30:00",199411,12.75,16.9,749.5,16.01,67.64
"2022-10-28 02:35:00",199412,12.75,16.84,749.5,15.98,67.55
"2022-10-28 02:40:00",199413,12.75,16.75,749.5,15.99,67.81
"2022-10-28 02:45:00",199414,12.75,16.69,749.4,16.06,67.36
"2022-10-28 02:50:00",199415,12.74,16.62,749.4,16.53,64.04
"2022-10-28 02:55:00",199416,12.74,16.6,749.5,16.57,64.57
"2022-10-28 03:00:00",199417,12.74,16.57,749.5,16.36,65.42
"2022-10-28 03:05:00",199418,12.74,16.54,749.5,16.12,65.29
"2022-10-28 03:10:00",199419,12.74,16.5,749.5,15.91,66.43
"2022-10-28 03:15:00",199420,12.73,16.45,749.5,15.54,68.95
"2022-10-28 03:20:00",199421,12.73,16.31,749.6,15.33,69.98
"2022-10-28 03:25:00",199422,12.73,16.21,749.6,15.2,70.59
"2022-10-28 03:30:00",199423,12.73,16.11,749.6,15.2,70.24
"2022-10-28 03:35:00",199424,12.73,16,749.6,15.24,69.91
"2022-10-28 03:40:00",199425,12.72,15.91,749.6,15.24,70.77
"2022-10-28 03:45:00",199426,12.72,15.84,749.7,15.3,70.67
"2022-10-28 03:50:00",199427,12.72,15.76,749.7,15.36,70.1
"2022-10-28 03:55:00",199428,12.72,15.7,749.7,15.31,70.18
"2022-10-28 04:00:00",199429,12.71,15.63,749.6,15.32,70.09
"2022-10-28 04:05:00",199430,12.71,15.57,749.7,15.28,70.14
"2022-10-28 04:10:00",199431,12.71,15.51,749.7,15.09,70.68
"2022-10-28 04:15:00",199432,12.71,15.47,749.7,14.96,71.03
"2022-10-28 04:20:00",199433,12.7,15.39,749.7,14.85,71.55
"2022-10-28 04:25:00",199434,12.7,15.32,749.8,14.85,71.29
"2022-10-28 04:30:00",199435,12.7,15.25,749.8,14.92,71.08
"2022-10-28 04:35:00",199436,12.7,15.2,749.9,14.94,70.63
"2022-10-28 04:40:00",199437,12.69,15.14,749.9,14.95,70.46
"2022-10-28 04:45:00",199438,12.69,15.09,750,15.16,69.05
"2022-10-28 04:50:00",199439,12.69,15.07,750,15.1,69.24
"2022-10-28 04:55:00",199440,12.69,15.05,750,15,70
"2022-10-28 05:00:00",199441,12.69,15.02,750,14.87,70.9
"2022-10-28 05:05:00",199442,12.68,14.99,750.1,14.67,71.78
"2022-10-28 05:10:00",199443,12.68,14.97,750.1,14.54,71.87
"2022-10-28 05:15:00",199444,12.68,14.94,750.2,14.57,71.16
"2022-10-28 05:20:00",199445,12.68,14.9,750.1,14.5,71.23
"2022-10-28 05:25:00",199446,12.67,14.84,750.2,14.39,71.72
"2022-10-28 05:30:00",199447,12.67,14.8,750.3,14.27,72.24
"2022-10-28 05:35:00",199448,12.67,14.73,750.3,14.33,72.08
"2022-10-28 05:40:00",199449,12.67,14.7,750.3,14.37,71.89
"2022-10-28 05:45:00",199450,12.67,14.76,750.4,14.3,72.22
"2022-10-28 05:50:00",199451,12.68,14.73,750.4,14.23,72.54
"2022-10-28 05:55:00",199452,12.7,14.74,750.5,14.16,72.85
"2022-10-28 06:00:00",199453,12.72,14.74,750.5,14.17,72.59
"2022-10-28 06:05:00",199454,12.76,14.78,750.6,14.37,71.98
"2022-10-28 06:10:00",199455,12.81,14.85,750.6,14.52,70.8
"2022-10-28 06:15:00",199456,12.85,14.93,750.7,14.79,70.28
"2022-10-28 06:20:00",199457,12.92,15.36,750.7,14.94,69.13
"2022-10-28 06:25:00",199458,12.99,15.63,750.8,15.22,67.96
"2022-10-28 06:30:00",199459,13.09,15.84,750.9,15.29,66.84
"2022-10-28 06:35:00",199460,13.29,16.14,750.9,15.66,65.3
"2022-10-28 06:40:00",199461,13.36,16.44,750.9,16.07,64.34
"2022-10-28 06:45:00",199462,13.47,16.76,751,16.17,64
"2022-10-28 06:50:00",199463,13.57,17.12,751,16.06,64.49
"2022-10-28 06:55:00",199464,13.78,17.63,751.1,16.33,63.88
"2022-10-28 07:00:00",199465,13.79,18.9,751.1,16.86,61.14
"2022-10-28 07:05:00",199466,13.76,19.94,751.2,17.11,60.01
"2022-10-28 07:10:00",199467,13.73,20.67,751.2,17.24,59.37
"2022-10-28 07:15:00",199468,13.73,21.2,751.2,17.24,59.52
"2022-10-28 07:20:00",199469,13.7,21.71,751.2,17.22,59.97
"2022-10-28 07:25:00",199470,13.7,22.18,751.2,17.9,56.75
"2022-10-28 07:30:00",199471,13.71,22.57,751.3,18.09,56.93
"2022-10-28 07:35:00",199472,13.68,22.94,751.2,18.18,56.85
"2022-10-28 07:40:00",199473,13.68,23.26,751.2,18.53,56.35
"2022-10-28 07:45:00",199474,13.68,23.58,751.2,18.87,55.54
"2022-10-28 07:50:00",199475,13.68,23.92,751.2,19.42,54.85
"2022-10-28 07:55:00",199476,13.65,24.27,751.2,18.27,57.5
"2022-10-28 08:00:00",199477,13.65,24.52,751.2,18.88,56.5
"2022-10-28 08:05:00",199478,13.65,24.81,751.2,20.36,51.23
"2022-10-28 08:10:00",199479,13.63,25.31,751.2,20.9,48.75
"2022-10-28 08:15:00",199480,13.63,25.81,751.2,20.62,50.23
"2022-10-28 08:20:00",199481,13.63,26.24,751.1,20.26,51.03
"2022-10-28 08:25:00",199482,13.6,26.58,751.2,21.15,48.72
"2022-10-28 08:30:00",199483,13.61,26.74,751.1,19.6,52.9
"2022-10-28 08:35:00",199484,13.6,26.79,751,20.48,50.27
"2022-10-28 08:40:00",199485,13.6,26.91,751,20.97,48.92
"2022-10-28 08:45:00",199486,13.61,27.1,751,20.5,49.74
"2022-10-28 08:50:00",199487,13.61,27.32,750.9,20.35,50.88
"2022-10-28 08:55:00",199488,13.61,27.54,750.9,20.68,50.33
"2022-10-28 09:00:00",199489,13.58,27.81,750.9,20.71,49.93
"2022-10-28 09:05:00",199490,13.58,28.06,750.9,21.22,49.39
"2022-10-28 09:10:00",199491,13.58,28.36,750.9,21.23,48.7
"2022-10-28 09:15:00",199492,13.56,28.7,750.8,21.33,48.02
"2022-10-28 09:20:00",199493,13.56,29.12,750.8,21.85,45.95
"2022-10-28 09:25:00",199494,13.56,29.6,750.7,22.52,44.94
"2022-10-28 09:30:00",199495,13.53,30.12,750.7,22.73,44.39
"2022-10-28 09:35:00",199496,13.53,30.62,750.6,23.24,42.51
"2022-10-28 09:40:00",199497,13.53,31.04,750.6,22.72,43.22
"2022-10-28 09:45:00",199498,13.51,31.19,750.6,21.83,45.21
"2022-10-28 09:50:00",199499,13.51,31.13,750.5,21.47,45.2
"2022-10-28 09:55:00",199500,13.51,30.95,750.5,22.87,40.97
"2022-10-28 10:00:00",199501,13.51,31,750.4,23.93,39.16
"2022-10-28 10:05:00",199502,13.51,31.24,750.4,23.91,38.2
"2022-10-28 10:10:00",199503,13.51,31.52,750.3,23.64,29.92
"2022-10-28 10:15:00",199504,13.51,31.76,750.2,23.09,31.08
"2022-10-28 10:20:00",199505,13.51,31.92,750.2,23.5,31.11
"2022-10-28 10:25:00",199506,13.49,32.03,750.1,23.77,32.18
"2022-10-28 10:30:00",199507,13.49,32.18,750,24.54,27.45
"2022-10-28 10:35:00",199508,13.49,32.36,749.9,24.91,26.97
"2022-10-28 10:40:00",199509,13.49,32.64,749.8,24.29,29.53
"2022-10-28 10:45:00",199510,13.49,32.88,749.7,24.97,27.31
"2022-10-28 10:50:00",199511,13.49,33.12,749.6,24.1,26.53
"2022-10-28 10:55:00",199512,13.49,33.27,749.5,25.31,20.84
"2022-10-28 11:00:00",199513,13.46,33.45,749.4,24.95,20.51
"2022-10-28 11:05:00",199514,13.47,33.55,749.4,24.95,19.74
"2022-10-28 11:10:00",199515,13.47,33.68,749.3,25.22,14.51
"2022-10-28 11:15:00",199516,13.47,33.81,749.2,26.48,15.2
"2022-10-28 11:20:00",199517,13.47,34.02,749.2,25.41,14.9
"2022-10-28 11:25:00",199518,13.47,34.09,749.1,25.2,15.14
"2022-10-28 11:30:00",199519,13.47,34.08,749,26.04,14.69
"2022-10-28 11:35:00",199520,13.47,34.2,748.9,26.26,14.77
"2022-10-28 11:40:00",199521,13.47,34.37,748.8,26.79,13.27
"2022-10-28 11:45:00",199522,13.45,34.5,748.8,26.76,10.17
"2022-10-28 11:50:00",199523,13.44,34.61,748.7,27,10.61
"2022-10-28 11:55:00",199524,13.44,34.69,748.7,26.9,8.02
"2022-10-28 12:00:00",199525,13.44,34.75,748.6,26.8,6.722
"2022-10-28 12:05:00",199526,13.45,34.77,748.5,27.73,9.06
"2022-10-28 12:10:00",199527,13.45,34.87,748.4,28.2,10.19
"2022-10-28 12:15:00",199528,13.44,35.04,748.3,28.09,11.94
"2022-10-28 12:20:00",199529,13.45,35.15,748.2,26.31,8.51
"2022-10-28 12:25:00",199530,13.44,35.11,748.1,27.89,8.27
"2022-10-28 12:30:00",199531,13.45,35.11,748.1,27.96,8.63
"2022-10-28 12:35:00",199532,13.45,35.1,747.9,28.2,8.21
"2022-10-28 12:40:00",199533,13.45,35,747.9,28.1,7.916
"2022-10-28 12:45:00",199534,13.45,34.89,747.7,28.1,5.454
"2022-10-28 12:50:00",199535,13.45,34.77,747.6,28.31,6.982
"2022-10-28 12:55:00",199536,13.45,34.73,747.5,28.65,7.354
"2022-10-28 13:00:00",199537,13.45,34.72,747.4,27.72,7.579
"2022-10-28 13:05:00",199538,13.45,34.65,747.3,27.69,8.41
"2022-10-28 13:10:00",199539,13.44,34.58,747.2,28.87,7.723
"2022-10-28 13:15:00",199540,13.45,34.65,747.1,29.64,7.53
"2022-10-28 13:20:00",199541,13.45,34.8,747,28.08,8.2
"2022-10-28 13:25:00",199542,13.45,34.91,746.9,27.99,8.49
"2022-10-28 13:30:00",199543,13.45,34.98,746.7,29.36,8.46
"2022-10-28 13:35:00",199544,13.45,35.13,746.6,30.88,8.66
"2022-10-28 13:40:00",199545,13.45,35.39,746.5,29.86,8.77
"2022-10-28 13:45:00",199546,13.45,35.59,746.4,29.13,9.75
"2022-10-28 13:50:00",199547,13.42,35.65,746.3,28.88,11.11
"2022-10-28 13:55:00",199548,13.42,35.67,746.1,29.37,11.77
"2022-10-28 14:00:00",199549,13.42,35.74,746,29.84,10.79
"2022-10-28 14:05:00",199550,13.42,35.85,745.9,29.86,11.43
"2022-10-28 14:10:00",199551,13.42,35.95,745.9,29.48,12.28
"2022-10-28 14:15:00",199552,13.42,35.99,745.9,29.27,13.2
"2022-10-28 14:20:00",199553,13.42,35.98,745.7,30.24,11.45
"2022-10-28 14:25:00",199554,13.43,36.02,745.6,29.86,11.65
"2022-10-28 14:30:00",199555,13.42,36.11,745.5,30.18,12.31
"2022-10-28 14:35:00",199556,13.42,36.26,745.4,30.48,11.39
"2022-10-28 14:40:00",199557,13.43,36.42,745.3,30.57,11.03
"2022-10-28 14:45:00",199558,13.43,36.57,745.3,30.24,10.87
"2022-10-28 14:50:00",199559,13.43,36.61,745.2,29.09,11.69
"2022-10-28 14:55:00",199560,13.43,36.41,745,28.91,11.68
"2022-10-28 15:00:00",199561,13.42,36.08,744.8,28.92,8.81
"2022-10-28 15:05:00",199562,13.42,35.76,744.8,29.26,10.76
"2022-10-28 15:10:00",199563,13.42,35.59,744.6,29.45,11.35
"2022-10-28 15:15:00",199564,13.42,35.46,744.7,28.55,13.24
"2022-10-28 15:20:00",199565,13.42,35.2,744.6,29.15,12.41
"2022-10-28 15:25:00",199566,13.42,34.91,744.6,28.1,12.65
"2022-10-28 15:30:00",199567,13.42,34.6,744.5,28.95,10.9
"2022-10-28 15:35:00",199568,13.42,34.42,744.5,27.92,11.93
"2022-10-28 15:40:00",199569,13.43,34.24,744.4,28.74,11.75
"2022-10-28 15:45:00",199570,13.42,34.2,744.3,29.28,10.19
"2022-10-28 15:50:00",199571,13.42,34.27,744.3,29.1,11.33
"2022-10-28 15:55:00",199572,13.42,34.36,744.2,28.8,11.54
"2022-10-28 16:00:00",199573,13.42,34.37,744.2,28.65,10.02
"2022-10-28 16:05:00",199574,13.42,34.12,744.2,27.86,10.42
"2022-10-28 16:10:00",199575,13.42,33.88,744,28.48,11.45
"2022-10-28 16:15:00",199576,13.42,33.76,744.1,28.71,10.96
"2022-10-28 16:20:00",199577,13.42,33.82,744,28.77,12.04
"2022-10-28 16:25:00",199578,13.42,33.9,744,28.76,11.68
"2022-10-28 16:30:00",199579,13.42,33.85,744.1,28.22,13.3
"2022-10-28 16:35:00",199580,13.42,33.77,744,28.16,12.8
"2022-10-28 16:40:00",199581,13.42,33.66,744.1,28.2,11.58
"2022-10-28 16:45:00",199582,13.42,33.52,744,27.89,11.14
"2022-10-28 16:50:00",199583,13.42,33.23,743.9,27.52,11.56
"2022-10-28 16:55:00",199584,13.42,32.52,744,27.17,11.18
"2022-10-28 17:00:00",199585,13.36,31.68,744,27.06,12.21
"2022-10-28 17:05:00",199586,13.4,31.09,744,26.87,13.52
"2022-10-28 17:10:00",199587,13.65,30.77,744.1,26.52,14.5
"2022-10-28 17:15:00",199588,13.52,31.01,744.2,26.02,20.43
"2022-10-28 17:20:00",199589,13.52,30.87,744.1,25.62,21.79
"2022-10-28 17:25:00",199590,13.52,30.62,744.2,25.52,22.96
"2022-10-28 17:30:00",199591,13.5,30.08,744.3,25.52,22.79
"2022-10-28 17:35:00",199592,13.35,29.33,744.2,25.01,24.65
"2022-10-28 17:40:00",199593,13.3,28.89,744.1,25.06,24.58
"2022-10-28 17:45:00",199594,13.2,28.54,744.4,25.07,23.97
"2022-10-28 17:50:00",199595,13.09,28.26,744.4,25.08,23.83
"2022-10-28 17:55:00",199596,13.02,28.03,744.3,25.22,19.41
"2022-10-28 18:00:00",199597,12.99,27.76,744.5,25.44,21.09
"2022-10-28 18:05:00",199598,12.96,27.61,744.5,25.58,14.77
"2022-10-28 18:10:00",199599,12.92,27.54,744.5,25.85,14.32
"2022-10-28 18:15:00",199600,12.9,27.54,744.5,25.91,14.61
"2022-10-28 18:20:00",199601,12.89,27.55,744.5,25.88,14.43
"2022-10-28 18:25:00",199602,12.88,27.56,744.7,25.76,14.78
"2022-10-28 18:30:00",199603,12.88,27.53,744.7,25.46,14.8
"2022-10-28 18:35:00",199604,12.88,27.43,744.7,25.45,14.87
"2022-10-28 18:40:00",199605,12.87,27.32,744.5,25.94,13.83
"2022-10-28 18:45:00",199606,12.87,27.3,744.7,25.58,14.31
"2022-10-28 18:50:00",199607,12.87,27.22,744.4,25.11,15.77
"2022-10-28 18:55:00",199608,12.86,27.13,744.7,25.63,14.74
"2022-10-28 19:00:00",199609,12.86,27.07,744.8,25.38,15.64
"2022-10-28 19:05:00",199610,12.86,26.97,744.8,25.6,14.53
"2022-10-28 19:10:00",199611,12.86,26.89,744.9,25.34,14.72
"2022-10-28 19:15:00",199612,12.86,26.8,744.9,25.22,14.51
"2022-10-28 19:20:00",199613,12.86,26.64,745,25.04,14.92
"2022-10-28 19:25:00",199614,12.86,26.48,745.1,24.67,15.75
"2022-10-28 19:30:00",199615,12.86,26.3,745.2,24.36,16.15
"2022-10-28 19:35:00",199616,12.86,26.04,745.4,24.17,17.19
"2022-10-28 19:40:00",199617,12.85,25.8,745.5,23.85,17.04
"2022-10-28 19:45:00",199618,12.85,25.55,745.5,23.46,20.24
"2022-10-28 19:50:00",199619,12.85,25.28,745.5,23.26,19.92
"2022-10-28 19:55:00",199620,12.85,25.03,745.5,23.2,20.26
"2022-10-28 20:00:00",199621,12.85,24.83,745.6,23.51,18.69
"2022-10-28 20:05:00",199622,12.85,24.69,745.8,23.43,19.58
"2022-10-28 20:10:00",199623,12.85,24.57,745.9,22.92,23.61
"2022-10-28 20:15:00",199624,12.84,24.43,746,22.01,33.45
"2022-10-28 20:20:00",199625,12.84,24.22,746,21.39,35.18
"2022-10-28 20:25:00",199626,12.84,23.96,746.1,21.28,36.98
"2022-10-28 20:30:00",199627,12.84,23.68,746.3,20.97,37.7
"2022-10-28 20:35:00",199628,12.84,23.38,746.3,20.8,38.6
"2022-10-28 20:40:00",199629,12.83,23.1,746.4,20.86,38.8
"2022-10-28 20:45:00",199630,12.84,22.77,746.6,20.45,40.12
"2022-10-28 20:50:00",199631,12.83,22.53,746.7,20.59,38.51
"2022-10-28 20:55:00",199632,12.83,22.35,746.8,20.94,37.01
"2022-10-28 21:00:00",199633,12.83,22.24,746.9,20.67,37.38
"2022-10-28 21:05:00",199634,12.83,22.11,747,20.67,33.6
"2022-10-28 21:10:00",199635,12.83,21.99,747,20.59,31.46
"2022-10-28 21:15:00",199636,12.82,21.92,747.1,20.56,31.46
"2022-10-28 21:20:00",199637,12.82,21.79,747.1,20.14,32.55
"2022-10-28 21:25:00",199638,12.82,21.69,747.2,20.1,32.55
"2022-10-28 21:30:00",199639,12.82,21.53,747.3,19.92,33.19
"2022-10-28 21:35:00",199640,12.82,21.39,747.3,19.96,32.8
"2022-10-28 21:40:00",199641,12.82,21.25,747.4,20.26,31.77
"2022-10-28 21:45:00",199642,12.81,21.18,747.5,20.54,30.99
"2022-10-28 21:50:00",199643,12.81,21.13,747.5,20.59,30.83
"2022-10-28 21:55:00",199644,12.81,21.12,747.5,20.7,30.61
"2022-10-28 22:00:00",199645,12.81,21.1,747.6,20.59,31.2
"2022-10-28 22:05:00",199646,12.81,21.06,747.6,20.5,31.72
"2022-10-28 22:10:00",199647,12.8,21.02,747.7,20.15,32.55
"2022-10-28 22:15:00",199648,12.8,20.91,747.8,20.02,33.34
"2022-10-28 22:20:00",199649,12.8,20.8,747.8,20.22,31.9
"2022-10-28 22:25:00",199650,12.8,20.75,747.9,20.24,31.67
"2022-10-28 22:30:00",199651,12.8,20.73,747.9,20.24,31.96
"2022-10-28 22:35:00",199652,12.8,20.68,748,19.93,33.23
"2022-10-28 22:40:00",199653,12.8,20.62,748,19.73,32.85
"2022-10-28 22:45:00",199654,12.8,20.54,748,20.04,32.81
"2022-10-28 22:50:00",199655,12.79,20.48,748,19.86,32.79
"2022-10-28 22:55:00",199656,12.79,20.4,748,19.64,33.56
"2022-10-28 23:00:00",199657,12.79,20.31,748,19.34,34.2
"2022-10-28 23:05:00",199658,12.79,20.18,748,18.89,35.34
"2022-10-28 23:10:00",199659,12.79,20.06,748.1,18.83,35.59
"2022-10-28 23:15:00",199660,12.78,19.9,748.1,18.86,35.99
"2022-10-28 23:20:00",199661,12.78,19.77,748.1,18.92,36.38
"2022-10-28 23:25:00",199662,12.79,19.67,748,18.98,37.17
"2022-10-28 23:30:00",199663,12.78,19.53,748,18.83,37.81
"2022-10-28 23:35:00",199664,12.79,19.44,748,18.71,39.03
"2022-10-28 23:40:00",199665,12.78,19.36,748.1,18.25,41.65
"2022-10-28 23:45:00",199666,12.78,19.22,748.1,17.64,42.7
"2022-10-28 23:50:00",199667,12.78,19.1,748.1,17.47,42.97
"2022-10-28 23:55:00",199668,12.77,18.95,748.1,17.48,43.07
"2022-10-29 00:00:00",199669,12.77,18.82,748,17.3,44.25
"2022-10-29 00:05:00",199670,12.77,18.71,747.9,17.17,44.71
"2022-10-29 00:10:00",199671,12.77,18.56,747.9,17.03,45.2
"2022-10-29 00:15:00",199672,12.76,18.41,747.9,17.16,45
"2022-10-29 00:20:00",199673,12.76,18.28,747.8,17.28,44.6
"2022-10-29 00:25:00",199674,12.76,18.15,747.9,17.2,44.94
"2022-10-29 00:30:00",199675,12.76,18.03,747.9,16.67,45.69
"2022-10-29 00:35:00",199676,12.76,17.98,747.9,16.95,43.92
"2022-10-29 00:40:00",199677,12.75,17.93,747.9,16.81,43.84
"2022-10-29 00:45:00",199678,12.75,17.89,747.9,17.03,41.93
"2022-10-29 00:50:00",199679,12.75,17.88,747.7,17.52,41.35
"2022-10-29 00:55:00",199680,12.75,17.88,747.7,17.53,42.69
"2022-10-29 01:00:00",199681,12.75,17.9,747.7,17.46,42.97
"2022-10-29 01:05:00",199682,12.74,17.91,747.7,17.55,43.01
"2022-10-29 01:10:00",199683,12.74,17.94,747.6,17.37,43.56
"2022-10-29 01:15:00",199684,12.74,17.94,747.7,17.33,43.02
"2022-10-29 01:20:00",199685,12.74,17.9,747.7,16.95,43.19
"2022-10-29 01:25:00",199686,12.74,17.86,747.8,16.54,43.78
"2022-10-29 01:30:00",199687,12.73,17.79,747.8,16.46,43.71
"2022-10-29 01:35:00",199688,12.73,17.68,747.8,16.34,43.44
"2022-10-29 01:40:00",199689,12.73,17.61,747.9,16.29,43.25
"2022-10-29 01:45:00",199690,12.73,17.52,747.9,16.28,42.36
"2022-10-29 01:50:00",199691,12.72,17.46,747.8,16.22,42.28
"2022-10-29 01:55:00",199692,12.72,17.4,747.7,16.2,41.58
"2022-10-29 02:00:00",199693,12.72,17.29,747.7,16.41,41.16
"2022-10-29 02:05:00",199694,12.72,17.2,747.7,16.18,43.42
"2022-10-29 02:10:00",199695,12.71,16.99,747.6,15.98,42.35
"2022-10-29 02:15:00",199696,12.71,16.87,747.7,16.58,40.73
"2022-10-29 02:20:00",199697,12.71,16.81,747.6,15.8,45.33
"2022-10-29 02:25:00",199698,12.71,16.71,747.7,15.41,45.98
"2022-10-29 02:30:00",199699,12.71,16.6,747.6,15.37,45.16
"2022-10-29 02:35:00",199700,12.7,16.47,747.7,15.44,43.87
"2022-10-29 02:40:00",199701,12.7,16.39,747.7,15.32,43.89
"2022-10-29 02:45:00",199702,12.7,16.28,747.7,15.14,43.87
"2022-10-29 02:50:00",199703,12.69,16.17,747.6,15.33,42.66
"2022-10-29 02:55:00",199704,12.69,16.12,747.8,15.28,42.59
"2022-10-29 03:00:00",199705,12.69,16.02,747.8,15.16,42.8
"2022-10-29 03:05:00",199706,12.68,15.96,747.8,15.24,42.81
"2022-10-29 03:10:00",199707,12.68,15.88,747.8,15.11,42.79
"2022-10-29 03:15:00",199708,12.68,15.78,747.8,14.92,45.23
"2022-10-29 03:20:00",199709,12.68,15.69,747.8,14.69,46.2
"2022-10-29 03:25:00",199710,12.67,15.61,747.9,14.58,43.68
"2022-10-29 03:30:00",199711,12.67,15.52,748,14.69,45.39
"2022-10-29 03:35:00",199712,12.67,15.42,748,14.72,43.57
"2022-10-29 03:40:00",199713,12.67,15.38,748.1,14.72,43.5
"2022-10-29 03:45:00",199714,12.66,15.32,748.1,14.6,44.21
"2022-10-29 03:50:00",199715,12.66,15.23,748.1,14.56,44.33
"2022-10-29 03:55:00",199716,12.66,15.17,748.2,14.56,44.52
"2022-10-29 04:00:00",199717,12.65,15.14,748.2,14.77,44.01
"2022-10-29 04:05:00",199718,12.65,15.1,748.3,14.44,44.92
"2022-10-29 04:10:00",199719,12.65,15.07,748.4,14.25,45.74
"2022-10-29 04:15:00",199720,12.65,15.02,748.4,13.96,46.7
"2022-10-29 04:20:00",199721,12.64,14.91,748.4,14.13,45.63
"2022-10-29 04:25:00",199722,12.64,14.85,748.3,14.31,47.4
"2022-10-29 04:30:00",199723,12.64,14.82,748.3,13.92,47.57
"2022-10-29 04:35:00",199724,12.64,14.75,748.4,14.31,46.4
"2022-10-29 04:40:00",199725,12.64,14.74,748.4,14.06,48.8
"2022-10-29 04:45:00",199726,12.63,14.71,748.4,13.64,51.21
"2022-10-29 04:50:00",199727,12.63,14.64,748.5,13.49,50.69
"2022-10-29 04:55:00",199728,12.63,14.59,748.5,13.35,52.42
"2022-10-29 05:00:00",199729,12.63,14.44,748.6,13.08,53.99
"2022-10-29 05:05:00",199730,12.63,14.31,748.6,13.35,53.73
"2022-10-29 05:10:00",199731,12.63,14.23,748.6,13.48,53.56
"2022-10-29 05:15:00",199732,12.63,14.16,748.6,13.54,53.63
"2022-10-29 05:20:00",199733,12.62,14.12,748.6,13.51,53.63
"2022-10-29 05:25:00",199734,12.62,14.04,748.7,13.59,53.64
"2022-10-29 05:30:00",199735,12.62,13.97,748.8,13.52,53.63
"2022-10-29 05:35:00",199736,12.62,13.95,748.9,13.69,53.11
"2022-10-29 05:40:00",199737,12.62,13.98,748.8,13.72,52.41
"2022-10-29 05:45:00",199738,12.62,14.04,748.8,13.69,52.47
"2022-10-29 05:50:00",199739,12.63,14.07,748.8,13.69,52.07
"2022-10-29 05:55:00",199740,12.64,14.12,748.9,13.78,51.93
"2022-10-29 06:00:00",199741,12.66,14.15,748.9,13.55,52.42
"2022-10-29 06:05:00",199742,12.68,14.19,749,13.57,51.22
"2022-10-29 06:10:00",199743,12.7,14.26,749.1,13.64,50.8
"2022-10-29 06:15:00",199744,12.77,14.34,749.2,13.81,50.49
"2022-10-29 06:20:00",199745,12.87,14.48,749.2,13.93,51.77
"2022-10-29 06:25:00",199746,12.98,14.66,749.2,13.73,51.13
"2022-10-29 06:30:00",199747,13.09,14.94,749.3,13.91,50.54
"2022-10-29 06:35:00",199748,13.29,15.21,749.3,14.14,50.29
"2022-10-29 06:40:00",199749,13.47,15.6,749.4,14.43,48.82
"2022-10-29 06:45:00",199750,13.59,16.08,749.4,15.08,47.41
"2022-10-29 06:50:00",199751,13.65,16.59,749.5,15.55,47.22
"2022-10-29 06:55:00",199752,13.7,17.16,749.5,16.49,44.25
"2022-10-29 07:00:00",199753,13.78,17.82,749.7,16.87,43.03
"2022-10-29 07:05:00",199754,13.68,18.38,749.7,17.18,42.01
"2022-10-29 07:10:00",199755,13.76,19.64,749.7,18.12,40.45
"2022-10-29 07:15:00",199756,13.73,20.89,749.8,19.47,37.58
"2022-10-29 07:20:00",199757,13.73,21.73,749.8,19.06,42.22
"2022-10-29 07:25:00",199758,13.7,22.42,749.9,19.54,39.12
"2022-10-29 07:30:00",199759,13.67,23.06,749.9,19.62,39.19
"2022-10-29 07:35:00",199760,13.68,23.63,750,19.54,42.02
"2022-10-29 07:40:00",199761,13.68,24.14,750.1,19.88,39.61
"2022-10-29 07:45:00",199762,13.65,24.55,750.1,20.88,38.28
"2022-10-29 07:50:00",199763,13.65,25.06,750.1,20.03,40.21
"2022-10-29 07:55:00",199764,13.65,25.53,750.1,20.45,39.02
"2022-10-29 08:00:00",199765,13.63,25.95,750.1,20.92,39.07
"2022-10-29 08:05:00",199766,13.62,26.4,750.1,20.99,38.23
"2022-10-29 08:10:00",199767,13.6,26.75,750.2,20.86,38.02
"2022-10-29 08:15:00",199768,13.6,27.11,750.2,21.19,37.07
"2022-10-29 08:20:00",199769,13.6,27.5,750.2,21.94,35.83
"2022-10-29 08:25:00",199770,13.6,27.9,750.1,21.84,35.59
"2022-10-29 08:30:00",199771,13.57,28.27,750.1,22.16,33.73
"2022-10-29 08:35:00",199772,13.58,28.62,750.1,21.91,35.2
"2022-10-29 08:40:00",199773,13.55,28.93,750.1,22.05,33.66
"2022-10-29 08:45:00",199774,13.55,29.22,750.1,21.99,33.12
"2022-10-29 08:50:00",199775,13.55,29.47,750,22.47,32.29
"2022-10-29 08:55:00",199776,13.55,29.74,750,22.37,33.69
"2022-10-29 09:00:00",199777,13.55,30.06,750,23.32,31.64
"2022-10-29 09:05:00",199778,13.53,30.42,749.9,23.95,30.78
"2022-10-29 09:10:00",199779,13.53,30.78,749.9,23.71,29.52
"2022-10-29 09:15:00",199780,13.53,31.14,749.8,24.13,30.02
"2022-10-29 09:20:00",199781,13.53,31.52,749.8,23.1,30.34
"2022-10-29 09:25:00",199782,13.51,31.75,749.7,23.05,28.92
"2022-10-29 09:30:00",199783,13.51,31.96,749.7,23.58,27.04
"2022-10-29 09:35:00",199784,13.5,32.13,749.6,23.07,27.84
"2022-10-29 09:40:00",199785,13.51,32.25,749.6,23.4,28.21
"2022-10-29 09:45:00",199786,13.51,32.39,749.5,23.91,27.84
"2022-10-29 09:50:00",199787,13.48,32.6,749.5,23.82,28.51
"2022-10-29 09:55:00",199788,13.48,32.76,749.4,24.46,28.7
"2022-10-29 10:00:00",199789,13.48,32.93,749.3,22.82,30.25
"2022-10-29 10:05:00",199790,13.49,32.93,749.3,23.31,29.55
"2022-10-29 10:10:00",199791,13.48,33,749.2,24.18,28.47
"2022-10-29 10:15:00",199792,13.48,33.18,749.1,24.12,30.46
"2022-10-29 10:20:00",199793,13.49,33.37,749,25.01,27.04
"2022-10-29 10:25:00",199794,13.48,33.61,749,25.34,28.19
"2022-10-29 10:30:00",199795,13.46,33.85,748.9,26.57,25.79
"2022-10-29 10:35:00",199796,13.46,34.2,748.8,25.61,24.42
"2022-10-29 10:40:00",199797,13.46,34.37,748.7,24.12,25.27
"2022-10-29 10:45:00",199798,13.46,34.42,748.6,26.04,23.55
"2022-10-29 10:50:00",199799,13.46,34.51,748.5,25.72,24.15
"2022-10-29 10:55:00",199800,13.46,34.64,748.3,26.59,23.62
"2022-10-29 11:00:00",199801,13.44,34.87,748.2,26.43,26.81
"2022-10-29 11:05:00",199802,13.44,35.06,748.2,26.3,25.7
"2022-10-29 11:10:00",199803,13.44,35.24,748.1,26.83,23.26
"2022-10-29 11:15:00",199804,13.44,35.4,748,27.3,23.36
"2022-10-29 11:20:00",199805,13.44,35.62,747.8,27.88,20.33
"2022-10-29 11:25:00",199806,13.44,35.78,747.8,26.26,21.91
"2022-10-29 11:30:00",199807,13.44,35.76,747.7,26.48,21.95
"2022-10-29 11:35:00",199808,13.44,35.71,747.7,26.24,21.83
"2022-10-29 11:40:00",199809,13.44,35.67,747.6,26.88,21.25
"2022-10-29 11:45:00",199810,13.44,35.69,747.5,27.49,21.57
"2022-10-29 11:50:00",199811,13.44,35.79,747.4,27.62,20.25
"2022-10-29 11:55:00",199812,13.44,35.92,747.3,27.02,21.5
"2022-10-29 12:00:00",199813,13.42,35.8,747.2,27.11,21.75
"2022-10-29 12:05:00",199814,13.42,35.66,747.1,27.35,20.79
"2022-10-29 12:10:00",199815,13.42,35.58,747,27.85,21.69
"2022-10-29 12:15:00",199816,13.42,35.47,746.9,27.24,21.55
"2022-10-29 12:20:00",199817,13.42,35.27,746.6,26.79,22.22
"2022-10-29 12:25:00",199818,13.42,35.04,746.6,26.89,22.22
"2022-10-29 12:30:00",199819,13.42,34.75,746.5,26.97,21.39
"2022-10-29 12:35:00",199820,13.42,34.52,746.4,26.98,21.05
"2022-10-29 12:40:00",199821,13.42,34.38,746.3,28.36,20.57
"2022-10-29 12:45:00",199822,13.42,34.37,746.2,28.6,18.69
"2022-10-29 12:50:00",199823,13.42,34.44,746,27.96,19.36
"2022-10-29 12:55:00",199824,13.42,34.47,745.9,28.09,18.88
"2022-10-29 13:00:00",199825,13.42,34.44,745.8,28.16,18.32
"2022-10-29 13:05:00",199826,13.42,34.46,745.7,28.1,17.96
"2022-10-29 13:10:00",199827,13.42,34.41,745.6,27.77,19.49
"2022-10-29 13:15:00",199828,13.42,34.37,745.5,28.37,19.49
"2022-10-29 13:20:00",199829,13.42,34.4,745.4,28.44,18.54
"2022-10-29 13:25:00",199830,13.42,34.49,745.2,28.29,18.96
"2022-10-29 13:30:00",199831,13.42,34.6,745,28.84,18.5
"2022-10-29 13:35:00",199832,13.42,34.43,745,28.4,18.47
"2022-10-29 13:40:00",199833,13.42,34.43,744.8,29.23,19.85
"2022-10-29 13:45:00",199834,13.42,34.47,744.7,28.96,18.22
"2022-10-29 13:50:00",199835,13.42,34.46,744.7,28.44,22.32
"2022-10-29 13:55:00",199836,13.42,34.37,744.5,28.23,23.91
"2022-10-29 14:00:00",199837,13.42,34.24,744.4,28.68,22.55
"2022-10-29 14:05:00",199838,13.42,34.17,744.4,29.07,21.53
"2022-10-29 14:10:00",199839,13.42,34.2,744.3,29.25,20.28
"2022-10-29 14:15:00",199840,13.42,34.25,744.3,28.53,20.93
"2022-10-29 14:20:00",199841,13.42,34.27,744.1,28.98,21.34
"2022-10-29 14:25:00",199842,13.42,34.34,744,28.8,23.32
"2022-10-29 14:30:00",199843,13.42,34.4,743.8,28.76,23.39
"2022-10-29 14:35:00",199844,13.42,34.35,743.8,28.46,24.03
"2022-10-29 14:40:00",199845,13.42,34.27,743.7,28.23,23.91
"2022-10-29 14:45:00",199846,13.42,34.19,743.6,28.25,22.8
"2022-10-29 14:50:00",199847,13.42,34.05,743.5,28.12,23.31
"2022-10-29 14:55:00",199848,13.42,33.91,743.4,28.56,22.19
"2022-10-29 15:00:00",199849,13.42,33.9,743.3,28.68,21.47
"2022-10-29 15:05:00",199850,13.42,33.93,743.4,28.22,21.54
"2022-10-29 15:10:00",199851,13.42,33.93,743.3,28.5,21.42
"2022-10-29 15:15:00",199852,13.42,33.92,743.1,28.11,22.72
"2022-10-29 15:20:00",199853,13.42,33.87,743.1,28.25,21.34
"2022-10-29 15:25:00",199854,13.42,33.81,743,28.48,21.14
"2022-10-29 15:30:00",199855,13.42,33.7,743,27.9,21.38
"2022-10-29 15:35:00",199856,13.42,33.46,742.9,27.67,24.7
"2022-10-29 15:40:00",199857,13.42,33.16,743,27,25.68
"2022-10-29 15:45:00",199858,13.42,32.91,742.8,27.48,25
"2022-10-29 15:50:00",199859,13.42,32.83,742.8,27.94,24.51
"2022-10-29 15:55:00",199860,13.42,32.82,742.6,27.7,24.35
"2022-10-29 16:00:00",199861,13.42,32.64,742.7,27.04,26.51
"2022-10-29 16:05:00",199862,13.42,32.47,742.7,27.95,24.37
"2022-10-29 16:10:00",199863,13.42,32.49,742.5,28.02,24.03
"2022-10-29 16:15:00",199864,13.42,32.66,742.5,28.09,23.83
"2022-10-29 16:20:00",199865,13.43,32.83,742.6,27.8,23.67
"2022-10-29 16:25:00",199866,13.42,32.91,742.7,27.21,25.35
"2022-10-29 16:30:00",199867,13.42,32.92,742.5,27.3,26.74
"2022-10-29 16:35:00",199868,13.43,32.87,742.6,27.01,26.99
"2022-10-29 16:40:00",199869,13.43,32.74,742.6,27.16,26.49
"2022-10-29 16:45:00",199870,13.42,32.59,742.5,26.38,28.38
"2022-10-29 16:50:00",199871,13.42,32.33,742.4,26.52,28.18
"2022-10-29 16:55:00",199872,13.42,32.12,742.4,26.62,27.78
"2022-10-29 17:00:00",199873,13.45,31.98,742.4,26.61,27.92
"2022-10-29 17:05:00",199874,13.45,31.87,742.3,26.58,28.19
"2022-10-29 17:10:00",199875,13.45,31.74,742.5,26.15,28.63
"2022-10-29 17:15:00",199876,13.45,31.55,742.5,26.07,29.51
"2022-10-29 17:20:00",199877,13.45,31.4,742.5,25.86,30.17
"2022-10-29 17:25:00",199878,13.45,31.18,742.7,25.68,29.85
"2022-10-29 17:30:00",199879,13.47,30.78,742.7,25.54,30.28
"2022-10-29 17:35:00",199880,13.48,30.55,742.8,25.72,29.88
"2022-10-29 17:40:00",199881,13.47,30.42,742.8,25.85,30.37
"2022-10-29 17:45:00",199882,13.47,30.35,742.9,25.54,30.88
"2022-10-29 17:50:00",199883,13.47,30.24,743,25.53,31.09
"2022-10-29 17:55:00",199884,13.47,29.96,743.2,25.35,31.34
"2022-10-29 18:00:00",199885,13.51,29.51,743.3,25.04,32.02
"2022-10-29 18:05:00",199886,13.32,29.01,743.4,25.35,31.07
"2022-10-29 18:10:00",199887,13.17,28.64,743.5,24.91,31.3
"2022-10-29 18:15:00",199888,13.05,28.26,743.5,24.17,33.12
"2022-10-29 18:20:00",199889,12.98,27.81,743.5,23.39,35.57
"2022-10-29 18:25:00",199890,12.94,27.31,743.5,23.34,34.17
"2022-10-29 18:30:00",199891,12.91,26.85,743.5,23.96,32.36
"2022-10-29 18:35:00",199892,12.9,26.45,743.5,23.87,32.35
"2022-10-29 18:40:00",199893,12.89,26.08,743.5,23.66,33.27
"2022-10-29 18:45:00",199894,12.89,25.74,743.6,23.23,35.13
"2022-10-29 18:50:00",199895,12.88,25.4,743.7,22.75,36.3
"2022-10-29 18:55:00",199896,12.88,25.08,743.7,23.27,33.9
"2022-10-29 19:00:00",199897,12.88,24.84,743.8,23.2,35.42
"2022-10-29 19:05:00",199898,12.87,24.67,743.8,23.15,34.95
"2022-10-29 19:10:00",199899,12.87,24.51,743.8,23.08,35.34
"2022-10-29 19:15:00",199900,12.87,24.38,743.7,22.88,35.62
"2022-10-29 19:20:00",199901,12.86,24.22,743.8,22.68,36.33
"2022-10-29 19:25:00",199902,12.86,24.09,743.7,22.56,37.11
"2022-10-29 19:30:00",199903,12.86,23.98,744,22.49,37.33
"2022-10-29 19:35:00",199904,12.86,23.86,744.1,22.32,37.38
"2022-10-29 19:40:00",199905,12.86,23.72,744.1,22.15,38.08
"2022-10-29 19:45:00",199906,12.86,23.6,743.9,22.27,37.24
"2022-10-29 19:50:00",199907,12.85,23.49,744.1,22.31,36.65
"2022-10-29 19:55:00",199908,12.85,23.39,744.1,22.29,36.59
"2022-10-29 20:00:00",199909,12.85,23.31,744.3,22.19,36.78
"2022-10-29 20:05:00",199910,12.85,23.24,744.4,22.22,36.94
"2022-10-29 20:10:00",199911,12.85,23.15,744.5,22.07,37.49
"2022-10-29 20:15:00",199912,12.85,23.06,744.5,21.92,38.09
"2022-10-29 20:20:00",199913,12.85,22.96,744.6,21.72,38.66
"2022-10-29 20:25:00",199914,12.85,22.85,744.8,21.33,40.09
"2022-10-29 20:30:00",199915,12.83,22.93,744.9,21.31,39.63
"2022-10-29 20:35:00",199916,12.83,23,745.1,21.1,40.06
"2022-10-29 20:40:00",199917,12.83,22.83,745.2,21.06,40.25
"2022-10-29 20:45:00",199918,12.83,22.72,745.4,20.98,40.44
"2022-10-29 20:50:00",199919,12.83,22.61,745.5,21.49,38.67
"2022-10-29 20:55:00",199920,12.83,22.57,745.5,21.51,38.74
"2022-10-29 21:00:00",199921,12.83,22.53,745.6,21.06,40.71
"2022-10-29 21:05:00",199922,12.83,22.48,745.7,20.64,42.28
"2022-10-29 21:10:00",199923,12.83,22.36,745.8,20.66,42.09
"2022-10-29 21:15:00",199924,12.83,22.25,745.8,20.92,41.34
"2022-10-29 21:20:00",199925,12.82,22.19,746,21.04,40.51
"2022-10-29 21:25:00",199926,12.82,22.13,746,21.16,40.33
"2022-10-29 21:30:00",199927,12.82,22.09,746.1,20.89,41.21
"2022-10-29 21:35:00",199928,12.82,22.07,746.2,20.55,42.39
"2022-10-29 21:40:00",199929,12.82,21.97,746.2,20.42,42.96
"2022-10-29 21:45:00",199930,12.82,21.88,746.3,20.5,42.74
"2022-10-29 21:50:00",199931,12.82,21.81,746.3,20.67,42.31
"2022-10-29 21:55:00",199932,12.82,21.74,746.4,20.65,42.5
"2022-10-29 22:00:00",199933,12.82,21.69,746.5,20.43,43.38
"2022-10-29 22:05:00",199934,12.82,21.68,746.5,20.2,44.25
"2022-10-29 22:10:00",199935,12.81,21.6,746.5,20.13,44.53
"2022-10-29 22:15:00",199936,12.81,21.52,746.6,20.09,44.78
"2022-10-29 22:20:00",199937,12.81,21.43,746.6,20.12,44.59
"2022-10-29 22:25:00",199938,12.81,21.33,746.7,20.3,43.52
"2022-10-29 22:30:00",199939,12.81,21.27,746.7,20.65,42.02
"2022-10-29 22:35:00",199940,12.81,21.28,746.7,20.85,41.36
"2022-10-29 22:40:00",199941,12.81,21.31,746.7,20.74,41.42
"2022-10-29 22:45:00",199942,12.81,21.33,746.7,20.76,41.13
"2022-10-29 22:50:00",199943,12.81,21.36,746.7,20.84,40.97
"2022-10-29 22:55:00",199944,12.8,21.35,746.8,20.71,40.99
"2022-10-29 23:00:00",199945,12.8,21.35,746.8,20.52,41.62
"2022-10-29 23:05:00",199946,12.8,21.35,746.8,20.52,41.62
"2022-10-29 23:10:00",199947,12.8,21.33,746.7,20.54,41.81
"2022-10-29 23:15:00",199948,12.8,21.32,746.7,20.42,42.28
"2022-10-29 23:20:00",199949,12.8,21.28,746.7,20.26,42.52
"2022-10-29 23:25:00",199950,12.8,21.13,746.6,20.11,43.31
"2022-10-29 23:30:00",199951,12.8,21.04,746.6,19.98,43.74
"2022-10-29 23:35:00",199952,12.8,20.95,746.6,20,43.46
"2022-10-29 23:40:00",199953,12.8,20.86,746.6,20,43.49
"2022-10-29 23:45:00",199954,12.8,20.77,746.6,19.98,43.42
"2022-10-29 23:50:00",199955,12.8,20.7,746.7,19.68,44.6
"2022-10-29 23:55:00",199956,12.79,20.6,746.6,19.14,46.25
"2022-10-30 00:00:00",199957,12.79,20.47,746.5,18.8,47.16
"2022-10-30 00:05:00",199958,12.79,20.31,746.6,18.75,47.63
"2022-10-30 00:10:00",199959,12.79,20.14,746.6,18.73,47.84
"2022-10-30 00:15:00",199960,12.79,19.99,746.4,18.49,48
"2022-10-30 00:20:00",199961,12.79,19.86,746.3,18.71,47.53
"2022-10-30 00:25:00",199962,12.78,19.74,746.4,18.58,48.08
"2022-10-30 00:30:00",199963,12.78,19.64,746.4,18.55,48.39
"2022-10-30 00:35:00",199964,12.78,19.53,746.3,18.51,48.51
"2022-10-30 00:40:00",199965,12.78,19.44,746.3,18.55,48.42
"2022-10-30 00:45:00",199966,12.78,19.36,746.2,18.5,48.5
"2022-10-30 00:50:00",199967,12.78,19.26,746.3,18.36,48.71
"2022-10-30 00:55:00",199968,12.77,19.19,746.3,18.46,48.37
"2022-10-30 01:00:00",199969,12.77,19.09,746.3,18.46,48.47
"2022-10-30 01:05:00",199970,12.77,19,746.3,18.49,48.44
"2022-10-30 01:10:00",199971,12.77,18.92,746.2,18.28,49.23
"2022-10-30 01:15:00",199972,12.77,18.83,746.1,18.26,49.13
"2022-10-30 01:20:00",199973,12.77,18.76,746,18.14,49.8
"2022-10-30 01:25:00",199974,12.76,18.7,746,17.87,50.86
"2022-10-30 01:30:00",199975,12.76,18.63,745.9,17.69,51.67
"2022-10-30 01:35:00",199976,12.76,18.53,745.9,17.64,51.82
"2022-10-30 01:40:00",199977,12.76,18.45,745.9,17.69,51.98
"2022-10-30 01:45:00",199978,12.75,18.37,745.9,17.81,51.47
"2022-10-30 01:50:00",199979,12.75,18.33,745.8,17.73,51.21
"2022-10-30 01:55:00",199980,12.75,18.28,745.8,17.5,51.68
"2022-10-30 02:00:00",199981,12.75,18.22,745.8,17.29,52.42
"2022-10-30 02:05:00",199982,12.74,18.13,745.9,17.15,53.14
"2022-10-30 02:10:00",199983,12.74,18.06,745.8,16.53,57.36
"2022-10-30 02:15:00",199984,12.75,17.96,745.8,16.06,58.19
"2022-10-30 02:20:00",199985,12.75,17.79,745.7,16.02,58
"2022-10-30 02:25:00",199986,12.74,17.64,745.6,16.43,57.19
"2022-10-30 02:30:00",199987,12.74,17.52,745.6,16.53,57.08
"2022-10-30 02:35:00",199988,12.74,17.35,745.6,16.56,56.91
"2022-10-30 02:40:00",199989,12.74,17.25,745.6,16.57,56.88
"2022-10-30 02:45:00",199990,12.73,17.16,745.6,16.46,57.35
"2022-10-30 02:50:00",199991,12.73,17.05,745.6,16.45,57.35
"2022-10-30 02:55:00",199992,12.72,16.96,745.6,16.27,57.89
"2022-10-30 03:00:00",199993,12.72,16.88,745.6,16.07,58.58
"2022-10-30 03:05:00",199994,12.72,16.83,745.6,16.12,58.44
"2022-10-30 03:10:00",199995,12.71,16.77,745.6,15.91,58.41
"2022-10-30 03:15:00",199996,12.71,16.69,745.7,15.66,59.27
"2022-10-30 03:20:00",199997,12.71,16.62,745.6,15.98,57.39
"2022-10-30 03:25:00",199998,12.71,16.53,745.6,15.88,58.19
"2022-10-30 03:30:00",199999,12.71,16.44,745.6,15.7,58.04
"2022-10-30 03:35:00",200000,12.7,16.39,745.6,15.66,59.51
"2022-10-30 03:40:00",200001,12.7,16.29,745.6,15.52,61.02
"2022-10-30 03:45:00",200002,12.7,16.23,745.5,15.54,59.94
"2022-10-30 03:50:00",200003,12.7,16.17,745.6,15.44,60.82
"2022-10-30 03:55:00",200004,12.69,16.08,745.5,15.38,61.23
"2022-10-30 04:00:00",200005,12.69,16,745.6,15.12,62.61
"2022-10-30 04:05:00",200006,12.69,15.94,745.6,15.08,62.9
"2022-10-30 04:10:00",200007,12.69,15.83,745.6,15.01,62.92
"2022-10-30 04:15:00",200008,12.68,15.77,745.6,14.82,63.77
"2022-10-30 04:20:00",200009,12.68,15.65,745.6,14.63,64.3
"2022-10-30 04:25:00",200010,12.68,15.53,745.7,14.86,63.54
"2022-10-30 04:30:00",200011,12.68,15.44,745.7,14.93,63.11
"2022-10-30 04:35:00",200012,12.67,15.41,745.7,14.85,63.75
"2022-10-30 04:40:00",200013,12.67,15.34,745.7,14.96,63.18
"2022-10-30 04:45:00",200014,12.67,15.3,745.7,14.94,63.03
"2022-10-30 04:50:00",200015,12.67,15.25,745.8,14.76,64.5
"2022-10-30 04:55:00",200016,12.66,15.2,745.8,14.4,65.75
"2022-10-30 05:00:00",200017,12.66,15.13,745.8,13.95,67.85
"2022-10-30 05:05:00",200018,12.66,14.91,745.9,13.87,69.68
"2022-10-30 05:10:00",200019,12.66,14.77,746,13.92,69.57
"2022-10-30 05:15:00",200020,12.65,14.66,746.1,14.23,67.18
"2022-10-30 05:20:00",200021,12.65,14.62,746.2,14.03,66.85
"2022-10-30 05:25:00",200022,12.65,14.52,746.2,14.09,61.85
"2022-10-30 05:30:00",200023,12.65,14.53,746.3,14.01,61.54
"2022-10-30 05:35:00",200024,12.64,14.53,746.4,13.93,61.76
"2022-10-30 05:40:00",200025,12.64,14.55,746.4,14.01,61.45
"2022-10-30 05:45:00",200026,12.64,14.6,746.4,14.03,61.51
"2022-10-30 05:50:00",200027,12.64,14.63,746.5,13.88,62.28
"2022-10-30 05:55:00",200028,12.65,14.62,746.6,13.99,62.39
"2022-10-30 06:00:00",200029,12.67,14.64,746.6,13.87,63.05
"2022-10-30 06:05:00",200030,12.71,14.65,746.7,14.08,62.79
"2022-10-30 06:10:00",200031,12.75,14.72,746.8,14.36,61.74
"2022-10-30 06:15:00",200032,12.81,14.83,746.9,14.71,60.49
"2022-10-30 06:20:00",200033,12.89,15.01,746.9,15.05,59.53
"2022-10-30 06:25:00",200034,13,15.27,747,15.6,57.94
"2022-10-30 06:30:00",200035,13.15,15.58,747.1,15.91,56.84
"2022-10-30 06:35:00",200036,13.32,15.98,747.1,16.44,55.85
"2022-10-30 06:40:00",200037,13.45,16.45,747.1,17.17,53.7
"2022-10-30 06:45:00",200038,13.55,16.98,747.3,17.41,53.39
"2022-10-30 06:50:00",200039,13.63,17.52,747.4,17.77,54.06
"2022-10-30 06:55:00",200040,13.71,18.12,747.4,17.67,54.66
"2022-10-30 07:00:00",200041,13.81,18.69,747.4,17.99,52.24
"2022-10-30 07:05:00",200042,13.88,19.71,747.5,18.86,50.56
"2022-10-30 07:10:00",200043,13.76,21.01,747.5,18.57,51.14
"2022-10-30 07:15:00",200044,13.73,21.73,747.6,18.33,51.61
"2022-10-30 07:20:00",200045,13.7,22.33,747.6,19.22,49.26
"2022-10-30 07:25:00",200046,13.7,22.9,747.7,19.48,47.4
"2022-10-30 07:30:00",200047,13.68,23.44,747.8,19.8,47.19
"2022-10-30 07:35:00",200048,13.68,23.96,747.8,20.52,45.82
"2022-10-30 07:40:00",200049,13.68,24.51,747.9,20.28,47.28
"2022-10-30 07:45:00",200050,13.65,24.98,747.9,20.12,48.18
"2022-10-30 07:50:00",200051,13.65,25.37,747.9,20.43,48
"2022-10-30 07:55:00",200052,13.62,25.75,747.9,20.83,46.14
"2022-10-30 08:00:00",200053,13.62,26.14,748,20.55,46.36
"2022-10-30 08:05:00",200054,13.63,26.5,747.9,20.65,45.93
"2022-10-30 08:10:00",200055,13.6,26.79,747.9,20.72,46
"2022-10-30 08:15:00",200056,13.6,27.04,747.9,20.76,44.25
"2022-10-30 08:20:00",200057,13.6,27.34,747.9,21.8,43.41
"2022-10-30 08:25:00",200058,13.6,27.71,747.9,22,40.81
"2022-10-30 08:30:00",200059,13.57,28.07,747.9,21.7,42.14
"2022-10-30 08:35:00",200060,13.57,28.43,747.9,22.46,40.92
"2022-10-30 08:40:00",200061,13.57,28.83,747.9,22.48,40.41
"2022-10-30 08:45:00",200062,13.55,29.22,747.8,23.06,38.11
"2022-10-30 08:50:00",200063,13.55,29.6,747.8,22.31,38.36
"2022-10-30 08:55:00",200064,13.55,29.94,747.8,22.57,37.54
"2022-10-30 09:00:00",200065,13.55,30.28,747.7,22.43,36.77
"2022-10-30 09:05:00",200066,13.53,30.54,747.7,22.67,37.68
"2022-10-30 09:10:00",200067,13.53,30.8,747.8,23.56,34.99
"2022-10-30 09:15:00",200068,13.53,31.13,747.7,23.48,34.62
"2022-10-30 09:20:00",200069,13.51,31.48,747.7,23.47,35.71
"2022-10-30 09:25:00",200070,13.51,31.76,747.6,23.66,33.4
"2022-10-30 09:30:00",200071,13.51,32,747.6,23.37,32.61
"2022-10-30 09:35:00",200072,13.51,32.23,747.5,23.53,32.36
"2022-10-30 09:40:00",200073,13.51,32.41,747.5,24.25,31.58
"2022-10-30 09:45:00",200074,13.49,32.61,747.5,24.19,29.49
"2022-10-30 09:50:00",200075,13.48,32.81,747.4,24.64,28.31
"2022-10-30 09:55:00",200076,13.49,33.03,747.4,24.43,25.22
"2022-10-30 10:00:00",200077,13.49,33.22,747.3,24.51,24.75
"2022-10-30 10:05:00",200078,13.49,33.48,747.3,25.76,21.73
"2022-10-30 10:10:00",200079,13.46,33.78,747.2,25.33,22.95
"2022-10-30 10:15:00",200080,13.46,33.99,747.2,24.92,22.1
"2022-10-30 10:20:00",200081,13.46,34.12,747,24.83,23.06
"2022-10-30 10:25:00",200082,13.46,34.25,746.9,25.87,20.28
"2022-10-30 10:30:00",200083,13.46,34.41,746.9,25.75,22.56
"2022-10-30 10:35:00",200084,13.46,34.48,746.8,25.89,21.5
"2022-10-30 10:40:00",200085,13.46,34.63,746.7,26.02,21.44
"2022-10-30 10:45:00",200086,13.46,34.81,746.6,25.92,21.95
"2022-10-30 10:50:00",200087,13.44,35,746.5,26.82,21.04
"2022-10-30 10:55:00",200088,13.44,35.21,746.4,25.68,21.9
"2022-10-30 11:00:00",200089,13.44,35.32,746.3,26.64,20.78
"2022-10-30 11:05:00",200090,13.44,35.5,746.2,28.02,20.13
"2022-10-30 11:10:00",200091,13.44,35.72,746.2,26.95,20.7
"2022-10-30 11:15:00",200092,13.44,35.84,746.1,27.18,19.17
"2022-10-30 11:20:00",200093,13.42,36.04,746,27.83,18.93
"2022-10-30 11:25:00",200094,13.42,36.19,745.9,26.75,19.22
"2022-10-30 11:30:00",200095,13.42,36.23,745.9,26.79,19.57
"2022-10-30 11:35:00",200096,13.42,36.25,745.8,26.94,18.18
"2022-10-30 11:40:00",200097,13.42,36.17,745.6,26.62,17.67
"2022-10-30 11:45:00",200098,13.42,36.03,745.6,27.33,14.71
"2022-10-30 11:50:00",200099,13.42,35.89,745.5,27.26,14.32
"2022-10-30 11:55:00",200100,13.42,35.82,745.4,28.15,13.37
"2022-10-30 12:00:00",200101,13.42,35.9,745.4,28.9,12.54
"2022-10-30 12:05:00",200102,13.42,36.03,745.2,28.38,13.16
"2022-10-30 12:10:00",200103,13.42,36.15,745.1,28.51,13.1
"2022-10-30 12:15:00",200104,13.42,36.16,745,28.52,14.52
"2022-10-30 12:20:00",200105,13.42,36.11,744.9,28.05,13.86
"2022-10-30 12:25:00",200106,13.42,36.05,744.8,28.1,14.29
"2022-10-30 12:30:00",200107,13.42,35.91,744.7,28.48,14.45
"2022-10-30 12:35:00",200108,13.42,35.85,744.6,28.32,15.65
"2022-10-30 12:40:00",200109,13.42,35.8,744.5,29.62,15.92
"2022-10-30 12:45:00",200110,13.42,35.88,744.4,29.95,13.23
"2022-10-30 12:50:00",200111,13.42,36.01,744.2,29.16,14.05
"2022-10-30 12:55:00",200112,13.42,36.07,744.1,29.11,13.84
"2022-10-30 13:00:00",200113,13.42,36.08,744,28.81,14.11
"2022-10-30 13:05:00",200114,13.42,36,743.9,28.81,14.18
"2022-10-30 13:10:00",200115,13.42,35.92,743.8,28.66,14.24
"2022-10-30 13:15:00",200116,13.42,35.8,743.7,27.88,15.06
"2022-10-30 13:20:00",200117,13.42,35.6,743.7,29.07,13.62
"2022-10-30 13:25:00",200118,13.42,35.54,743.6,29.52,13.75
"2022-10-30 13:30:00",200119,13.42,35.57,743.4,29.73,13.51
"2022-10-30 13:35:00",200120,13.42,35.66,743.3,29.76,13.36
"2022-10-30 13:40:00",200121,13.42,35.79,743.2,30.24,12.53
"2022-10-30 13:45:00",200122,13.42,36.02,743.1,31.76,12.16
"2022-10-30 13:50:00",200123,13.42,36.33,743,31.32,12.1
"2022-10-30 13:55:00",200124,13.42,36.64,742.9,31.05,12.2
"2022-10-30 14:00:00",200125,13.42,36.84,742.7,29.65,13.36
"2022-10-30 14:05:00",200126,13.42,36.92,742.7,30.18,12.24
"2022-10-30 14:10:00",200127,13.4,36.95,742.6,30.25,12.35
"2022-10-30 14:15:00",200128,13.4,36.98,742.5,31.08,11.91
"2022-10-30 14:20:00",200129,13.4,37.13,742.4,31.4,12.5
"2022-10-30 14:25:00",200130,13.4,37.31,742.3,30.94,11.26
"2022-10-30 14:30:00",200131,13.4,37.38,742.2,30.6,11.46
"2022-10-30 14:35:00",200132,13.4,37.48,742.2,30.78,11.18
"2022-10-30 14:40:00",200133,13.4,37.47,742,29.46,12.14
"2022-10-30 14:45:00",200134,13.4,37.34,742,30.03,10.87
"2022-10-30 14:50:00",200135,13.4,37.22,741.9,31.06,11.05
"2022-10-30 14:55:00",200136,13.4,37.29,741.9,31.28,9.54
"2022-10-30 15:00:00",200137,13.4,37.47,741.8,31.17,10.11
"2022-10-30 15:05:00",200138,13.4,37.75,741.8,30.75,11.11
"2022-10-30 15:10:00",200139,13.4,37.97,741.8,31.48,10.27
"2022-10-30 15:15:00",200140,13.4,38.19,741.7,31.59,9.98
"2022-10-30 15:20:00",200141,13.38,38.39,741.7,31.67,9.55
"2022-10-30 15:25:00",200142,13.38,38.49,741.6,31.02,9.75
"2022-10-30 15:30:00",200143,13.38,38.52,741.5,31.06,10.4
"2022-10-30 15:35:00",200144,13.38,38.53,741.5,31.8,10.14
"2022-10-30 15:40:00",200145,13.38,38.48,741.5,30.7,10.39
"2022-10-30 15:45:00",200146,13.38,38.24,741.4,29.81,19.82
"2022-10-30 15:50:00",200147,13.38,37.79,741.3,29.06,23.27
"2022-10-30 15:55:00",200148,13.38,37.13,741.3,28.48,21.91
"2022-10-30 16:00:00",200149,13.38,36.33,741.3,28.28,22.87
"2022-10-30 16:05:00",200150,13.38,35.61,741.4,27.56,25.31
"2022-10-30 16:10:00",200151,13.38,34.91,741.2,27.61,25.31
"2022-10-30 16:15:00",200152,13.4,34.34,741.2,27.33,25.5
"2022-10-30 16:20:00",200153,13.4,33.92,741.2,28.03,24.65
"2022-10-30 16:25:00",200154,13.43,33.78,741.2,28.28,25.05
"2022-10-30 16:30:00",200155,13.43,33.73,741.2,27.82,25.81
"2022-10-30 16:35:00",200156,13.42,33.6,741.3,27.75,25.26
"2022-10-30 16:40:00",200157,13.43,33.45,741.3,27.86,24.37
"2022-10-30 16:45:00",200158,13.43,33.37,741.4,28.26,23.08
"2022-10-30 16:50:00",200159,13.42,33.34,741.3,27.93,23.26
"2022-10-30 16:55:00",200160,13.42,33.33,741.2,28.18,23.83
"2022-10-30 17:00:00",200161,13.42,33.28,741.2,28.06,22.51
"2022-10-30 17:05:00",200162,13.42,33.21,741.3,27.98,21.74
"2022-10-30 17:10:00",200163,13.4,32.84,741.3,27.82,22
"2022-10-30 17:15:00",200164,13.41,32.28,741.4,27.74,23.04
"2022-10-30 17:20:00",200165,13.41,31.81,741.3,27.58,23.24
"2022-10-30 17:25:00",200166,13.42,31.43,741.3,27.3,24.64
"2022-10-30 17:30:00",200167,13.5,31.2,741.4,27.13,25.07
"2022-10-30 17:35:00",200168,13.51,31.12,741.4,27.23,25.18
"2022-10-30 17:40:00",200169,13.49,31.09,741.4,27.23,25.43
"2022-10-30 17:45:00",200170,13.41,30.86,741.5,26.94,25.54
"2022-10-30 17:50:00",200171,13.33,30.67,741.5,26.82,26.36
"2022-10-30 17:55:00",200172,13.25,30.51,741.5,26.64,26.28
"2022-10-30 18:00:00",200173,13.17,30.33,741.6,26.51,26.92
"2022-10-30 18:05:00",200174,13.09,30.09,741.6,26.22,28.46
"2022-10-30 18:10:00",200175,13.02,29.81,741.7,25.91,29.12
"2022-10-30 18:15:00",200176,12.97,29.47,741.8,25.68,29.68
"2022-10-30 18:20:00",200177,12.93,29.12,741.8,25.44,30.23
"2022-10-30 18:25:00",200178,12.91,28.79,741.8,25.26,30.59
"2022-10-30 18:30:00",200179,12.89,28.46,741.9,25.16,30.78
"2022-10-30 18:35:00",200180,12.88,28.13,742,25.06,30.84
"2022-10-30 18:40:00",200181,12.87,27.8,742.1,24.83,31.6
"2022-10-30 18:45:00",200182,12.87,27.49,742.3,24.77,31.02
"2022-10-30 18:50:00",200183,12.87,27.2,742.5,24.76,30.45
"2022-10-30 18:55:00",200184,12.87,26.85,742.5,24.86,28.32
"2022-10-30 19:00:00",200185,12.86,26.57,742.6,24.58,31.07
"2022-10-30 19:05:00",200186,12.86,26.35,742.7,24.04,33.51
"2022-10-30 19:10:00",200187,12.86,26.15,742.8,23.87,34.22
"2022-10-30 19:15:00",200188,12.86,25.96,742.9,23.85,33.89
"2022-10-30 19:20:00",200189,12.86,25.78,743,23.82,34.15
"2022-10-30 19:25:00",200190,12.85,25.62,743.1,23.94,33.36
"2022-10-30 19:30:00",200191,12.85,25.52,743.2,23.93,33.76
"2022-10-30 19:35:00",200192,12.85,25.42,743.5,23.87,33.69
"2022-10-30 19:40:00",200193,12.85,25.33,743.6,23.68,33.87
"2022-10-30 19:45:00",200194,12.85,25.24,743.6,23.8,33.05
"2022-10-30 19:50:00",200195,12.85,25.16,743.7,23.64,33.97
"2022-10-30 19:55:00",200196,12.85,25.05,743.9,23.42,34.11
"2022-10-30 20:00:00",200197,12.85,24.92,744,23.31,34.3
"2022-10-30 20:05:00",200198,12.84,24.76,744.1,23.08,33.35
"2022-10-30 20:10:00",200199,12.84,24.59,744.2,22.82,33.66
"2022-10-30 20:15:00",200200,12.84,24.45,744.3,22.41,35.08
"2022-10-30 20:20:00",200201,12.84,24.26,744.4,22.13,35.19
"2022-10-30 20:25:00",200202,12.84,24.1,744.5,22.43,33.66
"2022-10-30 20:30:00",200203,12.84,23.95,744.6,22.41,34.32
"2022-10-30 20:35:00",200204,12.84,23.82,744.7,22.28,34.54
"2022-10-30 20:40:00",200205,12.83,23.74,744.8,22.17,34.93
"2022-10-30 20:45:00",200206,12.83,23.65,744.9,22.09,35.54
"2022-10-30 20:50:00",200207,12.83,23.56,745,21.87,36.54
"2022-10-30 20:55:00",200208,12.83,23.49,745.1,22,36.56
"2022-10-30 21:00:00",200209,12.83,23.43,745.2,22.01,36.53
"2022-10-30 21:05:00",200210,12.83,23.36,745.3,21.9,36.88
"2022-10-30 21:10:00",200211,12.83,23.3,745.3,21.86,37.13
"2022-10-30 21:15:00",200212,12.82,23.26,745.4,21.73,37.84
"2022-10-30 21:20:00",200213,12.82,23.18,745.4,21.6,38.16
"2022-10-30 21:25:00",200214,12.82,23.09,745.5,21.66,37.84
"2022-10-30 21:30:00",200215,12.82,23.02,745.7,21.77,37.52
"2022-10-30 21:35:00",200216,12.82,22.94,745.8,21.82,37.26
"2022-10-30 21:40:00",200217,12.82,22.91,745.8,21.84,37.36
"2022-10-30 21:45:00",200218,12.82,22.8,745.8,21.89,37.24
"2022-10-30 21:50:00",200219,12.82,22.75,745.8,22.01,37.09
"2022-10-30 21:55:00",200220,12.82,22.74,745.9,21.98,37.34
"2022-10-30 22:00:00",200221,12.81,22.73,746,21.85,37.89
"2022-10-30 22:05:00",200222,12.81,22.7,746,21.73,38.11
"2022-10-30 22:10:00",200223,12.81,22.62,746.2,21.64,38.36
"2022-10-30 22:15:00",200224,12.81,22.54,746.3,21.61,38.65
"2022-10-30 22:20:00",200225,12.81,22.44,746.3,21.55,38.94
"2022-10-30 22:25:00",200226,12.81,22.35,746.3,21.55,39
"2022-10-30 22:30:00",200227,12.81,22.27,746.4,21.46,39.35
"2022-10-30 22:35:00",200228,12.8,22.18,746.4,21.05,40.25
"2022-10-30 22:40:00",200229,12.81,22.03,746.5,20.49,41.84
"2022-10-30 22:45:00",200230,12.8,21.89,746.5,20.23,42.62
"2022-10-30 22:50:00",200231,12.8,21.74,746.5,20.13,43.12
"2022-10-30 22:55:00",200232,12.8,21.54,746.5,19.9,43.89
"2022-10-30 23:00:00",200233,12.8,21.4,746.5,19.69,44.47
"2022-10-30 23:05:00",200234,12.8,21.23,746.6,19.73,44.45
"2022-10-30 23:10:00",200235,12.8,21.08,746.6,19.76,43.78
"2022-10-30 23:15:00",200236,12.8,20.94,746.7,19.72,43.9
"2022-10-30 23:20:00",200237,12.79,20.81,746.7,20.12,42.96
"2022-10-30 23:25:00",200238,12.79,20.71,746.8,20.26,42.07
"2022-10-30 23:30:00",200239,12.79,20.65,746.8,20.19,42.74
"2022-10-30 23:35:00",200240,12.79,20.57,746.7,19.96,43.23
"2022-10-30 23:40:00",200241,12.79,20.49,746.7,19.86,43.28
"2022-10-30 23:45:00",200242,12.79,20.4,746.7,20,42.94
"2022-10-30 23:50:00",200243,12.79,20.34,746.7,20.1,43.05
"2022-10-30 23:55:00",200244,12.79,20.28,746.7,19.09,48.49
"2022-10-31 00:00:00",200245,12.78,20.19,746.7,18.19,49.91
"2022-10-31 00:05:00",200246,12.78,20.08,746.7,18.67,47.46
"2022-10-31 00:10:00",200247,12.78,19.97,746.6,18.91,47.3
"2022-10-31 00:15:00",200248,12.78,19.89,746.6,18.81,47.6
"2022-10-31 00:20:00",200249,12.78,19.81,746.6,18.29,49.48
"2022-10-31 00:25:00",200250,12.78,19.68,746.5,18.29,49.01
"2022-10-31 00:30:00",200251,12.78,19.45,746.5,18.41,48.75
"2022-10-31 00:35:00",200252,12.78,19.3,746.5,17.97,50.5
"2022-10-31 00:40:00",200253,12.78,19.15,746.6,17.72,51.03
"2022-10-31 00:45:00",200254,12.77,19.02,746.5,18.01,50.32
"2022-10-31 00:50:00",200255,12.77,18.85,746.6,17.91,50.65
"2022-10-31 00:55:00",200256,12.77,18.73,746.5,17.53,52.02
"2022-10-31 01:00:00",200257,12.77,18.6,746.5,17.73,51.49
"2022-10-31 01:05:00",200258,12.76,18.5,746.5,17.93,50.93
"2022-10-31 01:10:00",200259,12.76,18.42,746.6,18.29,49.48
"2022-10-31 01:15:00",200260,12.76,18.42,746.5,18.78,47.41
"2022-10-31 01:20:00",200261,12.76,18.53,746.5,18.8,47.22
"2022-10-31 01:25:00",200262,12.76,18.59,746.5,18.56,47.95
"2022-10-31 01:30:00",200263,12.76,18.65,746.5,18.07,49.7
"2022-10-31 01:35:00",200264,12.75,18.65,746.5,17.65,51.29
"2022-10-31 01:40:00",200265,12.75,18.55,746.5,17.43,52.19
"2022-10-31 01:45:00",200266,12.75,18.42,746.6,17.17,53.14
"2022-10-31 01:50:00",200267,12.75,18.28,746.6,16.91,53.75
"2022-10-31 01:55:00",200268,12.75,18.13,746.7,16.67,54.82
"2022-10-31 02:00:00",200269,12.74,17.99,746.7,17.38,51.85
"2022-10-31 02:05:00",200270,12.74,17.89,746.8,17.03,54.17
"2022-10-31 02:10:00",200271,12.74,17.78,746.8,16.26,56.92
"2022-10-31 02:15:00",200272,12.74,17.66,746.8,16.24,56.77
"2022-10-31 02:20:00",200273,12.73,17.57,746.8,16.02,57.4
"2022-10-31 02:25:00",200274,12.73,17.43,746.8,15.88,57.44
"2022-10-31 02:30:00",200275,12.73,17.3,746.7,15.8,57.79
"2022-10-31 02:35:00",200276,12.73,17.19,746.7,15.95,55.78
"2022-10-31 02:40:00",200277,12.72,17.1,746.7,15.85,56.89
"2022-10-31 02:45:00",200278,12.72,16.99,746.8,16.08,55.68
"2022-10-31 02:50:00",200279,12.72,16.97,746.8,16.19,54.81
"2022-10-31 02:55:00",200280,12.72,16.95,746.8,16.13,54.9
"2022-10-31 03:00:00",200281,12.71,16.93,746.9,16.01,55.18
"2022-10-31 03:05:00",200282,12.71,16.93,746.9,15.9,54.77
"2022-10-31 03:10:00",200283,12.71,16.92,746.9,15.72,55.41
"2022-10-31 03:15:00",200284,12.71,16.88,747,15.66,55.19
"2022-10-31 03:20:00",200285,12.7,16.76,747,15.64,55.19
"2022-10-31 03:25:00",200286,12.7,16.7,747,15.64,55.16
"2022-10-31 03:30:00",200287,12.71,16.63,747.1,15.64,54.67
"2022-10-31 03:35:00",200288,12.71,16.32,747.1,15.5,55.29
"2022-10-31 03:40:00",200289,12.7,16.19,747.2,15.48,55.62
"2022-10-31 03:45:00",200290,12.7,16.1,747.2,15.42,55.83
"2022-10-31 03:50:00",200291,12.7,16.02,747.2,15.32,56.02
"2022-10-31 03:55:00",200292,12.7,15.91,747.3,15.39,55.3
"2022-10-31 04:00:00",200293,12.7,15.82,747.3,15.5,54.53
"2022-10-31 04:05:00",200294,12.69,15.76,747.5,15.55,53.71
"2022-10-31 04:10:00",200295,12.69,15.72,747.5,15.48,54.13
"2022-10-31 04:15:00",200296,12.69,15.7,747.6,15.3,55.26
"2022-10-31 04:20:00",200297,12.69,15.58,747.7,15.22,55.76
"2022-10-31 04:25:00",200298,12.68,15.53,747.7,15.32,55.2
"2022-10-31 04:30:00",200299,12.68,15.49,747.7,15.2,55.64
"2022-10-31 04:35:00",200300,12.68,15.45,747.7,15.06,56.1
"2022-10-31 04:40:00",200301,12.68,15.36,747.8,15.05,55.68
"2022-10-31 04:45:00",200302,12.67,15.31,747.9,15.1,55.35
"2022-10-31 04:50:00",200303,12.67,15.24,748,15.06,54.95
"2022-10-31 04:55:00",200304,12.67,15.17,747.9,14.86,56.74
"2022-10-31 05:00:00",200305,12.67,15.1,748,14.89,55.96
"2022-10-31 05:05:00",200306,12.66,15.04,748,15.02,54.79
"2022-10-31 05:10:00",200307,12.66,14.98,748.2,15.16,54.02
"2022-10-31 05:15:00",200308,12.66,14.96,748.3,15.02,54.52
"2022-10-31 05:20:00",200309,12.65,14.92,748.3,14.63,57.7
"2022-10-31 05:25:00",200310,12.65,14.85,748.4,13.87,62.08
"2022-10-31 05:30:00",200311,12.65,14.74,748.4,13.6,62.71
"2022-10-31 05:35:00",200312,12.65,14.6,748.4,13.93,59.77
"2022-10-31 05:40:00",200313,12.65,14.5,748.5,14.29,59.17
"2022-10-31 05:45:00",200314,12.64,14.45,748.5,14.07,60.3
"2022-10-31 05:50:00",200315,12.64,14.37,748.6,13.89,61.13
"2022-10-31 05:55:00",200316,12.65,14.29,748.7,14.01,60.38
"2022-10-31 06:00:00",200317,12.65,14.22,748.9,14.33,58.64
"2022-10-31 06:05:00",200318,12.65,14.19,749,14.54,58.98
"2022-10-31 06:10:00",200319,12.66,14.19,749.1,14.69,58.7
"2022-10-31 06:15:00",200320,12.65,14.21,749.1,14.31,60.19
"2022-10-31 06:20:00",200321,12.67,14.25,749.2,14.32,58.94
"2022-10-31 06:25:00",200322,12.7,14.35,749.3,14.17,61.06
"2022-10-31 06:30:00",200323,12.77,14.46,749.3,14.22,60.89
"2022-10-31 06:35:00",200324,12.87,14.62,749.3,14.46,60.28
"2022-10-31 06:40:00",200325,12.98,14.79,749.4,14.83,59.71
"2022-10-31 06:45:00",200326,13.22,15.04,749.5,15.12,58.77
"2022-10-31 06:50:00",200327,13.55,15.44,749.5,15.76,54.47
"2022-10-31 06:55:00",200328,13.68,15.87,749.5,16.37,53.52
"2022-10-31 07:00:00",200329,13.78,16.48,749.6,17.61,52.03
"2022-10-31 07:05:00",200330,13.77,17.06,749.6,18.81,47.03
"2022-10-31 07:10:00",200331,13.73,17.81,749.7,18.79,46.33
"2022-10-31 07:15:00",200332,13.71,18.42,749.8,19.32,44.02
"2022-10-31 07:20:00",200333,13.77,19.45,749.8,19.36,44.24
"2022-10-31 07:25:00",200334,13.76,20.67,749.8,18.71,47.96
"2022-10-31 07:30:00",200335,13.73,21.49,749.7,18.25,50.22
"2022-10-31 07:35:00",200336,13.7,22.11,749.7,17.5,50.62
"2022-10-31 07:40:00",200337,13.7,22.63,749.7,18.38,49.52
"2022-10-31 07:45:00",200338,13.68,23.13,749.7,19.32,48.11
"2022-10-31 07:50:00",200339,13.68,23.68,749.8,20.46,43.67
"2022-10-31 07:55:00",200340,13.68,24.31,749.8,21.95,39.86
"2022-10-31 08:00:00",200341,13.65,24.95,749.8,21.83,40.72
"2022-10-31 08:05:00",200342,13.63,25.64,749.7,22.64,38.86
"2022-10-31 08:10:00",200343,13.62,26.27,749.6,22.6,38.33
"2022-10-31 08:15:00",200344,13.6,26.83,749.6,21.95,39.96
"2022-10-31 08:20:00",200345,13.6,27.37,749.6,23.42,37.16
"2022-10-31 08:25:00",200346,13.6,27.97,749.5,24.05,35.44
"2022-10-31 08:30:00",200347,13.58,28.61,749.5,24.08,35.51
"2022-10-31 08:35:00",200348,13.55,29.17,749.5,24.09,35.38
"2022-10-31 08:40:00",200349,13.55,29.68,749.4,23.11,37
"2022-10-31 08:45:00",200350,13.55,29.99,749.4,21.97,39.05
"2022-10-31 08:50:00",200351,13.55,30.13,749.3,23.25,36.12
"2022-10-31 08:55:00",200352,13.55,30.34,749.3,23.25,34.63
"2022-10-31 09:00:00",200353,13.53,30.58,749.2,23.15,35.35
"2022-10-31 09:05:00",200354,13.53,30.79,749.1,23.72,34.31
"2022-10-31 09:10:00",200355,13.53,31.06,749.1,25.26,32.27
"2022-10-31 09:15:00",200356,13.53,31.42,749.1,25.31,32.35
"2022-10-31 09:20:00",200357,13.51,31.9,749.1,24.1,33.44
"2022-10-31 09:25:00",200358,13.5,32.41,749,24.97,31.24
"2022-10-31 09:30:00",200359,13.51,32.81,749,24.38,33.13
"2022-10-31 09:35:00",200360,13.48,33.05,748.9,24.18,33.19
"2022-10-31 09:40:00",200361,13.48,33.21,748.8,23.38,34.11
"2022-10-31 09:45:00",200362,13.48,33.21,748.7,23.68,33.74
"2022-10-31 09:50:00",200363,13.48,33.18,748.7,23.01,34.81
"2022-10-31 09:55:00",200364,13.48,33.24,748.7,24.07,32.14
"2022-10-31 10:00:00",200365,13.48,33.38,748.6,24.41,30.32
"2022-10-31 10:05:00",200366,13.48,33.56,748.6,25.5,28.78
"2022-10-31 10:10:00",200367,13.48,33.79,748.5,25.32,29.11
"2022-10-31 10:15:00",200368,13.46,34,748.3,23.7,32.34
"2022-10-31 10:20:00",200369,13.46,34.07,748.2,23.45,32.92
"2022-10-31 10:25:00",200370,13.46,34.03,748.1,24.7,29.87
"2022-10-31 10:30:00",200371,13.46,34.13,748,25.77,28.53
"2022-10-31 10:35:00",200372,13.46,34.31,747.9,25.53,27.97
"2022-10-31 10:40:00",200373,13.46,34.43,747.8,25.06,28.44
"2022-10-31 10:45:00",200374,13.46,34.44,747.7,25.2,28.21
"2022-10-31 10:50:00",200375,13.46,34.5,747.6,26.2,27.95
"2022-10-31 10:55:00",200376,13.46,34.62,747.4,25.82,28.71
"2022-10-31 11:00:00",200377,13.46,34.74,747.2,26.11,28.22
"2022-10-31 11:05:00",200378,13.47,34.86,747.1,25.99,28
"2022-10-31 11:10:00",200379,13.44,34.88,747.1,25.58,29.77
"2022-10-31 11:15:00",200380,13.44,34.89,747,26.03,28.69
"2022-10-31 11:20:00",200381,13.44,34.99,746.8,27.19,26.93
"2022-10-31 11:25:00",200382,13.44,35.13,746.7,26.29,28.64
"2022-10-31 11:30:00",200383,13.44,35.15,746.6,26.18,28.09
"2022-10-31 11:35:00",200384,13.44,35.17,746.6,27.52,27.27
"2022-10-31 11:40:00",200385,13.44,35.22,746.5,26.34,28.03
"2022-10-31 11:45:00",200386,13.44,35.06,746.4,26.59,27.64
"2022-10-31 11:50:00",200387,13.44,34.89,746.2,25.76,28.19
"2022-10-31 11:55:00",200388,13.44,34.78,746.1,26.98,28.35
"2022-10-31 12:00:00",200389,13.44,34.86,745.9,27.46,26.89
"2022-10-31 12:05:00",200390,13.44,34.94,745.8,27.37,26.12
"2022-10-31 12:10:00",200391,13.44,35.03,745.7,27.54,26.34
"2022-10-31 12:15:00",200392,13.44,35.07,745.6,26.95,26.02
"2022-10-31 12:20:00",200393,13.45,35.04,745.5,27.3,24.88
"2022-10-31 12:25:00",200394,13.44,35.01,745.4,26.84,24.09
"2022-10-31 12:30:00",200395,13.44,34.88,745.4,27.1,24.66
"2022-10-31 12:35:00",200396,13.44,34.65,745.3,26.41,23.23
"2022-10-31 12:40:00",200397,13.44,34.45,745.1,28.28,22.8
"2022-10-31 12:45:00",200398,13.44,34.46,745,30.25,21.07
"2022-10-31 12:50:00",200399,13.44,34.72,744.8,29.53,21.1
"2022-10-31 12:55:00",200400,13.44,34.99,744.7,28.97,22.64
"2022-10-31 13:00:00",200401,13.44,35.08,744.6,28.16,23.38
"2022-10-31 13:05:00",200402,13.45,35.08,744.5,28.96,22.01
"2022-10-31 13:10:00",200403,13.45,35.04,744.7,27.74,22.9
"2022-10-31 13:15:00",200404,13.44,34.89,744.5,27.15,23.9
"2022-10-31 13:20:00",200405,13.45,34.47,744.5,26.76,24.63
"2022-10-31 13:25:00",200406,13.44,34.04,744.5,27.51,23.86
"2022-10-31 13:30:00",200407,13.44,33.73,744.4,26.56,29.27
"2022-10-31 13:35:00",200408,13.44,33.45,744.2,26.57,31.04
"2022-10-31 13:40:00",200409,13.44,33.25,744.2,26.52,31.17
"2022-10-31 13:45:00",200410,13.44,33.08,744.1,27.07,29.66
"2022-10-31 13:50:00",200411,13.44,32.97,744,26.94,30.12
"2022-10-31 13:55:00",200412,13.44,32.91,744.1,26.96,29.75
"2022-10-31 14:00:00",200413,13.45,32.84,744,26.82,29.77
"2022-10-31 14:05:00",200414,13.44,32.76,743.7,26.77,29.56
"2022-10-31 14:10:00",200415,13.44,32.68,743.7,26.28,29.59
"2022-10-31 14:15:00",200416,13.44,32.55,743.9,26.19,29.79
"2022-10-31 14:20:00",200417,13.44,32.44,743.8,26.74,28.44
"2022-10-31 14:25:00",200418,13.44,32.4,743.7,26.83,29.33
"2022-10-31 14:30:00",200419,13.44,32.41,743.8,26.51,28.52
"2022-10-31 14:35:00",200420,13.44,32.4,743.6,26.23,29.93
"2022-10-31 14:40:00",200421,13.44,32.36,743.6,26.5,29.61
"2022-10-31 14:45:00",200422,13.44,32.39,743.3,27.05,28.63
"2022-10-31 14:50:00",200423,13.45,32.45,743.4,26.14,29.44
"2022-10-31 14:55:00",200424,13.45,32.43,743.1,26.54,28.32
"2022-10-31 15:00:00",200425,13.45,32.45,743.1,26.49,27.09
"2022-10-31 15:05:00",200426,13.45,32.44,743.2,26.4,28.85
"2022-10-31 15:10:00",200427,13.45,32.43,743.3,26.59,28.66
"2022-10-31 15:15:00",200428,13.45,32.39,743.1,25.72,30.29
"2022-10-31 15:20:00",200429,13.44,32.21,743,25.82,28.33
"2022-10-31 15:25:00",200430,13.44,31.92,743,25.72,28.15
"2022-10-31 15:30:00",200431,13.45,31.65,742.9,26.06,28.08
"2022-10-31 15:35:00",200432,13.44,31.42,742.7,25.54,27.93
"2022-10-31 15:40:00",200433,13.44,31.18,742.8,25.57,28.24
"2022-10-31 15:45:00",200434,13.47,30.98,742.6,25.56,27.02
"2022-10-31 15:50:00",200435,13.47,30.83,742.8,25.34,28.5
"2022-10-31 15:55:00",200436,13.47,30.68,742.5,24.93,29.89
"2022-10-31 16:00:00",200437,13.47,30.49,742.6,24.97,29.01
"2022-10-31 16:05:00",200438,13.47,30.29,742.7,24.92,29.14
"2022-10-31 16:10:00",200439,13.47,30.12,742.9,25.16,27.87
"2022-10-31 16:15:00",200440,13.47,29.92,743,25.43,27.18
"2022-10-31 16:20:00",200441,13.47,29.84,743.1,25.24,27.5
"2022-10-31 16:25:00",200442,13.49,29.9,743.5,25.32,28.77
"2022-10-31 16:30:00",200443,13.49,30.07,743.4,25.57,27.63
"2022-10-31 16:35:00",200444,13.5,30.18,743.4,25.72,27.51
"2022-10-31 16:40:00",200445,13.5,30.24,743.5,25.09,28.88
"2022-10-31 16:45:00",200446,13.5,30.22,743.6,24.93,29.14
"2022-10-31 16:50:00",200447,13.5,30.13,743.5,24.77,29.81
"2022-10-31 16:55:00",200448,13.49,30.02,743.6,25,29.56
"2022-10-31 17:00:00",200449,13.5,29.93,743.7,25.01,29.56
"2022-10-31 17:05:00",200450,13.5,29.87,743.6,24.5,31.67
"2022-10-31 17:10:00",200451,13.5,29.75,743.8,24.03,32.84
"2022-10-31 17:15:00",200452,13.49,29.62,743.8,23.99,33.17
"2022-10-31 17:20:00",200453,13.5,29.49,744.1,24.67,31.96
"2022-10-31 17:25:00",200454,13.5,29.42,744.5,23.85,33.42
"2022-10-31 17:30:00",200455,13.49,29.31,744.6,23.57,33.8
"2022-10-31 17:35:00",200456,13.49,29.12,744.7,22.52,37.2
"2022-10-31 17:40:00",200457,13.49,28.71,744.7,21.4,40.35
"2022-10-31 17:45:00",200458,13.46,27.72,744.9,21.87,38.84
"2022-10-31 17:50:00",200459,13.38,26.87,745,21.13,41.75
"2022-10-31 17:55:00",200460,13.29,26.21,745.5,20.69,42.51
"2022-10-31 18:00:00",200461,13.22,25.63,745.5,20.28,44.1
"2022-10-31 18:05:00",200462,13.13,25.08,745.6,19.61,46.37
"2022-10-31 18:10:00",200463,13.05,24.54,746,19.43,46.51
"2022-10-31 18:15:00",200464,12.99,24.04,746,19.11,47.54
"2022-10-31 18:20:00",200465,12.93,23.55,746.1,18.74,48.76
"2022-10-31 18:25:00",200466,12.89,23.13,746.4,18.37,49.59
"2022-10-31 18:30:00",200467,12.87,22.72,746.5,17.91,51.36
"2022-10-31 18:35:00",200468,12.86,22.33,746.8,17.9,51.14
"2022-10-31 18:40:00",200469,12.85,21.95,746.9,17.77,51.4
"2022-10-31 18:45:00",200470,12.84,21.61,747.3,17.75,51.15
"2022-10-31 18:50:00",200471,12.83,21.32,747.6,18.01,50.91
"2022-10-31 18:55:00",200472,12.83,21.15,747.9,18.13,49.55
"2022-10-31 19:00:00",200473,12.83,21.05,747.9,17.97,50.31
"2022-10-31 19:05:00",200474,12.83,20.87,748.1,17.89,50.74
"2022-10-31 19:10:00",200475,12.83,20.71,748.2,17.67,50.71
"2022-10-31 19:15:00",200476,12.83,20.54,748.3,17.39,51.54
"2022-10-31 19:20:00",200477,12.83,20.31,748.4,17.25,52.2
"2022-10-31 19:25:00",200478,12.82,20.14,748.5,17.23,52.32
"2022-10-31 19:30:00",200479,12.82,19.96,748.6,17.18,52.56
"2022-10-31 19:35:00",200480,12.82,19.79,748.7,17.08,52.24
"2022-10-31 19:40:00",200481,12.82,19.65,748.9,17.01,52.57
"2022-10-31 19:45:00",200482,12.81,19.52,749,16.92,52.71
"2022-10-31 19:50:00",200483,12.81,19.44,749.1,17.01,52.6
"2022-10-31 19:55:00",200484,12.81,19.37,749.3,17.05,52.05
"2022-10-31 20:00:00",200485,12.81,19.29,749.5,16.84,52.85
"2022-10-31 20:05:00",200486,12.81,19.22,749.5,16.89,52.15
"2022-10-31 20:10:00",200487,12.81,19.12,749.7,16.7,54.83
"2022-10-31 20:15:00",200488,12.81,19.03,749.9,16.37,56.45
"2022-10-31 20:20:00",200489,12.81,18.95,750.1,16.17,57.12
"2022-10-31 20:25:00",200490,12.81,18.85,750.3,16.14,57.15
"2022-10-31 20:30:00",200491,12.81,18.77,750.6,16.03,57.37
"2022-10-31 20:35:00",200492,12.81,18.67,750.8,16.05,57.44
"2022-10-31 20:40:00",200493,12.81,18.58,750.9,15.86,55.34
"2022-10-31 20:45:00",200494,12.81,18.49,751.2,16,54.69
"2022-10-31 20:50:00",200495,12.81,18.44,751.1,16.1,55.78
"2022-10-31 20:55:00",200496,12.8,18.37,751,16.14,56.21
"2022-10-31 21:00:00",200497,12.8,18.33,751,15.34,59.07
"2022-10-31 21:05:00",200498,12.8,18.23,751.1,15.63,57.92
"2022-10-31 21:10:00",200499,12.8,18.13,751.3,15.28,59.21
"2022-10-31 21:15:00",200500,12.8,18.02,751.5,14.79,60.9
"2022-10-31 21:20:00",200501,12.8,17.91,751.6,14.96,60.03
"2022-10-31 21:25:00",200502,12.8,17.81,751.7,14.77,60.12
"2022-10-31 21:30:00",200503,12.8,17.72,751.7,14.79,60.09
"2022-10-31 21:35:00",200504,12.8,17.67,751.8,15.02,59.35
"2022-10-31 21:40:00",200505,12.8,17.63,752,14.92,59.66
"2022-10-31 21:45:00",200506,12.79,17.63,752,15.1,58.88
"2022-10-31 21:50:00",200507,12.8,17.51,752.1,15.4,57.85
"2022-10-31 21:55:00",200508,12.8,17.48,752,15.66,56.68
"2022-10-31 22:00:00",200509,12.79,17.49,752.1,15.4,57.91
"2022-10-31 22:05:00",200510,12.79,17.47,752,15.2,58.72
"2022-10-31 22:10:00",200511,12.79,17.42,752.2,15.09,59
"2022-10-31 22:15:00",200512,12.79,17.38,752.3,14.8,60.03
"2022-10-31 22:20:00",200513,12.79,17.3,752.2,14.76,60.29
"2022-10-31 22:25:00",200514,12.79,17.21,752.2,14.77,60
"2022-10-31 22:30:00",200515,12.79,17.15,752.3,14.88,59.69
"2022-10-31 22:35:00",200516,12.79,17.11,752.3,14.97,59.22
"2022-10-31 22:40:00",200517,12.79,17.12,752.2,15.04,58.72
"2022-10-31 22:45:00",200518,12.79,17.09,752.3,14.81,59.62
"2022-10-31 22:50:00",200519,12.78,17.06,752.3,14.25,60.96
"2022-10-31 22:55:00",200520,12.78,16.98,752.3,14.2,60.74
"2022-10-31 23:00:00",200521,12.78,16.88,752.3,14.01,61.03
"2022-10-31 23:05:00",200522,12.78,16.79,752.3,13.98,61.21
"2022-10-31 23:10:00",200523,12.78,16.69,752.2,14.21,60.53
"2022-10-31 23:15:00",200524,12.78,16.63,752.1,14.03,61.57
"2022-10-31 23:20:00",200525,12.78,16.57,752.1,14.34,60.4
"2022-10-31 23:25:00",200526,12.78,16.51,752,14.29,61.14
"2022-10-31 23:30:00",200527,12.77,16.48,752,14.55,60.14
"2022-10-31 23:35:00",200528,12.77,16.46,752.1,14.48,61.2
"2022-10-31 23:40:00",200529,12.77,16.45,752.1,14.35,62.07
"2022-10-31 23:45:00",200530,12.77,16.44,752,14.28,60.96
"2022-10-31 23:50:00",200531,12.77,16.4,752,14.27,60.96
"2022-10-31 23:55:00",200532,12.77,16.32,752,14.19,61.21
