"TOA5","Pluvio_UPB","CR300","6066","CR300.Std.10.03","CPU:UPB_Rain_4Dic2020.CR300","9715","Meteo5Min"
"TIMESTAMP","RECORD","VBat","TempDL","PBar","TempA","RH"
"TS","RN","Vdc","GradosC","[mBar]","GradosC","%"
"","","Smp","Smp","Smp","Smp","Smp"
"2025-12-01 00:00:00",524821,12.78,22.39,747.6,19.97,58.77
"2025-12-01 00:05:00",524822,12.78,22.1,747.5,19.01,65.59
"2025-12-01 00:10:00",524823,12.78,21.61,747.5,18.12,72.62
"2025-12-01 00:15:00",524824,12.78,21.04,747.6,17.46,75.46
"2025-12-01 00:20:00",524825,12.78,20.45,747.6,17.68,72.41
"2025-12-01 00:25:00",524826,12.77,19.99,747.6,17.69,72.3
"2025-12-01 00:30:00",524827,12.77,19.63,747.7,17.79,73.16
"2025-12-01 00:35:00",524828,12.77,19.4,747.7,17.71,74.06
"2025-12-01 00:40:00",524829,12.77,19.22,747.8,17.88,72.2
"2025-12-01 00:45:00",524830,12.76,19.12,747.8,18.18,69.44
"2025-12-01 00:50:00",524831,12.76,19.12,747.8,18.45,68
"2025-12-01 00:55:00",524832,12.76,19.21,747.8,18.26,69.02
"2025-12-01 01:00:00",524833,12.77,19.31,747.7,18.04,70.32
"2025-12-01 01:05:00",524834,12.77,19.35,747.7,17.98,71.06
"2025-12-01 01:10:00",524835,12.76,19.38,747.6,17.97,71.49
"2025-12-01 01:15:00",524836,12.76,19.38,747.6,17.87,72.28
"2025-12-01 01:20:00",524837,12.76,19.39,747.7,17.67,74.48
"2025-12-01 01:25:00",524838,12.76,19.37,747.7,17.65,75.36
"2025-12-01 01:30:00",524839,12.76,19.36,747.7,17.53,75.73
"2025-12-01 01:35:00",524840,12.76,19.34,747.8,17.54,75.71
"2025-12-01 01:40:00",524841,12.75,19.32,747.7,17.56,75.63
"2025-12-01 01:45:00",524842,12.75,19.31,747.7,17.49,74.61
"2025-12-01 01:50:00",524843,12.75,19.28,747.7,17.65,74.3
"2025-12-01 01:55:00",524844,12.75,19.27,747.8,17.77,74.21
"2025-12-01 02:00:00",524845,12.75,19.27,747.7,17.69,73.8
"2025-12-01 02:05:00",524846,12.75,19.29,747.7,17.85,72.19
"2025-12-01 02:10:00",524847,12.74,19.32,747.7,17.97,72.13
"2025-12-01 02:15:00",524848,12.74,19.33,747.7,18.05,70.35
"2025-12-01 02:20:00",524849,12.74,19.35,747.7,18.09,70.47
"2025-12-01 02:25:00",524850,12.74,19.37,747.7,18.17,69.09
"2025-12-01 02:30:00",524851,12.74,19.42,747.8,18.28,69.78
"2025-12-01 02:35:00",524852,12.73,19.38,747.9,17.58,76.88
"2025-12-01 02:40:00",524853,12.73,19.13,748,16.5,79.43
"2025-12-01 02:45:00",524854,12.73,18.7,748,16.34,83.5
"2025-12-01 02:50:00",524855,12.72,18.31,748,16.57,81
"2025-12-01 02:55:00",524856,12.72,17.98,748,17.01,76.11
"2025-12-01 03:00:00",524857,12.72,17.7,748,17.06,76.52
"2025-12-01 03:05:00",524858,12.72,17.49,748.1,17.17,75.55
"2025-12-01 03:10:00",524859,12.71,17.37,748.1,17.47,71.63
"2025-12-01 03:15:00",524860,12.71,17.32,748.2,17.52,74.62
"2025-12-01 03:20:00",524861,12.71,17.33,748.2,17.75,71.16
"2025-12-01 03:25:00",524862,12.7,17.39,748.3,17.06,75.58
"2025-12-01 03:30:00",524863,12.7,17.46,748.4,16.44,79.73
"2025-12-01 03:35:00",524864,12.7,17.5,748.2,16.12,81
"2025-12-01 03:40:00",524865,12.7,17.52,748.1,16.16,79.75
"2025-12-01 03:45:00",524866,12.69,17.44,748.1,16.39,77.73
"2025-12-01 03:50:00",524867,12.69,17.43,748.1,16.26,78.73
"2025-12-01 03:55:00",524868,12.69,17.44,748,16.37,77.16
"2025-12-01 04:00:00",524869,12.69,17.44,747.8,16.59,74.61
"2025-12-01 04:05:00",524870,12.68,17.45,747.7,16.58,75.8
"2025-12-01 04:10:00",524871,12.68,17.45,747.7,16.45,77.82
"2025-12-01 04:15:00",524872,12.68,17.43,747.7,16.48,75.21
"2025-12-01 04:20:00",524873,12.68,17.43,747.8,16.69,71.93
"2025-12-01 04:25:00",524874,12.68,17.43,747.8,16.87,69.4
"2025-12-01 04:30:00",524875,12.67,17.45,747.7,16.7,70.26
"2025-12-01 04:35:00",524876,12.67,17.47,747.7,16.53,71.53
"2025-12-01 04:40:00",524877,12.67,17.47,747.7,16.56,73.69
"2025-12-01 04:45:00",524878,12.67,17.47,747.9,16.43,75
"2025-12-01 04:50:00",524879,12.66,17.45,747.9,16.47,74.64
"2025-12-01 04:55:00",524880,12.66,17.44,747.9,16.47,75.94
"2025-12-01 05:00:00",524881,12.66,17.39,748,16.35,75.78
"2025-12-01 05:05:00",524882,12.65,17.36,748.1,16.28,75.51
"2025-12-01 05:10:00",524883,12.65,17.31,748.1,16.4,76.52
"2025-12-01 05:15:00",524884,12.65,17.28,748.1,16.41,72.83
"2025-12-01 05:20:00",524885,12.65,17.27,748.1,16.4,71.77
"2025-12-01 05:25:00",524886,12.64,17.27,748.1,16.41,70.99
"2025-12-01 05:30:00",524887,12.64,17.26,748.1,16.42,70.04
"2025-12-01 05:35:00",524888,12.64,17.31,748.1,16.48,70.6
"2025-12-01 05:40:00",524889,12.64,17.3,748.1,16.4,71.88
"2025-12-01 05:45:00",524890,12.64,17.33,748.2,16.36,73.53
"2025-12-01 05:50:00",524891,12.65,17.32,748.3,16.41,74.23
"2025-12-01 05:55:00",524892,12.66,17.33,748.4,16.42,72.54
"2025-12-01 06:00:00",524893,12.68,17.34,748.6,16.5,72.04
"2025-12-01 06:05:00",524894,12.71,17.38,748.7,16.41,71.28
"2025-12-01 06:10:00",524895,12.74,17.42,748.8,16.62,71.95
"2025-12-01 06:15:00",524896,12.78,17.47,748.9,16.88,70.62
"2025-12-01 06:20:00",524897,12.84,17.57,749,16.93,73.56
"2025-12-01 06:25:00",524898,12.91,17.66,749.1,16.81,73.28
"2025-12-01 06:30:00",524899,13,17.77,749.2,16.81,73.96
"2025-12-01 06:35:00",524900,13.12,17.89,749.2,16.91,73.76
"2025-12-01 06:40:00",524901,13.24,18.03,749.2,17.11,70.98
"2025-12-01 06:45:00",524902,13.34,18.22,749.3,17.35,69.32
"2025-12-01 06:50:00",524903,13.42,18.44,749.4,17.59,66.64
"2025-12-01 06:55:00",524904,13.47,18.69,749.5,17.91,67.75
"2025-12-01 07:00:00",524905,13.54,18.91,749.6,18.25,65.87
"2025-12-01 07:05:00",524906,13.61,19.23,749.6,18.36,66.21
"2025-12-01 07:10:00",524907,13.72,19.6,749.7,18.53,66.54
"2025-12-01 07:15:00",524908,13.81,20.01,749.7,18.92,65.6
"2025-12-01 07:20:00",524909,13.73,21.06,749.7,18.98,64.54
"2025-12-01 07:25:00",524910,13.73,21.87,749.7,19.37,63.24
"2025-12-01 07:30:00",524911,13.7,22.4,749.8,20,62.62
"2025-12-01 07:35:00",524912,13.7,22.84,749.9,19.72,64.91
"2025-12-01 07:40:00",524913,13.68,23.2,749.9,18.59,69.93
"2025-12-01 07:45:00",524914,13.68,23.44,750,18.79,67.91
"2025-12-01 07:50:00",524915,13.68,23.67,750.1,19.63,63.94
"2025-12-01 07:55:00",524916,13.68,23.91,750.1,19.88,62.63
"2025-12-01 08:00:00",524917,13.65,24.12,750.1,19.3,64.27
"2025-12-01 08:05:00",524918,13.65,24.3,750.1,19.98,60.45
"2025-12-01 08:10:00",524919,13.65,24.46,750.1,19.9,59.85
"2025-12-01 08:15:00",524920,13.66,24.59,750.1,20.12,58.88
"2025-12-01 08:20:00",524921,13.65,24.75,750.2,20.46,56.4
"2025-12-01 08:25:00",524922,13.66,24.92,750.3,20.95,56.62
"2025-12-01 08:30:00",524923,13.66,25.12,750.3,21.14,54.46
"2025-12-01 08:35:00",524924,13.63,25.31,750.3,20.97,54.49
"2025-12-01 08:40:00",524925,13.63,25.51,750.3,21.51,51.89
"2025-12-01 08:45:00",524926,13.63,25.74,750.3,21.56,48.65
"2025-12-01 08:50:00",524927,13.63,25.99,750.3,21.83,49.06
"2025-12-01 08:55:00",524928,13.63,26.24,750.3,21.94,48.22
"2025-12-01 09:00:00",524929,13.61,26.53,750.2,21.62,48.94
"2025-12-01 09:05:00",524930,13.61,26.79,750.3,21.39,50.3
"2025-12-01 09:10:00",524931,13.61,27,750.4,21.8,52.93
"2025-12-01 09:15:00",524932,13.61,27.21,750.3,22.16,51.13
"2025-12-01 09:20:00",524933,13.61,27.41,750.3,21.84,50.71
"2025-12-01 09:25:00",524934,13.58,27.54,750.3,21.11,51.49
"2025-12-01 09:30:00",524935,13.58,27.57,750.3,21.72,50.79
"2025-12-01 09:35:00",524936,13.58,27.58,750.3,21.21,54.37
"2025-12-01 09:40:00",524937,13.58,27.49,750.3,20.91,55.66
"2025-12-01 09:45:00",524938,13.58,27.37,750.3,21.06,54.29
"2025-12-01 09:50:00",524939,13.58,27.33,750.3,21.22,54.81
"2025-12-01 09:55:00",524940,13.58,27.39,750.2,21.24,54.32
"2025-12-01 10:00:00",524941,13.58,27.49,750.1,21.57,51.05
"2025-12-01 10:05:00",524942,13.58,27.64,750.1,21.34,50.77
"2025-12-01 10:10:00",524943,13.58,27.77,750.1,21.86,48.88
"2025-12-01 10:15:00",524944,13.58,27.94,750.1,22.11,49.48
"2025-12-01 10:20:00",524945,13.58,28.18,750.1,22.38,47.71
"2025-12-01 10:25:00",524946,13.58,28.51,750.1,22.73,48.42
"2025-12-01 10:30:00",524947,13.56,28.86,750,22.05,47.95
"2025-12-01 10:35:00",524948,13.56,29.1,750,22.91,45.31
"2025-12-01 10:40:00",524949,13.56,29.36,749.9,22.3,45.75
"2025-12-01 10:45:00",524950,13.56,29.66,749.8,23.44,43.7
"2025-12-01 10:50:00",524951,13.56,30.01,749.7,23.22,43.8
"2025-12-01 10:55:00",524952,13.53,30.39,749.7,24.47,40.1
"2025-12-01 11:00:00",524953,13.53,30.87,749.6,24.15,40.49
"2025-12-01 11:05:00",524954,13.54,31.32,749.5,24.85,40.6
"2025-12-01 11:10:00",524955,13.51,31.69,749.4,24.01,42.27
"2025-12-01 11:15:00",524956,13.51,31.98,749.3,23.93,41.61
"2025-12-01 11:20:00",524957,13.51,32.16,749.3,23.98,42.13
"2025-12-01 11:25:00",524958,13.52,32.26,749.2,24.92,40.24
"2025-12-01 11:30:00",524959,13.49,32.42,749.2,25.6,39.2
"2025-12-01 11:35:00",524960,13.49,32.68,749.1,25.16,38.79
"2025-12-01 11:40:00",524961,13.49,32.99,749,24.92,40.8
"2025-12-01 11:45:00",524962,13.49,33.25,749,26.07,37.66
"2025-12-01 11:50:00",524963,13.49,33.41,748.8,24.57,39.12
"2025-12-01 11:55:00",524964,13.49,33.37,748.7,24.85,39.55
"2025-12-01 12:00:00",524965,13.46,33.37,748.6,26.64,37.35
"2025-12-01 12:05:00",524966,13.47,33.47,748.5,25.18,38.86
"2025-12-01 12:10:00",524967,13.46,33.47,748.4,24.81,38.82
"2025-12-01 12:15:00",524968,13.46,33.39,748.4,25.38,38.15
"2025-12-01 12:20:00",524969,13.47,33.39,748.3,25.7,37.39
"2025-12-01 12:25:00",524970,13.46,33.45,748.2,24.82,38.95
"2025-12-01 12:30:00",524971,13.47,33.45,748,25.5,35.54
"2025-12-01 12:35:00",524972,13.47,33.48,747.9,26.24,35.45
"2025-12-01 12:40:00",524973,13.47,33.63,747.8,26.72,31.8
"2025-12-01 12:45:00",524974,13.47,33.76,747.8,25.82,33.94
"2025-12-01 12:50:00",524975,13.47,33.79,747.8,25.86,33.13
"2025-12-01 12:55:00",524976,13.47,33.81,747.7,25.46,34.3
"2025-12-01 13:00:00",524977,13.46,33.78,747.7,25.51,34.58
"2025-12-01 13:05:00",524978,13.47,33.75,747.7,26.3,33.64
"2025-12-01 13:10:00",524979,13.47,33.72,747.6,26.55,32.46
"2025-12-01 13:15:00",524980,13.47,33.76,747.5,25.97,34.08
"2025-12-01 13:20:00",524981,13.47,33.72,747.4,26.7,34.18
"2025-12-01 13:25:00",524982,13.47,33.78,747.4,25.82,33.33
"2025-12-01 13:30:00",524983,13.47,33.74,747.4,25.43,34.03
"2025-12-01 13:35:00",524984,13.47,33.66,747.3,25.8,33.16
"2025-12-01 13:40:00",524985,13.47,33.55,747.4,26.34,33.71
"2025-12-01 13:45:00",524986,13.47,33.56,747.3,27.31,33.8
"2025-12-01 13:50:00",524987,13.46,33.68,747.3,26.77,33.15
"2025-12-01 13:55:00",524988,13.46,33.75,747.4,26.52,34.2
"2025-12-01 14:00:00",524989,13.46,33.76,747.3,26.24,32.93
"2025-12-01 14:05:00",524990,13.47,33.7,747.1,26.14,33.16
"2025-12-01 14:10:00",524991,13.47,33.64,747,26.12,33.46
"2025-12-01 14:15:00",524992,13.47,33.59,747,25.9,34.41
"2025-12-01 14:20:00",524993,13.46,33.45,746.8,26.01,33.35
"2025-12-01 14:25:00",524994,13.47,33.2,746.7,25.72,33.86
"2025-12-01 14:30:00",524995,13.46,32.96,746.6,25.6,33.71
"2025-12-01 14:35:00",524996,13.46,32.71,746.5,25.61,33.92
"2025-12-01 14:40:00",524997,13.47,32.47,746.4,25.18,35.48
"2025-12-01 14:45:00",524998,13.47,32.24,746.3,24.92,37.81
"2025-12-01 14:50:00",524999,13.46,31.99,746.3,23.83,41.17
"2025-12-01 14:55:00",525000,13.47,31.65,746.1,23.63,43.3
"2025-12-01 15:00:00",525001,13.46,31.31,746.1,23.87,41.99
"2025-12-01 15:05:00",525002,13.46,31.04,746,23.64,41.25
"2025-12-01 15:10:00",525003,13.46,30.79,745.8,23.79,41.43
"2025-12-01 15:15:00",525004,13.47,30.6,745.7,24.29,38.07
"2025-12-01 15:20:00",525005,13.46,30.46,745.6,23.78,42.24
"2025-12-01 15:25:00",525006,13.46,30.37,745.6,24.11,39.96
"2025-12-01 15:30:00",525007,13.46,30.3,745.6,24.08,40.45
"2025-12-01 15:35:00",525008,13.47,30.19,745.6,23.83,41.53
"2025-12-01 15:40:00",525009,13.49,30.05,745.5,23.71,41.58
"2025-12-01 15:45:00",525010,13.49,29.91,745.6,23.49,41.76
"2025-12-01 15:50:00",525011,13.49,29.73,745.7,23.31,42.45
"2025-12-01 15:55:00",525012,13.49,29.52,745.7,23.15,42.43
"2025-12-01 16:00:00",525013,13.49,29.3,745.7,23.25,42.64
"2025-12-01 16:05:00",525014,13.49,29.11,745.6,23.73,41.85
"2025-12-01 16:10:00",525015,13.49,29.1,745.7,23.62,41.74
"2025-12-01 16:15:00",525016,13.49,29.24,745.7,23.7,42.95
"2025-12-01 16:20:00",525017,13.49,29.42,745.6,23.37,40.8
"2025-12-01 16:25:00",525018,13.49,29.52,745.7,23.64,40.3
"2025-12-01 16:30:00",525019,13.49,29.65,745.7,24.79,38.19
"2025-12-01 16:35:00",525020,13.49,29.8,745.6,23.85,40.49
"2025-12-01 16:40:00",525021,13.49,29.96,745.6,24.25,39.71
"2025-12-01 16:45:00",525022,13.49,30.12,745.6,24.31,39.95
"2025-12-01 16:50:00",525023,13.49,30.3,745.6,24.45,38.88
"2025-12-01 16:55:00",525024,13.49,30.35,745.6,23.83,38.92
"2025-12-01 17:00:00",525025,13.49,30.23,745.5,23.78,39.76
"2025-12-01 17:05:00",525026,13.49,30.08,745.7,23.57,40.85
"2025-12-01 17:10:00",525027,13.49,29.88,745.6,23.75,40.74
"2025-12-01 17:15:00",525028,13.49,29.71,745.6,23.73,41.13
"2025-12-01 17:20:00",525029,13.5,29.58,745.6,23.56,40
"2025-12-01 17:25:00",525030,13.5,29.44,745.6,23.47,40.42
"2025-12-01 17:30:00",525031,13.5,29.28,745.6,23.48,39.99
"2025-12-01 17:35:00",525032,13.49,29.04,745.6,23.11,41
"2025-12-01 17:40:00",525033,13.49,28.74,745.7,23.01,40.79
"2025-12-01 17:45:00",525034,13.52,28.26,745.7,22.81,42.1
"2025-12-01 17:50:00",525035,13.5,27.51,745.7,22.73,42.77
"2025-12-01 17:55:00",525036,13.42,26.84,745.7,22.76,43.16
"2025-12-01 18:00:00",525037,13.32,26.4,745.8,22.53,43.23
"2025-12-01 18:05:00",525038,13.23,26.02,745.9,22.47,43.26
"2025-12-01 18:10:00",525039,13.16,25.68,746,22.41,43.58
"2025-12-01 18:15:00",525040,13.09,25.39,746,22.33,43.69
"2025-12-01 18:20:00",525041,13.03,25.12,746.1,22.28,43.63
"2025-12-01 18:25:00",525042,12.97,24.86,746.2,22.19,44.26
"2025-12-01 18:30:00",525043,12.93,24.64,746.3,22.14,44.38
"2025-12-01 18:35:00",525044,12.91,24.41,746.3,21.96,45.1
"2025-12-01 18:40:00",525045,12.89,24.2,746.4,21.89,45.35
"2025-12-01 18:45:00",525046,12.88,24.01,746.4,21.81,45.94
"2025-12-01 18:50:00",525047,12.87,23.83,746.5,21.8,45.75
"2025-12-01 18:55:00",525048,12.87,23.63,746.5,21.93,45.22
"2025-12-01 19:00:00",525049,12.86,23.48,746.6,21.93,45.38
"2025-12-01 19:05:00",525050,12.86,23.35,746.7,21.88,45.38
"2025-12-01 19:10:00",525051,12.86,23.26,746.8,21.76,45.39
"2025-12-01 19:15:00",525052,12.85,23.16,746.8,21.83,45.24
"2025-12-01 19:20:00",525053,12.85,23.09,746.8,21.91,45.12
"2025-12-01 19:25:00",525054,12.85,23.03,746.9,21.95,45.13
"2025-12-01 19:30:00",525055,12.85,22.96,746.9,21.94,44.81
"2025-12-01 19:35:00",525056,12.85,22.92,746.9,21.87,44.73
"2025-12-01 19:40:00",525057,12.84,22.86,746.9,21.88,44.8
"2025-12-01 19:45:00",525058,12.84,22.71,747,21.95,45.06
"2025-12-01 19:50:00",525059,12.84,22.61,747,21.9,45.31
"2025-12-01 19:55:00",525060,12.84,22.56,747,21.88,45.41
"2025-12-01 20:00:00",525061,12.84,22.51,747,21.99,45.23
"2025-12-01 20:05:00",525062,12.84,22.5,747.1,21.97,45.48
"2025-12-01 20:10:00",525063,12.84,22.5,747.1,21.94,45.8
"2025-12-01 20:15:00",525064,12.84,22.49,747.1,21.95,45.9
"2025-12-01 20:20:00",525065,12.84,22.48,747.1,21.89,46.46
"2025-12-01 20:25:00",525066,12.84,22.49,747.1,21.85,46.71
"2025-12-01 20:30:00",525067,12.83,22.49,747.1,21.84,46.84
"2025-12-01 20:35:00",525068,12.83,22.5,747.1,21.77,47.34
"2025-12-01 20:40:00",525069,12.83,22.48,747.2,21.63,47.96
"2025-12-01 20:45:00",525070,12.83,22.44,747.1,21.1,49.57
"2025-12-01 20:50:00",525071,12.83,22.36,747.1,20.64,49.95
"2025-12-01 20:55:00",525072,12.83,22.26,747,20.46,50.33
"2025-12-01 21:00:00",525073,12.83,22.11,747,20.5,50.71
"2025-12-01 21:05:00",525074,12.83,22,747,20.42,51.21
"2025-12-01 21:10:00",525075,12.83,21.89,747,20.37,51.14
"2025-12-01 21:15:00",525076,12.82,21.78,747,20.18,51.36
"2025-12-01 21:20:00",525077,12.82,21.66,747,19.98,51.68
"2025-12-01 21:25:00",525078,12.82,21.56,747.1,19.92,52.08
"2025-12-01 21:30:00",525079,12.82,21.43,747.1,19.88,53.44
"2025-12-01 21:35:00",525080,12.82,21.28,747.3,19.54,56.1
"2025-12-01 21:40:00",525081,12.82,21.12,747.4,19.41,57.16
"2025-12-01 21:45:00",525082,12.82,20.98,747.4,19.06,56.52
"2025-12-01 21:50:00",525083,12.82,20.8,747.5,18.96,57.3
"2025-12-01 21:55:00",525084,12.81,20.66,747.7,18.83,57.74
"2025-12-01 22:00:00",525085,12.81,20.5,747.8,18.83,57.68
"2025-12-01 22:05:00",525086,12.81,20.36,748,18.89,57.47
"2025-12-01 22:10:00",525087,12.81,20.24,748,19.04,56.79
"2025-12-01 22:15:00",525088,12.81,20.15,748.1,19.12,56.56
"2025-12-01 22:20:00",525089,12.81,20.06,748.3,19.32,55.64
"2025-12-01 22:25:00",525090,12.8,19.99,748.4,19.25,56.83
"2025-12-01 22:30:00",525091,12.8,19.94,748.6,19.3,56.44
"2025-12-01 22:35:00",525092,12.8,19.91,748.7,19.36,56.14
"2025-12-01 22:40:00",525093,12.8,19.9,748.7,19.44,54.98
"2025-12-01 22:45:00",525094,12.8,19.9,748.8,19.26,55.26
"2025-12-01 22:50:00",525095,12.8,19.88,748.9,19.25,55.02
"2025-12-01 22:55:00",525096,12.8,19.83,748.9,19.29,54.74
"2025-12-01 23:00:00",525097,12.8,19.79,749,19.29,54.1
"2025-12-01 23:05:00",525098,12.8,19.76,749,19.42,53.59
"2025-12-01 23:10:00",525099,12.8,19.77,749,19.6,52.59
"2025-12-01 23:15:00",525100,12.79,19.78,749.1,19.56,52.68
"2025-12-01 23:20:00",525101,12.79,19.79,749,19.38,52.68
"2025-12-01 23:25:00",525102,12.79,19.8,749.1,19.2,53.16
"2025-12-01 23:30:00",525103,12.79,19.79,749.1,19.11,53.67
"2025-12-01 23:35:00",525104,12.79,19.76,749.1,18.9,54.44
"2025-12-01 23:40:00",525105,12.79,19.71,749.1,18.75,55.53
"2025-12-01 23:45:00",525106,12.79,19.64,749,18.39,56.76
"2025-12-01 23:50:00",525107,12.78,19.55,749,18.25,57.38
"2025-12-01 23:55:00",525108,12.78,19.42,749,18.17,57.76
"2025-12-02 00:00:00",525109,12.78,19.31,749.1,18.32,57.63
"2025-12-02 00:05:00",525110,12.78,19.23,749.1,18.5,57.26
"2025-12-02 00:10:00",525111,12.78,19.16,749,18.58,57.55
"2025-12-02 00:15:00",525112,12.78,19.15,749.1,18.48,57.81
"2025-12-02 00:20:00",525113,12.77,19.16,749.1,18.33,57.97
"2025-12-02 00:25:00",525114,12.77,19.17,749.1,18.28,58.08
"2025-12-02 00:30:00",525115,12.77,19.21,749.1,18.28,58.66
"2025-12-02 00:35:00",525116,12.77,19.23,749.1,18.14,59.61
"2025-12-02 00:40:00",525117,12.77,19.25,749.1,18.11,60.15
"2025-12-02 00:45:00",525118,12.77,19.25,749.1,18.15,60.42
"2025-12-02 00:50:00",525119,12.76,19.25,749.1,18.29,60.93
"2025-12-02 00:55:00",525120,12.76,19.28,749,18.32,61.02
"2025-12-02 01:00:00",525121,12.76,19.28,748.9,18.3,61.23
"2025-12-02 01:05:00",525122,12.76,19.3,748.8,18.28,61.44
"2025-12-02 01:10:00",525123,12.75,19.29,748.6,18.23,61.82
"2025-12-02 01:15:00",525124,12.76,19.3,748.6,18.18,61.99
"2025-12-02 01:20:00",525125,12.76,19.28,748.6,18.1,62.84
"2025-12-02 01:25:00",525126,12.75,19.3,748.6,18.22,62.63
"2025-12-02 01:30:00",525127,12.75,19.3,748.4,18.28,62.52
"2025-12-02 01:35:00",525128,12.75,19.32,748.5,18.2,62.86
"2025-12-02 01:40:00",525129,12.75,19.31,748.5,18.13,63.39
"2025-12-02 01:45:00",525130,12.74,19.26,748.5,18.14,62.01
"2025-12-02 01:50:00",525131,12.74,19.22,748.5,17.97,62.61
"2025-12-02 01:55:00",525132,12.74,19.2,748.5,17.91,62.57
"2025-12-02 02:00:00",525133,12.75,19.15,748.5,17.91,63.2
"2025-12-02 02:05:00",525134,12.75,19.09,748.5,17.94,63.68
"2025-12-02 02:10:00",525135,12.74,19.05,748.5,17.99,64.02
"2025-12-02 02:15:00",525136,12.74,19.05,748.5,17.91,64.42
"2025-12-02 02:20:00",525137,12.74,19.09,748.5,17.79,66.85
"2025-12-02 02:25:00",525138,12.74,19.08,748.5,17.67,67.09
"2025-12-02 02:30:00",525139,12.73,19.07,748.6,17.63,67.15
"2025-12-02 02:35:00",525140,12.73,19.06,748.5,17.63,67.15
"2025-12-02 02:40:00",525141,12.73,19.07,748.4,17.67,66.54
"2025-12-02 02:45:00",525142,12.73,19.02,748.3,17.86,65.45
"2025-12-02 02:50:00",525143,12.72,19.04,748.3,18,64.7
"2025-12-02 02:55:00",525144,12.72,19.04,748.3,18.1,65.58
"2025-12-02 03:00:00",525145,12.72,19.04,748.2,17.97,66.71
"2025-12-02 03:05:00",525146,12.72,19.04,748.2,17.77,67.93
"2025-12-02 03:10:00",525147,12.71,18.96,748.1,17.57,68.83
"2025-12-02 03:15:00",525148,12.71,18.86,748.1,17.5,69.29
"2025-12-02 03:20:00",525149,12.71,18.79,748.2,17.43,69.39
"2025-12-02 03:25:00",525150,12.71,18.77,748.2,17.51,69.02
"2025-12-02 03:30:00",525151,12.71,18.57,748.3,17.49,68.84
"2025-12-02 03:35:00",525152,12.71,18.45,748.4,17.51,68.35
"2025-12-02 03:40:00",525153,12.7,18.42,748.4,17.41,69
"2025-12-02 03:45:00",525154,12.7,18.39,748.4,17.27,68.22
"2025-12-02 03:50:00",525155,12.7,18.36,748.4,17.07,66.87
"2025-12-02 03:55:00",525156,12.7,18.3,748.4,16.93,63.81
"2025-12-02 04:00:00",525157,12.69,18.23,748.4,17.17,59.87
"2025-12-02 04:05:00",525158,12.69,18.18,748.5,16.65,62.87
"2025-12-02 04:10:00",525159,12.69,18.06,748.5,16.06,69.77
"2025-12-02 04:15:00",525160,12.68,17.75,748.5,14.82,76.64
"2025-12-02 04:20:00",525161,12.68,17.23,748.7,14.2,79.82
"2025-12-02 04:25:00",525162,12.68,16.64,748.9,14.23,80.1
"2025-12-02 04:30:00",525163,12.67,16.12,749,14.17,76.95
"2025-12-02 04:35:00",525164,12.67,15.64,749.1,14.23,75.74
"2025-12-02 04:40:00",525165,12.66,15.26,749.1,14.51,73.82
"2025-12-02 04:45:00",525166,12.66,14.97,749.2,14.61,75.09
"2025-12-02 04:50:00",525167,12.65,14.79,749.5,14.68,73.66
"2025-12-02 04:55:00",525168,12.65,14.71,749.6,14.63,71.6
"2025-12-02 05:00:00",525169,12.64,14.65,749.7,14.79,71.66
"2025-12-02 05:05:00",525170,12.63,14.66,750,14.88,75.39
"2025-12-02 05:10:00",525171,12.63,14.68,750.1,14.19,83.1
"2025-12-02 05:15:00",525172,12.62,14.65,750.3,13.87,86.4
"2025-12-02 05:20:00",525173,12.62,14.56,750.4,13.76,87.7
"2025-12-02 05:25:00",525174,12.62,14.47,750.5,13.65,87.7
"2025-12-02 05:30:00",525175,12.61,14.38,750.7,13.6,87.4
"2025-12-02 05:35:00",525176,12.61,14.28,750.8,13.41,88.6
"2025-12-02 05:40:00",525177,12.61,14.19,750.9,13.5,87.1
"2025-12-02 05:45:00",525178,12.6,14.09,750.9,13.41,84.9
"2025-12-02 05:50:00",525179,12.6,13.95,751.1,12.86,87.8
"2025-12-02 05:55:00",525180,12.6,13.82,751.2,12.81,89.7
"2025-12-02 06:00:00",525181,12.6,13.75,751.3,12.6,91.3
"2025-12-02 06:05:00",525182,12.6,13.67,751.5,12.33,92.9
"2025-12-02 06:10:00",525183,12.59,13.56,751.8,12.33,93.8
"2025-12-02 06:15:00",525184,12.59,13.49,751.9,12.41,93.9
"2025-12-02 06:20:00",525185,12.59,13.45,752.1,12.42,94.4
"2025-12-02 06:25:00",525186,12.6,13.42,752.3,12.29,93.6
"2025-12-02 06:30:00",525187,12.6,13.34,752.4,12.18,94.3
"2025-12-02 06:35:00",525188,12.6,13.29,752.6,12.2,94.4
"2025-12-02 06:40:00",525189,12.6,13.23,752.7,12.21,95
"2025-12-02 06:45:00",525190,12.6,13.2,752.8,12.06,94.2
"2025-12-02 06:50:00",525191,12.6,13.16,752.8,12.14,94.9
"2025-12-02 06:55:00",525192,12.6,13.15,752.9,12.08,94.5
"2025-12-02 07:00:00",525193,12.6,13.11,753,11.98,94.1
"2025-12-02 07:05:00",525194,12.61,13.09,753,12.1,95.2
"2025-12-02 07:10:00",525195,12.62,13.05,753.2,11.9,95.4
"2025-12-02 07:15:00",525196,12.64,13.05,753.2,11.76,95.5
"2025-12-02 07:20:00",525197,12.68,13.04,753.3,11.74,95.7
"2025-12-02 07:25:00",525198,12.72,13.03,753.4,11.76,95.8
"2025-12-02 07:30:00",525199,12.74,13.01,753.5,11.79,96.1
"2025-12-02 07:35:00",525200,12.74,13,753.5,11.67,95.6
"2025-12-02 07:40:00",525201,12.84,13.02,753.6,11.55,95.4
"2025-12-02 07:45:00",525202,12.99,13.03,753.6,11.65,95.4
"2025-12-02 07:50:00",525203,13.18,13.05,753.6,11.69,95.5
"2025-12-02 07:55:00",525204,13.41,13.14,753.6,11.59,95.1
"2025-12-02 08:00:00",525205,13.54,13.2,753.6,11.76,95.2
"2025-12-02 08:05:00",525206,13.61,13.27,753.5,11.77,94.3
"2025-12-02 08:10:00",525207,13.66,13.35,753.4,11.88,94.2
"2025-12-02 08:15:00",525208,13.73,13.45,753.2,11.93,94.3
"2025-12-02 08:20:00",525209,13.8,13.53,753,12.1,94
"2025-12-02 08:25:00",525210,13.89,13.62,752.8,12.17,93.5
"2025-12-02 08:30:00",525211,13.99,13.72,752.7,12.38,92.9
"2025-12-02 08:35:00",525212,14,13.83,752.6,12.35,89
"2025-12-02 08:40:00",525213,13.88,14.46,752.5,12.63,87.6
"2025-12-02 08:45:00",525214,13.88,15.06,752.4,12.95,86.3
"2025-12-02 08:50:00",525215,13.85,15.37,752.2,13.28,83.8
"2025-12-02 08:55:00",525216,13.85,15.6,752.3,13.3,87.6
"2025-12-02 09:00:00",525217,13.86,15.82,752.2,13.12,88
"2025-12-02 09:05:00",525218,13.85,15.98,751.9,13.06,86
"2025-12-02 09:10:00",525219,13.83,16.12,751.7,13.18,86.7
"2025-12-02 09:15:00",525220,13.83,16.31,751.4,13.63,85.8
"2025-12-02 09:20:00",525221,13.83,16.57,751.3,13.77,85.4
"2025-12-02 09:25:00",525222,13.83,16.88,751.3,13.94,85.2
"2025-12-02 09:30:00",525223,13.83,17.21,751.3,14.11,83
"2025-12-02 09:35:00",525224,13.8,17.52,751.3,14.29,77.96
"2025-12-02 09:40:00",525225,13.8,17.87,751.3,14.23,77.55
"2025-12-02 09:45:00",525226,13.8,18.28,751.3,14.68,75.01
"2025-12-02 09:50:00",525227,13.77,18.75,751.3,15.18,76.38
"2025-12-02 09:55:00",525228,13.77,19.29,751.3,15.66,76.42
"2025-12-02 10:00:00",525229,13.74,20.01,751.3,15.87,72.81
"2025-12-02 10:05:00",525230,13.74,20.57,751.3,16,70.22
"2025-12-02 10:10:00",525231,13.74,21.05,751.3,16.38,70.29
"2025-12-02 10:15:00",525232,13.72,21.53,751.4,17.21,67.3
"2025-12-02 10:20:00",525233,13.71,22.04,751.3,17.83,61.45
"2025-12-02 10:25:00",525234,13.69,22.63,751.4,17.81,62.35
"2025-12-02 10:30:00",525235,13.69,23.24,751.4,17.97,61.08
"2025-12-02 10:35:00",525236,13.66,23.82,751.3,17.91,61.5
"2025-12-02 10:40:00",525237,13.66,24.35,751.4,18.64,57.41
"2025-12-02 10:45:00",525238,13.66,24.82,751.3,18.83,58.02
"2025-12-02 10:50:00",525239,13.63,25.25,751.3,19.18,54.67
"2025-12-02 10:55:00",525240,13.63,25.66,751.3,20.02,53.74
"2025-12-02 11:00:00",525241,13.63,26.12,751.2,19.38,58.01
"2025-12-02 11:05:00",525242,13.61,26.45,751.2,19.62,58.35
"2025-12-02 11:10:00",525243,13.61,26.55,751.2,18.26,61.19
"2025-12-02 11:15:00",525244,13.61,26.49,751.2,18.71,56.71
"2025-12-02 11:20:00",525245,13.61,26.4,751.2,19.33,61.04
"2025-12-02 11:25:00",525246,13.61,26.46,751.2,18.94,58.03
"2025-12-02 11:30:00",525247,13.61,26.54,751.1,18.31,57.63
"2025-12-02 11:35:00",525248,13.61,26.46,751.1,17.94,59
"2025-12-02 11:40:00",525249,13.61,26.26,751.1,18.45,58.38
"2025-12-02 11:45:00",525250,13.61,26.05,751,18.25,55.61
"2025-12-02 11:50:00",525251,13.61,25.86,750.9,19,54.05
"2025-12-02 11:55:00",525252,13.61,25.76,750.9,18.53,56.32
"2025-12-02 12:00:00",525253,13.61,25.71,750.8,18.74,54.88
"2025-12-02 12:05:00",525254,13.61,25.71,750.7,18.49,54.72
"2025-12-02 12:10:00",525255,13.61,25.69,750.6,18.73,54.29
"2025-12-02 12:15:00",525256,13.61,25.74,750.6,19.81,52.71
"2025-12-02 12:20:00",525257,13.61,25.85,750.5,19.06,54.62
"2025-12-02 12:25:00",525258,13.61,25.96,750.4,19.66,52.16
"2025-12-02 12:30:00",525259,13.61,26.09,750.4,20.62,52.27
"2025-12-02 12:35:00",525260,13.61,26.19,750.3,19.96,51.58
"2025-12-02 12:40:00",525261,13.61,26.28,750.3,19.7,53.57
"2025-12-02 12:45:00",525262,13.61,26.3,750.2,19.7,52.45
"2025-12-02 12:50:00",525263,13.61,26.29,750.2,19.5,50.52
"2025-12-02 12:55:00",525264,13.61,26.29,750.2,19.81,52.9
"2025-12-02 13:00:00",525265,13.61,26.3,750.1,19.12,53.58
"2025-12-02 13:05:00",525266,13.61,26.29,750,19.74,50.77
"2025-12-02 13:10:00",525267,13.61,26.3,749.9,19.94,51.11
"2025-12-02 13:15:00",525268,13.61,26.36,749.8,20.65,49.98
"2025-12-02 13:20:00",525269,13.61,26.48,749.8,20.84,45.63
"2025-12-02 13:25:00",525270,13.61,26.62,749.7,20.58,46.68
"2025-12-02 13:30:00",525271,13.62,26.78,749.5,21.04,44.25
"2025-12-02 13:35:00",525272,13.61,26.99,749.4,21.33,45.69
"2025-12-02 13:40:00",525273,13.61,27.25,749.2,21.24,46.38
"2025-12-02 13:45:00",525274,13.61,27.5,749,21.28,43.64
"2025-12-02 13:50:00",525275,13.59,27.71,748.9,21.52,44.63
"2025-12-02 13:55:00",525276,13.59,27.88,748.7,21.02,48.04
"2025-12-02 14:00:00",525277,13.59,28,748.6,21.61,46.08
"2025-12-02 14:05:00",525278,13.59,28.24,748.5,22.5,44.49
"2025-12-02 14:10:00",525279,13.59,28.64,748.3,22.52,43.81
"2025-12-02 14:15:00",525280,13.56,28.98,748.2,21.44,48.06
"2025-12-02 14:20:00",525281,13.56,29.16,748.1,22.62,45.02
"2025-12-02 14:25:00",525282,13.56,29.35,748,22.1,46.11
"2025-12-02 14:30:00",525283,13.56,29.37,747.9,21.41,46.95
"2025-12-02 14:35:00",525284,13.56,29.31,747.8,21.52,42.79
"2025-12-02 14:40:00",525285,13.56,29.19,747.7,22.3,42.72
"2025-12-02 14:45:00",525286,13.56,29.15,747.5,23.29,42.77
"2025-12-02 14:50:00",525287,13.56,29.22,747.5,22.25,42.69
"2025-12-02 14:55:00",525288,13.57,29.25,747.4,22.66,37.02
"2025-12-02 15:00:00",525289,13.57,29.3,747.3,22.82,38.61
"2025-12-02 15:05:00",525290,13.56,29.31,747.3,22.55,40.12
"2025-12-02 15:10:00",525291,13.56,29.34,747.3,22.85,42.11
"2025-12-02 15:15:00",525292,13.57,29.36,747.2,22.53,41.26
"2025-12-02 15:20:00",525293,13.56,29.3,747.2,21.86,41.44
"2025-12-02 15:25:00",525294,13.56,29.1,747.2,21.33,43.32
"2025-12-02 15:30:00",525295,13.56,28.81,747.1,21.14,41.82
"2025-12-02 15:35:00",525296,13.57,28.46,747,21.44,42.88
"2025-12-02 15:40:00",525297,13.56,28.19,747,21.67,42.65
"2025-12-02 15:45:00",525298,13.56,27.98,747,21.69,43.33
"2025-12-02 15:50:00",525299,13.57,27.84,746.9,22.02,44.5
"2025-12-02 15:55:00",525300,13.56,27.73,746.9,22.35,42.21
"2025-12-02 16:00:00",525301,13.57,27.71,746.9,22.07,41.73
"2025-12-02 16:05:00",525302,13.57,27.69,746.9,21.97,44.46
"2025-12-02 16:10:00",525303,13.57,27.67,746.9,22.19,42.9
"2025-12-02 16:15:00",525304,13.57,27.66,746.9,22.07,41.47
"2025-12-02 16:20:00",525305,13.57,27.58,746.8,21.78,43.89
"2025-12-02 16:25:00",525306,13.57,27.47,746.8,21.81,42.47
"2025-12-02 16:30:00",525307,13.57,27.37,746.7,21.69,43.39
"2025-12-02 16:35:00",525308,13.57,27.29,746.7,21.87,41.8
"2025-12-02 16:40:00",525309,13.57,27.24,746.7,22.19,40.83
"2025-12-02 16:45:00",525310,13.57,27.18,746.7,21.93,42.55
"2025-12-02 16:50:00",525311,13.56,27.18,746.6,22.31,40.91
"2025-12-02 16:55:00",525312,13.57,27.22,746.7,22.24,41.87
"2025-12-02 17:00:00",525313,13.56,27.24,746.6,22.18,40.05
"2025-12-02 17:05:00",525314,13.57,27.36,746.6,22.35,39.81
"2025-12-02 17:10:00",525315,13.57,27.53,746.6,22.61,40.55
"2025-12-02 17:15:00",525316,13.57,27.78,746.6,22.83,39.5
"2025-12-02 17:20:00",525317,13.57,28.07,746.6,22.93,40.26
"2025-12-02 17:25:00",525318,13.57,28.4,746.7,22.87,39.08
"2025-12-02 17:30:00",525319,13.57,28.64,746.8,22.58,42.3
"2025-12-02 17:35:00",525320,13.57,28.69,746.8,22.01,42.63
"2025-12-02 17:40:00",525321,13.57,28.45,746.9,21.66,43.62
"2025-12-02 17:45:00",525322,13.57,27.73,746.9,21.77,44.34
"2025-12-02 17:50:00",525323,13.52,27.03,746.9,22.09,45.43
"2025-12-02 17:55:00",525324,13.43,26.48,746.9,22,43.78
"2025-12-02 18:00:00",525325,13.44,26.09,747,21.8,42.83
"2025-12-02 18:05:00",525326,13.43,25.83,747.2,22.36,41.82
"2025-12-02 18:10:00",525327,13.41,25.67,747.3,21.99,43.4
"2025-12-02 18:15:00",525328,13.38,25.52,747.4,21.62,42.9
"2025-12-02 18:20:00",525329,13.37,25.33,747.4,21.45,44.36
"2025-12-02 18:25:00",525330,13.29,25.07,747.5,20.9,45.1
"2025-12-02 18:30:00",525331,13.14,24.71,747.4,20.89,45.03
"2025-12-02 18:35:00",525332,13.03,24.37,747.5,20.84,44.9
"2025-12-02 18:40:00",525333,12.96,24.05,747.6,20.76,46.52
"2025-12-02 18:45:00",525334,12.93,23.75,747.7,20.81,47.03
"2025-12-02 18:50:00",525335,12.92,23.34,747.8,20.68,46.38
"2025-12-02 18:55:00",525336,12.92,23.09,747.9,20.65,45.87
"2025-12-02 19:00:00",525337,12.91,22.87,747.9,20.63,47.2
"2025-12-02 19:05:00",525338,12.9,22.71,748.3,20.64,48.15
"2025-12-02 19:10:00",525339,12.89,22.55,748.8,19.04,60.2
"2025-12-02 19:15:00",525340,12.89,22.02,749,17.02,72.43
"2025-12-02 19:20:00",525341,12.88,21.14,749.1,15.39,79.75
"2025-12-02 19:25:00",525342,12.88,20.06,749.4,16.22,69.02
"2025-12-02 19:30:00",525343,12.87,19.01,749.7,15.37,77.01
"2025-12-02 19:35:00",525344,12.86,18.13,749.7,14.91,80.8
"2025-12-02 19:40:00",525345,12.86,17.49,749.7,14.65,85.7
"2025-12-02 19:45:00",525346,12.86,17.03,749.8,14.88,86.6
"2025-12-02 19:50:00",525347,12.85,16.72,749.8,15.18,83.1
"2025-12-02 19:55:00",525348,12.85,16.48,750,15.02,84.2
"2025-12-02 20:00:00",525349,12.84,16.28,750.1,14.87,85.4
"2025-12-02 20:05:00",525350,12.84,16.1,749.9,14.83,86.1
"2025-12-02 20:10:00",525351,12.83,15.94,750,14.63,88.6
"2025-12-02 20:15:00",525352,12.83,15.81,749.9,14.47,88.3
"2025-12-02 20:20:00",525353,12.83,15.68,749.8,14.49,87
"2025-12-02 20:25:00",525354,12.82,15.57,749.9,14.87,84.5
"2025-12-02 20:30:00",525355,12.82,15.49,749.8,14.91,84.5
"2025-12-02 20:35:00",525356,12.82,15.44,749.9,15.25,80.2
"2025-12-02 20:40:00",525357,12.82,15.45,749.8,15.5,78.32
"2025-12-02 20:45:00",525358,12.82,15.5,749.9,15.56,77.02
"2025-12-02 20:50:00",525359,12.81,15.59,749.9,15.73,76.27
"2025-12-02 20:55:00",525360,12.81,15.7,749.8,15.85,74.46
"2025-12-02 21:00:00",525361,12.81,15.82,749.6,15.88,73.95
"2025-12-02 21:05:00",525362,12.81,15.96,749.4,15.96,73.23
"2025-12-02 21:10:00",525363,12.81,16.1,749.4,16.15,71.92
"2025-12-02 21:15:00",525364,12.81,16.27,749.3,16.1,74.68
"2025-12-02 21:20:00",525365,12.81,16.38,749.3,15.56,79.36
"2025-12-02 21:25:00",525366,12.8,16.45,749.1,15.13,82.7
"2025-12-02 21:30:00",525367,12.8,16.47,749,15.2,81.1
"2025-12-02 21:35:00",525368,12.8,16.45,749,15.32,80.3
"2025-12-02 21:40:00",525369,12.8,16.45,749.1,15.04,81.7
"2025-12-02 21:45:00",525370,12.8,16.41,749.3,15.02,81.3
"2025-12-02 21:50:00",525371,12.8,16.31,749.3,15.04,82.4
"2025-12-02 21:55:00",525372,12.8,16.27,749.3,15.27,80.7
"2025-12-02 22:00:00",525373,12.8,16.25,749.7,15.28,81.7
"2025-12-02 22:05:00",525374,12.8,16.23,749.9,15.33,81.2
"2025-12-02 22:10:00",525375,12.81,16.23,750,15.52,81.5
"2025-12-02 22:15:00",525376,12.81,16.25,750.1,15.7,79.2
"2025-12-02 22:20:00",525377,12.81,16.28,750.2,15.94,76.85
"2025-12-02 22:25:00",525378,12.8,16.35,750.3,16.14,77.37
"2025-12-02 22:30:00",525379,12.8,16.41,750.4,16.06,77.86
"2025-12-02 22:35:00",525380,12.8,16.47,750.5,16.08,77.05
"2025-12-02 22:40:00",525381,12.8,16.54,750.7,15.9,77.85
"2025-12-02 22:45:00",525382,12.8,16.59,750.7,15.78,78.55
"2025-12-02 22:50:00",525383,12.8,16.63,750.7,15.69,77.13
"2025-12-02 22:55:00",525384,12.8,16.62,750.7,15.72,76.18
"2025-12-02 23:00:00",525385,12.8,16.62,750.7,15.82,74.56
"2025-12-02 23:05:00",525386,12.8,16.65,750.6,16.04,73.53
"2025-12-02 23:10:00",525387,12.79,16.7,750.5,16.07,73.13
"2025-12-02 23:15:00",525388,12.79,16.74,750.4,16.02,74.21
"2025-12-02 23:20:00",525389,12.79,16.76,750.4,15.9,74.72
"2025-12-02 23:25:00",525390,12.79,16.77,750.4,15.9,74.24
"2025-12-02 23:30:00",525391,12.79,16.77,750.3,15.87,74.94
"2025-12-02 23:35:00",525392,12.79,16.75,750.3,15.76,76.28
"2025-12-02 23:40:00",525393,12.79,16.72,750.3,15.69,75.45
"2025-12-02 23:45:00",525394,12.79,16.68,750.2,15.66,77.24
"2025-12-02 23:50:00",525395,12.79,16.64,750.2,15.61,76.7
"2025-12-02 23:55:00",525396,12.78,16.6,750.2,15.77,74.78
"2025-12-03 00:00:00",525397,12.78,16.56,750.2,15.75,74.95
"2025-12-03 00:05:00",525398,12.78,16.54,750.2,15.68,76.85
"2025-12-03 00:10:00",525399,12.78,16.51,750.1,15.41,79.28
"2025-12-03 00:15:00",525400,12.78,16.46,750.1,15.2,80.3
"2025-12-03 00:20:00",525401,12.78,16.4,750,15.13,78.72
"2025-12-03 00:25:00",525402,12.78,16.31,750,15.18,81.1
"2025-12-03 00:30:00",525403,12.77,16.25,749.9,15.13,81.3
"2025-12-03 00:35:00",525404,12.77,16.2,749.9,15.18,81.6
"2025-12-03 00:40:00",525405,12.77,16.16,749.9,15.22,81.2
"2025-12-03 00:45:00",525406,12.77,16.01,749.8,15.24,81.6
"2025-12-03 00:50:00",525407,12.77,15.95,749.7,15.17,81.3
"2025-12-03 00:55:00",525408,12.77,15.89,749.6,15.14,82.7
"2025-12-03 01:00:00",525409,12.76,15.85,749.5,15.03,81.3
"2025-12-03 01:05:00",525410,12.76,15.81,749.5,15.05,81.3
"2025-12-03 01:10:00",525411,12.76,15.79,749.5,15.04,81.6
"2025-12-03 01:15:00",525412,12.76,15.75,749.5,15.1,82.8
"2025-12-03 01:20:00",525413,12.76,15.73,749.5,15.18,80.6
"2025-12-03 01:25:00",525414,12.76,15.72,749.3,15.14,78.63
"2025-12-03 01:30:00",525415,12.76,15.72,749.2,15.09,82.2
"2025-12-03 01:35:00",525416,12.75,15.72,749.2,14.88,83.5
"2025-12-03 01:40:00",525417,12.75,15.71,749.2,14.85,84.8
"2025-12-03 01:45:00",525418,12.75,15.72,749.3,14.79,85.8
"2025-12-03 01:50:00",525419,12.75,15.72,749.2,14.69,86
"2025-12-03 01:55:00",525420,12.75,15.7,749.1,14.74,85.4
"2025-12-03 02:00:00",525421,12.74,15.7,749.1,14.87,86.2
"2025-12-03 02:05:00",525422,12.74,15.73,749.2,15.02,83.8
"2025-12-03 02:10:00",525423,12.74,15.77,749.2,15.19,83.3
"2025-12-03 02:15:00",525424,12.73,15.82,749.2,15.31,83.5
"2025-12-03 02:20:00",525425,12.74,15.87,749.2,15.42,81.4
"2025-12-03 02:25:00",525426,12.73,15.93,749.2,15.54,80.3
"2025-12-03 02:30:00",525427,12.73,16,749.2,15.63,81
"2025-12-03 02:35:00",525428,12.73,16.06,749.2,15.64,81.2
"2025-12-03 02:40:00",525429,12.72,16.12,749.2,15.48,82
"2025-12-03 02:45:00",525430,12.72,16.17,749.2,15.52,83.2
"2025-12-03 02:50:00",525431,12.72,16.21,749.2,15.46,83.2
"2025-12-03 02:55:00",525432,12.72,16.25,749.2,15.2,84.4
"2025-12-03 03:00:00",525433,12.71,16.28,749.2,15.13,84.4
"2025-12-03 03:05:00",525434,12.71,16.28,749.2,15.16,84.4
"2025-12-03 03:10:00",525435,12.71,16.3,749.1,15.18,83.7
"2025-12-03 03:15:00",525436,12.71,16.31,749.1,15.22,84
"2025-12-03 03:20:00",525437,12.7,16.33,749.2,15.19,84.2
"2025-12-03 03:25:00",525438,12.7,16.33,749.2,15.19,83.9
"2025-12-03 03:30:00",525439,12.7,16.33,749.2,15.12,83.2
"2025-12-03 03:35:00",525440,12.69,16.32,749.1,15.04,83
"2025-12-03 03:40:00",525441,12.69,16.24,749.1,15.06,83.3
"2025-12-03 03:45:00",525442,12.69,16.21,749.1,15.12,84.2
"2025-12-03 03:50:00",525443,12.68,16.18,749.1,15.12,84.9
"2025-12-03 03:55:00",525444,12.68,16.18,749.1,15.12,84.7
"2025-12-03 04:00:00",525445,12.68,16.18,749.1,15.16,84.6
"2025-12-03 04:05:00",525446,12.67,16.18,749.2,15.12,83.9
"2025-12-03 04:10:00",525447,12.67,16.18,749.2,15.15,83.3
"2025-12-03 04:15:00",525448,12.67,16.18,749.2,15.18,81.9
"2025-12-03 04:20:00",525449,12.66,16.18,749.2,15.18,81.8
"2025-12-03 04:25:00",525450,12.66,16.18,749.2,15.29,83.1
"2025-12-03 04:30:00",525451,12.66,16.19,749.3,15.14,85.1
"2025-12-03 04:35:00",525452,12.65,16.2,749.3,15.02,85.6
"2025-12-03 04:40:00",525453,12.65,16.19,749.3,14.96,85.4
"2025-12-03 04:45:00",525454,12.64,16.2,749.4,15.13,84.5
"2025-12-03 04:50:00",525455,12.64,16.2,749.4,15.02,85.7
"2025-12-03 04:55:00",525456,12.64,16.19,749.5,15.02,84.5
"2025-12-03 05:00:00",525457,12.63,16.2,749.5,15.12,84.6
"2025-12-03 05:05:00",525458,12.63,16.2,749.5,15.19,83.8
"2025-12-03 05:10:00",525459,12.62,16.22,749.6,15.24,84.3
"2025-12-03 05:15:00",525460,12.62,16.22,749.7,15.13,85
"2025-12-03 05:20:00",525461,12.62,16.23,749.7,15.02,84.2
"2025-12-03 05:25:00",525462,12.62,16.23,749.7,15.02,85.1
"2025-12-03 05:30:00",525463,12.61,16.21,749.7,15.1,86.3
"2025-12-03 05:35:00",525464,12.61,16.2,749.8,15.11,85
"2025-12-03 05:40:00",525465,12.6,16.23,749.8,15.11,85.2
"2025-12-03 05:45:00",525466,12.6,16.3,749.9,15.12,84.6
"2025-12-03 05:50:00",525467,12.61,16.35,749.9,15.18,85
"2025-12-03 05:55:00",525468,12.61,16.37,750,15.21,85
"2025-12-03 06:00:00",525469,12.62,16.4,750.1,15.22,83.4
"2025-12-03 06:05:00",525470,12.62,16.44,750.2,15.34,79.59
"2025-12-03 06:10:00",525471,12.64,16.52,750.2,15.54,79.39
"2025-12-03 06:15:00",525472,12.65,16.6,750.3,15.52,81.6
"2025-12-03 06:20:00",525473,12.64,16.68,750.4,15.54,81.7
"2025-12-03 06:25:00",525474,12.66,16.75,750.4,15.56,81.8
"2025-12-03 06:30:00",525475,12.71,16.84,750.5,15.6,80.9
"2025-12-03 06:35:00",525476,12.83,16.95,750.5,15.74,80.5
"2025-12-03 06:40:00",525477,13.07,17.1,750.6,15.94,79.48
"2025-12-03 06:45:00",525478,13.49,17.4,750.7,16.32,78.38
"2025-12-03 06:50:00",525479,13.62,17.76,750.7,16.46,74.07
"2025-12-03 06:55:00",525480,13.5,17.98,750.8,16.64,73.82
"2025-12-03 07:00:00",525481,13.42,18.12,750.9,16.79,72.04
"2025-12-03 07:05:00",525482,13.53,18.34,750.9,17.08,72.07
"2025-12-03 07:10:00",525483,13.55,18.65,750.9,17.29,69.8
"2025-12-03 07:15:00",525484,13.5,18.84,750.9,17.32,70.06
"2025-12-03 07:20:00",525485,13.45,18.98,751,17.27,70.29
"2025-12-03 07:25:00",525486,13.49,19.16,751,17.34,69.98
"2025-12-03 07:30:00",525487,13.6,19.36,751,17.32,69.4
"2025-12-03 07:35:00",525488,13.6,19.58,751,17.36,69.17
"2025-12-03 07:40:00",525489,13.52,19.69,751.1,17.6,68.81
"2025-12-03 07:45:00",525490,13.5,19.78,751.1,17.6,68.78
"2025-12-03 07:50:00",525491,13.53,19.8,751.2,17.31,67.68
"2025-12-03 07:55:00",525492,13.51,19.85,751.2,17.53,68.77
"2025-12-03 08:00:00",525493,13.53,19.92,751.2,17.57,69.21
"2025-12-03 08:05:00",525494,13.43,19.92,751.2,17.33,69.19
"2025-12-03 08:10:00",525495,13.39,19.87,751.3,17.26,69.32
"2025-12-03 08:15:00",525496,13.44,19.84,751.4,16.95,71.3
"2025-12-03 08:20:00",525497,13.56,19.86,751.4,16.93,70.6
"2025-12-03 08:25:00",525498,13.53,19.84,751.4,16.94,71.5
"2025-12-03 08:30:00",525499,13.59,19.83,751.4,16.91,71.29
"2025-12-03 08:35:00",525500,13.88,19.9,751.4,16.99,71.54
"2025-12-03 08:40:00",525501,13.76,20.18,751.5,17.19,69.98
"2025-12-03 08:45:00",525502,13.67,20.05,751.5,17.41,70.14
"2025-12-03 08:50:00",525503,13.76,20.16,751.5,17.31,69.48
"2025-12-03 08:55:00",525504,13.76,20.19,751.6,17.23,69.79
"2025-12-03 09:00:00",525505,13.73,20.82,751.6,17.31,73.72
"2025-12-03 09:05:00",525506,13.74,21.32,751.6,17.28,74.57
"2025-12-03 09:10:00",525507,13.71,21.59,751.6,17.75,71.33
"2025-12-03 09:15:00",525508,13.71,21.88,751.6,18.08,68.6
"2025-12-03 09:20:00",525509,13.71,22.26,751.7,18.08,66.67
"2025-12-03 09:25:00",525510,13.68,22.56,751.7,17.83,68.5
"2025-12-03 09:30:00",525511,13.68,22.68,751.6,17.72,69.91
"2025-12-03 09:35:00",525512,13.69,22.6,751.6,17.33,73.09
"2025-12-03 09:40:00",525513,13.68,22.27,751.7,16.83,73.63
"2025-12-03 09:45:00",525514,13.68,22.22,751.7,16.29,75.48
"2025-12-03 09:50:00",525515,13.69,22.05,751.7,16.2,78.42
"2025-12-03 09:55:00",525516,13.68,21.77,751.7,15.83,81.3
"2025-12-03 10:00:00",525517,13.69,21.39,751.6,15.7,85.4
"2025-12-03 10:05:00",525518,13.68,21.08,751.5,15.68,84.9
"2025-12-03 10:10:00",525519,13.68,20.87,751.5,15.98,83.8
"2025-12-03 10:15:00",525520,13.68,20.74,751.6,16.36,81.9
"2025-12-03 10:20:00",525521,13.69,20.74,751.6,17.05,79.74
"2025-12-03 10:25:00",525522,13.69,20.82,751.6,16.97,75.19
"2025-12-03 10:30:00",525523,13.69,20.86,751.7,17.36,74.99
"2025-12-03 10:35:00",525524,13.69,20.93,751.8,17.72,70.14
"2025-12-03 10:40:00",525525,13.69,21.09,751.8,17.65,73.39
"2025-12-03 10:45:00",525526,13.69,21.28,751.8,16.75,79.17
"2025-12-03 10:50:00",525527,13.69,21.32,751.8,16.32,79.75
"2025-12-03 10:55:00",525528,13.69,21.28,751.6,15.97,83
"2025-12-03 11:00:00",525529,13.69,21.2,751.6,16.04,82
"2025-12-03 11:05:00",525530,13.69,21.12,751.5,16.31,80.4
"2025-12-03 11:10:00",525531,13.69,21.16,751.5,16.3,78.52
"2025-12-03 11:15:00",525532,13.69,21.21,751.4,16.53,79.04
"2025-12-03 11:20:00",525533,13.69,21.31,751.3,16.76,76.23
"2025-12-03 11:25:00",525534,13.69,21.43,751.3,17.01,77.29
"2025-12-03 11:30:00",525535,13.69,21.57,751.2,17.55,75.34
"2025-12-03 11:35:00",525536,13.69,21.73,751.1,17.78,72.47
"2025-12-03 11:40:00",525537,13.69,21.87,751.2,17.5,73.33
"2025-12-03 11:45:00",525538,13.69,21.98,751.2,17.74,72.95
"2025-12-03 11:50:00",525539,13.69,22.21,751.1,18.4,71.14
"2025-12-03 11:55:00",525540,13.69,22.46,751.1,19.01,72.94
"2025-12-03 12:00:00",525541,13.69,22.76,751.1,18.77,68.58
"2025-12-03 12:05:00",525542,13.69,23.08,751,18.55,66.66
"2025-12-03 12:10:00",525543,13.67,23.3,751.1,18.49,68.45
"2025-12-03 12:15:00",525544,13.67,23.35,751.1,18.48,70.72
"2025-12-03 12:20:00",525545,13.66,23.29,751,17.8,74.3
"2025-12-03 12:25:00",525546,13.67,23.13,751,17.92,75.58
"2025-12-03 12:30:00",525547,13.66,22.86,751,17.59,75.94
"2025-12-03 12:35:00",525548,13.67,22.5,750.9,17.55,73.14
"2025-12-03 12:40:00",525549,13.67,22.17,750.9,17.15,76.11
"2025-12-03 12:45:00",525550,13.66,21.86,750.9,17.38,74.62
"2025-12-03 12:50:00",525551,13.67,21.61,750.9,17.53,74.11
"2025-12-03 12:55:00",525552,13.66,21.46,750.9,17.32,73.95
"2025-12-03 13:00:00",525553,13.67,21.42,750.8,17.16,74.35
"2025-12-03 13:05:00",525554,13.67,21.45,750.8,17.39,72.42
"2025-12-03 13:10:00",525555,13.67,21.59,750.8,17.45,73.72
"2025-12-03 13:15:00",525556,13.67,21.8,750.8,17.81,71.2
"2025-12-03 13:20:00",525557,13.67,21.99,750.7,16.81,74.28
"2025-12-03 13:25:00",525558,13.67,21.97,750.5,16.56,73.92
"2025-12-03 13:30:00",525559,13.67,21.76,750.4,16.46,76.79
"2025-12-03 13:35:00",525560,13.67,21.51,750.4,16.63,73.79
"2025-12-03 13:40:00",525561,13.67,21.28,750.3,16.97,74.39
"2025-12-03 13:45:00",525562,13.67,21.15,750.3,17.13,73.86
"2025-12-03 13:50:00",525563,13.67,21.09,750.2,17.08,73.36
"2025-12-03 13:55:00",525564,13.67,21.08,750,17.07,76.83
"2025-12-03 14:00:00",525565,13.67,21.03,750,16.78,74.59
"2025-12-03 14:05:00",525566,13.67,21,749.9,17.21,71.17
"2025-12-03 14:10:00",525567,13.67,21.07,749.8,17.88,72.31
"2025-12-03 14:15:00",525568,13.67,21.34,749.7,18.39,66.84
"2025-12-03 14:20:00",525569,13.67,21.74,749.5,18.64,64.37
"2025-12-03 14:25:00",525570,13.67,22.21,749.4,19.33,63.53
"2025-12-03 14:30:00",525571,13.67,22.71,749.4,19.42,60.32
"2025-12-03 14:35:00",525572,13.67,23.27,749.2,19.63,60.2
"2025-12-03 14:40:00",525573,13.67,23.82,749.1,20.07,58.33
"2025-12-03 14:45:00",525574,13.67,24.3,749.1,19.06,58.78
"2025-12-03 14:50:00",525575,13.65,24.62,749,19.76,63.18
"2025-12-03 14:55:00",525576,13.65,24.94,749,19.92,61.52
"2025-12-03 15:00:00",525577,13.65,25.19,748.9,19.44,62.95
"2025-12-03 15:05:00",525578,13.65,25.35,748.8,19.78,58.22
"2025-12-03 15:10:00",525579,13.65,25.46,748.7,20.4,59.57
"2025-12-03 15:15:00",525580,13.65,25.66,748.6,20.1,57.94
"2025-12-03 15:20:00",525581,13.62,25.87,748.6,20.28,60.92
"2025-12-03 15:25:00",525582,13.62,25.96,748.5,20.81,57.55
"2025-12-03 15:30:00",525583,13.62,25.98,748.4,20.46,53.58
"2025-12-03 15:35:00",525584,13.62,26.07,748.3,21.47,53.38
"2025-12-03 15:40:00",525585,13.62,26.3,748.2,21.02,50.91
"2025-12-03 15:45:00",525586,13.62,26.53,748.2,20.97,50.59
"2025-12-03 15:50:00",525587,13.62,26.72,748.2,21.08,51.77
"2025-12-03 15:55:00",525588,13.62,26.91,748.1,21.4,48.69
"2025-12-03 16:00:00",525589,13.59,27.04,748,22.28,49.28
"2025-12-03 16:05:00",525590,13.59,27.28,748,22.53,45.07
"2025-12-03 16:10:00",525591,13.6,27.61,747.9,22.45,46.85
"2025-12-03 16:15:00",525592,13.6,27.94,747.8,22.33,45.62
"2025-12-03 16:20:00",525593,13.57,28.21,747.8,23.24,46.54
"2025-12-03 16:25:00",525594,13.57,28.5,747.8,23.36,44.85
"2025-12-03 16:30:00",525595,13.57,28.77,747.9,22.6,45.88
"2025-12-03 16:35:00",525596,13.57,28.82,747.9,22.06,47.6
"2025-12-03 16:40:00",525597,13.57,28.84,747.9,23.17,44.18
"2025-12-03 16:45:00",525598,13.57,28.97,747.9,22.83,48.3
"2025-12-03 16:50:00",525599,13.57,29.24,747.8,23.6,45.33
"2025-12-03 16:55:00",525600,13.55,29.64,747.9,23.51,44.93
"2025-12-03 17:00:00",525601,13.55,29.87,748,22.33,47
"2025-12-03 17:05:00",525602,13.55,29.8,748,22.14,47.74
"2025-12-03 17:10:00",525603,13.55,29.52,747.9,22.14,47.71
"2025-12-03 17:15:00",525604,13.55,29.2,747.9,22.11,51.69
"2025-12-03 17:20:00",525605,13.54,28.75,747.9,21.56,51.05
"2025-12-03 17:25:00",525606,13.54,28.36,747.9,20.61,58.38
"2025-12-03 17:30:00",525607,13.54,27.77,747.9,19.64,62.77
"2025-12-03 17:35:00",525608,13.54,27.07,748,19.7,62.87
"2025-12-03 17:40:00",525609,13.54,26.43,748,19.52,64.22
"2025-12-03 17:45:00",525610,13.57,25.7,748,19.52,62.93
"2025-12-03 17:50:00",525611,13.59,25.06,748,19.56,62.31
"2025-12-03 17:55:00",525612,13.58,24.43,748,19.54,62.67
"2025-12-03 18:00:00",525613,13.38,23.9,748.1,19.74,61.52
"2025-12-03 18:05:00",525614,13.27,23.51,748.2,19.82,59.93
"2025-12-03 18:10:00",525615,13.11,23.19,748.2,19.85,59.54
"2025-12-03 18:15:00",525616,13.03,22.93,748.3,19.79,59.38
"2025-12-03 18:20:00",525617,13,22.7,748.3,19.78,60.5
"2025-12-03 18:25:00",525618,12.99,22.54,748.4,19.8,59.26
"2025-12-03 18:30:00",525619,12.97,22.3,748.4,19.83,58.26
"2025-12-03 18:35:00",525620,12.93,22.11,748.4,19.84,57.99
"2025-12-03 18:40:00",525621,12.91,21.96,748.4,19.84,58.11
"2025-12-03 18:45:00",525622,12.91,21.79,748.5,19.84,58.78
"2025-12-03 18:50:00",525623,12.9,21.63,748.6,19.78,58.77
"2025-12-03 18:55:00",525624,12.9,21.47,748.7,19.68,60.4
"2025-12-03 19:00:00",525625,12.89,21.34,748.7,19.62,59.63
"2025-12-03 19:05:00",525626,12.89,21.22,748.8,19.51,59.16
"2025-12-03 19:10:00",525627,12.89,21.09,748.8,19.52,61.52
"2025-12-03 19:15:00",525628,12.88,20.97,748.9,19.17,65.58
"2025-12-03 19:20:00",525629,12.88,20.84,749,18.83,67.39
"2025-12-03 19:25:00",525630,12.88,20.7,749.1,18.75,68.2
"2025-12-03 19:30:00",525631,12.88,20.56,749.2,18.66,69.68
"2025-12-03 19:35:00",525632,12.88,20.44,749.2,18.53,70.35
"2025-12-03 19:40:00",525633,12.87,20.33,749.3,18.48,70.54
"2025-12-03 19:45:00",525634,12.87,20.22,749.3,18.47,70.54
"2025-12-03 19:50:00",525635,12.87,20.13,749.4,18.46,70.66
"2025-12-03 19:55:00",525636,12.86,20.02,749.5,18.49,70.14
"2025-12-03 20:00:00",525637,12.86,19.95,749.6,18.51,69.12
"2025-12-03 20:05:00",525638,12.86,19.86,749.7,18.56,68.16
"2025-12-03 20:10:00",525639,12.86,19.81,749.7,18.51,69.47
"2025-12-03 20:15:00",525640,12.86,19.72,749.8,18.47,70.43
"2025-12-03 20:20:00",525641,12.85,19.65,749.9,18.47,69.29
"2025-12-03 20:25:00",525642,12.85,19.58,750,18.51,68.63
"2025-12-03 20:30:00",525643,12.85,19.53,750.1,18.53,68.66
"2025-12-03 20:35:00",525644,12.86,19.42,750.2,18.57,67.76
"2025-12-03 20:40:00",525645,12.86,19.2,750.2,18.57,66.7
"2025-12-03 20:45:00",525646,12.86,19.21,750.4,18.65,64.46
"2025-12-03 20:50:00",525647,12.85,19.13,750.5,18.86,60.93
"2025-12-03 20:55:00",525648,12.85,19.12,750.6,19.21,56.05
"2025-12-03 21:00:00",525649,12.85,19.14,750.7,19.08,57.78
"2025-12-03 21:05:00",525650,12.85,19.14,750.8,18.79,60.01
"2025-12-03 21:10:00",525651,12.85,19.13,750.8,18.8,59.74
"2025-12-03 21:15:00",525652,12.85,19.11,750.9,18.81,60.29
"2025-12-03 21:20:00",525653,12.85,19.07,751,18.63,64.48
"2025-12-03 21:25:00",525654,12.84,19.03,751,18.44,62.57
"2025-12-03 21:30:00",525655,12.84,18.99,751.1,18.53,64.91
"2025-12-03 21:35:00",525656,12.84,18.97,751.2,18.41,67.82
"2025-12-03 21:40:00",525657,12.84,18.97,751.2,18.51,59.42
"2025-12-03 21:45:00",525658,12.84,18.95,751.3,18.58,62.75
"2025-12-03 21:50:00",525659,12.84,18.95,751.4,18.51,62.7
"2025-12-03 21:55:00",525660,12.84,18.95,751.4,18.45,61.13
"2025-12-03 22:00:00",525661,12.83,18.94,751.5,18.43,62.72
"2025-12-03 22:05:00",525662,12.83,18.93,751.6,18.34,62.08
"2025-12-03 22:10:00",525663,12.83,18.91,751.6,18.29,62.76
"2025-12-03 22:15:00",525664,12.83,18.89,751.7,18.22,63.37
"2025-12-03 22:20:00",525665,12.83,18.82,751.7,18.09,64.18
"2025-12-03 22:25:00",525666,12.83,18.77,751.8,18.02,64.05
"2025-12-03 22:30:00",525667,12.83,18.72,751.8,17.95,65.05
"2025-12-03 22:35:00",525668,12.83,18.57,751.9,17.79,66.82
"2025-12-03 22:40:00",525669,12.82,18.29,751.8,17.75,64.27
"2025-12-03 22:45:00",525670,12.82,18.04,751.8,17.88,62.78
"2025-12-03 22:50:00",525671,12.82,17.84,751.8,17.88,62.36
"2025-12-03 22:55:00",525672,12.82,17.7,751.8,17.93,62.43
"2025-12-03 23:00:00",525673,12.82,17.62,751.8,17.85,63.76
"2025-12-03 23:05:00",525674,12.82,17.63,751.8,17.77,63.15
"2025-12-03 23:10:00",525675,12.81,17.71,751.8,17.85,63.16
"2025-12-03 23:15:00",525676,12.81,17.77,751.7,17.89,62.3
"2025-12-03 23:20:00",525677,12.81,17.85,751.7,17.84,62.56
"2025-12-03 23:25:00",525678,12.81,17.92,751.6,17.84,62.74
"2025-12-03 23:30:00",525679,12.81,17.99,751.6,17.72,62.99
"2025-12-03 23:35:00",525680,12.81,18.03,751.6,17.65,63.3
"2025-12-03 23:40:00",525681,12.8,18.04,751.6,17.59,63.71
"2025-12-03 23:45:00",525682,12.8,18.06,751.6,17.51,63.04
"2025-12-03 23:50:00",525683,12.8,18.07,751.5,17.51,63.76
"2025-12-03 23:55:00",525684,12.8,18.06,751.6,17.45,63.36
"2025-12-04 00:00:00",525685,12.79,18.03,751.5,17.39,63.35
"2025-12-04 00:05:00",525686,12.78,18.02,751.5,17.32,63.46
"2025-12-04 00:10:00",525687,12.78,17.99,751.4,17.22,63.97
"2025-12-04 00:15:00",525688,12.78,17.95,751.3,17.2,63.32
"2025-12-04 00:20:00",525689,12.78,17.88,751.3,17.11,63.54
"2025-12-04 00:25:00",525690,12.78,17.83,751.3,17.02,63.7
"2025-12-04 00:30:00",525691,12.78,17.79,751.3,17.01,64.32
"2025-12-04 00:35:00",525692,12.78,17.75,751.3,16.96,65.17
"2025-12-04 00:40:00",525693,12.77,17.7,751.4,16.87,65.33
"2025-12-04 00:45:00",525694,12.78,17.65,751.3,16.96,65.26
"2025-12-04 00:50:00",525695,12.77,17.6,751.3,17.07,64.24
"2025-12-04 00:55:00",525696,12.77,17.57,751.2,17.06,64.39
"2025-12-04 01:00:00",525697,12.77,17.55,751.3,17.01,64.23
"2025-12-04 01:05:00",525698,12.77,17.53,751.3,16.96,67.35
"2025-12-04 01:10:00",525699,12.77,17.51,751.2,16.77,69.67
"2025-12-04 01:15:00",525700,12.77,17.47,751.2,16.71,69.89
"2025-12-04 01:20:00",525701,12.77,17.43,751.2,16.75,66.28
"2025-12-04 01:25:00",525702,12.76,17.39,751.2,16.87,65.69
"2025-12-04 01:30:00",525703,12.76,17.38,751.2,16.97,66.68
"2025-12-04 01:35:00",525704,12.76,17.37,751.2,16.8,66.12
"2025-12-04 01:40:00",525705,12.76,17.36,751.1,16.73,66.02
"2025-12-04 01:45:00",525706,12.76,17.33,751.1,16.67,65.92
"2025-12-04 01:50:00",525707,12.76,17.31,751.1,16.67,64.95
"2025-12-04 01:55:00",525708,12.75,17.29,751,16.67,64.29
"2025-12-04 02:00:00",525709,12.75,17.26,751,16.67,63.2
"2025-12-04 02:05:00",525710,12.75,17.23,751,16.58,63.81
"2025-12-04 02:10:00",525711,12.75,17.21,751,16.54,63.56
"2025-12-04 02:15:00",525712,12.75,17.18,751.1,16.57,63.12
"2025-12-04 02:20:00",525713,12.75,17.15,751,16.5,63.2
"2025-12-04 02:25:00",525714,12.75,17.13,751,16.4,62.32
"2025-12-04 02:30:00",525715,12.75,17.11,751,16.39,62.14
"2025-12-04 02:35:00",525716,12.75,17.08,751,16.3,62.57
"2025-12-04 02:40:00",525717,12.75,17.04,751,16.24,62.29
"2025-12-04 02:45:00",525718,12.75,16.98,751,16.17,63.09
"2025-12-04 02:50:00",525719,12.75,16.93,751,16.14,62.99
"2025-12-04 02:55:00",525720,12.75,16.89,750.9,16.1,63.1
"2025-12-04 03:00:00",525721,12.75,16.83,750.9,16.1,63.69
"2025-12-04 03:05:00",525722,12.74,16.79,750.9,16.06,64.25
"2025-12-04 03:10:00",525723,12.73,16.98,750.9,16.03,64.33
"2025-12-04 03:15:00",525724,12.73,17.06,750.9,15.97,64.47
"2025-12-04 03:20:00",525725,12.72,17.07,750.9,16.01,64.42
"2025-12-04 03:25:00",525726,12.72,17.07,750.9,15.95,65.14
"2025-12-04 03:30:00",525727,12.72,17.03,750.9,15.58,71.55
"2025-12-04 03:35:00",525728,12.71,16.84,750.9,14.65,79.14
"2025-12-04 03:40:00",525729,12.71,16.53,750.9,14.27,80.4
"2025-12-04 03:45:00",525730,12.71,16.2,750.9,14.12,82.9
"2025-12-04 03:50:00",525731,12.71,15.88,750.9,14.04,83.6
"2025-12-04 03:55:00",525732,12.7,15.62,750.8,13.99,83.4
"2025-12-04 04:00:00",525733,12.7,15.43,750.8,14.21,82.9
"2025-12-04 04:05:00",525734,12.7,15.27,750.8,14.33,81.8
"2025-12-04 04:10:00",525735,12.69,15.13,750.8,14.38,80.5
"2025-12-04 04:15:00",525736,12.69,15.01,750.8,14.32,82.1
"2025-12-04 04:20:00",525737,12.69,14.91,750.8,14.35,82.7
"2025-12-04 04:25:00",525738,12.68,14.84,750.8,14.27,80.7
"2025-12-04 04:30:00",525739,12.68,14.8,750.7,14.41,79.7
"2025-12-04 04:35:00",525740,12.67,14.83,750.8,14.7,78.16
"2025-12-04 04:40:00",525741,12.67,14.86,750.8,14.73,80.3
"2025-12-04 04:45:00",525742,12.67,14.93,750.8,14.6,81.9
"2025-12-04 04:50:00",525743,12.67,14.98,750.8,14.45,82.2
"2025-12-04 04:55:00",525744,12.66,14.91,750.8,14.41,82.6
"2025-12-04 05:00:00",525745,12.66,14.87,750.7,14.33,82.4
"2025-12-04 05:05:00",525746,12.66,14.83,750.7,14.45,81.3
"2025-12-04 05:10:00",525747,12.65,14.81,750.9,14.55,79.76
"2025-12-04 05:15:00",525748,12.65,14.8,750.9,14.48,81
"2025-12-04 05:20:00",525749,12.65,14.78,751,14.4,80.1
"2025-12-04 05:25:00",525750,12.64,14.77,751.1,14.19,80.8
"2025-12-04 05:30:00",525751,12.64,14.76,751.1,14.26,80.3
"2025-12-04 05:35:00",525752,12.63,14.76,751.2,14.3,80.5
"2025-12-04 05:40:00",525753,12.63,14.84,751.3,14.23,81.1
"2025-12-04 05:45:00",525754,12.63,14.92,751.3,14.18,81.8
"2025-12-04 05:50:00",525755,12.63,14.97,751.4,14.23,81.8
"2025-12-04 05:55:00",525756,12.63,15.01,751.6,14.18,82
"2025-12-04 06:00:00",525757,12.63,15.05,751.6,14.31,81.8
"2025-12-04 06:05:00",525758,12.64,15.12,751.7,14.42,82.4
"2025-12-04 06:10:00",525759,12.65,15.2,751.8,14.53,82.9
"2025-12-04 06:15:00",525760,12.68,15.29,751.8,14.39,83.8
"2025-12-04 06:20:00",525761,12.72,15.4,751.8,14.37,83.1
"2025-12-04 06:25:00",525762,12.79,15.51,751.9,14.46,82.8
"2025-12-04 06:30:00",525763,12.83,15.58,751.9,14.55,82.3
"2025-12-04 06:35:00",525764,12.83,15.66,752,14.63,82.5
"2025-12-04 06:40:00",525765,12.86,15.77,752.1,14.76,82.2
"2025-12-04 06:45:00",525766,12.92,15.9,752.1,14.83,80.9
"2025-12-04 06:50:00",525767,12.95,16.01,752.1,14.86,80.4
"2025-12-04 06:55:00",525768,13.07,16.17,752.2,15.02,79.75
"2025-12-04 07:00:00",525769,13.28,16.35,752.3,15.18,78.95
"2025-12-04 07:05:00",525770,13.3,16.53,752.3,15.32,77.64
"2025-12-04 07:10:00",525771,13.31,16.67,752.3,15.38,76.28
"2025-12-04 07:15:00",525772,13.37,16.83,752.3,15.48,76.84
"2025-12-04 07:20:00",525773,13.32,16.96,752.4,15.52,75.92
"2025-12-04 07:25:00",525774,13.32,17.04,752.5,15.58,75.25
"2025-12-04 07:30:00",525775,13.32,17.13,752.5,15.59,74.52
"2025-12-04 07:35:00",525776,13.38,17.26,752.5,15.62,74.16
"2025-12-04 07:40:00",525777,13.4,17.39,752.6,15.76,72.45
"2025-12-04 07:45:00",525778,13.44,17.51,752.6,15.79,72.62
"2025-12-04 07:50:00",525779,13.45,17.64,752.6,15.98,77.61
"2025-12-04 07:55:00",525780,13.4,17.69,752.8,15.74,79.35
"2025-12-04 08:00:00",525781,13.46,17.69,752.9,15.45,82.1
"2025-12-04 08:05:00",525782,13.56,17.62,752.9,14.19,87
"2025-12-04 08:10:00",525783,13.59,17.46,752.9,14.09,88.5
"2025-12-04 08:15:00",525784,13.63,17.22,752.8,14.39,90.2
"2025-12-04 08:20:00",525785,13.88,17.29,752.8,14.62,90.2
"2025-12-04 08:25:00",525786,13.79,18.28,752.8,14.83,86.1
"2025-12-04 08:30:00",525787,13.79,18.64,752.8,15.08,85.2
"2025-12-04 08:35:00",525788,13.76,18.84,752.9,15.49,80.8
"2025-12-04 08:40:00",525789,13.77,19,752.9,15.8,78.83
"2025-12-04 08:45:00",525790,13.77,19.17,752.9,16.03,79.36
"2025-12-04 08:50:00",525791,13.77,19.39,752.9,16.37,78.45
"2025-12-04 08:55:00",525792,13.77,19.6,752.9,16.08,77.35
"2025-12-04 09:00:00",525793,13.74,19.78,752.9,16.24,73.94
"2025-12-04 09:05:00",525794,13.74,20.01,752.9,16.67,74.45
"2025-12-04 09:10:00",525795,13.74,20.35,753,17.26,71.64
"2025-12-04 09:15:00",525796,13.74,20.82,753,17.87,69.94
"2025-12-04 09:20:00",525797,13.71,21.39,753,18.17,65.8
"2025-12-04 09:25:00",525798,13.71,22.01,752.9,18.36,61.09
"2025-12-04 09:30:00",525799,13.69,22.53,752.9,17.88,62.36
"2025-12-04 09:35:00",525800,13.69,22.99,752.9,18.82,64.93
"2025-12-04 09:40:00",525801,13.66,23.55,752.9,19.34,61.61
"2025-12-04 09:45:00",525802,13.66,24.11,752.9,19.59,60.9
"2025-12-04 09:50:00",525803,13.66,24.67,752.9,19.35,57.36
"2025-12-04 09:55:00",525804,13.63,25.22,752.8,18.98,57.92
"2025-12-04 10:00:00",525805,13.63,25.7,752.7,19.22,56.27
"2025-12-04 10:05:00",525806,13.61,26.09,752.7,20.01,55.87
"2025-12-04 10:10:00",525807,13.61,26.38,752.7,19,54.73
"2025-12-04 10:15:00",525808,13.61,26.52,752.6,19.03,51.92
"2025-12-04 10:20:00",525809,13.61,26.62,752.5,19.36,56.32
"2025-12-04 10:25:00",525810,13.61,26.72,752.5,19.78,53.48
"2025-12-04 10:30:00",525811,13.61,26.98,752.5,19.79,49.93
"2025-12-04 10:35:00",525812,13.58,27.37,752.4,19.89,54.52
"2025-12-04 10:40:00",525813,13.58,27.72,752.4,20.38,53.73
"2025-12-04 10:45:00",525814,13.58,28.07,752.4,21.04,49.47
"2025-12-04 10:50:00",525815,13.56,28.43,752.3,21.33,47.1
"2025-12-04 10:55:00",525816,13.56,28.74,752.2,20.74,50.31
"2025-12-04 11:00:00",525817,13.56,28.91,752.1,20.42,51.42
"2025-12-04 11:05:00",525818,13.56,29.01,751.9,20.27,58.85
"2025-12-04 11:10:00",525819,13.56,29.03,752,19.93,57.14
"2025-12-04 11:15:00",525820,13.56,29.14,751.9,19.2,58.8
"2025-12-04 11:20:00",525821,13.56,29.39,751.8,20.84,53.23
"2025-12-04 11:25:00",525822,13.56,29.64,751.7,20.42,53.79
"2025-12-04 11:30:00",525823,13.53,29.68,751.6,20.68,54.89
"2025-12-04 11:35:00",525824,13.53,29.8,751.5,22.02,49.75
"2025-12-04 11:40:00",525825,13.53,30.22,751.3,22.73,46.95
"2025-12-04 11:45:00",525826,13.53,30.61,751.3,20.96,49.8
"2025-12-04 11:50:00",525827,13.54,30.71,751.1,21.08,50.04
"2025-12-04 11:55:00",525828,13.54,30.79,750.9,22.02,47.02
"2025-12-04 12:00:00",525829,13.53,30.82,750.9,20.22,52.4
"2025-12-04 12:05:00",525830,13.53,30.65,750.8,21.04,50.22
"2025-12-04 12:10:00",525831,13.54,30.59,750.7,22.27,44.36
"2025-12-04 12:15:00",525832,13.53,30.66,750.6,21.63,45.79
"2025-12-04 12:20:00",525833,13.54,30.68,750.7,20.78,48.61
"2025-12-04 12:25:00",525834,13.54,30.59,750.5,22.83,41.84
"2025-12-04 12:30:00",525835,13.54,30.64,750.4,23.85,41.21
"2025-12-04 12:35:00",525836,13.54,30.81,750.3,21.77,47.15
"2025-12-04 12:40:00",525837,13.51,30.83,750.2,22.56,47.44
"2025-12-04 12:45:00",525838,13.51,30.92,750.1,24.64,43.12
"2025-12-04 12:50:00",525839,13.51,31.2,750.1,23.38,42.13
"2025-12-04 12:55:00",525840,13.51,31.44,750,24.09,42.15
"2025-12-04 13:00:00",525841,13.51,31.66,749.8,24.11,40.81
"2025-12-04 13:05:00",525842,13.51,31.85,749.7,24.61,39.52
"2025-12-04 13:10:00",525843,13.49,32.12,749.6,24.95,38.64
"2025-12-04 13:15:00",525844,13.49,32.26,749.4,23.1,43.59
"2025-12-04 13:20:00",525845,13.49,32.22,749.3,23.01,42.54
"2025-12-04 13:25:00",525846,13.49,32.15,749.1,23.82,41.27
"2025-12-04 13:30:00",525847,13.49,32.19,749,24.48,41.02
"2025-12-04 13:35:00",525848,13.49,32.23,748.9,22.56,43.11
"2025-12-04 13:40:00",525849,13.49,32.16,748.8,24.59,39.88
"2025-12-04 13:45:00",525850,13.49,32.12,748.6,22.99,44.03
"2025-12-04 13:50:00",525851,13.49,32.04,748.6,23.51,42.08
"2025-12-04 13:55:00",525852,13.49,31.89,748.4,23.62,40.6
"2025-12-04 14:00:00",525853,13.49,31.86,748.2,24.33,40.58
"2025-12-04 14:05:00",525854,13.49,31.93,748.2,24.72,39.63
"2025-12-04 14:10:00",525855,13.49,31.98,748.1,23.74,40.18
"2025-12-04 14:15:00",525856,13.49,31.87,748,23.89,40.75
"2025-12-04 14:20:00",525857,13.49,31.88,747.8,23.84,40.1
"2025-12-04 14:25:00",525858,13.49,31.64,747.7,23.62,42.29
"2025-12-04 14:30:00",525859,13.49,31.5,747.6,23.6,40.33
"2025-12-04 14:35:00",525860,13.49,31.43,747.5,24.66,39.69
"2025-12-04 14:40:00",525861,13.49,31.49,747.3,23.99,40.47
"2025-12-04 14:45:00",525862,13.49,31.61,747.3,24.22,39.68
"2025-12-04 14:50:00",525863,13.49,31.72,747.2,24.56,38.76
"2025-12-04 14:55:00",525864,13.49,31.91,747.2,25.07,39.01
"2025-12-04 15:00:00",525865,13.49,32.09,747.2,26.07,36.86
"2025-12-04 15:05:00",525866,13.49,32.3,747.1,24.41,39.76
"2025-12-04 15:10:00",525867,13.49,32.35,747.1,23.88,40.36
"2025-12-04 15:15:00",525868,13.49,32.21,747.1,23.61,40.69
"2025-12-04 15:20:00",525869,13.49,32.03,747,24.41,40.03
"2025-12-04 15:25:00",525870,13.49,31.91,747,23.92,38.6
"2025-12-04 15:30:00",525871,13.49,31.73,746.9,24.27,38.7
"2025-12-04 15:35:00",525872,13.49,31.56,746.9,24.18,39.8
"2025-12-04 15:40:00",525873,13.49,31.36,746.9,24.15,39.61
"2025-12-04 15:45:00",525874,13.49,31.16,746.8,23.46,40.58
"2025-12-04 15:50:00",525875,13.49,30.89,746.8,23.29,42.03
"2025-12-04 15:55:00",525876,13.49,30.59,746.8,22.95,42.6
"2025-12-04 16:00:00",525877,13.49,30.24,746.8,23.15,43.92
"2025-12-04 16:05:00",525878,13.29,29.28,746.9,22.95,44.16
"2025-12-04 16:10:00",525879,13.14,28.45,747.2,20.58,49.19
"2025-12-04 16:15:00",525880,13.11,27.55,747.5,19.15,51.03
"2025-12-04 16:20:00",525881,13.12,26.51,747.5,18.74,52.41
"2025-12-04 16:25:00",525882,13.09,25.46,747.7,18.24,53.79
"2025-12-04 16:30:00",525883,13.06,24.56,747.9,18.23,54.19
"2025-12-04 16:35:00",525884,13.04,23.77,747.7,18.13,52.14
"2025-12-04 16:40:00",525885,13.02,22.96,748.1,16.9,61.12
"2025-12-04 16:45:00",525886,13.01,21.89,748.1,15.75,68.15
"2025-12-04 16:50:00",525887,13.01,20.84,748.2,15.18,73.61
"2025-12-04 16:55:00",525888,12.99,19.89,748.2,14.93,72.05
"2025-12-04 17:00:00",525889,12.98,19.05,748.1,14.86,74.96
"2025-12-04 17:05:00",525890,12.96,18.36,748.1,14.99,76.71
"2025-12-04 17:10:00",525891,12.94,17.82,748.2,14.89,77.28
"2025-12-04 17:15:00",525892,12.92,17.4,748.2,14.96,79.79
"2025-12-04 17:20:00",525893,12.9,17.09,748.3,15,78.8
"2025-12-04 17:25:00",525894,12.89,16.8,748.2,15,77.02
"2025-12-04 17:30:00",525895,12.89,16.59,748.2,15.07,75.09
"2025-12-04 17:35:00",525896,12.91,16.43,748.2,15.3,74.77
"2025-12-04 17:40:00",525897,12.91,16.33,748.4,15.42,73.69
"2025-12-04 17:45:00",525898,12.9,16.28,748.4,15.63,75.15
"2025-12-04 17:50:00",525899,12.91,16.29,748.5,15.46,76.75
"2025-12-04 17:55:00",525900,12.91,16.27,748.6,15.32,76.27
"2025-12-04 18:00:00",525901,12.89,16.25,748.7,15.32,75.48
"2025-12-04 18:05:00",525902,12.88,16.24,748.9,15.48,74.89
"2025-12-04 18:10:00",525903,12.89,16.2,749,15.46,75.11
"2025-12-04 18:15:00",525904,12.87,16.15,749,15.38,77.18
"2025-12-04 18:20:00",525905,12.85,16.12,749,15.31,77
"2025-12-04 18:25:00",525906,12.84,16.07,749,15.5,72.96
"2025-12-04 18:30:00",525907,12.84,16.06,749.1,15.34,74.75
"2025-12-04 18:35:00",525908,12.83,16.08,749.1,15.35,72.77
"2025-12-04 18:40:00",525909,12.82,16.14,749.1,15.3,73.1
"2025-12-04 18:45:00",525910,12.82,16.18,749.1,15.41,72.23
"2025-12-04 18:50:00",525911,12.82,16.2,749.2,15.54,72.6
"2025-12-04 18:55:00",525912,12.81,16.25,749.2,15.52,72.71
"2025-12-04 19:00:00",525913,12.82,16.32,749.2,15.54,72.34
"2025-12-04 19:05:00",525914,12.81,16.44,749.2,15.47,72.5
"2025-12-04 19:10:00",525915,12.81,16.55,749.1,15.45,73.75
"2025-12-04 19:15:00",525916,12.81,16.63,749,15.39,73.82
"2025-12-04 19:20:00",525917,12.81,16.67,749.2,15.44,74.12
"2025-12-04 19:25:00",525918,12.81,16.72,749.3,15.44,75.28
"2025-12-04 19:30:00",525919,12.81,16.73,749.3,15.46,75.79
"2025-12-04 19:35:00",525920,12.81,16.75,749.3,15.36,76.19
"2025-12-04 19:40:00",525921,12.81,16.73,749.3,15.24,77.9
"2025-12-04 19:45:00",525922,12.81,16.69,749.4,15.17,78.31
"2025-12-04 19:50:00",525923,12.8,16.65,749.5,15.23,79.43
"2025-12-04 19:55:00",525924,12.8,16.58,749.6,15.25,79.24
"2025-12-04 20:00:00",525925,12.8,16.52,749.8,15.35,80.2
"2025-12-04 20:05:00",525926,12.8,16.47,749.8,15.44,79.51
"2025-12-04 20:10:00",525927,12.8,16.45,750,15.54,78.58
"2025-12-04 20:15:00",525928,12.8,16.45,750,15.63,77.71
"2025-12-04 20:20:00",525929,12.8,16.49,750.1,15.62,76.5
"2025-12-04 20:25:00",525930,12.8,16.52,750.2,15.64,76.67
"2025-12-04 20:30:00",525931,12.8,16.47,750.3,15.68,76.99
"2025-12-04 20:35:00",525932,12.8,16.48,750.4,15.71,76.86
"2025-12-04 20:40:00",525933,12.8,16.51,750.4,15.78,76.9
"2025-12-04 20:45:00",525934,12.79,16.53,750.5,15.86,75.51
"2025-12-04 20:50:00",525935,12.79,16.58,750.5,15.94,73.88
"2025-12-04 20:55:00",525936,12.79,16.62,750.6,15.94,73.59
"2025-12-04 21:00:00",525937,12.79,16.69,750.7,16.01,74.06
"2025-12-04 21:05:00",525938,12.79,16.73,750.8,16.06,73.13
"2025-12-04 21:10:00",525939,12.79,16.78,750.8,16.1,74.48
"2025-12-04 21:15:00",525940,12.79,16.82,750.9,16.09,72.97
"2025-12-04 21:20:00",525941,12.79,16.85,750.9,16.04,72.64
"2025-12-04 21:25:00",525942,12.78,16.88,751,15.95,74.5
"2025-12-04 21:30:00",525943,12.79,16.9,751,15.88,74.55
"2025-12-04 21:35:00",525944,12.78,16.93,751,16.03,75.17
"2025-12-04 21:40:00",525945,12.78,16.94,751.1,15.89,77.09
"2025-12-04 21:45:00",525946,12.78,16.94,751.1,15.8,78.16
"2025-12-04 21:50:00",525947,12.78,16.97,751.1,15.78,77.46
"2025-12-04 21:55:00",525948,12.78,16.95,751.2,15.84,77.02
"2025-12-04 22:00:00",525949,12.78,16.96,751.2,15.85,76.49
"2025-12-04 22:05:00",525950,12.78,16.93,751.3,15.81,76.54
"2025-12-04 22:10:00",525951,12.78,16.92,751.3,15.83,77.11
"2025-12-04 22:15:00",525952,12.77,16.92,751.3,15.62,78.63
"2025-12-04 22:20:00",525953,12.77,16.92,751.3,15.58,78.51
"2025-12-04 22:25:00",525954,12.77,16.9,751.4,15.6,78.01
"2025-12-04 22:30:00",525955,12.77,16.88,751.4,15.58,78.17
"2025-12-04 22:35:00",525956,12.77,16.87,751.4,15.61,78.79
"2025-12-04 22:40:00",525957,12.77,16.85,751.4,15.56,78.92
"2025-12-04 22:45:00",525958,12.77,16.83,751.3,15.53,79.36
"2025-12-04 22:50:00",525959,12.77,16.8,751.3,15.5,78.55
"2025-12-04 22:55:00",525960,12.76,16.76,751.3,15.46,78.45
"2025-12-04 23:00:00",525961,12.76,16.71,751.3,15.52,78.52
"2025-12-04 23:05:00",525962,12.76,16.65,751.3,15.56,78.53
"2025-12-04 23:10:00",525963,12.76,16.6,751.2,15.62,78.29
"2025-12-04 23:15:00",525964,12.76,16.55,751.2,15.54,77.24
"2025-12-04 23:20:00",525965,12.75,16.52,751.2,15.51,77.43
"2025-12-04 23:25:00",525966,12.75,16.45,751.1,15.42,77.24
"2025-12-04 23:30:00",525967,12.75,16.38,751.1,15.34,77.65
"2025-12-04 23:35:00",525968,12.75,16.32,751,15.32,77.73
"2025-12-04 23:40:00",525969,12.75,16.25,751,15.51,78.19
"2025-12-04 23:45:00",525970,12.74,16.14,750.9,15.43,78.59
"2025-12-04 23:50:00",525971,12.74,16.06,750.8,15.27,80.2
"2025-12-04 23:55:00",525972,12.74,16,750.8,15.1,80.8
"2025-12-05 00:00:00",525973,12.74,15.91,750.7,15.05,80.6
"2025-12-05 00:05:00",525974,12.74,15.84,750.7,14.99,80.8
"2025-12-05 00:10:00",525975,12.73,15.75,750.7,15.03,79.89
"2025-12-05 00:15:00",525976,12.73,15.69,750.7,14.97,80.3
"2025-12-05 00:20:00",525977,12.73,15.6,750.6,14.79,81.3
"2025-12-05 00:25:00",525978,12.72,15.52,750.6,14.71,81.8
"2025-12-05 00:30:00",525979,12.72,15.43,750.5,14.72,82.4
"2025-12-05 00:35:00",525980,12.72,15.35,750.4,14.74,83
"2025-12-05 00:40:00",525981,12.71,15.28,750.4,14.6,83.9
"2025-12-05 00:45:00",525982,12.71,15.19,750.3,14.51,84.6
"2025-12-05 00:50:00",525983,12.71,15.13,750.2,14.52,84.3
"2025-12-05 00:55:00",525984,12.71,15.08,750.2,14.42,85.1
"2025-12-05 01:00:00",525985,12.71,15,750.2,14.43,83
"2025-12-05 01:05:00",525986,12.7,14.94,750.2,14.43,83
"2025-12-05 01:10:00",525987,12.7,14.86,750.2,14.49,82.4
"2025-12-05 01:15:00",525988,12.7,14.78,750.3,14.41,83.9
"2025-12-05 01:20:00",525989,12.69,14.69,750.2,14.21,85.1
"2025-12-05 01:25:00",525990,12.69,14.63,750.1,13.98,85.4
"2025-12-05 01:30:00",525991,12.68,14.52,750.1,14.02,86.4
"2025-12-05 01:35:00",525992,12.68,14.46,750,14.17,86
"2025-12-05 01:40:00",525993,12.68,14.39,750,14.17,86.5
"2025-12-05 01:45:00",525994,12.67,14.33,750,14.14,86.7
"2025-12-05 01:50:00",525995,12.67,14.3,750,14.07,87
"2025-12-05 01:55:00",525996,12.67,14.29,750,13.91,87.6
"2025-12-05 02:00:00",525997,12.66,14.28,750,13.75,87.9
"2025-12-05 02:05:00",525998,12.66,14.22,750,13.69,87.7
"2025-12-05 02:10:00",525999,12.66,14.19,750,13.62,87.2
"2025-12-05 02:15:00",526000,12.65,14.17,750,13.67,86.4
"2025-12-05 02:20:00",526001,12.65,14.2,750,13.71,85.5
"2025-12-05 02:25:00",526002,12.64,14.24,750,13.77,85.1
"2025-12-05 02:30:00",526003,12.64,14.33,750,13.83,85.2
"2025-12-05 02:35:00",526004,12.64,14.4,750,13.83,85
"2025-12-05 02:40:00",526005,12.64,14.49,750,13.87,84.9
"2025-12-05 02:45:00",526006,12.63,14.56,749.9,13.93,84.5
"2025-12-05 02:50:00",526007,12.64,14.58,750,13.99,84.4
"2025-12-05 02:55:00",526008,12.63,14.59,749.9,13.98,83.5
"2025-12-05 03:00:00",526009,12.63,14.61,749.9,13.95,83.4
"2025-12-05 03:05:00",526010,12.63,14.62,749.9,14.03,85.6
"2025-12-05 03:10:00",526011,12.62,14.62,749.9,13.89,86.9
"2025-12-05 03:15:00",526012,12.62,14.58,749.9,13.83,86.3
"2025-12-05 03:20:00",526013,12.61,14.54,749.9,13.71,87.8
"2025-12-05 03:25:00",526014,12.61,14.47,749.9,13.6,87.7
"2025-12-05 03:30:00",526015,12.61,14.42,749.9,13.49,87.6
"2025-12-05 03:35:00",526016,12.61,14.36,749.9,13.3,87.7
"2025-12-05 03:40:00",526017,12.6,14.28,749.9,13.28,88.2
"2025-12-05 03:45:00",526018,12.6,14.17,749.9,13.23,88.9
"2025-12-05 03:50:00",526019,12.6,14.09,750,13.12,90
"2025-12-05 03:55:00",526020,12.59,13.99,750,13.09,90.2
"2025-12-05 04:00:00",526021,12.59,13.91,750.1,13.17,90.3
"2025-12-05 04:05:00",526022,12.59,13.83,750,13.04,90.5
"2025-12-05 04:10:00",526023,12.58,13.77,750,13.07,90.8
"2025-12-05 04:15:00",526024,12.58,13.69,750,13.15,90.8
"2025-12-05 04:20:00",526025,12.58,13.69,750,13.14,90.5
"2025-12-05 04:25:00",526026,12.58,13.7,750,13.23,89.9
"2025-12-05 04:30:00",526027,12.58,13.72,750.1,13.35,89.2
"2025-12-05 04:35:00",526028,12.57,13.77,750.1,13.35,86.7
"2025-12-05 04:40:00",526029,12.57,13.82,750.1,13.26,84.7
"2025-12-05 04:45:00",526030,12.57,13.86,750.1,13.28,85.1
"2025-12-05 04:50:00",526031,12.57,13.9,750.1,13.24,85.1
"2025-12-05 04:55:00",526032,12.56,13.88,750.1,13.21,85.4
"2025-12-05 05:00:00",526033,12.56,13.86,750.1,13.13,85.5
"2025-12-05 05:05:00",526034,12.56,13.81,750.1,12.98,86.1
"2025-12-05 05:10:00",526035,12.56,13.74,750.2,12.88,87.8
"2025-12-05 05:15:00",526036,12.56,13.65,750.3,13.06,87.4
"2025-12-05 05:20:00",526037,12.55,13.58,750.3,13.17,87.1
"2025-12-05 05:25:00",526038,12.55,13.53,750.4,13.23,86.7
"2025-12-05 05:30:00",526039,12.55,13.53,750.5,13.27,86.2
"2025-12-05 05:35:00",526040,12.55,13.57,750.5,13.09,86.8
"2025-12-05 05:40:00",526041,12.55,13.64,750.6,12.79,89
"2025-12-05 05:45:00",526042,12.56,13.59,750.6,12.84,89.4
"2025-12-05 05:50:00",526043,12.56,13.58,750.7,12.88,89.1
"2025-12-05 05:55:00",526044,12.56,13.6,750.7,12.88,88.9
"2025-12-05 06:00:00",526045,12.57,13.61,750.7,12.94,88.5
"2025-12-05 06:05:00",526046,12.59,13.61,750.7,13.02,88.2
"2025-12-05 06:10:00",526047,12.62,13.65,750.8,13.13,87.7
"2025-12-05 06:15:00",526048,12.68,13.71,750.9,13.12,88
"2025-12-05 06:20:00",526049,12.87,13.81,751,13.54,87.6
"2025-12-05 06:25:00",526050,13.05,14.07,751,14.43,83.9
"2025-12-05 06:30:00",526051,13.14,14.33,751.1,14.19,84.7
"2025-12-05 06:35:00",526052,13.26,14.6,751.2,14.09,84.6
"2025-12-05 06:40:00",526053,13.45,14.87,751.3,14.37,84.4
"2025-12-05 06:45:00",526054,13.56,15.18,751.3,14.55,82.2
"2025-12-05 06:50:00",526055,13.59,15.49,751.3,14.67,81.2
"2025-12-05 06:55:00",526056,13.56,15.8,751.3,14.76,81.2
"2025-12-05 07:00:00",526057,13.45,16.01,751.4,14.92,81.2
"2025-12-05 07:05:00",526058,13.55,16.27,751.4,15.22,81
"2025-12-05 07:10:00",526059,13.5,16.53,751.4,15.38,78.63
"2025-12-05 07:15:00",526060,13.65,16.85,751.4,15.48,75.82
"2025-12-05 07:20:00",526061,13.75,17.22,751.4,16.09,75.36
"2025-12-05 07:25:00",526062,13.84,18.09,751.4,16.43,72.69
"2025-12-05 07:30:00",526063,13.76,19.27,751.5,17.01,69.48
"2025-12-05 07:35:00",526064,13.76,20.07,751.5,17.61,67.49
"2025-12-05 07:40:00",526065,13.73,20.75,751.5,18.48,65.17
"2025-12-05 07:45:00",526066,13.73,21.38,751.6,17.64,66.82
"2025-12-05 07:50:00",526067,13.7,21.85,751.6,17.53,67.86
"2025-12-05 07:55:00",526068,13.7,22.18,751.5,16.98,68.78
"2025-12-05 08:00:00",526069,13.7,22.41,751.6,17.33,67.47
"2025-12-05 08:05:00",526070,13.68,22.63,751.6,17.55,68.04
"2025-12-05 08:10:00",526071,13.68,22.83,751.6,18.04,67.01
"2025-12-05 08:15:00",526072,13.68,23.05,751.6,17.54,65.54
"2025-12-05 08:20:00",526073,13.68,23.22,751.6,17.59,65.73
"2025-12-05 08:25:00",526074,13.68,23.38,751.7,17.56,64.63
"2025-12-05 08:30:00",526075,13.65,23.5,751.7,17.51,63.13
"2025-12-05 08:35:00",526076,13.65,23.61,751.7,18,63.33
"2025-12-05 08:40:00",526077,13.65,23.77,751.7,17.98,63.3
"2025-12-05 08:45:00",526078,13.65,23.91,751.7,18.11,62.61
"2025-12-05 08:50:00",526079,13.66,23.96,751.6,17.35,64.73
"2025-12-05 08:55:00",526080,13.66,24,751.6,17.87,63.43
"2025-12-05 09:00:00",526081,13.65,24.08,751.6,18.11,61.5
"2025-12-05 09:05:00",526082,13.65,24.16,751.6,18.25,61.22
"2025-12-05 09:10:00",526083,13.65,24.28,751.6,18.89,60.63
"2025-12-05 09:15:00",526084,13.66,24.53,751.6,19.58,59.38
"2025-12-05 09:20:00",526085,13.63,24.87,751.6,20,55.74
"2025-12-05 09:25:00",526086,13.63,25.21,751.5,19.54,57.24
"2025-12-05 09:30:00",526087,13.63,25.51,751.5,19.36,58.1
"2025-12-05 09:35:00",526088,13.63,25.75,751.5,19.98,57.67
"2025-12-05 09:40:00",526089,13.61,26.2,751.5,21.02,54.35
"2025-12-05 09:45:00",526090,13.61,26.81,751.4,20.12,55.82
"2025-12-05 09:50:00",526091,13.58,27.47,751.4,21.37,52.37
"2025-12-05 09:55:00",526092,13.58,28.14,751.4,20.52,52.25
"2025-12-05 10:00:00",526093,13.58,28.45,751.4,20.39,51.83
"2025-12-05 10:05:00",526094,13.55,28.71,751.3,20.58,49.94
"2025-12-05 10:10:00",526095,13.56,28.81,751.3,20.52,51.47
"2025-12-05 10:15:00",526096,13.56,28.89,751.3,20.18,50.14
"2025-12-05 10:20:00",526097,13.56,28.95,751.2,21.14,49.45
"2025-12-05 10:25:00",526098,13.56,29.08,751.1,21.57,48.11
"2025-12-05 10:30:00",526099,13.56,29.39,751.1,21.54,48.58
"2025-12-05 10:35:00",526100,13.56,29.79,751,21.13,48.88
"2025-12-05 10:40:00",526101,13.53,30.04,750.9,21.93,49.65
"2025-12-05 10:45:00",526102,13.53,30.18,750.9,21.14,49.16
"2025-12-05 10:50:00",526103,13.53,30.33,750.7,22.48,46.6
"2025-12-05 10:55:00",526104,13.53,30.87,750.6,23.7,43.79
"2025-12-05 11:00:00",526105,13.51,31.38,750.6,21.83,48.14
"2025-12-05 11:05:00",526106,13.51,31.64,750.5,22.76,44.74
"2025-12-05 11:10:00",526107,13.51,31.9,750.4,23.5,43.77
"2025-12-05 11:15:00",526108,13.51,32.27,750.3,23.33,42.87
"2025-12-05 11:20:00",526109,13.48,32.54,750.3,22.23,45.9
"2025-12-05 11:25:00",526110,13.49,32.51,750.1,22.65,44.15
"2025-12-05 11:30:00",526111,13.49,32.41,750,23.51,42.28
"2025-12-05 11:35:00",526112,13.49,32.5,749.8,24.9,37.24
"2025-12-05 11:40:00",526113,13.49,32.78,749.8,24.88,39.94
"2025-12-05 11:45:00",526114,13.49,33.01,749.7,24.72,43.36
"2025-12-05 11:50:00",526115,13.49,33.2,749.6,23.59,42.35
"2025-12-05 11:55:00",526116,13.49,33.31,749.6,23.45,42.66
"2025-12-05 12:00:00",526117,13.46,33.2,749.5,22.78,43.29
"2025-12-05 12:05:00",526118,13.46,32.92,749.4,23.15,40.22
"2025-12-05 12:10:00",526119,13.46,32.72,749.4,23.17,41.3
"2025-12-05 12:15:00",526120,13.46,32.58,749.3,23.33,37.68
"2025-12-05 12:20:00",526121,13.46,32.36,749.2,24.56,37.64
"2025-12-05 12:25:00",526122,13.46,32.37,749.1,24.54,35.08
"2025-12-05 12:30:00",526123,13.46,32.43,749,23.96,36.09
"2025-12-05 12:35:00",526124,13.46,32.36,748.9,24.08,37.16
"2025-12-05 12:40:00",526125,13.46,32.24,748.7,25.04,36.06
"2025-12-05 12:45:00",526126,13.46,32.26,748.6,23.37,37.49
"2025-12-05 12:50:00",526127,13.46,32.32,748.6,24.49,35.48
"2025-12-05 12:55:00",526128,13.46,32.06,748.4,24.42,35.04
"2025-12-05 13:00:00",526129,13.47,31.88,748.3,24.7,34.2
"2025-12-05 13:05:00",526130,13.46,31.77,748.2,24.41,38.12
"2025-12-05 13:10:00",526131,13.46,31.66,748.1,24.34,35
"2025-12-05 13:15:00",526132,13.46,31.61,748,25.08,33.57
"2025-12-05 13:20:00",526133,13.46,31.58,747.9,24.74,36.04
"2025-12-05 13:25:00",526134,13.46,31.56,747.9,26.71,33.21
"2025-12-05 13:30:00",526135,13.46,31.67,747.8,25.46,34.04
"2025-12-05 13:35:00",526136,13.46,31.75,747.7,25.04,34.46
"2025-12-05 13:40:00",526137,13.46,31.78,747.6,24.97,33.19
"2025-12-05 13:45:00",526138,13.46,31.83,747.5,25.74,32.99
"2025-12-05 13:50:00",526139,13.46,31.98,747.4,26.11,32.55
"2025-12-05 13:55:00",526140,13.46,32.2,747.4,26.64,32.26
"2025-12-05 14:00:00",526141,13.47,32.44,747.2,26.71,31.59
"2025-12-05 14:05:00",526142,13.47,32.62,747.1,25.47,33.17
"2025-12-05 14:10:00",526143,13.47,32.75,747,27.1,30.51
"2025-12-05 14:15:00",526144,13.47,32.93,747,26.32,31.66
"2025-12-05 14:20:00",526145,13.47,33.07,746.9,26.23,31.96
"2025-12-05 14:25:00",526146,13.47,33.26,746.8,26.51,32.05
"2025-12-05 14:30:00",526147,13.47,33.5,746.7,26.41,31.46
"2025-12-05 14:35:00",526148,13.47,33.7,746.7,26.61,31.45
"2025-12-05 14:40:00",526149,13.47,33.86,746.6,26.49,31.17
"2025-12-05 14:45:00",526150,13.47,33.97,746.5,25.83,30.77
"2025-12-05 14:50:00",526151,13.47,33.88,746.4,26.06,32.55
"2025-12-05 14:55:00",526152,13.47,33.69,746.3,25.53,31.89
"2025-12-05 15:00:00",526153,13.47,33.44,746.3,25.41,32.09
"2025-12-05 15:05:00",526154,13.47,33.17,746.2,25.01,32.12
"2025-12-05 15:10:00",526155,13.47,32.88,746.1,25.47,31.01
"2025-12-05 15:15:00",526156,13.47,32.62,746.1,25.09,31.25
"2025-12-05 15:20:00",526157,13.47,32.4,746,25.6,30.96
"2025-12-05 15:25:00",526158,13.47,32.23,746,25.54,32.37
"2025-12-05 15:30:00",526159,13.47,32.06,746,25.78,31.98
"2025-12-05 15:35:00",526160,13.47,31.9,745.9,24.79,32.44
"2025-12-05 15:40:00",526161,13.47,31.7,745.9,25.01,32.59
"2025-12-05 15:45:00",526162,13.47,31.49,745.9,25.36,32.59
"2025-12-05 15:50:00",526163,13.47,31.29,745.9,24.64,33.59
"2025-12-05 15:55:00",526164,13.47,31.02,745.9,24.61,33.76
"2025-12-05 16:00:00",526165,13.47,30.71,745.9,24.4,37.36
"2025-12-05 16:05:00",526166,13.47,30.43,745.9,24.34,37.68
"2025-12-05 16:10:00",526167,13.47,30.15,746,24.13,38.88
"2025-12-05 16:15:00",526168,13.47,29.89,746.1,23.71,40.08
"2025-12-05 16:20:00",526169,13.46,29.62,746.1,23.61,41.05
"2025-12-05 16:25:00",526170,13.49,29.48,746.1,24.38,40.05
"2025-12-05 16:30:00",526171,13.49,29.49,746.1,24.05,41.23
"2025-12-05 16:35:00",526172,13.49,29.46,746,23.3,41.44
"2025-12-05 16:40:00",526173,13.49,29.33,746,23.35,42.36
"2025-12-05 16:45:00",526174,13.49,29.15,746.1,23.37,41.71
"2025-12-05 16:50:00",526175,13.49,28.95,746,23.3,42.71
"2025-12-05 16:55:00",526176,13.49,28.74,746,23.18,41.95
"2025-12-05 17:00:00",526177,13.49,28.54,746.1,22.99,43.32
"2025-12-05 17:05:00",526178,13.52,28.34,746.1,22.93,40.94
"2025-12-05 17:10:00",526179,13.52,28.2,746.1,23.27,39.51
"2025-12-05 17:15:00",526180,13.52,28.08,746.1,23.35,39.81
"2025-12-05 17:20:00",526181,13.52,28.01,746.1,23.42,39.85
"2025-12-05 17:25:00",526182,13.52,27.96,746.2,23.1,41.25
"2025-12-05 17:30:00",526183,13.52,27.86,746.2,22.99,41.96
"2025-12-05 17:35:00",526184,13.52,27.74,746.2,22.77,42.32
"2025-12-05 17:40:00",526185,13.52,27.61,746.2,23.1,42.17
"2025-12-05 17:45:00",526186,13.52,27.64,746.2,23.58,40.79
"2025-12-05 17:50:00",526187,13.45,27.34,746.3,23.19,41.98
"2025-12-05 17:55:00",526188,13.25,26.9,746.4,22.97,41.44
"2025-12-05 18:00:00",526189,13.14,26.55,746.5,22.87,41.1
"2025-12-05 18:05:00",526190,13.1,26.26,746.5,22.75,42.51
"2025-12-05 18:10:00",526191,13.05,25.93,746.6,22.53,43.85
"2025-12-05 18:15:00",526192,12.99,25.63,746.7,22.55,43.53
"2025-12-05 18:20:00",526193,12.96,25.37,746.7,22.22,44.33
"2025-12-05 18:25:00",526194,12.94,25.1,746.8,21.97,45
"2025-12-05 18:30:00",526195,12.92,24.82,746.9,21.83,45.82
"2025-12-05 18:35:00",526196,12.92,24.56,746.9,21.65,46.53
"2025-12-05 18:40:00",526197,12.91,24.27,746.9,21.55,46.61
"2025-12-05 18:45:00",526198,12.9,24.01,747,21.4,47.23
"2025-12-05 18:50:00",526199,12.9,23.73,747.1,21.33,47.54
"2025-12-05 18:55:00",526200,12.89,23.51,747.2,21.41,47.11
"2025-12-05 19:00:00",526201,12.89,23.31,747.3,21.39,47.13
"2025-12-05 19:05:00",526202,12.89,23.16,747.3,21.31,46.93
"2025-12-05 19:10:00",526203,12.88,22.97,747.3,21.1,48.59
"2025-12-05 19:15:00",526204,12.88,22.72,747.4,21.06,47.98
"2025-12-05 19:20:00",526205,12.88,22.56,747.5,20.96,48.32
"2025-12-05 19:25:00",526206,12.87,22.45,747.6,20.97,47.94
"2025-12-05 19:30:00",526207,12.87,22.37,747.7,20.91,48.06
"2025-12-05 19:35:00",526208,12.87,22.28,747.8,20.74,49.65
"2025-12-05 19:40:00",526209,12.86,22.19,747.9,20.56,50.72
"2025-12-05 19:45:00",526210,12.86,22.09,748,20.48,50.78
"2025-12-05 19:50:00",526211,12.85,21.98,748.1,20.42,50.33
"2025-12-05 19:55:00",526212,12.84,21.9,748.2,20.35,51.38
"2025-12-05 20:00:00",526213,12.84,21.81,748.3,20.38,50.1
"2025-12-05 20:05:00",526214,12.84,21.75,748.5,20.32,50.44
"2025-12-05 20:10:00",526215,12.84,21.69,748.5,20.24,50.81
"2025-12-05 20:15:00",526216,12.84,21.62,748.5,20.12,51.63
"2025-12-05 20:20:00",526217,12.83,21.56,748.6,20.08,52.16
"2025-12-05 20:25:00",526218,12.83,21.48,748.7,20.06,52.47
"2025-12-05 20:30:00",526219,12.83,21.4,748.7,20,53.05
"2025-12-05 20:35:00",526220,12.83,21.31,748.8,19.9,54.18
"2025-12-05 20:40:00",526221,12.83,21.25,748.9,19.84,54.95
"2025-12-05 20:45:00",526222,12.83,21.16,749,19.79,55.34
"2025-12-05 20:50:00",526223,12.83,21.11,749.1,19.77,55.62
"2025-12-05 20:55:00",526224,12.82,21.08,749.1,19.7,56.19
"2025-12-05 21:00:00",526225,12.82,21.28,749.2,19.6,57.13
"2025-12-05 21:05:00",526226,12.82,21.33,749.3,19.55,57.27
"2025-12-05 21:10:00",526227,12.82,21.32,749.4,19.5,57.75
"2025-12-05 21:15:00",526228,12.81,21.29,749.5,19.49,57.81
"2025-12-05 21:20:00",526229,12.81,21.26,749.6,18.71,60.3
"2025-12-05 21:25:00",526230,12.81,21.18,749.6,18.32,61.74
"2025-12-05 21:30:00",526231,12.81,21.07,749.7,18.26,61.79
"2025-12-05 21:35:00",526232,12.81,20.96,749.7,18.21,61.63
"2025-12-05 21:40:00",526233,12.81,20.84,749.7,18.39,60.91
"2025-12-05 21:45:00",526234,12.81,20.75,749.8,18.53,60.67
"2025-12-05 21:50:00",526235,12.8,20.68,749.8,18.47,60.93
"2025-12-05 21:55:00",526236,12.8,20.56,749.8,18.66,59.81
"2025-12-05 22:00:00",526237,12.8,20.5,749.9,18.9,59.12
"2025-12-05 22:05:00",526238,12.8,20.48,749.9,19.14,58.34
"2025-12-05 22:10:00",526239,12.8,20.48,750,19.06,57.87
"2025-12-05 22:15:00",526240,12.8,20.47,750.1,19.02,58.23
"2025-12-05 22:20:00",526241,12.8,20.49,750.1,19,58.89
"2025-12-05 22:25:00",526242,12.8,20.49,750.2,18.98,59.77
"2025-12-05 22:30:00",526243,12.8,20.48,750.2,18.92,60.54
"2025-12-05 22:35:00",526244,12.8,20.46,750.1,18.9,59.76
"2025-12-05 22:40:00",526245,12.8,20.45,750.1,18.86,58.26
"2025-12-05 22:45:00",526246,12.8,20.44,750.1,18.86,58.99
"2025-12-05 22:50:00",526247,12.8,20.43,750.1,18.82,59.44
"2025-12-05 22:55:00",526248,12.8,20.41,750.2,18.88,59.69
"2025-12-05 23:00:00",526249,12.8,20.4,750.3,18.23,54.56
"2025-12-05 23:05:00",526250,12.8,20.35,750.2,17.68,54.45
"2025-12-05 23:10:00",526251,12.8,20.24,750.3,17.62,53.24
"2025-12-05 23:15:00",526252,12.8,20.1,750.3,17.35,52.71
"2025-12-05 23:20:00",526253,12.8,19.95,750.3,17.22,52.81
"2025-12-05 23:25:00",526254,12.79,19.79,750.2,17.1,53.38
"2025-12-05 23:30:00",526255,12.79,19.63,750.4,16.99,54.53
"2025-12-05 23:35:00",526256,12.79,19.47,750.4,16.75,56.02
"2025-12-05 23:40:00",526257,12.79,19.34,750.5,16.5,58.2
"2025-12-05 23:45:00",526258,12.79,19.15,750.6,15.78,63.94
"2025-12-05 23:50:00",526259,12.79,18.61,750.7,13.61,78.45
"2025-12-05 23:55:00",526260,12.78,17.75,750.6,13.89,78.87
"2025-12-06 00:00:00",526261,12.78,16.98,750.6,13.7,82.8
"2025-12-06 00:05:00",526262,12.78,16.37,750.6,13.69,85.7
"2025-12-06 00:10:00",526263,12.78,15.94,750.7,13.98,82
"2025-12-06 00:15:00",526264,12.77,15.62,750.7,14.17,84
"2025-12-06 00:20:00",526265,12.77,15.39,750.6,14.31,82
"2025-12-06 00:25:00",526266,12.77,15.23,750.6,14.21,80.2
"2025-12-06 00:30:00",526267,12.76,15.12,750.7,14.21,81.1
"2025-12-06 00:35:00",526268,12.76,15.06,750.6,14.25,80.7
"2025-12-06 00:40:00",526269,12.76,15.05,750.6,14.11,80.6
"2025-12-06 00:45:00",526270,12.76,15.04,750.6,14.45,76.82
"2025-12-06 00:50:00",526271,12.76,14.95,750.6,14.47,76.99
"2025-12-06 00:55:00",526272,12.76,14.94,750.5,13.92,80.8
"2025-12-06 01:00:00",526273,12.75,14.94,750.5,13.85,81.9
"2025-12-06 01:05:00",526274,12.75,14.96,750.5,13.58,83.8
"2025-12-06 01:10:00",526275,12.75,14.93,750.5,13.07,88.5
"2025-12-06 01:15:00",526276,12.75,14.77,750.5,12.65,90.3
"2025-12-06 01:20:00",526277,12.75,14.63,750.4,12.54,88
"2025-12-06 01:25:00",526278,12.75,14.39,750.3,12.61,88.7
"2025-12-06 01:30:00",526279,12.74,14.17,750.2,12.66,91.2
"2025-12-06 01:35:00",526280,12.74,14.06,750.1,12.74,91.8
"2025-12-06 01:40:00",526281,12.74,13.98,750,12.58,90.9
"2025-12-06 01:45:00",526282,12.73,13.91,750.1,12.75,91.7
"2025-12-06 01:50:00",526283,12.73,13.86,750.1,13,92.1
"2025-12-06 01:55:00",526284,12.73,13.86,750.1,12.91,91.3
"2025-12-06 02:00:00",526285,12.73,13.89,750,13.05,92.4
"2025-12-06 02:05:00",526286,12.73,13.9,750.1,13.02,92.2
"2025-12-06 02:10:00",526287,12.73,13.93,750,12.91,93
"2025-12-06 02:15:00",526288,12.72,13.94,750,12.63,93.3
"2025-12-06 02:20:00",526289,12.72,13.9,750,12.61,94
"2025-12-06 02:25:00",526290,12.72,13.81,749.9,12.58,94.5
"2025-12-06 02:30:00",526291,12.72,13.79,749.9,12.56,94.5
"2025-12-06 02:35:00",526292,12.72,13.74,749.8,12.56,94.3
"2025-12-06 02:40:00",526293,12.71,13.74,749.7,12.66,95.1
"2025-12-06 02:45:00",526294,12.71,13.72,749.8,12.62,94.9
"2025-12-06 02:50:00",526295,12.71,13.71,749.8,12.58,94.5
"2025-12-06 02:55:00",526296,12.71,13.69,749.7,12.63,94.7
"2025-12-06 03:00:00",526297,12.71,13.69,749.6,12.8,95.2
"2025-12-06 03:05:00",526298,12.7,13.7,749.6,12.66,94.6
"2025-12-06 03:10:00",526299,12.7,13.69,749.5,12.62,94.2
"2025-12-06 03:15:00",526300,12.7,13.67,749.5,12.71,94.4
"2025-12-06 03:20:00",526301,12.7,13.65,749.4,12.64,93.9
"2025-12-06 03:25:00",526302,12.69,13.63,749.3,12.7,94.4
"2025-12-06 03:30:00",526303,12.69,13.61,749.2,12.38,94.1
"2025-12-06 03:35:00",526304,12.69,13.58,749.2,12.57,94.3
"2025-12-06 03:40:00",526305,12.69,13.55,749.3,12.7,92.4
"2025-12-06 03:45:00",526306,12.69,13.52,749.2,12.84,91.8
"2025-12-06 03:50:00",526307,12.68,13.52,749.2,12.77,91.4
"2025-12-06 03:55:00",526308,12.68,13.5,749.3,12.85,92.6
"2025-12-06 04:00:00",526309,12.68,13.39,749.4,12.79,92.5
"2025-12-06 04:05:00",526310,12.68,13.35,749.5,12.8,93
"2025-12-06 04:10:00",526311,12.68,13.32,749.5,12.8,93.3
"2025-12-06 04:15:00",526312,12.67,13.31,749.6,12.8,93.7
"2025-12-06 04:20:00",526313,12.67,13.32,749.6,12.84,93.8
"2025-12-06 04:25:00",526314,12.67,13.38,749.6,12.95,93.2
"2025-12-06 04:30:00",526315,12.67,13.41,749.7,13.06,92
"2025-12-06 04:35:00",526316,12.66,13.47,749.7,13.09,91.3
"2025-12-06 04:40:00",526317,12.66,13.51,749.8,13.17,90.4
"2025-12-06 04:45:00",526318,12.66,13.55,749.9,13.35,91.8
"2025-12-06 04:50:00",526319,12.66,13.62,749.8,13.17,93
"2025-12-06 04:55:00",526320,12.66,13.69,749.8,13.1,93.5
"2025-12-06 05:00:00",526321,12.65,13.76,749.9,13.03,93.2
"2025-12-06 05:05:00",526322,12.65,13.81,749.9,13.1,93.5
"2025-12-06 05:10:00",526323,12.65,13.87,749.9,13.13,92.7
"2025-12-06 05:15:00",526324,12.65,13.91,749.9,13.19,92.5
"2025-12-06 05:20:00",526325,12.64,13.96,750,13.21,92.2
"2025-12-06 05:25:00",526326,12.64,14,750,13.2,92.4
"2025-12-06 05:30:00",526327,12.64,14.05,750.1,13.27,92.9
"2025-12-06 05:35:00",526328,12.64,14.09,750.2,13.26,92.5
"2025-12-06 05:40:00",526329,12.63,14.12,750.2,13.2,92.9
"2025-12-06 05:45:00",526330,12.63,14.17,750.3,13.13,92.8
"2025-12-06 05:50:00",526331,12.63,14.24,750.4,13.23,93
"2025-12-06 05:55:00",526332,12.63,14.32,750.5,13.25,92.7
"2025-12-06 06:00:00",526333,12.63,14.35,750.5,13.27,92.7
"2025-12-06 06:05:00",526334,12.64,14.4,750.6,13.25,92.7
"2025-12-06 06:10:00",526335,12.65,14.44,750.6,13.32,93.3
"2025-12-06 06:15:00",526336,12.66,14.49,750.7,13.3,93.2
"2025-12-06 06:20:00",526337,12.66,14.53,750.8,13.29,93.1
"2025-12-06 06:25:00",526338,12.66,14.58,750.8,13.3,92.7
"2025-12-06 06:30:00",526339,12.67,14.64,750.9,13.32,92.2
"2025-12-06 06:35:00",526340,12.67,14.7,750.9,13.43,92.4
"2025-12-06 06:40:00",526341,12.69,14.77,751,13.41,91.6
"2025-12-06 06:45:00",526342,12.7,14.82,751.1,13.47,90.9
"2025-12-06 06:50:00",526343,12.72,14.87,751.1,13.46,91.3
"2025-12-06 06:55:00",526344,12.77,14.89,751.2,13.56,92
"2025-12-06 07:00:00",526345,12.78,14.89,751.2,13.27,92.8
"2025-12-06 07:05:00",526346,12.81,14.87,751.2,13.07,93.2
"2025-12-06 07:10:00",526347,12.88,14.87,751.2,12.84,91.8
"2025-12-06 07:15:00",526348,12.98,14.88,751.2,13.14,93.4
"2025-12-06 07:20:00",526349,13.02,14.86,751.3,13.1,93.2
"2025-12-06 07:25:00",526350,13.03,14.84,751.3,13.1,92.4
"2025-12-06 07:30:00",526351,13.15,14.86,751.4,13.19,92.6
"2025-12-06 07:35:00",526352,13.38,14.99,751.4,13.47,93.1
"2025-12-06 07:40:00",526353,13.55,15.18,751.4,13.54,92.5
"2025-12-06 07:45:00",526354,13.73,15.45,751.5,13.85,92.5
"2025-12-06 07:50:00",526355,13.72,15.73,751.5,14.33,92.2
"2025-12-06 07:55:00",526356,13.68,15.93,751.5,14.45,89.9
"2025-12-06 08:00:00",526357,13.71,16.11,751.6,14.34,89.4
"2025-12-06 08:05:00",526358,13.69,16.22,751.7,14.17,88.2
"2025-12-06 08:10:00",526359,13.69,16.29,751.7,14.31,87.8
"2025-12-06 08:15:00",526360,13.7,16.35,751.8,14.21,87.4
"2025-12-06 08:20:00",526361,13.75,16.41,751.9,14.49,89
"2025-12-06 08:25:00",526362,13.81,16.54,751.9,14.76,87.8
"2025-12-06 08:30:00",526363,13.9,16.67,751.9,14.76,85.8
"2025-12-06 08:35:00",526364,13.79,17.21,752,15,86.3
"2025-12-06 08:40:00",526365,13.79,18.12,752,15.28,84.4
"2025-12-06 08:45:00",526366,13.79,18.6,752,15.31,81.6
"2025-12-06 08:50:00",526367,13.77,18.92,752,15.48,82.4
"2025-12-06 08:55:00",526368,13.77,19.22,752,15.88,82.2
"2025-12-06 09:00:00",526369,13.77,19.55,752,16.41,79.77
"2025-12-06 09:05:00",526370,13.74,19.92,752,16.3,78.27
"2025-12-06 09:10:00",526371,13.74,20.25,752.1,16.12,74.09
"2025-12-06 09:15:00",526372,13.74,20.61,752.1,16.39,75.22
"2025-12-06 09:20:00",526373,13.74,20.96,752.2,16.67,75.11
"2025-12-06 09:25:00",526374,13.71,21.3,752.1,17.13,73.25
"2025-12-06 09:30:00",526375,13.71,21.7,752.2,17.65,71.72
"2025-12-06 09:35:00",526376,13.72,22.19,752.1,18.21,71.88
"2025-12-06 09:40:00",526377,13.69,22.64,752.1,17.83,73.19
"2025-12-06 09:45:00",526378,13.69,23.02,752.1,17.64,68.87
"2025-12-06 09:50:00",526379,13.69,23.34,752.1,17.52,72.7
"2025-12-06 09:55:00",526380,13.66,23.51,752.1,17.74,69.62
"2025-12-06 10:00:00",526381,13.66,23.76,752,18.17,71.7
"2025-12-06 10:05:00",526382,13.66,24.07,752,18.5,68.54
"2025-12-06 10:10:00",526383,13.66,24.44,751.9,18.83,65.08
"2025-12-06 10:15:00",526384,13.63,24.84,751.9,19.56,62.19
"2025-12-06 10:20:00",526385,13.63,25.26,751.9,18.28,66.17
"2025-12-06 10:25:00",526386,13.63,25.62,751.9,19.09,62.92
"2025-12-06 10:30:00",526387,13.63,25.91,751.8,18.66,67.36
"2025-12-06 10:35:00",526388,13.61,26.17,751.8,19.51,64.45
"2025-12-06 10:40:00",526389,13.61,26.53,751.7,19.5,62.06
"2025-12-06 10:45:00",526390,13.61,27.1,751.7,19.42,62.82
"2025-12-06 10:50:00",526391,13.58,27.83,751.6,20.78,62.81
"2025-12-06 10:55:00",526392,13.58,28.56,751.5,20.5,56.99
"2025-12-06 11:00:00",526393,13.56,29.06,751.4,20.56,55.95
"2025-12-06 11:05:00",526394,13.56,29.42,751.3,20.75,56.96
"2025-12-06 11:10:00",526395,13.56,29.7,751.2,20.58,58.62
"2025-12-06 11:15:00",526396,13.53,29.98,751.2,21.22,54.25
"2025-12-06 11:20:00",526397,13.53,30.29,751.1,22.41,53.33
"2025-12-06 11:25:00",526398,13.53,30.69,751.1,22.54,55.59
"2025-12-06 11:30:00",526399,13.53,31.05,751.1,20.94,56.81
"2025-12-06 11:35:00",526400,13.51,31.15,751,21.69,55.9
"2025-12-06 11:40:00",526401,13.51,31.26,750.9,23.29,55.86
"2025-12-06 11:45:00",526402,13.51,31.52,750.8,23.65,50.92
"2025-12-06 11:50:00",526403,13.51,31.82,750.7,21.15,56.99
"2025-12-06 11:55:00",526404,13.51,31.9,750.6,22.66,52.39
"2025-12-06 12:00:00",526405,13.51,31.97,750.6,22.37,50.18
"2025-12-06 12:05:00",526406,13.51,31.93,750.5,22.53,48.9
"2025-12-06 12:10:00",526407,13.51,31.89,750.4,23.11,46.58
"2025-12-06 12:15:00",526408,13.51,31.92,750.3,23.36,47.57
"2025-12-06 12:20:00",526409,13.49,31.99,750.2,22.88,49.55
"2025-12-06 12:25:00",526410,13.49,31.98,750.2,23.04,48.27
"2025-12-06 12:30:00",526411,13.49,31.94,750.1,22.85,49.58
"2025-12-06 12:35:00",526412,13.49,31.91,750,23.37,46.23
"2025-12-06 12:40:00",526413,13.49,31.92,749.9,23.77,47.85
"2025-12-06 12:45:00",526414,13.48,31.96,749.8,22.52,46.77
"2025-12-06 12:50:00",526415,13.49,31.96,749.7,23.91,48.76
"2025-12-06 12:55:00",526416,13.48,31.93,749.6,23.3,49.45
"2025-12-06 13:00:00",526417,13.49,31.77,749.5,23.29,47.34
"2025-12-06 13:05:00",526418,13.49,31.6,749.3,23.35,43.97
"2025-12-06 13:10:00",526419,13.49,31.45,749.3,24.57,43.05
"2025-12-06 13:15:00",526420,13.49,31.42,749.2,24.57,42.82
"2025-12-06 13:20:00",526421,13.49,31.47,749.1,24.27,42.1
"2025-12-06 13:25:00",526422,13.49,31.54,749,24.68,43
"2025-12-06 13:30:00",526423,13.49,31.64,748.8,24.13,42.28
"2025-12-06 13:35:00",526424,13.49,31.68,748.7,24.21,41.84
"2025-12-06 13:40:00",526425,13.49,31.68,748.7,25.92,40.55
"2025-12-06 13:45:00",526426,13.49,31.88,748.6,25.91,38.93
"2025-12-06 13:50:00",526427,13.49,32.14,748.5,24.59,39.03
"2025-12-06 13:55:00",526428,13.49,32.31,748.4,25.52,38.63
"2025-12-06 14:00:00",526429,13.49,32.52,748.3,26.1,36.87
"2025-12-06 14:05:00",526430,13.49,32.76,748.3,24.93,43.48
"2025-12-06 14:10:00",526431,13.49,32.89,748.2,24.26,47.05
"2025-12-06 14:15:00",526432,13.49,32.77,748.1,23.15,48.76
"2025-12-06 14:20:00",526433,13.49,32.42,748,23.84,47.73
"2025-12-06 14:25:00",526434,13.49,32.13,747.9,23.67,48.35
"2025-12-06 14:30:00",526435,13.49,31.89,747.9,23.93,45.37
"2025-12-06 14:35:00",526436,13.49,31.76,747.8,24.35,43.87
"2025-12-06 14:40:00",526437,13.49,31.8,747.7,25.13,42.66
"2025-12-06 14:45:00",526438,13.49,31.94,747.7,24.93,42.37
"2025-12-06 14:50:00",526439,13.49,32.14,747.5,25.38,40.06
"2025-12-06 14:55:00",526440,13.49,32.39,747.5,24.35,43.61
"2025-12-06 15:00:00",526441,13.49,32.63,747.4,26.01,39.93
"2025-12-06 15:05:00",526442,13.49,32.89,747.4,24.93,41.65
"2025-12-06 15:10:00",526443,13.49,33.13,747.3,25.74,40.96
"2025-12-06 15:15:00",526444,13.47,33.36,747.2,24.95,40.97
"2025-12-06 15:20:00",526445,13.47,33.49,747,25.43,41.71
"2025-12-06 15:25:00",526446,13.47,33.61,747,25.54,41.88
"2025-12-06 15:30:00",526447,13.47,33.72,746.9,24.7,42.97
"2025-12-06 15:35:00",526448,13.47,33.67,746.9,24.5,44.53
"2025-12-06 15:40:00",526449,13.47,33.51,746.9,24.77,41.57
"2025-12-06 15:45:00",526450,13.47,33.35,746.9,24.45,42.12
"2025-12-06 15:50:00",526451,13.47,33.17,746.8,24.61,41.29
"2025-12-06 15:55:00",526452,13.47,33,746.7,25.38,38.48
"2025-12-06 16:00:00",526453,13.47,33.07,746.7,25.78,38.06
"2025-12-06 16:05:00",526454,13.47,33.24,746.7,25.72,37.33
"2025-12-06 16:10:00",526455,13.47,33.43,746.7,25.46,39.54
"2025-12-06 16:15:00",526456,13.47,33.64,746.7,25.62,38.74
"2025-12-06 16:20:00",526457,13.47,33.89,746.7,26.96,36.52
"2025-12-06 16:25:00",526458,13.47,34.25,746.6,27.18,35.17
"2025-12-06 16:30:00",526459,13.45,34.63,746.6,26.57,36.35
"2025-12-06 16:35:00",526460,13.45,34.86,746.5,25.62,38.04
"2025-12-06 16:40:00",526461,13.45,34.92,746.5,26.37,36.79
"2025-12-06 16:45:00",526462,13.45,34.94,746.4,25.99,38.25
"2025-12-06 16:50:00",526463,13.45,34.83,746.5,25.62,39.1
"2025-12-06 16:55:00",526464,13.45,34.52,746.5,24.65,41.82
"2025-12-06 17:00:00",526465,13.45,34.01,746.5,24.25,42.75
"2025-12-06 17:05:00",526466,13.45,33.44,746.5,24.65,42.86
"2025-12-06 17:10:00",526467,13.45,32.89,746.6,24.33,41.85
"2025-12-06 17:15:00",526468,13.45,32.42,746.6,24.57,41.35
"2025-12-06 17:20:00",526469,13.45,31.93,746.6,24.24,41.06
"2025-12-06 17:25:00",526470,13.44,31.47,746.6,23.94,41.25
"2025-12-06 17:30:00",526471,13.44,30.81,746.7,24.18,41.41
"2025-12-06 17:35:00",526472,13.43,29.89,746.7,24.21,40.95
"2025-12-06 17:40:00",526473,13.31,29.23,746.7,24.08,41
"2025-12-06 17:45:00",526474,13.2,28.71,746.7,23.85,40.49
"2025-12-06 17:50:00",526475,13.13,28.25,746.7,23.77,41.95
"2025-12-06 17:55:00",526476,13.06,27.85,746.8,23.71,42.79
"2025-12-06 18:00:00",526477,13,27.48,746.8,23.65,43.98
"2025-12-06 18:05:00",526478,12.97,27.17,746.8,23.62,43.65
"2025-12-06 18:10:00",526479,12.96,26.9,746.8,23.41,42.72
"2025-12-06 18:15:00",526480,12.94,26.65,746.8,23.44,43.08
"2025-12-06 18:20:00",526481,12.93,26.42,746.8,23.23,45.89
"2025-12-06 18:25:00",526482,12.92,26.21,747,23.12,45.46
"2025-12-06 18:30:00",526483,12.91,26.03,747,23.09,45.2
"2025-12-06 18:35:00",526484,12.91,25.84,747.2,23.06,46.77
"2025-12-06 18:40:00",526485,12.9,25.67,747.2,22.83,47.19
"2025-12-06 18:45:00",526486,12.9,25.49,747.4,22.6,48.94
"2025-12-06 18:50:00",526487,12.9,25.32,747.3,21.97,45.58
"2025-12-06 18:55:00",526488,12.89,25.11,747.4,21.74,46.57
"2025-12-06 19:00:00",526489,12.89,24.79,747.6,21.5,47.15
"2025-12-06 19:05:00",526490,12.88,24.5,747.8,20.94,48.57
"2025-12-06 19:10:00",526491,12.88,24.21,747.9,20,51.43
"2025-12-06 19:15:00",526492,12.88,23.87,748,19.25,53.69
"2025-12-06 19:20:00",526493,12.87,23.49,748.3,18.93,54.78
"2025-12-06 19:25:00",526494,12.87,23.09,748.5,18.5,57.11
"2025-12-06 19:30:00",526495,12.86,22.69,748.7,18.35,59.46
"2025-12-06 19:35:00",526496,12.86,22.24,748.9,17.17,66.59
"2025-12-06 19:40:00",526497,12.86,21.77,749,17.55,65.21
"2025-12-06 19:45:00",526498,12.85,21.37,749.1,17.58,65.75
"2025-12-06 19:50:00",526499,12.85,21.04,749.2,17.49,64.82
"2025-12-06 19:55:00",526500,12.85,20.78,749.1,17.91,63.17
"2025-12-06 20:00:00",526501,12.85,20.6,749.2,18.04,62.15
"2025-12-06 20:05:00",526502,12.84,20.47,749.1,18.16,58.73
"2025-12-06 20:10:00",526503,12.84,20.4,749,18.75,54.91
"2025-12-06 20:15:00",526504,12.84,20.41,749.2,19.69,50.79
"2025-12-06 20:20:00",526505,12.84,20.48,749.3,19.23,54.18
"2025-12-06 20:25:00",526506,12.83,20.55,749.2,19.48,50.83
"2025-12-06 20:30:00",526507,12.83,20.62,749.3,19.4,51.07
"2025-12-06 20:35:00",526508,12.83,20.64,749.6,19.44,52.16
"2025-12-06 20:40:00",526509,12.83,20.67,749.8,18.86,58.54
"2025-12-06 20:45:00",526510,12.82,20.63,749.9,18.17,60.46
"2025-12-06 20:50:00",526511,12.82,20.58,749.8,19,55.99
"2025-12-06 20:55:00",526512,12.82,20.5,749.9,18.31,60.87
"2025-12-06 21:00:00",526513,12.82,20.42,750,17.98,62.76
"2025-12-06 21:05:00",526514,12.82,20.3,750.1,17.82,63.66
"2025-12-06 21:10:00",526515,12.82,20.19,750.2,17.85,62.98
"2025-12-06 21:15:00",526516,12.82,20.09,750.2,17.91,63.23
"2025-12-06 21:20:00",526517,12.82,19.99,750.2,17.95,63.89
"2025-12-06 21:25:00",526518,12.81,19.93,750.2,17.95,64.1
"2025-12-06 21:30:00",526519,12.81,19.86,750.2,17.86,64.32
"2025-12-06 21:35:00",526520,12.81,19.8,750.1,17.86,63.52
"2025-12-06 21:40:00",526521,12.81,19.76,750,17.94,62.4
"2025-12-06 21:45:00",526522,12.81,19.74,750,17.96,63.21
"2025-12-06 21:50:00",526523,12.81,19.69,749.9,17.94,63.47
"2025-12-06 21:55:00",526524,12.8,19.65,749.9,17.87,62.21
"2025-12-06 22:00:00",526525,12.8,19.62,750,18.03,61.73
"2025-12-06 22:05:00",526526,12.81,19.58,750.1,18.33,60.57
"2025-12-06 22:10:00",526527,12.81,19.56,750.1,18.27,61.77
"2025-12-06 22:15:00",526528,12.81,19.59,750.2,18.21,62.45
"2025-12-06 22:20:00",526529,12.81,19.6,750.3,18.08,61.85
"2025-12-06 22:25:00",526530,12.81,19.6,750.4,18.17,62.59
"2025-12-06 22:30:00",526531,12.8,19.61,750.4,18.1,62.73
"2025-12-06 22:35:00",526532,12.8,19.6,750.5,18.1,62.28
"2025-12-06 22:40:00",526533,12.8,19.6,750.5,18.09,62.96
"2025-12-06 22:45:00",526534,12.8,19.59,750.6,18.04,62.92
"2025-12-06 22:50:00",526535,12.8,19.54,750.5,18.1,63.14
"2025-12-06 22:55:00",526536,12.8,19.54,750.5,18.07,63.38
"2025-12-06 23:00:00",526537,12.79,19.56,750.5,18.13,62.61
"2025-12-06 23:05:00",526538,12.8,19.58,750.5,18.21,67.6
"2025-12-06 23:10:00",526539,12.79,19.59,750.5,17.82,69.75
"2025-12-06 23:15:00",526540,12.79,19.59,750.6,17.91,69.65
"2025-12-06 23:20:00",526541,12.79,19.59,750.6,17.89,68.71
"2025-12-06 23:25:00",526542,12.79,19.58,750.6,17.83,66.71
"2025-12-06 23:30:00",526543,12.79,19.59,750.7,17.83,67.15
"2025-12-06 23:35:00",526544,12.79,19.54,750.7,17.97,66.82
"2025-12-06 23:40:00",526545,12.79,19.48,750.7,17.78,67.2
"2025-12-06 23:45:00",526546,12.78,19.48,750.7,17.7,67.04
"2025-12-06 23:50:00",526547,12.78,19.47,750.8,17.81,67.27
"2025-12-06 23:55:00",526548,12.78,19.45,750.8,17.95,66.58
"2025-12-07 00:00:00",526549,12.78,19.47,750.8,18.04,66.07
"2025-12-07 00:05:00",526550,12.78,19.47,750.8,18,63.78
"2025-12-07 00:10:00",526551,12.78,19.48,750.8,18.07,62.63
"2025-12-07 00:15:00",526552,12.78,19.5,750.8,18.05,61.28
"2025-12-07 00:20:00",526553,12.77,19.51,750.8,17.95,65.64
"2025-12-07 00:25:00",526554,12.77,19.5,750.9,17.35,70.53
"2025-12-07 00:30:00",526555,12.77,19.45,750.9,17.45,68.14
"2025-12-07 00:35:00",526556,12.77,19.41,750.9,17.59,59.76
"2025-12-07 00:40:00",526557,12.76,19.36,750.9,17.42,59.31
"2025-12-07 00:45:00",526558,12.77,19.31,750.8,17.38,60.6
"2025-12-07 00:50:00",526559,12.76,19.23,750.8,17.26,60.55
"2025-12-07 00:55:00",526560,12.76,19.17,750.8,17.07,61.48
"2025-12-07 01:00:00",526561,12.76,19.08,750.8,16.94,62.08
"2025-12-07 01:05:00",526562,12.75,18.99,750.8,16.8,62.68
"2025-12-07 01:10:00",526563,12.75,18.8,750.9,16.73,63.21
"2025-12-07 01:15:00",526564,12.75,18.65,751,16.64,63.64
"2025-12-07 01:20:00",526565,12.75,18.55,751,16.65,63.7
"2025-12-07 01:25:00",526566,12.74,18.45,751,16.53,64.33
"2025-12-07 01:30:00",526567,12.74,18.37,751,16.53,64.57
"2025-12-07 01:35:00",526568,12.74,18.3,751,16.53,63.26
"2025-12-07 01:40:00",526569,12.74,18.22,751,16.48,62.42
"2025-12-07 01:45:00",526570,12.73,18.14,750.9,16.47,62.07
"2025-12-07 01:50:00",526571,12.72,18.09,750.8,16.54,62.28
"2025-12-07 01:55:00",526572,12.72,18.03,750.9,16.41,62.38
"2025-12-07 02:00:00",526573,12.71,17.95,750.9,16.26,63.51
"2025-12-07 02:05:00",526574,12.71,17.89,750.9,16.15,64.27
"2025-12-07 02:10:00",526575,12.71,17.82,750.9,16.18,64.68
"2025-12-07 02:15:00",526576,12.71,17.75,750.9,16.16,65.36
"2025-12-07 02:20:00",526577,12.71,17.7,750.9,16.14,64.97
"2025-12-07 02:25:00",526578,12.7,17.65,750.8,16,66.09
"2025-12-07 02:30:00",526579,12.7,17.6,750.8,15.89,67.3
"2025-12-07 02:35:00",526580,12.7,17.54,750.8,15.8,67.95
"2025-12-07 02:40:00",526581,12.69,17.48,750.8,15.7,69.04
"2025-12-07 02:45:00",526582,12.69,17.41,750.7,15.64,69.58
"2025-12-07 02:50:00",526583,12.69,17.33,750.8,15.52,70.39
"2025-12-07 02:55:00",526584,12.69,17.26,750.8,15.43,70.86
"2025-12-07 03:00:00",526585,12.68,17.18,750.8,15.4,71.66
"2025-12-07 03:05:00",526586,12.68,17.12,750.8,15.2,71.79
"2025-12-07 03:10:00",526587,12.68,17.05,750.7,15.2,72.56
"2025-12-07 03:15:00",526588,12.67,16.98,750.7,15.4,72.18
"2025-12-07 03:20:00",526589,12.67,16.92,750.7,15.6,70.09
"2025-12-07 03:25:00",526590,12.67,16.9,750.7,15.68,70.28
"2025-12-07 03:30:00",526591,12.66,16.88,750.7,15.7,69.65
"2025-12-07 03:35:00",526592,12.66,16.85,750.7,15.71,68.78
"2025-12-07 03:40:00",526593,12.66,16.84,750.8,15.76,67.8
"2025-12-07 03:45:00",526594,12.66,16.84,750.7,15.82,68.19
"2025-12-07 03:50:00",526595,12.66,16.83,750.7,15.85,68.14
"2025-12-07 03:55:00",526596,12.65,16.83,750.8,15.79,68.74
"2025-12-07 04:00:00",526597,12.65,16.83,750.7,15.52,69.61
"2025-12-07 04:05:00",526598,12.65,16.78,750.8,15.38,69.96
"2025-12-07 04:10:00",526599,12.64,16.73,750.8,15.32,70.32
"2025-12-07 04:15:00",526600,12.64,16.62,750.8,15.34,70.67
"2025-12-07 04:20:00",526601,12.64,16.54,750.7,15.3,70.18
"2025-12-07 04:25:00",526602,12.64,16.46,750.8,15.3,70.03
"2025-12-07 04:30:00",526603,12.63,16.41,750.8,15.31,70.04
"2025-12-07 04:35:00",526604,12.63,16.35,750.8,15.26,71.09
"2025-12-07 04:40:00",526605,12.63,16.31,750.9,15.28,72.12
"2025-12-07 04:45:00",526606,12.63,16.28,751,15.3,72.87
"2025-12-07 04:50:00",526607,12.63,16.26,751.1,15.28,73.35
"2025-12-07 04:55:00",526608,12.63,16.27,751.1,15.36,73.45
"2025-12-07 05:00:00",526609,12.63,16.3,751.1,15.43,73.12
"2025-12-07 05:05:00",526610,12.63,16.34,751.1,15.38,74.76
"2025-12-07 05:10:00",526611,12.63,16.38,751.2,15.34,75.65
"2025-12-07 05:15:00",526612,12.62,16.41,751.1,15.24,76.25
"2025-12-07 05:20:00",526613,12.62,16.43,751.1,15.3,76.26
"2025-12-07 05:25:00",526614,12.62,16.44,751.2,15.16,75.95
"2025-12-07 05:30:00",526615,12.62,16.39,751.1,14.99,76.88
"2025-12-07 05:35:00",526616,12.62,16.36,751.1,14.94,77.84
"2025-12-07 05:40:00",526617,12.61,16.32,751.2,14.85,76.68
"2025-12-07 05:45:00",526618,12.61,16.32,751.3,14.81,76.78
"2025-12-07 05:50:00",526619,12.61,16.33,751.3,14.85,76.4
"2025-12-07 05:55:00",526620,12.62,16.34,751.4,14.91,76.35
"2025-12-07 06:00:00",526621,12.62,16.36,751.5,14.96,76.03
"2025-12-07 06:05:00",526622,12.65,16.42,751.4,14.96,75.89
"2025-12-07 06:10:00",526623,12.71,16.52,751.4,15.05,75.17
"2025-12-07 06:15:00",526624,12.77,16.61,751.5,15.07,74.75
"2025-12-07 06:20:00",526625,12.79,16.73,751.6,15.15,74.66
"2025-12-07 06:25:00",526626,12.78,16.8,751.7,15.14,74.79
"2025-12-07 06:30:00",526627,12.84,16.88,751.7,15.12,74.79
"2025-12-07 06:35:00",526628,12.89,16.97,751.7,15.16,74.29
"2025-12-07 06:40:00",526629,12.93,17.07,751.8,15.3,74.29
"2025-12-07 06:45:00",526630,12.97,17.16,751.8,15.24,73.71
"2025-12-07 06:50:00",526631,13.14,17.31,751.9,15.54,73.66
"2025-12-07 06:55:00",526632,13.38,17.57,751.9,15.81,72.11
"2025-12-07 07:00:00",526633,13.5,17.84,751.9,15.91,71.62
"2025-12-07 07:05:00",526634,13.54,17.99,752,15.66,73.17
"2025-12-07 07:10:00",526635,13.58,17.96,752,15.98,72.95
"2025-12-07 07:15:00",526636,13.6,18.05,752.1,15.86,72.81
"2025-12-07 07:20:00",526637,13.6,18.16,752.2,16.1,71.88
"2025-12-07 07:25:00",526638,13.59,18.3,752.2,16.18,71.75
"2025-12-07 07:30:00",526639,13.61,18.43,752.2,15.89,71.47
"2025-12-07 07:35:00",526640,13.68,18.57,752.3,16.02,72.52
"2025-12-07 07:40:00",526641,13.79,18.76,752.3,15.96,71.6
"2025-12-07 07:45:00",526642,13.78,18.9,752.4,16.17,70.4
"2025-12-07 07:50:00",526643,13.86,19.01,752.4,16.28,70.19
"2025-12-07 07:55:00",526644,13.76,19.75,752.4,16.32,70.8
"2025-12-07 08:00:00",526645,13.73,20.54,752.4,16.42,69.14
"2025-12-07 08:05:00",526646,13.74,20.94,752.4,16.63,67.84
"2025-12-07 08:10:00",526647,13.71,21.31,752.5,17.43,65.4
"2025-12-07 08:15:00",526648,13.71,21.64,752.5,17.38,65.16
"2025-12-07 08:20:00",526649,13.71,22,752.6,17.51,64.47
"2025-12-07 08:25:00",526650,13.71,22.22,752.6,17.56,65.48
"2025-12-07 08:30:00",526651,13.71,22.45,752.6,17.37,65.21
"2025-12-07 08:35:00",526652,13.68,22.59,752.6,17.11,64.88
"2025-12-07 08:40:00",526653,13.68,22.77,752.6,17.73,63.88
"2025-12-07 08:45:00",526654,13.68,22.93,752.7,17.19,64.09
"2025-12-07 08:50:00",526655,13.68,22.99,752.7,17.21,66.16
"2025-12-07 08:55:00",526656,13.68,23.05,752.7,18.07,63.73
"2025-12-07 09:00:00",526657,13.68,23.15,752.7,18.22,61.49
"2025-12-07 09:05:00",526658,13.68,23.24,752.7,17.44,62.85
"2025-12-07 09:10:00",526659,13.68,23.3,752.7,17.61,62.4
"2025-12-07 09:15:00",526660,13.69,23.37,752.7,18.4,59.65
"2025-12-07 09:20:00",526661,13.66,23.48,752.7,18.66,59.63
"2025-12-07 09:25:00",526662,13.66,23.67,752.7,19.7,56.01
"2025-12-07 09:30:00",526663,13.66,24.02,752.6,20.04,55.75
"2025-12-07 09:35:00",526664,13.66,24.51,752.6,21.04,52.57
"2025-12-07 09:40:00",526665,13.63,25.12,752.6,19.5,52.39
"2025-12-07 09:45:00",526666,13.63,25.71,752.5,20.07,54.36
"2025-12-07 09:50:00",526667,13.61,26.25,752.6,20.31,54.43
"2025-12-07 09:55:00",526668,13.61,26.68,752.6,20.38,54
"2025-12-07 10:00:00",526669,13.61,27.07,752.5,20.48,53.52
"2025-12-07 10:05:00",526670,13.58,27.46,752.4,21.06,51.89
"2025-12-07 10:10:00",526671,13.58,27.83,752.4,21.01,50.41
"2025-12-07 10:15:00",526672,13.58,28.19,752.4,20.73,51.81
"2025-12-07 10:20:00",526673,13.58,28.47,752.3,21.13,53.55
"2025-12-07 10:25:00",526674,13.56,28.68,752.4,20.23,52.49
"2025-12-07 10:30:00",526675,13.56,28.71,752.3,21.14,51.15
"2025-12-07 10:35:00",526676,13.56,28.72,752.3,20.06,52.56
"2025-12-07 10:40:00",526677,13.56,28.57,752.3,20.63,53.05
"2025-12-07 10:45:00",526678,13.56,28.39,752.2,21.14,51.43
"2025-12-07 10:50:00",526679,13.56,28.19,752.2,20.67,52.12
"2025-12-07 10:55:00",526680,13.56,28,752.2,19.57,54.88
"2025-12-07 11:00:00",526681,13.56,27.68,752.1,19.32,55.89
"2025-12-07 11:05:00",526682,13.56,27.29,752.1,19.69,56.25
"2025-12-07 11:10:00",526683,13.56,26.92,752.1,19.12,56.25
"2025-12-07 11:15:00",526684,13.56,26.53,752.1,19.5,55.21
"2025-12-07 11:20:00",526685,13.56,26.2,752.1,19.38,54.85
"2025-12-07 11:25:00",526686,13.56,25.88,752.2,19.5,55.82
"2025-12-07 11:30:00",526687,13.58,25.59,752.1,19.5,55.39
"2025-12-07 11:35:00",526688,13.58,25.4,752,19.6,55.81
"2025-12-07 11:40:00",526689,13.58,25.27,752,20.24,52.65
"2025-12-07 11:45:00",526690,13.59,25.17,752,19.35,55.77
"2025-12-07 11:50:00",526691,13.58,25.05,752,19.21,55.78
"2025-12-07 11:55:00",526692,13.59,24.94,751.9,19.23,56.15
"2025-12-07 12:00:00",526693,13.58,24.84,751.8,19.51,54.16
"2025-12-07 12:05:00",526694,13.59,24.8,751.7,19.89,54.92
"2025-12-07 12:10:00",526695,13.59,24.84,751.7,20.14,53.63
"2025-12-07 12:15:00",526696,13.59,24.93,751.7,19.91,52.63
"2025-12-07 12:20:00",526697,13.59,25.04,751.6,20.27,52.47
"2025-12-07 12:25:00",526698,13.59,25.22,751.6,20.6,50.57
"2025-12-07 12:30:00",526699,13.59,25.44,751.4,21,47.5
"2025-12-07 12:35:00",526700,13.59,25.7,751.4,21.14,48.28
"2025-12-07 12:40:00",526701,13.59,26.01,751.3,20.95,47.53
"2025-12-07 12:45:00",526702,13.59,26.31,751.2,21.05,47.7
"2025-12-07 12:50:00",526703,13.59,26.61,751.1,21.33,47
"2025-12-07 12:55:00",526704,13.59,26.88,751.1,20.92,46.63
"2025-12-07 13:00:00",526705,13.59,27.1,751,21.53,44.76
"2025-12-07 13:05:00",526706,13.59,27.4,750.8,22.97,42.05
"2025-12-07 13:10:00",526707,13.59,27.79,750.7,22.57,42.04
"2025-12-07 13:15:00",526708,13.59,28.16,750.6,22.05,43.5
"2025-12-07 13:20:00",526709,13.57,28.43,750.5,21.73,44.07
"2025-12-07 13:25:00",526710,13.57,28.65,750.5,23.14,42.72
"2025-12-07 13:30:00",526711,13.57,28.78,750.4,22.56,40.71
"2025-12-07 13:35:00",526712,13.57,28.82,750.2,22.64,43.02
"2025-12-07 13:40:00",526713,13.56,28.85,750.1,22.72,40.6
"2025-12-07 13:45:00",526714,13.57,28.88,750,22.55,40.51
"2025-12-07 13:50:00",526715,13.57,28.85,749.8,22.59,39.28
"2025-12-07 13:55:00",526716,13.57,28.87,749.7,23.6,38.5
"2025-12-07 14:00:00",526717,13.57,29.02,749.6,23.8,37.33
"2025-12-07 14:05:00",526718,13.57,29.26,749.4,24.21,36.38
"2025-12-07 14:10:00",526719,13.57,29.56,749.3,24.88,34.65
"2025-12-07 14:15:00",526720,13.54,29.87,749.1,24.57,36.12
"2025-12-07 14:20:00",526721,13.54,30.16,749.1,24.95,35.99
"2025-12-07 14:25:00",526722,13.54,30.4,749,23.37,35.67
"2025-12-07 14:30:00",526723,13.54,30.65,748.8,23.79,35.54
"2025-12-07 14:35:00",526724,13.52,30.98,748.7,24.26,35.96
"2025-12-07 14:40:00",526725,13.52,31.13,748.6,23.99,34.73
"2025-12-07 14:45:00",526726,13.52,31.16,748.5,24.67,33.83
"2025-12-07 14:50:00",526727,13.52,31.35,748.4,24.29,34.5
"2025-12-07 14:55:00",526728,13.52,31.53,748.4,24.21,35.85
"2025-12-07 15:00:00",526729,13.52,31.65,748.2,24.57,34.46
"2025-12-07 15:05:00",526730,13.49,31.77,748.2,24.88,35.32
"2025-12-07 15:10:00",526731,13.49,31.91,748,25.09,35.01
"2025-12-07 15:15:00",526732,13.49,32.03,748,24.6,37.54
"2025-12-07 15:20:00",526733,13.49,32.14,747.9,25.07,35.4
"2025-12-07 15:25:00",526734,13.49,32.26,747.9,25.46,33.63
"2025-12-07 15:30:00",526735,13.49,32.44,747.7,25.5,33.6
"2025-12-07 15:35:00",526736,13.49,32.72,747.6,25.83,32.93
"2025-12-07 15:40:00",526737,13.47,33.02,747.5,25.78,34.47
"2025-12-07 15:45:00",526738,13.47,33.29,747.5,25.35,34.36
"2025-12-07 15:50:00",526739,13.47,33.52,747.4,25.91,33.84
"2025-12-07 15:55:00",526740,13.47,33.69,747.4,25.36,34.63
"2025-12-07 16:00:00",526741,13.47,33.9,747.3,26.41,32.61
"2025-12-07 16:05:00",526742,13.47,34.03,747.2,25.34,33.99
"2025-12-07 16:10:00",526743,13.47,34.01,747.2,25.27,34.29
"2025-12-07 16:15:00",526744,13.47,33.99,747.1,26.12,33.39
"2025-12-07 16:20:00",526745,13.47,34,747,25.44,33.36
"2025-12-07 16:25:00",526746,13.47,33.95,747,25.66,32.65
"2025-12-07 16:30:00",526747,13.47,33.95,746.9,25.37,33.43
"2025-12-07 16:35:00",526748,13.47,34.04,746.8,26.26,33.3
"2025-12-07 16:40:00",526749,13.45,34.24,746.7,26.74,31.86
"2025-12-07 16:45:00",526750,13.45,34.44,746.7,25.94,33.34
"2025-12-07 16:50:00",526751,13.45,34.56,746.6,25.74,33.53
"2025-12-07 16:55:00",526752,13.45,34.62,746.6,25.63,34.22
"2025-12-07 17:00:00",526753,13.45,34.59,746.5,25.72,34.39
"2025-12-07 17:05:00",526754,13.45,34.49,746.4,25.16,35.28
"2025-12-07 17:10:00",526755,13.45,34.35,746.4,26.33,32.5
"2025-12-07 17:15:00",526756,13.45,34.24,746.3,26.55,31.65
"2025-12-07 17:20:00",526757,13.45,34.19,746.3,25.58,32.97
"2025-12-07 17:25:00",526758,13.44,33.72,746.3,25.18,33.81
"2025-12-07 17:30:00",526759,13.4,33.05,746.3,25.33,33.96
"2025-12-07 17:35:00",526760,13.37,32.56,746.3,25.34,34.19
"2025-12-07 17:40:00",526761,13.35,32.25,746.3,25.32,34.29
"2025-12-07 17:45:00",526762,13.33,32.06,746.3,25.34,33.39
"2025-12-07 17:50:00",526763,13.3,31.84,746.3,24.85,34.25
"2025-12-07 17:55:00",526764,13.26,31.64,746.4,25.53,33.98
"2025-12-07 18:00:00",526765,13.22,31.51,746.4,25.91,33.54
"2025-12-07 18:05:00",526766,13.17,31.42,746.4,25.89,33.1
"2025-12-07 18:10:00",526767,13.12,31.34,746.4,26.29,33.38
"2025-12-07 18:15:00",526768,13.08,31.23,746.5,25.72,33.93
"2025-12-07 18:20:00",526769,13.03,31.04,746.4,24.97,35.39
"2025-12-07 18:25:00",526770,13,30.75,746.4,24.66,36.39
"2025-12-07 18:30:00",526771,12.98,30.33,746.4,24.31,36.79
"2025-12-07 18:35:00",526772,12.96,29.87,746.5,24.21,37.37
"2025-12-07 18:40:00",526773,12.94,29.35,746.6,23.75,38.05
"2025-12-07 18:45:00",526774,12.92,28.78,746.6,23.56,38.76
"2025-12-07 18:50:00",526775,12.91,28.18,746.7,23.44,39.53
"2025-12-07 18:55:00",526776,12.91,27.57,746.8,23.26,39.58
"2025-12-07 19:00:00",526777,12.91,26.97,746.9,23.15,40.19
"2025-12-07 19:05:00",526778,12.9,26.44,747,22.85,41.55
"2025-12-07 19:10:00",526779,12.9,25.95,747.1,22.65,42.44
"2025-12-07 19:15:00",526780,12.89,25.51,747.1,22.45,41.9
"2025-12-07 19:20:00",526781,12.89,25.15,747.1,22.4,42.47
"2025-12-07 19:25:00",526782,12.89,24.79,747.2,22.4,42.86
"2025-12-07 19:30:00",526783,12.88,24.5,747.4,22.35,43.89
"2025-12-07 19:35:00",526784,12.88,24.24,747.5,21.81,45.24
"2025-12-07 19:40:00",526785,12.88,23.97,747.5,21.53,45.62
"2025-12-07 19:45:00",526786,12.87,23.73,747.7,21.39,45.92
"2025-12-07 19:50:00",526787,12.87,23.51,747.8,21.27,46.26
"2025-12-07 19:55:00",526788,12.87,23.33,748.1,21.14,48.28
"2025-12-07 20:00:00",526789,12.87,23.12,748.1,20.76,49.02
"2025-12-07 20:05:00",526790,12.86,22.96,748.1,20.91,47.42
"2025-12-07 20:10:00",526791,12.86,22.82,748.1,21.1,47.13
"2025-12-07 20:15:00",526792,12.86,22.69,748.2,20.96,46.99
"2025-12-07 20:20:00",526793,12.86,22.58,748.3,21.06,48.96
"2025-12-07 20:25:00",526794,12.85,22.48,748.4,21.17,49.36
"2025-12-07 20:30:00",526795,12.85,22.46,748.5,21.33,49.25
"2025-12-07 20:35:00",526796,12.85,22.47,748.7,21.24,49.59
"2025-12-07 20:40:00",526797,12.85,22.51,748.8,21.27,50.06
"2025-12-07 20:45:00",526798,12.85,22.56,748.8,21.08,50.79
"2025-12-07 20:50:00",526799,12.85,22.51,748.9,21,51.57
"2025-12-07 20:55:00",526800,12.85,22.47,748.9,20.88,52.46
"2025-12-07 21:00:00",526801,12.84,22.46,748.9,20.87,52.33
"2025-12-07 21:05:00",526802,12.84,22.45,749,20.85,52.73
"2025-12-07 21:10:00",526803,12.84,22.41,749.1,20.77,53.19
"2025-12-07 21:15:00",526804,12.84,22.38,749.2,20.72,52.96
"2025-12-07 21:20:00",526805,12.84,22.3,749.4,20.66,52.77
"2025-12-07 21:25:00",526806,12.84,22.23,749.5,20.69,52.74
"2025-12-07 21:30:00",526807,12.84,22.15,749.5,20.6,53.35
"2025-12-07 21:35:00",526808,12.83,22.05,749.6,20.42,54.32
"2025-12-07 21:40:00",526809,12.83,21.92,749.7,20.32,55.02
"2025-12-07 21:45:00",526810,12.83,21.79,749.8,20.3,55.26
"2025-12-07 21:50:00",526811,12.83,21.66,749.9,20.22,55.44
"2025-12-07 21:55:00",526812,12.83,21.52,750,20.16,56.13
"2025-12-07 22:00:00",526813,12.82,21.4,750.1,20.04,56.64
"2025-12-07 22:05:00",526814,12.82,21.28,750.2,20.03,56.58
"2025-12-07 22:10:00",526815,12.82,21.21,750.1,19.94,56.99
"2025-12-07 22:15:00",526816,12.82,21.12,750.2,19.78,56.91
"2025-12-07 22:20:00",526817,12.82,21.05,750.2,19.67,57.44
"2025-12-07 22:25:00",526818,12.82,20.97,750.2,19.56,57.97
"2025-12-07 22:30:00",526819,12.82,20.91,750.2,19.56,58.04
"2025-12-07 22:35:00",526820,12.82,20.77,750.2,19.4,58.41
"2025-12-07 22:40:00",526821,12.81,20.66,750.2,19.38,57.95
"2025-12-07 22:45:00",526822,12.81,20.6,750.2,19.37,58.28
"2025-12-07 22:50:00",526823,12.81,20.57,750.2,19.3,58.91
"2025-12-07 22:55:00",526824,12.81,20.54,750.2,19.44,58.17
"2025-12-07 23:00:00",526825,12.81,20.54,750.2,19.35,58.34
"2025-12-07 23:05:00",526826,12.81,20.53,750.2,19.34,58.34
"2025-12-07 23:10:00",526827,12.81,20.53,750.2,19.39,58.16
"2025-12-07 23:15:00",526828,12.8,20.5,750.1,19.36,58.98
"2025-12-07 23:20:00",526829,12.8,20.44,750.1,19.14,59.61
"2025-12-07 23:25:00",526830,12.8,20.38,750.1,19.06,59.72
"2025-12-07 23:30:00",526831,12.8,20.3,750.1,19.01,59.11
"2025-12-07 23:35:00",526832,12.8,20.22,750,19.03,58.74
"2025-12-07 23:40:00",526833,12.8,20.13,749.9,18.86,59.48
"2025-12-07 23:45:00",526834,12.8,20.01,749.9,18.71,59.79
"2025-12-07 23:50:00",526835,12.79,19.89,749.9,18.55,60.09
"2025-12-07 23:55:00",526836,12.79,19.77,749.9,18.63,59.54
"2025-12-08 00:00:00",526837,12.79,19.64,749.7,18.58,59.98
"2025-12-08 00:05:00",526838,12.79,19.44,749.7,18.53,60.3
"2025-12-08 00:10:00",526839,12.79,19.31,749.6,18.65,59.75
"2025-12-08 00:15:00",526840,12.79,19.19,749.6,18.74,59.55
"2025-12-08 00:20:00",526841,12.79,19.11,749.6,18.57,60.28
"2025-12-08 00:25:00",526842,12.78,19.04,749.6,18.49,59.96
"2025-12-08 00:30:00",526843,12.78,19.01,749.6,18.59,60.28
"2025-12-08 00:35:00",526844,12.78,19.01,749.6,18.55,62.8
"2025-12-08 00:40:00",526845,12.78,19.08,749.6,18.45,62.06
"2025-12-08 00:45:00",526846,12.78,19.15,749.6,18.5,60.66
"2025-12-08 00:50:00",526847,12.78,19.21,749.6,18.56,62.02
"2025-12-08 00:55:00",526848,12.77,19.3,749.6,18.67,60.99
"2025-12-08 01:00:00",526849,12.77,19.37,749.5,18.71,61.29
"2025-12-08 01:05:00",526850,12.77,19.45,749.5,18.86,60.17
"2025-12-08 01:10:00",526851,12.77,19.51,749.4,18.94,59.43
"2025-12-08 01:15:00",526852,12.77,19.58,749.4,18.92,59.85
"2025-12-08 01:20:00",526853,12.77,19.63,749.3,18.71,61.03
"2025-12-08 01:25:00",526854,12.77,19.67,749.2,18.47,62.52
"2025-12-08 01:30:00",526855,12.76,19.66,749.1,18.23,63.22
"2025-12-08 01:35:00",526856,12.76,19.59,749.1,18.23,63.29
"2025-12-08 01:40:00",526857,12.76,19.56,749.1,18.15,63.9
"2025-12-08 01:45:00",526858,12.76,19.5,749,18.18,63.81
"2025-12-08 01:50:00",526859,12.76,19.49,748.9,18.12,64.07
"2025-12-08 01:55:00",526860,12.76,19.43,748.9,17.99,64.91
"2025-12-08 02:00:00",526861,12.75,19.36,748.8,17.93,64.93
"2025-12-08 02:05:00",526862,12.75,19.27,748.9,17.93,65.16
"2025-12-08 02:10:00",526863,12.75,19.2,749,17.85,67.59
"2025-12-08 02:15:00",526864,12.75,19.15,749.1,17.87,66.69
"2025-12-08 02:20:00",526865,12.75,19.13,749.1,17.92,67.52
"2025-12-08 02:25:00",526866,12.74,19.14,749.2,17.62,68.52
"2025-12-08 02:30:00",526867,12.74,19.15,749.1,17.7,67.89
"2025-12-08 02:35:00",526868,12.74,19.16,749.1,17.75,66.73
"2025-12-08 02:40:00",526869,12.74,19.15,749,17.97,65.05
"2025-12-08 02:45:00",526870,12.73,19.18,748.9,18.15,64.16
"2025-12-08 02:50:00",526871,12.73,19.19,748.8,18.24,62.54
"2025-12-08 02:55:00",526872,12.73,19.2,748.7,18.12,64.63
"2025-12-08 03:00:00",526873,12.74,19.19,748.6,18.05,64.56
"2025-12-08 03:05:00",526874,12.74,19.16,748.6,18.16,63.69
"2025-12-08 03:10:00",526875,12.73,19.15,748.6,18.1,64.51
"2025-12-08 03:15:00",526876,12.73,19.14,748.6,18.02,65.71
"2025-12-08 03:20:00",526877,12.73,19.11,748.6,17.89,65.84
"2025-12-08 03:25:00",526878,12.72,19.05,748.7,17.81,65.79
"2025-12-08 03:30:00",526879,12.72,18.96,748.6,17.71,66.25
"2025-12-08 03:35:00",526880,12.72,18.84,748.6,17.53,67.16
"2025-12-08 03:40:00",526881,12.72,18.73,748.6,17.32,67.94
"2025-12-08 03:45:00",526882,12.72,18.62,748.6,17.33,67.06
"2025-12-08 03:50:00",526883,12.71,18.53,748.6,17.35,66.15
"2025-12-08 03:55:00",526884,12.71,18.45,748.6,17.37,66.54
"2025-12-08 04:00:00",526885,12.71,18.37,748.6,17.37,67.3
"2025-12-08 04:05:00",526886,12.7,18.27,748.5,17.15,66.94
"2025-12-08 04:10:00",526887,12.7,18.15,748.5,17.05,67.57
"2025-12-08 04:15:00",526888,12.7,18.03,748.5,17.03,67.91
"2025-12-08 04:20:00",526889,12.7,17.92,748.5,16.99,68.2
"2025-12-08 04:25:00",526890,12.69,17.83,748.5,17.12,67.7
"2025-12-08 04:30:00",526891,12.69,17.68,748.6,16.89,70.65
"2025-12-08 04:35:00",526892,12.69,17.59,748.5,16.2,74.1
"2025-12-08 04:40:00",526893,12.69,17.47,748.5,16.12,74.94
"2025-12-08 04:45:00",526894,12.68,17.34,748.6,15.87,76.33
"2025-12-08 04:50:00",526895,12.68,17.23,748.6,16.18,74.33
"2025-12-08 04:55:00",526896,12.68,17.15,748.6,16.23,72.97
"2025-12-08 05:00:00",526897,12.67,17.11,748.7,16.36,72.16
"2025-12-08 05:05:00",526898,12.67,17.1,748.7,16.44,71.78
"2025-12-08 05:10:00",526899,12.67,17.11,748.7,16.44,71.86
"2025-12-08 05:15:00",526900,12.66,17.11,748.7,16.4,71.85
"2025-12-08 05:20:00",526901,12.66,17.11,748.8,16.26,72.34
"2025-12-08 05:25:00",526902,12.66,17.07,748.8,16.46,71.72
"2025-12-08 05:30:00",526903,12.66,17.07,748.8,16.16,73.55
"2025-12-08 05:35:00",526904,12.65,17.03,748.8,16,74.46
"2025-12-08 05:40:00",526905,12.65,17.01,748.9,15.86,75.2
"2025-12-08 05:45:00",526906,12.65,16.97,748.9,15.79,75.58
"2025-12-08 05:50:00",526907,12.65,16.93,749,15.54,76.9
"2025-12-08 05:55:00",526908,12.67,16.86,749,15.6,76.72
"2025-12-08 06:00:00",526909,12.69,16.76,749,15.8,75.58
"2025-12-08 06:05:00",526910,12.72,16.74,749.1,15.82,75.1
"2025-12-08 06:10:00",526911,12.77,16.77,749.2,15.85,75.19
"2025-12-08 06:15:00",526912,12.82,16.83,749.2,15.82,75.13
"2025-12-08 06:20:00",526913,12.9,16.9,749.2,15.83,75.25
"2025-12-08 06:25:00",526914,12.99,16.99,749.2,15.93,74.79
"2025-12-08 06:30:00",526915,13.1,17.1,749.3,16.1,74.25
"2025-12-08 06:35:00",526916,13.2,17.26,749.3,16.3,73.98
"2025-12-08 06:40:00",526917,13.23,17.39,749.4,16.48,73.84
"2025-12-08 06:45:00",526918,13.31,17.58,749.4,16.48,73.1
"2025-12-08 06:50:00",526919,13.37,17.81,749.4,16.64,72.85
"2025-12-08 06:55:00",526920,13.42,18.05,749.5,16.71,72.54
"2025-12-08 07:00:00",526921,13.44,18.24,749.5,16.89,71.92
"2025-12-08 07:05:00",526922,13.49,18.45,749.7,17.21,70.48
"2025-12-08 07:10:00",526923,13.58,18.72,749.7,17.61,69.74
"2025-12-08 07:15:00",526924,13.64,19.03,749.8,18.09,67.55
"2025-12-08 07:20:00",526925,13.68,19.34,749.8,18.3,67.62
"2025-12-08 07:25:00",526926,13.84,19.69,749.9,18.39,68.07
"2025-12-08 07:30:00",526927,13.73,20.79,749.9,18.33,68.83
"2025-12-08 07:35:00",526928,13.73,21.5,750,18.57,68.02
"2025-12-08 07:40:00",526929,13.7,21.97,750.1,18.81,66.68
"2025-12-08 07:45:00",526930,13.7,22.37,750.1,19.06,66.04
"2025-12-08 07:50:00",526931,13.68,22.72,750.1,18.85,66.33
"2025-12-08 07:55:00",526932,13.68,23.01,750.1,18.86,65.35
"2025-12-08 08:00:00",526933,13.68,23.27,750.1,19.15,65.23
"2025-12-08 08:05:00",526934,13.68,23.54,750.2,19.31,62.87
"2025-12-08 08:10:00",526935,13.65,23.81,750.2,19.46,61.9
"2025-12-08 08:15:00",526936,13.65,24.11,750.2,19.8,61.23
"2025-12-08 08:20:00",526937,13.65,24.37,750.2,19.72,59.19
"2025-12-08 08:25:00",526938,13.66,24.55,750.2,19.33,60.43
"2025-12-08 08:30:00",526939,13.66,24.68,750.2,19.45,61.27
"2025-12-08 08:35:00",526940,13.66,24.84,750.2,19.52,60.49
"2025-12-08 08:40:00",526941,13.63,24.98,750.2,20.24,59.6
"2025-12-08 08:45:00",526942,13.63,25.22,750.3,20.5,58.18
"2025-12-08 08:50:00",526943,13.63,25.48,750.3,20.3,58
"2025-12-08 08:55:00",526944,13.63,25.71,750.3,20.44,59.54
"2025-12-08 09:00:00",526945,13.63,25.99,750.4,20.94,56.62
"2025-12-08 09:05:00",526946,13.6,26.23,750.5,20.28,59.25
"2025-12-08 09:10:00",526947,13.61,26.39,750.5,20.4,58.29
"2025-12-08 09:15:00",526948,13.61,26.51,750.6,20.76,57.85
"2025-12-08 09:20:00",526949,13.61,26.66,750.6,21.3,56.86
"2025-12-08 09:25:00",526950,13.61,26.84,750.7,21.31,54.88
"2025-12-08 09:30:00",526951,13.61,27.01,750.8,20.79,55.98
"2025-12-08 09:35:00",526952,13.61,27.09,750.8,20.32,57.57
"2025-12-08 09:40:00",526953,13.61,27.07,750.9,20.7,56.28
"2025-12-08 09:45:00",526954,13.61,27.06,751,20.7,56.55
"2025-12-08 09:50:00",526955,13.61,27.07,750.9,20.97,56.5
"2025-12-08 09:55:00",526956,13.61,27.12,750.9,21.08,55.66
"2025-12-08 10:00:00",526957,13.61,27.23,750.9,21.6,53.59
"2025-12-08 10:05:00",526958,13.58,27.41,750.9,21.63,53.37
"2025-12-08 10:10:00",526959,13.58,27.65,750.8,21.64,52.94
"2025-12-08 10:15:00",526960,13.58,27.95,750.7,21.72,53.07
"2025-12-08 10:20:00",526961,13.59,28.3,750.7,22.35,50.05
"2025-12-08 10:25:00",526962,13.56,28.77,750.7,22.89,48.22
"2025-12-08 10:30:00",526963,13.56,29.25,750.6,22.11,51.03
"2025-12-08 10:35:00",526964,13.56,29.76,750.6,23.57,46.8
"2025-12-08 10:40:00",526965,13.53,30.17,750.6,23.23,48.45
"2025-12-08 10:45:00",526966,13.53,30.51,750.5,23.12,49.1
"2025-12-08 10:50:00",526967,13.54,30.84,750.4,21.74,52.11
"2025-12-08 10:55:00",526968,13.51,31.03,750.4,23.21,47.3
"2025-12-08 11:00:00",526969,13.51,31.29,750.2,23.85,44.58
"2025-12-08 11:05:00",526970,13.51,31.62,750.1,24.48,43.69
"2025-12-08 11:10:00",526971,13.51,32.06,750.1,24.14,45.52
"2025-12-08 11:15:00",526972,13.49,32.43,750,22.87,46.36
"2025-12-08 11:20:00",526973,13.49,32.48,749.9,22.43,45.83
"2025-12-08 11:25:00",526974,13.49,32.38,749.7,22.65,44.7
"2025-12-08 11:30:00",526975,13.49,32.34,749.7,23.97,44.57
"2025-12-08 11:35:00",526976,13.49,32.46,749.7,23.27,47.95
"2025-12-08 11:40:00",526977,13.49,32.52,749.6,22.78,47.92
"2025-12-08 11:45:00",526978,13.49,32.56,749.5,23.77,46.83
"2025-12-08 11:50:00",526979,13.49,32.55,749.5,23.19,49.84
"2025-12-08 11:55:00",526980,13.49,32.33,749.5,22.62,52.32
"2025-12-08 12:00:00",526981,13.49,31.84,749.4,22.64,52.39
"2025-12-08 12:05:00",526982,13.49,31.34,749.3,22.49,52.4
"2025-12-08 12:10:00",526983,13.49,30.91,749.2,22.43,50.12
"2025-12-08 12:15:00",526984,13.49,30.56,749.2,22.99,46.15
"2025-12-08 12:20:00",526985,13.49,30.37,749.1,22.99,47.88
"2025-12-08 12:25:00",526986,13.49,30.21,749,22.27,49.94
"2025-12-08 12:30:00",526987,13.49,30.03,748.9,22.14,49.52
"2025-12-08 12:35:00",526988,13.49,29.87,748.7,22.41,45.54
"2025-12-08 12:40:00",526989,13.49,29.78,748.6,23.21,45.18
"2025-12-08 12:45:00",526990,13.49,29.89,748.5,24.95,40.41
"2025-12-08 12:50:00",526991,13.49,30.25,748.4,25.38,38.75
"2025-12-08 12:55:00",526992,13.49,30.71,748.3,25.16,37.73
"2025-12-08 13:00:00",526993,13.49,31.09,748.3,24.88,37.04
"2025-12-08 13:05:00",526994,13.49,31.41,748.2,25.99,36.69
"2025-12-08 13:10:00",526995,13.49,31.67,748.1,23.37,40.76
"2025-12-08 13:15:00",526996,13.49,31.81,748,24.64,38.21
"2025-12-08 13:20:00",526997,13.49,31.91,747.9,25.53,37.11
"2025-12-08 13:25:00",526998,13.49,32.03,747.9,26.16,36.14
"2025-12-08 13:30:00",526999,13.49,32.21,747.8,26.88,35.27
"2025-12-08 13:35:00",527000,13.49,32.47,747.7,26.39,35.56
"2025-12-08 13:40:00",527001,13.49,32.7,747.6,26.58,37.61
"2025-12-08 13:45:00",527002,13.49,32.95,747.4,27.12,35.53
"2025-12-08 13:50:00",527003,13.47,33.15,747.3,26.11,34.36
"2025-12-08 13:55:00",527004,13.47,33.25,747.2,25.38,37.62
"2025-12-08 14:00:00",527005,13.47,33.24,747.2,25.11,38.26
"2025-12-08 14:05:00",527006,13.47,33.17,747,25.56,34.88
"2025-12-08 14:10:00",527007,13.47,33.1,747,25.98,34.62
"2025-12-08 14:15:00",527008,13.47,33.07,746.9,26.03,32.41
"2025-12-08 14:20:00",527009,13.47,33.12,746.7,26,32.47
"2025-12-08 14:25:00",527010,13.47,33.12,746.7,25.47,33
"2025-12-08 14:30:00",527011,13.47,33.1,746.5,26.19,33.23
"2025-12-08 14:35:00",527012,13.47,33.17,746.4,27.23,30.48
"2025-12-08 14:40:00",527013,13.47,33.42,746.4,27.32,26.94
"2025-12-08 14:45:00",527014,13.47,33.75,746.2,27.92,27.54
"2025-12-08 14:50:00",527015,13.47,34.14,746.1,27.47,26.75
"2025-12-08 14:55:00",527016,13.47,34.45,746.1,27,25.75
"2025-12-08 15:00:00",527017,13.45,34.57,746,26.53,27.6
"2025-12-08 15:05:00",527018,13.45,34.59,745.9,27.63,26.28
"2025-12-08 15:10:00",527019,13.45,34.58,745.9,27.34,26.4
"2025-12-08 15:15:00",527020,13.45,34.68,745.8,28.52,26.9
"2025-12-08 15:20:00",527021,13.45,34.85,745.6,27.72,28.21
"2025-12-08 15:25:00",527022,13.44,35.01,745.5,27.49,29.96
"2025-12-08 15:30:00",527023,13.45,35.09,745.4,27.43,27.71
"2025-12-08 15:35:00",527024,13.45,35.16,745.3,28.39,27.64
"2025-12-08 15:40:00",527025,13.45,35.38,745.2,28.77,27.4
"2025-12-08 15:45:00",527026,13.45,35.62,745.2,28.33,26.64
"2025-12-08 15:50:00",527027,13.42,35.7,745.2,27.44,27.77
"2025-12-08 15:55:00",527028,13.42,35.7,745.1,26.63,28.12
"2025-12-08 16:00:00",527029,13.42,35.56,745,27.67,28.2
"2025-12-08 16:05:00",527030,13.42,35.5,745,28.46,28.47
"2025-12-08 16:10:00",527031,13.42,35.51,745,27.1,28.16
"2025-12-08 16:15:00",527032,13.42,35.48,745,27.88,27.67
"2025-12-08 16:20:00",527033,13.42,35.46,744.9,27.98,27.34
"2025-12-08 16:25:00",527034,13.42,35.46,744.9,27.63,27.52
"2025-12-08 16:30:00",527035,13.42,35.37,744.9,27.26,29.13
"2025-12-08 16:35:00",527036,13.42,35.21,744.8,27.17,28.1
"2025-12-08 16:40:00",527037,13.43,35.02,744.8,27.22,28.1
"2025-12-08 16:45:00",527038,13.42,34.82,744.8,27.42,26.95
"2025-12-08 16:50:00",527039,13.42,34.59,744.8,27.13,28.43
"2025-12-08 16:55:00",527040,13.42,34.35,744.9,27.41,28.42
"2025-12-08 17:00:00",527041,13.42,34.13,744.9,27.3,28.04
"2025-12-08 17:05:00",527042,13.42,33.97,744.9,27.78,27.6
"2025-12-08 17:10:00",527043,13.42,33.87,744.9,28.27,27.7
"2025-12-08 17:15:00",527044,13.42,33.84,744.9,28.03,28.37
"2025-12-08 17:20:00",527045,13.42,33.89,744.9,28.08,27.24
"2025-12-08 17:25:00",527046,13.42,33.99,744.9,28.39,27.09
"2025-12-08 17:30:00",527047,13.42,34.07,744.8,28.01,26.93
"2025-12-08 17:35:00",527048,13.42,34.12,744.8,27.94,26.89
"2025-12-08 17:40:00",527049,13.42,34,744.7,26.45,33.79
"2025-12-08 17:45:00",527050,13.43,33.63,744.7,26.38,34.66
"2025-12-08 17:50:00",527051,13.42,33.17,744.8,25.86,35.14
"2025-12-08 17:55:00",527052,13.42,32.61,744.8,25.72,35.73
"2025-12-08 18:00:00",527053,13.44,31.89,744.9,25.54,35.91
"2025-12-08 18:05:00",527054,13.43,31.13,744.9,25.54,36.18
"2025-12-08 18:10:00",527055,13.35,30.46,744.9,25.32,36.66
"2025-12-08 18:15:00",527056,13.31,29.9,745,25.17,36.34
"2025-12-08 18:20:00",527057,13.24,29.4,745,25.26,36.68
"2025-12-08 18:25:00",527058,13.15,28.97,745.2,25,37.12
"2025-12-08 18:30:00",527059,13.08,28.6,745.3,25.01,37.22
"2025-12-08 18:35:00",527060,13.02,28.24,745.4,24.93,36.92
"2025-12-08 18:40:00",527061,12.97,27.92,745.5,24.93,37.05
"2025-12-08 18:45:00",527062,12.94,27.61,745.5,24.79,37.56
"2025-12-08 18:50:00",527063,12.92,27.33,745.6,24.66,37.88
"2025-12-08 18:55:00",527064,12.92,27.08,745.7,24.61,37.48
"2025-12-08 19:00:00",527065,12.9,26.85,745.7,24.57,37.41
"2025-12-08 19:05:00",527066,12.9,26.59,745.8,24.4,37.59
"2025-12-08 19:10:00",527067,12.9,26.36,745.8,24.33,37.91
"2025-12-08 19:15:00",527068,12.89,26.16,745.8,24.21,38.17
"2025-12-08 19:20:00",527069,12.89,25.96,745.8,24,39.56
"2025-12-08 19:25:00",527070,12.88,25.79,746,23.96,38.9
"2025-12-08 19:30:00",527071,12.88,25.62,746,23.86,39.25
"2025-12-08 19:35:00",527072,12.88,25.47,746.1,23.74,39.82
"2025-12-08 19:40:00",527073,12.87,25.31,746.2,23.39,40.44
"2025-12-08 19:45:00",527074,12.87,25.17,746.2,23.19,42.3
"2025-12-08 19:50:00",527075,12.87,25,746.3,22.86,43.82
"2025-12-08 19:55:00",527076,12.87,24.75,746.4,22.59,44.05
"2025-12-08 20:00:00",527077,12.87,24.55,746.4,22.42,44.25
"2025-12-08 20:05:00",527078,12.86,24.36,746.5,22.42,43.9
"2025-12-08 20:10:00",527079,12.86,24.2,746.5,22.09,45.53
"2025-12-08 20:15:00",527080,12.86,24.01,746.6,21.77,46.64
"2025-12-08 20:20:00",527081,12.85,23.84,746.7,21.72,47.05
"2025-12-08 20:25:00",527082,12.85,23.66,746.9,21.6,47.16
"2025-12-08 20:30:00",527083,12.85,23.51,746.8,21.45,48.1
"2025-12-08 20:35:00",527084,12.85,23.35,746.9,21.42,47.81
"2025-12-08 20:40:00",527085,12.85,23.19,747,21.37,48.18
"2025-12-08 20:45:00",527086,12.84,23.05,747.1,21.36,48.02
"2025-12-08 20:50:00",527087,12.84,22.92,747.2,21.34,48.37
"2025-12-08 20:55:00",527088,12.84,22.83,747.3,20.94,49.96
"2025-12-08 21:00:00",527089,12.84,22.73,747.3,20.93,50.52
"2025-12-08 21:05:00",527090,12.83,22.63,747.3,20.9,49.64
"2025-12-08 21:10:00",527091,12.83,22.55,747.4,21.41,47.2
"2025-12-08 21:15:00",527092,12.83,22.5,747.5,21.45,46.73
"2025-12-08 21:20:00",527093,12.83,22.47,747.6,21.42,47.27
"2025-12-08 21:25:00",527094,12.83,22.37,747.7,21.34,47.89
"2025-12-08 21:30:00",527095,12.83,22.32,747.8,21.13,48.85
"2025-12-08 21:35:00",527096,12.83,22.28,747.8,20.9,49.76
"2025-12-08 21:40:00",527097,12.82,22.21,747.9,20.64,50.7
"2025-12-08 21:45:00",527098,12.82,22.12,747.9,20.57,50.69
"2025-12-08 21:50:00",527099,12.82,22.02,748,20.64,50.54
"2025-12-08 21:55:00",527100,12.82,21.93,748,20.48,51.5
"2025-12-08 22:00:00",527101,12.81,21.84,748,20.49,51.72
"2025-12-08 22:05:00",527102,12.81,21.72,748,20.27,52.68
"2025-12-08 22:10:00",527103,12.81,21.63,748.1,20.3,52.1
"2025-12-08 22:15:00",527104,12.8,21.53,748.1,20.31,52.1
"2025-12-08 22:20:00",527105,12.8,21.45,748.1,20.36,51.79
"2025-12-08 22:25:00",527106,12.8,21.38,748.3,20.49,51.4
"2025-12-08 22:30:00",527107,12.8,21.33,748.3,20.56,50.6
"2025-12-08 22:35:00",527108,12.8,21.31,748.3,20.52,50.59
"2025-12-08 22:40:00",527109,12.8,21.3,748.4,20.6,50.32
"2025-12-08 22:45:00",527110,12.79,21.3,748.4,20.56,50.54
"2025-12-08 22:50:00",527111,12.79,21.3,748.4,20.5,50.28
"2025-12-08 22:55:00",527112,12.79,21.31,748.5,20.49,50.46
"2025-12-08 23:00:00",527113,12.79,21.3,748.4,20.27,51.56
"2025-12-08 23:05:00",527114,12.79,21.24,748.4,20.02,52.03
"2025-12-08 23:10:00",527115,12.79,21.18,748.3,20.02,52.28
"2025-12-08 23:15:00",527116,12.79,21.12,748.3,19.96,52.45
"2025-12-08 23:20:00",527117,12.78,21.05,748.2,19.68,53.87
"2025-12-08 23:25:00",527118,12.78,20.96,748.3,19.38,55.4
"2025-12-08 23:30:00",527119,12.78,20.84,748.2,19.26,56.31
"2025-12-08 23:35:00",527120,12.78,20.69,748.3,19.16,56.9
"2025-12-08 23:40:00",527121,12.78,20.55,748.3,19.02,57.4
"2025-12-08 23:45:00",527122,12.78,20.39,748.3,18.83,58.38
"2025-12-08 23:50:00",527123,12.78,20.24,748.3,18.82,58.98
"2025-12-08 23:55:00",527124,12.78,20.1,748.3,18.88,58.93
"2025-12-09 00:00:00",527125,12.77,19.98,748.2,19.06,58.08
"2025-12-09 00:05:00",527126,12.77,19.89,748.1,19.37,57.12
"2025-12-09 00:10:00",527127,12.77,19.83,748,19.4,57.22
"2025-12-09 00:15:00",527128,12.77,19.81,747.9,19.34,57.54
"2025-12-09 00:20:00",527129,12.77,19.77,747.8,19.3,57.96
"2025-12-09 00:25:00",527130,12.77,19.75,747.8,19.28,58.27
"2025-12-09 00:30:00",527131,12.76,19.73,747.7,19.06,59.05
"2025-12-09 00:35:00",527132,12.76,19.63,747.6,18.92,60.15
"2025-12-09 00:40:00",527133,12.76,19.54,747.7,18.71,60.45
"2025-12-09 00:45:00",527134,12.76,19.44,747.7,18.55,61.09
"2025-12-09 00:50:00",527135,12.76,19.35,747.8,18.71,61.15
"2025-12-09 00:55:00",527136,12.76,19.28,747.9,18.8,60.92
"2025-12-09 01:00:00",527137,12.76,19.23,747.8,18.83,60.44
"2025-12-09 01:05:00",527138,12.76,19.17,747.8,18.88,60.45
"2025-12-09 01:10:00",527139,12.76,19.14,747.8,18.81,59.89
"2025-12-09 01:15:00",527140,12.76,19.12,747.7,18.75,60.34
"2025-12-09 01:20:00",527141,12.76,19.1,747.7,18.48,61.53
"2025-12-09 01:25:00",527142,12.76,19.06,747.7,18.09,63.26
"2025-12-09 01:30:00",527143,12.76,19,747.6,17.65,65.35
"2025-12-09 01:35:00",527144,12.76,18.9,747.7,17.45,66.41
"2025-12-09 01:40:00",527145,12.76,18.79,747.7,17.41,66.64
"2025-12-09 01:45:00",527146,12.76,18.67,747.8,17.38,66.37
"2025-12-09 01:50:00",527147,12.75,18.57,747.7,17.29,66.08
"2025-12-09 01:55:00",527148,12.75,18.47,747.7,17.27,66.46
"2025-12-09 02:00:00",527149,12.75,18.39,747.8,17.27,67.08
"2025-12-09 02:05:00",527150,12.75,18.31,747.9,17.19,67.18
"2025-12-09 02:10:00",527151,12.75,18.26,747.8,17.47,67
"2025-12-09 02:15:00",527152,12.74,18.22,747.8,17.53,64.74
"2025-12-09 02:20:00",527153,12.74,18.18,747.8,17.79,64.16
"2025-12-09 02:25:00",527154,12.74,18.21,747.8,17.93,64.24
"2025-12-09 02:30:00",527155,12.74,18.24,747.8,17.89,64.77
"2025-12-09 02:35:00",527156,12.74,18.28,747.8,17.85,64.35
"2025-12-09 02:40:00",527157,12.73,18.3,747.8,17.67,65.77
"2025-12-09 02:45:00",527158,12.73,18.32,747.7,17.78,64.52
"2025-12-09 02:50:00",527159,12.74,18.15,747.7,17.77,64.25
"2025-12-09 02:55:00",527160,12.74,18.01,747.6,17.74,64.95
"2025-12-09 03:00:00",527161,12.74,17.95,747.6,17.77,64.84
"2025-12-09 03:05:00",527162,12.73,17.95,747.6,17.82,66.21
"2025-12-09 03:10:00",527163,12.73,17.97,747.6,17.61,67.46
"2025-12-09 03:15:00",527164,12.73,17.99,747.7,17.4,68.68
"2025-12-09 03:20:00",527165,12.73,18,747.7,17.27,68.78
"2025-12-09 03:25:00",527166,12.73,18.01,747.6,17.29,68.23
"2025-12-09 03:30:00",527167,12.72,18.04,747.6,17.36,68.53
"2025-12-09 03:35:00",527168,12.72,18.05,747.6,17.33,68.32
"2025-12-09 03:40:00",527169,12.72,18.05,747.5,17.27,67.55
"2025-12-09 03:45:00",527170,12.72,18.05,747.4,17.41,67.16
"2025-12-09 03:50:00",527171,12.72,18.06,747.4,17.47,66.03
"2025-12-09 03:55:00",527172,12.71,18.05,747.4,17.55,65.81
"2025-12-09 04:00:00",527173,12.71,18.06,747.4,17.76,65.96
"2025-12-09 04:05:00",527174,12.71,18.07,747.4,17.71,66.75
"2025-12-09 04:10:00",527175,12.71,18.09,747.4,17.5,68.7
"2025-12-09 04:15:00",527176,12.71,18.06,747.4,17.22,68.62
"2025-12-09 04:20:00",527177,12.7,18.02,747.4,17.16,68.52
"2025-12-09 04:25:00",527178,12.7,17.94,747.5,17.08,68.89
"2025-12-09 04:30:00",527179,12.7,17.88,747.5,17.1,68.89
"2025-12-09 04:35:00",527180,12.7,17.82,747.5,17.07,69.96
"2025-12-09 04:40:00",527181,12.7,17.75,747.6,16.9,70.65
"2025-12-09 04:45:00",527182,12.7,17.71,747.6,16.81,71.13
"2025-12-09 04:50:00",527183,12.69,17.63,747.6,16.82,71.3
"2025-12-09 04:55:00",527184,12.69,17.59,747.6,16.81,71.56
"2025-12-09 05:00:00",527185,12.69,17.57,747.6,16.8,71.87
"2025-12-09 05:05:00",527186,12.69,17.54,747.6,16.71,71.77
"2025-12-09 05:10:00",527187,12.68,17.51,747.7,16.94,70.37
"2025-12-09 05:15:00",527188,12.68,17.49,747.7,16.97,70.61
"2025-12-09 05:20:00",527189,12.68,17.46,747.8,16.94,70.95
"2025-12-09 05:25:00",527190,12.68,17.45,748,16.99,71.13
"2025-12-09 05:30:00",527191,12.68,17.48,748.1,16.99,71.48
"2025-12-09 05:35:00",527192,12.68,17.58,748.1,16.97,71.13
"2025-12-09 05:40:00",527193,12.67,17.59,748.1,16.91,71.2
"2025-12-09 05:45:00",527194,12.67,17.6,748.2,16.85,71.62
"2025-12-09 05:50:00",527195,12.68,17.58,748.3,16.83,70.98
"2025-12-09 05:55:00",527196,12.69,17.57,748.3,16.9,70.97
"2025-12-09 06:00:00",527197,12.72,17.6,748.4,17.04,69.87
"2025-12-09 06:05:00",527198,12.75,17.64,748.4,17.14,68.99
"2025-12-09 06:10:00",527199,12.77,17.73,748.4,17.15,69.42
"2025-12-09 06:15:00",527200,12.8,17.81,748.5,17.18,69.4
"2025-12-09 06:20:00",527201,12.82,17.89,748.5,17.27,68.66
"2025-12-09 06:25:00",527202,12.85,17.99,748.5,17.33,68.58
"2025-12-09 06:30:00",527203,12.85,18.09,748.6,17.41,67.98
"2025-12-09 06:35:00",527204,12.83,18.18,748.6,17.51,68.06
"2025-12-09 06:40:00",527205,12.89,18.29,748.7,17.46,67.99
"2025-12-09 06:45:00",527206,13.01,18.45,748.7,17.48,68.7
"2025-12-09 06:50:00",527207,13.18,18.6,748.8,17.54,69.35
"2025-12-09 06:55:00",527208,13.37,18.8,748.9,17.58,70
"2025-12-09 07:00:00",527209,13.49,18.98,748.8,17.71,69.18
"2025-12-09 07:05:00",527210,13.57,19.17,748.9,17.91,67.96
"2025-12-09 07:10:00",527211,13.64,19.37,749,17.83,68.73
"2025-12-09 07:15:00",527212,13.72,19.59,749,18.34,69.53
"2025-12-09 07:20:00",527213,13.88,19.87,749.1,18.19,68.48
"2025-12-09 07:25:00",527214,13.73,20.77,749.2,17.92,70
"2025-12-09 07:30:00",527215,13.73,21.5,749.2,18,69.75
"2025-12-09 07:35:00",527216,13.7,21.87,749.2,18.09,69.6
"2025-12-09 07:40:00",527217,13.71,22.17,749.2,18.38,68.51
"2025-12-09 07:45:00",527218,13.71,22.45,749.3,18.8,67.36
"2025-12-09 07:50:00",527219,13.71,22.72,749.4,18.9,67.11
"2025-12-09 07:55:00",527220,13.68,22.99,749.4,19.61,64.92
"2025-12-09 08:00:00",527221,13.68,23.28,749.4,19.54,65.5
"2025-12-09 08:05:00",527222,13.68,23.53,749.4,19.39,65.12
"2025-12-09 08:10:00",527223,13.68,23.75,749.4,19.62,64.89
"2025-12-09 08:15:00",527224,13.68,23.99,749.4,19.55,65.39
"2025-12-09 08:20:00",527225,13.66,24.17,749.4,19.42,65.6
"2025-12-09 08:25:00",527226,13.66,24.39,749.4,19.92,64.97
"2025-12-09 08:30:00",527227,13.66,24.72,749.4,21.27,59.4
"2025-12-09 08:35:00",527228,13.66,25.16,749.3,21.79,58.29
"2025-12-09 08:40:00",527229,13.63,25.64,749.3,22.49,56.14
"2025-12-09 08:45:00",527230,13.63,26.12,749.3,22.33,56.64
"2025-12-09 08:50:00",527231,13.61,26.53,749.3,22.85,54.98
"2025-12-09 08:55:00",527232,13.61,26.93,749.2,22.81,54.13
"2025-12-09 09:00:00",527233,13.61,27.33,749.2,22.48,54.65
"2025-12-09 09:05:00",527234,13.61,27.65,749.2,21.75,56.43
"2025-12-09 09:10:00",527235,13.58,27.89,749.2,21.63,56.38
"2025-12-09 09:15:00",527236,13.58,28.1,749.2,21.91,54.91
"2025-12-09 09:20:00",527237,13.58,28.35,749.2,22.52,53.56
"2025-12-09 09:25:00",527238,13.58,28.7,749.2,23.71,51.02
"2025-12-09 09:30:00",527239,13.56,29.21,749.2,24.27,50.69
"2025-12-09 09:35:00",527240,13.56,29.83,749.2,24.46,48.77
"2025-12-09 09:40:00",527241,13.53,30.74,749.1,24.18,49.24
"2025-12-09 09:45:00",527242,13.51,31.38,749.1,22.68,52.96
"2025-12-09 09:50:00",527243,13.51,31.8,749,23.31,51.44
"2025-12-09 09:55:00",527244,13.51,32.15,749,24.18,49.72
"2025-12-09 10:00:00",527245,13.49,32.47,748.9,24.09,48.15
"2025-12-09 10:05:00",527246,13.49,32.78,748.8,24.59,46.64
"2025-12-09 10:10:00",527247,13.49,33.06,748.8,23.69,46.69
"2025-12-09 10:15:00",527248,13.49,33.26,748.7,24.51,45.99
"2025-12-09 10:20:00",527249,13.49,33.49,748.7,24.56,45.83
"2025-12-09 10:25:00",527250,13.46,33.72,748.7,24.51,46.85
"2025-12-09 10:30:00",527251,13.46,33.87,748.6,23.85,46.1
"2025-12-09 10:35:00",527252,13.46,33.93,748.5,24.51,43.95
"2025-12-09 10:40:00",527253,13.46,34,748.5,25.36,44.28
"2025-12-09 10:45:00",527254,13.46,34.13,748.4,25.09,45.18
"2025-12-09 10:50:00",527255,13.46,34.28,748.4,24.93,43.9
"2025-12-09 10:55:00",527256,13.46,34.38,748.2,25.08,44.01
"2025-12-09 11:00:00",527257,13.46,34.45,748.1,24.84,43.86
"2025-12-09 11:05:00",527258,13.46,34.49,748.1,25.16,42.98
"2025-12-09 11:10:00",527259,13.46,34.51,748,25.18,42.17
"2025-12-09 11:15:00",527260,13.46,34.56,747.9,24.63,43.12
"2025-12-09 11:20:00",527261,13.46,34.53,747.8,25.04,41.86
"2025-12-09 11:25:00",527262,13.46,34.47,747.7,26.25,40.39
"2025-12-09 11:30:00",527263,13.46,34.61,747.6,25.92,38.8
"2025-12-09 11:35:00",527264,13.47,34.72,747.5,26.03,39.84
"2025-12-09 11:40:00",527265,13.44,34.74,747.3,25.47,40.86
"2025-12-09 11:45:00",527266,13.44,34.72,747.3,25.35,39.77
"2025-12-09 11:50:00",527267,13.44,34.57,747.2,24.93,41.33
"2025-12-09 11:55:00",527268,13.44,34.39,747.1,25.66,38.78
"2025-12-09 12:00:00",527269,13.44,34.36,747,26.5,36.8
"2025-12-09 12:05:00",527270,13.44,34.49,746.9,26.56,37.28
"2025-12-09 12:10:00",527271,13.44,34.66,746.8,25.46,38.89
"2025-12-09 12:15:00",527272,13.44,34.69,746.7,26.26,37.48
"2025-12-09 12:20:00",527273,13.44,34.74,746.6,27.02,36.05
"2025-12-09 12:25:00",527274,13.44,34.81,746.6,26.67,37.06
"2025-12-09 12:30:00",527275,13.44,34.87,746.5,27.65,35.04
"2025-12-09 12:35:00",527276,13.44,35.01,746.4,27.4,34.69
"2025-12-09 12:40:00",527277,13.44,35.13,746.3,27.31,34.98
"2025-12-09 12:45:00",527278,13.44,35.18,746.3,27.32,35.01
"2025-12-09 12:50:00",527279,13.44,35.15,746.2,27.03,35.19
"2025-12-09 12:55:00",527280,13.44,35.12,746.1,27.54,35.17
"2025-12-09 13:00:00",527281,13.44,35.1,746,27.16,35.27
"2025-12-09 13:05:00",527282,13.44,35.06,746,27.78,33.81
"2025-12-09 13:10:00",527283,13.44,35.06,745.9,27.74,33.71
"2025-12-09 13:15:00",527284,13.44,35.15,745.8,27.66,33.16
"2025-12-09 13:20:00",527285,13.44,35.22,745.7,28.26,32.34
"2025-12-09 13:25:00",527286,13.44,35.34,745.6,28.9,31.24
"2025-12-09 13:30:00",527287,13.45,35.47,745.5,28.76,31.19
"2025-12-09 13:35:00",527288,13.44,35.64,745.4,28.91,30.28
"2025-12-09 13:40:00",527289,13.42,35.77,745.3,29.06,30.37
"2025-12-09 13:45:00",527290,13.42,35.89,745.3,28.91,29.46
"2025-12-09 13:50:00",527291,13.42,36.06,745.2,28.88,28.91
"2025-12-09 13:55:00",527292,13.42,36.2,745.2,28.79,29.45
"2025-12-09 14:00:00",527293,13.42,36.27,745.1,28.1,29.4
"2025-12-09 14:05:00",527294,13.42,36.29,745,28.16,29.88
"2025-12-09 14:10:00",527295,13.42,36.23,745,28.11,30.29
"2025-12-09 14:15:00",527296,13.42,36.2,744.8,29.03,29.27
"2025-12-09 14:20:00",527297,13.42,36.24,744.7,30.2,28.81
"2025-12-09 14:25:00",527298,13.42,36.44,744.7,30.39,28.9
"2025-12-09 14:30:00",527299,13.42,36.65,744.6,28.76,28.84
"2025-12-09 14:35:00",527300,13.42,36.7,744.5,29.72,28.91
"2025-12-09 14:40:00",527301,13.42,36.82,744.4,29.67,28.63
"2025-12-09 14:45:00",527302,13.42,36.87,744.4,29.18,29.21
"2025-12-09 14:50:00",527303,13.42,36.88,744.3,28.87,28.5
"2025-12-09 14:55:00",527304,13.42,36.84,744.2,28.6,30.05
"2025-12-09 15:00:00",527305,13.42,36.76,744.2,28.76,28.32
"2025-12-09 15:05:00",527306,13.42,36.62,744.1,28.41,28.16
"2025-12-09 15:10:00",527307,13.42,36.47,744,28.22,29.68
"2025-12-09 15:15:00",527308,13.42,36.25,744,27.28,27.9
"2025-12-09 15:20:00",527309,13.42,35.91,744,28.3,29.69
"2025-12-09 15:25:00",527310,13.42,35.7,743.8,28.97,26.86
"2025-12-09 15:30:00",527311,13.42,35.62,743.8,29.2,26.74
"2025-12-09 15:35:00",527312,13.42,35.58,743.7,28.64,27.01
"2025-12-09 15:40:00",527313,13.42,35.54,743.7,28.96,26.58
"2025-12-09 15:45:00",527314,13.43,35.53,743.7,28.93,26.03
"2025-12-09 15:50:00",527315,13.42,35.49,743.6,28.93,26.89
"2025-12-09 15:55:00",527316,13.42,35.49,743.6,29.96,24.72
"2025-12-09 16:00:00",527317,13.42,35.59,743.5,29.57,24.41
"2025-12-09 16:05:00",527318,13.42,35.62,743.5,28.84,24.47
"2025-12-09 16:10:00",527319,13.42,35.55,743.5,28.89,24.09
"2025-12-09 16:15:00",527320,13.43,35.47,743.5,29.16,24.73
"2025-12-09 16:20:00",527321,13.42,35.39,743.5,28.9,25.06
"2025-12-09 16:25:00",527322,13.42,35.3,743.5,28.99,26.45
"2025-12-09 16:30:00",527323,13.42,35.22,743.5,28.57,25.94
"2025-12-09 16:35:00",527324,13.42,35.13,743.4,28.87,26.16
"2025-12-09 16:40:00",527325,13.42,35.09,743.4,29.37,27.85
"2025-12-09 16:45:00",527326,13.42,35.06,743.4,28.32,28.53
"2025-12-09 16:50:00",527327,13.42,34.9,743.4,28.24,28.73
"2025-12-09 16:55:00",527328,13.42,34.73,743.4,28.41,30.72
"2025-12-09 17:00:00",527329,13.42,34.56,743.4,27.82,30.67
"2025-12-09 17:05:00",527330,13.42,34.31,743.4,27.31,31.17
"2025-12-09 17:10:00",527331,13.42,33.95,743.5,27.1,31.79
"2025-12-09 17:15:00",527332,13.42,33.52,743.5,27.07,31.35
"2025-12-09 17:20:00",527333,13.42,33.15,743.5,27.19,30.89
"2025-12-09 17:25:00",527334,13.42,32.85,743.6,26.85,31.27
"2025-12-09 17:30:00",527335,13.42,32.55,743.6,26.46,37.2
"2025-12-09 17:35:00",527336,13.42,32.27,743.6,26.21,39.1
"2025-12-09 17:40:00",527337,13.42,31.93,743.7,25.94,38.01
"2025-12-09 17:45:00",527338,13.45,31.58,743.7,25.88,37.18
"2025-12-09 17:50:00",527339,13.47,31.14,743.8,25.68,38.88
"2025-12-09 17:55:00",527340,13.47,30.76,743.8,25.46,39.35
"2025-12-09 18:00:00",527341,13.47,30.15,743.8,25.47,39.84
"2025-12-09 18:05:00",527342,13.44,29.53,743.9,25.13,39.94
"2025-12-09 18:10:00",527343,13.35,29.04,743.9,24.95,41
"2025-12-09 18:15:00",527344,13.24,28.68,744,24.79,42.1
"2025-12-09 18:20:00",527345,13.15,28.34,744,24.38,42.93
"2025-12-09 18:25:00",527346,13.07,28.01,744,24.45,40.55
"2025-12-09 18:30:00",527347,13.01,27.69,743.9,24.42,41.27
"2025-12-09 18:35:00",527348,12.96,27.43,744,24.17,42.48
"2025-12-09 18:40:00",527349,12.93,27.15,744,23.96,43.04
"2025-12-09 18:45:00",527350,12.91,26.89,744.1,23.74,44.34
"2025-12-09 18:50:00",527351,12.89,26.63,744.2,23.56,44.65
"2025-12-09 18:55:00",527352,12.89,26.32,744.3,23.43,44.92
"2025-12-09 19:00:00",527353,12.88,26.07,744.4,23.34,45.75
"2025-12-09 19:05:00",527354,12.88,25.82,744.5,23.09,46.32
"2025-12-09 19:10:00",527355,12.87,25.57,744.6,22.76,46.51
"2025-12-09 19:15:00",527356,12.87,25.35,744.7,22.71,46.12
"2025-12-09 19:20:00",527357,12.87,25.15,744.7,22.63,46.97
"2025-12-09 19:25:00",527358,12.86,24.97,744.8,22.74,45.93
"2025-12-09 19:30:00",527359,12.86,24.78,744.9,23.02,43.97
"2025-12-09 19:35:00",527360,12.86,24.65,745,23.01,44.36
"2025-12-09 19:40:00",527361,12.85,24.54,745.1,22.99,44.06
"2025-12-09 19:45:00",527362,12.85,24.45,745.2,22.86,43.66
"2025-12-09 19:50:00",527363,12.85,24.35,745.4,22.85,43.75
"2025-12-09 19:55:00",527364,12.85,24.27,745.5,22.46,45.25
"2025-12-09 20:00:00",527365,12.85,24.17,745.6,22.27,46.38
"2025-12-09 20:05:00",527366,12.84,24.08,745.6,22.36,44.86
"2025-12-09 20:10:00",527367,12.84,23.99,745.7,22.39,44.92
"2025-12-09 20:15:00",527368,12.84,23.9,745.8,22.42,44.8
"2025-12-09 20:20:00",527369,12.84,23.82,745.9,22.28,45.04
"2025-12-09 20:25:00",527370,12.84,23.73,746,22.36,45.02
"2025-12-09 20:30:00",527371,12.84,23.67,746,22.39,44.86
"2025-12-09 20:35:00",527372,12.84,23.61,746.1,22.58,44.3
"2025-12-09 20:40:00",527373,12.83,23.58,746.2,22.39,46.3
"2025-12-09 20:45:00",527374,12.83,23.53,746.3,22.1,49.7
"2025-12-09 20:50:00",527375,12.83,23.46,746.3,21.56,53.58
"2025-12-09 20:55:00",527376,12.83,23.35,746.4,21.4,56.1
"2025-12-09 21:00:00",527377,12.83,23.16,746.4,21.3,57.2
"2025-12-09 21:05:00",527378,12.83,23,746.5,21.23,57.31
"2025-12-09 21:10:00",527379,12.82,22.85,746.6,21.34,57.17
"2025-12-09 21:15:00",527380,12.82,22.74,746.6,21.33,56.4
"2025-12-09 21:20:00",527381,12.82,22.64,746.6,21.36,58.37
"2025-12-09 21:25:00",527382,12.82,22.56,746.8,21.28,58.85
"2025-12-09 21:30:00",527383,12.82,22.5,746.8,21.13,59.74
"2025-12-09 21:35:00",527384,12.82,22.43,746.8,21.02,60.21
"2025-12-09 21:40:00",527385,12.82,22.34,746.9,20.91,60.69
"2025-12-09 21:45:00",527386,12.81,22.29,746.9,20.88,60.95
"2025-12-09 21:50:00",527387,12.81,22.21,746.9,20.71,61.56
"2025-12-09 21:55:00",527388,12.81,22.12,747,20.78,61.15
"2025-12-09 22:00:00",527389,12.81,22.03,747,20.69,61.62
"2025-12-09 22:05:00",527390,12.81,21.93,747,20.67,61.28
"2025-12-09 22:10:00",527391,12.81,21.84,747,20.65,61.28
"2025-12-09 22:15:00",527392,12.81,21.76,747,20.49,61.71
"2025-12-09 22:20:00",527393,12.81,21.67,747.1,20.37,61.9
"2025-12-09 22:25:00",527394,12.8,21.57,747.2,20.29,62.46
"2025-12-09 22:30:00",527395,12.8,21.49,747.2,20.25,62.45
"2025-12-09 22:35:00",527396,12.8,21.41,747.2,20.18,62.74
"2025-12-09 22:40:00",527397,12.8,21.31,747.2,20.34,62.04
"2025-12-09 22:45:00",527398,12.8,21.25,747.2,20.35,62.14
"2025-12-09 22:50:00",527399,12.8,21.21,747.2,20.4,61.48
"2025-12-09 22:55:00",527400,12.8,21.19,747.2,20.4,61.57
"2025-12-09 23:00:00",527401,12.79,21.19,747.2,20.36,61.81
"2025-12-09 23:05:00",527402,12.79,21.16,747.1,20.27,62.39
"2025-12-09 23:10:00",527403,12.79,21.1,747.1,20.17,62.8
"2025-12-09 23:15:00",527404,12.79,21.05,747.1,20.1,63.06
"2025-12-09 23:20:00",527405,12.79,21,747.1,19.63,65.25
"2025-12-09 23:25:00",527406,12.79,20.9,747.1,19.38,66.39
"2025-12-09 23:30:00",527407,12.79,20.78,747.1,19.29,66.59
"2025-12-09 23:35:00",527408,12.79,20.69,747.1,19.15,67.39
"2025-12-09 23:40:00",527409,12.78,20.57,747.1,19.02,67.39
"2025-12-09 23:45:00",527410,12.78,20.48,747.1,18.9,67.73
"2025-12-09 23:50:00",527411,12.78,20.36,747.1,18.78,68.18
"2025-12-09 23:55:00",527412,12.78,20.27,747.2,18.9,66.16
"2025-12-10 00:00:00",527413,12.78,20.2,747.1,18.92,66.49
"2025-12-10 00:05:00",527414,12.79,20.11,747.1,18.87,66.54
"2025-12-10 00:10:00",527415,12.78,20.01,747.1,18.7,66.18
"2025-12-10 00:15:00",527416,12.78,19.93,747.1,18.64,66.47
"2025-12-10 00:20:00",527417,12.78,19.87,747.1,18.66,66.56
"2025-12-10 00:25:00",527418,12.78,19.81,747.1,18.63,66.8
"2025-12-10 00:30:00",527419,12.78,19.73,747.1,18.51,67.07
"2025-12-10 00:35:00",527420,12.78,19.64,747.1,18.35,67.3
"2025-12-10 00:40:00",527421,12.77,19.55,747.1,18.29,67.53
"2025-12-10 00:45:00",527422,12.77,19.49,747.1,18.31,67.44
"2025-12-10 00:50:00",527423,12.77,19.45,747.1,18.21,68.04
"2025-12-10 00:55:00",527424,12.77,19.39,747.1,18.19,68.07
"2025-12-10 01:00:00",527425,12.77,19.34,747,18.13,68.58
"2025-12-10 01:05:00",527426,12.76,19.29,747,17.94,69.25
"2025-12-10 01:10:00",527427,12.76,19.22,747.1,17.79,70.04
"2025-12-10 01:15:00",527428,12.76,19.16,747.1,17.73,70.32
"2025-12-10 01:20:00",527429,12.76,19.08,747,17.73,70.32
"2025-12-10 01:25:00",527430,12.76,19.03,747.1,17.71,70.46
"2025-12-10 01:30:00",527431,12.75,18.98,747.1,17.61,70.99
"2025-12-10 01:35:00",527432,12.75,18.91,747.1,17.63,71.28
"2025-12-10 01:40:00",527433,12.75,18.84,747.1,17.67,71.23
"2025-12-10 01:45:00",527434,12.75,18.77,747.1,17.66,71.06
"2025-12-10 01:50:00",527435,12.75,18.7,747.1,17.71,71.04
"2025-12-10 01:55:00",527436,12.75,18.66,747.1,17.73,70.81
"2025-12-10 02:00:00",527437,12.74,18.65,747.1,17.73,71.04
"2025-12-10 02:05:00",527438,12.74,18.67,747.1,17.87,70.46
"2025-12-10 02:10:00",527439,12.74,18.69,747.1,17.93,70.32
"2025-12-10 02:15:00",527440,12.74,18.75,747.1,17.91,70.64
"2025-12-10 02:20:00",527441,12.74,18.8,747.1,18.05,70
"2025-12-10 02:25:00",527442,12.73,18.85,747.1,17.91,70.38
"2025-12-10 02:30:00",527443,12.73,18.88,747.1,17.85,70.8
"2025-12-10 02:35:00",527444,12.73,18.9,747.1,17.77,71.42
"2025-12-10 02:40:00",527445,12.73,18.9,747.1,17.7,71.99
"2025-12-10 02:45:00",527446,12.72,18.91,747.1,17.61,72.61
"2025-12-10 02:50:00",527447,12.72,18.89,747.1,17.59,72.77
"2025-12-10 02:55:00",527448,12.72,18.88,747.2,17.59,73.03
"2025-12-10 03:00:00",527449,12.72,18.85,747.2,17.61,72.98
"2025-12-10 03:05:00",527450,12.71,18.83,747.2,17.63,72.98
"2025-12-10 03:10:00",527451,12.71,18.86,747.2,17.54,73.08
"2025-12-10 03:15:00",527452,12.71,18.77,747.2,17.48,73.24
"2025-12-10 03:20:00",527453,12.71,18.75,747.3,17.44,73.66
"2025-12-10 03:25:00",527454,12.7,18.73,747.3,17.49,73.59
"2025-12-10 03:30:00",527455,12.7,18.71,747.3,17.57,73.43
"2025-12-10 03:35:00",527456,12.7,18.7,747.4,17.51,73.67
"2025-12-10 03:40:00",527457,12.7,18.66,747.4,17.41,73.68
"2025-12-10 03:45:00",527458,12.69,18.61,747.5,17.22,74.96
"2025-12-10 03:50:00",527459,12.69,18.53,747.5,17.15,75.26
"2025-12-10 03:55:00",527460,12.69,18.46,747.6,17.09,75.44
"2025-12-10 04:00:00",527461,12.68,18.39,747.6,17.07,75.44
"2025-12-10 04:05:00",527462,12.68,18.38,747.6,17.04,75.4
"2025-12-10 04:10:00",527463,12.67,18.37,747.6,17.07,75.44
"2025-12-10 04:15:00",527464,12.67,18.37,747.7,17.1,75.53
"2025-12-10 04:20:00",527465,12.66,18.37,747.7,17.08,75.59
"2025-12-10 04:25:00",527466,12.67,18.38,747.8,17.09,75.3
"2025-12-10 04:30:00",527467,12.66,18.38,747.8,17.07,75.55
"2025-12-10 04:35:00",527468,12.66,18.39,747.8,17.09,75.22
"2025-12-10 04:40:00",527469,12.66,18.38,747.9,17.12,75.03
"2025-12-10 04:45:00",527470,12.65,18.34,747.9,17.07,75.24
"2025-12-10 04:50:00",527471,12.65,18.31,748,17.07,75.32
"2025-12-10 04:55:00",527472,12.65,18.25,748,17.03,75.12
"2025-12-10 05:00:00",527473,12.65,18.2,748.1,17,75.37
"2025-12-10 05:05:00",527474,12.65,18.16,748.1,16.91,75.97
"2025-12-10 05:10:00",527475,12.64,18.13,748.1,16.81,77.7
"2025-12-10 05:15:00",527476,12.64,18.08,748.2,16.76,77.07
"2025-12-10 05:20:00",527477,12.64,18.01,748.2,16.81,76.69
"2025-12-10 05:25:00",527478,12.64,17.95,748.3,16.76,76.93
"2025-12-10 05:30:00",527479,12.63,17.9,748.3,16.64,77.08
"2025-12-10 05:35:00",527480,12.63,17.9,748.3,16.67,76.95
"2025-12-10 05:40:00",527481,12.63,17.89,748.3,16.62,77.32
"2025-12-10 05:45:00",527482,12.63,17.88,748.4,16.61,77.13
"2025-12-10 05:50:00",527483,12.64,17.83,748.5,16.59,77.18
"2025-12-10 05:55:00",527484,12.64,17.79,748.5,16.54,77.65
"2025-12-10 06:00:00",527485,12.65,17.77,748.5,16.67,77.39
"2025-12-10 06:05:00",527486,12.67,17.73,748.5,16.74,77.1
"2025-12-10 06:10:00",527487,12.68,17.72,748.6,16.94,76.18
"2025-12-10 06:15:00",527488,12.68,17.71,748.7,16.99,75.79
"2025-12-10 06:20:00",527489,12.69,17.66,748.8,16.99,75.79
"2025-12-10 06:25:00",527490,12.74,17.64,748.8,16.95,75.98
"2025-12-10 06:30:00",527491,12.75,17.67,748.9,16.95,76.27
"2025-12-10 06:35:00",527492,12.82,17.72,748.9,16.96,76.24
"2025-12-10 06:40:00",527493,12.87,17.8,749,17.27,75.03
"2025-12-10 06:45:00",527494,12.95,18.03,749.1,18.37,71.19
"2025-12-10 06:50:00",527495,13.02,18.38,749.1,18.97,68.62
"2025-12-10 06:55:00",527496,13.3,18.81,749.2,19.62,66.55
"2025-12-10 07:00:00",527497,13.57,19.51,749.3,19.63,66.11
"2025-12-10 07:05:00",527498,13.67,20.29,749.4,20.38,64.06
"2025-12-10 07:10:00",527499,13.78,21.21,749.5,21.46,60.16
"2025-12-10 07:15:00",527500,13.7,23,749.5,20.8,61.94
"2025-12-10 07:20:00",527501,13.67,24.15,749.5,21.45,60.1
"2025-12-10 07:25:00",527502,13.64,25.06,749.6,22.36,57.17
"2025-12-10 07:30:00",527503,13.62,25.91,749.6,22.03,57.68
"2025-12-10 07:35:00",527504,13.62,26.62,749.6,21.34,60.39
"2025-12-10 07:40:00",527505,13.59,27.16,749.7,21.27,59.98
"2025-12-10 07:45:00",527506,13.59,27.59,749.7,21.79,58.59
"2025-12-10 07:50:00",527507,13.57,28.04,749.7,21.67,58.39
"2025-12-10 07:55:00",527508,13.57,28.42,749.8,21.71,59.07
"2025-12-10 08:00:00",527509,13.57,28.82,749.8,22.91,55.46
"2025-12-10 08:05:00",527510,13.54,29.23,749.8,22.63,55.26
"2025-12-10 08:10:00",527511,13.54,29.53,749.8,21.9,57.44
"2025-12-10 08:15:00",527512,13.55,29.81,749.8,22.25,56.6
"2025-12-10 08:20:00",527513,13.55,30.16,749.8,22.53,55.28
"2025-12-10 08:25:00",527514,13.52,30.43,749.8,22.41,56.38
"2025-12-10 08:30:00",527515,13.53,30.68,749.8,22.51,55.62
"2025-12-10 08:35:00",527516,13.53,30.93,749.8,23.31,52.51
"2025-12-10 08:40:00",527517,13.53,31.27,749.8,23.03,53.48
"2025-12-10 08:45:00",527518,13.5,31.6,749.8,22.77,53.75
"2025-12-10 08:50:00",527519,13.5,32,749.8,23.5,52.63
"2025-12-10 08:55:00",527520,13.5,32.36,749.8,23.38,51.61
"2025-12-10 09:00:00",527521,13.5,32.59,749.7,22.63,53.83
"2025-12-10 09:05:00",527522,13.48,32.75,749.7,23.63,51.33
"2025-12-10 09:10:00",527523,13.48,32.98,749.7,23.6,51.23
"2025-12-10 09:15:00",527524,13.48,33.24,749.7,24.43,48.13
"2025-12-10 09:20:00",527525,13.48,33.55,749.6,23.44,51.65
"2025-12-10 09:25:00",527526,13.48,33.64,749.6,24.25,49.44
"2025-12-10 09:30:00",527527,13.46,33.78,749.5,24.23,47.4
"2025-12-10 09:35:00",527528,13.46,33.99,749.5,23.93,47.39
"2025-12-10 09:40:00",527529,13.46,34.09,749.5,23.51,47.82
"2025-12-10 09:45:00",527530,13.46,34.12,749.4,23.92,46.68
"2025-12-10 09:50:00",527531,13.46,34.22,749.4,24.72,45.53
"2025-12-10 09:55:00",527532,13.46,34.38,749.3,24.58,44.57
"2025-12-10 10:00:00",527533,13.46,34.53,749.2,24.32,45.38
"2025-12-10 10:05:00",527534,13.46,34.66,749.2,24.97,43.16
"2025-12-10 10:10:00",527535,13.46,34.8,749.1,24.39,45.16
"2025-12-10 10:15:00",527536,13.46,34.98,749.1,24.7,43.71
"2025-12-10 10:20:00",527537,13.43,35.1,749,25.16,43.15
"2025-12-10 10:25:00",527538,13.44,35.25,749,25.11,41.21
"2025-12-10 10:30:00",527539,13.44,35.45,748.8,26.22,40.68
"2025-12-10 10:35:00",527540,13.44,35.73,748.8,26.01,40.2
"2025-12-10 10:40:00",527541,13.44,35.92,748.7,25.53,41.26
"2025-12-10 10:45:00",527542,13.44,36,748.6,25.29,41.27
"2025-12-10 10:50:00",527543,13.44,36.07,748.5,24.41,41.53
"2025-12-10 10:55:00",527544,13.41,36.06,748.5,25.82,39.62
"2025-12-10 11:00:00",527545,13.41,36.07,748.4,25.1,40.86
"2025-12-10 11:05:00",527546,13.41,36.09,748.3,24.58,41.58
"2025-12-10 11:10:00",527547,13.42,36.07,748.2,26.06,37.03
"2025-12-10 11:15:00",527548,13.42,36.07,748.1,26.09,34.43
"2025-12-10 11:20:00",527549,13.41,36.09,748,25.93,36.58
"2025-12-10 11:25:00",527550,13.42,36.17,747.9,26.32,36.25
"2025-12-10 11:30:00",527551,13.42,36.34,747.9,27.91,33.93
"2025-12-10 11:35:00",527552,13.42,36.57,747.7,27.51,34.76
"2025-12-10 11:40:00",527553,13.42,36.74,747.7,26.94,34.91
"2025-12-10 11:45:00",527554,13.42,36.81,747.6,27.3,34.11
"2025-12-10 11:50:00",527555,13.42,36.82,747.5,26.57,34.68
"2025-12-10 11:55:00",527556,13.42,36.85,747.4,27.8,32.7
"2025-12-10 12:00:00",527557,13.42,36.91,747.3,28.18,32.23
"2025-12-10 12:05:00",527558,13.42,36.99,747.2,27.64,33.94
"2025-12-10 12:10:00",527559,13.42,37.04,747.2,28.65,32.03
"2025-12-10 12:15:00",527560,13.39,37.12,747.1,27.54,33.19
"2025-12-10 12:20:00",527561,13.39,37.08,746.9,27.69,33.1
"2025-12-10 12:25:00",527562,13.39,37.07,746.8,28.95,31.99
"2025-12-10 12:30:00",527563,13.4,37.15,746.8,28.34,31.02
"2025-12-10 12:35:00",527564,13.39,37.02,746.7,28.2,31.14
"2025-12-10 12:40:00",527565,13.39,36.88,746.6,28.79,30.68
"2025-12-10 12:45:00",527566,13.39,36.78,746.5,29,29.95
"2025-12-10 12:50:00",527567,13.39,36.79,746.4,29.99,28.93
"2025-12-10 12:55:00",527568,13.39,36.91,746.3,29.49,28.21
"2025-12-10 13:00:00",527569,13.39,37.04,746.2,30.52,28.29
"2025-12-10 13:05:00",527570,13.4,37.22,746.1,28.85,29.05
"2025-12-10 13:10:00",527571,13.4,37.26,746,28.75,30.75
"2025-12-10 13:15:00",527572,13.39,37.18,745.9,28.8,29.15
"2025-12-10 13:20:00",527573,13.4,37.03,745.9,28.94,29.88
"2025-12-10 13:25:00",527574,13.4,36.85,745.8,29.05,29.71
"2025-12-10 13:30:00",527575,13.39,36.66,745.8,27.7,31.37
"2025-12-10 13:35:00",527576,13.39,36.41,745.7,28.18,30.36
"2025-12-10 13:40:00",527577,13.4,36.15,745.6,28.29,31.22
"2025-12-10 13:45:00",527578,13.39,35.95,745.5,28.94,29.23
"2025-12-10 13:50:00",527579,13.39,35.8,745.4,28.16,30.77
"2025-12-10 13:55:00",527580,13.4,35.61,745.3,27.69,31
"2025-12-10 14:00:00",527581,13.4,35.4,745.1,28.1,32.19
"2025-12-10 14:05:00",527582,13.4,35.21,745.1,28.22,32.33
"2025-12-10 14:10:00",527583,13.4,35.07,745,28.17,31.79
"2025-12-10 14:15:00",527584,13.39,34.95,745,28.02,31.84
"2025-12-10 14:20:00",527585,13.39,34.87,744.9,29.11,30.91
"2025-12-10 14:25:00",527586,13.4,34.94,744.8,29.76,29.5
"2025-12-10 14:30:00",527587,13.39,35.12,744.7,28.84,29.53
"2025-12-10 14:35:00",527588,13.39,35.27,744.6,29.28,30.86
"2025-12-10 14:40:00",527589,13.4,35.48,744.6,30.37,29.55
"2025-12-10 14:45:00",527590,13.4,35.76,744.5,29.1,28.59
"2025-12-10 14:50:00",527591,13.4,35.95,744.4,29.74,29.33
"2025-12-10 14:55:00",527592,13.4,36.11,744.4,29.99,27.01
"2025-12-10 15:00:00",527593,13.4,36.39,744.3,30.03,27.35
"2025-12-10 15:05:00",527594,13.4,36.64,744.2,29.27,27.3
"2025-12-10 15:10:00",527595,13.4,36.71,744.2,29.32,27.16
"2025-12-10 15:15:00",527596,13.4,36.64,744.2,29.07,27.83
"2025-12-10 15:20:00",527597,13.4,36.49,744.1,29.09,28.59
"2025-12-10 15:25:00",527598,13.4,36.3,744.2,28.86,28.95
"2025-12-10 15:30:00",527599,13.4,36.17,744,29.74,27.33
"2025-12-10 15:35:00",527600,13.4,36.17,743.8,29.54,27.52
"2025-12-10 15:40:00",527601,13.4,36.15,743.9,28.72,28.32
"2025-12-10 15:45:00",527602,13.4,35.96,743.8,28.7,27.87
"2025-12-10 15:50:00",527603,13.4,35.73,743.8,28.68,27.18
"2025-12-10 15:55:00",527604,13.4,35.52,743.9,28.38,28.74
"2025-12-10 16:00:00",527605,13.4,35.32,743.8,28.48,27.65
"2025-12-10 16:05:00",527606,13.4,35.15,743.8,28.56,27.66
"2025-12-10 16:10:00",527607,13.4,35.04,743.7,28.9,28.02
"2025-12-10 16:15:00",527608,13.4,35.02,743.7,29.26,27.36
"2025-12-10 16:20:00",527609,13.4,35.11,743.7,29.25,28.19
"2025-12-10 16:25:00",527610,13.4,35.28,743.6,29.17,28.39
"2025-12-10 16:30:00",527611,13.4,35.45,743.6,29.55,28.14
"2025-12-10 16:35:00",527612,13.4,35.64,743.6,29.24,29.18
"2025-12-10 16:40:00",527613,13.4,35.83,743.6,29.07,29
"2025-12-10 16:45:00",527614,13.4,35.91,743.6,29.68,27.33
"2025-12-10 16:50:00",527615,13.4,36.02,743.5,29.62,26.91
"2025-12-10 16:55:00",527616,13.4,36.12,743.5,29.11,28.59
"2025-12-10 17:00:00",527617,13.4,36.02,743.4,28.63,29.44
"2025-12-10 17:05:00",527618,13.4,35.72,743.5,28.54,29.91
"2025-12-10 17:10:00",527619,13.4,35.35,743.5,28.46,29.77
"2025-12-10 17:15:00",527620,13.4,34.99,743.6,28.66,29.24
"2025-12-10 17:20:00",527621,13.4,34.69,743.7,28.17,26.46
"2025-12-10 17:25:00",527622,13.4,34.38,743.8,27.45,27.78
"2025-12-10 17:30:00",527623,13.4,33.94,743.9,27.16,28.44
"2025-12-10 17:35:00",527624,13.4,33.4,743.9,26.62,30.43
"2025-12-10 17:40:00",527625,13.42,32.85,743.9,26.38,33.85
"2025-12-10 17:45:00",527626,13.42,32.36,744,26.23,36.71
"2025-12-10 17:50:00",527627,13.42,31.98,744.1,26.3,36.32
"2025-12-10 17:55:00",527628,13.45,31.77,744.2,26.3,34.78
"2025-12-10 18:00:00",527629,13.45,31.62,744.2,26.2,31.82
"2025-12-10 18:05:00",527630,13.45,31.51,744.2,26.28,28.64
"2025-12-10 18:10:00",527631,13.45,31.43,744.3,26.31,26.94
"2025-12-10 18:15:00",527632,13.44,31.09,744.3,26.01,27.73
"2025-12-10 18:20:00",527633,13.41,30.48,744.4,25.82,27.85
"2025-12-10 18:25:00",527634,13.27,30.02,744.4,25.61,28.08
"2025-12-10 18:30:00",527635,13.15,29.66,744.5,25.62,28.28
"2025-12-10 18:35:00",527636,13.05,29.35,744.5,25.43,29.45
"2025-12-10 18:40:00",527637,12.99,29.03,744.6,25.11,30.58
"2025-12-10 18:45:00",527638,12.95,28.69,744.7,25,29.49
"2025-12-10 18:50:00",527639,12.92,28.36,744.8,24.97,29.62
"2025-12-10 18:55:00",527640,12.9,28.05,745,24.75,29.87
"2025-12-10 19:00:00",527641,12.89,27.61,745.1,24.54,30.83
"2025-12-10 19:05:00",527642,12.88,27.25,745.2,24.45,30.93
"2025-12-10 19:10:00",527643,12.87,26.94,745.2,24.31,32.19
"2025-12-10 19:15:00",527644,12.87,26.68,745.3,23.98,34.17
"2025-12-10 19:20:00",527645,12.86,26.44,745.4,23.71,36.76
"2025-12-10 19:25:00",527646,12.86,26.2,745.4,23.61,38.23
"2025-12-10 19:30:00",527647,12.85,25.97,745.5,23.49,39.37
"2025-12-10 19:35:00",527648,12.85,25.76,745.6,23.47,39.63
"2025-12-10 19:40:00",527649,12.85,25.55,745.7,23.37,40.7
"2025-12-10 19:45:00",527650,12.84,25.37,745.8,23.22,41.73
"2025-12-10 19:50:00",527651,12.83,25.21,745.8,23.29,42.19
"2025-12-10 19:55:00",527652,12.83,25.07,745.9,23.25,42.57
"2025-12-10 20:00:00",527653,12.83,24.94,745.9,23.09,43.46
"2025-12-10 20:05:00",527654,12.83,24.82,745.9,22.99,44.48
"2025-12-10 20:10:00",527655,12.83,24.69,746,22.93,44.99
"2025-12-10 20:15:00",527656,12.82,24.57,746,22.76,45.45
"2025-12-10 20:20:00",527657,12.82,24.44,746.1,22.69,45.8
"2025-12-10 20:25:00",527658,12.82,24.32,746.2,22.71,46.41
"2025-12-10 20:30:00",527659,12.82,24.2,746.2,22.67,47.3
"2025-12-10 20:35:00",527660,12.82,24.13,746.3,22.56,47.57
"2025-12-10 20:40:00",527661,12.82,24.04,746.4,22.5,47.94
"2025-12-10 20:45:00",527662,12.82,23.92,746.5,22.37,48.75
"2025-12-10 20:50:00",527663,12.82,23.82,746.6,22.38,48.91
"2025-12-10 20:55:00",527664,12.82,23.7,746.7,22.25,49.72
"2025-12-10 21:00:00",527665,12.81,23.62,746.7,22.19,49.71
"2025-12-10 21:05:00",527666,12.81,23.54,746.7,22.1,50.11
"2025-12-10 21:10:00",527667,12.81,23.47,746.8,22.05,50.33
"2025-12-10 21:15:00",527668,12.81,23.4,746.8,22.12,50.33
"2025-12-10 21:20:00",527669,12.81,23.33,746.9,21.96,51.29
"2025-12-10 21:25:00",527670,12.8,23.22,746.9,21.72,51.82
"2025-12-10 21:30:00",527671,12.8,23.14,747,21.8,50.29
"2025-12-10 21:35:00",527672,12.8,23.08,747,22.03,49.34
"2025-12-10 21:40:00",527673,12.8,23.04,747.1,22.14,49.42
"2025-12-10 21:45:00",527674,12.8,23,747,21.81,50.61
"2025-12-10 21:50:00",527675,12.8,22.94,747,21.73,48.29
"2025-12-10 21:55:00",527676,12.8,22.87,747,21.34,47.73
"2025-12-10 22:00:00",527677,12.79,22.78,747,21.22,47.88
"2025-12-10 22:05:00",527678,12.79,22.7,747,21.08,48.94
"2025-12-10 22:10:00",527679,12.79,22.57,747.1,21,51.79
"2025-12-10 22:15:00",527680,12.79,22.44,747.1,20.94,48.89
"2025-12-10 22:20:00",527681,12.79,22.34,747.2,20.8,48.68
"2025-12-10 22:25:00",527682,12.79,22.23,747.2,20.62,48.21
"2025-12-10 22:30:00",527683,12.79,22.09,747.2,20.56,48.39
"2025-12-10 22:35:00",527684,12.79,21.98,747.2,20.62,48.43
"2025-12-10 22:40:00",527685,12.79,21.87,747.2,20.54,48.93
"2025-12-10 22:45:00",527686,12.79,21.78,747.3,20.7,49.42
"2025-12-10 22:50:00",527687,12.78,21.71,747.3,20.92,49.96
"2025-12-10 22:55:00",527688,12.78,21.67,747.2,20.99,50.47
"2025-12-10 23:00:00",527689,12.78,21.62,747.2,20.92,49.77
"2025-12-10 23:05:00",527690,12.79,21.62,747.2,20.75,50.56
"2025-12-10 23:10:00",527691,12.79,21.59,747.2,20.44,51.77
"2025-12-10 23:15:00",527692,12.79,21.53,747.3,19.98,53.7
"2025-12-10 23:20:00",527693,12.79,21.44,747.3,19.62,54.48
"2025-12-10 23:25:00",527694,12.79,21.32,747.4,19.45,55.35
"2025-12-10 23:30:00",527695,12.79,21.18,747.4,19.35,56.08
"2025-12-10 23:35:00",527696,12.78,21.05,747.4,19.34,56.6
"2025-12-10 23:40:00",527697,12.78,20.95,747.4,19.44,56.83
"2025-12-10 23:45:00",527698,12.78,20.85,747.4,19.26,56.98
"2025-12-10 23:50:00",527699,12.78,20.81,747.4,19.46,56.46
"2025-12-10 23:55:00",527700,12.78,20.8,747.4,19.53,56.53
"2025-12-11 00:00:00",527701,12.78,20.77,747.3,19.84,55.16
"2025-12-11 00:05:00",527702,12.78,20.78,747.3,19.78,55.77
"2025-12-11 00:10:00",527703,12.78,20.78,747.3,20.02,57.8
"2025-12-11 00:15:00",527704,12.78,20.79,747.2,20.12,57.14
"2025-12-11 00:20:00",527705,12.77,20.77,747.1,20.06,56.49
"2025-12-11 00:25:00",527706,12.77,20.77,747,20.09,56.8
"2025-12-11 00:30:00",527707,12.78,20.74,746.9,20.06,57.2
"2025-12-11 00:35:00",527708,12.78,20.45,746.9,19.65,58.63
"2025-12-11 00:40:00",527709,12.78,20.31,746.9,19.42,59.51
"2025-12-11 00:45:00",527710,12.78,20.18,746.9,19.63,58.32
"2025-12-11 00:50:00",527711,12.78,20.06,746.8,19.45,58.75
"2025-12-11 00:55:00",527712,12.78,19.95,746.8,19.56,57.42
"2025-12-11 01:00:00",527713,12.77,19.84,746.7,19.49,57.14
"2025-12-11 01:05:00",527714,12.77,19.74,746.7,19.44,56.43
"2025-12-11 01:10:00",527715,12.77,19.64,746.6,19.28,56.34
"2025-12-11 01:15:00",527716,12.77,19.53,746.6,19.26,55.51
"2025-12-11 01:20:00",527717,12.77,19.43,746.6,19.32,55.49
"2025-12-11 01:25:00",527718,12.77,19.32,746.6,19.22,55.66
"2025-12-11 01:30:00",527719,12.76,19.22,746.5,19.12,56.29
"2025-12-11 01:35:00",527720,12.76,19.11,746.6,18.71,57.36
"2025-12-11 01:40:00",527721,12.76,18.98,746.6,18.78,56.39
"2025-12-11 01:45:00",527722,12.76,18.87,746.6,19.02,52.82
"2025-12-11 01:50:00",527723,12.76,18.79,746.5,18.37,62.32
"2025-12-11 01:55:00",527724,12.76,18.69,746.5,18.31,61.08
"2025-12-11 02:00:00",527725,12.75,18.59,746.5,18.66,60.9
"2025-12-11 02:05:00",527726,12.75,18.54,746.5,18.54,62.05
"2025-12-11 02:10:00",527727,12.75,18.48,746.5,18.05,64.56
"2025-12-11 02:15:00",527728,12.75,18.41,746.5,17.91,65.28
"2025-12-11 02:20:00",527729,12.75,18.33,746.4,17.88,65.36
"2025-12-11 02:25:00",527730,12.75,18.24,746.3,17.99,64.73
"2025-12-11 02:30:00",527731,12.74,18.18,746.4,18.11,64.07
"2025-12-11 02:35:00",527732,12.74,18.12,746.4,18.09,63.53
"2025-12-11 02:40:00",527733,12.74,18.05,746.3,18.18,62.32
"2025-12-11 02:45:00",527734,12.74,18,746.3,18.37,58.76
"2025-12-11 02:50:00",527735,12.74,17.97,746.3,18.44,54.31
"2025-12-11 02:55:00",527736,12.73,17.95,746.3,18.45,52.43
"2025-12-11 03:00:00",527737,12.73,17.97,746.3,18.51,51.45
"2025-12-11 03:05:00",527738,12.73,17.98,746.3,18.62,50.65
"2025-12-11 03:10:00",527739,12.73,18.01,746.3,18.39,51.05
"2025-12-11 03:15:00",527740,12.73,18.02,746.3,18.32,50.86
"2025-12-11 03:20:00",527741,12.72,18.01,746.3,18.13,51.49
"2025-12-11 03:25:00",527742,12.72,17.97,746.3,17.89,51.92
"2025-12-11 03:30:00",527743,12.72,17.9,746.3,17.58,53.42
"2025-12-11 03:35:00",527744,12.71,17.79,746.3,17.35,54.68
"2025-12-11 03:40:00",527745,12.71,17.66,746.3,17.17,60.23
"2025-12-11 03:45:00",527746,12.71,17.52,746.3,17.07,56.47
"2025-12-11 03:50:00",527747,12.71,17.37,746.3,16.95,61.1
"2025-12-11 03:55:00",527748,12.71,17.23,746.4,16.57,63.3
"2025-12-11 04:00:00",527749,12.7,17.1,746.4,16.43,62.92
"2025-12-11 04:05:00",527750,12.7,16.97,746.4,16.48,62.42
"2025-12-11 04:10:00",527751,12.7,16.85,746.4,16.57,62.56
"2025-12-11 04:15:00",527752,12.7,16.74,746.4,16.58,62.26
"2025-12-11 04:20:00",527753,12.7,16.64,746.4,16.54,63.15
"2025-12-11 04:25:00",527754,12.69,16.56,746.5,16.46,63.29
"2025-12-11 04:30:00",527755,12.69,16.47,746.4,16.39,62.02
"2025-12-11 04:35:00",527756,12.69,16.36,746.4,16.27,61.88
"2025-12-11 04:40:00",527757,12.69,16.27,746.5,16.29,62.42
"2025-12-11 04:45:00",527758,12.69,16.18,746.5,16.34,60.58
"2025-12-11 04:50:00",527759,12.68,16.13,746.5,16.53,58.5
"2025-12-11 04:55:00",527760,12.68,16.08,746.6,16.45,58.64
"2025-12-11 05:00:00",527761,12.68,16.03,746.6,16.04,64.33
"2025-12-11 05:05:00",527762,12.68,15.96,746.7,15.37,69.06
"2025-12-11 05:10:00",527763,12.67,15.84,746.7,15.26,68.75
"2025-12-11 05:15:00",527764,12.67,15.71,746.7,15.24,66.8
"2025-12-11 05:20:00",527765,12.67,15.58,746.7,15.12,66.43
"2025-12-11 05:25:00",527766,12.67,15.44,746.9,15.37,64.72
"2025-12-11 05:30:00",527767,12.66,15.37,746.9,15.45,65.2
"2025-12-11 05:35:00",527768,12.66,15.34,747,15.4,65.87
"2025-12-11 05:40:00",527769,12.66,15.31,747.1,15.44,68.21
"2025-12-11 05:45:00",527770,12.67,15.29,747.1,15.2,68.45
"2025-12-11 05:50:00",527771,12.68,15.23,747.1,15.09,68.61
"2025-12-11 05:55:00",527772,12.7,15.19,747.3,15.19,68.48
"2025-12-11 06:00:00",527773,12.75,15.19,747.3,15.38,67.67
"2025-12-11 06:05:00",527774,12.79,15.25,747.3,16.34,65.77
"2025-12-11 06:10:00",527775,12.83,15.38,747.4,17.66,61.72
"2025-12-11 06:15:00",527776,12.89,15.66,747.5,18.21,58.38
"2025-12-11 06:20:00",527777,12.96,16.07,747.5,19.12,55.4
"2025-12-11 06:25:00",527778,13.05,16.6,747.6,19.08,53.04
"2025-12-11 06:30:00",527779,13.17,17.17,747.6,19.14,53.18
"2025-12-11 06:35:00",527780,13.28,17.78,747.7,19.97,52.58
"2025-12-11 06:40:00",527781,13.28,18.35,747.7,19.87,54.21
"2025-12-11 06:45:00",527782,13.32,18.91,747.8,20.08,52.63
"2025-12-11 06:50:00",527783,13.37,19.51,747.8,20.49,53.49
"2025-12-11 06:55:00",527784,13.51,20.17,747.8,20.63,54.2
"2025-12-11 07:00:00",527785,13.65,20.87,747.8,19.82,57.22
"2025-12-11 07:05:00",527786,13.76,21.5,747.8,19.62,58.63
"2025-12-11 07:10:00",527787,13.79,22.23,747.9,20.18,57.21
"2025-12-11 07:15:00",527788,13.68,23.76,747.9,20.91,55.51
"2025-12-11 07:20:00",527789,13.65,24.55,747.9,20.55,54.96
"2025-12-11 07:25:00",527790,13.65,25.1,747.9,20.38,55.89
"2025-12-11 07:30:00",527791,13.62,25.54,748,21.14,53.65
"2025-12-11 07:35:00",527792,13.62,25.99,748.1,21.29,52.7
"2025-12-11 07:40:00",527793,13.62,26.44,748,21.24,53.22
"2025-12-11 07:45:00",527794,13.6,26.79,748.1,21.37,53.52
"2025-12-11 07:50:00",527795,13.6,27.12,748.2,21.49,51.98
"2025-12-11 07:55:00",527796,13.6,27.5,748.2,21.92,50.75
"2025-12-11 08:00:00",527797,13.57,27.85,748.3,22,50.47
"2025-12-11 08:05:00",527798,13.58,28.22,748.3,22.56,48.24
"2025-12-11 08:10:00",527799,13.57,28.62,748.2,22.61,46.94
"2025-12-11 08:15:00",527800,13.58,28.97,748.3,22.19,47.46
"2025-12-11 08:20:00",527801,13.55,29.22,748.4,22.95,45.99
"2025-12-11 08:25:00",527802,13.55,29.58,748.5,22.82,42.81
"2025-12-11 08:30:00",527803,13.55,29.95,748.5,23.34,42.49
"2025-12-11 08:35:00",527804,13.53,30.27,748.5,22.36,45.47
"2025-12-11 08:40:00",527805,13.53,30.5,748.5,23.23,44.41
"2025-12-11 08:45:00",527806,13.53,30.78,748.5,21.97,46.06
"2025-12-11 08:50:00",527807,13.53,31,748.5,22.11,46.55
"2025-12-11 08:55:00",527808,13.53,31.14,748.6,23.69,43.17
"2025-12-11 09:00:00",527809,13.51,31.46,748.6,24.45,41.7
"2025-12-11 09:05:00",527810,13.51,31.85,748.5,24.47,41.54
"2025-12-11 09:10:00",527811,13.51,32.31,748.4,23.9,41.93
"2025-12-11 09:15:00",527812,13.48,32.72,748.4,25.17,39.91
"2025-12-11 09:20:00",527813,13.48,33.13,748.4,24.07,42.14
"2025-12-11 09:25:00",527814,13.48,33.44,748.3,23.64,42.91
"2025-12-11 09:30:00",527815,13.48,33.74,748.2,24.76,40.13
"2025-12-11 09:35:00",527816,13.46,34.15,748.2,26.04,37.66
"2025-12-11 09:40:00",527817,13.46,34.55,748.2,25.04,35.1
"2025-12-11 09:45:00",527818,13.46,34.75,748.1,24.88,36.18
"2025-12-11 09:50:00",527819,13.46,34.84,748.1,25.06,38.32
"2025-12-11 09:55:00",527820,13.46,34.92,748.1,24.95,37.31
"2025-12-11 10:00:00",527821,13.43,34.98,748,25.34,36.86
"2025-12-11 10:05:00",527822,13.43,35.06,747.8,25.16,36.61
"2025-12-11 10:10:00",527823,13.44,35.18,747.8,25.97,37.45
"2025-12-11 10:15:00",527824,13.44,35.42,747.6,26.04,35.49
"2025-12-11 10:20:00",527825,13.44,35.53,747.5,24.67,38.38
"2025-12-11 10:25:00",527826,13.44,35.49,747.5,26.67,35.69
"2025-12-11 10:30:00",527827,13.44,35.67,747.3,26.71,34.89
"2025-12-11 10:35:00",527828,13.44,35.92,747.2,26.34,35.99
"2025-12-11 10:40:00",527829,13.44,36.06,747.1,26.47,35.27
"2025-12-11 10:45:00",527830,13.42,36.2,746.9,26.81,34.13
"2025-12-11 10:50:00",527831,13.41,36.25,746.8,26.42,34.19
"2025-12-11 10:55:00",527832,13.41,36.07,746.7,25.57,36.15
"2025-12-11 11:00:00",527833,13.41,35.68,746.5,24.83,38.59
"2025-12-11 11:05:00",527834,13.41,35.18,746.4,25.71,36.36
"2025-12-11 11:10:00",527835,13.41,34.94,746.2,26.54,33.8
"2025-12-11 11:15:00",527836,13.41,35.03,746.1,27.2,33.29
"2025-12-11 11:20:00",527837,13.41,35.43,746.1,29.16,29.59
"2025-12-11 11:25:00",527838,13.42,36,746.1,29.1,30.03
"2025-12-11 11:30:00",527839,13.42,36.53,746,28.66,30.06
"2025-12-11 11:35:00",527840,13.42,36.89,745.9,27.58,32.01
"2025-12-11 11:40:00",527841,13.42,37.02,745.9,26.76,32.27
"2025-12-11 11:45:00",527842,13.42,36.92,745.8,27.13,31.56
"2025-12-11 11:50:00",527843,13.42,36.91,745.8,28.15,29.34
"2025-12-11 11:55:00",527844,13.42,36.94,745.9,29.32,27.95
"2025-12-11 12:00:00",527845,13.42,36.95,745.7,28.16,30.02
"2025-12-11 12:05:00",527846,13.42,36.93,745.7,28.29,29.96
"2025-12-11 12:10:00",527847,13.42,36.86,745.6,27.81,32.09
"2025-12-11 12:15:00",527848,13.42,36.74,745.5,28.27,29.86
"2025-12-11 12:20:00",527849,13.42,36.65,745.4,28.45,30.62
"2025-12-11 12:25:00",527850,13.42,36.66,745.2,28.83,28.84
"2025-12-11 12:30:00",527851,13.42,36.68,745.1,28.09,28.92
"2025-12-11 12:35:00",527852,13.42,36.61,745,28.62,27.76
"2025-12-11 12:40:00",527853,13.42,36.53,744.9,28.52,27.45
"2025-12-11 12:45:00",527854,13.42,36.45,744.8,28.98,26.45
"2025-12-11 12:50:00",527855,13.42,36.41,744.7,29.41,25.24
"2025-12-11 12:55:00",527856,13.42,36.41,744.5,29.92,26.79
"2025-12-11 13:00:00",527857,13.42,36.51,744.5,29.86,25.68
"2025-12-11 13:05:00",527858,13.42,36.65,744.5,29.59,26.46
"2025-12-11 13:10:00",527859,13.42,36.72,744.4,29.02,26.31
"2025-12-11 13:15:00",527860,13.42,36.61,744.3,28.29,27.09
"2025-12-11 13:20:00",527861,13.42,36.35,744.3,27.82,27.12
"2025-12-11 13:25:00",527862,13.42,35.97,744.2,28.54,26.07
"2025-12-11 13:30:00",527863,13.42,35.63,744.1,28.2,26.6
"2025-12-11 13:35:00",527864,13.42,35.29,744,28.26,26.05
"2025-12-11 13:40:00",527865,13.42,34.95,744,28.41,27.51
"2025-12-11 13:45:00",527866,13.42,34.55,744,26.22,36.18
"2025-12-11 13:50:00",527867,13.42,33.87,744.2,24.93,44.78
"2025-12-11 13:55:00",527868,13.42,32.8,744,23.41,47.07
"2025-12-11 14:00:00",527869,13.44,31.48,743.9,23.43,42.2
"2025-12-11 14:05:00",527870,13.46,30.04,743.8,23.12,45.08
"2025-12-11 14:10:00",527871,13.49,28.88,743.7,23.32,44.23
"2025-12-11 14:15:00",527872,13.51,28.06,743.6,25.54,33.98
"2025-12-11 14:20:00",527873,13.51,27.76,743.4,27.25,24.25
"2025-12-11 14:25:00",527874,13.54,28.11,743.3,29,24.38
"2025-12-11 14:30:00",527875,13.54,28.94,743.3,29.56,30.06
"2025-12-11 14:35:00",527876,13.54,29.94,743.3,27.79,38
"2025-12-11 14:40:00",527877,13.54,30.73,743.2,27.14,36.73
"2025-12-11 14:45:00",527878,13.52,31.23,743.2,26.54,38.7
"2025-12-11 14:50:00",527879,13.52,31.47,743.1,26.84,39.1
"2025-12-11 14:55:00",527880,13.52,31.65,743.1,26.64,40.59
"2025-12-11 15:00:00",527881,13.52,31.77,743,26.64,40
"2025-12-11 15:05:00",527882,13.5,31.95,742.9,28.12,37.67
"2025-12-11 15:10:00",527883,13.49,32.34,742.7,28.54,31.07
"2025-12-11 15:15:00",527884,13.49,32.71,742.6,28.43,24.68
"2025-12-11 15:20:00",527885,13.5,33.08,742.5,28.42,29.01
"2025-12-11 15:25:00",527886,13.47,33.31,742.5,28.8,28.7
"2025-12-11 15:30:00",527887,13.47,33.63,742.4,29.25,25.92
"2025-12-11 15:35:00",527888,13.47,33.91,742.3,28.54,28.24
"2025-12-11 15:40:00",527889,13.47,34.04,742.2,28.51,29.91
"2025-12-11 15:45:00",527890,13.47,34.04,742.2,28.84,23.04
"2025-12-11 15:50:00",527891,13.47,34.01,742.1,28.95,22.29
"2025-12-11 15:55:00",527892,13.47,34.01,742,29.32,21.37
"2025-12-11 16:00:00",527893,13.47,34.11,742,29.45,19.27
"2025-12-11 16:05:00",527894,13.47,34.3,742,29.92,18.34
"2025-12-11 16:10:00",527895,13.45,34.6,741.9,30.78,17.97
"2025-12-11 16:15:00",527896,13.45,34.96,741.8,30.62,19.02
"2025-12-11 16:20:00",527897,13.45,35.21,741.8,30.5,20
"2025-12-11 16:25:00",527898,13.45,35.34,741.8,30.3,21.04
"2025-12-11 16:30:00",527899,13.45,35.38,741.8,30,21.37
"2025-12-11 16:35:00",527900,13.45,35.31,741.8,29.2,21.6
"2025-12-11 16:40:00",527901,13.45,35.1,741.8,28.68,24.01
"2025-12-11 16:45:00",527902,13.45,34.82,741.7,28.81,24.92
"2025-12-11 16:50:00",527903,13.45,34.54,741.7,28.43,25.51
"2025-12-11 16:55:00",527904,13.45,34.27,741.7,28.44,26.2
"2025-12-11 17:00:00",527905,13.45,34.03,741.6,28.34,31.05
"2025-12-11 17:05:00",527906,13.45,33.74,741.6,27.3,33.2
"2025-12-11 17:10:00",527907,13.45,33.38,741.7,26.8,35.3
"2025-12-11 17:15:00",527908,13.45,32.95,741.7,26.63,36.22
"2025-12-11 17:20:00",527909,13.45,32.52,741.8,26.56,35.48
"2025-12-11 17:25:00",527910,13.45,32.15,741.8,26.31,34.38
"2025-12-11 17:30:00",527911,13.45,31.79,741.9,26.23,34.61
"2025-12-11 17:35:00",527912,13.45,31.47,742,26.31,35.72
"2025-12-11 17:40:00",527913,13.45,31.2,742,26.26,35.25
"2025-12-11 17:45:00",527914,13.45,31.01,742,26.12,35.4
"2025-12-11 17:50:00",527915,13.44,30.81,742.1,26.21,36.68
"2025-12-11 17:55:00",527916,13.45,30.64,742.1,26.2,35.91
"2025-12-11 18:00:00",527917,13.47,30.35,742.2,25.96,37.78
"2025-12-11 18:05:00",527918,13.46,29.68,742.2,25.92,37.01
"2025-12-11 18:10:00",527919,13.33,29.31,742.3,25.54,38.04
"2025-12-11 18:15:00",527920,13.19,29.01,742.3,25.2,38.56
"2025-12-11 18:20:00",527921,13.1,28.72,742.4,25.01,39.04
"2025-12-11 18:25:00",527922,13.05,28.33,742.5,24.86,39.29
"2025-12-11 18:30:00",527923,13.02,28.01,742.6,24.72,39.4
"2025-12-11 18:35:00",527924,12.97,27.74,742.5,24.88,38.96
"2025-12-11 18:40:00",527925,12.93,27.53,742.6,24.83,38.75
"2025-12-11 18:45:00",527926,12.91,27.31,742.6,24.75,38.95
"2025-12-11 18:50:00",527927,12.89,27.1,742.7,24.63,39.1
"2025-12-11 18:55:00",527928,12.88,26.9,742.8,24.66,39
"2025-12-11 19:00:00",527929,12.87,26.68,742.9,24.61,38.93
"2025-12-11 19:05:00",527930,12.87,26.48,743,24.81,37.76
"2025-12-11 19:10:00",527931,12.86,26.34,743.3,24.81,37.86
"2025-12-11 19:15:00",527932,12.86,26.21,743.4,24.41,39.21
"2025-12-11 19:20:00",527933,12.86,26.09,743.4,23.97,40.44
"2025-12-11 19:25:00",527934,12.86,25.93,743.5,23.8,40.97
"2025-12-11 19:30:00",527935,12.85,25.75,743.7,23.58,42.15
"2025-12-11 19:35:00",527936,12.85,25.55,743.8,23.49,41.82
"2025-12-11 19:40:00",527937,12.85,25.38,743.8,23.97,39.91
"2025-12-11 19:45:00",527938,12.85,25.28,744,23.95,40.37
"2025-12-11 19:50:00",527939,12.85,25.19,744,23.91,40.5
"2025-12-11 19:55:00",527940,12.84,25.12,744.1,23.68,41.35
"2025-12-11 20:00:00",527941,12.84,25.04,744.3,23.69,41.16
"2025-12-11 20:05:00",527942,12.84,24.94,744.3,23.55,42.48
"2025-12-11 20:10:00",527943,12.84,24.84,744.3,23.36,41.61
"2025-12-11 20:15:00",527944,12.84,24.7,744.4,22.97,43.96
"2025-12-11 20:20:00",527945,12.83,24.59,744.5,22.47,45.7
"2025-12-11 20:25:00",527946,12.84,24.41,744.6,22.11,46.78
"2025-12-11 20:30:00",527947,12.83,24.22,744.7,21.89,47.68
"2025-12-11 20:35:00",527948,12.83,24.05,744.9,21.82,47.89
"2025-12-11 20:40:00",527949,12.83,23.9,744.9,22.01,47.21
"2025-12-11 20:45:00",527950,12.83,23.8,745,21.95,48
"2025-12-11 20:50:00",527951,12.83,23.71,745.1,21.96,47.91
"2025-12-11 20:55:00",527952,12.82,23.62,745.2,21.98,48.07
"2025-12-11 21:00:00",527953,12.82,23.58,745.4,22.1,47.54
"2025-12-11 21:05:00",527954,12.82,23.54,745.6,22.05,48.27
"2025-12-11 21:10:00",527955,12.82,23.52,745.7,22.11,48.28
"2025-12-11 21:15:00",527956,12.82,23.5,745.8,21.88,49.2
"2025-12-11 21:20:00",527957,12.82,23.49,745.8,22.31,47.6
"2025-12-11 21:25:00",527958,12.81,23.51,746,22.61,45.88
"2025-12-11 21:30:00",527959,12.82,23.49,746,22.33,46.26
"2025-12-11 21:35:00",527960,12.82,23.48,746.1,22.71,43.93
"2025-12-11 21:40:00",527961,12.82,23.51,746.1,22.61,44.05
"2025-12-11 21:45:00",527962,12.82,23.55,746.3,22.9,42.92
"2025-12-11 21:50:00",527963,12.82,23.61,746.4,22.67,43.64
"2025-12-11 21:55:00",527964,12.82,23.63,746.5,22.49,44.26
"2025-12-11 22:00:00",527965,12.82,23.63,746.5,22.33,44.79
"2025-12-11 22:05:00",527966,12.81,23.64,746.5,22.24,45.1
"2025-12-11 22:10:00",527967,12.81,23.61,746.5,22.37,44.47
"2025-12-11 22:15:00",527968,12.81,23.59,746.4,22.46,44.42
"2025-12-11 22:20:00",527969,12.81,23.58,746.5,22.25,45.17
"2025-12-11 22:25:00",527970,12.81,23.52,746.5,22.03,46.1
"2025-12-11 22:30:00",527971,12.81,23.43,746.4,21.7,47.21
"2025-12-11 22:35:00",527972,12.81,23.33,746.4,21.63,47.29
"2025-12-11 22:40:00",527973,12.81,23.21,746.5,21.77,46.61
"2025-12-11 22:45:00",527974,12.8,23.1,746.5,21.93,45.89
"2025-12-11 22:50:00",527975,12.8,23.02,746.5,21.97,45.77
"2025-12-11 22:55:00",527976,12.81,22.97,746.4,22.09,45.34
"2025-12-11 23:00:00",527977,12.8,22.93,746.5,21.96,45.83
"2025-12-11 23:05:00",527978,12.8,22.92,746.5,21.89,46.21
"2025-12-11 23:10:00",527979,12.8,22.9,746.7,21.74,47.27
"2025-12-11 23:15:00",527980,12.8,22.91,746.7,21.46,48.13
"2025-12-11 23:20:00",527981,12.8,22.79,746.7,21.46,47.81
"2025-12-11 23:25:00",527982,12.8,22.76,746.7,21.65,46.94
"2025-12-11 23:30:00",527983,12.8,22.74,746.7,21.54,47.41
"2025-12-11 23:35:00",527984,12.8,22.72,746.7,21.32,48.58
"2025-12-11 23:40:00",527985,12.8,22.71,746.8,21.24,49.21
"2025-12-11 23:45:00",527986,12.79,22.68,746.8,21.04,50.13
"2025-12-11 23:50:00",527987,12.79,22.64,746.7,20.96,50.78
"2025-12-11 23:55:00",527988,12.79,22.58,746.7,20.93,51.15
"2025-12-12 00:00:00",527989,12.79,22.54,746.7,20.93,50.9
"2025-12-12 00:05:00",527990,12.79,22.47,746.7,20.9,51.02
"2025-12-12 00:10:00",527991,12.78,22.44,746.7,20.88,50.89
"2025-12-12 00:15:00",527992,12.78,22.4,746.6,20.76,51.38
"2025-12-12 00:20:00",527993,12.78,22.36,746.6,20.72,51.62
"2025-12-12 00:25:00",527994,12.78,22.32,746.6,20.64,52.3
"2025-12-12 00:30:00",527995,12.78,22.28,746.5,20.54,52.75
"2025-12-12 00:35:00",527996,12.78,22.23,746.4,20.44,53.17
"2025-12-12 00:40:00",527997,12.77,22.08,746.5,20.52,52.53
"2025-12-12 00:45:00",527998,12.78,22,746.5,20.49,52.81
"2025-12-12 00:50:00",527999,12.77,21.94,746.7,20.3,53.87
"2025-12-12 00:55:00",528000,12.77,21.88,746.8,19.81,50.25
"2025-12-12 01:00:00",528001,12.77,21.79,746.8,19.22,46.29
"2025-12-12 01:05:00",528002,12.77,21.65,746.7,18.99,47.69
"2025-12-12 01:10:00",528003,12.76,21.45,746.6,18.8,48.54
"2025-12-12 01:15:00",528004,12.76,21.26,746.8,18.41,49.15
"2025-12-12 01:20:00",528005,12.76,21.05,746.9,18.23,50.35
"2025-12-12 01:25:00",528006,12.76,20.84,747,18.19,51.84
"2025-12-12 01:30:00",528007,12.75,20.6,747.4,18,58.4
"2025-12-12 01:35:00",528008,12.75,20.12,747.6,16.84,65.83
"2025-12-12 01:40:00",528009,12.74,19.4,747.9,14.86,77.49
"2025-12-12 01:45:00",528010,12.73,18.59,748,14.56,81.9
"2025-12-12 01:50:00",528011,12.73,17.87,748,14.32,84.7
"2025-12-12 01:55:00",528012,12.72,17.29,748,14.43,84.7
"2025-12-12 02:00:00",528013,12.72,16.82,748,14.61,82.3
"2025-12-12 02:05:00",528014,12.71,16.47,748.1,14.79,82.4
"2025-12-12 02:10:00",528015,12.71,16.18,748.2,14.83,81.1
"2025-12-12 02:15:00",528016,12.7,15.96,748.4,14.79,78.64
"2025-12-12 02:20:00",528017,12.7,15.8,748.2,14.67,82.8
"2025-12-12 02:25:00",528018,12.7,15.61,748.1,13.74,87.9
"2025-12-12 02:30:00",528019,12.69,15.38,747.9,13.65,88.4
"2025-12-12 02:35:00",528020,12.69,15.17,747.6,13.58,88.1
"2025-12-12 02:40:00",528021,12.68,14.98,747.5,13.56,86.2
"2025-12-12 02:45:00",528022,12.68,14.79,747.5,13.63,86.1
"2025-12-12 02:50:00",528023,12.68,14.64,747.8,13.74,85.7
"2025-12-12 02:55:00",528024,12.67,14.53,747.8,13.53,87.4
"2025-12-12 03:00:00",528025,12.67,14.46,747.9,13.52,87.8
"2025-12-12 03:05:00",528026,12.67,14.4,748,13.73,86.9
"2025-12-12 03:10:00",528027,12.66,14.36,747.9,13.81,83.8
"2025-12-12 03:15:00",528028,12.66,14.3,747.9,13.88,85.2
"2025-12-12 03:20:00",528029,12.66,14.26,747.9,13.71,86
"2025-12-12 03:25:00",528030,12.65,14.2,747.9,13.74,83.1
"2025-12-12 03:30:00",528031,12.65,14.16,747.8,14.07,79.57
"2025-12-12 03:35:00",528032,12.65,14.12,748,14.25,78.45
"2025-12-12 03:40:00",528033,12.64,14.11,748,14.11,82.2
"2025-12-12 03:45:00",528034,12.64,14.13,748,13.95,83.8
"2025-12-12 03:50:00",528035,12.64,14.14,747.9,13.89,86.1
"2025-12-12 03:55:00",528036,12.64,14.16,747.9,13.95,83.4
"2025-12-12 04:00:00",528037,12.63,14.21,747.9,14.09,82.8
"2025-12-12 04:05:00",528038,12.63,14.27,747.8,14.23,83.5
"2025-12-12 04:10:00",528039,12.63,14.32,747.6,14.35,81.2
"2025-12-12 04:15:00",528040,12.62,14.39,747.5,14.4,79.7
"2025-12-12 04:20:00",528041,12.62,14.43,747.5,14.46,79.19
"2025-12-12 04:25:00",528042,12.62,14.49,747.6,14.25,81.2
"2025-12-12 04:30:00",528043,12.62,14.53,747.4,14.09,82.4
"2025-12-12 04:35:00",528044,12.62,14.58,747.3,14.34,81.9
"2025-12-12 04:40:00",528045,12.62,14.62,747.4,14.5,82
"2025-12-12 04:45:00",528046,12.62,14.68,747.4,14.37,83.7
"2025-12-12 04:50:00",528047,12.63,14.74,747.3,14.13,84.4
"2025-12-12 04:55:00",528048,12.62,14.8,747.4,14.07,84.1
"2025-12-12 05:00:00",528049,12.62,14.84,747.3,14.17,85.8
"2025-12-12 05:05:00",528050,12.62,14.89,747.4,14.15,86.2
"2025-12-12 05:10:00",528051,12.62,14.9,747.5,14.11,86.9
"2025-12-12 05:15:00",528052,12.62,14.91,747.6,14.06,86.1
"2025-12-12 05:20:00",528053,12.62,14.92,747.6,14.01,85.8
"2025-12-12 05:25:00",528054,12.61,14.93,747.8,13.99,86.1
"2025-12-12 05:30:00",528055,12.61,14.92,747.8,14.01,85.5
"2025-12-12 05:35:00",528056,12.61,14.92,747.9,13.98,86.4
"2025-12-12 05:40:00",528057,12.61,14.93,747.9,13.91,85.1
"2025-12-12 05:45:00",528058,12.61,14.94,748,13.96,84.4
"2025-12-12 05:50:00",528059,12.62,14.96,747.9,13.97,84
"2025-12-12 05:55:00",528060,12.64,14.95,748,14.09,86.2
"2025-12-12 06:00:00",528061,12.67,14.97,748,14.03,84.5
"2025-12-12 06:05:00",528062,12.7,15,748.1,14.11,84.8
"2025-12-12 06:10:00",528063,12.74,15.02,748.1,14.21,86.9
"2025-12-12 06:15:00",528064,12.79,15.08,748.1,14.22,85.3
"2025-12-12 06:20:00",528065,12.86,15.16,748.1,14.37,85.2
"2025-12-12 06:25:00",528066,12.95,15.25,748.2,14.57,86.4
"2025-12-12 06:30:00",528067,13.08,15.37,748.1,14.83,84.2
"2025-12-12 06:35:00",528068,13.23,15.54,748.1,15.35,82.8
"2025-12-12 06:40:00",528069,13.34,15.76,748.1,15.69,81.5
"2025-12-12 06:45:00",528070,13.4,15.99,748.1,16.32,78.89
"2025-12-12 06:50:00",528071,13.47,16.2,748.1,16.43,75.25
"2025-12-12 06:55:00",528072,13.6,16.55,748.2,16.32,73.1
"2025-12-12 07:00:00",528073,13.71,17.04,748.2,16.8,73.02
"2025-12-12 07:05:00",528074,13.68,17.55,748.2,17.53,69.58
"2025-12-12 07:10:00",528075,13.83,18.01,748.2,17.27,71.99
"2025-12-12 07:15:00",528076,13.76,19.32,748.2,17.69,71.44
"2025-12-12 07:20:00",528077,13.76,19.86,748.2,16.85,71.96
"2025-12-12 07:25:00",528078,13.76,20.17,748.3,16.79,71.04
"2025-12-12 07:30:00",528079,13.73,20.78,748.3,16.44,71.54
"2025-12-12 07:35:00",528080,13.74,21.1,748.3,16.08,72.85
"2025-12-12 07:40:00",528081,13.74,21.28,748.3,16.35,70.26
"2025-12-12 07:45:00",528082,13.71,21.42,748.2,16.89,70.56
"2025-12-12 07:50:00",528083,13.71,21.65,748.2,17.87,69.44
"2025-12-12 07:55:00",528084,13.71,22.02,748.3,18.94,66.96
"2025-12-12 08:00:00",528085,13.68,22.46,748.2,19.46,62.2
"2025-12-12 08:05:00",528086,13.68,22.89,748.2,18.1,63.74
"2025-12-12 08:10:00",528087,13.68,23.22,748.2,18.2,66.34
"2025-12-12 08:15:00",528088,13.68,23.41,748.2,17.84,67.3
"2025-12-12 08:20:00",528089,13.68,23.59,748.2,17.81,66.41
"2025-12-12 08:25:00",528090,13.69,23.77,748.2,18.13,64.13
"2025-12-12 08:30:00",528091,13.66,24,748.2,18.67,61.62
"2025-12-12 08:35:00",528092,13.66,24.3,748.1,19.17,57.67
"2025-12-12 08:40:00",528093,13.66,24.67,748,19.23,58.9
"2025-12-12 08:45:00",528094,13.63,25.02,748,19.47,56.15
"2025-12-12 08:50:00",528095,13.63,25.36,748,19.32,57.45
"2025-12-12 08:55:00",528096,13.63,26.15,748.1,19.31,55.88
"2025-12-12 09:00:00",528097,13.6,27.46,748,19.81,54.6
"2025-12-12 09:05:00",528098,13.58,28.35,748,21,53.38
"2025-12-12 09:10:00",528099,13.58,28.78,748.1,20.74,55.97
"2025-12-12 09:15:00",528100,13.55,29.04,748,21.13,49.79
"2025-12-12 09:20:00",528101,13.55,29.33,748,21.48,51.13
"2025-12-12 09:25:00",528102,13.55,29.59,748,21.02,49.21
"2025-12-12 09:30:00",528103,13.55,29.79,747.9,21.65,49.2
"2025-12-12 09:35:00",528104,13.53,30.07,747.8,21.69,51.91
"2025-12-12 09:40:00",528105,13.53,30.34,747.8,21.57,47.29
"2025-12-12 09:45:00",528106,13.53,30.5,747.7,21.58,47.67
"2025-12-12 09:50:00",528107,13.53,30.6,747.6,21.91,47.42
"2025-12-12 09:55:00",528108,13.53,30.75,747.6,22.41,45.47
"2025-12-12 10:00:00",528109,13.53,30.95,747.5,22.78,43.17
"2025-12-12 10:05:00",528110,13.53,31.2,747.4,23.21,40.91
"2025-12-12 10:10:00",528111,13.51,31.53,747.3,23.59,42.22
"2025-12-12 10:15:00",528112,13.51,31.91,747.2,23.52,39.24
"2025-12-12 10:20:00",528113,13.51,32.29,747,24.11,39.57
"2025-12-12 10:25:00",528114,13.49,32.69,747,24.6,39.09
"2025-12-12 10:30:00",528115,13.49,33.01,746.9,24.29,38.11
"2025-12-12 10:35:00",528116,13.49,33.26,746.8,24.49,38
"2025-12-12 10:40:00",528117,13.49,33.44,746.7,24.36,39.5
"2025-12-12 10:45:00",528118,13.46,33.56,746.6,24.09,39.27
"2025-12-12 10:50:00",528119,13.46,33.65,746.6,24.55,37.18
"2025-12-12 10:55:00",528120,13.46,33.85,746.5,25.31,35.42
"2025-12-12 11:00:00",528121,13.46,34.11,746.4,26.46,34.67
"2025-12-12 11:05:00",528122,13.46,34.42,746.3,25.2,36.88
"2025-12-12 11:10:00",528123,13.46,34.55,746.2,24.68,37.49
"2025-12-12 11:15:00",528124,13.46,34.62,746.1,25.77,36.53
"2025-12-12 11:20:00",528125,13.44,34.7,746.1,24.97,34.53
"2025-12-12 11:25:00",528126,13.44,34.67,746.1,25.01,36.89
"2025-12-12 11:30:00",528127,13.44,34.61,745.9,25.54,35.68
"2025-12-12 11:35:00",528128,13.44,34.64,745.8,26.62,34.88
"2025-12-12 11:40:00",528129,13.44,34.77,745.7,26.94,32.83
"2025-12-12 11:45:00",528130,13.44,34.87,745.6,26.32,32.23
"2025-12-12 11:50:00",528131,13.44,34.98,745.5,26.98,29.99
"2025-12-12 11:55:00",528132,13.44,35.09,745.5,27.26,30.49
"2025-12-12 12:00:00",528133,13.44,35.21,745.3,27.64,30.04
"2025-12-12 12:05:00",528134,13.44,35.34,745.2,27.5,29.76
"2025-12-12 12:10:00",528135,13.44,35.45,745.2,27.18,27.07
"2025-12-12 12:15:00",528136,13.44,35.49,745.1,27.98,27.64
"2025-12-12 12:20:00",528137,13.44,35.6,745,29.01,24.65
"2025-12-12 12:25:00",528138,13.44,35.81,745,28.71,22.41
"2025-12-12 12:30:00",528139,13.44,35.92,744.9,27.9,21.31
"2025-12-12 12:35:00",528140,13.44,35.92,744.8,28.33,20.96
"2025-12-12 12:40:00",528141,13.42,35.88,744.7,28.23,20.84
"2025-12-12 12:45:00",528142,13.42,35.89,744.6,29.72,16.35
"2025-12-12 12:50:00",528143,13.42,35.96,744.4,29.24,11.48
"2025-12-12 12:55:00",528144,13.42,36.04,744.4,29.35,16.76
"2025-12-12 13:00:00",528145,13.42,36.11,744.2,29.07,19
"2025-12-12 13:05:00",528146,13.42,36.1,744.1,28.83,18.28
"2025-12-12 13:10:00",528147,13.42,35.99,744,29.2,19.22
"2025-12-12 13:15:00",528148,13.42,35.92,743.9,30.49,17.81
"2025-12-12 13:20:00",528149,13.42,36.01,743.9,30.6,18.24
"2025-12-12 13:25:00",528150,13.42,36.14,743.8,30.16,17.58
"2025-12-12 13:30:00",528151,13.42,36.2,743.7,30.25,18.36
"2025-12-12 13:35:00",528152,13.42,36.25,743.6,30.96,17.05
"2025-12-12 13:40:00",528153,13.42,36.35,743.4,30.05,18.46
"2025-12-12 13:45:00",528154,13.42,36.46,743.3,30.78,17.54
"2025-12-12 13:50:00",528155,13.42,36.57,743.2,30.42,17.24
"2025-12-12 13:55:00",528156,13.42,36.63,743.1,29.57,17.27
"2025-12-12 14:00:00",528157,13.42,36.64,743,30.11,18.36
"2025-12-12 14:05:00",528158,13.42,36.67,742.9,31.06,18.19
"2025-12-12 14:10:00",528159,13.42,36.8,742.9,30.95,16.91
"2025-12-12 14:15:00",528160,13.42,36.94,742.8,29.9,17.92
"2025-12-12 14:20:00",528161,13.42,37,742.7,30.86,16.34
"2025-12-12 14:25:00",528162,13.42,37.06,742.6,29.9,17.07
"2025-12-12 14:30:00",528163,13.4,37.04,742.5,30.32,17.52
"2025-12-12 14:35:00",528164,13.4,37.08,742.4,30.23,17.58
"2025-12-12 14:40:00",528165,13.4,37.17,742.3,30.31,18.08
"2025-12-12 14:45:00",528166,13.4,37.25,742.2,30.84,17.58
"2025-12-12 14:50:00",528167,13.4,37.43,742.1,31.58,18.22
"2025-12-12 14:55:00",528168,13.4,37.7,742,30.65,19.09
"2025-12-12 15:00:00",528169,13.4,37.86,741.9,30.64,17.75
"2025-12-12 15:05:00",528170,13.4,37.98,741.8,30.98,18.33
"2025-12-12 15:10:00",528171,13.4,38.12,741.7,31,17.98
"2025-12-12 15:15:00",528172,13.4,38.3,741.6,31.36,19.7
"2025-12-12 15:20:00",528173,13.38,38.44,741.6,31.06,18.34
"2025-12-12 15:25:00",528174,13.38,38.47,741.5,30.38,19.53
"2025-12-12 15:30:00",528175,13.37,38.41,741.5,30.73,18.88
"2025-12-12 15:35:00",528176,13.38,38.32,741.5,30.81,18.75
"2025-12-12 15:40:00",528177,13.38,38.11,741.4,29.91,17.92
"2025-12-12 15:45:00",528178,13.38,37.75,741.4,29.6,24.55
"2025-12-12 15:50:00",528179,13.38,37.23,741.2,28.54,26
"2025-12-12 15:55:00",528180,13.38,36.57,741.1,28.1,25
"2025-12-12 16:00:00",528181,13.37,35.84,741.1,28.01,28.33
"2025-12-12 16:05:00",528182,13.37,35.31,741,28.61,28.34
"2025-12-12 16:10:00",528183,13.37,34.99,741,28.68,25.94
"2025-12-12 16:15:00",528184,13.4,34.83,741,29.44,23.29
"2025-12-12 16:20:00",528185,13.4,34.83,740.9,29.07,25.49
"2025-12-12 16:25:00",528186,13.4,34.83,740.9,29.67,24.63
"2025-12-12 16:30:00",528187,13.4,34.79,740.9,29.13,25.01
"2025-12-12 16:35:00",528188,13.4,34.7,740.9,28.6,23.52
"2025-12-12 16:40:00",528189,13.4,34.55,740.8,28.92,23.54
"2025-12-12 16:45:00",528190,13.4,34.32,740.9,28.52,24.2
"2025-12-12 16:50:00",528191,13.4,34.16,740.9,28.99,22.81
"2025-12-12 16:55:00",528192,13.4,34.08,740.9,29.31,23.08
"2025-12-12 17:00:00",528193,13.4,34.05,740.8,29.27,22.97
"2025-12-12 17:05:00",528194,13.4,34.14,740.8,29.06,23.62
"2025-12-12 17:10:00",528195,13.4,34.19,740.8,29.54,23.75
"2025-12-12 17:15:00",528196,13.4,34.28,740.8,29.67,24.01
"2025-12-12 17:20:00",528197,13.4,34.36,740.8,29.3,25.23
"2025-12-12 17:25:00",528198,13.39,34.5,740.8,30.05,25.07
"2025-12-12 17:30:00",528199,13.38,34.3,740.8,29.36,24.26
"2025-12-12 17:35:00",528200,13.35,34.09,740.8,28.88,26.1
"2025-12-12 17:40:00",528201,13.29,33.89,740.9,28.52,26.62
"2025-12-12 17:45:00",528202,13.25,33.6,740.9,28.39,26.4
"2025-12-12 17:50:00",528203,13.24,33.31,741,29.08,27.9
"2025-12-12 17:55:00",528204,13.21,33.14,741.1,28.72,28.66
"2025-12-12 18:00:00",528205,13.15,33.02,741.1,28.34,29.18
"2025-12-12 18:05:00",528206,13.08,32.76,741.1,27.44,31.05
"2025-12-12 18:10:00",528207,13.03,32.33,741.2,27.04,31.01
"2025-12-12 18:15:00",528208,13.03,31.83,741.3,26.89,31.27
"2025-12-12 18:20:00",528209,13.02,31.37,741.3,26.98,31.41
"2025-12-12 18:25:00",528210,13,30.99,741.3,26.79,31.36
"2025-12-12 18:30:00",528211,12.98,30.61,741.4,26.54,32.59
"2025-12-12 18:35:00",528212,12.95,30.25,741.5,26.02,33.75
"2025-12-12 18:40:00",528213,12.92,29.86,741.6,25.47,35.04
"2025-12-12 18:45:00",528214,12.9,29.4,741.6,25.25,35.55
"2025-12-12 18:50:00",528215,12.89,28.93,741.7,25.07,36
"2025-12-12 18:55:00",528216,12.88,28.49,741.7,24.74,36.9
"2025-12-12 19:00:00",528217,12.87,28.07,741.8,24.58,37.08
"2025-12-12 19:05:00",528218,12.87,27.65,742,24.39,38.12
"2025-12-12 19:10:00",528219,12.86,27.28,742,24.27,38.17
"2025-12-12 19:15:00",528220,12.86,26.96,742.1,24.15,38.88
"2025-12-12 19:20:00",528221,12.86,26.67,742.4,24.03,39.33
"2025-12-12 19:25:00",528222,12.85,26.34,742.6,23.63,41.77
"2025-12-12 19:30:00",528223,12.85,26.05,742.7,23.17,42.79
"2025-12-12 19:35:00",528224,12.85,25.76,742.8,23.57,40.72
"2025-12-12 19:40:00",528225,12.84,25.52,742.9,23.6,40.92
"2025-12-12 19:45:00",528226,12.84,25.32,743,23.81,41.17
"2025-12-12 19:50:00",528227,12.84,25.17,743.1,23.34,43.23
"2025-12-12 19:55:00",528228,12.84,25.02,743.3,23.27,43.77
"2025-12-12 20:00:00",528229,12.84,24.87,743.4,23.1,44.37
"2025-12-12 20:05:00",528230,12.84,24.73,743.6,23.03,44.04
"2025-12-12 20:10:00",528231,12.83,24.59,743.7,23.01,44.55
"2025-12-12 20:15:00",528232,12.83,24.5,743.8,22.85,45.82
"2025-12-12 20:20:00",528233,12.83,24.39,744.1,22.44,48.16
"2025-12-12 20:25:00",528234,12.84,24.26,744.2,22.17,49.36
"2025-12-12 20:30:00",528235,12.84,24.09,744.3,22.05,49.98
"2025-12-12 20:35:00",528236,12.83,23.93,744.4,21.77,50.85
"2025-12-12 20:40:00",528237,12.83,23.75,744.5,21.74,50.91
"2025-12-12 20:45:00",528238,12.83,23.57,744.6,21.57,50.89
"2025-12-12 20:50:00",528239,12.83,23.4,744.7,21.52,50.6
"2025-12-12 20:55:00",528240,12.83,23.24,744.8,21.34,51.36
"2025-12-12 21:00:00",528241,12.82,23.08,744.7,21.42,50.37
"2025-12-12 21:05:00",528242,12.82,22.96,744.8,21.34,50.67
"2025-12-12 21:10:00",528243,12.82,22.84,744.9,21.31,50.63
"2025-12-12 21:15:00",528244,12.82,22.69,745.1,21.19,51.12
"2025-12-12 21:20:00",528245,12.82,22.57,745.1,21.13,51.43
"2025-12-12 21:25:00",528246,12.82,22.46,745.2,21.13,51.21
"2025-12-12 21:30:00",528247,12.82,22.38,745.3,20.98,51.85
"2025-12-12 21:35:00",528248,12.82,22.27,745.5,20.97,51.69
"2025-12-12 21:40:00",528249,12.81,22.2,745.7,20.87,51.83
"2025-12-12 21:45:00",528250,12.81,22.1,745.8,20.78,52.44
"2025-12-12 21:50:00",528251,12.81,22,745.9,20.78,52.01
"2025-12-12 21:55:00",528252,12.81,21.93,746,20.9,51.18
"2025-12-12 22:00:00",528253,12.81,21.87,746,20.75,52.13
"2025-12-12 22:05:00",528254,12.81,21.83,746.1,20.52,54.06
"2025-12-12 22:10:00",528255,12.8,21.75,746.3,20.42,54.66
"2025-12-12 22:15:00",528256,12.81,21.58,746.4,20.22,55.68
"2025-12-12 22:20:00",528257,12.8,21.47,746.5,20.36,54.34
"2025-12-12 22:25:00",528258,12.81,21.2,746.6,20.54,53.75
"2025-12-12 22:30:00",528259,12.81,21.1,746.6,20.78,52.48
"2025-12-12 22:35:00",528260,12.81,21.09,746.6,21.13,51.65
"2025-12-12 22:40:00",528261,12.81,21.14,746.6,21.27,51.82
"2025-12-12 22:45:00",528262,12.81,21.18,746.5,21.22,52.19
"2025-12-12 22:50:00",528263,12.8,21.18,746.5,21.17,52.72
"2025-12-12 22:55:00",528264,12.8,21.18,746.5,21.08,52.89
"2025-12-12 23:00:00",528265,12.8,21.16,746.5,21.05,53.2
"2025-12-12 23:05:00",528266,12.8,21.13,746.4,21,53.6
"2025-12-12 23:10:00",528267,12.8,21.12,746.6,20.85,54.51
"2025-12-12 23:15:00",528268,12.8,21.09,746.6,20.39,57.25
"2025-12-12 23:20:00",528269,12.8,21.06,746.7,20.38,57.55
"2025-12-12 23:25:00",528270,12.8,21.04,746.7,20.34,58.06
"2025-12-12 23:30:00",528271,12.8,21.06,746.6,20.42,57.71
"2025-12-12 23:35:00",528272,12.8,21.03,746.5,20.56,58.04
"2025-12-12 23:40:00",528273,12.79,21.03,746.3,20.52,58.58
"2025-12-12 23:45:00",528274,12.79,21.01,746.4,20.49,58.3
"2025-12-12 23:50:00",528275,12.79,20.99,746.4,20.58,57.24
"2025-12-12 23:55:00",528276,12.79,20.97,746.3,18.94,66.38
"2025-12-13 00:00:00",528277,12.79,20.52,746.2,18.07,71.71
"2025-12-13 00:05:00",528278,12.79,19.86,746.3,18.48,71.88
"2025-12-13 00:10:00",528279,12.78,19.28,746.3,18.01,77.19
"2025-12-13 00:15:00",528280,12.78,18.85,746.3,17.65,78.83
"2025-12-13 00:20:00",528281,12.78,18.51,746.4,17.49,83.1
"2025-12-13 00:25:00",528282,12.78,18.26,746.5,17.53,79.93
"2025-12-13 00:30:00",528283,12.78,18.02,746.7,17.09,77.37
"2025-12-13 00:35:00",528284,12.77,17.71,747,15.95,66.52
"2025-12-13 00:40:00",528285,12.77,17.08,747.2,14.59,62.85
"2025-12-13 00:45:00",528286,12.77,16.24,747,14.22,62.04
"2025-12-13 00:50:00",528287,12.76,15.47,747.1,14.02,65.77
"2025-12-13 00:55:00",528288,12.76,14.87,747.3,14.47,64.77
"2025-12-13 01:00:00",528289,12.76,14.45,747.4,14.41,64.88
"2025-12-13 01:05:00",528290,12.75,14.17,747.6,14.93,64.94
"2025-12-13 01:10:00",528291,12.75,14.02,747.9,15.17,64.24
"2025-12-13 01:15:00",528292,12.74,13.99,747.8,15.34,62.08
"2025-12-13 01:20:00",528293,12.74,14.02,747.7,15.65,59.81
"2025-12-13 01:25:00",528294,12.74,14.12,747.8,15.88,60.54
"2025-12-13 01:30:00",528295,12.74,14.26,747.9,15.4,65.43
"2025-12-13 01:35:00",528296,12.73,14.33,747.8,15.04,63.39
"2025-12-13 01:40:00",528297,12.73,14.17,747.5,13.95,71.83
"2025-12-13 01:45:00",528298,12.73,13.9,747.1,13.73,70.91
"2025-12-13 01:50:00",528299,12.73,13.65,747.2,14.17,69.3
"2025-12-13 01:55:00",528300,12.72,13.48,747.2,14.14,72.36
"2025-12-13 02:00:00",528301,12.72,13.41,747.4,14.19,73.98
"2025-12-13 02:05:00",528302,12.71,13.35,747.4,13.28,80.6
"2025-12-13 02:10:00",528303,12.71,13.33,747.2,13.07,80.3
"2025-12-13 02:15:00",528304,12.71,13.28,747.2,13.14,79.92
"2025-12-13 02:20:00",528305,12.71,13.27,747.1,13.37,77.09
"2025-12-13 02:25:00",528306,12.71,13.27,747.1,13.28,77.71
"2025-12-13 02:30:00",528307,12.7,13.26,747,13.23,78.73
"2025-12-13 02:35:00",528308,12.7,13.27,746.9,13.28,77.1
"2025-12-13 02:40:00",528309,12.7,13.3,746.9,13.45,76.41
"2025-12-13 02:45:00",528310,12.7,13.33,746.8,13.62,75.33
"2025-12-13 02:50:00",528311,12.69,13.37,746.8,13.71,76.16
"2025-12-13 02:55:00",528312,12.69,13.42,746.8,13.9,74.91
"2025-12-13 03:00:00",528313,12.69,13.48,746.7,14.01,73.41
"2025-12-13 03:05:00",528314,12.68,13.53,746.8,13.74,77
"2025-12-13 03:10:00",528315,12.68,13.59,746.7,13.56,77.74
"2025-12-13 03:15:00",528316,12.68,13.63,746.6,13.6,76.25
"2025-12-13 03:20:00",528317,12.68,13.66,746.6,13.6,77.03
"2025-12-13 03:25:00",528318,12.68,13.63,746.5,13.63,76.37
"2025-12-13 03:30:00",528319,12.67,13.58,746.4,13.85,76.64
"2025-12-13 03:35:00",528320,12.67,13.58,746.4,13.64,79.26
"2025-12-13 03:40:00",528321,12.67,13.57,746.4,13.43,79.6
"2025-12-13 03:45:00",528322,12.67,13.57,746.4,13.44,80.5
"2025-12-13 03:50:00",528323,12.66,13.54,746.4,13.28,82.1
"2025-12-13 03:55:00",528324,12.66,13.5,746.4,13.14,83.6
"2025-12-13 04:00:00",528325,12.66,13.42,746.4,13.03,84.5
"2025-12-13 04:05:00",528326,12.66,13.34,746.4,13.06,83.4
"2025-12-13 04:10:00",528327,12.65,13.27,746.4,13.02,83
"2025-12-13 04:15:00",528328,12.65,13.19,746.4,12.92,83.8
"2025-12-13 04:20:00",528329,12.65,13.11,746.5,12.8,83.8
"2025-12-13 04:25:00",528330,12.65,13,746.4,12.96,82
"2025-12-13 04:30:00",528331,12.64,12.91,746.4,13.12,80.7
"2025-12-13 04:35:00",528332,12.64,12.85,746.4,13.1,80.3
"2025-12-13 04:40:00",528333,12.64,12.73,746.5,12.99,81.4
"2025-12-13 04:45:00",528334,12.63,12.65,746.6,13.06,82.7
"2025-12-13 04:50:00",528335,12.63,12.59,746.8,12.86,85.7
"2025-12-13 04:55:00",528336,12.63,12.49,746.9,12.75,86
"2025-12-13 05:00:00",528337,12.62,12.4,747,12.6,85
"2025-12-13 05:05:00",528338,12.62,12.35,747,12.61,86.8
"2025-12-13 05:10:00",528339,12.62,12.29,747.1,12.44,87.5
"2025-12-13 05:15:00",528340,12.61,12.42,747.3,12.28,87.6
"2025-12-13 05:20:00",528341,12.61,12.53,747.5,12.4,89.9
"2025-12-13 05:25:00",528342,12.61,12.53,747.6,12.18,90.3
"2025-12-13 05:30:00",528343,12.6,12.48,747.6,12.06,91.1
"2025-12-13 05:35:00",528344,12.6,12.43,747.7,12.21,92
"2025-12-13 05:40:00",528345,12.59,12.43,747.8,12.16,90.9
"2025-12-13 05:45:00",528346,12.59,12.35,747.9,12.15,90.6
"2025-12-13 05:50:00",528347,12.61,12.33,748,12.4,87.9
"2025-12-13 05:55:00",528348,12.62,12.37,748.1,12.65,86.2
"2025-12-13 06:00:00",528349,12.63,12.46,748,12.59,86.1
"2025-12-13 06:05:00",528350,12.64,12.54,748,12.65,85.3
"2025-12-13 06:10:00",528351,12.66,12.64,748.1,12.69,84.9
"2025-12-13 06:15:00",528352,12.67,12.73,748.2,12.74,84.1
"2025-12-13 06:20:00",528353,12.69,12.81,748.3,12.86,83.6
"2025-12-13 06:25:00",528354,12.72,12.9,748.3,12.83,83.2
"2025-12-13 06:30:00",528355,12.76,12.98,748.3,12.98,82.2
"2025-12-13 06:35:00",528356,12.87,13.11,748.4,13.07,82.3
"2025-12-13 06:40:00",528357,12.98,13.24,748.3,13.35,80.5
"2025-12-13 06:45:00",528358,13.08,13.47,748.3,13.65,79.87
"2025-12-13 06:50:00",528359,13.2,13.75,748.4,13.75,80.5
"2025-12-13 06:55:00",528360,13.43,14.14,748.6,14.01,79.56
"2025-12-13 07:00:00",528361,13.74,14.71,748.6,15.08,76.5
"2025-12-13 07:05:00",528362,13.88,15.58,748.7,15.81,71.48
"2025-12-13 07:10:00",528363,13.82,17.19,748.8,16.42,72.49
"2025-12-13 07:15:00",528364,13.79,18.18,748.8,16.42,72.06
"2025-12-13 07:20:00",528365,13.76,18.99,748.8,16.35,71.62
"2025-12-13 07:25:00",528366,13.76,19.7,748.9,17.05,68.27
"2025-12-13 07:30:00",528367,13.73,20.4,748.8,18.17,63
"2025-12-13 07:35:00",528368,13.73,21.09,748.8,17.91,63.29
"2025-12-13 07:40:00",528369,13.71,21.67,748.9,18.12,63.59
"2025-12-13 07:45:00",528370,13.71,22.3,749,18.97,62.09
"2025-12-13 07:50:00",528371,13.68,22.95,749.1,19.2,59.77
"2025-12-13 07:55:00",528372,13.68,23.61,749.2,19.31,59.49
"2025-12-13 08:00:00",528373,13.65,24.15,749.1,19.35,60.04
"2025-12-13 08:05:00",528374,13.65,24.63,749.2,18.94,60.31
"2025-12-13 08:10:00",528375,13.63,25.11,749.2,20.2,59.2
"2025-12-13 08:15:00",528376,13.63,25.62,749.2,20.47,56.24
"2025-12-13 08:20:00",528377,13.63,26.14,749.3,20.18,56.69
"2025-12-13 08:25:00",528378,13.6,26.58,749.3,20,54.54
"2025-12-13 08:30:00",528379,13.6,26.96,749.2,20.54,53.9
"2025-12-13 08:35:00",528380,13.6,27.28,749.3,19.92,54.37
"2025-12-13 08:40:00",528381,13.57,27.52,749.3,20.3,53.03
"2025-12-13 08:45:00",528382,13.58,27.85,749.3,20.73,51.22
"2025-12-13 08:50:00",528383,13.58,28.19,749.3,20.34,51.76
"2025-12-13 08:55:00",528384,13.58,28.5,749.4,20.68,53.24
"2025-12-13 09:00:00",528385,13.55,28.79,749.4,20.12,51.95
"2025-12-13 09:05:00",528386,13.55,29.07,749.4,21.13,49.35
"2025-12-13 09:10:00",528387,13.55,29.33,749.3,21.31,50.26
"2025-12-13 09:15:00",528388,13.55,29.69,749.3,21.82,48.05
"2025-12-13 09:20:00",528389,13.53,30.09,749.2,21.48,46.61
"2025-12-13 09:25:00",528390,13.53,30.37,749.2,21.04,48.96
"2025-12-13 09:30:00",528391,13.53,30.56,749.1,21.96,46.79
"2025-12-13 09:35:00",528392,13.53,30.82,749.1,22.13,46.21
"2025-12-13 09:40:00",528393,13.53,31.13,749.1,22.16,47.46
"2025-12-13 09:45:00",528394,13.51,31.42,749,22.94,44.15
"2025-12-13 09:50:00",528395,13.51,31.68,749,22.08,44.89
"2025-12-13 09:55:00",528396,13.51,31.87,749,21.99,44.81
"2025-12-13 10:00:00",528397,13.51,31.99,748.9,22.31,44.72
"2025-12-13 10:05:00",528398,13.51,32.12,748.7,22.47,46.47
"2025-12-13 10:10:00",528399,13.51,32.27,748.7,23.33,43.1
"2025-12-13 10:15:00",528400,13.49,32.5,748.6,24.02,41
"2025-12-13 10:20:00",528401,13.48,32.78,748.5,23.78,43.44
"2025-12-13 10:25:00",528402,13.49,32.98,748.6,23.4,42.1
"2025-12-13 10:30:00",528403,13.49,33.12,748.5,23.42,43.43
"2025-12-13 10:35:00",528404,13.49,33.25,748.3,23.32,40.96
"2025-12-13 10:40:00",528405,13.49,33.36,748.3,24.35,38.77
"2025-12-13 10:45:00",528406,13.49,33.46,748.2,23.93,36.16
"2025-12-13 10:50:00",528407,13.49,33.55,748.2,24.19,36.58
"2025-12-13 10:55:00",528408,13.46,33.68,748.1,24.9,36.28
"2025-12-13 11:00:00",528409,13.46,33.86,748,25.04,35.53
"2025-12-13 11:05:00",528410,13.46,34.02,747.8,25.07,35.07
"2025-12-13 11:10:00",528411,13.46,34.2,747.8,25.29,34.22
"2025-12-13 11:15:00",528412,13.46,34.37,747.7,26.02,28.48
"2025-12-13 11:20:00",528413,13.46,34.49,747.6,25.35,26.59
"2025-12-13 11:25:00",528414,13.46,34.59,747.6,25.62,24.66
"2025-12-13 11:30:00",528415,13.46,34.65,747.5,25.96,21.47
"2025-12-13 11:35:00",528416,13.46,34.77,747.4,26.17,18.07
"2025-12-13 11:40:00",528417,13.44,34.84,747.3,26.43,16.4
"2025-12-13 11:45:00",528418,13.44,34.92,747.3,27.32,18.76
"2025-12-13 11:50:00",528419,13.44,35.03,747.1,26.33,20.69
"2025-12-13 11:55:00",528420,13.44,35.11,747.1,27.48,21.91
"2025-12-13 12:00:00",528421,13.44,35.12,747,27.16,18.65
"2025-12-13 12:05:00",528422,13.44,35.2,746.9,27.17,20.36
"2025-12-13 12:10:00",528423,13.44,35.22,746.8,26.84,22.5
"2025-12-13 12:15:00",528424,13.44,35.17,746.7,26.55,23.38
"2025-12-13 12:20:00",528425,13.44,35.15,746.6,27.63,23.03
"2025-12-13 12:25:00",528426,13.44,35.19,746.6,27.59,24.76
"2025-12-13 12:30:00",528427,13.44,35.21,746.4,27.49,22.96
"2025-12-13 12:35:00",528428,13.44,35.2,746.3,27.21,22.83
"2025-12-13 12:40:00",528429,13.44,35.12,746.2,27.38,22.32
"2025-12-13 12:45:00",528430,13.44,35.04,746.1,27.99,22.71
"2025-12-13 12:50:00",528431,13.44,35.04,746,27.73,22.9
"2025-12-13 12:55:00",528432,13.44,35.02,746,27.67,23.24
"2025-12-13 13:00:00",528433,13.44,34.94,745.8,27.58,22.96
"2025-12-13 13:05:00",528434,13.44,34.9,745.7,28.37,21.62
"2025-12-13 13:10:00",528435,13.44,34.9,745.6,28.23,20.57
"2025-12-13 13:15:00",528436,13.44,34.87,745.5,28.35,21.52
"2025-12-13 13:20:00",528437,13.44,34.89,745.4,28.75,21.58
"2025-12-13 13:25:00",528438,13.45,34.86,745.3,28.5,20.65
"2025-12-13 13:30:00",528439,13.44,34.8,745.2,28.38,21.13
"2025-12-13 13:35:00",528440,13.44,34.72,745,28.94,20.68
"2025-12-13 13:40:00",528441,13.44,34.78,744.9,30.46,19.43
"2025-12-13 13:45:00",528442,13.44,35.01,744.8,30.8,19.73
"2025-12-13 13:50:00",528443,13.45,35.32,744.6,29.71,19.95
"2025-12-13 13:55:00",528444,13.44,35.52,744.5,29.03,19.07
"2025-12-13 14:00:00",528445,13.45,35.61,744.4,29.38,19.51
"2025-12-13 14:05:00",528446,13.44,35.72,744.3,30.36,18.93
"2025-12-13 14:10:00",528447,13.42,35.88,744.2,30.21,18.15
"2025-12-13 14:15:00",528448,13.42,36.08,744.1,30.09,19.48
"2025-12-13 14:20:00",528449,13.42,36.23,744,29.51,21.06
"2025-12-13 14:25:00",528450,13.42,36.36,743.8,30.05,18.81
"2025-12-13 14:30:00",528451,13.42,36.47,743.7,29.27,18.94
"2025-12-13 14:35:00",528452,13.42,36.53,743.6,29.52,19.38
"2025-12-13 14:40:00",528453,13.42,36.55,743.5,29.54,18.75
"2025-12-13 14:45:00",528454,13.42,36.6,743.4,30.34,21.5
"2025-12-13 14:50:00",528455,13.42,36.74,743.3,29.7,18.69
"2025-12-13 14:55:00",528456,13.42,36.86,743.2,30.36,20.34
"2025-12-13 15:00:00",528457,13.4,37.01,743.1,30.42,19.43
"2025-12-13 15:05:00",528458,13.4,37.14,743.1,30.14,18.92
"2025-12-13 15:10:00",528459,13.4,37.2,743,30.04,18.92
"2025-12-13 15:15:00",528460,13.4,37.25,743,29.55,19.03
"2025-12-13 15:20:00",528461,13.4,37.27,742.9,30.03,21.45
"2025-12-13 15:25:00",528462,13.4,37.26,742.8,30.19,20.4
"2025-12-13 15:30:00",528463,13.4,37.3,742.7,30.77,19.38
"2025-12-13 15:35:00",528464,13.4,37.4,742.7,30.28,19.6
"2025-12-13 15:40:00",528465,13.4,37.5,742.6,29.72,19.53
"2025-12-13 15:45:00",528466,13.4,37.52,742.5,30.1,19.94
"2025-12-13 15:50:00",528467,13.4,37.59,742.4,29.66,19.88
"2025-12-13 15:55:00",528468,13.4,37.59,742.4,30.08,21.55
"2025-12-13 16:00:00",528469,13.4,37.55,742.4,29.65,20.58
"2025-12-13 16:05:00",528470,13.4,37.41,742.3,29.39,23.29
"2025-12-13 16:10:00",528471,13.4,37.24,742.3,29.2,22.93
"2025-12-13 16:15:00",528472,13.4,37.1,742.2,29.56,22.26
"2025-12-13 16:20:00",528473,13.4,37.02,742.2,29.65,22.19
"2025-12-13 16:25:00",528474,13.4,36.94,742.1,29.12,21.11
"2025-12-13 16:30:00",528475,13.4,36.85,742,29.14,20.83
"2025-12-13 16:35:00",528476,13.4,36.81,741.9,30.17,21.45
"2025-12-13 16:40:00",528477,13.4,36.9,741.8,30.25,19.98
"2025-12-13 16:45:00",528478,13.4,36.99,741.7,30.15,20.12
"2025-12-13 16:50:00",528479,13.4,37.16,741.7,30.77,20.3
"2025-12-13 16:55:00",528480,13.4,37.4,741.7,30.44,19.5
"2025-12-13 17:00:00",528481,13.4,37.53,741.6,30.63,19.55
"2025-12-13 17:05:00",528482,13.4,37.63,741.6,30.76,20.47
"2025-12-13 17:10:00",528483,13.4,37.7,741.6,30.18,20.4
"2025-12-13 17:15:00",528484,13.4,37.73,741.6,29.61,20.89
"2025-12-13 17:20:00",528485,13.4,37.65,741.5,29.64,21.35
"2025-12-13 17:25:00",528486,13.4,37.15,741.5,29.46,21.34
"2025-12-13 17:30:00",528487,13.35,36.68,741.5,29.86,20.87
"2025-12-13 17:35:00",528488,13.28,36.45,741.5,30.26,20.76
"2025-12-13 17:40:00",528489,13.24,36.38,741.6,30.83,21.07
"2025-12-13 17:45:00",528490,13.21,36.36,741.5,30.59,21.2
"2025-12-13 17:50:00",528491,13.18,36.3,741.6,29.92,23.26
"2025-12-13 17:55:00",528492,13.16,36.16,741.6,29.46,23.16
"2025-12-13 18:00:00",528493,13.13,35.99,741.6,29.3,24.05
"2025-12-13 18:05:00",528494,13.13,35.71,741.6,29.03,24.59
"2025-12-13 18:10:00",528495,13.11,35.36,741.7,28.69,23.66
"2025-12-13 18:15:00",528496,13.08,34.95,741.7,28.62,25.94
"2025-12-13 18:20:00",528497,13.06,34.48,741.8,28.26,28.11
"2025-12-13 18:25:00",528498,13.03,33.97,741.8,27.82,30.53
"2025-12-13 18:30:00",528499,13.01,33.44,741.9,27.27,31.78
"2025-12-13 18:35:00",528500,12.98,32.83,742,27.08,32.1
"2025-12-13 18:40:00",528501,12.95,32.18,742.1,26.75,32.27
"2025-12-13 18:45:00",528502,12.93,31.53,742.2,26.46,32.99
"2025-12-13 18:50:00",528503,12.92,30.86,742.2,26.34,33.18
"2025-12-13 18:55:00",528504,12.9,30.27,742.3,26.14,33.56
"2025-12-13 19:00:00",528505,12.9,29.71,742.4,26.02,33.69
"2025-12-13 19:05:00",528506,12.89,29.19,742.5,25.75,34.8
"2025-12-13 19:10:00",528507,12.89,28.73,742.6,25.52,35.64
"2025-12-13 19:15:00",528508,12.88,28.31,742.6,25.09,37.4
"2025-12-13 19:20:00",528509,12.88,27.92,742.7,24.95,37.78
"2025-12-13 19:25:00",528510,12.88,27.54,742.8,24.47,39.51
"2025-12-13 19:30:00",528511,12.87,27.19,742.9,24.12,39.27
"2025-12-13 19:35:00",528512,12.87,26.85,743,24.16,38.85
"2025-12-13 19:40:00",528513,12.87,26.55,743.2,24.27,38.5
"2025-12-13 19:45:00",528514,12.86,26.31,743.3,24.38,38.38
"2025-12-13 19:50:00",528515,12.86,26.07,743.5,24.16,39.57
"2025-12-13 19:55:00",528516,12.86,25.8,743.6,23.95,39.98
"2025-12-13 20:00:00",528517,12.86,25.58,743.7,23.86,40.33
"2025-12-13 20:05:00",528518,12.85,25.42,743.8,23.96,40.3
"2025-12-13 20:10:00",528519,12.85,25.3,743.9,24.03,39.99
"2025-12-13 20:15:00",528520,12.85,25.2,744,24.1,39.63
"2025-12-13 20:20:00",528521,12.85,25.13,744.2,23.65,41.12
"2025-12-13 20:25:00",528522,12.85,25.01,744.3,23.51,41.37
"2025-12-13 20:30:00",528523,12.84,24.88,744.3,23.29,41.47
"2025-12-13 20:35:00",528524,12.84,24.75,744.4,23.11,42.3
"2025-12-13 20:40:00",528525,12.84,24.61,744.6,23.24,41.56
"2025-12-13 20:45:00",528526,12.84,24.48,744.7,22.85,42.56
"2025-12-13 20:50:00",528527,12.83,24.34,744.8,22.79,42.39
"2025-12-13 20:55:00",528528,12.84,24.19,745,22.83,42.33
"2025-12-13 21:00:00",528529,12.83,24.07,745.1,22.61,43.44
"2025-12-13 21:05:00",528530,12.83,23.92,745.2,22.42,43.51
"2025-12-13 21:10:00",528531,12.83,23.68,745.3,22.37,43.05
"2025-12-13 21:15:00",528532,12.83,23.52,745.3,22.73,41.54
"2025-12-13 21:20:00",528533,12.82,23.42,745.4,22.81,41.81
"2025-12-13 21:25:00",528534,12.82,23.36,745.5,22.91,41.27
"2025-12-13 21:30:00",528535,12.82,23.33,745.6,22.99,41.44
"2025-12-13 21:35:00",528536,12.82,23.33,745.6,22.98,41.57
"2025-12-13 21:40:00",528537,12.82,23.34,745.7,22.87,42.4
"2025-12-13 21:45:00",528538,12.81,23.33,745.9,22.57,43.79
"2025-12-13 21:50:00",528539,12.81,23.28,745.9,22.35,44.95
"2025-12-13 21:55:00",528540,12.81,23.24,745.9,22.06,46.23
"2025-12-13 22:00:00",528541,12.81,23.12,746,21.88,47.07
"2025-12-13 22:05:00",528542,12.81,23.04,746,21.45,48.67
"2025-12-13 22:10:00",528543,12.8,22.91,746.1,21.27,49.5
"2025-12-13 22:15:00",528544,12.8,22.78,746.1,21.16,49.86
"2025-12-13 22:20:00",528545,12.79,22.63,746.1,21.17,49.67
"2025-12-13 22:25:00",528546,12.79,22.5,746.2,21.3,48.96
"2025-12-13 22:30:00",528547,12.79,22.38,746.2,21.27,49.91
"2025-12-13 22:35:00",528548,12.79,22.26,746.3,21.24,49.02
"2025-12-13 22:40:00",528549,12.79,22.17,746.4,21.24,48.29
"2025-12-13 22:45:00",528550,12.79,22.08,746.4,21.29,48.96
"2025-12-13 22:50:00",528551,12.78,21.98,746.5,21.13,50.42
"2025-12-13 22:55:00",528552,12.78,21.86,746.5,20.26,54.61
"2025-12-13 23:00:00",528553,12.78,21.69,746.5,20.28,53.74
"2025-12-13 23:05:00",528554,12.78,21.55,746.5,20.31,54.06
"2025-12-13 23:10:00",528555,12.78,21.41,746.5,20.16,55.7
"2025-12-13 23:15:00",528556,12.78,21.25,746.4,20.05,55.96
"2025-12-13 23:20:00",528557,12.78,21.11,746.5,19.96,54.93
"2025-12-13 23:25:00",528558,12.77,20.96,746.5,19.8,56.7
"2025-12-13 23:30:00",528559,12.77,20.83,746.5,19.72,55.79
"2025-12-13 23:35:00",528560,12.77,20.7,746.6,19.82,55.84
"2025-12-13 23:40:00",528561,12.77,20.62,746.6,20.07,53.34
"2025-12-13 23:45:00",528562,12.77,20.56,746.6,20.41,51.92
"2025-12-13 23:50:00",528563,12.77,20.53,746.5,20.1,53.59
"2025-12-13 23:55:00",528564,12.77,20.49,746.5,19.97,52.71
"2025-12-14 00:00:00",528565,12.76,20.45,746.6,19.65,55.2
"2025-12-14 00:05:00",528566,12.76,20.38,746.6,19.2,57.8
"2025-12-14 00:10:00",528567,12.76,20.28,746.6,19.01,58.47
"2025-12-14 00:15:00",528568,12.76,20.16,746.6,19.01,58.13
"2025-12-14 00:20:00",528569,12.76,19.99,746.6,19.01,57.86
"2025-12-14 00:25:00",528570,12.76,19.84,746.6,18.97,58.68
"2025-12-14 00:30:00",528571,12.75,19.75,746.7,19.08,57.38
"2025-12-14 00:35:00",528572,12.75,19.68,746.7,19.26,56.8
"2025-12-14 00:40:00",528573,12.75,19.63,746.8,18.64,60.89
"2025-12-14 00:45:00",528574,12.75,19.52,746.8,18.86,57.62
"2025-12-14 00:50:00",528575,12.75,19.46,746.7,18.94,58.28
"2025-12-14 00:55:00",528576,12.75,19.4,746.7,18.97,58
"2025-12-14 01:00:00",528577,12.74,19.37,746.8,19.04,57.31
"2025-12-14 01:05:00",528578,12.74,19.32,746.8,18.9,58.66
"2025-12-14 01:10:00",528579,12.74,19.27,746.8,18.89,57.84
"2025-12-14 01:15:00",528580,12.75,19.21,746.7,19.04,57.19
"2025-12-14 01:20:00",528581,12.75,19.16,746.7,18.54,60.94
"2025-12-14 01:25:00",528582,12.74,19.08,746.6,18.3,62.37
"2025-12-14 01:30:00",528583,12.74,18.99,746.6,18.06,61.52
"2025-12-14 01:35:00",528584,12.74,18.87,746.6,18.17,64.46
"2025-12-14 01:40:00",528585,12.74,18.79,746.6,17.72,66.75
"2025-12-14 01:45:00",528586,12.74,18.71,746.6,17.33,66.97
"2025-12-14 01:50:00",528587,12.73,18.61,746.6,17.31,66.97
"2025-12-14 01:55:00",528588,12.73,18.52,746.6,17.4,65.4
"2025-12-14 02:00:00",528589,12.73,18.41,746.6,17.5,66.74
"2025-12-14 02:05:00",528590,12.73,18.32,746.5,17.33,66.74
"2025-12-14 02:10:00",528591,12.72,18.27,746.4,17.13,67.5
"2025-12-14 02:15:00",528592,12.72,18.21,746.5,17.18,67.09
"2025-12-14 02:20:00",528593,12.72,18.15,746.4,17.16,66.65
"2025-12-14 02:25:00",528594,12.71,18.1,746.4,17.26,65.78
"2025-12-14 02:30:00",528595,12.71,18.04,746.4,17.29,66.5
"2025-12-14 02:35:00",528596,12.71,17.99,746.4,17.33,66.15
"2025-12-14 02:40:00",528597,12.71,17.97,746.5,17.2,66.3
"2025-12-14 02:45:00",528598,12.7,17.89,746.5,16.63,70.46
"2025-12-14 02:50:00",528599,12.7,17.81,746.6,16.2,71.79
"2025-12-14 02:55:00",528600,12.7,17.69,746.6,16.32,71.7
"2025-12-14 03:00:00",528601,12.69,17.57,746.6,16.53,69.39
"2025-12-14 03:05:00",528602,12.69,17.47,746.6,16.85,67.88
"2025-12-14 03:10:00",528603,12.69,17.25,746.6,16.3,70.63
"2025-12-14 03:15:00",528604,12.69,17.12,746.5,16.25,70.96
"2025-12-14 03:20:00",528605,12.69,16.99,746.6,16.18,71.61
"2025-12-14 03:25:00",528606,12.68,16.88,746.6,16.15,70.71
"2025-12-14 03:30:00",528607,12.68,16.78,746.6,15.92,71.64
"2025-12-14 03:35:00",528608,12.68,16.67,746.6,15.73,72.38
"2025-12-14 03:40:00",528609,12.67,16.56,746.6,16.2,70.06
"2025-12-14 03:45:00",528610,12.67,16.52,746.7,16.48,69.82
"2025-12-14 03:50:00",528611,12.67,16.49,746.7,16.25,70.64
"2025-12-14 03:55:00",528612,12.66,16.47,746.7,16.14,70.71
"2025-12-14 04:00:00",528613,12.66,16.44,746.8,16.09,70.36
"2025-12-14 04:05:00",528614,12.66,16.4,746.8,16.02,69.76
"2025-12-14 04:10:00",528615,12.66,16.39,746.9,16.1,71.82
"2025-12-14 04:15:00",528616,12.65,16.35,746.9,16.06,70.84
"2025-12-14 04:20:00",528617,12.65,16.32,747,15.88,71.38
"2025-12-14 04:25:00",528618,12.65,16.25,747,15.68,75.16
"2025-12-14 04:30:00",528619,12.64,16.19,747.1,15.32,75.65
"2025-12-14 04:35:00",528620,12.64,16.1,747.1,15.28,75.55
"2025-12-14 04:40:00",528621,12.64,16.03,747.2,15.37,75.61
"2025-12-14 04:45:00",528622,12.63,15.94,747.2,15.32,74.69
"2025-12-14 04:50:00",528623,12.63,15.87,747.3,15.28,74.99
"2025-12-14 04:55:00",528624,12.63,15.8,747.3,15.56,74.4
"2025-12-14 05:00:00",528625,12.62,15.73,747.5,15.64,74.36
"2025-12-14 05:05:00",528626,12.62,15.68,747.5,15.5,75.41
"2025-12-14 05:10:00",528627,12.62,15.63,747.6,15.33,77
"2025-12-14 05:15:00",528628,12.62,15.56,747.7,15.1,77.85
"2025-12-14 05:20:00",528629,12.61,15.48,747.8,15.06,76.66
"2025-12-14 05:25:00",528630,12.61,15.41,747.8,15.12,71.78
"2025-12-14 05:30:00",528631,12.61,15.37,747.9,15.19,68.88
"2025-12-14 05:35:00",528632,12.61,15.35,747.9,15.24,68.64
"2025-12-14 05:40:00",528633,12.6,15.4,748,15.21,70.42
"2025-12-14 05:45:00",528634,12.61,15.43,748.1,14.98,69.86
"2025-12-14 05:50:00",528635,12.63,15.42,748.2,14.88,70.33
"2025-12-14 05:55:00",528636,12.65,15.43,748.3,15.02,68.3
"2025-12-14 06:00:00",528637,12.68,15.45,748.3,14.99,68.82
"2025-12-14 06:05:00",528638,12.71,15.48,748.4,15.22,69.04
"2025-12-14 06:10:00",528639,12.74,15.53,748.4,15.27,68.18
"2025-12-14 06:15:00",528640,12.79,15.53,748.5,15.55,69.65
"2025-12-14 06:20:00",528641,12.81,15.61,748.5,15.86,67.18
"2025-12-14 06:25:00",528642,12.88,15.74,748.6,15.96,66.26
"2025-12-14 06:30:00",528643,13.02,15.95,748.6,16.35,63.44
"2025-12-14 06:35:00",528644,13.23,16.27,748.7,17.19,60.87
"2025-12-14 06:40:00",528645,13.31,16.7,748.8,18.01,58.4
"2025-12-14 06:45:00",528646,13.35,17.22,748.9,18.82,55.47
"2025-12-14 06:50:00",528647,13.4,17.88,748.9,19.64,53.31
"2025-12-14 06:55:00",528648,13.46,18.62,748.9,19.64,53.22
"2025-12-14 07:00:00",528649,13.68,19.53,749,20.43,51.71
"2025-12-14 07:05:00",528650,13.69,20.42,749,21.17,48.31
"2025-12-14 07:10:00",528651,13.81,21.25,749.1,21.15,50.27
"2025-12-14 07:15:00",528652,13.73,22.78,749.2,21.45,53.75
"2025-12-14 07:20:00",528653,13.67,23.93,749.2,21.53,50.35
"2025-12-14 07:25:00",528654,13.65,24.73,749.3,21.7,50.47
"2025-12-14 07:30:00",528655,13.62,25.42,749.3,21.82,50.1
"2025-12-14 07:35:00",528656,13.62,26.03,749.3,22.05,50.29
"2025-12-14 07:40:00",528657,13.62,26.58,749.3,21.71,50.78
"2025-12-14 07:45:00",528658,13.6,27.08,749.3,22.28,48.96
"2025-12-14 07:50:00",528659,13.6,27.57,749.3,23.31,45.36
"2025-12-14 07:55:00",528660,13.57,28.11,749.4,23.41,44.27
"2025-12-14 08:00:00",528661,13.57,28.61,749.4,23.67,42.91
"2025-12-14 08:05:00",528662,13.57,29.14,749.4,24.74,40.39
"2025-12-14 08:10:00",528663,13.55,29.65,749.4,24.14,35.78
"2025-12-14 08:15:00",528664,13.55,30.17,749.4,23.83,38.65
"2025-12-14 08:20:00",528665,13.53,30.62,749.4,23.04,39.91
"2025-12-14 08:25:00",528666,13.53,31.02,749.5,23.76,37.72
"2025-12-14 08:30:00",528667,13.53,31.38,749.5,23.6,36.19
"2025-12-14 08:35:00",528668,13.5,31.73,749.5,24.23,36.25
"2025-12-14 08:40:00",528669,13.5,32.03,749.5,24.09,29.21
"2025-12-14 08:45:00",528670,13.5,32.25,749.5,23.46,31.75
"2025-12-14 08:50:00",528671,13.5,32.39,749.5,24.17,31.54
"2025-12-14 08:55:00",528672,13.48,32.53,749.5,23.85,30.3
"2025-12-14 09:00:00",528673,13.48,32.65,749.5,23.63,31.66
"2025-12-14 09:05:00",528674,13.48,32.76,749.5,24.17,31.11
"2025-12-14 09:10:00",528675,13.48,32.93,749.5,24.27,33.06
"2025-12-14 09:15:00",528676,13.48,33.13,749.4,23.79,34.38
"2025-12-14 09:20:00",528677,13.48,33.24,749.4,24.11,33.24
"2025-12-14 09:25:00",528678,13.48,33.36,749.3,24.39,33.4
"2025-12-14 09:30:00",528679,13.48,33.59,749.3,24.77,31.29
"2025-12-14 09:35:00",528680,13.48,33.83,749.2,25.11,31.25
"2025-12-14 09:40:00",528681,13.46,34.11,749.2,25.34,33.29
"2025-12-14 09:45:00",528682,13.46,34.42,749.2,25.6,33.92
"2025-12-14 09:50:00",528683,13.46,34.76,749.1,26.11,31.47
"2025-12-14 09:55:00",528684,13.43,35.13,749.1,26.76,28.13
"2025-12-14 10:00:00",528685,13.44,35.52,749,26.14,24.59
"2025-12-14 10:05:00",528686,13.44,35.65,749,25.65,22.97
"2025-12-14 10:10:00",528687,13.44,35.64,749,25.34,21.02
"2025-12-14 10:15:00",528688,13.44,35.63,748.9,26.68,23.25
"2025-12-14 10:20:00",528689,13.44,35.78,748.9,26.93,20.42
"2025-12-14 10:25:00",528690,13.44,35.99,748.8,26.72,22.21
"2025-12-14 10:30:00",528691,13.44,36.17,748.8,25.07,20.51
"2025-12-14 10:35:00",528692,13.44,36.24,748.7,26.15,19.78
"2025-12-14 10:40:00",528693,13.41,36.34,748.7,27.15,18.33
"2025-12-14 10:45:00",528694,13.41,36.51,748.6,27.13,19.31
"2025-12-14 10:50:00",528695,13.41,36.67,748.5,27.61,17.87
"2025-12-14 10:55:00",528696,13.42,36.85,748.4,28.79,17.44
"2025-12-14 11:00:00",528697,13.41,37.08,748.4,28.06,17.26
"2025-12-14 11:05:00",528698,13.42,37.27,748.3,27.65,18.64
"2025-12-14 11:10:00",528699,13.42,37.39,748.3,27.24,21.31
"2025-12-14 11:15:00",528700,13.39,37.42,748.2,28.66,20.91
"2025-12-14 11:20:00",528701,13.39,37.59,748.2,28.66,18.91
"2025-12-14 11:25:00",528702,13.39,37.76,748.1,26.32,16.95
"2025-12-14 11:30:00",528703,13.39,37.67,748,26.35,12.22
"2025-12-14 11:35:00",528704,13.39,37.5,747.9,26.55,15.7
"2025-12-14 11:40:00",528705,13.39,37.39,747.9,28.33,17.55
"2025-12-14 11:45:00",528706,13.39,37.44,747.9,29.05,18.37
"2025-12-14 11:50:00",528707,13.39,37.58,747.8,28.91,18.57
"2025-12-14 11:55:00",528708,13.39,37.73,747.7,28.16,18.53
"2025-12-14 12:00:00",528709,13.39,37.7,747.7,27.94,16.51
"2025-12-14 12:05:00",528710,13.39,37.64,747.6,29.72,16.28
"2025-12-14 12:10:00",528711,13.39,37.67,747.5,28.88,17.23
"2025-12-14 12:15:00",528712,13.39,37.7,747.5,29.64,16.49
"2025-12-14 12:20:00",528713,13.39,37.75,747.4,28.92,18.36
"2025-12-14 12:25:00",528714,13.39,37.66,747.3,29.13,17.88
"2025-12-14 12:30:00",528715,13.39,37.58,747.3,29.23,17.67
"2025-12-14 12:35:00",528716,13.39,37.53,747.1,29.54,15.78
"2025-12-14 12:40:00",528717,13.39,37.58,747.1,31.15,16.14
"2025-12-14 12:45:00",528718,13.39,37.69,747,30.12,15.66
"2025-12-14 12:50:00",528719,13.39,37.71,746.9,29.23,16.19
"2025-12-14 12:55:00",528720,13.4,37.61,746.8,29.14,16.82
"2025-12-14 13:00:00",528721,13.4,37.45,746.8,30.4,16.88
"2025-12-14 13:05:00",528722,13.39,37.41,746.7,29.8,18.05
"2025-12-14 13:10:00",528723,13.39,37.33,746.6,29.22,16.47
"2025-12-14 13:15:00",528724,13.39,37.14,746.5,29.03,18.51
"2025-12-14 13:20:00",528725,13.39,36.95,746.3,29.86,17.71
"2025-12-14 13:25:00",528726,13.39,36.91,746.3,30.02,17.64
"2025-12-14 13:30:00",528727,13.39,36.91,746.2,30.55,17.28
"2025-12-14 13:35:00",528728,13.39,36.99,746.2,29.67,18.19
"2025-12-14 13:40:00",528729,13.4,37.02,746.2,30.13,17.65
"2025-12-14 13:45:00",528730,13.39,37.04,746.1,30.15,15.52
"2025-12-14 13:50:00",528731,13.39,37.03,746,29.71,18.26
"2025-12-14 13:55:00",528732,13.39,36.99,746,29.46,17.9
"2025-12-14 14:00:00",528733,13.39,36.8,745.9,28.96,18.75
"2025-12-14 14:05:00",528734,13.39,36.56,745.8,29.27,18.52
"2025-12-14 14:10:00",528735,13.39,36.34,745.7,30.12,18.92
"2025-12-14 14:15:00",528736,13.39,36.23,745.6,30.37,17.95
"2025-12-14 14:20:00",528737,13.39,36.24,745.6,30.53,18.31
"2025-12-14 14:25:00",528738,13.39,36.35,745.4,30.24,17.44
"2025-12-14 14:30:00",528739,13.39,36.52,745.4,29.68,18.26
"2025-12-14 14:35:00",528740,13.39,36.73,745.2,30.31,17.16
"2025-12-14 14:40:00",528741,13.39,36.9,745.1,30.51,17.46
"2025-12-14 14:45:00",528742,13.39,37.07,745,30.14,17.51
"2025-12-14 14:50:00",528743,13.4,37.16,745,29.61,15.92
"2025-12-14 14:55:00",528744,13.39,37,744.9,29.62,18.4
"2025-12-14 15:00:00",528745,13.39,36.82,744.8,30.01,22.63
"2025-12-14 15:05:00",528746,13.4,36.8,744.7,30.56,25.32
"2025-12-14 15:10:00",528747,13.4,36.98,744.6,30.53,24.24
"2025-12-14 15:15:00",528748,13.4,37.22,744.5,30.96,25.14
"2025-12-14 15:20:00",528749,13.4,37.46,744.4,30.47,23.19
"2025-12-14 15:25:00",528750,13.4,37.44,744.3,29.95,24.72
"2025-12-14 15:30:00",528751,13.39,37.31,744.3,29.98,23.89
"2025-12-14 15:35:00",528752,13.4,37.23,744.2,30.31,23.91
"2025-12-14 15:40:00",528753,13.4,37.14,744.1,29.46,21.2
"2025-12-14 15:45:00",528754,13.4,36.86,744.1,29.55,22.32
"2025-12-14 15:50:00",528755,13.4,36.45,744,29.23,20.34
"2025-12-14 15:55:00",528756,13.39,35.98,744,29.46,20.57
"2025-12-14 16:00:00",528757,13.39,35.55,743.9,29.51,21.45
"2025-12-14 16:05:00",528758,13.4,35.22,743.8,29.54,20.43
"2025-12-14 16:10:00",528759,13.4,34.98,743.8,29.55,20.65
"2025-12-14 16:15:00",528760,13.4,34.83,743.7,29.55,20.15
"2025-12-14 16:20:00",528761,13.39,34.77,743.7,29.57,21.42
"2025-12-14 16:25:00",528762,13.4,34.78,743.7,29.79,19.82
"2025-12-14 16:30:00",528763,13.4,34.84,743.6,29.83,20.8
"2025-12-14 16:35:00",528764,13.4,34.85,743.6,29.91,20.53
"2025-12-14 16:40:00",528765,13.4,34.86,743.5,29.9,18.98
"2025-12-14 16:45:00",528766,13.4,34.88,743.5,29.91,15.01
"2025-12-14 16:50:00",528767,13.4,35,743.4,30.68,15.05
"2025-12-14 16:55:00",528768,13.4,35.31,743.4,30.84,16.66
"2025-12-14 17:00:00",528769,13.4,35.68,743.3,30.68,17.89
"2025-12-14 17:05:00",528770,13.4,36.01,743.3,30.51,16.96
"2025-12-14 17:10:00",528771,13.4,36.29,743.3,30.25,16.59
"2025-12-14 17:15:00",528772,13.4,36.5,743.3,30.3,16.52
"2025-12-14 17:20:00",528773,13.4,36.66,743.2,30.44,17.31
"2025-12-14 17:25:00",528774,13.4,36.39,743.2,30.92,17.23
"2025-12-14 17:30:00",528775,13.34,36.18,743.2,30.59,17.25
"2025-12-14 17:35:00",528776,13.26,36.07,743.2,30.37,16.74
"2025-12-14 17:40:00",528777,13.21,35.99,743.2,30.71,16.76
"2025-12-14 17:45:00",528778,13.18,35.95,743.2,30.72,17.18
"2025-12-14 17:50:00",528779,13.15,35.91,743.1,30.22,17.02
"2025-12-14 17:55:00",528780,13.13,35.81,743.2,30.58,14.9
"2025-12-14 18:00:00",528781,13.11,35.73,743.1,30.73,15.83
"2025-12-14 18:05:00",528782,13.08,35.67,743.2,30.6,15.76
"2025-12-14 18:10:00",528783,13.06,35.54,743.1,30.44,15.86
"2025-12-14 18:15:00",528784,13.04,35.3,743.2,30.26,15.6
"2025-12-14 18:20:00",528785,13.02,35.04,743.2,30.15,14.02
"2025-12-14 18:25:00",528786,13,34.68,743.2,30.14,15.09
"2025-12-14 18:30:00",528787,12.98,34.39,743.3,30.63,15.12
"2025-12-14 18:35:00",528788,12.96,34.09,743.3,30.46,15.18
"2025-12-14 18:40:00",528789,12.93,33.73,743.3,29.48,15.06
"2025-12-14 18:45:00",528790,12.92,33.27,743.3,28.7,15.17
"2025-12-14 18:50:00",528791,12.9,32.7,743.4,28.22,16.45
"2025-12-14 18:55:00",528792,12.89,32.04,743.4,27.92,17.11
"2025-12-14 19:00:00",528793,12.89,31.4,743.5,27.9,17.88
"2025-12-14 19:05:00",528794,12.88,30.77,743.5,27.8,18.51
"2025-12-14 19:10:00",528795,12.88,30.19,743.5,27.52,20.03
"2025-12-14 19:15:00",528796,12.87,29.68,743.6,26.18,24.87
"2025-12-14 19:20:00",528797,12.87,29.18,743.7,25.5,26.53
"2025-12-14 19:25:00",528798,12.87,28.67,743.8,25.18,25.62
"2025-12-14 19:30:00",528799,12.86,28.19,743.9,25,27.04
"2025-12-14 19:35:00",528800,12.86,27.73,743.9,24.74,28.04
"2025-12-14 19:40:00",528801,12.86,27.34,744,24.48,30.42
"2025-12-14 19:45:00",528802,12.86,27,744.1,24.48,27.58
"2025-12-14 19:50:00",528803,12.85,26.72,744.1,24.55,26.94
"2025-12-14 19:55:00",528804,12.85,26.46,744.2,24.31,27.33
"2025-12-14 20:00:00",528805,12.85,26.21,744.3,24.49,27.96
"2025-12-14 20:05:00",528806,12.84,26.01,744.4,24.08,30.76
"2025-12-14 20:10:00",528807,12.84,25.81,744.4,23.96,31.02
"2025-12-14 20:15:00",528808,12.84,25.6,744.6,23.95,30.61
"2025-12-14 20:20:00",528809,12.84,25.43,744.7,23.69,30.69
"2025-12-14 20:25:00",528810,12.84,25.27,744.8,23.48,29.67
"2025-12-14 20:30:00",528811,12.84,25.06,744.9,23.68,29.65
"2025-12-14 20:35:00",528812,12.83,24.9,744.9,23.61,30.32
"2025-12-14 20:40:00",528813,12.83,24.74,745,23.27,32.83
"2025-12-14 20:45:00",528814,12.84,24.3,745,23.34,32.04
"2025-12-14 20:50:00",528815,12.84,24.02,745,22.65,35.1
"2025-12-14 20:55:00",528816,12.83,23.77,745.1,22.41,35.81
"2025-12-14 21:00:00",528817,12.83,23.55,745.1,22.58,34.1
"2025-12-14 21:05:00",528818,12.83,23.37,745.3,22.49,36.28
"2025-12-14 21:10:00",528819,12.82,23.16,745.4,21.88,38.38
"2025-12-14 21:15:00",528820,12.82,22.94,745.5,21.8,38.05
"2025-12-14 21:20:00",528821,12.82,22.75,745.5,22.39,36.93
"2025-12-14 21:25:00",528822,12.82,22.62,745.5,22.86,35.26
"2025-12-14 21:30:00",528823,12.82,22.51,745.6,22.74,36.17
"2025-12-14 21:35:00",528824,12.82,22.48,745.7,22.55,37.63
"2025-12-14 21:40:00",528825,12.81,22.42,745.7,22.17,38.18
"2025-12-14 21:45:00",528826,12.81,22.32,745.7,22.35,37.71
"2025-12-14 21:50:00",528827,12.81,22.25,745.8,22.54,37.27
"2025-12-14 21:55:00",528828,12.81,22.2,745.8,22.63,36.82
"2025-12-14 22:00:00",528829,12.81,22.16,745.9,22.57,35.76
"2025-12-14 22:05:00",528830,12.81,22.09,746,22.19,36.18
"2025-12-14 22:10:00",528831,12.8,22.04,745.9,21.81,38.05
"2025-12-14 22:15:00",528832,12.8,21.98,746,21.52,38.35
"2025-12-14 22:20:00",528833,12.8,21.89,746,21.79,38.24
"2025-12-14 22:25:00",528834,12.8,21.82,746,21.64,38.81
"2025-12-14 22:30:00",528835,12.8,21.75,746.1,21.42,39.19
"2025-12-14 22:35:00",528836,12.8,21.63,746.2,21.08,40.38
"2025-12-14 22:40:00",528837,12.8,21.5,746.3,20.9,41.24
"2025-12-14 22:45:00",528838,12.8,21.33,746.4,20.95,41.08
"2025-12-14 22:50:00",528839,12.8,21.2,746.3,21.04,41.48
"2025-12-14 22:55:00",528840,12.79,21.08,746.3,21.36,40.64
"2025-12-14 23:00:00",528841,12.79,20.98,746.4,21.39,40.71
"2025-12-14 23:05:00",528842,12.79,20.9,746.4,21.78,39.84
"2025-12-14 23:10:00",528843,12.79,20.92,746.4,22.06,39.45
"2025-12-14 23:15:00",528844,12.79,20.99,746.4,21.77,40.39
"2025-12-14 23:20:00",528845,12.79,21.07,746.5,21.5,41.79
"2025-12-14 23:25:00",528846,12.79,21.09,746.5,21.1,41.42
"2025-12-14 23:30:00",528847,12.79,21.07,746.5,21.13,41.69
"2025-12-14 23:35:00",528848,12.78,21.01,746.5,21.34,41.26
"2025-12-14 23:40:00",528849,12.78,20.97,746.6,21.54,41.47
"2025-12-14 23:45:00",528850,12.78,20.94,746.6,21.45,42.08
"2025-12-14 23:50:00",528851,12.78,20.93,746.7,21.53,42.44
"2025-12-14 23:55:00",528852,12.78,20.93,746.7,21.33,43.74
"2025-12-15 00:00:00",528853,12.78,20.89,746.7,21,44.7
"2025-12-15 00:05:00",528854,12.78,20.82,746.8,20.51,41.36
"2025-12-15 00:10:00",528855,12.78,20.71,746.8,20.36,42.08
"2025-12-15 00:15:00",528856,12.77,20.59,746.8,20.04,43.33
"2025-12-15 00:20:00",528857,12.77,20.43,746.8,19.88,43.15
"2025-12-15 00:25:00",528858,12.77,20.29,746.8,20.17,42
"2025-12-15 00:30:00",528859,12.77,20.19,746.9,20.38,43.59
"2025-12-15 00:35:00",528860,12.77,20.12,746.9,20.8,43.97
"2025-12-15 00:40:00",528861,12.77,20.09,746.9,20.55,43.65
"2025-12-15 00:45:00",528862,12.77,20.04,747,20.41,46.06
"2025-12-15 00:50:00",528863,12.77,20,747,19.83,49.06
"2025-12-15 00:55:00",528864,12.76,19.89,747,19.08,51.62
"2025-12-15 01:00:00",528865,12.76,19.78,747,19.14,51.25
"2025-12-15 01:05:00",528866,12.76,19.66,747,19.36,47.58
"2025-12-15 01:10:00",528867,12.76,19.57,746.9,19.5,45.66
"2025-12-15 01:15:00",528868,12.76,19.51,746.9,18.98,46.2
"2025-12-15 01:20:00",528869,12.76,19.48,746.9,18.65,46
"2025-12-15 01:25:00",528870,12.75,19.35,746.8,18.31,46.72
"2025-12-15 01:30:00",528871,12.75,19.17,746.7,18.23,48.41
"2025-12-15 01:35:00",528872,12.75,19.03,746.7,18.18,49.78
"2025-12-15 01:40:00",528873,12.75,18.89,746.7,18.3,51.51
"2025-12-15 01:45:00",528874,12.75,18.78,746.6,18.64,52.08
"2025-12-15 01:50:00",528875,12.75,18.69,746.7,18.71,51.85
"2025-12-15 01:55:00",528876,12.74,18.59,746.7,18.16,51.8
"2025-12-15 02:00:00",528877,12.74,18.5,746.7,17.76,55.65
"2025-12-15 02:05:00",528878,12.74,18.4,746.8,17.71,57.11
"2025-12-15 02:10:00",528879,12.74,18.29,746.7,17.6,56.85
"2025-12-15 02:15:00",528880,12.73,18.16,746.8,17.23,56.67
"2025-12-15 02:20:00",528881,12.73,18.04,746.8,17.45,57.77
"2025-12-15 02:25:00",528882,12.73,17.93,746.9,17.43,56.28
"2025-12-15 02:30:00",528883,12.73,17.85,746.8,17.57,54.46
"2025-12-15 02:35:00",528884,12.73,17.8,746.8,17.89,53.77
"2025-12-15 02:40:00",528885,12.72,17.81,746.7,17.89,53.09
"2025-12-15 02:45:00",528886,12.72,17.82,746.8,17.98,52.8
"2025-12-15 02:50:00",528887,12.72,17.82,746.8,17.91,53
"2025-12-15 02:55:00",528888,12.71,17.82,746.8,17.69,53.5
"2025-12-15 03:00:00",528889,12.71,17.8,746.8,17.45,53.21
"2025-12-15 03:05:00",528890,12.71,17.77,746.7,17.24,52.94
"2025-12-15 03:10:00",528891,12.71,17.7,746.7,17.2,52.69
"2025-12-15 03:15:00",528892,12.7,17.6,746.7,17.4,54.28
"2025-12-15 03:20:00",528893,12.7,17.53,746.7,17.38,53.7
"2025-12-15 03:25:00",528894,12.69,17.48,746.7,17.31,53.99
"2025-12-15 03:30:00",528895,12.69,17.42,746.7,17.07,58.11
"2025-12-15 03:35:00",528896,12.69,17.33,746.7,16.59,59.03
"2025-12-15 03:40:00",528897,12.69,17.21,746.7,16.64,58.71
"2025-12-15 03:45:00",528898,12.68,17.12,746.8,16.8,58.13
"2025-12-15 03:50:00",528899,12.68,17.03,746.8,16.49,60.25
"2025-12-15 03:55:00",528900,12.68,16.92,746.8,16.39,61.87
"2025-12-15 04:00:00",528901,12.68,16.8,746.8,16.33,62.58
"2025-12-15 04:05:00",528902,12.67,16.97,746.9,16.25,63.31
"2025-12-15 04:10:00",528903,12.66,16.97,746.9,15.92,64.2
"2025-12-15 04:15:00",528904,12.66,16.89,747,15.78,65.2
"2025-12-15 04:20:00",528905,12.66,16.82,747,16.14,63.94
"2025-12-15 04:25:00",528906,12.66,16.77,747,16.33,62.99
"2025-12-15 04:30:00",528907,12.66,16.73,746.9,16.5,62.1
"2025-12-15 04:35:00",528908,12.65,16.72,747,16.4,60.65
"2025-12-15 04:40:00",528909,12.65,16.73,747.1,16.3,60.09
"2025-12-15 04:45:00",528910,12.65,16.75,747.1,16.25,59.76
"2025-12-15 04:50:00",528911,12.65,16.76,747.1,16.1,59.88
"2025-12-15 04:55:00",528912,12.64,16.75,747.1,16.16,59.83
"2025-12-15 05:00:00",528913,12.64,16.73,747.2,16.17,58.81
"2025-12-15 05:05:00",528914,12.64,16.65,747.1,16.25,57.92
"2025-12-15 05:10:00",528915,12.64,16.59,747.2,16.31,57.69
"2025-12-15 05:15:00",528916,12.64,16.56,747.2,16.17,59.17
"2025-12-15 05:20:00",528917,12.63,16.48,747.3,15.86,60.11
"2025-12-15 05:25:00",528918,12.63,16.38,747.3,15.8,60.97
"2025-12-15 05:30:00",528919,12.63,16.31,747.3,15.66,61.63
"2025-12-15 05:35:00",528920,12.62,16.23,747.4,15.52,63.92
"2025-12-15 05:40:00",528921,12.62,16.2,747.5,15.32,67.72
"2025-12-15 05:45:00",528922,12.62,16.17,747.6,15.19,68.54
"2025-12-15 05:50:00",528923,12.63,16.13,747.7,14.98,68.59
"2025-12-15 05:55:00",528924,12.63,16.05,747.8,14.77,69.42
"2025-12-15 06:00:00",528925,12.64,15.97,747.9,14.8,69.42
"2025-12-15 06:05:00",528926,12.66,15.89,748,14.86,69.05
"2025-12-15 06:10:00",528927,12.67,15.88,748.1,15.18,68.48
"2025-12-15 06:15:00",528928,12.71,15.89,748.2,15.44,66.75
"2025-12-15 06:20:00",528929,12.77,16.01,748.2,16.57,61.78
"2025-12-15 06:25:00",528930,12.85,16.24,748.4,17.97,55.63
"2025-12-15 06:30:00",528931,12.91,16.66,748.4,19.03,53.25
"2025-12-15 06:35:00",528932,13.02,17.19,748.4,19.72,51.11
"2025-12-15 06:40:00",528933,13.07,17.78,748.5,20.17,49.73
"2025-12-15 06:45:00",528934,13.05,18.34,748.6,19.65,51.45
"2025-12-15 06:50:00",528935,13.12,18.87,748.6,19.05,53.41
"2025-12-15 06:55:00",528936,13.21,19.42,748.7,19.62,50.75
"2025-12-15 07:00:00",528937,13.56,20.19,748.7,19.96,48.95
"2025-12-15 07:05:00",528938,13.51,20.96,748.7,20.32,47.22
"2025-12-15 07:10:00",528939,13.78,21.74,748.7,20.91,46.92
"2025-12-15 07:15:00",528940,13.76,22.88,748.7,21.78,43.44
"2025-12-15 07:20:00",528941,13.67,24.25,748.8,21.6,45.6
"2025-12-15 07:25:00",528942,13.65,25.15,748.8,21.59,44.77
"2025-12-15 07:30:00",528943,13.62,25.89,748.9,22.19,44.29
"2025-12-15 07:35:00",528944,13.62,26.58,748.9,22.52,44.91
"2025-12-15 07:40:00",528945,13.6,27.19,748.9,23.47,43.12
"2025-12-15 07:45:00",528946,13.6,27.79,749,22.84,44.72
"2025-12-15 07:50:00",528947,13.57,28.33,749,23.24,44.22
"2025-12-15 07:55:00",528948,13.57,28.85,749.1,23.37,44.66
"2025-12-15 08:00:00",528949,13.55,29.32,749.1,22.81,46.58
"2025-12-15 08:05:00",528950,13.54,29.69,749.1,23.05,46.48
"2025-12-15 08:10:00",528951,13.55,30,749.1,22.52,47.79
"2025-12-15 08:15:00",528952,13.55,30.16,749.2,23.67,45.14
"2025-12-15 08:20:00",528953,13.52,30.43,749.2,23.53,44.54
"2025-12-15 08:25:00",528954,13.53,30.75,749.1,24.07,44.29
"2025-12-15 08:30:00",528955,13.53,31.12,749.2,24.75,42.03
"2025-12-15 08:35:00",528956,13.53,31.51,749.1,23.83,46.38
"2025-12-15 08:40:00",528957,13.5,31.69,749.1,23.55,45.9
"2025-12-15 08:45:00",528958,13.5,31.78,749.1,23.05,46.45
"2025-12-15 08:50:00",528959,13.5,31.94,749.1,24.93,41.75
"2025-12-15 08:55:00",528960,13.5,32.29,749.1,24.99,42.15
"2025-12-15 09:00:00",528961,13.5,32.67,749,25.01,41.07
"2025-12-15 09:05:00",528962,13.48,33,749,25.08,41.41
"2025-12-15 09:10:00",528963,13.48,33.3,749,24.85,42.2
"2025-12-15 09:15:00",528964,13.48,33.62,749,24.72,42.64
"2025-12-15 09:20:00",528965,13.46,33.93,748.9,24.29,43.34
"2025-12-15 09:25:00",528966,13.46,34.17,748.9,24.74,41.24
"2025-12-15 09:30:00",528967,13.46,34.45,748.8,26.09,38.55
"2025-12-15 09:35:00",528968,13.46,34.82,748.8,26.34,36.69
"2025-12-15 09:40:00",528969,13.44,35.18,748.8,26.53,34.94
"2025-12-15 09:45:00",528970,13.44,35.54,748.8,25.32,37.62
"2025-12-15 09:50:00",528971,13.44,35.75,748.7,26.22,34.04
"2025-12-15 09:55:00",528972,13.44,35.96,748.7,25.94,34.08
"2025-12-15 10:00:00",528973,13.44,36.15,748.6,26.93,30.53
"2025-12-15 10:05:00",528974,13.41,36.4,748.5,28.12,28.85
"2025-12-15 10:10:00",528975,13.41,36.76,748.5,28.06,27.89
"2025-12-15 10:15:00",528976,13.42,37.12,748.4,27.42,27.23
"2025-12-15 10:20:00",528977,13.41,37.32,748.4,27.05,28.09
"2025-12-15 10:25:00",528978,13.39,37.47,748.3,26.74,27.99
"2025-12-15 10:30:00",528979,13.39,37.56,748.2,26.24,28.77
"2025-12-15 10:35:00",528980,13.39,37.56,748.2,27.45,27.43
"2025-12-15 10:40:00",528981,13.39,37.64,748.1,28.12,24.31
"2025-12-15 10:45:00",528982,13.39,37.75,748,27.42,25.23
"2025-12-15 10:50:00",528983,13.39,37.8,748,27.88,22.77
"2025-12-15 10:55:00",528984,13.39,37.94,747.9,28.38,23.71
"2025-12-15 11:00:00",528985,13.39,38.05,747.9,28.1,24.59
"2025-12-15 11:05:00",528986,13.39,38.1,747.8,28.18,22.93
"2025-12-15 11:10:00",528987,13.39,38.12,747.7,28.33,24.81
"2025-12-15 11:15:00",528988,13.39,38.2,747.7,29.26,23.91
"2025-12-15 11:20:00",528989,13.39,38.33,747.7,28.1,24.35
"2025-12-15 11:25:00",528990,13.39,38.42,747.6,28.67,24.21
"2025-12-15 11:30:00",528991,13.39,38.43,747.5,28.09,25.07
"2025-12-15 11:35:00",528992,13.39,38.44,747.4,28.66,22.55
"2025-12-15 11:40:00",528993,13.39,38.47,747.2,28.72,25.46
"2025-12-15 11:45:00",528994,13.39,38.55,747.1,28.95,24.58
"2025-12-15 11:50:00",528995,13.39,38.6,747.1,29.22,26.26
"2025-12-15 11:55:00",528996,13.39,38.69,747,30.14,24.66
"2025-12-15 12:00:00",528997,13.39,38.69,746.9,29.24,24.95
"2025-12-15 12:05:00",528998,13.39,38.32,746.9,27.64,27.31
"2025-12-15 12:10:00",528999,13.39,37.73,746.8,27.94,26.65
"2025-12-15 12:15:00",529000,13.39,37.15,746.7,28.06,25.93
"2025-12-15 12:20:00",529001,13.39,36.67,746.6,29.01,25.55
"2025-12-15 12:25:00",529002,13.39,36.33,746.6,29.26,25.09
"2025-12-15 12:30:00",529003,13.39,36.13,746.5,29.02,27
"2025-12-15 12:35:00",529004,13.39,36.05,746.4,29.87,25.13
"2025-12-15 12:40:00",529005,13.39,36.01,746.3,29.34,25.51
"2025-12-15 12:45:00",529006,13.39,35.91,746.2,27.63,26.97
"2025-12-15 12:50:00",529007,13.39,35.67,746.2,27.59,28.06
"2025-12-15 12:55:00",529008,13.39,35.41,746.1,28.09,25.73
"2025-12-15 13:00:00",529009,13.39,35.22,746,27.67,26.39
"2025-12-15 13:05:00",529010,13.39,35.08,746,28.85,27.13
"2025-12-15 13:10:00",529011,13.39,35.02,745.9,27.56,29.7
"2025-12-15 13:15:00",529012,13.39,34.83,745.9,27.13,29.59
"2025-12-15 13:20:00",529013,13.39,34.51,745.9,26.86,30.15
"2025-12-15 13:25:00",529014,13.39,34.07,745.9,26.96,30.6
"2025-12-15 13:30:00",529015,13.39,33.66,746,26.49,29.2
"2025-12-15 13:35:00",529016,13.42,33.25,745.9,26.43,26.26
"2025-12-15 13:40:00",529017,13.42,32.83,745.9,26.32,23.33
"2025-12-15 13:45:00",529018,13.42,32.42,745.8,25.98,24.17
"2025-12-15 13:50:00",529019,13.42,32.02,745.9,25.88,23.2
"2025-12-15 13:55:00",529020,13.44,31.63,745.8,25.86,22.92
"2025-12-15 14:00:00",529021,13.44,31.32,745.9,25.86,20.98
"2025-12-15 14:05:00",529022,13.46,31.07,746,25.69,21.45
"2025-12-15 14:10:00",529023,13.46,30.9,746,25.92,20.7
"2025-12-15 14:15:00",529024,13.47,30.75,745.9,25.99,21.02
"2025-12-15 14:20:00",529025,13.46,30.66,745.8,26.3,20.59
"2025-12-15 14:25:00",529026,13.47,30.6,745.9,26.55,19.91
"2025-12-15 14:30:00",529027,13.47,30.56,745.8,27.19,18.48
"2025-12-15 14:35:00",529028,13.47,30.58,745.6,27.1,19.17
"2025-12-15 14:40:00",529029,13.47,30.63,745.7,27.05,19.1
"2025-12-15 14:45:00",529030,13.46,30.68,745.7,26.98,18.6
"2025-12-15 14:50:00",529031,13.47,30.74,745.7,26.61,20.15
"2025-12-15 14:55:00",529032,13.47,30.74,745.7,26.23,21.49
"2025-12-15 15:00:00",529033,13.47,30.69,745.7,25.97,22.13
"2025-12-15 15:05:00",529034,13.47,30.61,745.7,25.96,21.61
"2025-12-15 15:10:00",529035,13.47,30.56,745.7,25.94,21.99
"2025-12-15 15:15:00",529036,13.47,30.51,745.5,25.95,21.96
"2025-12-15 15:20:00",529037,13.47,30.51,745.2,25.99,23
"2025-12-15 15:25:00",529038,13.47,30.51,745,26.23,22.49
"2025-12-15 15:30:00",529039,13.47,30.55,744.8,26.55,21.65
"2025-12-15 15:35:00",529040,13.47,30.65,744.8,27,21.01
"2025-12-15 15:40:00",529041,13.47,30.83,744.7,27.23,20.16
"2025-12-15 15:45:00",529042,13.47,31.02,744.6,27.69,18.85
"2025-12-15 15:50:00",529043,13.47,31.3,744.6,27.98,19.64
"2025-12-15 15:55:00",529044,13.47,31.58,744.6,27.79,19.98
"2025-12-15 16:00:00",529045,13.47,31.82,744.6,27.35,20.93
"2025-12-15 16:05:00",529046,13.47,32,744.4,27.61,21.16
"2025-12-15 16:10:00",529047,13.47,32.19,744.3,28.11,20.7
"2025-12-15 16:15:00",529048,13.47,32.47,744.3,28.98,19.28
"2025-12-15 16:20:00",529049,13.47,32.85,744.2,29.18,19.01
"2025-12-15 16:25:00",529050,13.47,33.32,744.1,29.58,18.75
"2025-12-15 16:30:00",529051,13.47,33.86,744,30.32,18.01
"2025-12-15 16:35:00",529052,13.47,34.49,743.9,31.1,17.49
"2025-12-15 16:40:00",529053,13.45,35.13,743.9,30.44,16.82
"2025-12-15 16:45:00",529054,13.43,35.66,743.9,30.49,17.38
"2025-12-15 16:50:00",529055,13.43,36.11,743.9,29.85,17.99
"2025-12-15 16:55:00",529056,13.43,36.33,743.9,29.38,19.3
"2025-12-15 17:00:00",529057,13.43,36.37,743.9,29.25,18.73
"2025-12-15 17:05:00",529058,13.43,36.3,743.8,29.04,18.93
"2025-12-15 17:10:00",529059,13.43,36.22,743.9,29.21,19.54
"2025-12-15 17:15:00",529060,13.43,36.07,743.9,28.57,20.24
"2025-12-15 17:20:00",529061,13.43,35.92,743.8,29.09,20.69
"2025-12-15 17:25:00",529062,13.43,35.81,743.8,28.93,19.34
"2025-12-15 17:30:00",529063,13.41,35.22,743.8,28.62,19.89
"2025-12-15 17:35:00",529064,13.33,34.69,743.8,28.77,20.67
"2025-12-15 17:40:00",529065,13.21,34.24,743.8,28.46,23.54
"2025-12-15 17:45:00",529066,13.19,33.81,743.8,28.04,24.1
"2025-12-15 17:50:00",529067,13.14,33.35,743.8,27.89,24.99
"2025-12-15 17:55:00",529068,13.11,32.84,743.9,27.5,26.06
"2025-12-15 18:00:00",529069,13.07,32.3,743.9,27.12,25.8
"2025-12-15 18:05:00",529070,13.03,31.72,743.9,26.89,25.81
"2025-12-15 18:10:00",529071,13,31.12,743.9,26.7,27.44
"2025-12-15 18:15:00",529072,12.97,30.55,743.9,26.34,27.69
"2025-12-15 18:20:00",529073,12.95,30,744,26.08,28.35
"2025-12-15 18:25:00",529074,12.94,29.51,744,26.3,28.64
"2025-12-15 18:30:00",529075,12.94,29.11,744.1,26.19,29.52
"2025-12-15 18:35:00",529076,12.92,28.79,744.1,26.26,27.62
"2025-12-15 18:40:00",529077,12.91,28.57,744.2,25.78,29.55
"2025-12-15 18:45:00",529078,12.89,28.3,744.3,25.4,29.52
"2025-12-15 18:50:00",529079,12.88,28.03,744.4,25.07,31.72
"2025-12-15 18:55:00",529080,12.86,27.72,744.5,24.9,33.88
"2025-12-15 19:00:00",529081,12.86,27.39,744.6,24.75,35.54
"2025-12-15 19:05:00",529082,12.85,27.03,744.6,24.48,37.13
"2025-12-15 19:10:00",529083,12.85,26.7,744.7,24.17,38.69
"2025-12-15 19:15:00",529084,12.85,26.4,744.8,23.77,40.42
"2025-12-15 19:20:00",529085,12.84,26.09,744.9,23.49,41.4
"2025-12-15 19:25:00",529086,12.84,25.79,744.9,23.45,42.69
"2025-12-15 19:30:00",529087,12.84,25.54,745,23.31,43.36
"2025-12-15 19:35:00",529088,12.83,25.3,745.1,23.15,44.02
"2025-12-15 19:40:00",529089,12.83,25.02,745.1,22.94,44.86
"2025-12-15 19:45:00",529090,12.83,24.79,745.3,22.77,45.52
"2025-12-15 19:50:00",529091,12.83,24.57,745.4,22.48,46.73
"2025-12-15 19:55:00",529092,12.82,24.35,745.5,22.45,46.85
"2025-12-15 20:00:00",529093,12.82,24.14,745.5,22.31,46.87
"2025-12-15 20:05:00",529094,12.82,23.93,745.7,22,47.15
"2025-12-15 20:10:00",529095,12.82,23.75,745.8,22.01,47.12
"2025-12-15 20:15:00",529096,12.81,23.56,745.9,22.37,46.3
"2025-12-15 20:20:00",529097,12.81,23.42,746,22.19,46.79
"2025-12-15 20:25:00",529098,12.81,23.27,746.1,22.03,47.12
"2025-12-15 20:30:00",529099,12.81,23.13,746.2,22.42,46.53
"2025-12-15 20:35:00",529100,12.81,23.05,746.3,22.17,46.5
"2025-12-15 20:40:00",529101,12.8,22.99,746.4,22.25,46.25
"2025-12-15 20:45:00",529102,12.8,22.94,746.7,21.6,48.91
"2025-12-15 20:50:00",529103,12.8,22.82,746.8,21.59,47.99
"2025-12-15 20:55:00",529104,12.8,22.73,746.9,22.07,46.42
"2025-12-15 21:00:00",529105,12.8,22.67,747,22.2,47.3
"2025-12-15 21:05:00",529106,12.79,22.66,747.1,22.1,49.76
"2025-12-15 21:10:00",529107,12.8,22.66,747.1,22.26,50.83
"2025-12-15 21:15:00",529108,12.79,22.68,747.3,21.97,52.33
"2025-12-15 21:20:00",529109,12.79,22.69,747.4,21.73,52.79
"2025-12-15 21:25:00",529110,12.79,22.66,747.5,21.85,52.22
"2025-12-15 21:30:00",529111,12.79,22.63,747.6,21.77,51.86
"2025-12-15 21:35:00",529112,12.79,22.61,747.6,21.63,51.12
"2025-12-15 21:40:00",529113,12.79,22.55,747.6,21.41,51.4
"2025-12-15 21:45:00",529114,12.79,22.47,747.8,21.21,51.47
"2025-12-15 21:50:00",529115,12.79,22.37,747.9,21.16,51.37
"2025-12-15 21:55:00",529116,12.79,22.29,747.9,21.08,51.42
"2025-12-15 22:00:00",529117,12.8,22.18,748,20.97,51.75
"2025-12-15 22:05:00",529118,12.79,22.08,748.2,20.96,51.34
"2025-12-15 22:10:00",529119,12.79,22.01,748.3,21.13,49.6
"2025-12-15 22:15:00",529120,12.79,21.94,748.2,21.04,49.72
"2025-12-15 22:20:00",529121,12.79,21.9,748.2,20.88,49.98
"2025-12-15 22:25:00",529122,12.79,21.85,748.2,21.04,49.53
"2025-12-15 22:30:00",529123,12.79,21.83,748.1,21.14,46.44
"2025-12-15 22:35:00",529124,12.79,21.83,748,21.56,45.59
"2025-12-15 22:40:00",529125,12.79,21.85,747.9,21.19,47.65
"2025-12-15 22:45:00",529126,12.78,21.86,747.8,21.23,48
"2025-12-15 22:50:00",529127,12.79,21.85,748,21.37,45.7
"2025-12-15 22:55:00",529128,12.78,21.87,748.3,21.34,46.59
"2025-12-15 23:00:00",529129,12.78,21.89,748.7,21.37,47.04
"2025-12-15 23:05:00",529130,12.78,21.94,748.7,21.27,48.36
"2025-12-15 23:10:00",529131,12.78,22,748.3,21.13,49.76
"2025-12-15 23:15:00",529132,12.78,22.04,748.4,20.94,51.65
"2025-12-15 23:20:00",529133,12.78,22.06,748.3,20.96,51.75
"2025-12-15 23:25:00",529134,12.78,22.07,748.4,20.85,52.98
"2025-12-15 23:30:00",529135,12.78,22.07,748.5,20.71,53.12
"2025-12-15 23:35:00",529136,12.77,22.06,748.4,20.73,52.97
"2025-12-15 23:40:00",529137,12.77,22.07,748.3,20.77,52.29
"2025-12-15 23:45:00",529138,12.77,22.07,748.1,20.62,53.36
"2025-12-15 23:50:00",529139,12.77,22.06,748,20.75,52.5
"2025-12-15 23:55:00",529140,12.77,21.93,747.9,20.62,53.79
"2025-12-16 00:00:00",529141,12.77,21.86,747.7,20.36,54.13
"2025-12-16 00:05:00",529142,12.77,21.78,747.8,20.25,54.64
"2025-12-16 00:10:00",529143,12.77,21.72,748,20.18,55.12
"2025-12-16 00:15:00",529144,12.77,21.67,748.1,20.17,55.43
"2025-12-16 00:20:00",529145,12.77,21.63,748.1,20.18,55.55
"2025-12-16 00:25:00",529146,12.76,21.58,747.9,20.25,55.35
"2025-12-16 00:30:00",529147,12.76,21.58,747.9,20.24,55.35
"2025-12-16 00:35:00",529148,12.76,21.56,747.9,20.26,55.38
"2025-12-16 00:40:00",529149,12.76,21.54,748,20.31,55.23
"2025-12-16 00:45:00",529150,12.76,21.54,747.8,20.41,55.06
"2025-12-16 00:50:00",529151,12.76,21.53,747.5,20.3,55.85
"2025-12-16 00:55:00",529152,12.76,21.53,747.4,19.97,56.88
"2025-12-16 01:00:00",529153,12.75,21.49,747.5,20.01,57.13
"2025-12-16 01:05:00",529154,12.75,21.45,747.4,19.98,57.09
"2025-12-16 01:10:00",529155,12.75,21.41,747.3,19.86,57.68
"2025-12-16 01:15:00",529156,12.75,21.36,747.4,19.79,58.22
"2025-12-16 01:20:00",529157,12.75,21.31,747.5,19.82,58.05
"2025-12-16 01:25:00",529158,12.74,21.27,747.6,19.92,58.12
"2025-12-16 01:30:00",529159,12.74,21.26,747.7,20.05,57.41
"2025-12-16 01:35:00",529160,12.74,21.23,747.8,20.02,57.99
"2025-12-16 01:40:00",529161,12.74,21.21,747.9,19.9,58.67
"2025-12-16 01:45:00",529162,12.74,21.18,747.8,19.78,59.2
"2025-12-16 01:50:00",529163,12.74,21.16,747.6,19.78,58.98
"2025-12-16 01:55:00",529164,12.73,21.07,747.4,19.73,59.4
"2025-12-16 02:00:00",529165,12.73,21.01,747.1,19.78,59.07
"2025-12-16 02:05:00",529166,12.73,20.98,747,19.92,58.03
"2025-12-16 02:10:00",529167,12.73,20.95,747.2,20.01,57.65
"2025-12-16 02:15:00",529168,12.72,20.92,747.2,19.96,58.22
"2025-12-16 02:20:00",529169,12.72,20.92,747,19.74,59.34
"2025-12-16 02:25:00",529170,12.72,20.92,747.1,19.66,59.76
"2025-12-16 02:30:00",529171,12.72,20.91,747.2,19.5,60.4
"2025-12-16 02:35:00",529172,12.72,20.9,747.3,19.52,61.16
"2025-12-16 02:40:00",529173,12.71,20.91,747.4,19.22,62.19
"2025-12-16 02:45:00",529174,12.71,20.89,747.5,19.07,62.77
"2025-12-16 02:50:00",529175,12.71,20.88,747.6,19.08,62.8
"2025-12-16 02:55:00",529176,12.7,20.88,747.9,18.91,64.38
"2025-12-16 03:00:00",529177,12.7,20.8,748.1,17.63,59.31
"2025-12-16 03:05:00",529178,12.7,20.25,748.1,14.62,75.17
"2025-12-16 03:10:00",529179,12.69,19.14,748.5,13.95,79.21
"2025-12-16 03:15:00",529180,12.69,18.02,748.7,13.83,77.13
"2025-12-16 03:20:00",529181,12.68,17.05,749.2,12.98,83.5
"2025-12-16 03:25:00",529182,12.68,16.21,749.6,11.93,89.1
"2025-12-16 03:30:00",529183,12.67,15.48,749.9,11.59,91.1
"2025-12-16 03:35:00",529184,12.66,14.86,750.1,11.47,90.7
"2025-12-16 03:40:00",529185,12.66,14.36,750.1,11.69,87.7
"2025-12-16 03:45:00",529186,12.65,13.93,750.3,11.86,88.6
"2025-12-16 03:50:00",529187,12.65,13.64,750.4,11.65,91.1
"2025-12-16 03:55:00",529188,12.64,13.43,750.7,11.92,91.5
"2025-12-16 04:00:00",529189,12.64,13.35,751,12.11,91.7
"2025-12-16 04:05:00",529190,12.63,13.32,751.3,12.22,91
"2025-12-16 04:10:00",529191,12.63,13.3,751.6,12.12,89.5
"2025-12-16 04:15:00",529192,12.63,13.3,751.6,12.22,90.5
"2025-12-16 04:20:00",529193,12.62,13.29,751.6,12.2,90.4
"2025-12-16 04:25:00",529194,12.62,13.29,751.5,11.92,88.2
"2025-12-16 04:30:00",529195,12.62,13.26,751.5,12.2,89.7
"2025-12-16 04:35:00",529196,12.61,13.23,751.6,12.41,89.6
"2025-12-16 04:40:00",529197,12.61,13.23,751.7,12,90.3
"2025-12-16 04:45:00",529198,12.6,13.22,751.6,11.88,92.5
"2025-12-16 04:50:00",529199,12.6,13.2,751.6,12.02,93.8
"2025-12-16 04:55:00",529200,12.6,13.22,751.7,12.07,93.2
"2025-12-16 05:00:00",529201,12.6,13.22,751.7,12.21,93.7
"2025-12-16 05:05:00",529202,12.59,13.23,751.8,12.35,94.1
"2025-12-16 05:10:00",529203,12.59,13.26,751.8,12.37,93.9
"2025-12-16 05:15:00",529204,12.59,13.32,751.9,12.32,93.4
"2025-12-16 05:20:00",529205,12.58,13.36,752,12.28,93.6
"2025-12-16 05:25:00",529206,12.58,13.38,752,12.17,93.5
"2025-12-16 05:30:00",529207,12.58,13.39,752,12.21,93.1
"2025-12-16 05:35:00",529208,12.58,13.41,752.1,12.49,94.4
"2025-12-16 05:40:00",529209,12.58,13.43,752,12.32,93.6
"2025-12-16 05:45:00",529210,12.57,13.47,752,12.24,93.4
"2025-12-16 05:50:00",529211,12.57,13.52,752.1,12.19,93.3
"2025-12-16 05:55:00",529212,12.57,13.52,752.1,12.15,93.1
"2025-12-16 06:00:00",529213,12.57,13.56,752.1,12.46,93.6
"2025-12-16 06:05:00",529214,12.57,13.65,752.1,12.5,93.2
"2025-12-16 06:10:00",529215,12.58,13.63,752.1,12.57,93.4
"2025-12-16 06:15:00",529216,12.58,13.6,752.2,12.46,93.2
"2025-12-16 06:20:00",529217,12.58,13.6,752.3,12.5,93.9
"2025-12-16 06:25:00",529218,12.58,13.59,752.3,12.44,94.4
"2025-12-16 06:30:00",529219,12.59,13.61,752.4,12.4,94.8
"2025-12-16 06:35:00",529220,12.59,13.64,752.5,12.4,94.7
"2025-12-16 06:40:00",529221,12.59,13.64,752.5,12.25,94.2
"2025-12-16 06:45:00",529222,12.61,13.66,752.5,12.11,93.7
"2025-12-16 06:50:00",529223,12.62,13.67,752.6,12.31,94.3
"2025-12-16 06:55:00",529224,12.63,13.7,752.6,12.27,93.7
"2025-12-16 07:00:00",529225,12.64,13.74,752.6,12.49,93.8
"2025-12-16 07:05:00",529226,12.64,13.77,752.7,12.49,93.2
"2025-12-16 07:10:00",529227,12.66,13.79,752.7,12.48,92.5
"2025-12-16 07:15:00",529228,12.68,13.83,752.7,12.58,92.8
"2025-12-16 07:20:00",529229,12.72,13.88,752.7,12.59,93
"2025-12-16 07:25:00",529230,12.78,13.94,752.7,12.61,93.2
"2025-12-16 07:30:00",529231,12.86,14.01,752.8,12.61,92.7
"2025-12-16 07:35:00",529232,12.96,14.06,752.7,12.72,91.1
"2025-12-16 07:40:00",529233,13.09,14.13,752.7,12.9,91.5
"2025-12-16 07:45:00",529234,13.24,14.22,752.7,12.9,89.8
"2025-12-16 07:50:00",529235,13.36,14.3,752.7,13.06,90.4
"2025-12-16 07:55:00",529236,13.45,14.42,752.7,13.06,88.7
"2025-12-16 08:00:00",529237,13.55,14.54,752.7,13.14,87.5
"2025-12-16 08:05:00",529238,13.66,14.69,752.8,13.36,87.5
"2025-12-16 08:10:00",529239,13.71,14.87,752.8,13.28,86.6
"2025-12-16 08:15:00",529240,13.73,15,752.9,13.63,87.5
"2025-12-16 08:20:00",529241,13.67,15.06,752.9,13.64,86.3
"2025-12-16 08:25:00",529242,13.71,15.19,752.9,13.64,86.4
"2025-12-16 08:30:00",529243,13.69,15.33,752.9,13.49,86.7
"2025-12-16 08:35:00",529244,13.66,15.42,752.9,13.8,88
"2025-12-16 08:40:00",529245,13.68,15.53,752.9,13.68,87.7
"2025-12-16 08:45:00",529246,13.55,15.62,753,13.75,85.4
"2025-12-16 08:50:00",529247,13.49,15.64,753,13.69,87.1
"2025-12-16 08:55:00",529248,13.53,15.74,752.9,13.86,85.5
"2025-12-16 09:00:00",529249,13.44,15.81,753,13.93,86.7
"2025-12-16 09:05:00",529250,13.37,15.85,753.1,14,85.4
"2025-12-16 09:10:00",529251,13.35,15.92,753.1,13.95,87.3
"2025-12-16 09:15:00",529252,13.31,15.96,753.1,13.9,84.5
"2025-12-16 09:20:00",529253,13.34,16.02,753,14.01,85.1
"2025-12-16 09:25:00",529254,13.36,16.08,753,14.09,83.8
"2025-12-16 09:30:00",529255,13.34,16.04,753.1,14.08,83.9
"2025-12-16 09:35:00",529256,13.32,16.03,753.1,14.07,82.9
"2025-12-16 09:40:00",529257,13.33,16.04,753.2,13.97,82.8
"2025-12-16 09:45:00",529258,13.34,16.05,753.2,14.09,83.2
"2025-12-16 09:50:00",529259,13.36,16.1,753.2,14.21,81.6
"2025-12-16 09:55:00",529260,13.43,16.15,753.2,14.13,81.2
"2025-12-16 10:00:00",529261,13.56,16.24,753.1,14.22,81
"2025-12-16 10:05:00",529262,13.65,16.35,753.1,14.18,80.9
"2025-12-16 10:10:00",529263,13.92,16.53,753,14.34,79.69
"2025-12-16 10:15:00",529264,13.79,17.52,753,14.7,80.5
"2025-12-16 10:20:00",529265,13.8,18.01,753,14.88,78.55
"2025-12-16 10:25:00",529266,13.8,18.31,753,14.88,77.38
"2025-12-16 10:30:00",529267,13.79,17.97,752.9,14.81,78.18
"2025-12-16 10:35:00",529268,13.78,17.64,752.9,14.89,80.9
"2025-12-16 10:40:00",529269,13.92,17.53,752.8,14.54,80.3
"2025-12-16 10:45:00",529270,13.8,18.23,752.7,14.46,81.7
"2025-12-16 10:50:00",529271,13.77,18.57,752.6,14.55,81.9
"2025-12-16 10:55:00",529272,13.77,18.73,752.4,14.81,82.3
"2025-12-16 11:00:00",529273,13.77,18.88,752.4,15.26,81.9
"2025-12-16 11:05:00",529274,13.77,19.02,752.5,15.26,77.13
"2025-12-16 11:10:00",529275,13.76,19.09,752.6,15.26,75.24
"2025-12-16 11:15:00",529276,13.72,18.63,752.7,15.14,74.4
"2025-12-16 11:20:00",529277,13.66,18.45,752.7,15.07,78.37
"2025-12-16 11:25:00",529278,13.6,18.14,752.8,14.79,77.76
"2025-12-16 11:30:00",529279,13.74,18.02,752.8,14.81,76.5
"2025-12-16 11:35:00",529280,13.77,18.47,752.8,15.11,77.32
"2025-12-16 11:40:00",529281,13.77,18.95,752.9,15.33,76.16
"2025-12-16 11:45:00",529282,13.77,19.16,752.9,15.27,72.6
"2025-12-16 11:50:00",529283,13.77,19.3,753,15.54,74.45
"2025-12-16 11:55:00",529284,13.77,19.45,753,15.76,74.33
"2025-12-16 12:00:00",529285,13.74,19.56,753,15.65,74.76
"2025-12-16 12:05:00",529286,13.74,19.65,753.1,15.4,75.19
"2025-12-16 12:10:00",529287,13.74,19.71,753.1,15.29,74.94
"2025-12-16 12:15:00",529288,13.74,19.73,753,15.26,75.1
"2025-12-16 12:20:00",529289,13.74,19.71,753,15.32,76.16
"2025-12-16 12:25:00",529290,13.75,19.72,752.9,15.42,73.77
"2025-12-16 12:30:00",529291,13.74,19.75,752.8,15.67,73.51
"2025-12-16 12:35:00",529292,13.75,19.83,752.8,15.61,71.79
"2025-12-16 12:40:00",529293,13.75,19.9,752.8,15.82,72.34
"2025-12-16 12:45:00",529294,13.75,20,752.7,15.46,73.04
"2025-12-16 12:50:00",529295,13.75,20.03,752.6,15.79,74.79
"2025-12-16 12:55:00",529296,13.74,20.09,752.6,15.86,74.77
"2025-12-16 13:00:00",529297,13.75,20.14,752.5,15.9,72.9
"2025-12-16 13:05:00",529298,13.75,20.19,752.5,15.68,74.34
"2025-12-16 13:10:00",529299,13.75,20.23,752.4,15.69,74.65
"2025-12-16 13:15:00",529300,13.75,20.28,752.4,15.78,74.13
"2025-12-16 13:20:00",529301,13.75,20.29,752.4,15.48,73.59
"2025-12-16 13:25:00",529302,13.75,20.28,752.3,15.51,72.03
"2025-12-16 13:30:00",529303,13.75,20.29,752.2,15.5,71.99
"2025-12-16 13:35:00",529304,13.75,20.31,752.2,15.44,71.46
"2025-12-16 13:40:00",529305,13.75,20.33,752.2,15.78,72.79
"2025-12-16 13:45:00",529306,13.75,20.41,752.1,15.72,71.09
"2025-12-16 13:50:00",529307,13.75,20.52,752.1,15.95,71.05
"2025-12-16 13:55:00",529308,13.72,20.65,752,16.42,69.23
"2025-12-16 14:00:00",529309,13.72,20.78,752,16.64,66.82
"2025-12-16 14:05:00",529310,13.72,20.96,751.9,16.67,65.5
"2025-12-16 14:10:00",529311,13.72,21.13,751.8,16.83,68.49
"2025-12-16 14:15:00",529312,13.72,21.31,751.8,16.73,67.77
"2025-12-16 14:20:00",529313,13.72,21.45,751.8,16.22,68.46
"2025-12-16 14:25:00",529314,13.72,21.48,751.7,16.32,68.95
"2025-12-16 14:30:00",529315,13.72,21.51,751.7,16.5,67.41
"2025-12-16 14:35:00",529316,13.72,21.54,751.7,16.65,67.47
"2025-12-16 14:40:00",529317,13.72,21.54,751.7,16.14,67.03
"2025-12-16 14:45:00",529318,13.72,21.5,751.7,16.26,66.05
"2025-12-16 14:50:00",529319,13.72,21.42,751.7,16.26,68.65
"2025-12-16 14:55:00",529320,13.73,21.38,751.7,16.59,66.4
"2025-12-16 15:00:00",529321,13.73,21.39,751.6,16.69,67
"2025-12-16 15:05:00",529322,13.73,21.39,751.5,16.48,68.11
"2025-12-16 15:10:00",529323,13.73,21.36,751.5,16.49,66.91
"2025-12-16 15:15:00",529324,13.72,21.34,751.4,16.36,67.33
"2025-12-16 15:20:00",529325,13.73,21.32,751.3,16.52,67.35
"2025-12-16 15:25:00",529326,13.73,21.32,751.3,16.56,68.53
"2025-12-16 15:30:00",529327,13.73,21.26,751.3,16.42,67.95
"2025-12-16 15:35:00",529328,13.73,21.18,751.3,16.26,68.39
"2025-12-16 15:40:00",529329,13.72,21.09,751.3,16.41,69.23
"2025-12-16 15:45:00",529330,13.73,21.05,751.4,16.42,66.9
"2025-12-16 15:50:00",529331,13.73,21,751.4,16.1,66.23
"2025-12-16 15:55:00",529332,13.73,20.83,751.4,16.05,68.06
"2025-12-16 16:00:00",529333,13.75,20.25,751.4,15.83,68.8
"2025-12-16 16:05:00",529334,13.76,19.97,751.3,15.77,68.36
"2025-12-16 16:10:00",529335,13.75,20.24,751.3,15.96,70.56
"2025-12-16 16:15:00",529336,13.76,20.28,751.2,15.78,69.8
"2025-12-16 16:20:00",529337,13.76,20.28,751.3,15.87,68.43
"2025-12-16 16:25:00",529338,13.75,20.2,751.3,15.95,68.33
"2025-12-16 16:30:00",529339,13.76,20.16,751.3,15.89,69.42
"2025-12-16 16:35:00",529340,13.76,20.11,751.3,15.78,69.03
"2025-12-16 16:40:00",529341,13.76,19.81,751.3,15.9,69.16
"2025-12-16 16:45:00",529342,13.76,19.65,751.3,15.84,68.71
"2025-12-16 16:50:00",529343,13.76,19.53,751.3,15.84,68.08
"2025-12-16 16:55:00",529344,13.79,19.22,751.3,15.84,67.84
"2025-12-16 17:00:00",529345,13.79,19.12,751.3,15.9,69.8
"2025-12-16 17:05:00",529346,13.79,19.31,751.2,16.1,68.56
"2025-12-16 17:10:00",529347,13.76,19.36,751.2,15.98,68.97
"2025-12-16 17:15:00",529348,13.76,19.39,751.2,16.02,69.76
"2025-12-16 17:20:00",529349,13.76,19.38,751.1,15.97,70.45
"2025-12-16 17:25:00",529350,13.76,19.29,751.1,15.98,69.38
"2025-12-16 17:30:00",529351,13.78,18.88,751.1,15.87,70.83
"2025-12-16 17:35:00",529352,13.5,18.39,751.1,15.76,70.93
"2025-12-16 17:40:00",529353,13.29,18.06,751.1,15.64,71.85
"2025-12-16 17:45:00",529354,13.22,17.86,751.2,15.66,71.65
"2025-12-16 17:50:00",529355,13.15,17.69,751.2,15.73,71.78
"2025-12-16 17:55:00",529356,13.11,17.57,751.3,15.6,73.01
"2025-12-16 18:00:00",529357,13.07,17.45,751.3,15.61,71.73
"2025-12-16 18:05:00",529358,13.04,17.35,751.4,15.52,71.6
"2025-12-16 18:10:00",529359,13,17.25,751.4,15.5,70.62
"2025-12-16 18:15:00",529360,12.97,17.15,751.5,15.58,73.04
"2025-12-16 18:20:00",529361,12.95,17.05,751.5,15.46,71.76
"2025-12-16 18:25:00",529362,12.94,16.98,751.6,15.44,73.44
"2025-12-16 18:30:00",529363,12.93,16.9,751.7,15.48,74.92
"2025-12-16 18:35:00",529364,12.92,16.83,751.7,15.42,73.26
"2025-12-16 18:40:00",529365,12.91,16.76,751.8,15.36,72.8
"2025-12-16 18:45:00",529366,12.91,16.7,751.8,15.35,72.39
"2025-12-16 18:50:00",529367,12.9,16.63,751.8,15.38,73.31
"2025-12-16 18:55:00",529368,12.9,16.52,751.9,15.41,74.03
"2025-12-16 19:00:00",529369,12.89,16.44,751.9,15.34,73.13
"2025-12-16 19:05:00",529370,12.89,16.38,752,15.31,73.84
"2025-12-16 19:10:00",529371,12.89,16.33,752,15.32,71.38
"2025-12-16 19:15:00",529372,12.89,16.3,752,15.34,71.39
"2025-12-16 19:20:00",529373,12.88,16.25,752,15.27,71.61
"2025-12-16 19:25:00",529374,12.88,16.21,752.1,15.36,71.28
"2025-12-16 19:30:00",529375,12.88,16.2,752.1,15.45,71.07
"2025-12-16 19:35:00",529376,12.88,16.2,752.2,15.45,71.01
"2025-12-16 19:40:00",529377,12.87,16.2,752.3,15.47,71.82
"2025-12-16 19:45:00",529378,12.87,16.19,752.4,15.49,71.25
"2025-12-16 19:50:00",529379,12.87,16.2,752.4,15.5,71.19
"2025-12-16 19:55:00",529380,12.87,16.18,752.5,15.47,71.39
"2025-12-16 20:00:00",529381,12.87,16.17,752.5,15.47,71.82
"2025-12-16 20:05:00",529382,12.86,16.16,752.5,15.43,71.18
"2025-12-16 20:10:00",529383,12.86,16.16,752.5,15.45,72.73
"2025-12-16 20:15:00",529384,12.86,16.14,752.5,15.53,72.46
"2025-12-16 20:20:00",529385,12.86,16.13,752.7,15.56,71.38
"2025-12-16 20:25:00",529386,12.85,16.13,752.7,15.6,72.33
"2025-12-16 20:30:00",529387,12.85,16.13,752.7,15.5,73.99
"2025-12-16 20:35:00",529388,12.85,16.14,752.8,15.42,75.19
"2025-12-16 20:40:00",529389,12.85,16.13,752.8,15.4,74.08
"2025-12-16 20:45:00",529390,12.85,16.12,752.9,15.45,74.66
"2025-12-16 20:50:00",529391,12.85,16.11,753,15.56,72.75
"2025-12-16 20:55:00",529392,12.84,16.14,753.1,15.58,71.38
"2025-12-16 21:00:00",529393,12.84,16.15,753.1,15.54,72.06
"2025-12-16 21:05:00",529394,12.84,16.17,753.2,15.56,70.97
"2025-12-16 21:10:00",529395,12.84,16.17,753.3,15.54,69.85
"2025-12-16 21:15:00",529396,12.84,16.19,753.3,15.4,68.58
"2025-12-16 21:20:00",529397,12.83,16.19,753.4,15.38,68.23
"2025-12-16 21:25:00",529398,12.83,16.17,753.4,15.3,68.56
"2025-12-16 21:30:00",529399,12.83,16.17,753.4,15.3,68.62
"2025-12-16 21:35:00",529400,12.83,16.14,753.5,15.28,68.52
"2025-12-16 21:40:00",529401,12.83,16.13,753.5,15.27,68.38
"2025-12-16 21:45:00",529402,12.83,16.11,753.5,15.3,68.06
"2025-12-16 21:50:00",529403,12.82,16.1,753.5,15.25,68.81
"2025-12-16 21:55:00",529404,12.82,16.09,753.6,15.16,69.26
"2025-12-16 22:00:00",529405,12.82,16.07,753.6,15.22,68.78
"2025-12-16 22:05:00",529406,12.82,16.04,753.6,15.2,67.58
"2025-12-16 22:10:00",529407,12.82,16.03,753.6,15.13,67.74
"2025-12-16 22:15:00",529408,12.82,16.01,753.7,15.07,68.77
"2025-12-16 22:20:00",529409,12.82,15.98,753.7,15,67.69
"2025-12-16 22:25:00",529410,12.81,15.95,753.7,14.86,67.84
"2025-12-16 22:30:00",529411,12.81,15.91,753.6,14.77,66.87
"2025-12-16 22:35:00",529412,12.81,15.84,753.6,14.78,67.07
"2025-12-16 22:40:00",529413,12.81,15.8,753.6,14.71,67.67
"2025-12-16 22:45:00",529414,12.81,15.77,753.6,14.71,66.77
"2025-12-16 22:50:00",529415,12.8,15.67,753.6,14.59,66.98
"2025-12-16 22:55:00",529416,12.8,15.61,753.7,14.56,66.8
"2025-12-16 23:00:00",529417,12.8,15.81,753.7,14.47,66.29
"2025-12-16 23:05:00",529418,12.8,15.89,753.7,14.4,65.69
"2025-12-16 23:10:00",529419,12.8,15.91,753.7,14.35,66.5
"2025-12-16 23:15:00",529420,12.79,15.88,753.7,14.34,64.16
"2025-12-16 23:20:00",529421,12.79,15.87,753.7,14.33,63.07
"2025-12-16 23:25:00",529422,12.79,15.83,753.7,14.25,62.17
"2025-12-16 23:30:00",529423,12.79,15.82,753.6,14.19,62.96
"2025-12-16 23:35:00",529424,12.79,15.77,753.6,14.19,62.66
"2025-12-16 23:40:00",529425,12.78,15.72,753.6,14.17,62.01
"2025-12-16 23:45:00",529426,12.78,15.61,753.5,14.17,62.6
"2025-12-16 23:50:00",529427,12.78,15.54,753.5,14.11,62.09
"2025-12-16 23:55:00",529428,12.78,15.5,753.5,14.15,61.47
"2025-12-17 00:00:00",529429,12.78,15.45,753.4,14.17,60.56
"2025-12-17 00:05:00",529430,12.77,15.43,753.4,14.24,60.77
"2025-12-17 00:10:00",529431,12.77,15.41,753.3,14.26,60.78
"2025-12-17 00:15:00",529432,12.77,15.4,753.3,14.25,64.14
"2025-12-17 00:20:00",529433,12.76,15.38,753.2,14.13,61.38
"2025-12-17 00:25:00",529434,12.76,15.35,753.3,13.69,77.91
"2025-12-17 00:30:00",529435,12.76,15.31,753.2,13.56,79.96
"2025-12-17 00:35:00",529436,12.76,15.23,753.1,13.49,80.5
"2025-12-17 00:40:00",529437,12.76,15.18,753,13.41,81.8
"2025-12-17 00:45:00",529438,12.75,15.11,752.9,13.4,82.1
"2025-12-17 00:50:00",529439,12.75,15.04,752.9,13.39,82.3
"2025-12-17 00:55:00",529440,12.74,14.98,752.9,13.36,82.6
"2025-12-17 01:00:00",529441,12.74,14.94,752.8,13.37,82.5
"2025-12-17 01:05:00",529442,12.73,14.89,752.8,13.43,82.8
"2025-12-17 01:10:00",529443,12.73,14.85,752.8,13.4,82.7
"2025-12-17 01:15:00",529444,12.72,14.83,752.8,13.34,82
"2025-12-17 01:20:00",529445,12.72,14.8,752.7,13.33,82.1
"2025-12-17 01:25:00",529446,12.72,14.76,752.6,13.35,81.1
"2025-12-17 01:30:00",529447,12.71,14.75,752.6,13.43,80.8
"2025-12-17 01:35:00",529448,12.71,14.74,752.6,13.43,80
"2025-12-17 01:40:00",529449,12.71,14.72,752.6,13.48,79.44
"2025-12-17 01:45:00",529450,12.7,14.71,752.5,13.47,77.62
"2025-12-17 01:50:00",529451,12.7,14.72,752.5,13.49,77.9
"2025-12-17 01:55:00",529452,12.7,14.71,752.5,13.47,76.92
"2025-12-17 02:00:00",529453,12.69,14.68,752.5,13.47,75.52
"2025-12-17 02:05:00",529454,12.69,14.69,752.5,13.46,73.55
"2025-12-17 02:10:00",529455,12.69,14.69,752.4,13.47,73.78
"2025-12-17 02:15:00",529456,12.68,14.68,752.4,13.43,71.14
"2025-12-17 02:20:00",529457,12.68,14.68,752.4,13.44,72.96
"2025-12-17 02:25:00",529458,12.68,14.67,752.3,13.43,71.96
"2025-12-17 02:30:00",529459,12.67,14.66,752.2,13.37,70.47
"2025-12-17 02:35:00",529460,12.67,14.65,752.2,13.33,70.78
"2025-12-17 02:40:00",529461,12.67,14.62,752.1,13.3,70.66
"2025-12-17 02:45:00",529462,12.66,14.59,752.1,13.25,71.67
"2025-12-17 02:50:00",529463,12.66,14.54,752.1,13.28,70.82
"2025-12-17 02:55:00",529464,12.65,14.45,752,13.28,70.2
"2025-12-17 03:00:00",529465,12.64,14.41,752,13.28,70.51
"2025-12-17 03:05:00",529466,12.64,14.39,752,13.3,70.46
"2025-12-17 03:10:00",529467,12.64,14.36,752,13.29,69.34
"2025-12-17 03:15:00",529468,12.63,14.34,752,13.29,69.71
"2025-12-17 03:20:00",529469,12.63,14.34,752,13.3,71.97
"2025-12-17 03:25:00",529470,12.62,14.33,752,13.25,74.05
"2025-12-17 03:30:00",529471,12.62,14.33,752,13.28,72.73
"2025-12-17 03:35:00",529472,12.61,14.32,751.9,13.27,73.12
"2025-12-17 03:40:00",529473,12.61,14.33,751.9,13.28,71.08
"2025-12-17 03:45:00",529474,12.6,14.31,751.9,13.28,70.65
"2025-12-17 03:50:00",529475,12.6,14.33,751.9,13.26,73.23
"2025-12-17 03:55:00",529476,12.59,14.33,751.9,13.18,73.05
"2025-12-17 04:00:00",529477,12.59,14.34,751.9,13.17,73.78
"2025-12-17 04:05:00",529478,12.59,14.34,751.9,13.14,73.1
"2025-12-17 04:10:00",529479,12.58,14.34,751.9,13.18,72.54
"2025-12-17 04:15:00",529480,12.59,14.33,751.9,13.18,71.23
"2025-12-17 04:20:00",529481,12.59,14.33,751.9,13.18,70.12
"2025-12-17 04:25:00",529482,12.58,14.33,751.9,13.19,70.27
"2025-12-17 04:30:00",529483,12.58,14.33,751.8,13.17,70.01
"2025-12-17 04:35:00",529484,12.58,14.33,751.9,13.15,70.83
"2025-12-17 04:40:00",529485,12.57,14.33,751.8,13.1,70.59
"2025-12-17 04:45:00",529486,12.57,14.31,751.8,13.04,70.86
"2025-12-17 04:50:00",529487,12.57,14.29,751.8,13.05,70.24
"2025-12-17 04:55:00",529488,12.56,14.28,751.8,13.05,69.98
"2025-12-17 05:00:00",529489,12.56,14.28,751.8,13.06,69.7
"2025-12-17 05:05:00",529490,12.56,14.25,751.9,13.08,69.58
"2025-12-17 05:10:00",529491,12.56,14.24,752,13.07,70.61
"2025-12-17 05:15:00",529492,12.56,14.26,752,13.12,71.3
"2025-12-17 05:20:00",529493,12.56,14.26,752,13.12,71.53
"2025-12-17 05:25:00",529494,12.55,14.25,752,13.1,70.16
"2025-12-17 05:30:00",529495,12.55,14.25,752.1,13.06,70.38
"2025-12-17 05:35:00",529496,12.55,14.28,752.1,13,69.74
"2025-12-17 05:40:00",529497,12.55,14.32,752.2,13.02,69.89
"2025-12-17 05:45:00",529498,12.55,14.38,752.2,13.06,70.27
"2025-12-17 05:50:00",529499,12.56,14.4,752.2,13.04,69.15
"2025-12-17 05:55:00",529500,12.56,14.42,752.2,13.01,69.49
"2025-12-17 06:00:00",529501,12.6,14.44,752.2,13.03,69.8
"2025-12-17 06:05:00",529502,12.59,14.45,752.3,13.01,70.49
"2025-12-17 06:10:00",529503,12.64,14.35,752.3,12.98,71.93
"2025-12-17 06:15:00",529504,12.77,14.35,752.4,13.04,73.19
"2025-12-17 06:20:00",529505,12.9,14.41,752.4,13.09,73.96
"2025-12-17 06:25:00",529506,13.09,14.54,752.4,13.38,73.77
"2025-12-17 06:30:00",529507,13.18,14.65,752.5,13.43,72.98
"2025-12-17 06:35:00",529508,13.29,14.8,752.5,13.56,74.67
"2025-12-17 06:40:00",529509,13.39,14.98,752.6,13.64,74.91
"2025-12-17 06:45:00",529510,13.46,15.16,752.6,13.71,74.17
"2025-12-17 06:50:00",529511,13.53,15.35,752.7,13.87,73.52
"2025-12-17 06:55:00",529512,13.64,15.6,752.8,13.85,74.51
"2025-12-17 07:00:00",529513,13.69,15.83,752.8,13.95,74.61
"2025-12-17 07:05:00",529514,13.86,16.11,752.8,14.09,75.88
"2025-12-17 07:10:00",529515,13.97,16.53,752.8,14.79,73.73
"2025-12-17 07:15:00",529516,13.82,17.84,752.9,14.56,73.43
"2025-12-17 07:20:00",529517,13.79,18.52,752.9,15.02,72.61
"2025-12-17 07:25:00",529518,13.76,19.11,752.9,15.62,69.72
"2025-12-17 07:30:00",529519,13.76,19.64,752.9,16,68.63
"2025-12-17 07:35:00",529520,13.76,20.16,752.9,16.78,65.35
"2025-12-17 07:40:00",529521,13.73,20.58,753,16.16,66.97
"2025-12-17 07:45:00",529522,13.73,20.94,753.1,15.81,68.04
"2025-12-17 07:50:00",529523,13.73,21.17,753,14.88,71.76
"2025-12-17 07:55:00",529524,13.73,21.23,753.1,14.86,69.17
"2025-12-17 08:00:00",529525,13.74,21.24,753.1,15.16,67.4
"2025-12-17 08:05:00",529526,13.74,21.29,753.1,16.22,65.95
"2025-12-17 08:10:00",529527,13.71,21.62,753.1,18.24,58.08
"2025-12-17 08:15:00",529528,13.71,22.08,753.1,17.24,58.52
"2025-12-17 08:20:00",529529,13.71,22.47,753.1,16.75,60.83
"2025-12-17 08:25:00",529530,13.68,22.85,753.2,17.05,61.29
"2025-12-17 08:30:00",529531,13.68,23.33,753.1,17.44,57.95
"2025-12-17 08:35:00",529532,13.68,23.7,753.1,17.07,60.04
"2025-12-17 08:40:00",529533,13.65,23.94,753.1,17.23,60.21
"2025-12-17 08:45:00",529534,13.65,24.04,753.1,15.66,62.64
"2025-12-17 08:50:00",529535,13.65,23.95,753.1,15.66,63.35
"2025-12-17 08:55:00",529536,13.66,23.84,753,15.68,62.64
"2025-12-17 09:00:00",529537,13.66,23.77,753,16.09,59.01
"2025-12-17 09:05:00",529538,13.66,23.91,753,17.1,55.22
"2025-12-17 09:10:00",529539,13.66,24.26,752.9,16.99,58.13
"2025-12-17 09:15:00",529540,13.66,24.72,752.9,16.97,53.51
"2025-12-17 09:20:00",529541,13.63,25.14,752.9,17.01,53.95
"2025-12-17 09:25:00",529542,13.63,25.71,752.9,17.05,52.08
"2025-12-17 09:30:00",529543,13.63,26.22,752.9,18.08,48.04
"2025-12-17 09:35:00",529544,13.6,26.71,752.9,17.12,49.39
"2025-12-17 09:40:00",529545,13.61,27.13,752.7,17.31,49.88
"2025-12-17 09:45:00",529546,13.61,27.5,752.8,18.03,48.38
"2025-12-17 09:50:00",529547,13.58,27.88,752.7,18.41,49.09
"2025-12-17 09:55:00",529548,13.58,28.35,752.7,20.09,46.34
"2025-12-17 10:00:00",529549,13.55,28.9,752.6,20.72,43.99
"2025-12-17 10:05:00",529550,13.55,29.46,752.5,20.21,45.37
"2025-12-17 10:10:00",529551,13.55,29.91,752.5,20.19,45.21
"2025-12-17 10:15:00",529552,13.53,30.16,752.4,18.11,53.62
"2025-12-17 10:20:00",529553,13.53,30.18,752.3,19.58,46.05
"2025-12-17 10:25:00",529554,13.53,30.26,752.3,19.11,49.21
"2025-12-17 10:30:00",529555,13.53,30.28,752.3,20.44,43.79
"2025-12-17 10:35:00",529556,13.53,30.38,752.2,20.7,44.63
"2025-12-17 10:40:00",529557,13.53,30.56,752.1,20.59,46.15
"2025-12-17 10:45:00",529558,13.53,30.68,752.1,20.44,45.68
"2025-12-17 10:50:00",529559,13.53,30.81,752.1,20.51,43.8
"2025-12-17 10:55:00",529560,13.53,30.9,752,20.19,45.62
"2025-12-17 11:00:00",529561,13.53,30.98,751.9,20.9,46.02
"2025-12-17 11:05:00",529562,13.53,31.11,751.8,21.34,43.71
"2025-12-17 11:10:00",529563,13.51,31.19,751.7,20.28,44.8
"2025-12-17 11:15:00",529564,13.51,31.17,751.6,20.39,45.01
"2025-12-17 11:20:00",529565,13.51,31.11,751.6,20.7,43.89
"2025-12-17 11:25:00",529566,13.51,31.13,751.5,21.29,42.41
"2025-12-17 11:30:00",529567,13.51,31.16,751.4,21.34,42.06
"2025-12-17 11:35:00",529568,13.51,31.24,751.3,21.19,43.05
"2025-12-17 11:40:00",529569,13.51,31.31,751.2,21.56,42.57
"2025-12-17 11:45:00",529570,13.51,31.38,751.1,21.99,42.75
"2025-12-17 11:50:00",529571,13.51,31.43,751,21.89,40.86
"2025-12-17 11:55:00",529572,13.51,31.47,750.9,21.53,42.76
"2025-12-17 12:00:00",529573,13.51,31.46,750.8,21.69,42.39
"2025-12-17 12:05:00",529574,13.51,31.46,750.7,22.32,38.76
"2025-12-17 12:10:00",529575,13.51,31.42,750.6,21.75,40.2
"2025-12-17 12:15:00",529576,13.51,31.36,750.5,21.89,39.69
"2025-12-17 12:20:00",529577,13.51,31.24,750.4,22.51,38.12
"2025-12-17 12:25:00",529578,13.51,31.14,750.3,22.31,38.2
"2025-12-17 12:30:00",529579,13.51,31.08,750.2,22.91,38.85
"2025-12-17 12:35:00",529580,13.51,31.11,750.1,22.66,34.54
"2025-12-17 12:40:00",529581,13.51,31.05,750,23.07,35.21
"2025-12-17 12:45:00",529582,13.51,31.06,749.9,23.89,35.16
"2025-12-17 12:50:00",529583,13.51,31.09,749.8,22.67,36.63
"2025-12-17 12:55:00",529584,13.51,31.06,749.7,22.75,34.98
"2025-12-17 13:00:00",529585,13.51,30.96,749.6,22.62,34.37
"2025-12-17 13:05:00",529586,13.51,30.86,749.4,23.14,34.32
"2025-12-17 13:10:00",529587,13.51,30.82,749.4,23.91,34.66
"2025-12-17 13:15:00",529588,13.51,30.86,749.2,24.57,31.54
"2025-12-17 13:20:00",529589,13.51,30.97,749.1,23.59,34.23
"2025-12-17 13:25:00",529590,13.51,31.03,749,23.25,35.63
"2025-12-17 13:30:00",529591,13.52,31.08,748.9,24.88,34.18
"2025-12-17 13:35:00",529592,13.51,31.13,748.8,23.93,35.03
"2025-12-17 13:40:00",529593,13.52,31.2,748.7,23.77,35.61
"2025-12-17 13:45:00",529594,13.51,31.22,748.6,24.31,34.9
"2025-12-17 13:50:00",529595,13.51,31.27,748.5,23.74,35.37
"2025-12-17 13:55:00",529596,13.52,31.28,748.3,24.11,36.14
"2025-12-17 14:00:00",529597,13.52,31.29,748.2,24.35,35.47
"2025-12-17 14:05:00",529598,13.51,31.36,748.2,24.47,36.51
"2025-12-17 14:10:00",529599,13.52,31.47,748,24.81,34.44
"2025-12-17 14:15:00",529600,13.52,31.64,748,25.35,33.82
"2025-12-17 14:20:00",529601,13.52,31.88,747.8,25.65,33.38
"2025-12-17 14:25:00",529602,13.49,32.17,747.7,25.7,34.63
"2025-12-17 14:30:00",529603,13.49,32.43,747.6,24.76,35.9
"2025-12-17 14:35:00",529604,13.49,32.59,747.5,25.16,34.68
"2025-12-17 14:40:00",529605,13.49,32.78,747.4,25.29,34.56
"2025-12-17 14:45:00",529606,13.49,32.91,747.3,25.11,34.87
"2025-12-17 14:50:00",529607,13.49,32.96,747.2,25.15,35.01
"2025-12-17 14:55:00",529608,13.49,32.94,747,24.63,35.56
"2025-12-17 15:00:00",529609,13.5,32.91,746.9,25.82,34.94
"2025-12-17 15:05:00",529610,13.49,32.94,746.8,24.97,34.66
"2025-12-17 15:10:00",529611,13.49,32.98,746.7,26.26,34.58
"2025-12-17 15:15:00",529612,13.49,33.15,746.6,26.04,35.23
"2025-12-17 15:20:00",529613,13.47,33.36,746.5,25.26,35.02
"2025-12-17 15:25:00",529614,13.47,33.51,746.4,25.63,34.32
"2025-12-17 15:30:00",529615,13.47,33.63,746.3,25.54,34.38
"2025-12-17 15:35:00",529616,13.47,33.63,746.2,25.71,33.79
"2025-12-17 15:40:00",529617,13.47,33.64,746.1,26.27,32.77
"2025-12-17 15:45:00",529618,13.47,33.62,746,26.89,32.99
"2025-12-17 15:50:00",529619,13.47,33.78,745.9,26.52,33.13
"2025-12-17 15:55:00",529620,13.47,34,745.8,26.03,33.79
"2025-12-17 16:00:00",529621,13.47,34.13,745.8,25.57,35.05
"2025-12-17 16:05:00",529622,13.47,34.13,745.7,26.56,33.06
"2025-12-17 16:10:00",529623,13.47,34.2,745.5,26.48,33.26
"2025-12-17 16:15:00",529624,13.47,34.36,745.5,26.88,32.69
"2025-12-17 16:20:00",529625,13.45,34.43,745.4,25.85,34.97
"2025-12-17 16:25:00",529626,13.45,34.39,745.3,26.34,33.58
"2025-12-17 16:30:00",529627,13.45,34.38,745.2,26.83,31.87
"2025-12-17 16:35:00",529628,13.45,34.43,745.2,26.81,33.69
"2025-12-17 16:40:00",529629,13.45,34.43,745.2,26.03,33.55
"2025-12-17 16:45:00",529630,13.45,34.41,745.1,26.75,32.34
"2025-12-17 16:50:00",529631,13.45,34.42,745,26.3,33.11
"2025-12-17 16:55:00",529632,13.45,34.32,745,25.6,34.72
"2025-12-17 17:00:00",529633,13.44,34.07,745,24.84,35.71
"2025-12-17 17:05:00",529634,13.45,33.72,745,26.1,35
"2025-12-17 17:10:00",529635,13.44,33.51,745,26.04,33.99
"2025-12-17 17:15:00",529636,13.44,33.38,745,26.08,34.39
"2025-12-17 17:20:00",529637,13.44,33.24,745,26.24,33.87
"2025-12-17 17:25:00",529638,13.44,32.94,745,26.01,34.02
"2025-12-17 17:30:00",529639,13.38,32.46,745,26.08,33.56
"2025-12-17 17:35:00",529640,13.32,32.16,745,25.57,34.21
"2025-12-17 17:40:00",529641,13.28,31.93,745,26.22,33.23
"2025-12-17 17:45:00",529642,13.25,31.76,745,26.33,33.48
"2025-12-17 17:50:00",529643,13.22,31.63,745,25.92,33.64
"2025-12-17 17:55:00",529644,13.18,31.46,745,25.94,32.77
"2025-12-17 18:00:00",529645,13.15,31.35,745,26.22,31.68
"2025-12-17 18:05:00",529646,13.13,31.28,745,26.17,32.52
"2025-12-17 18:10:00",529647,13.1,31.21,745,26.15,32.08
"2025-12-17 18:15:00",529648,13.07,31.13,745.1,26.4,32.44
"2025-12-17 18:20:00",529649,13.05,31.01,745.1,25.84,33.03
"2025-12-17 18:25:00",529650,13.02,30.85,745.2,25.78,32.99
"2025-12-17 18:30:00",529651,12.98,30.59,745.3,25.56,34.11
"2025-12-17 18:35:00",529652,12.96,30.2,745.4,24.72,37.26
"2025-12-17 18:40:00",529653,12.94,29.68,745.5,24.16,38.29
"2025-12-17 18:45:00",529654,12.92,29.1,745.6,23.83,38.88
"2025-12-17 18:50:00",529655,12.91,28.45,745.6,23.62,38.93
"2025-12-17 18:55:00",529656,12.9,27.84,745.7,23.43,39.13
"2025-12-17 19:00:00",529657,12.9,27.31,745.7,23.39,39.33
"2025-12-17 19:05:00",529658,12.89,26.79,745.8,23.4,38.51
"2025-12-17 19:10:00",529659,12.89,26.39,745.9,23.39,37.75
"2025-12-17 19:15:00",529660,12.88,26.07,746,23.34,37.48
"2025-12-17 19:20:00",529661,12.88,25.77,746.1,22.86,40.71
"2025-12-17 19:25:00",529662,12.88,25.51,746.2,22.59,41.85
"2025-12-17 19:30:00",529663,12.87,25.23,746.3,22.45,42.8
"2025-12-17 19:35:00",529664,12.87,24.96,746.3,22.23,43.14
"2025-12-17 19:40:00",529665,12.87,24.71,746.4,22.12,43.8
"2025-12-17 19:45:00",529666,12.86,24.45,746.5,21.93,44.42
"2025-12-17 19:50:00",529667,12.86,24.23,746.5,21.78,44.53
"2025-12-17 19:55:00",529668,12.86,24.02,746.6,21.71,44.52
"2025-12-17 20:00:00",529669,12.86,23.79,746.7,21.59,44.44
"2025-12-17 20:05:00",529670,12.86,23.57,746.9,21.49,45.27
"2025-12-17 20:10:00",529671,12.85,23.38,747,21.34,45.88
"2025-12-17 20:15:00",529672,12.85,23.19,747.1,21.57,45.47
"2025-12-17 20:20:00",529673,12.85,23.01,747.2,21.67,45.1
"2025-12-17 20:25:00",529674,12.85,22.9,747.2,21.69,45.1
"2025-12-17 20:30:00",529675,12.85,22.78,747.3,21.75,44.91
"2025-12-17 20:35:00",529676,12.85,22.67,747.3,21.73,45.29
"2025-12-17 20:40:00",529677,12.84,22.6,747.3,21.54,45.78
"2025-12-17 20:45:00",529678,12.84,22.53,747.4,21.47,46.09
"2025-12-17 20:50:00",529679,12.84,22.48,747.3,21.45,46.38
"2025-12-17 20:55:00",529680,12.84,22.44,747.3,21.33,46.3
"2025-12-17 21:00:00",529681,12.84,22.37,747.4,21.02,48.33
"2025-12-17 21:05:00",529682,12.84,22.3,747.5,20.66,49.86
"2025-12-17 21:10:00",529683,12.83,22.19,747.5,20.6,50.38
"2025-12-17 21:15:00",529684,12.83,22.06,747.5,20.29,51.31
"2025-12-17 21:20:00",529685,12.83,21.9,747.6,20.2,52.43
"2025-12-17 21:25:00",529686,12.82,21.75,747.6,20.08,53.09
"2025-12-17 21:30:00",529687,12.82,21.61,747.7,19.84,53.65
"2025-12-17 21:35:00",529688,12.82,21.47,747.8,19.6,54.36
"2025-12-17 21:40:00",529689,12.82,21.32,747.9,19.57,54.82
"2025-12-17 21:45:00",529690,12.82,21.16,747.9,19.54,55.03
"2025-12-17 21:50:00",529691,12.82,21.03,747.9,19.48,55.57
"2025-12-17 21:55:00",529692,12.82,20.77,748,19.37,56.11
"2025-12-17 22:00:00",529693,12.81,20.62,748,19.35,55.98
"2025-12-17 22:05:00",529694,12.81,20.49,748.1,19.32,56.26
"2025-12-17 22:10:00",529695,12.81,20.36,748.1,19.1,56.47
"2025-12-17 22:15:00",529696,12.81,20.26,748.2,18.94,57.18
"2025-12-17 22:20:00",529697,12.81,20.14,748.2,18.82,57.68
"2025-12-17 22:25:00",529698,12.81,20.02,748.3,18.65,58.5
"2025-12-17 22:30:00",529699,12.81,19.9,748.3,18.8,58.13
"2025-12-17 22:35:00",529700,12.8,19.8,748.3,18.74,58.95
"2025-12-17 22:40:00",529701,12.8,19.7,748.5,18.63,59.11
"2025-12-17 22:45:00",529702,12.8,19.57,748.4,18.58,58.86
"2025-12-17 22:50:00",529703,12.8,19.46,748.4,18.6,58.53
"2025-12-17 22:55:00",529704,12.8,19.36,748.5,18.48,59.06
"2025-12-17 23:00:00",529705,12.8,19.3,748.5,18.64,58.9
"2025-12-17 23:05:00",529706,12.8,19.24,748.5,18.47,59.6
"2025-12-17 23:10:00",529707,12.8,19.25,748.5,18.86,57.96
"2025-12-17 23:15:00",529708,12.79,19.27,748.5,18.89,57.72
"2025-12-17 23:20:00",529709,12.79,19.29,748.5,18.99,57.61
"2025-12-17 23:25:00",529710,12.79,19.32,748.5,19.11,56.71
"2025-12-17 23:30:00",529711,12.79,19.36,748.5,19.09,57.66
"2025-12-17 23:35:00",529712,12.79,19.38,748.5,18.78,59.19
"2025-12-17 23:40:00",529713,12.79,19.4,748.5,18.63,60.26
"2025-12-17 23:45:00",529714,12.79,19.43,748.4,18.53,60.3
"2025-12-17 23:50:00",529715,12.78,19.43,748.4,18.55,60.03
"2025-12-17 23:55:00",529716,12.78,19.41,748.4,18.54,60.18
"2025-12-18 00:00:00",529717,12.78,19.44,748.4,18.6,59.74
"2025-12-18 00:05:00",529718,12.78,19.42,748.3,18.83,58.26
"2025-12-18 00:10:00",529719,12.78,19.42,748.2,18.9,57.54
"2025-12-18 00:15:00",529720,12.78,19.41,748.2,18.93,57.33
"2025-12-18 00:20:00",529721,12.78,19.4,748.2,18.79,57.95
"2025-12-18 00:25:00",529722,12.77,19.36,748.2,18.37,61.09
"2025-12-18 00:30:00",529723,12.77,19.28,748.1,17.84,63.31
"2025-12-18 00:35:00",529724,12.77,19.18,748.1,17.65,64.44
"2025-12-18 00:40:00",529725,12.77,19.08,748.1,17.59,64.51
"2025-12-18 00:45:00",529726,12.77,18.96,748.1,17.46,65.14
"2025-12-18 00:50:00",529727,12.77,18.83,748,17.23,66.19
"2025-12-18 00:55:00",529728,12.76,18.7,748,17.21,65.63
"2025-12-18 01:00:00",529729,12.76,18.57,748,17.25,65.52
"2025-12-18 01:05:00",529730,12.76,18.43,748,17.16,67.82
"2025-12-18 01:10:00",529731,12.76,18.24,747.9,16.93,67.81
"2025-12-18 01:15:00",529732,12.76,18.1,747.9,16.88,67.27
"2025-12-18 01:20:00",529733,12.76,17.97,747.9,16.79,67.05
"2025-12-18 01:25:00",529734,12.75,17.87,747.9,16.86,67.71
"2025-12-18 01:30:00",529735,12.75,17.8,747.9,16.89,68.36
"2025-12-18 01:35:00",529736,12.75,17.79,748,16.87,68.41
"2025-12-18 01:40:00",529737,12.75,17.79,747.9,16.89,68.42
"2025-12-18 01:45:00",529738,12.75,17.83,747.9,16.85,68.99
"2025-12-18 01:50:00",529739,12.75,17.86,747.8,16.48,71.18
"2025-12-18 01:55:00",529740,12.75,17.86,747.8,16.58,70.3
"2025-12-18 02:00:00",529741,12.74,17.87,747.9,16.88,68.96
"2025-12-18 02:05:00",529742,12.74,17.87,747.8,16.96,68.98
"2025-12-18 02:10:00",529743,12.74,17.89,747.8,17.07,67.8
"2025-12-18 02:15:00",529744,12.74,17.88,747.7,16.96,66.02
"2025-12-18 02:20:00",529745,12.74,17.89,747.7,17.02,65.8
"2025-12-18 02:25:00",529746,12.73,17.87,747.7,17.03,65.63
"2025-12-18 02:30:00",529747,12.73,17.85,747.7,17.05,65.31
"2025-12-18 02:35:00",529748,12.73,17.83,747.8,17.02,65.98
"2025-12-18 02:40:00",529749,12.73,17.79,747.8,16.97,66.44
"2025-12-18 02:45:00",529750,12.73,17.74,747.8,16.94,67.02
"2025-12-18 02:50:00",529751,12.73,17.69,747.8,16.72,68.03
"2025-12-18 02:55:00",529752,12.73,17.62,747.8,16.67,68.26
"2025-12-18 03:00:00",529753,12.72,17.55,747.8,16.59,68.62
"2025-12-18 03:05:00",529754,12.72,17.47,747.8,16.42,70.33
"2025-12-18 03:10:00",529755,12.72,17.37,747.8,15.98,71.92
"2025-12-18 03:15:00",529756,12.72,17.3,747.8,15.97,71.48
"2025-12-18 03:20:00",529757,12.71,17.23,747.8,16.1,70.53
"2025-12-18 03:25:00",529758,12.71,17.15,747.8,16.05,72.47
"2025-12-18 03:30:00",529759,12.71,17.08,747.8,16.02,73.1
"2025-12-18 03:35:00",529760,12.71,16.98,747.9,15.96,73
"2025-12-18 03:40:00",529761,12.71,16.89,747.9,15.91,73.56
"2025-12-18 03:45:00",529762,12.7,16.85,747.9,15.8,72.97
"2025-12-18 03:50:00",529763,12.7,16.81,748,15.79,72.39
"2025-12-18 03:55:00",529764,12.7,16.78,748,16,71.26
"2025-12-18 04:00:00",529765,12.69,16.78,748,15.9,71.9
"2025-12-18 04:05:00",529766,12.69,16.75,748,15.72,72.67
"2025-12-18 04:10:00",529767,12.69,16.72,748,15.78,71.85
"2025-12-18 04:15:00",529768,12.69,16.71,748,15.84,71.26
"2025-12-18 04:20:00",529769,12.69,16.68,748.1,15.98,70.74
"2025-12-18 04:25:00",529770,12.69,16.67,748.1,16.06,70.35
"2025-12-18 04:30:00",529771,12.69,16.68,748.1,16.07,70.49
"2025-12-18 04:35:00",529772,12.68,16.71,748.2,16.17,69.33
"2025-12-18 04:40:00",529773,12.68,16.73,748.2,16.2,69.02
"2025-12-18 04:45:00",529774,12.68,16.73,748.2,16.16,69.04
"2025-12-18 04:50:00",529775,12.67,16.71,748.3,16.09,69.14
"2025-12-18 04:55:00",529776,12.67,16.66,748.3,15.92,69.83
"2025-12-18 05:00:00",529777,12.67,16.58,748.4,15.76,70.35
"2025-12-18 05:05:00",529778,12.67,16.5,748.4,15.85,70.28
"2025-12-18 05:10:00",529779,12.66,16.44,748.4,15.82,70.42
"2025-12-18 05:15:00",529780,12.66,16.39,748.4,15.76,70.58
"2025-12-18 05:20:00",529781,12.66,16.34,748.5,15.7,70.51
"2025-12-18 05:25:00",529782,12.66,16.31,748.6,15.58,70.89
"2025-12-18 05:30:00",529783,12.65,16.28,748.6,15.6,70.84
"2025-12-18 05:35:00",529784,12.65,16.26,748.7,15.64,70.88
"2025-12-18 05:40:00",529785,12.65,16.29,748.7,15.47,71.5
"2025-12-18 05:45:00",529786,12.65,16.31,748.7,15.31,72.53
"2025-12-18 05:50:00",529787,12.65,16.31,748.8,15.14,73.29
"2025-12-18 05:55:00",529788,12.66,16.32,748.9,15,73.58
"2025-12-18 06:00:00",529789,12.67,16.32,748.9,15,73.41
"2025-12-18 06:05:00",529790,12.68,16.36,749,15.12,73.04
"2025-12-18 06:10:00",529791,12.7,16.43,749.1,15.22,73.34
"2025-12-18 06:15:00",529792,12.74,16.5,749.1,15.21,73.45
"2025-12-18 06:20:00",529793,12.8,16.59,749.1,15.14,73.43
"2025-12-18 06:25:00",529794,12.85,16.7,749.2,15.16,73.55
"2025-12-18 06:30:00",529795,12.92,16.74,749.3,15.24,73.09
"2025-12-18 06:35:00",529796,13,16.84,749.4,15.37,73.08
"2025-12-18 06:40:00",529797,13.1,16.97,749.4,15.34,72.88
"2025-12-18 06:45:00",529798,13.21,17.12,749.4,15.64,72.25
"2025-12-18 06:50:00",529799,13.29,17.27,749.5,15.78,71.53
"2025-12-18 06:55:00",529800,13.36,17.46,749.5,16.06,71.53
"2025-12-18 07:00:00",529801,13.44,17.68,749.5,16.34,69.91
"2025-12-18 07:05:00",529802,13.45,17.91,749.6,16.61,69.29
"2025-12-18 07:10:00",529803,13.5,18.13,749.6,16.74,69.14
"2025-12-18 07:15:00",529804,13.53,18.38,749.7,16.64,68.28
"2025-12-18 07:20:00",529805,13.66,18.68,749.7,16.7,67.39
"2025-12-18 07:25:00",529806,13.85,19.15,749.7,16.67,66.71
"2025-12-18 07:30:00",529807,13.73,20.38,749.8,16.99,66.62
"2025-12-18 07:35:00",529808,13.73,20.86,749.9,17.18,65.24
"2025-12-18 07:40:00",529809,13.73,21.25,749.9,17.29,68.66
"2025-12-18 07:45:00",529810,13.7,21.59,750,17.25,68.13
"2025-12-18 07:50:00",529811,13.7,21.87,750.1,17.43,67.46
"2025-12-18 07:55:00",529812,13.71,22.15,750.1,17.63,67.88
"2025-12-18 08:00:00",529813,13.71,22.43,750.1,17.9,67.75
"2025-12-18 08:05:00",529814,13.68,22.71,750.1,18.13,65.2
"2025-12-18 08:10:00",529815,13.68,22.98,750.1,18.71,63.54
"2025-12-18 08:15:00",529816,13.68,23.27,750.1,18.14,62.64
"2025-12-18 08:20:00",529817,13.68,23.51,750.1,18.8,61.37
"2025-12-18 08:25:00",529818,13.65,23.78,750.1,18.48,61.65
"2025-12-18 08:30:00",529819,13.66,24.03,750.1,18.9,60.66
"2025-12-18 08:35:00",529820,13.65,24.38,750.1,19.23,60.32
"2025-12-18 08:40:00",529821,13.66,24.91,750.1,20.76,56.53
"2025-12-18 08:45:00",529822,13.63,25.59,750.1,20.92,54.33
"2025-12-18 08:50:00",529823,13.63,26.3,750.1,20.8,54.62
"2025-12-18 08:55:00",529824,13.6,26.9,750.1,20.53,54.65
"2025-12-18 09:00:00",529825,13.6,27.51,750,21.67,51.63
"2025-12-18 09:05:00",529826,13.58,28.1,750.1,21.25,51.26
"2025-12-18 09:10:00",529827,13.58,28.58,750,21.19,50.9
"2025-12-18 09:15:00",529828,13.55,28.99,749.9,22.11,49.32
"2025-12-18 09:20:00",529829,13.55,29.48,750,22.15,49.55
"2025-12-18 09:25:00",529830,13.55,29.79,749.9,22.51,48.99
"2025-12-18 09:30:00",529831,13.55,30,749.9,22.65,48.41
"2025-12-18 09:35:00",529832,13.53,30.28,749.8,21.7,49.43
"2025-12-18 09:40:00",529833,13.53,30.53,749.8,22.36,48.31
"2025-12-18 09:45:00",529834,13.53,30.56,749.7,21.14,51.05
"2025-12-18 09:50:00",529835,13.53,30.53,749.7,21.94,49.99
"2025-12-18 09:55:00",529836,13.53,30.58,749.6,21.96,48.92
"2025-12-18 10:00:00",529837,13.53,30.82,749.6,23.28,45.38
"2025-12-18 10:05:00",529838,13.53,31.21,749.5,24.2,44.53
"2025-12-18 10:10:00",529839,13.51,31.69,749.5,23.47,45.83
"2025-12-18 10:15:00",529840,13.51,32.06,749.4,22.8,46.71
"2025-12-18 10:20:00",529841,13.51,32.25,749.4,23.45,45.53
"2025-12-18 10:25:00",529842,13.51,32.4,749.3,23.36,46.26
"2025-12-18 10:30:00",529843,13.48,32.51,749.3,22.95,46.21
"2025-12-18 10:35:00",529844,13.48,32.6,749.2,23.01,46.28
"2025-12-18 10:40:00",529845,13.48,32.6,749.1,22.85,46.78
"2025-12-18 10:45:00",529846,13.48,32.69,749.1,23.47,44.54
"2025-12-18 10:50:00",529847,13.48,32.78,749.1,23.18,45.37
"2025-12-18 10:55:00",529848,13.48,32.83,748.9,23.27,44.68
"2025-12-18 11:00:00",529849,13.48,32.84,748.9,22.23,48.35
"2025-12-18 11:05:00",529850,13.48,32.85,748.8,23.96,44.27
"2025-12-18 11:10:00",529851,13.48,32.94,748.8,23.58,44.1
"2025-12-18 11:15:00",529852,13.48,32.96,748.7,23.7,43.14
"2025-12-18 11:20:00",529853,13.48,32.99,748.6,23.74,42.79
"2025-12-18 11:25:00",529854,13.48,33.08,748.5,23.51,44.35
"2025-12-18 11:30:00",529855,13.48,33.25,748.4,23.51,44.87
"2025-12-18 11:35:00",529856,13.49,33.4,748.4,24.05,42.21
"2025-12-18 11:40:00",529857,13.49,33.58,748.3,24.75,41.54
"2025-12-18 11:45:00",529858,13.49,33.68,748.2,24.35,39.5
"2025-12-18 11:50:00",529859,13.49,33.72,748.2,24.99,39.1
"2025-12-18 11:55:00",529860,13.46,33.74,748.1,24.48,38.42
"2025-12-18 12:00:00",529861,13.46,33.78,748,25.06,38.32
"2025-12-18 12:05:00",529862,13.46,33.84,747.9,25.46,38.89
"2025-12-18 12:10:00",529863,13.46,33.87,747.8,25.84,38.27
"2025-12-18 12:15:00",529864,13.46,33.93,747.7,25.56,35.85
"2025-12-18 12:20:00",529865,13.46,33.96,747.6,25.32,36.82
"2025-12-18 12:25:00",529866,13.46,33.94,747.6,25.44,38.55
"2025-12-18 12:30:00",529867,13.46,33.88,747.4,25.13,36.67
"2025-12-18 12:35:00",529868,13.46,33.81,747.4,26.52,34.9
"2025-12-18 12:40:00",529869,13.46,33.81,747.2,25.62,36.02
"2025-12-18 12:45:00",529870,13.46,33.76,747.1,26.59,33.47
"2025-12-18 12:50:00",529871,13.46,33.75,747,26.85,35.14
"2025-12-18 12:55:00",529872,13.47,33.75,746.9,25.84,38.46
"2025-12-18 13:00:00",529873,13.46,33.73,746.8,25.97,37.42
"2025-12-18 13:05:00",529874,13.46,33.72,746.8,27.03,36.19
"2025-12-18 13:10:00",529875,13.46,33.75,746.7,27.01,35.39
"2025-12-18 13:15:00",529876,13.46,33.85,746.6,28.08,34.82
"2025-12-18 13:20:00",529877,13.46,34.01,746.5,26.08,36.76
"2025-12-18 13:25:00",529878,13.46,34.02,746.4,26.71,36.06
"2025-12-18 13:30:00",529879,13.47,33.94,746.4,27,34.85
"2025-12-18 13:35:00",529880,13.47,33.85,746.3,26.78,35.56
"2025-12-18 13:40:00",529881,13.47,33.7,746.2,26.28,33.84
"2025-12-18 13:45:00",529882,13.46,33.45,746.2,26.39,33.85
"2025-12-18 13:50:00",529883,13.47,33.1,746,25.63,35.12
"2025-12-18 13:55:00",529884,13.46,32.74,746,26.05,30.86
"2025-12-18 14:00:00",529885,13.47,32.43,746,26.31,30.61
"2025-12-18 14:05:00",529886,13.46,32.16,745.9,25.94,32
"2025-12-18 14:10:00",529887,13.46,31.94,745.9,25.92,32.1
"2025-12-18 14:15:00",529888,13.46,31.69,745.8,25.6,35.22
"2025-12-18 14:20:00",529889,13.47,31.42,745.9,24.93,35.52
"2025-12-18 14:25:00",529890,13.46,31.07,745.8,24.84,37.04
"2025-12-18 14:30:00",529891,13.46,30.67,745.9,24.27,37.84
"2025-12-18 14:35:00",529892,13.46,30.27,745.8,24.39,38.58
"2025-12-18 14:40:00",529893,13.49,29.9,745.8,24.39,38.84
"2025-12-18 14:45:00",529894,13.49,29.6,745.8,24.36,38.77
"2025-12-18 14:50:00",529895,13.49,29.36,745.7,24.52,38.66
"2025-12-18 14:55:00",529896,13.49,29.17,745.7,24.24,39.25
"2025-12-18 15:00:00",529897,13.49,29.01,745.6,24.35,39.5
"2025-12-18 15:05:00",529898,13.51,28.91,745.6,24.72,38.84
"2025-12-18 15:10:00",529899,13.51,28.84,745.4,24.77,39.47
"2025-12-18 15:15:00",529900,13.52,28.81,745.4,24.65,40.21
"2025-12-18 15:20:00",529901,13.52,28.8,745.4,24.91,39.65
"2025-12-18 15:25:00",529902,13.51,28.84,745.3,25.06,38.85
"2025-12-18 15:30:00",529903,13.52,28.92,745.3,25.29,38.14
"2025-12-18 15:35:00",529904,13.52,29.06,745.3,25.8,37.4
"2025-12-18 15:40:00",529905,13.52,29.36,745.3,26.3,36.72
"2025-12-18 15:45:00",529906,13.52,29.85,745.2,27.04,34.25
"2025-12-18 15:50:00",529907,13.52,30.45,745.2,27.15,33.42
"2025-12-18 15:55:00",529908,13.52,31.13,745.2,27.58,33.02
"2025-12-18 16:00:00",529909,13.52,31.92,745.1,28.42,31.57
"2025-12-18 16:05:00",529910,13.49,32.7,745.1,27.83,31.15
"2025-12-18 16:10:00",529911,13.5,33.31,745,27.96,31.23
"2025-12-18 16:15:00",529912,13.47,33.74,745,28.13,31.71
"2025-12-18 16:20:00",529913,13.47,34.08,744.9,27.21,32.34
"2025-12-18 16:25:00",529914,13.47,34.28,744.8,27.17,32.34
"2025-12-18 16:30:00",529915,13.47,34.39,744.7,27.08,33.04
"2025-12-18 16:35:00",529916,13.48,34.45,744.6,27.08,33.68
"2025-12-18 16:40:00",529917,13.47,34.46,744.6,26.75,33.35
"2025-12-18 16:45:00",529918,13.48,34.39,744.6,27.26,33.06
"2025-12-18 16:50:00",529919,13.47,34.34,744.6,27.2,32.65
"2025-12-18 16:55:00",529920,13.47,34.28,744.7,26.66,33.21
"2025-12-18 17:00:00",529921,13.47,34.21,744.7,27,32.8
"2025-12-18 17:05:00",529922,13.47,34.16,744.7,26.95,34.17
"2025-12-18 17:10:00",529923,13.47,34.06,744.7,26.53,35.61
"2025-12-18 17:15:00",529924,13.47,33.85,744.7,26.45,34.46
"2025-12-18 17:20:00",529925,13.47,33.59,744.7,26.07,35.63
"2025-12-18 17:25:00",529926,13.47,33.29,744.7,26.1,37.26
"2025-12-18 17:30:00",529927,13.47,33.01,744.7,26.3,36.45
"2025-12-18 17:35:00",529928,13.47,32.76,744.8,26.08,36.56
"2025-12-18 17:40:00",529929,13.47,32.53,744.8,25.84,35.94
"2025-12-18 17:45:00",529930,13.47,32.58,744.9,25.91,36.88
"2025-12-18 17:50:00",529931,13.46,32.06,744.9,25.68,37.05
"2025-12-18 17:55:00",529932,13.38,31.35,744.9,25.31,38.05
"2025-12-18 18:00:00",529933,13.29,30.82,744.9,25.33,37.48
"2025-12-18 18:05:00",529934,13.23,30.43,745,25.51,37.67
"2025-12-18 18:10:00",529935,13.16,30.16,745,25.36,37.42
"2025-12-18 18:15:00",529936,13.11,29.88,745,24.9,38.17
"2025-12-18 18:20:00",529937,13.05,29.51,745.1,24.61,38.87
"2025-12-18 18:25:00",529938,13,29.04,745.1,24.41,38.97
"2025-12-18 18:30:00",529939,12.97,28.56,745.1,24.27,41.19
"2025-12-18 18:35:00",529940,12.95,28.1,745.2,23.72,42.11
"2025-12-18 18:40:00",529941,12.93,27.66,745.2,23.54,43.22
"2025-12-18 18:45:00",529942,12.91,27.26,745.3,23.32,43.42
"2025-12-18 18:50:00",529943,12.9,26.88,745.3,23.07,44.2
"2025-12-18 18:55:00",529944,12.9,26.52,745.4,23.3,42.38
"2025-12-18 19:00:00",529945,12.89,26.17,745.5,23.16,43.27
"2025-12-18 19:05:00",529946,12.89,25.84,745.6,22.95,43.77
"2025-12-18 19:10:00",529947,12.88,25.55,745.7,22.96,44
"2025-12-18 19:15:00",529948,12.88,25.26,745.8,22.58,44.88
"2025-12-18 19:20:00",529949,12.87,25,745.8,22.15,46.5
"2025-12-18 19:25:00",529950,12.87,24.73,746,21.93,48.38
"2025-12-18 19:30:00",529951,12.87,24.46,746.1,21.78,49.88
"2025-12-18 19:35:00",529952,12.86,24.24,746.2,21.93,49.08
"2025-12-18 19:40:00",529953,12.86,24.04,746.3,21.9,49.7
"2025-12-18 19:45:00",529954,12.86,23.85,746.5,21.67,50.46
"2025-12-18 19:50:00",529955,12.85,23.7,746.6,21.71,50.22
"2025-12-18 19:55:00",529956,12.85,23.57,746.7,21.54,50.98
"2025-12-18 20:00:00",529957,12.85,23.36,746.8,21.48,51.26
"2025-12-18 20:05:00",529958,12.85,23.23,746.9,21.44,51.22
"2025-12-18 20:10:00",529959,12.85,23.11,747,21.39,51.24
"2025-12-18 20:15:00",529960,12.84,23.03,747.1,21.23,51.41
"2025-12-18 20:20:00",529961,12.84,22.95,747.3,21.19,51.84
"2025-12-18 20:25:00",529962,12.84,22.9,747.4,21.06,52.33
"2025-12-18 20:30:00",529963,12.84,22.86,747.5,21.06,52.2
"2025-12-18 20:35:00",529964,12.83,22.79,747.7,20.95,52.72
"2025-12-18 20:40:00",529965,12.83,22.74,747.8,20.82,53.1
"2025-12-18 20:45:00",529966,12.83,22.67,747.9,20.89,53.52
"2025-12-18 20:50:00",529967,12.83,22.54,748,20.78,54.09
"2025-12-18 20:55:00",529968,12.83,22.45,748.2,20.65,54.54
"2025-12-18 21:00:00",529969,12.83,22.4,748.1,20.52,55.26
"2025-12-18 21:05:00",529970,12.83,22.32,748.2,20.4,55.71
"2025-12-18 21:10:00",529971,12.82,22.24,748.3,20.35,55.52
"2025-12-18 21:15:00",529972,12.82,22.18,748.4,20.34,55.48
"2025-12-18 21:20:00",529973,12.82,22.09,748.5,20.2,55.46
"2025-12-18 21:25:00",529974,12.82,21.99,748.5,20.18,55.77
"2025-12-18 21:30:00",529975,12.81,21.87,748.6,19.94,56.32
"2025-12-18 21:35:00",529976,12.81,21.76,748.6,19.83,56.64
"2025-12-18 21:40:00",529977,12.81,21.63,748.6,19.74,56.93
"2025-12-18 21:45:00",529978,12.81,21.53,748.7,19.78,56.69
"2025-12-18 21:50:00",529979,12.81,21.47,748.8,19.84,56.58
"2025-12-18 21:55:00",529980,12.81,21.43,748.8,19.78,57.03
"2025-12-18 22:00:00",529981,12.8,21.39,748.9,19.87,55.85
"2025-12-18 22:05:00",529982,12.8,21.38,749,19.84,56.18
"2025-12-18 22:10:00",529983,12.79,21.38,749.2,19.8,56.79
"2025-12-18 22:15:00",529984,12.79,21.35,749.2,19.72,56.59
"2025-12-18 22:20:00",529985,12.79,21.34,749.3,19.68,56.25
"2025-12-18 22:25:00",529986,12.79,21.31,749.3,19.64,56.24
"2025-12-18 22:30:00",529987,12.79,21.25,749.4,19.54,56.84
"2025-12-18 22:35:00",529988,12.79,21.21,749.5,19.49,56.83
"2025-12-18 22:40:00",529989,12.78,21.18,749.6,19.47,56.95
"2025-12-18 22:45:00",529990,12.78,21.13,749.6,19.41,57.1
"2025-12-18 22:50:00",529991,12.78,21.1,749.7,19.49,56.96
"2025-12-18 22:55:00",529992,12.78,21.08,749.7,19.49,57.38
"2025-12-18 23:00:00",529993,12.78,21.06,749.7,19.43,57.65
"2025-12-18 23:05:00",529994,12.78,21,749.7,19.5,56.68
"2025-12-18 23:10:00",529995,12.78,20.96,749.7,19.48,56.68
"2025-12-18 23:15:00",529996,12.78,20.96,749.7,19.46,56.86
"2025-12-18 23:20:00",529997,12.77,20.93,749.7,19.47,57.26
"2025-12-18 23:25:00",529998,12.77,20.91,749.7,19.5,57.51
"2025-12-18 23:30:00",529999,12.77,20.88,749.7,19.5,56.04
"2025-12-18 23:35:00",530000,12.77,20.87,749.7,19.42,56.24
"2025-12-18 23:40:00",530001,12.77,20.85,749.7,19.37,56.57
"2025-12-18 23:45:00",530002,12.77,20.81,749.6,19.27,57.17
"2025-12-18 23:50:00",530003,12.77,20.78,749.6,19.29,56.8
"2025-12-18 23:55:00",530004,12.77,20.66,749.6,19.24,57.35
"2025-12-19 00:00:00",530005,12.77,20.6,749.6,19.14,57.64
"2025-12-19 00:05:00",530006,12.76,20.51,749.5,19.05,56.34
"2025-12-19 00:10:00",530007,12.77,20.47,749.5,19.15,57.42
"2025-12-19 00:15:00",530008,12.76,20.43,749.5,19.06,56.95
"2025-12-19 00:20:00",530009,12.76,20.4,749.5,19.14,56.81
"2025-12-19 00:25:00",530010,12.76,20.38,749.5,19.26,55.57
"2025-12-19 00:30:00",530011,12.76,20.37,749.5,19.24,55.44
"2025-12-19 00:35:00",530012,12.76,20.35,749.5,19.2,56.36
"2025-12-19 00:40:00",530013,12.76,20.32,749.5,19.19,55.9
"2025-12-19 00:45:00",530014,12.76,20.27,749.5,19.1,56.31
"2025-12-19 00:50:00",530015,12.76,20.22,749.5,19.04,55.48
"2025-12-19 00:55:00",530016,12.76,20.16,749.4,19.01,55.9
"2025-12-19 01:00:00",530017,12.76,20.07,749.4,18.82,56.7
"2025-12-19 01:05:00",530018,12.76,19.96,749.4,18.71,56.32
"2025-12-19 01:10:00",530019,12.76,19.86,749.4,18.78,56.2
"2025-12-19 01:15:00",530020,12.76,19.76,749.4,18.7,56.25
"2025-12-19 01:20:00",530021,12.76,19.67,749.3,18.65,56.74
"2025-12-19 01:25:00",530022,12.76,19.58,749.4,18.62,57.01
"2025-12-19 01:30:00",530023,12.76,19.51,749.4,18.34,58.88
"2025-12-19 01:35:00",530024,12.76,19.45,749.3,18.41,58.62
"2025-12-19 01:40:00",530025,12.75,19.43,749.3,18.63,57.53
"2025-12-19 01:45:00",530026,12.75,19.43,749.3,18.74,56.63
"2025-12-19 01:50:00",530027,12.75,19.46,749.3,18.67,57.14
"2025-12-19 01:55:00",530028,12.75,19.49,749.2,18.81,56.85
"2025-12-19 02:00:00",530029,12.75,19.54,749.2,18.94,59.09
"2025-12-19 02:05:00",530030,12.75,19.61,749.3,18.74,60.91
"2025-12-19 02:10:00",530031,12.74,19.67,749.3,18.7,62.1
"2025-12-19 02:15:00",530032,12.75,19.7,749.2,18.49,63.12
"2025-12-19 02:20:00",530033,12.74,19.73,749.3,18.41,63.82
"2025-12-19 02:25:00",530034,12.74,19.73,749.2,18.29,64.28
"2025-12-19 02:30:00",530035,12.74,19.71,749.2,18.15,65.29
"2025-12-19 02:35:00",530036,12.74,19.67,749.2,18.05,65.45
"2025-12-19 02:40:00",530037,12.73,19.65,749.2,17.99,65.56
"2025-12-19 02:45:00",530038,12.73,19.58,749.1,17.95,66.02
"2025-12-19 02:50:00",530039,12.73,19.54,749,18.01,65.53
"2025-12-19 02:55:00",530040,12.73,19.49,749,17.97,65.61
"2025-12-19 03:00:00",530041,12.73,19.47,749,18.22,62.09
"2025-12-19 03:05:00",530042,12.73,19.36,749,18.33,60.63
"2025-12-19 03:10:00",530043,12.72,19.31,749,18.33,63.96
"2025-12-19 03:15:00",530044,12.72,19.3,749,18.15,65.17
"2025-12-19 03:20:00",530045,12.72,19.29,749,18.01,65
"2025-12-19 03:25:00",530046,12.72,19.27,749,18,65.41
"2025-12-19 03:30:00",530047,12.71,19.26,749,18.08,64.8
"2025-12-19 03:35:00",530048,12.71,19.25,748.9,18.04,65.86
"2025-12-19 03:40:00",530049,12.71,19.22,749,17.87,66.8
"2025-12-19 03:45:00",530050,12.71,19.16,749,17.73,67.57
"2025-12-19 03:50:00",530051,12.71,19.11,749,17.61,68.05
"2025-12-19 03:55:00",530052,12.7,19.05,749,17.57,68.36
"2025-12-19 04:00:00",530053,12.7,19.01,749,17.71,67.22
"2025-12-19 04:05:00",530054,12.7,18.98,749,17.66,67.65
"2025-12-19 04:10:00",530055,12.7,18.96,749,17.6,68.02
"2025-12-19 04:15:00",530056,12.69,18.94,749,17.53,68.33
"2025-12-19 04:20:00",530057,12.69,18.91,749,17.47,68.64
"2025-12-19 04:25:00",530058,12.69,18.87,748.9,17.38,69.26
"2025-12-19 04:30:00",530059,12.69,18.83,749,17.25,69.53
"2025-12-19 04:35:00",530060,12.69,18.75,749,17.15,70.38
"2025-12-19 04:40:00",530061,12.68,18.66,748.9,17.05,71.66
"2025-12-19 04:45:00",530062,12.68,18.56,748.9,16.95,72.3
"2025-12-19 04:50:00",530063,12.68,18.43,749,16.87,72.38
"2025-12-19 04:55:00",530064,12.67,18.32,749,16.84,71.53
"2025-12-19 05:00:00",530065,12.67,18.18,749,16.81,71.24
"2025-12-19 05:05:00",530066,12.67,18.01,749.1,16.77,71.2
"2025-12-19 05:10:00",530067,12.67,17.89,749.1,16.73,71.34
"2025-12-19 05:15:00",530068,12.67,17.79,749.2,16.67,71.68
"2025-12-19 05:20:00",530069,12.66,17.71,749.3,16.5,72.45
"2025-12-19 05:25:00",530070,12.66,17.64,749.3,16.39,73.14
"2025-12-19 05:30:00",530071,12.66,17.56,749.4,16.32,73.3
"2025-12-19 05:35:00",530072,12.65,17.53,749.5,16.18,73.98
"2025-12-19 05:40:00",530073,12.65,17.52,749.5,16.14,74.34
"2025-12-19 05:45:00",530074,12.65,17.53,749.6,16.08,74.56
"2025-12-19 05:50:00",530075,12.66,17.52,749.7,16.12,74.54
"2025-12-19 05:55:00",530076,12.67,17.52,749.7,16.14,74.2
"2025-12-19 06:00:00",530077,12.71,17.54,749.8,16.13,74.11
"2025-12-19 06:05:00",530078,12.75,17.6,749.8,16.15,74.14
"2025-12-19 06:10:00",530079,12.8,17.56,749.9,16.24,73.8
"2025-12-19 06:15:00",530080,12.87,17.6,749.9,16.39,73.45
"2025-12-19 06:20:00",530081,12.95,17.68,750,16.41,73.11
"2025-12-19 06:25:00",530082,13.01,17.76,750,16.46,73.5
"2025-12-19 06:30:00",530083,13.1,17.84,750,16.5,73.42
"2025-12-19 06:35:00",530084,13.23,17.94,750.1,16.56,73.35
"2025-12-19 06:40:00",530085,13.48,18.16,750.1,17.01,72
"2025-12-19 06:45:00",530086,13.49,18.48,750.2,17.54,69.84
"2025-12-19 06:50:00",530087,13.57,18.91,750.2,17.83,68.15
"2025-12-19 06:55:00",530088,13.56,19.45,750.2,18.21,67.19
"2025-12-19 07:00:00",530089,13.55,20.03,750.3,18.01,67.21
"2025-12-19 07:05:00",530090,13.45,20.4,750.3,17.87,67.48
"2025-12-19 07:10:00",530091,13.46,20.64,750.4,17.85,67.42
"2025-12-19 07:15:00",530092,13.48,20.81,750.3,17.59,68.98
"2025-12-19 07:20:00",530093,13.5,20.9,750.4,17.79,68.55
"2025-12-19 07:25:00",530094,13.53,20.96,750.4,17.9,68.28
"2025-12-19 07:30:00",530095,13.51,21.01,750.4,17.93,68.17
"2025-12-19 07:35:00",530096,13.54,21.04,750.4,17.95,67.14
"2025-12-19 07:40:00",530097,13.64,21.14,750.5,18,67.47
"2025-12-19 07:45:00",530098,13.65,21.22,750.5,17.42,69.56
"2025-12-19 07:50:00",530099,13.81,21.29,750.5,17.8,68.76
"2025-12-19 07:55:00",530100,13.88,21.36,750.5,17.68,68.18
"2025-12-19 08:00:00",530101,13.71,21.97,750.5,17.74,68.1
"2025-12-19 08:05:00",530102,13.71,22.6,750.6,18.18,67.65
"2025-12-19 08:10:00",530103,13.68,22.92,750.6,18.65,65.76
"2025-12-19 08:15:00",530104,13.68,23.22,750.6,18.77,64.63
"2025-12-19 08:20:00",530105,13.68,23.43,750.7,18.16,66.83
"2025-12-19 08:25:00",530106,13.68,23.6,750.6,18.89,65
"2025-12-19 08:30:00",530107,13.65,23.91,750.7,19.93,60.62
"2025-12-19 08:35:00",530108,13.65,24.56,750.7,20.88,57.6
"2025-12-19 08:40:00",530109,13.63,25.29,750.7,21.09,56.37
"2025-12-19 08:45:00",530110,13.63,26.04,750.7,21.62,53.62
"2025-12-19 08:50:00",530111,13.6,26.79,750.7,21.93,53.76
"2025-12-19 08:55:00",530112,13.6,27.55,750.6,21.34,54.52
"2025-12-19 09:00:00",530113,13.58,28.22,750.6,21.49,53.48
"2025-12-19 09:05:00",530114,13.58,28.8,750.6,21.73,53.92
"2025-12-19 09:10:00",530115,13.56,29.26,750.6,21.79,52.65
"2025-12-19 09:15:00",530116,13.55,29.53,750.6,21.91,51.91
"2025-12-19 09:20:00",530117,13.55,29.7,750.6,21.48,52.04
"2025-12-19 09:25:00",530118,13.56,29.75,750.5,21.57,51.42
"2025-12-19 09:30:00",530119,13.56,29.75,750.5,21.29,51.61
"2025-12-19 09:35:00",530120,13.56,29.72,750.5,21.76,51.23
"2025-12-19 09:40:00",530121,13.56,29.76,750.4,21.78,50.98
"2025-12-19 09:45:00",530122,13.56,29.78,750.4,21.59,52.21
"2025-12-19 09:50:00",530123,13.56,29.77,750.4,22.01,51.55
"2025-12-19 09:55:00",530124,13.56,29.69,750.3,21.56,53.18
"2025-12-19 10:00:00",530125,13.56,29.54,750.2,20.91,53.58
"2025-12-19 10:05:00",530126,13.56,29.44,750.2,21.56,51.96
"2025-12-19 10:10:00",530127,13.56,29.58,750.1,23.22,48.29
"2025-12-19 10:15:00",530128,13.53,30.11,750,24.42,47.29
"2025-12-19 10:20:00",530129,13.53,30.8,750,21.06,54.41
"2025-12-19 10:25:00",530130,13.53,31.28,749.9,21.89,52.16
"2025-12-19 10:30:00",530131,13.51,31.59,749.9,21.33,52.77
"2025-12-19 10:35:00",530132,13.51,31.74,749.9,22.12,51.78
"2025-12-19 10:40:00",530133,13.51,31.92,749.8,23.19,47.78
"2025-12-19 10:45:00",530134,13.51,32.21,749.7,24.05,46.12
"2025-12-19 10:50:00",530135,13.49,32.57,749.7,22.85,51.73
"2025-12-19 10:55:00",530136,13.49,32.85,749.6,22.93,48.29
"2025-12-19 11:00:00",530137,13.49,33.08,749.5,24.18,45.72
"2025-12-19 11:05:00",530138,13.49,33.35,749.4,25.52,44.2
"2025-12-19 11:10:00",530139,13.46,33.77,749.4,26.29,40.75
"2025-12-19 11:15:00",530140,13.46,34.27,749.3,25.36,45.18
"2025-12-19 11:20:00",530141,13.46,34.61,749.2,24.16,45.72
"2025-12-19 11:25:00",530142,13.46,34.8,749.1,24.39,44.1
"2025-12-19 11:30:00",530143,13.44,34.86,749,24.82,44.89
"2025-12-19 11:35:00",530144,13.44,34.95,748.9,25.72,41.35
"2025-12-19 11:40:00",530145,13.44,35.08,748.8,25.97,40.85
"2025-12-19 11:45:00",530146,13.44,35.25,748.7,26.02,40.06
"2025-12-19 11:50:00",530147,13.44,35.41,748.6,24.97,42.64
"2025-12-19 11:55:00",530148,13.44,35.55,748.6,25.84,40.77
"2025-12-19 12:00:00",530149,13.44,35.58,748.4,26.09,40.14
"2025-12-19 12:05:00",530150,13.44,35.72,748.4,25.66,39.7
"2025-12-19 12:10:00",530151,13.44,35.55,748.3,25.37,40.42
"2025-12-19 12:15:00",530152,13.44,35.44,748.2,26.16,38.66
"2025-12-19 12:20:00",530153,13.44,35.35,748.1,25.42,40.3
"2025-12-19 12:25:00",530154,13.44,35.25,747.9,26.18,38.7
"2025-12-19 12:30:00",530155,13.44,35.21,747.8,25.93,39.13
"2025-12-19 12:35:00",530156,13.44,35.22,747.7,27.12,36.6
"2025-12-19 12:40:00",530157,13.44,35.28,747.6,26.87,36.71
"2025-12-19 12:45:00",530158,13.44,35.31,747.5,25.94,37.91
"2025-12-19 12:50:00",530159,13.44,35.25,747.4,26.57,36.81
"2025-12-19 12:55:00",530160,13.44,35.16,747.4,25.75,38.16
"2025-12-19 13:00:00",530161,13.44,34.99,747.3,26.12,37.1
"2025-12-19 13:05:00",530162,13.44,34.85,747.2,26.14,37.57
"2025-12-19 13:10:00",530163,13.44,34.74,747,26.25,37.11
"2025-12-19 13:15:00",530164,13.44,34.66,746.9,26.98,36.05
"2025-12-19 13:20:00",530165,13.44,34.68,746.8,27.74,35.46
"2025-12-19 13:25:00",530166,13.44,34.73,746.8,27.32,35.48
"2025-12-19 13:30:00",530167,13.44,34.76,746.6,27.62,35.58
"2025-12-19 13:35:00",530168,13.44,34.78,746.5,27.66,34.51
"2025-12-19 13:40:00",530169,13.44,34.81,746.4,27.04,34.85
"2025-12-19 13:45:00",530170,13.44,34.75,746.3,27.53,33.76
"2025-12-19 13:50:00",530171,13.44,34.67,746.1,26.56,35.88
"2025-12-19 13:55:00",530172,13.44,34.5,746.1,26.78,35.86
"2025-12-19 14:00:00",530173,13.44,34.34,746,26.69,37.29
"2025-12-19 14:05:00",530174,13.44,34.16,745.9,26.05,36.83
"2025-12-19 14:10:00",530175,13.44,33.98,745.8,27.11,35.56
"2025-12-19 14:15:00",530176,13.44,33.87,745.8,27.39,33.74
"2025-12-19 14:20:00",530177,13.44,33.87,745.7,27.86,33.25
"2025-12-19 14:25:00",530178,13.44,34.04,745.5,27.9,33.08
"2025-12-19 14:30:00",530179,13.44,34.32,745.4,28.36,32.17
"2025-12-19 14:35:00",530180,13.44,34.69,745.4,28.48,32.49
"2025-12-19 14:40:00",530181,13.44,35,745.3,27.5,34.49
"2025-12-19 14:45:00",530182,13.44,35.16,745.2,28.09,33.47
"2025-12-19 14:50:00",530183,13.44,35.29,745.1,28.7,32.04
"2025-12-19 14:55:00",530184,13.44,35.44,745,27.88,33.69
"2025-12-19 15:00:00",530185,13.45,35.59,745,28.22,33.58
"2025-12-19 15:05:00",530186,13.42,35.79,744.9,28.7,31.59
"2025-12-19 15:10:00",530187,13.42,35.91,744.8,28.54,32.73
"2025-12-19 15:15:00",530188,13.42,36.1,744.7,29.19,31.67
"2025-12-19 15:20:00",530189,13.42,36.29,744.7,27.75,34.18
"2025-12-19 15:25:00",530190,13.42,36.36,744.6,28.54,33.17
"2025-12-19 15:30:00",530191,13.42,36.43,744.6,27.99,33.26
"2025-12-19 15:35:00",530192,13.42,36.52,744.5,29.06,31.28
"2025-12-19 15:40:00",530193,13.42,36.72,744.4,29.15,30.75
"2025-12-19 15:45:00",530194,13.4,36.99,744.4,29.51,30.74
"2025-12-19 15:50:00",530195,13.4,37.23,744.3,28.06,31.84
"2025-12-19 15:55:00",530196,13.4,37.22,744.3,28.13,31.99
"2025-12-19 16:00:00",530197,13.4,37.19,744.2,29.72,30.08
"2025-12-19 16:05:00",530198,13.4,37.36,744.2,30.49,29.66
"2025-12-19 16:10:00",530199,13.4,37.7,744.1,29.97,30.1
"2025-12-19 16:15:00",530200,13.4,37.9,744,27.82,32.33
"2025-12-19 16:20:00",530201,13.4,37.81,744,29.31,31.03
"2025-12-19 16:25:00",530202,13.4,37.7,743.7,27.97,34.84
"2025-12-19 16:30:00",530203,13.4,37.36,743.8,27.52,34.56
"2025-12-19 16:35:00",530204,13.4,36.86,743.8,27.99,34.64
"2025-12-19 16:40:00",530205,13.4,36.38,743.8,27.62,34.37
"2025-12-19 16:45:00",530206,13.4,36.01,743.8,28.02,33.6
"2025-12-19 16:50:00",530207,13.4,35.78,743.8,27.68,34.58
"2025-12-19 16:55:00",530208,13.4,35.64,743.7,28.01,34.61
"2025-12-19 17:00:00",530209,13.4,35.49,743.7,28.07,34.07
"2025-12-19 17:05:00",530210,13.4,35.44,743.7,28.6,33.25
"2025-12-19 17:10:00",530211,13.4,35.55,743.7,29.31,31.65
"2025-12-19 17:15:00",530212,13.4,35.71,743.7,27.75,33.3
"2025-12-19 17:20:00",530213,13.4,35.74,743.8,28.18,33.38
"2025-12-19 17:25:00",530214,13.4,35.64,743.8,27.84,33.88
"2025-12-19 17:30:00",530215,13.4,35.38,743.9,27.36,33.94
"2025-12-19 17:35:00",530216,13.4,35.02,743.8,27.16,34.53
"2025-12-19 17:40:00",530217,13.4,34.62,743.8,26.63,35.55
"2025-12-19 17:45:00",530218,13.4,34.12,743.9,26.57,35.08
"2025-12-19 17:50:00",530219,13.42,33.63,743.9,26.5,36.34
"2025-12-19 17:55:00",530220,13.42,33.16,743.9,26.25,36.38
"2025-12-19 18:00:00",530221,13.42,32.68,744,26.18,36.84
"2025-12-19 18:05:00",530222,13.42,32.22,744,26.22,36.44
"2025-12-19 18:10:00",530223,13.45,31.62,744,25.98,37.68
"2025-12-19 18:15:00",530224,13.45,30.72,744.1,25.87,37.8
"2025-12-19 18:20:00",530225,13.35,30.08,744.2,25.98,37.81
"2025-12-19 18:25:00",530226,13.23,29.67,744.2,26.17,37.3
"2025-12-19 18:30:00",530227,13.13,29.33,744.3,25.58,38.96
"2025-12-19 18:35:00",530228,13.04,29.02,744.3,25.22,39.52
"2025-12-19 18:40:00",530229,12.98,28.7,744.4,24.95,39.85
"2025-12-19 18:45:00",530230,12.94,28.39,744.5,24.84,40.1
"2025-12-19 18:50:00",530231,12.91,28.09,744.6,24.65,40.25
"2025-12-19 18:55:00",530232,12.9,27.78,744.7,24.63,40.18
"2025-12-19 19:00:00",530233,12.89,27.49,744.8,24.63,40.18
"2025-12-19 19:05:00",530234,12.89,27.2,744.9,24.51,40.96
"2025-12-19 19:10:00",530235,12.89,26.95,745.1,24.46,40.23
"2025-12-19 19:15:00",530236,12.88,26.75,745.2,24.4,41.07
"2025-12-19 19:20:00",530237,12.88,26.55,745.3,24.22,42.19
"2025-12-19 19:25:00",530238,12.87,26.38,745.3,24.1,42.7
"2025-12-19 19:30:00",530239,12.87,26.21,745.4,23.76,44.18
"2025-12-19 19:35:00",530240,12.87,26.03,745.4,23.6,43.26
"2025-12-19 19:40:00",530241,12.87,25.86,745.5,23.31,44.39
"2025-12-19 19:45:00",530242,12.86,25.7,745.6,23.31,44.78
"2025-12-19 19:50:00",530243,12.86,25.56,745.8,23.17,45.85
"2025-12-19 19:55:00",530244,12.86,25.45,746,22.77,46.8
"2025-12-19 20:00:00",530245,12.85,25.33,746.1,22.68,47.11
"2025-12-19 20:05:00",530246,12.85,25.24,746.3,22.55,47.63
"2025-12-19 20:10:00",530247,12.85,25.12,746.4,22.32,47.89
"2025-12-19 20:15:00",530248,12.85,24.97,746.6,22.16,48.16
"2025-12-19 20:20:00",530249,12.85,24.81,746.6,21.98,49.27
"2025-12-19 20:25:00",530250,12.85,24.68,746.7,21.99,48.45
"2025-12-19 20:30:00",530251,12.84,24.55,746.8,22.11,48.02
"2025-12-19 20:35:00",530252,12.84,24.44,746.9,22.08,47.76
"2025-12-19 20:40:00",530253,12.84,24.36,746.9,22.04,48.08
"2025-12-19 20:45:00",530254,12.84,24.27,746.9,22.04,47.63
"2025-12-19 20:50:00",530255,12.84,24.14,747,21.89,48.88
"2025-12-19 20:55:00",530256,12.84,23.97,747.1,21.9,48.28
"2025-12-19 21:00:00",530257,12.83,23.85,747.2,21.8,49.82
"2025-12-19 21:05:00",530258,12.83,23.73,747.3,21.49,53.54
"2025-12-19 21:10:00",530259,12.83,23.57,747.4,21.31,53.58
"2025-12-19 21:15:00",530260,12.83,23.39,747.5,21.14,53.65
"2025-12-19 21:20:00",530261,12.83,23.27,747.5,21.06,53.36
"2025-12-19 21:25:00",530262,12.82,23.2,747.6,21.15,52.9
"2025-12-19 21:30:00",530263,12.82,23.11,747.6,21.27,52.89
"2025-12-19 21:35:00",530264,12.82,23.09,747.7,21.41,51.84
"2025-12-19 21:40:00",530265,12.82,23.06,747.8,21.54,51.11
"2025-12-19 21:45:00",530266,12.82,23.02,747.8,21.43,51.15
"2025-12-19 21:50:00",530267,12.82,23.01,747.8,21.43,51.5
"2025-12-19 21:55:00",530268,12.82,22.95,747.8,21.32,51.55
"2025-12-19 22:00:00",530269,12.81,22.88,747.8,21.24,51.72
"2025-12-19 22:05:00",530270,12.82,22.83,747.9,21.13,52.15
"2025-12-19 22:10:00",530271,12.81,22.77,748,20.97,52.81
"2025-12-19 22:15:00",530272,12.81,22.75,748,20.93,53.43
"2025-12-19 22:20:00",530273,12.81,22.7,748,20.72,53.71
"2025-12-19 22:25:00",530274,12.81,22.67,748,20.62,54.1
"2025-12-19 22:30:00",530275,12.81,22.61,748.1,20.62,54.2
"2025-12-19 22:35:00",530276,12.81,22.57,748.1,20.54,54.83
"2025-12-19 22:40:00",530277,12.81,22.52,748.2,20.42,55.77
"2025-12-19 22:45:00",530278,12.81,22.48,748.2,20.51,55.57
"2025-12-19 22:50:00",530279,12.8,22.44,748.2,20.5,55.04
"2025-12-19 22:55:00",530280,12.8,22.42,748.2,20.46,54.88
"2025-12-19 23:00:00",530281,12.8,22.4,748.2,20.5,54.52
"2025-12-19 23:05:00",530282,12.8,22.34,748.2,20.5,54.52
"2025-12-19 23:10:00",530283,12.8,22.27,748.2,20.44,55.38
"2025-12-19 23:15:00",530284,12.8,22.19,748.1,20.36,55.3
"2025-12-19 23:20:00",530285,12.8,22.13,748.1,20.46,55.04
"2025-12-19 23:25:00",530286,12.8,22.08,748,20.47,55.66
"2025-12-19 23:30:00",530287,12.8,22.06,747.9,20.21,56.88
"2025-12-19 23:35:00",530288,12.79,22.07,747.8,20.15,57.12
"2025-12-19 23:40:00",530289,12.79,22.05,747.8,20.19,56.94
"2025-12-19 23:45:00",530290,12.79,22.05,747.9,20.16,57.3
"2025-12-19 23:50:00",530291,12.79,22.02,748.1,20.24,57.07
"2025-12-19 23:55:00",530292,12.79,21.98,748.2,20.24,57.16
"2025-12-20 00:00:00",530293,12.79,21.95,748.2,20.29,57.29
"2025-12-20 00:05:00",530294,12.78,21.92,748.2,20.31,56.87
"2025-12-20 00:10:00",530295,12.79,21.89,748.2,20.15,57.52
"2025-12-20 00:15:00",530296,12.78,21.85,748.2,20.12,57.08
"2025-12-20 00:20:00",530297,12.79,21.78,748.2,20.29,56.28
"2025-12-20 00:25:00",530298,12.79,21.73,748.2,20.19,56.91
"2025-12-20 00:30:00",530299,12.79,21.7,748.2,20.08,57.93
"2025-12-20 00:35:00",530300,12.79,21.66,748.2,20.03,58.96
"2025-12-20 00:40:00",530301,12.78,21.65,748.2,19.94,56.41
"2025-12-20 00:45:00",530302,12.78,21.62,748.3,19.11,54.56
"2025-12-20 00:50:00",530303,12.78,21.51,748.2,18.67,54.35
"2025-12-20 00:55:00",530304,12.78,21.33,748.2,18.59,56.27
"2025-12-20 01:00:00",530305,12.78,21.14,748.2,18.55,56.29
"2025-12-20 01:05:00",530306,12.77,20.98,748.3,18.36,56.11
"2025-12-20 01:10:00",530307,12.77,20.81,748.2,18.29,56.29
"2025-12-20 01:15:00",530308,12.77,20.65,748.2,18.31,54.26
"2025-12-20 01:20:00",530309,12.77,20.51,748.2,18.13,53.71
"2025-12-20 01:25:00",530310,12.77,20.39,748.2,18,54.03
"2025-12-20 01:30:00",530311,12.76,20.29,748.2,17.91,54.76
"2025-12-20 01:35:00",530312,12.76,20.19,748.3,17.84,55.48
"2025-12-20 01:40:00",530313,12.76,20.11,748.6,17.74,55.47
"2025-12-20 01:45:00",530314,12.76,20.04,748.8,18.05,54.63
"2025-12-20 01:50:00",530315,12.75,19.99,748.9,17.55,59.21
"2025-12-20 01:55:00",530316,12.75,19.86,749.1,16.73,65.93
"2025-12-20 02:00:00",530317,12.75,19.47,749.1,16.08,71.73
"2025-12-20 02:05:00",530318,12.75,18.89,749.2,15.29,78.53
"2025-12-20 02:10:00",530319,12.74,18.3,749.2,14.79,82.4
"2025-12-20 02:15:00",530320,12.74,17.78,749.1,14.41,86.3
"2025-12-20 02:20:00",530321,12.74,17.34,749.1,14.26,86.7
"2025-12-20 02:25:00",530322,12.74,16.95,749,14.52,87.3
"2025-12-20 02:30:00",530323,12.73,16.69,749,14.61,85.3
"2025-12-20 02:35:00",530324,12.73,16.5,749,14.53,82.5
"2025-12-20 02:40:00",530325,12.73,16.32,749,14.69,83.1
"2025-12-20 02:45:00",530326,12.72,16.21,749.2,14.68,82.5
"2025-12-20 02:50:00",530327,12.72,16.14,749.2,14.71,84.5
"2025-12-20 02:55:00",530328,12.72,16.09,749.2,14.62,84.3
"2025-12-20 03:00:00",530329,12.71,16.07,749.2,14.68,83.4
"2025-12-20 03:05:00",530330,12.71,16.06,749.3,14.7,82.2
"2025-12-20 03:10:00",530331,12.71,16.08,749.3,14.85,85.2
"2025-12-20 03:15:00",530332,12.7,16.09,749.4,14.85,81.7
"2025-12-20 03:20:00",530333,12.7,16.12,749.4,14.99,83.2
"2025-12-20 03:25:00",530334,12.7,16.06,749.5,14.81,82.1
"2025-12-20 03:30:00",530335,12.7,16.08,749.4,15.01,84.4
"2025-12-20 03:35:00",530336,12.69,16.09,749.5,14.79,85.3
"2025-12-20 03:40:00",530337,12.69,16.1,749.4,14.77,85.1
"2025-12-20 03:45:00",530338,12.69,16.1,749.5,14.92,83.9
"2025-12-20 03:50:00",530339,12.69,16.11,749.4,14.96,85.2
"2025-12-20 03:55:00",530340,12.68,16.15,749.4,14.89,85.4
"2025-12-20 04:00:00",530341,12.68,16.18,749.5,15.04,85.5
"2025-12-20 04:05:00",530342,12.68,16.21,749.5,15.07,86
"2025-12-20 04:10:00",530343,12.67,16.21,749.4,14.91,82.8
"2025-12-20 04:15:00",530344,12.67,16.2,749.4,14.74,84.8
"2025-12-20 04:20:00",530345,12.67,16.15,749.4,14.52,84
"2025-12-20 04:25:00",530346,12.66,16.08,749.5,14.42,84.2
"2025-12-20 04:30:00",530347,12.66,16,749.5,14.61,84.6
"2025-12-20 04:35:00",530348,12.65,15.98,749.6,14.61,84.8
"2025-12-20 04:40:00",530349,12.64,15.96,749.6,14.62,86
"2025-12-20 04:45:00",530350,12.64,15.98,749.6,14.61,87.1
"2025-12-20 04:50:00",530351,12.64,15.98,749.7,14.63,85.6
"2025-12-20 04:55:00",530352,12.64,16.01,749.7,14.63,85.5
"2025-12-20 05:00:00",530353,12.64,16.04,749.7,14.54,86.1
"2025-12-20 05:05:00",530354,12.63,16.07,749.8,14.47,85.4
"2025-12-20 05:10:00",530355,12.63,16.1,749.8,14.51,86.8
"2025-12-20 05:15:00",530356,12.63,16.13,749.9,14.63,86.1
"2025-12-20 05:20:00",530357,12.62,16.15,749.9,14.58,85
"2025-12-20 05:25:00",530358,12.62,16.14,749.8,14.37,84.8
"2025-12-20 05:30:00",530359,12.62,16.12,749.9,14.29,84.2
"2025-12-20 05:35:00",530360,12.62,16.08,749.9,14.23,85.8
"2025-12-20 05:40:00",530361,12.61,16.05,749.9,14.27,84.8
"2025-12-20 05:45:00",530362,12.61,16.06,749.9,14.33,84.3
"2025-12-20 05:50:00",530363,12.62,16.04,749.9,14.25,84.3
"2025-12-20 05:55:00",530364,12.63,16,749.9,14.23,84.5
"2025-12-20 06:00:00",530365,12.65,15.95,749.9,14.29,84.3
"2025-12-20 06:05:00",530366,12.67,15.9,749.9,14.28,82.4
"2025-12-20 06:10:00",530367,12.7,15.87,750,14.43,81.9
"2025-12-20 06:15:00",530368,12.73,15.86,750,14.53,82.9
"2025-12-20 06:20:00",530369,12.76,15.86,750,14.67,83.1
"2025-12-20 06:25:00",530370,12.8,15.88,750,14.8,81.3
"2025-12-20 06:30:00",530371,12.86,15.88,750.1,15.02,82.5
"2025-12-20 06:35:00",530372,12.93,15.92,750,15.02,80.3
"2025-12-20 06:40:00",530373,13.03,16,750,15.29,80.7
"2025-12-20 06:45:00",530374,13.12,15.9,750,15.46,78.43
"2025-12-20 06:50:00",530375,13.24,15.96,750.1,15.91,79.05
"2025-12-20 06:55:00",530376,13.31,16.21,750.1,16.5,75.55
"2025-12-20 07:00:00",530377,13.43,16.52,750.1,16.5,75.8
"2025-12-20 07:05:00",530378,13.58,16.99,750.1,16.61,74.58
"2025-12-20 07:10:00",530379,13.71,17.48,750.1,17.43,71.21
"2025-12-20 07:15:00",530380,13.86,18.08,750.1,18.29,67.23
"2025-12-20 07:20:00",530381,13.79,19.66,750,18.75,65.07
"2025-12-20 07:25:00",530382,13.76,20.66,750,19.36,64.07
"2025-12-20 07:30:00",530383,13.73,21.52,750,19,63.71
"2025-12-20 07:35:00",530384,13.7,22.21,750,17.67,67.77
"2025-12-20 07:40:00",530385,13.7,22.75,750,16.84,71.28
"2025-12-20 07:45:00",530386,13.7,23.04,750.1,16.89,72.29
"2025-12-20 07:50:00",530387,13.68,23.16,750.1,17.17,72.06
"2025-12-20 07:55:00",530388,13.68,23.27,750.1,17.81,67.03
"2025-12-20 08:00:00",530389,13.68,23.44,750.1,17.51,69.37
"2025-12-20 08:05:00",530390,13.68,23.86,750.1,19.08,64.77
"2025-12-20 08:10:00",530391,13.65,24.49,750.1,19.72,61.79
"2025-12-20 08:15:00",530392,13.65,25.06,750.1,19.71,62.15
"2025-12-20 08:20:00",530393,13.65,25.55,750.1,20.77,59.23
"2025-12-20 08:25:00",530394,13.63,26.06,750,20.87,58.58
"2025-12-20 08:30:00",530395,13.63,26.51,749.9,19.84,59.66
"2025-12-20 08:35:00",530396,13.6,26.79,749.9,19.41,60.84
"2025-12-20 08:40:00",530397,13.6,26.99,749.9,20.28,57.84
"2025-12-20 08:45:00",530398,13.6,27.17,749.8,19.68,59.21
"2025-12-20 08:50:00",530399,13.6,27.42,749.8,21.25,54.69
"2025-12-20 08:55:00",530400,13.61,27.71,749.7,21.25,53.85
"2025-12-20 09:00:00",530401,13.58,28.01,749.7,20.95,55.42
"2025-12-20 09:05:00",530402,13.58,28.29,749.7,20.22,56.14
"2025-12-20 09:10:00",530403,13.58,28.52,749.7,20.6,56.57
"2025-12-20 09:15:00",530404,13.58,28.74,749.6,20.68,56.92
"2025-12-20 09:20:00",530405,13.58,29.04,749.6,20.32,57.88
"2025-12-20 09:25:00",530406,13.55,29.26,749.6,20.16,58.01
"2025-12-20 09:30:00",530407,13.55,29.48,749.5,20.88,58.21
"2025-12-20 09:35:00",530408,13.55,29.74,749.5,19.97,60.87
"2025-12-20 09:40:00",530409,13.56,29.88,749.5,20.4,56.66
"2025-12-20 09:45:00",530410,13.53,29.98,749.4,21.09,54.82
"2025-12-20 09:50:00",530411,13.53,30.18,749.4,21.32,54.2
"2025-12-20 09:55:00",530412,13.53,30.42,749.2,21.63,53.37
"2025-12-20 10:00:00",530413,13.53,30.69,749.2,21.63,51.4
"2025-12-20 10:05:00",530414,13.53,30.95,749.2,21.92,50.88
"2025-12-20 10:10:00",530415,13.53,31.11,749.2,21.64,52.12
"2025-12-20 10:15:00",530416,13.53,31.19,749.1,21.97,51.42
"2025-12-20 10:20:00",530417,13.53,31.32,749,22.78,48.84
"2025-12-20 10:25:00",530418,13.51,31.57,748.9,22.3,48.71
"2025-12-20 10:30:00",530419,13.51,31.75,748.9,22.83,47.7
"2025-12-20 10:35:00",530420,13.51,31.96,748.8,23.69,46.53
"2025-12-20 10:40:00",530421,13.51,32.17,748.8,23.5,44.67
"2025-12-20 10:45:00",530422,13.51,32.4,748.7,24.22,44.37
"2025-12-20 10:50:00",530423,13.49,32.67,748.7,24.28,44.28
"2025-12-20 10:55:00",530424,13.49,32.88,748.6,24.03,45.41
"2025-12-20 11:00:00",530425,13.49,33.05,748.4,23.81,45.84
"2025-12-20 11:05:00",530426,13.49,33.21,748.3,24.18,44.69
"2025-12-20 11:10:00",530427,13.49,33.33,748.3,23.47,47.08
"2025-12-20 11:15:00",530428,13.49,33.44,748.2,24.95,44.36
"2025-12-20 11:20:00",530429,13.49,33.59,748.1,24.16,45.17
"2025-12-20 11:25:00",530430,13.46,33.59,748,23.51,47.05
"2025-12-20 11:30:00",530431,13.46,33.57,747.9,25.08,43.92
"2025-12-20 11:35:00",530432,13.46,33.78,747.8,26.19,42.12
"2025-12-20 11:40:00",530433,13.46,34.1,747.8,25.62,42.61
"2025-12-20 11:45:00",530434,13.46,34.42,747.6,25.22,43.09
"2025-12-20 11:50:00",530435,13.47,34.64,747.5,26.06,42.76
"2025-12-20 11:55:00",530436,13.44,34.87,747.5,27.21,39.56
"2025-12-20 12:00:00",530437,13.44,35.01,747.4,25.28,41.85
"2025-12-20 12:05:00",530438,13.44,35,747.3,25.62,42.25
"2025-12-20 12:10:00",530439,13.44,35.04,747.2,26.1,40.54
"2025-12-20 12:15:00",530440,13.44,35.14,747,26.91,38.51
"2025-12-20 12:20:00",530441,13.44,35.32,746.9,28.45,37.2
"2025-12-20 12:25:00",530442,13.44,35.59,746.8,26.42,36
"2025-12-20 12:30:00",530443,13.44,35.65,746.7,26.95,31
"2025-12-20 12:35:00",530444,13.44,35.69,746.7,27.82,33.04
"2025-12-20 12:40:00",530445,13.44,35.71,746.6,26.12,34.9
"2025-12-20 12:45:00",530446,13.44,35.55,746.5,26.86,35.91
"2025-12-20 12:50:00",530447,13.44,35.4,746.4,27.92,33.52
"2025-12-20 12:55:00",530448,13.44,35.36,746.3,26.9,36.24
"2025-12-20 13:00:00",530449,13.44,35.26,746.3,27.22,35.88
"2025-12-20 13:05:00",530450,13.44,35.07,746.2,25.17,37.67
"2025-12-20 13:10:00",530451,13.44,34.68,746.2,25.28,39.63
"2025-12-20 13:15:00",530452,13.44,34.3,746.1,26.25,35.51
"2025-12-20 13:20:00",530453,13.44,34.06,746,26.69,35.82
"2025-12-20 13:25:00",530454,13.44,33.92,746,26.17,36.97
"2025-12-20 13:30:00",530455,13.44,33.77,745.9,26.98,35.58
"2025-12-20 13:35:00",530456,13.44,33.72,745.9,26.89,36.51
"2025-12-20 13:40:00",530457,13.44,33.66,745.9,26.35,37.46
"2025-12-20 13:45:00",530458,13.44,33.51,745.8,26.26,38.47
"2025-12-20 13:50:00",530459,13.44,33.19,745.9,24.4,39.93
"2025-12-20 13:55:00",530460,13.44,32.65,745.9,24.55,41.15
"2025-12-20 14:00:00",530461,13.44,32.09,745.8,24.26,40.73
"2025-12-20 14:05:00",530462,13.44,31.57,745.6,24.77,39.74
"2025-12-20 14:10:00",530463,13.46,31.15,745.5,24.23,38.53
"2025-12-20 14:15:00",530464,13.47,30.79,745.5,24.29,41.36
"2025-12-20 14:20:00",530465,13.47,30.44,745.5,24.04,41.16
"2025-12-20 14:25:00",530466,13.46,30.09,745.5,23.49,43.12
"2025-12-20 14:30:00",530467,13.49,29.78,745.5,23.47,43.41
"2025-12-20 14:35:00",530468,13.49,29.48,745.4,23.58,44.23
"2025-12-20 14:40:00",530469,13.49,29.26,745.3,23.94,43.66
"2025-12-20 14:45:00",530470,13.49,29.42,745.3,23.76,43.08
"2025-12-20 14:50:00",530471,13.49,29.43,745.3,23.85,43.81
"2025-12-20 14:55:00",530472,13.49,29.42,745.3,24.15,44.3
"2025-12-20 15:00:00",530473,13.49,29.45,745.2,24.18,44.14
"2025-12-20 15:05:00",530474,13.49,29.57,745.2,24.49,41.8
"2025-12-20 15:10:00",530475,13.49,29.81,745.1,25,42.58
"2025-12-20 15:15:00",530476,13.49,30.24,744.9,25.79,40.37
"2025-12-20 15:20:00",530477,13.49,30.71,744.8,25.68,40.46
"2025-12-20 15:25:00",530478,13.49,31.13,744.9,26.14,38.82
"2025-12-20 15:30:00",530479,13.49,31.4,744.8,26.13,37.83
"2025-12-20 15:35:00",530480,13.49,31.61,744.8,26.57,37.94
"2025-12-20 15:40:00",530481,13.49,31.8,744.8,26.35,37.12
"2025-12-20 15:45:00",530482,13.49,31.93,744.7,26.49,37.73
"2025-12-20 15:50:00",530483,13.5,32.01,744.6,26.81,37.04
"2025-12-20 15:55:00",530484,13.49,32,744.6,26.35,38.85
"2025-12-20 16:00:00",530485,13.49,31.91,744.6,26.16,39.49
"2025-12-20 16:05:00",530486,13.5,31.81,744.5,25.58,40.02
"2025-12-20 16:10:00",530487,13.49,31.73,744.5,26.77,38.03
"2025-12-20 16:15:00",530488,13.49,31.93,744.4,28.61,34.93
"2025-12-20 16:20:00",530489,13.5,32.42,744.4,28.38,35.28
"2025-12-20 16:25:00",530490,13.5,32.96,744.3,28.67,35.01
"2025-12-20 16:30:00",530491,13.47,33.4,744.2,27.68,35.35
"2025-12-20 16:35:00",530492,13.47,33.73,744.1,27.96,32.92
"2025-12-20 16:40:00",530493,13.47,33.35,744.1,26.13,35.74
"2025-12-20 16:45:00",530494,13.46,32.65,744.1,26.19,35.84
"2025-12-20 16:50:00",530495,13.44,31.9,744,26.04,36.03
"2025-12-20 16:55:00",530496,13.41,31.3,744,25.98,36.99
"2025-12-20 17:00:00",530497,13.37,30.78,744.1,25.97,38.97
"2025-12-20 17:05:00",530498,13.34,30.32,744.1,25.54,39.36
"2025-12-20 17:10:00",530499,13.33,29.9,744.2,25.36,39.77
"2025-12-20 17:15:00",530500,13.58,29.55,744.2,25.57,40.31
"2025-12-20 17:20:00",530501,13.55,29.88,744.2,25.8,39.12
"2025-12-20 17:25:00",530502,13.54,30.18,744.2,26.9,36.38
"2025-12-20 17:30:00",530503,13.54,30.17,744.1,27.71,35.52
"2025-12-20 17:35:00",530504,13.4,30.26,744.1,27.28,35.75
"2025-12-20 17:40:00",530505,13.31,30.5,744.1,27.71,34.18
"2025-12-20 17:45:00",530506,13.22,30.69,744.1,26.55,37.08
"2025-12-20 17:50:00",530507,13.2,30.71,744.1,26.26,36.85
"2025-12-20 17:55:00",530508,13.2,30.69,744.1,27.36,35.39
"2025-12-20 18:00:00",530509,13.18,30.79,744.1,27.55,34.97
"2025-12-20 18:05:00",530510,13.14,31.02,744.1,27.51,34.63
"2025-12-20 18:10:00",530511,13.1,31.15,744.1,26.55,36.78
"2025-12-20 18:15:00",530512,13.06,31.04,744.1,26.16,36.9
"2025-12-20 18:20:00",530513,13.03,30.76,744.2,26.12,36.77
"2025-12-20 18:25:00",530514,12.99,30.39,744.2,25.7,37.75
"2025-12-20 18:30:00",530515,12.97,29.98,744.2,25.53,38.17
"2025-12-20 18:35:00",530516,12.94,29.55,744.3,25.38,38.35
"2025-12-20 18:40:00",530517,12.93,29.1,744.3,25.22,38.93
"2025-12-20 18:45:00",530518,12.9,28.69,744.3,25.24,38.47
"2025-12-20 18:50:00",530519,12.89,28.33,744.4,25.25,38.6
"2025-12-20 18:55:00",530520,12.88,27.97,744.4,25.13,39.05
"2025-12-20 19:00:00",530521,12.87,27.61,744.4,24.9,38.96
"2025-12-20 19:05:00",530522,12.87,27.24,744.4,24.63,39.85
"2025-12-20 19:10:00",530523,12.86,26.89,744.5,24.72,39.86
"2025-12-20 19:15:00",530524,12.86,26.57,744.6,24.33,45.03
"2025-12-20 19:20:00",530525,12.86,26.33,744.7,24.08,44.29
"2025-12-20 19:25:00",530526,12.85,26.08,744.8,23.97,44.86
"2025-12-20 19:30:00",530527,12.85,25.85,744.9,23.95,44.59
"2025-12-20 19:35:00",530528,12.85,25.65,744.9,23.91,45.62
"2025-12-20 19:40:00",530529,12.85,25.45,745,23.31,45.68
"2025-12-20 19:45:00",530530,12.84,25.26,745,23.24,48.04
"2025-12-20 19:50:00",530531,12.84,25.06,745.1,22.86,48.25
"2025-12-20 19:55:00",530532,12.84,24.8,745.2,22.7,48.99
"2025-12-20 20:00:00",530533,12.84,24.6,745.2,22.81,49.67
"2025-12-20 20:05:00",530534,12.83,24.45,745.3,22.5,50.23
"2025-12-20 20:10:00",530535,12.83,24.31,745.4,22.47,49.18
"2025-12-20 20:15:00",530536,12.83,24.18,745.6,22.52,49.38
"2025-12-20 20:20:00",530537,12.83,24.06,745.6,22.54,49.41
"2025-12-20 20:25:00",530538,12.83,23.98,745.7,22.77,47.69
"2025-12-20 20:30:00",530539,12.83,23.89,745.7,22.71,47.84
"2025-12-20 20:35:00",530540,12.83,23.82,745.8,22.84,47.48
"2025-12-20 20:40:00",530541,12.83,23.74,745.9,22.61,48.47
"2025-12-20 20:45:00",530542,12.83,23.65,745.9,21.94,52.32
"2025-12-20 20:50:00",530543,12.82,23.52,746,21.78,51.77
"2025-12-20 20:55:00",530544,12.82,23.38,746,21.85,52.15
"2025-12-20 21:00:00",530545,12.82,23.23,746.1,21.69,52.57
"2025-12-20 21:05:00",530546,12.82,23.1,746.3,21.69,52.88
"2025-12-20 21:10:00",530547,12.82,22.99,746.3,21.77,51.42
"2025-12-20 21:15:00",530548,12.82,22.9,746.4,22.17,49.68
"2025-12-20 21:20:00",530549,12.82,22.85,746.5,22.15,51.82
"2025-12-20 21:25:00",530550,12.82,22.79,746.5,21.99,50.41
"2025-12-20 21:30:00",530551,12.82,22.72,746.6,21.82,50.36
"2025-12-20 21:35:00",530552,12.82,22.63,746.7,21.5,52.76
"2025-12-20 21:40:00",530553,12.82,22.54,746.8,21.15,53.93
"2025-12-20 21:45:00",530554,12.82,22.45,746.9,21.08,54.17
"2025-12-20 21:50:00",530555,12.82,22.32,746.9,21.13,53.4
"2025-12-20 21:55:00",530556,12.82,22.23,747,21.04,53.42
"2025-12-20 22:00:00",530557,12.82,22.13,747,21.22,52.69
"2025-12-20 22:05:00",530558,12.81,22.06,747.1,21.52,51.2
"2025-12-20 22:10:00",530559,12.81,22.01,747.1,21.63,50.8
"2025-12-20 22:15:00",530560,12.81,21.99,747.2,21.56,51.45
"2025-12-20 22:20:00",530561,12.81,21.94,747.3,21.28,52.92
"2025-12-20 22:25:00",530562,12.81,21.88,747.3,20.06,59.52
"2025-12-20 22:30:00",530563,12.81,21.79,747.4,19.89,61.22
"2025-12-20 22:35:00",530564,12.81,21.7,747.4,20.1,57.23
"2025-12-20 22:40:00",530565,12.8,21.61,747.3,20.35,57.45
"2025-12-20 22:45:00",530566,12.8,21.52,747.4,20.45,56.73
"2025-12-20 22:50:00",530567,12.8,21.45,747.4,20.12,60.07
"2025-12-20 22:55:00",530568,12.8,21.41,747.3,19.92,60.65
"2025-12-20 23:00:00",530569,12.8,21.37,747.2,19.88,59.82
"2025-12-20 23:05:00",530570,12.8,21.31,747.2,19.97,58.01
"2025-12-20 23:10:00",530571,12.8,21.26,747.2,20,60.99
"2025-12-20 23:15:00",530572,12.8,21.08,747.2,19.78,61.71
"2025-12-20 23:20:00",530573,12.8,20.94,747.2,19.7,60.82
"2025-12-20 23:25:00",530574,12.8,20.83,747.1,19.74,60.31
"2025-12-20 23:30:00",530575,12.79,20.74,747.1,19.75,60.01
"2025-12-20 23:35:00",530576,12.79,20.69,747.2,19.73,60.34
"2025-12-20 23:40:00",530577,12.79,20.62,747,19.52,60.76
"2025-12-20 23:45:00",530578,12.79,20.53,747,19.36,62.09
"2025-12-20 23:50:00",530579,12.79,20.43,747,19.2,62.85
"2025-12-20 23:55:00",530580,12.79,20.35,747,19.26,63.13
"2025-12-21 00:00:00",530581,12.79,20.28,746.9,19.12,64.18
"2025-12-21 00:05:00",530582,12.78,20.21,746.9,18.81,65.02
"2025-12-21 00:10:00",530583,12.78,20.12,746.9,18.65,64.34
"2025-12-21 00:15:00",530584,12.78,20.02,746.9,18.74,64.32
"2025-12-21 00:20:00",530585,12.78,19.95,746.9,18.67,64.7
"2025-12-21 00:25:00",530586,12.78,19.89,746.8,18.45,65.46
"2025-12-21 00:30:00",530587,12.78,19.79,746.8,18.3,65.76
"2025-12-21 00:35:00",530588,12.77,19.68,746.8,18.32,66.68
"2025-12-21 00:40:00",530589,12.77,19.55,746.9,18.08,67.79
"2025-12-21 00:45:00",530590,12.77,19.42,746.9,17.75,69.83
"2025-12-21 00:50:00",530591,12.77,19.3,746.9,17.64,70.07
"2025-12-21 00:55:00",530592,12.76,19.16,746.9,17.66,70.36
"2025-12-21 01:00:00",530593,12.76,19.04,746.8,17.59,71.16
"2025-12-21 01:05:00",530594,12.76,18.92,746.8,17.45,71.3
"2025-12-21 01:10:00",530595,12.76,18.82,746.8,17.71,70.28
"2025-12-21 01:15:00",530596,12.76,18.76,746.7,17.89,68.77
"2025-12-21 01:20:00",530597,12.76,18.72,746.7,17.74,68.66
"2025-12-21 01:25:00",530598,12.75,18.65,746.6,17.61,69.3
"2025-12-21 01:30:00",530599,12.75,18.62,746.5,17.6,69.48
"2025-12-21 01:35:00",530600,12.75,18.57,746.5,17.36,70.54
"2025-12-21 01:40:00",530601,12.75,18.53,746.5,17.23,71.12
"2025-12-21 01:45:00",530602,12.75,18.52,746.5,17.35,70.39
"2025-12-21 01:50:00",530603,12.74,18.53,746.4,17.35,69.92
"2025-12-21 01:55:00",530604,12.74,18.54,746.4,17.29,69.65
"2025-12-21 02:00:00",530605,12.74,18.53,746.3,17.39,68.89
"2025-12-21 02:05:00",530606,12.74,18.54,746.3,17.62,68.7
"2025-12-21 02:10:00",530607,12.74,18.57,746.3,17.37,70.8
"2025-12-21 02:15:00",530608,12.73,18.59,746.3,17.09,72.19
"2025-12-21 02:20:00",530609,12.73,18.51,746.3,17,72.86
"2025-12-21 02:25:00",530610,12.73,18.48,746.2,16.94,73.11
"2025-12-21 02:30:00",530611,12.73,18.44,746.3,16.93,73.64
"2025-12-21 02:35:00",530612,12.72,18.43,746.4,17.15,72.11
"2025-12-21 02:40:00",530613,12.72,18.39,746.3,17.24,72.76
"2025-12-21 02:45:00",530614,12.72,18.37,746.3,17.09,72.88
"2025-12-21 02:50:00",530615,12.72,18.34,746.3,17.13,71.3
"2025-12-21 02:55:00",530616,12.71,18.31,746.2,17.33,69.63
"2025-12-21 03:00:00",530617,12.71,18.31,746.3,17.19,73.53
"2025-12-21 03:05:00",530618,12.71,18.31,746.3,17.11,72.51
"2025-12-21 03:10:00",530619,12.71,18.29,746.3,17.05,73.55
"2025-12-21 03:15:00",530620,12.71,18.29,746.2,17.03,73.29
"2025-12-21 03:20:00",530621,12.7,18.3,746.3,17.14,73.14
"2025-12-21 03:25:00",530622,12.7,18.33,746.3,17.17,72.43
"2025-12-21 03:30:00",530623,12.7,18.34,746.3,17.16,73.23
"2025-12-21 03:35:00",530624,12.69,18.36,746.3,17.24,72.33
"2025-12-21 03:40:00",530625,12.69,18.38,746.3,17.21,71.46
"2025-12-21 03:45:00",530626,12.69,18.42,746.3,17.21,72.67
"2025-12-21 03:50:00",530627,12.69,18.42,746.4,17.27,72.85
"2025-12-21 03:55:00",530628,12.69,18.45,746.5,17.47,72.92
"2025-12-21 04:00:00",530629,12.69,18.49,746.4,17.54,72.3
"2025-12-21 04:05:00",530630,12.68,18.54,746.5,17.69,71.41
"2025-12-21 04:10:00",530631,12.68,18.62,746.6,17.81,69.43
"2025-12-21 04:15:00",530632,12.68,18.71,746.5,17.76,68.52
"2025-12-21 04:20:00",530633,12.68,18.78,746.6,17.67,68.94
"2025-12-21 04:25:00",530634,12.67,18.85,746.7,17.62,69.34
"2025-12-21 04:30:00",530635,12.67,18.88,746.7,17.73,71.1
"2025-12-21 04:35:00",530636,12.67,18.87,746.7,17.89,70.14
"2025-12-21 04:40:00",530637,12.67,18.91,746.8,18.01,70.51
"2025-12-21 04:45:00",530638,12.67,18.96,746.8,17.95,71.49
"2025-12-21 04:50:00",530639,12.66,19.02,746.9,17.94,72.44
"2025-12-21 04:55:00",530640,12.66,19.07,747,17.66,73.62
"2025-12-21 05:00:00",530641,12.66,19.09,747.2,17.62,73.78
"2025-12-21 05:05:00",530642,12.65,19.1,747.4,17.48,74.27
"2025-12-21 05:10:00",530643,12.65,19.1,747.4,17.11,74.94
"2025-12-21 05:15:00",530644,12.65,19.05,747.4,17.06,74.38
"2025-12-21 05:20:00",530645,12.65,18.99,747.5,16.87,75.46
"2025-12-21 05:25:00",530646,12.65,18.85,747.5,16.83,78.02
"2025-12-21 05:30:00",530647,12.65,18.64,747.5,15.96,81.2
"2025-12-21 05:35:00",530648,12.65,18.4,747.6,15.82,82
"2025-12-21 05:40:00",530649,12.64,18.13,747.5,15.66,84.5
"2025-12-21 05:45:00",530650,12.64,17.83,747.5,15.9,82.9
"2025-12-21 05:50:00",530651,12.64,17.57,747.7,16.22,78.36
"2025-12-21 05:55:00",530652,12.63,17.31,748,16.04,78.66
"2025-12-21 06:00:00",530653,12.63,17.13,748.4,15.79,84.1
"2025-12-21 06:05:00",530654,12.63,17.02,748.5,15.54,84.3
"2025-12-21 06:10:00",530655,12.63,16.9,748.7,15.71,83.6
"2025-12-21 06:15:00",530656,12.64,16.8,748.8,15.87,81.2
"2025-12-21 06:20:00",530657,12.64,16.72,748.9,16.03,78.94
"2025-12-21 06:25:00",530658,12.65,16.67,748.9,16.21,77.66
"2025-12-21 06:30:00",530659,12.67,16.64,748.9,16.57,77.43
"2025-12-21 06:35:00",530660,12.69,16.69,749,16.7,74.82
"2025-12-21 06:40:00",530661,12.7,16.78,749,16.73,74.63
"2025-12-21 06:45:00",530662,12.72,16.89,749,16.67,75.33
"2025-12-21 06:50:00",530663,12.76,17.03,749.2,16.65,75.24
"2025-12-21 06:55:00",530664,12.81,17.16,749.2,16.72,76.7
"2025-12-21 07:00:00",530665,12.86,17.29,749.2,16.53,77
"2025-12-21 07:05:00",530666,12.9,17.39,749.3,16.39,78.26
"2025-12-21 07:10:00",530667,12.9,17.45,749.3,16.26,78.12
"2025-12-21 07:15:00",530668,12.95,17.51,749.2,16.27,76.89
"2025-12-21 07:20:00",530669,13.05,17.6,749.2,16.16,75.09
"2025-12-21 07:25:00",530670,13.15,17.71,749.1,16.2,74.93
"2025-12-21 07:30:00",530671,13.2,17.84,749.1,16.26,73.8
"2025-12-21 07:35:00",530672,13.25,17.97,749.1,16.39,73.45
"2025-12-21 07:40:00",530673,13.34,18.09,749.2,16.57,73.26
"2025-12-21 07:45:00",530674,13.4,18.25,749.3,16.63,73.19
"2025-12-21 07:50:00",530675,13.42,18.4,749.4,16.77,73.27
"2025-12-21 07:55:00",530676,13.44,18.52,749.4,16.79,72.01
"2025-12-21 08:00:00",530677,13.44,18.67,749.4,16.76,72.44
"2025-12-21 08:05:00",530678,13.42,18.77,749.5,16.81,72.1
"2025-12-21 08:10:00",530679,13.43,18.85,749.5,16.75,72.58
"2025-12-21 08:15:00",530680,13.45,18.96,749.4,16.91,72.78
"2025-12-21 08:20:00",530681,13.42,19.02,749.6,16.9,72.7
"2025-12-21 08:25:00",530682,13.39,19.04,749.6,16.63,72.16
"2025-12-21 08:30:00",530683,13.37,19.04,749.6,16.75,73.27
"2025-12-21 08:35:00",530684,13.36,18.96,749.6,16.75,72.64
"2025-12-21 08:40:00",530685,13.4,18.96,749.6,16.87,71.68
"2025-12-21 08:45:00",530686,13.42,19.01,749.6,16.86,72.37
"2025-12-21 08:50:00",530687,13.43,19.05,749.7,16.91,70.36
"2025-12-21 08:55:00",530688,13.42,19.08,749.6,16.95,71.36
"2025-12-21 09:00:00",530689,13.43,19.13,749.6,17.14,70.55
"2025-12-21 09:05:00",530690,13.48,19.21,749.6,17.2,70.88
"2025-12-21 09:10:00",530691,13.59,19.35,749.6,17.37,69.99
"2025-12-21 09:15:00",530692,13.77,19.55,749.5,17.67,69.34
"2025-12-21 09:20:00",530693,13.79,20.25,749.6,17.79,70.62
"2025-12-21 09:25:00",530694,13.73,21.1,749.5,17.87,70.02
"2025-12-21 09:30:00",530695,13.71,21.52,749.5,17.94,70.09
"2025-12-21 09:35:00",530696,13.71,21.83,749.6,17.97,68.2
"2025-12-21 09:40:00",530697,13.71,22.1,749.6,18.43,67.76
"2025-12-21 09:45:00",530698,13.71,22.36,749.6,18.89,66.57
"2025-12-21 09:50:00",530699,13.68,22.64,749.8,18.9,64.56
"2025-12-21 09:55:00",530700,13.68,22.89,749.8,18.65,64.93
"2025-12-21 10:00:00",530701,13.68,23.14,749.8,18.74,63.46
"2025-12-21 10:05:00",530702,13.68,23.36,749.7,18.98,61.7
"2025-12-21 10:10:00",530703,13.68,23.56,749.7,19.14,64.18
"2025-12-21 10:15:00",530704,13.65,23.76,749.7,19.07,64.2
"2025-12-21 10:20:00",530705,13.66,23.95,749.8,19.25,63.43
"2025-12-21 10:25:00",530706,13.65,24.12,749.7,19,65.05
"2025-12-21 10:30:00",530707,13.66,24.3,749.7,19.34,64.16
"2025-12-21 10:35:00",530708,13.66,24.5,749.6,19.94,63.12
"2025-12-21 10:40:00",530709,13.63,24.73,749.6,20.47,60.79
"2025-12-21 10:45:00",530710,13.63,25.07,749.5,21.02,59.21
"2025-12-21 10:50:00",530711,13.63,25.46,749.5,20.95,58.4
"2025-12-21 10:55:00",530712,13.63,25.88,749.4,20.7,57.48
"2025-12-21 11:00:00",530713,13.61,26.3,749.3,21.22,54.5
"2025-12-21 11:05:00",530714,13.61,26.77,749.3,21.59,53.62
"2025-12-21 11:10:00",530715,13.61,27.29,749.3,22.45,52.33
"2025-12-21 11:15:00",530716,13.58,27.89,749.3,22.31,52.81
"2025-12-21 11:20:00",530717,13.58,28.53,749.3,22.87,51.16
"2025-12-21 11:25:00",530718,13.55,29.1,749.1,22.2,50.82
"2025-12-21 11:30:00",530719,13.55,29.52,749,22.43,50.69
"2025-12-21 11:35:00",530720,13.56,29.86,748.9,23.05,49.22
"2025-12-21 11:40:00",530721,13.53,30.2,748.8,23.84,47.03
"2025-12-21 11:45:00",530722,13.53,30.5,748.7,23.98,47.24
"2025-12-21 11:50:00",530723,13.53,30.81,748.6,23.55,46.99
"2025-12-21 11:55:00",530724,13.53,31.13,748.5,23.65,46.75
"2025-12-21 12:00:00",530725,13.51,31.44,748.4,23.94,47.87
"2025-12-21 12:05:00",530726,13.51,31.84,748.3,24.41,45.46
"2025-12-21 12:10:00",530727,13.51,32.32,748.2,25.04,43.43
"2025-12-21 12:15:00",530728,13.49,32.79,748.1,25.47,44.19
"2025-12-21 12:20:00",530729,13.49,33.2,748.1,24.93,40.51
"2025-12-21 12:25:00",530730,13.48,33.45,747.9,24.95,42.86
"2025-12-21 12:30:00",530731,13.46,33.53,747.8,24.03,43.63
"2025-12-21 12:35:00",530732,13.46,33.31,747.6,23.9,43.88
"2025-12-21 12:40:00",530733,13.46,33.06,747.5,24.23,45.28
"2025-12-21 12:45:00",530734,13.46,32.8,747.5,23.87,45.78
"2025-12-21 12:50:00",530735,13.46,32.59,747.5,24.67,43.38
"2025-12-21 12:55:00",530736,13.46,32.45,747.4,24.07,45.61
"2025-12-21 13:00:00",530737,13.46,32.4,747.2,25.18,41.65
"2025-12-21 13:05:00",530738,13.46,32.44,747.1,25.36,37.88
"2025-12-21 13:10:00",530739,13.46,32.52,746.9,24.86,40.4
"2025-12-21 13:15:00",530740,13.46,32.56,746.8,24.88,40.21
"2025-12-21 13:20:00",530741,13.46,32.59,746.7,25.86,36.94
"2025-12-21 13:25:00",530742,13.46,32.68,746.7,25.88,34.21
"2025-12-21 13:30:00",530743,13.46,32.75,746.6,25.42,36.03
"2025-12-21 13:35:00",530744,13.46,32.79,746.6,26.33,35.99
"2025-12-21 13:40:00",530745,13.46,32.89,746.5,27.58,33.73
"2025-12-21 13:45:00",530746,13.46,33.12,746.5,26.92,33.9
"2025-12-21 13:50:00",530747,13.46,33.32,746.5,25.7,36.39
"2025-12-21 13:55:00",530748,13.46,33.4,746.3,25.95,35.82
"2025-12-21 14:00:00",530749,13.46,33.39,746.2,25.61,33.68
"2025-12-21 14:05:00",530750,13.46,33.31,746.1,25.54,37.17
"2025-12-21 14:10:00",530751,13.47,33.17,746.1,25.68,37.45
"2025-12-21 14:15:00",530752,13.47,33.01,746.1,25.58,37.84
"2025-12-21 14:20:00",530753,13.46,32.84,746.2,25.13,38.52
"2025-12-21 14:25:00",530754,13.46,32.58,746.1,24.74,38.78
"2025-12-21 14:30:00",530755,13.46,32.29,746.1,24.74,38.75
"2025-12-21 14:35:00",530756,13.47,31.95,746,24.72,38.31
"2025-12-21 14:40:00",530757,13.46,31.58,745.9,24.86,37.6
"2025-12-21 14:45:00",530758,13.46,31.2,745.8,24.29,36.62
"2025-12-21 14:50:00",530759,13.46,30.71,745.8,24.23,36.98
"2025-12-21 14:55:00",530760,13.49,30.01,745.7,24.02,38.74
"2025-12-21 15:00:00",530761,13.49,29.52,745.7,23.71,40.08
"2025-12-21 15:05:00",530762,13.49,29.41,745.6,24.06,39.86
"2025-12-21 15:10:00",530763,13.49,29.24,745.6,23.51,41.59
"2025-12-21 15:15:00",530764,13.49,29.02,745.6,23.62,42.29
"2025-12-21 15:20:00",530765,13.51,28.82,745.6,23.63,41.77
"2025-12-21 15:25:00",530766,13.51,28.66,745.5,23.59,42.16
"2025-12-21 15:30:00",530767,13.52,28.53,745.4,23.73,41.78
"2025-12-21 15:35:00",530768,13.51,28.43,745.4,23.93,39.97
"2025-12-21 15:40:00",530769,13.51,28.4,745.2,24.15,38.85
"2025-12-21 15:45:00",530770,13.51,28.42,745.2,24.28,37.54
"2025-12-21 15:50:00",530771,13.51,28.46,745.2,24.52,40.04
"2025-12-21 15:55:00",530772,13.51,28.5,745,24.43,40.42
"2025-12-21 16:00:00",530773,13.52,28.54,744.8,24.12,40.85
"2025-12-21 16:05:00",530774,13.52,28.55,744.7,24.28,40.86
"2025-12-21 16:10:00",530775,13.52,28.55,744.7,24.41,40.32
"2025-12-21 16:15:00",530776,13.52,28.57,744.6,24.6,39.42
"2025-12-21 16:20:00",530777,13.52,28.61,744.7,24.59,39.59
"2025-12-21 16:25:00",530778,13.52,28.66,744.6,24.31,40.74
"2025-12-21 16:30:00",530779,13.52,28.68,744.5,24.27,40.76
"2025-12-21 16:35:00",530780,13.51,28.7,744.5,24.31,41.1
"2025-12-21 16:40:00",530781,13.51,28.72,744.5,24.38,40.42
"2025-12-21 16:45:00",530782,13.52,28.73,744.4,24.38,39.5
"2025-12-21 16:50:00",530783,13.52,28.73,744.3,24.17,40.92
"2025-12-21 16:55:00",530784,13.52,28.73,744.2,24.05,41.13
"2025-12-21 17:00:00",530785,13.52,28.68,744.2,24.03,42.27
"2025-12-21 17:05:00",530786,13.52,28.62,744.2,23.91,43.23
"2025-12-21 17:10:00",530787,13.52,28.51,744.2,23.84,44.26
"2025-12-21 17:15:00",530788,13.52,28.41,744.1,23.63,43.91
"2025-12-21 17:20:00",530789,13.52,28.3,744.1,23.54,42.73
"2025-12-21 17:25:00",530790,13.51,28.15,744.1,23.57,43.42
"2025-12-21 17:30:00",530791,13.52,28.02,744.2,23.4,43.24
"2025-12-21 17:35:00",530792,13.52,27.84,744.3,23.34,43.59
"2025-12-21 17:40:00",530793,13.51,27.55,744.4,23.45,42.66
"2025-12-21 17:45:00",530794,13.51,26.87,744.4,23.39,42.78
"2025-12-21 17:50:00",530795,13.4,26.48,744.5,23.39,43.33
"2025-12-21 17:55:00",530796,13.28,26.23,744.4,23.37,43.2
"2025-12-21 18:00:00",530797,13.19,25.95,744.4,23.32,43.36
"2025-12-21 18:05:00",530798,13.13,25.73,744.4,23.14,43.76
"2025-12-21 18:10:00",530799,13.08,25.54,744.4,22.97,44.83
"2025-12-21 18:15:00",530800,13.04,25.37,744.4,22.97,43.74
"2025-12-21 18:20:00",530801,13,25.2,744.5,23.07,45.2
"2025-12-21 18:25:00",530802,12.98,25.03,744.5,22.73,43.77
"2025-12-21 18:30:00",530803,12.96,24.86,744.5,22.71,43.8
"2025-12-21 18:35:00",530804,12.95,24.72,744.5,22.57,43.72
"2025-12-21 18:40:00",530805,12.93,24.57,744.6,22.61,44.5
"2025-12-21 18:45:00",530806,12.91,24.43,744.7,22.33,46.04
"2025-12-21 18:50:00",530807,12.9,24.25,744.7,21.99,47.88
"2025-12-21 18:55:00",530808,12.89,24.05,744.8,21.89,48.57
"2025-12-21 19:00:00",530809,12.88,23.83,744.8,21.77,50.48
"2025-12-21 19:05:00",530810,12.88,23.58,744.9,21.39,53.56
"2025-12-21 19:10:00",530811,12.88,23.36,744.9,21.08,56.98
"2025-12-21 19:15:00",530812,12.87,23.13,745,20.9,58.06
"2025-12-21 19:20:00",530813,12.87,22.91,745.1,20.69,58.03
"2025-12-21 19:25:00",530814,12.86,22.69,745.1,20.59,58.26
"2025-12-21 19:30:00",530815,12.86,22.48,745.2,20.6,57.86
"2025-12-21 19:35:00",530816,12.86,22.29,745.3,20.55,56.29
"2025-12-21 19:40:00",530817,12.86,22.11,745.4,20.48,56.83
"2025-12-21 19:45:00",530818,12.85,21.97,745.5,20.42,56.58
"2025-12-21 19:50:00",530819,12.85,21.83,745.6,20.14,57.64
"2025-12-21 19:55:00",530820,12.85,21.72,745.7,19.92,58.34
"2025-12-21 20:00:00",530821,12.84,21.59,745.9,20.11,56.65
"2025-12-21 20:05:00",530822,12.84,21.48,746,19.96,59.71
"2025-12-21 20:10:00",530823,12.84,21.41,746.1,19.7,59.97
"2025-12-21 20:15:00",530824,12.84,21.3,746.2,19.46,61.09
"2025-12-21 20:20:00",530825,12.84,21.15,746.2,19.28,61.66
"2025-12-21 20:25:00",530826,12.84,21.01,746.2,19.56,60.5
"2025-12-21 20:30:00",530827,12.83,20.9,746.2,19.72,59.8
"2025-12-21 20:35:00",530828,12.83,20.81,746.4,19.56,60.47
"2025-12-21 20:40:00",530829,12.83,20.75,746.5,19.51,59.73
"2025-12-21 20:45:00",530830,12.83,20.71,746.5,19.42,58.17
"2025-12-21 20:50:00",530831,12.82,20.71,746.5,19.28,57.54
"2025-12-21 20:55:00",530832,12.82,20.73,746.6,19.34,57.18
"2025-12-21 21:00:00",530833,12.82,20.74,746.7,19.42,57.95
"2025-12-21 21:05:00",530834,12.82,20.74,746.8,19.16,58.61
"2025-12-21 21:10:00",530835,12.83,20.64,746.9,19,58.86
"2025-12-21 21:15:00",530836,12.82,20.54,746.8,19.11,58.57
"2025-12-21 21:20:00",530837,12.82,20.46,746.8,19.18,58.86
"2025-12-21 21:25:00",530838,12.82,20.38,746.8,19.12,59.09
"2025-12-21 21:30:00",530839,12.82,20.28,746.7,18.8,61.46
"2025-12-21 21:35:00",530840,12.82,20.18,746.6,18.74,61.27
"2025-12-21 21:40:00",530841,12.82,20.11,746.6,18.85,61.05
"2025-12-21 21:45:00",530842,12.81,20.02,746.7,18.9,61.21
"2025-12-21 21:50:00",530843,12.81,19.97,746.6,18.63,63.59
"2025-12-21 21:55:00",530844,12.81,19.89,746.6,18.31,65.91
"2025-12-21 22:00:00",530845,12.81,19.79,746.8,18.15,66.89
"2025-12-21 22:05:00",530846,12.81,19.68,746.9,18.25,66.55
"2025-12-21 22:10:00",530847,12.81,19.6,746.8,18.4,65.69
"2025-12-21 22:15:00",530848,12.81,19.56,746.8,18.55,65.36
"2025-12-21 22:20:00",530849,12.8,19.51,747.1,18.57,65.39
"2025-12-21 22:25:00",530850,12.8,19.49,746.9,18.57,66.31
"2025-12-21 22:30:00",530851,12.8,19.46,746.6,18.65,64.93
"2025-12-21 22:35:00",530852,12.8,19.43,746.9,18.54,65.77
"2025-12-21 22:40:00",530853,12.8,19.4,747.3,18.64,64.84
"2025-12-21 22:45:00",530854,12.8,19.4,747.2,18.86,63.18
"2025-12-21 22:50:00",530855,12.8,19.4,747.2,18.74,64.5
"2025-12-21 22:55:00",530856,12.79,19.4,747.1,18.51,65.03
"2025-12-21 23:00:00",530857,12.79,19.39,747.4,18.27,66.14
"2025-12-21 23:05:00",530858,12.79,19.37,747.6,18.17,66.33
"2025-12-21 23:10:00",530859,12.79,19.35,747.4,18.12,66.91
"2025-12-21 23:15:00",530860,12.79,19.34,747.4,18.18,66.04
"2025-12-21 23:20:00",530861,12.79,19.37,747.4,18.08,66.73
"2025-12-21 23:25:00",530862,12.79,19.33,747.5,17.95,67.58
"2025-12-21 23:30:00",530863,12.78,19.31,747.7,17.75,67.93
"2025-12-21 23:35:00",530864,12.78,19.29,747.6,17.68,67.21
"2025-12-21 23:40:00",530865,12.78,19.26,747.6,17.65,67.62
"2025-12-21 23:45:00",530866,12.78,19.24,747.6,17.69,67.27
"2025-12-21 23:50:00",530867,12.78,19.22,747.5,17.73,67.54
"2025-12-21 23:55:00",530868,12.78,19.22,747.3,17.69,66.51
"2025-12-22 00:00:00",530869,12.77,19.21,747.2,17.73,66.01
"2025-12-22 00:05:00",530870,12.77,19.24,747.3,17.72,66.81
"2025-12-22 00:10:00",530871,12.77,19.24,747.4,17.8,66.15
"2025-12-22 00:15:00",530872,12.77,19.17,747.3,17.75,65.25
"2025-12-22 00:20:00",530873,12.77,19.14,747.3,17.65,65.82
"2025-12-22 00:25:00",530874,12.77,19.14,747.3,17.64,66.38
"2025-12-22 00:30:00",530875,12.76,19.14,747.2,17.75,66.02
"2025-12-22 00:35:00",530876,12.76,19.16,747.3,18,63.93
"2025-12-22 00:40:00",530877,12.76,19.19,747.3,18.07,62.03
"2025-12-22 00:45:00",530878,12.76,19.25,747.4,18.43,60.71
"2025-12-22 00:50:00",530879,12.76,19.31,747.6,17.85,67.33
"2025-12-22 00:55:00",530880,12.75,19.34,747.5,18.27,65.46
"2025-12-22 01:00:00",530881,12.75,19.4,747.4,18.6,65.72
"2025-12-22 01:05:00",530882,12.75,19.45,747.3,18.26,68.87
"2025-12-22 01:10:00",530883,12.75,19.5,747.3,18.25,68.93
"2025-12-22 01:15:00",530884,12.74,19.52,747.3,18.39,68.43
"2025-12-22 01:20:00",530885,12.74,19.55,747.3,18.36,69.13
"2025-12-22 01:25:00",530886,12.74,19.57,747.1,18.24,70.47
"2025-12-22 01:30:00",530887,12.74,19.57,747.2,18.09,72.09
"2025-12-22 01:35:00",530888,12.73,19.56,747.2,17.84,74.23
"2025-12-22 01:40:00",530889,12.72,19.53,747.2,17.69,75.74
"2025-12-22 01:45:00",530890,12.72,19.48,747.1,17.79,75.67
"2025-12-22 01:50:00",530891,12.72,19.42,747.2,17.84,75.91
"2025-12-22 01:55:00",530892,12.72,19.35,747.3,17.94,75.28
"2025-12-22 02:00:00",530893,12.71,19.27,747.4,17.86,75.83
"2025-12-22 02:05:00",530894,12.71,19.22,747.4,17.75,76.88
"2025-12-22 02:10:00",530895,12.71,19.15,747.4,17.73,77.64
"2025-12-22 02:15:00",530896,12.71,19.05,747.4,17.67,78.84
"2025-12-22 02:20:00",530897,12.7,18.94,747.4,17.54,78.84
"2025-12-22 02:25:00",530898,12.7,18.8,747.5,17.26,79.81
"2025-12-22 02:30:00",530899,12.7,18.63,747.5,16.97,82.5
"2025-12-22 02:35:00",530900,12.69,18.42,747.5,16.1,88.3
"2025-12-22 02:40:00",530901,12.7,17.93,747.4,15.63,91
"2025-12-22 02:45:00",530902,12.69,17.42,747.5,15.1,92.2
"2025-12-22 02:50:00",530903,12.69,17.02,747.6,14.86,93.7
"2025-12-22 02:55:00",530904,12.69,16.69,747.5,14.7,94.5
"2025-12-22 03:00:00",530905,12.68,16.43,747.5,14.51,95.1
"2025-12-22 03:05:00",530906,12.68,16.2,747.6,14.45,95.7
"2025-12-22 03:10:00",530907,12.68,16.01,747.8,14.42,96.4
"2025-12-22 03:15:00",530908,12.68,15.85,747.9,14.21,96.2
"2025-12-22 03:20:00",530909,12.67,15.69,747.9,13.99,96.2
"2025-12-22 03:25:00",530910,12.67,15.53,747.9,14.03,96.4
"2025-12-22 03:30:00",530911,12.67,15.41,747.9,14.21,96.2
"2025-12-22 03:35:00",530912,12.66,15.32,747.8,14.21,96.4
"2025-12-22 03:40:00",530913,12.66,15.23,747.8,14.13,95.6
"2025-12-22 03:45:00",530914,12.66,15.13,747.8,14.26,95.1
"2025-12-22 03:50:00",530915,12.65,15.06,747.7,14.3,94.8
"2025-12-22 03:55:00",530916,12.65,15.02,747.7,14.35,93.2
"2025-12-22 04:00:00",530917,12.65,14.99,747.8,14.57,91.5
"2025-12-22 04:05:00",530918,12.65,14.96,747.9,14.68,92
"2025-12-22 04:10:00",530919,12.64,14.95,747.8,14.73,91.3
"2025-12-22 04:15:00",530920,12.64,14.94,747.9,14.86,89.4
"2025-12-22 04:20:00",530921,12.64,14.94,747.9,14.95,89.2
"2025-12-22 04:25:00",530922,12.65,14.94,748,14.85,89.7
"2025-12-22 04:30:00",530923,12.64,14.94,748.1,14.77,90.2
"2025-12-22 04:35:00",530924,12.64,14.95,748.1,14.6,90.6
"2025-12-22 04:40:00",530925,12.64,14.92,748.1,14.54,91.4
"2025-12-22 04:45:00",530926,12.63,14.88,748.2,14.44,91.9
"2025-12-22 04:50:00",530927,12.63,14.85,748.3,14.33,91.6
"2025-12-22 04:55:00",530928,12.63,14.81,748.3,14.28,91.3
"2025-12-22 05:00:00",530929,12.63,14.75,748.2,14.16,90.8
"2025-12-22 05:05:00",530930,12.62,14.67,748.3,14.09,90
"2025-12-22 05:10:00",530931,12.62,14.58,748.3,14.1,91
"2025-12-22 05:15:00",530932,12.62,14.52,748.3,14.39,92.9
"2025-12-22 05:20:00",530933,12.61,14.49,748.2,14.38,91.6
"2025-12-22 05:25:00",530934,12.61,14.46,748.2,14.38,91.1
"2025-12-22 05:30:00",530935,12.61,14.46,748.3,14.49,91.7
"2025-12-22 05:35:00",530936,12.61,14.45,748.4,14.45,91.9
"2025-12-22 05:40:00",530937,12.6,14.46,748.4,14.48,90.9
"2025-12-22 05:45:00",530938,12.61,14.46,748.5,14.55,91.1
"2025-12-22 05:50:00",530939,12.6,14.47,748.6,14.54,90.6
"2025-12-22 05:55:00",530940,12.6,14.49,748.6,14.49,91.7
"2025-12-22 06:00:00",530941,12.6,14.56,748.6,14.48,92
"2025-12-22 06:05:00",530942,12.61,14.62,748.7,14.39,92.3
"2025-12-22 06:10:00",530943,12.63,14.64,748.8,14.32,92.2
"2025-12-22 06:15:00",530944,12.64,14.67,748.9,14.38,92.6
"2025-12-22 06:20:00",530945,12.65,14.7,749,14.42,92.4
"2025-12-22 06:25:00",530946,12.69,14.74,749,14.53,92.7
"2025-12-22 06:30:00",530947,12.75,14.82,749,14.47,91.8
"2025-12-22 06:35:00",530948,12.81,14.88,749,14.47,91.2
"2025-12-22 06:40:00",530949,12.89,14.93,749.1,14.47,90.7
"2025-12-22 06:45:00",530950,12.99,15,749.1,14.61,91.6
"2025-12-22 06:50:00",530951,13.08,15.06,749.1,14.67,91.4
"2025-12-22 06:55:00",530952,13.18,15.12,749,14.73,90.7
"2025-12-22 07:00:00",530953,13.26,15.19,749,14.76,89
"2025-12-22 07:05:00",530954,13.31,15.25,749.1,14.82,88.5
"2025-12-22 07:10:00",530955,13.34,15.33,749.1,14.93,87.6
"2025-12-22 07:15:00",530956,13.38,15.4,749.3,14.96,88.1
"2025-12-22 07:20:00",530957,13.41,15.48,749.4,15.01,86.6
"2025-12-22 07:25:00",530958,13.45,15.59,749.5,15.22,86.3
"2025-12-22 07:30:00",530959,13.46,15.67,749.4,15.37,86.3
"2025-12-22 07:35:00",530960,13.46,15.76,749.5,15.42,85.1
"2025-12-22 07:40:00",530961,13.46,15.85,749.4,15.32,86.8
"2025-12-22 07:45:00",530962,13.47,15.95,749.4,15.11,86.1
"2025-12-22 07:50:00",530963,13.49,16.04,749.3,15.2,85.3
"2025-12-22 07:55:00",530964,13.48,16.12,749.3,15.35,85.2
"2025-12-22 08:00:00",530965,13.46,16.17,749.4,15.39,83.4
"2025-12-22 08:05:00",530966,13.46,16.23,749.4,15.38,81.9
"2025-12-22 08:10:00",530967,13.46,16.28,749.4,15.47,85.1
"2025-12-22 08:15:00",530968,13.46,16.34,749.3,15.28,86.6
"2025-12-22 08:20:00",530969,13.47,16.4,749.3,15.24,85.7
"2025-12-22 08:25:00",530970,13.49,16.44,749.2,15.28,87
"2025-12-22 08:30:00",530971,13.51,16.48,749.3,15.29,85.9
"2025-12-22 08:35:00",530972,13.53,16.53,749.3,15.46,86.9
"2025-12-22 08:40:00",530973,13.57,16.6,749.2,15.5,83.7
"2025-12-22 08:45:00",530974,13.62,16.68,749.2,15.7,83.8
"2025-12-22 08:50:00",530975,13.66,16.77,749.2,15.84,81.1
"2025-12-22 08:55:00",530976,13.76,16.9,749.3,16.11,80.8
"2025-12-22 09:00:00",530977,13.94,17.04,749.4,16.34,81.4
"2025-12-22 09:05:00",530978,13.89,17.52,749.5,16.19,80.9
"2025-12-22 09:10:00",530979,13.79,18.56,749.5,16.28,80
"2025-12-22 09:15:00",530980,13.77,19.09,749.5,16.23,82.1
"2025-12-22 09:20:00",530981,13.77,19.41,749.4,16.23,83.7
"2025-12-22 09:25:00",530982,13.77,19.65,749.4,16.38,82.6
"2025-12-22 09:30:00",530983,13.77,19.85,749.4,16.38,81.1
"2025-12-22 09:35:00",530984,13.74,20,749.4,16.61,80.3
"2025-12-22 09:40:00",530985,13.74,20.16,749.3,16.63,80.1
"2025-12-22 09:45:00",530986,13.74,20.34,749.3,16.88,79.26
"2025-12-22 09:50:00",530987,13.74,20.55,749.3,16.9,76.25
"2025-12-22 09:55:00",530988,13.74,20.73,749.3,16.84,75.79
"2025-12-22 10:00:00",530989,13.74,20.91,749.3,17.03,76.11
"2025-12-22 10:05:00",530990,13.71,21.11,749.3,17.38,75.81
"2025-12-22 10:10:00",530991,13.72,21.3,749.2,17.36,75.55
"2025-12-22 10:15:00",530992,13.72,21.49,749.2,17.25,76.02
"2025-12-22 10:20:00",530993,13.72,21.69,749.2,17.5,76.18
"2025-12-22 10:25:00",530994,13.72,21.9,749.3,17.7,75.05
"2025-12-22 10:30:00",530995,13.72,22.16,749.3,18.15,70.54
"2025-12-22 10:35:00",530996,13.69,22.43,749.2,18.19,71.82
"2025-12-22 10:40:00",530997,13.69,22.73,749.1,17.98,72.82
"2025-12-22 10:45:00",530998,13.69,23.02,749.2,18.03,74.58
"2025-12-22 10:50:00",530999,13.69,23.26,749.1,18.71,73.63
"2025-12-22 10:55:00",531000,13.66,23.54,749.1,19.18,71.17
"2025-12-22 11:00:00",531001,13.66,23.9,748.9,18.79,73.21
"2025-12-22 11:05:00",531002,13.66,24.21,748.9,19.24,71.38
"2025-12-22 11:10:00",531003,13.66,24.53,748.9,19.26,70.25
"2025-12-22 11:15:00",531004,13.64,24.83,748.9,19.73,67.76
"2025-12-22 11:20:00",531005,13.64,25.19,748.9,20.06,65.74
"2025-12-22 11:25:00",531006,13.64,25.55,748.9,20.06,63.11
"2025-12-22 11:30:00",531007,13.64,25.91,748.8,19.98,62.53
"2025-12-22 11:35:00",531008,13.61,26.2,748.8,19.44,61.62
"2025-12-22 11:40:00",531009,13.61,26.42,748.8,20.19,59.08
"2025-12-22 11:45:00",531010,13.61,26.69,748.7,20.86,59.4
"2025-12-22 11:50:00",531011,13.61,27.05,748.7,21.28,56.95
"2025-12-22 11:55:00",531012,13.58,27.48,748.6,21.65,56.39
"2025-12-22 12:00:00",531013,13.59,27.97,748.6,21.89,57.66
"2025-12-22 12:05:00",531014,13.56,28.42,748.6,22.35,54.13
"2025-12-22 12:10:00",531015,13.56,28.79,748.5,22.49,50.86
"2025-12-22 12:15:00",531016,13.56,29.07,748.5,22.43,49.14
"2025-12-22 12:20:00",531017,13.56,29.3,748.4,22.68,50.95
"2025-12-22 12:25:00",531018,13.56,29.56,748.4,22.93,47.49
"2025-12-22 12:30:00",531019,13.54,29.82,748.3,22.94,45.15
"2025-12-22 12:35:00",531020,13.54,30.03,748.2,23.78,47.08
"2025-12-22 12:40:00",531021,13.54,30.23,748.1,22.29,51.14
"2025-12-22 12:45:00",531022,13.54,30.25,748.1,21.9,52.47
"2025-12-22 12:50:00",531023,13.54,30.15,748,22.36,52.13
"2025-12-22 12:55:00",531024,13.54,30.06,748,22.25,52.08
"2025-12-22 13:00:00",531025,13.54,29.95,747.8,22.18,52.86
"2025-12-22 13:05:00",531026,13.54,29.86,747.7,22.59,50.33
"2025-12-22 13:10:00",531027,13.54,29.83,747.6,23.13,49.07
"2025-12-22 13:15:00",531028,13.54,29.88,747.5,23.15,49.65
"2025-12-22 13:20:00",531029,13.54,29.9,747.4,23.38,50.47
"2025-12-22 13:25:00",531030,13.54,29.96,747.4,23.41,48.09
"2025-12-22 13:30:00",531031,13.54,30.02,747.3,21.79,51.46
"2025-12-22 13:35:00",531032,13.54,29.93,747.3,22.7,49.81
"2025-12-22 13:40:00",531033,13.54,29.85,747.2,22.67,49.49
"2025-12-22 13:45:00",531034,13.54,29.77,747.1,22.4,49.8
"2025-12-22 13:50:00",531035,13.54,29.67,747,22.47,49.65
"2025-12-22 13:55:00",531036,13.54,29.61,746.9,23.04,48.87
"2025-12-22 14:00:00",531037,13.54,29.47,746.9,22.79,49.7
"2025-12-22 14:05:00",531038,13.54,29.42,746.8,23.2,50.19
"2025-12-22 14:10:00",531039,13.54,29.42,746.7,23.21,49.69
"2025-12-22 14:15:00",531040,13.54,29.44,746.6,23.63,48.47
"2025-12-22 14:20:00",531041,13.54,29.5,746.5,23.76,46.18
"2025-12-22 14:25:00",531042,13.54,29.51,746.4,22.81,48.65
"2025-12-22 14:30:00",531043,13.54,29.48,746.4,22.89,51.16
"2025-12-22 14:35:00",531044,13.54,29.46,746.4,22.87,51.6
"2025-12-22 14:40:00",531045,13.54,29.41,746.3,23.15,50.44
"2025-12-22 14:45:00",531046,13.54,29.43,746.2,23.42,50.92
"2025-12-22 14:50:00",531047,13.54,29.46,746.2,23.26,50.58
"2025-12-22 14:55:00",531048,13.54,29.52,746.1,23.8,49.32
"2025-12-22 15:00:00",531049,13.54,29.63,746,23.79,49.22
"2025-12-22 15:05:00",531050,13.54,29.77,745.9,23.54,48.65
"2025-12-22 15:10:00",531051,13.54,29.88,745.9,23.97,47.97
"2025-12-22 15:15:00",531052,13.54,29.98,745.7,23.47,48.23
"2025-12-22 15:20:00",531053,13.54,30.02,745.6,23.71,48.48
"2025-12-22 15:25:00",531054,13.54,30.03,745.6,24.1,47.57
"2025-12-22 15:30:00",531055,13.54,30.07,745.5,24.01,46.66
"2025-12-22 15:35:00",531056,13.54,30.1,745.4,23.74,47.08
"2025-12-22 15:40:00",531057,13.54,30.14,745.4,24.21,46.62
"2025-12-22 15:45:00",531058,13.54,30.19,745.3,24.48,45.59
"2025-12-22 15:50:00",531059,13.54,30.25,745.2,24.33,44.83
"2025-12-22 15:55:00",531060,13.54,30.37,745.1,24.84,43.31
"2025-12-22 16:00:00",531061,13.54,30.5,745.1,24.7,42.74
"2025-12-22 16:05:00",531062,13.54,30.57,745,23.89,44.49
"2025-12-22 16:10:00",531063,13.54,30.6,745,24.57,43.66
"2025-12-22 16:15:00",531064,13.52,30.69,744.9,25.25,44.49
"2025-12-22 16:20:00",531065,13.52,30.94,744.8,26.01,41.31
"2025-12-22 16:25:00",531066,13.52,31.22,744.9,24.83,45.28
"2025-12-22 16:30:00",531067,13.52,31.48,744.8,25.44,44.54
"2025-12-22 16:35:00",531068,13.52,31.7,744.8,24.64,42.93
"2025-12-22 16:40:00",531069,13.49,31.83,744.7,24.68,42.41
"2025-12-22 16:45:00",531070,13.49,31.87,744.7,25.04,39.96
"2025-12-22 16:50:00",531071,13.49,31.9,744.7,25.08,40.82
"2025-12-22 16:55:00",531072,13.49,31.85,744.6,24.84,41.32
"2025-12-22 17:00:00",531073,13.49,31.71,744.6,24.4,40.81
"2025-12-22 17:05:00",531074,13.49,31.5,744.6,24.51,41.87
"2025-12-22 17:10:00",531075,13.49,31.23,744.6,23.87,41.73
"2025-12-22 17:15:00",531076,13.49,30.9,744.6,23.86,42.09
"2025-12-22 17:20:00",531077,13.49,30.51,744.5,23.95,42.13
"2025-12-22 17:25:00",531078,13.49,30.2,744.5,23.95,42.52
"2025-12-22 17:30:00",531079,13.49,29.91,744.6,23.89,43.42
"2025-12-22 17:35:00",531080,13.49,29.69,744.6,23.85,41.7
"2025-12-22 17:40:00",531081,13.49,29.47,744.6,23.98,42.78
"2025-12-22 17:45:00",531082,13.49,29.3,744.6,23.85,43.42
"2025-12-22 17:50:00",531083,13.49,29.15,744.6,23.94,44.37
"2025-12-22 17:55:00",531084,13.49,28.99,744.6,23.79,43.61
"2025-12-22 18:00:00",531085,13.49,28.84,744.6,23.83,45.16
"2025-12-22 18:05:00",531086,13.49,28.77,744.7,23.77,44.19
"2025-12-22 18:10:00",531087,13.49,28.32,744.6,23.38,47.19
"2025-12-22 18:15:00",531088,13.43,27.75,744.6,23.13,47.77
"2025-12-22 18:20:00",531089,13.34,27.33,744.6,23.04,47.57
"2025-12-22 18:25:00",531090,13.26,26.96,744.7,22.85,47.38
"2025-12-22 18:30:00",531091,13.19,26.64,744.8,22.72,45.41
"2025-12-22 18:35:00",531092,13.11,26.33,744.9,22.67,45.47
"2025-12-22 18:40:00",531093,13.04,26.04,744.9,22.47,46.7
"2025-12-22 18:45:00",531094,12.99,25.71,744.9,22.26,47.85
"2025-12-22 18:50:00",531095,12.95,25.38,745,22.09,49.73
"2025-12-22 18:55:00",531096,12.93,25.05,745.1,21.74,53.42
"2025-12-22 19:00:00",531097,12.93,24.73,745.2,21.48,55.53
"2025-12-22 19:05:00",531098,12.91,24.42,745.2,21.31,56.46
"2025-12-22 19:10:00",531099,12.9,24.06,745.3,21.15,56.47
"2025-12-22 19:15:00",531100,12.9,23.73,745.3,21.09,55.94
"2025-12-22 19:20:00",531101,12.89,23.46,745.4,20.97,56.69
"2025-12-22 19:25:00",531102,12.89,23.23,745.4,20.91,57.23
"2025-12-22 19:30:00",531103,12.88,23.01,745.5,20.87,58.24
"2025-12-22 19:35:00",531104,12.88,22.8,745.6,20.95,56.38
"2025-12-22 19:40:00",531105,12.88,22.63,745.7,20.77,56.96
"2025-12-22 19:45:00",531106,12.87,22.46,745.7,20.66,57.13
"2025-12-22 19:50:00",531107,12.87,22.31,745.8,20.5,58.85
"2025-12-22 19:55:00",531108,12.87,22.16,745.9,20.28,59.03
"2025-12-22 20:00:00",531109,12.87,22.01,746,20.2,61.39
"2025-12-22 20:05:00",531110,12.86,21.86,746.1,20.14,63.46
"2025-12-22 20:10:00",531111,12.86,21.71,746.1,20.08,64.16
"2025-12-22 20:15:00",531112,12.86,21.57,746.2,20.05,65.53
"2025-12-22 20:20:00",531113,12.86,21.32,746.3,19.86,66.3
"2025-12-22 20:25:00",531114,12.86,21.17,746.3,19.69,67.52
"2025-12-22 20:30:00",531115,12.85,21.04,746.4,19.5,68.8
"2025-12-22 20:35:00",531116,12.85,20.91,746.4,19.34,69.77
"2025-12-22 20:40:00",531117,12.85,20.78,746.5,19.28,70.34
"2025-12-22 20:45:00",531118,12.85,20.65,746.6,19.21,71.09
"2025-12-22 20:50:00",531119,12.84,20.56,746.7,19.18,71.55
"2025-12-22 20:55:00",531120,12.84,20.48,746.8,19.13,71.48
"2025-12-22 21:00:00",531121,12.84,20.4,746.9,19.16,72.01
"2025-12-22 21:05:00",531122,12.84,20.33,747,19.08,71.44
"2025-12-22 21:10:00",531123,12.84,20.28,747.1,18.9,71.23
"2025-12-22 21:15:00",531124,12.83,20.16,747.2,18.93,72.71
"2025-12-22 21:20:00",531125,12.83,20.07,747.3,18.65,73.5
"2025-12-22 21:25:00",531126,12.83,19.97,747.5,18.58,73.77
"2025-12-22 21:30:00",531127,12.83,19.89,747.6,18.55,73.31
"2025-12-22 21:35:00",531128,12.83,19.8,747.7,18.39,75.22
"2025-12-22 21:40:00",531129,12.83,19.7,747.8,18.29,74.4
"2025-12-22 21:45:00",531130,12.82,19.61,747.9,18.27,75.11
"2025-12-22 21:50:00",531131,12.82,19.52,748,18.13,74.34
"2025-12-22 21:55:00",531132,12.82,19.42,748.1,18.27,74.57
"2025-12-22 22:00:00",531133,12.82,19.36,748.3,18.43,72.45
"2025-12-22 22:05:00",531134,12.82,19.3,748.3,18.57,71.11
"2025-12-22 22:10:00",531135,12.82,19.3,748.4,19.07,66.49
"2025-12-22 22:15:00",531136,12.82,19.35,748.5,19,67.15
"2025-12-22 22:20:00",531137,12.81,19.41,748.5,18.99,67.24
"2025-12-22 22:25:00",531138,12.81,19.48,748.6,18.96,67.38
"2025-12-22 22:30:00",531139,12.81,19.55,748.6,18.92,67.55
"2025-12-22 22:35:00",531140,12.81,19.58,748.6,18.91,67.64
"2025-12-22 22:40:00",531141,12.81,19.64,748.8,18.92,67.43
"2025-12-22 22:45:00",531142,12.81,19.71,748.8,18.92,67.52
"2025-12-22 22:50:00",531143,12.81,19.77,749,18.94,67.32
"2025-12-22 22:55:00",531144,12.81,19.85,749,18.93,67.61
"2025-12-22 23:00:00",531145,12.8,19.91,749.1,18.85,67.54
"2025-12-22 23:05:00",531146,12.8,19.96,749.2,18.82,66.89
"2025-12-22 23:10:00",531147,12.8,20,749.2,18.77,67.26
"2025-12-22 23:15:00",531148,12.8,20.01,749.2,18.75,67.46
"2025-12-22 23:20:00",531149,12.8,20,749.2,18.62,69.29
"2025-12-22 23:25:00",531150,12.8,19.91,749.3,18.33,71.96
"2025-12-22 23:30:00",531151,12.8,19.84,749.3,18.31,73.66
"2025-12-22 23:35:00",531152,12.8,19.76,749.2,18.04,74.73
"2025-12-22 23:40:00",531153,12.8,19.71,749.2,17.96,74.65
"2025-12-22 23:45:00",531154,12.79,19.62,749.2,17.93,74.42
"2025-12-22 23:50:00",531155,12.79,19.55,749.2,17.87,75.09
"2025-12-22 23:55:00",531156,12.79,19.49,749.2,17.79,74.68
"2025-12-23 00:00:00",531157,12.79,19.42,749.2,17.8,73.62
"2025-12-23 00:05:00",531158,12.79,19.38,749.1,17.73,73.06
"2025-12-23 00:10:00",531159,12.79,19.31,749,17.6,73.78
"2025-12-23 00:15:00",531160,12.78,19.2,749.1,17.59,73.43
"2025-12-23 00:20:00",531161,12.78,19.11,749.1,17.65,75.22
"2025-12-23 00:25:00",531162,12.78,19.07,749.2,17.51,75.67
"2025-12-23 00:30:00",531163,12.78,19.01,749.1,17.41,76.61
"2025-12-23 00:35:00",531164,12.78,18.93,749.1,17.31,76.59
"2025-12-23 00:40:00",531165,12.77,18.86,748.9,17.27,76.56
"2025-12-23 00:45:00",531166,12.77,18.79,748.9,17.23,76.44
"2025-12-23 00:50:00",531167,12.77,18.7,748.8,17.26,75.65
"2025-12-23 00:55:00",531168,12.77,18.62,748.7,17.21,75.84
"2025-12-23 01:00:00",531169,12.77,18.55,748.7,17.13,75.79
"2025-12-23 01:05:00",531170,12.77,18.49,748.6,17.21,75.89
"2025-12-23 01:10:00",531171,12.76,18.45,748.5,17.23,75.67
"2025-12-23 01:15:00",531172,12.76,18.42,748.5,17.21,75.41
"2025-12-23 01:20:00",531173,12.76,18.4,748.5,17.14,75.65
"2025-12-23 01:25:00",531174,12.76,18.39,748.4,17.17,75.86
"2025-12-23 01:30:00",531175,12.76,18.39,748.4,17.28,75.54
"2025-12-23 01:35:00",531176,12.76,18.42,748.3,17.33,74.72
"2025-12-23 01:40:00",531177,12.75,18.45,748.2,17.25,74.74
"2025-12-23 01:45:00",531178,12.75,18.48,748.2,17.25,74.99
"2025-12-23 01:50:00",531179,12.75,18.51,748.3,17.23,75.13
"2025-12-23 01:55:00",531180,12.75,18.53,748.3,17.24,75.19
"2025-12-23 02:00:00",531181,12.74,18.57,748.3,17.26,75.42
"2025-12-23 02:05:00",531182,12.74,18.58,748.3,17.19,75.66
"2025-12-23 02:10:00",531183,12.74,18.61,748.3,17.07,75.55
"2025-12-23 02:15:00",531184,12.73,18.61,748.4,16.99,75.79
"2025-12-23 02:20:00",531185,12.74,18.6,748.5,16.95,75.44
"2025-12-23 02:25:00",531186,12.73,18.58,748.5,16.89,76.22
"2025-12-23 02:30:00",531187,12.74,18.48,748.4,16.85,76.21
"2025-12-23 02:35:00",531188,12.73,18.39,748.4,16.77,76.12
"2025-12-23 02:40:00",531189,12.73,18.31,748.4,16.72,76.5
"2025-12-23 02:45:00",531190,12.73,18.24,748.5,16.67,76.32
"2025-12-23 02:50:00",531191,12.73,18.2,748.3,16.64,76.54
"2025-12-23 02:55:00",531192,12.72,18.15,748.3,16.62,76.57
"2025-12-23 03:00:00",531193,12.72,18.12,748.3,16.63,75.72
"2025-12-23 03:05:00",531194,12.72,18.1,748.3,16.63,76.12
"2025-12-23 03:10:00",531195,12.71,18.08,748.4,16.49,76.51
"2025-12-23 03:15:00",531196,12.71,18.04,748.3,16.42,76.58
"2025-12-23 03:20:00",531197,12.71,18.04,748.3,16.48,76.51
"2025-12-23 03:25:00",531198,12.71,18.03,748.2,16.42,76.3
"2025-12-23 03:30:00",531199,12.7,18.01,748.1,16.39,76.91
"2025-12-23 03:35:00",531200,12.7,17.99,748.1,16.48,76.9
"2025-12-23 03:40:00",531201,12.7,17.98,748.1,16.4,77.2
"2025-12-23 03:45:00",531202,12.7,17.97,748.1,16.4,76.91
"2025-12-23 03:50:00",531203,12.69,17.94,748.2,16.4,76.69
"2025-12-23 03:55:00",531204,12.69,17.94,748.3,16.45,76.47
"2025-12-23 04:00:00",531205,12.69,17.94,748.4,16.36,76.03
"2025-12-23 04:05:00",531206,12.68,17.93,748.5,16.37,76.71
"2025-12-23 04:10:00",531207,12.68,17.92,748.6,16.38,77.11
"2025-12-23 04:15:00",531208,12.68,17.9,748.7,16.38,77.7
"2025-12-23 04:20:00",531209,12.67,17.89,748.6,16.3,78.16
"2025-12-23 04:25:00",531210,12.67,17.89,748.7,16.25,78.17
"2025-12-23 04:30:00",531211,12.67,17.89,748.5,16.22,77.92
"2025-12-23 04:35:00",531212,12.67,17.89,748.6,16.18,78.66
"2025-12-23 04:40:00",531213,12.66,17.89,748.6,16.14,79.04
"2025-12-23 04:45:00",531214,12.66,17.87,748.6,16.15,79.58
"2025-12-23 04:50:00",531215,12.65,17.78,748.6,16.09,79.43
"2025-12-23 04:55:00",531216,12.65,17.71,748.8,16.04,79.55
"2025-12-23 05:00:00",531217,12.65,17.65,748.9,16.02,79.77
"2025-12-23 05:05:00",531218,12.64,17.58,748.9,16.11,78.51
"2025-12-23 05:10:00",531219,12.64,17.55,749,16.12,78.68
"2025-12-23 05:15:00",531220,12.64,17.52,749.1,16.1,78.84
"2025-12-23 05:20:00",531221,12.63,17.49,749.2,16.09,79.34
"2025-12-23 05:25:00",531222,12.63,17.48,749.1,16.04,79.27
"2025-12-23 05:30:00",531223,12.62,17.46,749.2,16.02,79.07
"2025-12-23 05:35:00",531224,12.62,17.34,749.2,16.03,79.13
"2025-12-23 05:40:00",531225,12.62,17.28,749.1,16.1,78.59
"2025-12-23 05:45:00",531226,12.62,17.25,749.2,16.12,78.12
"2025-12-23 05:50:00",531227,12.61,17.22,749.3,16.12,78.01
"2025-12-23 05:55:00",531228,12.61,17.22,749.3,16.16,77.74
"2025-12-23 06:00:00",531229,12.61,17.29,749.4,16.16,77.68
"2025-12-23 06:05:00",531230,12.61,17.33,749.5,16.14,77.54
"2025-12-23 06:10:00",531231,12.62,17.35,749.5,16.07,77.38
"2025-12-23 06:15:00",531232,12.64,17.39,749.5,16.08,76.96
"2025-12-23 06:20:00",531233,12.66,17.43,749.6,16.1,76.85
"2025-12-23 06:25:00",531234,12.69,17.47,749.7,16.05,76.9
"2025-12-23 06:30:00",531235,12.75,17.54,749.7,16.03,76.41
"2025-12-23 06:35:00",531236,12.8,17.59,749.8,16.08,76.51
"2025-12-23 06:40:00",531237,12.86,17.66,749.9,16.11,76.04
"2025-12-23 06:45:00",531238,12.9,17.74,749.9,16.18,75.94
"2025-12-23 06:50:00",531239,12.89,17.78,749.9,16.25,75.98
"2025-12-23 06:55:00",531240,12.92,17.86,750,16.26,75.16
"2025-12-23 07:00:00",531241,12.9,17.93,750,16.32,74.13
"2025-12-23 07:05:00",531242,12.85,18,750,16.5,74.13
"2025-12-23 07:10:00",531243,12.84,18.08,750.1,16.67,73.48
"2025-12-23 07:15:00",531244,12.96,18.21,750.2,16.88,74.63
"2025-12-23 07:20:00",531245,13.1,18.38,750.2,17.03,74.04
"2025-12-23 07:25:00",531246,13.22,18.53,750.2,16.92,74.1
"2025-12-23 07:30:00",531247,13.33,18.72,750.3,17.03,73.04
"2025-12-23 07:35:00",531248,13.42,18.91,750.2,17.08,73.36
"2025-12-23 07:40:00",531249,13.47,19.09,750.3,17.15,73.12
"2025-12-23 07:45:00",531250,13.53,19.28,750.2,17.06,72.75
"2025-12-23 07:50:00",531251,13.6,19.49,750.1,17.29,73.49
"2025-12-23 07:55:00",531252,13.76,19.75,750.2,17.57,71.62
"2025-12-23 08:00:00",531253,13.82,20.7,750.3,17.95,70.65
"2025-12-23 08:05:00",531254,13.73,21.55,750.4,18.19,69.68
"2025-12-23 08:10:00",531255,13.7,22.09,750.3,18.17,69.53
"2025-12-23 08:15:00",531256,13.7,22.58,750.4,18.47,67.89
"2025-12-23 08:20:00",531257,13.67,23.05,750.4,18.18,69.29
"2025-12-23 08:25:00",531258,13.68,23.46,750.5,18.23,69.48
"2025-12-23 08:30:00",531259,13.68,23.78,750.4,17.87,70.54
"2025-12-23 08:35:00",531260,13.65,24,750.4,18.39,67.22
"2025-12-23 08:40:00",531261,13.65,24.2,750.4,18.67,66.95
"2025-12-23 08:45:00",531262,13.65,24.37,750.4,18.51,66.33
"2025-12-23 08:50:00",531263,13.65,24.5,750.4,18.68,65.53
"2025-12-23 08:55:00",531264,13.65,24.63,750.3,19.04,63.99
"2025-12-23 09:00:00",531265,13.65,24.76,750.3,19.82,60.99
"2025-12-23 09:05:00",531266,13.65,24.92,750.2,19.83,61.84
"2025-12-23 09:10:00",531267,13.63,25.23,750.2,21.14,58.25
"2025-12-23 09:15:00",531268,13.63,25.92,750.2,21.77,54.48
"2025-12-23 09:20:00",531269,13.6,26.83,750.2,21.29,55.13
"2025-12-23 09:25:00",531270,13.6,27.73,750.2,21.94,53.92
"2025-12-23 09:30:00",531271,13.58,28.6,750.2,21.95,52.45
"2025-12-23 09:35:00",531272,13.55,29.37,750.2,21.31,52.61
"2025-12-23 09:40:00",531273,13.55,30.09,750.3,22.83,50.59
"2025-12-23 09:45:00",531274,13.53,30.74,750.3,22.86,49.04
"2025-12-23 09:50:00",531275,13.53,31.11,750.2,22.07,51.12
"2025-12-23 09:55:00",531276,13.53,31.22,750.3,21.77,51.64
"2025-12-23 10:00:00",531277,13.53,31.2,750.2,21.63,52.34
"2025-12-23 10:05:00",531278,13.5,31.24,750.2,22.49,50.19
"2025-12-23 10:10:00",531279,13.51,31.42,750.1,23.22,49.24
"2025-12-23 10:15:00",531280,13.5,31.67,750,22.76,50.71
"2025-12-23 10:20:00",531281,13.51,31.98,749.9,23.65,48.6
"2025-12-23 10:25:00",531282,13.51,32.4,749.8,23.99,47.14
"2025-12-23 10:30:00",531283,13.48,32.76,749.8,23.41,48.79
"2025-12-23 10:35:00",531284,13.48,33.04,749.8,24.4,46.65
"2025-12-23 10:40:00",531285,13.48,33.46,749.8,23.93,47.58
"2025-12-23 10:45:00",531286,13.46,33.92,749.8,24.1,46.1
"2025-12-23 10:50:00",531287,13.46,34.09,749.7,22.97,48.42
"2025-12-23 10:55:00",531288,13.46,33.97,749.6,23.99,45.63
"2025-12-23 11:00:00",531289,13.46,33.84,749.6,24.48,45.21
"2025-12-23 11:05:00",531290,13.46,33.81,749.5,24.38,45.58
"2025-12-23 11:10:00",531291,13.46,33.78,749.4,24.49,44.43
"2025-12-23 11:15:00",531292,13.46,33.74,749.3,24.09,45.9
"2025-12-23 11:20:00",531293,13.46,33.72,749.2,24.68,44.88
"2025-12-23 11:25:00",531294,13.46,33.63,749.2,23.53,45
"2025-12-23 11:30:00",531295,13.46,33.49,749.2,25.04,42.06
"2025-12-23 11:35:00",531296,13.46,33.55,749.1,25.04,41.96
"2025-12-23 11:40:00",531297,13.46,33.85,749.1,26.2,40.68
"2025-12-23 11:45:00",531298,13.46,34.3,749,26.68,40.07
"2025-12-23 11:50:00",531299,13.46,34.67,748.9,26.53,39.2
"2025-12-23 11:55:00",531300,13.44,35.08,748.8,25.77,40.96
"2025-12-23 12:00:00",531301,13.44,35.33,748.7,25.36,41.05
"2025-12-23 12:05:00",531302,13.44,35.44,748.6,25.72,39.47
"2025-12-23 12:10:00",531303,13.44,35.5,748.5,26.02,38.02
"2025-12-23 12:15:00",531304,13.44,35.47,748.5,26.05,36.96
"2025-12-23 12:20:00",531305,13.44,35.39,748.4,25.85,36.41
"2025-12-23 12:25:00",531306,13.44,35.32,748.3,26.14,35.44
"2025-12-23 12:30:00",531307,13.44,35.21,748.2,25.87,33.07
"2025-12-23 12:35:00",531308,13.44,35.11,748.1,27.35,31.85
"2025-12-23 12:40:00",531309,13.44,35.18,748.1,26.34,34.99
"2025-12-23 12:45:00",531310,13.44,35.13,748,25.61,36.32
"2025-12-23 12:50:00",531311,13.44,34.98,747.9,26.28,32.97
"2025-12-23 12:55:00",531312,13.44,34.9,747.7,27.87,30.13
"2025-12-23 13:00:00",531313,13.44,35.01,747.6,27.8,31.31
"2025-12-23 13:05:00",531314,13.44,35.19,747.6,27.84,29.45
"2025-12-23 13:10:00",531315,13.44,35.29,747.5,27.38,30.29
"2025-12-23 13:15:00",531316,13.44,35.39,747.4,27.99,30.51
"2025-12-23 13:20:00",531317,13.44,35.52,747.4,27.45,28.32
"2025-12-23 13:25:00",531318,13.44,35.56,747.4,27.12,27.54
"2025-12-23 13:30:00",531319,13.44,35.54,747.3,27.18,27.82
"2025-12-23 13:35:00",531320,13.44,35.51,747.2,28.2,26.98
"2025-12-23 13:40:00",531321,13.44,35.55,747.1,28.34,26.26
"2025-12-23 13:45:00",531322,13.44,35.66,747,27.98,25.75
"2025-12-23 13:50:00",531323,13.44,35.81,747,27.35,25.98
"2025-12-23 13:55:00",531324,13.42,35.88,746.9,29.36,22.8
"2025-12-23 14:00:00",531325,13.42,36.07,746.8,29.72,23.52
"2025-12-23 14:05:00",531326,13.42,36.36,746.7,27.99,25.96
"2025-12-23 14:10:00",531327,13.42,36.52,746.5,28.6,24.07
"2025-12-23 14:15:00",531328,13.42,36.7,746.5,28.68,24.04
"2025-12-23 14:20:00",531329,13.42,36.87,746.5,29.9,24.05
"2025-12-23 14:25:00",531330,13.42,37.04,746.5,28.55,26.55
"2025-12-23 14:30:00",531331,13.42,37.04,746.6,26.94,30.8
"2025-12-23 14:35:00",531332,13.42,36.69,746.6,26.6,32.86
"2025-12-23 14:40:00",531333,13.42,36.04,746.5,26,33.45
"2025-12-23 14:45:00",531334,13.42,35.29,746.6,25.89,34.68
"2025-12-23 14:50:00",531335,13.42,34.56,746.5,26.06,33.42
"2025-12-23 14:55:00",531336,13.42,34.05,746.3,26.32,33.51
"2025-12-23 15:00:00",531337,13.42,33.66,746.3,27.06,31.72
"2025-12-23 15:05:00",531338,13.42,33.52,746.1,27.26,31.1
"2025-12-23 15:10:00",531339,13.42,33.47,746.1,26.54,31.31
"2025-12-23 15:15:00",531340,13.42,33.38,746,27.06,30.5
"2025-12-23 15:20:00",531341,13.42,33.32,745.9,27.11,29.83
"2025-12-23 15:25:00",531342,13.42,33.36,745.9,26.92,29.92
"2025-12-23 15:30:00",531343,13.42,33.42,745.8,27.04,31.28
"2025-12-23 15:35:00",531344,13.42,33.52,745.7,27.11,30.81
"2025-12-23 15:40:00",531345,13.42,33.64,745.7,27.18,28.78
"2025-12-23 15:45:00",531346,13.42,33.73,745.7,26.93,30.56
"2025-12-23 15:50:00",531347,13.42,33.79,745.6,27.4,29.48
"2025-12-23 15:55:00",531348,13.42,33.86,745.5,26.85,31
"2025-12-23 16:00:00",531349,13.42,33.84,745.5,26.47,30.35
"2025-12-23 16:05:00",531350,13.42,33.72,745.4,26.69,30.24
"2025-12-23 16:10:00",531351,13.42,33.64,745.4,26.8,29.02
"2025-12-23 16:15:00",531352,13.42,33.62,745.4,26.84,29.84
"2025-12-23 16:20:00",531353,13.42,33.66,745.4,26.54,28.97
"2025-12-23 16:25:00",531354,13.42,33.66,745.5,26.96,28.56
"2025-12-23 16:30:00",531355,13.42,33.74,745.5,27.02,29.31
"2025-12-23 16:35:00",531356,13.42,33.81,745.4,27.02,26.44
"2025-12-23 16:40:00",531357,13.42,33.88,745.4,26.91,28.14
"2025-12-23 16:45:00",531358,13.42,33.84,745.5,26.72,27.86
"2025-12-23 16:50:00",531359,13.42,33.74,745.5,27.06,28.5
"2025-12-23 16:55:00",531360,13.42,33.58,745.4,27,28.49
"2025-12-23 17:00:00",531361,13.42,33.36,745.4,26.5,28.79
"2025-12-23 17:05:00",531362,13.42,33.19,745.4,26.8,29.09
"2025-12-23 17:10:00",531363,13.43,33.25,745.4,27.02,28.56
"2025-12-23 17:15:00",531364,13.42,33.39,745.4,27.5,28.05
"2025-12-23 17:20:00",531365,13.42,33.63,745.4,27.21,27.62
"2025-12-23 17:25:00",531366,13.42,33.69,745.4,27.11,27.37
"2025-12-23 17:30:00",531367,13.42,33.72,745.4,26.62,26.96
"2025-12-23 17:35:00",531368,13.42,33.6,745.4,26.82,27.66
"2025-12-23 17:40:00",531369,13.42,33.39,745.5,26.66,27.92
"2025-12-23 17:45:00",531370,13.42,33.15,745.5,26.29,26.66
"2025-12-23 17:50:00",531371,13.42,32.82,745.4,26.37,27.49
"2025-12-23 17:55:00",531372,13.45,32.51,745.3,26.32,27.48
"2025-12-23 18:00:00",531373,13.45,32.28,745.4,26.49,27.84
"2025-12-23 18:05:00",531374,13.45,32.06,745.4,26.46,28.11
"2025-12-23 18:10:00",531375,13.44,32.01,745.5,26.36,26.39
"2025-12-23 18:15:00",531376,13.45,31.74,745.5,26.42,29.33
"2025-12-23 18:20:00",531377,13.45,31.06,745.6,26.08,29.71
"2025-12-23 18:25:00",531378,13.32,30.44,745.6,25.13,33.07
"2025-12-23 18:30:00",531379,13.2,29.88,745.7,24.61,34.43
"2025-12-23 18:35:00",531380,13.11,29.29,745.8,24.35,34.3
"2025-12-23 18:40:00",531381,13.04,28.71,745.9,24.15,34.35
"2025-12-23 18:45:00",531382,13,28.18,746,23.96,34.6
"2025-12-23 18:50:00",531383,12.96,27.69,746.1,23.9,34.49
"2025-12-23 18:55:00",531384,12.93,27.22,746.2,23.66,35.23
"2025-12-23 19:00:00",531385,12.91,26.81,746.2,23.63,35.63
"2025-12-23 19:05:00",531386,12.9,26.43,746.2,23.55,36.78
"2025-12-23 19:10:00",531387,12.9,26.05,746.3,23.49,37.3
"2025-12-23 19:15:00",531388,12.89,25.72,746.3,23.39,37.29
"2025-12-23 19:20:00",531389,12.89,25.61,746.4,23.23,37.77
"2025-12-23 19:25:00",531390,12.88,25.42,746.5,23.09,38.18
"2025-12-23 19:30:00",531391,12.88,25.09,746.6,23.03,38.7
"2025-12-23 19:35:00",531392,12.87,24.94,746.7,22.94,39.08
"2025-12-23 19:40:00",531393,12.87,24.81,746.9,22.87,39.6
"2025-12-23 19:45:00",531394,12.86,24.56,747,22.76,39.98
"2025-12-23 19:50:00",531395,12.86,24.37,747,22.72,40.3
"2025-12-23 19:55:00",531396,12.86,24.25,747,22.88,40.29
"2025-12-23 20:00:00",531397,12.86,24.23,747.1,23.04,38.9
"2025-12-23 20:05:00",531398,12.85,24.11,747.3,23.41,35.77
"2025-12-23 20:10:00",531399,12.85,24.14,747.4,23.57,34.2
"2025-12-23 20:15:00",531400,12.85,24.18,747.5,23.5,34.65
"2025-12-23 20:20:00",531401,12.85,24.19,747.5,23.17,35.68
"2025-12-23 20:25:00",531402,12.85,24.02,747.7,22.91,38.82
"2025-12-23 20:30:00",531403,12.85,23.95,747.9,22.81,40.7
"2025-12-23 20:35:00",531404,12.84,23.88,747.9,22.55,42.17
"2025-12-23 20:40:00",531405,12.84,23.78,747.9,22.56,41.85
"2025-12-23 20:45:00",531406,12.84,23.72,748,22.57,43.85
"2025-12-23 20:50:00",531407,12.84,23.63,748,22.21,45.54
"2025-12-23 20:55:00",531408,12.84,23.52,748.1,21.83,49.16
"2025-12-23 21:00:00",531409,12.83,23.4,748.2,21.49,51.73
"2025-12-23 21:05:00",531410,12.83,23.28,748.4,21.44,51.5
"2025-12-23 21:10:00",531411,12.83,23.16,748.5,21.37,51.55
"2025-12-23 21:15:00",531412,12.83,23.04,748.7,21.36,51.24
"2025-12-23 21:20:00",531413,12.82,22.94,748.7,21.37,50.27
"2025-12-23 21:25:00",531414,12.82,22.85,748.8,21.32,50.07
"2025-12-23 21:30:00",531415,12.82,22.76,749,21.19,50.43
"2025-12-23 21:35:00",531416,12.82,22.69,749.1,21.15,50.55
"2025-12-23 21:40:00",531417,12.82,22.61,749.2,21.04,51.42
"2025-12-23 21:45:00",531418,12.82,22.54,749.2,20.97,52.47
"2025-12-23 21:50:00",531419,12.81,22.36,749.3,20.83,54.26
"2025-12-23 21:55:00",531420,12.81,22.19,749.3,20.78,55.67
"2025-12-23 22:00:00",531421,12.81,22.09,749.3,20.73,57.05
"2025-12-23 22:05:00",531422,12.81,22,749.4,20.64,57.62
"2025-12-23 22:10:00",531423,12.81,21.94,749.5,20.7,57.45
"2025-12-23 22:15:00",531424,12.8,21.86,749.4,20.66,57.35
"2025-12-23 22:20:00",531425,12.8,21.81,749.4,20.6,57.64
"2025-12-23 22:25:00",531426,12.79,21.74,749.5,20.56,57.76
"2025-12-23 22:30:00",531427,12.79,21.66,749.6,20.42,58.32
"2025-12-23 22:35:00",531428,12.79,21.61,749.6,20.49,57.81
"2025-12-23 22:40:00",531429,12.79,21.55,749.6,20.41,58.41
"2025-12-23 22:45:00",531430,12.79,21.47,749.7,20.38,58.41
"2025-12-23 22:50:00",531431,12.79,21.41,749.7,20.36,58.25
"2025-12-23 22:55:00",531432,12.79,21.33,749.7,20.32,58.34
"2025-12-23 23:00:00",531433,12.79,21.29,749.7,20.27,57.81
"2025-12-23 23:05:00",531434,12.79,21.24,749.7,20.27,57.59
"2025-12-23 23:10:00",531435,12.79,21.19,749.7,20.22,57.68
"2025-12-23 23:15:00",531436,12.79,21.16,749.7,20.15,58.04
"2025-12-23 23:20:00",531437,12.79,21.12,749.7,20.06,57.78
"2025-12-23 23:25:00",531438,12.79,21.07,749.7,20.06,56.79
"2025-12-23 23:30:00",531439,12.78,21.02,749.8,19.98,57.21
"2025-12-23 23:35:00",531440,12.78,20.96,749.8,19.8,57.77
"2025-12-23 23:40:00",531441,12.78,20.9,749.8,19.74,58.06
"2025-12-23 23:45:00",531442,12.78,20.84,749.9,19.74,58.37
"2025-12-23 23:50:00",531443,12.78,20.77,749.8,19.69,58.76
"2025-12-23 23:55:00",531444,12.78,20.69,749.7,19.62,59.2
"2025-12-24 00:00:00",531445,12.78,20.63,749.7,19.67,59.09
"2025-12-24 00:05:00",531446,12.78,20.58,749.7,19.68,59.09
"2025-12-24 00:10:00",531447,12.78,20.52,749.7,19.7,59.49
"2025-12-24 00:15:00",531448,12.78,20.47,749.6,19.7,60.19
"2025-12-24 00:20:00",531449,12.78,20.44,749.6,19.55,61.37
"2025-12-24 00:25:00",531450,12.78,20.41,749.6,19.55,60.71
"2025-12-24 00:30:00",531451,12.78,20.39,749.6,19.58,60.53
"2025-12-24 00:35:00",531452,12.78,20.34,749.5,19.55,60.47
"2025-12-24 00:40:00",531453,12.79,20.29,749.5,19.46,60.57
"2025-12-24 00:45:00",531454,12.79,20.26,749.4,19.44,60.54
"2025-12-24 00:50:00",531455,12.78,20.23,749.4,19.33,60.88
"2025-12-24 00:55:00",531456,12.78,20.19,749.3,19.28,61.36
"2025-12-24 01:00:00",531457,12.78,20.19,749.3,19.23,61.47
"2025-12-24 01:05:00",531458,12.78,20.14,749.2,19.16,62.6
"2025-12-24 01:10:00",531459,12.78,20.1,749.1,18.99,64.39
"2025-12-24 01:15:00",531460,12.78,20.04,749.2,18.96,64.21
"2025-12-24 01:20:00",531461,12.78,19.97,749.1,18.83,64.34
"2025-12-24 01:25:00",531462,12.78,19.89,749,18.91,63.72
"2025-12-24 01:30:00",531463,12.77,19.84,749,18.9,63.75
"2025-12-24 01:35:00",531464,12.77,19.76,749,18.71,63.78
"2025-12-24 01:40:00",531465,12.77,19.71,748.9,18.74,63.97
"2025-12-24 01:45:00",531466,12.77,19.64,748.9,18.71,63.69
"2025-12-24 01:50:00",531467,12.77,19.57,748.9,18.81,63.71
"2025-12-24 01:55:00",531468,12.77,19.52,748.9,18.83,63.32
"2025-12-24 02:00:00",531469,12.77,19.48,748.9,18.79,64.96
"2025-12-24 02:05:00",531470,12.77,19.45,748.9,18.63,66.94
"2025-12-24 02:10:00",531471,12.76,19.43,748.9,18.43,67.73
"2025-12-24 02:15:00",531472,12.76,19.4,748.9,18.41,68.05
"2025-12-24 02:20:00",531473,12.76,19.37,748.9,18.38,68.31
"2025-12-24 02:25:00",531474,12.76,19.35,748.9,18.53,65.21
"2025-12-24 02:30:00",531475,12.76,19.35,749,18.63,65.49
"2025-12-24 02:35:00",531476,12.76,19.34,749,18.57,67.28
"2025-12-24 02:40:00",531477,12.76,19.33,748.9,18.41,68.11
"2025-12-24 02:45:00",531478,12.76,19.33,748.8,18.39,68.34
"2025-12-24 02:50:00",531479,12.75,19.33,748.8,18.42,68.05
"2025-12-24 02:55:00",531480,12.75,19.32,748.8,18.38,67.75
"2025-12-24 03:00:00",531481,12.75,19.31,748.7,18.43,67.41
"2025-12-24 03:05:00",531482,12.75,19.3,748.8,18.53,65.33
"2025-12-24 03:10:00",531483,12.75,19.28,748.9,18.53,66.78
"2025-12-24 03:15:00",531484,12.75,19.27,748.9,18.27,68.82
"2025-12-24 03:20:00",531485,12.74,19.26,748.9,18.11,69.25
"2025-12-24 03:25:00",531486,12.74,19.24,748.8,18.12,69.02
"2025-12-24 03:30:00",531487,12.74,19.22,748.7,18.18,67.48
"2025-12-24 03:35:00",531488,12.74,19.19,748.7,18.33,65.95
"2025-12-24 03:40:00",531489,12.74,19.18,748.7,18.33,65.71
"2025-12-24 03:45:00",531490,12.73,19.11,748.8,18.31,65.73
"2025-12-24 03:50:00",531491,12.73,19.08,748.8,18.32,64.9
"2025-12-24 03:55:00",531492,12.73,19.06,748.7,18.36,65.18
"2025-12-24 04:00:00",531493,12.73,19.06,748.7,18.35,65.18
"2025-12-24 04:05:00",531494,12.73,19.05,748.6,18.29,65.58
"2025-12-24 04:10:00",531495,12.73,19.04,748.6,18.27,65.96
"2025-12-24 04:15:00",531496,12.72,19.04,748.6,18.16,66.18
"2025-12-24 04:20:00",531497,12.72,19.02,748.6,18.14,67.47
"2025-12-24 04:25:00",531498,12.72,18.93,748.7,17.99,68.82
"2025-12-24 04:30:00",531499,12.72,18.8,748.7,17.83,71.38
"2025-12-24 04:35:00",531500,12.72,18.66,748.7,17.77,70.93
"2025-12-24 04:40:00",531501,12.71,18.53,748.7,17.71,70.46
"2025-12-24 04:45:00",531502,12.71,18.42,748.7,17.74,69.56
"2025-12-24 04:50:00",531503,12.71,18.31,748.7,17.78,69.31
"2025-12-24 04:55:00",531504,12.7,18.4,748.8,17.92,68.57
"2025-12-24 05:00:00",531505,12.7,18.47,748.8,17.83,69.9
"2025-12-24 05:05:00",531506,12.69,18.48,748.8,17.66,70.19
"2025-12-24 05:10:00",531507,12.69,18.46,748.9,17.5,70.82
"2025-12-24 05:15:00",531508,12.69,18.43,748.9,17.45,71.07
"2025-12-24 05:20:00",531509,12.69,18.4,749,17.48,70.94
"2025-12-24 05:25:00",531510,12.69,18.41,749,17.48,71.08
"2025-12-24 05:30:00",531511,12.68,18.45,749.1,17.46,70.9
"2025-12-24 05:35:00",531512,12.68,18.52,749.1,17.48,70.64
"2025-12-24 05:40:00",531513,12.68,18.55,749.2,17.45,68.98
"2025-12-24 05:45:00",531514,12.67,18.59,749.3,17.47,69.02
"2025-12-24 05:50:00",531515,12.67,18.64,749.4,17.51,63.55
"2025-12-24 05:55:00",531516,12.67,18.72,749.4,17.55,62.36
"2025-12-24 06:00:00",531517,12.67,18.8,749.4,17.47,62.68
"2025-12-24 06:05:00",531518,12.67,18.84,749.5,17.38,63.23
"2025-12-24 06:10:00",531519,12.67,18.87,749.5,17.43,62.22
"2025-12-24 06:15:00",531520,12.68,18.88,749.5,17.46,61.42
"2025-12-24 06:20:00",531521,12.68,18.87,749.5,17.4,61.71
"2025-12-24 06:25:00",531522,12.68,18.87,749.6,17.26,62.17
"2025-12-24 06:30:00",531523,12.69,18.86,749.6,17.27,62.17
"2025-12-24 06:35:00",531524,12.71,18.84,749.6,17.23,63.62
"2025-12-24 06:40:00",531525,12.72,18.83,749.7,17.19,64.89
"2025-12-24 06:45:00",531526,12.76,18.87,749.7,17.2,67.27
"2025-12-24 06:50:00",531527,12.81,18.93,749.8,17.34,66.3
"2025-12-24 06:55:00",531528,12.85,18.99,749.9,17.16,70.82
"2025-12-24 07:00:00",531529,12.87,19.04,749.9,17.13,71.24
"2025-12-24 07:05:00",531530,12.88,19.02,750,17.11,71.56
"2025-12-24 07:10:00",531531,12.88,19,750,17.18,71.37
"2025-12-24 07:15:00",531532,12.92,19.05,750.1,17.17,70.27
"2025-12-24 07:20:00",531533,13.02,19.11,750.1,17.33,70.59
"2025-12-24 07:25:00",531534,13.11,19.22,750.2,17.23,70.4
"2025-12-24 07:30:00",531535,13.17,19.31,750.2,17.27,70.58
"2025-12-24 07:35:00",531536,13.29,19.41,750.2,17.17,71.14
"2025-12-24 07:40:00",531537,13.47,19.61,750.2,17.25,70.71
"2025-12-24 07:45:00",531538,13.62,19.86,750.2,17.55,69.03
"2025-12-24 07:50:00",531539,13.7,20.13,750.2,18.13,66.32
"2025-12-24 07:55:00",531540,13.78,20.43,750.2,18.47,61.35
"2025-12-24 08:00:00",531541,13.81,20.77,750.3,18.8,59.59
"2025-12-24 08:05:00",531542,13.7,21.85,750.4,19.02,58.1
"2025-12-24 08:10:00",531543,13.7,22.4,750.4,19.17,57.76
"2025-12-24 08:15:00",531544,13.7,22.74,750.4,18.97,56.02
"2025-12-24 08:20:00",531545,13.68,22.99,750.5,19.18,57.27
"2025-12-24 08:25:00",531546,13.68,23.22,750.5,19.34,55.77
"2025-12-24 08:30:00",531547,13.68,23.41,750.5,19.04,56.73
"2025-12-24 08:35:00",531548,13.68,23.55,750.6,19.02,54.49
"2025-12-24 08:40:00",531549,13.68,23.65,750.6,19.18,54.05
"2025-12-24 08:45:00",531550,13.68,23.77,750.6,19.53,53.95
"2025-12-24 08:50:00",531551,13.65,23.87,750.7,19.43,52.81
"2025-12-24 08:55:00",531552,13.66,23.96,750.7,19.38,52.03
"2025-12-24 09:00:00",531553,13.66,24.05,750.7,19.46,52.88
"2025-12-24 09:05:00",531554,13.66,24.14,750.8,18.9,60.36
"2025-12-24 09:10:00",531555,13.66,24.15,750.8,18.53,59.28
"2025-12-24 09:15:00",531556,13.66,24.1,750.8,18.56,59.67
"2025-12-24 09:20:00",531557,13.66,24.04,750.8,18.36,59.76
"2025-12-24 09:25:00",531558,13.66,23.94,750.9,18.39,60.43
"2025-12-24 09:30:00",531559,13.66,23.78,750.9,18.53,59.67
"2025-12-24 09:35:00",531560,13.66,23.71,751,18.96,54.73
"2025-12-24 09:40:00",531561,13.66,23.71,751,19.22,60.5
"2025-12-24 09:45:00",531562,13.66,23.78,751,19.01,61.13
"2025-12-24 09:50:00",531563,13.66,23.88,751,19.05,59.36
"2025-12-24 09:55:00",531564,13.66,24.03,751.1,19.4,57.25
"2025-12-24 10:00:00",531565,13.66,24.21,751,19.11,58.24
"2025-12-24 10:05:00",531566,13.66,24.3,750.9,19.98,56.66
"2025-12-24 10:10:00",531567,13.66,24.5,750.9,19.24,58.66
"2025-12-24 10:15:00",531568,13.66,24.64,751,19.63,57.28
"2025-12-24 10:20:00",531569,13.63,24.76,751,19.39,53.83
"2025-12-24 10:25:00",531570,13.64,24.85,751,19.61,53.15
"2025-12-24 10:30:00",531571,13.64,25,750.9,19.99,58.65
"2025-12-24 10:35:00",531572,13.64,25.13,750.9,19.51,59.52
"2025-12-24 10:40:00",531573,13.64,25.18,750.9,19.58,59.17
"2025-12-24 10:45:00",531574,13.64,25.2,750.8,19.55,59.8
"2025-12-24 10:50:00",531575,13.64,25.22,750.8,19.54,60.04
"2025-12-24 10:55:00",531576,13.64,25.22,750.8,20.34,55.52
"2025-12-24 11:00:00",531577,13.64,25.32,750.8,20.26,54.48
"2025-12-24 11:05:00",531578,13.64,25.42,750.8,20.08,53.34
"2025-12-24 11:10:00",531579,13.64,25.52,750.7,20.14,51.57
"2025-12-24 11:15:00",531580,13.64,25.59,750.6,19.82,52.75
"2025-12-24 11:20:00",531581,13.64,25.67,750.5,19.89,53.07
"2025-12-24 11:25:00",531582,13.64,25.7,750.6,20.39,52.89
"2025-12-24 11:30:00",531583,13.64,25.78,750.5,20.81,50.6
"2025-12-24 11:35:00",531584,13.61,25.9,750.4,20.66,52.37
"2025-12-24 11:40:00",531585,13.61,26.05,750.3,20.08,53.65
"2025-12-24 11:45:00",531586,13.61,26.1,750.3,20.24,52.62
"2025-12-24 11:50:00",531587,13.61,26.14,750.2,20.58,51.57
"2025-12-24 11:55:00",531588,13.61,26.17,750.1,20.65,50.64
"2025-12-24 12:00:00",531589,13.61,26.18,750.1,20.74,51.44
"2025-12-24 12:05:00",531590,13.61,26.2,750.1,20.8,50.69
"2025-12-24 12:10:00",531591,13.61,26.17,750,20.05,52.09
"2025-12-24 12:15:00",531592,13.61,26.1,750,20.82,51.64
"2025-12-24 12:20:00",531593,13.61,26.1,749.9,21.14,49.57
"2025-12-24 12:25:00",531594,13.61,26.15,749.9,20.81,49.31
"2025-12-24 12:30:00",531595,13.61,26.2,749.9,20.77,48.23
"2025-12-24 12:35:00",531596,13.61,26.27,749.8,21.1,49.63
"2025-12-24 12:40:00",531597,13.61,26.36,749.8,20.82,48.49
"2025-12-24 12:45:00",531598,13.61,26.45,749.7,21.02,47.38
"2025-12-24 12:50:00",531599,13.61,26.56,749.7,21.47,46.13
"2025-12-24 12:55:00",531600,13.61,26.65,749.7,20.89,47.93
"2025-12-24 13:00:00",531601,13.62,26.71,749.7,21.09,47.77
"2025-12-24 13:05:00",531602,13.61,26.73,749.6,20.71,49.14
"2025-12-24 13:10:00",531603,13.61,26.69,749.7,20.91,49.2
"2025-12-24 13:15:00",531604,13.62,26.63,749.8,20.98,48.64
"2025-12-24 13:20:00",531605,13.61,26.49,749.9,20.82,49
"2025-12-24 13:25:00",531606,13.62,26.31,749.9,20.54,50.16
"2025-12-24 13:30:00",531607,13.61,25.92,750.1,19.48,56.13
"2025-12-24 13:35:00",531608,13.61,25.28,750.3,18.83,62.51
"2025-12-24 13:40:00",531609,13.62,24.53,750.3,16.88,73.86
"2025-12-24 13:45:00",531610,13.61,23.67,750.3,16.09,79.4
"2025-12-24 13:50:00",531611,13.61,22.81,750.3,16.01,73.58
"2025-12-24 13:55:00",531612,13.64,22,750.2,15.88,74.63
"2025-12-24 14:00:00",531613,13.64,21.29,750,15.44,77.86
"2025-12-24 14:05:00",531614,13.67,20.7,749.9,15.02,79.61
"2025-12-24 14:10:00",531615,13.67,20.23,749.8,15.38,79.74
"2025-12-24 14:15:00",531616,13.67,19.89,749.7,15.9,73.27
"2025-12-24 14:20:00",531617,13.69,19.66,749.6,16.34,71.06
"2025-12-24 14:25:00",531618,13.7,19.58,749.3,16.53,70.27
"2025-12-24 14:30:00",531619,13.69,19.66,749.4,17.08,69.61
"2025-12-24 14:35:00",531620,13.7,19.92,749.4,17.95,65.37
"2025-12-24 14:40:00",531621,13.7,20.33,749,18.58,64.18
"2025-12-24 14:45:00",531622,13.7,20.91,748.9,18.57,61.67
"2025-12-24 14:50:00",531623,13.7,21.46,748.9,18.87,57.78
"2025-12-24 14:55:00",531624,13.7,21.97,748.8,18.91,58.39
"2025-12-24 15:00:00",531625,13.7,22.4,748.9,18.96,56.48
"2025-12-24 15:05:00",531626,13.7,22.82,748.8,18.5,66.36
"2025-12-24 15:10:00",531627,13.67,23.13,748.7,18.47,65.08
"2025-12-24 15:15:00",531628,13.68,23.36,748.6,18.65,64.66
"2025-12-24 15:20:00",531629,13.68,23.6,748.5,18.94,60.88
"2025-12-24 15:25:00",531630,13.68,23.85,748.4,19.26,59.96
"2025-12-24 15:30:00",531631,13.68,24.14,748.4,20.11,58.27
"2025-12-24 15:35:00",531632,13.65,24.44,748.2,20.32,57.54
"2025-12-24 15:40:00",531633,13.65,24.77,748.2,20.37,53.07
"2025-12-24 15:45:00",531634,13.65,25.07,748.2,20.22,55.4
"2025-12-24 15:50:00",531635,13.65,25.28,748.1,20.05,55.56
"2025-12-24 15:55:00",531636,13.65,25.39,748.1,19.66,53.81
"2025-12-24 16:00:00",531637,13.62,25.41,748.1,19.88,54.98
"2025-12-24 16:05:00",531638,13.62,25.4,748,19.7,52.92
"2025-12-24 16:10:00",531639,13.62,25.34,747.9,19.74,53.23
"2025-12-24 16:15:00",531640,13.62,25.15,748,19.73,52.67
"2025-12-24 16:20:00",531641,13.62,25,747.9,19.56,52.43
"2025-12-24 16:25:00",531642,13.62,24.85,747.9,19.52,53.08
"2025-12-24 16:30:00",531643,13.62,24.69,747.9,19.28,52.54
"2025-12-24 16:35:00",531644,13.62,24.53,747.8,19.22,52.91
"2025-12-24 16:40:00",531645,13.62,24.4,747.8,19.28,51.67
"2025-12-24 16:45:00",531646,13.62,24.27,747.9,19.44,53.16
"2025-12-24 16:50:00",531647,13.62,24.2,747.9,19.5,52.61
"2025-12-24 16:55:00",531648,13.62,24.17,747.7,19.72,52.36
"2025-12-24 17:00:00",531649,13.62,24.18,747.7,19.86,51.69
"2025-12-24 17:05:00",531650,13.62,24.25,747.7,19.71,52.01
"2025-12-24 17:10:00",531651,13.62,24.32,747.7,19.82,52.22
"2025-12-24 17:15:00",531652,13.62,24.42,747.7,20.02,50.71
"2025-12-24 17:20:00",531653,13.62,24.5,747.7,20.05,51.16
"2025-12-24 17:25:00",531654,13.62,24.56,747.6,20.06,50.53
"2025-12-24 17:30:00",531655,13.62,24.63,747.5,20,50.33
"2025-12-24 17:35:00",531656,13.62,24.68,747.5,19.98,50.39
"2025-12-24 17:40:00",531657,13.62,24.7,747.6,20.18,49.79
"2025-12-24 17:45:00",531658,13.62,24.66,747.6,20.38,51.08
"2025-12-24 17:50:00",531659,13.62,24.65,747.5,20.27,50.47
"2025-12-24 17:55:00",531660,13.62,24.58,747.6,20.12,51.04
"2025-12-24 18:00:00",531661,13.62,24.48,747.6,19.96,52.42
"2025-12-24 18:05:00",531662,13.62,24.17,747.6,19.85,53.68
"2025-12-24 18:10:00",531663,13.53,23.51,747.7,19.69,52.48
"2025-12-24 18:15:00",531664,13.35,23.13,747.8,19.58,53.27
"2025-12-24 18:20:00",531665,13.22,22.81,747.9,19.46,54.68
"2025-12-24 18:25:00",531666,13.12,22.55,747.9,19.36,54.01
"2025-12-24 18:30:00",531667,13.06,22.27,747.9,19.4,53.68
"2025-12-24 18:35:00",531668,13.01,22.04,748,19.34,54.1
"2025-12-24 18:40:00",531669,12.97,21.84,748.1,19.38,52.31
"2025-12-24 18:45:00",531670,12.93,21.65,748.2,19.42,52.13
"2025-12-24 18:50:00",531671,12.9,21.51,748.2,19.4,52.31
"2025-12-24 18:55:00",531672,12.9,21.38,748.3,19.5,50.83
"2025-12-24 19:00:00",531673,12.89,21.24,748.4,19.52,50.55
"2025-12-24 19:05:00",531674,12.89,21.15,748.5,19.35,53.46
"2025-12-24 19:10:00",531675,12.88,21.07,748.6,18.94,52.99
"2025-12-24 19:15:00",531676,12.88,20.9,748.8,18.39,53.32
"2025-12-24 19:20:00",531677,12.88,20.69,749,18.04,55.21
"2025-12-24 19:25:00",531678,12.87,20.44,749.1,17.66,59.56
"2025-12-24 19:30:00",531679,12.87,19.92,749.3,16.97,64.94
"2025-12-24 19:35:00",531680,12.87,19.36,749,15.76,73.59
"2025-12-24 19:40:00",531681,12.86,18.66,749.1,14.88,78.47
"2025-12-24 19:45:00",531682,12.86,17.97,749.5,14.71,81.6
"2025-12-24 19:50:00",531683,12.85,17.36,749.4,14.91,79.75
"2025-12-24 19:55:00",531684,12.85,16.86,749.5,15.12,78.88
"2025-12-24 20:00:00",531685,12.85,16.47,749.6,14.95,79.04
"2025-12-24 20:05:00",531686,12.84,16.17,749.7,14.98,80.7
"2025-12-24 20:10:00",531687,12.84,15.94,749.7,15.1,79.9
"2025-12-24 20:15:00",531688,12.84,15.75,749.7,15.32,77.19
"2025-12-24 20:20:00",531689,12.83,15.63,749.7,15.44,77.28
"2025-12-24 20:25:00",531690,12.83,15.54,749.7,15.44,78.76
"2025-12-24 20:30:00",531691,12.83,15.5,749.8,15.13,80.5
"2025-12-24 20:35:00",531692,12.82,15.48,749.8,15.2,78.15
"2025-12-24 20:40:00",531693,12.82,15.49,749.8,15.29,76.96
"2025-12-24 20:45:00",531694,12.82,15.52,750,15.31,77.22
"2025-12-24 20:50:00",531695,12.82,15.58,749.9,15.33,78.06
"2025-12-24 20:55:00",531696,12.82,15.68,750,15.2,78.87
"2025-12-24 21:00:00",531697,12.82,15.76,750,14.73,80.7
"2025-12-24 21:05:00",531698,12.82,15.84,750.1,14.7,81.3
"2025-12-24 21:10:00",531699,12.81,15.9,750,14.63,81.3
"2025-12-24 21:15:00",531700,12.81,15.95,750.1,14.68,78.93
"2025-12-24 21:20:00",531701,12.81,16.01,750.2,14.71,79.66
"2025-12-24 21:25:00",531702,12.81,16.04,750.3,14.48,81.3
"2025-12-24 21:30:00",531703,12.81,16.03,750.5,14.42,82.8
"2025-12-24 21:35:00",531704,12.81,16.04,750.5,14.51,82.4
"2025-12-24 21:40:00",531705,12.8,16.05,750.7,14.6,82.5
"2025-12-24 21:45:00",531706,12.8,16.06,750.9,14.61,83.3
"2025-12-24 21:50:00",531707,12.8,16.06,750.9,14.48,82.8
"2025-12-24 21:55:00",531708,12.8,16.06,750.9,14.71,82.2
"2025-12-24 22:00:00",531709,12.8,16.07,751,14.7,80.5
"2025-12-24 22:05:00",531710,12.8,16.06,751,14.57,80.8
"2025-12-24 22:10:00",531711,12.8,15.98,751.1,14.69,82.1
"2025-12-24 22:15:00",531712,12.8,15.93,751.2,14.79,79.45
"2025-12-24 22:20:00",531713,12.8,15.91,751.2,14.87,79.19
"2025-12-24 22:25:00",531714,12.8,15.94,751.3,14.95,76.92
"2025-12-24 22:30:00",531715,12.8,15.94,751.3,15.06,76.55
"2025-12-24 22:35:00",531716,12.8,15.99,751.3,15.12,77.96
"2025-12-24 22:40:00",531717,12.8,16.02,751.4,15.19,76.47
"2025-12-24 22:45:00",531718,12.8,16.07,751.5,15.24,77.18
"2025-12-24 22:50:00",531719,12.79,16.11,751.6,15.25,76.54
"2025-12-24 22:55:00",531720,12.79,16.14,751.7,15.19,77.56
"2025-12-24 23:00:00",531721,12.79,16.1,751.9,14.93,80.8
"2025-12-24 23:05:00",531722,12.79,16.01,751.9,14.37,84.9
"2025-12-24 23:10:00",531723,12.79,15.87,751.9,14.11,86.9
"2025-12-24 23:15:00",531724,12.78,15.68,752,13.85,88.5
"2025-12-24 23:20:00",531725,12.78,15.5,752,13.57,90.8
"2025-12-24 23:25:00",531726,12.78,15.32,752.1,13.58,91.8
"2025-12-24 23:30:00",531727,12.78,15.16,752.1,13.61,92.4
"2025-12-24 23:35:00",531728,12.78,15.04,752,13.53,92.1
"2025-12-24 23:40:00",531729,12.78,14.95,752,13.46,92.5
"2025-12-24 23:45:00",531730,12.78,14.84,752,13.5,92.4
"2025-12-24 23:50:00",531731,12.77,14.74,752,13.49,92.3
"2025-12-24 23:55:00",531732,12.77,14.68,752,13.39,92.8
"2025-12-25 00:00:00",531733,12.77,14.61,752,13.42,93.6
"2025-12-25 00:05:00",531734,12.77,14.57,752,13.44,93.4
"2025-12-25 00:10:00",531735,12.76,14.53,751.9,13.41,93.5
"2025-12-25 00:15:00",531736,12.76,14.51,751.9,13.32,92.5
"2025-12-25 00:20:00",531737,12.76,14.48,751.9,13.41,92.2
"2025-12-25 00:25:00",531738,12.76,14.41,751.9,13.45,90.4
"2025-12-25 00:30:00",531739,12.76,14.34,751.8,13.53,89.8
"2025-12-25 00:35:00",531740,12.76,14.3,751.9,13.5,89.7
"2025-12-25 00:40:00",531741,12.75,14.26,751.8,13.44,87.2
"2025-12-25 00:45:00",531742,12.75,14.19,751.9,13.34,89.1
"2025-12-25 00:50:00",531743,12.75,14.12,751.9,13.27,89
"2025-12-25 00:55:00",531744,12.74,14.07,751.8,13.23,88
"2025-12-25 01:00:00",531745,12.74,14,751.9,13.1,89.9
"2025-12-25 01:05:00",531746,12.74,13.84,751.9,13.01,90.5
"2025-12-25 01:10:00",531747,12.74,13.77,751.9,12.89,90.8
"2025-12-25 01:15:00",531748,12.74,13.71,751.9,12.78,91
"2025-12-25 01:20:00",531749,12.73,13.65,751.8,12.79,91.2
"2025-12-25 01:25:00",531750,12.73,13.6,751.8,12.79,91.4
"2025-12-25 01:30:00",531751,12.73,13.57,751.8,12.82,91.5
"2025-12-25 01:35:00",531752,12.73,13.54,751.8,12.71,91.5
"2025-12-25 01:40:00",531753,12.72,13.53,751.7,12.76,92.6
"2025-12-25 01:45:00",531754,12.72,13.49,751.6,12.67,92.1
"2025-12-25 01:50:00",531755,12.72,13.47,751.6,12.46,92.7
"2025-12-25 01:55:00",531756,12.71,13.43,751.5,12.24,91.3
"2025-12-25 02:00:00",531757,12.71,13.36,751.5,12.29,92.6
"2025-12-25 02:05:00",531758,12.71,13.28,751.5,12.23,93
"2025-12-25 02:10:00",531759,12.7,13.22,751.4,12.13,93.3
"2025-12-25 02:15:00",531760,12.7,13.18,751.3,12.06,93.6
"2025-12-25 02:20:00",531761,12.69,13.11,751.3,12.02,93.7
"2025-12-25 02:25:00",531762,12.69,13.08,751.2,11.88,93
"2025-12-25 02:30:00",531763,12.68,12.99,751.1,11.84,93.4
"2025-12-25 02:35:00",531764,12.67,12.93,751.1,11.75,93.5
"2025-12-25 02:40:00",531765,12.67,12.87,751.1,11.69,93.1
"2025-12-25 02:45:00",531766,12.67,12.8,751,11.61,92.8
"2025-12-25 02:50:00",531767,12.66,12.71,750.9,11.65,93.7
"2025-12-25 02:55:00",531768,12.66,12.64,750.9,11.56,92.6
"2025-12-25 03:00:00",531769,12.66,12.59,750.8,11.61,92.2
"2025-12-25 03:05:00",531770,12.65,12.55,750.8,11.65,90.5
"2025-12-25 03:10:00",531771,12.65,12.51,750.7,11.92,90.9
"2025-12-25 03:15:00",531772,12.64,12.49,750.7,11.88,92.5
"2025-12-25 03:20:00",531773,12.64,12.5,750.6,11.78,93
"2025-12-25 03:25:00",531774,12.64,12.48,750.5,11.61,94.2
"2025-12-25 03:30:00",531775,12.63,12.46,750.4,11.52,93.8
"2025-12-25 03:35:00",531776,12.63,12.45,750.4,11.66,94.1
"2025-12-25 03:40:00",531777,12.63,12.45,750.3,11.56,93
"2025-12-25 03:45:00",531778,12.62,12.43,750.2,11.66,93.2
"2025-12-25 03:50:00",531779,12.62,12.44,750.2,11.75,93.7
"2025-12-25 03:55:00",531780,12.62,12.43,750.2,11.65,94.2
"2025-12-25 04:00:00",531781,12.61,12.42,750.2,11.55,93.8
"2025-12-25 04:05:00",531782,12.61,12.36,750.2,11.63,94.6
"2025-12-25 04:10:00",531783,12.6,12.32,750.3,11.59,95.2
"2025-12-25 04:15:00",531784,12.6,12.32,750.4,11.57,95.6
"2025-12-25 04:20:00",531785,12.6,12.33,750.4,11.57,95.7
"2025-12-25 04:25:00",531786,12.59,12.34,750.4,11.59,95.7
"2025-12-25 04:30:00",531787,12.59,12.35,750.5,11.6,95
"2025-12-25 04:35:00",531788,12.59,12.36,750.6,11.72,94.5
"2025-12-25 04:40:00",531789,12.58,12.37,750.6,11.82,93.8
"2025-12-25 04:45:00",531790,12.58,12.39,750.7,11.92,93.6
"2025-12-25 04:50:00",531791,12.58,12.4,750.8,12,93.7
"2025-12-25 04:55:00",531792,12.58,12.43,750.9,12,93.6
"2025-12-25 05:00:00",531793,12.57,12.45,750.9,12.06,93.3
"2025-12-25 05:05:00",531794,12.57,12.48,751,12.04,93
"2025-12-25 05:10:00",531795,12.57,12.52,751,12.01,93.5
"2025-12-25 05:15:00",531796,12.57,12.54,751.1,11.94,94.1
"2025-12-25 05:20:00",531797,12.57,12.58,751.1,11.86,95.1
"2025-12-25 05:25:00",531798,12.57,12.6,751.2,11.77,95.1
"2025-12-25 05:30:00",531799,12.57,12.63,751.2,11.88,95.5
"2025-12-25 05:35:00",531800,12.58,12.66,751.2,11.79,95.3
"2025-12-25 05:40:00",531801,12.58,12.67,751.3,11.87,95.6
"2025-12-25 05:45:00",531802,12.57,12.7,751.3,11.79,95.5
"2025-12-25 05:50:00",531803,12.57,12.71,751.4,11.77,95.4
"2025-12-25 05:55:00",531804,12.57,12.76,751.4,11.69,95.2
"2025-12-25 06:00:00",531805,12.57,12.8,751.5,11.63,94.5
"2025-12-25 06:05:00",531806,12.57,12.81,751.5,11.69,94.6
"2025-12-25 06:10:00",531807,12.57,12.81,751.6,11.79,94.8
"2025-12-25 06:15:00",531808,12.57,12.83,751.6,11.92,95
"2025-12-25 06:20:00",531809,12.58,12.84,751.6,11.77,94.3
"2025-12-25 06:25:00",531810,12.58,12.86,751.6,11.79,94.8
"2025-12-25 06:30:00",531811,12.59,12.88,751.7,11.87,95.4
"2025-12-25 06:35:00",531812,12.6,12.92,751.7,11.7,95
"2025-12-25 06:40:00",531813,12.6,12.95,751.8,11.76,95.1
"2025-12-25 06:45:00",531814,12.59,12.95,751.8,11.75,95
"2025-12-25 06:50:00",531815,12.6,12.98,751.9,11.82,95.3
"2025-12-25 06:55:00",531816,12.61,13.02,751.9,11.61,94
"2025-12-25 07:00:00",531817,12.64,12.92,751.9,11.68,93.5
"2025-12-25 07:05:00",531818,12.66,12.89,752,11.72,93.7
"2025-12-25 07:10:00",531819,12.74,12.9,752,11.52,91.2
"2025-12-25 07:15:00",531820,12.88,12.93,752.1,11.67,92.1
"2025-12-25 07:20:00",531821,13.17,13.04,752.1,11.84,93.8
"2025-12-25 07:25:00",531822,13.5,13.21,752.1,11.74,93.5
"2025-12-25 07:30:00",531823,13.63,13.37,752.1,11.76,93.4
"2025-12-25 07:35:00",531824,13.62,13.49,752.2,11.86,92.7
"2025-12-25 07:40:00",531825,13.59,13.57,752.2,11.86,91.5
"2025-12-25 07:45:00",531826,13.53,13.58,752.2,11.76,90.1
"2025-12-25 07:50:00",531827,13.49,13.55,752.2,11.76,91.1
"2025-12-25 07:55:00",531828,13.49,13.53,752.3,11.74,90.2
"2025-12-25 08:00:00",531829,13.53,13.53,752.2,11.91,91
"2025-12-25 08:05:00",531830,13.59,13.59,752.2,11.9,91.2
"2025-12-25 08:10:00",531831,13.66,13.67,752.2,12.02,91.4
"2025-12-25 08:15:00",531832,13.7,13.79,752.3,12.21,90.9
"2025-12-25 08:20:00",531833,13.76,13.91,752.3,12.2,90.4
"2025-12-25 08:25:00",531834,14.04,14.05,752.3,12.17,90.3
"2025-12-25 08:30:00",531835,13.85,15,752.3,12.22,89.7
"2025-12-25 08:35:00",531836,13.85,15.57,752.4,12.46,90.2
"2025-12-25 08:40:00",531837,13.85,15.83,752.4,12.47,89.3
"2025-12-25 08:45:00",531838,13.85,16,752.4,12.5,89.5
"2025-12-25 08:50:00",531839,13.82,16.12,752.5,12.46,89.3
"2025-12-25 08:55:00",531840,13.82,16.24,752.5,12.7,89.5
"2025-12-25 09:00:00",531841,13.82,16.37,752.5,12.61,89.2
"2025-12-25 09:05:00",531842,13.83,16.48,752.5,13.01,88.8
"2025-12-25 09:10:00",531843,13.83,16.62,752.5,13.32,89
"2025-12-25 09:15:00",531844,13.83,16.76,752.5,13.44,87.7
"2025-12-25 09:20:00",531845,13.83,16.86,752.5,13.61,87.9
"2025-12-25 09:25:00",531846,13.83,17.02,752.5,13.99,86.7
"2025-12-25 09:30:00",531847,13.8,17.22,752.5,13.85,86.7
"2025-12-25 09:35:00",531848,13.8,17.34,752.5,13.79,86.3
"2025-12-25 09:40:00",531849,13.8,17.45,752.5,13.65,86
"2025-12-25 09:45:00",531850,13.8,17.49,752.4,13.65,86.3
"2025-12-25 09:50:00",531851,13.8,17.54,752.4,13.57,86.2
"2025-12-25 09:55:00",531852,13.8,17.56,752.3,13.69,85.8
"2025-12-25 10:00:00",531853,13.8,17.54,752.3,13.79,85
"2025-12-25 10:05:00",531854,13.8,17.52,752.3,13.53,83.3
"2025-12-25 10:10:00",531855,13.8,17.51,752.4,13.8,82
"2025-12-25 10:15:00",531856,13.8,17.54,752.4,14.09,83.4
"2025-12-25 10:20:00",531857,13.8,17.61,752.3,13.89,84.1
"2025-12-25 10:25:00",531858,13.8,17.72,752.3,14.09,84.1
"2025-12-25 10:30:00",531859,13.8,17.9,752.3,14.63,83.3
"2025-12-25 10:35:00",531860,13.8,18.14,752.2,14.34,83.4
"2025-12-25 10:40:00",531861,13.77,18.36,752.3,14.45,82.9
"2025-12-25 10:45:00",531862,13.77,18.54,752.2,14.73,83.4
"2025-12-25 10:50:00",531863,13.77,18.71,752.2,15.04,82
"2025-12-25 10:55:00",531864,13.77,18.85,752.1,15.45,80.9
"2025-12-25 11:00:00",531865,13.78,18.99,752.2,14.8,82.4
"2025-12-25 11:05:00",531866,13.78,19.07,752.1,15.12,83.2
"2025-12-25 11:10:00",531867,13.78,19.16,752.1,15.26,79.25
"2025-12-25 11:15:00",531868,13.78,19.22,752.1,15.02,80
"2025-12-25 11:20:00",531869,13.78,19.23,752.1,15.05,81.9
"2025-12-25 11:25:00",531870,13.78,19.2,752,14.85,79.38
"2025-12-25 11:30:00",531871,13.78,19.1,752,14.78,80.4
"2025-12-25 11:35:00",531872,13.78,19.01,751.9,14.87,82.1
"2025-12-25 11:40:00",531873,13.78,18.92,751.9,14.58,82.3
"2025-12-25 11:45:00",531874,13.78,18.87,751.8,14.76,82.4
"2025-12-25 11:50:00",531875,13.78,18.85,751.8,14.94,81.2
"2025-12-25 11:55:00",531876,13.78,18.89,751.8,15.24,79.19
"2025-12-25 12:00:00",531877,13.78,19.01,751.7,15.41,78.81
"2025-12-25 12:05:00",531878,13.78,19.15,751.6,15.35,79.79
"2025-12-25 12:10:00",531879,13.78,19.27,751.6,15.34,79.98
"2025-12-25 12:15:00",531880,13.75,19.41,751.5,15.36,78.99
"2025-12-25 12:20:00",531881,13.75,19.57,751.5,15.82,76.88
"2025-12-25 12:25:00",531882,13.75,19.81,751.5,16.06,76.17
"2025-12-25 12:30:00",531883,13.75,20.07,751.5,15.82,75.92
"2025-12-25 12:35:00",531884,13.75,20.31,751.4,15.44,77.64
"2025-12-25 12:40:00",531885,13.75,20.52,751.3,16.1,76.6
"2025-12-25 12:45:00",531886,13.72,20.82,751.2,16.67,73.96
"2025-12-25 12:50:00",531887,13.72,21.14,751.2,16.2,75.09
"2025-12-25 12:55:00",531888,13.72,21.33,751.2,17.01,73.52
"2025-12-25 13:00:00",531889,13.72,21.5,751.2,17.01,71.83
"2025-12-25 13:05:00",531890,13.72,21.63,751.1,16.38,75.55
"2025-12-25 13:10:00",531891,13.7,21.7,751.1,16.49,74.53
"2025-12-25 13:15:00",531892,13.7,21.86,751,16.75,72.7
"2025-12-25 13:20:00",531893,13.7,22.11,750.9,17.29,70.72
"2025-12-25 13:25:00",531894,13.7,22.37,750.8,17.08,70.05
"2025-12-25 13:30:00",531895,13.7,22.61,750.7,17.08,71.15
"2025-12-25 13:35:00",531896,13.7,22.84,750.7,17.1,69.91
"2025-12-25 13:40:00",531897,13.7,22.96,750.7,16.34,73.59
"2025-12-25 13:45:00",531898,13.7,22.95,750.7,16.49,71.67
"2025-12-25 13:50:00",531899,13.7,22.92,750.6,17.06,71.29
"2025-12-25 13:55:00",531900,13.7,22.95,750.5,17.23,69.84
"2025-12-25 14:00:00",531901,13.7,23,750.5,17.48,71.83
"2025-12-25 14:05:00",531902,13.7,22.97,750.5,16.24,70.41
"2025-12-25 14:10:00",531903,13.7,22.76,750.4,15.92,72.3
"2025-12-25 14:15:00",531904,13.7,22.51,750.3,16.52,73.25
"2025-12-25 14:20:00",531905,13.7,22.4,750.3,16.81,62.75
"2025-12-25 14:25:00",531906,13.7,22.39,750.2,17,67.27
"2025-12-25 14:30:00",531907,13.7,22.49,750.1,17.02,65.68
"2025-12-25 14:35:00",531908,13.7,22.71,750.1,17,64.5
"2025-12-25 14:40:00",531909,13.7,22.99,750,17.11,67.08
"2025-12-25 14:45:00",531910,13.7,23.31,749.9,18.04,64.35
"2025-12-25 14:50:00",531911,13.67,23.59,749.8,17.25,70.02
"2025-12-25 14:55:00",531912,13.67,23.8,749.7,17.53,65.57
"2025-12-25 15:00:00",531913,13.67,23.7,749.6,17.13,67.26
"2025-12-25 15:05:00",531914,13.67,23.53,749.5,17.15,70.27
"2025-12-25 15:10:00",531915,13.67,23.39,749.5,17.15,68.78
"2025-12-25 15:15:00",531916,13.67,23.13,749.4,16.61,69.61
"2025-12-25 15:20:00",531917,13.67,22.9,749.4,16.92,68.54
"2025-12-25 15:25:00",531918,13.67,22.69,749.4,16.53,68.41
"2025-12-25 15:30:00",531919,13.67,22.44,749.3,16.5,71.64
"2025-12-25 15:35:00",531920,13.67,22.21,749.2,16.65,73.34
"2025-12-25 15:40:00",531921,13.67,22.02,749.2,16.75,72.35
"2025-12-25 15:45:00",531922,13.67,21.83,749.2,16.48,74.24
"2025-12-25 15:50:00",531923,13.67,21.58,749.1,15.92,75.35
"2025-12-25 15:55:00",531924,13.67,21.33,749,16.18,77.43
"2025-12-25 16:00:00",531925,13.67,21.01,749.1,15.83,80.1
"2025-12-25 16:05:00",531926,13.67,20.62,748.9,15.48,78.26
"2025-12-25 16:10:00",531927,13.7,20.2,748.9,15.13,77.97
"2025-12-25 16:15:00",531928,13.7,19.81,748.8,15.21,78.37
"2025-12-25 16:20:00",531929,13.7,19.48,748.8,15.51,77.65
"2025-12-25 16:25:00",531930,13.7,19.29,748.8,15.61,79.24
"2025-12-25 16:30:00",531931,13.7,19.2,748.8,15.58,79.12
"2025-12-25 16:35:00",531932,13.7,19.19,748.8,15.5,79.16
"2025-12-25 16:40:00",531933,13.7,19.22,748.8,15.61,78.73
"2025-12-25 16:45:00",531934,13.7,19.29,748.7,15.49,80.5
"2025-12-25 16:50:00",531935,13.7,19.35,748.6,15.5,79.19
"2025-12-25 16:55:00",531936,13.7,19.39,748.7,15.48,77.09
"2025-12-25 17:00:00",531937,13.7,19.44,748.7,15.78,75.66
"2025-12-25 17:05:00",531938,13.69,19.48,748.7,15.83,76.26
"2025-12-25 17:10:00",531939,13.7,19.55,748.7,15.79,75.24
"2025-12-25 17:15:00",531940,13.7,19.58,748.6,15.88,76.05
"2025-12-25 17:20:00",531941,13.7,19.62,748.6,16.27,76.41
"2025-12-25 17:25:00",531942,13.7,19.69,748.7,16.14,71.83
"2025-12-25 17:30:00",531943,13.7,19.73,748.7,16.08,71.21
"2025-12-25 17:35:00",531944,13.7,19.75,748.6,16.02,73.35
"2025-12-25 17:40:00",531945,13.7,19.72,748.7,16.12,72.11
"2025-12-25 17:45:00",531946,13.65,19.65,748.7,16.26,73.71
"2025-12-25 17:50:00",531947,13.47,19.03,748.7,16.18,73.84
"2025-12-25 17:55:00",531948,13.37,18.64,748.8,16.08,72.96
"2025-12-25 18:00:00",531949,13.32,18.42,748.8,15.97,73.88
"2025-12-25 18:05:00",531950,13.23,18.24,748.8,15.9,73.95
"2025-12-25 18:10:00",531951,13.16,18.08,748.9,15.87,72.72
"2025-12-25 18:15:00",531952,13.1,17.93,748.9,15.82,72.66
"2025-12-25 18:20:00",531953,13.04,17.8,748.9,15.93,74.19
"2025-12-25 18:25:00",531954,12.99,17.69,749,15.96,72.97
"2025-12-25 18:30:00",531955,12.96,17.6,749,15.91,76.79
"2025-12-25 18:35:00",531956,12.95,17.51,749.1,15.71,78
"2025-12-25 18:40:00",531957,12.93,17.41,749.2,15.6,79.1
"2025-12-25 18:45:00",531958,12.91,17.32,749.3,15.48,78.15
"2025-12-25 18:50:00",531959,12.91,17.2,749.4,15.5,79.77
"2025-12-25 18:55:00",531960,12.9,17.06,749.4,15.45,79.06
"2025-12-25 19:00:00",531961,12.9,16.93,749.6,15.42,80.9
"2025-12-25 19:05:00",531962,12.9,16.78,749.7,15.22,79.54
"2025-12-25 19:10:00",531963,12.89,16.63,749.7,15.24,80.9
"2025-12-25 19:15:00",531964,12.89,16.45,749.8,15.1,83.2
"2025-12-25 19:20:00",531965,12.89,16.22,749.8,14.74,87
"2025-12-25 19:25:00",531966,12.89,15.97,749.8,14.34,87.4
"2025-12-25 19:30:00",531967,12.88,15.73,749.8,14.14,88.8
"2025-12-25 19:35:00",531968,12.88,15.49,749.9,14.05,89.6
"2025-12-25 19:40:00",531969,12.88,15.28,750,13.97,90.3
"2025-12-25 19:45:00",531970,12.88,15.11,750,13.96,90.4
"2025-12-25 19:50:00",531971,12.88,14.96,750.1,13.99,90.6
"2025-12-25 19:55:00",531972,12.88,14.85,750.2,13.98,91.1
"2025-12-25 20:00:00",531973,12.88,14.76,750.2,13.95,90.4
"2025-12-25 20:05:00",531974,12.88,14.67,750.3,14.03,90.6
"2025-12-25 20:10:00",531975,12.87,14.63,750.3,14.1,91.4
"2025-12-25 20:15:00",531976,12.87,14.59,750.3,14.17,91.7
"2025-12-25 20:20:00",531977,12.87,14.58,750.3,14.21,92.3
"2025-12-25 20:25:00",531978,12.87,14.57,750.4,14.13,92.3
"2025-12-25 20:30:00",531979,12.87,14.54,750.4,14.1,92.5
"2025-12-25 20:35:00",531980,12.86,14.51,750.4,14.09,93
"2025-12-25 20:40:00",531981,12.86,14.5,750.4,14.09,93.3
"2025-12-25 20:45:00",531982,12.86,14.48,750.5,14,93.2
"2025-12-25 20:50:00",531983,12.86,14.45,750.5,14.03,93.8
"2025-12-25 20:55:00",531984,12.86,14.44,750.6,13.89,93.3
"2025-12-25 21:00:00",531985,12.85,14.42,750.6,13.9,93.3
"2025-12-25 21:05:00",531986,12.85,14.38,750.6,13.87,92.9
"2025-12-25 21:10:00",531987,12.85,14.37,750.6,13.91,93.1
"2025-12-25 21:15:00",531988,12.85,14.34,750.7,13.9,92.5
"2025-12-25 21:20:00",531989,12.85,14.31,750.7,13.91,92.2
"2025-12-25 21:25:00",531990,12.85,14.3,750.7,14,92.5
"2025-12-25 21:30:00",531991,12.84,14.37,750.7,13.97,92.6
"2025-12-25 21:35:00",531992,12.83,14.58,750.8,13.93,92.9
"2025-12-25 21:40:00",531993,12.83,14.65,750.8,13.97,93.4
"2025-12-25 21:45:00",531994,12.83,14.7,750.9,13.91,93.5
"2025-12-25 21:50:00",531995,12.83,14.72,751,13.89,93.7
"2025-12-25 21:55:00",531996,12.83,14.74,751.1,13.96,94.4
"2025-12-25 22:00:00",531997,12.83,14.77,751.1,13.94,94.4
"2025-12-25 22:05:00",531998,12.83,14.8,751.2,13.75,93.7
"2025-12-25 22:10:00",531999,12.82,14.81,751.2,13.9,94.4
"2025-12-25 22:15:00",532000,12.83,14.83,751.2,13.87,94.5
"2025-12-25 22:20:00",532001,12.82,14.82,751.2,13.89,94.6
"2025-12-25 22:25:00",532002,12.82,14.82,751.3,13.8,94.5
"2025-12-25 22:30:00",532003,12.82,14.83,751.4,13.74,94.1
"2025-12-25 22:35:00",532004,12.82,14.83,751.3,13.84,94.3
"2025-12-25 22:40:00",532005,12.82,14.82,751.3,13.81,93.8
"2025-12-25 22:45:00",532006,12.82,14.83,751.3,13.7,93.1
"2025-12-25 22:50:00",532007,12.82,14.8,751.3,13.69,93
"2025-12-25 22:55:00",532008,12.81,14.76,751.2,13.72,93.2
"2025-12-25 23:00:00",532009,12.81,14.74,751.2,13.79,93.4
"2025-12-25 23:05:00",532010,12.81,14.75,751.2,13.91,93.8
"2025-12-25 23:10:00",532011,12.81,14.75,751.2,13.97,93.9
"2025-12-25 23:15:00",532012,12.81,14.75,751.1,13.93,93.8
"2025-12-25 23:20:00",532013,12.81,14.75,751.1,13.91,93.4
"2025-12-25 23:25:00",532014,12.81,14.76,751.1,13.9,93.6
"2025-12-25 23:30:00",532015,12.81,14.77,751.1,13.84,93.9
"2025-12-25 23:35:00",532016,12.8,14.79,751,13.81,94.7
"2025-12-25 23:40:00",532017,12.8,14.79,750.9,13.74,95.1
"2025-12-25 23:45:00",532018,12.8,14.72,750.8,13.67,95.3
"2025-12-25 23:50:00",532019,12.8,14.68,750.7,13.71,95.5
"2025-12-25 23:55:00",532020,12.8,14.64,750.7,13.71,95.6
"2025-12-26 00:00:00",532021,12.8,14.64,750.7,13.63,95.6
"2025-12-26 00:05:00",532022,12.8,14.62,750.7,13.61,95.7
"2025-12-26 00:10:00",532023,12.79,14.63,750.6,13.59,95.8
"2025-12-26 00:15:00",532024,12.79,14.61,750.5,13.56,95.8
"2025-12-26 00:20:00",532025,12.79,14.6,750.5,13.58,95.6
"2025-12-26 00:25:00",532026,12.79,14.6,750.5,13.52,95.4
"2025-12-26 00:30:00",532027,12.79,14.59,750.4,13.53,95.5
"2025-12-26 00:35:00",532028,12.79,14.56,750.3,13.51,95.5
"2025-12-26 00:40:00",532029,12.78,14.55,750.2,13.51,95.6
"2025-12-26 00:45:00",532030,12.78,14.52,750.2,13.49,95.8
"2025-12-26 00:50:00",532031,12.78,14.51,750.1,13.48,95.7
"2025-12-26 00:55:00",532032,12.78,14.51,750,13.45,95.7
"2025-12-26 01:00:00",532033,12.78,14.5,750,13.51,95.6
"2025-12-26 01:05:00",532034,12.77,14.5,749.9,13.55,95.3
"2025-12-26 01:10:00",532035,12.77,14.5,750,13.59,95.3
"2025-12-26 01:15:00",532036,12.77,14.52,750,13.58,95.5
"2025-12-26 01:20:00",532037,12.77,14.53,750.1,13.61,95.5
"2025-12-26 01:25:00",532038,12.77,14.56,750,13.78,96
"2025-12-26 01:30:00",532039,12.77,14.61,749.9,13.77,96.1
"2025-12-26 01:35:00",532040,12.77,14.63,750,13.75,96.2
"2025-12-26 01:40:00",532041,12.76,14.66,750,13.63,96.1
"2025-12-26 01:45:00",532042,12.76,14.67,749.9,13.61,96.3
"2025-12-26 01:50:00",532043,12.76,14.67,749.9,13.61,96.4
"2025-12-26 01:55:00",532044,12.76,14.67,749.8,13.57,96.2
"2025-12-26 02:00:00",532045,12.75,14.67,749.8,13.6,96.2
"2025-12-26 02:05:00",532046,12.75,14.66,749.7,13.59,96.1
"2025-12-26 02:10:00",532047,12.75,14.67,749.6,13.56,95.9
"2025-12-26 02:15:00",532048,12.75,14.67,749.5,13.53,95.8
"2025-12-26 02:20:00",532049,12.74,14.63,749.6,13.59,95.7
"2025-12-26 02:25:00",532050,12.74,14.62,749.6,13.58,96
"2025-12-26 02:30:00",532051,12.74,14.62,749.6,13.63,96.1
"2025-12-26 02:35:00",532052,12.74,14.63,749.5,13.59,96
"2025-12-26 02:40:00",532053,12.73,14.62,749.6,13.6,96.3
"2025-12-26 02:45:00",532054,12.74,14.53,749.6,13.58,96.3
"2025-12-26 02:50:00",532055,12.73,14.49,749.6,13.5,96.1
"2025-12-26 02:55:00",532056,12.73,14.45,749.6,13.53,95.7
"2025-12-26 03:00:00",532057,12.73,14.42,749.6,13.53,96
"2025-12-26 03:05:00",532058,12.73,14.42,749.5,13.4,96
"2025-12-26 03:10:00",532059,12.72,14.4,749.5,13.4,96
"2025-12-26 03:15:00",532060,12.72,14.36,749.5,13.36,96.1
"2025-12-26 03:20:00",532061,12.72,14.33,749.4,13.43,96.3
"2025-12-26 03:25:00",532062,12.71,14.31,749.4,13.37,95.9
"2025-12-26 03:30:00",532063,12.71,14.3,749.4,13.43,95.9
"2025-12-26 03:35:00",532064,12.7,14.29,749.4,13.33,95.8
"2025-12-26 03:40:00",532065,12.7,14.26,749.4,13.29,95.9
"2025-12-26 03:45:00",532066,12.7,14.24,749.5,13.37,96.2
"2025-12-26 03:50:00",532067,12.69,14.23,749.6,13.41,96.3
"2025-12-26 03:55:00",532068,12.69,14.25,749.6,13.38,95.9
"2025-12-26 04:00:00",532069,12.69,14.27,749.7,13.34,95.8
"2025-12-26 04:05:00",532070,12.68,14.29,749.7,13.28,95.7
"2025-12-26 04:10:00",532071,12.68,14.32,749.8,13.27,95.9
"2025-12-26 04:15:00",532072,12.67,14.31,749.9,13.25,96.2
"2025-12-26 04:20:00",532073,12.67,14.32,749.9,13.25,96.2
"2025-12-26 04:25:00",532074,12.67,14.31,750,13.24,95.7
"2025-12-26 04:30:00",532075,12.66,14.32,750,13.25,95.7
"2025-12-26 04:35:00",532076,12.66,14.31,750,13.28,95.8
"2025-12-26 04:40:00",532077,12.65,14.31,750,13.06,95.4
"2025-12-26 04:45:00",532078,12.65,14.27,750.1,13.17,95.6
"2025-12-26 04:50:00",532079,12.64,14.23,750.2,13.02,95.5
"2025-12-26 04:55:00",532080,12.64,14.2,750.2,13.02,95.6
"2025-12-26 05:00:00",532081,12.63,14.17,750.1,13.04,95.7
"2025-12-26 05:05:00",532082,12.63,14.15,750.1,13.14,96
"2025-12-26 05:10:00",532083,12.62,14.13,750,13.06,96
"2025-12-26 05:15:00",532084,12.61,14.09,750.2,13.04,96.3
"2025-12-26 05:20:00",532085,12.61,14.01,750.3,13,96.6
"2025-12-26 05:25:00",532086,12.61,13.96,750.3,13.06,96.9
"2025-12-26 05:30:00",532087,12.6,13.96,750.3,13.06,96.9
"2025-12-26 05:35:00",532088,12.6,13.97,750.4,13.07,97
"2025-12-26 05:40:00",532089,12.59,13.97,750.5,13.1,97.2
"2025-12-26 05:45:00",532090,12.59,13.99,750.5,13.07,97.1
"2025-12-26 05:50:00",532091,12.59,14.09,750.5,13.02,96.8
"2025-12-26 05:55:00",532092,12.6,14.13,750.5,13.14,96.9
"2025-12-26 06:00:00",532093,12.61,14.08,750.5,13.08,97
"2025-12-26 06:05:00",532094,12.62,14.08,750.7,13.12,97.2
"2025-12-26 06:10:00",532095,12.61,14.1,750.9,13.15,97.3
"2025-12-26 06:15:00",532096,12.59,14.12,751,13.18,97.3
"2025-12-26 06:20:00",532097,12.59,14.13,750.9,13.2,97.3
"2025-12-26 06:25:00",532098,12.6,14.15,751,13.27,97.3
"2025-12-26 06:30:00",532099,12.6,14.19,751.2,13.28,97.3
"2025-12-26 06:35:00",532100,12.62,14.23,751.2,13.28,97.3
"2025-12-26 06:40:00",532101,12.64,14.28,751.2,13.19,97.3
"2025-12-26 06:45:00",532102,12.66,14.33,751.3,13.23,97.5
"2025-12-26 06:50:00",532103,12.72,14.39,751.3,13.32,97.5
"2025-12-26 06:55:00",532104,12.78,14.48,751.3,13.37,97.4
"2025-12-26 07:00:00",532105,12.86,14.57,751.3,13.28,97
"2025-12-26 07:05:00",532106,12.97,14.65,751.4,13.47,97
"2025-12-26 07:10:00",532107,13.09,14.76,751.4,13.47,96.4
"2025-12-26 07:15:00",532108,13.23,14.86,751.5,13.67,96.3
"2025-12-26 07:20:00",532109,13.32,14.98,751.5,13.85,96.2
"2025-12-26 07:25:00",532110,13.27,15.04,751.6,13.8,95.8
"2025-12-26 07:30:00",532111,13.29,15.12,751.4,13.73,95.3
"2025-12-26 07:35:00",532112,13.36,15.19,751.4,13.81,95.5
"2025-12-26 07:40:00",532113,13.36,15.27,751.5,13.87,95.1
"2025-12-26 07:45:00",532114,13.34,15.34,751.6,13.88,94.9
"2025-12-26 07:50:00",532115,13.37,15.4,751.7,13.89,94.7
"2025-12-26 07:55:00",532116,13.45,15.49,751.7,14.05,94.5
"2025-12-26 08:00:00",532117,13.53,15.66,751.7,14.37,94.6
"2025-12-26 08:05:00",532118,13.42,15.79,751.8,14.39,93.6
"2025-12-26 08:10:00",532119,13.3,15.8,751.8,14.23,93.6
"2025-12-26 08:15:00",532120,13.21,15.74,751.9,14.03,93.4
"2025-12-26 08:20:00",532121,13.24,15.73,752,14.02,94.1
"2025-12-26 08:25:00",532122,13.29,15.75,751.9,13.99,94.3
"2025-12-26 08:30:00",532123,13.34,15.75,752,13.99,94.3
"2025-12-26 08:35:00",532124,13.35,15.76,751.9,14.15,95.3
"2025-12-26 08:40:00",532125,13.37,15.79,752,14.11,95.2
"2025-12-26 08:45:00",532126,13.46,15.87,752,14.06,94.4
"2025-12-26 08:50:00",532127,13.57,15.99,752.1,14.26,94.2
"2025-12-26 08:55:00",532128,13.71,16.19,752.1,14.53,93.4
"2025-12-26 09:00:00",532129,13.97,16.42,752.2,14.73,92.5
"2025-12-26 09:05:00",532130,13.82,17.61,752.3,15,92.7
"2025-12-26 09:10:00",532131,13.79,18.12,752.3,15.27,89
"2025-12-26 09:15:00",532132,13.79,18.47,752.1,15.35,87.7
"2025-12-26 09:20:00",532133,13.79,18.7,751.9,14.83,85.6
"2025-12-26 09:25:00",532134,13.76,18.83,751.7,15.08,86.7
"2025-12-26 09:30:00",532135,13.76,18.9,751.8,15.2,84.7
"2025-12-26 09:35:00",532136,13.76,19.02,751.8,16.11,82.6
"2025-12-26 09:40:00",532137,13.76,19.3,751.9,16.65,81.9
"2025-12-26 09:45:00",532138,13.77,19.74,752,17.61,78.04
"2025-12-26 09:50:00",532139,13.73,20.37,751.9,17.83,75.68
"2025-12-26 09:55:00",532140,13.74,21.23,751.9,19.07,70.65
"2025-12-26 10:00:00",532141,13.71,22.26,751.8,19.35,71.18
"2025-12-26 10:05:00",532142,13.68,23.38,751.8,19.02,67.86
"2025-12-26 10:10:00",532143,13.65,24.45,751.8,19.98,63.37
"2025-12-26 10:15:00",532144,13.63,25.48,751.7,20.11,59.83
"2025-12-26 10:20:00",532145,13.63,26.38,751.8,20.64,62.06
"2025-12-26 10:25:00",532146,13.6,27.06,751.8,19.24,65.66
"2025-12-26 10:30:00",532147,13.6,27.37,751.8,19.12,65.61
"2025-12-26 10:35:00",532148,13.6,27.5,751.9,19.38,64.67
"2025-12-26 10:40:00",532149,13.58,27.48,751.8,19.41,63.84
"2025-12-26 10:45:00",532150,13.58,27.41,751.6,19.54,59.04
"2025-12-26 10:50:00",532151,13.58,27.38,751.5,18.99,56.94
"2025-12-26 10:55:00",532152,13.58,27.37,751.4,20.17,57.3
"2025-12-26 11:00:00",532153,13.58,27.41,751.3,18.9,60.81
"2025-12-26 11:05:00",532154,13.58,27.29,751.2,19.27,58.05
"2025-12-26 11:10:00",532155,13.58,27.21,751.2,19.77,57.7
"2025-12-26 11:15:00",532156,13.58,27.25,751.1,20.71,51.37
"2025-12-26 11:20:00",532157,13.58,27.5,751,20.33,56.04
"2025-12-26 11:25:00",532158,13.58,27.92,750.9,21.34,55.13
"2025-12-26 11:30:00",532159,13.58,28.52,750.8,22.31,49.51
"2025-12-26 11:35:00",532160,13.56,29.13,750.8,21.49,55
"2025-12-26 11:40:00",532161,13.56,29.45,750.7,20.56,54.84
"2025-12-26 11:45:00",532162,13.56,29.55,750.6,21.19,52.53
"2025-12-26 11:50:00",532163,13.56,29.61,750.5,21.04,53.42
"2025-12-26 11:55:00",532164,13.56,29.66,750.5,21.52,51.29
"2025-12-26 12:00:00",532165,13.56,29.69,750.4,21.08,51.39
"2025-12-26 12:05:00",532166,13.56,29.71,750.3,21.54,50.57
"2025-12-26 12:10:00",532167,13.56,29.71,750.2,20.4,54.07
"2025-12-26 12:15:00",532168,13.56,29.49,750.1,21.07,52.98
"2025-12-26 12:20:00",532169,13.56,29.39,750.1,22.17,53.89
"2025-12-26 12:25:00",532170,13.56,29.44,749.9,21.65,51.15
"2025-12-26 12:30:00",532171,13.56,29.46,749.8,21.06,52.33
"2025-12-26 12:35:00",532172,13.56,29.42,749.9,21.29,52.36
"2025-12-26 12:40:00",532173,13.56,29.37,749.8,22.15,48.25
"2025-12-26 12:45:00",532174,13.56,29.52,749.6,22.68,47.33
"2025-12-26 12:50:00",532175,13.56,29.81,749.5,22.7,47.27
"2025-12-26 12:55:00",532176,13.54,30.19,749.5,23.48,44.38
"2025-12-26 13:00:00",532177,13.54,30.53,749.5,22.33,48.49
"2025-12-26 13:05:00",532178,13.53,30.62,749.5,22.47,49.84
"2025-12-26 13:10:00",532179,13.53,30.55,749.5,21.99,47.88
"2025-12-26 13:15:00",532180,13.54,30.2,749.5,20.75,52.75
"2025-12-26 13:20:00",532181,13.53,29.62,749.5,19.74,60.07
"2025-12-26 13:25:00",532182,13.54,28.77,749.5,19.14,67.36
"2025-12-26 13:30:00",532183,13.54,27.81,749.5,19.07,61.56
"2025-12-26 13:35:00",532184,13.53,26.97,749.5,19.74,58.28
"2025-12-26 13:40:00",532185,13.53,26.4,749.5,20.33,56.16
"2025-12-26 13:45:00",532186,13.56,26.13,749.5,20.26,57.19
"2025-12-26 13:50:00",532187,13.56,26.01,749.5,19.32,59.15
"2025-12-26 13:55:00",532188,13.56,25.89,749.5,19.04,60.87
"2025-12-26 14:00:00",532189,13.56,25.73,749.6,19.11,61.75
"2025-12-26 14:05:00",532190,13.56,25.41,749.7,18.19,62.02
"2025-12-26 14:10:00",532191,13.59,24.91,749.8,17.85,62.68
"2025-12-26 14:15:00",532192,13.59,24.42,749.7,18.04,61.67
"2025-12-26 14:20:00",532193,13.59,23.92,749.5,17.4,65.28
"2025-12-26 14:25:00",532194,13.61,23.42,749.3,17.18,64.65
"2025-12-26 14:30:00",532195,13.61,22.92,749.2,16.91,63.66
"2025-12-26 14:35:00",532196,13.61,22.46,749.2,17.2,64.65
"2025-12-26 14:40:00",532197,13.64,22.1,749,17.56,62.19
"2025-12-26 14:45:00",532198,13.64,21.89,749,17.94,60.24
"2025-12-26 14:50:00",532199,13.64,21.94,748.9,17.67,58.68
"2025-12-26 14:55:00",532200,13.64,22.08,749,17.67,60.13
"2025-12-26 15:00:00",532201,13.64,22.2,749,17.97,59.16
"2025-12-26 15:05:00",532202,13.64,22.35,748.9,18.01,57.49
"2025-12-26 15:10:00",532203,13.64,22.47,748.8,18.27,56.62
"2025-12-26 15:15:00",532204,13.64,22.58,748.8,18.2,57.71
"2025-12-26 15:20:00",532205,13.64,22.58,748.9,18.29,55.12
"2025-12-26 15:25:00",532206,13.64,22.65,748.8,18.73,54.82
"2025-12-26 15:30:00",532207,13.64,22.79,748.7,18.87,52.55
"2025-12-26 15:35:00",532208,13.64,22.91,748.6,18.41,57.49
"2025-12-26 15:40:00",532209,13.64,22.99,748.5,18.13,57.27
"2025-12-26 15:45:00",532210,13.64,23.01,748.5,17.75,57.85
"2025-12-26 15:50:00",532211,13.64,22.94,748.5,17.81,58.37
"2025-12-26 15:55:00",532212,13.65,22.88,748.6,17.66,58.65
"2025-12-26 16:00:00",532213,13.65,22.8,748.5,17.89,59.63
"2025-12-26 16:05:00",532214,13.65,22.74,748.4,17.64,60.46
"2025-12-26 16:10:00",532215,13.65,22.68,748.3,17.64,60.88
"2025-12-26 16:15:00",532216,13.65,22.63,748.3,17.63,58.68
"2025-12-26 16:20:00",532217,13.65,22.58,748.4,17.85,60.01
"2025-12-26 16:25:00",532218,13.65,22.55,748.4,17.72,60.54
"2025-12-26 16:30:00",532219,13.64,22.51,748.5,17.79,60.42
"2025-12-26 16:35:00",532220,13.64,22.52,748.6,17.95,58.43
"2025-12-26 16:40:00",532221,13.65,22.51,748.5,18.1,58.72
"2025-12-26 16:45:00",532222,13.64,22.52,748.6,18.22,55.91
"2025-12-26 16:50:00",532223,13.65,22.53,748.7,17.46,64.05
"2025-12-26 16:55:00",532224,13.64,22.46,748.6,17.31,62.89
"2025-12-26 17:00:00",532225,13.65,22.33,748.7,17.02,67.36
"2025-12-26 17:05:00",532226,13.65,22.18,748.7,16.53,67.68
"2025-12-26 17:10:00",532227,13.65,22.01,748.6,16.77,67.37
"2025-12-26 17:15:00",532228,13.65,21.86,748.6,17.01,66.36
"2025-12-26 17:20:00",532229,13.64,21.78,748.6,17.21,66.07
"2025-12-26 17:25:00",532230,13.65,21.69,748.6,16.62,69
"2025-12-26 17:30:00",532231,13.65,21.59,748.5,16.24,69.69
"2025-12-26 17:35:00",532232,13.65,21.46,748.5,16.34,68.29
"2025-12-26 17:40:00",532233,13.67,21.31,748.4,16.18,70.05
"2025-12-26 17:45:00",532234,13.68,21.15,748.4,16.31,68.95
"2025-12-26 17:50:00",532235,13.67,20.99,748.3,16.2,69.3
"2025-12-26 17:55:00",532236,13.68,20.84,748.3,16.06,68.38
"2025-12-26 18:00:00",532237,13.67,20.66,748.3,16.11,67.66
"2025-12-26 18:05:00",532238,13.68,20.48,748.3,16.03,67.59
"2025-12-26 18:10:00",532239,13.7,19.97,748.4,15.96,67.46
"2025-12-26 18:15:00",532240,13.64,19.45,748.4,16.07,67.45
"2025-12-26 18:20:00",532241,13.38,19.09,748.5,16.03,67.12
"2025-12-26 18:25:00",532242,13.23,18.84,748.5,15.94,67.45
"2025-12-26 18:30:00",532243,13.13,18.58,748.5,15.81,68.42
"2025-12-26 18:35:00",532244,13.04,18.33,748.5,15.75,68.93
"2025-12-26 18:40:00",532245,12.98,18.13,748.6,15.75,69.02
"2025-12-26 18:45:00",532246,12.95,17.97,748.6,15.74,69.16
"2025-12-26 18:50:00",532247,12.92,17.83,748.6,15.62,69.2
"2025-12-26 18:55:00",532248,12.9,17.7,748.6,15.6,69.37
"2025-12-26 19:00:00",532249,12.89,17.55,748.7,15.61,70.9
"2025-12-26 19:05:00",532250,12.89,17.4,748.7,15.52,71.2
"2025-12-26 19:10:00",532251,12.88,17.27,748.7,15.42,71.98
"2025-12-26 19:15:00",532252,12.88,17.13,748.8,15.3,72.3
"2025-12-26 19:20:00",532253,12.88,17.01,748.8,15.23,72.26
"2025-12-26 19:25:00",532254,12.87,16.89,748.8,15.2,71.88
"2025-12-26 19:30:00",532255,12.87,16.78,748.9,15.2,71.82
"2025-12-26 19:35:00",532256,12.86,16.68,749,15.14,72.52
"2025-12-26 19:40:00",532257,12.86,16.58,749.1,15.05,72.88
"2025-12-26 19:45:00",532258,12.86,16.47,749.2,14.97,74.02
"2025-12-26 19:50:00",532259,12.86,16.34,749.2,14.93,73.48
"2025-12-26 19:55:00",532260,12.85,16.23,749.2,14.79,74.16
"2025-12-26 20:00:00",532261,12.85,16.09,749.3,14.63,75.46
"2025-12-26 20:05:00",532262,12.85,15.96,749.3,14.63,75.88
"2025-12-26 20:10:00",532263,12.85,15.84,749.4,14.61,76.01
"2025-12-26 20:15:00",532264,12.84,15.74,749.4,14.55,76.34
"2025-12-26 20:20:00",532265,12.84,15.65,749.4,14.47,77.1
"2025-12-26 20:25:00",532266,12.84,15.57,749.5,14.41,77.92
"2025-12-26 20:30:00",532267,12.84,15.47,749.5,14.34,78.33
"2025-12-26 20:35:00",532268,12.83,15.39,749.5,14.26,78.12
"2025-12-26 20:40:00",532269,12.83,15.31,749.5,14.24,78.34
"2025-12-26 20:45:00",532270,12.83,15.23,749.6,14.09,78.8
"2025-12-26 20:50:00",532271,12.83,15.14,749.7,14,79.61
"2025-12-26 20:55:00",532272,12.83,15.04,749.7,14.17,79.62
"2025-12-26 21:00:00",532273,12.82,14.94,749.8,14.15,78.18
"2025-12-26 21:05:00",532274,12.82,14.89,749.8,14.03,78.93
"2025-12-26 21:10:00",532275,12.82,14.76,749.9,13.88,79.86
"2025-12-26 21:15:00",532276,12.82,14.69,749.9,13.83,82
"2025-12-26 21:20:00",532277,12.82,14.64,750,13.77,81.8
"2025-12-26 21:25:00",532278,12.81,14.57,750,13.81,82.6
"2025-12-26 21:30:00",532279,12.81,14.52,750.1,13.76,82.6
"2025-12-26 21:35:00",532280,12.81,14.45,750.2,13.82,82
"2025-12-26 21:40:00",532281,12.81,14.4,750.1,13.83,81.9
"2025-12-26 21:45:00",532282,12.81,14.26,750.2,13.96,81.8
"2025-12-26 21:50:00",532283,12.81,14.19,750.3,13.95,81
"2025-12-26 21:55:00",532284,12.81,14.13,750.3,13.9,81.7
"2025-12-26 22:00:00",532285,12.8,14.08,750.3,13.8,82.2
"2025-12-26 22:05:00",532286,12.8,14.05,750.3,13.86,83.3
"2025-12-26 22:10:00",532287,12.8,14.02,750.3,13.61,84
"2025-12-26 22:15:00",532288,12.8,13.99,750.3,13.59,84.1
"2025-12-26 22:20:00",532289,12.8,13.99,750.4,13.48,83.5
"2025-12-26 22:25:00",532290,12.79,13.98,750.4,13.44,83.9
"2025-12-26 22:30:00",532291,12.79,13.99,750.4,13.44,84.1
"2025-12-26 22:35:00",532292,12.79,14.01,750.4,13.38,83.7
"2025-12-26 22:40:00",532293,12.79,14.01,750.5,13.34,84.1
"2025-12-26 22:45:00",532294,12.79,14,750.5,13.33,84.2
"2025-12-26 22:50:00",532295,12.79,13.99,750.6,13.37,83.7
"2025-12-26 22:55:00",532296,12.78,13.97,750.5,13.43,83.4
"2025-12-26 23:00:00",532297,12.78,13.96,750.5,13.53,82.7
"2025-12-26 23:05:00",532298,12.78,13.97,750.6,13.53,83
"2025-12-26 23:10:00",532299,12.78,13.98,750.5,13.44,83.6
"2025-12-26 23:15:00",532300,12.77,13.95,750.6,13.38,84.9
"2025-12-26 23:20:00",532301,12.77,13.92,750.6,13.3,86.3
"2025-12-26 23:25:00",532302,12.77,13.9,750.6,13.13,87.1
"2025-12-26 23:30:00",532303,12.76,13.85,750.5,13.05,87.2
"2025-12-26 23:35:00",532304,12.76,13.85,750.5,13.04,86.9
"2025-12-26 23:40:00",532305,12.75,13.85,750.5,13.06,86.6
"2025-12-26 23:45:00",532306,12.75,13.83,750.6,13.03,86.6
"2025-12-26 23:50:00",532307,12.75,13.8,750.5,12.93,87.3
"2025-12-26 23:55:00",532308,12.75,13.77,750.5,12.9,87.5
"2025-12-27 00:00:00",532309,12.75,13.75,750.5,12.99,87.3
"2025-12-27 00:05:00",532310,12.75,13.72,750.5,12.96,87.7
"2025-12-27 00:10:00",532311,12.75,13.7,750.4,12.92,87.6
"2025-12-27 00:15:00",532312,12.74,13.65,750.4,12.9,87.9
"2025-12-27 00:20:00",532313,12.74,13.61,750.3,12.84,88.5
"2025-12-27 00:25:00",532314,12.74,13.56,750.3,12.7,88.8
"2025-12-27 00:30:00",532315,12.74,13.51,750.3,12.64,89
"2025-12-27 00:35:00",532316,12.74,13.44,750.3,12.57,90
"2025-12-27 00:40:00",532317,12.74,13.37,750.2,12.56,89.5
"2025-12-27 00:45:00",532318,12.73,13.31,750.1,12.52,89.6
"2025-12-27 00:50:00",532319,12.73,13.22,750.1,12.53,90.1
"2025-12-27 00:55:00",532320,12.73,13.08,750.1,12.54,90
"2025-12-27 01:00:00",532321,12.73,12.99,750.1,12.36,90.7
"2025-12-27 01:05:00",532322,12.73,12.88,750,12.2,91.3
"2025-12-27 01:10:00",532323,12.73,12.77,750,12.2,91.8
"2025-12-27 01:15:00",532324,12.72,12.67,750,12.15,91.6
"2025-12-27 01:20:00",532325,12.72,12.57,749.9,12.21,91.9
"2025-12-27 01:25:00",532326,12.72,12.49,749.9,12.22,91.5
"2025-12-27 01:30:00",532327,12.72,12.42,749.9,12.1,91.6
"2025-12-27 01:35:00",532328,12.71,12.37,749.9,12.1,92.3
"2025-12-27 01:40:00",532329,12.71,12.33,749.8,12.15,92.4
"2025-12-27 01:45:00",532330,12.71,12.28,749.8,11.98,92.2
"2025-12-27 01:50:00",532331,12.71,12.21,749.8,11.89,93.2
"2025-12-27 01:55:00",532332,12.71,12.16,749.8,11.82,93.4
"2025-12-27 02:00:00",532333,12.71,12.1,749.7,11.67,93.5
"2025-12-27 02:05:00",532334,12.7,12.06,749.8,11.49,93.8
"2025-12-27 02:10:00",532335,12.7,12.01,749.9,11.47,94.3
"2025-12-27 02:15:00",532336,12.7,11.98,749.9,11.49,94.5
"2025-12-27 02:20:00",532337,12.7,11.97,749.8,11.57,94.6
"2025-12-27 02:25:00",532338,12.7,11.98,749.7,11.64,94
"2025-12-27 02:30:00",532339,12.7,12.01,749.7,11.66,93.5
"2025-12-27 02:35:00",532340,12.69,12.07,749.6,11.7,93.1
"2025-12-27 02:40:00",532341,12.71,12.13,749.5,11.7,92.6
"2025-12-27 02:45:00",532342,12.7,12.2,749.5,11.84,93.1
"2025-12-27 02:50:00",532343,12.7,12.24,749.4,11.84,92.1
"2025-12-27 02:55:00",532344,12.7,12.27,749.4,11.85,91.4
"2025-12-27 03:00:00",532345,12.7,12.29,749.4,11.87,90.7
"2025-12-27 03:05:00",532346,12.69,12.28,749.4,11.79,91
"2025-12-27 03:10:00",532347,12.69,12.24,749.3,11.75,91.2
"2025-12-27 03:15:00",532348,12.69,12.19,749.3,11.81,91.2
"2025-12-27 03:20:00",532349,12.68,12.13,749.3,11.71,93.3
"2025-12-27 03:25:00",532350,12.68,12.07,749.3,11.51,94.3
"2025-12-27 03:30:00",532351,12.68,12.02,749.3,11.42,95.2
"2025-12-27 03:35:00",532352,12.68,11.96,749.3,11.31,95.4
"2025-12-27 03:40:00",532353,12.67,11.89,749.2,11.27,95.7
"2025-12-27 03:45:00",532354,12.67,11.81,749.3,11.34,95.8
"2025-12-27 03:50:00",532355,12.66,11.77,749.3,11.25,95
"2025-12-27 03:55:00",532356,12.66,11.74,749.2,11.29,94.4
"2025-12-27 04:00:00",532357,12.66,11.61,749.2,11.31,94.1
"2025-12-27 04:05:00",532358,12.66,11.55,749.2,11.25,94.2
"2025-12-27 04:10:00",532359,12.65,11.49,749.2,11.11,94.4
"2025-12-27 04:15:00",532360,12.65,11.45,749.3,11.09,94.6
"2025-12-27 04:20:00",532361,12.65,11.43,749.3,11.13,94.2
"2025-12-27 04:25:00",532362,12.64,11.41,749.3,11.09,93.1
"2025-12-27 04:30:00",532363,12.64,11.41,749.4,10.95,92.7
"2025-12-27 04:35:00",532364,12.64,11.37,749.3,10.85,93.4
"2025-12-27 04:40:00",532365,12.63,11.31,749.4,10.73,93.8
"2025-12-27 04:45:00",532366,12.63,11.22,749.4,10.63,93.9
"2025-12-27 04:50:00",532367,12.63,11.14,749.3,10.58,94.5
"2025-12-27 04:55:00",532368,12.62,11.05,749.4,10.7,94.7
"2025-12-27 05:00:00",532369,12.62,10.98,749.4,10.67,94.7
"2025-12-27 05:05:00",532370,12.61,10.93,749.4,10.72,95.1
"2025-12-27 05:10:00",532371,12.61,10.88,749.4,10.68,94.9
"2025-12-27 05:15:00",532372,12.6,10.85,749.5,10.6,95
"2025-12-27 05:20:00",532373,12.6,10.79,749.6,10.44,95
"2025-12-27 05:25:00",532374,12.59,10.73,749.6,10.29,95.1
"2025-12-27 05:30:00",532375,12.59,10.67,749.7,10.22,95.4
"2025-12-27 05:35:00",532376,12.59,10.62,749.8,10.26,95.7
"2025-12-27 05:40:00",532377,12.58,10.58,749.8,10.22,95.8
"2025-12-27 05:45:00",532378,12.58,10.58,749.9,10.22,96
"2025-12-27 05:50:00",532379,12.58,10.58,750,10.33,96.1
"2025-12-27 05:55:00",532380,12.59,10.58,750.1,10.36,96.1
"2025-12-27 06:00:00",532381,12.61,10.6,750.1,10.41,96
"2025-12-27 06:05:00",532382,12.65,10.68,750.1,10.53,95.6
"2025-12-27 06:10:00",532383,12.71,10.81,750.1,10.95,94.3
"2025-12-27 06:15:00",532384,12.82,11.03,750.2,11.27,92.9
"2025-12-27 06:20:00",532385,12.92,11.34,750.3,12.08,90.5
"2025-12-27 06:25:00",532386,13.05,11.78,750.3,13.32,85.7
"2025-12-27 06:30:00",532387,13.21,12.26,750.4,14.29,81.3
"2025-12-27 06:35:00",532388,13.33,12.88,750.4,15.36,77.68
"2025-12-27 06:40:00",532389,13.34,13.54,750.4,14.89,78.72
"2025-12-27 06:45:00",532390,13.42,14.11,750.5,14.13,81.2
"2025-12-27 06:50:00",532391,13.49,14.32,750.5,13.69,82.6
"2025-12-27 06:55:00",532392,13.55,14.54,750.6,13.07,86.1
"2025-12-27 07:00:00",532393,13.58,14.64,750.6,12.71,87.8
"2025-12-27 07:05:00",532394,13.54,14.68,750.6,12.61,88.6
"2025-12-27 07:10:00",532395,13.55,14.68,750.6,12.3,89.8
"2025-12-27 07:15:00",532396,13.67,14.76,750.7,12.77,89.4
"2025-12-27 07:20:00",532397,13.78,15.01,750.7,13.2,88.1
"2025-12-27 07:25:00",532398,13.96,15.16,750.7,13.3,86.8
"2025-12-27 07:30:00",532399,13.82,16.57,750.7,14.41,84.1
"2025-12-27 07:35:00",532400,13.82,17.61,750.7,16.17,75.43
"2025-12-27 07:40:00",532401,13.79,18.57,750.7,16.03,74.61
"2025-12-27 07:45:00",532402,13.76,19.36,750.7,15.32,77.39
"2025-12-27 07:50:00",532403,13.76,19.99,750.7,16.1,75.64
"2025-12-27 07:55:00",532404,13.73,20.63,750.6,17.15,71.79
"2025-12-27 08:00:00",532405,13.73,21.3,750.6,16.48,74.61
"2025-12-27 08:05:00",532406,13.71,21.95,750.7,18.31,67.97
"2025-12-27 08:10:00",532407,13.71,22.62,750.8,18.38,66.99
"2025-12-27 08:15:00",532408,13.68,23.23,750.8,18.37,67.52
"2025-12-27 08:20:00",532409,13.68,23.76,750.8,18.71,66.13
"2025-12-27 08:25:00",532410,13.68,24.24,750.8,18.66,66.51
"2025-12-27 08:30:00",532411,13.65,24.68,750.8,19.11,66.05
"2025-12-27 08:35:00",532412,13.65,25.13,750.8,19.42,61.68
"2025-12-27 08:40:00",532413,13.65,25.51,750.8,18.09,66.43
"2025-12-27 08:45:00",532414,13.63,25.78,750.8,18.49,65.26
"2025-12-27 08:50:00",532415,13.63,26.09,750.8,19.9,62.84
"2025-12-27 08:55:00",532416,13.63,26.55,750.8,20.12,61.13
"2025-12-27 09:00:00",532417,13.6,26.97,750.8,19.92,60.5
"2025-12-27 09:05:00",532418,13.6,27.33,750.7,19.07,60.57
"2025-12-27 09:10:00",532419,13.6,27.63,750.7,19.38,56.51
"2025-12-27 09:15:00",532420,13.57,27.83,750.7,19.41,57.8
"2025-12-27 09:20:00",532421,13.58,28.04,750.7,19,58.86
"2025-12-27 09:25:00",532422,13.58,28.22,750.7,19.66,58.66
"2025-12-27 09:30:00",532423,13.58,28.42,750.6,20.18,56.51
"2025-12-27 09:35:00",532424,13.58,28.68,750.6,19.82,57
"2025-12-27 09:40:00",532425,13.58,28.89,750.6,20.75,52.13
"2025-12-27 09:45:00",532426,13.55,29.12,750.6,20.33,52.32
"2025-12-27 09:50:00",532427,13.55,29.36,750.5,21.24,51.07
"2025-12-27 09:55:00",532428,13.55,29.68,750.5,19.38,54.66
"2025-12-27 10:00:00",532429,13.55,29.95,750.4,21.33,51.27
"2025-12-27 10:05:00",532430,13.55,30.37,750.3,22.37,48.59
"2025-12-27 10:10:00",532431,13.53,30.9,750.3,22.07,50.08
"2025-12-27 10:15:00",532432,13.53,31.32,750.3,21.65,51.62
"2025-12-27 10:20:00",532433,13.51,31.57,750.3,21.39,52.03
"2025-12-27 10:25:00",532434,13.51,31.77,750.2,22.47,47.81
"2025-12-27 10:30:00",532435,13.51,32.01,750.2,21.64,47.55
"2025-12-27 10:35:00",532436,13.51,32.12,750.2,21.43,47.04
"2025-12-27 10:40:00",532437,13.51,32.14,750.1,21.76,45.65
"2025-12-27 10:45:00",532438,13.51,32.27,750.1,22.42,40.82
"2025-12-27 10:50:00",532439,13.51,32.33,750.1,22.07,40.17
"2025-12-27 10:55:00",532440,13.51,32.29,750,22.05,42.95
"2025-12-27 11:00:00",532441,13.51,32.12,750,22.09,42.31
"2025-12-27 11:05:00",532442,13.51,31.94,750,22.71,43.77
"2025-12-27 11:10:00",532443,13.51,31.83,749.9,22.54,43.11
"2025-12-27 11:15:00",532444,13.51,31.65,749.9,21.62,45.34
"2025-12-27 11:20:00",532445,13.51,31.45,749.8,22.08,44.57
"2025-12-27 11:25:00",532446,13.51,31.29,749.7,22.25,43.81
"2025-12-27 11:30:00",532447,13.51,31.29,749.6,22.41,42.9
"2025-12-27 11:35:00",532448,13.51,31.4,749.5,23.76,40.9
"2025-12-27 11:40:00",532449,13.51,31.6,749.4,22.7,41.99
"2025-12-27 11:45:00",532450,13.51,31.7,749.4,21.99,43.2
"2025-12-27 11:50:00",532451,13.51,31.66,749.3,22.63,42.14
"2025-12-27 11:55:00",532452,13.51,31.72,749.2,22.8,42.94
"2025-12-27 12:00:00",532453,13.51,31.8,749.1,23.45,41.82
"2025-12-27 12:05:00",532454,13.51,31.93,749,23.66,42.55
"2025-12-27 12:10:00",532455,13.51,32.05,748.9,22.71,43.16
"2025-12-27 12:15:00",532456,13.51,32.02,748.8,23.42,41.71
"2025-12-27 12:20:00",532457,13.52,32.01,748.7,23.83,40.55
"2025-12-27 12:25:00",532458,13.51,32.08,748.6,25.01,36.49
"2025-12-27 12:30:00",532459,13.49,32.22,748.4,24.32,39.1
"2025-12-27 12:35:00",532460,13.49,32.25,748.4,23.82,38.65
"2025-12-27 12:40:00",532461,13.49,32.14,748.3,23.71,38.44
"2025-12-27 12:45:00",532462,13.49,31.99,748.2,24.45,39.18
"2025-12-27 12:50:00",532463,13.49,31.9,748.1,24.54,37.8
"2025-12-27 12:55:00",532464,13.49,31.86,748.1,24.55,37.21
"2025-12-27 13:00:00",532465,13.49,31.79,748,24.36,37.06
"2025-12-27 13:05:00",532466,13.49,31.66,747.9,24.61,37.15
"2025-12-27 13:10:00",532467,13.49,31.57,747.8,24.99,35.99
"2025-12-27 13:15:00",532468,13.49,31.54,747.8,24.72,35.7
"2025-12-27 13:20:00",532469,13.49,31.54,747.7,24.32,36.39
"2025-12-27 13:25:00",532470,13.49,31.55,747.6,25.4,35.23
"2025-12-27 13:30:00",532471,13.49,31.63,747.5,25.01,35.1
"2025-12-27 13:35:00",532472,13.49,31.76,747.4,25.81,33.53
"2025-12-27 13:40:00",532473,13.49,31.93,747.3,26.22,33.3
"2025-12-27 13:45:00",532474,13.49,32.13,747.2,25.38,33.49
"2025-12-27 13:50:00",532475,13.49,32.3,747.2,25.38,35.63
"2025-12-27 13:55:00",532476,13.49,32.36,747.1,25.13,36.54
"2025-12-27 14:00:00",532477,13.49,32.44,747.1,25.25,35.95
"2025-12-27 14:05:00",532478,13.49,32.45,747,25.13,35.61
"2025-12-27 14:10:00",532479,13.49,32.33,746.9,24.67,36.53
"2025-12-27 14:15:00",532480,13.49,32.43,746.8,24.82,37.83
"2025-12-27 14:20:00",532481,13.49,32.29,746.8,24.61,36.82
"2025-12-27 14:25:00",532482,13.49,32.1,746.7,24.28,41.48
"2025-12-27 14:30:00",532483,13.49,31.85,746.7,24.48,40.36
"2025-12-27 14:35:00",532484,13.49,31.65,746.6,24.63,38.83
"2025-12-27 14:40:00",532485,13.49,31.49,746.5,24.04,39.85
"2025-12-27 14:45:00",532486,13.49,31.29,746.5,23.6,43.13
"2025-12-27 14:50:00",532487,13.49,31.04,746.5,23.87,40.85
"2025-12-27 14:55:00",532488,13.49,30.8,746.5,23.78,40.74
"2025-12-27 15:00:00",532489,13.49,30.51,746.5,22.78,45.45
"2025-12-27 15:05:00",532490,13.49,30.14,746.6,22.25,39.96
"2025-12-27 15:10:00",532491,13.49,29.83,746.7,22.71,41.34
"2025-12-27 15:15:00",532492,13.49,29.65,746.5,22.46,41.51
"2025-12-27 15:20:00",532493,13.49,29.56,746.5,22.87,39.08
"2025-12-27 15:25:00",532494,13.49,29.47,746.5,22.41,42.02
"2025-12-27 15:30:00",532495,13.49,29.26,746.7,21.85,44.47
"2025-12-27 15:35:00",532496,13.32,28.26,746.9,21.52,47.15
"2025-12-27 15:40:00",532497,13.2,27.11,747,19.28,67.85
"2025-12-27 15:45:00",532498,13.17,25.74,747,17.36,69.17
"2025-12-27 15:50:00",532499,13.18,24.22,746.9,17.01,69.4
"2025-12-27 15:55:00",532500,13.17,22.91,746.8,17.12,64.76
"2025-12-27 16:00:00",532501,13.15,21.92,746.7,18.03,79.53
"2025-12-27 16:05:00",532502,13.15,21.23,746.7,17.83,74.74
"2025-12-27 16:10:00",532503,13.14,20.72,746.7,17.87,75.32
"2025-12-27 16:15:00",532504,13.15,20.31,746.6,18.22,73.81
"2025-12-27 16:20:00",532505,13.17,20.03,746.6,18.33,70.89
"2025-12-27 16:25:00",532506,13.18,19.84,746.5,18.74,68.75
"2025-12-27 16:30:00",532507,13.19,19.75,746.4,18.96,64.57
"2025-12-27 16:35:00",532508,13.2,19.73,746.5,19.01,63.05
"2025-12-27 16:40:00",532509,13.2,19.83,746.5,18.89,65.89
"2025-12-27 16:45:00",532510,13.17,19.98,746.6,18.81,62.42
"2025-12-27 16:50:00",532511,13.14,20.13,746.6,18.75,60.19
"2025-12-27 16:55:00",532512,13.12,20.26,746.7,18.9,60.81
"2025-12-27 17:00:00",532513,13.1,20.36,746.7,18.86,60.23
"2025-12-27 17:05:00",532514,13.08,20.44,746.7,18.94,57.61
"2025-12-27 17:10:00",532515,13.05,20.52,746.6,18.86,61.41
"2025-12-27 17:15:00",532516,13.04,20.52,746.7,18.86,60.63
"2025-12-27 17:20:00",532517,13.03,20.57,746.7,19.09,59.42
"2025-12-27 17:25:00",532518,13.05,20.67,746.6,19.08,59.6
"2025-12-27 17:30:00",532519,13.12,20.79,746.6,19.14,59.71
"2025-12-27 17:35:00",532520,13.26,20.92,746.6,19.16,59.65
"2025-12-27 17:40:00",532521,13.47,21.05,746.6,19.36,57.27
"2025-12-27 17:45:00",532522,13.79,21.23,746.6,19.46,57.69
"2025-12-27 17:50:00",532523,13.76,21.53,746.7,19.45,57.07
"2025-12-27 17:55:00",532524,13.71,21.98,746.6,19.42,58.53
"2025-12-27 18:00:00",532525,13.7,22.2,746.6,19.31,60.34
"2025-12-27 18:05:00",532526,13.71,22.45,746.6,19.28,61.51
"2025-12-27 18:10:00",532527,13.71,22.51,746.5,19.63,58.5
"2025-12-27 18:15:00",532528,13.71,22.62,746.6,19.52,63.02
"2025-12-27 18:20:00",532529,13.68,22.93,746.6,19.72,58.79
"2025-12-27 18:25:00",532530,13.68,23.24,746.6,19.78,54.88
"2025-12-27 18:30:00",532531,13.68,23.25,746.7,19.8,56.36
"2025-12-27 18:35:00",532532,13.62,22.92,746.7,19.75,53.79
"2025-12-27 18:40:00",532533,13.32,22.7,746.8,19.6,58.35
"2025-12-27 18:45:00",532534,13.12,22.53,746.9,19.47,57.29
"2025-12-27 18:50:00",532535,12.98,22.34,747,19.42,57.19
"2025-12-27 18:55:00",532536,12.92,22.13,747.1,19.36,62.34
"2025-12-27 19:00:00",532537,12.88,21.92,747.1,19.12,60.64
"2025-12-27 19:05:00",532538,12.87,21.68,747.2,18.88,62.58
"2025-12-27 19:10:00",532539,12.86,21.41,747.2,18.65,61.83
"2025-12-27 19:15:00",532540,12.86,21.14,747.2,18.67,61.5
"2025-12-27 19:20:00",532541,12.85,20.89,747.3,18.66,62.88
"2025-12-27 19:25:00",532542,12.85,20.67,747.3,18.66,62.7
"2025-12-27 19:30:00",532543,12.85,20.46,747.4,18.57,63.28
"2025-12-27 19:35:00",532544,12.85,20.29,747.5,18.43,61.31
"2025-12-27 19:40:00",532545,12.85,20.11,747.5,18.45,60.38
"2025-12-27 19:45:00",532546,12.85,19.94,747.6,18.23,63.31
"2025-12-27 19:50:00",532547,12.85,19.77,747.7,18.01,64.02
"2025-12-27 19:55:00",532548,12.84,19.57,747.8,17.89,63.13
"2025-12-27 20:00:00",532549,12.84,19.35,747.9,17.83,64.11
"2025-12-27 20:05:00",532550,12.84,19.17,748,17.87,66.66
"2025-12-27 20:10:00",532551,12.84,19,748,17.71,61.7
"2025-12-27 20:15:00",532552,12.84,18.85,748.1,17.86,63.94
"2025-12-27 20:20:00",532553,12.84,18.7,748.2,17.89,64.21
"2025-12-27 20:25:00",532554,12.83,18.58,748.3,17.67,66.95
"2025-12-27 20:30:00",532555,12.83,18.45,748.5,17.49,71.89
"2025-12-27 20:35:00",532556,12.83,18.28,748.5,17.3,73.61
"2025-12-27 20:40:00",532557,12.83,18.18,748.7,17.22,73.53
"2025-12-27 20:45:00",532558,12.83,18.08,748.8,16.92,73.87
"2025-12-27 20:50:00",532559,12.83,18.01,748.9,16.85,70.93
"2025-12-27 20:55:00",532560,12.82,17.97,748.9,16.91,77.47
"2025-12-27 21:00:00",532561,12.82,17.95,749,16.85,78.41
"2025-12-27 21:05:00",532562,12.82,17.92,749.1,16.85,77.65
"2025-12-27 21:10:00",532563,12.82,17.91,749.1,16.87,75.99
"2025-12-27 21:15:00",532564,12.82,17.9,749.1,16.94,73.96
"2025-12-27 21:20:00",532565,12.82,17.91,749.3,16.91,73.5
"2025-12-27 21:25:00",532566,12.81,17.91,749.3,16.72,75.05
"2025-12-27 21:30:00",532567,12.81,17.91,749.4,16.64,74.73
"2025-12-27 21:35:00",532568,12.81,17.9,749.5,16.7,76.27
"2025-12-27 21:40:00",532569,12.81,17.87,749.6,16.63,76.57
"2025-12-27 21:45:00",532570,12.81,17.85,749.6,16.67,73.59
"2025-12-27 21:50:00",532571,12.81,17.84,749.6,16.78,73.5
"2025-12-27 21:55:00",532572,12.81,17.83,749.7,16.69,75.56
"2025-12-27 22:00:00",532573,12.81,17.83,749.7,16.73,73.92
"2025-12-27 22:05:00",532574,12.81,17.86,749.8,17.19,68.5
"2025-12-27 22:10:00",532575,12.8,17.93,749.8,17.31,69.98
"2025-12-27 22:15:00",532576,12.8,18,749.8,17.34,69.84
"2025-12-27 22:20:00",532577,12.8,18.08,749.8,17.34,68.56
"2025-12-27 22:25:00",532578,12.8,18.15,749.9,17.31,67.47
"2025-12-27 22:30:00",532579,12.8,18.22,749.9,17.22,67.69
"2025-12-27 22:35:00",532580,12.8,18.26,750,17.12,69.18
"2025-12-27 22:40:00",532581,12.8,18.28,750.1,17.1,67.14
"2025-12-27 22:45:00",532582,12.8,18.28,750.1,17.15,69.86
"2025-12-27 22:50:00",532583,12.8,18.27,750.2,16.94,75.67
"2025-12-27 22:55:00",532584,12.8,18.24,750.2,16.7,74.68
"2025-12-27 23:00:00",532585,12.8,18.22,750.2,16.67,74.82
"2025-12-27 23:05:00",532586,12.8,18.17,750.2,16.67,70
"2025-12-27 23:10:00",532587,12.79,18.16,750.2,16.67,70.55
"2025-12-27 23:15:00",532588,12.79,18.15,750.2,16.59,71.52
"2025-12-27 23:20:00",532589,12.79,18.14,750.2,16.75,71.6
"2025-12-27 23:25:00",532590,12.79,18.15,750.3,16.7,72.49
"2025-12-27 23:30:00",532591,12.79,18.16,750.3,16.67,73.79
"2025-12-27 23:35:00",532592,12.8,18.09,750.3,16.63,73.7
"2025-12-27 23:40:00",532593,12.79,18.03,750.3,16.56,72.75
"2025-12-27 23:45:00",532594,12.79,18.01,750.3,16.31,72.24
"2025-12-27 23:50:00",532595,12.79,17.96,750.3,16.14,75.25
"2025-12-27 23:55:00",532596,12.79,17.79,750.3,15.48,77.76
"2025-12-28 00:00:00",532597,12.79,17.51,750.3,14.97,78.82
"2025-12-28 00:05:00",532598,12.79,17.17,750.3,14.81,81.5
"2025-12-28 00:10:00",532599,12.78,16.86,750.1,14.72,82.4
"2025-12-28 00:15:00",532600,12.78,16.59,750,14.65,83
"2025-12-28 00:20:00",532601,12.78,16.35,750,14.79,82.6
"2025-12-28 00:25:00",532602,12.78,16.15,750,14.81,84.5
"2025-12-28 00:30:00",532603,12.78,15.99,750,14.77,85.3
"2025-12-28 00:35:00",532604,12.78,15.87,749.9,14.51,82.7
"2025-12-28 00:40:00",532605,12.77,15.76,750,14.74,85.5
"2025-12-28 00:45:00",532606,12.77,15.67,750,14.67,85.6
"2025-12-28 00:50:00",532607,12.77,15.59,750,14.65,87.2
"2025-12-28 00:55:00",532608,12.77,15.53,749.9,14.47,86.5
"2025-12-28 01:00:00",532609,12.76,15.44,749.9,14.55,86.7
"2025-12-28 01:05:00",532610,12.76,15.38,749.8,14.51,87.4
"2025-12-28 01:10:00",532611,12.76,15.31,749.8,14.43,88
"2025-12-28 01:15:00",532612,12.76,15.28,749.8,14.34,89.3
"2025-12-28 01:20:00",532613,12.76,15.24,749.8,14.19,90.2
"2025-12-28 01:25:00",532614,12.75,15.19,749.8,14.14,89.7
"2025-12-28 01:30:00",532615,12.75,15.15,749.8,14.16,88.8
"2025-12-28 01:35:00",532616,12.75,15.1,749.8,14.23,88.1
"2025-12-28 01:40:00",532617,12.75,15.05,749.8,14.34,88.8
"2025-12-28 01:45:00",532618,12.74,15.04,749.8,14.21,87.4
"2025-12-28 01:50:00",532619,12.75,14.99,749.8,14.24,87.6
"2025-12-28 01:55:00",532620,12.74,14.97,749.7,14.23,87.7
"2025-12-28 02:00:00",532621,12.74,14.94,749.7,14.24,86.9
"2025-12-28 02:05:00",532622,12.74,14.92,749.7,14.23,87.2
"2025-12-28 02:10:00",532623,12.74,14.86,749.6,14.28,87.5
"2025-12-28 02:15:00",532624,12.73,14.82,749.6,14.32,86.2
"2025-12-28 02:20:00",532625,12.73,14.8,749.6,14.29,85.9
"2025-12-28 02:25:00",532626,12.73,14.79,749.6,14.27,86.2
"2025-12-28 02:30:00",532627,12.73,14.78,749.6,14.25,86
"2025-12-28 02:35:00",532628,12.73,14.76,749.6,14.22,86.3
"2025-12-28 02:40:00",532629,12.72,14.73,749.6,14.27,86
"2025-12-28 02:45:00",532630,12.72,14.62,749.6,14.23,83.9
"2025-12-28 02:50:00",532631,12.72,14.57,749.6,14.31,85.2
"2025-12-28 02:55:00",532632,12.72,14.56,749.6,14.37,85.2
"2025-12-28 03:00:00",532633,12.71,14.57,749.7,14.42,85.2
"2025-12-28 03:05:00",532634,12.71,14.6,749.6,14.45,85.5
"2025-12-28 03:10:00",532635,12.71,14.66,749.6,14.49,86.5
"2025-12-28 03:15:00",532636,12.71,14.7,749.6,14.39,86.8
"2025-12-28 03:20:00",532637,12.71,14.73,749.6,14.35,87
"2025-12-28 03:25:00",532638,12.7,14.77,749.7,14.4,86.7
"2025-12-28 03:30:00",532639,12.7,14.8,749.7,14.33,87.2
"2025-12-28 03:35:00",532640,12.7,14.85,749.7,14.34,87.5
"2025-12-28 03:40:00",532641,12.7,14.87,749.7,14.18,88.7
"2025-12-28 03:45:00",532642,12.69,14.9,749.7,14.16,88.6
"2025-12-28 03:50:00",532643,12.69,14.9,749.7,14.21,88
"2025-12-28 03:55:00",532644,12.69,14.92,749.7,14.09,87
"2025-12-28 04:00:00",532645,12.69,14.91,749.8,14.06,87.7
"2025-12-28 04:05:00",532646,12.68,14.91,749.7,14.09,88.2
"2025-12-28 04:10:00",532647,12.68,14.89,749.7,14.14,87.4
"2025-12-28 04:15:00",532648,12.68,14.88,749.7,14.15,87.5
"2025-12-28 04:20:00",532649,12.68,14.87,749.7,14.16,87.1
"2025-12-28 04:25:00",532650,12.67,14.87,749.7,14.09,88.1
"2025-12-28 04:30:00",532651,12.67,14.87,749.7,14.01,87.4
"2025-12-28 04:35:00",532652,12.67,14.88,749.8,14.04,88.5
"2025-12-28 04:40:00",532653,12.65,14.9,749.8,13.96,89.6
"2025-12-28 04:45:00",532654,12.65,14.9,749.8,13.77,90.4
"2025-12-28 04:50:00",532655,12.65,14.89,749.8,13.65,91.1
"2025-12-28 04:55:00",532656,12.64,14.88,749.9,13.57,91.6
"2025-12-28 05:00:00",532657,12.64,14.84,749.9,13.53,92.1
"2025-12-28 05:05:00",532658,12.64,14.83,750,13.51,92.7
"2025-12-28 05:10:00",532659,12.64,14.8,750,13.52,93.6
"2025-12-28 05:15:00",532660,12.63,14.75,750,13.43,94
"2025-12-28 05:20:00",532661,12.63,14.72,750.1,13.45,94.4
"2025-12-28 05:25:00",532662,12.63,14.7,750.1,13.42,94.4
"2025-12-28 05:30:00",532663,12.62,14.66,750.2,13.41,94.7
"2025-12-28 05:35:00",532664,12.62,14.65,750.3,13.41,95.2
"2025-12-28 05:40:00",532665,12.61,14.63,750.4,13.39,95.4
"2025-12-28 05:45:00",532666,12.61,14.62,750.4,13.41,95.6
"2025-12-28 05:50:00",532667,12.61,14.62,750.5,13.5,95.9
"2025-12-28 05:55:00",532668,12.61,14.63,750.6,13.43,95.9
"2025-12-28 06:00:00",532669,12.6,14.66,750.6,13.29,95.8
"2025-12-28 06:05:00",532670,12.6,14.65,750.7,13.14,95.9
"2025-12-28 06:10:00",532671,12.6,14.64,750.7,13.13,96.3
"2025-12-28 06:15:00",532672,12.6,14.62,750.8,12.98,96
"2025-12-28 06:20:00",532673,12.6,14.58,750.9,12.76,96.1
"2025-12-28 06:25:00",532674,12.62,14.53,750.9,12.66,96.2
"2025-12-28 06:30:00",532675,12.64,14.46,751,12.53,95.9
"2025-12-28 06:35:00",532676,12.65,14.39,751.1,12.6,95.6
"2025-12-28 06:40:00",532677,12.68,14.32,751.1,12.45,94.7
"2025-12-28 06:45:00",532678,12.71,14.25,751.1,12.44,91.5
"2025-12-28 06:50:00",532679,12.77,14.2,751.2,12.63,92.1
"2025-12-28 06:55:00",532680,12.85,14.18,751.3,12.69,93.1
"2025-12-28 07:00:00",532681,12.97,14.18,751.4,12.54,93.6
"2025-12-28 07:05:00",532682,13.08,14.22,751.4,12.48,94
"2025-12-28 07:10:00",532683,13.16,14.22,751.5,12.37,92.9
"2025-12-28 07:15:00",532684,13.21,14.23,751.5,12.49,94.1
"2025-12-28 07:20:00",532685,13.23,14.23,751.6,12.41,94
"2025-12-28 07:25:00",532686,13.22,14.23,751.7,12.43,94.1
"2025-12-28 07:30:00",532687,13.2,14.2,751.7,12.4,93.6
"2025-12-28 07:35:00",532688,13.19,14.18,751.8,12.33,93.3
"2025-12-28 07:40:00",532689,13.2,14.17,751.8,12.41,94.3
"2025-12-28 07:45:00",532690,13.22,14.17,751.9,12.22,93.9
"2025-12-28 07:50:00",532691,13.28,14.18,752,12.08,94.4
"2025-12-28 07:55:00",532692,13.35,14.18,752,12.04,94.1
"2025-12-28 08:00:00",532693,13.44,14.21,752.1,12.16,94.9
"2025-12-28 08:05:00",532694,13.52,14.26,752.1,12.06,94.5
"2025-12-28 08:10:00",532695,13.57,14.32,752.2,12.06,94
"2025-12-28 08:15:00",532696,13.64,14.38,752.1,12.19,93.7
"2025-12-28 08:20:00",532697,13.76,14.49,752.1,12.24,92.7
"2025-12-28 08:25:00",532698,14,14.65,752.2,12.33,92.3
"2025-12-28 08:30:00",532699,13.85,15.72,752.2,12.56,91.8
"2025-12-28 08:35:00",532700,13.82,16.29,752.2,12.67,91.4
"2025-12-28 08:40:00",532701,13.82,16.59,752.3,13.03,91.8
"2025-12-28 08:45:00",532702,13.82,16.84,752.3,13.17,89.8
"2025-12-28 08:50:00",532703,13.82,17.09,752.2,13.41,89
"2025-12-28 08:55:00",532704,13.79,17.33,752.3,13.85,87.4
"2025-12-28 09:00:00",532705,13.79,17.54,752.2,14.09,84.7
"2025-12-28 09:05:00",532706,13.79,17.63,752.3,14.76,85.3
"2025-12-28 09:10:00",532707,13.8,17.87,752.3,15.62,83.1
"2025-12-28 09:15:00",532708,13.79,18.31,752.3,16.22,78.56
"2025-12-28 09:20:00",532709,13.77,18.92,752.2,16.27,76.02
"2025-12-28 09:25:00",532710,13.77,19.73,752.2,17.57,74.66
"2025-12-28 09:30:00",532711,13.74,20.72,752.2,17.49,71.75
"2025-12-28 09:35:00",532712,13.71,21.67,752.1,17.1,73.45
"2025-12-28 09:40:00",532713,13.68,22.57,752.1,17.74,70.55
"2025-12-28 09:45:00",532714,13.68,23.42,752.1,18.51,71.3
"2025-12-28 09:50:00",532715,13.66,24.14,752,17.1,71.33
"2025-12-28 09:55:00",532716,13.66,24.79,752,18.19,68.97
"2025-12-28 10:00:00",532717,13.63,25.47,752,18.31,70.48
"2025-12-28 10:05:00",532718,13.63,26.11,752,18.96,69.44
"2025-12-28 10:10:00",532719,13.6,26.53,751.8,18.32,67.95
"2025-12-28 10:15:00",532720,13.6,26.93,751.8,18.71,64.68
"2025-12-28 10:20:00",532721,13.61,27.28,751.7,18.23,70.21
"2025-12-28 10:25:00",532722,13.58,27.54,751.7,18.86,63.75
"2025-12-28 10:30:00",532723,13.58,27.75,751.7,19.14,68.54
"2025-12-28 10:35:00",532724,13.58,28.1,751.6,19.62,59.78
"2025-12-28 10:40:00",532725,13.55,28.41,751.5,18.88,64.85
"2025-12-28 10:45:00",532726,13.56,28.63,751.5,19.35,60.22
"2025-12-28 10:50:00",532727,13.55,28.83,751.4,19.79,65.63
"2025-12-28 10:55:00",532728,13.56,29.08,751.3,20,61.32
"2025-12-28 11:00:00",532729,13.56,29.25,751.3,19.06,64.56
"2025-12-28 11:05:00",532730,13.56,29.25,751.2,19.21,63.39
"2025-12-28 11:10:00",532731,13.56,29.23,751.1,19.33,61.46
"2025-12-28 11:15:00",532732,13.56,29.25,751.1,20.06,58.42
"2025-12-28 11:20:00",532733,13.56,29.43,751,20.46,57.22
"2025-12-28 11:25:00",532734,13.56,29.73,750.9,21.13,54.39
"2025-12-28 11:30:00",532735,13.53,30.07,750.8,22.01,51.48
"2025-12-28 11:35:00",532736,13.53,30.51,750.8,21.63,54.65
"2025-12-28 11:40:00",532737,13.53,30.93,750.6,22.4,53.51
"2025-12-28 11:45:00",532738,13.51,31.34,750.6,22.91,51.61
"2025-12-28 11:50:00",532739,13.51,31.72,750.6,22.33,51.09
"2025-12-28 11:55:00",532740,13.51,31.84,750.6,20.64,55.34
"2025-12-28 12:00:00",532741,13.51,31.66,750.5,21.68,52.07
"2025-12-28 12:05:00",532742,13.51,31.55,750.5,22.58,48.91
"2025-12-28 12:10:00",532743,13.51,31.44,750.5,21.85,51.71
"2025-12-28 12:15:00",532744,13.51,31.22,750.4,22.45,52.49
"2025-12-28 12:20:00",532745,13.51,30.89,750.4,21.13,54.64
"2025-12-28 12:25:00",532746,13.51,30.44,750.3,20.68,59.8
"2025-12-28 12:30:00",532747,13.51,29.95,750.2,20.08,60.28
"2025-12-28 12:35:00",532748,13.51,29.39,750.2,19.8,62.56
"2025-12-28 12:40:00",532749,13.51,28.81,750.2,19.33,63.95
"2025-12-28 12:45:00",532750,13.51,28.22,750.1,18.98,60.07
"2025-12-28 12:50:00",532751,13.51,27.67,750,19.29,59.33
"2025-12-28 12:55:00",532752,13.53,27.26,749.9,19.44,57.38
"2025-12-28 13:00:00",532753,13.53,26.93,749.8,19.54,58.61
"2025-12-28 13:05:00",532754,13.53,26.66,749.8,19.12,62.53
"2025-12-28 13:10:00",532755,13.53,26.37,749.8,18.79,60.04
"2025-12-28 13:15:00",532756,13.56,26.13,749.9,18.91,58.21
"2025-12-28 13:20:00",532757,13.56,25.95,749.8,19.16,58.55
"2025-12-28 13:25:00",532758,13.56,25.86,749.7,19.02,59.35
"2025-12-28 13:30:00",532759,13.56,25.81,749.7,19.61,55.93
"2025-12-28 13:35:00",532760,13.56,25.84,749.6,19.34,57.18
"2025-12-28 13:40:00",532761,13.56,25.91,749.5,19.75,54.93
"2025-12-28 13:45:00",532762,13.56,26.01,749.4,20.51,54.86
"2025-12-28 13:50:00",532763,13.56,26.18,749.4,19.6,54.08
"2025-12-28 13:55:00",532764,13.56,26.29,749.3,19.91,56.31
"2025-12-28 14:00:00",532765,13.56,26.37,749.3,20.02,52.87
"2025-12-28 14:05:00",532766,13.56,26.37,749.2,19.25,56.37
"2025-12-28 14:10:00",532767,13.56,26.29,749,19.42,57.44
"2025-12-28 14:15:00",532768,13.56,26.12,748.9,19.22,57.98
"2025-12-28 14:20:00",532769,13.56,25.7,748.8,19.06,60.93
"2025-12-28 14:25:00",532770,13.56,25.26,748.8,19.41,58.8
"2025-12-28 14:30:00",532771,13.56,24.94,748.7,20.16,58.62
"2025-12-28 14:35:00",532772,13.59,24.83,748.7,20.03,56.21
"2025-12-28 14:40:00",532773,13.59,24.76,748.6,20.49,54.58
"2025-12-28 14:45:00",532774,13.59,24.77,748.6,19.93,55.33
"2025-12-28 14:50:00",532775,13.59,24.82,748.6,19.86,52.72
"2025-12-28 14:55:00",532776,13.59,24.9,748.4,19.95,54.81
"2025-12-28 15:00:00",532777,13.59,25.01,748.4,20.04,55.75
"2025-12-28 15:05:00",532778,13.59,25,748.4,19.62,55.04
"2025-12-28 15:10:00",532779,13.59,24.89,748.3,19.37,60.8
"2025-12-28 15:15:00",532780,13.59,24.81,748.3,19.87,56.92
"2025-12-28 15:20:00",532781,13.59,24.8,748.2,20.1,56.13
"2025-12-28 15:25:00",532782,13.59,24.87,748.1,20.08,54.71
"2025-12-28 15:30:00",532783,13.59,24.86,748,20.1,53.38
"2025-12-28 15:35:00",532784,13.59,24.87,747.9,20.03,54.02
"2025-12-28 15:40:00",532785,13.59,24.93,747.8,20.22,54.69
"2025-12-28 15:45:00",532786,13.59,25.02,747.7,20.48,52.12
"2025-12-28 15:50:00",532787,13.59,25.16,747.6,20.54,52.35
"2025-12-28 15:55:00",532788,13.59,25.33,747.5,21,52.04
"2025-12-28 16:00:00",532789,13.59,25.56,747.4,22.05,50.58
"2025-12-28 16:05:00",532790,13.59,25.89,747.3,21.64,50.55
"2025-12-28 16:10:00",532791,13.59,26.25,747.3,21.51,51.04
"2025-12-28 16:15:00",532792,13.59,26.59,747.2,21.55,49.47
"2025-12-28 16:20:00",532793,13.59,26.87,747.2,21.84,48.43
"2025-12-28 16:25:00",532794,13.59,27.05,747.2,21.33,51.49
"2025-12-28 16:30:00",532795,13.59,27.16,747.2,21.29,49.59
"2025-12-28 16:35:00",532796,13.59,27.23,747.1,21.48,49.56
"2025-12-28 16:40:00",532797,13.6,27.38,747,21.73,50.54
"2025-12-28 16:45:00",532798,13.6,27.61,747,21.67,49.71
"2025-12-28 16:50:00",532799,13.59,27.9,747,22.5,47.94
"2025-12-28 16:55:00",532800,13.6,28.24,747,21.75,49.4
"2025-12-28 17:00:00",532801,13.57,28.44,747,21.6,51.21
"2025-12-28 17:05:00",532802,13.57,28.6,747.1,22.29,48.23
"2025-12-28 17:10:00",532803,13.57,28.7,747.1,21.95,48.67
"2025-12-28 17:15:00",532804,13.57,28.71,747.2,21.74,49.08
"2025-12-28 17:20:00",532805,13.57,28.62,747.3,21.82,50.14
"2025-12-28 17:25:00",532806,13.57,28.45,747.3,22.07,49.16
"2025-12-28 17:30:00",532807,13.57,28.26,747.2,22.29,49.76
"2025-12-28 17:35:00",532808,13.57,28.07,747.3,21.99,49.59
"2025-12-28 17:40:00",532809,13.57,27.83,747.3,21.45,49.52
"2025-12-28 17:45:00",532810,13.57,27.31,747.2,21.52,49.4
"2025-12-28 17:50:00",532811,13.57,26.88,747.1,21.83,47.86
"2025-12-28 17:55:00",532812,13.59,26.72,747.1,22.21,47.43
"2025-12-28 18:00:00",532813,13.62,26.71,747.2,22.29,47.79
"2025-12-28 18:05:00",532814,13.54,26.69,747.3,22.27,47.47
"2025-12-28 18:10:00",532815,13.49,26.7,747.3,21.77,50.23
"2025-12-28 18:15:00",532816,13.43,26.57,747.3,21.87,49.26
"2025-12-28 18:20:00",532817,13.34,26.45,747.3,21.57,49.98
"2025-12-28 18:25:00",532818,13.26,26.25,747.4,21.38,52.12
"2025-12-28 18:30:00",532819,13.19,25.97,747.4,21.28,52.45
"2025-12-28 18:35:00",532820,13.13,25.63,747.4,20.93,53.56
"2025-12-28 18:40:00",532821,13.07,25.24,747.5,20.73,52.75
"2025-12-28 18:45:00",532822,13.03,24.74,747.5,20.69,53.89
"2025-12-28 18:50:00",532823,12.98,24.3,747.6,20.52,55.05
"2025-12-28 18:55:00",532824,12.95,23.88,747.6,20.38,54.38
"2025-12-28 19:00:00",532825,12.92,23.47,747.8,20.39,53.01
"2025-12-28 19:05:00",532826,12.91,23.09,747.9,20.22,54.88
"2025-12-28 19:10:00",532827,12.91,22.71,748,20.04,54.42
"2025-12-28 19:15:00",532828,12.9,22.37,748.2,20.08,55.08
"2025-12-28 19:20:00",532829,12.89,22.09,748.2,19.9,57.93
"2025-12-28 19:25:00",532830,12.89,21.84,748.2,19.9,57.57
"2025-12-28 19:30:00",532831,12.89,21.62,748.3,19.58,60.26
"2025-12-28 19:35:00",532832,12.88,21.41,748.4,19.27,62.44
"2025-12-28 19:40:00",532833,12.88,21.2,748.5,19.08,63.55
"2025-12-28 19:45:00",532834,12.88,20.99,748.6,18.96,63.64
"2025-12-28 19:50:00",532835,12.87,20.81,748.7,18.82,63.86
"2025-12-28 19:55:00",532836,12.87,20.63,748.8,18.71,63.57
"2025-12-28 20:00:00",532837,12.87,20.47,748.8,18.67,64.11
"2025-12-28 20:05:00",532838,12.86,20.31,748.9,18.58,63.61
"2025-12-28 20:10:00",532839,12.86,20.17,748.9,18.53,62.97
"2025-12-28 20:15:00",532840,12.86,20.02,749,18.34,64.85
"2025-12-28 20:20:00",532841,12.86,19.89,749.1,18.27,63.59
"2025-12-28 20:25:00",532842,12.85,19.74,749.1,18.14,65.5
"2025-12-28 20:30:00",532843,12.85,19.61,749.2,17.99,65.32
"2025-12-28 20:35:00",532844,12.84,19.48,749.2,18.2,64.05
"2025-12-28 20:40:00",532845,12.84,19.37,749.3,18.15,64.43
"2025-12-28 20:45:00",532846,12.83,19.25,749.4,18.03,65.12
"2025-12-28 20:50:00",532847,12.83,19.16,749.4,18.02,65.18
"2025-12-28 20:55:00",532848,12.83,19.06,749.5,17.85,66.71
"2025-12-28 21:00:00",532849,12.83,18.95,749.5,17.75,66.93
"2025-12-28 21:05:00",532850,12.82,18.86,749.6,17.85,66.21
"2025-12-28 21:10:00",532851,12.82,18.77,749.7,17.87,66.42
"2025-12-28 21:15:00",532852,12.82,18.71,749.8,17.99,65.5
"2025-12-28 21:20:00",532853,12.82,18.67,749.9,17.78,66.5
"2025-12-28 21:25:00",532854,12.82,18.67,750,17.69,67.39
"2025-12-28 21:30:00",532855,12.82,18.62,750.1,17.68,67.12
"2025-12-28 21:35:00",532856,12.81,18.59,750.2,17.77,66.93
"2025-12-28 21:40:00",532857,12.81,18.58,750.4,17.69,67.92
"2025-12-28 21:45:00",532858,12.81,18.56,750.4,17.59,67.93
"2025-12-28 21:50:00",532859,12.81,18.53,750.5,17.49,68.49
"2025-12-28 21:55:00",532860,12.81,18.47,750.6,17.29,69.62
"2025-12-28 22:00:00",532861,12.81,18.36,750.6,17.21,69.9
"2025-12-28 22:05:00",532862,12.81,18.26,750.7,17.12,70.84
"2025-12-28 22:10:00",532863,12.81,18.19,750.7,17.15,71.59
"2025-12-28 22:15:00",532864,12.8,18.14,750.6,17.15,71.88
"2025-12-28 22:20:00",532865,12.8,18.11,750.7,17.23,71.41
"2025-12-28 22:25:00",532866,12.8,18.09,750.7,17.19,71.29
"2025-12-28 22:30:00",532867,12.8,18.07,750.7,17.16,70.88
"2025-12-28 22:35:00",532868,12.8,18.06,750.7,17.16,71.13
"2025-12-28 22:40:00",532869,12.8,18.05,750.7,17.15,71.07
"2025-12-28 22:45:00",532870,12.8,18.05,750.8,17.08,71.38
"2025-12-28 22:50:00",532871,12.8,18.04,750.8,17.31,70.47
"2025-12-28 22:55:00",532872,12.79,18.05,750.8,17.39,69.44
"2025-12-28 23:00:00",532873,12.79,18.04,750.8,17.24,72.88
"2025-12-28 23:05:00",532874,12.79,18.03,750.8,17.07,73.42
"2025-12-28 23:10:00",532875,12.79,17.98,750.7,17.01,73.92
"2025-12-28 23:15:00",532876,12.79,17.95,750.8,16.94,75.81
"2025-12-28 23:20:00",532877,12.79,17.9,750.8,16.83,76.41
"2025-12-28 23:25:00",532878,12.79,17.85,750.8,16.78,76.46
"2025-12-28 23:30:00",532879,12.79,17.81,750.8,16.77,76.68
"2025-12-28 23:35:00",532880,12.79,17.79,750.8,16.71,77.4
"2025-12-28 23:40:00",532881,12.79,17.79,750.8,16.75,74.64
"2025-12-28 23:45:00",532882,12.79,17.77,750.8,16.77,75.92
"2025-12-28 23:50:00",532883,12.79,17.77,750.7,16.77,75.55
"2025-12-28 23:55:00",532884,12.79,17.77,750.7,16.72,76.39
"2025-12-29 00:00:00",532885,12.79,17.78,750.7,16.73,76.02
"2025-12-29 00:05:00",532886,12.79,17.79,750.7,16.86,73.38
"2025-12-29 00:10:00",532887,12.79,17.82,750.7,16.86,75.57
"2025-12-29 00:15:00",532888,12.79,17.83,750.7,16.81,74.45
"2025-12-29 00:20:00",532889,12.8,17.61,750.6,16.83,75.73
"2025-12-29 00:25:00",532890,12.8,17.47,750.6,16.85,78.16
"2025-12-29 00:30:00",532891,12.79,17.42,750.5,16.72,77.52
"2025-12-29 00:35:00",532892,12.79,17.38,750.4,16.63,78.56
"2025-12-29 00:40:00",532893,12.79,17.34,750.3,16.53,77.03
"2025-12-29 00:45:00",532894,12.79,17.3,750.3,16.44,77.77
"2025-12-29 00:50:00",532895,12.79,17.27,750.2,16.54,78.01
"2025-12-29 00:55:00",532896,12.79,17.23,750.1,16.53,75.84
"2025-12-29 01:00:00",532897,12.78,17.2,750.1,16.47,74.9
"2025-12-29 01:05:00",532898,12.78,17.17,750,16.43,74.72
"2025-12-29 01:10:00",532899,12.78,17.15,749.9,16.5,74.02
"2025-12-29 01:15:00",532900,12.78,17.14,749.8,16.59,73.92
"2025-12-29 01:20:00",532901,12.78,17.15,749.8,16.83,73
"2025-12-29 01:25:00",532902,12.78,17.16,749.8,16.87,73.49
"2025-12-29 01:30:00",532903,12.77,17.18,749.8,16.72,75
"2025-12-29 01:35:00",532904,12.77,17.19,749.8,16.3,77.68
"2025-12-29 01:40:00",532905,12.77,17.17,749.8,16.2,77.83
"2025-12-29 01:45:00",532906,12.77,17.13,749.7,16.24,77.61
"2025-12-29 01:50:00",532907,12.77,17.1,749.7,16.26,77.56
"2025-12-29 01:55:00",532908,12.77,17.07,749.7,16.28,77.82
"2025-12-29 02:00:00",532909,12.77,17.05,749.7,16.39,77.73
"2025-12-29 02:05:00",532910,12.76,17.03,749.7,16.37,77.78
"2025-12-29 02:10:00",532911,12.76,17.02,749.7,16.35,78.45
"2025-12-29 02:15:00",532912,12.76,17,749.6,16.32,78.8
"2025-12-29 02:20:00",532913,12.76,16.99,749.6,16.34,79.01
"2025-12-29 02:25:00",532914,12.76,16.99,749.6,16.23,78.59
"2025-12-29 02:30:00",532915,12.76,16.96,749.6,16.18,78.55
"2025-12-29 02:35:00",532916,12.75,16.94,749.6,16.13,79.96
"2025-12-29 02:40:00",532917,12.75,16.89,749.7,16.03,79.44
"2025-12-29 02:45:00",532918,12.75,16.83,749.7,16.02,79.66
"2025-12-29 02:50:00",532919,12.75,16.8,749.7,16.05,78.91
"2025-12-29 02:55:00",532920,12.75,16.79,749.7,15.92,79.47
"2025-12-29 03:00:00",532921,12.74,16.74,749.7,15.84,80.2
"2025-12-29 03:05:00",532922,12.74,16.7,749.7,15.9,79.44
"2025-12-29 03:10:00",532923,12.74,16.69,749.6,15.78,81
"2025-12-29 03:15:00",532924,12.74,16.66,749.6,15.72,79.29
"2025-12-29 03:20:00",532925,12.74,16.62,749.7,15.71,79.23
"2025-12-29 03:25:00",532926,12.73,16.58,749.7,15.71,79.62
"2025-12-29 03:30:00",532927,12.73,16.55,749.7,15.64,80.7
"2025-12-29 03:35:00",532928,12.73,16.51,749.7,15.63,81.8
"2025-12-29 03:40:00",532929,12.73,16.48,749.7,15.63,81.8
"2025-12-29 03:45:00",532930,12.73,16.45,749.7,15.69,81.1
"2025-12-29 03:50:00",532931,12.72,16.43,749.7,15.75,81.1
"2025-12-29 03:55:00",532932,12.72,16.41,749.7,15.82,80.9
"2025-12-29 04:00:00",532933,12.72,16.39,749.7,15.75,81.4
"2025-12-29 04:05:00",532934,12.71,16.38,749.7,15.6,83.2
"2025-12-29 04:10:00",532935,12.71,16.35,749.7,15.55,84.2
"2025-12-29 04:15:00",532936,12.71,16.33,749.7,15.49,84.6
"2025-12-29 04:20:00",532937,12.7,16.29,749.6,15.44,84.8
"2025-12-29 04:25:00",532938,12.71,16.24,749.7,15.38,84.7
"2025-12-29 04:30:00",532939,12.7,16.22,749.7,15.34,85.2
"2025-12-29 04:35:00",532940,12.7,16.19,749.7,15.34,84.9
"2025-12-29 04:40:00",532941,12.7,16.16,749.8,15.35,85.1
"2025-12-29 04:45:00",532942,12.69,16.15,749.8,15.35,83.6
"2025-12-29 04:50:00",532943,12.69,16.12,749.8,15.44,82.6
"2025-12-29 04:55:00",532944,12.69,16.11,749.9,15.51,82.5
"2025-12-29 05:00:00",532945,12.69,16.11,749.9,15.48,83.1
"2025-12-29 05:05:00",532946,12.69,16.09,750,15.39,83.3
"2025-12-29 05:10:00",532947,12.68,16.07,750.1,15.48,81.1
"2025-12-29 05:15:00",532948,12.68,16.05,750.1,15.58,80.1
"2025-12-29 05:20:00",532949,12.68,16.03,750.1,15.56,78.95
"2025-12-29 05:25:00",532950,12.68,16.01,750.2,15.54,78.42
"2025-12-29 05:30:00",532951,12.67,15.98,750.2,15.52,78.24
"2025-12-29 05:35:00",532952,12.67,15.96,750.2,15.56,78.5
"2025-12-29 05:40:00",532953,12.67,15.91,750.3,15.54,79.33
"2025-12-29 05:45:00",532954,12.66,15.91,750.4,15.53,79.72
"2025-12-29 05:50:00",532955,12.66,15.91,750.4,15.54,80.2
"2025-12-29 05:55:00",532956,12.66,15.95,750.5,15.53,80.7
"2025-12-29 06:00:00",532957,12.66,16,750.6,15.48,82.1
"2025-12-29 06:05:00",532958,12.67,16.03,750.6,15.4,83.3
"2025-12-29 06:10:00",532959,12.69,16.06,750.6,15.36,84
"2025-12-29 06:15:00",532960,12.71,16.11,750.7,15.41,84
"2025-12-29 06:20:00",532961,12.73,16.14,750.8,15.44,84
"2025-12-29 06:25:00",532962,12.76,16.18,750.8,15.53,83.7
"2025-12-29 06:30:00",532963,12.81,16.25,750.8,15.56,83.6
"2025-12-29 06:35:00",532964,12.82,16.31,750.9,15.57,82.9
"2025-12-29 06:40:00",532965,12.81,16.36,751,15.62,82.9
"2025-12-29 06:45:00",532966,12.83,16.69,751.1,15.64,83.1
"2025-12-29 06:50:00",532967,12.9,16.88,751.2,15.68,83.2
"2025-12-29 06:55:00",532968,12.97,17.04,751.2,15.7,83
"2025-12-29 07:00:00",532969,13.04,17.17,751.2,15.82,81.7
"2025-12-29 07:05:00",532970,13.11,17.29,751.2,15.79,81.9
"2025-12-29 07:10:00",532971,13.21,17.42,751.2,15.72,83.1
"2025-12-29 07:15:00",532972,13.26,17.55,751.3,15.74,83.5
"2025-12-29 07:20:00",532973,13.27,17.66,751.3,15.7,83.3
"2025-12-29 07:25:00",532974,13.23,17.7,751.4,15.87,83.6
"2025-12-29 07:30:00",532975,13.3,17.8,751.2,15.84,83.9
"2025-12-29 07:35:00",532976,13.46,17.97,751.2,15.76,84.4
"2025-12-29 07:40:00",532977,13.52,18.15,751.3,15.82,84.8
"2025-12-29 07:45:00",532978,13.5,18.22,751.4,15.77,85.4
"2025-12-29 07:50:00",532979,13.5,18.28,751.3,15.86,84.8
"2025-12-29 07:55:00",532980,13.48,18.34,751.4,15.92,83.8
"2025-12-29 08:00:00",532981,13.44,18.35,751.4,15.98,83.7
"2025-12-29 08:05:00",532982,13.38,18.37,751.4,15.96,83.5
"2025-12-29 08:10:00",532983,13.3,18.33,751.5,16.02,83.3
"2025-12-29 08:15:00",532984,13.35,18.36,751.5,15.96,84
"2025-12-29 08:20:00",532985,13.41,18.42,751.5,15.79,84
"2025-12-29 08:25:00",532986,13.49,18.52,751.6,15.9,82.7
"2025-12-29 08:30:00",532987,13.64,18.62,751.6,15.86,82.2
"2025-12-29 08:35:00",532988,13.83,18.8,751.6,16.35,82.2
"2025-12-29 08:40:00",532989,13.82,19.55,751.6,16.69,79.69
"2025-12-29 08:45:00",532990,13.73,20.35,751.6,16.91,77.89
"2025-12-29 08:50:00",532991,13.73,20.69,751.7,17.15,76.36
"2025-12-29 08:55:00",532992,13.74,20.99,751.8,17.23,75.64
"2025-12-29 09:00:00",532993,13.74,21.25,751.7,17.41,76.39
"2025-12-29 09:05:00",532994,13.71,21.5,751.7,17.87,74.21
"2025-12-29 09:10:00",532995,13.71,21.8,751.7,18.05,74.04
"2025-12-29 09:15:00",532996,13.71,22.13,751.7,18.31,71.73
"2025-12-29 09:20:00",532997,13.71,22.44,751.8,17.84,73.88
"2025-12-29 09:25:00",532998,13.68,22.67,751.9,17.33,74.47
"2025-12-29 09:30:00",532999,13.69,22.83,751.8,17.87,73.43
"2025-12-29 09:35:00",533000,13.68,23.01,751.8,18.15,70.68
"2025-12-29 09:40:00",533001,13.69,23.26,751.8,18.71,69.77
"2025-12-29 09:45:00",533002,13.66,23.63,751.8,19.48,67
"2025-12-29 09:50:00",533003,13.66,24.13,751.8,20.26,64.46
"2025-12-29 09:55:00",533004,13.66,24.59,751.8,19.11,66.67
"2025-12-29 10:00:00",533005,13.63,24.79,751.8,18.19,70.93
"2025-12-29 10:05:00",533006,13.63,24.86,751.8,19.1,66.14
"2025-12-29 10:10:00",533007,13.63,24.93,751.7,19.8,65.04
"2025-12-29 10:15:00",533008,13.63,25.06,751.8,19.67,64.93
"2025-12-29 10:20:00",533009,13.63,25.21,751.7,19.66,65.88
"2025-12-29 10:25:00",533010,13.63,25.31,751.7,19.46,68.21
"2025-12-29 10:30:00",533011,13.63,25.32,751.6,19.18,68.01
"2025-12-29 10:35:00",533012,13.63,25.42,751.6,19.86,66
"2025-12-29 10:40:00",533013,13.63,25.61,751.6,19.86,64.61
"2025-12-29 10:45:00",533014,13.63,25.81,751.6,19.22,66.54
"2025-12-29 10:50:00",533015,13.64,25.94,751.6,19.81,66.8
"2025-12-29 10:55:00",533016,13.61,26.04,751.6,19.36,68.4
"2025-12-29 11:00:00",533017,13.61,26.11,751.5,19.99,66.26
"2025-12-29 11:05:00",533018,13.61,25.99,751.5,19.05,69.31
"2025-12-29 11:10:00",533019,13.61,25.62,751.5,19.12,68.68
"2025-12-29 11:15:00",533020,13.61,25.22,751.4,19.13,67.47
"2025-12-29 11:20:00",533021,13.61,24.84,751.4,19.05,66.69
"2025-12-29 11:25:00",533022,13.61,24.65,751.4,19.69,67.54
"2025-12-29 11:30:00",533023,13.61,24.58,751.3,19.94,65.72
"2025-12-29 11:35:00",533024,13.61,24.64,751.1,20.02,67.37
"2025-12-29 11:40:00",533025,13.61,24.82,751.1,19.58,67.08
"2025-12-29 11:45:00",533026,13.61,25.06,751,20.1,66.17
"2025-12-29 11:50:00",533027,13.61,25.35,750.9,21.11,64.46
"2025-12-29 11:55:00",533028,13.61,25.79,750.9,21.93,59.78
"2025-12-29 12:00:00",533029,13.61,26.34,750.8,21.41,61.34
"2025-12-29 12:05:00",533030,13.61,26.98,750.6,22.18,53.45
"2025-12-29 12:10:00",533031,13.58,27.59,750.5,21.73,51.76
"2025-12-29 12:15:00",533032,13.59,27.99,750.4,21.31,54.01
"2025-12-29 12:20:00",533033,13.59,28.27,750.2,21.72,54.32
"2025-12-29 12:25:00",533034,13.56,28.57,750.2,22.15,51.13
"2025-12-29 12:30:00",533035,13.56,28.9,750,22.69,50.76
"2025-12-29 12:35:00",533036,13.56,29.2,749.9,21.87,49.16
"2025-12-29 12:40:00",533037,13.56,29.38,749.8,22.91,49.68
"2025-12-29 12:45:00",533038,13.56,29.6,749.7,23.11,47.06
"2025-12-29 12:50:00",533039,13.54,29.82,749.6,23.03,46.73
"2025-12-29 12:55:00",533040,13.54,29.93,749.6,22.51,46.54
"2025-12-29 13:00:00",533041,13.54,29.98,749.4,23.24,45.89
"2025-12-29 13:05:00",533042,13.54,30.02,749.4,23.07,46.51
"2025-12-29 13:10:00",533043,13.54,30.09,749.3,23.01,43.9
"2025-12-29 13:15:00",533044,13.54,30.18,749.2,23.51,41.63
"2025-12-29 13:20:00",533045,13.54,30.34,749,25.5,39.48
"2025-12-29 13:25:00",533046,13.54,30.65,749,25.22,37.71
"2025-12-29 13:30:00",533047,13.51,31.01,749,24.52,39.58
"2025-12-29 13:35:00",533048,13.51,31.27,748.8,24.64,40.35
"2025-12-29 13:40:00",533049,13.52,31.47,748.7,24.85,37.87
"2025-12-29 13:45:00",533050,13.52,31.62,748.7,24.39,38.68
"2025-12-29 13:50:00",533051,13.52,31.65,748.5,24.31,40.47
"2025-12-29 13:55:00",533052,13.52,31.75,748.5,25.51,36.77
"2025-12-29 14:00:00",533053,13.52,31.85,748.4,24.17,41.24
"2025-12-29 14:05:00",533054,13.52,31.83,748.3,23.75,41.85
"2025-12-29 14:10:00",533055,13.52,31.67,748.3,24.09,41.43
"2025-12-29 14:15:00",533056,13.52,31.49,748.3,24.67,42.34
"2025-12-29 14:20:00",533057,13.52,31.46,748.3,24.64,42.76
"2025-12-29 14:25:00",533058,13.52,31.37,748.3,23.33,43.13
"2025-12-29 14:30:00",533059,13.52,31.19,748.2,23.02,45.84
"2025-12-29 14:35:00",533060,13.52,30.94,748.1,23.2,48.03
"2025-12-29 14:40:00",533061,13.52,30.62,748.1,22.9,46.33
"2025-12-29 14:45:00",533062,13.52,30.33,748,23.03,46.03
"2025-12-29 14:50:00",533063,13.52,30.06,748.1,22.63,44.95
"2025-12-29 14:55:00",533064,13.51,29.66,748.2,22.58,46.45
"2025-12-29 15:00:00",533065,13.51,29.31,748.1,22.2,50.57
"2025-12-29 15:05:00",533066,13.52,28.98,748.2,21.61,52.31
"2025-12-29 15:10:00",533067,13.51,28.6,748.2,20.88,52.27
"2025-12-29 15:15:00",533068,13.52,28.17,748.1,20.94,53.65
"2025-12-29 15:20:00",533069,13.52,27.78,748.1,20.97,53.34
"2025-12-29 15:25:00",533070,13.51,27.47,748.1,20.74,55.39
"2025-12-29 15:30:00",533071,13.54,27.18,748.1,20.42,55.93
"2025-12-29 15:35:00",533072,13.54,26.9,748.1,20.4,57.89
"2025-12-29 15:40:00",533073,13.54,26.63,748.1,19.95,57.39
"2025-12-29 15:45:00",533074,13.56,26.33,748,20.32,56.1
"2025-12-29 15:50:00",533075,13.56,26.11,747.9,20.81,53.1
"2025-12-29 15:55:00",533076,13.56,25.94,747.9,20.85,52.73
"2025-12-29 16:00:00",533077,13.56,25.83,747.8,20.78,53.16
"2025-12-29 16:05:00",533078,13.56,25.76,747.6,20.82,51.76
"2025-12-29 16:10:00",533079,13.56,25.72,747.6,21.19,51.06
"2025-12-29 16:15:00",533080,13.56,25.74,747.5,21.36,50.61
"2025-12-29 16:20:00",533081,13.56,25.8,747.5,21.76,49.91
"2025-12-29 16:25:00",533082,13.56,25.9,747.5,21.93,49.2
"2025-12-29 16:30:00",533083,13.57,26.02,747.5,21.87,48.05
"2025-12-29 16:35:00",533084,13.57,26.16,747.4,21.67,47.3
"2025-12-29 16:40:00",533085,13.57,26.27,747.4,21.57,51.68
"2025-12-29 16:45:00",533086,13.57,26.37,747.4,21.36,51.08
"2025-12-29 16:50:00",533087,13.57,26.47,747.3,21.59,49.63
"2025-12-29 16:55:00",533088,13.57,26.63,747.4,22.19,49.11
"2025-12-29 17:00:00",533089,13.57,26.92,747.4,22.75,47.11
"2025-12-29 17:05:00",533090,13.57,27.22,747.5,22.76,46.06
"2025-12-29 17:10:00",533091,13.57,27.49,747.5,22.99,43.58
"2025-12-29 17:15:00",533092,13.57,27.65,747.5,22.45,45.51
"2025-12-29 17:20:00",533093,13.57,27.6,747.5,22.15,47.07
"2025-12-29 17:25:00",533094,13.57,27.31,747.6,22.06,46.93
"2025-12-29 17:30:00",533095,13.53,26.48,747.6,22.08,46.36
"2025-12-29 17:35:00",533096,13.43,25.93,747.7,21.96,48.03
"2025-12-29 17:40:00",533097,13.35,25.53,747.7,22.03,47.88
"2025-12-29 17:45:00",533098,13.26,25.21,747.7,22.01,47.63
"2025-12-29 17:50:00",533099,13.2,24.94,747.8,21.67,49.74
"2025-12-29 17:55:00",533100,13.15,24.59,747.8,20.58,56.63
"2025-12-29 18:00:00",533101,13.12,24.23,747.8,20.27,58.91
"2025-12-29 18:05:00",533102,13.07,23.9,747.9,20.26,58.14
"2025-12-29 18:10:00",533103,13.04,23.59,747.9,20.32,58.76
"2025-12-29 18:15:00",533104,13.02,23.3,747.9,20.27,56.83
"2025-12-29 18:20:00",533105,13,23.07,748,20.27,56.21
"2025-12-29 18:25:00",533106,12.98,22.88,748.2,20.32,56.34
"2025-12-29 18:30:00",533107,12.96,22.7,748.1,20.41,55.65
"2025-12-29 18:35:00",533108,12.94,22.57,748.2,20.28,56.67
"2025-12-29 18:40:00",533109,12.92,22.44,748.2,20.19,56.57
"2025-12-29 18:45:00",533110,12.91,22.3,748.2,20.1,56.34
"2025-12-29 18:50:00",533111,12.9,22.14,748.3,19.97,57.28
"2025-12-29 18:55:00",533112,12.89,22.01,748.5,20.02,58.6
"2025-12-29 19:00:00",533113,12.88,21.84,748.5,19.71,60.16
"2025-12-29 19:05:00",533114,12.88,21.67,748.5,19.53,60.01
"2025-12-29 19:10:00",533115,12.87,21.49,748.6,19.5,60.22
"2025-12-29 19:15:00",533116,12.87,21.3,748.7,19.42,59.72
"2025-12-29 19:20:00",533117,12.87,21.13,748.8,19.28,58.81
"2025-12-29 19:25:00",533118,12.87,20.95,748.9,19.06,58.17
"2025-12-29 19:30:00",533119,12.86,20.79,749,19.04,56.46
"2025-12-29 19:35:00",533120,12.86,20.66,749.1,19,55.53
"2025-12-29 19:40:00",533121,12.86,20.49,749.2,18.83,54.96
"2025-12-29 19:45:00",533122,12.86,20.41,749.3,18.74,54.88
"2025-12-29 19:50:00",533123,12.85,20.34,749.4,18.74,54.51
"2025-12-29 19:55:00",533124,12.85,20.3,749.4,18.74,54.48
"2025-12-29 20:00:00",533125,12.85,20.27,749.4,18.67,54.75
"2025-12-29 20:05:00",533126,12.85,20.24,749.4,18.63,54.92
"2025-12-29 20:10:00",533127,12.85,20.2,749.5,18.67,54.47
"2025-12-29 20:15:00",533128,12.84,20.13,749.5,18.63,54.25
"2025-12-29 20:20:00",533129,12.84,20.08,749.5,18.63,54.62
"2025-12-29 20:25:00",533130,12.84,20.01,749.7,18.51,54.79
"2025-12-29 20:30:00",533131,12.84,19.94,749.8,18.36,55.69
"2025-12-29 20:35:00",533132,12.84,19.83,749.8,18.08,57.23
"2025-12-29 20:40:00",533133,12.84,19.71,749.9,18.2,56.88
"2025-12-29 20:45:00",533134,12.83,19.59,749.9,18.22,56.37
"2025-12-29 20:50:00",533135,12.84,19.38,750,18.2,55.78
"2025-12-29 20:55:00",533136,12.84,19.22,750,18.19,56.7
"2025-12-29 21:00:00",533137,12.84,19.1,750,18.43,54.9
"2025-12-29 21:05:00",533138,12.83,19,750,18.38,55.99
"2025-12-29 21:10:00",533139,12.83,18.9,749.9,18.22,57.01
"2025-12-29 21:15:00",533140,12.83,18.8,750,18.07,56.74
"2025-12-29 21:20:00",533141,12.83,18.73,750,18.31,56.01
"2025-12-29 21:25:00",533142,12.83,18.66,750,18.39,55.26
"2025-12-29 21:30:00",533143,12.83,18.64,750,18.42,55.23
"2025-12-29 21:35:00",533144,12.82,18.59,750,18.09,56.8
"2025-12-29 21:40:00",533145,12.82,18.53,750,18.08,57.87
"2025-12-29 21:45:00",533146,12.82,18.46,750.1,17.36,61.79
"2025-12-29 21:50:00",533147,12.82,18.37,750.2,17.19,62.87
"2025-12-29 21:55:00",533148,12.82,18.29,750.2,17.02,63.02
"2025-12-29 22:00:00",533149,12.82,18.18,750.2,16.73,65.28
"2025-12-29 22:05:00",533150,12.82,18.08,750.3,16.48,67.32
"2025-12-29 22:10:00",533151,12.81,17.95,750.4,16.27,68.68
"2025-12-29 22:15:00",533152,12.81,17.81,750.5,16.16,69.04
"2025-12-29 22:20:00",533153,12.81,17.66,750.5,16.06,69.71
"2025-12-29 22:25:00",533154,12.81,17.52,750.6,15.98,70.05
"2025-12-29 22:30:00",533155,12.81,17.4,750.6,16.24,69.31
"2025-12-29 22:35:00",533156,12.8,17.31,750.6,16.18,71.21
"2025-12-29 22:40:00",533157,12.8,17.21,750.6,16.09,71.42
"2025-12-29 22:45:00",533158,12.8,17.12,750.6,16.1,71.71
"2025-12-29 22:50:00",533159,12.8,17.03,750.7,16.15,71.66
"2025-12-29 22:55:00",533160,12.8,16.96,750.7,16.11,71.91
"2025-12-29 23:00:00",533161,12.79,16.91,750.8,16.1,72.25
"2025-12-29 23:05:00",533162,12.79,16.88,750.9,16.09,73.39
"2025-12-29 23:10:00",533163,12.79,16.86,750.9,16.05,73.64
"2025-12-29 23:15:00",533164,12.79,16.86,750.9,15.93,73.85
"2025-12-29 23:20:00",533165,12.79,16.8,750.9,15.91,73.9
"2025-12-29 23:25:00",533166,12.79,16.78,751,15.88,74.66
"2025-12-29 23:30:00",533167,12.79,16.77,751,15.8,76.12
"2025-12-29 23:35:00",533168,12.78,16.76,751.1,15.72,77.28
"2025-12-29 23:40:00",533169,12.78,16.73,751,15.77,76.11
"2025-12-29 23:45:00",533170,12.78,16.7,750.9,15.72,76.41
"2025-12-29 23:50:00",533171,12.78,16.61,750.9,15.78,75.77
"2025-12-29 23:55:00",533172,12.78,16.56,750.9,15.86,75.62
"2025-12-30 00:00:00",533173,12.78,16.52,750.9,15.89,74.86
"2025-12-30 00:05:00",533174,12.77,16.5,750.8,15.97,73.71
"2025-12-30 00:10:00",533175,12.77,16.48,750.7,15.99,73.29
"2025-12-30 00:15:00",533176,12.77,16.46,750.7,15.85,73.89
"2025-12-30 00:20:00",533177,12.77,16.45,750.6,15.86,74.68
"2025-12-30 00:25:00",533178,12.76,16.42,750.6,15.9,74.38
"2025-12-30 00:30:00",533179,12.76,16.43,750.6,15.86,72.92
"2025-12-30 00:35:00",533180,12.76,16.43,750.5,15.9,73.84
"2025-12-30 00:40:00",533181,12.76,16.47,750.4,15.86,74.43
"2025-12-30 00:45:00",533182,12.75,16.5,750.4,15.82,76.09
"2025-12-30 00:50:00",533183,12.75,16.5,750.3,15.32,80.3
"2025-12-30 00:55:00",533184,12.75,16.5,750.2,15.22,80.2
"2025-12-30 01:00:00",533185,12.75,16.48,750.2,15.27,78.5
"2025-12-30 01:05:00",533186,12.75,16.47,750.1,15.24,77.71
"2025-12-30 01:10:00",533187,12.75,16.45,750.1,15.24,78.07
"2025-12-30 01:15:00",533188,12.74,16.4,750.1,15.21,77.76
"2025-12-30 01:20:00",533189,12.74,16.37,750.1,15.12,78.88
"2025-12-30 01:25:00",533190,12.73,16.33,750,15.05,79.06
"2025-12-30 01:30:00",533191,12.73,16.29,750,14.99,78.88
"2025-12-30 01:35:00",533192,12.72,16.25,749.9,15.12,78.77
"2025-12-30 01:40:00",533193,12.72,16.21,749.9,15.09,79.32
"2025-12-30 01:45:00",533194,12.71,16.18,749.8,15.04,79.22
"2025-12-30 01:50:00",533195,12.71,16.15,749.8,15.01,79.28
"2025-12-30 01:55:00",533196,12.71,16.11,749.8,14.94,79.56
"2025-12-30 02:00:00",533197,12.71,16.07,749.7,14.96,79.57
"2025-12-30 02:05:00",533198,12.7,16.01,749.6,15.01,79.22
"2025-12-30 02:10:00",533199,12.7,15.98,749.6,15.06,79.06
"2025-12-30 02:15:00",533200,12.7,15.95,749.6,15.08,79.07
"2025-12-30 02:20:00",533201,12.7,15.9,749.6,15.03,79.17
"2025-12-30 02:25:00",533202,12.69,15.86,749.6,15.05,79.39
"2025-12-30 02:30:00",533203,12.69,15.84,749.6,15.21,78.96
"2025-12-30 02:35:00",533204,12.69,15.85,749.6,15.28,79.06
"2025-12-30 02:40:00",533205,12.69,15.85,749.7,15.31,78.29
"2025-12-30 02:45:00",533206,12.69,15.81,749.7,15.36,78.24
"2025-12-30 02:50:00",533207,12.68,15.81,749.7,15,80.4
"2025-12-30 02:55:00",533208,12.68,15.8,749.7,14.76,81.9
"2025-12-30 03:00:00",533209,12.68,15.77,749.7,14.68,82.4
"2025-12-30 03:05:00",533210,12.68,15.75,749.7,14.63,82.1
"2025-12-30 03:10:00",533211,12.67,15.72,749.7,14.67,81.4
"2025-12-30 03:15:00",533212,12.67,15.7,749.8,14.81,81.9
"2025-12-30 03:20:00",533213,12.67,15.69,749.8,14.85,81.7
"2025-12-30 03:25:00",533214,12.67,15.69,749.9,14.76,82
"2025-12-30 03:30:00",533215,12.66,15.68,749.8,14.78,81
"2025-12-30 03:35:00",533216,12.66,15.67,749.8,14.96,79.76
"2025-12-30 03:40:00",533217,12.66,15.69,749.8,15,80.2
"2025-12-30 03:45:00",533218,12.66,15.72,749.8,14.82,81.5
"2025-12-30 03:50:00",533219,12.65,15.74,749.9,14.76,81.5
"2025-12-30 03:55:00",533220,12.65,15.76,749.9,14.53,83
"2025-12-30 04:00:00",533221,12.65,15.77,749.9,14.45,83.4
"2025-12-30 04:05:00",533222,12.65,15.75,750,14.53,83.2
"2025-12-30 04:10:00",533223,12.64,15.73,750,14.55,82.9
"2025-12-30 04:15:00",533224,12.64,15.68,750.1,14.47,83.5
"2025-12-30 04:20:00",533225,12.64,15.62,750.2,14.39,83.7
"2025-12-30 04:25:00",533226,12.63,15.54,750.2,14.32,83.9
"2025-12-30 04:30:00",533227,12.64,15.45,750.3,14.47,82.9
"2025-12-30 04:35:00",533228,12.64,15.41,750.3,14.53,82.1
"2025-12-30 04:40:00",533229,12.64,15.35,750.3,14.33,83.5
"2025-12-30 04:45:00",533230,12.63,15.29,750.3,14.11,84.8
"2025-12-30 04:50:00",533231,12.63,15.22,750.4,14.07,85.4
"2025-12-30 04:55:00",533232,12.63,15.17,750.4,14.05,84.9
"2025-12-30 05:00:00",533233,12.62,15.13,750.5,14.05,84.6
"2025-12-30 05:05:00",533234,12.62,15.1,750.5,14.04,84.7
"2025-12-30 05:10:00",533235,12.62,15.1,750.6,14.09,84.1
"2025-12-30 05:15:00",533236,12.62,15.11,750.6,14.15,83.7
"2025-12-30 05:20:00",533237,12.61,15.14,750.7,14.23,83.1
"2025-12-30 05:25:00",533238,12.61,15.18,750.8,14.3,82.7
"2025-12-30 05:30:00",533239,12.61,15.24,750.8,14.35,83.3
"2025-12-30 05:35:00",533240,12.61,15.28,750.8,14.31,83.2
"2025-12-30 05:40:00",533241,12.61,15.22,750.9,14.29,82.9
"2025-12-30 05:45:00",533242,12.61,15.22,750.9,14.3,83.2
"2025-12-30 05:50:00",533243,12.61,15.25,751,14.3,82.8
"2025-12-30 05:55:00",533244,12.61,15.32,751.1,14.33,83.5
"2025-12-30 06:00:00",533245,12.61,15.33,751.2,14.27,83.1
"2025-12-30 06:05:00",533246,12.63,15.34,751.2,14.3,83.3
"2025-12-30 06:10:00",533247,12.65,15.34,751.3,14.25,84
"2025-12-30 06:15:00",533248,12.67,15.35,751.4,14.29,83.9
"2025-12-30 06:20:00",533249,12.69,15.37,751.4,14.41,83.7
"2025-12-30 06:25:00",533250,12.71,15.39,751.4,14.5,83.3
"2025-12-30 06:30:00",533251,12.74,15.42,751.5,14.53,84.1
"2025-12-30 06:35:00",533252,12.77,15.48,751.5,14.53,84.2
"2025-12-30 06:40:00",533253,12.82,15.52,751.6,14.51,84.1
"2025-12-30 06:45:00",533254,12.88,15.58,751.7,14.57,83.5
"2025-12-30 06:50:00",533255,12.96,15.66,751.8,14.76,83.1
"2025-12-30 06:55:00",533256,13.08,15.76,751.8,14.85,81.9
"2025-12-30 07:00:00",533257,13.23,15.93,751.8,15.36,79.68
"2025-12-30 07:05:00",533258,13.34,16.14,751.9,15.46,79.57
"2025-12-30 07:10:00",533259,13.41,16.36,752,15.48,80
"2025-12-30 07:15:00",533260,13.49,16.61,752.1,15.5,79.46
"2025-12-30 07:20:00",533261,13.58,16.92,752.1,16.14,78.12
"2025-12-30 07:25:00",533262,13.79,17.39,752.2,16.96,75.7
"2025-12-30 07:30:00",533263,13.78,18.57,752.3,17.24,72.65
"2025-12-30 07:35:00",533264,13.54,19.07,752.3,17.97,67.85
"2025-12-30 07:40:00",533265,13.79,19.54,752.4,17.3,70.7
"2025-12-30 07:45:00",533266,13.73,20.77,752.4,17.65,68.2
"2025-12-30 07:50:00",533267,13.73,21.55,752.5,17.86,66.77
"2025-12-30 07:55:00",533268,13.7,22.12,752.5,18.22,65.84
"2025-12-30 08:00:00",533269,13.7,22.76,752.6,19.22,62.67
"2025-12-30 08:05:00",533270,13.68,23.23,752.7,18.02,67.42
"2025-12-30 08:10:00",533271,13.68,23.58,752.8,18.24,66.61
"2025-12-30 08:15:00",533272,13.68,23.93,752.8,19.33,63.53
"2025-12-30 08:20:00",533273,13.65,24.39,752.8,19.88,60.67
"2025-12-30 08:25:00",533274,13.65,25.03,752.7,20.24,58.99
"2025-12-30 08:30:00",533275,13.62,25.71,752.8,20.33,58.8
"2025-12-30 08:35:00",533276,13.63,26.45,752.8,20.18,59.69
"2025-12-30 08:40:00",533277,13.6,27.06,752.8,20.78,57.15
"2025-12-30 08:45:00",533278,13.6,27.63,752.8,21,57.71
"2025-12-30 08:50:00",533279,13.57,28.2,752.9,21.91,54.6
"2025-12-30 08:55:00",533280,13.58,28.8,752.8,21.08,56.79
"2025-12-30 09:00:00",533281,13.55,29.28,752.8,20.24,60.21
"2025-12-30 09:05:00",533282,13.55,29.64,752.7,19.48,62.14
"2025-12-30 09:10:00",533283,13.55,29.85,752.7,20.56,59.63
"2025-12-30 09:15:00",533284,13.55,29.99,752.7,21.16,57.05
"2025-12-30 09:20:00",533285,13.53,30.33,752.7,22.32,53.13
"2025-12-30 09:25:00",533286,13.53,30.72,752.7,21.63,56.6
"2025-12-30 09:30:00",533287,13.53,31.1,752.7,22.3,53.84
"2025-12-30 09:35:00",533288,13.53,31.5,752.7,22.73,52.18
"2025-12-30 09:40:00",533289,13.5,31.89,752.7,22.23,53.02
"2025-12-30 09:45:00",533290,13.5,32.22,752.7,22.34,52.63
"2025-12-30 09:50:00",533291,13.51,32.52,752.6,22.31,52.81
"2025-12-30 09:55:00",533292,13.48,32.83,752.6,22.01,50.7
"2025-12-30 10:00:00",533293,13.48,33.04,752.5,22.47,51.01
"2025-12-30 10:05:00",533294,13.48,33.3,752.5,22.86,48.82
"2025-12-30 10:10:00",533295,13.48,33.46,752.5,22.46,50
"2025-12-30 10:15:00",533296,13.48,33.27,752.5,21.87,55.43
"2025-12-30 10:20:00",533297,13.48,32.91,752.4,21.21,56.11
"2025-12-30 10:25:00",533298,13.48,32.36,752.4,20.57,58.65
"2025-12-30 10:30:00",533299,13.48,31.69,752.4,21.16,55.82
"2025-12-30 10:35:00",533300,13.48,31.1,752.3,21.05,55.34
"2025-12-30 10:40:00",533301,13.48,30.61,752.3,21.27,55.81
"2025-12-30 10:45:00",533302,13.48,30.11,752.3,20.55,58.1
"2025-12-30 10:50:00",533303,13.48,29.54,752.3,20.41,58.01
"2025-12-30 10:55:00",533304,13.48,28.99,752.3,20.46,57.84
"2025-12-30 11:00:00",533305,13.51,28.51,752.3,19.95,57.73
"2025-12-30 11:05:00",533306,13.51,28.08,752.4,20.18,58.16
"2025-12-30 11:10:00",533307,13.51,27.65,752.4,19.63,67.95
"2025-12-30 11:15:00",533308,13.53,27.02,752.4,19.32,69.5
"2025-12-30 11:20:00",533309,13.55,26.24,752.5,18.08,78.76
"2025-12-30 11:25:00",533310,13.57,25.2,752.4,16.89,76.51
"2025-12-30 11:30:00",533311,13.39,23.45,752.5,15.76,74.44
"2025-12-30 11:35:00",533312,13.29,22.08,752.5,15.22,76.42
"2025-12-30 11:40:00",533313,13.22,20.87,752.5,15.27,71.35
"2025-12-30 11:45:00",533314,13.2,19.96,752.5,15.7,72.15
"2025-12-30 11:50:00",533315,13.2,19.35,752.5,15.8,72.22
"2025-12-30 11:55:00",533316,13.24,18.91,752.6,15.87,77.62
"2025-12-30 12:00:00",533317,13.32,18.56,752.5,16.02,73.24
"2025-12-30 12:05:00",533318,13.42,18.29,752.5,16.42,73.8
"2025-12-30 12:10:00",533319,13.56,18.11,752.4,16.12,74.79
"2025-12-30 12:15:00",533320,13.8,18.01,752.4,16.18,77.15
"2025-12-30 12:20:00",533321,13.81,18.44,752.3,16.49,72.42
"2025-12-30 12:25:00",533322,13.78,18.91,752.3,16.56,75.59
"2025-12-30 12:30:00",533323,13.78,19.13,752.3,16.71,76.84
"2025-12-30 12:35:00",533324,13.78,19.3,752.1,16.18,80.7
"2025-12-30 12:40:00",533325,13.75,19.38,752.1,15.91,79.66
"2025-12-30 12:45:00",533326,13.75,19.44,752.1,16.33,77.91
"2025-12-30 12:50:00",533327,13.75,19.55,752,16.67,79.58
"2025-12-30 12:55:00",533328,13.75,19.73,752,17.34,77.31
"2025-12-30 13:00:00",533329,13.76,20.02,751.8,17.97,73.97
"2025-12-30 13:05:00",533330,13.76,20.34,751.7,18.51,72.64
"2025-12-30 13:10:00",533331,13.73,20.81,751.7,19.2,75.93
"2025-12-30 13:15:00",533332,13.73,21.5,751.6,19.11,68.03
"2025-12-30 13:20:00",533333,13.7,22.29,751.7,19.69,62.6
"2025-12-30 13:25:00",533334,13.7,23.11,751.7,19.12,61.72
"2025-12-30 13:30:00",533335,13.67,23.8,751.6,19.76,58.01
"2025-12-30 13:35:00",533336,13.67,24.4,751.6,19.92,63.42
"2025-12-30 13:40:00",533337,13.64,24.9,751.5,20.25,62.33
"2025-12-30 13:45:00",533338,13.64,25.31,751.4,20.58,63.08
"2025-12-30 13:50:00",533339,13.64,25.76,751.3,20.87,58.27
"2025-12-30 13:55:00",533340,13.62,26.23,751.3,21.88,55.09
"2025-12-30 14:00:00",533341,13.62,26.73,751.3,21.88,51.84
"2025-12-30 14:05:00",533342,13.59,27.23,751.2,21.9,56.21
"2025-12-30 14:10:00",533343,13.59,27.67,751.1,22.69,50.16
"2025-12-30 14:15:00",533344,13.59,28.1,751,23.03,50.3
"2025-12-30 14:20:00",533345,13.57,28.64,751,23.52,48.07
"2025-12-30 14:25:00",533346,13.57,29.17,751,22.34,49.89
"2025-12-30 14:30:00",533347,13.54,29.53,750.9,23.61,50.41
"2025-12-30 14:35:00",533348,13.54,29.93,750.8,23.93,48.8
"2025-12-30 14:40:00",533349,13.54,30.22,750.7,23.01,52.13
"2025-12-30 14:45:00",533350,13.54,30.24,750.6,21.89,55.25
"2025-12-30 14:50:00",533351,13.54,30.01,750.6,21.95,53.95
"2025-12-30 14:55:00",533352,13.54,29.6,750.5,21.45,55.21
"2025-12-30 15:00:00",533353,13.47,28.77,750.7,20.4,57.4
"2025-12-30 15:05:00",533354,13.25,27.44,750.6,19.92,57.21
"2025-12-30 15:10:00",533355,13.18,26.43,750.5,19.82,56.91
"2025-12-30 15:15:00",533356,13.15,25.58,750.5,19.94,56.44
"2025-12-30 15:20:00",533357,13.12,24.85,750.5,19.07,66.01
"2025-12-30 15:25:00",533358,13.12,23.76,750.7,16.47,74.98
"2025-12-30 15:30:00",533359,13.11,22.4,750.7,15.5,83.6
"2025-12-30 15:35:00",533360,13.1,21.08,750.8,15.06,87.4
"2025-12-30 15:40:00",533361,13.06,19.94,750.8,14.65,88.8
"2025-12-30 15:45:00",533362,13.05,19.05,750.8,15.02,85.4
"2025-12-30 15:50:00",533363,13.04,18.37,750.7,15.1,88.8
"2025-12-30 15:55:00",533364,13.03,17.91,750.7,15.3,85.2
"2025-12-30 16:00:00",533365,13.04,17.62,750.6,15.68,81.3
"2025-12-30 16:05:00",533366,13.04,17.4,750.6,15.74,85.1
"2025-12-30 16:10:00",533367,13.05,17.26,750.6,15.7,84.7
"2025-12-30 16:15:00",533368,13.08,17.16,750.6,15.42,85.9
"2025-12-30 16:20:00",533369,13.14,17.09,750.6,15.27,86.9
"2025-12-30 16:25:00",533370,13.23,17.03,750.6,15.26,89.3
"2025-12-30 16:30:00",533371,13.3,17.02,750.6,15.38,84.8
"2025-12-30 16:35:00",533372,13.4,17,750.6,15.6,85.4
"2025-12-30 16:40:00",533373,13.59,17.07,750.6,15.82,81.7
"2025-12-30 16:45:00",533374,13.81,17.45,750.6,15.92,80.8
"2025-12-30 16:50:00",533375,13.78,18,750.6,16.1,80.3
"2025-12-30 16:55:00",533376,13.78,18.29,750.6,16.16,80.5
"2025-12-30 17:00:00",533377,13.79,18.52,750.6,16.24,81.4
"2025-12-30 17:05:00",533378,13.78,18.68,750.7,16.16,82.8
"2025-12-30 17:10:00",533379,13.79,18.61,750.6,16.1,82.1
"2025-12-30 17:15:00",533380,13.78,18.66,750.6,16.28,81.2
"2025-12-30 17:20:00",533381,13.79,18.77,750.5,16.47,79.87
"2025-12-30 17:25:00",533382,13.79,18.9,750.5,16.56,79.05
"2025-12-30 17:30:00",533383,13.78,19,750.5,16.63,79.46
"2025-12-30 17:35:00",533384,13.76,19.13,750.5,16.81,79.02
"2025-12-30 17:40:00",533385,13.75,19.26,750.4,16.98,77.12
"2025-12-30 17:45:00",533386,13.75,19.38,750.5,17.01,79.68
"2025-12-30 17:50:00",533387,13.75,19.45,750.6,16.81,81
"2025-12-30 17:55:00",533388,13.76,19.48,750.6,16.67,81.4
"2025-12-30 18:00:00",533389,13.75,19.45,750.6,16.8,82.3
"2025-12-30 18:05:00",533390,13.65,19.21,750.6,16.57,82.2
"2025-12-30 18:10:00",533391,13.53,18.78,750.5,16.59,81.1
"2025-12-30 18:15:00",533392,13.44,18.4,750.5,16.69,81.4
"2025-12-30 18:20:00",533393,13.34,18.19,750.6,16.8,81.4
"2025-12-30 18:25:00",533394,13.24,18.04,750.7,16.74,80.8
"2025-12-30 18:30:00",533395,13.15,17.93,750.7,16.78,79.9
"2025-12-30 18:35:00",533396,13.08,17.84,750.8,16.77,80.2
"2025-12-30 18:40:00",533397,13.01,17.75,750.9,16.71,81.3
"2025-12-30 18:45:00",533398,12.96,17.67,750.9,16.61,80.7
"2025-12-30 18:50:00",533399,12.92,17.6,750.9,16.67,80.7
"2025-12-30 18:55:00",533400,12.89,17.53,750.9,16.61,80.6
"2025-12-30 19:00:00",533401,12.88,17.46,750.9,16.73,78.58
"2025-12-30 19:05:00",533402,12.87,17.37,750.9,16.86,76.92
"2025-12-30 19:10:00",533403,12.86,17.28,751,16.91,76.54
"2025-12-30 19:15:00",533404,12.85,17.23,751.1,16.89,76.76
"2025-12-30 19:20:00",533405,12.86,17.18,751.1,16.87,77.38
"2025-12-30 19:25:00",533406,12.85,17.14,751.2,16.69,78.74
"2025-12-30 19:30:00",533407,12.85,17.07,751.2,16.26,82.3
"2025-12-30 19:35:00",533408,12.85,17,751.2,16.06,84.1
"2025-12-30 19:40:00",533409,12.85,16.91,751.3,15.95,85.3
"2025-12-30 19:45:00",533410,12.85,16.81,751.4,15.94,84.8
"2025-12-30 19:50:00",533411,12.85,16.75,751.5,16,84.7
"2025-12-30 19:55:00",533412,12.84,16.67,751.6,16.04,83.4
"2025-12-30 20:00:00",533413,12.84,16.6,751.7,16.1,82.9
"2025-12-30 20:05:00",533414,12.84,16.54,751.7,16.18,82.4
"2025-12-30 20:10:00",533415,12.84,16.52,751.8,16.12,83.2
"2025-12-30 20:15:00",533416,12.84,16.49,751.9,16.14,82.3
"2025-12-30 20:20:00",533417,12.84,16.5,752.1,16.42,81.2
"2025-12-30 20:25:00",533418,12.84,16.52,752.1,16.25,82.6
"2025-12-30 20:30:00",533419,12.83,16.55,752.2,16.18,83.3
"2025-12-30 20:35:00",533420,12.84,16.57,752.2,16.14,83.4
"2025-12-30 20:40:00",533421,12.83,16.59,752.2,16.14,84
"2025-12-30 20:45:00",533422,12.83,16.61,752.2,16.2,83
"2025-12-30 20:50:00",533423,12.83,16.62,752.3,16.25,82.6
"2025-12-30 20:55:00",533424,12.83,16.63,752.3,16.18,82.7
"2025-12-30 21:00:00",533425,12.83,16.65,752.4,16.14,82.8
"2025-12-30 21:05:00",533426,12.82,16.65,752.4,16.16,82.9
"2025-12-30 21:10:00",533427,12.82,16.66,752.4,16.16,82.2
"2025-12-30 21:15:00",533428,12.82,16.66,752.5,16.18,82.7
"2025-12-30 21:20:00",533429,12.82,16.65,752.5,16.16,83.3
"2025-12-30 21:25:00",533430,12.82,16.64,752.5,16.08,84.7
"2025-12-30 21:30:00",533431,12.82,16.62,752.5,16.01,85.9
"2025-12-30 21:35:00",533432,12.82,16.58,752.5,15.82,86.1
"2025-12-30 21:40:00",533433,12.82,16.52,752.5,15.78,87.2
"2025-12-30 21:45:00",533434,12.82,16.46,752.6,15.66,87.1
"2025-12-30 21:50:00",533435,12.81,16.37,752.6,15.61,87
"2025-12-30 21:55:00",533436,12.82,16.3,752.6,15.5,87
"2025-12-30 22:00:00",533437,12.81,16.2,752.6,15.48,87.1
"2025-12-30 22:05:00",533438,12.81,16.11,752.6,15.46,87.2
"2025-12-30 22:10:00",533439,12.81,16.02,752.6,15.44,87.2
"2025-12-30 22:15:00",533440,12.81,15.92,752.6,15.38,87.5
"2025-12-30 22:20:00",533441,12.81,15.81,752.7,15.38,88
"2025-12-30 22:25:00",533442,12.81,15.69,752.7,15.26,87.7
"2025-12-30 22:30:00",533443,12.81,15.58,752.8,15.18,88.3
"2025-12-30 22:35:00",533444,12.8,15.48,752.7,15.19,88.5
"2025-12-30 22:40:00",533445,12.8,15.4,752.7,15.23,87.4
"2025-12-30 22:45:00",533446,12.8,15.31,752.8,15.28,88.1
"2025-12-30 22:50:00",533447,12.8,15.23,752.8,15.28,88.3
"2025-12-30 22:55:00",533448,12.8,15.16,752.7,15.14,88.9
"2025-12-30 23:00:00",533449,12.8,15.08,752.7,15.08,89.9
"2025-12-30 23:05:00",533450,12.8,15.01,752.8,14.89,90.6
"2025-12-30 23:10:00",533451,12.79,14.93,752.8,14.85,91.8
"2025-12-30 23:15:00",533452,12.79,14.85,752.7,14.91,91.9
"2025-12-30 23:20:00",533453,12.79,14.79,752.7,14.92,91.6
"2025-12-30 23:25:00",533454,12.79,14.75,752.6,14.92,91.9
"2025-12-30 23:30:00",533455,12.78,14.92,752.5,14.88,92
"2025-12-30 23:35:00",533456,12.78,15.03,752.6,14.65,92.5
"2025-12-30 23:40:00",533457,12.78,15.05,752.6,14.57,92.8
"2025-12-30 23:45:00",533458,12.77,15.06,752.6,14.55,93.1
"2025-12-30 23:50:00",533459,12.78,15.05,752.6,14.62,93.2
"2025-12-30 23:55:00",533460,12.77,15.08,752.6,14.76,92.7
"2025-12-31 00:00:00",533461,12.77,15.13,752.5,14.69,92.4
"2025-12-31 00:05:00",533462,12.77,15.19,752.4,14.59,92.9
"2025-12-31 00:10:00",533463,12.77,15.22,752.3,14.37,91.9
"2025-12-31 00:15:00",533464,12.77,15.23,752.3,14.32,92
"2025-12-31 00:20:00",533465,12.77,15.23,752.2,14.25,91.3
"2025-12-31 00:25:00",533466,12.76,15.22,752.2,14.18,91.1
"2025-12-31 00:30:00",533467,12.76,15.2,752.2,14.21,90.9
"2025-12-31 00:35:00",533468,12.76,15.18,752.2,14.22,90.5
"2025-12-31 00:40:00",533469,12.76,15.16,752.1,14.27,89.6
"2025-12-31 00:45:00",533470,12.76,15.15,752,14.55,88.6
"2025-12-31 00:50:00",533471,12.76,15.16,751.9,14.59,86.9
"2025-12-31 00:55:00",533472,12.76,15.18,751.8,14.61,87.9
"2025-12-31 01:00:00",533473,12.75,15.21,751.8,14.61,88.9
"2025-12-31 01:05:00",533474,12.75,15.24,751.8,14.47,89.9
"2025-12-31 01:10:00",533475,12.75,15.28,751.8,14.36,91
"2025-12-31 01:15:00",533476,12.75,15.29,751.8,14.31,91.3
"2025-12-31 01:20:00",533477,12.75,15.29,751.9,14.29,90.9
"2025-12-31 01:25:00",533478,12.75,15.2,751.8,14.26,91.6
"2025-12-31 01:30:00",533479,12.75,15.15,751.8,14.23,91.7
"2025-12-31 01:35:00",533480,12.75,15.13,751.7,14.29,92
"2025-12-31 01:40:00",533481,12.75,15.11,751.7,14.31,92.3
"2025-12-31 01:45:00",533482,12.75,15.09,751.7,14.37,91.8
"2025-12-31 01:50:00",533483,12.74,15.09,751.7,14.39,91.5
"2025-12-31 01:55:00",533484,12.74,15.1,751.8,14.43,91.5
"2025-12-31 02:00:00",533485,12.74,15.12,751.7,14.41,91.6
"2025-12-31 02:05:00",533486,12.74,15.15,751.8,14.33,91.7
"2025-12-31 02:10:00",533487,12.73,15.16,751.6,14.29,91.6
"2025-12-31 02:15:00",533488,12.73,15.15,751.6,14.19,90.9
"2025-12-31 02:20:00",533489,12.73,15.15,751.6,14.21,90.8
"2025-12-31 02:25:00",533490,12.73,15.16,751.5,14.27,91.1
"2025-12-31 02:30:00",533491,12.72,15.15,751.5,14.36,91.1
"2025-12-31 02:35:00",533492,12.72,15.17,751.6,14.35,91.1
"2025-12-31 02:40:00",533493,12.72,15.18,751.6,14.19,92.3
"2025-12-31 02:45:00",533494,12.72,15.18,751.6,14.11,92.6
"2025-12-31 02:50:00",533495,12.71,15.16,751.7,14.07,92.7
"2025-12-31 02:55:00",533496,12.71,15.13,751.7,14.01,92.4
"2025-12-31 03:00:00",533497,12.71,15.12,751.7,14.1,92.4
"2025-12-31 03:05:00",533498,12.71,15.12,751.6,14.29,92
"2025-12-31 03:10:00",533499,12.71,15.13,751.6,14.2,91.9
"2025-12-31 03:15:00",533500,12.7,15.13,751.7,14.26,91.4
"2025-12-31 03:20:00",533501,12.7,15.14,751.8,14.29,90.8
"2025-12-31 03:25:00",533502,12.7,15.15,751.8,14.17,87.5
"2025-12-31 03:30:00",533503,12.69,15.14,751.9,14.23,89.6
"2025-12-31 03:35:00",533504,12.69,15.11,751.9,14,89.2
"2025-12-31 03:40:00",533505,12.69,15.05,751.9,13.84,89.9
"2025-12-31 03:45:00",533506,12.69,14.97,751.9,13.77,90
"2025-12-31 03:50:00",533507,12.68,14.89,751.9,13.8,89.5
"2025-12-31 03:55:00",533508,12.68,14.82,752,13.81,89
"2025-12-31 04:00:00",533509,12.68,14.76,752,13.75,90.2
"2025-12-31 04:05:00",533510,12.67,14.7,752,13.67,90.9
"2025-12-31 04:10:00",533511,12.67,14.63,752,13.6,91.6
"2025-12-31 04:15:00",533512,12.67,14.5,751.9,13.63,91
"2025-12-31 04:20:00",533513,12.67,14.43,752,13.59,91.7
"2025-12-31 04:25:00",533514,12.66,14.34,752,13.52,92.5
"2025-12-31 04:30:00",533515,12.66,14.18,752,13.47,93.7
"2025-12-31 04:35:00",533516,12.65,14.11,752,13.47,94
"2025-12-31 04:40:00",533517,12.65,14.02,752,13.39,94.2
"2025-12-31 04:45:00",533518,12.65,13.97,752.1,13.3,94.7
"2025-12-31 04:50:00",533519,12.64,13.89,752.1,13.17,95.3
"2025-12-31 04:55:00",533520,12.64,13.83,752.1,13.17,95.5
"2025-12-31 05:00:00",533521,12.63,13.77,752.2,13.17,95.7
"2025-12-31 05:05:00",533522,12.63,13.74,752.2,13.18,95.5
"2025-12-31 05:10:00",533523,12.62,13.7,752.2,13.1,95.3
"2025-12-31 05:15:00",533524,12.62,13.64,752.3,13.09,95.2
"2025-12-31 05:20:00",533525,12.62,13.58,752.5,13.04,95
"2025-12-31 05:25:00",533526,12.61,13.52,752.5,13,95
"2025-12-31 05:30:00",533527,12.61,13.46,752.6,12.89,94.9
"2025-12-31 05:35:00",533528,12.6,13.39,752.7,12.82,95.1
"2025-12-31 05:40:00",533529,12.6,13.32,752.7,12.76,95
"2025-12-31 05:45:00",533530,12.6,13.27,752.8,12.71,95.1
"2025-12-31 05:50:00",533531,12.59,13.25,753,12.76,95.3
"2025-12-31 05:55:00",533532,12.59,13.24,753,12.84,95.3
"2025-12-31 06:00:00",533533,12.59,13.24,753.1,12.86,94.2
"2025-12-31 06:05:00",533534,12.6,13.28,753.2,12.83,93.5
"2025-12-31 06:10:00",533535,12.6,13.3,753.3,12.92,92.5
"2025-12-31 06:15:00",533536,12.62,13.35,753.4,12.93,92.5
"2025-12-31 06:20:00",533537,12.66,13.41,753.4,12.97,92
"2025-12-31 06:25:00",533538,12.71,13.5,753.5,13.33,91.4
"2025-12-31 06:30:00",533539,12.76,13.65,753.4,13.35,91.2
"2025-12-31 06:35:00",533540,12.93,13.83,753.5,13.33,91.4
"2025-12-31 06:40:00",533541,13.27,14.1,753.6,13.33,91.5
"2025-12-31 06:45:00",533542,13.51,14.42,753.6,13.59,91.3
"2025-12-31 06:50:00",533543,13.66,14.78,753.6,14.07,90.5
"2025-12-31 06:55:00",533544,13.73,15.19,753.7,14.41,87
"2025-12-31 07:00:00",533545,13.88,15.69,753.8,14.58,86
"2025-12-31 07:05:00",533546,13.87,17.01,753.9,15.48,84.7
"2025-12-31 07:10:00",533547,13.79,18.22,754,16.58,78.22
"2025-12-31 07:15:00",533548,13.79,19.17,754.1,17.25,76.89
"2025-12-31 07:20:00",533549,13.76,20.02,754.1,17.25,74.77
"2025-12-31 07:25:00",533550,13.73,20.73,754.2,17.43,75
"2025-12-31 07:30:00",533551,13.73,21.24,754.1,16.53,75.05
"2025-12-31 07:35:00",533552,13.7,21.64,754.2,16.64,76.37
"2025-12-31 07:40:00",533553,13.7,22,754.3,17.55,71.47
"2025-12-31 07:45:00",533554,13.71,22.36,754.3,17.95,71.05
"2025-12-31 07:50:00",533555,13.71,22.78,754.2,17.63,71.4
"2025-12-31 07:55:00",533556,13.68,23.07,754.2,16.97,75.19
"2025-12-31 08:00:00",533557,13.68,23.29,754.2,17.48,75.29
"2025-12-31 08:05:00",533558,13.68,23.58,754.2,17.72,71.82
"2025-12-31 08:10:00",533559,13.65,23.89,754.2,18.38,71.43
"2025-12-31 08:15:00",533560,13.65,24.32,754.3,18.94,67.26
"2025-12-31 08:20:00",533561,13.66,24.84,754.3,19.34,66.65
"2025-12-31 08:25:00",533562,13.63,25.31,754.3,18.29,68.35
"2025-12-31 08:30:00",533563,13.63,25.61,754.4,18.55,70.18
"2025-12-31 08:35:00",533564,13.63,25.95,754.3,20.21,65.29
"2025-12-31 08:40:00",533565,13.6,26.47,754.3,20.3,63.15
"2025-12-31 08:45:00",533566,13.6,27.09,754.3,20.51,63.1
"2025-12-31 08:50:00",533567,13.6,27.67,754.3,20.39,61.15
"2025-12-31 08:55:00",533568,13.58,28.11,754.4,20.12,62.64
"2025-12-31 09:00:00",533569,13.57,28.55,754.4,20.74,60.23
"2025-12-31 09:05:00",533570,13.55,28.97,754.3,21.77,57.39
"2025-12-31 09:10:00",533571,13.55,29.41,754.2,21.61,56.47
"2025-12-31 09:15:00",533572,13.55,29.87,754.2,22.29,55.4
"2025-12-31 09:20:00",533573,13.53,30.38,754.2,22,55.48
"2025-12-31 09:25:00",533574,13.53,30.8,754.2,21.94,55.69
"2025-12-31 09:30:00",533575,13.53,31.1,754.2,21.92,55.99
"2025-12-31 09:35:00",533576,13.51,31.29,754.1,22.45,54.33
"2025-12-31 09:40:00",533577,13.51,31.52,754.1,22.87,53.8
"2025-12-31 09:45:00",533578,13.51,31.83,754.1,23.66,50.95
"2025-12-31 09:50:00",533579,13.51,32.2,754.1,22.77,52.34
"2025-12-31 09:55:00",533580,13.48,32.48,753.9,21.96,54.07
"2025-12-31 10:00:00",533581,13.49,32.64,753.8,22.8,50.17
"2025-12-31 10:05:00",533582,13.49,32.87,753.8,22.95,49.24
"2025-12-31 10:10:00",533583,13.48,33.02,753.8,21.16,52.06
"2025-12-31 10:15:00",533584,13.48,33.04,753.8,22.43,50.47
"2025-12-31 10:20:00",533585,13.49,33.04,753.8,22.29,51.14
"2025-12-31 10:25:00",533586,13.49,32.99,753.7,22.26,50.61
"2025-12-31 10:30:00",533587,13.49,32.89,753.7,21.55,52.52
"2025-12-31 10:35:00",533588,13.48,32.84,753.6,22.81,51.85
"2025-12-31 10:40:00",533589,13.48,32.9,753.6,22.51,51.24
"2025-12-31 10:45:00",533590,13.48,33.04,753.5,23.22,46.37
"2025-12-31 10:50:00",533591,13.49,33.15,753.6,24.21,43.59
"2025-12-31 10:55:00",533592,13.49,33.35,753.5,23.85,44.71
"2025-12-31 11:00:00",533593,13.49,33.44,753.5,23.45,45.28
"2025-12-31 11:05:00",533594,13.49,33.38,753.5,23.53,48.11
"2025-12-31 11:10:00",533595,13.49,33.39,753.5,24.09,43.71
"2025-12-31 11:15:00",533596,13.49,33.56,753.4,25.26,45.2
"2025-12-31 11:20:00",533597,13.46,33.91,753.3,26.08,42.04
"2025-12-31 11:25:00",533598,13.46,34.23,753.2,24.48,45.05
"2025-12-31 11:30:00",533599,13.46,34.39,753.2,24.21,45.4
"2025-12-31 11:35:00",533600,13.46,34.29,753.1,22.06,51.05
"2025-12-31 11:40:00",533601,13.46,33.84,753,22.12,52.22
"2025-12-31 11:45:00",533602,13.46,33.25,753,22.4,53.29
"2025-12-31 11:50:00",533603,13.46,32.71,753,22.78,51.9
"2025-12-31 11:55:00",533604,13.46,32.42,752.9,22.92,49.52
"2025-12-31 12:00:00",533605,13.46,32.22,752.9,22.81,50.65
"2025-12-31 12:05:00",533606,13.46,31.86,752.9,22.32,50.08
"2025-12-31 12:10:00",533607,13.46,31.34,752.8,22.19,50.31
"2025-12-31 12:15:00",533608,13.46,30.78,752.8,22.52,49.91
"2025-12-31 12:20:00",533609,13.46,30.25,752.7,21.81,51.08
"2025-12-31 12:25:00",533610,13.49,29.72,752.7,21.69,50.69
"2025-12-31 12:30:00",533611,13.49,29.22,752.6,21.88,51.28
"2025-12-31 12:35:00",533612,13.49,28.73,752.5,20.63,60.06
"2025-12-31 12:40:00",533613,13.51,27.77,752.5,17.84,69.35
"2025-12-31 12:45:00",533614,13.53,26.44,752.5,18.07,64.03
"2025-12-31 12:50:00",533615,13.56,25.22,752.6,18.21,62.05
"2025-12-31 12:55:00",533616,13.61,23.95,752.6,16.54,73.86
"2025-12-31 13:00:00",533617,13.61,22.96,752.5,16.04,70.75
"2025-12-31 13:05:00",533618,13.64,22.04,752.4,15.95,72.88
"2025-12-31 13:10:00",533619,13.67,21.23,752.4,16.05,60.5
"2025-12-31 13:15:00",533620,13.67,20.43,752.2,17.39,59.3
"2025-12-31 13:20:00",533621,13.7,19.82,752.1,17.38,59.75
"2025-12-31 13:25:00",533622,13.7,19.44,752.1,17.63,63.54
"2025-12-31 13:30:00",533623,13.7,19.19,752.1,16.9,77.1
"2025-12-31 13:35:00",533624,13.7,19.1,752.1,17.06,76.2
"2025-12-31 13:40:00",533625,13.7,19.16,752,17.03,79.65
"2025-12-31 13:45:00",533626,13.7,19.26,752,16.79,81.6
"2025-12-31 13:50:00",533627,13.7,19.37,751.9,16.7,79.72
"2025-12-31 13:55:00",533628,13.7,19.49,752,17.23,82.9
"2025-12-31 14:00:00",533629,13.7,19.61,751.9,17.77,77.88
"2025-12-31 14:05:00",533630,13.7,19.81,751.8,18.17,73.86
"2025-12-31 14:10:00",533631,13.7,20.02,751.7,18.38,78.96
"2025-12-31 14:15:00",533632,13.7,20.26,751.5,18.56,73.8
"2025-12-31 14:20:00",533633,13.7,20.51,751.4,18.51,70.87
"2025-12-31 14:25:00",533634,13.7,20.83,751.4,19.1,70.92
"2025-12-31 14:30:00",533635,13.7,21.23,751.4,19.97,69.13
"2025-12-31 14:35:00",533636,13.7,21.75,751.2,19.8,67.03
"2025-12-31 14:40:00",533637,13.7,22.3,751.1,19.98,66.44
"2025-12-31 14:45:00",533638,13.7,22.84,751,20.06,60.33
"2025-12-31 14:50:00",533639,13.68,23.3,750.9,20.22,57.46
"2025-12-31 14:55:00",533640,13.68,23.71,750.9,20.32,56.28
"2025-12-31 15:00:00",533641,13.68,24.06,750.8,20.58,57.06
"2025-12-31 15:05:00",533642,13.65,24.37,750.7,20.58,55.61
"2025-12-31 15:10:00",533643,13.65,24.67,750.6,21.21,52.31
"2025-12-31 15:15:00",533644,13.65,24.94,750.5,21,53.97
"2025-12-31 15:20:00",533645,13.65,25.2,750.5,20.8,57.95
"2025-12-31 15:25:00",533646,13.65,25.39,750.4,21.27,55.19
"2025-12-31 15:30:00",533647,13.65,25.54,750.3,21.13,53.55
"2025-12-31 15:35:00",533648,13.62,25.67,750.2,21.39,54.77
"2025-12-31 15:40:00",533649,13.62,25.72,750.1,21.21,55.95
"2025-12-31 15:45:00",533650,13.62,25.85,750,21.13,54.39
"2025-12-31 15:50:00",533651,13.62,25.85,750,21.29,52.58
"2025-12-31 15:55:00",533652,13.62,25.87,749.9,21.55,53.11
"2025-12-31 16:00:00",533653,13.62,25.95,749.9,21.93,50.47
"2025-12-31 16:05:00",533654,13.62,26.05,749.9,22.23,54.3
"2025-12-31 16:10:00",533655,13.62,26.21,749.9,22.53,48.65
"2025-12-31 16:15:00",533656,13.62,26.41,749.8,22.48,47.08
"2025-12-31 16:20:00",533657,13.62,26.65,749.7,22.6,48.4
"2025-12-31 16:25:00",533658,13.6,26.87,749.7,22.57,47.03
"2025-12-31 16:30:00",533659,13.6,27.1,749.7,22.57,46.74
"2025-12-31 16:35:00",533660,13.6,27.33,749.6,22.33,47.35
"2025-12-31 16:40:00",533661,13.6,27.54,749.6,22.62,46.46
"2025-12-31 16:45:00",533662,13.6,27.77,749.5,22.85,46.9
"2025-12-31 16:50:00",533663,13.6,28.05,749.4,23.93,44.72
"2025-12-31 16:55:00",533664,13.57,28.39,749.4,23.62,43.42
"2025-12-31 17:00:00",533665,13.57,28.73,749.3,24.27,43.79
"2025-12-31 17:05:00",533666,13.57,29.02,749.3,24.63,45.16
"2025-12-31 17:10:00",533667,13.55,29.36,749.3,24.7,42.41
"2025-12-31 17:15:00",533668,13.55,29.73,749.3,23.7,43.79
"2025-12-31 17:20:00",533669,13.55,29.95,749.3,23.35,46.2
"2025-12-31 17:25:00",533670,13.55,30.08,749.4,23.43,45.12
"2025-12-31 17:30:00",533671,13.55,30.18,749.5,23.43,43.4
"2025-12-31 17:35:00",533672,13.55,30.14,749.5,22.82,45.52
"2025-12-31 17:40:00",533673,13.55,29.97,749.6,23.35,44.78
"2025-12-31 17:45:00",533674,13.55,29.79,749.6,23.67,44.53
"2025-12-31 17:50:00",533675,13.55,29.66,749.6,23.73,40.35
"2025-12-31 17:55:00",533676,13.55,29.47,749.6,22.79,43.23
"2025-12-31 18:00:00",533677,13.55,29.16,749.7,22.79,43.2
"2025-12-31 18:05:00",533678,13.55,28.8,749.8,22.53,47.09
"2025-12-31 18:10:00",533679,13.55,28.45,749.9,22.37,47.61
"2025-12-31 18:15:00",533680,13.55,28,750,22.3,45.17
"2025-12-31 18:20:00",533681,13.57,27.34,750.1,22.19,47.46
"2025-12-31 18:25:00",533682,13.59,26.77,750.1,22.14,47.01
"2025-12-31 18:30:00",533683,13.42,26.32,750.2,22.03,48.9
"2025-12-31 18:35:00",533684,13.25,25.97,750.3,21.93,48.06
"2025-12-31 18:40:00",533685,13.14,25.6,750.3,21.78,48.87
"2025-12-31 18:45:00",533686,13.04,25.28,750.4,21.67,49.36
"2025-12-31 18:50:00",533687,12.97,24.94,750.4,21.54,52.24
"2025-12-31 18:55:00",533688,12.94,24.65,750.5,21.34,53.27
"2025-12-31 19:00:00",533689,12.92,24.36,750.7,21.22,54.03
"2025-12-31 19:05:00",533690,12.91,24.04,750.7,21.13,54.67
"2025-12-31 19:10:00",533691,12.9,23.76,750.8,21.01,54.19
"2025-12-31 19:15:00",533692,12.9,23.49,750.9,20.4,55.46
"2025-12-31 19:20:00",533693,12.89,23.19,751.1,19.96,57.88
"2025-12-31 19:25:00",533694,12.89,22.88,751.2,19.82,57.53
"2025-12-31 19:30:00",533695,12.89,22.6,751.5,19.83,57.74
"2025-12-31 19:35:00",533696,12.88,22.37,751.6,19.76,55.52
"2025-12-31 19:40:00",533697,12.88,22.14,751.7,19.42,54.11
"2025-12-31 19:45:00",533698,12.87,21.93,751.8,19.26,55.45
"2025-12-31 19:50:00",533699,12.87,21.72,752,18.92,55.95
"2025-12-31 19:55:00",533700,12.87,21.41,752.2,18.94,55
"2025-12-31 20:00:00",533701,12.87,21.19,752.2,18.65,56.03
"2025-12-31 20:05:00",533702,12.86,20.97,752.2,18.63,54.49
"2025-12-31 20:10:00",533703,12.86,20.78,752.3,18.59,55.07
"2025-12-31 20:15:00",533704,12.86,20.52,752.4,18.59,55.1
"2025-12-31 20:20:00",533705,12.85,20.36,752.5,18.49,55.7
"2025-12-31 20:25:00",533706,12.85,20.24,752.6,18.4,55.93
"2025-12-31 20:30:00",533707,12.85,20.13,752.6,18.12,57.72
"2025-12-31 20:35:00",533708,12.85,20.03,752.7,17.86,60.04
"2025-12-31 20:40:00",533709,12.85,19.91,752.7,17.72,60.2
"2025-12-31 20:45:00",533710,12.84,19.79,752.8,17.65,61.42
"2025-12-31 20:50:00",533711,12.84,19.66,752.9,17.71,60.59
"2025-12-31 20:55:00",533712,12.84,19.55,753,17.7,61.04
"2025-12-31 21:00:00",533713,12.84,19.46,753,17.52,61.64
"2025-12-31 21:05:00",533714,12.83,19.36,753.1,17.22,62.96
"2025-12-31 21:10:00",533715,12.83,19.24,753.2,16.89,64.6
"2025-12-31 21:15:00",533716,12.83,19.07,753.2,16.56,68.24
"2025-12-31 21:20:00",533717,12.83,18.82,753.3,16.24,69.66
"2025-12-31 21:25:00",533718,12.82,18.45,753.5,16.13,69.96
"2025-12-31 21:30:00",533719,12.82,18.13,753.6,16.01,71.18
"2025-12-31 21:35:00",533720,12.82,17.88,753.7,15.89,72.47
"2025-12-31 21:40:00",533721,12.82,17.67,753.8,15.66,75.35
"2025-12-31 21:45:00",533722,12.81,17.44,753.7,15.51,74.7
"2025-12-31 21:50:00",533723,12.81,17.18,753.8,15.5,75.38
"2025-12-31 21:55:00",533724,12.81,16.95,753.8,15.46,75.51
"2025-12-31 22:00:00",533725,12.8,16.76,753.9,15.36,76.73
"2025-12-31 22:05:00",533726,12.8,16.57,753.9,15.3,75.5
"2025-12-31 22:10:00",533727,12.79,16.39,754,15.34,76.36
"2025-12-31 22:15:00",533728,12.79,16.25,753.9,15.38,76.79
"2025-12-31 22:20:00",533729,12.79,16.12,753.9,15.36,75.18
"2025-12-31 22:25:00",533730,12.78,16.01,753.8,15.48,74.33
"2025-12-31 22:30:00",533731,12.78,15.93,753.8,15.42,76.01
"2025-12-31 22:35:00",533732,12.78,15.87,753.8,15.31,78.11
"2025-12-31 22:40:00",533733,12.78,15.86,753.7,15.02,80.4
"2025-12-31 22:45:00",533734,12.78,15.85,753.7,15.06,80.4
"2025-12-31 22:50:00",533735,12.78,15.84,753.6,14.93,79.92
"2025-12-31 22:55:00",533736,12.77,15.83,753.5,14.93,78.59
"2025-12-31 23:00:00",533737,12.77,15.83,753.3,14.96,77.04
"2025-12-31 23:05:00",533738,12.77,15.81,753.2,15.22,75.32
"2025-12-31 23:10:00",533739,12.77,15.84,753.1,15.37,75.18
"2025-12-31 23:15:00",533740,12.77,15.91,753.2,15.38,76.34
"2025-12-31 23:20:00",533741,12.77,15.99,753.2,15.14,78.19
"2025-12-31 23:25:00",533742,12.77,15.98,753.1,14.88,79.61
"2025-12-31 23:30:00",533743,12.77,15.96,753.2,14.69,80.6
"2025-12-31 23:35:00",533744,12.76,15.94,753.1,14.69,81.1
"2025-12-31 23:40:00",533745,12.76,15.91,753.1,14.62,81.3
"2025-12-31 23:45:00",533746,12.76,15.87,753.1,14.59,82
"2025-12-31 23:50:00",533747,12.76,15.81,753.1,14.59,81.8
"2025-12-31 23:55:00",533748,12.76,15.78,753.1,14.61,81.7
