"TOA5","Pluvio_UPB","CR300","6066","CR300.Std.10.03","CPU:UPB_Rain_4Dic2020.CR300","9715","Meteo5Min"
"TIMESTAMP","RECORD","VBat","TempDL","PBar","TempA","RH"
"TS","RN","Vdc","GradosC","[mBar]","GradosC","%"
"","","Smp","Smp","Smp","Smp","Smp"
"2021-03-01 00:00:00",24862,12.87,18.83,749.9,17.66,63.19
"2021-03-01 00:05:00",24863,12.87,18.79,749.8,17.77,62.37
"2021-03-01 00:10:00",24864,12.87,18.79,749.9,17.83,61.24
"2021-03-01 00:15:00",24865,12.87,18.77,749.9,17.89,61.34
"2021-03-01 00:20:00",24866,12.87,18.76,749.9,17.84,61.63
"2021-03-01 00:25:00",24867,12.87,18.74,749.9,17.71,62.36
"2021-03-01 00:30:00",24868,12.87,18.7,749.9,17.72,61.94
"2021-03-01 00:35:00",24869,12.87,18.66,749.9,17.75,62.07
"2021-03-01 00:40:00",24870,12.87,18.59,749.9,17.65,63.01
"2021-03-01 00:45:00",24871,12.87,18.5,749.9,17.65,63.24
"2021-03-01 00:50:00",24872,12.87,18.43,749.9,17.59,63.8
"2021-03-01 00:55:00",24873,12.86,18.35,749.8,17.43,64.48
"2021-03-01 01:00:00",24874,12.86,18.28,749.8,17.27,64.9
"2021-03-01 01:05:00",24875,12.86,18.2,749.8,17.25,64.93
"2021-03-01 01:10:00",24876,12.86,18.14,749.7,17.19,65.83
"2021-03-01 01:15:00",24877,12.86,18.07,749.6,17.13,65.88
"2021-03-01 01:20:00",24878,12.86,18.02,749.6,17.12,65.85
"2021-03-01 01:25:00",24879,12.87,17.96,749.5,17.11,65.55
"2021-03-01 01:30:00",24880,12.87,17.92,749.5,17.05,65.36
"2021-03-01 01:35:00",24881,12.86,17.86,749.4,17.04,65.6
"2021-03-01 01:40:00",24882,12.86,17.81,749.4,16.97,65.88
"2021-03-01 01:45:00",24883,12.86,17.77,749.3,16.97,66.09
"2021-03-01 01:50:00",24884,12.86,17.72,749.3,16.98,65.62
"2021-03-01 01:55:00",24885,12.86,17.66,749.2,16.95,65.91
"2021-03-01 02:00:00",24886,12.86,17.61,749.2,16.96,66.2
"2021-03-01 02:05:00",24887,12.85,17.57,749.2,16.63,68.66
"2021-03-01 02:10:00",24888,12.83,17.7,749.2,16.34,69.94
"2021-03-01 02:15:00",24889,12.83,17.78,749.1,16.45,70.11
"2021-03-01 02:20:00",24890,12.83,17.8,749.1,16.33,70.54
"2021-03-01 02:25:00",24891,12.83,17.78,749.1,16.38,70.5
"2021-03-01 02:30:00",24892,12.83,17.75,749.1,16.36,69.63
"2021-03-01 02:35:00",24893,12.82,17.69,749.1,16.34,70.2
"2021-03-01 02:40:00",24894,12.82,17.66,749.1,16.24,70.73
"2021-03-01 02:45:00",24895,12.82,17.62,749,16.16,71.38
"2021-03-01 02:50:00",24896,12.82,17.57,749,16.03,72.36
"2021-03-01 02:55:00",24897,12.82,17.51,749,15.9,73.36
"2021-03-01 03:00:00",24898,12.81,17.49,748.9,15.82,73.83
"2021-03-01 03:05:00",24899,12.81,17.45,748.9,15.93,73.34
"2021-03-01 03:10:00",24900,12.81,17.43,748.9,16.04,72.7
"2021-03-01 03:15:00",24901,12.81,17.42,748.8,16.04,72.24
"2021-03-01 03:20:00",24902,12.81,17.39,748.7,15.91,72.76
"2021-03-01 03:25:00",24903,12.8,17.35,748.7,15.82,73.37
"2021-03-01 03:30:00",24904,12.8,17.33,748.8,15.72,73.75
"2021-03-01 03:35:00",24905,12.8,17.27,748.8,15.8,73.39
"2021-03-01 03:40:00",24906,12.8,17.23,748.8,15.72,74.66
"2021-03-01 03:45:00",24907,12.79,17.16,748.8,15.59,74.72
"2021-03-01 03:50:00",24908,12.79,17.08,748.8,15.54,74.45
"2021-03-01 03:55:00",24909,12.79,16.96,748.9,15.47,75.31
"2021-03-01 04:00:00",24910,12.78,16.88,748.9,15.36,77.12
"2021-03-01 04:05:00",24911,12.78,16.81,748.9,15.42,77.72
"2021-03-01 04:10:00",24912,12.78,16.78,748.9,15.55,75.61
"2021-03-01 04:15:00",24913,12.77,16.79,748.9,15.6,75.43
"2021-03-01 04:20:00",24914,12.77,16.81,748.9,15.6,75.9
"2021-03-01 04:25:00",24915,12.77,16.86,748.9,15.84,74.54
"2021-03-01 04:30:00",24916,12.77,16.92,749,15.52,75.58
"2021-03-01 04:35:00",24917,12.76,16.94,749,15.47,76.78
"2021-03-01 04:40:00",24918,12.76,16.96,749,15.54,76.57
"2021-03-01 04:45:00",24919,12.76,16.99,749,15.89,73.13
"2021-03-01 04:50:00",24920,12.76,17.02,749,16.08,68.62
"2021-03-01 04:55:00",24921,12.76,16.96,749.1,16.15,68.48
"2021-03-01 05:00:00",24922,12.75,17,749,16.03,68.87
"2021-03-01 05:05:00",24923,12.75,17.03,749.1,15.7,71.83
"2021-03-01 05:10:00",24924,12.75,17.07,749.1,15.56,73.21
"2021-03-01 05:15:00",24925,12.74,17.07,749.2,15.53,73.31
"2021-03-01 05:20:00",24926,12.74,17.09,749.2,15.56,74
"2021-03-01 05:25:00",24927,12.74,17.06,749.3,15.63,73.16
"2021-03-01 05:30:00",24928,12.73,17.05,749.3,15.68,71.14
"2021-03-01 05:35:00",24929,12.73,17.04,749.4,15.76,71.07
"2021-03-01 05:40:00",24930,12.73,17.03,749.4,15.69,72.49
"2021-03-01 05:45:00",24931,12.73,17.05,749.5,15.75,73.55
"2021-03-01 05:50:00",24932,12.72,17.05,749.5,15.61,75.71
"2021-03-01 05:55:00",24933,12.72,17.07,749.5,15.59,75.93
"2021-03-01 06:00:00",24934,12.71,17.09,749.6,15.62,74.61
"2021-03-01 06:05:00",24935,12.71,17.1,749.6,15.63,73.84
"2021-03-01 06:10:00",24936,12.71,17.09,749.6,15.58,73.89
"2021-03-01 06:15:00",24937,12.7,17.12,749.6,15.59,74.01
"2021-03-01 06:20:00",24938,12.7,17.14,749.7,15.65,73.45
"2021-03-01 06:25:00",24939,12.7,17.17,749.7,15.62,72.39
"2021-03-01 06:30:00",24940,12.69,17.21,749.8,15.66,72.86
"2021-03-01 06:35:00",24941,12.69,17.25,749.8,15.74,71.47
"2021-03-01 06:40:00",24942,12.69,17.25,749.8,15.8,71.22
"2021-03-01 06:45:00",24943,12.69,17.28,749.9,15.95,68.36
"2021-03-01 06:50:00",24944,12.69,17.22,749.9,15.84,72.63
"2021-03-01 06:55:00",24945,12.68,17.16,750,15.72,74.2
"2021-03-01 07:00:00",24946,12.68,17.08,750,15.42,75.13
"2021-03-01 07:05:00",24947,12.68,16.97,750.1,15.02,79.03
"2021-03-01 07:10:00",24948,12.69,16.86,750.2,14.69,79.98
"2021-03-01 07:15:00",24949,12.69,16.77,750.2,14.5,80.8
"2021-03-01 07:20:00",24950,12.71,16.65,750.2,14.3,82.8
"2021-03-01 07:25:00",24951,12.71,16.53,750.3,14.15,84.3
"2021-03-01 07:30:00",24952,12.72,16.42,750.3,14.11,85
"2021-03-01 07:35:00",24953,12.76,16.35,750.4,14.13,86
"2021-03-01 07:40:00",24954,12.83,16.32,750.4,14.11,86
"2021-03-01 07:45:00",24955,12.98,16.38,750.4,14.13,86.1
"2021-03-01 07:50:00",24956,13.17,16.4,750.5,14.28,84.9
"2021-03-01 07:55:00",24957,13.25,16.43,750.5,14.49,82.7
"2021-03-01 08:00:00",24958,13.21,16.41,750.6,14.62,80.9
"2021-03-01 08:05:00",24959,13.2,16.43,750.7,14.6,81.8
"2021-03-01 08:10:00",24960,13.24,16.48,750.8,14.64,80.8
"2021-03-01 08:15:00",24961,13.35,16.6,750.8,14.8,79.9
"2021-03-01 08:20:00",24962,13.52,16.87,750.8,14.86,78.57
"2021-03-01 08:25:00",24963,13.6,17.16,750.9,15.18,78.17
"2021-03-01 08:30:00",24964,13.8,17.58,750.8,15.43,76.07
"2021-03-01 08:35:00",24965,13.79,19.14,750.8,15.74,75.82
"2021-03-01 08:40:00",24966,13.76,19.92,750.8,15.72,73.26
"2021-03-01 08:45:00",24967,13.76,20.48,750.8,15.94,71.85
"2021-03-01 08:50:00",24968,13.73,20.94,750.9,16.67,72.97
"2021-03-01 08:55:00",24969,13.73,21.45,750.9,16.84,72.48
"2021-03-01 09:00:00",24970,13.7,22.07,751,17.79,65.88
"2021-03-01 09:05:00",24971,13.7,22.78,751,17.57,66.57
"2021-03-01 09:10:00",24972,13.67,23.33,750.9,16.79,69.18
"2021-03-01 09:15:00",24973,13.68,23.66,750.9,16.79,69.41
"2021-03-01 09:20:00",24974,13.68,23.81,750.9,16.94,67.93
"2021-03-01 09:25:00",24975,13.68,23.91,750.9,17.43,65.61
"2021-03-01 09:30:00",24976,13.65,24.1,750.9,17.41,66.25
"2021-03-01 09:35:00",24977,13.65,24.29,750.9,17.43,66.17
"2021-03-01 09:40:00",24978,13.65,24.57,750.9,18.41,62.6
"2021-03-01 09:45:00",24979,13.65,24.94,750.8,17.97,61.63
"2021-03-01 09:50:00",24980,13.62,25.32,750.8,18.86,58.69
"2021-03-01 09:55:00",24981,13.63,25.86,750.8,18.5,59.76
"2021-03-01 10:00:00",24982,13.63,26.39,750.7,18.65,56.22
"2021-03-01 10:05:00",24983,13.6,26.88,750.8,20.02,52.28
"2021-03-01 10:10:00",24984,13.6,27.52,750.7,19.56,53.3
"2021-03-01 10:15:00",24985,13.58,28,750.7,19.28,51.74
"2021-03-01 10:20:00",24986,13.57,28.03,750.6,19.2,50.85
"2021-03-01 10:25:00",24987,13.58,27.9,750.5,18.87,52.49
"2021-03-01 10:30:00",24988,13.58,27.8,750.4,20.25,48.64
"2021-03-01 10:35:00",24989,13.58,28.12,750.4,20.77,46.65
"2021-03-01 10:40:00",24990,13.58,28.64,750.3,21.33,46.43
"2021-03-01 10:45:00",24991,13.58,29.14,750.3,20.26,48.67
"2021-03-01 10:50:00",24992,13.55,29.57,750.3,20.2,48.32
"2021-03-01 10:55:00",24993,13.56,29.75,750.2,21.02,44.38
"2021-03-01 11:00:00",24994,13.56,30,750.2,21.13,44.65
"2021-03-01 11:05:00",24995,13.53,30.22,750.3,20.92,44.14
"2021-03-01 11:10:00",24996,13.53,30.25,750.2,21.4,43.04
"2021-03-01 11:15:00",24997,13.53,30.25,750.2,21.24,45.11
"2021-03-01 11:20:00",24998,13.53,30.23,750.2,21.4,45.29
"2021-03-01 11:25:00",24999,13.53,30.19,750.1,21.68,44.46
"2021-03-01 11:30:00",25000,13.53,30.23,750.1,21.34,45.41
"2021-03-01 11:35:00",25001,13.53,30.21,750.1,21.04,46.17
"2021-03-01 11:40:00",25002,13.53,30.08,750,21.33,45.21
"2021-03-01 11:45:00",25003,13.53,29.91,750,21.16,46.95
"2021-03-01 11:50:00",25004,13.53,29.71,750,20.92,47.11
"2021-03-01 11:55:00",25005,13.53,29.49,749.9,20.78,47.6
"2021-03-01 12:00:00",25006,13.54,29.33,749.9,21.46,45.52
"2021-03-01 12:05:00",25007,13.54,29.28,749.8,21.52,45.72
"2021-03-01 12:10:00",25008,13.53,29.28,749.7,21.68,45.22
"2021-03-01 12:15:00",25009,13.54,29.33,749.6,20.72,48.35
"2021-03-01 12:20:00",25010,13.54,29.34,749.6,21.06,47.19
"2021-03-01 12:25:00",25011,13.54,29.28,749.5,21.24,48.99
"2021-03-01 12:30:00",25012,13.54,29.18,749.4,20.64,50.11
"2021-03-01 12:35:00",25013,13.54,29.08,749.3,21.02,49.37
"2021-03-01 12:40:00",25014,13.54,29.09,749.2,22.15,45.67
"2021-03-01 12:45:00",25015,13.54,29.38,749.2,22.87,44.47
"2021-03-01 12:50:00",25016,13.54,29.77,749.1,22.05,45.94
"2021-03-01 12:55:00",25017,13.54,29.99,749,22.13,44.7
"2021-03-01 13:00:00",25018,13.54,30.15,748.9,22.89,42.37
"2021-03-01 13:05:00",25019,13.54,30.29,748.8,22.33,46.07
"2021-03-01 13:10:00",25020,13.54,30.44,748.7,23.05,43.33
"2021-03-01 13:15:00",25021,13.54,30.6,748.6,22.14,44.54
"2021-03-01 13:20:00",25022,13.52,30.7,748.5,23.34,41.15
"2021-03-01 13:25:00",25023,13.52,30.8,748.5,24.05,40.25
"2021-03-01 13:30:00",25024,13.52,31,748.3,23.85,39.28
"2021-03-01 13:35:00",25025,13.52,31.18,748.3,24,39.39
"2021-03-01 13:40:00",25026,13.52,31.4,748.2,24.57,37.81
"2021-03-01 13:45:00",25027,13.52,31.69,748,23.48,39.24
"2021-03-01 13:50:00",25028,13.5,31.9,747.9,24.63,37.31
"2021-03-01 13:55:00",25029,13.5,32.07,747.8,24.27,37.05
"2021-03-01 14:00:00",25030,13.5,32.1,747.7,23.22,40.62
"2021-03-01 14:05:00",25031,13.5,31.95,747.6,23.13,39.14
"2021-03-01 14:10:00",25032,13.5,31.68,747.5,22.44,41.18
"2021-03-01 14:15:00",25033,13.5,31.28,747.4,22.57,41.39
"2021-03-01 14:20:00",25034,13.49,30.93,747.3,22.81,40.25
"2021-03-01 14:25:00",25035,13.5,30.69,747.2,23.56,38.23
"2021-03-01 14:30:00",25036,13.5,30.62,747.1,24.24,36.68
"2021-03-01 14:35:00",25037,13.5,30.68,747,23.65,38.37
"2021-03-01 14:40:00",25038,13.5,30.71,746.9,23.71,37.45
"2021-03-01 14:45:00",25039,13.5,30.68,746.9,23.31,38.2
"2021-03-01 14:50:00",25040,13.5,30.69,746.9,24.79,35.81
"2021-03-01 14:55:00",25041,13.5,30.86,746.9,25.7,34.19
"2021-03-01 15:00:00",25042,13.5,31.1,746.7,24.26,37.25
"2021-03-01 15:05:00",25043,13.5,31.26,746.7,24.07,36.7
"2021-03-01 15:10:00",25044,13.5,31.41,746.6,24.74,36.96
"2021-03-01 15:15:00",25045,13.5,31.61,746.4,24.18,37.57
"2021-03-01 15:20:00",25046,13.5,31.85,746.3,24.7,37.42
"2021-03-01 15:25:00",25047,13.5,32.07,746.2,24.14,37.3
"2021-03-01 15:30:00",25048,13.5,32.19,746.2,24.01,38.14
"2021-03-01 15:35:00",25049,13.5,32.26,746.2,24.97,37.05
"2021-03-01 15:40:00",25050,13.5,32.36,746,24.19,37.31
"2021-03-01 15:45:00",25051,13.5,32.34,746,23.57,39.87
"2021-03-01 15:50:00",25052,13.5,32.15,746,23.97,38.07
"2021-03-01 15:55:00",25053,13.5,31.86,746,23.66,39.49
"2021-03-01 16:00:00",25054,13.5,31.45,746,22.69,41.6
"2021-03-01 16:05:00",25055,13.5,30.94,745.9,22.77,42.42
"2021-03-01 16:10:00",25056,13.5,30.44,745.9,23.21,42.37
"2021-03-01 16:15:00",25057,13.5,30.09,745.9,23.2,41.56
"2021-03-01 16:20:00",25058,13.5,29.99,745.9,23.85,40.39
"2021-03-01 16:25:00",25059,13.5,30.09,745.9,23.76,41.36
"2021-03-01 16:30:00",25060,13.5,30.18,745.9,23.23,41.5
"2021-03-01 16:35:00",25061,13.5,30.11,746,23.25,40.88
"2021-03-01 16:40:00",25062,13.5,29.94,746,22.72,42.93
"2021-03-01 16:45:00",25063,13.5,29.64,746,22.62,44.24
"2021-03-01 16:50:00",25064,13.5,29.29,746,22.42,44.16
"2021-03-01 16:55:00",25065,13.5,28.91,745.9,22.03,44.37
"2021-03-01 17:00:00",25066,13.5,28.54,745.9,22.11,45.02
"2021-03-01 17:05:00",25067,13.52,28.16,745.9,21.96,45.64
"2021-03-01 17:10:00",25068,13.52,27.81,746,21.71,46.06
"2021-03-01 17:15:00",25069,13.52,27.45,746.1,21.62,46.46
"2021-03-01 17:20:00",25070,13.52,27.16,746.3,21.15,48.72
"2021-03-01 17:25:00",25071,13.55,26.86,746.3,20.74,49.08
"2021-03-01 17:30:00",25072,13.55,26.54,746.3,20.7,49.52
"2021-03-01 17:35:00",25073,13.55,26.23,746.3,20.74,50.37
"2021-03-01 17:40:00",25074,13.55,25.96,746.3,20.7,49.49
"2021-03-01 17:45:00",25075,13.57,25.72,746.4,20.62,49.98
"2021-03-01 17:50:00",25076,13.57,25.48,746.4,20.5,51.12
"2021-03-01 17:55:00",25077,13.57,25.17,746.5,20.56,50.6
"2021-03-01 18:00:00",25078,13.5,24.65,746.6,20.6,49.72
"2021-03-01 18:05:00",25079,13.36,24.2,746.6,20.56,49.81
"2021-03-01 18:10:00",25080,13.24,23.87,746.7,20.42,49.29
"2021-03-01 18:15:00",25081,13.16,23.65,746.8,20.29,49.65
"2021-03-01 18:20:00",25082,13.09,23.45,747,20.26,50.03
"2021-03-01 18:25:00",25083,13.03,23.28,747.1,20.11,50.91
"2021-03-01 18:30:00",25084,13,23.14,747.1,20.04,51.72
"2021-03-01 18:35:00",25085,12.98,23.01,747.1,20,52.18
"2021-03-01 18:40:00",25086,12.97,22.88,747.2,19.97,51.96
"2021-03-01 18:45:00",25087,12.96,22.77,747.3,19.94,51.08
"2021-03-01 18:50:00",25088,12.95,22.6,747.3,19.84,51.31
"2021-03-01 18:55:00",25089,12.95,22.37,747.4,19.79,51.81
"2021-03-01 19:00:00",25090,12.95,22.21,747.5,19.73,50.86
"2021-03-01 19:05:00",25091,12.95,22.11,747.5,19.67,50.26
"2021-03-01 19:10:00",25092,12.94,22.01,747.6,19.65,50.01
"2021-03-01 19:15:00",25093,12.94,21.92,747.7,19.58,50.87
"2021-03-01 19:20:00",25094,12.94,21.82,747.8,19.57,50.21
"2021-03-01 19:25:00",25095,12.94,21.73,747.8,19.56,50.28
"2021-03-01 19:30:00",25096,12.93,21.66,747.9,19.44,50.7
"2021-03-01 19:35:00",25097,12.93,21.6,747.9,19.43,51.01
"2021-03-01 19:40:00",25098,12.93,21.55,748,19.36,51.25
"2021-03-01 19:45:00",25099,12.93,21.51,748,19.34,51.12
"2021-03-01 19:50:00",25100,12.93,21.45,748.1,19.3,51.55
"2021-03-01 19:55:00",25101,12.92,21.42,748.1,19.32,50.71
"2021-03-01 20:00:00",25102,12.92,21.35,748.1,19.33,50.62
"2021-03-01 20:05:00",25103,12.92,21.32,748.2,19.26,50.55
"2021-03-01 20:10:00",25104,12.92,21.28,748.3,19.19,50.38
"2021-03-01 20:15:00",25105,12.92,21.25,748.3,19.17,50.79
"2021-03-01 20:20:00",25106,12.91,21.22,748.4,19.15,51
"2021-03-01 20:25:00",25107,12.91,21.19,748.5,19.06,51.49
"2021-03-01 20:30:00",25108,12.91,21.12,748.5,19.03,51.33
"2021-03-01 20:35:00",25109,12.91,21.06,748.6,18.97,51.57
"2021-03-01 20:40:00",25110,12.91,21.03,748.7,19.03,52.14
"2021-03-01 20:45:00",25111,12.91,21.01,748.7,18.78,52.04
"2021-03-01 20:50:00",25112,12.91,20.94,748.8,18.45,57.16
"2021-03-01 20:55:00",25113,12.91,20.85,748.8,18.37,57.52
"2021-03-01 21:00:00",25114,12.91,20.75,748.8,18.32,57.72
"2021-03-01 21:05:00",25115,12.9,20.63,748.9,18.31,57.57
"2021-03-01 21:10:00",25116,12.9,20.53,749,18.29,57.32
"2021-03-01 21:15:00",25117,12.9,20.42,749,18.34,56.42
"2021-03-01 21:20:00",25118,12.9,20.34,749.1,18.47,56.22
"2021-03-01 21:25:00",25119,12.89,20.24,749.1,18.25,56.46
"2021-03-01 21:30:00",25120,12.89,20.13,749.3,18.26,56.56
"2021-03-01 21:35:00",25121,12.89,20.05,749.4,18.3,56.62
"2021-03-01 21:40:00",25122,12.89,19.98,749.5,18.25,56.22
"2021-03-01 21:45:00",25123,12.89,19.85,749.5,18.19,56.48
"2021-03-01 21:50:00",25124,12.89,19.75,749.6,18.2,57.67
"2021-03-01 21:55:00",25125,12.89,19.66,749.7,18.1,57.42
"2021-03-01 22:00:00",25126,12.89,19.62,749.7,18.2,57.58
"2021-03-01 22:05:00",25127,12.89,19.58,749.8,18.39,52.92
"2021-03-01 22:10:00",25128,12.88,19.53,749.9,18.51,51.41
"2021-03-01 22:15:00",25129,12.88,19.54,749.9,18.31,53.25
"2021-03-01 22:20:00",25130,12.88,19.53,749.9,18.15,55.47
"2021-03-01 22:25:00",25131,12.88,19.56,749.9,18.04,56.25
"2021-03-01 22:30:00",25132,12.88,19.55,749.9,18.07,55.39
"2021-03-01 22:35:00",25133,12.87,19.57,750,18.17,55.41
"2021-03-01 22:40:00",25134,12.88,19.58,750,18.25,53.24
"2021-03-01 22:45:00",25135,12.87,19.58,750,18.13,53.44
"2021-03-01 22:50:00",25136,12.87,19.58,750.1,18.17,53.38
"2021-03-01 22:55:00",25137,12.87,19.59,750.2,18.15,53.5
"2021-03-01 23:00:00",25138,12.87,19.61,750.2,17.92,53.25
"2021-03-01 23:05:00",25139,12.87,19.6,750.2,18.01,51.72
"2021-03-01 23:10:00",25140,12.87,19.59,750.2,17.99,52.98
"2021-03-01 23:15:00",25141,12.87,19.61,750.2,18.04,52.93
"2021-03-01 23:20:00",25142,12.86,19.59,750.2,18.04,52.09
"2021-03-01 23:25:00",25143,12.86,19.58,750.3,18.09,52.35
"2021-03-01 23:30:00",25144,12.86,19.59,750.3,17.91,53.74
"2021-03-01 23:35:00",25145,12.86,19.57,750.3,17.83,54.19
"2021-03-01 23:40:00",25146,12.86,19.56,750.2,17.89,53.31
"2021-03-01 23:45:00",25147,12.86,19.56,750.2,17.93,53.01
"2021-03-01 23:50:00",25148,12.85,19.51,750.2,17.92,53.04
"2021-03-01 23:55:00",25149,12.85,19.51,750.2,17.93,52.98
"2021-03-02 00:00:00",25150,12.85,19.51,750.2,17.93,53.13
"2021-03-02 00:05:00",25151,12.85,19.5,750.1,17.89,53.28
"2021-03-02 00:10:00",25152,12.85,19.47,750,17.85,53.8
"2021-03-02 00:15:00",25153,12.85,19.44,750,17.8,54.16
"2021-03-02 00:20:00",25154,12.85,19.4,750,17.82,53.79
"2021-03-02 00:25:00",25155,12.84,19.35,750.1,17.82,55.14
"2021-03-02 00:30:00",25156,12.86,19.34,750.1,17.4,56.12
"2021-03-02 00:35:00",25157,12.85,19.24,750.1,17.39,55.6
"2021-03-02 00:40:00",25158,12.85,19.17,750.1,17.51,54.98
"2021-03-02 00:45:00",25159,12.85,19.13,750.1,17.5,55.74
"2021-03-02 00:50:00",25160,12.85,19.1,750,17.56,55.14
"2021-03-02 00:55:00",25161,12.85,19,750,17.62,54.96
"2021-03-02 01:00:00",25162,12.85,18.94,749.9,17.61,54.56
"2021-03-02 01:05:00",25163,12.85,18.9,749.9,17.59,54.71
"2021-03-02 01:10:00",25164,12.84,18.87,749.9,17.59,54.59
"2021-03-02 01:15:00",25165,12.84,18.87,749.9,17.46,55.95
"2021-03-02 01:20:00",25166,12.84,18.85,749.9,17.37,56.27
"2021-03-02 01:25:00",25167,12.84,18.82,749.8,17.37,56.33
"2021-03-02 01:30:00",25168,12.84,18.78,749.8,17.15,56.63
"2021-03-02 01:35:00",25169,12.84,18.7,749.7,17.07,57.29
"2021-03-02 01:40:00",25170,12.83,18.65,749.7,17.04,58.95
"2021-03-02 01:45:00",25171,12.83,18.64,749.7,17.07,58.86
"2021-03-02 01:50:00",25172,12.83,18.61,749.6,17.14,59.84
"2021-03-02 01:55:00",25173,12.82,18.59,749.6,17.05,61.29
"2021-03-02 02:00:00",25174,12.82,18.57,749.7,16.89,62.25
"2021-03-02 02:05:00",25175,12.82,18.52,749.7,16.78,63.1
"2021-03-02 02:10:00",25176,12.82,18.47,749.6,16.74,62.14
"2021-03-02 02:15:00",25177,12.81,18.46,749.5,16.65,60.72
"2021-03-02 02:20:00",25178,12.81,18.43,749.4,16.69,61.32
"2021-03-02 02:25:00",25179,12.81,18.39,749.5,16.67,62.22
"2021-03-02 02:30:00",25180,12.81,18.38,749.5,16.58,63.1
"2021-03-02 02:35:00",25181,12.81,18.32,749.4,16.59,63.18
"2021-03-02 02:40:00",25182,12.81,18.28,749.4,16.57,63.54
"2021-03-02 02:45:00",25183,12.8,18.29,749.4,16.58,64.99
"2021-03-02 02:50:00",25184,12.8,18.27,749.3,16.54,65.36
"2021-03-02 02:55:00",25185,12.8,18.24,749.3,16.52,64.42
"2021-03-02 03:00:00",25186,12.8,18.21,749.3,16.58,63.33
"2021-03-02 03:05:00",25187,12.79,18.2,749.2,16.63,62
"2021-03-02 03:10:00",25188,12.79,18.18,749.1,16.64,61.62
"2021-03-02 03:15:00",25189,12.79,18.15,749.2,16.58,64.1
"2021-03-02 03:20:00",25190,12.79,18.04,749.2,16.55,64.72
"2021-03-02 03:25:00",25191,12.79,17.99,749.1,16.65,62.39
"2021-03-02 03:30:00",25192,12.79,17.96,749.1,16.64,64.23
"2021-03-02 03:35:00",25193,12.78,17.94,749.1,16.46,64.97
"2021-03-02 03:40:00",25194,12.78,17.88,749.1,16.46,65.05
"2021-03-02 03:45:00",25195,12.78,17.84,749.1,16.53,64.09
"2021-03-02 03:50:00",25196,12.78,17.84,749.1,16.53,65.33
"2021-03-02 03:55:00",25197,12.77,17.82,749.1,16.63,64.14
"2021-03-02 04:00:00",25198,12.77,17.83,749.1,16.42,64.02
"2021-03-02 04:05:00",25199,12.77,17.84,749.1,16.58,62.17
"2021-03-02 04:10:00",25200,12.76,17.85,749.1,16.59,62.47
"2021-03-02 04:15:00",25201,12.77,17.67,749.1,16.56,62.97
"2021-03-02 04:20:00",25202,12.76,17.55,749.1,16.49,63.82
"2021-03-02 04:25:00",25203,12.76,17.49,749.1,16.39,64.63
"2021-03-02 04:30:00",25204,12.76,17.45,749.1,16.4,65.28
"2021-03-02 04:35:00",25205,12.76,17.4,749.1,16.33,65.83
"2021-03-02 04:40:00",25206,12.76,17.36,749.2,16.25,66.34
"2021-03-02 04:45:00",25207,12.76,17.32,749.2,16.25,66.58
"2021-03-02 04:50:00",25208,12.76,17.29,749.3,16.26,66.66
"2021-03-02 04:55:00",25209,12.75,17.24,749.3,16.24,66.4
"2021-03-02 05:00:00",25210,12.75,17.21,749.3,16.23,66.57
"2021-03-02 05:05:00",25211,12.75,17.18,749.3,16.17,67.35
"2021-03-02 05:10:00",25212,12.75,17.15,749.3,16.07,67.89
"2021-03-02 05:15:00",25213,12.75,17.12,749.4,15.95,68.79
"2021-03-02 05:20:00",25214,12.75,17.1,749.5,15.97,68.74
"2021-03-02 05:25:00",25215,12.75,17.06,749.6,15.89,68.78
"2021-03-02 05:30:00",25216,12.74,17.03,749.6,15.88,69.21
"2021-03-02 05:35:00",25217,12.74,17,749.6,15.89,69.3
"2021-03-02 05:40:00",25218,12.74,16.98,749.7,15.85,67.85
"2021-03-02 05:45:00",25219,12.73,16.95,749.7,15.96,67.29
"2021-03-02 05:50:00",25220,12.73,16.95,749.8,16.02,66.59
"2021-03-02 05:55:00",25221,12.73,16.92,749.8,16.02,66.86
"2021-03-02 06:00:00",25222,12.73,16.92,749.8,15.95,67.29
"2021-03-02 06:05:00",25223,12.72,16.9,749.8,15.92,67.54
"2021-03-02 06:10:00",25224,12.72,16.89,749.8,15.95,65.96
"2021-03-02 06:15:00",25225,12.72,16.89,749.9,16.02,66.24
"2021-03-02 06:20:00",25226,12.71,16.9,749.9,16.02,67.09
"2021-03-02 06:25:00",25227,12.71,16.92,749.9,16.03,66.97
"2021-03-02 06:30:00",25228,12.71,16.97,750,16,67.55
"2021-03-02 06:35:00",25229,12.71,17.02,750,15.98,65.45
"2021-03-02 06:40:00",25230,12.71,17.05,750.1,15.94,65.94
"2021-03-02 06:45:00",25231,12.71,17.09,750.2,15.92,65.37
"2021-03-02 06:50:00",25232,12.73,17.11,750.2,15.95,67.08
"2021-03-02 06:55:00",25233,12.74,17.15,750.3,16.02,64.66
"2021-03-02 07:00:00",25234,12.75,17.18,750.4,16.06,64.28
"2021-03-02 07:05:00",25235,12.76,17.23,750.5,16.03,65.36
"2021-03-02 07:10:00",25236,12.75,17.25,750.5,16.06,63.69
"2021-03-02 07:15:00",25237,12.74,17.28,750.6,16.04,63.33
"2021-03-02 07:20:00",25238,12.76,17.32,750.6,16.01,63.83
"2021-03-02 07:25:00",25239,12.77,17.36,750.7,16.01,63.23
"2021-03-02 07:30:00",25240,12.78,17.4,750.8,16.11,63.79
"2021-03-02 07:35:00",25241,12.83,17.45,750.8,16.11,63.96
"2021-03-02 07:40:00",25242,12.91,17.53,750.9,16.33,65.36
"2021-03-02 07:45:00",25243,13.02,17.66,750.9,16.12,67.89
"2021-03-02 07:50:00",25244,13.18,17.8,751,16.26,65.67
"2021-03-02 07:55:00",25245,13.32,17.95,751.1,16.44,64.43
"2021-03-02 08:00:00",25246,13.42,18.07,751.1,16.75,62.76
"2021-03-02 08:05:00",25247,13.47,18.23,751.1,16.76,60.71
"2021-03-02 08:10:00",25248,13.57,18.46,751.2,16.83,59.04
"2021-03-02 08:15:00",25249,13.49,18.65,751.3,16.85,58.28
"2021-03-02 08:20:00",25250,13.48,18.7,751.3,17.25,58.32
"2021-03-02 08:25:00",25251,13.53,18.89,751.3,16.82,66.97
"2021-03-02 08:30:00",25252,13.56,19.05,751.4,16.36,70.12
"2021-03-02 08:35:00",25253,13.59,19.16,751.4,16.14,69.15
"2021-03-02 08:40:00",25254,13.59,19.25,751.4,16.16,71.26
"2021-03-02 08:45:00",25255,13.62,19.28,751.5,16.03,70.63
"2021-03-02 08:50:00",25256,13.71,19.39,751.5,16.28,69.21
"2021-03-02 08:55:00",25257,13.77,19.53,751.6,16.02,70.66
"2021-03-02 09:00:00",25258,13.82,19.68,751.6,16.23,69.4
"2021-03-02 09:05:00",25259,13.75,19.7,751.7,16.01,69.45
"2021-03-02 09:10:00",25260,13.69,19.62,751.7,16.2,68.7
"2021-03-02 09:15:00",25261,13.72,19.59,751.8,16.25,68.36
"2021-03-02 09:20:00",25262,13.75,19.85,751.7,16.09,69.4
"2021-03-02 09:25:00",25263,13.73,20.01,751.8,16.29,69.52
"2021-03-02 09:30:00",25264,13.73,21.21,751.8,16.64,68.17
"2021-03-02 09:35:00",25265,13.7,21.76,751.9,16.79,67.02
"2021-03-02 09:40:00",25266,13.71,22.12,751.9,16.93,67.14
"2021-03-02 09:45:00",25267,13.7,22.46,751.9,17.03,67.95
"2021-03-02 09:50:00",25268,13.68,22.74,751.9,16.76,68.42
"2021-03-02 09:55:00",25269,13.68,23.03,751.9,17.21,68.56
"2021-03-02 10:00:00",25270,13.68,23.45,752,18.17,63.6
"2021-03-02 10:05:00",25271,13.65,23.99,751.9,17.9,64.71
"2021-03-02 10:10:00",25272,13.65,24.34,752,16.69,67.85
"2021-03-02 10:15:00",25273,13.66,24.36,752,16.93,66.2
"2021-03-02 10:20:00",25274,13.65,24.23,751.9,17.07,67.25
"2021-03-02 10:25:00",25275,13.65,24.05,751.9,16.67,67.71
"2021-03-02 10:30:00",25276,13.66,23.93,751.9,16.9,66.63
"2021-03-02 10:35:00",25277,13.66,23.87,751.8,17.26,66.05
"2021-03-02 10:40:00",25278,13.66,23.82,751.8,16.73,67.1
"2021-03-02 10:45:00",25279,13.66,23.72,751.8,16.98,66.82
"2021-03-02 10:50:00",25280,13.66,23.53,751.8,17.29,64.64
"2021-03-02 10:55:00",25281,13.66,23.39,751.8,16.7,66.57
"2021-03-02 11:00:00",25282,13.66,23.25,751.8,17.5,62.83
"2021-03-02 11:05:00",25283,13.66,23.16,751.8,17.01,64.14
"2021-03-02 11:10:00",25284,13.66,23.07,751.7,17.18,62.45
"2021-03-02 11:15:00",25285,13.66,22.96,751.7,16.83,64.09
"2021-03-02 11:20:00",25286,13.66,22.82,751.7,16.84,63.88
"2021-03-02 11:25:00",25287,13.66,22.7,751.6,17.26,63.03
"2021-03-02 11:30:00",25288,13.66,22.65,751.7,17.05,64.48
"2021-03-02 11:35:00",25289,13.66,22.6,751.6,17.39,62.78
"2021-03-02 11:40:00",25290,13.66,22.6,751.6,17.18,63.52
"2021-03-02 11:45:00",25291,13.66,22.61,751.6,17.15,63.19
"2021-03-02 11:50:00",25292,13.67,22.62,751.6,17.1,62.56
"2021-03-02 11:55:00",25293,13.66,22.58,751.6,17.17,62.84
"2021-03-02 12:00:00",25294,13.66,22.51,751.6,17.32,63.37
"2021-03-02 12:05:00",25295,13.67,22.46,751.5,17.15,62.72
"2021-03-02 12:10:00",25296,13.66,22.45,751.5,17.31,61.88
"2021-03-02 12:15:00",25297,13.67,22.47,751.5,17.27,61.6
"2021-03-02 12:20:00",25298,13.67,22.51,751.5,17.42,61.74
"2021-03-02 12:25:00",25299,13.67,22.57,751.5,17.78,60.3
"2021-03-02 12:30:00",25300,13.68,22.69,751.4,17.49,60.86
"2021-03-02 12:35:00",25301,13.67,22.83,751.3,18.14,59.24
"2021-03-02 12:40:00",25302,13.67,23.06,751.3,17.5,59.72
"2021-03-02 12:45:00",25303,13.67,23.26,751.2,18.49,57.57
"2021-03-02 12:50:00",25304,13.67,23.52,751.1,18.64,56.67
"2021-03-02 12:55:00",25305,13.67,23.8,751,18.88,55.39
"2021-03-02 13:00:00",25306,13.67,24.1,751,18.74,56.05
"2021-03-02 13:05:00",25307,13.68,24.37,750.9,18.83,54.99
"2021-03-02 13:10:00",25308,13.65,24.64,750.8,19.48,52.91
"2021-03-02 13:15:00",25309,13.65,24.9,750.7,18.71,53.77
"2021-03-02 13:20:00",25310,13.65,25.15,750.7,19.18,53.71
"2021-03-02 13:25:00",25311,13.62,25.48,750.6,20.8,47.57
"2021-03-02 13:30:00",25312,13.63,25.93,750.5,20.43,47.78
"2021-03-02 13:35:00",25313,13.63,26.36,750.4,21.24,44.53
"2021-03-02 13:40:00",25314,13.63,26.8,750.3,20.86,46.53
"2021-03-02 13:45:00",25315,13.6,27.16,750.2,21.74,45.1
"2021-03-02 13:50:00",25316,13.6,27.53,750.1,21.52,46.93
"2021-03-02 13:55:00",25317,13.6,27.82,749.9,21.04,47.28
"2021-03-02 14:00:00",25318,13.58,28.04,749.8,21.64,45.22
"2021-03-02 14:05:00",25319,13.58,28.19,749.7,22.27,44.2
"2021-03-02 14:10:00",25320,13.58,28.32,749.6,20.71,47.59
"2021-03-02 14:15:00",25321,13.58,28.24,749.5,20.8,46.87
"2021-03-02 14:20:00",25322,13.58,28.18,749.3,22.65,41.98
"2021-03-02 14:25:00",25323,13.58,28.28,749.3,22.41,43.22
"2021-03-02 14:30:00",25324,13.58,28.45,749.3,23.02,41.77
"2021-03-02 14:35:00",25325,13.58,28.66,749.2,22.38,42.41
"2021-03-02 14:40:00",25326,13.58,28.84,749.1,23.37,41.02
"2021-03-02 14:45:00",25327,13.58,29.07,749,22.39,41.96
"2021-03-02 14:50:00",25328,13.55,29.21,749,22.65,40.56
"2021-03-02 14:55:00",25329,13.56,29.31,748.9,22.93,40.39
"2021-03-02 15:00:00",25330,13.55,29.37,748.8,22.87,40.38
"2021-03-02 15:05:00",25331,13.55,29.38,748.7,22.05,40.55
"2021-03-02 15:10:00",25332,13.55,29.29,748.8,22.03,40.52
"2021-03-02 15:15:00",25333,13.55,29.2,748.7,22.33,39.83
"2021-03-02 15:20:00",25334,13.55,29.17,748.6,22.18,41.45
"2021-03-02 15:25:00",25335,13.55,29.17,748.6,22.31,41.49
"2021-03-02 15:30:00",25336,13.55,29.09,748.5,22.07,43.28
"2021-03-02 15:35:00",25337,13.55,29.05,748.5,22.37,42.5
"2021-03-02 15:40:00",25338,13.55,29.08,748.5,22.59,41.78
"2021-03-02 15:45:00",25339,13.55,29.1,748.5,21.94,44.74
"2021-03-02 15:50:00",25340,13.55,29.04,748.4,21.97,43.27
"2021-03-02 15:55:00",25341,13.55,28.97,748.3,22.2,44.13
"2021-03-02 16:00:00",25342,13.55,28.89,748.3,21.95,43.39
"2021-03-02 16:05:00",25343,13.55,28.79,748.4,21.91,42.42
"2021-03-02 16:10:00",25344,13.55,28.69,748.3,22,42.49
"2021-03-02 16:15:00",25345,13.55,28.65,748.3,22.31,41.98
"2021-03-02 16:20:00",25346,13.55,28.63,748.3,22.01,41.2
"2021-03-02 16:25:00",25347,13.55,28.6,748.3,22.19,40.99
"2021-03-02 16:30:00",25348,13.55,28.48,748.2,22.18,41.15
"2021-03-02 16:35:00",25349,13.55,28.42,748.2,22.65,41.73
"2021-03-02 16:40:00",25350,13.55,28.46,748.1,22.75,40.37
"2021-03-02 16:45:00",25351,13.55,28.55,748.1,22.85,40.61
"2021-03-02 16:50:00",25352,13.55,28.62,748.1,22.13,42.28
"2021-03-02 16:55:00",25353,13.55,28.55,748.1,22.17,42.48
"2021-03-02 17:00:00",25354,13.55,28.33,748.2,21.82,43.28
"2021-03-02 17:05:00",25355,13.55,28.06,748.2,21.48,43.21
"2021-03-02 17:10:00",25356,13.55,27.78,748.2,21.37,43.65
"2021-03-02 17:15:00",25357,13.55,27.48,748.2,21.24,43.82
"2021-03-02 17:20:00",25358,13.55,27.21,748.2,21.39,44.1
"2021-03-02 17:25:00",25359,13.55,26.98,748.2,21.71,43.75
"2021-03-02 17:30:00",25360,13.55,26.78,748.3,21.43,42.43
"2021-03-02 17:35:00",25361,13.55,26.6,748.3,21.22,44.85
"2021-03-02 17:40:00",25362,13.55,26.41,748.2,21.16,43.88
"2021-03-02 17:45:00",25363,13.55,26.21,748.3,21.29,44.5
"2021-03-02 17:50:00",25364,13.55,26.05,748.3,21.29,44.38
"2021-03-02 17:55:00",25365,13.54,25.9,748.2,21.31,44.86
"2021-03-02 18:00:00",25366,13.33,25.18,748.3,21.08,44.48
"2021-03-02 18:05:00",25367,13.19,24.78,748.4,20.86,45.67
"2021-03-02 18:10:00",25368,13.12,24.43,748.4,20.66,46.31
"2021-03-02 18:15:00",25369,13.09,24.14,748.4,20.56,46.71
"2021-03-02 18:20:00",25370,13.07,23.87,748.4,20.44,47.71
"2021-03-02 18:25:00",25371,13.04,23.62,748.5,20.32,47.32
"2021-03-02 18:30:00",25372,13.02,23.38,748.6,20.16,47.01
"2021-03-02 18:35:00",25373,13,23.14,748.7,20.16,46.63
"2021-03-02 18:40:00",25374,12.99,22.96,748.7,20.16,47.3
"2021-03-02 18:45:00",25375,12.98,22.78,748.8,20.08,47.51
"2021-03-02 18:50:00",25376,12.98,22.61,748.9,20.02,47.31
"2021-03-02 18:55:00",25377,12.97,22.41,748.9,20.01,47.12
"2021-03-02 19:00:00",25378,12.97,22.25,749,20.02,46.9
"2021-03-02 19:05:00",25379,12.97,22.15,749.1,20.01,47.31
"2021-03-02 19:10:00",25380,12.97,22.06,749.2,20.01,47.75
"2021-03-02 19:15:00",25381,12.96,21.93,749.3,20.04,47.19
"2021-03-02 19:20:00",25382,12.96,21.85,749.3,19.96,48.38
"2021-03-02 19:25:00",25383,12.96,21.8,749.4,19.89,48.81
"2021-03-02 19:30:00",25384,12.96,21.77,749.4,19.79,48.77
"2021-03-02 19:35:00",25385,12.95,21.69,749.6,19.73,49.39
"2021-03-02 19:40:00",25386,12.95,21.64,749.6,19.74,49.55
"2021-03-02 19:45:00",25387,12.95,21.57,749.6,19.6,50.47
"2021-03-02 19:50:00",25388,12.95,21.51,749.7,19.56,51.09
"2021-03-02 19:55:00",25389,12.94,21.46,749.8,19.52,51.71
"2021-03-02 20:00:00",25390,12.94,21.41,749.8,19.4,51.91
"2021-03-02 20:05:00",25391,12.94,21.35,750,19.3,52.05
"2021-03-02 20:10:00",25392,12.94,21.26,750,19.22,53.28
"2021-03-02 20:15:00",25393,12.93,21.18,750.1,19.1,52.89
"2021-03-02 20:20:00",25394,12.93,21.09,750.1,19.08,53.23
"2021-03-02 20:25:00",25395,12.93,20.99,750.2,18.98,53.49
"2021-03-02 20:30:00",25396,12.93,20.89,750.3,18.98,53.28
"2021-03-02 20:35:00",25397,12.93,20.81,750.4,18.98,52.72
"2021-03-02 20:40:00",25398,12.93,20.74,750.4,18.97,52.78
"2021-03-02 20:45:00",25399,12.92,20.66,750.5,19.01,52.44
"2021-03-02 20:50:00",25400,12.92,20.61,750.5,18.98,52.69
"2021-03-02 20:55:00",25401,12.92,20.59,750.6,18.94,52.53
"2021-03-02 21:00:00",25402,12.92,20.56,750.6,18.88,52.8
"2021-03-02 21:05:00",25403,12.92,20.51,750.7,18.7,53.49
"2021-03-02 21:10:00",25404,12.92,20.43,750.7,18.51,54.6
"2021-03-02 21:15:00",25405,12.91,20.34,750.8,18.33,55.4
"2021-03-02 21:20:00",25406,12.91,20.23,750.8,18.18,56.24
"2021-03-02 21:25:00",25407,12.91,20.14,750.9,18.13,56.57
"2021-03-02 21:30:00",25408,12.91,20.02,751,18.15,56.72
"2021-03-02 21:35:00",25409,12.9,19.93,751,18.09,56.8
"2021-03-02 21:40:00",25410,12.9,19.84,751,18.01,57.1
"2021-03-02 21:45:00",25411,12.9,19.73,751.1,17.88,57.56
"2021-03-02 21:50:00",25412,12.9,19.62,751.2,17.81,58.1
"2021-03-02 21:55:00",25413,12.9,19.53,751.3,17.66,59.23
"2021-03-02 22:00:00",25414,12.9,19.3,751.3,17.35,60.17
"2021-03-02 22:05:00",25415,12.9,19.12,751.3,17.45,59.53
"2021-03-02 22:10:00",25416,12.89,18.97,751.2,17.42,59.91
"2021-03-02 22:15:00",25417,12.89,18.84,751.3,17.33,59.87
"2021-03-02 22:20:00",25418,12.89,18.65,751.3,17.31,60.05
"2021-03-02 22:25:00",25419,12.89,18.51,751.4,17.41,59.88
"2021-03-02 22:30:00",25420,12.89,18.41,751.4,17.4,59.73
"2021-03-02 22:35:00",25421,12.89,18.32,751.5,17.4,59.79
"2021-03-02 22:40:00",25422,12.89,18.24,751.5,17.13,61.01
"2021-03-02 22:45:00",25423,12.89,18.21,751.5,17.17,61.07
"2021-03-02 22:50:00",25424,12.88,18.16,751.6,17.03,61.56
"2021-03-02 22:55:00",25425,12.88,18.1,751.6,16.95,61.37
"2021-03-02 23:00:00",25426,12.88,18.06,751.6,17.06,60.82
"2021-03-02 23:05:00",25427,12.88,18.02,751.6,17.13,60.95
"2021-03-02 23:10:00",25428,12.88,17.98,751.6,17.17,60.77
"2021-03-02 23:15:00",25429,12.88,18,751.5,17.03,60.57
"2021-03-02 23:20:00",25430,12.87,17.96,751.5,16.88,63.35
"2021-03-02 23:25:00",25431,12.87,17.94,751.5,16.78,64.61
"2021-03-02 23:30:00",25432,12.87,17.88,751.5,16.64,65.44
"2021-03-02 23:35:00",25433,12.87,17.84,751.5,16.56,65.61
"2021-03-02 23:40:00",25434,12.87,17.8,751.5,16.64,64.76
"2021-03-02 23:45:00",25435,12.87,17.83,751.4,16.81,64.38
"2021-03-02 23:50:00",25436,12.87,17.8,751.4,16.79,62.21
"2021-03-02 23:55:00",25437,12.87,17.8,751.4,16.71,62.85
"2021-03-03 00:00:00",25438,12.86,17.76,751.4,16.63,63.43
"2021-03-03 00:05:00",25439,12.86,17.7,751.4,16.48,64.59
"2021-03-03 00:10:00",25440,12.86,17.66,751.4,16.42,66.37
"2021-03-03 00:15:00",25441,12.86,17.64,751.4,16.15,67.23
"2021-03-03 00:20:00",25442,12.86,17.61,751.4,16.02,67.47
"2021-03-03 00:25:00",25443,12.86,17.57,751.4,15.85,68.89
"2021-03-03 00:30:00",25444,12.85,17.54,751.4,15.83,68.57
"2021-03-03 00:35:00",25445,12.85,17.51,751.4,15.95,68.88
"2021-03-03 00:40:00",25446,12.85,17.49,751.3,16.03,67.59
"2021-03-03 00:45:00",25447,12.85,17.39,751.3,15.98,69.15
"2021-03-03 00:50:00",25448,12.85,17.33,751.3,15.71,70.25
"2021-03-03 00:55:00",25449,12.85,17.23,751.3,15.68,69.73
"2021-03-03 01:00:00",25450,12.84,17.19,751.4,15.7,68.84
"2021-03-03 01:05:00",25451,12.84,17.16,751.4,15.73,68.2
"2021-03-03 01:10:00",25452,12.84,17.11,751.4,16.13,64.32
"2021-03-03 01:15:00",25453,12.84,17.12,751.4,16.16,65.41
"2021-03-03 01:20:00",25454,12.84,17.15,751.4,16.37,62.23
"2021-03-03 01:25:00",25455,12.84,17.2,751.4,16.73,60.01
"2021-03-03 01:30:00",25456,12.83,17.29,751.4,16.83,59.58
"2021-03-03 01:35:00",25457,12.83,17.39,751.4,16.91,58.66
"2021-03-03 01:40:00",25458,12.83,17.48,751.4,16.89,58.26
"2021-03-03 01:45:00",25459,12.83,17.57,751.4,16.83,58.76
"2021-03-03 01:50:00",25460,12.82,17.63,751.4,16.85,59.37
"2021-03-03 01:55:00",25461,12.82,17.69,751.4,16.82,59.88
"2021-03-03 02:00:00",25462,12.82,17.75,751.3,16.8,58.85
"2021-03-03 02:05:00",25463,12.82,17.79,751.3,16.78,58.85
"2021-03-03 02:10:00",25464,12.82,17.85,751.3,16.77,59.15
"2021-03-03 02:15:00",25465,12.82,17.89,751.2,16.75,59.08
"2021-03-03 02:20:00",25466,12.81,17.93,751.2,16.76,59.05
"2021-03-03 02:25:00",25467,12.81,17.96,751.2,16.78,58.91
"2021-03-03 02:30:00",25468,12.81,18,751.1,16.81,58.73
"2021-03-03 02:35:00",25469,12.81,18.02,751.1,16.61,59.93
"2021-03-03 02:40:00",25470,12.81,18.04,751.1,16.46,60.12
"2021-03-03 02:45:00",25471,12.8,18.03,751,16.5,60.55
"2021-03-03 02:50:00",25472,12.8,18.02,751,16.47,61.92
"2021-03-03 02:55:00",25473,12.8,18.01,751,16.12,66.73
"2021-03-03 03:00:00",25474,12.8,18.02,751,16,67.82
"2021-03-03 03:05:00",25475,12.79,17.97,751,15.9,69.05
"2021-03-03 03:10:00",25476,12.79,17.94,751,15.94,68.21
"2021-03-03 03:15:00",25477,12.79,17.9,751,15.9,68.38
"2021-03-03 03:20:00",25478,12.78,17.85,750.9,15.72,68.38
"2021-03-03 03:25:00",25479,12.78,17.82,750.9,15.72,68.4
"2021-03-03 03:30:00",25480,12.79,17.78,750.8,15.75,67.77
"2021-03-03 03:35:00",25481,12.79,17.69,750.8,15.77,68.12
"2021-03-03 03:40:00",25482,12.79,17.63,750.7,15.82,67.64
"2021-03-03 03:45:00",25483,12.79,17.58,750.7,15.85,68.05
"2021-03-03 03:50:00",25484,12.78,17.56,750.6,15.89,67.07
"2021-03-03 03:55:00",25485,12.78,17.46,750.6,15.96,67.29
"2021-03-03 04:00:00",25486,12.78,17.45,750.5,15.94,65.85
"2021-03-03 04:05:00",25487,12.77,17.4,750.6,15.96,64.82
"2021-03-03 04:10:00",25488,12.77,17.38,750.5,15.93,64.4
"2021-03-03 04:15:00",25489,12.77,17.4,750.5,15.91,64.43
"2021-03-03 04:20:00",25490,12.77,17.41,750.5,15.84,64.95
"2021-03-03 04:25:00",25491,12.76,17.4,750.5,15.82,65.27
"2021-03-03 04:30:00",25492,12.76,17.39,750.5,15.76,65.73
"2021-03-03 04:35:00",25493,12.76,17.35,750.5,15.68,69.24
"2021-03-03 04:40:00",25494,12.75,17.32,750.5,15.64,69.43
"2021-03-03 04:45:00",25495,12.75,17.31,750.5,15.64,69.66
"2021-03-03 04:50:00",25496,12.74,17.29,750.6,15.62,68.44
"2021-03-03 04:55:00",25497,12.74,17.27,750.7,15.65,67.78
"2021-03-03 05:00:00",25498,12.74,17.27,750.8,15.66,68.91
"2021-03-03 05:05:00",25499,12.73,17.23,750.9,15.62,69.25
"2021-03-03 05:10:00",25500,12.73,17.22,750.9,15.68,69.24
"2021-03-03 05:15:00",25501,12.72,17.25,750.9,15.62,69.2
"2021-03-03 05:20:00",25502,12.72,17.24,751,15.59,68.84
"2021-03-03 05:25:00",25503,12.71,17.24,751,15.6,69.05
"2021-03-03 05:30:00",25504,12.71,17.23,751.1,15.58,68.93
"2021-03-03 05:35:00",25505,12.71,17.2,751.1,15.5,69.38
"2021-03-03 05:40:00",25506,12.71,17.17,751.1,15.5,69.66
"2021-03-03 05:45:00",25507,12.7,17.18,751.1,15.52,69.44
"2021-03-03 05:50:00",25508,12.7,17.17,751.1,15.42,69.36
"2021-03-03 05:55:00",25509,12.69,17.14,751.2,15.39,69.85
"2021-03-03 06:00:00",25510,12.69,17.12,751.2,15.6,68.9
"2021-03-03 06:05:00",25511,12.69,17.11,751.3,15.62,69.8
"2021-03-03 06:10:00",25512,12.68,17.08,751.4,15.65,69.61
"2021-03-03 06:15:00",25513,12.68,17.07,751.3,15.59,70
"2021-03-03 06:20:00",25514,12.68,16.97,751.3,15.56,69.79
"2021-03-03 06:25:00",25515,12.68,16.94,751.4,15.52,69.76
"2021-03-03 06:30:00",25516,12.68,16.97,751.4,15.51,69.75
"2021-03-03 06:35:00",25517,12.69,16.98,751.4,15.48,69.29
"2021-03-03 06:40:00",25518,12.71,17,751.4,15.52,68.43
"2021-03-03 06:45:00",25519,12.73,16.98,751.5,15.54,68.63
"2021-03-03 06:50:00",25520,12.76,17.01,751.6,15.58,70.6
"2021-03-03 06:55:00",25521,12.79,17.04,751.6,15.57,71.58
"2021-03-03 07:00:00",25522,12.81,17.07,751.7,15.55,71.52
"2021-03-03 07:05:00",25523,12.84,17.12,751.8,15.54,71.91
"2021-03-03 07:10:00",25524,12.88,17.19,751.9,15.65,70.76
"2021-03-03 07:15:00",25525,12.94,17.27,752,15.6,72.98
"2021-03-03 07:20:00",25526,13,17.35,752.1,15.54,72.4
"2021-03-03 07:25:00",25527,13.08,17.41,752.1,15.55,71.86
"2021-03-03 07:30:00",25528,13.19,17.51,752.1,15.75,70.81
"2021-03-03 07:35:00",25529,13.29,17.64,752.2,15.86,71.83
"2021-03-03 07:40:00",25530,13.35,17.75,752.2,16,70.34
"2021-03-03 07:45:00",25531,13.43,17.91,752.2,16.21,69.22
"2021-03-03 07:50:00",25532,13.51,18.13,752.2,16.46,66.53
"2021-03-03 07:55:00",25533,13.54,18.34,752.3,16.93,65.87
"2021-03-03 08:00:00",25534,13.53,18.52,752.4,16.83,64.71
"2021-03-03 08:05:00",25535,13.58,18.78,752.4,16.89,65.96
"2021-03-03 08:10:00",25536,13.61,19.04,752.5,17.08,66.16
"2021-03-03 08:15:00",25537,13.63,19.31,752.6,17.3,64.61
"2021-03-03 08:20:00",25538,13.68,19.59,752.6,17.5,63.49
"2021-03-03 08:25:00",25539,13.73,19.9,752.7,17.49,63.07
"2021-03-03 08:30:00",25540,13.77,20.24,752.7,17.74,62.37
"2021-03-03 08:35:00",25541,13.89,20.62,752.8,17.9,61.37
"2021-03-03 08:40:00",25542,13.7,21.76,752.8,17.87,61.04
"2021-03-03 08:45:00",25543,13.7,22.45,752.8,18.15,59.85
"2021-03-03 08:50:00",25544,13.67,22.89,752.8,18.24,59.77
"2021-03-03 08:55:00",25545,13.68,23.23,752.9,18.65,58.11
"2021-03-03 09:00:00",25546,13.68,23.51,752.9,18.49,58.17
"2021-03-03 09:05:00",25547,13.68,23.76,752.9,18.47,58.02
"2021-03-03 09:10:00",25548,13.67,23.87,752.9,18.62,57.56
"2021-03-03 09:15:00",25549,13.68,24.03,752.9,19.08,56.19
"2021-03-03 09:20:00",25550,13.65,24.23,752.9,19.45,55.57
"2021-03-03 09:25:00",25551,13.65,24.56,752.9,19.38,55.13
"2021-03-03 09:30:00",25552,13.65,24.9,752.9,19.7,55.21
"2021-03-03 09:35:00",25553,13.65,25.24,752.9,19.76,55.58
"2021-03-03 09:40:00",25554,13.63,25.42,752.9,19.36,56.66
"2021-03-03 09:45:00",25555,13.63,25.51,752.9,19.12,57.6
"2021-03-03 09:50:00",25556,13.63,25.56,752.9,19.26,56.67
"2021-03-03 09:55:00",25557,13.63,25.54,752.9,19.13,57.57
"2021-03-03 10:00:00",25558,13.63,25.56,752.9,19.68,55.36
"2021-03-03 10:05:00",25559,13.63,25.8,752.9,20.83,51.54
"2021-03-03 10:10:00",25560,13.63,26.33,752.8,21.06,51.54
"2021-03-03 10:15:00",25561,13.61,26.8,752.8,20.06,54.11
"2021-03-03 10:20:00",25562,13.61,27.14,752.8,20.57,53.35
"2021-03-03 10:25:00",25563,13.61,27.43,752.8,20.78,48.9
"2021-03-03 10:30:00",25564,13.58,27.64,752.8,20.35,50.07
"2021-03-03 10:35:00",25565,13.58,27.83,752.9,21.06,48.39
"2021-03-03 10:40:00",25566,13.58,28.09,752.9,21.51,46.19
"2021-03-03 10:45:00",25567,13.58,28.41,752.8,21.78,47.31
"2021-03-03 10:50:00",25568,13.56,28.84,752.8,21.74,45.01
"2021-03-03 10:55:00",25569,13.56,29.14,752.7,21,48.04
"2021-03-03 11:00:00",25570,13.56,29.33,752.7,21.48,46.54
"2021-03-03 11:05:00",25571,13.56,29.51,752.7,22.14,45.15
"2021-03-03 11:10:00",25572,13.56,29.7,752.6,21.44,45.96
"2021-03-03 11:15:00",25573,13.53,29.82,752.5,21.68,43.91
"2021-03-03 11:20:00",25574,13.53,29.93,752.5,22.17,45.28
"2021-03-03 11:25:00",25575,13.53,30.03,752.4,21.17,47.14
"2021-03-03 11:30:00",25576,13.54,30,752.4,21.96,46.22
"2021-03-03 11:35:00",25577,13.54,30.01,752.4,22.31,45.75
"2021-03-03 11:40:00",25578,13.54,29.78,752.3,22.27,45.23
"2021-03-03 11:45:00",25579,13.54,29.79,752.2,22.95,43.31
"2021-03-03 11:50:00",25580,13.54,30.02,752.2,22.56,43.79
"2021-03-03 11:55:00",25581,13.54,30.25,752.1,22.68,43.67
"2021-03-03 12:00:00",25582,13.54,30.46,752,22.77,43.65
"2021-03-03 12:05:00",25583,13.52,30.63,752,24.09,40.38
"2021-03-03 12:10:00",25584,13.52,31,752,22.62,44.73
"2021-03-03 12:15:00",25585,13.52,31.3,751.9,22.26,44.27
"2021-03-03 12:20:00",25586,13.52,31.36,751.9,21.34,46.46
"2021-03-03 12:25:00",25587,13.52,31.21,751.8,23.15,43.73
"2021-03-03 12:30:00",25588,13.52,31.12,751.7,23.05,41.84
"2021-03-03 12:35:00",25589,13.52,31.15,751.6,24.27,38.63
"2021-03-03 12:40:00",25590,13.52,31.32,751.6,24.17,39.71
"2021-03-03 12:45:00",25591,13.52,31.51,751.5,23.85,38.03
"2021-03-03 12:50:00",25592,13.52,31.59,751.4,23.69,39.23
"2021-03-03 12:55:00",25593,13.52,31.57,751.3,24.4,37.79
"2021-03-03 13:00:00",25594,13.52,31.6,751.2,24.93,36.65
"2021-03-03 13:05:00",25595,13.52,31.58,751.1,23.47,39.07
"2021-03-03 13:10:00",25596,13.52,31.5,751,24.17,37.1
"2021-03-03 13:15:00",25597,13.52,31.42,750.9,24.51,38.39
"2021-03-03 13:20:00",25598,13.52,31.36,750.8,23.63,38.93
"2021-03-03 13:25:00",25599,13.53,31.28,750.8,23.2,39.5
"2021-03-03 13:30:00",25600,13.52,31.14,750.7,23.38,40.05
"2021-03-03 13:35:00",25601,13.52,31,750.6,24.23,37.38
"2021-03-03 13:40:00",25602,13.53,30.97,750.5,23.86,37.7
"2021-03-03 13:45:00",25603,13.52,31.01,750.4,24.03,38.28
"2021-03-03 13:50:00",25604,13.53,31.07,750.4,24.23,37.97
"2021-03-03 13:55:00",25605,13.53,31.14,750.3,24.88,36.71
"2021-03-03 14:00:00",25606,13.53,31.23,750.2,24.97,35.93
"2021-03-03 14:05:00",25607,13.53,31.32,750.2,24.58,35.75
"2021-03-03 14:10:00",25608,13.53,31.31,750.1,24.15,35.85
"2021-03-03 14:15:00",25609,13.53,31.3,750.1,24.54,36.08
"2021-03-03 14:20:00",25610,13.53,31.29,750,24.95,36.19
"2021-03-03 14:25:00",25611,13.53,31.33,750,25.06,36.4
"2021-03-03 14:30:00",25612,13.53,31.34,749.9,23.78,37.72
"2021-03-03 14:35:00",25613,13.53,31.26,749.8,23.42,38.97
"2021-03-03 14:40:00",25614,13.53,31.1,749.8,24.18,37.96
"2021-03-03 14:45:00",25615,13.53,30.96,749.7,24.24,37.31
"2021-03-03 14:50:00",25616,13.53,30.87,749.7,24.03,37.09
"2021-03-03 14:55:00",25617,13.53,30.85,749.6,24.88,35.78
"2021-03-03 15:00:00",25618,13.53,30.9,749.4,24.74,36.2
"2021-03-03 15:05:00",25619,13.53,30.99,749.3,24.59,36.15
"2021-03-03 15:10:00",25620,13.53,31.08,749.3,24.9,36.05
"2021-03-03 15:15:00",25621,13.53,31.15,749.3,24.84,36.38
"2021-03-03 15:20:00",25622,13.53,31.23,749.2,25.32,34.09
"2021-03-03 15:25:00",25623,13.53,31.34,749.2,24.77,35.11
"2021-03-03 15:30:00",25624,13.53,31.45,749.1,24.58,34.62
"2021-03-03 15:35:00",25625,13.51,31.47,749.1,24.74,34.34
"2021-03-03 15:40:00",25626,13.51,31.43,749.1,24.85,34.75
"2021-03-03 15:45:00",25627,13.5,31.37,749,24.57,34.32
"2021-03-03 15:50:00",25628,13.51,31.33,748.9,25.06,33.93
"2021-03-03 15:55:00",25629,13.5,31.27,748.9,23.79,35.31
"2021-03-03 16:00:00",25630,13.5,31.13,748.8,25.13,32.7
"2021-03-03 16:05:00",25631,13.5,31.14,748.8,24.7,33.67
"2021-03-03 16:10:00",25632,13.5,31.21,748.7,25.16,33.34
"2021-03-03 16:15:00",25633,13.51,31.34,748.7,25.36,32.15
"2021-03-03 16:20:00",25634,13.5,31.55,748.6,24.84,33.11
"2021-03-03 16:25:00",25635,13.51,31.73,748.5,25.8,32.12
"2021-03-03 16:30:00",25636,13.5,31.87,748.5,25.38,33.02
"2021-03-03 16:35:00",25637,13.51,31.89,748.4,24.9,33.42
"2021-03-03 16:40:00",25638,13.51,31.81,748.4,25.09,33.33
"2021-03-03 16:45:00",25639,13.51,31.7,748.6,25.22,33.34
"2021-03-03 16:50:00",25640,13.51,31.49,748.6,22.66,42.41
"2021-03-03 16:55:00",25641,13.5,30.97,748.5,22.74,42.58
"2021-03-03 17:00:00",25642,13.5,30.33,748.5,22.48,43.13
"2021-03-03 17:05:00",25643,13.51,29.68,748.5,22.42,43.71
"2021-03-03 17:10:00",25644,13.5,29.1,748.5,22.58,43.79
"2021-03-03 17:15:00",25645,13.5,28.89,748.5,22.33,43.53
"2021-03-03 17:20:00",25646,13.5,28.59,748.5,22.32,43.44
"2021-03-03 17:25:00",25647,13.53,28.29,748.5,22.62,42.47
"2021-03-03 17:30:00",25648,13.53,28.04,748.5,22.63,41.46
"2021-03-03 17:35:00",25649,13.53,27.83,748.5,22.58,41.52
"2021-03-03 17:40:00",25650,13.53,27.7,748.5,22.8,41.19
"2021-03-03 17:45:00",25651,13.53,27.61,748.6,22.89,41.33
"2021-03-03 17:50:00",25652,13.53,27.56,748.7,22.57,41.65
"2021-03-03 17:55:00",25653,13.53,27.47,748.7,22.43,41.44
"2021-03-03 18:00:00",25654,13.53,27.33,748.8,22.56,41.62
"2021-03-03 18:05:00",25655,13.52,27.19,748.8,22.63,41.2
"2021-03-03 18:10:00",25656,13.52,27.04,748.8,22.29,41.59
"2021-03-03 18:15:00",25657,13.44,26.54,748.9,22.34,41.43
"2021-03-03 18:20:00",25658,13.23,25.88,748.9,22.3,41.52
"2021-03-03 18:25:00",25659,13.14,25.49,749,22.09,42.08
"2021-03-03 18:30:00",25660,13.08,25.18,749,21.99,44.11
"2021-03-03 18:35:00",25661,13.04,24.93,749.1,21.83,43.73
"2021-03-03 18:40:00",25662,13,24.76,749.1,21.6,44.48
"2021-03-03 18:45:00",25663,12.98,24.52,749.1,21.44,44.59
"2021-03-03 18:50:00",25664,12.97,24.3,749.1,21.32,45.12
"2021-03-03 18:55:00",25665,12.96,24.03,749.1,21.21,45.01
"2021-03-03 19:00:00",25666,12.96,23.72,749.2,21,45.53
"2021-03-03 19:05:00",25667,12.96,23.44,749.2,20.86,46.08
"2021-03-03 19:10:00",25668,12.96,23.21,749.3,20.73,46.77
"2021-03-03 19:15:00",25669,12.95,22.99,749.3,20.57,46.84
"2021-03-03 19:20:00",25670,12.95,22.8,749.4,20.56,47.25
"2021-03-03 19:25:00",25671,12.95,22.65,749.4,20.54,46.9
"2021-03-03 19:30:00",25672,12.94,22.54,749.4,20.54,46.55
"2021-03-03 19:35:00",25673,12.94,22.43,749.4,20.52,46.68
"2021-03-03 19:40:00",25674,12.94,22.31,749.4,20.45,46.92
"2021-03-03 19:45:00",25675,12.94,22.19,749.5,20.34,47.19
"2021-03-03 19:50:00",25676,12.93,22.09,749.7,20.3,46.97
"2021-03-03 19:55:00",25677,12.93,21.99,749.7,20.23,47.5
"2021-03-03 20:00:00",25678,12.93,21.87,749.8,20.15,47.64
"2021-03-03 20:05:00",25679,12.93,21.74,749.8,19.92,48.5
"2021-03-03 20:10:00",25680,12.92,21.63,749.8,19.9,48.12
"2021-03-03 20:15:00",25681,12.93,21.51,749.8,19.94,46.99
"2021-03-03 20:20:00",25682,12.92,21.39,749.9,20,47.28
"2021-03-03 20:25:00",25683,12.92,21.3,749.9,19.96,47.02
"2021-03-03 20:30:00",25684,12.92,21.23,750,19.87,47.23
"2021-03-03 20:35:00",25685,12.92,21.14,750,19.91,46.7
"2021-03-03 20:40:00",25686,12.91,21.1,750,19.92,46.86
"2021-03-03 20:45:00",25687,12.91,21.04,750,19.76,48.01
"2021-03-03 20:50:00",25688,12.91,20.95,750.1,19.66,48.78
"2021-03-03 20:55:00",25689,12.91,20.91,750.2,19.73,48.6
"2021-03-03 21:00:00",25690,12.91,20.83,750.3,19.9,47.23
"2021-03-03 21:05:00",25691,12.91,20.78,750.3,19.53,50.71
"2021-03-03 21:10:00",25692,12.9,20.72,750.4,19.56,48.77
"2021-03-03 21:15:00",25693,12.9,20.69,750.4,19.7,49.1
"2021-03-03 21:20:00",25694,12.9,20.65,750.4,19.63,48.56
"2021-03-03 21:25:00",25695,12.9,20.6,750.5,19.44,49.57
"2021-03-03 21:30:00",25696,12.9,20.55,750.6,19.34,49.81
"2021-03-03 21:35:00",25697,12.9,20.48,750.6,19.51,49.33
"2021-03-03 21:40:00",25698,12.89,20.4,750.6,19.49,50.01
"2021-03-03 21:45:00",25699,12.89,20.3,750.7,19.6,49.5
"2021-03-03 21:50:00",25700,12.89,20.25,750.7,19.53,49.83
"2021-03-03 21:55:00",25701,12.89,20.2,750.7,19.44,52.26
"2021-03-03 22:00:00",25702,12.89,20.16,750.7,19.16,54.11
"2021-03-03 22:05:00",25703,12.89,20.09,750.7,18.89,55.49
"2021-03-03 22:10:00",25704,12.89,20,750.7,18.78,54.7
"2021-03-03 22:15:00",25705,12.89,19.93,750.7,18.96,53.8
"2021-03-03 22:20:00",25706,12.88,19.82,750.7,19.06,52.89
"2021-03-03 22:25:00",25707,12.88,19.75,750.7,19.16,52.65
"2021-03-03 22:30:00",25708,12.88,19.68,750.7,18.98,52.44
"2021-03-03 22:35:00",25709,12.88,19.63,750.7,18.65,53.39
"2021-03-03 22:40:00",25710,12.88,19.56,750.7,18.15,55.38
"2021-03-03 22:45:00",25711,12.88,19.47,750.8,17.81,56.88
"2021-03-03 22:50:00",25712,12.88,19.35,750.8,17.59,58.04
"2021-03-03 22:55:00",25713,12.87,19.21,750.8,17.41,58.52
"2021-03-03 23:00:00",25714,12.87,19.03,750.8,17.47,59.35
"2021-03-03 23:05:00",25715,12.87,18.9,750.8,17.47,58.9
"2021-03-03 23:10:00",25716,12.87,18.79,750.7,17.3,59.44
"2021-03-03 23:15:00",25717,12.87,18.67,750.7,17.39,58.79
"2021-03-03 23:20:00",25718,12.87,18.58,750.7,17.59,57.79
"2021-03-03 23:25:00",25719,12.86,18.49,750.6,17.55,58.18
"2021-03-03 23:30:00",25720,12.86,18.44,750.7,17.27,59.8
"2021-03-03 23:35:00",25721,12.86,18.34,750.6,17.06,61
"2021-03-03 23:40:00",25722,12.86,18.3,750.5,17.11,60.34
"2021-03-03 23:45:00",25723,12.86,18.24,750.5,17.03,60.9
"2021-03-03 23:50:00",25724,12.85,18.19,750.5,16.83,62.33
"2021-03-03 23:55:00",25725,12.85,18.12,750.5,16.35,64.77
"2021-03-04 00:00:00",25726,12.85,18.01,750.6,16.29,65
"2021-03-04 00:05:00",25727,12.85,17.93,750.5,16.42,64.19
"2021-03-04 00:10:00",25728,12.85,17.87,750.6,16.42,63.28
"2021-03-04 00:15:00",25729,12.85,17.79,750.6,16.47,62.66
"2021-03-04 00:20:00",25730,12.84,17.75,750.6,16.32,64.62
"2021-03-04 00:25:00",25731,12.85,17.67,750.6,16.36,63.38
"2021-03-04 00:30:00",25732,12.84,17.59,750.6,16.34,64.24
"2021-03-04 00:35:00",25733,12.84,17.54,750.6,16.22,67.33
"2021-03-04 00:40:00",25734,12.84,17.47,750.6,15.92,68.64
"2021-03-04 00:45:00",25735,12.84,17.3,750.7,15.91,68.88
"2021-03-04 00:50:00",25736,12.84,17.2,750.7,15.83,69.24
"2021-03-04 00:55:00",25737,12.84,17.09,750.7,15.72,68.49
"2021-03-04 01:00:00",25738,12.84,17.02,750.7,15.72,69.59
"2021-03-04 01:05:00",25739,12.83,16.88,750.7,15.79,67.14
"2021-03-04 01:10:00",25740,12.83,16.8,750.8,15.92,68.96
"2021-03-04 01:15:00",25741,12.83,16.71,750.8,15.8,69.52
"2021-03-04 01:20:00",25742,12.83,16.62,750.8,15.53,70.36
"2021-03-04 01:25:00",25743,12.83,16.55,750.8,15.46,71.67
"2021-03-04 01:30:00",25744,12.83,16.49,750.8,15.34,71.05
"2021-03-04 01:35:00",25745,12.82,16.45,750.8,15.31,71.27
"2021-03-04 01:40:00",25746,12.82,16.42,750.8,15.47,71.02
"2021-03-04 01:45:00",25747,12.82,16.45,750.7,15.5,71.02
"2021-03-04 01:50:00",25748,12.82,16.46,750.7,15.39,70.02
"2021-03-04 01:55:00",25749,12.82,16.48,750.6,15.26,69.74
"2021-03-04 02:00:00",25750,12.82,16.51,750.7,15.36,71.45
"2021-03-04 02:05:00",25751,12.81,16.52,750.7,15.29,74.74
"2021-03-04 02:10:00",25752,12.81,16.48,750.7,15.11,74.31
"2021-03-04 02:15:00",25753,12.81,16.45,750.7,14.88,74.32
"2021-03-04 02:20:00",25754,12.81,16.37,750.7,14.57,75.86
"2021-03-04 02:25:00",25755,12.81,16.3,750.7,14.56,75.97
"2021-03-04 02:30:00",25756,12.81,16.27,750.7,14.56,76.06
"2021-03-04 02:35:00",25757,12.8,16.24,750.8,14.64,74.92
"2021-03-04 02:40:00",25758,12.8,16.22,750.8,14.86,75.47
"2021-03-04 02:45:00",25759,12.8,16.21,750.8,14.67,74.93
"2021-03-04 02:50:00",25760,12.8,16.19,750.8,14.77,74.64
"2021-03-04 02:55:00",25761,12.8,16.18,750.7,15.06,73.33
"2021-03-04 03:00:00",25762,12.79,16.21,750.8,15.24,72.6
"2021-03-04 03:05:00",25763,12.79,16.25,750.8,15.48,71.53
"2021-03-04 03:10:00",25764,12.79,16.33,750.8,15.86,69.68
"2021-03-04 03:15:00",25765,12.79,16.41,750.8,15.72,70.25
"2021-03-04 03:20:00",25766,12.78,16.5,750.8,15.67,69.96
"2021-03-04 03:25:00",25767,12.78,16.59,750.8,15.77,69.69
"2021-03-04 03:30:00",25768,12.78,16.66,750.8,15.79,69.49
"2021-03-04 03:35:00",25769,12.78,16.67,750.8,15.76,70.23
"2021-03-04 03:40:00",25770,12.78,16.71,750.8,15.48,71.13
"2021-03-04 03:45:00",25771,12.77,16.76,750.8,15.49,70.99
"2021-03-04 03:50:00",25772,12.77,16.84,750.8,15.57,70.69
"2021-03-04 03:55:00",25773,12.77,16.85,750.8,15.54,70.83
"2021-03-04 04:00:00",25774,12.77,16.88,750.7,15.58,69.94
"2021-03-04 04:05:00",25775,12.77,16.92,750.7,15.68,69.61
"2021-03-04 04:10:00",25776,12.76,16.91,750.8,15.77,69.26
"2021-03-04 04:15:00",25777,12.76,16.94,750.8,15.68,69.9
"2021-03-04 04:20:00",25778,12.76,16.93,750.8,15.62,69.92
"2021-03-04 04:25:00",25779,12.76,16.94,750.8,15.74,69.54
"2021-03-04 04:30:00",25780,12.75,16.94,750.8,15.76,69.34
"2021-03-04 04:35:00",25781,12.75,16.95,750.8,15.8,69.32
"2021-03-04 04:40:00",25782,12.75,16.89,750.7,15.64,70.36
"2021-03-04 04:45:00",25783,12.75,16.83,750.7,15.47,71.33
"2021-03-04 04:50:00",25784,12.75,16.76,750.7,15.39,71.92
"2021-03-04 04:55:00",25785,12.74,16.67,750.7,15.22,72.59
"2021-03-04 05:00:00",25786,12.74,16.57,750.7,15.18,72.82
"2021-03-04 05:05:00",25787,12.74,16.49,750.7,15.06,72.79
"2021-03-04 05:10:00",25788,12.73,16.41,750.6,14.83,76.22
"2021-03-04 05:15:00",25789,12.73,16.35,750.6,14.65,77.42
"2021-03-04 05:20:00",25790,12.73,16.25,750.6,14.55,77.15
"2021-03-04 05:25:00",25791,12.72,16.16,750.6,14.55,77.03
"2021-03-04 05:30:00",25792,12.72,16.05,750.7,14.49,77.05
"2021-03-04 05:35:00",25793,12.72,15.91,750.7,14.41,76.84
"2021-03-04 05:40:00",25794,12.71,15.8,750.7,14.41,77.37
"2021-03-04 05:45:00",25795,12.71,15.7,750.7,14.26,78.14
"2021-03-04 05:50:00",25796,12.71,15.61,750.8,14.43,77.18
"2021-03-04 05:55:00",25797,12.7,15.59,750.8,14.57,76.68
"2021-03-04 06:00:00",25798,12.7,15.58,750.9,14.55,76.93
"2021-03-04 06:05:00",25799,12.69,15.6,751,14.45,77.32
"2021-03-04 06:10:00",25800,12.69,15.66,751.1,14.47,77.44
"2021-03-04 06:15:00",25801,12.7,15.75,751.1,14.69,75.89
"2021-03-04 06:20:00",25802,12.7,15.78,751.2,14.76,75.76
"2021-03-04 06:25:00",25803,12.7,15.85,751.1,14.88,74.04
"2021-03-04 06:30:00",25804,12.69,16,751.2,14.87,74.06
"2021-03-04 06:35:00",25805,12.7,16.12,751.1,15.02,72.59
"2021-03-04 06:40:00",25806,12.72,16.11,751.2,15.02,73.16
"2021-03-04 06:45:00",25807,12.74,16.19,751.2,14.98,73.52
"2021-03-04 06:50:00",25808,12.75,16.24,751.2,15.06,72.68
"2021-03-04 06:55:00",25809,12.77,16.29,751.3,15.22,72.2
"2021-03-04 07:00:00",25810,12.82,16.39,751.3,15.48,70.96
"2021-03-04 07:05:00",25811,12.89,16.53,751.2,15.6,70.72
"2021-03-04 07:10:00",25812,13.04,16.74,751.2,15.87,69.82
"2021-03-04 07:15:00",25813,13.15,16.94,751.3,16.12,68.51
"2021-03-04 07:20:00",25814,13.3,17.16,751.4,16.28,67.46
"2021-03-04 07:25:00",25815,13.44,17.42,751.4,16.16,68.31
"2021-03-04 07:30:00",25816,13.57,17.75,751.5,16.38,67.13
"2021-03-04 07:35:00",25817,13.73,18.16,751.6,16.63,66.58
"2021-03-04 07:40:00",25818,13.83,18.7,751.7,17.21,64.89
"2021-03-04 07:45:00",25819,13.57,19.07,751.7,16.61,70.19
"2021-03-04 07:50:00",25820,13.56,19.13,751.7,16.56,69.26
"2021-03-04 07:55:00",25821,13.55,19.27,751.8,16.49,70.8
"2021-03-04 08:00:00",25822,13.53,19.36,751.8,16.57,70.91
"2021-03-04 08:05:00",25823,13.57,19.46,751.7,16.4,71.37
"2021-03-04 08:10:00",25824,13.61,19.6,751.8,16.29,70.94
"2021-03-04 08:15:00",25825,13.69,19.75,751.8,16.42,71.6
"2021-03-04 08:20:00",25826,13.77,19.97,751.8,16.73,70.19
"2021-03-04 08:25:00",25827,13.88,20.25,751.8,17.01,66.86
"2021-03-04 08:30:00",25828,13.73,21.34,751.8,17.37,65.21
"2021-03-04 08:35:00",25829,13.7,22.07,751.8,18.16,60.18
"2021-03-04 08:40:00",25830,13.71,22.61,751.8,18.54,57.15
"2021-03-04 08:45:00",25831,13.68,23.22,751.8,19.54,54.81
"2021-03-04 08:50:00",25832,13.68,23.92,751.8,20.7,51.62
"2021-03-04 08:55:00",25833,13.65,24.62,751.7,19.86,54.21
"2021-03-04 09:00:00",25834,13.63,25.16,751.8,19.79,54.85
"2021-03-04 09:05:00",25835,13.63,25.48,751.8,19.28,57.04
"2021-03-04 09:10:00",25836,13.62,25.78,751.9,20.15,53.47
"2021-03-04 09:15:00",25837,13.63,26.02,751.9,19.86,54.8
"2021-03-04 09:20:00",25838,13.63,26.28,752,20.17,54.01
"2021-03-04 09:25:00",25839,13.63,26.53,752,20.32,52.94
"2021-03-04 09:30:00",25840,13.6,26.63,752,19.68,55.76
"2021-03-04 09:35:00",25841,13.6,26.69,752,20.13,54.4
"2021-03-04 09:40:00",25842,13.6,26.73,752.1,19.74,55.58
"2021-03-04 09:45:00",25843,13.6,26.75,752,19.99,54.75
"2021-03-04 09:50:00",25844,13.6,26.85,752,20.08,53.56
"2021-03-04 09:55:00",25845,13.6,27.07,752,21.13,50.33
"2021-03-04 10:00:00",25846,13.61,27.36,752,20.91,51.59
"2021-03-04 10:05:00",25847,13.58,27.61,752,21.27,50.66
"2021-03-04 10:10:00",25848,13.58,27.82,752,20.8,50.32
"2021-03-04 10:15:00",25849,13.58,28.1,751.9,21.06,49.31
"2021-03-04 10:20:00",25850,13.58,28.47,751.9,21.75,48.13
"2021-03-04 10:25:00",25851,13.56,28.86,751.9,21.3,49.37
"2021-03-04 10:30:00",25852,13.56,29.2,751.9,21.73,50
"2021-03-04 10:35:00",25853,13.56,29.55,751.8,22.43,45.25
"2021-03-04 10:40:00",25854,13.56,29.89,751.8,21.52,47.66
"2021-03-04 10:45:00",25855,13.53,30.06,751.7,21.17,48.41
"2021-03-04 10:50:00",25856,13.53,30.15,751.6,22.13,46.3
"2021-03-04 10:55:00",25857,13.54,30.3,751.5,22.29,45.91
"2021-03-04 11:00:00",25858,13.53,30.45,751.5,21.55,47.89
"2021-03-04 11:05:00",25859,13.53,30.5,751.4,22.16,46.85
"2021-03-04 11:10:00",25860,13.53,30.56,751.3,22.73,45.16
"2021-03-04 11:15:00",25861,13.53,30.71,751.3,23.59,44
"2021-03-04 11:20:00",25862,13.53,31,751.2,23.22,43.9
"2021-03-04 11:25:00",25863,13.51,31.27,751.1,23.58,42.93
"2021-03-04 11:30:00",25864,13.51,31.54,751,22.63,44.08
"2021-03-04 11:35:00",25865,13.51,31.79,751,24.15,41.57
"2021-03-04 11:40:00",25866,13.49,32.06,751,24.27,41.58
"2021-03-04 11:45:00",25867,13.49,32.27,750.9,23.29,42.58
"2021-03-04 11:50:00",25868,13.49,32.38,750.9,23.29,41.8
"2021-03-04 11:55:00",25869,13.49,32.44,750.8,24.19,40.63
"2021-03-04 12:00:00",25870,13.49,32.63,750.8,25.26,37.08
"2021-03-04 12:05:00",25871,13.49,32.92,750.7,25.04,38.48
"2021-03-04 12:10:00",25872,13.49,33.18,750.5,22.96,41.5
"2021-03-04 12:15:00",25873,13.47,33.17,750.5,22.63,41.85
"2021-03-04 12:20:00",25874,13.47,33.01,750.3,24.01,39.59
"2021-03-04 12:25:00",25875,13.47,32.96,750.2,24.93,37.64
"2021-03-04 12:30:00",25876,13.47,33.02,750.2,25.27,36.38
"2021-03-04 12:35:00",25877,13.47,33.14,750.1,24.74,38.19
"2021-03-04 12:40:00",25878,13.47,33.24,750,25.04,35.8
"2021-03-04 12:45:00",25879,13.47,33.29,749.9,24.32,38.04
"2021-03-04 12:50:00",25880,13.47,33.21,749.9,24.07,38.28
"2021-03-04 12:55:00",25881,13.47,33.07,749.8,25.7,37.52
"2021-03-04 13:00:00",25882,13.47,32.95,749.7,25.06,34.87
"2021-03-04 13:05:00",25883,13.47,32.81,749.6,24.03,36.36
"2021-03-04 13:10:00",25884,13.47,32.5,749.4,23.96,36.95
"2021-03-04 13:15:00",25885,13.47,32.2,749.3,25.25,34.92
"2021-03-04 13:20:00",25886,13.47,32.17,749.2,27.18,31.67
"2021-03-04 13:25:00",25887,13.47,32.41,749.1,26.83,31.6
"2021-03-04 13:30:00",25888,13.47,32.71,749,26.21,32.53
"2021-03-04 13:35:00",25889,13.47,33,748.8,27.19,31.63
"2021-03-04 13:40:00",25890,13.47,33.3,748.7,24.91,34.32
"2021-03-04 13:45:00",25891,13.47,33.38,748.6,25.62,33.11
"2021-03-04 13:50:00",25892,13.47,33.42,748.5,26.7,31.93
"2021-03-04 13:55:00",25893,13.47,33.52,748.5,26,32.51
"2021-03-04 14:00:00",25894,13.47,33.63,748.4,26.99,31.14
"2021-03-04 14:05:00",25895,13.48,33.79,748.3,26.04,33.42
"2021-03-04 14:10:00",25896,13.48,33.78,748.3,25.24,34.82
"2021-03-04 14:15:00",25897,13.47,33.68,748.2,26.08,33.62
"2021-03-04 14:20:00",25898,13.47,33.61,748.1,25.72,33.39
"2021-03-04 14:25:00",25899,13.48,33.5,748,25.58,34.01
"2021-03-04 14:30:00",25900,13.47,33.32,747.9,25.5,34.17
"2021-03-04 14:35:00",25901,13.48,33.09,747.9,24.86,34.58
"2021-03-04 14:40:00",25902,13.48,32.71,747.9,25.26,33.95
"2021-03-04 14:45:00",25903,13.47,32.43,747.9,25.01,33.9
"2021-03-04 14:50:00",25904,13.48,32.19,747.7,24.48,35.01
"2021-03-04 14:55:00",25905,13.47,31.9,747.6,24.21,35.45
"2021-03-04 15:00:00",25906,13.47,31.5,747.5,23.5,36.58
"2021-03-04 15:05:00",25907,13.48,31.1,747.5,24.31,35.29
"2021-03-04 15:10:00",25908,13.47,30.79,747.4,24,36.03
"2021-03-04 15:15:00",25909,13.47,30.53,747.3,24.26,35.39
"2021-03-04 15:20:00",25910,13.47,30.39,747.2,24.54,33.48
"2021-03-04 15:25:00",25911,13.47,30.36,747.2,24.45,34.38
"2021-03-04 15:30:00",25912,13.47,30.26,747.2,24.34,34
"2021-03-04 15:35:00",25913,13.47,30.12,747,24.38,34.07
"2021-03-04 15:40:00",25914,13.47,30.04,747,24.38,33.47
"2021-03-04 15:45:00",25915,13.47,29.99,747,24.43,32.54
"2021-03-04 15:50:00",25916,13.47,29.91,747,23.96,33.1
"2021-03-04 15:55:00",25917,13.47,29.79,747,24.17,32.81
"2021-03-04 16:00:00",25918,13.47,29.68,746.9,24.74,33.5
"2021-03-04 16:05:00",25919,13.47,29.68,746.9,25.34,32.88
"2021-03-04 16:10:00",25920,13.5,29.74,746.8,24.72,33.17
"2021-03-04 16:15:00",25921,13.5,29.78,746.8,24.72,32.43
"2021-03-04 16:20:00",25922,13.5,29.88,746.8,25.29,32.81
"2021-03-04 16:25:00",25923,13.5,30.07,746.8,25.29,31.6
"2021-03-04 16:30:00",25924,13.5,30.24,746.9,24.93,31.51
"2021-03-04 16:35:00",25925,13.5,30.35,746.9,24.79,32.27
"2021-03-04 16:40:00",25926,13.5,30.4,746.9,25.27,31.4
"2021-03-04 16:45:00",25927,13.5,30.43,746.9,24.9,32.14
"2021-03-04 16:50:00",25928,13.5,30.47,746.9,25.11,31.59
"2021-03-04 16:55:00",25929,13.5,30.59,747,25.63,31.16
"2021-03-04 17:00:00",25930,13.5,30.76,747,24.6,37.88
"2021-03-04 17:05:00",25931,13.5,30.79,747,24.05,39.86
"2021-03-04 17:10:00",25932,13.5,30.59,746.9,23.79,38.42
"2021-03-04 17:15:00",25933,13.5,30.27,746.8,23.94,38.3
"2021-03-04 17:20:00",25934,13.5,29.92,746.8,23.67,38.04
"2021-03-04 17:25:00",25935,13.5,29.57,746.8,23.67,38.7
"2021-03-04 17:30:00",25936,13.5,29.09,747,23.42,39.33
"2021-03-04 17:35:00",25937,13.5,28.72,746.9,23.35,38.93
"2021-03-04 17:40:00",25938,13.44,28.14,747.1,23.05,40.44
"2021-03-04 17:45:00",25939,13.25,27.34,747.2,23.09,40.54
"2021-03-04 17:50:00",25940,13.29,26.85,747.2,22.55,41.58
"2021-03-04 17:55:00",25941,13.32,26.51,747.1,22.56,41.72
"2021-03-04 18:00:00",25942,13.27,26.2,747.1,22.43,41.83
"2021-03-04 18:05:00",25943,13.19,25.92,747.2,22.41,41.6
"2021-03-04 18:10:00",25944,13.14,25.65,747.2,22.22,42.23
"2021-03-04 18:15:00",25945,13.09,25.42,747.3,21.39,46.21
"2021-03-04 18:20:00",25946,13.06,25.19,747.3,21.76,44.66
"2021-03-04 18:25:00",25947,13.02,24.98,747.3,21.66,45.57
"2021-03-04 18:30:00",25948,12.99,24.8,747.4,21.34,47.13
"2021-03-04 18:35:00",25949,12.97,24.59,747.4,21.24,47.4
"2021-03-04 18:40:00",25950,12.96,24.42,747.5,20.47,54.51
"2021-03-04 18:45:00",25951,12.96,24.16,747.6,19.28,60.15
"2021-03-04 18:50:00",25952,12.95,23.8,747.7,19.12,60.09
"2021-03-04 18:55:00",25953,12.95,23.46,747.7,19,61.01
"2021-03-04 19:00:00",25954,12.95,23.15,747.7,19.1,60.91
"2021-03-04 19:05:00",25955,12.94,22.89,747.7,19.04,60.47
"2021-03-04 19:10:00",25956,12.94,22.63,747.8,18.9,60.42
"2021-03-04 19:15:00",25957,12.94,22.39,747.8,18.82,60.47
"2021-03-04 19:20:00",25958,12.93,22.17,747.9,18.75,60.82
"2021-03-04 19:25:00",25959,12.93,21.98,748.1,18.6,61.58
"2021-03-04 19:30:00",25960,12.93,21.78,748.2,18.45,62.49
"2021-03-04 19:35:00",25961,12.92,21.61,748.3,18.31,63.86
"2021-03-04 19:40:00",25962,12.94,21.48,748.4,18.29,64.28
"2021-03-04 19:45:00",25963,12.93,21.11,748.5,18.21,63.37
"2021-03-04 19:50:00",25964,12.93,20.83,748.6,18.2,63.49
"2021-03-04 19:55:00",25965,12.93,20.67,748.6,18.19,63.58
"2021-03-04 20:00:00",25966,12.93,20.55,748.6,18.25,63.05
"2021-03-04 20:05:00",25967,12.93,20.44,748.7,18.41,62.72
"2021-03-04 20:10:00",25968,12.92,20.39,748.8,18.99,59.19
"2021-03-04 20:15:00",25969,12.92,20.39,749,19.02,60.74
"2021-03-04 20:20:00",25970,12.92,20.38,749,18.71,62.94
"2021-03-04 20:25:00",25971,12.92,20.34,749,18.66,62.19
"2021-03-04 20:30:00",25972,12.92,20.32,749,18.77,60.61
"2021-03-04 20:35:00",25973,12.92,20.28,749.1,18.79,59.62
"2021-03-04 20:40:00",25974,12.91,20.24,749.1,18.7,60.3
"2021-03-04 20:45:00",25975,12.91,20.2,749.1,18.83,59.65
"2021-03-04 20:50:00",25976,12.91,20.17,749.2,18.83,59.81
"2021-03-04 20:55:00",25977,12.91,20.15,749.3,18.98,60.13
"2021-03-04 21:00:00",25978,12.91,20.12,749.3,18.54,63.54
"2021-03-04 21:05:00",25979,12.91,20.08,749.4,18.71,61.63
"2021-03-04 21:10:00",25980,12.9,20.04,749.4,18.74,62.29
"2021-03-04 21:15:00",25981,12.9,20,749.5,18.65,61.8
"2021-03-04 21:20:00",25982,12.9,19.93,749.5,18.9,57.14
"2021-03-04 21:25:00",25983,12.9,19.92,749.6,19.04,54.15
"2021-03-04 21:30:00",25984,12.89,19.9,749.6,19.12,53.27
"2021-03-04 21:35:00",25985,12.89,19.91,749.7,19.09,52.8
"2021-03-04 21:40:00",25986,12.89,19.91,749.9,19.08,52.83
"2021-03-04 21:45:00",25987,12.89,19.93,750,19.18,52.72
"2021-03-04 21:50:00",25988,12.89,19.96,750.1,19.25,51.79
"2021-03-04 21:55:00",25989,12.89,20,750.2,19.27,52.33
"2021-03-04 22:00:00",25990,12.88,20.03,750.2,19.22,52.66
"2021-03-04 22:05:00",25991,12.88,20.04,750.3,19.17,53.21
"2021-03-04 22:10:00",25992,12.88,20.07,750.3,19.16,53.71
"2021-03-04 22:15:00",25993,12.88,20.04,750.3,19.12,54.26
"2021-03-04 22:20:00",25994,12.88,20.03,750.3,19.02,54.92
"2021-03-04 22:25:00",25995,12.88,20,750.4,19,55.04
"2021-03-04 22:30:00",25996,12.88,19.98,750.4,18.99,55.29
"2021-03-04 22:35:00",25997,12.88,19.96,750.3,18.81,57.37
"2021-03-04 22:40:00",25998,12.88,19.93,750.3,18.8,55.99
"2021-03-04 22:45:00",25999,12.88,19.89,750.4,18.91,55.77
"2021-03-04 22:50:00",26000,12.88,19.87,750.4,18.74,57.09
"2021-03-04 22:55:00",26001,12.87,19.8,750.4,18.68,57.5
"2021-03-04 23:00:00",26002,12.87,19.75,750.4,18.58,57.73
"2021-03-04 23:05:00",26003,12.87,19.68,750.3,18.67,57.53
"2021-03-04 23:10:00",26004,12.87,19.63,750.4,18.66,56.95
"2021-03-04 23:15:00",26005,12.87,19.58,750.4,18.67,57.08
"2021-03-04 23:20:00",26006,12.87,19.55,750.3,18.88,55.64
"2021-03-04 23:25:00",26007,12.87,19.53,750.4,18.9,56.04
"2021-03-04 23:30:00",26008,12.87,19.52,750.3,18.83,56.28
"2021-03-04 23:35:00",26009,12.87,19.52,750.3,18.86,58.14
"2021-03-04 23:40:00",26010,12.87,19.52,750.3,18.65,61.29
"2021-03-04 23:45:00",26011,12.87,19.52,750.4,18.35,61.84
"2021-03-04 23:50:00",26012,12.87,19.5,750.4,18.28,62.81
"2021-03-04 23:55:00",26013,12.87,19.46,750.4,18.22,63.76
"2021-03-05 00:00:00",26014,12.87,19.44,750.4,18.12,63.59
"2021-03-05 00:05:00",26015,12.87,19.4,750.3,18.17,63.28
"2021-03-05 00:10:00",26016,12.87,19.38,750.3,18.15,63.51
"2021-03-05 00:15:00",26017,12.87,19.33,750.2,18.07,63.76
"2021-03-05 00:20:00",26018,12.87,19.31,750.2,18.07,62.96
"2021-03-05 00:25:00",26019,12.87,19.3,750.1,18.47,58.75
"2021-03-05 00:30:00",26020,12.87,19.29,750,18.54,59.16
"2021-03-05 00:35:00",26021,12.87,19.31,750,18.44,60.05
"2021-03-05 00:40:00",26022,12.87,19.3,750,18.39,60.61
"2021-03-05 00:45:00",26023,12.87,19.28,750,18.37,60.76
"2021-03-05 00:50:00",26024,12.87,19.28,750,18.33,60.66
"2021-03-05 00:55:00",26025,12.85,19.45,750,18.43,61.19
"2021-03-05 01:00:00",26026,12.84,19.56,749.9,18.19,66.98
"2021-03-05 01:05:00",26027,12.84,19.55,749.9,17.89,67.93
"2021-03-05 01:10:00",26028,12.84,19.49,749.8,17.69,67.95
"2021-03-05 01:15:00",26029,12.84,19.4,749.8,17.46,70.23
"2021-03-05 01:20:00",26030,12.84,19.36,749.8,17.51,68.62
"2021-03-05 01:25:00",26031,12.84,19.34,749.9,17.53,68.41
"2021-03-05 01:30:00",26032,12.84,19.31,749.8,17.55,67.75
"2021-03-05 01:35:00",26033,12.84,19.3,749.8,17.66,67.27
"2021-03-05 01:40:00",26034,12.84,19.29,749.8,17.78,65.64
"2021-03-05 01:45:00",26035,12.83,19.32,749.7,17.78,65.67
"2021-03-05 01:50:00",26036,12.83,19.35,749.7,17.79,65.38
"2021-03-05 01:55:00",26037,12.83,19.36,749.6,17.59,67.08
"2021-03-05 02:00:00",26038,12.83,19.35,749.6,17.37,69.9
"2021-03-05 02:05:00",26039,12.83,19.32,749.5,17.13,72.02
"2021-03-05 02:10:00",26040,12.83,19.21,749.5,16.84,74.77
"2021-03-05 02:15:00",26041,12.82,19.07,749.6,16.62,75.83
"2021-03-05 02:20:00",26042,12.82,18.81,749.6,16.13,78.07
"2021-03-05 02:25:00",26043,12.82,18.49,749.6,15.71,80.1
"2021-03-05 02:30:00",26044,12.82,18.16,749.7,15.74,77.76
"2021-03-05 02:35:00",26045,12.81,17.87,749.7,15.48,85
"2021-03-05 02:40:00",26046,12.81,17.62,749.8,15.38,85.5
"2021-03-05 02:45:00",26047,12.81,17.42,749.8,15.07,86.4
"2021-03-05 02:50:00",26048,12.81,17.23,749.7,14.83,87.5
"2021-03-05 02:55:00",26049,12.81,17.04,749.7,14.69,88.7
"2021-03-05 03:00:00",26050,12.8,16.87,749.7,14.65,88.5
"2021-03-05 03:05:00",26051,12.8,16.71,749.8,14.74,90
"2021-03-05 03:10:00",26052,12.8,16.64,749.8,14.65,90.3
"2021-03-05 03:15:00",26053,12.8,16.6,749.8,14.71,89.9
"2021-03-05 03:20:00",26054,12.79,16.53,749.8,14.78,89.6
"2021-03-05 03:25:00",26055,12.79,16.48,749.8,14.29,89
"2021-03-05 03:30:00",26056,12.79,16.37,749.8,14.21,88.2
"2021-03-05 03:35:00",26057,12.79,16.15,749.8,14.19,89.6
"2021-03-05 03:40:00",26058,12.78,16.02,749.9,14.12,90.8
"2021-03-05 03:45:00",26059,12.78,15.96,750,14.06,91.2
"2021-03-05 03:50:00",26060,12.78,15.9,750,13.95,91.7
"2021-03-05 03:55:00",26061,12.78,15.83,750,13.85,92.1
"2021-03-05 04:00:00",26062,12.77,15.76,750.1,13.79,92.1
"2021-03-05 04:05:00",26063,12.77,15.69,750.1,13.64,90.8
"2021-03-05 04:10:00",26064,12.77,15.51,750.1,13.57,91.9
"2021-03-05 04:15:00",26065,12.77,15.39,750.1,13.52,91.6
"2021-03-05 04:20:00",26066,12.76,15.28,750.1,13.54,92.5
"2021-03-05 04:25:00",26067,12.76,15.2,750.2,13.47,93.1
"2021-03-05 04:30:00",26068,12.76,15.18,750.3,13.41,92.4
"2021-03-05 04:35:00",26069,12.75,15.14,750.3,13.47,93.6
"2021-03-05 04:40:00",26070,12.75,15.11,750.3,13.41,93.3
"2021-03-05 04:45:00",26071,12.75,15.07,750.3,13.39,93.8
"2021-03-05 04:50:00",26072,12.75,15.02,750.3,13.43,94.3
"2021-03-05 04:55:00",26073,12.74,14.97,750.4,13.49,94.2
"2021-03-05 05:00:00",26074,12.74,14.95,750.5,13.49,94.6
"2021-03-05 05:05:00",26075,12.74,14.96,750.5,13.49,94.1
"2021-03-05 05:10:00",26076,12.74,14.95,750.5,13.52,94.4
"2021-03-05 05:15:00",26077,12.73,14.93,750.5,13.43,93.8
"2021-03-05 05:20:00",26078,12.73,14.93,750.6,13.32,92.3
"2021-03-05 05:25:00",26079,12.73,14.86,750.6,13.32,91.4
"2021-03-05 05:30:00",26080,12.72,14.79,750.6,13.25,92.8
"2021-03-05 05:35:00",26081,12.73,14.76,750.7,13.21,93.3
"2021-03-05 05:40:00",26082,12.72,14.65,750.7,13.06,93.1
"2021-03-05 05:45:00",26083,12.71,14.65,750.8,13.04,94.8
"2021-03-05 05:50:00",26084,12.71,14.58,750.8,12.89,93.8
"2021-03-05 05:55:00",26085,12.71,14.52,750.9,12.94,95
"2021-03-05 06:00:00",26086,12.7,14.45,751,12.83,94
"2021-03-05 06:05:00",26087,12.7,14.39,751,12.94,95
"2021-03-05 06:10:00",26088,12.7,14.4,751.1,12.96,94.9
"2021-03-05 06:15:00",26089,12.69,14.37,751.1,12.92,94.8
"2021-03-05 06:20:00",26090,12.69,14.4,751.1,13.05,95.4
"2021-03-05 06:25:00",26091,12.69,14.42,751.2,13.1,95.5
"2021-03-05 06:30:00",26092,12.68,14.36,751.3,13.29,95.7
"2021-03-05 06:35:00",26093,12.68,14.43,751.3,13.18,94.9
"2021-03-05 06:40:00",26094,12.68,14.49,751.4,13.12,94.5
"2021-03-05 06:45:00",26095,12.68,14.55,751.4,13.17,94.6
"2021-03-05 06:50:00",26096,12.68,14.57,751.4,13.18,94.1
"2021-03-05 06:55:00",26097,12.69,14.62,751.5,13.33,94.6
"2021-03-05 07:00:00",26098,12.69,14.63,751.6,13.38,94
"2021-03-05 07:05:00",26099,12.69,14.65,751.6,13.38,93.6
"2021-03-05 07:10:00",26100,12.71,14.7,751.7,13.45,93.6
"2021-03-05 07:15:00",26101,12.76,14.74,751.7,13.45,91.9
"2021-03-05 07:20:00",26102,12.8,14.8,751.8,13.54,92
"2021-03-05 07:25:00",26103,12.86,14.88,751.8,13.64,91.7
"2021-03-05 07:30:00",26104,12.88,14.96,751.9,13.73,90.7
"2021-03-05 07:35:00",26105,12.9,15.02,752,13.64,90.4
"2021-03-05 07:40:00",26106,12.9,15.06,752.1,13.81,91.1
"2021-03-05 07:45:00",26107,12.87,15.11,752.2,13.89,91.1
"2021-03-05 07:50:00",26108,12.82,15.16,752.3,13.91,90.9
"2021-03-05 07:55:00",26109,12.81,15.22,752.4,13.83,90
"2021-03-05 08:00:00",26110,12.84,15.3,752.4,13.76,91
"2021-03-05 08:05:00",26111,12.93,15.39,752.5,13.85,90.5
"2021-03-05 08:10:00",26112,13,15.48,752.5,14.01,90.1
"2021-03-05 08:15:00",26113,13.13,15.58,752.6,14.11,90.9
"2021-03-05 08:20:00",26114,13.37,15.79,752.6,14.34,90.4
"2021-03-05 08:25:00",26115,13.49,16,752.7,14.51,90.9
"2021-03-05 08:30:00",26116,13.57,16.21,752.7,14.65,89.7
"2021-03-05 08:35:00",26117,13.64,16.44,752.7,15.02,88.9
"2021-03-05 08:40:00",26118,13.69,16.73,752.8,15.39,87.9
"2021-03-05 08:45:00",26119,13.72,17.03,752.8,15.47,86.6
"2021-03-05 08:50:00",26120,13.78,17.35,752.9,15.36,85.2
"2021-03-05 08:55:00",26121,13.72,17.61,752.9,15.48,86.4
"2021-03-05 09:00:00",26122,13.7,17.75,753,15.53,84.3
"2021-03-05 09:05:00",26123,13.76,17.97,752.9,15.26,86.1
"2021-03-05 09:10:00",26124,13.88,18.19,752.9,15.32,85.5
"2021-03-05 09:15:00",26125,13.76,18.66,753,15.34,83.6
"2021-03-05 09:20:00",26126,13.76,19.65,753,15.3,83.3
"2021-03-05 09:25:00",26127,13.76,20.02,753,15.62,84.4
"2021-03-05 09:30:00",26128,13.73,20.27,753,15.8,79.92
"2021-03-05 09:35:00",26129,13.73,20.53,753,15.72,80.7
"2021-03-05 09:40:00",26130,13.73,20.7,753,16.02,79.07
"2021-03-05 09:45:00",26131,13.74,20.89,753,16.25,78.15
"2021-03-05 09:50:00",26132,13.74,21.06,753,16.04,78.63
"2021-03-05 09:55:00",26133,13.71,21.14,753,16.04,76.67
"2021-03-05 10:00:00",26134,13.71,21.21,753.1,16.39,72.45
"2021-03-05 10:05:00",26135,13.68,20.88,753.1,16.14,73.32
"2021-03-05 10:10:00",26136,13.69,20.08,753.1,16.06,72.1
"2021-03-05 10:15:00",26137,13.71,20.6,753.1,15.58,70.14
"2021-03-05 10:20:00",26138,13.71,20.87,753.1,15.29,71.93
"2021-03-05 10:25:00",26139,13.71,20.85,753.1,15.5,72.28
"2021-03-05 10:30:00",26140,13.71,20.74,753,15.34,71.13
"2021-03-05 10:35:00",26141,13.71,20.67,753,15.33,71.53
"2021-03-05 10:40:00",26142,13.71,20.61,753,15.11,70.66
"2021-03-05 10:45:00",26143,13.71,20.52,753,15.5,72.57
"2021-03-05 10:50:00",26144,13.71,20.53,753,15.7,70.86
"2021-03-05 10:55:00",26145,13.71,20.53,753,15.85,66.89
"2021-03-05 11:00:00",26146,13.72,20.52,753,15.24,78.82
"2021-03-05 11:05:00",26147,13.72,20.5,753,14.95,80.2
"2021-03-05 11:10:00",26148,13.72,20.4,753,15,81.4
"2021-03-05 11:15:00",26149,13.72,20.27,752.9,15.01,80.5
"2021-03-05 11:20:00",26150,13.72,20.23,752.9,15.08,79.73
"2021-03-05 11:25:00",26151,13.72,20.25,752.9,15.62,77.73
"2021-03-05 11:30:00",26152,13.72,20.4,752.9,15.87,77.45
"2021-03-05 11:35:00",26153,13.72,20.64,752.8,16.22,75.44
"2021-03-05 11:40:00",26154,13.72,20.85,752.8,16,76.72
"2021-03-05 11:45:00",26155,13.72,21.05,752.8,15.76,74.44
"2021-03-05 11:50:00",26156,13.72,21.16,752.8,15.57,76.55
"2021-03-05 11:55:00",26157,13.72,21.07,752.8,15.61,75.45
"2021-03-05 12:00:00",26158,13.72,20.98,752.8,15.16,77.22
"2021-03-05 12:05:00",26159,13.72,20.89,752.7,15.4,76.59
"2021-03-05 12:10:00",26160,13.72,20.81,752.6,15.18,77.34
"2021-03-05 12:15:00",26161,13.72,20.71,752.6,15.34,76.44
"2021-03-05 12:20:00",26162,13.72,20.64,752.6,15.74,74.35
"2021-03-05 12:25:00",26163,13.72,20.56,752.6,15.76,75.2
"2021-03-05 12:30:00",26164,13.73,20.54,752.5,15.56,74.31
"2021-03-05 12:35:00",26165,13.73,20.56,752.5,15.66,74.22
"2021-03-05 12:40:00",26166,13.72,20.55,752.4,15.4,74.59
"2021-03-05 12:45:00",26167,13.72,20.56,752.3,15.69,73.94
"2021-03-05 12:50:00",26168,13.73,20.61,752.2,15.41,74.57
"2021-03-05 12:55:00",26169,13.73,20.63,752.1,15.6,73.95
"2021-03-05 13:00:00",26170,13.73,20.7,752,15.69,70.86
"2021-03-05 13:05:00",26171,13.73,20.79,751.9,16.36,71.07
"2021-03-05 13:10:00",26172,13.73,20.93,751.8,16.49,68.98
"2021-03-05 13:15:00",26173,13.73,21.17,751.8,17,69.13
"2021-03-05 13:20:00",26174,13.7,21.53,751.7,17.35,66.33
"2021-03-05 13:25:00",26175,13.7,21.87,751.6,16.73,67.98
"2021-03-05 13:30:00",26176,13.7,22.06,751.6,16.8,67.99
"2021-03-05 13:35:00",26177,13.7,22.15,751.5,16.3,68.89
"2021-03-05 13:40:00",26178,13.7,22.13,751.4,16.3,69.04
"2021-03-05 13:45:00",26179,13.7,22.04,751.4,16.07,71.47
"2021-03-05 13:50:00",26180,13.7,21.96,751.3,15.64,74.36
"2021-03-05 13:55:00",26181,13.7,21.81,751.2,15.62,77.43
"2021-03-05 14:00:00",26182,13.7,21.67,751.2,15.34,76.72
"2021-03-05 14:05:00",26183,13.7,21.51,751.1,15.3,74.83
"2021-03-05 14:10:00",26184,13.7,21.39,751,15.12,78.33
"2021-03-05 14:15:00",26185,13.7,21.28,751,15.22,81.2
"2021-03-05 14:20:00",26186,13.7,21.23,750.9,14.82,78.57
"2021-03-05 14:25:00",26187,13.7,21.13,750.9,14.68,79.7
"2021-03-05 14:30:00",26188,13.7,21,750.8,14.76,80.6
"2021-03-05 14:35:00",26189,13.7,20.84,750.8,14.63,80.5
"2021-03-05 14:40:00",26190,13.71,20.59,750.7,14.44,81.3
"2021-03-05 14:45:00",26191,13.7,20.37,750.7,14.59,81.9
"2021-03-05 14:50:00",26192,13.71,20.13,750.7,14.44,81.7
"2021-03-05 14:55:00",26193,13.7,19.97,750.6,14.51,81.2
"2021-03-05 15:00:00",26194,13.71,19.83,750.6,14.76,80.1
"2021-03-05 15:05:00",26195,13.71,19.75,750.5,14.73,77.07
"2021-03-05 15:10:00",26196,13.71,19.65,750.5,14.81,75.4
"2021-03-05 15:15:00",26197,13.7,19.56,750.5,14.72,76.48
"2021-03-05 15:20:00",26198,13.71,19.48,750.5,14.94,76.95
"2021-03-05 15:25:00",26199,13.71,19.37,750.4,14.66,79.95
"2021-03-05 15:30:00",26200,13.7,19.2,750.4,14.49,82.7
"2021-03-05 15:35:00",26201,13.7,18.87,750.4,14.03,85.9
"2021-03-05 15:40:00",26202,13.71,18.67,750.4,13.95,87.5
"2021-03-05 15:45:00",26203,13.7,18.54,750.4,13.89,87
"2021-03-05 15:50:00",26204,13.71,18.34,750.4,13.82,89
"2021-03-05 15:55:00",26205,13.7,18.12,750.4,13.88,89.3
"2021-03-05 16:00:00",26206,13.73,17.83,750.4,13.81,89.6
"2021-03-05 16:05:00",26207,13.58,17.35,750.4,13.97,90.5
"2021-03-05 16:10:00",26208,13.55,16.91,750.4,13.9,90.7
"2021-03-05 16:15:00",26209,13.65,16.74,750.3,13.85,89.6
"2021-03-05 16:20:00",26210,13.82,16.73,750.3,13.85,88.9
"2021-03-05 16:25:00",26211,13.82,16.98,750.3,13.85,91.1
"2021-03-05 16:30:00",26212,13.73,16.97,750.3,13.73,89
"2021-03-05 16:35:00",26213,13.41,16.54,750.4,13.63,90.7
"2021-03-05 16:40:00",26214,13.31,16.26,750.4,13.41,90.4
"2021-03-05 16:45:00",26215,13.28,16.09,750.4,13.46,90.9
"2021-03-05 16:50:00",26216,13.27,15.99,750.4,13.47,92.5
"2021-03-05 16:55:00",26217,13.33,15.91,750.4,13.36,91.1
"2021-03-05 17:00:00",26218,13.29,15.87,750.4,13.1,89.6
"2021-03-05 17:05:00",26219,13.26,15.77,750.4,12.94,92.6
"2021-03-05 17:10:00",26220,13.24,15.67,750.4,12.65,91.2
"2021-03-05 17:15:00",26221,13.24,15.53,750.4,12.54,92.4
"2021-03-05 17:20:00",26222,13.34,15.43,750.5,12.54,93
"2021-03-05 17:25:00",26223,13.85,15.66,750.5,12.8,94.4
"2021-03-05 17:30:00",26224,13.81,15.87,750.6,12.87,93.5
"2021-03-05 17:35:00",26225,13.25,15.42,750.6,12.8,92.3
"2021-03-05 17:40:00",26226,13.12,15.15,750.7,12.66,93.3
"2021-03-05 17:45:00",26227,13.06,14.99,750.7,12.92,94.9
"2021-03-05 17:50:00",26228,13.03,14.93,750.8,13.01,93.9
"2021-03-05 17:55:00",26229,13.03,14.83,750.8,13.04,95
"2021-03-05 18:00:00",26230,13.02,14.8,750.8,12.87,94.6
"2021-03-05 18:05:00",26231,13.01,14.79,750.8,12.84,94.6
"2021-03-05 18:10:00",26232,13,14.74,750.9,12.63,94.3
"2021-03-05 18:15:00",26233,12.99,14.7,751,12.62,95.1
"2021-03-05 18:20:00",26234,12.98,14.68,751,12.68,96.2
"2021-03-05 18:25:00",26235,12.97,14.65,751.1,12.68,95.7
"2021-03-05 18:30:00",26236,12.96,14.62,751.1,12.66,96
"2021-03-05 18:35:00",26237,12.96,14.58,751.2,12.6,96.1
"2021-03-05 18:40:00",26238,12.95,14.53,751.2,12.6,96.1
"2021-03-05 18:45:00",26239,12.94,14.45,751.3,12.55,95.4
"2021-03-05 18:50:00",26240,12.94,14.34,751.3,12.53,95.2
"2021-03-05 18:55:00",26241,12.94,14.26,751.4,12.6,95.4
"2021-03-05 19:00:00",26242,12.94,14.2,751.4,12.67,95.7
"2021-03-05 19:05:00",26243,12.94,14.18,751.5,12.73,96
"2021-03-05 19:10:00",26244,12.94,14.15,751.6,12.72,96.4
"2021-03-05 19:15:00",26245,12.93,14.14,751.7,12.76,96.5
"2021-03-05 19:20:00",26246,12.93,14.13,751.8,12.82,96.8
"2021-03-05 19:25:00",26247,12.93,14.19,751.9,12.52,94.7
"2021-03-05 19:30:00",26248,12.93,14.17,752,12.64,95
"2021-03-05 19:35:00",26249,12.93,14.15,752,12.54,93.7
"2021-03-05 19:40:00",26250,12.92,14.1,752,12.6,94.4
"2021-03-05 19:45:00",26251,12.93,14.06,752.1,12.62,94.4
"2021-03-05 19:50:00",26252,12.92,14.03,752.2,12.62,93.1
"2021-03-05 19:55:00",26253,12.92,14.04,752.3,12.68,93.8
"2021-03-05 20:00:00",26254,12.92,14.03,752.3,12.68,93.1
"2021-03-05 20:05:00",26255,12.92,14.03,752.4,12.73,92
"2021-03-05 20:10:00",26256,12.91,14.03,752.5,12.76,91.9
"2021-03-05 20:15:00",26257,12.91,13.98,752.6,12.76,92.5
"2021-03-05 20:20:00",26258,12.91,13.96,752.6,12.73,92.7
"2021-03-05 20:25:00",26259,12.91,13.98,752.7,12.67,92.4
"2021-03-05 20:30:00",26260,12.91,13.98,752.8,12.72,92.8
"2021-03-05 20:35:00",26261,12.91,13.98,752.9,12.7,92.4
"2021-03-05 20:40:00",26262,12.9,13.99,752.9,12.76,93.2
"2021-03-05 20:45:00",26263,12.9,14,753,12.69,93.1
"2021-03-05 20:50:00",26264,12.9,13.99,753.1,12.65,93.2
"2021-03-05 20:55:00",26265,12.9,13.99,753.2,12.66,93.4
"2021-03-05 21:00:00",26266,12.9,13.97,753.2,12.6,93.8
"2021-03-05 21:05:00",26267,12.9,13.96,753.3,12.58,94.2
"2021-03-05 21:10:00",26268,12.9,13.96,753.4,12.54,94.3
"2021-03-05 21:15:00",26269,12.89,13.95,753.5,12.26,94.9
"2021-03-05 21:20:00",26270,12.89,13.91,753.6,12.16,96
"2021-03-05 21:25:00",26271,12.89,13.86,753.7,12.11,96.7
"2021-03-05 21:30:00",26272,12.89,13.78,753.8,12.07,97.1
"2021-03-05 21:35:00",26273,12.89,13.73,753.8,12.1,97.3
"2021-03-05 21:40:00",26274,12.89,13.7,753.9,12.2,97.4
"2021-03-05 21:45:00",26275,12.88,13.7,754,12.14,96.9
"2021-03-05 21:50:00",26276,12.88,13.68,754.1,11.84,96.7
"2021-03-05 21:55:00",26277,12.88,13.63,754.2,11.67,96.3
"2021-03-05 22:00:00",26278,12.88,13.57,754.2,11.72,96.7
"2021-03-05 22:05:00",26279,12.88,13.48,754.3,11.75,96.6
"2021-03-05 22:10:00",26280,12.88,13.45,754.3,11.66,96.5
"2021-03-05 22:15:00",26281,12.88,13.4,754.3,11.59,96.1
"2021-03-05 22:20:00",26282,12.88,13.35,754.3,11.61,96
"2021-03-05 22:25:00",26283,12.87,13.3,754.4,11.71,96.4
"2021-03-05 22:30:00",26284,12.87,13.28,754.4,11.62,96.4
"2021-03-05 22:35:00",26285,12.87,13.24,754.4,11.65,96.7
"2021-03-05 22:40:00",26286,12.87,13.21,754.4,11.67,96.8
"2021-03-05 22:45:00",26287,12.86,13.21,754.4,11.62,96.4
"2021-03-05 22:50:00",26288,12.88,13.19,754.4,11.63,96.5
"2021-03-05 22:55:00",26289,12.86,13.13,754.4,11.65,96.5
"2021-03-05 23:00:00",26290,12.88,13.16,754.4,11.68,96.5
"2021-03-05 23:05:00",26291,12.87,13.12,754.4,11.78,96.5
"2021-03-05 23:10:00",26292,12.87,13.11,754.4,11.77,96.6
"2021-03-05 23:15:00",26293,12.87,13.11,754.4,11.74,96.5
"2021-03-05 23:20:00",26294,12.87,13.09,754.4,11.78,96.7
"2021-03-05 23:25:00",26295,12.87,13.09,754.3,11.76,96.6
"2021-03-05 23:30:00",26296,12.87,13.05,754.3,11.76,96.4
"2021-03-05 23:35:00",26297,12.87,12.78,754.2,11.74,96
"2021-03-05 23:40:00",26298,12.87,12.68,754.3,11.76,95.5
"2021-03-05 23:45:00",26299,12.86,12.71,754.3,11.82,95.4
"2021-03-05 23:50:00",26300,12.86,12.71,754.3,11.91,95.9
"2021-03-05 23:55:00",26301,12.86,12.69,754.2,11.93,95.4
"2021-03-06 00:00:00",26302,12.86,12.7,754.1,11.84,95.7
"2021-03-06 00:05:00",26303,12.86,12.7,754.2,11.82,96.1
"2021-03-06 00:10:00",26304,12.86,12.62,754.1,11.77,96.5
"2021-03-06 00:15:00",26305,12.86,12.59,754.1,11.76,96.5
"2021-03-06 00:20:00",26306,12.85,12.58,754.1,11.67,96.7
"2021-03-06 00:25:00",26307,12.85,12.58,754.1,11.72,97.2
"2021-03-06 00:30:00",26308,12.85,12.55,754,11.68,97
"2021-03-06 00:35:00",26309,12.84,12.54,754,11.74,97.2
"2021-03-06 00:40:00",26310,12.84,12.53,754,11.68,95.7
"2021-03-06 00:45:00",26311,12.84,12.51,753.9,11.71,95.7
"2021-03-06 00:50:00",26312,12.83,12.5,753.9,11.74,95.1
"2021-03-06 00:55:00",26313,12.83,12.49,753.9,11.76,95.5
"2021-03-06 01:00:00",26314,12.83,12.48,753.8,11.82,95.9
"2021-03-06 01:05:00",26315,12.83,12.47,753.8,11.76,95
"2021-03-06 01:10:00",26316,12.82,12.48,753.8,11.78,95.2
"2021-03-06 01:15:00",26317,12.82,12.58,753.8,11.77,94.9
"2021-03-06 01:20:00",26318,12.82,12.59,753.8,11.75,95.3
"2021-03-06 01:25:00",26319,12.82,12.51,753.7,11.74,95.6
"2021-03-06 01:30:00",26320,12.82,12.46,753.7,11.62,96
"2021-03-06 01:35:00",26321,12.82,12.42,753.7,11.51,95.9
"2021-03-06 01:40:00",26322,12.81,12.37,753.7,11.5,95.9
"2021-03-06 01:45:00",26323,12.81,12.35,753.7,11.51,96.2
"2021-03-06 01:50:00",26324,12.81,12.32,753.6,11.47,96
"2021-03-06 01:55:00",26325,12.81,12.31,753.6,11.44,95.8
"2021-03-06 02:00:00",26326,12.81,12.28,753.5,11.49,95.8
"2021-03-06 02:05:00",26327,12.81,12.26,753.4,11.43,95.4
"2021-03-06 02:10:00",26328,12.8,12.24,753.4,11.43,95.6
"2021-03-06 02:15:00",26329,12.8,12.22,753.4,11.19,94.7
"2021-03-06 02:20:00",26330,12.8,12.18,753.4,11.07,94.2
"2021-03-06 02:25:00",26331,12.79,12.12,753.4,10.93,92.6
"2021-03-06 02:30:00",26332,12.79,12.04,753.3,10.77,92.1
"2021-03-06 02:35:00",26333,12.79,11.96,753.3,10.77,92.9
"2021-03-06 02:40:00",26334,12.79,11.89,753.3,10.77,92.7
"2021-03-06 02:45:00",26335,12.78,11.83,753.2,10.75,92.4
"2021-03-06 02:50:00",26336,12.78,11.78,753.2,10.77,93
"2021-03-06 02:55:00",26337,12.78,11.73,753.1,10.73,92.6
"2021-03-06 03:00:00",26338,12.77,11.69,753,10.65,92.6
"2021-03-06 03:05:00",26339,12.77,11.65,753,10.61,93.6
"2021-03-06 03:10:00",26340,12.77,11.62,753,10.58,93.7
"2021-03-06 03:15:00",26341,12.77,11.6,752.9,10.59,94.1
"2021-03-06 03:20:00",26342,12.76,11.57,752.9,10.55,93.4
"2021-03-06 03:25:00",26343,12.76,11.54,752.9,10.61,93.3
"2021-03-06 03:30:00",26344,12.77,11.52,752.8,10.59,92.5
"2021-03-06 03:35:00",26345,12.76,11.49,752.8,10.64,91.8
"2021-03-06 03:40:00",26346,12.76,11.5,752.8,10.67,91.2
"2021-03-06 03:45:00",26347,12.76,11.49,752.8,10.68,91.9
"2021-03-06 03:50:00",26348,12.75,11.49,752.8,10.62,91.4
"2021-03-06 03:55:00",26349,12.75,11.48,752.7,10.57,91.4
"2021-03-06 04:00:00",26350,12.75,11.42,752.7,10.59,91.2
"2021-03-06 04:05:00",26351,12.74,11.38,752.7,10.53,90.5
"2021-03-06 04:10:00",26352,12.74,11.34,752.7,10.57,90.8
"2021-03-06 04:15:00",26353,12.73,11.3,752.8,10.55,91.2
"2021-03-06 04:20:00",26354,12.73,11.27,752.7,10.53,90.5
"2021-03-06 04:25:00",26355,12.72,11.23,752.7,10.53,90.4
"2021-03-06 04:30:00",26356,12.72,11.21,752.7,10.61,89.8
"2021-03-06 04:35:00",26357,12.72,11.21,752.6,10.72,88.4
"2021-03-06 04:40:00",26358,12.71,11.22,752.7,10.79,88.1
"2021-03-06 04:45:00",26359,12.71,11.2,752.8,10.83,90.2
"2021-03-06 04:50:00",26360,12.7,11.19,752.8,10.68,91.3
"2021-03-06 04:55:00",26361,12.7,11.19,752.8,10.66,91
"2021-03-06 05:00:00",26362,12.69,11.18,752.7,10.65,91.1
"2021-03-06 05:05:00",26363,12.69,11.17,752.7,10.67,90.8
"2021-03-06 05:10:00",26364,12.69,11.18,752.7,10.73,91.3
"2021-03-06 05:15:00",26365,12.68,11.16,752.7,10.7,92.3
"2021-03-06 05:20:00",26366,12.68,11.13,752.7,10.61,92.5
"2021-03-06 05:25:00",26367,12.67,11.09,752.8,10.6,92
"2021-03-06 05:30:00",26368,12.67,11.05,752.8,10.57,92.5
"2021-03-06 05:35:00",26369,12.67,11.02,752.9,10.6,92.6
"2021-03-06 05:40:00",26370,12.66,10.96,752.9,10.63,92.8
"2021-03-06 05:45:00",26371,12.66,10.9,753,10.55,92
"2021-03-06 05:50:00",26372,12.66,10.84,753,10.41,91.9
"2021-03-06 05:55:00",26373,12.66,10.75,753,10.38,92.9
"2021-03-06 06:00:00",26374,12.65,10.65,753.1,10.31,92.1
"2021-03-06 06:05:00",26375,12.65,10.53,753.1,10.25,92.5
"2021-03-06 06:10:00",26376,12.65,10.45,753.1,10.28,92.4
"2021-03-06 06:15:00",26377,12.65,10.38,753.1,10.4,91.8
"2021-03-06 06:20:00",26378,12.64,10.38,753.2,10.51,91.3
"2021-03-06 06:25:00",26379,12.64,10.38,753.2,10.58,91.6
"2021-03-06 06:30:00",26380,12.64,10.39,753.2,10.63,91.7
"2021-03-06 06:35:00",26381,12.66,10.45,753.2,10.67,91.7
"2021-03-06 06:40:00",26382,12.68,10.53,753.3,10.73,91.1
"2021-03-06 06:45:00",26383,12.71,10.63,753.3,10.85,89.3
"2021-03-06 06:50:00",26384,12.75,10.74,753.3,10.87,90.3
"2021-03-06 06:55:00",26385,12.8,10.84,753.4,10.76,90.4
"2021-03-06 07:00:00",26386,12.89,10.96,753.5,10.9,90.8
"2021-03-06 07:05:00",26387,12.94,11.24,753.5,10.91,91.4
"2021-03-06 07:10:00",26388,13.02,11.49,753.6,11,91.7
"2021-03-06 07:15:00",26389,13.15,11.69,753.7,11.12,91.4
"2021-03-06 07:20:00",26390,13.31,11.9,753.7,11.24,91.4
"2021-03-06 07:25:00",26391,13.45,12.1,753.7,11.37,90.6
"2021-03-06 07:30:00",26392,13.55,12.31,753.8,11.43,91.3
"2021-03-06 07:35:00",26393,13.67,12.61,753.8,11.49,89
"2021-03-06 07:40:00",26394,13.79,12.93,753.9,11.88,87.8
"2021-03-06 07:45:00",26395,13.78,13.25,753.9,11.94,88.1
"2021-03-06 07:50:00",26396,13.84,13.57,754,11.98,87.4
"2021-03-06 07:55:00",26397,13.85,14.28,754,12.75,85.5
"2021-03-06 08:00:00",26398,13.85,15.51,754,13.41,80.3
"2021-03-06 08:05:00",26399,13.82,16.29,754.1,14.03,78.32
"2021-03-06 08:10:00",26400,13.82,16.98,754.2,14.29,77.15
"2021-03-06 08:15:00",26401,13.79,17.75,754.2,15.46,69.28
"2021-03-06 08:20:00",26402,13.79,18.55,754.2,15.37,69.09
"2021-03-06 08:25:00",26403,13.76,19.34,754.3,15.73,65.11
"2021-03-06 08:30:00",26404,13.76,19.99,754.3,15.07,68.34
"2021-03-06 08:35:00",26405,13.73,20.46,754.4,15.04,71.9
"2021-03-06 08:40:00",26406,13.73,20.8,754.4,14.51,71.23
"2021-03-06 08:45:00",26407,13.73,21.02,754.4,14.98,69.57
"2021-03-06 08:50:00",26408,13.71,21.22,754.4,15.5,67.2
"2021-03-06 08:55:00",26409,13.71,21.33,754.5,15.23,68.08
"2021-03-06 09:00:00",26410,13.71,21.5,754.5,15.08,68.72
"2021-03-06 09:05:00",26411,13.71,21.63,754.5,15.16,65.65
"2021-03-06 09:10:00",26412,13.71,21.69,754.5,14.17,69.36
"2021-03-06 09:15:00",26413,13.71,21.62,754.5,14.39,69.08
"2021-03-06 09:20:00",26414,13.71,21.55,754.5,14.78,67.68
"2021-03-06 09:25:00",26415,13.71,21.48,754.5,14.88,67.52
"2021-03-06 09:30:00",26416,13.71,21.47,754.5,15.31,65.68
"2021-03-06 09:35:00",26417,13.71,21.52,754.5,15.44,65.67
"2021-03-06 09:40:00",26418,13.71,21.65,754.6,15.9,62.95
"2021-03-06 09:45:00",26419,13.71,21.83,754.6,14.96,64.76
"2021-03-06 09:50:00",26420,13.71,21.97,754.6,14.79,66.66
"2021-03-06 09:55:00",26421,13.71,22.05,754.6,15.46,65.76
"2021-03-06 10:00:00",26422,13.71,22.17,754.6,15.98,58.99
"2021-03-06 10:05:00",26423,13.69,22.31,754.6,16.04,58.19
"2021-03-06 10:10:00",26424,13.69,22.57,754.6,17.35,57.24
"2021-03-06 10:15:00",26425,13.69,23.01,754.5,16.27,58.44
"2021-03-06 10:20:00",26426,13.69,23.45,754.5,16.5,59.14
"2021-03-06 10:25:00",26427,13.66,23.81,754.5,16.61,59.99
"2021-03-06 10:30:00",26428,13.66,24.19,754.4,17.83,57.65
"2021-03-06 10:35:00",26429,13.66,24.58,754.4,17.99,56.15
"2021-03-06 10:40:00",26430,13.63,24.96,754.4,17.97,56.39
"2021-03-06 10:45:00",26431,13.63,25.31,754.3,18.11,55.59
"2021-03-06 10:50:00",26432,13.64,25.55,754.2,17.29,58.38
"2021-03-06 10:55:00",26433,13.64,25.71,754.2,17.66,58.83
"2021-03-06 11:00:00",26434,13.61,26.03,754.1,18.49,56.01
"2021-03-06 11:05:00",26435,13.61,26.46,754.1,17.98,53.35
"2021-03-06 11:10:00",26436,13.61,26.6,754,16.5,57.93
"2021-03-06 11:15:00",26437,13.61,26.58,753.9,18.05,52.99
"2021-03-06 11:20:00",26438,13.61,26.61,753.8,17.37,55.17
"2021-03-06 11:25:00",26439,13.61,26.63,753.8,17.98,52.24
"2021-03-06 11:30:00",26440,13.61,26.77,753.7,19.49,50.96
"2021-03-06 11:35:00",26441,13.59,27.06,753.6,19.5,46.61
"2021-03-06 11:40:00",26442,13.59,27.31,753.6,18.82,48.48
"2021-03-06 11:45:00",26443,13.59,27.47,753.5,19.18,48.69
"2021-03-06 11:50:00",26444,13.59,27.61,753.5,19.17,45.49
"2021-03-06 11:55:00",26445,13.56,27.76,753.4,19.27,45.57
"2021-03-06 12:00:00",26446,13.56,27.73,753.4,18.81,46.97
"2021-03-06 12:05:00",26447,13.57,27.73,753.3,19.69,48.03
"2021-03-06 12:10:00",26448,13.57,27.84,753.2,20.22,38.41
"2021-03-06 12:15:00",26449,13.57,27.98,753.2,20.82,40.88
"2021-03-06 12:20:00",26450,13.57,28.14,753.1,20.05,42.66
"2021-03-06 12:25:00",26451,13.57,28.3,753,20.76,43.64
"2021-03-06 12:30:00",26452,13.57,28.46,752.9,19.79,41.12
"2021-03-06 12:35:00",26453,13.57,28.52,752.8,20.58,37.47
"2021-03-06 12:40:00",26454,13.57,28.56,752.7,20.26,40.65
"2021-03-06 12:45:00",26455,13.57,28.59,752.6,20.53,39.64
"2021-03-06 12:50:00",26456,13.57,28.61,752.5,21.06,40.35
"2021-03-06 12:55:00",26457,13.57,28.69,752.5,21.71,38.5
"2021-03-06 13:00:00",26458,13.57,28.8,752.4,22.36,40.52
"2021-03-06 13:05:00",26459,13.57,28.96,752.3,20.64,41.7
"2021-03-06 13:10:00",26460,13.57,29,752.2,21.75,39.81
"2021-03-06 13:15:00",26461,13.57,29.03,752.2,21.38,39.8
"2021-03-06 13:20:00",26462,13.55,28.97,752.1,20.71,42.96
"2021-03-06 13:25:00",26463,13.55,28.94,752,20.64,40.08
"2021-03-06 13:30:00",26464,13.55,28.86,752,20.74,40.96
"2021-03-06 13:35:00",26465,13.55,28.68,751.9,19.71,46
"2021-03-06 13:40:00",26466,13.54,28.39,751.7,20.59,42.56
"2021-03-06 13:45:00",26467,13.55,28.17,751.6,20.98,39.01
"2021-03-06 13:50:00",26468,13.55,28.08,751.5,22.21,39.27
"2021-03-06 13:55:00",26469,13.55,28.09,751.5,21.31,41.12
"2021-03-06 14:00:00",26470,13.54,28.08,751.3,20.2,42.45
"2021-03-06 14:05:00",26471,13.55,28,751.3,21.24,41.6
"2021-03-06 14:10:00",26472,13.55,27.91,751.2,20.62,38.81
"2021-03-06 14:15:00",26473,13.55,27.85,751.1,21.19,38.57
"2021-03-06 14:20:00",26474,13.55,27.91,751,23.23,31.19
"2021-03-06 14:25:00",26475,13.55,28.02,750.9,22.58,38.26
"2021-03-06 14:30:00",26476,13.55,28.25,750.8,21.19,31.85
"2021-03-06 14:35:00",26477,13.55,28.39,750.7,22.44,36.07
"2021-03-06 14:40:00",26478,13.55,28.52,750.7,22.59,36.62
"2021-03-06 14:45:00",26479,13.55,28.63,750.6,21.86,36.02
"2021-03-06 14:50:00",26480,13.55,28.7,750.4,22,34.15
"2021-03-06 14:55:00",26481,13.55,28.74,750.4,21.93,36.81
"2021-03-06 15:00:00",26482,13.55,28.79,750.3,21.45,36.9
"2021-03-06 15:05:00",26483,13.55,28.82,750.3,21.67,36.49
"2021-03-06 15:10:00",26484,13.55,28.89,750.2,22.31,36.13
"2021-03-06 15:15:00",26485,13.55,29.05,750.1,22.21,33.5
"2021-03-06 15:20:00",26486,13.55,29.24,750,22.82,35.52
"2021-03-06 15:25:00",26487,13.55,29.41,749.9,22.27,34.87
"2021-03-06 15:30:00",26488,13.55,29.53,749.9,22.68,33.98
"2021-03-06 15:35:00",26489,13.55,29.65,749.8,22.07,35.78
"2021-03-06 15:40:00",26490,13.55,29.71,749.7,21.76,35.94
"2021-03-06 15:45:00",26491,13.55,29.73,749.6,22.66,34.87
"2021-03-06 15:50:00",26492,13.55,29.77,749.5,22.37,34.61
"2021-03-06 15:55:00",26493,13.55,29.82,749.4,22.86,35.13
"2021-03-06 16:00:00",26494,13.55,29.92,749.4,22.45,34.06
"2021-03-06 16:05:00",26495,13.53,30.07,749.4,22.68,32.48
"2021-03-06 16:10:00",26496,13.53,30.2,749.3,22.29,32.61
"2021-03-06 16:15:00",26497,13.53,30.3,749.2,22.87,33.13
"2021-03-06 16:20:00",26498,13.53,30.44,749.1,23.25,32.7
"2021-03-06 16:25:00",26499,13.53,30.58,749.1,23.07,32.62
"2021-03-06 16:30:00",26500,13.53,30.64,749,22.67,34.51
"2021-03-06 16:35:00",26501,13.53,30.48,749,22.46,34.06
"2021-03-06 16:40:00",26502,13.53,30.08,749,22.09,37.36
"2021-03-06 16:45:00",26503,13.53,29.65,749,22.11,35.25
"2021-03-06 16:50:00",26504,13.53,29.36,748.9,22.91,35.46
"2021-03-06 16:55:00",26505,13.53,29.2,748.9,22.44,36.27
"2021-03-06 17:00:00",26506,13.52,29.08,748.8,23.07,34.85
"2021-03-06 17:05:00",26507,13.53,28.99,748.8,22.52,35.29
"2021-03-06 17:10:00",26508,13.53,28.94,748.8,22.56,35.53
"2021-03-06 17:15:00",26509,13.53,28.88,748.8,22.02,35.9
"2021-03-06 17:20:00",26510,13.53,28.77,748.8,21.95,36.36
"2021-03-06 17:25:00",26511,13.53,28.61,748.8,22.35,36.13
"2021-03-06 17:30:00",26512,13.52,28.51,748.8,22.83,34.26
"2021-03-06 17:35:00",26513,13.53,28.5,748.8,22.41,35.74
"2021-03-06 17:40:00",26514,13.52,28.45,748.8,22.25,35.86
"2021-03-06 17:45:00",26515,13.52,28.36,748.8,22.36,36.92
"2021-03-06 17:50:00",26516,13.52,28.27,748.9,21.91,35.5
"2021-03-06 17:55:00",26517,13.46,27.78,748.9,22.07,35.87
"2021-03-06 18:00:00",26518,13.43,27.3,749,22.49,34.82
"2021-03-06 18:05:00",26519,13.29,26.95,749,22.41,36.01
"2021-03-06 18:10:00",26520,13.22,26.75,749.1,22.43,36.47
"2021-03-06 18:15:00",26521,13.18,26.58,749.1,21.68,38.2
"2021-03-06 18:20:00",26522,13.14,26.32,749.1,21.44,38.57
"2021-03-06 18:25:00",26523,13.1,26.02,749.1,21.27,39.49
"2021-03-06 18:30:00",26524,13.07,25.6,749.2,20.68,40.34
"2021-03-06 18:35:00",26525,13.04,25.13,749.2,20.57,40.2
"2021-03-06 18:40:00",26526,13.02,24.63,749.3,20.35,41.18
"2021-03-06 18:45:00",26527,13.01,24.18,749.3,20.16,41.84
"2021-03-06 18:50:00",26528,13,23.74,749.4,20.04,43.24
"2021-03-06 18:55:00",26529,12.99,23.33,749.5,19.82,43.79
"2021-03-06 19:00:00",26530,12.99,22.97,749.6,19.76,44.8
"2021-03-06 19:05:00",26531,12.99,22.65,749.6,19.48,47.46
"2021-03-06 19:10:00",26532,12.98,22.34,749.6,19.5,47.31
"2021-03-06 19:15:00",26533,12.98,22.09,749.7,19.37,48.46
"2021-03-06 19:20:00",26534,12.97,21.86,749.8,19.17,50.13
"2021-03-06 19:25:00",26535,12.97,21.65,749.9,19.05,51.14
"2021-03-06 19:30:00",26536,12.97,21.44,750,18.78,51.98
"2021-03-06 19:35:00",26537,12.96,21.25,750.1,18.65,53.39
"2021-03-06 19:40:00",26538,12.96,21.03,750.3,18.42,53.82
"2021-03-06 19:45:00",26539,12.96,20.74,750.4,18.23,54.44
"2021-03-06 19:50:00",26540,12.96,20.5,750.5,18.1,55.52
"2021-03-06 19:55:00",26541,12.96,20.31,750.6,18.09,57.93
"2021-03-06 20:00:00",26542,12.95,20.19,750.6,18.16,55.22
"2021-03-06 20:05:00",26543,12.95,20.05,750.6,18.16,55.32
"2021-03-06 20:10:00",26544,12.95,19.94,750.6,18.1,55.22
"2021-03-06 20:15:00",26545,12.95,19.86,750.7,18.11,55.4
"2021-03-06 20:20:00",26546,12.95,19.75,750.7,18.1,54.79
"2021-03-06 20:25:00",26547,12.94,19.66,750.7,18,56.33
"2021-03-06 20:30:00",26548,12.94,19.61,750.7,17.95,56.51
"2021-03-06 20:35:00",26549,12.93,19.55,750.7,17.79,57.19
"2021-03-06 20:40:00",26550,12.94,19.51,750.7,17.75,58.7
"2021-03-06 20:45:00",26551,12.93,19.45,750.8,17.69,58.9
"2021-03-06 20:50:00",26552,12.93,19.4,750.9,17.55,59.57
"2021-03-06 20:55:00",26553,12.93,19.34,751,17.63,61.21
"2021-03-06 21:00:00",26554,12.93,19.29,751.1,17.54,61.29
"2021-03-06 21:05:00",26555,12.92,19.22,751.1,17.37,62.51
"2021-03-06 21:10:00",26556,12.92,19.1,751.1,17.23,62.9
"2021-03-06 21:15:00",26557,12.92,18.98,751.2,17.06,64.63
"2021-03-06 21:20:00",26558,12.92,18.84,751.3,16.97,65.11
"2021-03-06 21:25:00",26559,12.91,18.69,751.3,16.61,65.35
"2021-03-06 21:30:00",26560,12.91,18.56,751.5,16.49,65.44
"2021-03-06 21:35:00",26561,12.91,18.41,751.4,16.45,64.38
"2021-03-06 21:40:00",26562,12.91,18.26,751.5,16.44,64.61
"2021-03-06 21:45:00",26563,12.91,18.09,751.7,16.52,64.3
"2021-03-06 21:50:00",26564,12.91,17.95,751.7,16.56,64.48
"2021-03-06 21:55:00",26565,12.9,17.84,751.8,16.34,66.45
"2021-03-06 22:00:00",26566,12.9,17.71,751.8,16.38,64.54
"2021-03-06 22:05:00",26567,12.9,17.62,751.9,16.48,64.17
"2021-03-06 22:10:00",26568,12.9,17.56,752,16.18,66.56
"2021-03-06 22:15:00",26569,12.89,17.51,752,16.34,65.27
"2021-03-06 22:20:00",26570,12.89,17.45,752.1,16.22,68.12
"2021-03-06 22:25:00",26571,12.89,17.36,752.2,16.17,68.63
"2021-03-06 22:30:00",26572,12.89,17.27,752.2,15.83,69.35
"2021-03-06 22:35:00",26573,12.89,17.21,752.2,15.69,68.05
"2021-03-06 22:40:00",26574,12.89,17.12,752.3,15.41,69.59
"2021-03-06 22:45:00",26575,12.89,17.04,752.3,15.3,70.55
"2021-03-06 22:50:00",26576,12.88,16.92,752.4,15.3,70.69
"2021-03-06 22:55:00",26577,12.88,16.82,752.3,15.23,71.2
"2021-03-06 23:00:00",26578,12.88,16.72,752.3,15.2,71.02
"2021-03-06 23:05:00",26579,12.88,16.65,752.3,15.06,71.56
"2021-03-06 23:10:00",26580,12.88,16.55,752.3,15.02,72.13
"2021-03-06 23:15:00",26581,12.87,16.47,752.2,15.2,68.71
"2021-03-06 23:20:00",26582,12.87,16.4,752.2,15.21,69.06
"2021-03-06 23:25:00",26583,12.87,16.35,752.2,15.28,67.71
"2021-03-06 23:30:00",26584,12.87,16.29,752.1,15.3,68.21
"2021-03-06 23:35:00",26585,12.87,16.25,752.1,15.38,68.02
"2021-03-06 23:40:00",26586,12.86,16.22,752.2,15.53,69.27
"2021-03-06 23:45:00",26587,12.86,16.18,752.2,15.01,70.7
"2021-03-06 23:50:00",26588,12.86,16.14,752.2,14.96,72.52
"2021-03-06 23:55:00",26589,12.86,16.07,752.2,14.89,75.48
"2021-03-07 00:00:00",26590,12.86,15.97,752.2,14.66,75.88
"2021-03-07 00:05:00",26591,12.86,15.9,752.2,14.56,76.45
"2021-03-07 00:10:00",26592,12.86,15.81,752.2,14.34,76.68
"2021-03-07 00:15:00",26593,12.85,15.73,752.2,14.45,76.06
"2021-03-07 00:20:00",26594,12.85,15.66,752.2,14.45,76.09
"2021-03-07 00:25:00",26595,12.85,15.62,752.2,14.33,76.29
"2021-03-07 00:30:00",26596,12.85,15.55,752.2,14.05,76.9
"2021-03-07 00:35:00",26597,12.85,15.49,752.2,14.01,77.26
"2021-03-07 00:40:00",26598,12.84,15.42,752.2,13.95,76.71
"2021-03-07 00:45:00",26599,12.84,15.35,752.2,13.89,76.45
"2021-03-07 00:50:00",26600,12.84,15.29,752.2,13.85,76.92
"2021-03-07 00:55:00",26601,12.84,15.21,752.2,13.83,76.61
"2021-03-07 01:00:00",26602,12.84,15.18,752.2,13.57,77.69
"2021-03-07 01:05:00",26603,12.85,15.12,752.2,13.61,77.51
"2021-03-07 01:10:00",26604,12.85,14.95,752.3,13.47,78.55
"2021-03-07 01:15:00",26605,12.84,14.88,752.2,13.43,79.18
"2021-03-07 01:20:00",26606,12.84,14.72,752.2,13.48,77.12
"2021-03-07 01:25:00",26607,12.84,14.65,752.2,13.53,77.1
"2021-03-07 01:30:00",26608,12.84,14.54,752.1,13.51,77.73
"2021-03-07 01:35:00",26609,12.84,14.48,752.1,13.37,78.65
"2021-03-07 01:40:00",26610,12.84,14.38,752.1,13.37,79.8
"2021-03-07 01:45:00",26611,12.84,14.28,752.1,13.27,80.4
"2021-03-07 01:50:00",26612,12.83,14.21,752.1,13.32,80.2
"2021-03-07 01:55:00",26613,12.83,14.15,752.1,13.25,81.1
"2021-03-07 02:00:00",26614,12.83,14.1,752.1,13.09,82.8
"2021-03-07 02:05:00",26615,12.82,14.01,752.1,12.73,84.5
"2021-03-07 02:10:00",26616,12.82,13.92,752.1,12.49,86.1
"2021-03-07 02:15:00",26617,12.82,13.81,752.1,12.53,86.1
"2021-03-07 02:20:00",26618,12.82,13.73,752,12.42,86.2
"2021-03-07 02:25:00",26619,12.81,13.62,752,12.64,84.5
"2021-03-07 02:30:00",26620,12.81,13.56,752,12.63,84.7
"2021-03-07 02:35:00",26621,12.81,13.5,751.9,12.5,85.1
"2021-03-07 02:40:00",26622,12.81,13.42,751.9,12.45,85
"2021-03-07 02:45:00",26623,12.8,13.35,751.9,12.42,85
"2021-03-07 02:50:00",26624,12.8,13.34,751.9,12.44,85
"2021-03-07 02:55:00",26625,12.8,13.29,751.8,12.35,84.6
"2021-03-07 03:00:00",26626,12.79,13.26,751.9,12.32,85.5
"2021-03-07 03:05:00",26627,12.79,13.21,751.9,12.2,86.5
"2021-03-07 03:10:00",26628,12.79,13.16,751.8,12.12,86.6
"2021-03-07 03:15:00",26629,12.78,13.07,751.8,12.2,86.4
"2021-03-07 03:20:00",26630,12.78,13.05,751.7,12.01,87.4
"2021-03-07 03:25:00",26631,12.78,12.96,751.7,11.85,88
"2021-03-07 03:30:00",26632,12.77,12.9,751.7,11.69,88.5
"2021-03-07 03:35:00",26633,12.77,12.81,751.7,11.76,88.4
"2021-03-07 03:40:00",26634,12.77,12.75,751.8,11.98,87.3
"2021-03-07 03:45:00",26635,12.76,12.69,751.8,12.06,86.7
"2021-03-07 03:50:00",26636,12.76,12.54,751.7,12.07,86
"2021-03-07 03:55:00",26637,12.76,12.48,751.7,12.16,85
"2021-03-07 04:00:00",26638,12.76,12.46,751.8,12.06,85.7
"2021-03-07 04:05:00",26639,12.75,12.42,751.7,11.94,85.9
"2021-03-07 04:10:00",26640,12.75,12.36,751.8,12.06,86.1
"2021-03-07 04:15:00",26641,12.75,12.32,751.8,11.92,87
"2021-03-07 04:20:00",26642,12.74,12.28,751.9,11.61,88.5
"2021-03-07 04:25:00",26643,12.74,12.23,751.9,11.43,89.5
"2021-03-07 04:30:00",26644,12.74,12.17,751.9,11.27,90.3
"2021-03-07 04:35:00",26645,12.73,12.1,751.9,11.32,89.4
"2021-03-07 04:40:00",26646,12.73,12.05,752,11.45,89
"2021-03-07 04:45:00",26647,12.73,12.03,752,11.51,88.7
"2021-03-07 04:50:00",26648,12.72,11.99,752.1,11.52,86.2
"2021-03-07 04:55:00",26649,12.72,11.97,752.1,11.32,86.9
"2021-03-07 05:00:00",26650,12.72,11.94,752,11.19,87.2
"2021-03-07 05:05:00",26651,12.71,11.89,752.1,11.15,87
"2021-03-07 05:10:00",26652,12.71,11.85,752.1,11.22,86.5
"2021-03-07 05:15:00",26653,12.7,11.78,752.2,11.37,87.1
"2021-03-07 05:20:00",26654,12.7,11.75,752.2,11.11,88.5
"2021-03-07 05:25:00",26655,12.7,11.71,752.2,10.98,89.5
"2021-03-07 05:30:00",26656,12.69,11.7,752.2,10.9,89.9
"2021-03-07 05:35:00",26657,12.69,11.64,752.2,10.81,90.2
"2021-03-07 05:40:00",26658,12.68,11.59,752.3,10.71,90.8
"2021-03-07 05:45:00",26659,12.68,11.52,752.3,10.63,90.7
"2021-03-07 05:50:00",26660,12.68,11.42,752.4,10.51,91.2
"2021-03-07 05:55:00",26661,12.67,11.34,752.4,10.56,90.6
"2021-03-07 06:00:00",26662,12.67,11.27,752.4,10.89,90.2
"2021-03-07 06:05:00",26663,12.66,11.23,752.4,10.97,89.4
"2021-03-07 06:10:00",26664,12.66,11.24,752.5,10.97,89.5
"2021-03-07 06:15:00",26665,12.65,11.25,752.5,10.9,89.8
"2021-03-07 06:20:00",26666,12.65,11.27,752.5,10.86,90.2
"2021-03-07 06:25:00",26667,12.65,11.31,752.6,10.73,91.4
"2021-03-07 06:30:00",26668,12.66,11.25,752.6,10.52,92.7
"2021-03-07 06:35:00",26669,12.67,11.2,752.7,10.36,93.1
"2021-03-07 06:40:00",26670,12.74,11.2,752.7,10.66,93.1
"2021-03-07 06:45:00",26671,12.82,11.24,752.8,11.33,89.9
"2021-03-07 06:50:00",26672,12.94,11.35,752.9,12.17,86.1
"2021-03-07 06:55:00",26673,13.11,11.53,752.9,12.89,82.1
"2021-03-07 07:00:00",26674,13.33,11.82,753,13.38,79.15
"2021-03-07 07:05:00",26675,13.53,12.25,753.1,13.78,74.01
"2021-03-07 07:10:00",26676,13.67,12.73,753.1,12.86,78.35
"2021-03-07 07:15:00",26677,13.76,13.28,753.2,13.13,76.66
"2021-03-07 07:20:00",26678,13.83,13.87,753.3,13.48,75.02
"2021-03-07 07:25:00",26679,13.92,14.52,753.3,14.14,71.9
"2021-03-07 07:30:00",26680,13.91,15.88,753.3,14.43,69.21
"2021-03-07 07:35:00",26681,13.82,17.16,753.3,15.01,67.75
"2021-03-07 07:40:00",26682,13.79,18.01,753.4,15.1,67.3
"2021-03-07 07:45:00",26683,13.79,18.74,753.4,15.34,67.87
"2021-03-07 07:50:00",26684,13.76,19.38,753.5,16.83,61.29
"2021-03-07 07:55:00",26685,13.76,20.08,753.5,17.96,57.03
"2021-03-07 08:00:00",26686,13.73,20.78,753.6,18.57,55.35
"2021-03-07 08:05:00",26687,13.71,21.57,753.6,18.3,56.29
"2021-03-07 08:10:00",26688,13.7,22.28,753.6,18.67,54.22
"2021-03-07 08:15:00",26689,13.68,22.92,753.7,17.72,57.66
"2021-03-07 08:20:00",26690,13.68,23.44,753.7,17.59,58.43
"2021-03-07 08:25:00",26691,13.65,23.89,753.8,17.9,57.14
"2021-03-07 08:30:00",26692,13.65,24.26,753.8,18.37,56.88
"2021-03-07 08:35:00",26693,13.65,24.73,753.8,18.15,57.03
"2021-03-07 08:40:00",26694,13.62,25.11,753.8,18.93,54.66
"2021-03-07 08:45:00",26695,13.62,25.46,753.9,17.71,58.63
"2021-03-07 08:50:00",26696,13.63,25.76,753.9,18.53,55.89
"2021-03-07 08:55:00",26697,13.63,26,753.9,19.21,54.42
"2021-03-07 09:00:00",26698,13.63,26.06,753.9,18.06,56.49
"2021-03-07 09:05:00",26699,13.63,26.21,753.8,19.11,52.64
"2021-03-07 09:10:00",26700,13.63,26.44,753.8,18.79,53.5
"2021-03-07 09:15:00",26701,13.6,26.62,753.7,19.41,51.22
"2021-03-07 09:20:00",26702,13.6,26.91,753.7,19.65,50.16
"2021-03-07 09:25:00",26703,13.6,27.22,753.6,20.15,49.16
"2021-03-07 09:30:00",26704,13.61,27.58,753.6,20.9,47.77
"2021-03-07 09:35:00",26705,13.58,27.98,753.6,20.19,46.99
"2021-03-07 09:40:00",26706,13.58,28.26,753.6,19.16,51.22
"2021-03-07 09:45:00",26707,13.58,28.42,753.6,19.58,50.4
"2021-03-07 09:50:00",26708,13.58,28.59,753.6,19.9,50.32
"2021-03-07 09:55:00",26709,13.58,28.84,753.5,20.57,47.19
"2021-03-07 10:00:00",26710,13.56,29.15,753.5,20.34,46.97
"2021-03-07 10:05:00",26711,13.56,29.41,753.4,20.36,45.99
"2021-03-07 10:10:00",26712,13.56,29.59,753.4,20.79,45.53
"2021-03-07 10:15:00",26713,13.56,29.74,753.4,20.05,47.19
"2021-03-07 10:20:00",26714,13.56,29.82,753.4,20.74,45.59
"2021-03-07 10:25:00",26715,13.53,29.96,753.4,21.24,42.79
"2021-03-07 10:30:00",26716,13.53,30.15,753.3,21.57,41.54
"2021-03-07 10:35:00",26717,13.53,30.36,753.3,20.41,44.94
"2021-03-07 10:40:00",26718,13.54,30.46,753.2,20.39,44.33
"2021-03-07 10:45:00",26719,13.54,30.51,753.2,20.84,43.71
"2021-03-07 10:50:00",26720,13.54,30.57,753.1,21.8,40.79
"2021-03-07 10:55:00",26721,13.54,30.73,753,22.37,39.91
"2021-03-07 11:00:00",26722,13.54,30.87,753,20.63,43.91
"2021-03-07 11:05:00",26723,13.54,30.85,753,21.21,43.66
"2021-03-07 11:10:00",26724,13.54,30.81,752.9,21.75,41.88
"2021-03-07 11:15:00",26725,13.54,30.8,752.8,21.56,41.86
"2021-03-07 11:20:00",26726,13.54,30.86,752.7,21.84,41.7
"2021-03-07 11:25:00",26727,13.54,30.97,752.7,22.52,40.87
"2021-03-07 11:30:00",26728,13.52,31.08,752.6,21.93,43.1
"2021-03-07 11:35:00",26729,13.52,31.11,752.5,21.51,43.44
"2021-03-07 11:40:00",26730,13.52,31.12,752.5,22.56,41.68
"2021-03-07 11:45:00",26731,13.52,31.13,752.4,22.04,39.93
"2021-03-07 11:50:00",26732,13.52,31.12,752.3,22.25,40.15
"2021-03-07 11:55:00",26733,13.52,31.12,752.2,22.59,38.72
"2021-03-07 12:00:00",26734,13.52,31.15,752.2,22.43,38.6
"2021-03-07 12:05:00",26735,13.52,31.19,752.1,22.8,38.02
"2021-03-07 12:10:00",26736,13.52,31.16,752,22.31,38.63
"2021-03-07 12:15:00",26737,13.52,31.13,751.9,23.63,36.85
"2021-03-07 12:20:00",26738,13.52,31.19,751.8,23.79,36.67
"2021-03-07 12:25:00",26739,13.52,31.24,751.7,22.9,37.37
"2021-03-07 12:30:00",26740,13.52,31.25,751.7,23.71,36.1
"2021-03-07 12:35:00",26741,13.52,31.28,751.6,24.56,33.69
"2021-03-07 12:40:00",26742,13.53,31.39,751.5,24.45,34.41
"2021-03-07 12:45:00",26743,13.53,31.48,751.4,24.14,35.45
"2021-03-07 12:50:00",26744,13.53,31.54,751.3,23.91,36.45
"2021-03-07 12:55:00",26745,13.53,31.48,751.3,23.83,38.13
"2021-03-07 13:00:00",26746,13.53,31.38,751.2,23.98,37.75
"2021-03-07 13:05:00",26747,13.53,31.32,751.1,25.02,36.06
"2021-03-07 13:10:00",26748,13.53,31.33,751,25.1,33.6
"2021-03-07 13:15:00",26749,13.53,31.38,750.9,25.01,34.36
"2021-03-07 13:20:00",26750,13.53,31.47,750.8,25.8,34.47
"2021-03-07 13:25:00",26751,13.53,31.61,750.7,26.12,31.34
"2021-03-07 13:30:00",26752,13.5,31.71,750.6,24.93,34.15
"2021-03-07 13:35:00",26753,13.5,31.7,750.6,25.2,31.39
"2021-03-07 13:40:00",26754,13.51,31.64,750.4,24.77,31.9
"2021-03-07 13:45:00",26755,13.5,31.59,750.4,24.55,30.26
"2021-03-07 13:50:00",26756,13.5,31.57,750.3,25.58,29.94
"2021-03-07 13:55:00",26757,13.5,31.58,750.2,26.13,29.85
"2021-03-07 14:00:00",26758,13.5,31.63,750.1,25.31,28.87
"2021-03-07 14:05:00",26759,13.5,31.65,749.9,25.72,26.96
"2021-03-07 14:10:00",26760,13.51,31.64,749.8,25.02,25.37
"2021-03-07 14:15:00",26761,13.51,31.62,749.7,26.13,24.38
"2021-03-07 14:20:00",26762,13.5,31.65,749.6,25.58,22.35
"2021-03-07 14:25:00",26763,13.5,31.68,749.5,25.18,22.29
"2021-03-07 14:30:00",26764,13.51,31.86,749.4,25.15,27.5
"2021-03-07 14:35:00",26765,13.51,31.87,749.3,25.83,25.67
"2021-03-07 14:40:00",26766,13.5,31.93,749.2,25.72,25.18
"2021-03-07 14:45:00",26767,13.51,32.01,749.1,25.28,25.56
"2021-03-07 14:50:00",26768,13.51,32.1,749,26.21,22.87
"2021-03-07 14:55:00",26769,13.5,32.21,748.9,25.93,24.51
"2021-03-07 15:00:00",26770,13.51,32.36,748.9,26.64,20.33
"2021-03-07 15:05:00",26771,13.51,32.57,748.7,27.24,21.62
"2021-03-07 15:10:00",26772,13.48,32.85,748.7,26.12,22.35
"2021-03-07 15:15:00",26773,13.48,33.04,748.6,26.27,21.49
"2021-03-07 15:20:00",26774,13.48,33.16,748.5,26.33,21.77
"2021-03-07 15:25:00",26775,13.48,33.31,748.5,26.77,21.87
"2021-03-07 15:30:00",26776,13.48,33.44,748.4,25.91,20.46
"2021-03-07 15:35:00",26777,13.48,33.43,748.3,25.89,20.25
"2021-03-07 15:40:00",26778,13.48,33.44,748.2,27.04,19.38
"2021-03-07 15:45:00",26779,13.48,33.59,748.1,27.75,18.65
"2021-03-07 15:50:00",26780,13.48,33.79,748.1,26.74,18.52
"2021-03-07 15:55:00",26781,13.46,34.03,748,26.65,18.94
"2021-03-07 16:00:00",26782,13.46,34.31,748,27.77,18.58
"2021-03-07 16:05:00",26783,13.45,34.59,748,27.02,17.83
"2021-03-07 16:10:00",26784,13.46,34.64,748,26.94,18.95
"2021-03-07 16:15:00",26785,13.46,34.68,747.9,27.08,20.84
"2021-03-07 16:20:00",26786,13.45,34.67,747.8,26.69,20.33
"2021-03-07 16:25:00",26787,13.46,34.5,747.9,26.01,22.24
"2021-03-07 16:30:00",26788,13.45,34.22,747.8,25.58,22.35
"2021-03-07 16:35:00",26789,13.45,33.81,747.7,26.38,22.47
"2021-03-07 16:40:00",26790,13.45,33.59,747.7,26.97,19.76
"2021-03-07 16:45:00",26791,13.45,33.63,747.6,26.95,20.49
"2021-03-07 16:50:00",26792,13.45,33.72,747.6,26.86,19.37
"2021-03-07 16:55:00",26793,13.45,33.78,747.5,26.96,19.23
"2021-03-07 17:00:00",26794,13.45,33.86,747.5,26.3,19.96
"2021-03-07 17:05:00",26795,13.45,33.89,747.5,27.15,20.29
"2021-03-07 17:10:00",26796,13.45,33.96,747.4,27.2,15.52
"2021-03-07 17:15:00",26797,13.45,34.03,747.4,26.96,15.3
"2021-03-07 17:20:00",26798,13.45,34.07,747.4,27.42,15.71
"2021-03-07 17:25:00",26799,13.45,34.15,747.4,26.45,20.63
"2021-03-07 17:30:00",26800,13.45,34.09,747.5,25.91,23.96
"2021-03-07 17:35:00",26801,13.45,33.92,747.5,26.04,20.23
"2021-03-07 17:40:00",26802,13.45,33.73,747.6,25.92,19.94
"2021-03-07 17:45:00",26803,13.45,33.53,747.6,25.68,19.3
"2021-03-07 17:50:00",26804,13.45,33.3,747.6,25.67,21.8
"2021-03-07 17:55:00",26805,13.45,32.97,747.7,25.13,26.92
"2021-03-07 18:00:00",26806,13.31,32.06,747.7,24.58,29.18
"2021-03-07 18:05:00",26807,13.19,31.29,747.7,24.45,30.25
"2021-03-07 18:10:00",26808,13.14,30.67,747.8,24.13,31.4
"2021-03-07 18:15:00",26809,13.11,30.09,747.8,24.02,32.47
"2021-03-07 18:20:00",26810,13.08,29.62,747.9,23.82,33.02
"2021-03-07 18:25:00",26811,13.06,29.13,747.9,23.54,33.66
"2021-03-07 18:30:00",26812,13.03,28.69,747.9,23.29,32.77
"2021-03-07 18:35:00",26813,13.01,28.17,747.9,23.09,33.75
"2021-03-07 18:40:00",26814,13,27.61,748,22.91,34.8
"2021-03-07 18:45:00",26815,12.98,27.08,748,22.65,36.49
"2021-03-07 18:50:00",26816,12.98,26.52,748.1,22.53,37.37
"2021-03-07 18:55:00",26817,12.97,25.98,748.1,22.34,37.84
"2021-03-07 19:00:00",26818,12.97,25.52,748.2,22.23,38.36
"2021-03-07 19:05:00",26819,12.96,25.13,748.3,22.05,38.27
"2021-03-07 19:10:00",26820,12.96,24.81,748.3,21.96,38.52
"2021-03-07 19:15:00",26821,12.96,24.48,748.4,21.74,39.35
"2021-03-07 19:20:00",26822,12.96,24.19,748.5,21.55,40.14
"2021-03-07 19:25:00",26823,12.95,23.92,748.7,21.34,40.22
"2021-03-07 19:30:00",26824,12.95,23.67,748.8,21.41,39.71
"2021-03-07 19:35:00",26825,12.95,23.45,748.9,21.31,38.98
"2021-03-07 19:40:00",26826,12.94,23.27,749,21.24,38.51
"2021-03-07 19:45:00",26827,12.94,23.1,749.1,21.09,38.63
"2021-03-07 19:50:00",26828,12.94,22.92,749.2,20.99,39.04
"2021-03-07 19:55:00",26829,12.93,22.73,749.4,20.83,39.12
"2021-03-07 20:00:00",26830,12.93,22.55,749.6,20.48,41.22
"2021-03-07 20:05:00",26831,12.93,22.41,749.7,20.57,40.69
"2021-03-07 20:10:00",26832,12.93,22.32,749.8,20.81,39.09
"2021-03-07 20:15:00",26833,12.92,22.26,749.9,20.96,39.14
"2021-03-07 20:20:00",26834,12.92,22.23,750,21.19,36.77
"2021-03-07 20:25:00",26835,12.92,22.22,750,21.33,36.49
"2021-03-07 20:30:00",26836,12.92,22.22,750,21.28,36.55
"2021-03-07 20:35:00",26837,12.92,22.2,750.2,21.21,36.94
"2021-03-07 20:40:00",26838,12.92,22.22,750.2,21.16,37.49
"2021-03-07 20:45:00",26839,12.91,22.24,750.4,21.04,37.84
"2021-03-07 20:50:00",26840,12.91,22.23,750.6,20.94,38.16
"2021-03-07 20:55:00",26841,12.91,22.23,750.6,20.79,38.47
"2021-03-07 21:00:00",26842,12.91,22.22,750.6,20.47,39.87
"2021-03-07 21:05:00",26843,12.91,22.19,750.7,20.22,41.07
"2021-03-07 21:10:00",26844,12.91,22.16,750.8,20.24,41.36
"2021-03-07 21:15:00",26845,12.9,22.1,750.9,20.24,40.94
"2021-03-07 21:20:00",26846,12.9,22.05,751,20.36,41.02
"2021-03-07 21:25:00",26847,12.9,22,751.1,20.09,42.6
"2021-03-07 21:30:00",26848,12.9,21.92,751.2,20.1,41.83
"2021-03-07 21:35:00",26849,12.9,21.86,751.3,20.32,40.17
"2021-03-07 21:40:00",26850,12.9,21.83,751.3,20.34,41.02
"2021-03-07 21:45:00",26851,12.89,21.83,751.4,20.17,40.8
"2021-03-07 21:50:00",26852,12.89,21.82,751.4,20.22,40.84
"2021-03-07 21:55:00",26853,12.89,21.78,751.5,20.08,41.95
"2021-03-07 22:00:00",26854,12.89,21.74,751.5,19.88,42.38
"2021-03-07 22:05:00",26855,12.89,21.69,751.5,19.71,43.58
"2021-03-07 22:10:00",26856,12.89,21.51,751.6,19.6,43.73
"2021-03-07 22:15:00",26857,12.89,21.39,751.5,19.44,44.76
"2021-03-07 22:20:00",26858,12.89,21.25,751.5,19.24,45.15
"2021-03-07 22:25:00",26859,12.88,21.12,751.5,19.1,46.06
"2021-03-07 22:30:00",26860,12.88,20.93,751.5,18.99,46.33
"2021-03-07 22:35:00",26861,12.88,20.75,751.5,18.83,46.78
"2021-03-07 22:40:00",26862,12.88,20.56,751.5,18.62,47.64
"2021-03-07 22:45:00",26863,12.88,20.38,751.6,18.51,48.16
"2021-03-07 22:50:00",26864,12.88,20.2,751.6,18.44,48.34
"2021-03-07 22:55:00",26865,12.87,20.04,751.7,18.37,48.39
"2021-03-07 23:00:00",26866,12.87,19.87,751.6,18.27,48.82
"2021-03-07 23:05:00",26867,12.87,19.69,751.6,18.22,48.53
"2021-03-07 23:10:00",26868,12.87,19.53,751.6,18.19,48.84
"2021-03-07 23:15:00",26869,12.87,19.38,751.6,18.02,49.35
"2021-03-07 23:20:00",26870,12.87,19.28,751.6,17.87,49.86
"2021-03-07 23:25:00",26871,12.86,19.15,751.5,17.82,49.98
"2021-03-07 23:30:00",26872,12.86,19.02,751.6,17.79,49.35
"2021-03-07 23:35:00",26873,12.86,18.91,751.6,17.65,50.83
"2021-03-07 23:40:00",26874,12.86,18.8,751.6,17.5,50.68
"2021-03-07 23:45:00",26875,12.86,18.67,751.7,17.43,50.46
"2021-03-07 23:50:00",26876,12.86,18.59,751.7,17.43,50.58
"2021-03-07 23:55:00",26877,12.85,18.51,751.7,17.3,51.77
"2021-03-08 00:00:00",26878,12.85,18.42,751.7,17.1,52.27
"2021-03-08 00:05:00",26879,12.85,18.32,751.7,16.87,52.52
"2021-03-08 00:10:00",26880,12.85,18.22,751.7,16.73,53.21
"2021-03-08 00:15:00",26881,12.85,18.14,751.7,16.74,52.93
"2021-03-08 00:20:00",26882,12.85,18.06,751.6,16.93,51.75
"2021-03-08 00:25:00",26883,12.85,17.99,751.6,17.07,51.99
"2021-03-08 00:30:00",26884,12.85,17.93,751.6,17.13,51.13
"2021-03-08 00:35:00",26885,12.84,17.9,751.6,17.25,50.46
"2021-03-08 00:40:00",26886,12.84,17.91,751.6,17.27,51.18
"2021-03-08 00:45:00",26887,12.84,17.92,751.6,17.34,49.48
"2021-03-08 00:50:00",26888,12.84,17.92,751.6,17.41,50.17
"2021-03-08 00:55:00",26889,12.84,17.96,751.6,17.36,49.67
"2021-03-08 01:00:00",26890,12.84,18,751.6,17.43,49.62
"2021-03-08 01:05:00",26891,12.83,18.08,751.6,17.36,49.92
"2021-03-08 01:10:00",26892,12.83,18.12,751.5,17.33,50.47
"2021-03-08 01:15:00",26893,12.83,18.13,751.5,17.21,51.54
"2021-03-08 01:20:00",26894,12.83,18.14,751.5,17.05,52.02
"2021-03-08 01:25:00",26895,12.83,18.11,751.5,17.08,52.48
"2021-03-08 01:30:00",26896,12.83,18.12,751.5,17.18,52.44
"2021-03-08 01:35:00",26897,12.83,18.14,751.6,16.86,55.31
"2021-03-08 01:40:00",26898,12.82,18.16,751.6,16.44,57.89
"2021-03-08 01:45:00",26899,12.82,18.15,751.7,16.36,58.54
"2021-03-08 01:50:00",26900,12.82,18.15,751.8,16.53,57.24
"2021-03-08 01:55:00",26901,12.82,18.16,751.9,16.4,60.68
"2021-03-08 02:00:00",26902,12.82,18.18,751.9,16.37,60.71
"2021-03-08 02:05:00",26903,12.82,18.19,751.9,16.26,59.91
"2021-03-08 02:10:00",26904,12.82,18.18,751.9,16.12,60.6
"2021-03-08 02:15:00",26905,12.81,18.17,751.9,16.08,60.81
"2021-03-08 02:20:00",26906,12.81,18.14,751.8,16.16,59.92
"2021-03-08 02:25:00",26907,12.81,18.11,751.8,16.23,60.05
"2021-03-08 02:30:00",26908,12.81,18.07,751.7,16.25,59.67
"2021-03-08 02:35:00",26909,12.81,18.06,751.7,16.25,59.73
"2021-03-08 02:40:00",26910,12.8,18.04,751.7,16.22,60.08
"2021-03-08 02:45:00",26911,12.8,18.01,751.7,16.32,58.26
"2021-03-08 02:50:00",26912,12.8,18.02,751.7,16.55,59.62
"2021-03-08 02:55:00",26913,12.8,18,751.6,16.44,61.08
"2021-03-08 03:00:00",26914,12.8,18.01,751.6,16.36,60.55
"2021-03-08 03:05:00",26915,12.79,18.01,751.6,16.28,60.18
"2021-03-08 03:10:00",26916,12.79,18,751.5,16.42,59.33
"2021-03-08 03:15:00",26917,12.79,18.01,751.5,16.55,58.6
"2021-03-08 03:20:00",26918,12.78,18.02,751.4,16.61,58.25
"2021-03-08 03:25:00",26919,12.78,18.04,751.4,16.76,57.57
"2021-03-08 03:30:00",26920,12.8,18.08,751.4,16.78,58.06
"2021-03-08 03:35:00",26921,12.79,18.05,751.5,16.12,64.29
"2021-03-08 03:40:00",26922,12.79,18.01,751.4,16.05,64.72
"2021-03-08 03:45:00",26923,12.79,17.97,751.3,15.99,64
"2021-03-08 03:50:00",26924,12.79,17.84,751.3,16.05,64.19
"2021-03-08 03:55:00",26925,12.79,17.75,751.3,16.03,64.8
"2021-03-08 04:00:00",26926,12.78,17.67,751.3,16.03,63.47
"2021-03-08 04:05:00",26927,12.78,17.57,751.4,15.9,64.87
"2021-03-08 04:10:00",26928,12.78,17.45,751.3,15.65,66.88
"2021-03-08 04:15:00",26929,12.78,17.33,751.3,15.49,66.76
"2021-03-08 04:20:00",26930,12.77,17.17,751.3,15.5,67
"2021-03-08 04:25:00",26931,12.77,17.01,751.2,15.59,65.61
"2021-03-08 04:30:00",26932,12.77,16.86,751.2,15.78,64.02
"2021-03-08 04:35:00",26933,12.76,16.74,751.2,15.71,63.45
"2021-03-08 04:40:00",26934,12.76,16.63,751.1,15.82,61.63
"2021-03-08 04:45:00",26935,12.76,16.55,751.1,15.93,60.63
"2021-03-08 04:50:00",26936,12.76,16.52,751.1,15.72,61.7
"2021-03-08 04:55:00",26937,12.75,16.47,751.1,15.38,63.13
"2021-03-08 05:00:00",26938,12.75,16.41,751.2,14.99,66.32
"2021-03-08 05:05:00",26939,12.74,16.31,751.2,14.77,69.39
"2021-03-08 05:10:00",26940,12.74,16.21,751.2,14.6,70.73
"2021-03-08 05:15:00",26941,12.74,16.07,751.3,14.41,71.73
"2021-03-08 05:20:00",26942,12.73,15.93,751.4,14.15,72.73
"2021-03-08 05:25:00",26943,12.73,15.77,751.4,14.13,72.78
"2021-03-08 05:30:00",26944,12.72,15.62,751.5,14.2,72.03
"2021-03-08 05:35:00",26945,12.72,15.48,751.6,14.36,70.92
"2021-03-08 05:40:00",26946,12.72,15.39,751.6,14.24,70.27
"2021-03-08 05:45:00",26947,12.71,15.3,751.6,14.66,68.64
"2021-03-08 05:50:00",26948,12.71,15.28,751.6,14.88,67.93
"2021-03-08 05:55:00",26949,12.71,15.27,751.6,14.61,69.99
"2021-03-08 06:00:00",26950,12.7,15.25,751.7,14.42,71.56
"2021-03-08 06:05:00",26951,12.7,15.21,751.8,13.77,75.7
"2021-03-08 06:10:00",26952,12.7,15.05,751.8,13.64,75.75
"2021-03-08 06:15:00",26953,12.69,14.96,751.9,13.65,75.05
"2021-03-08 06:20:00",26954,12.69,14.89,751.9,13.65,75
"2021-03-08 06:25:00",26955,12.69,14.87,752,13.71,74.64
"2021-03-08 06:30:00",26956,12.7,14.86,752,13.61,75.58
"2021-03-08 06:35:00",26957,12.72,14.8,752.1,13.49,75.55
"2021-03-08 06:40:00",26958,12.78,14.79,752.1,13.69,75.48
"2021-03-08 06:45:00",26959,12.86,14.81,752.1,14.1,73.77
"2021-03-08 06:50:00",26960,13,14.97,752.2,14.6,71.71
"2021-03-08 06:55:00",26961,13.16,15.2,752.2,15.16,69.51
"2021-03-08 07:00:00",26962,13.35,15.53,752.2,15.27,68.96
"2021-03-08 07:05:00",26963,13.5,15.96,752.2,16.12,66.41
"2021-03-08 07:10:00",26964,13.6,16.45,752.3,16.62,64.23
"2021-03-08 07:15:00",26965,13.68,17.03,752.3,16.63,63.61
"2021-03-08 07:20:00",26966,13.74,17.66,752.3,17.68,59.78
"2021-03-08 07:25:00",26967,13.81,18.37,752.4,18.73,56.81
"2021-03-08 07:30:00",26968,13.9,19.16,752.5,18.4,58.19
"2021-03-08 07:35:00",26969,13.76,20.83,752.5,18.73,58.33
"2021-03-08 07:40:00",26970,13.7,21.68,752.5,18.92,58.18
"2021-03-08 07:45:00",26971,13.7,22.36,752.6,19.41,55.47
"2021-03-08 07:50:00",26972,13.68,22.96,752.6,19.49,54.37
"2021-03-08 07:55:00",26973,13.67,23.49,752.7,18.56,56.39
"2021-03-08 08:00:00",26974,13.65,24,752.7,19.38,52.99
"2021-03-08 08:05:00",26975,13.65,24.44,752.7,19.76,52.49
"2021-03-08 08:10:00",26976,13.65,24.92,752.7,19.97,50.02
"2021-03-08 08:15:00",26977,13.62,25.34,752.8,19.54,50.58
"2021-03-08 08:20:00",26978,13.62,25.7,752.8,19.06,51.05
"2021-03-08 08:25:00",26979,13.62,26.01,752.8,19.3,50.9
"2021-03-08 08:30:00",26980,13.62,26.28,752.8,19.4,49.66
"2021-03-08 08:35:00",26981,13.6,26.5,752.8,20.26,48.77
"2021-03-08 08:40:00",26982,13.6,26.81,752.7,20.68,46.48
"2021-03-08 08:45:00",26983,13.6,27.18,752.7,19.92,48.53
"2021-03-08 08:50:00",26984,13.6,27.47,752.7,19.94,47.11
"2021-03-08 08:55:00",26985,13.58,27.61,752.7,20.36,46.24
"2021-03-08 09:00:00",26986,13.58,27.78,752.8,19.78,48.51
"2021-03-08 09:05:00",26987,13.58,28.02,752.8,20.36,46.88
"2021-03-08 09:10:00",26988,13.58,28.28,752.8,20.42,45.46
"2021-03-08 09:15:00",26989,13.58,28.51,752.8,20.51,45.59
"2021-03-08 09:20:00",26990,13.58,28.76,752.7,21.34,44.22
"2021-03-08 09:25:00",26991,13.55,28.96,752.7,20.7,45.59
"2021-03-08 09:30:00",26992,13.55,29.17,752.7,21.63,43.81
"2021-03-08 09:35:00",26993,13.55,29.41,752.7,20.64,46.44
"2021-03-08 09:40:00",26994,13.55,29.57,752.7,21.63,44.64
"2021-03-08 09:45:00",26995,13.56,29.77,752.8,21.89,41.51
"2021-03-08 09:50:00",26996,13.53,29.97,752.8,21.36,42.74
"2021-03-08 09:55:00",26997,13.53,30.11,752.8,21.02,44.06
"2021-03-08 10:00:00",26998,13.53,30.24,752.8,21.37,42.46
"2021-03-08 10:05:00",26999,13.53,30.42,752.7,22.02,41.59
"2021-03-08 10:10:00",27000,13.53,30.65,752.8,21.47,41.01
"2021-03-08 10:15:00",27001,13.53,30.82,752.8,21.4,40.26
"2021-03-08 10:20:00",27002,13.53,30.93,752.7,22.42,39.29
"2021-03-08 10:25:00",27003,13.51,31.17,752.7,22.57,38.39
"2021-03-08 10:30:00",27004,13.51,31.41,752.7,22.35,38.79
"2021-03-08 10:35:00",27005,13.51,31.56,752.7,21.88,39.17
"2021-03-08 10:40:00",27006,13.51,31.65,752.7,22.43,38.47
"2021-03-08 10:45:00",27007,13.51,31.72,752.6,22.35,37.84
"2021-03-08 10:50:00",27008,13.51,31.83,752.6,23.11,35.81
"2021-03-08 10:55:00",27009,13.51,32.01,752.6,22.61,36.75
"2021-03-08 11:00:00",27010,13.49,32.17,752.5,23.73,35.34
"2021-03-08 11:05:00",27011,13.49,32.43,752.5,23.75,34.61
"2021-03-08 11:10:00",27012,13.49,32.61,752.4,23.02,38.67
"2021-03-08 11:15:00",27013,13.49,32.75,752.3,23.53,35.29
"2021-03-08 11:20:00",27014,13.49,32.95,752.2,25.04,33.66
"2021-03-08 11:25:00",27015,13.47,33.22,752.1,23.83,33.89
"2021-03-08 11:30:00",27016,13.47,33.39,752,23.33,37.15
"2021-03-08 11:35:00",27017,13.47,33.48,752,23.36,36.66
"2021-03-08 11:40:00",27018,13.47,33.55,751.9,24.79,33.57
"2021-03-08 11:45:00",27019,13.47,33.64,751.8,23.87,34.82
"2021-03-08 11:50:00",27020,13.47,33.6,751.7,23.59,36.81
"2021-03-08 11:55:00",27021,13.47,33.48,751.7,23.49,35.81
"2021-03-08 12:00:00",27022,13.47,33.31,751.6,23.95,35.86
"2021-03-08 12:05:00",27023,13.47,33.24,751.5,24.16,35.85
"2021-03-08 12:10:00",27024,13.47,33.23,751.4,25.08,33.33
"2021-03-08 12:15:00",27025,13.47,33.11,751.4,23.78,36.47
"2021-03-08 12:20:00",27026,13.47,32.82,751.3,24.63,35.49
"2021-03-08 12:25:00",27027,13.47,32.51,751.3,23.2,37.77
"2021-03-08 12:30:00",27028,13.47,32.16,751.2,23.6,37.15
"2021-03-08 12:35:00",27029,13.47,31.87,751.1,24.03,36.63
"2021-03-08 12:40:00",27030,13.47,31.69,751,24.64,35.89
"2021-03-08 12:45:00",27031,13.47,31.64,750.9,24.72,34.03
"2021-03-08 12:50:00",27032,13.47,31.6,750.8,24.27,34.93
"2021-03-08 12:55:00",27033,13.47,31.53,750.8,24.19,33.92
"2021-03-08 13:00:00",27034,13.47,31.41,750.7,23.28,36.09
"2021-03-08 13:05:00",27035,13.47,31.17,750.7,23.43,38.41
"2021-03-08 13:10:00",27036,13.47,30.9,750.7,23.01,40.4
"2021-03-08 13:15:00",27037,13.47,30.58,750.6,22.39,41.05
"2021-03-08 13:20:00",27038,13.47,30.24,750.5,22.35,44.47
"2021-03-08 13:25:00",27039,13.47,29.78,750.4,21.97,44.71
"2021-03-08 13:30:00",27040,13.47,29.32,750.4,22.53,43.3
"2021-03-08 13:35:00",27041,13.47,29.02,750.6,22.16,40.83
"2021-03-08 13:40:00",27042,13.5,28.82,750.8,22.55,39.96
"2021-03-08 13:45:00",27043,13.48,28.55,750.9,21.13,45.64
"2021-03-08 13:50:00",27044,13.2,26.77,751.5,14.5,69.54
"2021-03-08 13:55:00",27045,13.14,23.98,751.2,14.03,71.94
"2021-03-08 14:00:00",27046,13.08,21.54,751.2,14.86,68.3
"2021-03-08 14:05:00",27047,13.04,19.85,751.3,14.83,68.24
"2021-03-08 14:10:00",27048,13.02,18.72,751.3,14.65,77.81
"2021-03-08 14:15:00",27049,13.01,17.95,751.2,14.6,72.85
"2021-03-08 14:20:00",27050,13,17.43,751,14.77,72.4
"2021-03-08 14:25:00",27051,12.99,17.07,751.1,14.79,69.1
"2021-03-08 14:30:00",27052,12.99,16.8,751.2,15.04,72.13
"2021-03-08 14:35:00",27053,12.98,16.57,751.2,14.92,73.76
"2021-03-08 14:40:00",27054,12.97,16.43,751.1,14.71,71.36
"2021-03-08 14:45:00",27055,12.97,16.34,750.8,15.5,61.43
"2021-03-08 14:50:00",27056,12.97,16.32,750.9,15.28,62.25
"2021-03-08 14:55:00",27057,12.98,16.28,750.7,14.8,66.17
"2021-03-08 15:00:00",27058,12.97,16.27,750.7,14.43,70.79
"2021-03-08 15:05:00",27059,12.97,16.23,750.7,14.25,73.37
"2021-03-08 15:10:00",27060,12.98,16.2,750.9,14.54,68.71
"2021-03-08 15:15:00",27061,12.99,16.22,751.1,14.67,68.47
"2021-03-08 15:20:00",27062,13.04,16.3,751.1,14.57,73.83
"2021-03-08 15:25:00",27063,13.11,16.4,751.1,14.56,71.5
"2021-03-08 15:30:00",27064,13.23,16.54,750.9,14.65,71.77
"2021-03-08 15:35:00",27065,13.58,16.78,750.9,14.96,73.63
"2021-03-08 15:40:00",27066,13.8,17.72,750.8,14.66,75.18
"2021-03-08 15:45:00",27067,13.78,18.24,750.8,15.32,68.91
"2021-03-08 15:50:00",27068,13.78,18.56,750.9,16.01,65.36
"2021-03-08 15:55:00",27069,13.76,18.82,750.9,16.16,62.31
"2021-03-08 16:00:00",27070,13.76,19.06,751.1,16.29,63.9
"2021-03-08 16:05:00",27071,13.76,19.28,751.1,16.21,62.65
"2021-03-08 16:10:00",27072,13.76,19.44,751.2,16.46,58.46
"2021-03-08 16:15:00",27073,13.68,19.12,750.6,15.33,65.83
"2021-03-08 16:20:00",27074,13.58,18.67,750.6,15.1,66.51
"2021-03-08 16:25:00",27075,13.35,18.05,750.8,15.14,66.61
"2021-03-08 16:30:00",27076,13.25,17.66,751,15.4,64.61
"2021-03-08 16:35:00",27077,13.28,17.5,751.1,15.05,67.09
"2021-03-08 16:40:00",27078,13.7,17.47,751.2,15,67.46
"2021-03-08 16:45:00",27079,13.83,17.72,751.4,15.14,66.26
"2021-03-08 16:50:00",27080,13.36,17.24,751.6,14.94,69.79
"2021-03-08 16:55:00",27081,13.31,16.9,751.9,14.88,68.07
"2021-03-08 17:00:00",27082,13.15,16.6,752.8,14.83,71.7
"2021-03-08 17:05:00",27083,13.1,16.24,753.2,14.46,74.09
"2021-03-08 17:10:00",27084,13.12,15.92,753.2,14.25,75.09
"2021-03-08 17:15:00",27085,13.12,15.65,753.3,13.76,76.14
"2021-03-08 17:20:00",27086,13.07,15.35,753.4,13.69,80.2
"2021-03-08 17:25:00",27087,13.03,15.06,753.4,13.48,79.53
"2021-03-08 17:30:00",27088,13,14.82,753.5,13.43,81.1
"2021-03-08 17:35:00",27089,12.98,14.63,753.6,13.39,85.4
"2021-03-08 17:40:00",27090,12.96,14.48,753.7,13.23,84.1
"2021-03-08 17:45:00",27091,12.96,14.38,753.8,13.03,80.8
"2021-03-08 17:50:00",27092,12.95,14.24,753.9,12.92,85.2
"2021-03-08 17:55:00",27093,12.94,14.11,753.9,12.62,86.7
"2021-03-08 18:00:00",27094,12.94,14,754.1,12.68,86
"2021-03-08 18:05:00",27095,12.99,13.89,754.2,12.58,85.6
"2021-03-08 18:10:00",27096,13.01,13.78,754.3,12.5,90.3
"2021-03-08 18:15:00",27097,12.99,13.7,754.2,12.4,90.3
"2021-03-08 18:20:00",27098,12.94,13.63,754.3,12.42,90.8
"2021-03-08 18:25:00",27099,12.89,13.53,754.5,12.39,91.8
"2021-03-08 18:30:00",27100,12.87,13.49,754.7,12.36,92
"2021-03-08 18:35:00",27101,12.87,13.44,754.7,12.37,91.6
"2021-03-08 18:40:00",27102,12.86,13.4,754.6,12.21,90.7
"2021-03-08 18:45:00",27103,12.86,13.3,754.6,12.18,92.7
"2021-03-08 18:50:00",27104,12.86,13.2,754.5,12.14,92.3
"2021-03-08 18:55:00",27105,12.86,13.12,754.2,12.18,93.2
"2021-03-08 19:00:00",27106,12.85,13.06,753.9,12.18,92.2
"2021-03-08 19:05:00",27107,12.85,13.01,753.6,12.21,92.5
"2021-03-08 19:10:00",27108,12.86,12.98,753.4,12.18,91.4
"2021-03-08 19:15:00",27109,12.85,12.94,753.1,12.12,90.7
"2021-03-08 19:20:00",27110,12.86,12.9,752.9,12.09,91.6
"2021-03-08 19:25:00",27111,12.85,12.89,752.8,11.98,91.3
"2021-03-08 19:30:00",27112,12.85,12.85,753,12.14,89.2
"2021-03-08 19:35:00",27113,12.85,12.82,753.1,12.26,90
"2021-03-08 19:40:00",27114,12.85,12.77,753.1,12.04,90.3
"2021-03-08 19:45:00",27115,12.85,12.72,753.2,11.99,88.4
"2021-03-08 19:50:00",27116,12.85,12.67,753.1,11.84,90.9
"2021-03-08 19:55:00",27117,12.85,12.59,753.3,11.83,90.1
"2021-03-08 20:00:00",27118,12.85,12.54,753.4,11.81,90
"2021-03-08 20:05:00",27119,12.85,12.49,753.7,12.02,90.5
"2021-03-08 20:10:00",27120,12.85,12.46,753.8,12.26,90.5
"2021-03-08 20:15:00",27121,12.85,12.48,753.9,12.35,87.9
"2021-03-08 20:20:00",27122,12.85,12.48,753.9,12.52,85.3
"2021-03-08 20:25:00",27123,12.85,12.52,753.9,12.61,83.3
"2021-03-08 20:30:00",27124,12.85,12.56,753.9,12.67,84.4
"2021-03-08 20:35:00",27125,12.85,12.57,754.1,12.62,85.9
"2021-03-08 20:40:00",27126,12.85,12.59,754.2,12.7,86
"2021-03-08 20:45:00",27127,12.85,12.6,754.3,12.65,86.7
"2021-03-08 20:50:00",27128,12.84,12.63,754.5,12.78,86.3
"2021-03-08 20:55:00",27129,12.85,12.66,754.5,12.79,86.2
"2021-03-08 21:00:00",27130,12.85,12.69,754.5,12.65,86.8
"2021-03-08 21:05:00",27131,12.85,12.73,754.6,12.46,88
"2021-03-08 21:10:00",27132,12.85,12.71,754.7,12.36,89.4
"2021-03-08 21:15:00",27133,12.85,12.65,754.6,12.14,90.8
"2021-03-08 21:20:00",27134,12.85,12.59,754.8,12.05,91.8
"2021-03-08 21:25:00",27135,12.84,12.54,755,12.1,91.3
"2021-03-08 21:30:00",27136,12.85,12.51,755,12.14,90.5
"2021-03-08 21:35:00",27137,12.84,12.55,755,12.14,89.8
"2021-03-08 21:40:00",27138,12.84,12.6,755.1,12.07,91
"2021-03-08 21:45:00",27139,12.85,12.63,755.2,12.02,90.7
"2021-03-08 21:50:00",27140,12.83,12.75,755.3,12.01,91
"2021-03-08 21:55:00",27141,12.83,12.98,755.4,12.01,90.8
"2021-03-08 22:00:00",27142,12.83,13.07,755.4,12.18,90.2
"2021-03-08 22:05:00",27143,12.83,13.14,755.5,12.32,89.6
"2021-03-08 22:10:00",27144,12.83,13.17,755.5,12.26,91.1
"2021-03-08 22:15:00",27145,12.82,13.2,755.5,12.21,90.3
"2021-03-08 22:20:00",27146,12.82,13.25,755.5,12.18,90.6
"2021-03-08 22:25:00",27147,12.83,13.26,755.6,12.13,90.3
"2021-03-08 22:30:00",27148,12.82,13.26,755.7,12.04,90.9
"2021-03-08 22:35:00",27149,12.82,13.25,755.6,12.02,91
"2021-03-08 22:40:00",27150,12.82,13.22,755.6,11.96,91
"2021-03-08 22:45:00",27151,12.82,13.14,755.7,11.98,91.2
"2021-03-08 22:50:00",27152,12.82,13.09,755.7,11.95,91.4
"2021-03-08 22:55:00",27153,12.82,13.04,755.7,11.91,91.6
"2021-03-08 23:00:00",27154,12.82,13.02,755.8,11.88,92.5
"2021-03-08 23:05:00",27155,12.81,12.99,755.9,11.82,92.2
"2021-03-08 23:10:00",27156,12.81,12.95,756,11.85,92.1
"2021-03-08 23:15:00",27157,12.81,12.95,756,11.93,91.9
"2021-03-08 23:20:00",27158,12.81,12.99,755.9,11.96,92.3
"2021-03-08 23:25:00",27159,12.81,13.02,755.9,11.92,92.3
"2021-03-08 23:30:00",27160,12.81,13.05,755.9,11.88,91.7
"2021-03-08 23:35:00",27161,12.81,13.04,755.9,11.98,90.1
"2021-03-08 23:40:00",27162,12.81,13.03,755.9,12.06,89
"2021-03-08 23:45:00",27163,12.81,13.04,755.8,12.04,89.6
"2021-03-08 23:50:00",27164,12.81,13.04,755.9,12.01,90.1
"2021-03-08 23:55:00",27165,12.8,13.05,755.8,11.98,90.1
"2021-03-09 00:00:00",27166,12.8,13.05,755.5,12.03,89.7
"2021-03-09 00:05:00",27167,12.8,13.06,755.5,12.07,89.4
"2021-03-09 00:10:00",27168,12.8,13.04,755.7,12.02,90.5
"2021-03-09 00:15:00",27169,12.8,13.02,755.6,11.95,91.5
"2021-03-09 00:20:00",27170,12.8,12.97,755.5,11.89,92.3
"2021-03-09 00:25:00",27171,12.8,12.93,755.4,11.79,93.2
"2021-03-09 00:30:00",27172,12.79,12.85,755.3,11.68,93.8
"2021-03-09 00:35:00",27173,12.79,12.76,755.3,11.55,93.8
"2021-03-09 00:40:00",27174,12.79,12.66,755.3,11.66,93.3
"2021-03-09 00:45:00",27175,12.79,12.49,755.3,11.63,92.8
"2021-03-09 00:50:00",27176,12.79,12.39,755.2,11.45,93.2
"2021-03-09 00:55:00",27177,12.78,12.31,755.2,11.43,93.9
"2021-03-09 01:00:00",27178,12.78,12.25,755.1,11.51,94.4
"2021-03-09 01:05:00",27179,12.78,12.18,755.1,11.45,94.2
"2021-03-09 01:10:00",27180,12.78,12.14,755.1,11.23,94.6
"2021-03-09 01:15:00",27181,12.78,12.05,755,11.09,95.3
"2021-03-09 01:20:00",27182,12.77,11.97,755,11.05,95.4
"2021-03-09 01:25:00",27183,12.77,11.89,754.9,11.01,95.8
"2021-03-09 01:30:00",27184,12.77,11.81,754.9,10.91,95.9
"2021-03-09 01:35:00",27185,12.77,11.76,754.9,10.89,96
"2021-03-09 01:40:00",27186,12.76,11.7,754.8,10.85,96.2
"2021-03-09 01:45:00",27187,12.76,11.67,754.7,10.87,96.2
"2021-03-09 01:50:00",27188,12.76,11.63,754.7,10.83,96.1
"2021-03-09 01:55:00",27189,12.76,11.57,754.7,10.83,96.2
"2021-03-09 02:00:00",27190,12.75,11.53,754.6,10.82,96.3
"2021-03-09 02:05:00",27191,12.75,11.5,754.5,10.85,96.2
"2021-03-09 02:10:00",27192,12.75,11.46,754.5,10.87,96
"2021-03-09 02:15:00",27193,12.75,11.43,754.5,10.85,95.8
"2021-03-09 02:20:00",27194,12.74,11.4,754.5,10.89,95.7
"2021-03-09 02:25:00",27195,12.74,11.38,754.6,10.87,95.6
"2021-03-09 02:30:00",27196,12.74,11.37,754.5,10.81,95.7
"2021-03-09 02:35:00",27197,12.74,11.37,754.4,10.71,96
"2021-03-09 02:40:00",27198,12.73,11.34,754.3,10.6,96.5
"2021-03-09 02:45:00",27199,12.73,11.33,754.3,10.67,96.7
"2021-03-09 02:50:00",27200,12.73,11.31,754.3,10.76,96.6
"2021-03-09 02:55:00",27201,12.73,11.29,754.3,10.81,96.7
"2021-03-09 03:00:00",27202,12.72,11.32,754.3,10.84,96.7
"2021-03-09 03:05:00",27203,12.72,11.38,754.2,10.83,96.6
"2021-03-09 03:10:00",27204,12.72,11.43,754.1,10.74,96.6
"2021-03-09 03:15:00",27205,12.72,11.48,754,10.65,96.9
"2021-03-09 03:20:00",27206,12.71,11.5,754.1,10.68,97.2
"2021-03-09 03:25:00",27207,12.71,11.48,754.1,10.65,97.2
"2021-03-09 03:30:00",27208,12.71,11.48,754.1,10.69,97
"2021-03-09 03:35:00",27209,12.7,11.38,754.1,10.69,97.2
"2021-03-09 03:40:00",27210,12.7,11.36,754,10.6,97.3
"2021-03-09 03:45:00",27211,12.7,11.31,754,10.53,97.5
"2021-03-09 03:50:00",27212,12.69,11.28,754,10.49,97.6
"2021-03-09 03:55:00",27213,12.69,11.2,754,10.55,97.9
"2021-03-09 04:00:00",27214,12.69,11.17,753.9,10.63,97.9
"2021-03-09 04:05:00",27215,12.68,11.14,753.9,10.55,97.7
"2021-03-09 04:10:00",27216,12.68,11.08,753.9,10.49,97.9
"2021-03-09 04:15:00",27217,12.67,11.04,753.8,10.41,97.9
"2021-03-09 04:20:00",27218,12.67,11,753.8,10.32,97.8
"2021-03-09 04:25:00",27219,12.66,10.98,753.9,10.15,97.9
"2021-03-09 04:30:00",27220,12.66,10.92,753.9,10.21,98.3
"2021-03-09 04:35:00",27221,12.66,10.87,753.9,10.02,98.3
"2021-03-09 04:40:00",27222,12.65,10.79,753.9,10.12,98.6
"2021-03-09 04:45:00",27223,12.65,10.73,753.9,10.1,98.7
"2021-03-09 04:50:00",27224,12.65,10.72,753.8,10.24,98.8
"2021-03-09 04:55:00",27225,12.64,10.71,753.8,10.27,98.8
"2021-03-09 05:00:00",27226,12.64,10.71,753.8,10.2,98.7
"2021-03-09 05:05:00",27227,12.64,10.71,753.8,10.04,98.7
"2021-03-09 05:10:00",27228,12.63,10.64,753.8,10.14,99
"2021-03-09 05:15:00",27229,12.63,10.63,753.8,10.26,99.1
"2021-03-09 05:20:00",27230,12.63,10.6,753.8,10.09,98.9
"2021-03-09 05:25:00",27231,12.62,10.58,754,9.83,98.7
"2021-03-09 05:30:00",27232,12.62,10.55,753.9,9.72,98.5
"2021-03-09 05:35:00",27233,12.62,10.52,754,9.74,98.5
"2021-03-09 05:40:00",27234,12.62,10.47,754,9.85,98.7
"2021-03-09 05:45:00",27235,12.61,10.47,754.1,9.99,98.8
"2021-03-09 05:50:00",27236,12.61,10.47,754.1,9.92,98.8
"2021-03-09 05:55:00",27237,12.61,10.49,754.1,9.8,98.9
"2021-03-09 06:00:00",27238,12.61,10.48,754.1,9.82,99.1
"2021-03-09 06:05:00",27239,12.6,10.46,754.1,9.79,99.2
"2021-03-09 06:10:00",27240,12.6,10.44,754.2,9.68,99.3
"2021-03-09 06:15:00",27241,12.62,10.45,754.2,9.57,99.3
"2021-03-09 06:20:00",27242,12.62,10.42,754.2,9.44,99.4
"2021-03-09 06:25:00",27243,12.62,10.42,754.2,9.42,99.6
"2021-03-09 06:30:00",27244,12.62,10.43,754.3,9.53,99.8
"2021-03-09 06:35:00",27245,12.64,10.4,754.2,9.59,99.9
"2021-03-09 06:40:00",27246,12.66,10.41,754.3,9.7,100
"2021-03-09 06:45:00",27247,12.69,10.45,754.4,9.62,99.8
"2021-03-09 06:50:00",27248,12.75,10.52,754.4,9.65,99.7
"2021-03-09 06:55:00",27249,12.8,10.6,754.5,9.62,99.3
"2021-03-09 07:00:00",27250,12.95,10.78,754.6,9.7,98.8
"2021-03-09 07:05:00",27251,12.94,10.87,754.7,9.83,98.3
"2021-03-09 07:10:00",27252,12.91,10.96,754.7,10.12,97.4
"2021-03-09 07:15:00",27253,12.96,11.08,754.7,10.32,96.8
"2021-03-09 07:20:00",27254,13.06,11.24,754.7,10.49,96.3
"2021-03-09 07:25:00",27255,13.26,11.46,754.7,10.77,95.7
"2021-03-09 07:30:00",27256,13.4,11.63,754.7,10.75,96
"2021-03-09 07:35:00",27257,13.72,12.14,754.8,11.27,95.2
"2021-03-09 07:40:00",27258,13.6,12.19,754.9,11.28,94.4
"2021-03-09 07:45:00",27259,13.58,12.36,755,11.38,94.2
"2021-03-09 07:50:00",27260,13.67,12.56,755,11.37,91.5
"2021-03-09 07:55:00",27261,13.82,12.88,755.1,11.48,88.8
"2021-03-09 08:00:00",27262,13.9,13.22,755.1,11.77,86.5
"2021-03-09 08:05:00",27263,13.94,13.9,755.2,12.04,85.8
"2021-03-09 08:10:00",27264,13.85,15.17,755.1,13.28,81.8
"2021-03-09 08:15:00",27265,13.85,16.04,755.2,14.87,74.88
"2021-03-09 08:20:00",27266,13.82,16.98,755.3,16.76,65.99
"2021-03-09 08:25:00",27267,13.79,17.96,755.3,16.61,67.64
"2021-03-09 08:30:00",27268,13.76,18.93,755.3,15.81,68.6
"2021-03-09 08:35:00",27269,13.76,19.73,755.3,15.8,67.72
"2021-03-09 08:40:00",27270,13.73,20.42,755.5,15.36,69.73
"2021-03-09 08:45:00",27271,13.73,20.81,755.5,14.58,71.82
"2021-03-09 08:50:00",27272,13.73,21.09,755.6,15.24,71
"2021-03-09 08:55:00",27273,13.71,21.42,755.6,15.93,70.41
"2021-03-09 09:00:00",27274,13.7,21.66,755.6,15.12,71.98
"2021-03-09 09:05:00",27275,13.71,21.97,755.6,15.8,71.13
"2021-03-09 09:10:00",27276,13.7,22.43,755.7,17.21,64.18
"2021-03-09 09:15:00",27277,13.68,22.99,755.7,16.2,67.88
"2021-03-09 09:20:00",27278,13.68,23.32,755.7,14.98,74.28
"2021-03-09 09:25:00",27279,13.68,23.43,755.7,15.11,75.61
"2021-03-09 09:30:00",27280,13.68,23.47,755.7,15.33,71.53
"2021-03-09 09:35:00",27281,13.65,23.38,755.7,15.06,72.42
"2021-03-09 09:40:00",27282,13.65,23.25,755.7,14.76,71.94
"2021-03-09 09:45:00",27283,13.65,23.18,755.7,15.28,68.79
"2021-03-09 09:50:00",27284,13.65,23.22,755.7,15.77,66.75
"2021-03-09 09:55:00",27285,13.65,23.51,755.7,15.85,65.27
"2021-03-09 10:00:00",27286,13.65,23.74,755.7,16.26,64.34
"2021-03-09 10:05:00",27287,13.66,23.95,755.6,17.35,60.98
"2021-03-09 10:10:00",27288,13.66,24.36,755.6,17.29,57.17
"2021-03-09 10:15:00",27289,13.65,24.87,755.6,18.04,55.24
"2021-03-09 10:20:00",27290,13.63,25.38,755.6,18.49,52.62
"2021-03-09 10:25:00",27291,13.63,26.01,755.6,19.53,51.9
"2021-03-09 10:30:00",27292,13.6,26.61,755.6,18.98,46.17
"2021-03-09 10:35:00",27293,13.61,27.14,755.6,18.17,52.88
"2021-03-09 10:40:00",27294,13.61,27.49,755.5,17.99,51.5
"2021-03-09 10:45:00",27295,13.58,27.7,755.4,18.59,44.92
"2021-03-09 10:50:00",27296,13.58,27.91,755.4,18.97,48.91
"2021-03-09 10:55:00",27297,13.58,28.13,755.4,17.66,49.58
"2021-03-09 11:00:00",27298,13.58,28.12,755.3,17.63,47.89
"2021-03-09 11:05:00",27299,13.58,28.01,755.2,18.18,46.64
"2021-03-09 11:10:00",27300,13.58,27.96,755.1,19.71,46.39
"2021-03-09 11:15:00",27301,13.58,28.12,755.1,20.38,42.12
"2021-03-09 11:20:00",27302,13.58,28.23,755.1,18.35,47.26
"2021-03-09 11:25:00",27303,13.58,28.03,755,19.34,42.03
"2021-03-09 11:30:00",27304,13.58,27.91,754.9,18.71,42.51
"2021-03-09 11:35:00",27305,13.58,27.84,754.8,18.97,45.79
"2021-03-09 11:40:00",27306,13.58,27.86,754.8,18.57,45.87
"2021-03-09 11:45:00",27307,13.58,27.8,754.7,18.63,46.06
"2021-03-09 11:50:00",27308,13.59,27.79,754.7,18.67,45.43
"2021-03-09 11:55:00",27309,13.58,27.82,754.7,19.02,40.84
"2021-03-09 12:00:00",27310,13.59,27.84,754.7,19.4,40.14
"2021-03-09 12:05:00",27311,13.59,27.92,754.6,20.58,40.13
"2021-03-09 12:10:00",27312,13.59,28.07,754.6,20.38,37.48
"2021-03-09 12:15:00",27313,13.56,28.14,754.5,19.76,39.07
"2021-03-09 12:20:00",27314,13.56,28.19,754.5,19.41,39.75
"2021-03-09 12:25:00",27315,13.56,28.16,754.5,19.51,36.64
"2021-03-09 12:30:00",27316,13.56,28.13,754.3,20.56,35.56
"2021-03-09 12:35:00",27317,13.56,28.24,754.2,20.69,36.63
"2021-03-09 12:40:00",27318,13.56,28.42,754,20.96,38.88
"2021-03-09 12:45:00",27319,13.57,28.53,753.9,21.48,37.16
"2021-03-09 12:50:00",27320,13.57,28.61,753.9,21.24,36.48
"2021-03-09 12:55:00",27321,13.57,28.52,753.9,20.43,35.88
"2021-03-09 13:00:00",27322,13.57,28.31,753.7,19.71,37.7
"2021-03-09 13:05:00",27323,13.57,27.98,753.6,20.13,35.19
"2021-03-09 13:10:00",27324,13.57,27.74,753.5,21.62,33.45
"2021-03-09 13:15:00",27325,13.57,27.71,753.4,21,34.68
"2021-03-09 13:20:00",27326,13.57,27.75,753.3,21.39,33
"2021-03-09 13:25:00",27327,13.57,27.87,753.1,22.06,33.26
"2021-03-09 13:30:00",27328,13.57,28.04,753,20.96,34.25
"2021-03-09 13:35:00",27329,13.57,28.08,753,20.98,33.72
"2021-03-09 13:40:00",27330,13.57,27.95,752.9,19.99,34.62
"2021-03-09 13:45:00",27331,13.57,27.64,752.8,19.8,35.95
"2021-03-09 13:50:00",27332,13.57,27.37,752.7,20.72,34.92
"2021-03-09 13:55:00",27333,13.57,27.18,752.7,21.14,32.91
"2021-03-09 14:00:00",27334,13.57,27.17,752.5,21.59,32.38
"2021-03-09 14:05:00",27335,13.57,27.28,752.4,22.15,31.47
"2021-03-09 14:10:00",27336,13.57,27.47,752.4,21.85,29.1
"2021-03-09 14:15:00",27337,13.57,27.66,752.3,21.52,29.07
"2021-03-09 14:20:00",27338,13.57,27.77,752.2,22.67,28.69
"2021-03-09 14:25:00",27339,13.57,28.01,752.1,22.5,28.47
"2021-03-09 14:30:00",27340,13.57,28.33,751.9,23.25,26.5
"2021-03-09 14:35:00",27341,13.57,28.74,751.8,23.26,27.32
"2021-03-09 14:40:00",27342,13.55,29.14,751.8,22.59,28.08
"2021-03-09 14:45:00",27343,13.55,29.45,751.6,22.58,29.36
"2021-03-09 14:50:00",27344,13.55,29.68,751.5,22.18,30.63
"2021-03-09 14:55:00",27345,13.55,29.68,751.5,22.75,29.77
"2021-03-09 15:00:00",27346,13.55,29.62,751.3,22.74,31.85
"2021-03-09 15:05:00",27347,13.55,29.63,751.2,23.22,30.28
"2021-03-09 15:10:00",27348,13.55,29.73,751.1,22.7,29.03
"2021-03-09 15:15:00",27349,13.55,29.78,751,22.73,29.84
"2021-03-09 15:20:00",27350,13.55,29.84,751,23.53,28.15
"2021-03-09 15:25:00",27351,13.55,29.97,750.9,23.4,29.22
"2021-03-09 15:30:00",27352,13.53,30.15,750.7,23.16,30.95
"2021-03-09 15:35:00",27353,13.53,30.34,750.7,22.69,32.98
"2021-03-09 15:40:00",27354,13.53,30.45,750.7,22.81,30.59
"2021-03-09 15:45:00",27355,13.52,30.56,750.6,24.55,26.5
"2021-03-09 15:50:00",27356,13.53,30.73,750.6,23.62,27.55
"2021-03-09 15:55:00",27357,13.53,30.77,750.6,23.39,27.5
"2021-03-09 16:00:00",27358,13.53,30.67,750.4,22.6,27.47
"2021-03-09 16:05:00",27359,13.53,30.53,750.4,23.62,27.79
"2021-03-09 16:10:00",27360,13.53,30.49,750.4,23.69,27.93
"2021-03-09 16:15:00",27361,13.53,30.5,750.3,23.57,27.14
"2021-03-09 16:20:00",27362,13.53,30.49,750.2,22.54,28.95
"2021-03-09 16:25:00",27363,13.53,30.39,750.2,22.67,28.35
"2021-03-09 16:30:00",27364,13.53,30.32,750.1,22.48,28.74
"2021-03-09 16:35:00",27365,13.53,30.22,750.1,22.34,29.14
"2021-03-09 16:40:00",27366,13.53,30.04,750,22.65,28.12
"2021-03-09 16:45:00",27367,13.53,29.82,750,22.11,30.06
"2021-03-09 16:50:00",27368,13.53,29.69,750,23.36,27.46
"2021-03-09 16:55:00",27369,13.52,29.72,750,23.21,27.28
"2021-03-09 17:00:00",27370,13.53,29.98,750,23.37,28
"2021-03-09 17:05:00",27371,13.53,30.23,750,23.59,29.58
"2021-03-09 17:10:00",27372,13.53,30.47,750,23.34,28.27
"2021-03-09 17:15:00",27373,13.53,30.61,750.1,22.94,28.04
"2021-03-09 17:20:00",27374,13.53,30.64,750,22.81,29.61
"2021-03-09 17:25:00",27375,13.53,30.52,750.1,22.55,28.55
"2021-03-09 17:30:00",27376,13.53,30.37,750.1,23,28.72
"2021-03-09 17:35:00",27377,13.53,30.2,750.1,21.97,29.54
"2021-03-09 17:40:00",27378,13.53,29.96,750.2,22.57,29.86
"2021-03-09 17:45:00",27379,13.53,29.74,750.1,22.93,30.09
"2021-03-09 17:50:00",27380,13.53,29.55,750.1,22.03,30.39
"2021-03-09 17:55:00",27381,13.37,28.98,750.2,21.94,30.31
"2021-03-09 18:00:00",27382,13.57,28.29,750.2,21.45,31.41
"2021-03-09 18:05:00",27383,13.43,27.77,750.2,21.61,31.29
"2021-03-09 18:10:00",27384,13.31,27.17,750.3,21.25,33.28
"2021-03-09 18:15:00",27385,13.27,26.64,750.4,21.23,30.52
"2021-03-09 18:20:00",27386,13.21,26.19,750.5,21.57,32.98
"2021-03-09 18:25:00",27387,13.15,25.81,750.6,21.1,34.49
"2021-03-09 18:30:00",27388,13.07,25.5,750.5,20.62,34.91
"2021-03-09 18:35:00",27389,13.03,25.1,750.5,20.14,36.9
"2021-03-09 18:40:00",27390,13.02,24.64,750.5,19.8,35.52
"2021-03-09 18:45:00",27391,13,24.14,750.5,19.64,35.14
"2021-03-09 18:50:00",27392,12.99,23.63,750.5,19.52,34.28
"2021-03-09 18:55:00",27393,12.98,23.11,750.7,19.34,35.93
"2021-03-09 19:00:00",27394,12.98,22.64,750.8,19.12,37.25
"2021-03-09 19:05:00",27395,12.97,22.24,750.9,18.98,37.24
"2021-03-09 19:10:00",27396,12.97,21.87,751,18.86,36.05
"2021-03-09 19:15:00",27397,12.97,21.53,751,18.83,34.9
"2021-03-09 19:20:00",27398,12.96,21.26,751.1,18.8,34.24
"2021-03-09 19:25:00",27399,12.96,21.02,751.1,18.71,34.2
"2021-03-09 19:30:00",27400,12.95,20.81,751.1,18.49,35.1
"2021-03-09 19:35:00",27401,12.95,20.6,751.1,18.46,34.97
"2021-03-09 19:40:00",27402,12.96,20.41,751.2,18.29,34.88
"2021-03-09 19:45:00",27403,12.96,20.18,751.2,18.16,35.98
"2021-03-09 19:50:00",27404,12.95,19.98,751.3,18.11,35.59
"2021-03-09 19:55:00",27405,12.95,19.81,751.4,18.22,36.12
"2021-03-09 20:00:00",27406,12.95,19.65,751.4,18.2,35.11
"2021-03-09 20:05:00",27407,12.95,19.45,751.5,18.2,35.04
"2021-03-09 20:10:00",27408,12.94,19.32,751.6,18.24,34.81
"2021-03-09 20:15:00",27409,12.94,19.19,751.7,18.36,34.86
"2021-03-09 20:20:00",27410,12.94,19.12,751.8,18.64,33.01
"2021-03-09 20:25:00",27411,12.94,19.1,752,18.53,34.19
"2021-03-09 20:30:00",27412,12.93,19.03,752.1,18.31,34.89
"2021-03-09 20:35:00",27413,12.93,18.97,752.1,18.02,36.75
"2021-03-09 20:40:00",27414,12.93,18.86,752.2,17.54,39.16
"2021-03-09 20:45:00",27415,12.93,18.73,752.3,17.27,42.53
"2021-03-09 20:50:00",27416,12.92,18.59,752.4,16.9,43.98
"2021-03-09 20:55:00",27417,12.92,18.49,752.4,16.63,44.93
"2021-03-09 21:00:00",27418,12.92,18.35,752.5,16.56,46.15
"2021-03-09 21:05:00",27419,12.92,18.2,752.5,16.26,46.59
"2021-03-09 21:10:00",27420,12.91,18.03,752.6,16.13,47.92
"2021-03-09 21:15:00",27421,12.91,17.86,752.7,15.95,50.35
"2021-03-09 21:20:00",27422,12.91,17.7,752.7,15.83,50.33
"2021-03-09 21:25:00",27423,12.91,17.57,752.8,15.81,49.68
"2021-03-09 21:30:00",27424,12.91,17.44,752.8,15.86,49.94
"2021-03-09 21:35:00",27425,12.9,17.35,752.8,15.8,51.38
"2021-03-09 21:40:00",27426,12.9,17.26,752.9,15.81,49.68
"2021-03-09 21:45:00",27427,12.89,17.17,752.9,15.66,49.94
"2021-03-09 21:50:00",27428,12.89,17.08,753.1,15.62,51.2
"2021-03-09 21:55:00",27429,12.89,16.99,753.1,15.17,53.93
"2021-03-09 22:00:00",27430,12.89,16.88,753.2,15.02,53.11
"2021-03-09 22:05:00",27431,12.89,16.77,753.1,15.21,52.87
"2021-03-09 22:10:00",27432,12.88,16.66,753.2,15.12,54.17
"2021-03-09 22:15:00",27433,12.88,16.54,753.2,15.12,54.14
"2021-03-09 22:20:00",27434,12.88,16.42,753.2,15,53.66
"2021-03-09 22:25:00",27435,12.88,16.25,753.2,14.71,54.38
"2021-03-09 22:30:00",27436,12.88,16.13,753.3,14.78,55.03
"2021-03-09 22:35:00",27437,12.88,16.03,753.3,14.59,54.15
"2021-03-09 22:40:00",27438,12.87,15.94,753.4,14.59,54.3
"2021-03-09 22:45:00",27439,12.87,15.81,753.4,14.61,53.54
"2021-03-09 22:50:00",27440,12.87,15.72,753.4,14.35,57.57
"2021-03-09 22:55:00",27441,12.87,15.57,753.4,14.02,60.77
"2021-03-09 23:00:00",27442,12.87,15.44,753.4,13.97,61.47
"2021-03-09 23:05:00",27443,12.87,15.32,753.4,13.71,64.4
"2021-03-09 23:10:00",27444,12.86,15.18,753.4,13.55,65.19
"2021-03-09 23:15:00",27445,12.86,15.01,753.4,13.41,67.26
"2021-03-09 23:20:00",27446,12.86,14.87,753.5,13.14,66.63
"2021-03-09 23:25:00",27447,12.86,14.68,753.5,12.94,66.22
"2021-03-09 23:30:00",27448,12.86,14.54,753.4,13,65.94
"2021-03-09 23:35:00",27449,12.86,14.4,753.3,12.93,65.2
"2021-03-09 23:40:00",27450,12.86,14.09,753.3,13.35,65.36
"2021-03-09 23:45:00",27451,12.86,13.86,753.2,13.49,63.46
"2021-03-09 23:50:00",27452,12.86,13.73,753.2,13.5,66.03
"2021-03-09 23:55:00",27453,12.86,13.63,753.2,13.2,65.86
"2021-03-10 00:00:00",27454,12.86,13.55,753.2,12.78,65.43
"2021-03-10 00:05:00",27455,12.86,13.46,753.1,12.75,64.53
"2021-03-10 00:10:00",27456,12.86,13.37,753.1,12.84,67.3
"2021-03-10 00:15:00",27457,12.85,13.29,753.1,12.9,68.4
"2021-03-10 00:20:00",27458,12.85,13.23,753.1,12.96,69.62
"2021-03-10 00:25:00",27459,12.85,13.18,753.1,12.94,70.39
"2021-03-10 00:30:00",27460,12.85,13.1,753.1,12.85,70.26
"2021-03-10 00:35:00",27461,12.85,13.04,753.1,12.58,70.55
"2021-03-10 00:40:00",27462,12.85,12.97,753,12.36,72.52
"2021-03-10 00:45:00",27463,12.85,12.91,753,12.12,72.95
"2021-03-10 00:50:00",27464,12.85,12.84,752.9,12.06,72.32
"2021-03-10 00:55:00",27465,12.85,12.78,752.9,11.94,71.9
"2021-03-10 01:00:00",27466,12.85,12.71,752.8,11.9,71.97
"2021-03-10 01:05:00",27467,12.85,12.62,752.9,11.66,73.34
"2021-03-10 01:10:00",27468,12.85,12.53,752.8,11.61,72.09
"2021-03-10 01:15:00",27469,12.84,12.45,752.8,11.82,71.73
"2021-03-10 01:20:00",27470,12.84,12.38,752.8,11.69,72.78
"2021-03-10 01:25:00",27471,12.84,12.32,752.8,11.55,73.51
"2021-03-10 01:30:00",27472,12.84,12.27,752.8,11.59,73.32
"2021-03-10 01:35:00",27473,12.84,12.21,752.8,11.59,73.66
"2021-03-10 01:40:00",27474,12.83,12.14,752.7,11.32,74.75
"2021-03-10 01:45:00",27475,12.83,12.05,752.7,11.13,75.6
"2021-03-10 01:50:00",27476,12.83,11.97,752.6,11.17,75.61
"2021-03-10 01:55:00",27477,12.83,11.85,752.6,11.21,75.37
"2021-03-10 02:00:00",27478,12.83,11.77,752.5,11.33,74.28
"2021-03-10 02:05:00",27479,12.83,11.7,752.4,11.5,73.92
"2021-03-10 02:10:00",27480,12.83,11.66,752.4,11.48,74.39
"2021-03-10 02:15:00",27481,12.82,11.63,752.4,11.5,73.95
"2021-03-10 02:20:00",27482,12.82,11.61,752.3,11.37,74.68
"2021-03-10 02:25:00",27483,12.82,11.55,752.3,11.15,75.94
"2021-03-10 02:30:00",27484,12.82,11.48,752.3,10.97,78.11
"2021-03-10 02:35:00",27485,12.82,11.39,752.2,10.75,79.67
"2021-03-10 02:40:00",27486,12.81,11.27,752.1,10.73,80.4
"2021-03-10 02:45:00",27487,12.81,11.17,752.1,10.59,83.3
"2021-03-10 02:50:00",27488,12.81,11.09,752.2,10.41,83.2
"2021-03-10 02:55:00",27489,12.81,10.98,752.2,10.46,84.1
"2021-03-10 03:00:00",27490,12.81,10.92,752.1,10.67,79.41
"2021-03-10 03:05:00",27491,12.81,10.88,752.1,10.77,76.3
"2021-03-10 03:10:00",27492,12.8,10.83,752,10.68,76.92
"2021-03-10 03:15:00",27493,12.8,10.79,752,10.57,79.82
"2021-03-10 03:20:00",27494,12.8,10.75,751.9,10.58,78.6
"2021-03-10 03:25:00",27495,12.8,10.72,751.9,10.9,77.87
"2021-03-10 03:30:00",27496,12.79,10.7,751.9,10.87,79.84
"2021-03-10 03:35:00",27497,12.79,10.67,751.9,10.52,81.9
"2021-03-10 03:40:00",27498,12.79,10.63,751.9,10.38,83
"2021-03-10 03:45:00",27499,12.79,10.58,752,10.34,84.2
"2021-03-10 03:50:00",27500,12.78,10.52,751.9,9.94,84.6
"2021-03-10 03:55:00",27501,12.78,10.44,751.9,9.64,85.8
"2021-03-10 04:00:00",27502,12.78,10.33,751.9,9.56,86.1
"2021-03-10 04:05:00",27503,12.78,10.21,751.9,9.72,85.8
"2021-03-10 04:10:00",27504,12.78,10.12,751.9,9.79,85.5
"2021-03-10 04:15:00",27505,12.77,10.03,751.9,9.76,85.8
"2021-03-10 04:20:00",27506,12.77,9.95,751.9,9.68,86.1
"2021-03-10 04:25:00",27507,12.77,9.86,751.9,9.61,87
"2021-03-10 04:30:00",27508,12.76,9.82,751.9,9.75,85.4
"2021-03-10 04:35:00",27509,12.76,9.76,751.9,9.66,85.1
"2021-03-10 04:40:00",27510,12.76,9.74,751.9,9.66,84.7
"2021-03-10 04:45:00",27511,12.74,9.83,751.9,9.5,86.7
"2021-03-10 04:50:00",27512,12.74,9.92,751.9,9.25,87.3
"2021-03-10 04:55:00",27513,12.73,9.9,752,9.22,87.3
"2021-03-10 05:00:00",27514,12.73,9.84,752,9.22,87
"2021-03-10 05:05:00",27515,12.73,9.79,752,9.23,87.4
"2021-03-10 05:10:00",27516,12.72,9.75,752,9.22,87.3
"2021-03-10 05:15:00",27517,12.72,9.7,752,9.3,86.9
"2021-03-10 05:20:00",27518,12.72,9.67,752,9.4,85.9
"2021-03-10 05:25:00",27519,12.71,9.63,752,9.4,85.8
"2021-03-10 05:30:00",27520,12.71,9.63,752.1,9.51,85.4
"2021-03-10 05:35:00",27521,12.71,9.62,752.1,9.58,84.7
"2021-03-10 05:40:00",27522,12.7,9.64,752.1,9.49,85.3
"2021-03-10 05:45:00",27523,12.7,9.63,752.1,9.42,86
"2021-03-10 05:50:00",27524,12.7,9.62,752.2,9.4,86.7
"2021-03-10 05:55:00",27525,12.69,9.6,752.2,9.15,86.4
"2021-03-10 06:00:00",27526,12.69,9.52,752.2,8.94,86
"2021-03-10 06:05:00",27527,12.69,9.45,752.2,8.81,85.7
"2021-03-10 06:10:00",27528,12.68,9.4,752.2,8.78,85.2
"2021-03-10 06:15:00",27529,12.68,9.35,752.3,8.77,84.4
"2021-03-10 06:20:00",27530,12.68,9.33,752.3,8.62,84.8
"2021-03-10 06:25:00",27531,12.68,9.34,752.3,8.81,85.4
"2021-03-10 06:30:00",27532,12.68,9.3,752.4,8.68,86.9
"2021-03-10 06:35:00",27533,12.69,9.28,752.4,8.52,87.9
"2021-03-10 06:40:00",27534,12.77,9.31,752.5,8.85,86.6
"2021-03-10 06:45:00",27535,12.86,9.41,752.6,9.27,84.7
"2021-03-10 06:50:00",27536,12.99,9.58,752.7,9.76,83.4
"2021-03-10 06:55:00",27537,13.18,9.8,752.7,10.18,80.7
"2021-03-10 07:00:00",27538,13.4,10.1,752.7,10.17,79.65
"2021-03-10 07:05:00",27539,13.58,10.47,752.8,11.23,75.32
"2021-03-10 07:10:00",27540,13.71,10.93,752.8,12,72.45
"2021-03-10 07:15:00",27541,13.82,11.48,752.8,12.66,69.22
"2021-03-10 07:20:00",27542,13.94,12.13,752.9,13.11,67.29
"2021-03-10 07:25:00",27543,13.97,13.32,752.9,13.41,65.66
"2021-03-10 07:30:00",27544,13.88,14.75,752.9,13.72,62.2
"2021-03-10 07:35:00",27545,13.85,15.69,752.9,13.75,62.68
"2021-03-10 07:40:00",27546,13.82,16.46,752.9,13.66,63.45
"2021-03-10 07:45:00",27547,13.82,17.18,753,14.81,59.97
"2021-03-10 07:50:00",27548,13.79,17.88,753.1,15.07,59.24
"2021-03-10 07:55:00",27549,13.79,18.56,753.1,15.84,56.56
"2021-03-10 08:00:00",27550,13.76,19.19,753.1,15.8,55.09
"2021-03-10 08:05:00",27551,13.76,19.79,753.1,16.06,55.31
"2021-03-10 08:10:00",27552,13.73,20.36,753.1,15.99,54.45
"2021-03-10 08:15:00",27553,13.73,20.92,753.1,15.49,56.2
"2021-03-10 08:20:00",27554,13.71,21.41,753.2,16.95,51.94
"2021-03-10 08:25:00",27555,13.71,21.99,753.2,17.22,50.96
"2021-03-10 08:30:00",27556,13.71,22.54,753.2,16.84,52.7
"2021-03-10 08:35:00",27557,13.68,23,753.2,15.25,56.1
"2021-03-10 08:40:00",27558,13.68,23.35,753.2,15.82,54.09
"2021-03-10 08:45:00",27559,13.68,23.64,753.2,16.58,52.29
"2021-03-10 08:50:00",27560,13.68,23.93,753.3,17.05,50.16
"2021-03-10 08:55:00",27561,13.66,24.19,753.3,17.7,49.03
"2021-03-10 09:00:00",27562,13.66,24.65,753.2,17.7,48.9
"2021-03-10 09:05:00",27563,13.65,24.78,753.2,16.4,51.83
"2021-03-10 09:10:00",27564,13.66,24.89,753.2,16.81,49.97
"2021-03-10 09:15:00",27565,13.63,24.99,753.2,17.63,47.48
"2021-03-10 09:20:00",27566,13.63,25.11,753.3,17.8,46.21
"2021-03-10 09:25:00",27567,13.63,25.34,753.3,18.85,44.18
"2021-03-10 09:30:00",27568,13.63,26.18,753.3,18.85,42.78
"2021-03-10 09:35:00",27569,13.6,27.38,753.3,18.45,43.98
"2021-03-10 09:40:00",27570,13.58,28.26,753.2,16.17,47.64
"2021-03-10 09:45:00",27571,13.56,28.89,753.2,16.99,47.37
"2021-03-10 09:50:00",27572,13.56,29.34,753.2,18.48,44.08
"2021-03-10 09:55:00",27573,13.55,29.86,753.1,17.35,45.02
"2021-03-10 10:00:00",27574,13.55,29.67,753.2,17.29,45.52
"2021-03-10 10:05:00",27575,13.55,29.49,753.1,18.7,42.92
"2021-03-10 10:10:00",27576,13.55,29.31,753.1,18.91,42.78
"2021-03-10 10:15:00",27577,13.56,29.3,753,19.45,40.72
"2021-03-10 10:20:00",27578,13.56,29.42,753,20.4,38.95
"2021-03-10 10:25:00",27579,13.56,29.58,753,19.78,40.05
"2021-03-10 10:30:00",27580,13.56,29.73,752.9,19.7,41.14
"2021-03-10 10:35:00",27581,13.53,29.81,752.9,18.86,43.36
"2021-03-10 10:40:00",27582,13.53,29.8,752.8,19.68,41.59
"2021-03-10 10:45:00",27583,13.53,29.82,752.8,19.75,40.17
"2021-03-10 10:50:00",27584,13.53,29.81,752.7,19.73,40.56
"2021-03-10 10:55:00",27585,13.54,29.86,752.7,20.27,40.1
"2021-03-10 11:00:00",27586,13.54,29.99,752.6,21.29,38.19
"2021-03-10 11:05:00",27587,13.54,30.19,752.6,20.44,41.61
"2021-03-10 11:10:00",27588,13.54,30.27,752.6,20.8,40.55
"2021-03-10 11:15:00",27589,13.54,30.41,752.5,21.61,38.58
"2021-03-10 11:20:00",27590,13.54,30.53,752.5,20.46,41.16
"2021-03-10 11:25:00",27591,13.51,30.58,752.4,22.02,37.48
"2021-03-10 11:30:00",27592,13.52,30.68,752.3,22.19,35.79
"2021-03-10 11:35:00",27593,13.52,30.81,752.3,21.21,36.74
"2021-03-10 11:40:00",27594,13.52,30.92,752.2,22.49,36.57
"2021-03-10 11:45:00",27595,13.52,30.99,752.1,21.99,34.48
"2021-03-10 11:50:00",27596,13.52,31.07,752,22.48,34.86
"2021-03-10 11:55:00",27597,13.52,31.13,752,21.3,36.1
"2021-03-10 12:00:00",27598,13.52,31.07,751.9,20.37,36.79
"2021-03-10 12:05:00",27599,13.52,30.84,751.8,20.72,35.84
"2021-03-10 12:10:00",27600,13.52,30.63,751.7,21.23,34.47
"2021-03-10 12:15:00",27601,13.52,30.48,751.6,21.41,34.03
"2021-03-10 12:20:00",27602,13.52,30.34,751.5,21.84,34.37
"2021-03-10 12:25:00",27603,13.52,30.25,751.4,22.36,33.92
"2021-03-10 12:30:00",27604,13.52,30.2,751.3,22.11,34.39
"2021-03-10 12:35:00",27605,13.52,30.17,751.2,22.58,33.77
"2021-03-10 12:40:00",27606,13.52,30.11,751.1,22.14,33.63
"2021-03-10 12:45:00",27607,13.52,30.03,751,22.06,33.46
"2021-03-10 12:50:00",27608,13.52,30.04,750.9,23.48,32.22
"2021-03-10 12:55:00",27609,13.53,30.08,750.8,22.81,33.63
"2021-03-10 13:00:00",27610,13.52,30.13,750.7,23.35,33.04
"2021-03-10 13:05:00",27611,13.53,30.2,750.6,23.81,31.08
"2021-03-10 13:10:00",27612,13.52,30.29,750.5,23.46,31.92
"2021-03-10 13:15:00",27613,13.52,30.35,750.4,23.27,30.96
"2021-03-10 13:20:00",27614,13.52,30.39,750.3,23.97,30.82
"2021-03-10 13:25:00",27615,13.53,30.45,750.2,23.22,30.15
"2021-03-10 13:30:00",27616,13.53,30.41,750.1,23.06,32.08
"2021-03-10 13:35:00",27617,13.53,30.32,750,23.2,31.83
"2021-03-10 13:40:00",27618,13.53,30.26,749.8,23.33,31.1
"2021-03-10 13:45:00",27619,13.52,30.22,749.8,22.63,34.17
"2021-03-10 13:50:00",27620,13.52,30.13,749.7,24.18,30.6
"2021-03-10 13:55:00",27621,13.53,30.16,749.5,23.87,30.41
"2021-03-10 14:00:00",27622,13.52,30.25,749.4,25.04,29.15
"2021-03-10 14:05:00",27623,13.52,30.41,749.3,24.45,29.07
"2021-03-10 14:10:00",27624,13.53,30.57,749.2,24.23,27.83
"2021-03-10 14:15:00",27625,13.53,30.71,749.1,23.87,26.65
"2021-03-10 14:20:00",27626,13.53,30.76,749,23.98,27.13
"2021-03-10 14:25:00",27627,13.53,30.75,748.9,25.16,24.45
"2021-03-10 14:30:00",27628,13.53,30.86,748.8,24.6,25.85
"2021-03-10 14:35:00",27629,13.53,30.98,748.8,24.3,25.97
"2021-03-10 14:40:00",27630,13.53,31.1,748.7,24.72,24.42
"2021-03-10 14:45:00",27631,13.53,31.21,748.6,24.21,25.76
"2021-03-10 14:50:00",27632,13.5,31.27,748.5,24.22,25.14
"2021-03-10 14:55:00",27633,13.5,31.34,748.4,24.57,22.94
"2021-03-10 15:00:00",27634,13.5,31.47,748.3,24.79,21.26
"2021-03-10 15:05:00",27635,13.5,31.67,748.2,25.62,22.83
"2021-03-10 15:10:00",27636,13.5,31.87,748.1,24.52,23.31
"2021-03-10 15:15:00",27637,13.5,31.97,748,25.47,20.78
"2021-03-10 15:20:00",27638,13.5,32.13,747.9,25.98,21.33
"2021-03-10 15:25:00",27639,13.5,32.3,747.8,25.57,21.52
"2021-03-10 15:30:00",27640,13.5,32.49,747.7,25.81,19.79
"2021-03-10 15:35:00",27641,13.5,32.65,747.7,25.5,18.45
"2021-03-10 15:40:00",27642,13.48,32.74,747.6,25.52,18.84
"2021-03-10 15:45:00",27643,13.48,32.87,747.5,25.79,17.21
"2021-03-10 15:50:00",27644,13.48,33.05,747.4,25.24,14.79
"2021-03-10 15:55:00",27645,13.48,33.06,747.3,25.09,16.64
"2021-03-10 16:00:00",27646,13.48,33.04,747.3,25.61,16.14
"2021-03-10 16:05:00",27647,13.48,33.11,747.2,25.92,16.23
"2021-03-10 16:10:00",27648,13.48,33.24,747.2,26.52,16.54
"2021-03-10 16:15:00",27649,13.48,33.4,747.1,25.31,17.74
"2021-03-10 16:20:00",27650,13.48,33.5,747.1,25.53,18.52
"2021-03-10 16:25:00",27651,13.48,33.61,747,25.16,19.27
"2021-03-10 16:30:00",27652,13.48,33.67,747,25.28,18.09
"2021-03-10 16:35:00",27653,13.48,33.61,747,25.35,18.72
"2021-03-10 16:40:00",27654,13.48,33.47,746.9,25.61,17.34
"2021-03-10 16:45:00",27655,13.48,33.4,746.9,25.68,18.53
"2021-03-10 16:50:00",27656,13.48,33.41,746.9,25.84,18.82
"2021-03-10 16:55:00",27657,13.48,33.47,746.9,25.24,17.7
"2021-03-10 17:00:00",27658,13.48,33.51,746.9,24.76,19.14
"2021-03-10 17:05:00",27659,13.48,33.4,746.8,25.28,18.02
"2021-03-10 17:10:00",27660,13.48,33.43,746.8,25.78,16.72
"2021-03-10 17:15:00",27661,13.48,33.47,746.8,26.12,17.58
"2021-03-10 17:20:00",27662,13.48,33.54,746.7,26.15,19.19
"2021-03-10 17:25:00",27663,13.48,33.67,746.6,27.24,21.06
"2021-03-10 17:30:00",27664,13.45,33.81,746.6,25.72,21.59
"2021-03-10 17:35:00",27665,13.45,33.89,746.6,25.69,22.21
"2021-03-10 17:40:00",27666,13.46,33.81,746.6,23.92,32.83
"2021-03-10 17:45:00",27667,13.45,33.49,746.7,23.27,34.7
"2021-03-10 17:50:00",27668,13.45,32.9,746.7,22.96,36.42
"2021-03-10 17:55:00",27669,13.45,32.16,746.7,22.77,35.71
"2021-03-10 18:00:00",27670,13.45,31.4,746.8,22.81,36.14
"2021-03-10 18:05:00",27671,13.4,30.34,746.8,22.64,34.64
"2021-03-10 18:10:00",27672,13.29,29.39,746.8,22.65,34.64
"2021-03-10 18:15:00",27673,13.21,28.77,746.8,23,34.97
"2021-03-10 18:20:00",27674,13.16,28.26,746.9,22.69,35.37
"2021-03-10 18:25:00",27675,13.11,27.84,747,22.48,36.18
"2021-03-10 18:30:00",27676,13.06,27.38,747.1,22.06,36.83
"2021-03-10 18:35:00",27677,13.03,26.85,747.2,21.97,36.82
"2021-03-10 18:40:00",27678,13.01,26.3,747.3,21.69,37.54
"2021-03-10 18:45:00",27679,12.99,25.78,747.4,21.58,38.03
"2021-03-10 18:50:00",27680,12.98,25.28,747.5,21.49,38.93
"2021-03-10 18:55:00",27681,12.97,24.85,747.6,21.33,40.22
"2021-03-10 19:00:00",27682,12.97,24.48,747.6,21.16,40.07
"2021-03-10 19:05:00",27683,12.96,24.15,747.7,21.1,40.32
"2021-03-10 19:10:00",27684,12.96,23.89,747.8,20.98,40.31
"2021-03-10 19:15:00",27685,12.96,23.63,747.8,20.97,40.83
"2021-03-10 19:20:00",27686,12.95,23.42,747.9,20.9,41.01
"2021-03-10 19:25:00",27687,12.95,23.23,748,20.69,41.99
"2021-03-10 19:30:00",27688,12.95,23.07,748.1,20.46,42.67
"2021-03-10 19:35:00",27689,12.94,22.87,748.1,20.17,44.85
"2021-03-10 19:40:00",27690,12.94,22.69,748.2,20.01,45.38
"2021-03-10 19:45:00",27691,12.94,22.51,748.3,19.77,46.65
"2021-03-10 19:50:00",27692,12.94,22.26,748.4,19.62,47.29
"2021-03-10 19:55:00",27693,12.93,22.05,748.5,19.48,48.13
"2021-03-10 20:00:00",27694,12.93,21.86,748.6,19.41,48.37
"2021-03-10 20:05:00",27695,12.93,21.69,748.7,19.35,48.58
"2021-03-10 20:10:00",27696,12.93,21.54,748.8,19.09,49.59
"2021-03-10 20:15:00",27697,12.92,21.43,748.9,19.28,48.04
"2021-03-10 20:20:00",27698,12.92,21.31,748.9,19.22,48.47
"2021-03-10 20:25:00",27699,12.92,21.19,749,19.11,48.74
"2021-03-10 20:30:00",27700,12.92,21.06,749.1,19.02,49.39
"2021-03-10 20:35:00",27701,12.91,20.92,749.2,18.93,50.41
"2021-03-10 20:40:00",27702,12.91,20.78,749.3,18.65,51.06
"2021-03-10 20:45:00",27703,12.91,20.63,749.4,18.45,51.34
"2021-03-10 20:50:00",27704,12.91,20.48,749.5,18.37,52.23
"2021-03-10 20:55:00",27705,12.91,20.31,749.5,18.15,52.48
"2021-03-10 21:00:00",27706,12.9,20.14,749.7,17.96,53.1
"2021-03-10 21:05:00",27707,12.9,19.99,749.7,17.86,52.38
"2021-03-10 21:10:00",27708,12.9,19.86,749.8,17.86,52.41
"2021-03-10 21:15:00",27709,12.9,19.73,749.9,17.79,52.65
"2021-03-10 21:20:00",27710,12.89,19.61,750,17.79,53.11
"2021-03-10 21:25:00",27711,12.89,19.5,750,17.69,52.94
"2021-03-10 21:30:00",27712,12.89,19.37,750.1,17.6,53.51
"2021-03-10 21:35:00",27713,12.89,19.28,750.2,17.61,53.61
"2021-03-10 21:40:00",27714,12.89,19.21,750.3,17.57,53.29
"2021-03-10 21:45:00",27715,12.88,19.16,750.4,17.58,53.79
"2021-03-10 21:50:00",27716,12.88,19.13,750.5,17.57,54.25
"2021-03-10 21:55:00",27717,12.88,19.11,750.5,17.49,53.93
"2021-03-10 22:00:00",27718,12.88,19.05,750.6,17.42,55.39
"2021-03-10 22:05:00",27719,12.88,19.02,750.7,17.23,56.13
"2021-03-10 22:10:00",27720,12.88,18.99,750.8,17.11,56.87
"2021-03-10 22:15:00",27721,12.87,18.92,750.9,17.17,56.3
"2021-03-10 22:20:00",27722,12.87,18.89,750.9,17.25,55.85
"2021-03-10 22:25:00",27723,12.87,18.84,751,17.23,57.43
"2021-03-10 22:30:00",27724,12.87,18.81,751,17.26,55.86
"2021-03-10 22:35:00",27725,12.88,18.76,751.1,17.16,55.96
"2021-03-10 22:40:00",27726,12.88,18.66,751.1,17.04,56.1
"2021-03-10 22:45:00",27727,12.88,18.61,751.2,17.2,56.03
"2021-03-10 22:50:00",27728,12.88,18.57,751.2,17.01,56.82
"2021-03-10 22:55:00",27729,12.88,18.54,751.2,16.89,57.84
"2021-03-10 23:00:00",27730,12.87,18.53,751.3,16.83,57.77
"2021-03-10 23:05:00",27731,12.88,18.41,751.3,16.77,58.57
"2021-03-10 23:10:00",27732,12.87,18.35,751.3,16.76,58.33
"2021-03-10 23:15:00",27733,12.87,18.32,751.3,16.84,57.34
"2021-03-10 23:20:00",27734,12.87,18.29,751.3,16.88,57.41
"2021-03-10 23:25:00",27735,12.87,18.26,751.3,16.86,56.1
"2021-03-10 23:30:00",27736,12.87,18.21,751.3,16.81,56.49
"2021-03-10 23:35:00",27737,12.87,18.15,751.3,16.67,57.86
"2021-03-10 23:40:00",27738,12.86,18.11,751.3,16.65,56.98
"2021-03-10 23:45:00",27739,12.86,18.02,751.2,16.58,57.24
"2021-03-10 23:50:00",27740,12.86,17.94,751.2,16.52,57.96
"2021-03-10 23:55:00",27741,12.86,17.87,751.2,16.43,57.52
"2021-03-11 00:00:00",27742,12.86,17.77,751.1,16.23,58.67
"2021-03-11 00:05:00",27743,12.86,17.66,751.1,16.04,58.16
"2021-03-11 00:10:00",27744,12.85,17.54,751,16.15,58
"2021-03-11 00:15:00",27745,12.86,17.42,750.9,16.18,57.58
"2021-03-11 00:20:00",27746,12.85,17.33,750.8,16.3,57.05
"2021-03-11 00:25:00",27747,12.85,17.27,750.7,16.29,57.93
"2021-03-11 00:30:00",27748,12.85,17.21,750.7,16.22,58.67
"2021-03-11 00:35:00",27749,12.85,17.16,750.6,16.22,58.22
"2021-03-11 00:40:00",27750,12.85,17.09,750.6,16.11,59.31
"2021-03-11 00:45:00",27751,12.84,17,750.5,15.98,59.26
"2021-03-11 00:50:00",27752,12.84,16.89,750.5,15.86,60.56
"2021-03-11 00:55:00",27753,12.83,16.83,750.4,15.66,61.3
"2021-03-11 01:00:00",27754,12.83,16.73,750.4,15.64,62.9
"2021-03-11 01:05:00",27755,12.83,16.65,750.4,15.4,63.6
"2021-03-11 01:10:00",27756,12.83,16.55,750.3,15.29,64.82
"2021-03-11 01:15:00",27757,12.83,16.46,750.2,15.32,65.38
"2021-03-11 01:20:00",27758,12.83,16.36,750.1,15.31,65.73
"2021-03-11 01:25:00",27759,12.82,16.21,750,15.06,67.44
"2021-03-11 01:30:00",27760,12.82,16.09,750,14.87,67.72
"2021-03-11 01:35:00",27761,12.82,15.98,750,14.89,67.67
"2021-03-11 01:40:00",27762,12.82,15.87,750,14.73,68.8
"2021-03-11 01:45:00",27763,12.82,15.79,749.9,14.45,68.55
"2021-03-11 01:50:00",27764,12.82,15.7,749.9,14.31,68.12
"2021-03-11 01:55:00",27765,12.81,15.55,749.9,14.08,72.12
"2021-03-11 02:00:00",27766,12.81,15.42,749.9,14.2,69.05
"2021-03-11 02:05:00",27767,12.81,15.31,749.9,14.45,67.65
"2021-03-11 02:10:00",27768,12.81,15.25,749.9,14.35,67.89
"2021-03-11 02:15:00",27769,12.81,15.18,749.8,14.19,69.02
"2021-03-11 02:20:00",27770,12.81,15.11,749.7,14.15,69.56
"2021-03-11 02:25:00",27771,12.8,15.01,749.6,13.91,70.63
"2021-03-11 02:30:00",27772,12.8,14.91,749.6,13.81,70.47
"2021-03-11 02:35:00",27773,12.8,14.8,749.5,13.7,70.9
"2021-03-11 02:40:00",27774,12.79,14.71,749.5,13.72,70.39
"2021-03-11 02:45:00",27775,12.79,14.62,749.4,13.9,69.16
"2021-03-11 02:50:00",27776,12.79,14.56,749.3,14.03,68.73
"2021-03-11 02:55:00",27777,12.79,14.51,749.2,13.86,69.88
"2021-03-11 03:00:00",27778,12.78,14.44,749.3,13.62,71.29
"2021-03-11 03:05:00",27779,12.78,14.37,749.3,13.43,71.59
"2021-03-11 03:10:00",27780,12.78,14.28,749.3,13.23,72.18
"2021-03-11 03:15:00",27781,12.78,14.23,749.3,13.09,72.38
"2021-03-11 03:20:00",27782,12.77,14.15,749.3,13.15,72.42
"2021-03-11 03:25:00",27783,12.77,14.11,749.2,13.39,69.76
"2021-03-11 03:30:00",27784,12.77,14.07,749.2,13.41,70.7
"2021-03-11 03:35:00",27785,12.77,14.02,749.2,13.36,69.78
"2021-03-11 03:40:00",27786,12.76,14,749.2,13.3,68.68
"2021-03-11 03:45:00",27787,12.76,13.98,749.2,13.35,67.77
"2021-03-11 03:50:00",27788,12.76,13.96,749.2,13.48,66.57
"2021-03-11 03:55:00",27789,12.76,13.95,749.1,13.49,66.17
"2021-03-11 04:00:00",27790,12.75,13.92,749.1,13.06,67.83
"2021-03-11 04:05:00",27791,12.75,13.85,749.1,12.56,69.97
"2021-03-11 04:10:00",27792,12.75,13.76,749.1,12.38,71.1
"2021-03-11 04:15:00",27793,12.75,13.6,749.1,12.36,72.07
"2021-03-11 04:20:00",27794,12.74,13.48,749.1,12.47,72.43
"2021-03-11 04:25:00",27795,12.74,13.39,749.1,12.7,71.28
"2021-03-11 04:30:00",27796,12.74,13.31,749.2,12.83,71.22
"2021-03-11 04:35:00",27797,12.73,13.24,749.2,12.58,72.36
"2021-03-11 04:40:00",27798,12.73,13.17,749.3,12.47,73.33
"2021-03-11 04:45:00",27799,12.73,13.08,749.3,12.14,74.95
"2021-03-11 04:50:00",27800,12.72,13.01,749.4,12.29,73.94
"2021-03-11 04:55:00",27801,12.72,12.97,749.4,12.34,74.37
"2021-03-11 05:00:00",27802,12.72,12.97,749.4,12.3,74.89
"2021-03-11 05:05:00",27803,12.72,12.96,749.5,12.01,76.45
"2021-03-11 05:10:00",27804,12.71,12.96,749.5,11.86,77.83
"2021-03-11 05:15:00",27805,12.71,12.91,749.6,11.74,78.9
"2021-03-11 05:20:00",27806,12.71,12.86,749.6,11.6,79.39
"2021-03-11 05:25:00",27807,12.7,12.76,749.6,11.49,80.1
"2021-03-11 05:30:00",27808,12.7,12.69,749.6,11.53,80.1
"2021-03-11 05:35:00",27809,12.7,12.61,749.6,11.45,80.3
"2021-03-11 05:40:00",27810,12.7,12.55,749.7,11.48,80.1
"2021-03-11 05:45:00",27811,12.69,12.47,749.6,11.38,80.7
"2021-03-11 05:50:00",27812,12.69,12.37,749.7,11.29,81.5
"2021-03-11 05:55:00",27813,12.69,12.29,749.7,11.31,81.3
"2021-03-11 06:00:00",27814,12.68,12.2,749.7,11.35,80.8
"2021-03-11 06:05:00",27815,12.68,12.14,749.7,11.49,80.8
"2021-03-11 06:10:00",27816,12.68,12.08,749.9,11.43,81
"2021-03-11 06:15:00",27817,12.67,12.02,749.9,11.11,81.2
"2021-03-11 06:20:00",27818,12.67,11.99,749.9,11,82.1
"2021-03-11 06:25:00",27819,12.68,11.98,749.9,10.97,82.5
"2021-03-11 06:30:00",27820,12.68,11.95,750,11.03,81.8
"2021-03-11 06:35:00",27821,12.69,11.95,750,11.21,81.2
"2021-03-11 06:40:00",27822,12.75,11.99,750.1,11.57,80.8
"2021-03-11 06:45:00",27823,12.82,12.08,750.2,12.17,77.73
"2021-03-11 06:50:00",27824,12.93,12.13,750.3,12.59,75.48
"2021-03-11 06:55:00",27825,13.1,12.29,750.3,12.62,74.12
"2021-03-11 07:00:00",27826,13.29,12.42,750.3,13.06,72.03
"2021-03-11 07:05:00",27827,13.48,12.7,750.3,13.51,69.95
"2021-03-11 07:10:00",27828,13.62,13.12,750.3,14.03,68.13
"2021-03-11 07:15:00",27829,13.72,13.63,750.4,14.25,67.23
"2021-03-11 07:20:00",27830,13.8,14.22,750.4,14.52,66.68
"2021-03-11 07:25:00",27831,13.89,14.87,750.4,15.6,63.4
"2021-03-11 07:30:00",27832,13.94,15.78,750.4,16.13,62.04
"2021-03-11 07:35:00",27833,13.82,17.31,750.5,16.34,61.36
"2021-03-11 07:40:00",27834,13.79,18.15,750.5,16.34,62.67
"2021-03-11 07:45:00",27835,13.79,18.86,750.6,16.58,60.53
"2021-03-11 07:50:00",27836,13.76,19.48,750.6,16.65,60.51
"2021-03-11 07:55:00",27837,13.76,20.05,750.7,16.4,58.67
"2021-03-11 08:00:00",27838,13.73,20.58,750.8,17.02,58.64
"2021-03-11 08:05:00",27839,13.73,21.08,750.8,16.78,58.33
"2021-03-11 08:10:00",27840,13.71,21.57,750.9,17.39,56.64
"2021-03-11 08:15:00",27841,13.71,22.06,751,17.9,53.31
"2021-03-11 08:20:00",27842,13.7,22.6,751,18.09,53.09
"2021-03-11 08:25:00",27843,13.68,23.05,751.1,17.71,53.78
"2021-03-11 08:30:00",27844,13.68,23.44,751.1,17.77,53.57
"2021-03-11 08:35:00",27845,13.68,23.83,751.1,18.25,52.21
"2021-03-11 08:40:00",27846,13.65,24.21,751.1,18.56,51.23
"2021-03-11 08:45:00",27847,13.65,24.59,751.2,18.81,50.36
"2021-03-11 08:50:00",27848,13.66,24.95,751.2,18.24,51.97
"2021-03-11 08:55:00",27849,13.63,25.22,751.2,19.04,49.71
"2021-03-11 09:00:00",27850,13.63,25.52,751.2,19.73,47.09
"2021-03-11 09:05:00",27851,13.63,25.89,751.2,20.18,46.38
"2021-03-11 09:10:00",27852,13.63,26.31,751.2,20.13,46.47
"2021-03-11 09:15:00",27853,13.6,26.66,751.2,19.87,46.02
"2021-03-11 09:20:00",27854,13.6,26.94,751.2,18.86,49.62
"2021-03-11 09:25:00",27855,13.61,27.33,751.2,18.33,50.36
"2021-03-11 09:30:00",27856,13.6,27.34,751.3,18.09,51.01
"2021-03-11 09:35:00",27857,13.6,27.42,751.3,19.16,48.46
"2021-03-11 09:40:00",27858,13.58,27.56,751.3,20.2,46.51
"2021-03-11 09:45:00",27859,13.58,27.81,751.3,18.89,47.83
"2021-03-11 09:50:00",27860,13.58,27.98,751.3,18.33,49.8
"2021-03-11 09:55:00",27861,13.58,28.02,751.3,19.31,47.41
"2021-03-11 10:00:00",27862,13.58,28.12,751.2,20.65,43.72
"2021-03-11 10:05:00",27863,13.58,28.4,751.2,21.31,40.99
"2021-03-11 10:10:00",27864,13.59,28.79,751.2,20.84,42.36
"2021-03-11 10:15:00",27865,13.56,29.16,751.2,21.39,41.58
"2021-03-11 10:20:00",27866,13.56,29.53,751.2,22.22,39.73
"2021-03-11 10:25:00",27867,13.56,29.99,751.1,21.73,41.3
"2021-03-11 10:30:00",27868,13.54,30.42,751.1,21.49,41.37
"2021-03-11 10:35:00",27869,13.54,30.79,751.1,21.76,41.27
"2021-03-11 10:40:00",27870,13.54,31.01,751.1,21.24,42.02
"2021-03-11 10:45:00",27871,13.51,31.08,751,22.23,38.09
"2021-03-11 10:50:00",27872,13.51,31.21,750.9,21.89,38.58
"2021-03-11 10:55:00",27873,13.51,31.33,750.9,21.73,38.37
"2021-03-11 11:00:00",27874,13.51,31.36,750.8,22.21,37.57
"2021-03-11 11:05:00",27875,13.52,31.44,750.7,22.36,35.28
"2021-03-11 11:10:00",27876,13.52,31.51,750.7,21.59,38.75
"2021-03-11 11:15:00",27877,13.52,31.51,750.6,22.37,36.66
"2021-03-11 11:20:00",27878,13.52,31.56,750.5,22.56,37.08
"2021-03-11 11:25:00",27879,13.52,31.6,750.5,22.05,38.14
"2021-03-11 11:30:00",27880,13.52,31.59,750.4,22.63,38.27
"2021-03-11 11:35:00",27881,13.52,31.56,750.4,21.57,39.75
"2021-03-11 11:40:00",27882,13.52,31.46,750.3,21.83,40.01
"2021-03-11 11:45:00",27883,13.52,31.36,750.2,22.61,37.01
"2021-03-11 11:50:00",27884,13.52,31.33,750.1,23.29,34.14
"2021-03-11 11:55:00",27885,13.52,31.37,750,23.4,34.91
"2021-03-11 12:00:00",27886,13.52,31.48,749.9,24.68,33.5
"2021-03-11 12:05:00",27887,13.52,31.73,749.8,24.57,32.82
"2021-03-11 12:10:00",27888,13.52,31.96,749.7,24.28,33.76
"2021-03-11 12:15:00",27889,13.5,32.3,749.6,24.08,32.04
"2021-03-11 12:20:00",27890,13.5,32.49,749.5,24.31,31.52
"2021-03-11 12:25:00",27891,13.5,32.6,749.5,24.65,28.85
"2021-03-11 12:30:00",27892,13.5,32.71,749.4,25.22,27.54
"2021-03-11 12:35:00",27893,13.5,32.78,749.3,24.75,26.07
"2021-03-11 12:40:00",27894,13.5,32.86,749.2,25.44,25.91
"2021-03-11 12:45:00",27895,13.48,32.92,749.1,25.65,28.15
"2021-03-11 12:50:00",27896,13.48,33.02,749,25.86,27.59
"2021-03-11 12:55:00",27897,13.48,33.07,748.9,25.11,26.57
"2021-03-11 13:00:00",27898,13.48,33.06,748.8,26.02,26.02
"2021-03-11 13:05:00",27899,13.48,33.09,748.7,25.56,26.54
"2021-03-11 13:10:00",27900,13.48,33.11,748.6,26.04,25.07
"2021-03-11 13:15:00",27901,13.48,33.2,748.5,26.52,25.72
"2021-03-11 13:20:00",27902,13.48,33.32,748.3,26.46,24.48
"2021-03-11 13:25:00",27903,13.48,33.35,748.2,25.44,24.68
"2021-03-11 13:30:00",27904,13.48,33.33,748.1,26.67,22.97
"2021-03-11 13:35:00",27905,13.48,33.41,748,27.51,23.27
"2021-03-11 13:40:00",27906,13.48,33.56,748,27.11,23.69
"2021-03-11 13:45:00",27907,13.48,33.71,747.9,27.08,24.45
"2021-03-11 13:50:00",27908,13.48,33.8,747.8,26.21,25.08
"2021-03-11 13:55:00",27909,13.48,33.73,747.7,25.52,25.3
"2021-03-11 14:00:00",27910,13.48,33.54,747.6,26.16,26.41
"2021-03-11 14:05:00",27911,13.48,33.33,747.6,25.82,27.24
"2021-03-11 14:10:00",27912,13.48,33.2,747.5,26.45,26.47
"2021-03-11 14:15:00",27913,13.48,33,747.4,24.76,28.79
"2021-03-11 14:20:00",27914,13.48,32.62,747.2,24.11,31.34
"2021-03-11 14:25:00",27915,13.47,32.15,747,23.82,31.81
"2021-03-11 14:30:00",27916,13.47,31.61,746.9,24.24,32.08
"2021-03-11 14:35:00",27917,13.47,31.18,746.8,23.9,32.29
"2021-03-11 14:40:00",27918,13.47,30.83,746.8,24.33,31.45
"2021-03-11 14:45:00",27919,13.47,30.51,746.8,24.26,31.18
"2021-03-11 14:50:00",27920,13.47,30.35,746.7,24.61,30.54
"2021-03-11 14:55:00",27921,13.47,30.33,746.7,24.84,29.81
"2021-03-11 15:00:00",27922,13.48,30.36,746.7,24.63,30
"2021-03-11 15:05:00",27923,13.48,30.35,746.9,24.61,28.51
"2021-03-11 15:10:00",27924,13.47,30.31,747.2,24.5,30.26
"2021-03-11 15:15:00",27925,13.48,30.19,747.8,23.23,33.63
"2021-03-11 15:20:00",27926,13.47,29.82,748,21.04,39.08
"2021-03-11 15:25:00",27927,13.47,29.16,748,20.67,40.66
"2021-03-11 15:30:00",27928,13.46,28.09,748,20.15,42.19
"2021-03-11 15:35:00",27929,13.53,27.18,748,20.19,39.12
"2021-03-11 15:40:00",27930,13.57,26.79,747.9,20.03,39.43
"2021-03-11 15:45:00",27931,13.57,26.49,747.9,20.54,40.16
"2021-03-11 15:50:00",27932,13.57,26.01,748,19.74,48.86
"2021-03-11 15:55:00",27933,13.57,25.02,748,18.35,43.36
"2021-03-11 16:00:00",27934,13.57,24.17,748.1,18.51,40.49
"2021-03-11 16:05:00",27935,13.6,23.19,748,17.99,53.23
"2021-03-11 16:10:00",27936,13.62,22.36,748,18.62,45.11
"2021-03-11 16:15:00",27937,13.62,21.78,748.1,19.36,36.56
"2021-03-11 16:20:00",27938,13.65,21.59,748.1,19.37,40.04
"2021-03-11 16:25:00",27939,13.53,21.17,748.3,19.85,35.63
"2021-03-11 16:30:00",27940,13.55,20.98,748.5,19.76,34.89
"2021-03-11 16:35:00",27941,13.53,20.99,748.8,19.46,36.99
"2021-03-11 16:40:00",27942,13.75,21.15,748.8,19.76,34.47
"2021-03-11 16:45:00",27943,13.5,21.38,748.9,19.78,40.24
"2021-03-11 16:50:00",27944,13.34,21.27,749,18.17,49.06
"2021-03-11 16:55:00",27945,13.22,21.19,749,17.9,45.91
"2021-03-11 17:00:00",27946,13.22,21.06,749.2,17.9,46.22
"2021-03-11 17:05:00",27947,13.18,20.92,749.3,17.48,48.5
"2021-03-11 17:10:00",27948,13.14,20.74,749.4,17.24,49.5
"2021-03-11 17:15:00",27949,13.1,20.55,749.5,17.33,47.1
"2021-03-11 17:20:00",27950,13.06,20.4,749.6,17.35,48.92
"2021-03-11 17:25:00",27951,13.04,20.27,749.8,17.19,47.52
"2021-03-11 17:30:00",27952,13.03,20.15,749.8,17.38,47.73
"2021-03-11 17:35:00",27953,13.02,20.07,749.8,17.31,48.76
"2021-03-11 17:40:00",27954,13.01,19.98,749.7,17.33,48.29
"2021-03-11 17:45:00",27955,13,19.85,749.7,17.56,44.47
"2021-03-11 17:50:00",27956,12.99,19.77,749.6,18.13,41.99
"2021-03-11 17:55:00",27957,12.99,19.73,749.7,16.75,48.87
"2021-03-11 18:00:00",27958,12.98,19.61,749.6,16.02,52.98
"2021-03-11 18:05:00",27959,12.97,19.39,749.5,16.06,50.71
"2021-03-11 18:10:00",27960,12.96,19.16,749.2,15.46,54.31
"2021-03-11 18:15:00",27961,12.95,18.91,749.1,15.55,53.07
"2021-03-11 18:20:00",27962,12.94,18.66,748.9,15.02,57.22
"2021-03-11 18:25:00",27963,12.93,18.4,748.8,14.62,60.48
"2021-03-11 18:30:00",27964,12.92,18.12,748.6,14.51,62.09
"2021-03-11 18:35:00",27965,12.92,17.86,748.5,14.65,59.59
"2021-03-11 18:40:00",27966,12.91,17.66,748.4,15.2,55.27
"2021-03-11 18:45:00",27967,12.9,17.5,748.4,15.46,54.19
"2021-03-11 18:50:00",27968,12.9,17.37,748.4,15.76,52.76
"2021-03-11 18:55:00",27969,12.9,17.36,748.6,15.91,52.26
"2021-03-11 19:00:00",27970,12.9,17.35,748.8,15.72,55.35
"2021-03-11 19:05:00",27971,12.9,17.33,748.9,15.38,55.73
"2021-03-11 19:10:00",27972,12.9,17.29,749.1,15.38,55.73
"2021-03-11 19:15:00",27973,12.89,17.23,749.2,15.33,56.14
"2021-03-11 19:20:00",27974,12.89,17.19,749.3,15.31,56.47
"2021-03-11 19:25:00",27975,12.89,17.15,749.4,15.32,56.35
"2021-03-11 19:30:00",27976,12.89,17.12,749.5,15.58,54.23
"2021-03-11 19:35:00",27977,12.89,17.12,749.8,15.7,54.5
"2021-03-11 19:40:00",27978,12.89,17.12,750.1,15.94,53.74
"2021-03-11 19:45:00",27979,12.89,17.12,750.2,15.85,55.86
"2021-03-11 19:50:00",27980,12.89,17.15,750.3,16.04,55.04
"2021-03-11 19:55:00",27981,12.88,17.21,750.4,16.26,53.11
"2021-03-11 20:00:00",27982,12.88,17.27,750.5,16.43,52.64
"2021-03-11 20:05:00",27983,12.88,17.32,750.6,16.5,52.04
"2021-03-11 20:10:00",27984,12.88,17.36,750.7,16.57,51.67
"2021-03-11 20:15:00",27985,12.88,17.41,750.8,16.55,52.01
"2021-03-11 20:20:00",27986,12.88,17.43,751,16.54,52.22
"2021-03-11 20:25:00",27987,12.88,17.32,751.1,16.32,55.2
"2021-03-11 20:30:00",27988,12.88,17.27,751.2,16.05,56.16
"2021-03-11 20:35:00",27989,12.88,17.22,751.4,15.78,57.58
"2021-03-11 20:40:00",27990,12.88,17.2,751.5,15.69,58.88
"2021-03-11 20:45:00",27991,12.88,17.1,751.6,15.53,59.73
"2021-03-11 20:50:00",27992,12.88,17.02,751.8,15.44,59.48
"2021-03-11 20:55:00",27993,12.87,16.95,751.8,15.55,59.52
"2021-03-11 21:00:00",27994,12.88,16.89,752,15.64,59.99
"2021-03-11 21:05:00",27995,12.87,16.84,752.2,15.57,58.51
"2021-03-11 21:10:00",27996,12.87,16.81,752.3,15.46,59.06
"2021-03-11 21:15:00",27997,12.87,16.79,752.3,15.66,57.86
"2021-03-11 21:20:00",27998,12.87,16.81,752.3,15.86,58.52
"2021-03-11 21:25:00",27999,12.87,16.82,752.5,15.98,58.48
"2021-03-11 21:30:00",28000,12.87,16.83,752.5,15.96,59.2
"2021-03-11 21:35:00",28001,12.87,16.83,752.5,15.84,60.5
"2021-03-11 21:40:00",28002,12.87,16.84,752.5,15.36,62.27
"2021-03-11 21:45:00",28003,12.87,16.82,752.6,15.33,61.73
"2021-03-11 21:50:00",28004,12.86,16.79,752.7,15.4,61.38
"2021-03-11 21:55:00",28005,12.86,16.77,752.8,15.53,61.58
"2021-03-11 22:00:00",28006,12.86,16.77,752.8,15.5,61.19
"2021-03-11 22:05:00",28007,12.86,16.77,752.8,15.64,61.04
"2021-03-11 22:10:00",28008,12.86,16.79,752.9,15.75,61.41
"2021-03-11 22:15:00",28009,12.86,16.8,753,15.83,62.82
"2021-03-11 22:20:00",28010,12.86,16.82,753,15.36,65.54
"2021-03-11 22:25:00",28011,12.86,16.81,752.9,15.11,67.6
"2021-03-11 22:30:00",28012,12.86,16.77,753.1,15.02,66.41
"2021-03-11 22:35:00",28013,12.86,16.69,753.2,14.88,68.13
"2021-03-11 22:40:00",28014,12.85,16.61,753.2,14.88,65.4
"2021-03-11 22:45:00",28015,12.85,16.5,753.2,14.92,66.07
"2021-03-11 22:50:00",28016,12.85,16.39,753.1,14.97,63.35
"2021-03-11 22:55:00",28017,12.85,16.26,753.1,14.91,65.31
"2021-03-11 23:00:00",28018,12.85,16.14,753.2,14.63,67.22
"2021-03-11 23:05:00",28019,12.85,16.03,753.2,14.56,66.56
"2021-03-11 23:10:00",28020,12.85,15.87,753.2,14.52,65.48
"2021-03-11 23:15:00",28021,12.84,15.77,753.2,14.61,62.82
"2021-03-11 23:20:00",28022,12.84,15.7,753.3,14.55,62.52
"2021-03-11 23:25:00",28023,12.84,15.66,753.3,14.57,61.22
"2021-03-11 23:30:00",28024,12.84,15.62,753.2,14.51,60.46
"2021-03-11 23:35:00",28025,12.84,15.58,753.1,14.58,60.14
"2021-03-11 23:40:00",28026,12.83,15.58,753.2,14.59,60.15
"2021-03-11 23:45:00",28027,12.84,15.56,753.1,14.45,61.55
"2021-03-11 23:50:00",28028,12.83,15.52,753,14.25,62.23
"2021-03-11 23:55:00",28029,12.83,15.48,752.9,14.22,62.9
"2021-03-12 00:00:00",28030,12.83,15.42,752.9,14.02,64.39
"2021-03-12 00:05:00",28031,12.83,15.35,752.8,13.8,65.18
"2021-03-12 00:10:00",28032,12.83,15.26,752.8,13.87,64.4
"2021-03-12 00:15:00",28033,12.82,15.19,752.7,14.16,63.25
"2021-03-12 00:20:00",28034,12.82,15.09,752.6,14.08,62.2
"2021-03-12 00:25:00",28035,12.82,15.02,752.6,13.87,64.4
"2021-03-12 00:30:00",28036,12.82,14.94,752.6,13.81,65.06
"2021-03-12 00:35:00",28037,12.82,14.86,752.5,13.65,65.82
"2021-03-12 00:40:00",28038,12.82,14.78,752.5,13.67,65.77
"2021-03-12 00:45:00",28039,12.81,14.71,752.4,13.63,65.53
"2021-03-12 00:50:00",28040,12.81,14.63,752.4,13.88,64.4
"2021-03-12 00:55:00",28041,12.81,14.56,752.4,13.76,66.07
"2021-03-12 01:00:00",28042,12.81,14.49,752.2,13.43,68.01
"2021-03-12 01:05:00",28043,12.8,14.44,752.2,13.17,68.02
"2021-03-12 01:10:00",28044,12.8,14.36,752.1,13.19,67.77
"2021-03-12 01:15:00",28045,12.8,14.28,752.1,13.18,67.48
"2021-03-12 01:20:00",28046,12.8,14.22,752,13.14,68.02
"2021-03-12 01:25:00",28047,12.8,14.14,752,13.07,68.92
"2021-03-12 01:30:00",28048,12.79,14.05,752,12.98,70.34
"2021-03-12 01:35:00",28049,12.79,13.98,752,12.97,70.28
"2021-03-12 01:40:00",28050,12.79,13.88,752,12.87,73.55
"2021-03-12 01:45:00",28051,12.79,13.79,752.1,12.84,73.88
"2021-03-12 01:50:00",28052,12.78,13.74,752.1,12.75,73.7
"2021-03-12 01:55:00",28053,12.8,13.67,752.1,12.72,74.48
"2021-03-12 02:00:00",28054,12.8,13.58,752,12.61,74.56
"2021-03-12 02:05:00",28055,12.79,13.49,751.9,12.48,74.06
"2021-03-12 02:10:00",28056,12.79,13.41,751.9,12.4,74.44
"2021-03-12 02:15:00",28057,12.79,13.29,751.8,12.32,75.04
"2021-03-12 02:20:00",28058,12.79,13.21,751.8,12.35,74.12
"2021-03-12 02:25:00",28059,12.78,13.16,751.8,12.49,73.41
"2021-03-12 02:30:00",28060,12.78,13.14,751.8,12.48,72.37
"2021-03-12 02:35:00",28061,12.78,13.14,751.8,12.4,75.28
"2021-03-12 02:40:00",28062,12.78,13.14,751.8,11.92,78.61
"2021-03-12 02:45:00",28063,12.77,13.13,751.7,11.74,79.34
"2021-03-12 02:50:00",28064,12.77,13.1,751.7,11.91,77.2
"2021-03-12 02:55:00",28065,12.77,13.07,751.7,12.24,76
"2021-03-12 03:00:00",28066,12.76,13.04,751.7,12.26,77.42
"2021-03-12 03:05:00",28067,12.76,13.02,751.7,12.21,76.24
"2021-03-12 03:10:00",28068,12.76,13.03,751.7,12.06,77.82
"2021-03-12 03:15:00",28069,12.75,13.04,751.8,12.08,78.23
"2021-03-12 03:20:00",28070,12.75,13.05,751.8,12.12,76.89
"2021-03-12 03:25:00",28071,12.75,13.08,751.7,12.09,77.93
"2021-03-12 03:30:00",28072,12.74,13.11,751.7,12.11,77.71
"2021-03-12 03:35:00",28073,12.74,13.13,751.7,12.15,77.31
"2021-03-12 03:40:00",28074,12.74,13.18,751.7,12.21,76.99
"2021-03-12 03:45:00",28075,12.74,13.2,751.7,12.25,77.33
"2021-03-12 03:50:00",28076,12.73,13.23,751.7,12.21,78.09
"2021-03-12 03:55:00",28077,12.73,13.25,751.7,12.18,78.04
"2021-03-12 04:00:00",28078,12.73,13.27,751.8,12.26,76.31
"2021-03-12 04:05:00",28079,12.72,13.31,751.8,12.29,76.42
"2021-03-12 04:10:00",28080,12.71,13.35,751.8,12.23,75.05
"2021-03-12 04:15:00",28081,12.71,13.38,751.7,12.34,74.17
"2021-03-12 04:20:00",28082,12.71,13.43,751.8,12.37,74.46
"2021-03-12 04:25:00",28083,12.7,13.47,751.7,12.62,73.47
"2021-03-12 04:30:00",28084,12.7,13.53,751.8,12.76,73.11
"2021-03-12 04:35:00",28085,12.7,13.56,751.8,12.75,73.36
"2021-03-12 04:40:00",28086,12.7,13.53,751.9,12.75,73.58
"2021-03-12 04:45:00",28087,12.69,13.54,751.8,12.64,73.9
"2021-03-12 04:50:00",28088,12.69,13.54,751.8,12.56,74.27
"2021-03-12 04:55:00",28089,12.69,13.58,751.9,12.67,75.75
"2021-03-12 05:00:00",28090,12.68,13.61,752,12.74,75.79
"2021-03-12 05:05:00",28091,12.68,13.6,752.1,12.68,76.42
"2021-03-12 05:10:00",28092,12.68,13.63,752.2,12.62,76.77
"2021-03-12 05:15:00",28093,12.68,13.66,752.3,12.59,75.82
"2021-03-12 05:20:00",28094,12.68,13.68,752.3,12.69,75.64
"2021-03-12 05:25:00",28095,12.67,13.7,752.3,12.76,75.24
"2021-03-12 05:30:00",28096,12.67,13.75,752.4,12.64,76.55
"2021-03-12 05:35:00",28097,12.67,13.78,752.5,12.64,76.08
"2021-03-12 05:40:00",28098,12.66,13.82,752.6,12.66,75.5
"2021-03-12 05:45:00",28099,12.66,13.84,752.6,12.66,75.95
"2021-03-12 05:50:00",28100,12.66,13.85,752.7,12.68,76.34
"2021-03-12 05:55:00",28101,12.66,13.88,752.7,12.74,76.3
"2021-03-12 06:00:00",28102,12.66,13.88,752.8,12.48,76.91
"2021-03-12 06:05:00",28103,12.66,13.89,752.8,12.45,78.42
"2021-03-12 06:10:00",28104,12.65,13.86,752.9,12.44,79.6
"2021-03-12 06:15:00",28105,12.65,13.85,752.8,12.31,79.44
"2021-03-12 06:20:00",28106,12.65,13.82,752.8,12.28,79.62
"2021-03-12 06:25:00",28107,12.65,13.81,752.8,12.3,79.46
"2021-03-12 06:30:00",28108,12.65,13.82,752.9,12.36,79.09
"2021-03-12 06:35:00",28109,12.66,13.85,752.9,12.42,77.84
"2021-03-12 06:40:00",28110,12.67,13.88,752.9,12.45,78.34
"2021-03-12 06:45:00",28111,12.71,13.9,752.9,12.5,77.96
"2021-03-12 06:50:00",28112,12.79,13.98,753,12.79,76.86
"2021-03-12 06:55:00",28113,12.84,14.06,753,13.2,74.71
"2021-03-12 07:00:00",28114,12.84,14.14,753.1,13.25,74.78
"2021-03-12 07:05:00",28115,12.83,14.23,753.1,13.17,74.98
"2021-03-12 07:10:00",28116,12.79,14.3,753.2,13,75.79
"2021-03-12 07:15:00",28117,12.75,14.37,753.2,13.08,75.3
"2021-03-12 07:20:00",28118,12.78,14.42,753.3,13.1,73.03
"2021-03-12 07:25:00",28119,12.84,14.52,753.4,13.18,72.45
"2021-03-12 07:30:00",28120,12.93,14.58,753.5,13.34,73.19
"2021-03-12 07:35:00",28121,13.04,14.69,753.6,13.41,73.49
"2021-03-12 07:40:00",28122,13.17,14.82,753.7,13.51,72.54
"2021-03-12 07:45:00",28123,13.25,14.95,753.8,13.83,72.86
"2021-03-12 07:50:00",28124,13.35,15.11,753.8,14.05,72.77
"2021-03-12 07:55:00",28125,13.42,15.26,753.9,14.07,72.68
"2021-03-12 08:00:00",28126,13.53,15.48,753.9,14.08,71.63
"2021-03-12 08:05:00",28127,13.62,15.77,754,14.38,67.17
"2021-03-12 08:10:00",28128,13.67,16.05,754.1,14.57,67.09
"2021-03-12 08:15:00",28129,13.77,16.43,754.2,14.93,66.92
"2021-03-12 08:20:00",28130,13.78,17.41,754.2,15.1,65.73
"2021-03-12 08:25:00",28131,13.78,18.58,754.2,16.07,62.09
"2021-03-12 08:30:00",28132,13.76,19.23,754.3,15.26,65.67
"2021-03-12 08:35:00",28133,13.76,19.65,754.4,14.27,72.58
"2021-03-12 08:40:00",28134,13.76,19.97,754.4,14.45,71.59
"2021-03-12 08:45:00",28135,13.73,20.22,754.4,14.51,71.69
"2021-03-12 08:50:00",28136,13.73,20.38,754.5,14.64,70.54
"2021-03-12 08:55:00",28137,13.73,20.57,754.5,14.85,68.71
"2021-03-12 09:00:00",28138,13.73,20.76,754.6,14.95,65.96
"2021-03-12 09:05:00",28139,13.73,20.98,754.6,15.48,64.09
"2021-03-12 09:10:00",28140,13.73,21.25,754.6,15.28,65.73
"2021-03-12 09:15:00",28141,13.7,21.69,754.6,16.15,61.71
"2021-03-12 09:20:00",28142,13.71,22.21,754.6,15.76,58.87
"2021-03-12 09:25:00",28143,13.68,22.59,754.6,15.67,60.86
"2021-03-12 09:30:00",28144,13.68,22.88,754.6,17,57.82
"2021-03-12 09:35:00",28145,13.68,23.31,754.6,16.72,56.63
"2021-03-12 09:40:00",28146,13.65,23.89,754.5,17.46,54.88
"2021-03-12 09:45:00",28147,13.65,24.46,754.5,16.69,57.11
"2021-03-12 09:50:00",28148,13.65,24.95,754.5,16.93,54.43
"2021-03-12 09:55:00",28149,13.63,25.3,754.5,16.81,52.57
"2021-03-12 10:00:00",28150,13.63,25.69,754.5,18.23,49.32
"2021-03-12 10:05:00",28151,13.63,26.18,754.5,17.88,49.14
"2021-03-12 10:10:00",28152,13.6,26.45,754.4,18.03,46.34
"2021-03-12 10:15:00",28153,13.6,26.79,754.3,18.92,46.35
"2021-03-12 10:20:00",28154,13.6,27.2,754.3,18.16,49.4
"2021-03-12 10:25:00",28155,13.6,27.55,754.2,19.04,48.54
"2021-03-12 10:30:00",28156,13.58,27.82,754.2,18.87,46.75
"2021-03-12 10:35:00",28157,13.58,28.11,754.1,20.37,45.16
"2021-03-12 10:40:00",28158,13.58,28.51,754,20.77,42.42
"2021-03-12 10:45:00",28159,13.56,28.88,754,20.76,41.58
"2021-03-12 10:50:00",28160,13.55,29.18,753.9,21.28,40.54
"2021-03-12 10:55:00",28161,13.56,29.46,753.8,20.25,42.43
"2021-03-12 11:00:00",28162,13.55,29.66,753.7,21.13,39.87
"2021-03-12 11:05:00",28163,13.53,29.9,753.6,20.98,40.12
"2021-03-12 11:10:00",28164,13.53,30.14,753.6,19.25,42.02
"2021-03-12 11:15:00",28165,13.53,30.17,753.6,20.5,40.58
"2021-03-12 11:20:00",28166,13.53,30.16,753.5,21.29,39.43
"2021-03-12 11:25:00",28167,13.53,30.25,753.4,22.21,36.51
"2021-03-12 11:30:00",28168,13.53,30.44,753.3,22.69,37.29
"2021-03-12 11:35:00",28169,13.53,30.7,753.3,21.09,39.02
"2021-03-12 11:40:00",28170,13.53,30.81,753.2,21.44,37.75
"2021-03-12 11:45:00",28171,13.51,30.9,753.2,22.2,35.99
"2021-03-12 11:50:00",28172,13.51,31.02,753.1,22.61,36.98
"2021-03-12 11:55:00",28173,13.51,31.18,753.1,22.41,35.71
"2021-03-12 12:00:00",28174,13.51,31.25,752.9,21.19,38.83
"2021-03-12 12:05:00",28175,13.51,31.2,752.9,21.61,38.94
"2021-03-12 12:10:00",28176,13.51,31.09,752.8,21.76,39.22
"2021-03-12 12:15:00",28177,13.51,31,752.7,21.37,38.2
"2021-03-12 12:20:00",28178,13.51,30.82,752.6,21.4,37.22
"2021-03-12 12:25:00",28179,13.51,30.69,752.5,21.63,36.26
"2021-03-12 12:30:00",28180,13.51,30.6,752.4,22,36.39
"2021-03-12 12:35:00",28181,13.51,30.67,752.4,23.57,34.83
"2021-03-12 12:40:00",28182,13.51,30.88,752.2,22.99,34.07
"2021-03-12 12:45:00",28183,13.52,31.02,752,22.17,35.12
"2021-03-12 12:50:00",28184,13.52,31.01,751.9,21.99,36.16
"2021-03-12 12:55:00",28185,13.51,30.79,751.8,22.66,35.11
"2021-03-12 13:00:00",28186,13.52,30.59,751.8,22.56,35.66
"2021-03-12 13:05:00",28187,13.52,30.43,751.7,22.28,35
"2021-03-12 13:10:00",28188,13.52,30.31,751.6,22.55,34.13
"2021-03-12 13:15:00",28189,13.52,30.19,751.5,22.43,35.02
"2021-03-12 13:20:00",28190,13.52,30.09,751.4,22.23,35.13
"2021-03-12 13:25:00",28191,13.52,30.05,751.4,23.46,33.52
"2021-03-12 13:30:00",28192,13.52,30.12,751.3,23.15,33.09
"2021-03-12 13:35:00",28193,13.52,30.23,751.1,22.01,34.31
"2021-03-12 13:40:00",28194,13.52,30.23,750.9,21.36,35.38
"2021-03-12 13:45:00",28195,13.52,30.14,750.9,22.78,35.58
"2021-03-12 13:50:00",28196,13.52,30.12,750.9,23.63,32.6
"2021-03-12 13:55:00",28197,13.52,30.09,750.8,21.96,35.27
"2021-03-12 14:00:00",28198,13.52,29.84,750.7,21.87,34.5
"2021-03-12 14:05:00",28199,13.52,29.24,750.7,21.74,34.55
"2021-03-12 14:10:00",28200,13.52,28.75,750.6,21.61,34.81
"2021-03-12 14:15:00",28201,13.52,28.32,750.6,21.62,34.41
"2021-03-12 14:20:00",28202,13.52,27.94,750.5,21.64,33.81
"2021-03-12 14:25:00",28203,13.52,27.57,750.4,21.46,33.67
"2021-03-12 14:30:00",28204,13.55,27.25,750.4,21.44,33.83
"2021-03-12 14:35:00",28205,13.55,26.98,750.3,21.55,33.61
"2021-03-12 14:40:00",28206,13.55,26.78,750.3,21.69,32.83
"2021-03-12 14:45:00",28207,13.55,26.63,750.2,21.27,33.71
"2021-03-12 14:50:00",28208,13.55,26.48,750.2,20.98,35.83
"2021-03-12 14:55:00",28209,13.55,26.32,750.1,20.67,35.77
"2021-03-12 15:00:00",28210,13.55,26.16,750.1,21.04,34.62
"2021-03-12 15:05:00",28211,13.57,26.01,750.1,20.51,34.47
"2021-03-12 15:10:00",28212,13.57,25.84,750.1,20.32,38.97
"2021-03-12 15:15:00",28213,13.58,25.7,750,20.57,34.44
"2021-03-12 15:20:00",28214,13.57,25.62,749.9,20.43,35.81
"2021-03-12 15:25:00",28215,13.58,25.58,749.8,20.68,34.88
"2021-03-12 15:30:00",28216,13.58,25.62,749.7,21.19,34.37
"2021-03-12 15:35:00",28217,13.58,25.79,749.7,22.37,31.55
"2021-03-12 15:40:00",28218,13.58,26.08,749.6,21.82,33
"2021-03-12 15:45:00",28219,13.58,26.26,749.6,20.93,34.28
"2021-03-12 15:50:00",28220,13.58,26.28,749.6,21.4,33.63
"2021-03-12 15:55:00",28221,13.58,26.29,749.5,21.78,35.48
"2021-03-12 16:00:00",28222,13.58,26.28,749.4,20.21,42.42
"2021-03-12 16:05:00",28223,13.58,26.11,749.4,19.9,43.03
"2021-03-12 16:10:00",28224,13.58,25.84,749.3,19.46,43.94
"2021-03-12 16:15:00",28225,13.58,25.57,749.2,19.84,42.44
"2021-03-12 16:20:00",28226,13.58,25.31,749.2,19.18,44.41
"2021-03-12 16:25:00",28227,13.58,25.05,749.1,19.55,42.79
"2021-03-12 16:30:00",28228,13.58,24.86,749.1,19.58,42.19
"2021-03-12 16:35:00",28229,13.6,24.71,749,19.66,42.65
"2021-03-12 16:40:00",28230,13.6,24.64,749,20.1,41.31
"2021-03-12 16:45:00",28231,13.6,24.64,749,20.35,42.24
"2021-03-12 16:50:00",28232,13.6,24.75,749.1,20.48,42.07
"2021-03-12 16:55:00",28233,13.6,24.86,749,20.61,39.59
"2021-03-12 17:00:00",28234,13.6,25.01,749.1,20.68,39.17
"2021-03-12 17:05:00",28235,13.6,25.12,749.1,20.74,37.71
"2021-03-12 17:10:00",28236,13.6,25.26,749,21.02,36.36
"2021-03-12 17:15:00",28237,13.6,25.36,749,20.81,38.83
"2021-03-12 17:20:00",28238,13.61,25.46,748.9,20.55,37.43
"2021-03-12 17:25:00",28239,13.61,25.53,748.9,21.25,35.46
"2021-03-12 17:30:00",28240,13.6,25.68,748.9,21.47,35.06
"2021-03-12 17:35:00",28241,13.61,25.89,748.9,22.01,35.11
"2021-03-12 17:40:00",28242,13.61,26.13,748.9,21.6,34.34
"2021-03-12 17:45:00",28243,13.6,26.32,748.9,21.64,34.35
"2021-03-12 17:50:00",28244,13.6,26.42,748.9,21.34,35.24
"2021-03-12 17:55:00",28245,13.6,26.44,749,21.92,33.58
"2021-03-12 18:00:00",28246,13.6,26.45,748.9,21.76,34.36
"2021-03-12 18:05:00",28247,13.5,26.27,749,21.42,35.18
"2021-03-12 18:10:00",28248,13.28,25.7,748.9,21.79,34.43
"2021-03-12 18:15:00",28249,13.19,25.34,748.9,21.41,35.05
"2021-03-12 18:20:00",28250,13.14,25.08,749,20.82,36.57
"2021-03-12 18:25:00",28251,13.08,24.74,749,20.86,36.54
"2021-03-12 18:30:00",28252,13.05,24.31,749.1,20.26,38.45
"2021-03-12 18:35:00",28253,13.01,23.84,749.1,20.08,38.72
"2021-03-12 18:40:00",28254,12.99,23.38,749.2,19.97,38.19
"2021-03-12 18:45:00",28255,12.98,22.92,749.3,19.86,39.28
"2021-03-12 18:50:00",28256,12.97,22.46,749.3,19.75,39.82
"2021-03-12 18:55:00",28257,12.97,22.04,749.4,19.76,39.2
"2021-03-12 19:00:00",28258,12.97,21.7,749.4,19.48,40.47
"2021-03-12 19:05:00",28259,12.96,21.41,749.5,19.12,42.87
"2021-03-12 19:10:00",28260,12.96,21.12,749.5,18.88,43.55
"2021-03-12 19:15:00",28261,12.96,20.84,749.5,18.67,43.78
"2021-03-12 19:20:00",28262,12.95,20.56,749.6,18.45,44.49
"2021-03-12 19:25:00",28263,12.95,20.32,749.7,18.39,44.96
"2021-03-12 19:30:00",28264,12.95,20.1,749.8,18.21,45.38
"2021-03-12 19:35:00",28265,12.95,19.92,749.8,18.08,45.8
"2021-03-12 19:40:00",28266,12.94,19.75,749.9,17.99,46.17
"2021-03-12 19:45:00",28267,12.94,19.58,750,17.88,46.41
"2021-03-12 19:50:00",28268,12.93,19.68,750.1,17.71,47.15
"2021-03-12 19:55:00",28269,12.93,19.6,750.2,17.56,47.25
"2021-03-12 20:00:00",28270,12.93,19.51,750.2,17.39,47.55
"2021-03-12 20:05:00",28271,12.92,19.38,750.2,17.27,48.28
"2021-03-12 20:10:00",28272,12.92,19.25,750.3,17.22,48.34
"2021-03-12 20:15:00",28273,12.92,19.12,750.3,17.16,48.27
"2021-03-12 20:20:00",28274,12.92,19.01,750.4,16.95,49.08
"2021-03-12 20:25:00",28275,12.91,18.86,750.5,16.74,50.27
"2021-03-12 20:30:00",28276,12.91,18.74,750.7,16.54,50.89
"2021-03-12 20:35:00",28277,12.91,18.59,750.7,16.45,51.47
"2021-03-12 20:40:00",28278,12.91,18.39,750.8,16.63,51.22
"2021-03-12 20:45:00",28279,12.91,18.24,750.9,16.75,51.2
"2021-03-12 20:50:00",28280,12.91,18.12,750.9,16.46,52.46
"2021-03-12 20:55:00",28281,12.9,17.99,751,16.24,53.87
"2021-03-12 21:00:00",28282,12.9,17.86,751,16.59,53.22
"2021-03-12 21:05:00",28283,12.9,17.78,751.2,16.54,54.1
"2021-03-12 21:10:00",28284,12.9,17.69,751.2,16.33,55.11
"2021-03-12 21:15:00",28285,12.9,17.62,751.3,16.26,54.55
"2021-03-12 21:20:00",28286,12.9,17.51,751.3,16.16,54.78
"2021-03-12 21:25:00",28287,12.89,17.4,751.4,16.14,56.3
"2021-03-12 21:30:00",28288,12.89,17.33,751.5,16.16,56.7
"2021-03-12 21:35:00",28289,12.89,17.25,751.6,16.1,57.56
"2021-03-12 21:40:00",28290,12.89,17.16,751.7,15.81,56.15
"2021-03-12 21:45:00",28291,12.89,17.1,751.8,15.67,55.25
"2021-03-12 21:50:00",28292,12.88,17.02,751.8,15.6,57.58
"2021-03-12 21:55:00",28293,12.88,16.91,751.9,15.28,60.62
"2021-03-12 22:00:00",28294,12.88,16.88,751.9,15.35,57.33
"2021-03-12 22:05:00",28295,12.88,16.83,752,15.55,58.02
"2021-03-12 22:10:00",28296,12.88,16.84,752.1,15.6,58.99
"2021-03-12 22:15:00",28297,12.88,16.88,752.1,15.8,55
"2021-03-12 22:20:00",28298,12.88,16.93,752.2,15.92,59.01
"2021-03-12 22:25:00",28299,12.88,16.98,752.1,15.8,57.34
"2021-03-12 22:30:00",28300,12.87,17.04,752.2,16,56.79
"2021-03-12 22:35:00",28301,12.87,17.1,752.2,16.27,56.47
"2021-03-12 22:40:00",28302,12.87,17.19,752.2,16.01,60.23
"2021-03-12 22:45:00",28303,12.87,17.24,752.2,15.88,61.25
"2021-03-12 22:50:00",28304,12.87,17.3,752.3,15.77,61.38
"2021-03-12 22:55:00",28305,12.87,17.33,752.4,15.75,62
"2021-03-12 23:00:00",28306,12.87,17.35,752.4,15.78,60.97
"2021-03-12 23:05:00",28307,12.86,17.37,752.4,15.9,60.69
"2021-03-12 23:10:00",28308,12.87,17.42,752.4,15.78,60.94
"2021-03-12 23:15:00",28309,12.87,17.45,752.4,15.88,59.76
"2021-03-12 23:20:00",28310,12.86,17.4,752.4,15.9,60.3
"2021-03-12 23:25:00",28311,12.86,17.39,752.4,15.69,59.94
"2021-03-12 23:30:00",28312,12.86,17.39,752.3,15.63,61.24
"2021-03-12 23:35:00",28313,12.86,17.36,752.3,15.59,60.88
"2021-03-12 23:40:00",28314,12.86,17.34,752.2,15.6,61.5
"2021-03-12 23:45:00",28315,12.86,17.32,752.1,15.6,61.62
"2021-03-12 23:50:00",28316,12.86,17.24,752.1,15.6,61.24
"2021-03-12 23:55:00",28317,12.86,17.17,752.1,15.56,61.17
"2021-03-13 00:00:00",28318,12.86,17.12,752.1,15.51,61.73
"2021-03-13 00:05:00",28319,12.86,17.05,752.1,15.38,62.36
"2021-03-13 00:10:00",28320,12.85,16.99,752,15.33,61.31
"2021-03-13 00:15:00",28321,12.85,16.92,752,15.34,61.4
"2021-03-13 00:20:00",28322,12.85,16.85,751.9,15.32,60.44
"2021-03-13 00:25:00",28323,12.85,16.78,751.9,15.32,60.23
"2021-03-13 00:30:00",28324,12.85,16.69,751.9,15.49,60.23
"2021-03-13 00:35:00",28325,12.85,16.63,751.8,15.53,59.67
"2021-03-13 00:40:00",28326,12.85,16.59,751.8,15.5,61.4
"2021-03-13 00:45:00",28327,12.85,16.57,751.8,15.32,64.3
"2021-03-13 00:50:00",28328,12.84,16.56,751.7,15.16,65.71
"2021-03-13 00:55:00",28329,12.84,16.57,751.6,15.26,64.38
"2021-03-13 01:00:00",28330,12.84,16.58,751.7,15.42,63.52
"2021-03-13 01:05:00",28331,12.84,16.61,751.7,15.57,62.54
"2021-03-13 01:10:00",28332,12.84,16.63,751.7,15.57,61.32
"2021-03-13 01:15:00",28333,12.84,16.65,751.7,15.36,62.98
"2021-03-13 01:20:00",28334,12.83,16.67,751.6,15.58,60.43
"2021-03-13 01:25:00",28335,12.83,16.7,751.6,15.77,59.47
"2021-03-13 01:30:00",28336,12.83,16.72,751.6,15.98,58.15
"2021-03-13 01:35:00",28337,12.83,16.74,751.6,16.06,58.37
"2021-03-13 01:40:00",28338,12.83,16.77,751.5,16.07,58.62
"2021-03-13 01:45:00",28339,12.83,16.79,751.5,15.98,59.44
"2021-03-13 01:50:00",28340,12.83,16.82,751.5,15.9,59.7
"2021-03-13 01:55:00",28341,12.83,16.85,751.5,15.65,61.3
"2021-03-13 02:00:00",28342,12.83,16.85,751.6,15.71,60.54
"2021-03-13 02:05:00",28343,12.82,16.88,751.6,15.44,63.46
"2021-03-13 02:10:00",28344,12.82,16.89,751.5,15.34,63.77
"2021-03-13 02:15:00",28345,12.82,16.84,751.5,15.39,63.63
"2021-03-13 02:20:00",28346,12.82,16.8,751.5,15.36,64.13
"2021-03-13 02:25:00",28347,12.82,16.78,751.4,15.32,63.97
"2021-03-13 02:30:00",28348,12.82,16.76,751.4,15.27,64.55
"2021-03-13 02:35:00",28349,12.82,16.7,751.4,15.31,64.41
"2021-03-13 02:40:00",28350,12.81,16.67,751.5,15.33,64.24
"2021-03-13 02:45:00",28351,12.81,16.65,751.5,15.34,63.77
"2021-03-13 02:50:00",28352,12.81,16.63,751.4,15.22,65.34
"2021-03-13 02:55:00",28353,12.81,16.61,751.5,15.02,66.09
"2021-03-13 03:00:00",28354,12.81,16.55,751.4,14.88,66.66
"2021-03-13 03:05:00",28355,12.8,16.5,751.4,14.94,66.75
"2021-03-13 03:10:00",28356,12.8,16.45,751.4,14.86,66.24
"2021-03-13 03:15:00",28357,12.8,16.39,751.4,14.76,67.45
"2021-03-13 03:20:00",28358,12.8,16.34,751.4,14.68,66.44
"2021-03-13 03:25:00",28359,12.8,16.28,751.5,14.73,66.34
"2021-03-13 03:30:00",28360,12.79,16.23,751.5,14.98,65.27
"2021-03-13 03:35:00",28361,12.79,16.23,751.6,14.96,65.35
"2021-03-13 03:40:00",28362,12.79,16.24,751.5,14.86,66.15
"2021-03-13 03:45:00",28363,12.79,16.23,751.5,14.73,67.03
"2021-03-13 03:50:00",28364,12.78,16.22,751.5,14.65,68.04
"2021-03-13 03:55:00",28365,12.78,16.22,751.5,14.47,69.21
"2021-03-13 04:00:00",28366,12.78,16.19,751.6,14.44,69.9
"2021-03-13 04:05:00",28367,12.78,16.18,751.6,14.51,69.71
"2021-03-13 04:10:00",28368,12.77,16.15,751.6,14.65,69.16
"2021-03-13 04:15:00",28369,12.77,16.19,751.7,14.62,68.87
"2021-03-13 04:20:00",28370,12.77,16.18,751.7,14.44,70.04
"2021-03-13 04:25:00",28371,12.76,16.17,751.7,14.42,70.87
"2021-03-13 04:30:00",28372,12.76,16.15,751.7,14.45,70.13
"2021-03-13 04:35:00",28373,12.76,16.15,751.7,14.45,70.07
"2021-03-13 04:40:00",28374,12.76,16.14,751.7,14.42,69.95
"2021-03-13 04:45:00",28375,12.75,16.09,751.7,14.37,70.03
"2021-03-13 04:50:00",28376,12.75,16.1,751.7,14.35,70.54
"2021-03-13 04:55:00",28377,12.75,16.03,751.8,14.21,71.63
"2021-03-13 05:00:00",28378,12.76,16.03,751.8,14.17,72
"2021-03-13 05:05:00",28379,12.76,15.92,751.9,14.09,72.63
"2021-03-13 05:10:00",28380,12.76,15.87,751.9,14.09,72.8
"2021-03-13 05:15:00",28381,12.75,15.83,751.9,14.06,73.11
"2021-03-13 05:20:00",28382,12.75,15.74,752,14.01,73.41
"2021-03-13 05:25:00",28383,12.75,15.67,752,14.03,73.27
"2021-03-13 05:30:00",28384,12.75,15.63,752,14.03,73.07
"2021-03-13 05:35:00",28385,12.74,15.59,752.1,13.97,73.34
"2021-03-13 05:40:00",28386,12.74,15.57,752.2,13.98,73.57
"2021-03-13 05:45:00",28387,12.74,15.52,752.3,13.96,73.23
"2021-03-13 05:50:00",28388,12.73,15.5,752.4,13.98,72.81
"2021-03-13 05:55:00",28389,12.73,15.47,752.4,13.96,72.95
"2021-03-13 06:00:00",28390,12.73,15.45,752.4,13.91,73.25
"2021-03-13 06:05:00",28391,12.72,15.41,752.4,13.81,73.74
"2021-03-13 06:10:00",28392,12.72,15.36,752.4,13.81,73.77
"2021-03-13 06:15:00",28393,12.72,15.31,752.4,13.79,74.02
"2021-03-13 06:20:00",28394,12.71,15.3,752.5,13.78,73.85
"2021-03-13 06:25:00",28395,12.71,15.27,752.5,13.8,73.88
"2021-03-13 06:30:00",28396,12.7,15.29,752.5,13.89,73.64
"2021-03-13 06:35:00",28397,12.7,15.35,752.5,14.11,72.84
"2021-03-13 06:40:00",28398,12.71,15.4,752.5,14.12,73.04
"2021-03-13 06:45:00",28399,12.72,15.45,752.6,14.11,73.17
"2021-03-13 06:50:00",28400,12.74,15.52,752.6,14.13,73.23
"2021-03-13 06:55:00",28401,12.78,15.59,752.6,14.12,73.54
"2021-03-13 07:00:00",28402,12.82,15.67,752.7,14.13,73.83
"2021-03-13 07:05:00",28403,12.81,15.75,752.8,14.17,73.3
"2021-03-13 07:10:00",28404,12.77,15.79,752.8,14.29,73.18
"2021-03-13 07:15:00",28405,12.76,15.85,752.8,14.43,73.61
"2021-03-13 07:20:00",28406,12.77,15.92,752.9,14.5,72.43
"2021-03-13 07:25:00",28407,12.8,16.02,752.9,14.62,72.34
"2021-03-13 07:30:00",28408,12.84,16.13,753,14.53,72.63
"2021-03-13 07:35:00",28409,12.89,16.24,753.1,14.5,73.34
"2021-03-13 07:40:00",28410,12.97,16.34,753.1,14.36,74.95
"2021-03-13 07:45:00",28411,13.13,16.46,753.1,14.29,75.19
"2021-03-13 07:50:00",28412,13.5,16.58,753.2,14.41,75.24
"2021-03-13 07:55:00",28413,13.84,17.38,753.3,15.07,73.36
"2021-03-13 08:00:00",28414,13.78,18.83,753.3,15.77,70.98
"2021-03-13 08:05:00",28415,13.75,19.62,753.3,16.13,67.58
"2021-03-13 08:10:00",28416,13.76,20.33,753.4,16.28,67.2
"2021-03-13 08:15:00",28417,13.72,20.76,753.4,15.98,67.75
"2021-03-13 08:20:00",28418,13.73,21.09,753.5,15.68,69.18
"2021-03-13 08:25:00",28419,13.73,21.36,753.6,15.24,69.76
"2021-03-13 08:30:00",28420,13.72,21.36,753.7,15.6,68.93
"2021-03-13 08:35:00",28421,13.73,21.44,753.7,15.36,70.01
"2021-03-13 08:40:00",28422,13.7,21.53,753.7,15.58,69.02
"2021-03-13 08:45:00",28423,13.7,21.59,753.8,15.58,69.25
"2021-03-13 08:50:00",28424,13.7,21.66,753.8,16.02,67.73
"2021-03-13 08:55:00",28425,13.7,21.79,753.8,16.05,66.42
"2021-03-13 09:00:00",28426,13.7,21.96,753.9,15.82,66.7
"2021-03-13 09:05:00",28427,13.7,22.13,753.9,16.19,64.83
"2021-03-13 09:10:00",28428,13.71,22.36,754,16.81,62.98
"2021-03-13 09:15:00",28429,13.71,22.64,754,17.23,60.78
"2021-03-13 09:20:00",28430,13.68,22.99,754,18.38,57.21
"2021-03-13 09:25:00",28431,13.68,23.44,754,18.67,54.38
"2021-03-13 09:30:00",28432,13.65,23.82,754.1,18.09,55.86
"2021-03-13 09:35:00",28433,13.65,24.23,754.1,18.71,54.84
"2021-03-13 09:40:00",28434,13.65,24.65,754.1,18.49,55.64
"2021-03-13 09:45:00",28435,13.65,24.94,754.1,17.63,58.07
"2021-03-13 09:50:00",28436,13.63,24.98,754.1,18.3,57.11
"2021-03-13 09:55:00",28437,13.63,25.02,754.1,17.96,57.21
"2021-03-13 10:00:00",28438,13.63,25.03,754.1,18.19,56.73
"2021-03-13 10:05:00",28439,13.63,25.02,754.1,18.05,57.29
"2021-03-13 10:10:00",28440,13.63,25.07,754.1,18.41,56.98
"2021-03-13 10:15:00",28441,13.63,25.27,754.1,19.18,54.02
"2021-03-13 10:20:00",28442,13.63,25.58,754,19.3,52.64
"2021-03-13 10:25:00",28443,13.63,25.75,754,18.33,55.74
"2021-03-13 10:30:00",28444,13.63,25.77,754,17.97,57.67
"2021-03-13 10:35:00",28445,13.63,25.68,754,18.11,57.17
"2021-03-13 10:40:00",28446,13.63,25.55,754,18.59,55.69
"2021-03-13 10:45:00",28447,13.63,25.43,753.9,17.85,58.59
"2021-03-13 10:50:00",28448,13.63,25.17,753.9,16.67,61.68
"2021-03-13 10:55:00",28449,13.63,24.76,753.9,16.76,62.47
"2021-03-13 11:00:00",28450,13.63,24.35,753.9,17.11,60.52
"2021-03-13 11:05:00",28451,13.63,23.96,753.9,17.05,60.3
"2021-03-13 11:10:00",28452,13.63,23.68,753.9,17.12,60.25
"2021-03-13 11:15:00",28453,13.64,23.44,753.8,17.07,60.19
"2021-03-13 11:20:00",28454,13.63,23.28,753.8,17.46,59.92
"2021-03-13 11:25:00",28455,13.63,23.22,753.8,17.85,57.2
"2021-03-13 11:30:00",28456,13.64,23.26,753.7,17.1,59.83
"2021-03-13 11:35:00",28457,13.64,23.33,753.7,17.91,57.08
"2021-03-13 11:40:00",28458,13.64,23.46,753.6,18.4,54.71
"2021-03-13 11:45:00",28459,13.64,23.72,753.6,19.48,51.05
"2021-03-13 11:50:00",28460,13.64,24.05,753.5,19.71,50.45
"2021-03-13 11:55:00",28461,13.64,24.41,753.5,19.22,51.01
"2021-03-13 12:00:00",28462,13.64,24.68,753.4,19.04,51.86
"2021-03-13 12:05:00",28463,13.64,24.93,753.4,19.84,50.25
"2021-03-13 12:10:00",28464,13.64,25.18,753.3,19.53,50.15
"2021-03-13 12:15:00",28465,13.64,25.37,753.2,18.95,51.5
"2021-03-13 12:20:00",28466,13.62,25.5,753.2,19.6,49.68
"2021-03-13 12:25:00",28467,13.62,25.61,753.1,19.18,51.04
"2021-03-13 12:30:00",28468,13.62,25.75,752.9,19.5,51.08
"2021-03-13 12:35:00",28469,13.62,25.92,752.9,20.4,48.56
"2021-03-13 12:40:00",28470,13.62,26.19,752.8,21.02,46.9
"2021-03-13 12:45:00",28471,13.62,26.54,752.7,20.47,44.7
"2021-03-13 12:50:00",28472,13.59,26.86,752.6,20.81,45.63
"2021-03-13 12:55:00",28473,13.59,27.17,752.5,20.76,46.2
"2021-03-13 13:00:00",28474,13.59,27.42,752.4,20.45,47.71
"2021-03-13 13:05:00",28475,13.6,27.59,752.3,20.66,47.84
"2021-03-13 13:10:00",28476,13.59,27.67,752.1,20.06,48.23
"2021-03-13 13:15:00",28477,13.6,27.68,752,20.24,47.53
"2021-03-13 13:20:00",28478,13.6,27.65,751.9,20.56,46.87
"2021-03-13 13:25:00",28479,13.57,27.63,751.7,21.5,44.82
"2021-03-13 13:30:00",28480,13.57,27.8,751.6,21.99,42.72
"2021-03-13 13:35:00",28481,13.57,28.16,751.5,22.7,41.54
"2021-03-13 13:40:00",28482,13.57,28.61,751.4,23.16,41.88
"2021-03-13 13:45:00",28483,13.57,29.03,751.3,21.9,41.64
"2021-03-13 13:50:00",28484,13.55,29.2,751.2,20.82,44.03
"2021-03-13 13:55:00",28485,13.55,29.2,751,21.23,43.47
"2021-03-13 14:00:00",28486,13.55,29.08,750.9,22.41,41.93
"2021-03-13 14:05:00",28487,13.55,29.02,750.8,21.16,43.24
"2021-03-13 14:10:00",28488,13.55,28.91,750.7,22.1,41.21
"2021-03-13 14:15:00",28489,13.55,28.84,750.5,22.09,41.4
"2021-03-13 14:20:00",28490,13.55,28.84,750.5,22.85,39.37
"2021-03-13 14:25:00",28491,13.55,28.89,750.3,21.64,42
"2021-03-13 14:30:00",28492,13.55,28.94,750.2,22.2,41.09
"2021-03-13 14:35:00",28493,13.55,28.95,750.2,21.1,43.49
"2021-03-13 14:40:00",28494,13.55,28.87,750.1,21.29,42.87
"2021-03-13 14:45:00",28495,13.55,28.8,750,21.8,41.53
"2021-03-13 14:50:00",28496,13.55,28.85,750,22.65,39.12
"2021-03-13 14:55:00",28497,13.55,28.98,749.9,22.79,39.62
"2021-03-13 15:00:00",28498,13.55,29.14,749.8,22.84,38.29
"2021-03-13 15:05:00",28499,13.55,29.35,749.7,23.51,36.64
"2021-03-13 15:10:00",28500,13.55,29.61,749.6,22.8,37.59
"2021-03-13 15:15:00",28501,13.55,29.66,749.6,22.7,36.89
"2021-03-13 15:20:00",28502,13.55,29.6,749.5,21.68,40.13
"2021-03-13 15:25:00",28503,13.55,29.38,749.4,21.31,41.03
"2021-03-13 15:30:00",28504,13.55,29.06,749.3,21.49,40.95
"2021-03-13 15:35:00",28505,13.55,28.76,749.2,22.09,39.75
"2021-03-13 15:40:00",28506,13.55,28.64,749.2,22.14,38.93
"2021-03-13 15:45:00",28507,13.55,28.57,749.2,21.54,40.24
"2021-03-13 15:50:00",28508,13.55,28.51,749.1,21.77,39.09
"2021-03-13 15:55:00",28509,13.55,28.47,749,21.94,39.5
"2021-03-13 16:00:00",28510,13.55,28.55,748.9,22.56,39.47
"2021-03-13 16:05:00",28511,13.55,28.79,748.9,22.74,37.88
"2021-03-13 16:10:00",28512,13.55,29.11,748.8,23.47,36.11
"2021-03-13 16:15:00",28513,13.55,29.48,748.8,23.17,37.37
"2021-03-13 16:20:00",28514,13.55,29.57,748.8,21.79,38.41
"2021-03-13 16:25:00",28515,13.55,29.42,748.8,21.78,39.16
"2021-03-13 16:30:00",28516,13.55,29.12,748.8,20.81,40.39
"2021-03-13 16:35:00",28517,13.55,28.73,748.8,21.16,40.62
"2021-03-13 16:40:00",28518,13.55,28.37,748.8,21.34,39.6
"2021-03-13 16:45:00",28519,13.55,28.06,748.8,20.92,41.44
"2021-03-13 16:50:00",28520,13.55,27.75,748.7,21.23,40.27
"2021-03-13 16:55:00",28521,13.55,27.48,748.7,21.02,40.51
"2021-03-13 17:00:00",28522,13.55,27.26,748.7,20.89,41.01
"2021-03-13 17:05:00",28523,13.55,27.03,748.6,21.16,40.46
"2021-03-13 17:10:00",28524,13.55,26.86,748.7,21.38,39.96
"2021-03-13 17:15:00",28525,13.55,26.7,748.6,20.93,40.37
"2021-03-13 17:20:00",28526,13.55,26.59,748.6,21.24,40.73
"2021-03-13 17:25:00",28527,13.55,26.49,748.5,21.14,40.36
"2021-03-13 17:30:00",28528,13.55,26.44,748.5,21.23,39.88
"2021-03-13 17:35:00",28529,13.55,26.44,748.6,21.63,39.27
"2021-03-13 17:40:00",28530,13.55,26.54,748.6,22.17,38.87
"2021-03-13 17:45:00",28531,13.55,26.76,748.6,21.76,38.63
"2021-03-13 17:50:00",28532,13.55,26.95,748.7,21.88,38.52
"2021-03-13 17:55:00",28533,13.55,27.15,748.7,22.44,37.98
"2021-03-13 18:00:00",28534,13.55,27.32,748.7,22.02,39.38
"2021-03-13 18:05:00",28535,13.54,27.01,748.8,21.76,39.71
"2021-03-13 18:10:00",28536,13.39,26.75,748.9,21.73,39.22
"2021-03-13 18:15:00",28537,13.39,26.38,749,21.53,39.52
"2021-03-13 18:20:00",28538,13.25,26.09,749,21.33,40.74
"2021-03-13 18:25:00",28539,13.15,25.71,749,20.82,41.91
"2021-03-13 18:30:00",28540,13.08,25.31,749.1,20.48,42.58
"2021-03-13 18:35:00",28541,13.03,24.86,749.1,20.38,43.08
"2021-03-13 18:40:00",28542,13,24.45,749.1,20.22,43.58
"2021-03-13 18:45:00",28543,12.99,24.03,749.2,20.08,43.88
"2021-03-13 18:50:00",28544,12.98,23.63,749.3,20.02,44.29
"2021-03-13 18:55:00",28545,12.97,23.27,749.3,19.93,44.76
"2021-03-13 19:00:00",28546,12.97,23.01,749.4,19.9,45.46
"2021-03-13 19:05:00",28547,12.96,22.79,749.4,19.79,45.51
"2021-03-13 19:10:00",28548,12.98,22.61,749.5,19.82,45.76
"2021-03-13 19:15:00",28549,12.97,22.44,749.5,19.86,45.51
"2021-03-13 19:20:00",28550,12.97,22.32,749.6,19.77,45.76
"2021-03-13 19:25:00",28551,12.97,22.24,749.6,19.73,46.26
"2021-03-13 19:30:00",28552,12.97,22.17,749.6,19.68,46.76
"2021-03-13 19:35:00",28553,12.96,22.04,749.6,19.55,48.01
"2021-03-13 19:40:00",28554,12.96,21.94,749.6,19.54,48.7
"2021-03-13 19:45:00",28555,12.96,21.85,749.6,19.49,48.1
"2021-03-13 19:50:00",28556,12.96,21.79,749.6,19.38,47.71
"2021-03-13 19:55:00",28557,12.96,21.71,749.7,19.2,49.26
"2021-03-13 20:00:00",28558,12.95,21.65,749.7,19.21,50.01
"2021-03-13 20:05:00",28559,12.95,21.58,749.8,19.16,51.53
"2021-03-13 20:10:00",28560,12.95,21.5,749.9,19.16,52.16
"2021-03-13 20:15:00",28561,12.95,21.42,750,19.06,52.45
"2021-03-13 20:20:00",28562,12.94,21.36,750.1,19.09,52.12
"2021-03-13 20:25:00",28563,12.94,21.28,750.3,18.99,51.67
"2021-03-13 20:30:00",28564,12.94,21.24,750.4,19.06,52.17
"2021-03-13 20:35:00",28565,12.94,21.18,750.5,18.83,52.05
"2021-03-13 20:40:00",28566,12.94,21.13,750.6,18.86,50.59
"2021-03-13 20:45:00",28567,12.93,21.06,750.7,18.7,51.84
"2021-03-13 20:50:00",28568,12.93,20.99,750.8,18.57,51.05
"2021-03-13 20:55:00",28569,12.93,20.9,750.9,18.67,50.97
"2021-03-13 21:00:00",28570,12.93,20.84,750.9,18.9,50.65
"2021-03-13 21:05:00",28571,12.92,20.8,751,19.01,50.58
"2021-03-13 21:10:00",28572,12.92,20.77,751,18.89,51.96
"2021-03-13 21:15:00",28573,12.92,20.73,751.1,18.65,53.63
"2021-03-13 21:20:00",28574,12.92,20.7,751.2,18.56,54.52
"2021-03-13 21:25:00",28575,12.92,20.65,751.3,18.38,55.41
"2021-03-13 21:30:00",28576,12.91,20.59,751.4,18.29,56.8
"2021-03-13 21:35:00",28577,12.91,20.53,751.5,18.25,55.67
"2021-03-13 21:40:00",28578,12.91,20.48,751.5,18.47,54.29
"2021-03-13 21:45:00",28579,12.91,20.44,751.5,18.71,51.72
"2021-03-13 21:50:00",28580,12.9,20.33,751.5,18.88,51.31
"2021-03-13 21:55:00",28581,12.9,20.2,751.6,18.74,52.04
"2021-03-13 22:00:00",28582,12.9,20.05,751.7,18.46,53.73
"2021-03-13 22:05:00",28583,12.9,19.96,751.9,18.39,54.58
"2021-03-13 22:10:00",28584,12.9,19.89,752,18.47,53.05
"2021-03-13 22:15:00",28585,12.9,19.85,752,18.28,55.33
"2021-03-13 22:20:00",28586,12.9,19.81,752.1,18.19,56.12
"2021-03-13 22:25:00",28587,12.9,19.72,752.1,18.15,55.99
"2021-03-13 22:30:00",28588,12.9,19.67,752.1,18.09,55.15
"2021-03-13 22:35:00",28589,12.9,19.62,752.2,17.95,56.29
"2021-03-13 22:40:00",28590,12.9,19.56,752.2,17.89,56.9
"2021-03-13 22:45:00",28591,12.89,19.5,752.3,17.59,58.61
"2021-03-13 22:50:00",28592,12.89,19.41,752.3,17.35,59.15
"2021-03-13 22:55:00",28593,12.89,19.32,752.4,17.12,60.53
"2021-03-13 23:00:00",28594,12.89,19.19,752.4,16.8,63.28
"2021-03-13 23:05:00",28595,12.89,19.05,752.5,16.4,65.13
"2021-03-13 23:10:00",28596,12.89,18.88,752.5,16.44,65.64
"2021-03-13 23:15:00",28597,12.89,18.7,752.5,16.24,66.61
"2021-03-13 23:20:00",28598,12.89,18.54,752.6,16.12,67.75
"2021-03-13 23:25:00",28599,12.88,18.4,752.6,16.02,67.97
"2021-03-13 23:30:00",28600,12.88,18.27,752.6,16.02,68.26
"2021-03-13 23:35:00",28601,12.88,18.13,752.7,15.61,71.64
"2021-03-13 23:40:00",28602,12.88,17.98,752.7,15.38,72.68
"2021-03-13 23:45:00",28603,12.88,17.82,752.7,15.19,74.04
"2021-03-13 23:50:00",28604,12.88,17.62,752.7,14.83,76.22
"2021-03-13 23:55:00",28605,12.88,17.4,752.7,14.53,78.67
"2021-03-14 00:00:00",28606,12.88,17.15,752.6,14.74,77.13
"2021-03-14 00:05:00",28607,12.88,16.92,752.6,14.88,74.52
"2021-03-14 00:10:00",28608,12.88,16.71,752.6,14.78,75.2
"2021-03-14 00:15:00",28609,12.88,16.57,752.7,14.66,76.64
"2021-03-14 00:20:00",28610,12.88,16.44,752.6,14.76,75.73
"2021-03-14 00:25:00",28611,12.88,16.34,752.6,14.54,77.23
"2021-03-14 00:30:00",28612,12.88,16.24,752.5,14.34,78.19
"2021-03-14 00:35:00",28613,12.87,16.17,752.5,14.21,76.27
"2021-03-14 00:40:00",28614,12.87,16.09,752.4,14.16,75.53
"2021-03-14 00:45:00",28615,12.87,15.99,752.4,14.09,75.71
"2021-03-14 00:50:00",28616,12.87,15.89,752.4,14.04,75.39
"2021-03-14 00:55:00",28617,12.87,15.74,752.5,13.56,79.43
"2021-03-14 01:00:00",28618,12.86,15.58,752.5,13.14,83.2
"2021-03-14 01:05:00",28619,12.86,15.39,752.5,13.08,82.6
"2021-03-14 01:10:00",28620,12.86,15.21,752.5,13.12,82.8
"2021-03-14 01:15:00",28621,12.86,15.06,752.5,13.23,81.5
"2021-03-14 01:20:00",28622,12.86,14.97,752.6,13.26,83.2
"2021-03-14 01:25:00",28623,12.86,14.85,752.5,13.21,85.5
"2021-03-14 01:30:00",28624,12.85,14.75,752.5,13.18,86.4
"2021-03-14 01:35:00",28625,12.85,14.63,752.5,13.17,88.7
"2021-03-14 01:40:00",28626,12.85,14.55,752.5,12.96,88.1
"2021-03-14 01:45:00",28627,12.85,14.43,752.5,12.75,87.6
"2021-03-14 01:50:00",28628,12.85,14.33,752.4,12.68,87.5
"2021-03-14 01:55:00",28629,12.84,14.21,752.5,12.66,87.6
"2021-03-14 02:00:00",28630,12.84,14.12,752.4,12.78,86.1
"2021-03-14 02:05:00",28631,12.84,14.05,752.4,12.94,84.9
"2021-03-14 02:10:00",28632,12.84,14.01,752.4,13.2,88.3
"2021-03-14 02:15:00",28633,12.84,13.99,752.5,13.19,87.3
"2021-03-14 02:20:00",28634,12.84,13.99,752.4,13.14,88.3
"2021-03-14 02:25:00",28635,12.83,13.98,752.4,13.02,87.8
"2021-03-14 02:30:00",28636,12.83,13.98,752.4,12.98,88.4
"2021-03-14 02:35:00",28637,12.83,13.98,752.4,13,88.9
"2021-03-14 02:40:00",28638,12.83,13.97,752.4,13,87.4
"2021-03-14 02:45:00",28639,12.82,13.95,752.4,13.11,86
"2021-03-14 02:50:00",28640,12.82,13.98,752.3,13.24,86.6
"2021-03-14 02:55:00",28641,12.82,13.99,752.3,13.35,85.4
"2021-03-14 03:00:00",28642,12.8,14.17,752.3,13.42,83.7
"2021-03-14 03:05:00",28643,12.8,14.28,752.2,13.56,82.9
"2021-03-14 03:10:00",28644,12.8,14.37,752.1,13.53,82.6
"2021-03-14 03:15:00",28645,12.8,14.42,752,13.54,82.5
"2021-03-14 03:20:00",28646,12.79,14.49,752,13.55,83.8
"2021-03-14 03:25:00",28647,12.79,14.48,751.9,13.53,84.6
"2021-03-14 03:30:00",28648,12.79,14.53,751.9,13.47,84.2
"2021-03-14 03:35:00",28649,12.79,14.55,751.8,13.46,83.3
"2021-03-14 03:40:00",28650,12.78,14.58,751.7,13.41,82.5
"2021-03-14 03:45:00",28651,12.78,14.6,751.7,13.46,82.9
"2021-03-14 03:50:00",28652,12.78,14.62,751.7,13.55,82.1
"2021-03-14 03:55:00",28653,12.78,14.64,751.7,13.61,83.7
"2021-03-14 04:00:00",28654,12.78,14.65,751.7,13.52,81.9
"2021-03-14 04:05:00",28655,12.77,14.67,751.7,13.43,83.5
"2021-03-14 04:10:00",28656,12.77,14.66,751.6,13.39,83.8
"2021-03-14 04:15:00",28657,12.77,14.68,751.6,13.36,84.6
"2021-03-14 04:20:00",28658,12.77,14.68,751.5,13.36,83.5
"2021-03-14 04:25:00",28659,12.76,14.7,751.6,13.37,83.7
"2021-03-14 04:30:00",28660,12.76,14.7,751.6,13.35,85
"2021-03-14 04:35:00",28661,12.76,14.7,751.6,13.32,85.6
"2021-03-14 04:40:00",28662,12.76,14.71,751.7,13.33,85.6
"2021-03-14 04:45:00",28663,12.75,14.71,751.6,13.3,85.2
"2021-03-14 04:50:00",28664,12.75,14.69,751.6,13.25,84.2
"2021-03-14 04:55:00",28665,12.75,14.69,751.7,13.3,83.3
"2021-03-14 05:00:00",28666,12.75,14.68,751.6,13.44,80.5
"2021-03-14 05:05:00",28667,12.75,14.68,751.6,13.53,80.9
"2021-03-14 05:10:00",28668,12.74,14.67,751.6,13.58,82.8
"2021-03-14 05:15:00",28669,12.74,14.66,751.6,13.59,79.47
"2021-03-14 05:20:00",28670,12.74,14.65,751.6,13.65,81.7
"2021-03-14 05:25:00",28671,12.73,14.63,751.6,13.59,81.4
"2021-03-14 05:30:00",28672,12.73,14.6,751.6,13.53,81.3
"2021-03-14 05:35:00",28673,12.73,14.53,751.6,13.39,83
"2021-03-14 05:40:00",28674,12.72,14.46,751.6,13.29,83.4
"2021-03-14 05:45:00",28675,12.72,14.3,751.6,13.2,83.5
"2021-03-14 05:50:00",28676,12.72,14.2,751.6,13.1,84
"2021-03-14 05:55:00",28677,12.72,14.09,751.6,13.07,84
"2021-03-14 06:00:00",28678,12.71,13.98,751.7,12.84,85.1
"2021-03-14 06:05:00",28679,12.71,13.87,751.7,12.75,85.4
"2021-03-14 06:10:00",28680,12.7,13.77,751.9,12.76,85.7
"2021-03-14 06:15:00",28681,12.7,13.67,751.9,12.81,88.4
"2021-03-14 06:20:00",28682,12.7,13.6,752,12.58,89.8
"2021-03-14 06:25:00",28683,12.69,13.6,752,12.5,90
"2021-03-14 06:30:00",28684,12.69,13.62,752.1,12.45,90.3
"2021-03-14 06:35:00",28685,12.7,13.63,752.1,12.41,89.8
"2021-03-14 06:40:00",28686,12.71,13.64,752.1,12.53,89.9
"2021-03-14 06:45:00",28687,12.73,13.67,752.2,12.46,91.1
"2021-03-14 06:50:00",28688,12.77,13.76,752.2,12.54,91.5
"2021-03-14 06:55:00",28689,12.86,13.87,752.3,12.7,90.7
"2021-03-14 07:00:00",28690,13.09,14.09,752.3,13.01,89.4
"2021-03-14 07:05:00",28691,13.34,14.43,752.3,13.61,86.8
"2021-03-14 07:10:00",28692,13.42,14.78,752.4,13.95,85
"2021-03-14 07:15:00",28693,13.62,15.17,752.4,14.31,82.4
"2021-03-14 07:20:00",28694,13.78,15.78,752.5,14.68,81.2
"2021-03-14 07:25:00",28695,13.57,16.29,752.5,15.12,78.58
"2021-03-14 07:30:00",28696,13.48,16.43,752.6,15.06,78.12
"2021-03-14 07:35:00",28697,13.53,16.72,752.5,14.88,78.91
"2021-03-14 07:40:00",28698,13.69,17.11,752.6,14.81,80
"2021-03-14 07:45:00",28699,13.5,17.17,752.6,14.37,82
"2021-03-14 07:50:00",28700,13.59,17.3,752.6,14.37,81.9
"2021-03-14 07:55:00",28701,13.68,17.49,752.6,14.35,81.3
"2021-03-14 08:00:00",28702,13.74,17.73,752.6,14.11,80.1
"2021-03-14 08:05:00",28703,13.65,17.84,752.6,14.55,79.79
"2021-03-14 08:10:00",28704,13.63,17.88,752.7,14.86,77.74
"2021-03-14 08:15:00",28705,13.63,17.99,752.8,15.27,76.03
"2021-03-14 08:20:00",28706,13.65,18.13,752.8,15.26,74.85
"2021-03-14 08:25:00",28707,13.76,18.39,752.9,15.79,73.11
"2021-03-14 08:30:00",28708,13.85,18.67,753,15.66,73.03
"2021-03-14 08:35:00",28709,13.88,18.96,753,16.12,71.34
"2021-03-14 08:40:00",28710,13.88,19.17,753,16.5,71.13
"2021-03-14 08:45:00",28711,13.73,20.07,753,16.38,71.79
"2021-03-14 08:50:00",28712,13.73,20.73,753,16.26,72.14
"2021-03-14 08:55:00",28713,13.74,21.12,753.1,16.22,73.11
"2021-03-14 09:00:00",28714,13.71,21.36,753.1,16.56,69.57
"2021-03-14 09:05:00",28715,13.71,21.62,753.1,16.79,67.87
"2021-03-14 09:10:00",28716,13.71,21.8,753.2,16.53,64.33
"2021-03-14 09:15:00",28717,13.71,22,753.2,17.28,65.32
"2021-03-14 09:20:00",28718,13.71,22.23,753.2,18.01,65.09
"2021-03-14 09:25:00",28719,13.68,22.42,753.2,17.66,66.33
"2021-03-14 09:30:00",28720,13.69,22.63,753.2,17.7,68.01
"2021-03-14 09:35:00",28721,13.69,22.81,753.3,17.43,67.9
"2021-03-14 09:40:00",28722,13.69,22.97,753.3,17.2,67.42
"2021-03-14 09:45:00",28723,13.69,23.08,753.2,17.87,62.84
"2021-03-14 09:50:00",28724,13.69,23.24,753.2,18.35,59.58
"2021-03-14 09:55:00",28725,13.69,23.48,753.2,18.18,60.7
"2021-03-14 10:00:00",28726,13.66,23.71,753.2,17.98,62.73
"2021-03-14 10:05:00",28727,13.66,23.95,753.2,18.65,59.81
"2021-03-14 10:10:00",28728,13.66,24.27,753.2,18.78,59.98
"2021-03-14 10:15:00",28729,13.66,24.53,753.3,18.78,58.55
"2021-03-14 10:20:00",28730,13.64,24.75,753.3,18.83,57.53
"2021-03-14 10:25:00",28731,13.64,25.22,753.3,19.68,54.15
"2021-03-14 10:30:00",28732,13.64,25.29,753.2,19.68,54.55
"2021-03-14 10:35:00",28733,13.64,25.58,753.2,18.36,57.79
"2021-03-14 10:40:00",28734,13.64,25.77,753.2,18.63,56.86
"2021-03-14 10:45:00",28735,13.61,25.85,753.2,18.53,58.85
"2021-03-14 10:50:00",28736,13.61,25.85,753.1,19.28,55.39
"2021-03-14 10:55:00",28737,13.61,25.87,753.1,19.01,56.18
"2021-03-14 11:00:00",28738,13.61,25.89,753.1,18.92,56.53
"2021-03-14 11:05:00",28739,13.61,25.86,753,19.22,56.58
"2021-03-14 11:10:00",28740,13.61,25.78,753,18.15,59.31
"2021-03-14 11:15:00",28741,13.61,25.65,753,17.95,59.61
"2021-03-14 11:20:00",28742,13.61,25.45,753,18.14,59.91
"2021-03-14 11:25:00",28743,13.61,25.3,753,18.7,57.54
"2021-03-14 11:30:00",28744,13.62,25.21,753,18.7,56.53
"2021-03-14 11:35:00",28745,13.61,25.04,752.9,18.83,56.24
"2021-03-14 11:40:00",28746,13.62,24.96,752.9,18.73,58
"2021-03-14 11:45:00",28747,13.62,24.92,752.8,19.01,57.07
"2021-03-14 11:50:00",28748,13.62,24.95,752.8,19.54,54.41
"2021-03-14 11:55:00",28749,13.62,25.1,752.7,20.05,51.34
"2021-03-14 12:00:00",28750,13.62,25.33,752.6,19.48,51.55
"2021-03-14 12:05:00",28751,13.62,25.61,752.5,20.8,48.58
"2021-03-14 12:10:00",28752,13.62,25.93,752.4,20.42,49.13
"2021-03-14 12:15:00",28753,13.62,26.16,752.4,19.36,51
"2021-03-14 12:20:00",28754,13.62,26.22,752.3,19.37,50.59
"2021-03-14 12:25:00",28755,13.62,26.2,752.2,19.46,52.88
"2021-03-14 12:30:00",28756,13.62,26.16,752.1,20.16,48.66
"2021-03-14 12:35:00",28757,13.62,26.19,752.1,19.95,48.57
"2021-03-14 12:40:00",28758,13.62,26.28,752,19.83,47.22
"2021-03-14 12:45:00",28759,13.62,26.43,751.9,20.69,46.03
"2021-03-14 12:50:00",28760,13.6,26.57,751.8,20.71,45.2
"2021-03-14 12:55:00",28761,13.6,26.64,751.7,19.81,46.78
"2021-03-14 13:00:00",28762,13.6,26.57,751.6,19.79,50.46
"2021-03-14 13:05:00",28763,13.6,26.47,751.5,19.95,48.5
"2021-03-14 13:10:00",28764,13.6,26.37,751.3,19.95,49.17
"2021-03-14 13:15:00",28765,13.6,26.3,751.2,20.24,47.47
"2021-03-14 13:20:00",28766,13.6,26.28,751.1,20.22,49.01
"2021-03-14 13:25:00",28767,13.6,26.3,751,20.33,47.1
"2021-03-14 13:30:00",28768,13.6,26.39,750.9,21.28,46.2
"2021-03-14 13:35:00",28769,13.6,26.58,750.8,21.21,42.53
"2021-03-14 13:40:00",28770,13.6,26.78,750.7,21.19,41.82
"2021-03-14 13:45:00",28771,13.6,26.96,750.5,21.74,40.49
"2021-03-14 13:50:00",28772,13.6,27.19,750.4,22.25,36.32
"2021-03-14 13:55:00",28773,13.6,27.57,750.4,22.44,36.6
"2021-03-14 14:00:00",28774,13.57,27.98,750.3,21.75,38.93
"2021-03-14 14:05:00",28775,13.57,28.29,750.2,22.82,36.54
"2021-03-14 14:10:00",28776,13.57,28.64,750.1,23.45,37.1
"2021-03-14 14:15:00",28777,13.55,29.02,750,22.5,34.79
"2021-03-14 14:20:00",28778,13.55,29.36,749.9,22.2,34.79
"2021-03-14 14:25:00",28779,13.55,29.55,749.8,21.7,36.23
"2021-03-14 14:30:00",28780,13.55,29.59,749.8,23.12,36.67
"2021-03-14 14:35:00",28781,13.55,29.77,749.8,24.25,31.98
"2021-03-14 14:40:00",28782,13.52,30.08,749.7,23.26,32.2
"2021-03-14 14:45:00",28783,13.53,30.27,749.6,23.1,33.42
"2021-03-14 14:50:00",28784,13.53,30.36,749.6,23.15,32.72
"2021-03-14 14:55:00",28785,13.53,30.49,749.5,24.75,32.57
"2021-03-14 15:00:00",28786,13.52,30.72,749.4,22.51,37.2
"2021-03-14 15:05:00",28787,13.53,30.73,749.3,23.15,35.29
"2021-03-14 15:10:00",28788,13.53,30.69,749.3,23.05,35.34
"2021-03-14 15:15:00",28789,13.53,30.63,749.1,23.93,33.16
"2021-03-14 15:20:00",28790,13.53,30.55,749,22.8,36.14
"2021-03-14 15:25:00",28791,13.53,30.31,749.1,22.47,38.77
"2021-03-14 15:30:00",28792,13.53,29.95,749,21.89,39.27
"2021-03-14 15:35:00",28793,13.53,29.53,749,22.11,39.94
"2021-03-14 15:40:00",28794,13.52,29.18,749.1,21.91,40.51
"2021-03-14 15:45:00",28795,13.53,28.87,749,22.09,39.65
"2021-03-14 15:50:00",28796,13.53,28.61,749,22.09,39.91
"2021-03-14 15:55:00",28797,13.52,28.36,749,21.85,39.59
"2021-03-14 16:00:00",28798,13.52,28.18,749,22.01,38.66
"2021-03-14 16:05:00",28799,13.52,28,749.1,21.91,38.91
"2021-03-14 16:10:00",28800,13.52,27.87,749.1,22.02,39.28
"2021-03-14 16:15:00",28801,13.52,27.75,749.1,21.53,40.98
"2021-03-14 16:20:00",28802,13.52,27.61,749.1,21.49,39.91
"2021-03-14 16:25:00",28803,13.52,27.47,749.2,21.7,40.29
"2021-03-14 16:30:00",28804,13.52,27.37,749.2,21.5,39.45
"2021-03-14 16:35:00",28805,13.55,27.25,749.2,21.61,39.43
"2021-03-14 16:40:00",28806,13.55,27.16,749.1,21.97,38.33
"2021-03-14 16:45:00",28807,13.55,27.09,749.2,21.39,39.08
"2021-03-14 16:50:00",28808,13.55,26.99,749.3,21.63,39.5
"2021-03-14 16:55:00",28809,13.55,26.85,749.3,21.14,42.24
"2021-03-14 17:00:00",28810,13.55,26.63,749.5,20.2,45.37
"2021-03-14 17:05:00",28811,13.55,26.32,749.6,19.62,47.33
"2021-03-14 17:10:00",28812,13.55,25.99,749.5,19.96,46.58
"2021-03-14 17:15:00",28813,13.57,25.6,749.5,19.95,47.4
"2021-03-14 17:20:00",28814,13.57,25.21,749.5,19.72,49.01
"2021-03-14 17:25:00",28815,13.57,25.04,749.5,19.46,50.32
"2021-03-14 17:30:00",28816,13.57,24.85,749.6,19.56,50.46
"2021-03-14 17:35:00",28817,13.57,24.67,749.6,19.28,54.25
"2021-03-14 17:40:00",28818,13.5,24.13,749.7,18.91,58.09
"2021-03-14 17:45:00",28819,13.42,23.24,749.8,18.43,61.76
"2021-03-14 17:50:00",28820,13.33,22.48,749.8,17.97,65.08
"2021-03-14 17:55:00",28821,13.21,21.77,749.9,17.44,69.65
"2021-03-14 18:00:00",28822,13.13,21.06,749.9,17.03,69.78
"2021-03-14 18:05:00",28823,13.07,20.46,749.9,16.95,74.59
"2021-03-14 18:10:00",28824,13.04,19.95,750,16.67,77.39
"2021-03-14 18:15:00",28825,13.02,19.57,750.1,16.49,71.87
"2021-03-14 18:20:00",28826,13.01,19.23,750.2,16.02,78.16
"2021-03-14 18:25:00",28827,12.99,18.91,750.2,15.48,78.71
"2021-03-14 18:30:00",28828,12.97,18.54,750.3,15.17,79.61
"2021-03-14 18:35:00",28829,12.96,18.12,750.3,15.2,71.97
"2021-03-14 18:40:00",28830,12.95,17.72,750.4,15.7,76.8
"2021-03-14 18:45:00",28831,12.95,17.33,750.5,15.5,80.1
"2021-03-14 18:50:00",28832,12.94,17.06,750.7,15.32,77.95
"2021-03-14 18:55:00",28833,12.94,16.86,750.7,15.32,81.7
"2021-03-14 19:00:00",28834,12.94,16.72,750.7,15.22,78.15
"2021-03-14 19:05:00",28835,12.94,16.63,750.8,15.33,78.76
"2021-03-14 19:10:00",28836,12.93,16.58,750.8,15.36,76.13
"2021-03-14 19:15:00",28837,12.93,16.53,750.8,15.38,77.15
"2021-03-14 19:20:00",28838,12.93,16.42,750.8,15.46,73.27
"2021-03-14 19:25:00",28839,12.93,16.25,750.9,15.43,74.09
"2021-03-14 19:30:00",28840,12.92,16.11,751,15.3,81.3
"2021-03-14 19:35:00",28841,12.92,16.02,751.1,15.18,83.7
"2021-03-14 19:40:00",28842,12.92,16,751.2,14.94,82.6
"2021-03-14 19:45:00",28843,12.92,15.98,751.2,14.88,82.7
"2021-03-14 19:50:00",28844,12.91,15.98,751.3,14.55,88.6
"2021-03-14 19:55:00",28845,12.91,15.96,751.3,14.33,87.7
"2021-03-14 20:00:00",28846,12.91,15.92,751.4,14.43,88.8
"2021-03-14 20:05:00",28847,12.91,15.88,751.4,14.59,86.7
"2021-03-14 20:10:00",28848,12.91,15.78,751.4,14.69,88.3
"2021-03-14 20:15:00",28849,12.91,15.74,751.5,14.77,91.3
"2021-03-14 20:20:00",28850,12.9,15.73,751.5,14.59,85.8
"2021-03-14 20:25:00",28851,12.9,15.71,751.6,14.6,84.5
"2021-03-14 20:30:00",28852,12.9,15.71,751.7,14.66,84
"2021-03-14 20:35:00",28853,12.9,15.68,751.7,14.73,82.8
"2021-03-14 20:40:00",28854,12.9,15.67,751.8,14.76,81.7
"2021-03-14 20:45:00",28855,12.89,15.63,751.8,15.05,85.8
"2021-03-14 20:50:00",28856,12.89,15.65,751.9,15.04,84
"2021-03-14 20:55:00",28857,12.89,15.68,751.9,14.94,84.8
"2021-03-14 21:00:00",28858,12.89,15.71,751.9,14.98,83.8
"2021-03-14 21:05:00",28859,12.89,15.75,751.9,14.93,83.5
"2021-03-14 21:10:00",28860,12.89,15.78,752,15,86.5
"2021-03-14 21:15:00",28861,12.89,15.81,752.1,15.19,85.3
"2021-03-14 21:20:00",28862,12.88,15.84,752.1,15.16,82.5
"2021-03-14 21:25:00",28863,12.88,15.89,752.1,15.1,82.8
"2021-03-14 21:30:00",28864,12.88,15.92,752.1,14.95,84.3
"2021-03-14 21:35:00",28865,12.88,15.96,752.2,14.91,82.6
"2021-03-14 21:40:00",28866,12.88,15.98,752.1,14.97,82.4
"2021-03-14 21:45:00",28867,12.88,16.01,752.1,14.97,81.2
"2021-03-14 21:50:00",28868,12.87,16.04,752.2,15,80.5
"2021-03-14 21:55:00",28869,12.88,16.1,752.2,14.97,79.38
"2021-03-14 22:00:00",28870,12.87,16.13,752.3,15.11,78.99
"2021-03-14 22:05:00",28871,12.87,16.19,752.3,15.1,78.38
"2021-03-14 22:10:00",28872,12.87,16.23,752.3,15.15,81.7
"2021-03-14 22:15:00",28873,12.87,16.27,752.4,15.06,82.3
"2021-03-14 22:20:00",28874,12.87,16.3,752.4,14.96,81.6
"2021-03-14 22:25:00",28875,12.87,16.31,752.4,15.04,80.7
"2021-03-14 22:30:00",28876,12.87,16.33,752.4,15.14,80.4
"2021-03-14 22:35:00",28877,12.86,16.36,752.4,15.22,79.88
"2021-03-14 22:40:00",28878,12.87,16.38,752.3,15.22,79.1
"2021-03-14 22:45:00",28879,12.86,16.42,752.3,15.24,78.85
"2021-03-14 22:50:00",28880,12.86,16.43,752.3,15.34,79.43
"2021-03-14 22:55:00",28881,12.88,16.46,752.3,15.42,79
"2021-03-14 23:00:00",28882,12.88,16.45,752.3,15.37,80.2
"2021-03-14 23:05:00",28883,12.87,16.44,752.3,15.28,81.9
"2021-03-14 23:10:00",28884,12.87,16.44,752.3,15.19,80.8
"2021-03-14 23:15:00",28885,12.87,16.45,752.3,15.26,82.6
"2021-03-14 23:20:00",28886,12.87,16.48,752.3,15.27,83
"2021-03-14 23:25:00",28887,12.87,16.47,752.4,15.18,84
"2021-03-14 23:30:00",28888,12.87,16.38,752.3,15.11,83.5
"2021-03-14 23:35:00",28889,12.87,16.35,752.3,15.16,84.9
"2021-03-14 23:40:00",28890,12.87,16.34,752.3,15.09,85.5
"2021-03-14 23:45:00",28891,12.87,16.33,752.3,14.98,85.6
"2021-03-14 23:50:00",28892,12.86,16.32,752.2,14.99,85.8
"2021-03-14 23:55:00",28893,12.86,16.3,752.2,15.01,84.9
"2021-03-15 00:00:00",28894,12.86,16.27,752.2,15.04,85.3
"2021-03-15 00:05:00",28895,12.86,16.28,752.2,15.04,85.4
"2021-03-15 00:10:00",28896,12.86,16.27,752.1,15.1,84.1
"2021-03-15 00:15:00",28897,12.86,16.27,752.1,15.12,84.8
"2021-03-15 00:20:00",28898,12.85,16.26,752.1,15.04,86.9
"2021-03-15 00:25:00",28899,12.85,16.26,752.2,14.92,86.4
"2021-03-15 00:30:00",28900,12.85,16.25,752.2,14.82,84.3
"2021-03-15 00:35:00",28901,12.85,16.25,752.2,14.83,83.7
"2021-03-15 00:40:00",28902,12.85,16.24,752.2,14.88,82.6
"2021-03-15 00:45:00",28903,12.85,16.24,752.1,15.02,82.6
"2021-03-15 00:50:00",28904,12.85,16.25,752.1,15.25,83.5
"2021-03-15 00:55:00",28905,12.84,16.25,752.1,15.17,82.2
"2021-03-15 01:00:00",28906,12.84,16.28,752.1,15.16,81.7
"2021-03-15 01:05:00",28907,12.84,16.29,752.1,15.09,82.8
"2021-03-15 01:10:00",28908,12.84,16.32,752.1,15.04,83.6
"2021-03-15 01:15:00",28909,12.83,16.33,752,15.06,83.5
"2021-03-15 01:20:00",28910,12.83,16.32,751.9,15.07,85.2
"2021-03-15 01:25:00",28911,12.83,16.32,751.9,15.02,84.8
"2021-03-15 01:30:00",28912,12.83,16.31,751.8,15.05,83.7
"2021-03-15 01:35:00",28913,12.82,16.31,751.8,15.03,83.9
"2021-03-15 01:40:00",28914,12.82,16.29,751.8,14.92,84.9
"2021-03-15 01:45:00",28915,12.81,16.28,751.8,15,86.6
"2021-03-15 01:50:00",28916,12.81,16.25,751.8,14.88,85.6
"2021-03-15 01:55:00",28917,12.81,16.15,751.7,14.76,87.5
"2021-03-15 02:00:00",28918,12.81,16.11,751.7,14.69,89.1
"2021-03-15 02:05:00",28919,12.81,16.08,751.7,14.69,88.4
"2021-03-15 02:10:00",28920,12.8,16.07,751.7,14.73,88.6
"2021-03-15 02:15:00",28921,12.8,16.06,751.6,14.71,88.3
"2021-03-15 02:20:00",28922,12.8,16.04,751.5,14.76,88.8
"2021-03-15 02:25:00",28923,12.8,15.99,751.5,14.71,88.7
"2021-03-15 02:30:00",28924,12.8,15.98,751.5,14.81,86.8
"2021-03-15 02:35:00",28925,12.79,15.97,751.4,14.96,85.8
"2021-03-15 02:40:00",28926,12.79,15.97,751.3,14.95,86.6
"2021-03-15 02:45:00",28927,12.79,15.97,751.2,14.98,86.4
"2021-03-15 02:50:00",28928,12.79,15.97,751.2,14.88,87.3
"2021-03-15 02:55:00",28929,12.78,15.96,751.2,14.83,85.9
"2021-03-15 03:00:00",28930,12.78,15.97,751.2,14.93,83.4
"2021-03-15 03:05:00",28931,12.78,15.96,751.2,15,83.5
"2021-03-15 03:10:00",28932,12.78,15.97,751.1,14.93,81.7
"2021-03-15 03:15:00",28933,12.77,15.99,751.1,14.88,81.9
"2021-03-15 03:20:00",28934,12.77,15.99,751,14.94,84.1
"2021-03-15 03:25:00",28935,12.77,16,751,14.86,81.7
"2021-03-15 03:30:00",28936,12.77,16,751,14.93,82.7
"2021-03-15 03:35:00",28937,12.76,16.02,750.9,15,83.9
"2021-03-15 03:40:00",28938,12.76,16.04,750.9,14.96,85.1
"2021-03-15 03:45:00",28939,12.76,16.07,750.9,14.74,86.8
"2021-03-15 03:50:00",28940,12.76,16.08,750.9,14.47,88.3
"2021-03-15 03:55:00",28941,12.75,16.08,750.9,14.37,89
"2021-03-15 04:00:00",28942,12.75,16.06,750.9,14.45,88.7
"2021-03-15 04:05:00",28943,12.75,16.05,750.9,14.47,88.7
"2021-03-15 04:10:00",28944,12.74,16.04,750.9,14.5,87.9
"2021-03-15 04:15:00",28945,12.74,16.05,750.9,14.5,87.9
"2021-03-15 04:20:00",28946,12.74,16.04,750.9,14.52,86.5
"2021-03-15 04:25:00",28947,12.74,16.03,750.9,14.55,85.7
"2021-03-15 04:30:00",28948,12.74,15.79,750.9,14.6,85.8
"2021-03-15 04:35:00",28949,12.74,15.67,750.9,14.59,85.5
"2021-03-15 04:40:00",28950,12.74,15.68,750.9,14.63,85.7
"2021-03-15 04:45:00",28951,12.74,15.62,750.9,14.63,85.1
"2021-03-15 04:50:00",28952,12.74,15.59,751,14.57,80.7
"2021-03-15 04:55:00",28953,12.73,15.56,751,14.43,81.4
"2021-03-15 05:00:00",28954,12.73,15.54,751.1,14.2,82.5
"2021-03-15 05:05:00",28955,12.73,15.48,751.2,14.12,83.1
"2021-03-15 05:10:00",28956,12.73,15.44,751.2,14.07,83.7
"2021-03-15 05:15:00",28957,12.72,15.39,751.2,14.03,82.8
"2021-03-15 05:20:00",28958,12.72,15.33,751.2,13.91,82.7
"2021-03-15 05:25:00",28959,12.72,15.28,751.3,13.86,82.8
"2021-03-15 05:30:00",28960,12.71,15.22,751.3,13.79,82.1
"2021-03-15 05:35:00",28961,12.71,15.17,751.3,13.72,82.7
"2021-03-15 05:40:00",28962,12.71,15.12,751.4,13.59,83.2
"2021-03-15 05:45:00",28963,12.71,15.06,751.4,13.47,83.8
"2021-03-15 05:50:00",28964,12.7,15,751.4,13.27,81.4
"2021-03-15 05:55:00",28965,12.7,14.92,751.4,13.21,82.6
"2021-03-15 06:00:00",28966,12.7,14.84,751.5,13.21,83.3
"2021-03-15 06:05:00",28967,12.7,14.79,751.6,13.17,83.2
"2021-03-15 06:10:00",28968,12.7,14.73,751.6,13.14,83.8
"2021-03-15 06:15:00",28969,12.7,14.66,751.7,13.12,84.6
"2021-03-15 06:20:00",28970,12.69,14.62,751.7,13.06,85.6
"2021-03-15 06:25:00",28971,12.69,14.58,751.7,12.99,85.7
"2021-03-15 06:30:00",28972,12.69,14.55,751.8,13,86
"2021-03-15 06:35:00",28973,12.69,14.58,751.9,12.94,86.1
"2021-03-15 06:40:00",28974,12.71,14.57,751.9,12.95,85.7
"2021-03-15 06:45:00",28975,12.72,14.55,752,12.99,86.2
"2021-03-15 06:50:00",28976,12.73,14.54,752,13.07,86.5
"2021-03-15 06:55:00",28977,12.73,14.56,752,13.11,86.9
"2021-03-15 07:00:00",28978,12.74,14.57,752.1,13.14,87.4
"2021-03-15 07:05:00",28979,12.75,14.59,752.1,13.21,87.6
"2021-03-15 07:10:00",28980,12.76,14.64,752.2,13.28,86.3
"2021-03-15 07:15:00",28981,12.78,14.67,752.3,13.28,85.2
"2021-03-15 07:20:00",28982,12.8,14.72,752.3,13.42,84.8
"2021-03-15 07:25:00",28983,12.82,14.77,752.4,13.39,85.4
"2021-03-15 07:30:00",28984,12.87,14.84,752.5,13.25,87.7
"2021-03-15 07:35:00",28985,13,14.89,752.5,13.26,87.9
"2021-03-15 07:40:00",28986,13.12,14.97,752.6,13.28,87.5
"2021-03-15 07:45:00",28987,13.22,15,752.6,13.37,88.9
"2021-03-15 07:50:00",28988,13.29,15.04,752.7,13.04,90.4
"2021-03-15 07:55:00",28989,13.31,14.98,752.8,13.12,91
"2021-03-15 08:00:00",28990,13.29,14.93,752.9,13.1,92.1
"2021-03-15 08:05:00",28991,13.33,14.91,752.8,13.03,91.4
"2021-03-15 08:10:00",28992,13.43,14.95,752.8,13.12,91.4
"2021-03-15 08:15:00",28993,13.48,15.04,752.9,13.21,90.5
"2021-03-15 08:20:00",28994,13.47,15.07,752.9,13.42,89.8
"2021-03-15 08:25:00",28995,13.52,15.15,753,13.5,88.7
"2021-03-15 08:30:00",28996,13.65,15.35,753,13.79,88.4
"2021-03-15 08:35:00",28997,13.74,15.65,753.1,13.72,86
"2021-03-15 08:40:00",28998,13.72,15.86,753.1,13.95,86
"2021-03-15 08:45:00",28999,13.82,16.13,753.1,14.23,83.9
"2021-03-15 08:50:00",29000,13.83,16.42,753.2,14.35,84.5
"2021-03-15 08:55:00",29001,13.8,16.67,753.2,14.69,84.1
"2021-03-15 09:00:00",29002,13.72,16.9,753.2,14.72,79.74
"2021-03-15 09:05:00",29003,13.73,17.08,753.2,14.38,82.1
"2021-03-15 09:10:00",29004,13.93,17.34,753.2,14.34,82.5
"2021-03-15 09:15:00",29005,13.79,18.51,753.2,14.67,81.1
"2021-03-15 09:20:00",29006,13.76,19.13,753.2,14.73,81
"2021-03-15 09:25:00",29007,13.76,19.46,753.2,14.74,81.5
"2021-03-15 09:30:00",29008,13.76,19.98,753.2,14.67,82.8
"2021-03-15 09:35:00",29009,13.73,20.24,753.2,14.94,81.2
"2021-03-15 09:40:00",29010,13.73,20.44,753.2,14.77,81.8
"2021-03-15 09:45:00",29011,13.73,20.63,753.2,15.2,80.9
"2021-03-15 09:50:00",29012,13.73,20.81,753.2,15.32,79.34
"2021-03-15 09:55:00",29013,13.74,21,753.2,16.14,75.25
"2021-03-15 10:00:00",29014,13.71,21.35,753.2,16.47,69.88
"2021-03-15 10:05:00",29015,13.71,21.78,753.2,16.73,69.4
"2021-03-15 10:10:00",29016,13.71,22.25,753.2,17.37,66.66
"2021-03-15 10:15:00",29017,13.68,22.66,753.2,17.26,67.67
"2021-03-15 10:20:00",29018,13.68,23.03,753.2,17.16,68.64
"2021-03-15 10:25:00",29019,13.68,23.3,753.1,17.15,65.65
"2021-03-15 10:30:00",29020,13.68,23.51,753.1,17.02,68.18
"2021-03-15 10:35:00",29021,13.65,23.68,753.1,17.03,66.98
"2021-03-15 10:40:00",29022,13.66,23.83,753,17.47,65.64
"2021-03-15 10:45:00",29023,13.66,24,752.9,17.93,65.99
"2021-03-15 10:50:00",29024,13.66,24.17,752.9,18.49,62.07
"2021-03-15 10:55:00",29025,13.66,24.3,752.8,18.29,65.32
"2021-03-15 11:00:00",29026,13.66,24.57,752.8,18.47,61.29
"2021-03-15 11:05:00",29027,13.63,24.9,752.8,19.04,57.35
"2021-03-15 11:10:00",29028,13.63,25.32,752.7,19.25,56.37
"2021-03-15 11:15:00",29029,13.63,25.84,752.7,19.64,56.21
"2021-03-15 11:20:00",29030,13.61,26.37,752.6,20.4,55.18
"2021-03-15 11:25:00",29031,13.61,26.94,752.5,20.76,54
"2021-03-15 11:30:00",29032,13.59,27.52,752.5,19.05,55.91
"2021-03-15 11:35:00",29033,13.59,27.87,752.4,20.34,54.12
"2021-03-15 11:40:00",29034,13.58,28.06,752.4,19.88,53.65
"2021-03-15 11:45:00",29035,13.59,28.12,752.4,19.96,52.36
"2021-03-15 11:50:00",29036,13.59,28.14,752.3,20.78,51.51
"2021-03-15 11:55:00",29037,13.58,28.18,752.2,19,55.63
"2021-03-15 12:00:00",29038,13.59,28.19,752.1,20.2,49.54
"2021-03-15 12:05:00",29039,13.56,28.41,752.1,21.23,45.68
"2021-03-15 12:10:00",29040,13.56,28.77,752,22.5,43.29
"2021-03-15 12:15:00",29041,13.56,29.25,752,21.19,45.8
"2021-03-15 12:20:00",29042,13.54,29.64,751.9,21.37,44.93
"2021-03-15 12:25:00",29043,13.54,30,751.8,22.25,44.68
"2021-03-15 12:30:00",29044,13.54,30.3,751.7,22.83,41.19
"2021-03-15 12:35:00",29045,13.54,30.48,751.7,20.86,46.82
"2021-03-15 12:40:00",29046,13.54,30.39,751.6,20.61,48.43
"2021-03-15 12:45:00",29047,13.54,30.1,751.4,20.12,50.95
"2021-03-15 12:50:00",29048,13.54,29.7,751.4,20.67,49.32
"2021-03-15 12:55:00",29049,13.54,29.4,751.3,20.87,49.6
"2021-03-15 13:00:00",29050,13.54,29.25,751.2,20.9,49.23
"2021-03-15 13:05:00",29051,13.54,29.26,751.1,21.65,48.38
"2021-03-15 13:10:00",29052,13.54,29.38,751,22.29,45.55
"2021-03-15 13:15:00",29053,13.54,29.48,750.9,21.83,47.41
"2021-03-15 13:20:00",29054,13.55,29.54,750.8,22.03,45.49
"2021-03-15 13:25:00",29055,13.54,29.55,750.7,21.69,47.71
"2021-03-15 13:30:00",29056,13.55,29.55,750.6,22.77,45.32
"2021-03-15 13:35:00",29057,13.55,29.67,750.6,22.42,44.32
"2021-03-15 13:40:00",29058,13.55,29.77,750.5,22.85,45.94
"2021-03-15 13:45:00",29059,13.55,29.92,750.4,23.07,43.91
"2021-03-15 13:50:00",29060,13.55,30,750.3,22.37,45.05
"2021-03-15 13:55:00",29061,13.55,29.96,750.2,22.08,45.72
"2021-03-15 14:00:00",29062,13.55,29.83,750.1,21.91,45.57
"2021-03-15 14:05:00",29063,13.55,29.66,750,21.42,47.78
"2021-03-15 14:10:00",29064,13.55,29.46,749.9,21.99,47.18
"2021-03-15 14:15:00",29065,13.55,29.27,749.8,21.43,47.74
"2021-03-15 14:20:00",29066,13.55,29.04,749.8,21.04,48.42
"2021-03-15 14:25:00",29067,13.55,28.79,749.7,21.04,49.91
"2021-03-15 14:30:00",29068,13.55,28.55,749.6,20.99,48.8
"2021-03-15 14:35:00",29069,13.55,28.3,749.4,20.9,48.41
"2021-03-15 14:40:00",29070,13.55,28.13,749.3,21.21,48.73
"2021-03-15 14:45:00",29071,13.55,28.01,749.3,21.34,46.59
"2021-03-15 14:50:00",29072,13.55,27.99,749.2,21.08,47.51
"2021-03-15 14:55:00",29073,13.55,28.04,749,22.18,45.51
"2021-03-15 15:00:00",29074,13.55,28.25,748.9,23.72,42.5
"2021-03-15 15:05:00",29075,13.55,28.65,748.8,24.02,41.16
"2021-03-15 15:10:00",29076,13.55,29.13,748.7,23.61,41.9
"2021-03-15 15:15:00",29077,13.56,29.47,748.7,22.5,43.68
"2021-03-15 15:20:00",29078,13.55,29.64,748.6,23.21,42.73
"2021-03-15 15:25:00",29079,13.55,29.8,748.5,24.03,40.54
"2021-03-15 15:30:00",29080,13.55,30.05,748.5,24.54,40.24
"2021-03-15 15:35:00",29081,13.53,30.26,748.4,23.97,40.41
"2021-03-15 15:40:00",29082,13.53,30.37,748.3,23.21,43.67
"2021-03-15 15:45:00",29083,13.53,30.3,748.3,22.53,43.75
"2021-03-15 15:50:00",29084,13.53,30.03,748.2,23.19,42.69
"2021-03-15 15:55:00",29085,13.52,29.9,748.2,22.52,43.39
"2021-03-15 16:00:00",29086,13.53,29.77,748.1,22.46,43.52
"2021-03-15 16:05:00",29087,13.53,29.64,748.1,22.21,43.75
"2021-03-15 16:10:00",29088,13.52,29.37,748,22.16,44.64
"2021-03-15 16:15:00",29089,13.53,29.03,748.1,21.9,45.09
"2021-03-15 16:20:00",29090,13.52,28.7,748.1,21.28,44.57
"2021-03-15 16:25:00",29091,13.52,28.35,748,21.43,44.36
"2021-03-15 16:30:00",29092,13.53,28.05,748,21.47,44.08
"2021-03-15 16:35:00",29093,13.52,27.76,748,21.59,44.47
"2021-03-15 16:40:00",29094,13.52,27.52,748,21.34,46.56
"2021-03-15 16:45:00",29095,13.52,27.3,748,21.15,46.05
"2021-03-15 16:50:00",29096,13.52,27.08,747.9,21.39,46.46
"2021-03-15 16:55:00",29097,13.52,26.89,747.9,21.22,45.74
"2021-03-15 17:00:00",29098,13.52,26.71,747.8,21.45,45.58
"2021-03-15 17:05:00",29099,13.55,26.59,747.8,20.84,46.62
"2021-03-15 17:10:00",29100,13.55,26.45,747.8,21.37,45
"2021-03-15 17:15:00",29101,13.55,26.35,747.8,21.33,45.63
"2021-03-15 17:20:00",29102,13.55,26.25,747.9,21.24,46.61
"2021-03-15 17:25:00",29103,13.55,26.18,747.9,21.43,45.83
"2021-03-15 17:30:00",29104,13.55,26.12,747.9,21.43,45.26
"2021-03-15 17:35:00",29105,13.55,26.08,747.9,21.42,45.13
"2021-03-15 17:40:00",29106,13.55,26.03,747.8,21.13,45.22
"2021-03-15 17:45:00",29107,13.55,25.96,747.8,21.68,44.39
"2021-03-15 17:50:00",29108,13.55,25.95,747.9,21.98,43.59
"2021-03-15 17:55:00",29109,13.55,26,747.8,22.13,45.02
"2021-03-15 18:00:00",29110,13.55,26.16,747.8,22.13,45.21
"2021-03-15 18:05:00",29111,13.55,26.36,747.8,22.26,45.93
"2021-03-15 18:10:00",29112,13.46,26.17,747.8,21.51,46
"2021-03-15 18:15:00",29113,13.27,25.67,747.8,21.06,46.87
"2021-03-15 18:20:00",29114,13.17,25.28,747.9,20.78,47.54
"2021-03-15 18:25:00",29115,13.09,24.89,748.1,20.76,48.74
"2021-03-15 18:30:00",29116,13.04,24.53,748.1,20.39,48.34
"2021-03-15 18:35:00",29117,13.01,24.17,748.2,20.29,48.52
"2021-03-15 18:40:00",29118,12.99,23.8,748.3,20.16,48.91
"2021-03-15 18:45:00",29119,12.99,23.39,748.4,20.24,49.17
"2021-03-15 18:50:00",29120,12.98,23.08,748.5,20.26,50.06
"2021-03-15 18:55:00",29121,12.98,22.82,748.5,20.12,52.04
"2021-03-15 19:00:00",29122,12.98,22.58,748.6,19.9,52.07
"2021-03-15 19:05:00",29123,12.97,22.36,748.6,19.7,52.48
"2021-03-15 19:10:00",29124,12.97,22.15,748.8,19.58,53.3
"2021-03-15 19:15:00",29125,12.97,21.95,748.8,19.52,54.19
"2021-03-15 19:20:00",29126,12.96,21.76,748.9,19.54,53.79
"2021-03-15 19:25:00",29127,12.96,21.59,748.9,19.52,54.53
"2021-03-15 19:30:00",29128,12.96,21.47,749,19.46,55.2
"2021-03-15 19:35:00",29129,12.96,21.34,749.1,19.52,55.92
"2021-03-15 19:40:00",29130,12.95,21.24,749.2,19.44,57.74
"2021-03-15 19:45:00",29131,12.95,21.15,749.3,19.36,58.13
"2021-03-15 19:50:00",29132,12.95,21.03,749.3,19.22,59.5
"2021-03-15 19:55:00",29133,12.95,20.93,749.3,18.75,61.81
"2021-03-15 20:00:00",29134,12.94,20.79,749.4,18.48,63
"2021-03-15 20:05:00",29135,12.94,20.66,749.5,18.32,63.98
"2021-03-15 20:10:00",29136,12.94,20.53,749.5,18.21,63.97
"2021-03-15 20:15:00",29137,12.93,20.41,749.5,18.27,65.4
"2021-03-15 20:20:00",29138,12.93,20.28,749.6,18.31,65.2
"2021-03-15 20:25:00",29139,12.93,20.19,749.6,18.63,59.78
"2021-03-15 20:30:00",29140,12.93,20.09,749.7,18.67,58.02
"2021-03-15 20:35:00",29141,12.93,20.04,749.7,18.83,56.55
"2021-03-15 20:40:00",29142,12.92,19.97,749.9,18.62,59.59
"2021-03-15 20:45:00",29143,12.92,19.91,750,18.39,59.07
"2021-03-15 20:50:00",29144,12.92,19.81,750,18.45,56.03
"2021-03-15 20:55:00",29145,12.92,19.74,750,18.51,54.14
"2021-03-15 21:00:00",29146,12.92,19.67,750,18.17,63.9
"2021-03-15 21:05:00",29147,12.92,19.6,750,17.91,65.99
"2021-03-15 21:10:00",29148,12.91,19.53,750.1,17.7,67.42
"2021-03-15 21:15:00",29149,12.91,19.47,750.1,17.53,68.18
"2021-03-15 21:20:00",29150,12.91,19.38,750.2,17.48,65.88
"2021-03-15 21:25:00",29151,12.91,19.31,750.2,17.47,66.44
"2021-03-15 21:30:00",29152,12.91,19.24,750.2,17.34,66.39
"2021-03-15 21:35:00",29153,12.9,19.03,750.2,17.27,66.49
"2021-03-15 21:40:00",29154,12.9,18.91,750.1,17.21,66.98
"2021-03-15 21:45:00",29155,12.9,18.81,750.2,17.17,66.68
"2021-03-15 21:50:00",29156,12.9,18.73,750.2,17,67.47
"2021-03-15 21:55:00",29157,12.9,18.65,750.2,16.83,68.41
"2021-03-15 22:00:00",29158,12.9,18.55,750.2,16.84,68.99
"2021-03-15 22:05:00",29159,12.9,18.46,750.2,16.85,68.99
"2021-03-15 22:10:00",29160,12.89,18.32,750.2,16.72,69.78
"2021-03-15 22:15:00",29161,12.89,18.19,750.2,16.8,70.23
"2021-03-15 22:20:00",29162,12.89,18.1,750.2,16.85,68.12
"2021-03-15 22:25:00",29163,12.89,18.02,750.2,16.65,70
"2021-03-15 22:30:00",29164,12.89,17.95,750.2,16.46,71.14
"2021-03-15 22:35:00",29165,12.89,17.85,750.2,16.39,68.12
"2021-03-15 22:40:00",29166,12.89,17.78,750.2,16.4,68.27
"2021-03-15 22:45:00",29167,12.88,17.69,750.2,16.32,67.79
"2021-03-15 22:50:00",29168,12.88,17.63,750.2,16.28,70.62
"2021-03-15 22:55:00",29169,12.88,17.56,750.2,16.16,72.15
"2021-03-15 23:00:00",29170,12.88,17.51,750.2,15.98,72.49
"2021-03-15 23:05:00",29171,12.88,17.46,750.1,16.19,72.62
"2021-03-15 23:10:00",29172,12.87,17.45,750.1,16.08,72.42
"2021-03-15 23:15:00",29173,12.88,17.43,750,15.94,72.57
"2021-03-15 23:20:00",29174,12.87,17.43,750,16.04,73.59
"2021-03-15 23:25:00",29175,12.87,17.44,750,16.12,72.43
"2021-03-15 23:30:00",29176,12.87,17.47,750,16.13,72.46
"2021-03-15 23:35:00",29177,12.87,17.5,749.9,16.08,72.56
"2021-03-15 23:40:00",29178,12.87,17.52,749.9,16.09,72
"2021-03-15 23:45:00",29179,12.87,17.52,749.9,16,72.64
"2021-03-15 23:50:00",29180,12.86,17.53,749.9,15.93,76.23
"2021-03-15 23:55:00",29181,12.86,17.52,749.9,15.56,77.44
"2021-03-16 00:00:00",29182,12.86,17.48,749.8,15.49,76.7
"2021-03-16 00:05:00",29183,12.86,17.44,749.8,15.52,76.45
"2021-03-16 00:10:00",29184,12.86,17.39,749.8,15.49,76.14
"2021-03-16 00:15:00",29185,12.86,17.34,749.8,15.39,76.28
"2021-03-16 00:20:00",29186,12.86,17.29,749.9,15.48,71.85
"2021-03-16 00:25:00",29187,12.86,17.17,749.9,15.72,73.58
"2021-03-16 00:30:00",29188,12.85,17.13,749.9,15.7,76.63
"2021-03-16 00:35:00",29189,12.85,17.09,749.9,15.6,76.69
"2021-03-16 00:40:00",29190,12.85,17.07,749.9,15.51,76.11
"2021-03-16 00:45:00",29191,12.85,17.07,749.9,15.5,75.15
"2021-03-16 00:50:00",29192,12.85,17.05,749.8,15.7,73.75
"2021-03-16 00:55:00",29193,12.85,17.05,749.8,15.73,73.41
"2021-03-16 01:00:00",29194,12.85,17.06,749.8,15.41,74.77
"2021-03-16 01:05:00",29195,12.84,17.04,749.8,15.15,76.74
"2021-03-16 01:10:00",29196,12.84,16.97,749.8,15.16,76.85
"2021-03-16 01:15:00",29197,12.84,16.94,749.8,15.27,74.99
"2021-03-16 01:20:00",29198,12.84,16.91,749.8,15.3,73.75
"2021-03-16 01:25:00",29199,12.84,16.89,749.8,15.42,73.43
"2021-03-16 01:30:00",29200,12.84,16.9,749.7,15.42,73.75
"2021-03-16 01:35:00",29201,12.83,16.89,749.6,15.45,74.4
"2021-03-16 01:40:00",29202,12.83,16.9,749.6,15.42,74.03
"2021-03-16 01:45:00",29203,12.83,16.91,749.6,15.48,73.7
"2021-03-16 01:50:00",29204,12.83,16.92,749.5,15.56,76.01
"2021-03-16 01:55:00",29205,12.83,16.92,749.5,15.46,78.62
"2021-03-16 02:00:00",29206,12.82,16.91,749.4,15.27,78.55
"2021-03-16 02:05:00",29207,12.82,16.87,749.4,15.22,79.1
"2021-03-16 02:10:00",29208,12.82,16.84,749.3,15.19,78.45
"2021-03-16 02:15:00",29209,12.82,16.81,749.3,15.14,79.61
"2021-03-16 02:20:00",29210,12.82,16.77,749.2,15.11,78.35
"2021-03-16 02:25:00",29211,12.81,16.71,749.2,15.08,78.43
"2021-03-16 02:30:00",29212,12.81,16.66,749.1,15.04,79.25
"2021-03-16 02:35:00",29213,12.81,16.59,749.1,15,79.8
"2021-03-16 02:40:00",29214,12.81,16.53,749,14.83,79.9
"2021-03-16 02:45:00",29215,12.8,16.46,748.9,14.65,80.6
"2021-03-16 02:50:00",29216,12.8,16.41,748.9,14.59,80.5
"2021-03-16 02:55:00",29217,12.8,16.34,748.9,14.67,79.56
"2021-03-16 03:00:00",29218,12.79,16.3,748.8,14.7,79.65
"2021-03-16 03:05:00",29219,12.79,16.25,748.8,14.69,80.6
"2021-03-16 03:10:00",29220,12.79,16.22,748.8,14.6,81.1
"2021-03-16 03:15:00",29221,12.79,16.15,748.8,14.44,82.5
"2021-03-16 03:20:00",29222,12.8,16.08,748.8,14.29,83.6
"2021-03-16 03:25:00",29223,12.8,15.96,748.7,14.35,83.2
"2021-03-16 03:30:00",29224,12.79,15.88,748.7,14.56,81.9
"2021-03-16 03:35:00",29225,12.79,15.84,748.7,14.51,81.8
"2021-03-16 03:40:00",29226,12.79,15.8,748.7,14.46,81
"2021-03-16 03:45:00",29227,12.79,15.77,748.7,14.41,81.2
"2021-03-16 03:50:00",29228,12.78,15.74,748.7,14.38,81
"2021-03-16 03:55:00",29229,12.78,15.69,748.6,14.28,81.4
"2021-03-16 04:00:00",29230,12.78,15.65,748.7,14.29,81.6
"2021-03-16 04:05:00",29231,12.78,15.49,748.6,14.17,82.8
"2021-03-16 04:10:00",29232,12.77,15.4,748.6,14.04,83.1
"2021-03-16 04:15:00",29233,12.77,15.31,748.6,13.93,83.6
"2021-03-16 04:20:00",29234,12.77,15.18,748.6,13.84,84.7
"2021-03-16 04:25:00",29235,12.76,15.09,748.6,13.84,84
"2021-03-16 04:30:00",29236,12.76,15.01,748.6,13.87,83.7
"2021-03-16 04:35:00",29237,12.76,14.91,748.7,13.78,83.8
"2021-03-16 04:40:00",29238,12.75,14.82,748.7,13.64,84.4
"2021-03-16 04:45:00",29239,12.75,14.75,748.8,13.58,85.4
"2021-03-16 04:50:00",29240,12.75,14.68,748.8,13.45,86.9
"2021-03-16 04:55:00",29241,12.74,14.59,748.7,13.45,88.9
"2021-03-16 05:00:00",29242,12.74,14.55,748.8,13.43,88
"2021-03-16 05:05:00",29243,12.74,14.5,748.8,13.42,87.8
"2021-03-16 05:10:00",29244,12.73,14.46,748.9,13.38,88.1
"2021-03-16 05:15:00",29245,12.73,14.4,748.9,13.33,87.9
"2021-03-16 05:20:00",29246,12.72,14.4,748.9,13.4,85
"2021-03-16 05:25:00",29247,12.72,14.37,749,13.41,84.3
"2021-03-16 05:30:00",29248,12.72,14.4,749,13.36,84.9
"2021-03-16 05:35:00",29249,12.71,14.4,749.1,13.33,86
"2021-03-16 05:40:00",29250,12.71,14.41,749.1,13.21,86
"2021-03-16 05:45:00",29251,12.7,14.41,749.2,13.27,86.2
"2021-03-16 05:50:00",29252,12.7,14.43,749.2,13.44,86.2
"2021-03-16 05:55:00",29253,12.69,14.43,749.2,13.51,86.2
"2021-03-16 06:00:00",29254,12.69,14.46,749.2,13.52,86.8
"2021-03-16 06:05:00",29255,12.68,14.48,749.2,13.61,86.4
"2021-03-16 06:10:00",29256,12.68,14.51,749.3,13.42,86.1
"2021-03-16 06:15:00",29257,12.68,14.5,749.3,13.26,83.4
"2021-03-16 06:20:00",29258,12.67,14.43,749.4,13.08,84.9
"2021-03-16 06:25:00",29259,12.67,14.37,749.4,13.06,85.1
"2021-03-16 06:30:00",29260,12.67,14.37,749.4,13.12,82.3
"2021-03-16 06:35:00",29261,12.67,14.32,749.4,13.06,82.6
"2021-03-16 06:40:00",29262,12.69,14.31,749.4,13.03,81.9
"2021-03-16 06:45:00",29263,12.79,14.32,749.5,13.11,81.1
"2021-03-16 06:50:00",29264,12.88,14.35,749.5,13.41,80.1
"2021-03-16 06:55:00",29265,13.07,14.49,749.6,13.67,81.6
"2021-03-16 07:00:00",29266,13.29,14.73,749.7,13.95,81.9
"2021-03-16 07:05:00",29267,13.5,14.99,749.7,13.72,82.6
"2021-03-16 07:10:00",29268,13.56,15.33,749.7,14.07,81.4
"2021-03-16 07:15:00",29269,13.72,15.74,749.8,14.31,80.4
"2021-03-16 07:20:00",29270,13.8,16.27,749.8,15.37,77.1
"2021-03-16 07:25:00",29271,13.87,16.92,749.9,16.67,71.5
"2021-03-16 07:30:00",29272,13.78,18.54,749.9,16.85,70.12
"2021-03-16 07:35:00",29273,13.76,19.46,749.9,17.27,69.47
"2021-03-16 07:40:00",29274,13.76,20.18,749.9,17.7,68.04
"2021-03-16 07:45:00",29275,13.73,20.84,750,18.53,63.72
"2021-03-16 07:50:00",29276,13.73,21.5,750,18.62,62.99
"2021-03-16 07:55:00",29277,13.7,22.11,750,18.79,62.39
"2021-03-16 08:00:00",29278,13.68,22.73,750.1,18.87,60.3
"2021-03-16 08:05:00",29279,13.67,23.28,750.1,19.17,60.31
"2021-03-16 08:10:00",29280,13.68,23.86,750.2,19.67,57.87
"2021-03-16 08:15:00",29281,13.65,24.36,750.2,20.5,55.11
"2021-03-16 08:20:00",29282,13.65,24.91,750.2,20.11,55.7
"2021-03-16 08:25:00",29283,13.62,25.37,750.3,19.8,56.51
"2021-03-16 08:30:00",29284,13.62,25.74,750.3,20.15,54.62
"2021-03-16 08:35:00",29285,13.62,26.18,750.3,20.55,53.35
"2021-03-16 08:40:00",29286,13.6,26.59,750.3,19.57,56.26
"2021-03-16 08:45:00",29287,13.6,26.87,750.2,19.29,57.57
"2021-03-16 08:50:00",29288,13.6,27.09,750.2,19.91,55.3
"2021-03-16 08:55:00",29289,13.6,27.34,750.2,20.54,53.31
"2021-03-16 09:00:00",29290,13.57,27.59,750.2,19.97,54.44
"2021-03-16 09:05:00",29291,13.58,27.81,750.2,20.68,51.99
"2021-03-16 09:10:00",29292,13.58,28.07,750.3,21.61,49.22
"2021-03-16 09:15:00",29293,13.58,28.43,750.3,21.86,46.43
"2021-03-16 09:20:00",29294,13.58,28.75,750.2,21.88,45.54
"2021-03-16 09:25:00",29295,13.55,29.02,750.2,21.93,46.76
"2021-03-16 09:30:00",29296,13.55,29.34,750.2,22.14,44.96
"2021-03-16 09:35:00",29297,13.55,29.66,750.1,22.91,42.99
"2021-03-16 09:40:00",29298,13.53,30.07,750,22.37,44.47
"2021-03-16 09:45:00",29299,13.53,30.45,750,22.79,41.97
"2021-03-16 09:50:00",29300,13.53,30.79,749.9,22.19,45.64
"2021-03-16 09:55:00",29301,13.53,31.01,749.9,21.71,46.76
"2021-03-16 10:00:00",29302,13.51,31.14,749.8,21.63,47.1
"2021-03-16 10:05:00",29303,13.51,31.22,749.7,22.62,44.5
"2021-03-16 10:10:00",29304,13.51,31.35,749.7,22.24,44.78
"2021-03-16 10:15:00",29305,13.51,31.51,749.6,22.25,44.46
"2021-03-16 10:20:00",29306,13.51,31.72,749.6,23.49,40.68
"2021-03-16 10:25:00",29307,13.51,32,749.6,23.13,44.5
"2021-03-16 10:30:00",29308,13.49,32.22,749.5,22.89,42.73
"2021-03-16 10:35:00",29309,13.49,32.33,749.4,22.97,41.47
"2021-03-16 10:40:00",29310,13.49,32.42,749.3,23.02,42.35
"2021-03-16 10:45:00",29311,13.49,32.48,749.3,23.26,40.56
"2021-03-16 10:50:00",29312,13.49,32.56,749.2,23.44,42.27
"2021-03-16 10:55:00",29313,13.49,32.64,749.1,23.61,41.64
"2021-03-16 11:00:00",29314,13.49,32.75,749.1,24.01,39.82
"2021-03-16 11:05:00",29315,13.49,32.87,749.1,23.42,41.39
"2021-03-16 11:10:00",29316,13.49,32.97,749,24.07,41.13
"2021-03-16 11:15:00",29317,13.49,33.11,749,24.4,39.11
"2021-03-16 11:20:00",29318,13.49,33.16,748.9,24.35,39.23
"2021-03-16 11:25:00",29319,13.49,33.02,748.8,23.57,39.51
"2021-03-16 11:30:00",29320,13.49,32.65,748.7,23.23,39.21
"2021-03-16 11:35:00",29321,13.49,31.98,748.7,23.09,39.85
"2021-03-16 11:40:00",29322,13.49,31.28,748.6,23.09,40.47
"2021-03-16 11:45:00",29323,13.49,30.74,748.6,23.3,40.17
"2021-03-16 11:50:00",29324,13.49,30.29,748.5,23.23,38.39
"2021-03-16 11:55:00",29325,13.49,29.93,748.4,23.76,38.25
"2021-03-16 12:00:00",29326,13.49,29.67,748.3,24.03,36.39
"2021-03-16 12:05:00",29327,13.49,29.51,748.2,23.83,37.53
"2021-03-16 12:10:00",29328,13.49,29.38,748.2,23.73,38.81
"2021-03-16 12:15:00",29329,13.49,29.3,748.1,23.77,36.8
"2021-03-16 12:20:00",29330,13.49,29.27,748,24.13,37.17
"2021-03-16 12:25:00",29331,13.49,29.29,748,23.95,37.97
"2021-03-16 12:30:00",29332,13.49,29.33,747.9,24.21,36.51
"2021-03-16 12:35:00",29333,13.5,29.36,747.8,24.2,36.58
"2021-03-16 12:40:00",29334,13.49,29.42,747.7,25.01,35.79
"2021-03-16 12:45:00",29335,13.5,29.53,747.6,24.97,34.86
"2021-03-16 12:50:00",29336,13.5,29.63,747.5,24.83,36.94
"2021-03-16 12:55:00",29337,13.5,29.76,747.4,25.01,35.4
"2021-03-16 13:00:00",29338,13.5,29.87,747.3,24.97,34.49
"2021-03-16 13:05:00",29339,13.5,29.97,747.2,25.13,34.54
"2021-03-16 13:10:00",29340,13.5,30.08,747.1,25.09,34.7
"2021-03-16 13:15:00",29341,13.5,30.24,747,25.26,34.02
"2021-03-16 13:20:00",29342,13.5,30.38,746.9,25.44,33.6
"2021-03-16 13:25:00",29343,13.5,30.53,746.9,25.76,33.39
"2021-03-16 13:30:00",29344,13.5,30.68,746.8,25.86,33.84
"2021-03-16 13:35:00",29345,13.5,30.86,746.8,26.03,32.48
"2021-03-16 13:40:00",29346,13.5,31.09,746.7,26.72,32.27
"2021-03-16 13:45:00",29347,13.5,31.33,746.6,26.81,31.9
"2021-03-16 13:50:00",29348,13.5,31.53,746.5,26.83,31.2
"2021-03-16 13:55:00",29349,13.5,31.65,746.4,26.12,32.01
"2021-03-16 14:00:00",29350,13.5,31.65,746.4,25.97,32.2
"2021-03-16 14:05:00",29351,13.5,31.55,746.4,25.18,33.27
"2021-03-16 14:10:00",29352,13.5,31.33,746.4,25.1,33.33
"2021-03-16 14:15:00",29353,13.5,31.1,746.4,24.95,34.26
"2021-03-16 14:20:00",29354,13.5,30.87,746.4,24.7,36.5
"2021-03-16 14:25:00",29355,13.5,30.59,746.4,24.45,36.67
"2021-03-16 14:30:00",29356,13.5,30.31,746.3,24.25,38.33
"2021-03-16 14:35:00",29357,13.5,30.02,746.3,24.19,37.77
"2021-03-16 14:40:00",29358,13.5,29.73,746.3,24.09,38.35
"2021-03-16 14:45:00",29359,13.5,29.44,746.2,23.85,40.1
"2021-03-16 14:50:00",29360,13.5,29.16,746.1,23.67,39.95
"2021-03-16 14:55:00",29361,13.5,28.86,746,23.37,41.06
"2021-03-16 15:00:00",29362,13.5,28.59,746,23.28,41.86
"2021-03-16 15:05:00",29363,13.53,28.35,745.9,23.11,42.52
"2021-03-16 15:10:00",29364,13.53,28.12,745.9,22.84,44.46
"2021-03-16 15:15:00",29365,13.53,27.9,745.8,22.53,43.85
"2021-03-16 15:20:00",29366,13.53,27.69,745.8,22.71,44.13
"2021-03-16 15:25:00",29367,13.53,27.5,745.7,22.46,44.48
"2021-03-16 15:30:00",29368,13.53,27.33,745.5,22.37,45.69
"2021-03-16 15:35:00",29369,13.53,27.2,745.5,22.49,45.68
"2021-03-16 15:40:00",29370,13.55,27.07,745.4,22.45,46.57
"2021-03-16 15:45:00",29371,13.55,26.99,745.3,22.42,46.88
"2021-03-16 15:50:00",29372,13.55,26.94,745.3,22.44,47.52
"2021-03-16 15:55:00",29373,13.55,27.11,745.2,22.62,47.45
"2021-03-16 16:00:00",29374,13.55,26.86,745.2,22.35,46.81
"2021-03-16 16:05:00",29375,13.55,26.86,745.1,22.51,46.96
"2021-03-16 16:10:00",29376,13.55,26.82,745.1,22.53,47.82
"2021-03-16 16:15:00",29377,13.55,26.8,745.1,22.68,46.98
"2021-03-16 16:20:00",29378,13.55,26.8,745,23.06,46.35
"2021-03-16 16:25:00",29379,13.55,26.83,745.1,23.22,47.81
"2021-03-16 16:30:00",29380,13.55,26.84,745.1,23.05,49.98
"2021-03-16 16:35:00",29381,13.55,26.83,745.3,22.77,47.6
"2021-03-16 16:40:00",29382,13.55,26.82,745.3,22.74,48.87
"2021-03-16 16:45:00",29383,13.55,26.77,745.3,22.68,49.52
"2021-03-16 16:50:00",29384,13.55,26.7,745.3,22.71,49.46
"2021-03-16 16:55:00",29385,13.55,26.65,745.3,22.75,48.39
"2021-03-16 17:00:00",29386,13.55,26.61,745.3,22.76,49.85
"2021-03-16 17:05:00",29387,13.55,26.56,745.4,22.88,47.26
"2021-03-16 17:10:00",29388,13.55,26.52,745.4,23.01,46.28
"2021-03-16 17:15:00",29389,13.55,26.53,745.4,22.98,46.44
"2021-03-16 17:20:00",29390,13.55,26.58,745.3,22.81,48.37
"2021-03-16 17:25:00",29391,13.55,26.72,745.3,22.53,49.03
"2021-03-16 17:30:00",29392,13.55,26.73,745.3,22.69,49.43
"2021-03-16 17:35:00",29393,13.55,26.7,745.3,22.69,48.32
"2021-03-16 17:40:00",29394,13.55,26.82,745.3,22.7,47.08
"2021-03-16 17:45:00",29395,13.55,26.58,745.3,22.82,46.93
"2021-03-16 17:50:00",29396,13.56,26.56,745.3,22.82,46.36
"2021-03-16 17:55:00",29397,13.6,26.27,745.3,23.28,47.41
"2021-03-16 18:00:00",29398,13.36,25.91,745.3,23.25,46.25
"2021-03-16 18:05:00",29399,13.24,25.68,745.3,23.1,45.36
"2021-03-16 18:10:00",29400,13.17,25.55,745.4,22.9,44.73
"2021-03-16 18:15:00",29401,13.11,25.37,745.4,22.56,46.48
"2021-03-16 18:20:00",29402,13.06,25.22,745.5,22.43,47.11
"2021-03-16 18:25:00",29403,13.02,25.02,745.5,22.25,48.55
"2021-03-16 18:30:00",29404,13,24.8,745.6,22.07,48.14
"2021-03-16 18:35:00",29405,12.97,24.58,745.7,21.86,50.9
"2021-03-16 18:40:00",29406,12.96,24.32,745.7,21.63,52.25
"2021-03-16 18:45:00",29407,12.96,24.03,745.7,21.29,53.89
"2021-03-16 18:50:00",29408,12.96,23.73,745.8,21.1,55.75
"2021-03-16 18:55:00",29409,12.95,23.45,745.9,20.88,56.61
"2021-03-16 19:00:00",29410,12.95,23.2,746,20.5,59.07
"2021-03-16 19:05:00",29411,12.95,22.96,746,20.26,58.42
"2021-03-16 19:10:00",29412,12.94,22.72,746.1,20.2,59.26
"2021-03-16 19:15:00",29413,12.94,22.48,746.2,20.31,58.37
"2021-03-16 19:20:00",29414,12.94,22.31,746.3,20.19,58.65
"2021-03-16 19:25:00",29415,12.93,22.14,746.4,20.13,59.71
"2021-03-16 19:30:00",29416,12.93,22,746.5,20.12,61.25
"2021-03-16 19:35:00",29417,12.93,21.85,746.6,20.08,60.67
"2021-03-16 19:40:00",29418,12.93,21.74,746.7,20.16,59.93
"2021-03-16 19:45:00",29419,12.93,21.64,746.7,19.9,62.73
"2021-03-16 19:50:00",29420,12.92,21.52,746.8,20.02,62.98
"2021-03-16 19:55:00",29421,12.92,21.43,746.9,19.76,62.16
"2021-03-16 20:00:00",29422,12.92,21.32,746.9,19.6,64.35
"2021-03-16 20:05:00",29423,12.92,21.19,747,19.66,63.55
"2021-03-16 20:10:00",29424,12.91,21.1,747,19.52,61.13
"2021-03-16 20:15:00",29425,12.91,20.99,747.1,19.56,63.9
"2021-03-16 20:20:00",29426,12.91,20.8,747.2,19.43,60.42
"2021-03-16 20:25:00",29427,12.9,20.69,747.2,19.47,56.4
"2021-03-16 20:30:00",29428,12.9,20.61,747.3,19.45,58.26
"2021-03-16 20:35:00",29429,12.9,20.54,747.4,19.41,57.8
"2021-03-16 20:40:00",29430,12.9,20.48,747.4,19.66,55.11
"2021-03-16 20:45:00",29431,12.9,20.42,747.5,19.64,54.27
"2021-03-16 20:50:00",29432,12.9,20.37,747.6,19.57,53.86
"2021-03-16 20:55:00",29433,12.89,20.31,747.6,19.5,55.05
"2021-03-16 21:00:00",29434,12.89,20.24,747.6,19.46,54.24
"2021-03-16 21:05:00",29435,12.89,20.19,747.7,19.38,57.49
"2021-03-16 21:10:00",29436,12.89,20.12,747.7,19.03,55.84
"2021-03-16 21:15:00",29437,12.89,19.98,747.8,18.77,56.2
"2021-03-16 21:20:00",29438,12.89,19.88,747.9,18.9,55.98
"2021-03-16 21:25:00",29439,12.89,19.78,747.9,19.02,55.11
"2021-03-16 21:30:00",29440,12.89,19.73,748,18.91,55.89
"2021-03-16 21:35:00",29441,12.88,19.67,748,18.82,57.19
"2021-03-16 21:40:00",29442,12.88,19.6,748,18.71,56.96
"2021-03-16 21:45:00",29443,12.88,19.53,748.1,18.74,56.08
"2021-03-16 21:50:00",29444,12.88,19.45,748.1,17.77,66.08
"2021-03-16 21:55:00",29445,12.88,19.34,748,17.26,67.34
"2021-03-16 22:00:00",29446,12.88,19.19,748,17.21,68.5
"2021-03-16 22:05:00",29447,12.88,19.05,748,17.27,65.58
"2021-03-16 22:10:00",29448,12.87,18.92,748,17.52,64.62
"2021-03-16 22:15:00",29449,12.87,18.8,748.1,17.65,63.27
"2021-03-16 22:20:00",29450,12.87,18.71,748.1,17.49,64.26
"2021-03-16 22:25:00",29451,12.87,18.6,748.1,17.24,68.22
"2021-03-16 22:30:00",29452,12.87,18.51,748.2,17.17,68.53
"2021-03-16 22:35:00",29453,12.87,18.42,748.2,17.03,69.14
"2021-03-16 22:40:00",29454,12.87,18.35,748.2,17.04,69.11
"2021-03-16 22:45:00",29455,12.86,18.31,748.3,16.85,68.81
"2021-03-16 22:50:00",29456,12.86,18.24,748.2,16.94,69.04
"2021-03-16 22:55:00",29457,12.86,18.21,748.3,16.71,70.07
"2021-03-16 23:00:00",29458,12.86,18.14,748.3,16.63,68.22
"2021-03-16 23:05:00",29459,12.86,18.08,748.3,16.54,67.77
"2021-03-16 23:10:00",29460,12.86,18.01,748.3,16.42,68.19
"2021-03-16 23:15:00",29461,12.86,17.91,748.3,16.34,68.32
"2021-03-16 23:20:00",29462,12.85,17.83,748.3,16.18,71.15
"2021-03-16 23:25:00",29463,12.85,17.72,748.3,15.94,73.99
"2021-03-16 23:30:00",29464,12.85,17.58,748.3,15.69,74.96
"2021-03-16 23:35:00",29465,12.85,17.4,748.3,15.7,75.02
"2021-03-16 23:40:00",29466,12.85,17.26,748.3,15.76,72.33
"2021-03-16 23:45:00",29467,12.85,17.12,748.3,15.64,74.75
"2021-03-16 23:50:00",29468,12.85,17.01,748.3,15.5,75.46
"2021-03-16 23:55:00",29469,12.84,16.9,748.2,15.38,75.07
"2021-03-17 00:00:00",29470,12.84,16.8,748.2,15.31,75.62
"2021-03-17 00:05:00",29471,12.84,16.69,748.2,15.37,73.14
"2021-03-17 00:10:00",29472,12.84,16.61,748.1,15.67,70.79
"2021-03-17 00:15:00",29473,12.83,16.54,748,15.84,72.92
"2021-03-17 00:20:00",29474,12.84,16.48,748,15.8,71.33
"2021-03-17 00:25:00",29475,12.83,16.44,748.1,15.46,77.53
"2021-03-17 00:30:00",29476,12.83,16.39,748.1,15.31,76.21
"2021-03-17 00:35:00",29477,12.83,16.34,748,15.3,74.29
"2021-03-17 00:40:00",29478,12.83,16.3,748,15.24,77.82
"2021-03-17 00:45:00",29479,12.83,16.23,748,14.99,78.94
"2021-03-17 00:50:00",29480,12.82,16.17,748,15.02,78.14
"2021-03-17 00:55:00",29481,12.82,16.1,748,14.69,78.4
"2021-03-17 01:00:00",29482,12.82,16,747.9,14.76,77.47
"2021-03-17 01:05:00",29483,12.82,15.94,747.9,14.76,77.08
"2021-03-17 01:10:00",29484,12.82,15.87,747.8,14.85,77.57
"2021-03-17 01:15:00",29485,12.82,15.81,747.8,15.08,76.27
"2021-03-17 01:20:00",29486,12.81,15.78,747.8,15.14,76.26
"2021-03-17 01:25:00",29487,12.81,15.75,747.9,15.2,76.05
"2021-03-17 01:30:00",29488,12.81,15.72,747.9,15.16,76.88
"2021-03-17 01:35:00",29489,12.81,15.7,747.9,14.98,77.57
"2021-03-17 01:40:00",29490,12.81,15.64,748,14.69,78.88
"2021-03-17 01:45:00",29491,12.81,15.6,748,14.96,78.1
"2021-03-17 01:50:00",29492,12.8,15.56,748,15.18,76.97
"2021-03-17 01:55:00",29493,12.8,15.55,748,15.22,76.89
"2021-03-17 02:00:00",29494,12.8,15.54,747.9,14.92,77.98
"2021-03-17 02:05:00",29495,12.8,15.51,747.9,14.77,78.75
"2021-03-17 02:10:00",29496,12.8,15.51,748,14.68,78.98
"2021-03-17 02:15:00",29497,12.8,15.49,748,14.2,80.3
"2021-03-17 02:20:00",29498,12.79,15.48,748,13.82,80.6
"2021-03-17 02:25:00",29499,12.79,15.42,748,13.71,82.5
"2021-03-17 02:30:00",29500,12.79,15.34,748,13.57,81.5
"2021-03-17 02:35:00",29501,12.79,15.16,748,13.49,83.1
"2021-03-17 02:40:00",29502,12.79,15.05,748,13.59,82.2
"2021-03-17 02:45:00",29503,12.78,14.98,748,13.58,81.8
"2021-03-17 02:50:00",29504,12.78,14.91,748.2,13.63,81.8
"2021-03-17 02:55:00",29505,12.78,14.87,748.2,13.67,82.2
"2021-03-17 03:00:00",29506,12.78,14.82,748.1,13.64,82.4
"2021-03-17 03:05:00",29507,12.77,14.75,748.1,13.5,83.2
"2021-03-17 03:10:00",29508,12.77,14.69,748.1,13.51,83
"2021-03-17 03:15:00",29509,12.77,14.63,748.1,13.43,83.6
"2021-03-17 03:20:00",29510,12.77,14.54,748.1,13.53,83
"2021-03-17 03:25:00",29511,12.77,14.48,748.1,13.48,83.5
"2021-03-17 03:30:00",29512,12.76,14.44,748.1,13.49,83.3
"2021-03-17 03:35:00",29513,12.76,14.41,748.1,13.39,83.7
"2021-03-17 03:40:00",29514,12.76,14.37,748.1,13.43,83.3
"2021-03-17 03:45:00",29515,12.76,14.38,748.1,13.51,82.8
"2021-03-17 03:50:00",29516,12.76,14.37,748.1,13.55,82.9
"2021-03-17 03:55:00",29517,12.75,14.38,748.1,13.56,83
"2021-03-17 04:00:00",29518,12.75,14.36,748.1,13.59,81.9
"2021-03-17 04:05:00",29519,12.75,14.36,748.1,13.52,82
"2021-03-17 04:10:00",29520,12.75,14.34,748.2,13.33,81.6
"2021-03-17 04:15:00",29521,12.74,14.33,748.3,13.07,81.9
"2021-03-17 04:20:00",29522,12.74,14.27,748.2,12.92,82.8
"2021-03-17 04:25:00",29523,12.74,14.2,748.3,12.78,83.3
"2021-03-17 04:30:00",29524,12.73,14.1,748.3,12.7,84.2
"2021-03-17 04:35:00",29525,12.73,14.04,748.2,12.76,84.3
"2021-03-17 04:40:00",29526,12.73,13.96,748.3,12.74,84.5
"2021-03-17 04:45:00",29527,12.72,13.89,748.3,12.62,85.7
"2021-03-17 04:50:00",29528,12.72,13.8,748.3,12.54,86.4
"2021-03-17 04:55:00",29529,12.72,13.73,748.3,12.63,86.4
"2021-03-17 05:00:00",29530,12.72,13.67,748.3,12.69,86
"2021-03-17 05:05:00",29531,12.71,13.62,748.3,12.48,87.3
"2021-03-17 05:10:00",29532,12.71,13.57,748.4,12.36,88.4
"2021-03-17 05:15:00",29533,12.71,13.5,748.5,12.34,88.3
"2021-03-17 05:20:00",29534,12.7,13.44,748.5,12.42,88.4
"2021-03-17 05:25:00",29535,12.7,13.39,748.5,12.66,87
"2021-03-17 05:30:00",29536,12.7,13.36,748.6,12.68,86.7
"2021-03-17 05:35:00",29537,12.69,13.27,748.7,12.58,85.6
"2021-03-17 05:40:00",29538,12.69,13.22,748.8,12.44,86
"2021-03-17 05:45:00",29539,12.69,13.15,748.8,12.42,85.9
"2021-03-17 05:50:00",29540,12.68,13.12,748.9,12.6,86.9
"2021-03-17 05:55:00",29541,12.68,13.11,749,12.44,87.6
"2021-03-17 06:00:00",29542,12.68,13.08,749.1,12.3,88.1
"2021-03-17 06:05:00",29543,12.68,13.05,749.1,12.31,88.7
"2021-03-17 06:10:00",29544,12.68,13.01,749.2,12.32,89.6
"2021-03-17 06:15:00",29545,12.67,12.99,749.2,12.42,88.1
"2021-03-17 06:20:00",29546,12.67,12.94,749.2,12.3,88.3
"2021-03-17 06:25:00",29547,12.66,12.93,749.2,12.14,89.8
"2021-03-17 06:30:00",29548,12.66,12.97,749.4,12.2,89.1
"2021-03-17 06:35:00",29549,12.66,13.02,749.3,12.54,86.5
"2021-03-17 06:40:00",29550,12.67,13.09,749.5,12.66,85.7
"2021-03-17 06:45:00",29551,12.67,13.17,749.5,12.63,84.8
"2021-03-17 06:50:00",29552,12.67,13.3,749.7,12.66,84.3
"2021-03-17 06:55:00",29553,12.68,13.44,749.8,12.74,84.1
"2021-03-17 07:00:00",29554,12.68,13.58,749.8,12.41,86
"2021-03-17 07:05:00",29555,12.68,13.7,749.9,12.46,86.2
"2021-03-17 07:10:00",29556,12.69,13.84,750,12.57,86.1
"2021-03-17 07:15:00",29557,12.7,13.95,750.1,12.74,85.3
"2021-03-17 07:20:00",29558,12.73,14.08,750,12.87,84.9
"2021-03-17 07:25:00",29559,12.74,14.22,750.1,13.09,84
"2021-03-17 07:30:00",29560,12.76,14.34,750.1,13.17,83.1
"2021-03-17 07:35:00",29561,12.75,14.47,750.2,13.33,83
"2021-03-17 07:40:00",29562,12.77,14.59,750.3,13.44,82.7
"2021-03-17 07:45:00",29563,12.84,14.76,750.4,13.52,83
"2021-03-17 07:50:00",29564,12.94,14.94,750.4,13.71,82.5
"2021-03-17 07:55:00",29565,12.99,15.11,750.4,13.82,81.9
"2021-03-17 08:00:00",29566,13.04,15.24,750.5,13.95,82.3
"2021-03-17 08:05:00",29567,13.16,15.45,750.5,14.17,80.9
"2021-03-17 08:10:00",29568,13.31,15.67,750.6,14.36,80.5
"2021-03-17 08:15:00",29569,13.4,15.89,750.7,14.53,79.45
"2021-03-17 08:20:00",29570,13.51,16.19,750.7,14.65,79.45
"2021-03-17 08:25:00",29571,13.55,16.43,750.7,14.98,77.9
"2021-03-17 08:30:00",29572,13.52,16.59,750.8,15.1,77.26
"2021-03-17 08:35:00",29573,13.46,16.73,751,15.45,75.51
"2021-03-17 08:40:00",29574,13.44,16.86,751.1,15.49,74.72
"2021-03-17 08:45:00",29575,13.44,17.04,751.2,15.51,79.35
"2021-03-17 08:50:00",29576,13.48,17.21,751.3,15.28,80.4
"2021-03-17 08:55:00",29577,13.51,17.39,751.3,15.41,80
"2021-03-17 09:00:00",29578,13.5,17.54,751.3,15.68,78.75
"2021-03-17 09:05:00",29579,13.45,17.65,751.3,15.56,77.78
"2021-03-17 09:10:00",29580,13.4,17.7,751.3,15.51,77.68
"2021-03-17 09:15:00",29581,13.37,17.65,751.3,15.44,79.2
"2021-03-17 09:20:00",29582,13.36,17.66,751.3,15.56,76.74
"2021-03-17 09:25:00",29583,13.3,17.64,751.3,15.69,73.03
"2021-03-17 09:30:00",29584,13.23,17.61,751.3,15.84,73.94
"2021-03-17 09:35:00",29585,13.19,17.58,751.3,15.91,70.7
"2021-03-17 09:40:00",29586,13.15,17.57,751.4,15.94,71.3
"2021-03-17 09:45:00",29587,13.12,17.57,751.4,15.88,72.95
"2021-03-17 09:50:00",29588,13.1,17.57,751.5,15.52,75.41
"2021-03-17 09:55:00",29589,13.09,17.55,751.6,15.6,72.76
"2021-03-17 10:00:00",29590,13.1,17.51,751.6,15.58,75.42
"2021-03-17 10:05:00",29591,13.1,17.41,751.6,15.4,76.9
"2021-03-17 10:10:00",29592,13.08,17.26,751.6,15.17,79.56
"2021-03-17 10:15:00",29593,13.07,17.13,751.6,14.61,82.4
"2021-03-17 10:20:00",29594,13.07,16.98,751.6,14.3,84.5
"2021-03-17 10:25:00",29595,13.09,16.78,751.7,14.23,87.7
"2021-03-17 10:30:00",29596,13.12,16.61,751.7,14.19,88.4
"2021-03-17 10:35:00",29597,13.15,16.47,751.7,14.03,88.1
"2021-03-17 10:40:00",29598,13.18,16.34,751.6,13.7,88.1
"2021-03-17 10:45:00",29599,13.18,16.19,751.7,13.43,89.6
"2021-03-17 10:50:00",29600,13.19,16.03,751.7,13.53,90.8
"2021-03-17 10:55:00",29601,13.21,15.91,751.8,13.57,89.1
"2021-03-17 11:00:00",29602,13.25,15.83,751.8,13.58,89.4
"2021-03-17 11:05:00",29603,13.3,15.78,751.8,13.4,88.6
"2021-03-17 11:10:00",29604,13.34,15.73,751.8,13.42,89.2
"2021-03-17 11:15:00",29605,13.37,15.7,751.7,13.51,91
"2021-03-17 11:20:00",29606,13.4,15.7,751.7,13.63,90.1
"2021-03-17 11:25:00",29607,13.46,15.76,751.8,13.73,90.3
"2021-03-17 11:30:00",29608,13.53,15.77,751.7,13.76,90.8
"2021-03-17 11:35:00",29609,13.6,15.89,751.7,13.9,91.4
"2021-03-17 11:40:00",29610,13.67,16.07,751.8,13.97,91.1
"2021-03-17 11:45:00",29611,13.7,16.25,751.7,14.15,90.7
"2021-03-17 11:50:00",29612,13.77,16.46,751.6,14.09,88.9
"2021-03-17 11:55:00",29613,13.9,16.69,751.6,14.17,87.6
"2021-03-17 12:00:00",29614,13.79,17.41,751.6,14.23,84.6
"2021-03-17 12:05:00",29615,13.79,18.17,751.6,14.2,87.6
"2021-03-17 12:10:00",29616,13.79,18.49,751.5,14.48,86.9
"2021-03-17 12:15:00",29617,13.76,18.75,751.4,15.06,81.9
"2021-03-17 12:20:00",29618,13.76,18.92,751.4,15.21,81.1
"2021-03-17 12:25:00",29619,13.76,19.14,751.3,15.21,80.1
"2021-03-17 12:30:00",29620,13.76,19.35,751.2,15.71,79.34
"2021-03-17 12:35:00",29621,13.76,19.63,751.1,16.2,76.9
"2021-03-17 12:40:00",29622,13.74,19.95,751,16.28,74.63
"2021-03-17 12:45:00",29623,13.74,20.31,750.9,16.98,74.2
"2021-03-17 12:50:00",29624,13.74,20.71,750.9,17.54,70.28
"2021-03-17 12:55:00",29625,13.71,21.1,750.7,16.48,72.7
"2021-03-17 13:00:00",29626,13.71,21.4,750.6,17.08,73.42
"2021-03-17 13:05:00",29627,13.71,21.68,750.5,17.21,68.18
"2021-03-17 13:10:00",29628,13.71,21.92,750.3,17.17,69.25
"2021-03-17 13:15:00",29629,13.68,22.1,750.3,17.35,70.68
"2021-03-17 13:20:00",29630,13.69,22.25,750.2,17.73,66.93
"2021-03-17 13:25:00",29631,13.69,22.45,750.2,17.9,68.31
"2021-03-17 13:30:00",29632,13.69,22.69,750.2,18.2,68.63
"2021-03-17 13:35:00",29633,13.69,22.95,750.1,18.6,66.38
"2021-03-17 13:40:00",29634,13.69,23.21,750,18.58,66.58
"2021-03-17 13:45:00",29635,13.66,23.43,750,18.35,66.24
"2021-03-17 13:50:00",29636,13.66,23.58,750,17.83,68.91
"2021-03-17 13:55:00",29637,13.66,23.74,749.9,18.56,67.87
"2021-03-17 14:00:00",29638,13.66,23.89,749.9,18.77,65.96
"2021-03-17 14:05:00",29639,13.66,24.05,749.9,18.65,65.35
"2021-03-17 14:10:00",29640,13.66,24.22,749.8,18.82,65.29
"2021-03-17 14:15:00",29641,13.66,24.36,749.8,19.33,64.37
"2021-03-17 14:20:00",29642,13.64,24.53,749.7,20.18,60.93
"2021-03-17 14:25:00",29643,13.64,24.75,749.7,19.96,58.95
"2021-03-17 14:30:00",29644,13.64,24.93,749.6,20.08,57.96
"2021-03-17 14:35:00",29645,13.64,25.14,749.6,20.5,55.57
"2021-03-17 14:40:00",29646,13.64,25.36,749.6,20.36,55.15
"2021-03-17 14:45:00",29647,13.64,25.56,749.5,20.51,54.02
"2021-03-17 14:50:00",29648,13.61,25.77,749.5,21.32,53.08
"2021-03-17 14:55:00",29649,13.61,26,749.5,20.18,55.77
"2021-03-17 15:00:00",29650,13.61,26.13,749.4,20.8,53.41
"2021-03-17 15:05:00",29651,13.61,26.23,749.4,20.29,57.78
"2021-03-17 15:10:00",29652,13.61,26.26,749.4,20.72,56.09
"2021-03-17 15:15:00",29653,13.62,26.31,749.4,20.37,56.32
"2021-03-17 15:20:00",29654,13.61,26.37,749.4,20.43,57.53
"2021-03-17 15:25:00",29655,13.62,26.44,749.3,20.56,57.55
"2021-03-17 15:30:00",29656,13.62,26.51,749.3,20.56,57.42
"2021-03-17 15:35:00",29657,13.62,26.56,749.3,21.16,55.61
"2021-03-17 15:40:00",29658,13.62,26.61,749.3,20.51,56.43
"2021-03-17 15:45:00",29659,13.62,26.61,749.3,20.5,58.12
"2021-03-17 15:50:00",29660,13.62,26.58,749.3,20.02,58.99
"2021-03-17 15:55:00",29661,13.62,26.49,749.2,20.46,57.35
"2021-03-17 16:00:00",29662,13.62,26.4,749.2,20.38,59.38
"2021-03-17 16:05:00",29663,13.62,26.34,749.2,20.36,58.4
"2021-03-17 16:10:00",29664,13.62,26.31,749.1,20.74,57.36
"2021-03-17 16:15:00",29665,13.62,26.31,749.1,20.63,57.22
"2021-03-17 16:20:00",29666,13.62,26.27,749,19.96,59.1
"2021-03-17 16:25:00",29667,13.62,26.21,749,19.76,58.74
"2021-03-17 16:30:00",29668,13.62,26.06,748.9,19.99,59.08
"2021-03-17 16:35:00",29669,13.62,25.93,748.9,20.15,59.68
"2021-03-17 16:40:00",29670,13.62,25.82,748.9,20.17,57.46
"2021-03-17 16:45:00",29671,13.62,25.73,748.8,20.23,57.28
"2021-03-17 16:50:00",29672,13.62,25.64,748.8,20.19,56.6
"2021-03-17 16:55:00",29673,13.62,25.59,748.9,20.06,57.87
"2021-03-17 17:00:00",29674,13.62,25.51,748.9,20.09,58.24
"2021-03-17 17:05:00",29675,13.62,25.45,749,20.28,59.92
"2021-03-17 17:10:00",29676,13.62,25.34,749,20.09,56.95
"2021-03-17 17:15:00",29677,13.62,25.23,749.1,19.86,59.21
"2021-03-17 17:20:00",29678,13.62,25.07,749,19.42,61.5
"2021-03-17 17:25:00",29679,13.62,24.76,749,19.36,60.13
"2021-03-17 17:30:00",29680,13.62,24.5,749,19.39,59.59
"2021-03-17 17:35:00",29681,13.62,24.24,749,19.37,59.95
"2021-03-17 17:40:00",29682,13.6,23.74,749.1,19.26,58.54
"2021-03-17 17:45:00",29683,13.59,23.41,749.1,19.08,58.81
"2021-03-17 17:50:00",29684,13.51,22.99,749.1,19.02,58.08
"2021-03-17 17:55:00",29685,13.39,22.59,749.1,18.99,60.83
"2021-03-17 18:00:00",29686,13.3,22.3,749.1,18.62,65.11
"2021-03-17 18:05:00",29687,13.24,22,749.2,18.17,66.54
"2021-03-17 18:10:00",29688,13.19,21.7,749.1,17.96,67.26
"2021-03-17 18:15:00",29689,13.14,21.38,749.1,17.75,66.73
"2021-03-17 18:20:00",29690,13.09,21.05,749.1,17.67,67.09
"2021-03-17 18:25:00",29691,13.05,20.76,749,17.57,68.01
"2021-03-17 18:30:00",29692,13.02,20.49,749.1,17.52,68.36
"2021-03-17 18:35:00",29693,13.01,20.26,749,17.44,68.95
"2021-03-17 18:40:00",29694,13,20,749,17.37,68.97
"2021-03-17 18:45:00",29695,12.99,19.76,749.1,17.29,69.3
"2021-03-17 18:50:00",29696,12.99,19.55,749.1,17.17,69.43
"2021-03-17 18:55:00",29697,12.99,19.38,749.1,17.17,68.87
"2021-03-17 19:00:00",29698,13,19.2,749.2,17.09,69.36
"2021-03-17 19:05:00",29699,13,18.82,749.3,16.95,72.62
"2021-03-17 19:10:00",29700,12.99,18.61,749.2,16.71,74.09
"2021-03-17 19:15:00",29701,12.99,18.42,749.2,16.63,74.21
"2021-03-17 19:20:00",29702,12.98,18.26,749.2,16.67,73.34
"2021-03-17 19:25:00",29703,12.98,18.12,749.2,16.7,72.74
"2021-03-17 19:30:00",29704,12.98,18.01,749.2,16.69,73.48
"2021-03-17 19:35:00",29705,12.98,17.92,749.3,16.5,74.76
"2021-03-17 19:40:00",29706,12.97,17.82,749.3,16.32,76.31
"2021-03-17 19:45:00",29707,12.97,17.72,749.3,16.3,75.8
"2021-03-17 19:50:00",29708,12.97,17.64,749.3,16.27,76.02
"2021-03-17 19:55:00",29709,12.97,17.56,749.3,16.25,75.79
"2021-03-17 20:00:00",29710,12.96,17.48,749.3,16.24,75.47
"2021-03-17 20:05:00",29711,12.96,17.41,749.4,16.27,75.28
"2021-03-17 20:10:00",29712,12.96,17.36,749.3,16.26,75.3
"2021-03-17 20:15:00",29713,12.96,17.29,749.3,16.22,74.93
"2021-03-17 20:20:00",29714,12.95,17.22,749.3,16.22,74.87
"2021-03-17 20:25:00",29715,12.95,17.16,749.3,16.22,75.07
"2021-03-17 20:30:00",29716,12.95,17.09,749.3,16.13,75.98
"2021-03-17 20:35:00",29717,12.95,17.02,749.4,16.06,76.73
"2021-03-17 20:40:00",29718,12.95,16.93,749.4,15.88,77.48
"2021-03-17 20:45:00",29719,12.94,16.86,749.4,15.92,76.9
"2021-03-17 20:50:00",29720,12.94,16.8,749.5,15.8,76.59
"2021-03-17 20:55:00",29721,12.94,16.73,749.5,15.8,76.26
"2021-03-17 21:00:00",29722,12.94,16.66,749.6,15.78,76.59
"2021-03-17 21:05:00",29723,12.94,16.58,749.6,15.82,77.3
"2021-03-17 21:10:00",29724,12.93,16.51,749.7,15.73,77.76
"2021-03-17 21:15:00",29725,12.93,16.43,749.8,15.42,79.97
"2021-03-17 21:20:00",29726,12.93,16.32,749.9,15.36,80.2
"2021-03-17 21:25:00",29727,12.93,16.2,749.9,15.32,80.9
"2021-03-17 21:30:00",29728,12.93,16.1,749.9,15.31,80
"2021-03-17 21:35:00",29729,12.92,15.99,750,15.23,80.1
"2021-03-17 21:40:00",29730,12.92,15.9,750,15.04,80.3
"2021-03-17 21:45:00",29731,12.92,15.79,750.1,14.97,81.4
"2021-03-17 21:50:00",29732,12.92,15.68,750.1,14.88,82.4
"2021-03-17 21:55:00",29733,12.92,15.55,750.2,14.74,82.4
"2021-03-17 22:00:00",29734,12.91,15.46,750.2,14.71,81.5
"2021-03-17 22:05:00",29735,12.91,15.38,750.2,14.88,81.2
"2021-03-17 22:10:00",29736,12.91,15.3,750.2,14.87,81.9
"2021-03-17 22:15:00",29737,12.91,15.25,750.4,14.81,83
"2021-03-17 22:20:00",29738,12.91,15.17,750.4,14.71,83.4
"2021-03-17 22:25:00",29739,12.91,15.13,750.3,14.74,83.4
"2021-03-17 22:30:00",29740,12.9,15.11,750.2,14.69,83.6
"2021-03-17 22:35:00",29741,12.9,15.1,750.2,14.72,83.7
"2021-03-17 22:40:00",29742,12.9,15.06,750.1,14.71,84
"2021-03-17 22:45:00",29743,12.9,15.05,750.1,14.58,84.6
"2021-03-17 22:50:00",29744,12.9,15.01,750,14.46,85.4
"2021-03-17 22:55:00",29745,12.89,14.97,750.1,14.49,85.6
"2021-03-17 23:00:00",29746,12.89,14.95,750.2,14.49,85.2
"2021-03-17 23:05:00",29747,12.89,14.95,750.3,14.4,85.7
"2021-03-17 23:10:00",29748,12.89,14.97,750.4,14.33,86.1
"2021-03-17 23:15:00",29749,12.89,15.02,750.5,14.45,85.3
"2021-03-17 23:20:00",29750,12.89,15.07,750.6,14.48,83.4
"2021-03-17 23:25:00",29751,12.89,15.1,750.5,14.51,82.9
"2021-03-17 23:30:00",29752,12.89,15.17,750.5,14.61,81.8
"2021-03-17 23:35:00",29753,12.88,15.23,750.6,14.88,79.83
"2021-03-17 23:40:00",29754,12.88,15.3,750.6,14.95,80.8
"2021-03-17 23:45:00",29755,12.88,15.38,750.7,14.83,81.5
"2021-03-17 23:50:00",29756,12.88,15.44,750.7,14.64,83.6
"2021-03-17 23:55:00",29757,12.88,15.47,750.8,14.31,84.7
"2021-03-18 00:00:00",29758,12.88,15.47,750.8,14.39,83.9
"2021-03-18 00:05:00",29759,12.87,15.79,750.8,14.47,83.1
"2021-03-18 00:10:00",29760,12.87,15.89,750.9,14.64,82.3
"2021-03-18 00:15:00",29761,12.87,15.96,750.9,14.76,81.6
"2021-03-18 00:20:00",29762,12.87,15.99,750.9,14.86,82.2
"2021-03-18 00:25:00",29763,12.87,16.05,750.9,15.17,77
"2021-03-18 00:30:00",29764,12.87,16.11,750.9,15.29,77.16
"2021-03-18 00:35:00",29765,12.86,16.17,750.9,15.3,78.89
"2021-03-18 00:40:00",29766,12.86,16.22,750.9,15.14,79.14
"2021-03-18 00:45:00",29767,12.86,16.28,750.9,15.13,79.13
"2021-03-18 00:50:00",29768,12.86,16.31,750.9,15.04,79.22
"2021-03-18 00:55:00",29769,12.86,16.37,750.9,14.94,80.7
"2021-03-18 01:00:00",29770,12.86,16.38,751,14.86,81.1
"2021-03-18 01:05:00",29771,12.85,16.4,750.9,14.92,80.6
"2021-03-18 01:10:00",29772,12.85,16.42,750.8,15.08,78.51
"2021-03-18 01:15:00",29773,12.84,16.34,750.9,15.14,79.88
"2021-03-18 01:20:00",29774,12.84,16.35,750.9,14.97,81.5
"2021-03-18 01:25:00",29775,12.84,16.34,750.8,14.94,81.9
"2021-03-18 01:30:00",29776,12.84,16.34,750.8,14.88,82.2
"2021-03-18 01:35:00",29777,12.83,16.34,750.7,14.86,82.4
"2021-03-18 01:40:00",29778,12.83,16.32,750.5,14.8,82.7
"2021-03-18 01:45:00",29779,12.83,16.31,750.4,14.76,82.5
"2021-03-18 01:50:00",29780,12.83,16.29,750.3,14.74,82.8
"2021-03-18 01:55:00",29781,12.83,16.28,750.4,14.77,82.6
"2021-03-18 02:00:00",29782,12.83,16.26,750.6,14.79,82.2
"2021-03-18 02:05:00",29783,12.82,16.25,750.6,14.8,82.2
"2021-03-18 02:10:00",29784,12.82,16.24,750.6,14.73,82.8
"2021-03-18 02:15:00",29785,12.82,16.2,750.6,14.69,82.9
"2021-03-18 02:20:00",29786,12.82,16.18,750.6,14.68,82.9
"2021-03-18 02:25:00",29787,12.82,16.17,750.6,14.65,83.2
"2021-03-18 02:30:00",29788,12.81,16.14,750.6,14.67,82.8
"2021-03-18 02:35:00",29789,12.81,16.14,750.7,14.7,82.9
"2021-03-18 02:40:00",29790,12.81,16.13,750.7,14.7,83.1
"2021-03-18 02:45:00",29791,12.8,16.13,750.6,14.69,82.9
"2021-03-18 02:50:00",29792,12.8,16.1,750.6,14.63,83.4
"2021-03-18 02:55:00",29793,12.8,16.12,750.6,14.59,84.1
"2021-03-18 03:00:00",29794,12.8,16.09,750.5,14.52,84.9
"2021-03-18 03:05:00",29795,12.8,16.07,750.5,14.47,84.7
"2021-03-18 03:10:00",29796,12.79,16.03,750.3,14.5,84.9
"2021-03-18 03:15:00",29797,12.79,15.99,750.3,14.47,85.7
"2021-03-18 03:20:00",29798,12.79,15.95,750.3,14.4,87
"2021-03-18 03:25:00",29799,12.78,15.9,750.3,14.29,87.4
"2021-03-18 03:30:00",29800,12.78,15.85,750.2,14.15,88.3
"2021-03-18 03:35:00",29801,12.78,15.82,750.2,14.03,88.7
"2021-03-18 03:40:00",29802,12.77,15.77,750.1,14.02,88.8
"2021-03-18 03:45:00",29803,12.77,15.71,750.1,14.03,89
"2021-03-18 03:50:00",29804,12.77,15.67,750.2,14,88.8
"2021-03-18 03:55:00",29805,12.77,15.63,750.2,14.03,88.6
"2021-03-18 04:00:00",29806,12.76,15.6,750.3,14.08,87.7
"2021-03-18 04:05:00",29807,12.76,15.61,750.3,14.12,87.2
"2021-03-18 04:10:00",29808,12.76,15.6,750.2,14.13,87.2
"2021-03-18 04:15:00",29809,12.75,15.6,750.3,14.14,87.1
"2021-03-18 04:20:00",29810,12.75,15.59,750.3,14.15,86.8
"2021-03-18 04:25:00",29811,12.75,15.6,750.3,14.16,86.4
"2021-03-18 04:30:00",29812,12.74,15.54,750.4,14.18,86.5
"2021-03-18 04:35:00",29813,12.74,15.52,750.4,14.18,86.6
"2021-03-18 04:40:00",29814,12.74,15.5,750.4,14.17,86.9
"2021-03-18 04:45:00",29815,12.73,15.5,750.4,14.13,86.8
"2021-03-18 04:50:00",29816,12.73,15.48,750.5,14.11,87
"2021-03-18 04:55:00",29817,12.72,15.48,750.5,14.13,86.7
"2021-03-18 05:00:00",29818,12.73,15.48,750.5,14.14,86.4
"2021-03-18 05:05:00",29819,12.72,15.47,750.5,14.15,86.7
"2021-03-18 05:10:00",29820,12.72,15.47,750.5,14.19,87
"2021-03-18 05:15:00",29821,12.72,15.46,750.5,14.19,86.6
"2021-03-18 05:20:00",29822,12.7,15.46,750.6,14.16,84.6
"2021-03-18 05:25:00",29823,12.7,15.47,750.6,14.22,86.1
"2021-03-18 05:30:00",29824,12.7,15.46,750.6,14.23,86.9
"2021-03-18 05:35:00",29825,12.69,15.47,750.7,14.2,87.1
"2021-03-18 05:40:00",29826,12.69,15.48,750.7,14.15,86.7
"2021-03-18 05:45:00",29827,12.69,15.47,750.7,14.14,86.7
"2021-03-18 05:50:00",29828,12.69,15.47,750.8,14.15,86.2
"2021-03-18 05:55:00",29829,12.68,15.46,750.8,14.19,86.2
"2021-03-18 06:00:00",29830,12.68,15.47,750.8,14.19,86.2
"2021-03-18 06:05:00",29831,12.67,15.48,750.9,14.16,86.3
"2021-03-18 06:10:00",29832,12.67,15.47,750.9,14.14,86.1
"2021-03-18 06:15:00",29833,12.67,15.49,751,14.15,85.7
"2021-03-18 06:20:00",29834,12.67,15.48,751,14.13,85.9
"2021-03-18 06:25:00",29835,12.67,15.48,751,14.13,86.2
"2021-03-18 06:30:00",29836,12.66,15.48,751.1,14.11,86
"2021-03-18 06:35:00",29837,12.66,15.5,751.1,14.13,86.4
"2021-03-18 06:40:00",29838,12.66,15.55,751.2,14.15,85.9
"2021-03-18 06:45:00",29839,12.66,15.61,751.3,14.15,86
"2021-03-18 06:50:00",29840,12.67,15.65,751.4,14.15,85.2
"2021-03-18 06:55:00",29841,12.68,15.68,751.4,14.13,85
"2021-03-18 07:00:00",29842,12.69,15.72,751.4,14.13,84.9
"2021-03-18 07:05:00",29843,12.69,15.75,751.5,14.15,85.1
"2021-03-18 07:10:00",29844,12.7,15.79,751.6,14.16,84.6
"2021-03-18 07:15:00",29845,12.71,15.83,751.6,14.21,84.5
"2021-03-18 07:20:00",29846,12.73,15.89,751.7,14.23,83.8
"2021-03-18 07:25:00",29847,12.76,15.97,751.8,14.41,82.4
"2021-03-18 07:30:00",29848,12.82,16.05,751.8,14.51,81.7
"2021-03-18 07:35:00",29849,12.95,16.08,751.8,14.65,81.7
"2021-03-18 07:40:00",29850,13.22,16.26,751.9,14.76,80.9
"2021-03-18 07:45:00",29851,13.67,16.65,751.9,14.92,80.3
"2021-03-18 07:50:00",29852,13.79,17.79,752,15.28,79.53
"2021-03-18 07:55:00",29853,13.78,18.83,752.1,15.46,80.1
"2021-03-18 08:00:00",29854,13.74,19.25,752.1,15.11,79.71
"2021-03-18 08:05:00",29855,13.71,18.58,752.1,15.14,80.5
"2021-03-18 08:10:00",29856,13.71,18.48,752.2,15.02,79.89
"2021-03-18 08:15:00",29857,13.74,18.52,752.2,15.02,79.8
"2021-03-18 08:20:00",29858,13.77,18.65,752.3,15.12,79.58
"2021-03-18 08:25:00",29859,13.78,19.02,752.3,15.52,78.38
"2021-03-18 08:30:00",29860,13.75,20.01,752.3,15.56,78.25
"2021-03-18 08:35:00",29861,13.73,20.41,752.4,15.53,77.96
"2021-03-18 08:40:00",29862,13.68,19.7,752.4,15.73,77.62
"2021-03-18 08:45:00",29863,13.76,19.98,752.4,15.48,77.73
"2021-03-18 08:50:00",29864,13.73,20.66,752.4,15.55,78.5
"2021-03-18 08:55:00",29865,13.73,20.87,752.5,15.56,77.64
"2021-03-18 09:00:00",29866,13.73,21.02,752.5,16.05,74.89
"2021-03-18 09:05:00",29867,13.73,21.21,752.5,16,75.98
"2021-03-18 09:10:00",29868,13.71,21.37,752.5,16.34,72.67
"2021-03-18 09:15:00",29869,13.71,21.54,752.5,16.55,70.36
"2021-03-18 09:20:00",29870,13.71,21.71,752.5,16.4,70.44
"2021-03-18 09:25:00",29871,13.71,21.89,752.5,16.24,71.77
"2021-03-18 09:30:00",29872,13.71,22.01,752.6,16.59,70.88
"2021-03-18 09:35:00",29873,13.71,22.21,752.5,16.8,69.01
"2021-03-18 09:40:00",29874,13.68,22.48,752.5,17.05,68.59
"2021-03-18 09:45:00",29875,13.68,22.71,752.5,16.75,67.89
"2021-03-18 09:50:00",29876,13.68,22.9,752.6,17.21,67.39
"2021-03-18 09:55:00",29877,13.69,23.04,752.5,17.33,65.12
"2021-03-18 10:00:00",29878,13.68,23.15,752.5,17.75,65.55
"2021-03-18 10:05:00",29879,13.68,23.27,752.4,17.43,66.02
"2021-03-18 10:10:00",29880,13.69,23.3,752.4,16.94,68.63
"2021-03-18 10:15:00",29881,13.69,23.27,752.4,17.15,68.38
"2021-03-18 10:20:00",29882,13.69,23.24,752.3,17.16,68.9
"2021-03-18 10:25:00",29883,13.69,23.3,752.3,16.91,69.09
"2021-03-18 10:30:00",29884,13.69,23.35,752.3,16.81,70.11
"2021-03-18 10:35:00",29885,13.66,23.45,752.3,17.25,66.7
"2021-03-18 10:40:00",29886,13.66,23.52,752.3,16.89,69.63
"2021-03-18 10:45:00",29887,13.66,23.49,752.2,17.74,65.96
"2021-03-18 10:50:00",29888,13.66,23.55,752.2,17.55,66.84
"2021-03-18 10:55:00",29889,13.66,23.69,752.1,17.91,64.15
"2021-03-18 11:00:00",29890,13.66,24.03,752.1,18.73,61.21
"2021-03-18 11:05:00",29891,13.66,24.49,752.1,18.85,62.04
"2021-03-18 11:10:00",29892,13.64,25.11,752,19.46,58.63
"2021-03-18 11:15:00",29893,13.64,25.74,751.9,18.53,61.72
"2021-03-18 11:20:00",29894,13.61,26.14,751.8,18.89,59.94
"2021-03-18 11:25:00",29895,13.62,26.25,751.8,18.14,62.31
"2021-03-18 11:30:00",29896,13.62,26.16,751.8,18.58,60.28
"2021-03-18 11:35:00",29897,13.61,26,751.7,18.88,58.99
"2021-03-18 11:40:00",29898,13.61,25.87,751.7,19.29,56.56
"2021-03-18 11:45:00",29899,13.61,25.74,751.6,19.35,57.48
"2021-03-18 11:50:00",29900,13.61,25.66,751.6,19.5,56.83
"2021-03-18 11:55:00",29901,13.61,25.65,751.6,19.5,57.96
"2021-03-18 12:00:00",29902,13.62,25.67,751.5,19.56,55.77
"2021-03-18 12:05:00",29903,13.62,25.7,751.5,19.75,57.67
"2021-03-18 12:10:00",29904,13.62,25.76,751.4,19.12,57.39
"2021-03-18 12:15:00",29905,13.62,25.81,751.4,18.65,60.9
"2021-03-18 12:20:00",29906,13.62,25.76,751.4,19.06,59.96
"2021-03-18 12:25:00",29907,13.62,25.68,751.3,19.3,57.51
"2021-03-18 12:30:00",29908,13.62,25.59,751.2,19.34,57.82
"2021-03-18 12:35:00",29909,13.62,25.51,751.2,18.7,60.75
"2021-03-18 12:40:00",29910,13.62,25.41,751.2,18.91,60.75
"2021-03-18 12:45:00",29911,13.62,25.27,751.2,18.6,60.62
"2021-03-18 12:50:00",29912,13.62,25,751,17.42,76.47
"2021-03-18 12:55:00",29913,13.62,24.43,750.9,16.41,81.6
"2021-03-18 13:00:00",29914,13.62,23.75,750.9,16.08,81.7
"2021-03-18 13:05:00",29915,13.62,23.11,750.8,16.31,81.7
"2021-03-18 13:10:00",29916,13.62,22.6,750.7,16.24,78.28
"2021-03-18 13:15:00",29917,13.62,22.26,750.7,16.65,78.62
"2021-03-18 13:20:00",29918,13.65,22.07,750.6,17.93,72.55
"2021-03-18 13:25:00",29919,13.65,22.18,750.5,18.75,66.93
"2021-03-18 13:30:00",29920,13.65,22.58,750.3,18.63,66.7
"2021-03-18 13:35:00",29921,13.65,23.03,750.2,18.85,64.19
"2021-03-18 13:40:00",29922,13.65,23.48,750.1,20.03,59.3
"2021-03-18 13:45:00",29923,13.65,23.97,750,19.47,60.39
"2021-03-18 13:50:00",29924,13.66,24.3,750,18.39,62.26
"2021-03-18 13:55:00",29925,13.66,24.39,749.9,19.16,58.52
"2021-03-18 14:00:00",29926,13.66,24.48,749.8,19.61,56.85
"2021-03-18 14:05:00",29927,13.66,24.66,749.7,20.37,55.09
"2021-03-18 14:10:00",29928,13.66,25,749.6,21.19,49.99
"2021-03-18 14:15:00",29929,13.63,25.38,749.5,20.45,53.15
"2021-03-18 14:20:00",29930,13.63,25.72,749.4,20.66,54.11
"2021-03-18 14:25:00",29931,13.63,26.01,749.4,21.34,52.65
"2021-03-18 14:30:00",29932,13.63,26.33,749.3,21.56,52.68
"2021-03-18 14:35:00",29933,13.63,26.59,749.2,20.19,55.09
"2021-03-18 14:40:00",29934,13.61,26.62,749.2,19.86,54.05
"2021-03-18 14:45:00",29935,13.6,26.45,749.1,19.57,53.21
"2021-03-18 14:50:00",29936,13.6,26.24,748.9,19.76,51.74
"2021-03-18 14:55:00",29937,13.6,26.08,748.8,20.21,49.61
"2021-03-18 15:00:00",29938,13.6,25.99,748.7,20.39,46.22
"2021-03-18 15:05:00",29939,13.6,25.94,748.7,20.67,45.04
"2021-03-18 15:10:00",29940,13.6,25.97,748.6,20.7,47.53
"2021-03-18 15:15:00",29941,13.6,26.12,748.6,21.36,49.26
"2021-03-18 15:20:00",29942,13.61,26.47,748.5,21.47,45.58
"2021-03-18 15:25:00",29943,13.6,27.08,748.5,21.16,46.92
"2021-03-18 15:30:00",29944,13.61,27.39,748.5,21.51,46.93
"2021-03-18 15:35:00",29945,13.58,27.85,748.4,22.17,43.51
"2021-03-18 15:40:00",29946,13.58,28.32,748.5,22.81,40.96
"2021-03-18 15:45:00",29947,13.58,28.78,748.4,23.36,40.18
"2021-03-18 15:50:00",29948,13.55,29.24,748.4,21.24,50.63
"2021-03-18 15:55:00",29949,13.55,29.34,748.4,20.45,56
"2021-03-18 16:00:00",29950,13.56,28.96,748.5,19.28,61.18
"2021-03-18 16:05:00",29951,13.55,28.22,748.4,18.13,66.68
"2021-03-18 16:10:00",29952,13.55,27.22,748.4,18.15,65.44
"2021-03-18 16:15:00",29953,13.55,26.31,748.4,18.24,65.78
"2021-03-18 16:20:00",29954,13.55,25.58,748.4,18.37,68.92
"2021-03-18 16:25:00",29955,13.58,24.97,748.4,18.44,63.32
"2021-03-18 16:30:00",29956,13.58,24.54,748.4,18.21,67.13
"2021-03-18 16:35:00",29957,13.6,24.25,748.4,17.99,70.98
"2021-03-18 16:40:00",29958,13.6,23.98,748.4,18.34,63.3
"2021-03-18 16:45:00",29959,13.6,23.84,748.4,18.3,64.1
"2021-03-18 16:50:00",29960,13.6,23.76,748.4,18.25,63.53
"2021-03-18 16:55:00",29961,13.6,23.57,748.5,18.37,62.59
"2021-03-18 17:00:00",29962,13.6,23.46,748.5,18.79,54.89
"2021-03-18 17:05:00",29963,13.6,23.39,748.5,18.98,54.73
"2021-03-18 17:10:00",29964,13.6,23.38,748.4,18.94,56.38
"2021-03-18 17:15:00",29965,13.6,23.37,748.4,19.23,58.75
"2021-03-18 17:20:00",29966,13.6,23.39,748.4,19.16,58.31
"2021-03-18 17:25:00",29967,13.6,23.39,748.4,19.32,58.91
"2021-03-18 17:30:00",29968,13.6,23.39,748.4,19.32,56.9
"2021-03-18 17:35:00",29969,13.6,23.39,748.4,19.12,56.84
"2021-03-18 17:40:00",29970,13.63,23.36,748.4,18.96,58.73
"2021-03-18 17:45:00",29971,13.62,23.14,748.4,18.99,57.79
"2021-03-18 17:50:00",29972,13.45,22.57,748.4,18.98,57.88
"2021-03-18 17:55:00",29973,13.32,22.13,748.4,18.85,59.02
"2021-03-18 18:00:00",29974,13.23,21.89,748.4,18.83,59.81
"2021-03-18 18:05:00",29975,13.18,21.69,748.4,18.65,61.5
"2021-03-18 18:10:00",29976,13.12,21.51,748.4,18.41,62.54
"2021-03-18 18:15:00",29977,13.08,21.33,748.5,18.23,64.5
"2021-03-18 18:20:00",29978,13.05,21.12,748.5,18.09,64.63
"2021-03-18 18:25:00",29979,13.04,20.92,748.6,17.96,65.58
"2021-03-18 18:30:00",29980,13.01,20.73,748.6,17.95,66.5
"2021-03-18 18:35:00",29981,12.98,20.52,748.7,17.86,67.48
"2021-03-18 18:40:00",29982,12.97,20.28,748.7,17.67,68.53
"2021-03-18 18:45:00",29983,12.97,20.03,748.7,17.52,69.44
"2021-03-18 18:50:00",29984,12.97,19.8,748.7,17.43,70.08
"2021-03-18 18:55:00",29985,12.96,19.6,748.7,17.45,68.87
"2021-03-18 19:00:00",29986,12.96,19.42,748.8,17.49,67.62
"2021-03-18 19:05:00",29987,12.96,19.24,748.9,17.48,66.77
"2021-03-18 19:10:00",29988,12.96,19.1,748.9,17.51,67.04
"2021-03-18 19:15:00",29989,12.96,19,748.9,17.46,67.29
"2021-03-18 19:20:00",29990,12.95,18.91,748.9,17.43,66.64
"2021-03-18 19:25:00",29991,12.95,18.84,748.9,17.36,67.45
"2021-03-18 19:30:00",29992,12.95,18.79,749,17.27,66.73
"2021-03-18 19:35:00",29993,12.94,18.73,749,17.25,66.72
"2021-03-18 19:40:00",29994,12.94,18.65,749.1,17.17,66.36
"2021-03-18 19:45:00",29995,12.94,18.57,749.1,17.07,66.75
"2021-03-18 19:50:00",29996,12.94,18.49,749.2,17.03,66.86
"2021-03-18 19:55:00",29997,12.94,18.35,749.2,17.06,67.28
"2021-03-18 20:00:00",29998,12.93,18.26,749.2,17.07,67.01
"2021-03-18 20:05:00",29999,12.94,18.17,749.2,17.03,66.8
"2021-03-18 20:10:00",30000,12.94,18.08,749.3,16.97,66.03
"2021-03-18 20:15:00",30001,12.93,18.01,749.3,16.99,65.27
"2021-03-18 20:20:00",30002,12.93,17.95,749.4,16.97,66.17
"2021-03-18 20:25:00",30003,12.93,17.88,749.4,16.88,66.45
"2021-03-18 20:30:00",30004,12.93,17.82,749.4,16.81,67.09
"2021-03-18 20:35:00",30005,12.93,17.75,749.4,16.74,68.1
"2021-03-18 20:40:00",30006,12.92,17.67,749.4,16.71,68.06
"2021-03-18 20:45:00",30007,12.92,17.61,749.4,16.64,68.84
"2021-03-18 20:50:00",30008,12.92,17.54,749.4,16.48,70.71
"2021-03-18 20:55:00",30009,12.92,17.46,749.5,16.37,71.56
"2021-03-18 21:00:00",30010,12.92,17.38,749.5,16.37,72.08
"2021-03-18 21:05:00",30011,12.91,17.31,749.5,16.31,72.52
"2021-03-18 21:10:00",30012,12.91,17.23,749.6,16.02,73.64
"2021-03-18 21:15:00",30013,12.91,17.13,749.6,15.88,75.2
"2021-03-18 21:20:00",30014,12.91,17.04,749.6,15.92,76
"2021-03-18 21:25:00",30015,12.91,16.96,749.6,15.79,76.51
"2021-03-18 21:30:00",30016,12.91,16.91,749.7,15.69,77.25
"2021-03-18 21:35:00",30017,12.9,16.85,749.8,15.6,77.67
"2021-03-18 21:40:00",30018,12.9,16.79,749.8,15.57,77.78
"2021-03-18 21:45:00",30019,12.9,16.73,749.8,15.49,78.38
"2021-03-18 21:50:00",30020,12.9,16.69,749.8,15.37,79.08
"2021-03-18 21:55:00",30021,12.9,16.61,749.8,15.31,79.73
"2021-03-18 22:00:00",30022,12.9,16.57,749.9,15.28,79.72
"2021-03-18 22:05:00",30023,12.89,16.5,749.9,15.15,80.4
"2021-03-18 22:10:00",30024,12.89,16.45,749.9,14.98,81.3
"2021-03-18 22:15:00",30025,12.89,16.36,749.9,14.97,81.4
"2021-03-18 22:20:00",30026,12.89,16.3,750,15,81.2
"2021-03-18 22:25:00",30027,12.89,16.23,749.9,14.96,81.5
"2021-03-18 22:30:00",30028,12.89,16.18,750,14.97,81.3
"2021-03-18 22:35:00",30029,12.89,16.13,750,14.92,82.4
"2021-03-18 22:40:00",30030,12.88,16.07,750,14.79,82.5
"2021-03-18 22:45:00",30031,12.88,16,750,14.76,82.4
"2021-03-18 22:50:00",30032,12.88,15.83,750,14.64,83.5
"2021-03-18 22:55:00",30033,12.88,15.72,750,14.71,80.9
"2021-03-18 23:00:00",30034,12.88,15.64,750,14.54,81.2
"2021-03-18 23:05:00",30035,12.88,15.56,750,14.41,80.6
"2021-03-18 23:10:00",30036,12.88,15.49,750,14.23,81.2
"2021-03-18 23:15:00",30037,12.88,15.41,750,14.19,81.8
"2021-03-18 23:20:00",30038,12.88,15.28,750,14.2,83.5
"2021-03-18 23:25:00",30039,12.88,14.98,750,14.11,83.8
"2021-03-18 23:30:00",30040,12.88,14.81,750,13.91,84.9
"2021-03-18 23:35:00",30041,12.88,14.67,750.1,13.71,86.1
"2021-03-18 23:40:00",30042,12.88,14.51,750.1,13.6,85.9
"2021-03-18 23:45:00",30043,12.88,14.37,750,13.51,86.2
"2021-03-18 23:50:00",30044,12.88,14.32,750,13.46,87.8
"2021-03-18 23:55:00",30045,12.87,14.23,750,13.28,87.1
"2021-03-19 00:00:00",30046,12.87,14.07,750,13.25,86.6
"2021-03-19 00:05:00",30047,12.87,13.97,750,13.54,86.5
"2021-03-19 00:10:00",30048,12.87,13.87,750,13.73,85.2
"2021-03-19 00:15:00",30049,12.87,13.8,749.9,13.89,84.6
"2021-03-19 00:20:00",30050,12.87,13.76,749.9,13.87,84.3
"2021-03-19 00:25:00",30051,12.87,13.72,749.9,13.59,84.8
"2021-03-19 00:30:00",30052,12.86,13.64,749.9,13.36,85
"2021-03-19 00:35:00",30053,12.86,13.6,749.9,13.39,84.6
"2021-03-19 00:40:00",30054,12.86,13.56,749.9,13.27,85.1
"2021-03-19 00:45:00",30055,12.86,13.51,749.9,13.14,84.9
"2021-03-19 00:50:00",30056,12.86,13.48,749.9,13.2,83.7
"2021-03-19 00:55:00",30057,12.85,13.44,749.8,13.17,83.7
"2021-03-19 01:00:00",30058,12.85,13.41,749.8,13.17,84
"2021-03-19 01:05:00",30059,12.85,13.36,749.8,13.12,84
"2021-03-19 01:10:00",30060,12.85,13.32,749.9,12.9,84.8
"2021-03-19 01:15:00",30061,12.85,13.27,749.8,12.73,85.6
"2021-03-19 01:20:00",30062,12.85,13.22,749.8,12.74,84.9
"2021-03-19 01:25:00",30063,12.85,13.17,749.8,12.72,83.7
"2021-03-19 01:30:00",30064,12.84,13.11,749.8,12.66,84.1
"2021-03-19 01:35:00",30065,12.84,13.06,749.8,12.55,83.8
"2021-03-19 01:40:00",30066,12.84,12.99,749.7,12.61,83.6
"2021-03-19 01:45:00",30067,12.84,12.93,749.7,12.64,85.2
"2021-03-19 01:50:00",30068,12.83,12.86,749.7,12.54,86.5
"2021-03-19 01:55:00",30069,12.84,12.8,749.6,12.36,87.6
"2021-03-19 02:00:00",30070,12.83,12.72,749.6,12.24,87.6
"2021-03-19 02:05:00",30071,12.83,12.65,749.5,12.28,88.4
"2021-03-19 02:10:00",30072,12.83,12.58,749.4,12.28,88.5
"2021-03-19 02:15:00",30073,12.83,12.52,749.3,12.4,87.1
"2021-03-19 02:20:00",30074,12.82,12.48,749.3,12.3,86.9
"2021-03-19 02:25:00",30075,12.82,12.43,749.3,12.16,87.4
"2021-03-19 02:30:00",30076,12.82,12.38,749.3,12.13,89
"2021-03-19 02:35:00",30077,12.82,12.33,749.3,11.96,90.3
"2021-03-19 02:40:00",30078,12.82,12.29,749.2,11.89,90.8
"2021-03-19 02:45:00",30079,12.81,12.22,749.2,11.76,91.8
"2021-03-19 02:50:00",30080,12.81,12.15,749.2,11.69,93.2
"2021-03-19 02:55:00",30081,12.81,12.08,749.1,11.6,93.4
"2021-03-19 03:00:00",30082,12.81,12,749.1,11.62,93.7
"2021-03-19 03:05:00",30083,12.81,11.94,749.1,11.68,92.5
"2021-03-19 03:10:00",30084,12.8,11.88,749.1,11.71,92.5
"2021-03-19 03:15:00",30085,12.8,11.84,749,11.65,88.7
"2021-03-19 03:20:00",30086,12.8,11.78,748.9,11.68,86.9
"2021-03-19 03:25:00",30087,12.8,11.73,748.9,11.6,86.7
"2021-03-19 03:30:00",30088,12.8,11.67,748.8,11.39,87.8
"2021-03-19 03:35:00",30089,12.79,11.61,748.8,11.29,88.3
"2021-03-19 03:40:00",30090,12.79,11.56,748.9,11.33,88.2
"2021-03-19 03:45:00",30091,12.78,11.51,748.8,11.37,88.5
"2021-03-19 03:50:00",30092,12.78,11.46,748.8,11.26,88.6
"2021-03-19 03:55:00",30093,12.78,11.41,748.8,11.17,89.1
"2021-03-19 04:00:00",30094,12.78,11.37,748.7,11.33,88.4
"2021-03-19 04:05:00",30095,12.77,11.34,748.7,11.51,87.9
"2021-03-19 04:10:00",30096,12.77,11.32,748.7,11.48,88.7
"2021-03-19 04:15:00",30097,12.77,11.3,748.7,11.35,89.5
"2021-03-19 04:20:00",30098,12.77,11.32,748.7,11.23,89.1
"2021-03-19 04:25:00",30099,12.76,11.33,748.7,11.15,88.9
"2021-03-19 04:30:00",30100,12.76,11.32,748.8,10.99,89
"2021-03-19 04:35:00",30101,12.76,11.3,748.8,11.02,89.1
"2021-03-19 04:40:00",30102,12.76,11.22,748.8,10.87,89.4
"2021-03-19 04:45:00",30103,12.75,11.16,748.8,10.73,90.2
"2021-03-19 04:50:00",30104,12.75,11.08,748.8,10.73,90.6
"2021-03-19 04:55:00",30105,12.75,11.01,748.8,10.83,89.5
"2021-03-19 05:00:00",30106,12.74,10.97,748.9,10.75,89.8
"2021-03-19 05:05:00",30107,12.74,10.93,748.9,10.81,89.2
"2021-03-19 05:10:00",30108,12.74,10.88,748.9,10.71,89.8
"2021-03-19 05:15:00",30109,12.73,10.83,748.9,10.67,89.9
"2021-03-19 05:20:00",30110,12.73,10.76,749,10.59,90.3
"2021-03-19 05:25:00",30111,12.73,10.71,749.1,10.58,90.7
"2021-03-19 05:30:00",30112,12.73,10.67,749.1,10.73,90.4
"2021-03-19 05:35:00",30113,12.72,10.63,749.1,10.65,90.4
"2021-03-19 05:40:00",30114,12.72,10.58,749.2,10.69,90.4
"2021-03-19 05:45:00",30115,12.71,10.54,749.1,10.57,90.2
"2021-03-19 05:50:00",30116,12.71,10.53,749.2,10.56,90.3
"2021-03-19 05:55:00",30117,12.71,10.53,749.2,10.51,90.2
"2021-03-19 06:00:00",30118,12.7,10.51,749.3,10.51,90.2
"2021-03-19 06:05:00",30119,12.7,10.5,749.3,10.38,90.6
"2021-03-19 06:10:00",30120,12.7,10.47,749.3,10.28,91.7
"2021-03-19 06:15:00",30121,12.69,10.45,749.3,10.36,91.5
"2021-03-19 06:20:00",30122,12.69,10.4,749.3,10.42,90.9
"2021-03-19 06:25:00",30123,12.69,10.43,749.4,10.28,91.3
"2021-03-19 06:30:00",30124,12.68,10.44,749.4,10.1,92.4
"2021-03-19 06:35:00",30125,12.69,10.43,749.4,10.08,92.5
"2021-03-19 06:40:00",30126,12.74,10.45,749.4,10.27,92.8
"2021-03-19 06:45:00",30127,12.82,10.69,749.5,10.57,91.5
"2021-03-19 06:50:00",30128,12.95,10.96,749.5,10.93,90.1
"2021-03-19 06:55:00",30129,13.13,11.23,749.6,11.25,88
"2021-03-19 07:00:00",30130,13.33,11.54,749.6,11.51,87.5
"2021-03-19 07:05:00",30131,13.51,11.9,749.6,11.53,88.5
"2021-03-19 07:10:00",30132,13.64,12.33,749.7,11.63,88.8
"2021-03-19 07:15:00",30133,13.75,12.84,749.8,12.54,85.2
"2021-03-19 07:20:00",30134,13.84,13.38,749.8,12.64,85.3
"2021-03-19 07:25:00",30135,13.94,13.97,749.9,12.82,85.4
"2021-03-19 07:30:00",30136,13.88,15.46,750,13.63,81.9
"2021-03-19 07:35:00",30137,13.82,16.48,750,13.87,81.5
"2021-03-19 07:40:00",30138,13.82,17.2,750,13.52,83.2
"2021-03-19 07:45:00",30139,13.79,17.82,750,13.62,82.9
"2021-03-19 07:50:00",30140,13.79,18.35,750.1,13.81,80.7
"2021-03-19 07:55:00",30141,13.79,18.81,750.1,13.57,81.4
"2021-03-19 08:00:00",30142,13.79,18.74,750.1,13.66,81.7
"2021-03-19 08:05:00",30143,13.76,19.02,750.1,13.69,81.9
"2021-03-19 08:10:00",30144,13.76,19.38,750.1,14.13,80.1
"2021-03-19 08:15:00",30145,13.76,19.74,750.1,15.74,73.67
"2021-03-19 08:20:00",30146,13.73,20.23,750.2,16.56,70.5
"2021-03-19 08:25:00",30147,13.74,20.81,750.2,16.91,69
"2021-03-19 08:30:00",30148,13.71,21.38,750.2,16.32,70.95
"2021-03-19 08:35:00",30149,13.71,21.89,750.3,17.05,67.57
"2021-03-19 08:40:00",30150,13.71,22.49,750.3,17.69,66.34
"2021-03-19 08:45:00",30151,13.68,23.11,750.4,18.62,62.54
"2021-03-19 08:50:00",30152,13.68,23.71,750.4,17.96,63.69
"2021-03-19 08:55:00",30153,13.66,24.08,750.4,17.84,64.76
"2021-03-19 09:00:00",30154,13.65,24.38,750.4,16.85,68.17
"2021-03-19 09:05:00",30155,13.66,24.56,750.4,17.4,65.9
"2021-03-19 09:10:00",30156,13.66,24.62,750.4,17.05,66.6
"2021-03-19 09:15:00",30157,13.65,24.67,750.4,17.38,65.13
"2021-03-19 09:20:00",30158,13.63,24.84,750.4,18.09,62.15
"2021-03-19 09:25:00",30159,13.63,25.08,750.3,18.41,61.04
"2021-03-19 09:30:00",30160,13.63,25.42,750.3,18.44,59.47
"2021-03-19 09:35:00",30161,13.63,25.87,750.3,19.84,56
"2021-03-19 09:40:00",30162,13.61,26.38,750.2,20.02,54.7
"2021-03-19 09:45:00",30163,13.61,26.88,750.2,19.26,56.4
"2021-03-19 09:50:00",30164,13.61,27.27,750.2,19.76,56.17
"2021-03-19 09:55:00",30165,13.58,27.58,750.2,19.51,56.99
"2021-03-19 10:00:00",30166,13.58,27.83,750.2,19.34,57.7
"2021-03-19 10:05:00",30167,13.58,28.09,750.2,20.08,55.08
"2021-03-19 10:10:00",30168,13.58,28.46,750.2,20.83,54.41
"2021-03-19 10:15:00",30169,13.56,28.9,750.1,20.64,54.38
"2021-03-19 10:20:00",30170,13.56,29.27,750.1,19.94,56.62
"2021-03-19 10:25:00",30171,13.56,29.54,750,20.77,52.5
"2021-03-19 10:30:00",30172,13.54,29.77,750,21.29,50.73
"2021-03-19 10:35:00",30173,13.53,30.01,750,21.71,50.18
"2021-03-19 10:40:00",30174,13.54,30.27,750,20.74,50.43
"2021-03-19 10:45:00",30175,13.54,30.44,749.9,20.06,51.22
"2021-03-19 10:50:00",30176,13.54,30.43,749.9,20.39,51.52
"2021-03-19 10:55:00",30177,13.54,30.47,749.9,21.91,45.44
"2021-03-19 11:00:00",30178,13.54,30.63,749.8,22.09,45.98
"2021-03-19 11:05:00",30179,13.51,30.82,749.7,22.07,45.72
"2021-03-19 11:10:00",30180,13.51,30.98,749.7,21.8,46.2
"2021-03-19 11:15:00",30181,13.51,31.03,749.5,21.93,46.6
"2021-03-19 11:20:00",30182,13.51,31.1,749.5,21.57,45.21
"2021-03-19 11:25:00",30183,13.52,31.14,749.4,22,45.13
"2021-03-19 11:30:00",30184,13.52,31.1,749.4,21.14,48.12
"2021-03-19 11:35:00",30185,13.52,31.04,749.3,21.53,46.13
"2021-03-19 11:40:00",30186,13.52,31.04,749.2,21.72,46
"2021-03-19 11:45:00",30187,13.52,31.08,749.1,21.62,45.06
"2021-03-19 11:50:00",30188,13.52,31.1,749,22.16,44.09
"2021-03-19 11:55:00",30189,13.52,31.11,748.9,21.67,45.64
"2021-03-19 12:00:00",30190,13.52,31.11,748.8,22.8,42.46
"2021-03-19 12:05:00",30191,13.52,31.12,748.7,22.32,39.74
"2021-03-19 12:10:00",30192,13.52,31.11,748.6,22.77,37.62
"2021-03-19 12:15:00",30193,13.52,31.17,748.5,22.83,38.61
"2021-03-19 12:20:00",30194,13.52,31.26,748.4,22.92,39.47
"2021-03-19 12:25:00",30195,13.52,31.35,748.3,23.59,38.76
"2021-03-19 12:30:00",30196,13.52,31.49,748.2,23.64,38.01
"2021-03-19 12:35:00",30197,13.52,31.61,748,23.94,38.99
"2021-03-19 12:40:00",30198,13.52,31.61,747.9,24.15,39.54
"2021-03-19 12:45:00",30199,13.5,31.68,747.8,25.25,36.48
"2021-03-19 12:50:00",30200,13.5,31.89,747.7,25.52,35.44
"2021-03-19 12:55:00",30201,13.5,32.08,747.6,24.64,35.69
"2021-03-19 13:00:00",30202,13.5,32.06,747.5,23.78,38.05
"2021-03-19 13:05:00",30203,13.5,31.91,747.4,23.76,37.66
"2021-03-19 13:10:00",30204,13.5,31.69,747.3,23.5,40.58
"2021-03-19 13:15:00",30205,13.5,31.39,747.3,23.52,39.38
"2021-03-19 13:20:00",30206,13.5,31.12,747.2,23.69,39.43
"2021-03-19 13:25:00",30207,13.5,30.88,747.1,23.41,39.33
"2021-03-19 13:30:00",30208,13.5,30.59,747,23.37,40.11
"2021-03-19 13:35:00",30209,13.5,30.38,746.9,23.17,38.71
"2021-03-19 13:40:00",30210,13.5,30.22,746.9,23.85,36.91
"2021-03-19 13:45:00",30211,13.5,30.19,746.8,24.88,34.65
"2021-03-19 13:50:00",30212,13.5,30.3,746.7,24.38,33.47
"2021-03-19 13:55:00",30213,13.5,30.44,746.6,23.32,32.5
"2021-03-19 14:00:00",30214,13.5,30.39,746.5,24.23,31.98
"2021-03-19 14:05:00",30215,13.5,30.37,746.4,23.97,32.63
"2021-03-19 14:10:00",30216,13.5,30.48,746.3,25.42,29.05
"2021-03-19 14:15:00",30217,13.5,30.85,746.3,26.4,27.42
"2021-03-19 14:20:00",30218,13.5,31.39,746.2,25.88,28
"2021-03-19 14:25:00",30219,13.5,31.88,746.2,25.71,30.49
"2021-03-19 14:30:00",30220,13.5,32.18,746.1,25.66,31.74
"2021-03-19 14:35:00",30221,13.5,32.39,746,25.93,29.9
"2021-03-19 14:40:00",30222,13.5,32.51,745.9,25.89,30.64
"2021-03-19 14:45:00",30223,13.5,32.59,745.9,25.04,30.61
"2021-03-19 14:50:00",30224,13.48,32.62,745.8,25.65,28.18
"2021-03-19 14:55:00",30225,13.48,32.63,745.8,24.24,30.17
"2021-03-19 15:00:00",30226,13.48,32.46,745.7,24.63,27.63
"2021-03-19 15:05:00",30227,13.48,32.12,745.6,23.87,27.91
"2021-03-19 15:10:00",30228,13.48,31.67,745.5,23.99,28.32
"2021-03-19 15:15:00",30229,13.48,31.26,745.5,24.47,29.58
"2021-03-19 15:20:00",30230,13.48,30.99,745.4,23.66,30.26
"2021-03-19 15:25:00",30231,13.48,30.79,745.4,23.8,30.67
"2021-03-19 15:30:00",30232,13.48,30.74,745.4,25.38,28.91
"2021-03-19 15:35:00",30233,13.48,31.03,745.3,26.53,25.51
"2021-03-19 15:40:00",30234,13.48,31.55,745.4,26.88,24.3
"2021-03-19 15:45:00",30235,13.48,32.08,745.4,26.46,26.47
"2021-03-19 15:50:00",30236,13.48,32.39,745.5,24.43,36.07
"2021-03-19 15:55:00",30237,13.48,32.44,745.5,23.51,39.47
"2021-03-19 16:00:00",30238,13.48,32.13,745.6,22.67,40.75
"2021-03-19 16:05:00",30239,13.48,31.64,745.5,22.33,42.37
"2021-03-19 16:10:00",30240,13.48,31.12,745.6,22.75,40.7
"2021-03-19 16:15:00",30241,13.48,30.73,745.6,22.8,37.76
"2021-03-19 16:20:00",30242,13.48,30.43,745.6,22.89,38.91
"2021-03-19 16:25:00",30243,13.48,30.2,745.6,22.59,39.21
"2021-03-19 16:30:00",30244,13.48,29.96,745.5,22.69,39.35
"2021-03-19 16:35:00",30245,13.48,29.74,745.5,22.42,39.58
"2021-03-19 16:40:00",30246,13.48,29.58,745.5,22.62,39.41
"2021-03-19 16:45:00",30247,13.48,29.39,745.4,22.18,39.4
"2021-03-19 16:50:00",30248,13.5,29.13,745.4,22.18,39.33
"2021-03-19 16:55:00",30249,13.5,28.74,745.4,21.66,40.45
"2021-03-19 17:00:00",30250,13.5,28.32,745.3,21.62,42.81
"2021-03-19 17:05:00",30251,13.53,27.98,745.3,21.58,41.8
"2021-03-19 17:10:00",30252,13.53,27.69,745.3,21.76,42.82
"2021-03-19 17:15:00",30253,13.53,27.6,745.3,22.17,41.15
"2021-03-19 17:20:00",30254,13.53,27.66,745.4,22.19,39.79
"2021-03-19 17:25:00",30255,13.53,27.81,745.3,22.31,40.71
"2021-03-19 17:30:00",30256,13.53,27.92,745.4,22.39,39.81
"2021-03-19 17:35:00",30257,13.53,27.99,745.4,22.1,40.75
"2021-03-19 17:40:00",30258,13.53,27.93,745.4,22.26,41.1
"2021-03-19 17:45:00",30259,13.53,27.77,745.4,22.13,43.03
"2021-03-19 17:50:00",30260,13.53,27.36,745.5,21.84,42.73
"2021-03-19 17:55:00",30261,13.52,27.01,745.5,21.94,42.23
"2021-03-19 18:00:00",30262,13.24,26.34,745.5,21.74,42.46
"2021-03-19 18:05:00",30263,13.17,25.87,745.5,21.51,43.34
"2021-03-19 18:10:00",30264,13.15,25.51,745.6,21.33,41.19
"2021-03-19 18:15:00",30265,13.12,25.21,745.6,21.49,40.3
"2021-03-19 18:20:00",30266,13.07,24.91,745.6,21.13,42.07
"2021-03-19 18:25:00",30267,13.03,24.62,745.7,20.88,43.01
"2021-03-19 18:30:00",30268,13,24.35,745.8,20.66,44.14
"2021-03-19 18:35:00",30269,12.98,24.11,745.8,20.44,45.11
"2021-03-19 18:40:00",30270,12.97,23.82,745.8,20.24,46.36
"2021-03-19 18:45:00",30271,12.97,23.49,745.9,20.09,46.91
"2021-03-19 18:50:00",30272,12.97,23.23,746,19.92,48
"2021-03-19 18:55:00",30273,12.97,22.96,746.1,19.83,48.36
"2021-03-19 19:00:00",30274,12.97,22.69,746.2,19.84,47.95
"2021-03-19 19:05:00",30275,12.97,22.48,746.3,19.84,47.61
"2021-03-19 19:10:00",30276,12.97,22.31,746.3,19.73,48.54
"2021-03-19 19:15:00",30277,12.96,22.14,746.4,19.48,49.54
"2021-03-19 19:20:00",30278,12.96,21.98,746.4,19.38,48.05
"2021-03-19 19:25:00",30279,12.96,21.81,746.5,19.48,47.43
"2021-03-19 19:30:00",30280,12.95,21.66,746.5,19.4,48.09
"2021-03-19 19:35:00",30281,12.95,21.52,746.6,19.13,49.97
"2021-03-19 19:40:00",30282,12.95,21.38,746.7,18.97,50.29
"2021-03-19 19:45:00",30283,12.95,21.22,746.7,18.96,49.44
"2021-03-19 19:50:00",30284,12.94,21.08,746.8,19.08,48.89
"2021-03-19 19:55:00",30285,12.94,20.97,746.8,19.18,48.53
"2021-03-19 20:00:00",30286,12.94,20.81,746.8,19.17,49.19
"2021-03-19 20:05:00",30287,12.94,20.72,746.9,19.24,48.85
"2021-03-19 20:10:00",30288,12.93,20.66,746.9,19.42,48.75
"2021-03-19 20:15:00",30289,12.93,20.65,747,19.47,48.44
"2021-03-19 20:20:00",30290,12.93,20.62,747.1,19.52,48.42
"2021-03-19 20:25:00",30291,12.93,20.61,747.1,19.42,48.97
"2021-03-19 20:30:00",30292,12.93,20.57,747.1,19.26,49.29
"2021-03-19 20:35:00",30293,12.92,20.57,747.2,19.21,49.29
"2021-03-19 20:40:00",30294,12.92,20.55,747.2,19.28,48.45
"2021-03-19 20:45:00",30295,12.92,20.53,747.2,19.39,48.81
"2021-03-19 20:50:00",30296,12.92,20.51,747.2,19.22,48.91
"2021-03-19 20:55:00",30297,12.92,20.49,747.3,19.37,48.11
"2021-03-19 21:00:00",30298,12.91,20.49,747.3,19.42,48.09
"2021-03-19 21:05:00",30299,12.91,20.5,747.3,19.2,49.79
"2021-03-19 21:10:00",30300,12.91,20.48,747.3,19.08,49.68
"2021-03-19 21:15:00",30301,12.91,20.47,747.4,19.25,48.48
"2021-03-19 21:20:00",30302,12.91,20.43,747.4,19.15,50.03
"2021-03-19 21:25:00",30303,12.91,20.4,747.5,18.83,52.05
"2021-03-19 21:30:00",30304,12.9,20.37,747.5,18.58,53.13
"2021-03-19 21:35:00",30305,12.9,20.3,747.6,18.63,52.89
"2021-03-19 21:40:00",30306,12.9,20.22,747.6,18.73,51.72
"2021-03-19 21:45:00",30307,12.9,20.17,747.6,18.74,52.94
"2021-03-19 21:50:00",30308,12.9,20.12,747.6,18.74,51.6
"2021-03-19 21:55:00",30309,12.89,20.05,747.6,18.65,51.65
"2021-03-19 22:00:00",30310,12.89,19.93,747.7,18.56,53.41
"2021-03-19 22:05:00",30311,12.89,19.83,747.7,18.55,53.34
"2021-03-19 22:10:00",30312,12.89,19.76,747.8,18.25,56.13
"2021-03-19 22:15:00",30313,12.89,19.68,747.8,17.88,57.2
"2021-03-19 22:20:00",30314,12.88,19.56,747.8,17.79,57.06
"2021-03-19 22:25:00",30315,12.88,19.45,747.8,17.51,60.11
"2021-03-19 22:30:00",30316,12.88,19.32,747.9,17.4,59.85
"2021-03-19 22:35:00",30317,12.88,19.19,747.9,17.45,59.71
"2021-03-19 22:40:00",30318,12.87,19.06,747.9,17.5,59.02
"2021-03-19 22:45:00",30319,12.88,18.96,747.9,17.6,58.28
"2021-03-19 22:50:00",30320,12.87,18.85,748,17.41,58.64
"2021-03-19 22:55:00",30321,12.87,18.74,748,17.49,58.71
"2021-03-19 23:00:00",30322,12.87,18.65,748,17.04,61.47
"2021-03-19 23:05:00",30323,12.87,18.51,748,16.94,61.16
"2021-03-19 23:10:00",30324,12.87,18.35,748,16.91,61.06
"2021-03-19 23:15:00",30325,12.87,18.19,748,16.84,61.38
"2021-03-19 23:20:00",30326,12.86,18.05,748,16.89,59.86
"2021-03-19 23:25:00",30327,12.86,17.92,748.1,16.85,60.09
"2021-03-19 23:30:00",30328,12.86,17.81,748.1,16.65,61.71
"2021-03-19 23:35:00",30329,12.86,17.71,748,16.67,62.49
"2021-03-19 23:40:00",30330,12.86,17.62,748,16.41,63.81
"2021-03-19 23:45:00",30331,12.86,17.54,748,16.22,64.19
"2021-03-19 23:50:00",30332,12.86,17.47,748,16.06,64.72
"2021-03-19 23:55:00",30333,12.85,17.38,748,15.97,65.15
"2021-03-20 00:00:00",30334,12.85,17.29,748,16.02,64.77
"2021-03-20 00:05:00",30335,12.85,17.21,748,16.01,64.54
"2021-03-20 00:10:00",30336,12.85,17.14,748,15.95,65.17
"2021-03-20 00:15:00",30337,12.85,17.06,748,15.61,66.7
"2021-03-20 00:20:00",30338,12.85,16.96,748,15.45,67.51
"2021-03-20 00:25:00",30339,12.85,16.85,748.1,15.2,68.77
"2021-03-20 00:30:00",30340,12.84,16.72,748,15.22,68.95
"2021-03-20 00:35:00",30341,12.84,16.6,748,15.29,69.66
"2021-03-20 00:40:00",30342,12.84,16.52,748,15.06,70.94
"2021-03-20 00:45:00",30343,12.84,16.43,748,15.12,70.49
"2021-03-20 00:50:00",30344,12.83,16.36,748,15.15,70
"2021-03-20 00:55:00",30345,12.83,16.29,747.9,15.18,70.04
"2021-03-20 01:00:00",30346,12.83,16.22,747.9,15.02,71.18
"2021-03-20 01:05:00",30347,12.83,16.15,747.9,15,70.93
"2021-03-20 01:10:00",30348,12.83,15.99,747.9,14.98,71.32
"2021-03-20 01:15:00",30349,12.83,15.9,747.9,14.58,72.67
"2021-03-20 01:20:00",30350,12.82,15.82,747.9,14.41,72.87
"2021-03-20 01:25:00",30351,12.82,15.74,747.9,14.43,71.87
"2021-03-20 01:30:00",30352,12.82,15.65,747.9,14.47,71.4
"2021-03-20 01:35:00",30353,12.82,15.57,747.9,14.26,71.27
"2021-03-20 01:40:00",30354,12.82,15.47,747.9,14.19,71.86
"2021-03-20 01:45:00",30355,12.82,15.39,747.9,14.22,73.05
"2021-03-20 01:50:00",30356,12.82,15.32,747.9,13.99,74.7
"2021-03-20 01:55:00",30357,12.81,15.25,747.9,14.01,75.24
"2021-03-20 02:00:00",30358,12.81,15.18,747.9,14.05,75.2
"2021-03-20 02:05:00",30359,12.81,15.12,747.9,14.01,75.27
"2021-03-20 02:10:00",30360,12.81,15.07,747.8,13.8,75.81
"2021-03-20 02:15:00",30361,12.8,14.97,747.8,13.97,76.19
"2021-03-20 02:20:00",30362,12.8,14.89,747.8,13.93,76.18
"2021-03-20 02:25:00",30363,12.8,14.8,747.8,13.88,76.81
"2021-03-20 02:30:00",30364,12.8,14.73,747.7,13.89,76.7
"2021-03-20 02:35:00",30365,12.8,14.65,747.7,13.91,76.65
"2021-03-20 02:40:00",30366,12.79,14.61,747.6,13.69,76.32
"2021-03-20 02:45:00",30367,12.79,14.54,747.6,13.55,75.46
"2021-03-20 02:50:00",30368,12.79,14.49,747.6,13.37,76.37
"2021-03-20 02:55:00",30369,12.79,14.42,747.5,13.26,77.13
"2021-03-20 03:00:00",30370,12.78,14.35,747.6,13.12,78.71
"2021-03-20 03:05:00",30371,12.78,14.26,747.5,12.88,82.9
"2021-03-20 03:10:00",30372,12.78,14.19,747.5,12.86,81.8
"2021-03-20 03:15:00",30373,12.77,14.12,747.5,12.82,81.9
"2021-03-20 03:20:00",30374,12.77,14.05,747.5,13,81.6
"2021-03-20 03:25:00",30375,12.77,13.99,747.5,13.08,80.8
"2021-03-20 03:30:00",30376,12.77,13.95,747.5,13.06,80.6
"2021-03-20 03:35:00",30377,12.76,13.89,747.5,12.89,81.3
"2021-03-20 03:40:00",30378,12.76,13.85,747.6,12.98,80.7
"2021-03-20 03:45:00",30379,12.76,13.83,747.6,12.78,81.4
"2021-03-20 03:50:00",30380,12.75,13.79,747.6,12.78,81.1
"2021-03-20 03:55:00",30381,12.75,13.77,747.6,12.76,80.4
"2021-03-20 04:00:00",30382,12.75,13.76,747.6,12.7,79.71
"2021-03-20 04:05:00",30383,12.75,13.75,747.6,12.6,80
"2021-03-20 04:10:00",30384,12.74,13.73,747.6,12.62,80.7
"2021-03-20 04:15:00",30385,12.74,13.59,747.7,12.46,80.8
"2021-03-20 04:20:00",30386,12.74,13.51,747.7,12.26,81.1
"2021-03-20 04:25:00",30387,12.73,13.43,747.7,12.32,81.4
"2021-03-20 04:30:00",30388,12.73,13.36,747.7,12.4,81.8
"2021-03-20 04:35:00",30389,12.73,13.34,747.7,12.45,81.7
"2021-03-20 04:40:00",30390,12.72,13.3,747.7,12.54,81.3
"2021-03-20 04:45:00",30391,12.72,13.3,747.7,12.34,82.5
"2021-03-20 04:50:00",30392,12.72,13.27,747.8,12.1,83.7
"2021-03-20 04:55:00",30393,12.72,13.24,747.8,12.2,83.5
"2021-03-20 05:00:00",30394,12.71,13.2,747.9,12.06,84.1
"2021-03-20 05:05:00",30395,12.71,13.16,747.8,11.98,84.8
"2021-03-20 05:10:00",30396,12.7,13.1,747.8,11.86,85.3
"2021-03-20 05:15:00",30397,12.7,13.02,747.9,11.84,85.6
"2021-03-20 05:20:00",30398,12.7,12.93,747.9,11.97,85.2
"2021-03-20 05:25:00",30399,12.69,12.85,748,12.08,84.3
"2021-03-20 05:30:00",30400,12.69,12.8,748.1,12.06,84.5
"2021-03-20 05:35:00",30401,12.69,12.77,748.1,12.18,83
"2021-03-20 05:40:00",30402,12.69,12.76,748.1,12.22,82.4
"2021-03-20 05:45:00",30403,12.68,12.79,748.1,12.24,82
"2021-03-20 05:50:00",30404,12.68,12.84,748.1,12.25,81.9
"2021-03-20 05:55:00",30405,12.68,12.91,748.2,12.39,80.7
"2021-03-20 06:00:00",30406,12.67,12.98,748.2,12.46,80.3
"2021-03-20 06:05:00",30407,12.67,13.07,748.3,12.42,80.5
"2021-03-20 06:10:00",30408,12.67,13.14,748.3,12.44,80.3
"2021-03-20 06:15:00",30409,12.67,13.21,748.4,12.52,79.98
"2021-03-20 06:20:00",30410,12.67,13.28,748.4,12.62,79.64
"2021-03-20 06:25:00",30411,12.66,13.33,748.5,12.72,79.7
"2021-03-20 06:30:00",30412,12.66,13.41,748.6,12.4,81.2
"2021-03-20 06:35:00",30413,12.66,13.48,748.7,12.34,82.1
"2021-03-20 06:40:00",30414,12.67,13.52,748.7,12.39,82.3
"2021-03-20 06:45:00",30415,12.69,13.57,748.8,12.32,84.2
"2021-03-20 06:50:00",30416,12.73,13.65,748.8,12.28,83.8
"2021-03-20 06:55:00",30417,12.82,13.76,748.8,12.57,82.8
"2021-03-20 07:00:00",30418,12.98,13.96,748.8,12.82,81.4
"2021-03-20 07:05:00",30419,13.42,14.31,748.8,13.24,79.58
"2021-03-20 07:10:00",30420,13.69,14.76,748.9,14.25,75.54
"2021-03-20 07:15:00",30421,13.78,15.25,749,15.15,71.98
"2021-03-20 07:20:00",30422,13.9,15.77,749,15.5,69.96
"2021-03-20 07:25:00",30423,13.85,17.28,749.1,15.7,68.66
"2021-03-20 07:30:00",30424,13.76,18.36,749.1,15.92,67.66
"2021-03-20 07:35:00",30425,13.49,17.71,749.2,15.4,69.59
"2021-03-20 07:40:00",30426,13.59,17.68,749.2,14.74,72.73
"2021-03-20 07:45:00",30427,13.82,18.78,749.3,14.98,72.18
"2021-03-20 07:50:00",30428,13.76,19.72,749.4,15.3,70.46
"2021-03-20 07:55:00",30429,13.73,20.4,749.5,16.39,67.1
"2021-03-20 08:00:00",30430,13.73,21.07,749.6,18.16,59.94
"2021-03-20 08:05:00",30431,13.7,21.8,749.6,18.34,59.19
"2021-03-20 08:10:00",30432,13.7,22.53,749.7,18.97,57.03
"2021-03-20 08:15:00",30433,13.68,23.17,749.7,18.85,56.67
"2021-03-20 08:20:00",30434,13.62,22.57,749.8,18.08,58.93
"2021-03-20 08:25:00",30435,13.68,23.17,749.9,17.51,61.82
"2021-03-20 08:30:00",30436,13.65,23.81,749.9,18.74,57.09
"2021-03-20 08:35:00",30437,13.65,23.81,750,18.49,57.81
"2021-03-20 08:40:00",30438,13.65,24.19,750,18.11,58.88
"2021-03-20 08:45:00",30439,13.65,24.27,750,19.04,55.69
"2021-03-20 08:50:00",30440,13.65,24.61,750,19.54,54.5
"2021-03-20 08:55:00",30441,13.65,25.05,750,19.91,53.75
"2021-03-20 09:00:00",30442,13.65,25.56,750,19.4,54.2
"2021-03-20 09:05:00",30443,13.63,25.89,750,18.49,57.42
"2021-03-20 09:10:00",30444,13.63,26.13,750.1,18.87,56.13
"2021-03-20 09:15:00",30445,13.63,26.44,750.1,19.02,53.69
"2021-03-20 09:20:00",30446,13.6,26.68,750,20.04,52.06
"2021-03-20 09:25:00",30447,13.6,26.97,750.1,18.92,54.66
"2021-03-20 09:30:00",30448,13.6,27.23,750,19.85,52.1
"2021-03-20 09:35:00",30449,13.6,27.56,750,20.3,50.12
"2021-03-20 09:40:00",30450,13.6,27.83,750,20.94,48.89
"2021-03-20 09:45:00",30451,13.58,28.16,750,21.37,47.51
"2021-03-20 09:50:00",30452,13.58,28.54,749.9,20.08,51.54
"2021-03-20 09:55:00",30453,13.58,28.84,749.9,20.4,50.42
"2021-03-20 10:00:00",30454,13.56,29.07,749.8,21.45,47.59
"2021-03-20 10:05:00",30455,13.56,29.34,749.8,20.95,49.08
"2021-03-20 10:10:00",30456,13.56,29.59,749.7,21.83,46.2
"2021-03-20 10:15:00",30457,13.56,29.9,749.7,21.4,47.55
"2021-03-20 10:20:00",30458,13.53,30.21,749.7,21.68,46.12
"2021-03-20 10:25:00",30459,13.53,30.44,749.6,21.95,45.19
"2021-03-20 10:30:00",30460,13.53,30.68,749.6,21.79,45.81
"2021-03-20 10:35:00",30461,13.53,30.84,749.6,21.89,45.38
"2021-03-20 10:40:00",30462,13.53,31.02,749.5,22.31,42.72
"2021-03-20 10:45:00",30463,13.53,31.14,749.5,22.66,41.34
"2021-03-20 10:50:00",30464,13.51,31.3,749.4,23.31,38.6
"2021-03-20 10:55:00",30465,13.51,31.42,749.4,22.11,41.57
"2021-03-20 11:00:00",30466,13.51,31.47,749.3,23.02,40.99
"2021-03-20 11:05:00",30467,13.51,31.48,749.2,22.55,40.41
"2021-03-20 11:10:00",30468,13.51,31.58,749.2,23.76,39.2
"2021-03-20 11:15:00",30469,13.51,31.78,749.1,23.66,40.01
"2021-03-20 11:20:00",30470,13.52,31.93,749.1,22.79,40.18
"2021-03-20 11:25:00",30471,13.51,31.96,749,23.05,39.39
"2021-03-20 11:30:00",30472,13.52,32,748.9,23.83,38.09
"2021-03-20 11:35:00",30473,13.49,32.15,748.8,25.44,34.5
"2021-03-20 11:40:00",30474,13.49,32.43,748.7,25.72,33.46
"2021-03-20 11:45:00",30475,13.49,32.69,748.6,23.88,37.64
"2021-03-20 11:50:00",30476,13.49,32.74,748.6,23.76,36.57
"2021-03-20 11:55:00",30477,13.49,32.67,748.6,23.73,36.86
"2021-03-20 12:00:00",30478,13.49,32.57,748.5,24.11,36.44
"2021-03-20 12:05:00",30479,13.49,32.54,748.4,23.62,37.78
"2021-03-20 12:10:00",30480,13.49,32.49,748.4,24.07,35.57
"2021-03-20 12:15:00",30481,13.49,32.41,748.2,24.43,36.27
"2021-03-20 12:20:00",30482,13.5,32.35,748.2,25,36.63
"2021-03-20 12:25:00",30483,13.5,32.26,748.1,24.55,34.95
"2021-03-20 12:30:00",30484,13.5,32.23,748,24.93,33.72
"2021-03-20 12:35:00",30485,13.5,32.21,748,24.91,34.25
"2021-03-20 12:40:00",30486,13.5,32.19,747.9,24.85,32.47
"2021-03-20 12:45:00",30487,13.5,32.17,747.8,25.38,30.77
"2021-03-20 12:50:00",30488,13.5,32.2,747.7,25.33,29.55
"2021-03-20 12:55:00",30489,13.5,32.23,747.7,25.22,31.26
"2021-03-20 13:00:00",30490,13.5,32.28,747.6,25.52,29.66
"2021-03-20 13:05:00",30491,13.5,32.36,747.5,25.87,30.07
"2021-03-20 13:10:00",30492,13.5,32.48,747.4,26.56,28.59
"2021-03-20 13:15:00",30493,13.5,32.63,747.3,25.95,28.68
"2021-03-20 13:20:00",30494,13.5,32.73,747.2,26.95,30.39
"2021-03-20 13:25:00",30495,13.48,32.9,747.1,26.48,30.76
"2021-03-20 13:30:00",30496,13.47,32.94,747,26.13,31.34
"2021-03-20 13:35:00",30497,13.47,32.86,746.9,26.23,31.62
"2021-03-20 13:40:00",30498,13.47,32.76,746.8,25.68,31.71
"2021-03-20 13:45:00",30499,13.47,32.6,746.7,25.76,32.12
"2021-03-20 13:50:00",30500,13.47,32.48,746.6,26.78,29.7
"2021-03-20 13:55:00",30501,13.47,32.46,746.6,26.64,30.6
"2021-03-20 14:00:00",30502,13.48,32.48,746.6,26.79,29.94
"2021-03-20 14:05:00",30503,13.48,32.54,746.5,26.66,29.83
"2021-03-20 14:10:00",30504,13.47,32.65,746.4,27.18,27.34
"2021-03-20 14:15:00",30505,13.48,32.74,746.3,25.47,28.88
"2021-03-20 14:20:00",30506,13.47,32.74,746.4,27.43,26.27
"2021-03-20 14:25:00",30507,13.48,33.16,746.3,27.35,26.6
"2021-03-20 14:30:00",30508,13.48,33.5,746.2,28.18,24.8
"2021-03-20 14:35:00",30509,13.48,33.9,746.2,27.15,25.49
"2021-03-20 14:40:00",30510,13.45,34.16,746.3,26.32,26.53
"2021-03-20 14:45:00",30511,13.45,34.26,746.2,26.73,27.07
"2021-03-20 14:50:00",30512,13.45,34.15,746.2,25.26,33.01
"2021-03-20 14:55:00",30513,13.45,33.74,746.2,25,32.12
"2021-03-20 15:00:00",30514,13.45,33.17,746.2,24.57,33.02
"2021-03-20 15:05:00",30515,13.45,32.56,746.2,24.34,33.2
"2021-03-20 15:10:00",30516,13.45,31.98,746.1,23.53,34.62
"2021-03-20 15:15:00",30517,13.45,31.3,746,23.12,36.04
"2021-03-20 15:20:00",30518,13.45,30.66,746,23.12,35.94
"2021-03-20 15:25:00",30519,13.47,30.17,746,23.89,34.82
"2021-03-20 15:30:00",30520,13.47,29.88,745.8,24.31,34.26
"2021-03-20 15:35:00",30521,13.47,29.71,745.8,23.71,34.41
"2021-03-20 15:40:00",30522,13.48,29.53,745.8,23.53,34.12
"2021-03-20 15:45:00",30523,13.48,29.31,745.7,23.21,34.36
"2021-03-20 15:50:00",30524,13.5,29.06,745.7,23.35,34.77
"2021-03-20 15:55:00",30525,13.5,28.86,745.7,23.87,33.22
"2021-03-20 16:00:00",30526,13.5,28.78,745.8,24.15,32.21
"2021-03-20 16:05:00",30527,13.5,28.75,745.9,24.23,32.59
"2021-03-20 16:10:00",30528,13.5,28.79,745.9,24.04,33.37
"2021-03-20 16:15:00",30529,13.5,28.82,746,23.94,33.63
"2021-03-20 16:20:00",30530,13.5,28.88,746.1,24.38,32.73
"2021-03-20 16:25:00",30531,13.5,28.99,746.2,24.47,32.07
"2021-03-20 16:30:00",30532,13.5,29.07,746.1,24.04,33.17
"2021-03-20 16:35:00",30533,13.5,29.09,746.1,24.22,32.85
"2021-03-20 16:40:00",30534,13.5,29.07,746.2,24.22,32.99
"2021-03-20 16:45:00",30535,13.5,29.05,746.2,24.17,32.98
"2021-03-20 16:50:00",30536,13.5,29.03,746.2,23.73,34.74
"2021-03-20 16:55:00",30537,13.5,28.95,746.2,23.32,35.43
"2021-03-20 17:00:00",30538,13.5,28.84,746.2,23.53,35.39
"2021-03-20 17:05:00",30539,13.5,28.76,746.2,23.61,34.4
"2021-03-20 17:10:00",30540,13.5,28.75,746.3,23.75,34.88
"2021-03-20 17:15:00",30541,13.5,28.72,746.3,23.3,36.09
"2021-03-20 17:20:00",30542,13.5,28.6,746.3,22.97,35.86
"2021-03-20 17:25:00",30543,13.51,28.35,746.3,22.83,37
"2021-03-20 17:30:00",30544,13.5,28,746.3,22.64,37.87
"2021-03-20 17:35:00",30545,13.36,27.19,746.4,22.81,37.1
"2021-03-20 17:40:00",30546,13.21,26.66,746.5,22.57,38.52
"2021-03-20 17:45:00",30547,13.15,26.27,746.6,22.39,39.94
"2021-03-20 17:50:00",30548,13.11,25.94,746.7,22.37,39.54
"2021-03-20 17:55:00",30549,13.07,25.64,746.8,22.33,40.16
"2021-03-20 18:00:00",30550,13.04,25.39,746.9,22.13,41.02
"2021-03-20 18:05:00",30551,13.01,25.17,747,21.91,40.83
"2021-03-20 18:10:00",30552,13,24.94,747,21.68,40.64
"2021-03-20 18:15:00",30553,12.99,24.63,747.1,21.65,40.83
"2021-03-20 18:20:00",30554,12.97,24.4,747.2,21.53,41.08
"2021-03-20 18:25:00",30555,12.97,24.21,747.3,21.54,40.82
"2021-03-20 18:30:00",30556,12.97,24.05,747.3,21.33,40.93
"2021-03-20 18:35:00",30557,12.96,23.89,747.4,21.23,41.57
"2021-03-20 18:40:00",30558,12.96,23.73,747.5,21.11,42.26
"2021-03-20 18:45:00",30559,12.95,23.59,747.5,21.08,43.16
"2021-03-20 18:50:00",30560,12.95,23.5,747.6,21.19,42.01
"2021-03-20 18:55:00",30561,12.95,23.4,747.8,21.19,42.14
"2021-03-20 19:00:00",30562,12.95,23.34,747.8,21.24,42.31
"2021-03-20 19:05:00",30563,12.94,23.31,747.9,21.34,42.26
"2021-03-20 19:10:00",30564,12.94,23.26,747.9,21.24,42.54
"2021-03-20 19:15:00",30565,12.94,23.23,748,21.07,42.91
"2021-03-20 19:20:00",30566,12.94,23.15,748,20.86,46.72
"2021-03-20 19:25:00",30567,12.93,22.96,748.1,20.53,47.03
"2021-03-20 19:30:00",30568,12.93,22.72,748.2,20.71,51.28
"2021-03-20 19:35:00",30569,12.93,22.56,748.3,20.56,47.35
"2021-03-20 19:40:00",30570,12.93,22.49,748.3,20.61,47.64
"2021-03-20 19:45:00",30571,12.93,22.43,748.4,20.57,47.51
"2021-03-20 19:50:00",30572,12.93,22.42,748.5,20.7,47.46
"2021-03-20 19:55:00",30573,12.92,22.43,748.6,20.68,48.09
"2021-03-20 20:00:00",30574,12.92,22.46,748.6,20.25,50.34
"2021-03-20 20:05:00",30575,12.92,22.44,748.6,20.04,51.37
"2021-03-20 20:10:00",30576,12.92,22.39,748.7,19.94,51.98
"2021-03-20 20:15:00",30577,12.92,22.34,748.8,19.85,52.31
"2021-03-20 20:20:00",30578,12.91,22.29,748.9,19.86,53
"2021-03-20 20:25:00",30579,12.91,22.23,749,19.72,54.9
"2021-03-20 20:30:00",30580,12.91,22.15,749.1,19.46,55.91
"2021-03-20 20:35:00",30581,12.91,22.04,749.2,19.13,57.85
"2021-03-20 20:40:00",30582,12.91,21.9,749.2,18.92,58.58
"2021-03-20 20:45:00",30583,12.91,21.76,749.3,18.92,58.36
"2021-03-20 20:50:00",30584,12.91,21.64,749.4,19.1,55.98
"2021-03-20 20:55:00",30585,12.9,21.52,749.5,19.1,54.87
"2021-03-20 21:00:00",30586,12.9,21.45,749.7,19.23,54.36
"2021-03-20 21:05:00",30587,12.9,21.4,749.7,19.43,54.49
"2021-03-20 21:10:00",30588,12.9,21.38,749.8,19.56,52.55
"2021-03-20 21:15:00",30589,12.9,21.38,749.9,19.42,53.74
"2021-03-20 21:20:00",30590,12.9,21.36,749.9,19.5,53.54
"2021-03-20 21:25:00",30591,12.89,21.37,749.9,19.58,53.27
"2021-03-20 21:30:00",30592,12.89,21.29,749.9,19.84,54.39
"2021-03-20 21:35:00",30593,12.89,21.16,750,19.43,64.09
"2021-03-20 21:40:00",30594,12.89,20.86,750,19.08,66.81
"2021-03-20 21:45:00",30595,12.89,20.53,750.1,18.35,69.44
"2021-03-20 21:50:00",30596,12.89,20.16,750.2,17.5,73.39
"2021-03-20 21:55:00",30597,12.88,19.78,750.2,17.35,75.3
"2021-03-20 22:00:00",30598,12.89,19.4,750.3,17.75,72.52
"2021-03-20 22:05:00",30599,12.88,19.14,750.3,17.9,70.15
"2021-03-20 22:10:00",30600,12.88,18.94,750.4,17.98,75.14
"2021-03-20 22:15:00",30601,12.88,18.84,750.5,17.79,71.14
"2021-03-20 22:20:00",30602,12.88,18.78,750.7,17.63,73.07
"2021-03-20 22:25:00",30603,12.87,18.77,750.8,17.32,74.95
"2021-03-20 22:30:00",30604,12.87,18.75,750.8,17.08,73.73
"2021-03-20 22:35:00",30605,12.87,18.74,750.9,16.77,75.58
"2021-03-20 22:40:00",30606,12.87,18.68,750.9,16.56,75.79
"2021-03-20 22:45:00",30607,12.87,18.65,751,16.67,76.09
"2021-03-20 22:50:00",30608,12.87,18.56,751.1,15.66,82.6
"2021-03-20 22:55:00",30609,12.87,18.26,751.1,14.92,84.7
"2021-03-20 23:00:00",30610,12.86,17.81,751.2,14.61,84.3
"2021-03-20 23:05:00",30611,12.86,17.38,751.4,14.5,84.2
"2021-03-20 23:10:00",30612,12.86,17.05,751.5,14.2,83.7
"2021-03-20 23:15:00",30613,12.86,16.77,751.5,14,84
"2021-03-20 23:20:00",30614,12.85,16.54,751.5,13.82,81.9
"2021-03-20 23:25:00",30615,12.85,16.34,751.5,13.77,78.82
"2021-03-20 23:30:00",30616,12.85,16.17,751.5,13.84,78.17
"2021-03-20 23:35:00",30617,12.85,16.05,751.5,13.65,80.6
"2021-03-20 23:40:00",30618,12.84,15.98,751.5,13.57,82.8
"2021-03-20 23:45:00",30619,12.84,15.94,751.5,13.53,81.9
"2021-03-20 23:50:00",30620,12.84,15.91,751.5,13.68,83.2
"2021-03-20 23:55:00",30621,12.84,15.91,751.4,13.64,82.5
"2021-03-21 00:00:00",30622,12.84,15.9,751.4,13.83,82.6
"2021-03-21 00:05:00",30623,12.83,15.9,751.4,13.96,83.1
"2021-03-21 00:10:00",30624,12.84,15.89,751.4,13.97,78.94
"2021-03-21 00:15:00",30625,12.83,15.9,751.4,14.37,79.69
"2021-03-21 00:20:00",30626,12.83,15.91,751.5,14.51,76.55
"2021-03-21 00:25:00",30627,12.83,15.95,751.3,14.32,78.52
"2021-03-21 00:30:00",30628,12.82,15.95,751.3,14.47,80.4
"2021-03-21 00:35:00",30629,12.83,15.95,751.4,14.13,79.28
"2021-03-21 00:40:00",30630,12.83,15.91,751.4,14.25,80.5
"2021-03-21 00:45:00",30631,12.83,15.9,751.4,14.33,78.8
"2021-03-21 00:50:00",30632,12.83,15.9,751.5,14.33,79.9
"2021-03-21 00:55:00",30633,12.83,15.9,751.4,14.11,80.2
"2021-03-21 01:00:00",30634,12.83,15.91,751.4,13.96,82
"2021-03-21 01:05:00",30635,12.83,15.9,751.3,13.99,81.9
"2021-03-21 01:10:00",30636,12.82,15.9,751.2,13.84,81.4
"2021-03-21 01:15:00",30637,12.82,15.89,751.3,13.81,83
"2021-03-21 01:20:00",30638,12.82,15.88,751.3,13.91,83.5
"2021-03-21 01:25:00",30639,12.82,15.87,751.2,13.97,82.4
"2021-03-21 01:30:00",30640,12.82,15.86,751.1,14.09,82.4
"2021-03-21 01:35:00",30641,12.81,15.88,751.2,14.13,81.5
"2021-03-21 01:40:00",30642,12.81,15.9,751.2,14.21,81
"2021-03-21 01:45:00",30643,12.81,15.84,751.3,14.21,81.8
"2021-03-21 01:50:00",30644,12.81,15.87,751.4,14.08,84.4
"2021-03-21 01:55:00",30645,12.81,15.88,751.4,13.95,84.9
"2021-03-21 02:00:00",30646,12.81,15.89,751.4,14.04,84.7
"2021-03-21 02:05:00",30647,12.81,15.9,751.4,14.1,84.2
"2021-03-21 02:10:00",30648,12.8,15.9,751.5,14.17,83.6
"2021-03-21 02:15:00",30649,12.8,15.94,751.5,14.19,83.9
"2021-03-21 02:20:00",30650,12.8,15.97,751.5,14.19,83.5
"2021-03-21 02:25:00",30651,12.8,16,751.5,14.08,85.1
"2021-03-21 02:30:00",30652,12.8,16.02,751.5,14.03,85.8
"2021-03-21 02:35:00",30653,12.79,16.01,751.5,14.13,85
"2021-03-21 02:40:00",30654,12.79,16.01,751.3,14.13,84.7
"2021-03-21 02:45:00",30655,12.79,16.03,751.3,14.25,84.6
"2021-03-21 02:50:00",30656,12.79,16.04,751.3,14.33,85.3
"2021-03-21 02:55:00",30657,12.79,16.06,751.2,14.37,84.6
"2021-03-21 03:00:00",30658,12.78,16.07,751.2,14.45,84.1
"2021-03-21 03:05:00",30659,12.78,16.11,751.1,14.65,83.3
"2021-03-21 03:10:00",30660,12.78,16.13,751.1,14.49,84.9
"2021-03-21 03:15:00",30661,12.78,16.16,751.1,14.35,85.5
"2021-03-21 03:20:00",30662,12.77,16.17,751.1,14.27,85.2
"2021-03-21 03:25:00",30663,12.77,16.18,751,14.39,83.8
"2021-03-21 03:30:00",30664,12.77,16.19,751,14.32,82.4
"2021-03-21 03:35:00",30665,12.76,16.18,751,14.27,82.3
"2021-03-21 03:40:00",30666,12.76,16.17,751.1,14.47,83.4
"2021-03-21 03:45:00",30667,12.76,16.08,751.1,14.58,84.7
"2021-03-21 03:50:00",30668,12.76,16.03,751.1,14.47,84.8
"2021-03-21 03:55:00",30669,12.76,16.01,751.1,14.41,85.1
"2021-03-21 04:00:00",30670,12.75,16,751.1,14.46,84.9
"2021-03-21 04:05:00",30671,12.75,15.99,751.1,14.51,84.6
"2021-03-21 04:10:00",30672,12.74,15.97,751.1,14.52,84.2
"2021-03-21 04:15:00",30673,12.74,15.96,751.1,14.51,83.2
"2021-03-21 04:20:00",30674,12.74,15.95,751.1,14.45,82.7
"2021-03-21 04:25:00",30675,12.74,15.92,751.1,14.46,83.4
"2021-03-21 04:30:00",30676,12.73,15.89,751.2,14.41,84.4
"2021-03-21 04:35:00",30677,12.73,15.85,751.2,14.35,83.2
"2021-03-21 04:40:00",30678,12.73,15.83,751.2,14.37,84.1
"2021-03-21 04:45:00",30679,12.73,15.83,751.2,14.37,84
"2021-03-21 04:50:00",30680,12.73,15.83,751.2,14.39,84.3
"2021-03-21 04:55:00",30681,12.72,15.78,751.3,14.41,83.7
"2021-03-21 05:00:00",30682,12.72,15.78,751.3,14.41,85.1
"2021-03-21 05:05:00",30683,12.72,15.78,751.4,14.46,85.1
"2021-03-21 05:10:00",30684,12.71,15.77,751.4,14.43,84.8
"2021-03-21 05:15:00",30685,12.71,15.75,751.4,14.35,84.7
"2021-03-21 05:20:00",30686,12.71,15.73,751.4,14.31,84.3
"2021-03-21 05:25:00",30687,12.71,15.68,751.5,14.31,83.7
"2021-03-21 05:30:00",30688,12.7,15.65,751.5,14.31,84.3
"2021-03-21 05:35:00",30689,12.7,15.59,751.5,14.17,85.2
"2021-03-21 05:40:00",30690,12.69,15.54,751.6,14.07,86.2
"2021-03-21 05:45:00",30691,12.69,15.49,751.7,14.19,86.5
"2021-03-21 05:50:00",30692,12.69,15.49,751.8,14.25,84.4
"2021-03-21 05:55:00",30693,12.68,15.49,751.8,14.19,85.8
"2021-03-21 06:00:00",30694,12.68,15.5,751.8,14.16,87.2
"2021-03-21 06:05:00",30695,12.68,15.53,751.9,14.05,88.6
"2021-03-21 06:10:00",30696,12.68,15.54,752,13.95,89.9
"2021-03-21 06:15:00",30697,12.67,15.54,752,13.97,90.4
"2021-03-21 06:20:00",30698,12.67,15.55,752.1,13.9,90.2
"2021-03-21 06:25:00",30699,12.67,15.55,752.2,13.84,90.1
"2021-03-21 06:30:00",30700,12.67,15.56,752.3,13.79,90
"2021-03-21 06:35:00",30701,12.66,15.61,752.3,13.83,89.2
"2021-03-21 06:40:00",30702,12.67,15.65,752.4,13.84,88.7
"2021-03-21 06:45:00",30703,12.67,15.68,752.5,13.89,88.3
"2021-03-21 06:50:00",30704,12.69,15.66,752.5,13.95,88.4
"2021-03-21 06:55:00",30705,12.71,15.67,752.5,14.03,87.6
"2021-03-21 07:00:00",30706,12.73,15.71,752.6,14.09,87.3
"2021-03-21 07:05:00",30707,12.76,15.74,752.6,14.09,87.3
"2021-03-21 07:10:00",30708,12.79,15.79,752.8,14.26,87
"2021-03-21 07:15:00",30709,12.79,15.84,752.8,14.31,87
"2021-03-21 07:20:00",30710,12.81,15.91,752.9,14.43,86.5
"2021-03-21 07:25:00",30711,12.82,15.98,753,14.53,86.7
"2021-03-21 07:30:00",30712,12.84,16.07,753.1,14.59,87
"2021-03-21 07:35:00",30713,12.88,16.16,753.1,14.71,87
"2021-03-21 07:40:00",30714,12.95,16.28,753.1,14.61,87.6
"2021-03-21 07:45:00",30715,13.03,16.39,753.2,14.59,87.9
"2021-03-21 07:50:00",30716,13.13,16.51,753.3,14.61,87.4
"2021-03-21 07:55:00",30717,13.26,16.64,753.3,14.65,86.5
"2021-03-21 08:00:00",30718,13.37,16.8,753.4,14.74,86.6
"2021-03-21 08:05:00",30719,13.43,16.92,753.4,14.76,86.2
"2021-03-21 08:10:00",30720,13.49,17.08,753.5,14.83,84.7
"2021-03-21 08:15:00",30721,13.58,17.27,753.6,15.01,84.8
"2021-03-21 08:20:00",30722,13.63,17.5,753.7,15.16,84.5
"2021-03-21 08:25:00",30723,13.7,17.77,753.7,15.34,83.1
"2021-03-21 08:30:00",30724,13.77,18.09,753.8,15.26,83.6
"2021-03-21 08:35:00",30725,13.91,18.49,753.8,15.34,81.2
"2021-03-21 08:40:00",30726,13.76,19.57,753.9,15.5,81.1
"2021-03-21 08:45:00",30727,13.73,20.41,753.9,16.22,76.57
"2021-03-21 08:50:00",30728,13.73,20.9,754,16.52,76.49
"2021-03-21 08:55:00",30729,13.73,21.39,754,16.84,74.83
"2021-03-21 09:00:00",30730,13.7,21.81,754,17.21,73.87
"2021-03-21 09:05:00",30731,13.7,22.22,754,18.05,70.05
"2021-03-21 09:10:00",30732,13.68,22.65,754.1,17.43,71.07
"2021-03-21 09:15:00",30733,13.68,22.99,754,17.19,72.15
"2021-03-21 09:20:00",30734,13.68,23.28,754,17.37,72.5
"2021-03-21 09:25:00",30735,13.68,23.55,754.1,18.11,67.94
"2021-03-21 09:30:00",30736,13.68,23.87,754.1,17.9,67.93
"2021-03-21 09:35:00",30737,13.65,24.14,754.1,17.17,68.18
"2021-03-21 09:40:00",30738,13.65,24.32,754.1,17.75,69.1
"2021-03-21 09:45:00",30739,13.65,24.55,754.1,18.49,64.96
"2021-03-21 09:50:00",30740,13.65,24.75,754.1,18.49,63.74
"2021-03-21 09:55:00",30741,13.65,24.81,754.1,18.24,63.46
"2021-03-21 10:00:00",30742,13.63,24.84,754.1,18.29,63.35
"2021-03-21 10:05:00",30743,13.63,24.85,754.1,18.47,63.86
"2021-03-21 10:10:00",30744,13.63,24.87,754.1,18.7,61.99
"2021-03-21 10:15:00",30745,13.63,24.92,754.1,19.39,59.59
"2021-03-21 10:20:00",30746,13.63,25.06,754.1,19.44,58.96
"2021-03-21 10:25:00",30747,13.63,25.24,754,19.84,57.8
"2021-03-21 10:30:00",30748,13.63,25.49,754,19.62,57.74
"2021-03-21 10:35:00",30749,13.63,25.66,754,19.34,59.16
"2021-03-21 10:40:00",30750,13.63,25.82,754,20.08,56.92
"2021-03-21 10:45:00",30751,13.63,26.07,753.9,20.3,55.79
"2021-03-21 10:50:00",30752,13.61,26.37,753.9,20.37,55.12
"2021-03-21 10:55:00",30753,13.61,26.69,753.9,20.44,55.81
"2021-03-21 11:00:00",30754,13.61,26.98,753.8,20.7,55.48
"2021-03-21 11:05:00",30755,13.61,27.26,753.8,21.22,53.35
"2021-03-21 11:10:00",30756,13.58,27.48,753.7,20.68,54.76
"2021-03-21 11:15:00",30757,13.58,27.66,753.7,20.54,55.14
"2021-03-21 11:20:00",30758,13.58,27.78,753.7,20.89,53.36
"2021-03-21 11:25:00",30759,13.58,27.77,753.7,19.66,57.72
"2021-03-21 11:30:00",30760,13.58,27.63,753.7,19.35,57.61
"2021-03-21 11:35:00",30761,13.58,27.26,753.7,18.19,63.63
"2021-03-21 11:40:00",30762,13.59,26.58,753.6,18.47,63.63
"2021-03-21 11:45:00",30763,13.58,25.99,753.5,18.85,60.66
"2021-03-21 11:50:00",30764,13.59,25.69,753.5,18.88,58.39
"2021-03-21 11:55:00",30765,13.58,25.58,753.4,18.68,59.36
"2021-03-21 12:00:00",30766,13.59,25.66,753.3,20.3,52.47
"2021-03-21 12:05:00",30767,13.59,25.95,753.3,21.23,48.64
"2021-03-21 12:10:00",30768,13.59,26.33,753.2,21.77,50.07
"2021-03-21 12:15:00",30769,13.59,26.73,753.1,21.84,48.3
"2021-03-21 12:20:00",30770,13.59,27.15,753,22.48,44.48
"2021-03-21 12:25:00",30771,13.59,27.51,752.9,20.93,47.87
"2021-03-21 12:30:00",30772,13.59,27.74,752.8,20.83,48.18
"2021-03-21 12:35:00",30773,13.59,27.94,752.7,21.25,48.74
"2021-03-21 12:40:00",30774,13.59,28.03,752.7,20.58,49.78
"2021-03-21 12:45:00",30775,13.57,28.08,752.7,21.19,49.64
"2021-03-21 12:50:00",30776,13.56,28.13,752.5,20.94,50.74
"2021-03-21 12:55:00",30777,13.57,28.28,752.5,21.79,50.76
"2021-03-21 13:00:00",30778,13.57,28.46,752.4,21.02,50.41
"2021-03-21 13:05:00",30779,13.57,28.47,752.4,21.33,48.18
"2021-03-21 13:10:00",30780,13.57,28.43,752.3,20.5,51.34
"2021-03-21 13:15:00",30781,13.57,28.29,752.2,20.36,52.42
"2021-03-21 13:20:00",30782,13.57,28.1,752.2,20.28,52.87
"2021-03-21 13:25:00",30783,13.57,27.91,752,20.83,52.42
"2021-03-21 13:30:00",30784,13.57,27.83,752,21.28,49.25
"2021-03-21 13:35:00",30785,13.57,27.81,751.9,21.65,49.26
"2021-03-21 13:40:00",30786,13.57,27.9,751.9,21.19,49.74
"2021-03-21 13:45:00",30787,13.57,27.97,751.9,20.22,55.99
"2021-03-21 13:50:00",30788,13.57,27.75,751.9,18.48,62.85
"2021-03-21 13:55:00",30789,13.57,27.22,751.8,18.28,62.46
"2021-03-21 14:00:00",30790,13.57,26.65,751.8,19.2,61.95
"2021-03-21 14:05:00",30791,13.57,26.26,751.7,18.75,63.64
"2021-03-21 14:10:00",30792,13.57,26,751.6,18.83,60.5
"2021-03-21 14:15:00",30793,13.57,25.8,751.6,18.92,62.26
"2021-03-21 14:20:00",30794,13.57,25.63,751.5,18.57,60.13
"2021-03-21 14:25:00",30795,13.57,25.48,751.5,18.7,58.81
"2021-03-21 14:30:00",30796,13.57,25.32,751.4,18.7,59.81
"2021-03-21 14:35:00",30797,13.57,25.15,751.3,18.78,58.55
"2021-03-21 14:40:00",30798,13.57,25.03,751.2,18.95,59.07
"2021-03-21 14:45:00",30799,13.57,25.01,751.2,19.72,54.22
"2021-03-21 14:50:00",30800,13.57,25.1,751.1,19.4,54.95
"2021-03-21 14:55:00",30801,13.57,25.26,751.1,20.92,50.65
"2021-03-21 15:00:00",30802,13.57,25.63,751,20.52,49.96
"2021-03-21 15:05:00",30803,13.58,26.13,750.9,21.31,47.7
"2021-03-21 15:10:00",30804,13.58,26.71,750.9,21.79,48.87
"2021-03-21 15:15:00",30805,13.58,27.32,750.8,21.87,48.66
"2021-03-21 15:20:00",30806,13.58,27.85,750.8,21.91,47.8
"2021-03-21 15:25:00",30807,13.58,28.18,750.8,20.68,54.51
"2021-03-21 15:30:00",30808,13.58,28.15,750.8,19.47,59.7
"2021-03-21 15:35:00",30809,13.58,27.79,750.7,19.46,58.17
"2021-03-21 15:40:00",30810,13.58,27.37,750.6,19.78,57.21
"2021-03-21 15:45:00",30811,13.58,27.06,750.6,19.36,60.74
"2021-03-21 15:50:00",30812,13.58,26.73,750.7,19.16,61.46
"2021-03-21 15:55:00",30813,13.58,26.44,750.6,19.8,57.77
"2021-03-21 16:00:00",30814,13.58,26.22,750.6,19.58,58.31
"2021-03-21 16:05:00",30815,13.58,26.02,750.5,20.06,56.92
"2021-03-21 16:10:00",30816,13.58,25.89,750.5,19.78,57.49
"2021-03-21 16:15:00",30817,13.58,25.75,750.5,19.38,60.95
"2021-03-21 16:20:00",30818,13.58,25.55,750.5,18.82,63.8
"2021-03-21 16:25:00",30819,13.58,25.31,750.5,18.34,66.68
"2021-03-21 16:30:00",30820,13.58,25.05,750.5,18.58,65.46
"2021-03-21 16:35:00",30821,13.57,24.91,750.4,20.03,59.33
"2021-03-21 16:40:00",30822,13.58,24.99,750.5,19.52,58.85
"2021-03-21 16:45:00",30823,13.58,25.11,750.5,19.66,58.05
"2021-03-21 16:50:00",30824,13.58,25.2,750.5,20.04,56.76
"2021-03-21 16:55:00",30825,13.58,25.05,750.5,20.2,55.53
"2021-03-21 17:00:00",30826,13.58,25.09,750.5,19.58,56.78
"2021-03-21 17:05:00",30827,13.58,24.91,750.5,19.37,57.43
"2021-03-21 17:10:00",30828,13.58,24.78,750.5,19.64,56.55
"2021-03-21 17:15:00",30829,13.58,24.66,750.5,19.7,56.47
"2021-03-21 17:20:00",30830,13.6,24.57,750.6,20.16,55.46
"2021-03-21 17:25:00",30831,13.6,24.5,750.6,19.7,59.88
"2021-03-21 17:30:00",30832,13.6,24.42,750.7,19.19,61.07
"2021-03-21 17:35:00",30833,13.61,24.27,750.6,19.02,61.47
"2021-03-21 17:40:00",30834,13.6,24.06,750.6,19.19,64.34
"2021-03-21 17:45:00",30835,13.6,23.8,750.6,18.75,63.31
"2021-03-21 17:50:00",30836,13.6,23.53,750.7,18.94,62.38
"2021-03-21 17:55:00",30837,13.6,23.34,750.8,18.96,62.03
"2021-03-21 18:00:00",30838,13.65,23,750.8,18.94,62.35
"2021-03-21 18:05:00",30839,13.39,22.39,750.9,18.64,63.77
"2021-03-21 18:10:00",30840,13.25,22,750.9,18.23,63.82
"2021-03-21 18:15:00",30841,13.19,21.66,751,18.21,64.88
"2021-03-21 18:20:00",30842,13.12,21.36,751,18,64.05
"2021-03-21 18:25:00",30843,13.07,21.08,751,17.92,65.34
"2021-03-21 18:30:00",30844,13.02,20.83,750.9,17.81,64.67
"2021-03-21 18:35:00",30845,13,20.58,751.1,17.71,66.1
"2021-03-21 18:40:00",30846,12.98,20.33,751.2,17.56,65.93
"2021-03-21 18:45:00",30847,12.98,20.12,751.3,17.7,68.01
"2021-03-21 18:50:00",30848,12.97,19.98,751.4,17.43,69.39
"2021-03-21 18:55:00",30849,12.97,19.84,751.4,17.31,68.55
"2021-03-21 19:00:00",30850,12.97,19.73,751.5,17.27,68.75
"2021-03-21 19:05:00",30851,12.96,19.6,751.5,17.32,68.52
"2021-03-21 19:10:00",30852,12.95,19.5,751.6,17.37,70.22
"2021-03-21 19:15:00",30853,12.95,19.38,751.6,17.33,69.22
"2021-03-21 19:20:00",30854,12.95,19.28,751.6,17.39,67.95
"2021-03-21 19:25:00",30855,12.95,19.18,751.7,17.24,68.13
"2021-03-21 19:30:00",30856,12.94,19.09,751.7,17.01,69.34
"2021-03-21 19:35:00",30857,12.94,19,751.8,16.89,70.73
"2021-03-21 19:40:00",30858,12.94,18.91,751.8,16.64,72.16
"2021-03-21 19:45:00",30859,12.94,18.78,751.9,16.73,72.32
"2021-03-21 19:50:00",30860,12.94,18.67,752,16.62,73.3
"2021-03-21 19:55:00",30861,12.94,18.59,752.2,16.65,73.34
"2021-03-21 20:00:00",30862,12.93,18.53,752.2,16.58,74.12
"2021-03-21 20:05:00",30863,12.93,18.49,752.3,16.85,73.54
"2021-03-21 20:10:00",30864,12.93,18.46,752.4,16.7,73.66
"2021-03-21 20:15:00",30865,12.93,18.44,752.4,16.75,73.95
"2021-03-21 20:20:00",30866,12.93,18.41,752.5,16.28,76.16
"2021-03-21 20:25:00",30867,12.93,18.37,752.5,16.28,76.3
"2021-03-21 20:30:00",30868,12.92,18.33,752.6,16.04,78.24
"2021-03-21 20:35:00",30869,12.92,18.26,752.7,16,78.93
"2021-03-21 20:40:00",30870,12.92,18.18,752.8,16.08,78.98
"2021-03-21 20:45:00",30871,12.92,18.12,752.9,16.23,77.75
"2021-03-21 20:50:00",30872,12.92,18.08,753.1,16.16,77.85
"2021-03-21 20:55:00",30873,12.92,18.04,753.1,16.05,77.99
"2021-03-21 21:00:00",30874,12.92,18,753.2,16.1,77.89
"2021-03-21 21:05:00",30875,12.92,17.98,753.2,16.16,77.85
"2021-03-21 21:10:00",30876,12.92,17.97,753.2,16.19,78.05
"2021-03-21 21:15:00",30877,12.91,17.96,753.2,16.16,76.22
"2021-03-21 21:20:00",30878,12.91,17.94,753.3,16.16,74.69
"2021-03-21 21:25:00",30879,12.91,17.91,753.3,15.81,75.1
"2021-03-21 21:30:00",30880,12.91,17.87,753.3,15.85,75.02
"2021-03-21 21:35:00",30881,12.91,17.81,753.4,15.57,76.6
"2021-03-21 21:40:00",30882,12.91,17.74,753.4,15.44,77.59
"2021-03-21 21:45:00",30883,12.91,17.65,753.4,15.4,77.38
"2021-03-21 21:50:00",30884,12.91,17.54,753.5,15.12,79.07
"2021-03-21 21:55:00",30885,12.91,17.42,753.5,15.23,79.16
"2021-03-21 22:00:00",30886,12.91,17.3,753.6,15.08,80.1
"2021-03-21 22:05:00",30887,12.9,17.34,753.6,15.06,80.8
"2021-03-21 22:10:00",30888,12.9,17.41,753.7,15.1,80.6
"2021-03-21 22:15:00",30889,12.89,17.4,753.7,14.94,81.6
"2021-03-21 22:20:00",30890,12.89,17.38,753.7,14.92,80.9
"2021-03-21 22:25:00",30891,12.89,17.34,753.7,14.65,82
"2021-03-21 22:30:00",30892,12.89,17.29,753.8,14.73,82.6
"2021-03-21 22:35:00",30893,12.89,17.25,753.7,14.66,82.3
"2021-03-21 22:40:00",30894,12.89,17.17,753.8,14.57,82.6
"2021-03-21 22:45:00",30895,12.89,17.07,753.8,14.77,81.9
"2021-03-21 22:50:00",30896,12.89,17.03,753.8,14.73,81.7
"2021-03-21 22:55:00",30897,12.88,16.99,753.8,14.73,82.8
"2021-03-21 23:00:00",30898,12.88,16.92,753.8,14.4,84.3
"2021-03-21 23:05:00",30899,12.88,16.82,753.8,14.39,86.3
"2021-03-21 23:10:00",30900,12.88,16.69,753.8,13.95,89.1
"2021-03-21 23:15:00",30901,12.88,16.5,753.9,13.81,90.6
"2021-03-21 23:20:00",30902,12.88,16.31,753.9,13.75,91.6
"2021-03-21 23:25:00",30903,12.87,16.13,753.9,13.7,91.8
"2021-03-21 23:30:00",30904,12.87,16,753.9,13.7,90.9
"2021-03-21 23:35:00",30905,12.87,15.87,753.9,13.89,90.5
"2021-03-21 23:40:00",30906,12.87,15.79,753.9,13.86,89.4
"2021-03-21 23:45:00",30907,12.87,15.71,753.8,13.86,89.9
"2021-03-21 23:50:00",30908,12.87,15.65,753.9,13.85,89.9
"2021-03-21 23:55:00",30909,12.86,15.6,753.9,13.87,90.3
"2021-03-22 00:00:00",30910,12.86,15.59,753.9,13.89,88.9
"2021-03-22 00:05:00",30911,12.86,15.58,753.8,14.09,88.2
"2021-03-22 00:10:00",30912,12.86,15.61,753.7,14.14,88.8
"2021-03-22 00:15:00",30913,12.86,15.62,753.7,14.22,88.7
"2021-03-22 00:20:00",30914,12.86,15.55,753.7,14.21,88.4
"2021-03-22 00:25:00",30915,12.86,15.53,753.7,14.17,89.4
"2021-03-22 00:30:00",30916,12.86,15.57,753.6,14.07,90.9
"2021-03-22 00:35:00",30917,12.85,15.56,753.6,14.02,90.4
"2021-03-22 00:40:00",30918,12.85,15.6,753.5,13.89,90.6
"2021-03-22 00:45:00",30919,12.85,15.58,753.5,13.75,91.2
"2021-03-22 00:50:00",30920,12.85,15.57,753.4,13.75,91.2
"2021-03-22 00:55:00",30921,12.85,15.53,753.4,13.79,91
"2021-03-22 01:00:00",30922,12.85,15.51,753.4,13.77,89.9
"2021-03-22 01:05:00",30923,12.85,15.5,753.3,13.77,89.1
"2021-03-22 01:10:00",30924,12.85,15.49,753.3,13.81,89.1
"2021-03-22 01:15:00",30925,12.84,15.49,753.2,13.75,90.1
"2021-03-22 01:20:00",30926,12.84,15.49,753.2,13.67,90.9
"2021-03-22 01:25:00",30927,12.84,15.46,753.2,13.61,91.8
"2021-03-22 01:30:00",30928,12.84,15.44,753.2,13.66,92.2
"2021-03-22 01:35:00",30929,12.84,15.44,753.2,13.78,92.8
"2021-03-22 01:40:00",30930,12.84,15.38,753.1,13.71,92.5
"2021-03-22 01:45:00",30931,12.83,15.36,753.1,13.73,92
"2021-03-22 01:50:00",30932,12.83,15.34,753,13.71,92.4
"2021-03-22 01:55:00",30933,12.83,15.32,752.9,13.73,92.3
"2021-03-22 02:00:00",30934,12.83,15.3,752.9,13.73,92.6
"2021-03-22 02:05:00",30935,12.83,15.26,752.8,13.71,92.7
"2021-03-22 02:10:00",30936,12.83,15.23,752.8,13.67,92.5
"2021-03-22 02:15:00",30937,12.82,15.22,752.7,13.68,92.6
"2021-03-22 02:20:00",30938,12.82,15.17,752.6,13.7,92.4
"2021-03-22 02:25:00",30939,12.82,15.14,752.6,13.71,92.1
"2021-03-22 02:30:00",30940,12.82,15.1,752.6,13.71,93.1
"2021-03-22 02:35:00",30941,12.82,15.05,752.6,13.7,93.9
"2021-03-22 02:40:00",30942,12.82,15,752.6,13.61,93.9
"2021-03-22 02:45:00",30943,12.81,14.92,752.5,13.51,94.4
"2021-03-22 02:50:00",30944,12.81,14.86,752.5,13.41,94.5
"2021-03-22 02:55:00",30945,12.81,14.79,752.6,13.34,93.9
"2021-03-22 03:00:00",30946,12.81,14.73,752.6,13.39,93.1
"2021-03-22 03:05:00",30947,12.81,14.71,752.6,13.42,93.2
"2021-03-22 03:10:00",30948,12.8,14.68,752.6,13.42,93.3
"2021-03-22 03:15:00",30949,12.8,14.7,752.6,13.45,93.7
"2021-03-22 03:20:00",30950,12.8,14.7,752.6,13.54,93.6
"2021-03-22 03:25:00",30951,12.8,14.74,752.5,13.6,93.2
"2021-03-22 03:30:00",30952,12.79,14.77,752.5,13.65,92.9
"2021-03-22 03:35:00",30953,12.79,14.73,752.5,13.67,93.1
"2021-03-22 03:40:00",30954,12.79,14.74,752.5,13.63,92.8
"2021-03-22 03:45:00",30955,12.79,14.77,752.5,13.7,92.4
"2021-03-22 03:50:00",30956,12.78,14.8,752.5,13.78,92.5
"2021-03-22 03:55:00",30957,12.78,14.84,752.5,13.83,92.6
"2021-03-22 04:00:00",30958,12.78,14.89,752.5,13.74,92.2
"2021-03-22 04:05:00",30959,12.78,14.91,752.5,13.81,92.5
"2021-03-22 04:10:00",30960,12.78,14.92,752.5,13.83,92.2
"2021-03-22 04:15:00",30961,12.77,14.95,752.4,13.83,92.1
"2021-03-22 04:20:00",30962,12.77,14.96,752.4,13.79,91.6
"2021-03-22 04:25:00",30963,12.77,14.99,752.4,13.81,92.1
"2021-03-22 04:30:00",30964,12.76,14.98,752.4,13.75,92.3
"2021-03-22 04:35:00",30965,12.76,14.93,752.5,13.66,92.6
"2021-03-22 04:40:00",30966,12.76,14.9,752.4,13.65,93.1
"2021-03-22 04:45:00",30967,12.76,14.84,752.4,13.55,93.2
"2021-03-22 04:50:00",30968,12.75,14.83,752.4,13.51,93.6
"2021-03-22 04:55:00",30969,12.75,14.77,752.4,13.46,93.9
"2021-03-22 05:00:00",30970,12.75,14.74,752.5,13.48,94.1
"2021-03-22 05:05:00",30971,12.75,14.74,752.5,13.48,94.1
"2021-03-22 05:10:00",30972,12.74,14.73,752.4,13.49,94.1
"2021-03-22 05:15:00",30973,12.74,14.75,752.5,13.51,94.4
"2021-03-22 05:20:00",30974,12.74,14.75,752.6,13.55,94.3
"2021-03-22 05:25:00",30975,12.74,14.8,752.7,13.57,94.8
"2021-03-22 05:30:00",30976,12.73,14.81,752.6,13.61,94.8
"2021-03-22 05:35:00",30977,12.73,14.85,752.7,13.67,94.9
"2021-03-22 05:40:00",30978,12.72,14.87,752.7,13.7,95
"2021-03-22 05:45:00",30979,12.72,14.92,752.7,13.63,94.8
"2021-03-22 05:50:00",30980,12.72,14.94,752.8,13.63,94.7
"2021-03-22 05:55:00",30981,12.71,14.98,752.8,13.63,95
"2021-03-22 06:00:00",30982,12.71,15,752.9,13.58,94.9
"2021-03-22 06:05:00",30983,12.71,15,752.9,13.58,95
"2021-03-22 06:10:00",30984,12.7,15,752.9,13.55,94.8
"2021-03-22 06:15:00",30985,12.7,15.01,752.9,13.59,95
"2021-03-22 06:20:00",30986,12.7,15,752.9,13.61,94.9
"2021-03-22 06:25:00",30987,12.69,15.01,753,13.56,94.7
"2021-03-22 06:30:00",30988,12.69,15.01,753,13.49,94.7
"2021-03-22 06:35:00",30989,12.7,15.04,753,13.49,94.9
"2021-03-22 06:40:00",30990,12.7,14.99,753.1,13.48,95
"2021-03-22 06:45:00",30991,12.72,14.98,753.1,13.51,95.3
"2021-03-22 06:50:00",30992,12.74,14.98,753.1,13.51,95.3
"2021-03-22 06:55:00",30993,12.75,14.99,753.2,13.55,95.4
"2021-03-22 07:00:00",30994,12.76,14.99,753.3,13.6,95.4
"2021-03-22 07:05:00",30995,12.78,15.01,753.3,13.67,95.6
"2021-03-22 07:10:00",30996,12.84,15.06,753.4,13.67,95.5
"2021-03-22 07:15:00",30997,12.93,15.17,753.4,13.76,94.4
"2021-03-22 07:20:00",30998,13.05,15.27,753.5,13.87,93.7
"2021-03-22 07:25:00",30999,13.18,15.42,753.5,14.05,94.1
"2021-03-22 07:30:00",31000,13.3,15.56,753.6,13.99,93.7
"2021-03-22 07:35:00",31001,13.39,15.78,753.7,14.25,93
"2021-03-22 07:40:00",31002,13.51,16.01,753.8,14.35,91.3
"2021-03-22 07:45:00",31003,13.61,16.18,753.8,14.48,90.9
"2021-03-22 07:50:00",31004,13.65,16.45,753.8,14.52,90.1
"2021-03-22 07:55:00",31005,13.68,16.69,753.8,14.51,90.8
"2021-03-22 08:00:00",31006,13.7,16.92,753.9,14.83,89.7
"2021-03-22 08:05:00",31007,13.71,17.13,753.9,14.58,89.4
"2021-03-22 08:10:00",31008,13.73,17.37,753.9,14.76,88.3
"2021-03-22 08:15:00",31009,13.73,17.56,754,14.92,88.8
"2021-03-22 08:20:00",31010,13.72,17.74,754,15.12,86.7
"2021-03-22 08:25:00",31011,13.74,17.93,754,15.19,87.1
"2021-03-22 08:30:00",31012,13.81,18.16,754.1,15.64,85.4
"2021-03-22 08:35:00",31013,13.88,18.47,754.1,15.54,84.9
"2021-03-22 08:40:00",31014,13.94,18.76,754.1,15.72,82.9
"2021-03-22 08:45:00",31015,13.76,19.74,754.1,15.9,82.6
"2021-03-22 08:50:00",31016,13.73,20.44,754.2,15.95,81.1
"2021-03-22 08:55:00",31017,13.73,20.85,754.2,16.06,80.1
"2021-03-22 09:00:00",31018,13.73,21.16,754.2,15.72,79.59
"2021-03-22 09:05:00",31019,13.71,21.33,754.2,15.81,80
"2021-03-22 09:10:00",31020,13.71,21.51,754.2,16.05,77.49
"2021-03-22 09:15:00",31021,13.71,21.68,754.2,15.74,78.93
"2021-03-22 09:20:00",31022,13.71,21.82,754.2,15.95,79.2
"2021-03-22 09:25:00",31023,13.71,21.96,754.2,16.17,79.11
"2021-03-22 09:30:00",31024,13.71,22.12,754.1,16.83,77.45
"2021-03-22 09:35:00",31025,13.68,22.34,754.2,16.48,76.45
"2021-03-22 09:40:00",31026,13.68,22.53,754.2,17.06,75.04
"2021-03-22 09:45:00",31027,13.68,22.72,754.2,17.11,74.14
"2021-03-22 09:50:00",31028,13.68,22.93,754.1,16.94,75.04
"2021-03-22 09:55:00",31029,13.69,23.06,754.1,16.81,74.19
"2021-03-22 10:00:00",31030,13.69,23.09,754.1,16.86,74.69
"2021-03-22 10:05:00",31031,13.68,23.06,754.1,16.93,73.21
"2021-03-22 10:10:00",31032,13.69,23.02,754.1,16.83,72.65
"2021-03-22 10:15:00",31033,13.69,22.98,754.1,17.12,71.67
"2021-03-22 10:20:00",31034,13.69,22.93,754.1,16.82,74.79
"2021-03-22 10:25:00",31035,13.68,22.85,754.1,17.1,72.65
"2021-03-22 10:30:00",31036,13.69,22.69,754,16.44,81.7
"2021-03-22 10:35:00",31037,13.69,22.28,754,15.42,86
"2021-03-22 10:40:00",31038,13.69,21.67,754,14.83,88.5
"2021-03-22 10:45:00",31039,13.69,21.04,754,14.52,90
"2021-03-22 10:50:00",31040,13.69,20.5,754.1,14.51,90.3
"2021-03-22 10:55:00",31041,13.69,20.1,754,14.63,90.1
"2021-03-22 11:00:00",31042,13.69,19.84,753.9,14.53,90.6
"2021-03-22 11:05:00",31043,13.69,19.71,753.8,14.73,90.5
"2021-03-22 11:10:00",31044,13.69,19.73,753.8,15.67,92.8
"2021-03-22 11:15:00",31045,13.69,19.94,753.8,16.24,81
"2021-03-22 11:20:00",31046,13.69,20.19,753.7,15.84,81.5
"2021-03-22 11:25:00",31047,13.69,20.37,753.6,16.38,85.4
"2021-03-22 11:30:00",31048,13.7,20.63,753.5,17.06,78.99
"2021-03-22 11:35:00",31049,13.7,20.94,753.5,16.78,82.2
"2021-03-22 11:40:00",31050,13.7,21.25,753.4,17.2,77.11
"2021-03-22 11:45:00",31051,13.7,21.71,753.4,17.53,77.18
"2021-03-22 11:50:00",31052,13.7,22.17,753.2,16.95,75.38
"2021-03-22 11:55:00",31053,13.7,22.49,753.1,17.46,73.89
"2021-03-22 12:00:00",31054,13.7,22.79,753.1,18.39,71.22
"2021-03-22 12:05:00",31055,13.67,23.15,753,18.96,71.77
"2021-03-22 12:10:00",31056,13.67,23.59,752.9,18.28,71.67
"2021-03-22 12:15:00",31057,13.67,23.98,752.7,18.41,67.49
"2021-03-22 12:20:00",31058,13.64,24.25,752.6,18.59,65.25
"2021-03-22 12:25:00",31059,13.65,24.47,752.5,19.91,64.82
"2021-03-22 12:30:00",31060,13.65,24.75,752.4,20.22,61.15
"2021-03-22 12:35:00",31061,13.65,25.12,752.4,21.08,59.16
"2021-03-22 12:40:00",31062,13.62,25.54,752.3,19.96,60.41
"2021-03-22 12:45:00",31063,13.62,25.88,752.2,20.73,56.44
"2021-03-22 12:50:00",31064,13.62,26.32,752.1,21.41,56.51
"2021-03-22 12:55:00",31065,13.59,26.71,751.9,21.63,54.03
"2021-03-22 13:00:00",31066,13.6,27.06,751.9,21.91,51.28
"2021-03-22 13:05:00",31067,13.6,27.36,751.8,22.19,49.3
"2021-03-22 13:10:00",31068,13.6,27.62,751.8,22.08,49.98
"2021-03-22 13:15:00",31069,13.57,27.73,751.7,21.25,58.11
"2021-03-22 13:20:00",31070,13.58,27.49,751.7,19.9,60.13
"2021-03-22 13:25:00",31071,13.57,27.01,751.6,19.68,72.05
"2021-03-22 13:30:00",31072,13.57,26.53,751.5,20.58,65.21
"2021-03-22 13:35:00",31073,13.57,26.2,751.4,21.34,57.97
"2021-03-22 13:40:00",31074,13.58,26.16,751.3,22.05,55.89
"2021-03-22 13:45:00",31075,13.57,26.41,751.1,23.73,50.39
"2021-03-22 13:50:00",31076,13.58,26.9,751,20.73,54.09
"2021-03-22 13:55:00",31077,13.58,27.18,750.9,20.48,54.27
"2021-03-22 14:00:00",31078,13.58,27.25,750.8,20.6,54.87
"2021-03-22 14:05:00",31079,13.58,27.22,750.9,19.34,61.61
"2021-03-22 14:10:00",31080,13.58,27.11,751,19.76,62.88
"2021-03-22 14:15:00",31081,13.58,27.08,750.9,20.02,61
"2021-03-22 14:20:00",31082,13.58,27.07,750.9,20.74,54.83
"2021-03-22 14:25:00",31083,13.58,27.14,750.8,20.25,53.96
"2021-03-22 14:30:00",31084,13.58,27.2,750.7,21,53.38
"2021-03-22 14:35:00",31085,13.58,27.2,750.7,20.26,56.03
"2021-03-22 14:40:00",31086,13.58,27.13,750.7,19.77,59.32
"2021-03-22 14:45:00",31087,13.58,26.87,750.6,18.94,63.76
"2021-03-22 14:50:00",31088,13.58,26.47,750.6,19.02,60.56
"2021-03-22 14:55:00",31089,13.58,26.01,750.6,18.57,67.02
"2021-03-22 15:00:00",31090,13.58,25.43,750.5,17.99,74.6
"2021-03-22 15:05:00",31091,13.58,24.64,750.3,17.31,77.36
"2021-03-22 15:10:00",31092,13.6,23.82,750.3,17.41,77.26
"2021-03-22 15:15:00",31093,13.6,23.08,750.3,17.11,78.69
"2021-03-22 15:20:00",31094,13.63,22.48,750.2,17.43,76
"2021-03-22 15:25:00",31095,13.63,22.06,750.1,17.62,72.11
"2021-03-22 15:30:00",31096,13.63,21.83,750.2,18.02,75.69
"2021-03-22 15:35:00",31097,13.66,21.73,750.2,17.55,75.25
"2021-03-22 15:40:00",31098,13.66,21.72,750.2,17.79,69.83
"2021-03-22 15:45:00",31099,13.66,21.79,750.2,18.03,71.16
"2021-03-22 15:50:00",31100,13.66,21.75,750.2,18.01,68.79
"2021-03-22 15:55:00",31101,13.66,21.77,750.3,17.89,68.13
"2021-03-22 16:00:00",31102,13.66,21.8,750.3,17.72,67.95
"2021-03-22 16:05:00",31103,13.66,21.79,750.4,17.38,73.76
"2021-03-22 16:10:00",31104,13.66,21.77,750.4,16.85,74.6
"2021-03-22 16:15:00",31105,13.66,21.66,750.4,16.77,74.78
"2021-03-22 16:20:00",31106,13.66,21.55,750.3,16.4,74.68
"2021-03-22 16:25:00",31107,13.66,21.45,750.3,16.24,76.35
"2021-03-22 16:30:00",31108,13.66,21.3,750.3,15.99,77.81
"2021-03-22 16:35:00",31109,13.66,21.17,750.3,16.02,73.95
"2021-03-22 16:40:00",31110,13.66,21.07,750.3,16.18,73.98
"2021-03-22 16:45:00",31111,13.66,21.01,750.2,16.22,72.36
"2021-03-22 16:50:00",31112,13.69,20.94,750.2,16.22,73.48
"2021-03-22 16:55:00",31113,13.68,20.93,750.2,16.45,70.16
"2021-03-22 17:00:00",31114,13.69,20.9,750.2,16.36,71.1
"2021-03-22 17:05:00",31115,13.68,20.87,750.1,16.39,71.82
"2021-03-22 17:10:00",31116,13.69,20.85,750.2,16.53,71.85
"2021-03-22 17:15:00",31117,13.69,20.85,750.2,16.63,69.01
"2021-03-22 17:20:00",31118,13.69,20.88,750.2,16.56,71.48
"2021-03-22 17:25:00",31119,13.68,20.92,750.3,16.92,70.45
"2021-03-22 17:30:00",31120,13.69,20.98,750.3,16.91,70.34
"2021-03-22 17:35:00",31121,13.69,21.03,750.3,16.88,68.56
"2021-03-22 17:40:00",31122,13.69,21.04,750.4,16.97,69.21
"2021-03-22 17:45:00",31123,13.69,21.03,750.4,17.08,68.16
"2021-03-22 17:50:00",31124,13.69,21.01,750.4,17.05,69.43
"2021-03-22 17:55:00",31125,13.69,20.99,750.5,17.2,67.95
"2021-03-22 18:00:00",31126,13.68,20.75,750.5,17.29,65.7
"2021-03-22 18:05:00",31127,13.48,20.27,750.5,17.13,68.08
"2021-03-22 18:10:00",31128,13.27,19.98,750.6,17.05,67.92
"2021-03-22 18:15:00",31129,13.18,19.81,750.6,16.89,69.96
"2021-03-22 18:20:00",31130,13.1,19.63,750.7,16.78,71.98
"2021-03-22 18:25:00",31131,13.04,19.47,750.8,16.57,71.57
"2021-03-22 18:30:00",31132,13,19.32,750.8,16.58,73.01
"2021-03-22 18:35:00",31133,12.98,19.17,750.9,16.41,73
"2021-03-22 18:40:00",31134,12.98,18.97,750.9,16.38,73
"2021-03-22 18:45:00",31135,12.97,18.79,750.9,16.32,73.81
"2021-03-22 18:50:00",31136,12.97,18.64,751,16.29,72.04
"2021-03-22 18:55:00",31137,12.97,18.42,751.1,16.28,71.8
"2021-03-22 19:00:00",31138,12.96,18.3,751.2,16.41,72.43
"2021-03-22 19:05:00",31139,12.96,18.22,751.2,16.47,70.86
"2021-03-22 19:10:00",31140,12.96,18.16,751.3,16.5,70.87
"2021-03-22 19:15:00",31141,12.96,18.1,751.4,16.53,68.9
"2021-03-22 19:20:00",31142,12.96,18.07,751.5,16.63,69.59
"2021-03-22 19:25:00",31143,12.95,18.05,751.6,16.64,69.94
"2021-03-22 19:30:00",31144,12.95,18.05,751.6,16.69,69.48
"2021-03-22 19:35:00",31145,12.95,18.04,751.7,16.79,71.58
"2021-03-22 19:40:00",31146,12.95,18.05,751.8,16.74,73.29
"2021-03-22 19:45:00",31147,12.95,18.05,751.8,16.61,74.72
"2021-03-22 19:50:00",31148,12.95,18.06,751.8,16.52,76.8
"2021-03-22 19:55:00",31149,12.94,18.05,751.9,16.44,72.18
"2021-03-22 20:00:00",31150,12.94,18.05,751.9,16.52,77.36
"2021-03-22 20:05:00",31151,12.94,18.02,752,16.47,78.25
"2021-03-22 20:10:00",31152,12.94,17.95,752.1,16.4,78.01
"2021-03-22 20:15:00",31153,12.94,17.88,752.1,16.44,71.35
"2021-03-22 20:20:00",31154,12.93,17.86,752.2,16.55,74.85
"2021-03-22 20:25:00",31155,12.93,17.84,752.2,16.47,77.27
"2021-03-22 20:30:00",31156,12.93,17.84,752.3,16.34,78.64
"2021-03-22 20:35:00",31157,12.93,17.86,752.4,16.34,77.55
"2021-03-22 20:40:00",31158,12.93,17.82,752.5,16.27,80.2
"2021-03-22 20:45:00",31159,12.93,17.78,752.5,16.21,78.61
"2021-03-22 20:50:00",31160,12.92,17.7,752.6,16.19,78.75
"2021-03-22 20:55:00",31161,12.92,17.61,752.6,15.99,77.87
"2021-03-22 21:00:00",31162,12.92,17.53,752.7,15.8,80.3
"2021-03-22 21:05:00",31163,12.92,17.44,752.7,15.39,82.8
"2021-03-22 21:10:00",31164,12.92,17.35,752.8,15.07,82.5
"2021-03-22 21:15:00",31165,12.91,17.24,752.8,14.71,84.8
"2021-03-22 21:20:00",31166,12.91,17.09,752.9,14.57,84.6
"2021-03-22 21:25:00",31167,12.91,16.93,753,14.57,88.3
"2021-03-22 21:30:00",31168,12.91,16.81,753,14.55,89.6
"2021-03-22 21:35:00",31169,12.91,16.73,753.1,14.55,87.9
"2021-03-22 21:40:00",31170,12.9,16.65,753.1,14.67,87.6
"2021-03-22 21:45:00",31171,12.9,16.6,753.2,14.66,87.9
"2021-03-22 21:50:00",31172,12.9,16.54,753.3,14.69,87.6
"2021-03-22 21:55:00",31173,12.91,16.49,753.3,14.77,86.8
"2021-03-22 22:00:00",31174,12.91,16.42,753.3,14.8,87.3
"2021-03-22 22:05:00",31175,12.91,16.37,753.3,14.64,85.8
"2021-03-22 22:10:00",31176,12.9,16.33,753.4,14.72,86
"2021-03-22 22:15:00",31177,12.9,16.29,753.4,14.8,86.1
"2021-03-22 22:20:00",31178,12.9,16.26,753.4,14.81,87.1
"2021-03-22 22:25:00",31179,12.9,16.22,753.5,14.68,87.9
"2021-03-22 22:30:00",31180,12.9,16.15,753.5,14.49,88.3
"2021-03-22 22:35:00",31181,12.9,16.06,753.6,14.35,89.3
"2021-03-22 22:40:00",31182,12.9,15.93,753.6,14.35,89.7
"2021-03-22 22:45:00",31183,12.89,15.88,753.6,14.31,90.4
"2021-03-22 22:50:00",31184,12.89,15.8,753.7,14.35,89.3
"2021-03-22 22:55:00",31185,12.89,15.76,753.7,14.34,89.7
"2021-03-22 23:00:00",31186,12.89,15.68,753.7,14.27,86.4
"2021-03-22 23:05:00",31187,12.89,15.66,753.7,14.21,84.5
"2021-03-22 23:10:00",31188,12.89,15.52,753.8,14.11,85.7
"2021-03-22 23:15:00",31189,12.88,15.45,753.8,14.12,86
"2021-03-22 23:20:00",31190,12.88,15.41,753.8,14.11,86.2
"2021-03-22 23:25:00",31191,12.88,15.38,753.8,14.12,86.5
"2021-03-22 23:30:00",31192,12.88,15.4,753.8,14.2,86.2
"2021-03-22 23:35:00",31193,12.88,15.14,753.8,14.18,86.1
"2021-03-22 23:40:00",31194,12.88,15.07,753.9,14.17,86
"2021-03-22 23:45:00",31195,12.88,15.04,753.9,14.15,86.4
"2021-03-22 23:50:00",31196,12.88,15.03,753.9,14.19,87.6
"2021-03-22 23:55:00",31197,12.88,15.02,753.9,14.2,88.5
"2021-03-23 00:00:00",31198,12.87,15,753.9,14.19,86.7
"2021-03-23 00:05:00",31199,12.87,14.96,753.8,14.13,87.5
"2021-03-23 00:10:00",31200,12.87,14.92,753.8,14.05,87.5
"2021-03-23 00:15:00",31201,12.87,14.84,753.8,14,87.5
"2021-03-23 00:20:00",31202,12.87,14.78,753.7,13.98,88
"2021-03-23 00:25:00",31203,12.87,14.72,753.7,14.15,88.8
"2021-03-23 00:30:00",31204,12.87,14.68,753.7,14.19,89
"2021-03-23 00:35:00",31205,12.86,14.65,753.7,14.04,86.6
"2021-03-23 00:40:00",31206,12.86,14.63,753.7,14.07,88.2
"2021-03-23 00:45:00",31207,12.86,14.62,753.7,14.09,88.7
"2021-03-23 00:50:00",31208,12.85,14.6,753.6,14.13,89.2
"2021-03-23 00:55:00",31209,12.86,14.56,753.6,14.07,89.5
"2021-03-23 01:00:00",31210,12.85,14.55,753.5,14.01,89.7
"2021-03-23 01:05:00",31211,12.85,14.51,753.5,13.84,90.3
"2021-03-23 01:10:00",31212,12.85,14.44,753.4,13.7,90.9
"2021-03-23 01:15:00",31213,12.84,14.36,753.4,13.57,91.3
"2021-03-23 01:20:00",31214,12.84,14.28,753.3,13.67,90.7
"2021-03-23 01:25:00",31215,12.84,14.18,753.3,13.53,91.7
"2021-03-23 01:30:00",31216,12.84,14.08,753.3,13.58,91.3
"2021-03-23 01:35:00",31217,12.84,14.01,753.3,13.57,91.4
"2021-03-23 01:40:00",31218,12.83,13.92,753.2,13.45,91.6
"2021-03-23 01:45:00",31219,12.83,13.82,753.2,13.45,91.8
"2021-03-23 01:50:00",31220,12.83,13.74,753.1,13.45,91.7
"2021-03-23 01:55:00",31221,12.83,13.66,753.1,13.34,91.7
"2021-03-23 02:00:00",31222,12.83,13.6,753,13.05,92.8
"2021-03-23 02:05:00",31223,12.83,13.52,753,12.82,93.7
"2021-03-23 02:10:00",31224,12.82,13.44,753,12.75,92.5
"2021-03-23 02:15:00",31225,12.82,13.39,753,12.78,92.8
"2021-03-23 02:20:00",31226,12.82,13.32,752.9,12.72,93.1
"2021-03-23 02:25:00",31227,12.82,13.28,752.9,12.68,92.8
"2021-03-23 02:30:00",31228,12.82,13.22,752.8,12.65,92.7
"2021-03-23 02:35:00",31229,12.81,13.17,752.8,12.62,92.2
"2021-03-23 02:40:00",31230,12.81,13.1,752.7,12.82,91.7
"2021-03-23 02:45:00",31231,12.81,13.07,752.7,12.93,91.1
"2021-03-23 02:50:00",31232,12.81,13.03,752.7,12.91,92.2
"2021-03-23 02:55:00",31233,12.81,13.02,752.7,12.88,92.3
"2021-03-23 03:00:00",31234,12.8,13.02,752.7,12.94,91.5
"2021-03-23 03:05:00",31235,12.8,13.03,752.7,12.79,91.3
"2021-03-23 03:10:00",31236,12.8,13.02,752.7,12.58,91.3
"2021-03-23 03:15:00",31237,12.8,13,752.7,12.54,91.6
"2021-03-23 03:20:00",31238,12.8,12.97,752.6,12.44,91.5
"2021-03-23 03:25:00",31239,12.79,12.94,752.6,12.4,91.7
"2021-03-23 03:30:00",31240,12.79,12.89,752.6,12.36,91.1
"2021-03-23 03:35:00",31241,12.79,12.85,752.5,12.32,90.1
"2021-03-23 03:40:00",31242,12.79,12.8,752.6,12.37,90.4
"2021-03-23 03:45:00",31243,12.79,12.75,752.6,12.42,91.6
"2021-03-23 03:50:00",31244,12.79,12.7,752.7,12.41,92
"2021-03-23 03:55:00",31245,12.79,12.66,752.6,12.26,93.1
"2021-03-23 04:00:00",31246,12.79,12.62,752.6,12.25,94.1
"2021-03-23 04:05:00",31247,12.78,12.59,752.6,12.09,94.3
"2021-03-23 04:10:00",31248,12.78,12.56,752.6,12.07,94
"2021-03-23 04:15:00",31249,12.78,12.55,752.5,12.12,93.6
"2021-03-23 04:20:00",31250,12.78,12.54,752.5,12.11,93.8
"2021-03-23 04:25:00",31251,12.77,12.56,752.6,12.34,93.9
"2021-03-23 04:30:00",31252,12.77,12.57,752.6,12.44,93.6
"2021-03-23 04:35:00",31253,12.75,12.84,752.5,12.44,93
"2021-03-23 04:40:00",31254,12.75,13.03,752.6,12.49,92.2
"2021-03-23 04:45:00",31255,12.75,13.1,752.6,12.46,92.9
"2021-03-23 04:50:00",31256,12.75,13.15,752.6,12.42,92.7
"2021-03-23 04:55:00",31257,12.74,13.18,752.6,12.29,93.5
"2021-03-23 05:00:00",31258,12.74,13.17,752.7,12.22,93.5
"2021-03-23 05:05:00",31259,12.74,13.16,752.7,12.22,93
"2021-03-23 05:10:00",31260,12.73,13.14,752.7,12.08,93.2
"2021-03-23 05:15:00",31261,12.73,13.12,752.7,12.05,93.5
"2021-03-23 05:20:00",31262,12.72,13.12,752.7,12.04,93.7
"2021-03-23 05:25:00",31263,12.72,13.08,752.8,11.98,93.9
"2021-03-23 05:30:00",31264,12.72,13.02,752.9,11.92,94.2
"2021-03-23 05:35:00",31265,12.71,12.95,752.9,11.82,94.1
"2021-03-23 05:40:00",31266,12.71,12.87,752.9,11.67,94.7
"2021-03-23 05:45:00",31267,12.7,12.79,752.8,11.71,95.4
"2021-03-23 05:50:00",31268,12.7,12.72,752.9,11.76,95.2
"2021-03-23 05:55:00",31269,12.7,12.65,752.9,11.9,94.8
"2021-03-23 06:00:00",31270,12.69,12.5,753,11.93,94.2
"2021-03-23 06:05:00",31271,12.69,12.43,753.1,11.81,95.1
"2021-03-23 06:10:00",31272,12.68,12.39,753.1,11.81,95.8
"2021-03-23 06:15:00",31273,12.68,12.4,753.1,11.93,95.4
"2021-03-23 06:20:00",31274,12.68,12.44,753.2,11.97,95.3
"2021-03-23 06:25:00",31275,12.67,12.53,753.2,12.04,95
"2021-03-23 06:30:00",31276,12.67,12.65,753.2,12.05,95
"2021-03-23 06:35:00",31277,12.68,12.74,753.3,12.04,94.8
"2021-03-23 06:40:00",31278,12.75,12.85,753.3,12.15,93.3
"2021-03-23 06:45:00",31279,12.78,12.94,753.3,12.21,92.7
"2021-03-23 06:50:00",31280,12.74,13,753.4,12.16,93.5
"2021-03-23 06:55:00",31281,12.77,13.03,753.5,12.06,93.9
"2021-03-23 07:00:00",31282,12.88,13.15,753.5,12.12,93.8
"2021-03-23 07:05:00",31283,13.13,13.4,753.5,12.6,91.3
"2021-03-23 07:10:00",31284,13.63,13.77,753.5,13.23,88.9
"2021-03-23 07:15:00",31285,13.65,14.3,753.6,14.61,82.1
"2021-03-23 07:20:00",31286,13.58,14.59,753.6,14.61,80.9
"2021-03-23 07:25:00",31287,13.51,14.73,753.6,14.28,81.5
"2021-03-23 07:30:00",31288,13.58,14.97,753.6,14.06,83
"2021-03-23 07:35:00",31289,13.81,15.34,753.6,13.83,84.8
"2021-03-23 07:40:00",31290,13.88,15.9,753.6,14.01,83.6
"2021-03-23 07:45:00",31291,13.82,17.4,753.6,15.12,80.7
"2021-03-23 07:50:00",31292,13.79,18.24,753.7,16.3,74.8
"2021-03-23 07:55:00",31293,13.76,19.01,753.8,15.74,76.86
"2021-03-23 08:00:00",31294,13.76,19.68,753.8,16.69,74.34
"2021-03-23 08:05:00",31295,13.73,20.35,753.9,16.88,72.4
"2021-03-23 08:10:00",31296,13.73,20.96,753.9,16.4,74.6
"2021-03-23 08:15:00",31297,13.71,21.59,754,18.03,67.66
"2021-03-23 08:20:00",31298,13.71,22.28,754,18.21,67.4
"2021-03-23 08:25:00",31299,13.68,22.74,754,16.49,72.42
"2021-03-23 08:30:00",31300,13.68,23.17,754,17.62,68.84
"2021-03-23 08:35:00",31301,13.68,23.66,754,19.03,60.65
"2021-03-23 08:40:00",31302,13.65,24.11,754,17.85,66.09
"2021-03-23 08:45:00",31303,13.65,24.43,754,17.35,68.88
"2021-03-23 08:50:00",31304,13.65,24.59,754,17.67,68.82
"2021-03-23 08:55:00",31305,13.65,24.89,754.1,19.6,60.14
"2021-03-23 09:00:00",31306,13.63,25.3,754,19.67,62.9
"2021-03-23 09:05:00",31307,13.63,25.81,754.1,17.59,67.2
"2021-03-23 09:10:00",31308,13.61,26.21,754.1,17.42,69.59
"2021-03-23 09:15:00",31309,13.6,26.37,754,17.71,69
"2021-03-23 09:20:00",31310,13.6,26.7,754.1,18.55,64.11
"2021-03-23 09:25:00",31311,13.6,26.87,754.1,17.96,67.32
"2021-03-23 09:30:00",31312,13.6,26.76,754.1,17.87,67.98
"2021-03-23 09:35:00",31313,13.61,26.47,754.1,16.67,71.96
"2021-03-23 09:40:00",31314,13.6,26.04,754,16.72,70.91
"2021-03-23 09:45:00",31315,13.61,25.61,754.1,16.95,70.69
"2021-03-23 09:50:00",31316,13.6,25.22,754.1,17.27,70.52
"2021-03-23 09:55:00",31317,13.61,24.91,754.1,16.87,70.24
"2021-03-23 10:00:00",31318,13.61,24.59,754.1,17.21,69.93
"2021-03-23 10:05:00",31319,13.61,24.39,754.1,17.81,66.36
"2021-03-23 10:10:00",31320,13.61,24.3,754.1,17.21,67.22
"2021-03-23 10:15:00",31321,13.61,24.2,754,17.43,66.64
"2021-03-23 10:20:00",31322,13.61,24.18,754,18.07,64.21
"2021-03-23 10:25:00",31323,13.61,24.26,754,18,63.48
"2021-03-23 10:30:00",31324,13.61,24.37,754,17.67,68.76
"2021-03-23 10:35:00",31325,13.61,24.45,753.9,17.49,69.43
"2021-03-23 10:40:00",31326,13.61,24.51,753.8,17.66,68.41
"2021-03-23 10:45:00",31327,13.61,24.54,753.8,17.15,70.67
"2021-03-23 10:50:00",31328,13.61,24.51,753.8,17.06,68.01
"2021-03-23 10:55:00",31329,13.61,24.46,753.7,17.66,67.47
"2021-03-23 11:00:00",31330,13.61,24.49,753.7,17.85,67.48
"2021-03-23 11:05:00",31331,13.61,24.53,753.7,18.27,65.73
"2021-03-23 11:10:00",31332,13.61,24.65,753.7,18.67,64.73
"2021-03-23 11:15:00",31333,13.62,24.84,753.6,18.96,62.45
"2021-03-23 11:20:00",31334,13.61,25.11,753.6,19.29,58.97
"2021-03-23 11:25:00",31335,13.62,25.41,753.5,19.43,58.56
"2021-03-23 11:30:00",31336,13.62,25.71,753.4,19.62,56.94
"2021-03-23 11:35:00",31337,13.62,25.95,753.4,20.05,56.86
"2021-03-23 11:40:00",31338,13.62,26.19,753.4,19.56,58.16
"2021-03-23 11:45:00",31339,13.62,26.4,753.3,19.36,55.86
"2021-03-23 11:50:00",31340,13.62,26.56,753.3,19.51,56.74
"2021-03-23 11:55:00",31341,13.59,26.7,753.2,19.64,56.36
"2021-03-23 12:00:00",31342,13.6,26.82,753.1,19.98,54.69
"2021-03-23 12:05:00",31343,13.59,26.93,753,19.52,53.76
"2021-03-23 12:10:00",31344,13.6,27.01,752.9,19.5,53.26
"2021-03-23 12:15:00",31345,13.6,27.2,752.8,21.58,47.13
"2021-03-23 12:20:00",31346,13.6,27.62,752.8,22.78,42.16
"2021-03-23 12:25:00",31347,13.6,28.05,752.7,20.39,45.83
"2021-03-23 12:30:00",31348,13.57,28.27,752.6,20.03,49.4
"2021-03-23 12:35:00",31349,13.57,28.31,752.5,20.05,49.52
"2021-03-23 12:40:00",31350,13.57,28.3,752.4,21.31,42.22
"2021-03-23 12:45:00",31351,13.57,28.43,752.3,23.1,38.12
"2021-03-23 12:50:00",31352,13.57,28.69,752.2,22.17,42.42
"2021-03-23 12:55:00",31353,13.58,28.92,752.1,22.69,38.99
"2021-03-23 13:00:00",31354,13.55,29.14,752,23.38,38.74
"2021-03-23 13:05:00",31355,13.55,29.43,751.9,24.15,38.03
"2021-03-23 13:10:00",31356,13.55,29.77,751.8,24.21,36.78
"2021-03-23 13:15:00",31357,13.55,30.03,751.7,22,40.91
"2021-03-23 13:20:00",31358,13.55,30.09,751.6,22.06,41.21
"2021-03-23 13:25:00",31359,13.55,30.11,751.5,23.49,37.4
"2021-03-23 13:30:00",31360,13.55,30.18,751.4,23.07,38.61
"2021-03-23 13:35:00",31361,13.55,30.13,751.2,22.71,38.8
"2021-03-23 13:40:00",31362,13.56,30.06,751.1,22.38,39.03
"2021-03-23 13:45:00",31363,13.55,29.98,751,22.53,37.07
"2021-03-23 13:50:00",31364,13.55,29.88,751,22.66,38.79
"2021-03-23 13:55:00",31365,13.56,29.81,750.9,22.21,38.75
"2021-03-23 14:00:00",31366,13.56,29.76,750.7,23.17,36.87
"2021-03-23 14:05:00",31367,13.56,29.78,750.6,23.73,35.41
"2021-03-23 14:10:00",31368,13.55,29.88,750.6,24.32,34.6
"2021-03-23 14:15:00",31369,13.56,30.03,750.5,23.78,36.87
"2021-03-23 14:20:00",31370,13.55,30.07,750.5,22.99,41.5
"2021-03-23 14:25:00",31371,13.53,29.93,750.4,22.1,41.05
"2021-03-23 14:30:00",31372,13.53,29.72,750.3,22.61,39.38
"2021-03-23 14:35:00",31373,13.53,29.64,750.2,23.01,39.09
"2021-03-23 14:40:00",31374,13.53,29.7,750.1,24.17,36.44
"2021-03-23 14:45:00",31375,13.53,29.85,750,23.26,37.61
"2021-03-23 14:50:00",31376,13.53,29.82,749.9,22.15,39
"2021-03-23 14:55:00",31377,13.53,29.6,749.9,22.9,38.85
"2021-03-23 15:00:00",31378,13.53,29.49,749.8,23.34,38.21
"2021-03-23 15:05:00",31379,13.53,29.5,749.7,23.16,37.86
"2021-03-23 15:10:00",31380,13.53,29.45,749.7,22.87,37.7
"2021-03-23 15:15:00",31381,13.53,29.51,749.6,23.89,35.62
"2021-03-23 15:20:00",31382,13.53,29.73,749.5,23.44,36.37
"2021-03-23 15:25:00",31383,13.53,29.71,749.4,23.07,37.46
"2021-03-23 15:30:00",31384,13.53,29.64,749.3,23.35,37.22
"2021-03-23 15:35:00",31385,13.53,29.67,749.3,24.5,35.35
"2021-03-23 15:40:00",31386,13.53,29.88,749.3,24.24,33.86
"2021-03-23 15:45:00",31387,13.53,29.93,749.2,22.79,37.1
"2021-03-23 15:50:00",31388,13.53,29.74,749.2,22.71,36.17
"2021-03-23 15:55:00",31389,13.52,29.39,749.1,22.24,37.83
"2021-03-23 16:00:00",31390,13.52,29.01,749.1,22.28,37.51
"2021-03-23 16:05:00",31391,13.52,28.66,749.1,22.31,38.95
"2021-03-23 16:10:00",31392,13.53,28.4,749,22.47,38.97
"2021-03-23 16:15:00",31393,13.52,28.23,748.9,22.09,40.27
"2021-03-23 16:20:00",31394,13.52,28.04,748.8,22.13,39.2
"2021-03-23 16:25:00",31395,13.52,27.86,748.7,22.33,39.97
"2021-03-23 16:30:00",31396,13.52,27.71,748.7,22.43,40.08
"2021-03-23 16:35:00",31397,13.52,27.61,748.7,22.31,39.67
"2021-03-23 16:40:00",31398,13.52,27.56,748.7,22.19,37.7
"2021-03-23 16:45:00",31399,13.52,27.48,748.6,22.1,38.54
"2021-03-23 16:50:00",31400,13.53,27.38,748.5,22.09,39.19
"2021-03-23 16:55:00",31401,13.52,27.3,748.5,22.64,38.92
"2021-03-23 17:00:00",31402,13.52,27.33,748.5,22.32,38.63
"2021-03-23 17:05:00",31403,13.53,27.38,748.5,22.94,39.41
"2021-03-23 17:10:00",31404,13.52,27.5,748.4,22.42,37.52
"2021-03-23 17:15:00",31405,13.52,27.56,748.4,22.44,38.31
"2021-03-23 17:20:00",31406,13.52,27.54,748.4,22.09,38.7
"2021-03-23 17:25:00",31407,13.52,27.48,748.4,22.18,35.92
"2021-03-23 17:30:00",31408,13.52,27.37,748.5,22.07,37.95
"2021-03-23 17:35:00",31409,13.52,27.22,748.4,22.08,38.93
"2021-03-23 17:40:00",31410,13.53,27.04,748.4,22.25,37.9
"2021-03-23 17:45:00",31411,13.52,26.98,748.4,22.11,37.82
"2021-03-23 17:50:00",31412,13.52,26.99,748.4,22.8,36.51
"2021-03-23 17:55:00",31413,13.52,27.07,748.4,22.82,36.38
"2021-03-23 18:00:00",31414,13.45,26.92,748.5,22.72,36.04
"2021-03-23 18:05:00",31415,13.25,26.51,748.5,22.69,36.36
"2021-03-23 18:10:00",31416,13.16,26.34,748.5,22.47,35.55
"2021-03-23 18:15:00",31417,13.08,26.1,748.5,21.99,37.15
"2021-03-23 18:20:00",31418,13.03,25.79,748.6,21.71,40
"2021-03-23 18:25:00",31419,13.01,25.41,748.6,21.29,40.6
"2021-03-23 18:30:00",31420,12.99,25,748.7,21.19,40.53
"2021-03-23 18:35:00",31421,12.98,24.56,748.8,21.09,40.39
"2021-03-23 18:40:00",31422,12.98,24.1,748.8,21.16,39.74
"2021-03-23 18:45:00",31423,12.97,23.68,748.8,20.97,42.22
"2021-03-23 18:50:00",31424,12.97,23.34,748.8,20.74,40.7
"2021-03-23 18:55:00",31425,12.97,23.01,748.9,20.84,41.3
"2021-03-23 19:00:00",31426,12.96,22.74,749,20.5,45.62
"2021-03-23 19:05:00",31427,12.97,22.49,749,20.15,46.82
"2021-03-23 19:10:00",31428,12.96,22.24,749.1,20.15,47.71
"2021-03-23 19:15:00",31429,12.96,22.04,749.1,19.98,49.2
"2021-03-23 19:20:00",31430,12.96,21.84,749.2,19.72,51.95
"2021-03-23 19:25:00",31431,12.95,21.62,749.3,19.42,52.32
"2021-03-23 19:30:00",31432,12.95,21.42,749.4,19.04,53.81
"2021-03-23 19:35:00",31433,12.95,21.22,749.4,18.82,52.98
"2021-03-23 19:40:00",31434,12.95,21.01,749.4,18.79,53.1
"2021-03-23 19:45:00",31435,12.94,20.81,749.5,18.78,52.47
"2021-03-23 19:50:00",31436,12.94,20.64,749.6,18.8,51.54
"2021-03-23 19:55:00",31437,12.94,20.48,749.6,19.03,51.33
"2021-03-23 20:00:00",31438,12.94,20.35,749.7,18.94,52.84
"2021-03-23 20:05:00",31439,12.93,20.25,749.7,18.8,52.63
"2021-03-23 20:10:00",31440,12.93,20.13,749.8,18.78,52.41
"2021-03-23 20:15:00",31441,12.93,20.04,749.9,18.7,52.99
"2021-03-23 20:20:00",31442,12.93,19.95,749.9,18.49,53.36
"2021-03-23 20:25:00",31443,12.93,19.87,750,18.42,54.09
"2021-03-23 20:30:00",31444,12.92,19.75,750.1,18.26,55.12
"2021-03-23 20:35:00",31445,12.92,19.66,750.2,18.23,55.36
"2021-03-23 20:40:00",31446,12.92,19.56,750.3,18.05,56.22
"2021-03-23 20:45:00",31447,12.92,19.43,750.4,17.77,57.36
"2021-03-23 20:50:00",31448,12.92,19.3,750.5,17.73,59.09
"2021-03-23 20:55:00",31449,12.91,19.18,750.6,17.53,60.26
"2021-03-23 21:00:00",31450,12.91,19.06,750.6,17.38,59.79
"2021-03-23 21:05:00",31451,12.91,18.95,750.7,17.53,59.27
"2021-03-23 21:10:00",31452,12.91,18.85,750.7,17.57,60.33
"2021-03-23 21:15:00",31453,12.91,18.8,750.8,17.43,60.19
"2021-03-23 21:20:00",31454,12.91,18.73,750.8,17.44,59.92
"2021-03-23 21:25:00",31455,12.9,18.67,750.8,17.31,61.37
"2021-03-23 21:30:00",31456,12.9,18.58,750.9,16.97,64.38
"2021-03-23 21:35:00",31457,12.9,18.37,750.9,16.61,64.29
"2021-03-23 21:40:00",31458,12.9,18.2,750.9,16.65,64.74
"2021-03-23 21:45:00",31459,12.9,18.07,750.9,16.63,65.88
"2021-03-23 21:50:00",31460,12.9,17.95,751,16.45,66.88
"2021-03-23 21:55:00",31461,12.89,17.86,751.1,16.25,68.59
"2021-03-23 22:00:00",31462,12.89,17.78,751.1,16.21,68.15
"2021-03-23 22:05:00",31463,12.89,17.69,751.1,15.92,69.98
"2021-03-23 22:10:00",31464,12.89,17.6,751.2,15.96,69.95
"2021-03-23 22:15:00",31465,12.89,17.52,751.2,15.92,70.93
"2021-03-23 22:20:00",31466,12.89,17.45,751.2,15.66,69.49
"2021-03-23 22:25:00",31467,12.89,17.35,751.2,15.43,68
"2021-03-23 22:30:00",31468,12.88,17.23,751.2,15.37,68.92
"2021-03-23 22:35:00",31469,12.88,17.13,751.3,15.52,67.12
"2021-03-23 22:40:00",31470,12.88,17.02,751.3,15.33,68.3
"2021-03-23 22:45:00",31471,12.88,16.91,751.3,15.1,69.53
"2021-03-23 22:50:00",31472,12.88,16.82,751.4,15.31,68.68
"2021-03-23 22:55:00",31473,12.88,16.73,751.4,15.17,68.36
"2021-03-23 23:00:00",31474,12.87,16.59,751.4,15.02,69.63
"2021-03-23 23:05:00",31475,12.87,16.48,751.5,15.08,68.69
"2021-03-23 23:10:00",31476,12.87,16.39,751.5,15.09,68.32
"2021-03-23 23:15:00",31477,12.87,16.31,751.5,15.1,69.5
"2021-03-23 23:20:00",31478,12.87,16.26,751.5,15.05,69.23
"2021-03-23 23:25:00",31479,12.87,16.21,751.4,14.83,70.63
"2021-03-23 23:30:00",31480,12.86,16.13,751.5,14.7,70.35
"2021-03-23 23:35:00",31481,12.86,16.04,751.5,14.58,70.64
"2021-03-23 23:40:00",31482,12.86,15.94,751.5,14.7,71.04
"2021-03-23 23:45:00",31483,12.86,15.87,751.6,14.67,70.69
"2021-03-23 23:50:00",31484,12.86,15.79,751.6,14.62,70.79
"2021-03-23 23:55:00",31485,12.86,15.73,751.6,14.67,72.66
"2021-03-24 00:00:00",31486,12.86,15.67,751.7,14.6,72.02
"2021-03-24 00:05:00",31487,12.85,15.62,751.7,14.49,72.54
"2021-03-24 00:10:00",31488,12.85,15.59,751.7,14.64,70.86
"2021-03-24 00:15:00",31489,12.85,15.57,751.7,14.59,71.16
"2021-03-24 00:20:00",31490,12.85,15.55,751.7,14.6,71.79
"2021-03-24 00:25:00",31491,12.85,15.54,751.8,14.64,71.97
"2021-03-24 00:30:00",31492,12.85,15.55,751.8,14.61,72.94
"2021-03-24 00:35:00",31493,12.84,15.56,751.8,14.53,73.71
"2021-03-24 00:40:00",31494,12.84,15.57,751.8,14.59,75.14
"2021-03-24 00:45:00",31495,12.84,15.51,751.8,14.51,74.98
"2021-03-24 00:50:00",31496,12.84,15.5,751.8,14.32,76.46
"2021-03-24 00:55:00",31497,12.84,15.48,751.8,14.37,75.6
"2021-03-24 01:00:00",31498,12.84,15.48,751.8,14.32,75.98
"2021-03-24 01:05:00",31499,12.83,15.5,751.8,14.34,76.07
"2021-03-24 01:10:00",31500,12.83,15.5,751.8,14.13,77.2
"2021-03-24 01:15:00",31501,12.83,15.5,751.8,14.05,77.71
"2021-03-24 01:20:00",31502,12.83,15.48,751.8,13.97,77.64
"2021-03-24 01:25:00",31503,12.83,15.43,751.7,14,77.06
"2021-03-24 01:30:00",31504,12.83,15.37,751.7,13.95,76.77
"2021-03-24 01:35:00",31505,12.82,15.31,751.7,13.89,75.25
"2021-03-24 01:40:00",31506,12.82,15.24,751.7,13.71,75.91
"2021-03-24 01:45:00",31507,12.82,15.16,751.7,13.62,75.92
"2021-03-24 01:50:00",31508,12.82,15.06,751.6,13.57,78.66
"2021-03-24 01:55:00",31509,12.82,14.96,751.5,13.48,78.89
"2021-03-24 02:00:00",31510,12.82,14.88,751.5,13.69,77.88
"2021-03-24 02:05:00",31511,12.81,14.82,751.4,13.85,77.61
"2021-03-24 02:10:00",31512,12.81,14.74,751.4,14.11,76.72
"2021-03-24 02:15:00",31513,12.81,14.73,751.4,13.93,76.96
"2021-03-24 02:20:00",31514,12.81,14.72,751.3,13.84,77.25
"2021-03-24 02:25:00",31515,12.8,14.72,751.3,13.75,77.76
"2021-03-24 02:30:00",31516,12.8,14.74,751.2,13.71,77.64
"2021-03-24 02:35:00",31517,12.8,14.76,751.2,13.68,78.1
"2021-03-24 02:40:00",31518,12.8,14.75,751.1,13.68,77.16
"2021-03-24 02:45:00",31519,12.79,14.73,751.1,13.81,78.27
"2021-03-24 02:50:00",31520,12.79,14.71,751,13.73,79.58
"2021-03-24 02:55:00",31521,12.79,14.67,751,13.39,81.6
"2021-03-24 03:00:00",31522,12.78,14.66,751,13.24,81.8
"2021-03-24 03:05:00",31523,12.78,14.63,751,13.19,81.5
"2021-03-24 03:10:00",31524,12.78,14.6,751,13.1,81.6
"2021-03-24 03:15:00",31525,12.78,14.57,750.9,13.04,82
"2021-03-24 03:20:00",31526,12.77,14.55,750.9,13.01,82.9
"2021-03-24 03:25:00",31527,12.77,14.49,750.9,13.02,82.5
"2021-03-24 03:30:00",31528,12.77,14.47,750.9,13.06,81.8
"2021-03-24 03:35:00",31529,12.76,14.47,750.9,13.25,81.5
"2021-03-24 03:40:00",31530,12.76,14.49,750.9,13.26,80.1
"2021-03-24 03:45:00",31531,12.76,14.54,750.9,13.14,78.82
"2021-03-24 03:50:00",31532,12.77,14.52,750.9,13.07,77.98
"2021-03-24 03:55:00",31533,12.76,14.49,750.8,13.13,78.4
"2021-03-24 04:00:00",31534,12.76,14.5,750.9,13.15,78.6
"2021-03-24 04:05:00",31535,12.76,14.49,750.8,13.17,78.63
"2021-03-24 04:10:00",31536,12.76,14.49,750.8,13.13,78.79
"2021-03-24 04:15:00",31537,12.75,14.47,750.7,13.08,79.3
"2021-03-24 04:20:00",31538,12.75,14.42,750.7,13.02,79.79
"2021-03-24 04:25:00",31539,12.74,14.36,750.7,13.1,80.1
"2021-03-24 04:30:00",31540,12.74,14.3,750.7,13,81.3
"2021-03-24 04:35:00",31541,12.74,14.25,750.8,12.82,83.3
"2021-03-24 04:40:00",31542,12.74,14.17,750.8,12.68,84
"2021-03-24 04:45:00",31543,12.73,14.1,750.8,12.64,85.8
"2021-03-24 04:50:00",31544,12.73,14.03,750.8,12.55,85.9
"2021-03-24 04:55:00",31545,12.73,13.96,750.8,12.72,84.9
"2021-03-24 05:00:00",31546,12.72,13.9,750.9,12.81,84.1
"2021-03-24 05:05:00",31547,12.72,13.87,750.9,12.9,83.1
"2021-03-24 05:10:00",31548,12.72,13.79,751,13,81.6
"2021-03-24 05:15:00",31549,12.71,13.78,751,13.1,81.8
"2021-03-24 05:20:00",31550,12.71,13.81,751,13.27,80.5
"2021-03-24 05:25:00",31551,12.7,13.85,751,13.3,80.9
"2021-03-24 05:30:00",31552,12.7,13.9,751.2,13.19,81.9
"2021-03-24 05:35:00",31553,12.7,13.94,751.2,13.12,82.4
"2021-03-24 05:40:00",31554,12.69,13.95,751.2,13.17,82.3
"2021-03-24 05:45:00",31555,12.69,13.91,751.3,12.95,83
"2021-03-24 05:50:00",31556,12.69,13.9,751.3,12.91,83.4
"2021-03-24 05:55:00",31557,12.68,13.86,751.4,12.9,82.8
"2021-03-24 06:00:00",31558,12.68,13.83,751.5,13.08,83.7
"2021-03-24 06:05:00",31559,12.68,13.79,751.5,12.97,82.9
"2021-03-24 06:10:00",31560,12.68,13.66,751.6,12.62,83
"2021-03-24 06:15:00",31561,12.67,13.7,751.6,12.37,83
"2021-03-24 06:20:00",31562,12.67,13.69,751.6,12.3,83.2
"2021-03-24 06:25:00",31563,12.67,13.7,751.6,12.2,83.7
"2021-03-24 06:30:00",31564,12.67,13.68,751.7,12.3,83.2
"2021-03-24 06:35:00",31565,12.68,13.65,751.7,12.26,84
"2021-03-24 06:40:00",31566,12.71,13.31,751.7,12.2,84.2
"2021-03-24 06:45:00",31567,12.86,13.34,751.7,12.49,84.3
"2021-03-24 06:50:00",31568,13.04,13.37,751.8,12.92,82.8
"2021-03-24 06:55:00",31569,13.29,13.57,751.8,13.49,82
"2021-03-24 07:00:00",31570,13.56,13.91,751.9,13.91,80.8
"2021-03-24 07:05:00",31571,13.65,14.32,751.9,13.75,81.2
"2021-03-24 07:10:00",31572,13.71,14.75,751.9,14.12,79.91
"2021-03-24 07:15:00",31573,13.76,15.23,752,15.58,73.84
"2021-03-24 07:20:00",31574,13.83,15.8,752,16.56,68.94
"2021-03-24 07:25:00",31575,13.93,16.42,752,17.59,65.04
"2021-03-24 07:30:00",31576,13.78,17.77,752,17.57,64.48
"2021-03-24 07:35:00",31577,13.78,18.91,752,17.09,66.02
"2021-03-24 07:40:00",31578,13.76,19.68,752.1,17.61,63.74
"2021-03-24 07:45:00",31579,13.73,20.37,752.1,17.77,62.16
"2021-03-24 07:50:00",31580,13.73,20.91,752.1,17.73,61.14
"2021-03-24 07:55:00",31581,13.7,21.46,752.1,17.91,58.81
"2021-03-24 08:00:00",31582,13.7,21.93,752.1,17.88,60.47
"2021-03-24 08:05:00",31583,13.7,22.38,752.2,17.72,59.93
"2021-03-24 08:10:00",31584,13.7,22.8,752.2,17.61,60.94
"2021-03-24 08:15:00",31585,13.68,23.14,752.3,17.96,59.15
"2021-03-24 08:20:00",31586,13.68,23.49,752.3,18.47,57.47
"2021-03-24 08:25:00",31587,13.68,23.86,752.4,18.33,58.12
"2021-03-24 08:30:00",31588,13.65,24.19,752.4,19.36,55.55
"2021-03-24 08:35:00",31589,13.65,24.6,752.4,19.88,55.79
"2021-03-24 08:40:00",31590,13.65,25.07,752.4,19.88,53.19
"2021-03-24 08:45:00",31591,13.65,25.49,752.4,19.6,55.04
"2021-03-24 08:50:00",31592,13.63,25.82,752.5,19.6,53.46
"2021-03-24 08:55:00",31593,13.63,26.12,752.5,19.77,53.54
"2021-03-24 09:00:00",31594,13.63,26.45,752.6,19.58,54.75
"2021-03-24 09:05:00",31595,13.6,26.7,752.5,20.12,51.85
"2021-03-24 09:10:00",31596,13.6,26.97,752.5,19.56,52.27
"2021-03-24 09:15:00",31597,13.6,27.21,752.5,20.57,50.51
"2021-03-24 09:20:00",31598,13.6,27.46,752.5,19.77,52.86
"2021-03-24 09:25:00",31599,13.58,27.63,752.5,19.82,52.62
"2021-03-24 09:30:00",31600,13.58,27.82,752.5,19.66,53.59
"2021-03-24 09:35:00",31601,13.58,28.05,752.5,20.72,51.69
"2021-03-24 09:40:00",31602,13.58,28.38,752.5,21.01,49.43
"2021-03-24 09:45:00",31603,13.58,28.68,752.5,21.11,49.85
"2021-03-24 09:50:00",31604,13.56,28.97,752.4,21.61,46.3
"2021-03-24 09:55:00",31605,13.56,29.32,752.4,22.01,45.49
"2021-03-24 10:00:00",31606,13.56,29.68,752.4,22.29,45.04
"2021-03-24 10:05:00",31607,13.56,30.06,752.4,21.41,46.15
"2021-03-24 10:10:00",31608,13.53,30.33,752.3,21.5,46
"2021-03-24 10:15:00",31609,13.53,30.53,752.3,21.85,45.63
"2021-03-24 10:20:00",31610,13.54,30.68,752.3,21.61,45.22
"2021-03-24 10:25:00",31611,13.53,30.72,752.3,20.4,47.42
"2021-03-24 10:30:00",31612,13.54,30.64,752.3,20.6,45.7
"2021-03-24 10:35:00",31613,13.54,30.54,752.3,21.6,45.28
"2021-03-24 10:40:00",31614,13.54,30.53,752.2,22.73,41.77
"2021-03-24 10:45:00",31615,13.54,30.62,752.2,22.68,42.34
"2021-03-24 10:50:00",31616,13.54,30.83,752.2,23.81,39.83
"2021-03-24 10:55:00",31617,13.54,31.1,752.1,22.48,42.29
"2021-03-24 11:00:00",31618,13.52,31.29,752,23.1,40.38
"2021-03-24 11:05:00",31619,13.52,31.45,751.9,22.9,41.17
"2021-03-24 11:10:00",31620,13.52,31.57,751.9,22.7,39.97
"2021-03-24 11:15:00",31621,13.52,31.68,751.9,22.96,40.92
"2021-03-24 11:20:00",31622,13.52,31.69,751.8,22.78,41.19
"2021-03-24 11:25:00",31623,13.52,31.76,751.8,24.59,38.01
"2021-03-24 11:30:00",31624,13.52,31.88,751.7,22.27,42.01
"2021-03-24 11:35:00",31625,13.49,31.84,751.6,23.69,39.69
"2021-03-24 11:40:00",31626,13.5,31.84,751.5,23.97,37.75
"2021-03-24 11:45:00",31627,13.5,31.91,751.4,24.81,35.47
"2021-03-24 11:50:00",31628,13.49,32.07,751.4,25.33,35.63
"2021-03-24 11:55:00",31629,13.49,32.25,751.3,23.91,36.09
"2021-03-24 12:00:00",31630,13.5,32.39,751.2,23.89,36.65
"2021-03-24 12:05:00",31631,13.5,32.56,751.2,24.7,34.8
"2021-03-24 12:10:00",31632,13.5,32.7,751,24.97,35.26
"2021-03-24 12:15:00",31633,13.5,32.9,750.9,26.12,33.89
"2021-03-24 12:20:00",31634,13.47,33.11,750.7,25.72,33.86
"2021-03-24 12:25:00",31635,13.48,33.21,750.7,26.03,31.06
"2021-03-24 12:30:00",31636,13.47,33.31,750.5,26.3,31.59
"2021-03-24 12:35:00",31637,13.47,33.4,750.4,25.46,31.82
"2021-03-24 12:40:00",31638,13.48,33.4,750.3,25.54,29.7
"2021-03-24 12:45:00",31639,13.47,33.37,750.2,26.21,28.74
"2021-03-24 12:50:00",31640,13.48,33.38,750.1,26.22,30.4
"2021-03-24 12:55:00",31641,13.48,33.46,750,27.38,28.11
"2021-03-24 13:00:00",31642,13.48,33.58,750,26.39,28.99
"2021-03-24 13:05:00",31643,13.48,33.7,749.9,27.45,27.84
"2021-03-24 13:10:00",31644,13.48,33.89,749.8,26.73,27.86
"2021-03-24 13:15:00",31645,13.46,34.03,749.7,26.82,28.41
"2021-03-24 13:20:00",31646,13.45,34.06,749.6,25.25,30.49
"2021-03-24 13:25:00",31647,13.46,33.89,749.5,25.49,30
"2021-03-24 13:30:00",31648,13.45,33.75,749.4,25.84,31.31
"2021-03-24 13:35:00",31649,13.46,33.57,749.2,25.85,32.83
"2021-03-24 13:40:00",31650,13.45,33.43,749,26.4,29.5
"2021-03-24 13:45:00",31651,13.46,33.4,748.9,26.61,29.89
"2021-03-24 13:50:00",31652,13.45,33.41,748.9,26.57,31.04
"2021-03-24 13:55:00",31653,13.46,33.42,748.7,25.29,32.98
"2021-03-24 14:00:00",31654,13.45,33.28,748.7,25.95,32.84
"2021-03-24 14:05:00",31655,13.46,33.19,748.6,26.82,30.31
"2021-03-24 14:10:00",31656,13.46,33.22,748.5,27.17,30.51
"2021-03-24 14:15:00",31657,13.46,33.31,748.4,26.81,30.92
"2021-03-24 14:20:00",31658,13.46,33.39,748.3,26.72,31.93
"2021-03-24 14:25:00",31659,13.46,33.41,748.2,25.81,33.83
"2021-03-24 14:30:00",31660,13.45,33.39,748.1,26.32,32.03
"2021-03-24 14:35:00",31661,13.46,33.3,748,26.3,32.47
"2021-03-24 14:40:00",31662,13.46,33.28,747.9,26.17,32.09
"2021-03-24 14:45:00",31663,13.46,33.4,747.8,27.66,28.95
"2021-03-24 14:50:00",31664,13.46,33.62,747.8,27.15,30.34
"2021-03-24 14:55:00",31665,13.46,33.76,747.7,26.32,31.29
"2021-03-24 15:00:00",31666,13.46,33.84,747.5,27.29,29.47
"2021-03-24 15:05:00",31667,13.46,34.13,747.5,28.06,28.3
"2021-03-24 15:10:00",31668,13.46,34.6,747.4,27.79,28.83
"2021-03-24 15:15:00",31669,13.46,34.94,747.4,26.88,29.78
"2021-03-24 15:20:00",31670,13.46,35,747.3,26.35,31.29
"2021-03-24 15:25:00",31671,13.46,34.76,747.3,26.11,31.74
"2021-03-24 15:30:00",31672,13.46,34.39,747.3,25.72,32.18
"2021-03-24 15:35:00",31673,13.46,33.91,747.2,25.34,32.82
"2021-03-24 15:40:00",31674,13.46,33.42,747.1,25.6,32.54
"2021-03-24 15:45:00",31675,13.46,33,747.1,25.63,33.18
"2021-03-24 15:50:00",31676,13.46,32.62,747,25.24,33.28
"2021-03-24 15:55:00",31677,13.46,32.26,747.2,25.04,33.73
"2021-03-24 16:00:00",31678,13.46,31.81,747.4,24.9,33.78
"2021-03-24 16:05:00",31679,13.45,31.39,747.3,24.74,37.82
"2021-03-24 16:10:00",31680,13.45,30.9,747.3,22.66,42.44
"2021-03-24 16:15:00",31681,13.45,30.32,747.3,22.8,44.33
"2021-03-24 16:20:00",31682,13.48,29.78,747.2,22.73,38.87
"2021-03-24 16:25:00",31683,13.48,29.36,747.2,23.33,41.22
"2021-03-24 16:30:00",31684,13.5,28.95,747.1,23.04,41.44
"2021-03-24 16:35:00",31685,13.5,28.63,747,22.87,41.36
"2021-03-24 16:40:00",31686,13.5,28.41,747,23.48,40.97
"2021-03-24 16:45:00",31687,13.5,28.3,747,23.67,40.01
"2021-03-24 16:50:00",31688,13.5,28.27,747.1,23.85,40.1
"2021-03-24 16:55:00",31689,13.5,28.28,747.3,24.06,35.11
"2021-03-24 17:00:00",31690,13.5,28.31,747.4,24.18,36.18
"2021-03-24 17:05:00",31691,13.5,28.34,747.5,24.03,36.76
"2021-03-24 17:10:00",31692,13.53,28.34,747.6,23.71,36.96
"2021-03-24 17:15:00",31693,13.53,28.3,747.5,23.63,37.97
"2021-03-24 17:20:00",31694,13.53,28.04,747.6,23.44,37.95
"2021-03-24 17:25:00",31695,13.53,27.78,747.5,23.27,40
"2021-03-24 17:30:00",31696,13.53,27.56,747.5,23.07,40.6
"2021-03-24 17:35:00",31697,13.53,27.42,747.4,22.78,41.68
"2021-03-24 17:40:00",31698,13.53,27.12,747.4,22.63,42.41
"2021-03-24 17:45:00",31699,13.51,26.7,747.5,22.39,43.83
"2021-03-24 17:50:00",31700,13.25,26.24,747.7,22.29,43.88
"2021-03-24 17:55:00",31701,13.18,25.91,747.9,22.08,42.57
"2021-03-24 18:00:00",31702,13.15,25.63,747.9,22.01,42.82
"2021-03-24 18:05:00",31703,13.12,25.4,747.8,21.83,44.5
"2021-03-24 18:10:00",31704,13.08,25.18,747.9,22.06,43.41
"2021-03-24 18:15:00",31705,13.04,24.98,747.9,21.91,44.03
"2021-03-24 18:20:00",31706,13,24.8,748,21.82,44.73
"2021-03-24 18:25:00",31707,12.98,24.62,748,21.75,45.3
"2021-03-24 18:30:00",31708,12.98,24.43,748,21.53,45.27
"2021-03-24 18:35:00",31709,12.97,24.21,748,21.5,45.81
"2021-03-24 18:40:00",31710,12.97,24.04,748.1,21.33,46.2
"2021-03-24 18:45:00",31711,12.96,23.88,748.1,21.48,44.43
"2021-03-24 18:50:00",31712,12.96,23.77,748.2,21.43,45.26
"2021-03-24 18:55:00",31713,12.96,23.67,748.2,21.3,46.58
"2021-03-24 19:00:00",31714,12.95,23.59,748.3,21.4,45.8
"2021-03-24 19:05:00",31715,12.95,23.46,748.4,21.21,46.35
"2021-03-24 19:10:00",31716,12.95,23.36,748.4,20.99,47.53
"2021-03-24 19:15:00",31717,12.95,23.28,748.4,20.92,46.79
"2021-03-24 19:20:00",31718,12.95,23.21,748.4,20.97,46.7
"2021-03-24 19:25:00",31719,12.94,23.13,748.5,20.75,46.96
"2021-03-24 19:30:00",31720,12.94,23.06,748.5,20.7,47.97
"2021-03-24 19:35:00",31721,12.94,22.95,748.6,20.54,48.39
"2021-03-24 19:40:00",31722,12.94,22.84,748.7,20.4,48.81
"2021-03-24 19:45:00",31723,12.93,22.74,748.8,20.18,50.7
"2021-03-24 19:50:00",31724,12.93,22.62,748.9,19.96,52.11
"2021-03-24 19:55:00",31725,12.93,22.48,749,19.79,51.78
"2021-03-24 20:00:00",31726,12.93,22.37,749,19.84,51.72
"2021-03-24 20:05:00",31727,12.93,22.26,749.1,19.73,53.11
"2021-03-24 20:10:00",31728,12.92,22.15,749.2,19.72,52.11
"2021-03-24 20:15:00",31729,12.92,22.07,749.3,19.97,51.36
"2021-03-24 20:20:00",31730,12.92,22.04,749.4,20.02,51
"2021-03-24 20:25:00",31731,12.92,21.99,749.5,20.07,50.25
"2021-03-24 20:30:00",31732,12.92,21.97,749.6,20.33,49.25
"2021-03-24 20:35:00",31733,12.91,21.95,749.7,20.5,48.42
"2021-03-24 20:40:00",31734,12.91,21.94,749.7,20.5,48.61
"2021-03-24 20:45:00",31735,12.91,21.95,749.8,20.53,48.96
"2021-03-24 20:50:00",31736,12.91,21.84,749.9,20.46,48.86
"2021-03-24 20:55:00",31737,12.91,21.79,750,20.48,49.17
"2021-03-24 21:00:00",31738,12.91,21.74,750,20.3,50.25
"2021-03-24 21:05:00",31739,12.9,21.68,750,20.1,50.04
"2021-03-24 21:10:00",31740,12.9,21.62,750,20.13,49.88
"2021-03-24 21:15:00",31741,12.9,21.52,750.1,20.11,50.04
"2021-03-24 21:20:00",31742,12.9,21.44,750.2,20.09,51.25
"2021-03-24 21:25:00",31743,12.9,21.38,750.3,19.92,51.76
"2021-03-24 21:30:00",31744,12.89,21.29,750.3,19.71,52.82
"2021-03-24 21:35:00",31745,12.89,21.22,750.3,19.64,52.94
"2021-03-24 21:40:00",31746,12.89,21.14,750.4,19.63,53.4
"2021-03-24 21:45:00",31747,12.89,21.05,750.4,19.64,54.12
"2021-03-24 21:50:00",31748,12.89,20.97,750.4,19.34,55.28
"2021-03-24 21:55:00",31749,12.88,20.9,750.5,19.14,56.54
"2021-03-24 22:00:00",31750,12.88,20.82,750.6,19.04,56.73
"2021-03-24 22:05:00",31751,12.88,20.74,750.6,19.11,55.85
"2021-03-24 22:10:00",31752,12.88,20.67,750.6,19.16,54.94
"2021-03-24 22:15:00",31753,12.88,20.58,750.7,19.14,55.89
"2021-03-24 22:20:00",31754,12.88,20.51,750.7,18.83,57.16
"2021-03-24 22:25:00",31755,12.88,20.4,750.7,18.71,57.14
"2021-03-24 22:30:00",31756,12.88,20.32,750.7,18.94,55.95
"2021-03-24 22:35:00",31757,12.87,20.24,750.7,19.06,55.79
"2021-03-24 22:40:00",31758,12.87,20.19,750.7,19.15,55.25
"2021-03-24 22:45:00",31759,12.87,20.13,750.7,19.16,55.09
"2021-03-24 22:50:00",31760,12.87,20.09,750.8,19.09,55.61
"2021-03-24 22:55:00",31761,12.87,20.02,750.8,18.92,58.49
"2021-03-24 23:00:00",31762,12.87,19.96,750.8,18.33,62.46
"2021-03-24 23:05:00",31763,12.87,19.86,750.8,17.89,63.2
"2021-03-24 23:10:00",31764,12.86,19.74,750.8,17.66,64.55
"2021-03-24 23:15:00",31765,12.86,19.6,750.7,17.54,64.71
"2021-03-24 23:20:00",31766,12.86,19.46,750.8,17.56,64.27
"2021-03-24 23:25:00",31767,12.86,19.34,750.8,17.55,65.42
"2021-03-24 23:30:00",31768,12.86,19.22,750.8,17.53,64.68
"2021-03-24 23:35:00",31769,12.86,19.11,750.8,17.55,65.84
"2021-03-24 23:40:00",31770,12.86,19,750.8,17.49,66.03
"2021-03-24 23:45:00",31771,12.86,18.89,750.8,17.46,66.29
"2021-03-24 23:50:00",31772,12.85,18.78,750.8,17.37,66.66
"2021-03-24 23:55:00",31773,12.85,18.68,750.7,17.23,67.98
"2021-03-25 00:00:00",31774,12.85,18.51,750.7,16.9,70.27
"2021-03-25 00:05:00",31775,12.85,18.38,750.7,16.71,70.38
"2021-03-25 00:10:00",31776,12.85,18.28,750.6,16.78,70.48
"2021-03-25 00:15:00",31777,12.85,18.2,750.6,16.79,70.8
"2021-03-25 00:20:00",31778,12.84,18.11,750.6,16.62,71.23
"2021-03-25 00:25:00",31779,12.84,18.02,750.6,16.15,72.81
"2021-03-25 00:30:00",31780,12.84,17.93,750.6,16.03,73.75
"2021-03-25 00:35:00",31781,12.85,17.82,750.5,15.97,74.51
"2021-03-25 00:40:00",31782,12.84,17.72,750.5,16.05,74.04
"2021-03-25 00:45:00",31783,12.84,17.62,750.5,16.06,73.47
"2021-03-25 00:50:00",31784,12.84,17.54,750.5,16,73.12
"2021-03-25 00:55:00",31785,12.84,17.47,750.5,15.84,73.71
"2021-03-25 01:00:00",31786,12.84,17.41,750.5,15.68,74.34
"2021-03-25 01:05:00",31787,12.84,17.33,750.4,15.81,74.14
"2021-03-25 01:10:00",31788,12.83,17.27,750.4,16.08,73.11
"2021-03-25 01:15:00",31789,12.83,17.25,750.3,16.18,70.75
"2021-03-25 01:20:00",31790,12.83,17.23,750.3,16.18,71.61
"2021-03-25 01:25:00",31791,12.83,17.18,750.2,16.22,70.5
"2021-03-25 01:30:00",31792,12.83,17.17,750.1,16.37,70.09
"2021-03-25 01:35:00",31793,12.82,17.17,750.1,16.22,70.29
"2021-03-25 01:40:00",31794,12.82,17.14,750.1,15.42,76.91
"2021-03-25 01:45:00",31795,12.82,17.09,750.1,15.32,77
"2021-03-25 01:50:00",31796,12.82,17.03,750,15.42,74.4
"2021-03-25 01:55:00",31797,12.82,16.96,750,15.62,74.87
"2021-03-25 02:00:00",31798,12.82,16.91,749.9,15.52,77.1
"2021-03-25 02:05:00",31799,12.81,16.88,749.9,15.42,76.29
"2021-03-25 02:10:00",31800,12.81,16.82,749.9,15.27,76.09
"2021-03-25 02:15:00",31801,12.81,16.79,749.9,15.32,76.27
"2021-03-25 02:20:00",31802,12.81,16.73,749.9,15.2,76.27
"2021-03-25 02:25:00",31803,12.81,16.69,749.9,15.26,76.98
"2021-03-25 02:30:00",31804,12.81,16.64,749.8,15.13,77.13
"2021-03-25 02:35:00",31805,12.81,16.63,749.8,14.91,78.42
"2021-03-25 02:40:00",31806,12.8,16.59,749.8,14.94,77.67
"2021-03-25 02:45:00",31807,12.8,16.56,749.8,14.94,76.72
"2021-03-25 02:50:00",31808,12.8,16.43,749.9,14.89,78.34
"2021-03-25 02:55:00",31809,12.79,16.44,749.9,14.85,76.87
"2021-03-25 03:00:00",31810,12.79,16.29,749.9,14.94,77.25
"2021-03-25 03:05:00",31811,12.79,16.18,749.9,15.04,76.72
"2021-03-25 03:10:00",31812,12.79,16.11,749.9,14.98,77.21
"2021-03-25 03:15:00",31813,12.79,16.03,749.9,14.94,77.48
"2021-03-25 03:20:00",31814,12.79,15.95,749.9,14.86,77.91
"2021-03-25 03:25:00",31815,12.78,15.91,749.8,14.94,78.68
"2021-03-25 03:30:00",31816,12.78,15.84,749.8,14.54,79.23
"2021-03-25 03:35:00",31817,12.78,15.78,749.8,14.35,79.08
"2021-03-25 03:40:00",31818,12.77,15.71,749.9,14.29,78.79
"2021-03-25 03:45:00",31819,12.77,15.64,749.8,14.26,78.64
"2021-03-25 03:50:00",31820,12.77,15.56,749.8,14.44,78.43
"2021-03-25 03:55:00",31821,12.77,15.49,749.9,14.32,78.07
"2021-03-25 04:00:00",31822,12.76,15.45,749.8,14.19,77.66
"2021-03-25 04:05:00",31823,12.76,15.39,749.8,14.36,77.69
"2021-03-25 04:10:00",31824,12.76,15.35,749.8,14.23,78.64
"2021-03-25 04:15:00",31825,12.76,15.31,749.8,13.88,80.6
"2021-03-25 04:20:00",31826,12.75,15.26,749.9,13.53,81.4
"2021-03-25 04:25:00",31827,12.75,15.18,749.9,13.46,82.5
"2021-03-25 04:30:00",31828,12.75,15.05,750,13.37,83.4
"2021-03-25 04:35:00",31829,12.75,14.95,750,13.27,84
"2021-03-25 04:40:00",31830,12.74,14.84,750,13.18,84.6
"2021-03-25 04:45:00",31831,12.74,14.74,750.1,13.43,82.5
"2021-03-25 04:50:00",31832,12.74,14.67,750.1,13.6,81.3
"2021-03-25 04:55:00",31833,12.73,14.62,750.1,13.68,80.1
"2021-03-25 05:00:00",31834,12.73,14.57,750,13.67,79.68
"2021-03-25 05:05:00",31835,12.73,14.52,750.1,13.55,80
"2021-03-25 05:10:00",31836,12.73,14.49,750.1,13.76,79.23
"2021-03-25 05:15:00",31837,12.72,14.47,750.1,13.63,80.3
"2021-03-25 05:20:00",31838,12.72,14.44,750.1,13.33,83.4
"2021-03-25 05:25:00",31839,12.72,14.38,750.1,12.86,86
"2021-03-25 05:30:00",31840,12.71,14.3,750.2,12.62,86.7
"2021-03-25 05:35:00",31841,12.71,14.19,750.3,12.6,87.3
"2021-03-25 05:40:00",31842,12.71,14.1,750.4,12.85,86.1
"2021-03-25 05:45:00",31843,12.7,14.02,750.4,13.07,85
"2021-03-25 05:50:00",31844,12.7,13.95,750.5,13,85.1
"2021-03-25 05:55:00",31845,12.7,13.89,750.6,12.94,85
"2021-03-25 06:00:00",31846,12.69,13.84,750.6,12.92,85.4
"2021-03-25 06:05:00",31847,12.69,13.77,750.8,12.83,85.5
"2021-03-25 06:10:00",31848,12.69,13.64,750.9,12.8,85.8
"2021-03-25 06:15:00",31849,12.68,13.58,750.9,12.92,85.2
"2021-03-25 06:20:00",31850,12.68,13.54,750.9,12.8,84.4
"2021-03-25 06:25:00",31851,12.68,13.55,751,12.69,84.4
"2021-03-25 06:30:00",31852,12.67,13.61,751.1,12.66,84.3
"2021-03-25 06:35:00",31853,12.68,13.63,751.1,12.62,84.6
"2021-03-25 06:40:00",31854,12.68,13.64,751.2,12.6,84.5
"2021-03-25 06:45:00",31855,12.68,13.64,751.2,12.55,84.8
"2021-03-25 06:50:00",31856,12.68,13.63,751.2,12.57,84.9
"2021-03-25 06:55:00",31857,12.68,13.62,751.3,12.73,84.3
"2021-03-25 07:00:00",31858,12.68,13.62,751.3,12.66,84.2
"2021-03-25 07:05:00",31859,12.69,13.65,751.3,12.56,84.7
"2021-03-25 07:10:00",31860,12.69,13.65,751.4,12.41,85.5
"2021-03-25 07:15:00",31861,12.7,13.66,751.5,12.42,86.2
"2021-03-25 07:20:00",31862,12.7,13.66,751.5,12.41,86.2
"2021-03-25 07:25:00",31863,12.73,13.68,751.6,12.56,85.8
"2021-03-25 07:30:00",31864,12.79,13.72,751.6,12.56,85.5
"2021-03-25 07:35:00",31865,13.25,13.98,751.5,13.01,84.4
"2021-03-25 07:40:00",31866,13.83,14.51,751.6,13.97,81.6
"2021-03-25 07:45:00",31867,13.85,15.98,751.7,15.28,74.63
"2021-03-25 07:50:00",31868,13.82,17,751.7,16.1,71.36
"2021-03-25 07:55:00",31869,13.82,17.77,751.9,16.32,70.92
"2021-03-25 08:00:00",31870,13.79,18.58,751.9,16.71,69.72
"2021-03-25 08:05:00",31871,13.76,19.4,752,16.83,69.57
"2021-03-25 08:10:00",31872,13.76,20.22,752.1,17.3,67.09
"2021-03-25 08:15:00",31873,13.73,21.04,752.1,18.1,62.99
"2021-03-25 08:20:00",31874,13.7,21.86,752.2,18.21,62.12
"2021-03-25 08:25:00",31875,13.71,22.67,752.2,18.23,60.41
"2021-03-25 08:30:00",31876,13.68,23.38,752.2,18.91,58.18
"2021-03-25 08:35:00",31877,13.68,24.04,752.2,18.96,59.13
"2021-03-25 08:40:00",31878,13.65,24.61,752.2,19.34,57.76
"2021-03-25 08:45:00",31879,13.65,25.18,752.2,19.48,60.54
"2021-03-25 08:50:00",31880,13.62,25.68,752.3,19.72,57.02
"2021-03-25 08:55:00",31881,13.63,26.22,752.3,19.58,57.52
"2021-03-25 09:00:00",31882,13.6,26.63,752.3,19.4,57.22
"2021-03-25 09:05:00",31883,13.6,27.08,752.3,20.5,53.31
"2021-03-25 09:10:00",31884,13.6,27.56,752.3,20.87,51.86
"2021-03-25 09:15:00",31885,13.57,27.99,752.3,21.15,49.89
"2021-03-25 09:20:00",31886,13.57,28.37,752.3,20.59,51.04
"2021-03-25 09:25:00",31887,13.58,28.75,752.3,21.55,49.03
"2021-03-25 09:30:00",31888,13.57,29.15,752.3,21.24,50.97
"2021-03-25 09:35:00",31889,13.55,29.41,752.3,20.64,53.58
"2021-03-25 09:40:00",31890,13.55,29.64,752.2,21.37,51.27
"2021-03-25 09:45:00",31891,13.55,29.9,752.1,21.34,51.77
"2021-03-25 09:50:00",31892,13.55,30.16,752.1,21.04,53.48
"2021-03-25 09:55:00",31893,13.53,30.27,752.1,21.17,51.43
"2021-03-25 10:00:00",31894,13.53,30.42,752.1,20.51,53.22
"2021-03-25 10:05:00",31895,13.53,30.5,752.1,21.1,50.23
"2021-03-25 10:10:00",31896,13.53,30.54,752,21.28,48.96
"2021-03-25 10:15:00",31897,13.53,30.71,751.9,22.41,46.75
"2021-03-25 10:20:00",31898,13.53,31.04,751.9,22.72,45.19
"2021-03-25 10:25:00",31899,13.53,31.4,751.8,23.54,44.55
"2021-03-25 10:30:00",31900,13.51,31.82,751.8,23.64,41.12
"2021-03-25 10:35:00",31901,13.51,32.16,751.7,23.97,41.16
"2021-03-25 10:40:00",31902,13.48,32.53,751.7,23.67,41.45
"2021-03-25 10:45:00",31903,13.49,32.81,751.7,24.5,40.5
"2021-03-25 10:50:00",31904,13.49,33.04,751.6,22.43,45.51
"2021-03-25 10:55:00",31905,13.48,33,751.6,22.27,44.98
"2021-03-25 11:00:00",31906,13.49,32.89,751.5,23.58,43.13
"2021-03-25 11:05:00",31907,13.49,32.96,751.4,24.07,40.38
"2021-03-25 11:10:00",31908,13.49,33.09,751.3,23.81,41.33
"2021-03-25 11:15:00",31909,13.49,33.2,751.2,23.16,41.91
"2021-03-25 11:20:00",31910,13.49,33.28,751.1,23.61,39.91
"2021-03-25 11:25:00",31911,13.49,33.32,751.1,23.67,40.27
"2021-03-25 11:30:00",31912,13.49,33.34,751,23.92,39.84
"2021-03-25 11:35:00",31913,13.49,33.38,750.9,23.74,39.96
"2021-03-25 11:40:00",31914,13.49,33.37,750.9,23.97,39.49
"2021-03-25 11:45:00",31915,13.49,33.41,750.7,24.72,36.93
"2021-03-25 11:50:00",31916,13.46,33.45,750.7,24.21,38.56
"2021-03-25 11:55:00",31917,13.47,33.43,750.6,24.05,38.48
"2021-03-25 12:00:00",31918,13.46,33.37,750.5,24.28,39.49
"2021-03-25 12:05:00",31919,13.46,33.37,750.4,26,34.96
"2021-03-25 12:10:00",31920,13.46,33.49,750.3,25.65,35.39
"2021-03-25 12:15:00",31921,13.47,33.6,750.2,24.9,35.25
"2021-03-25 12:20:00",31922,13.47,33.54,750.2,24.82,34.11
"2021-03-25 12:25:00",31923,13.47,33.37,750.1,24.7,35.53
"2021-03-25 12:30:00",31924,13.47,33.31,750,25.62,33.78
"2021-03-25 12:35:00",31925,13.47,33.4,749.9,26.78,32.07
"2021-03-25 12:40:00",31926,13.47,33.66,749.8,25.86,31.42
"2021-03-25 12:45:00",31927,13.47,33.76,749.7,25.66,32.85
"2021-03-25 12:50:00",31928,13.47,33.76,749.6,25.17,33.94
"2021-03-25 12:55:00",31929,13.47,33.73,749.5,26.34,31.29
"2021-03-25 13:00:00",31930,13.47,33.73,749.4,26.52,33.19
"2021-03-25 13:05:00",31931,13.47,33.74,749.3,25.66,32.17
"2021-03-25 13:10:00",31932,13.47,33.69,749.1,26.13,32.52
"2021-03-25 13:15:00",31933,13.47,33.64,749,25.68,33.19
"2021-03-25 13:20:00",31934,13.47,33.59,748.9,26.5,32.45
"2021-03-25 13:25:00",31935,13.47,33.56,748.8,26.6,32.12
"2021-03-25 13:30:00",31936,13.47,33.57,748.8,25.97,32.2
"2021-03-25 13:35:00",31937,13.47,33.57,748.6,25.7,32.88
"2021-03-25 13:40:00",31938,13.47,33.55,748.5,25.84,34.2
"2021-03-25 13:45:00",31939,13.47,33.52,748.4,26.01,32.21
"2021-03-25 13:50:00",31940,13.47,33.49,748.4,26.93,31.34
"2021-03-25 13:55:00",31941,13.47,33.49,748.4,27.42,29.68
"2021-03-25 14:00:00",31942,13.47,33.46,748.3,26.47,30.73
"2021-03-25 14:05:00",31943,13.47,33.39,748.2,26.45,32.04
"2021-03-25 14:10:00",31944,13.47,33.32,748.1,26.55,32.39
"2021-03-25 14:15:00",31945,13.47,33.16,748,25.27,37.91
"2021-03-25 14:20:00",31946,13.47,32.76,748.1,24.31,39.56
"2021-03-25 14:25:00",31947,13.47,32.21,748,24.05,38.35
"2021-03-25 14:30:00",31948,13.47,31.65,747.9,23.64,39.68
"2021-03-25 14:35:00",31949,13.47,31.15,747.8,23.98,39.46
"2021-03-25 14:40:00",31950,13.47,30.73,747.7,23.52,40.62
"2021-03-25 14:45:00",31951,13.47,30.32,747.7,23.33,41.54
"2021-03-25 14:50:00",31952,13.47,29.69,747.6,23.41,40.44
"2021-03-25 14:55:00",31953,13.5,29.26,747.6,23.39,40.9
"2021-03-25 15:00:00",31954,13.49,28.94,747.5,23.88,37.93
"2021-03-25 15:05:00",31955,13.5,28.77,747.4,24.13,38.16
"2021-03-25 15:10:00",31956,13.5,28.71,747.3,23.93,38.6
"2021-03-25 15:15:00",31957,13.5,28.7,747.3,24.29,37.64
"2021-03-25 15:20:00",31958,13.5,28.81,747.2,24.64,37.15
"2021-03-25 15:25:00",31959,13.5,29,747.1,24.88,35.98
"2021-03-25 15:30:00",31960,13.5,29.29,746.9,25.1,34.8
"2021-03-25 15:35:00",31961,13.5,29.55,746.9,25.59,33.71
"2021-03-25 15:40:00",31962,13.5,29.88,746.9,25.83,33.27
"2021-03-25 15:45:00",31963,13.5,30.2,746.8,25.74,33.73
"2021-03-25 15:50:00",31964,13.5,30.44,746.8,25.63,33.85
"2021-03-25 15:55:00",31965,13.5,30.59,746.8,25.47,33.7
"2021-03-25 16:00:00",31966,13.51,30.63,746.7,25.36,33.49
"2021-03-25 16:05:00",31967,13.5,30.58,746.7,25.07,33.46
"2021-03-25 16:10:00",31968,13.5,30.48,746.7,24.85,34.35
"2021-03-25 16:15:00",31969,13.51,30.34,746.7,25.16,33.61
"2021-03-25 16:20:00",31970,13.5,30.24,746.6,24.75,33.77
"2021-03-25 16:25:00",31971,13.51,30.11,746.6,24.66,34.9
"2021-03-25 16:30:00",31972,13.5,29.96,746.6,24.84,34.65
"2021-03-25 16:35:00",31973,13.5,29.79,746.5,24.54,34.22
"2021-03-25 16:40:00",31974,13.5,29.61,746.7,24.43,34.87
"2021-03-25 16:45:00",31975,13.5,29.44,746.7,24.59,35.26
"2021-03-25 16:50:00",31976,13.5,29.29,746.6,24.68,35.3
"2021-03-25 16:55:00",31977,13.5,29.18,746.6,24.63,34.09
"2021-03-25 17:00:00",31978,13.5,29.06,746.7,24.35,34.94
"2021-03-25 17:05:00",31979,13.5,28.94,746.7,24.39,34.87
"2021-03-25 17:10:00",31980,13.5,28.77,746.7,24.34,34.87
"2021-03-25 17:15:00",31981,13.5,28.6,746.7,24.21,35.85
"2021-03-25 17:20:00",31982,13.5,28.45,746.7,24.16,36.14
"2021-03-25 17:25:00",31983,13.53,28.29,746.7,24.29,36.32
"2021-03-25 17:30:00",31984,13.53,28.16,746.7,24.22,35.92
"2021-03-25 17:35:00",31985,13.53,28.04,746.7,24.17,36.44
"2021-03-25 17:40:00",31986,13.53,27.89,746.7,24.06,36.17
"2021-03-25 17:45:00",31987,13.53,27.73,746.8,23.96,36.65
"2021-03-25 17:50:00",31988,13.53,27.41,746.9,23.53,41.17
"2021-03-25 17:55:00",31989,13.57,26.85,747,22.87,39.6
"2021-03-25 18:00:00",31990,13.35,26.27,747,22.54,40.35
"2021-03-25 18:05:00",31991,13.22,25.86,746.9,22.36,41.3
"2021-03-25 18:10:00",31992,13.16,25.48,746.9,22.36,40.2
"2021-03-25 18:15:00",31993,13.1,25.16,747,22.15,41.34
"2021-03-25 18:20:00",31994,13.05,25,747,21.96,41.88
"2021-03-25 18:25:00",31995,13.01,24.59,747.1,21.78,42.6
"2021-03-25 18:30:00",31996,12.99,24.33,747.1,21.67,43.07
"2021-03-25 18:35:00",31997,12.98,24.04,747.2,21.55,42.51
"2021-03-25 18:40:00",31998,12.98,23.74,747.3,21.34,43.42
"2021-03-25 18:45:00",31999,12.97,23.51,747.4,21.33,42.93
"2021-03-25 18:50:00",32000,12.97,23.31,747.4,21.21,43.08
"2021-03-25 18:55:00",32001,12.96,23.13,747.5,21.05,43.48
"2021-03-25 19:00:00",32002,12.96,22.92,747.5,20.97,43.66
"2021-03-25 19:05:00",32003,12.96,22.75,747.6,20.77,44.09
"2021-03-25 19:10:00",32004,12.96,22.59,747.7,20.54,44.96
"2021-03-25 19:15:00",32005,12.95,22.44,747.7,20.45,45.14
"2021-03-25 19:20:00",32006,12.95,22.29,747.8,20.3,45.92
"2021-03-25 19:25:00",32007,12.95,22.13,747.9,20.32,45.63
"2021-03-25 19:30:00",32008,12.95,21.99,748,20.34,45.96
"2021-03-25 19:35:00",32009,12.94,21.87,748,20.04,46.33
"2021-03-25 19:40:00",32010,12.94,21.71,748.2,19.99,46.68
"2021-03-25 19:45:00",32011,12.94,21.56,748.3,20.05,46.56
"2021-03-25 19:50:00",32012,12.93,21.43,748.3,20.21,46.58
"2021-03-25 19:55:00",32013,12.93,21.28,748.4,20.15,46.6
"2021-03-25 20:00:00",32014,12.93,21.16,748.5,19.93,46.35
"2021-03-25 20:05:00",32015,12.93,21.04,748.6,19.76,46.77
"2021-03-25 20:10:00",32016,12.93,20.93,748.6,20.04,46.68
"2021-03-25 20:15:00",32017,12.92,20.83,748.6,20.14,46.76
"2021-03-25 20:20:00",32018,12.92,20.76,748.7,20.2,47.65
"2021-03-25 20:25:00",32019,12.92,20.69,748.9,20,48.95
"2021-03-25 20:30:00",32020,12.91,20.65,749,19.79,49.96
"2021-03-25 20:35:00",32021,12.91,20.77,749,19.68,48
"2021-03-25 20:40:00",32022,12.91,20.76,749.1,19.6,48.68
"2021-03-25 20:45:00",32023,12.9,20.71,749.2,19.54,49.14
"2021-03-25 20:50:00",32024,12.91,20.66,749.2,19.46,49.2
"2021-03-25 20:55:00",32025,12.9,20.58,749.3,19.1,52.92
"2021-03-25 21:00:00",32026,12.9,20.5,749.4,19.08,53.45
"2021-03-25 21:05:00",32027,12.9,20.42,749.5,18.95,52.87
"2021-03-25 21:10:00",32028,12.9,20.36,749.6,19.04,53.22
"2021-03-25 21:15:00",32029,12.89,20.3,749.7,18.78,54.39
"2021-03-25 21:20:00",32030,12.89,20.23,749.8,18.37,57.58
"2021-03-25 21:25:00",32031,12.89,20.12,749.8,18.28,56.47
"2021-03-25 21:30:00",32032,12.89,20,749.8,18.38,53.94
"2021-03-25 21:35:00",32033,12.89,19.89,749.9,18.59,53.93
"2021-03-25 21:40:00",32034,12.89,19.81,750.1,18.7,54.01
"2021-03-25 21:45:00",32035,12.89,19.75,750.1,18.63,56.86
"2021-03-25 21:50:00",32036,12.89,19.7,750.1,18.3,57.51
"2021-03-25 21:55:00",32037,12.88,19.63,750.1,18.39,56.21
"2021-03-25 22:00:00",32038,12.88,19.55,750.2,18.46,56.74
"2021-03-25 22:05:00",32039,12.88,19.51,750.2,18.63,55.57
"2021-03-25 22:10:00",32040,12.88,19.47,750.2,18.71,54.69
"2021-03-25 22:15:00",32041,12.88,19.45,750.2,18.71,53.49
"2021-03-25 22:20:00",32042,12.88,19.47,750.3,18.55,56.45
"2021-03-25 22:25:00",32043,12.87,19.46,750.2,18.57,55.81
"2021-03-25 22:30:00",32044,12.87,19.46,750.2,18.23,58.92
"2021-03-25 22:35:00",32045,12.87,19.48,750.2,18.41,58.2
"2021-03-25 22:40:00",32046,12.87,19.51,750.2,18.37,57.76
"2021-03-25 22:45:00",32047,12.87,19.54,750.3,18.17,59.43
"2021-03-25 22:50:00",32048,12.87,19.56,750.2,18.44,56.92
"2021-03-25 22:55:00",32049,12.87,19.59,750.3,18.63,56.21
"2021-03-25 23:00:00",32050,12.87,19.6,750.3,18.63,56.37
"2021-03-25 23:05:00",32051,12.86,19.61,750.3,18.62,56.49
"2021-03-25 23:10:00",32052,12.86,19.6,750.2,18.46,57.47
"2021-03-25 23:15:00",32053,12.86,19.56,750.2,18.22,58.8
"2021-03-25 23:20:00",32054,12.86,19.49,750.2,17.99,60.34
"2021-03-25 23:25:00",32055,12.87,19.37,750.2,17.47,62.56
"2021-03-25 23:30:00",32056,12.87,19.18,750.1,17.07,63.62
"2021-03-25 23:35:00",32057,12.87,19,750,17.13,63.46
"2021-03-25 23:40:00",32058,12.87,18.85,750,17.26,62.67
"2021-03-25 23:45:00",32059,12.86,18.72,750,17.27,62.59
"2021-03-25 23:50:00",32060,12.86,18.61,750.1,17.33,61.55
"2021-03-25 23:55:00",32061,12.86,18.51,750.1,17.27,61.99
"2021-03-26 00:00:00",32062,12.86,18.44,750,17.09,62.71
"2021-03-26 00:05:00",32063,12.86,18.37,750,17.01,64.09
"2021-03-26 00:10:00",32064,12.86,18.32,750,16.65,64.88
"2021-03-26 00:15:00",32065,12.85,18.25,749.9,16.36,65.77
"2021-03-26 00:20:00",32066,12.85,18.15,749.9,16.29,65.26
"2021-03-26 00:25:00",32067,12.85,18.06,749.9,16.14,64.88
"2021-03-26 00:30:00",32068,12.85,17.95,749.9,16.22,64.96
"2021-03-26 00:35:00",32069,12.85,17.88,749.9,16.28,64.88
"2021-03-26 00:40:00",32070,12.85,17.78,749.9,16.03,66.89
"2021-03-26 00:45:00",32071,12.84,17.69,750,15.86,67.79
"2021-03-26 00:50:00",32072,12.84,17.59,749.9,16.12,67.37
"2021-03-26 00:55:00",32073,12.84,17.45,749.8,16.02,68.05
"2021-03-26 01:00:00",32074,12.84,17.37,749.8,15.76,69.75
"2021-03-26 01:05:00",32075,12.84,17.29,749.8,15.62,70.41
"2021-03-26 01:10:00",32076,12.84,17.2,749.8,15.7,69.68
"2021-03-26 01:15:00",32077,12.83,17.12,749.8,15.64,69.31
"2021-03-26 01:20:00",32078,12.83,17.03,749.7,15.56,68.81
"2021-03-26 01:25:00",32079,12.83,16.94,749.7,15.51,68.92
"2021-03-26 01:30:00",32080,12.83,16.84,749.6,15.4,68.55
"2021-03-26 01:35:00",32081,12.83,16.75,749.7,15.28,68.67
"2021-03-26 01:40:00",32082,12.83,16.66,749.7,15.26,67.88
"2021-03-26 01:45:00",32083,12.82,16.58,749.6,15.3,68.41
"2021-03-26 01:50:00",32084,12.82,16.5,749.7,15.45,68.56
"2021-03-26 01:55:00",32085,12.82,16.43,749.6,15.27,70.23
"2021-03-26 02:00:00",32086,12.82,16.34,749.6,14.91,72.16
"2021-03-26 02:05:00",32087,12.82,16.26,749.6,14.77,73.02
"2021-03-26 02:10:00",32088,12.81,16.19,749.6,14.7,73.38
"2021-03-26 02:15:00",32089,12.81,16.09,749.6,14.53,75.04
"2021-03-26 02:20:00",32090,12.81,16,749.6,14.39,75.6
"2021-03-26 02:25:00",32091,12.81,15.9,749.6,14.39,75.29
"2021-03-26 02:30:00",32092,12.8,15.84,749.6,14.71,74.03
"2021-03-26 02:35:00",32093,12.81,15.7,749.6,14.39,75.52
"2021-03-26 02:40:00",32094,12.8,15.6,749.6,14.51,75.15
"2021-03-26 02:45:00",32095,12.8,15.54,749.6,14.46,76.21
"2021-03-26 02:50:00",32096,12.8,15.49,749.6,14.67,74.45
"2021-03-26 02:55:00",32097,12.79,15.44,749.6,14.79,73.71
"2021-03-26 03:00:00",32098,12.79,15.42,749.6,14.65,73.88
"2021-03-26 03:05:00",32099,12.78,15.39,749.7,14.71,74.2
"2021-03-26 03:10:00",32100,12.78,15.39,749.6,14.45,74.57
"2021-03-26 03:15:00",32101,12.78,15.41,749.7,14.27,75.27
"2021-03-26 03:20:00",32102,12.78,15.43,749.7,14.2,75.03
"2021-03-26 03:25:00",32103,12.78,15.44,749.6,14.35,74.21
"2021-03-26 03:30:00",32104,12.77,15.46,749.6,14.33,74.89
"2021-03-26 03:35:00",32105,12.77,15.49,749.6,14.12,75.04
"2021-03-26 03:40:00",32106,12.77,15.49,749.6,14.05,75.45
"2021-03-26 03:45:00",32107,12.77,15.49,749.6,14.16,74.68
"2021-03-26 03:50:00",32108,12.76,15.49,749.6,14.16,74.74
"2021-03-26 03:55:00",32109,12.76,15.47,749.6,14.01,75.8
"2021-03-26 04:00:00",32110,12.76,15.4,749.5,13.94,76.26
"2021-03-26 04:05:00",32111,12.76,15.31,749.6,13.82,76.8
"2021-03-26 04:10:00",32112,12.75,15.2,749.6,13.87,76.42
"2021-03-26 04:15:00",32113,12.75,15.12,749.6,14.09,75.63
"2021-03-26 04:20:00",32114,12.75,15.05,749.6,14.04,76.09
"2021-03-26 04:25:00",32115,12.75,14.99,749.6,13.86,77.09
"2021-03-26 04:30:00",32116,12.75,14.9,749.5,13.63,78.23
"2021-03-26 04:35:00",32117,12.74,14.81,749.5,13.73,78.28
"2021-03-26 04:40:00",32118,12.74,14.74,749.6,13.61,78.86
"2021-03-26 04:45:00",32119,12.74,14.68,749.6,13.58,79.38
"2021-03-26 04:50:00",32120,12.74,14.6,749.6,13.54,80.1
"2021-03-26 04:55:00",32121,12.73,14.53,749.7,13.49,79.58
"2021-03-26 05:00:00",32122,12.73,14.46,749.7,13.44,79.71
"2021-03-26 05:05:00",32123,12.73,14.4,749.7,13.53,79.54
"2021-03-26 05:10:00",32124,12.73,14.34,749.7,13.5,79.5
"2021-03-26 05:15:00",32125,12.72,14.27,749.8,13.49,79.83
"2021-03-26 05:20:00",32126,12.72,14.21,749.8,13.55,79.6
"2021-03-26 05:25:00",32127,12.72,14.16,749.8,13.45,79.6
"2021-03-26 05:30:00",32128,12.71,14.11,749.8,13.45,79.49
"2021-03-26 05:35:00",32129,12.71,14.07,749.8,13.65,79.15
"2021-03-26 05:40:00",32130,12.71,14.02,749.8,13.51,79.62
"2021-03-26 05:45:00",32131,12.71,13.98,749.8,13.41,80.3
"2021-03-26 05:50:00",32132,12.7,13.97,749.8,13.06,81.2
"2021-03-26 05:55:00",32133,12.7,13.93,749.7,12.91,81.7
"2021-03-26 06:00:00",32134,12.7,13.88,749.8,12.85,81.9
"2021-03-26 06:05:00",32135,12.7,13.84,749.7,12.82,82.3
"2021-03-26 06:10:00",32136,12.69,13.81,749.8,12.72,82.8
"2021-03-26 06:15:00",32137,12.7,13.76,749.9,12.65,83.1
"2021-03-26 06:20:00",32138,12.69,13.72,750,12.46,83.6
"2021-03-26 06:25:00",32139,12.69,13.68,750,12.64,82.4
"2021-03-26 06:30:00",32140,12.69,13.69,750.1,12.63,81.8
"2021-03-26 06:35:00",32141,12.69,13.66,750.1,12.4,82.3
"2021-03-26 06:40:00",32142,12.7,13.63,750.1,12.43,81.9
"2021-03-26 06:45:00",32143,12.71,13.59,750.2,12.41,82.1
"2021-03-26 06:50:00",32144,12.72,13.56,750.3,12.67,81.3
"2021-03-26 06:55:00",32145,12.78,13.58,750.3,13.08,79.05
"2021-03-26 07:00:00",32146,12.89,13.71,750.3,13.64,77.26
"2021-03-26 07:05:00",32147,13.06,13.87,750.4,14.11,75.63
"2021-03-26 07:10:00",32148,13.35,14.17,750.5,14.67,73.37
"2021-03-26 07:15:00",32149,13.41,14.42,750.5,14.23,74.81
"2021-03-26 07:20:00",32150,13.51,14.68,750.6,13.81,77.69
"2021-03-26 07:25:00",32151,13.7,15.07,750.6,14.22,76.27
"2021-03-26 07:30:00",32152,13.89,15.6,750.7,14.7,74.48
"2021-03-26 07:35:00",32153,13.84,16.99,750.8,15.16,73.46
"2021-03-26 07:40:00",32154,13.59,17.58,750.8,16.2,69.19
"2021-03-26 07:45:00",32155,13.55,17.21,750.9,15.32,72.7
"2021-03-26 07:50:00",32156,13.53,17.29,751,14.8,75.38
"2021-03-26 07:55:00",32157,13.54,17.41,751,14.83,74.85
"2021-03-26 08:00:00",32158,13.56,17.59,751.1,15.1,74.08
"2021-03-26 08:05:00",32159,13.58,17.75,751.1,15.23,74.22
"2021-03-26 08:10:00",32160,13.61,17.96,751.1,15.52,71.94
"2021-03-26 08:15:00",32161,13.68,18.18,751.1,15.9,70.09
"2021-03-26 08:20:00",32162,13.71,18.47,751.2,16.26,69
"2021-03-26 08:25:00",32163,13.75,18.73,751.2,16.24,68.59
"2021-03-26 08:30:00",32164,13.84,19.05,751.2,16,70.19
"2021-03-26 08:35:00",32165,13.91,19.31,751.3,15.82,70.77
"2021-03-26 08:40:00",32166,13.73,20.11,751.3,16.1,71.63
"2021-03-26 08:45:00",32167,13.73,20.77,751.4,16.13,72.49
"2021-03-26 08:50:00",32168,13.74,21.2,751.5,16.77,67.28
"2021-03-26 08:55:00",32169,13.71,21.56,751.5,17.55,65.92
"2021-03-26 09:00:00",32170,13.71,21.94,751.5,16.89,67.19
"2021-03-26 09:05:00",32171,13.71,22.27,751.5,16.83,68.17
"2021-03-26 09:10:00",32172,13.68,22.62,751.5,18.01,63.13
"2021-03-26 09:15:00",32173,13.68,23.05,751.5,17.98,61.48
"2021-03-26 09:20:00",32174,13.68,23.6,751.6,18.9,58.97
"2021-03-26 09:25:00",32175,13.66,24.16,751.4,19.52,57.27
"2021-03-26 09:30:00",32176,13.66,24.87,751.4,19.97,52.83
"2021-03-26 09:35:00",32177,13.63,25.5,751.4,19.54,55.12
"2021-03-26 09:40:00",32178,13.63,26.17,751.4,20.93,50.62
"2021-03-26 09:45:00",32179,13.61,26.8,751.4,21.02,49.72
"2021-03-26 09:50:00",32180,13.61,27.44,751.4,21.71,46.79
"2021-03-26 09:55:00",32181,13.58,28.12,751.3,22.25,45.04
"2021-03-26 10:00:00",32182,13.58,28.64,751.3,21.15,48.56
"2021-03-26 10:05:00",32183,13.56,29.02,751.3,22.17,46.18
"2021-03-26 10:10:00",32184,13.56,29.43,751.3,22.6,43.98
"2021-03-26 10:15:00",32185,13.56,29.84,751.3,22.46,43.45
"2021-03-26 10:20:00",32186,13.53,30.24,751.3,22.43,43.77
"2021-03-26 10:25:00",32187,13.53,30.63,751.2,23.48,41.72
"2021-03-26 10:30:00",32188,13.51,31.01,751.1,23.2,41.92
"2021-03-26 10:35:00",32189,13.51,31.37,751.1,23.4,42.59
"2021-03-26 10:40:00",32190,13.51,31.68,751,22.56,42.36
"2021-03-26 10:45:00",32191,13.51,31.81,751,23.06,41.84
"2021-03-26 10:50:00",32192,13.51,31.93,750.9,23.08,40.5
"2021-03-26 10:55:00",32193,13.49,32,750.8,23.41,39.46
"2021-03-26 11:00:00",32194,13.49,32.08,750.7,23.63,39.22
"2021-03-26 11:05:00",32195,13.49,32.2,750.7,23.73,38.9
"2021-03-26 11:10:00",32196,13.49,32.3,750.5,24.07,39.04
"2021-03-26 11:15:00",32197,13.49,32.45,750.5,24.82,37.1
"2021-03-26 11:20:00",32198,13.49,32.69,750.4,26.4,34.09
"2021-03-26 11:25:00",32199,13.49,33.05,750.3,25.52,35.68
"2021-03-26 11:30:00",32200,13.47,33.28,750.2,24.63,36.88
"2021-03-26 11:35:00",32201,13.47,33.31,750.1,24.4,37.96
"2021-03-26 11:40:00",32202,13.47,33.19,750,25.56,34.31
"2021-03-26 11:45:00",32203,13.47,33.13,749.9,23.95,36.85
"2021-03-26 11:50:00",32204,13.47,33.1,749.8,25.98,34.49
"2021-03-26 11:55:00",32205,13.47,33.2,749.6,25.98,33.28
"2021-03-26 12:00:00",32206,13.47,33.36,749.4,26.1,32.01
"2021-03-26 12:05:00",32207,13.47,33.51,749.4,26.99,31.82
"2021-03-26 12:10:00",32208,13.47,33.66,749.3,25.29,34.92
"2021-03-26 12:15:00",32209,13.47,33.68,749.1,25.04,33.46
"2021-03-26 12:20:00",32210,13.47,33.63,749.1,26.03,31.3
"2021-03-26 12:25:00",32211,13.47,33.6,748.9,25.72,32.11
"2021-03-26 12:30:00",32212,13.47,33.57,748.8,26.13,31.54
"2021-03-26 12:35:00",32213,13.47,33.58,748.7,26.71,30.14
"2021-03-26 12:40:00",32214,13.47,33.67,748.6,27.02,30.74
"2021-03-26 12:45:00",32215,13.47,33.8,748.5,26.7,32.06
"2021-03-26 12:50:00",32216,13.47,33.9,748.5,27.49,29.21
"2021-03-26 12:55:00",32217,13.47,33.98,748.5,26.35,31.02
"2021-03-26 13:00:00",32218,13.47,33.94,748.4,26.39,31.5
"2021-03-26 13:05:00",32219,13.47,33.84,748.2,26.13,31.14
"2021-03-26 13:10:00",32220,13.47,33.74,748.1,27.38,29.72
"2021-03-26 13:15:00",32221,13.47,33.72,747.9,27.44,29.55
"2021-03-26 13:20:00",32222,13.47,33.79,747.9,27.86,29.86
"2021-03-26 13:25:00",32223,13.48,33.79,747.7,26.42,32.14
"2021-03-26 13:30:00",32224,13.48,33.54,747.8,25.61,35.72
"2021-03-26 13:35:00",32225,13.47,33.09,747.7,25.04,35.93
"2021-03-26 13:40:00",32226,13.48,32.58,747.7,24.67,37.92
"2021-03-26 13:45:00",32227,13.47,32.06,747.5,24.18,38.1
"2021-03-26 13:50:00",32228,13.48,31.57,747.5,23.84,38.13
"2021-03-26 13:55:00",32229,13.47,31.08,747.3,23.4,39.2
"2021-03-26 14:00:00",32230,13.47,30.61,747.2,23.51,36.97
"2021-03-26 14:05:00",32231,13.47,30.2,747.1,23.32,38.07
"2021-03-26 14:10:00",32232,13.47,29.89,747.1,23.47,37.66
"2021-03-26 14:15:00",32233,13.47,29.61,747.2,23.29,39.58
"2021-03-26 14:20:00",32234,13.48,29.39,747.3,22.94,39.54
"2021-03-26 14:25:00",32235,13.48,29.18,747.4,23.02,39.58
"2021-03-26 14:30:00",32236,13.5,29,747.3,22.85,40.05
"2021-03-26 14:35:00",32237,13.5,28.81,747.1,22.97,38.46
"2021-03-26 14:40:00",32238,13.5,28.6,747.1,23.17,37.3
"2021-03-26 14:45:00",32239,13.5,28.42,747,23.36,36.23
"2021-03-26 14:50:00",32240,13.53,28.3,747.1,23.58,35.99
"2021-03-26 14:55:00",32241,13.53,28.25,746.9,23.96,36.59
"2021-03-26 15:00:00",32242,13.53,28.24,746.8,23.98,36.29
"2021-03-26 15:05:00",32243,13.53,28.25,746.8,23.93,36.95
"2021-03-26 15:10:00",32244,13.53,28.25,746.7,23.91,37.31
"2021-03-26 15:15:00",32245,13.53,28.25,746.7,23.81,36.34
"2021-03-26 15:20:00",32246,13.53,28.2,746.7,23.93,35.03
"2021-03-26 15:25:00",32247,13.53,28.21,746.7,24.31,35
"2021-03-26 15:30:00",32248,13.53,28.24,746.6,24.41,35.44
"2021-03-26 15:35:00",32249,13.53,28.3,746.5,24.67,34.56
"2021-03-26 15:40:00",32250,13.53,28.37,746.5,24.91,34.79
"2021-03-26 15:45:00",32251,13.53,28.5,746.5,24.92,34.62
"2021-03-26 15:50:00",32252,13.53,28.61,746.4,24.77,34.74
"2021-03-26 15:55:00",32253,13.53,28.69,746.4,24.64,35.49
"2021-03-26 16:00:00",32254,13.53,28.77,746.4,24.75,35.07
"2021-03-26 16:05:00",32255,13.53,28.84,746.3,24.29,35.96
"2021-03-26 16:10:00",32256,13.53,28.84,746.3,24.45,36.07
"2021-03-26 16:15:00",32257,13.53,28.85,746.3,24.7,34.1
"2021-03-26 16:20:00",32258,13.53,28.92,746.3,25.02,32.25
"2021-03-26 16:25:00",32259,13.53,29.02,746.3,25.01,33.83
"2021-03-26 16:30:00",32260,13.53,29.13,746.3,24.81,34.54
"2021-03-26 16:35:00",32261,13.53,29.25,746.3,24.92,34.39
"2021-03-26 16:40:00",32262,13.53,29.36,746.2,24.76,34.21
"2021-03-26 16:45:00",32263,13.53,29.43,746.2,24.72,34.84
"2021-03-26 16:50:00",32264,13.53,29.42,746.2,24.67,35.56
"2021-03-26 16:55:00",32265,13.53,29.4,746.2,24.59,36.55
"2021-03-26 17:00:00",32266,13.53,29.31,746.3,24.04,37.49
"2021-03-26 17:05:00",32267,13.53,29.17,746.3,24.05,37.95
"2021-03-26 17:10:00",32268,13.53,28.97,746.3,24.26,36.39
"2021-03-26 17:15:00",32269,13.53,28.83,746.3,24.23,36.05
"2021-03-26 17:20:00",32270,13.53,28.67,746.3,23.96,37.02
"2021-03-26 17:25:00",32271,13.53,28.43,746.3,23.42,38.18
"2021-03-26 17:30:00",32272,13.53,27.98,746.3,23.31,38.86
"2021-03-26 17:35:00",32273,13.53,27.3,746.3,23.14,39.3
"2021-03-26 17:40:00",32274,13.38,26.75,746.3,23.1,38.25
"2021-03-26 17:45:00",32275,13.32,26.29,746.2,23.21,37.07
"2021-03-26 17:50:00",32276,13.26,25.96,746.2,23.02,37.25
"2021-03-26 17:55:00",32277,13.21,25.7,746.2,23.04,37.29
"2021-03-26 18:00:00",32278,13.18,25.49,746.2,22.97,37.08
"2021-03-26 18:05:00",32279,13.13,25.3,746.2,22.87,37.83
"2021-03-26 18:10:00",32280,13.09,25.12,746.3,22.81,38.09
"2021-03-26 18:15:00",32281,13.05,24.94,746.4,22.65,38.72
"2021-03-26 18:20:00",32282,13.01,24.79,746.5,22.49,39.07
"2021-03-26 18:25:00",32283,12.98,24.62,746.6,22.51,39.1
"2021-03-26 18:30:00",32284,12.97,24.45,746.7,22.42,39.49
"2021-03-26 18:35:00",32285,12.97,24.25,746.7,22.29,39.64
"2021-03-26 18:40:00",32286,12.96,24.06,746.9,22.25,39.34
"2021-03-26 18:45:00",32287,12.96,23.9,747,21.83,42.22
"2021-03-26 18:50:00",32288,12.95,23.72,747.1,21.38,43.68
"2021-03-26 18:55:00",32289,12.95,23.54,747.1,21.19,44.85
"2021-03-26 19:00:00",32290,12.95,23.38,747.1,21.77,43.11
"2021-03-26 19:05:00",32291,12.94,23.27,747.2,21.51,44.08
"2021-03-26 19:10:00",32292,12.94,23.15,747.3,21.36,44.61
"2021-03-26 19:15:00",32293,12.94,23.04,747.3,21.24,44.4
"2021-03-26 19:20:00",32294,12.94,22.92,747.3,21.06,44.86
"2021-03-26 19:25:00",32295,12.93,22.79,747.4,21.16,44.71
"2021-03-26 19:30:00",32296,12.93,22.66,747.5,21.34,44.03
"2021-03-26 19:35:00",32297,12.93,22.58,747.6,21.24,44.47
"2021-03-26 19:40:00",32298,12.93,22.47,747.7,20.9,45.71
"2021-03-26 19:45:00",32299,12.92,22.37,747.7,20.73,46.19
"2021-03-26 19:50:00",32300,12.92,22.27,747.8,20.54,46.81
"2021-03-26 19:55:00",32301,12.92,22.14,747.9,20.28,47.76
"2021-03-26 20:00:00",32302,12.92,22.02,747.9,20.24,48.48
"2021-03-26 20:05:00",32303,12.92,21.9,748,20.4,48.18
"2021-03-26 20:10:00",32304,12.91,21.8,748,20.5,47.88
"2021-03-26 20:15:00",32305,12.91,21.69,748,20.48,48.19
"2021-03-26 20:20:00",32306,12.91,21.62,748,20.37,48.18
"2021-03-26 20:25:00",32307,12.91,21.53,748.1,20.47,47.31
"2021-03-26 20:30:00",32308,12.91,21.49,748.2,20.47,47.88
"2021-03-26 20:35:00",32309,12.91,21.41,748.2,20.25,49.27
"2021-03-26 20:40:00",32310,12.9,21.35,748.3,19.98,50.39
"2021-03-26 20:45:00",32311,12.9,21.29,748.4,20.07,49.87
"2021-03-26 20:50:00",32312,12.9,21.15,748.5,19.81,50.43
"2021-03-26 20:55:00",32313,12.9,21.05,748.6,19.86,50.44
"2021-03-26 21:00:00",32314,12.9,20.96,748.6,19.89,50.57
"2021-03-26 21:05:00",32315,12.9,20.88,748.7,19.76,51.24
"2021-03-26 21:10:00",32316,12.9,20.82,748.7,19.68,51.89
"2021-03-26 21:15:00",32317,12.9,20.75,748.6,19.41,52.59
"2021-03-26 21:20:00",32318,12.9,20.67,748.8,19.42,53
"2021-03-26 21:25:00",32319,12.89,20.58,749,19.24,53.9
"2021-03-26 21:30:00",32320,12.9,20.49,749.1,19.19,53.96
"2021-03-26 21:35:00",32321,12.89,20.39,749.2,18.98,54.48
"2021-03-26 21:40:00",32322,12.89,20.29,749.2,19.09,53.57
"2021-03-26 21:45:00",32323,12.89,20.2,749.3,18.92,54.47
"2021-03-26 21:50:00",32324,12.89,20.1,749.4,18.73,53.49
"2021-03-26 21:55:00",32325,12.89,20.04,749.5,18.63,53.79
"2021-03-26 22:00:00",32326,12.89,19.93,749.5,18.39,55.38
"2021-03-26 22:05:00",32327,12.89,19.85,749.5,18.32,55.8
"2021-03-26 22:10:00",32328,12.88,19.77,749.6,18.03,56.77
"2021-03-26 22:15:00",32329,12.88,19.65,749.6,17.81,57.31
"2021-03-26 22:20:00",32330,12.88,19.49,749.7,17.7,57.48
"2021-03-26 22:25:00",32331,12.88,19.35,749.7,17.52,58.33
"2021-03-26 22:30:00",32332,12.88,19.21,749.8,17.67,56.34
"2021-03-26 22:35:00",32333,12.88,19.11,749.8,18.33,55.16
"2021-03-26 22:40:00",32334,12.88,19.06,749.8,18.57,55.84
"2021-03-26 22:45:00",32335,12.88,19,749.9,18.09,57.72
"2021-03-26 22:50:00",32336,12.87,18.95,749.9,17.92,58.03
"2021-03-26 22:55:00",32337,12.88,18.76,749.8,18.32,56.78
"2021-03-26 23:00:00",32338,12.88,18.54,749.8,18.19,57
"2021-03-26 23:05:00",32339,12.88,18.44,749.7,17.89,58.51
"2021-03-26 23:10:00",32340,12.88,18.38,749.7,18.05,57.83
"2021-03-26 23:15:00",32341,12.88,18.3,749.7,18.09,57.6
"2021-03-26 23:20:00",32342,12.88,18.22,749.7,17.89,58.48
"2021-03-26 23:25:00",32343,12.87,18.14,749.7,17.75,59.06
"2021-03-26 23:30:00",32344,12.87,18.06,749.8,17.49,60.5
"2021-03-26 23:35:00",32345,12.87,17.96,749.7,17.29,61.27
"2021-03-26 23:40:00",32346,12.87,17.88,749.7,17.1,62.65
"2021-03-26 23:45:00",32347,12.87,17.8,749.6,16.72,64.01
"2021-03-26 23:50:00",32348,12.87,17.68,749.6,16.61,63.96
"2021-03-26 23:55:00",32349,12.87,17.59,749.5,16.48,64.09
"2021-03-27 00:00:00",32350,12.86,17.51,749.5,16.3,64.79
"2021-03-27 00:05:00",32351,12.86,17.41,749.6,16.25,65.31
"2021-03-27 00:10:00",32352,12.86,17.32,749.7,16.26,65.17
"2021-03-27 00:15:00",32353,12.86,17.25,749.7,16.5,64.18
"2021-03-27 00:20:00",32354,12.86,17.2,749.6,16.41,64.37
"2021-03-27 00:25:00",32355,12.86,17.15,749.7,16.53,64.3
"2021-03-27 00:30:00",32356,12.85,17.11,749.7,16.22,65.22
"2021-03-27 00:35:00",32357,12.85,17.06,749.5,16.36,64.3
"2021-03-27 00:40:00",32358,12.85,17.02,749.5,16.32,64.71
"2021-03-27 00:45:00",32359,12.85,16.98,749.5,16.32,64.53
"2021-03-27 00:50:00",32360,12.85,16.97,749.5,16.24,64.54
"2021-03-27 00:55:00",32361,12.85,16.97,749.3,16.18,65.13
"2021-03-27 01:00:00",32362,12.85,16.96,749.3,16.26,64.73
"2021-03-27 01:05:00",32363,12.84,16.92,749.4,16.39,64.04
"2021-03-27 01:10:00",32364,12.84,16.92,749.4,16.14,66.26
"2021-03-27 01:15:00",32365,12.85,16.93,749.5,15.93,67.43
"2021-03-27 01:20:00",32366,12.84,16.95,749.6,15.78,67.95
"2021-03-27 01:25:00",32367,12.84,16.97,749.5,15.74,67.82
"2021-03-27 01:30:00",32368,12.84,16.99,749.4,15.92,65.79
"2021-03-27 01:35:00",32369,12.84,17,749.5,16.03,66.01
"2021-03-27 01:40:00",32370,12.84,17,749.5,15.98,66.73
"2021-03-27 01:45:00",32371,12.84,17,749.5,15.82,67.43
"2021-03-27 01:50:00",32372,12.83,16.98,749.5,15.98,67.43
"2021-03-27 01:55:00",32373,12.83,16.95,749.3,15.89,67.94
"2021-03-27 02:00:00",32374,12.83,16.91,749.3,15.93,68.06
"2021-03-27 02:05:00",32375,12.83,16.87,749.2,15.9,68.29
"2021-03-27 02:10:00",32376,12.83,16.81,749.1,15.86,68.43
"2021-03-27 02:15:00",32377,12.82,16.75,749.2,15.71,69.68
"2021-03-27 02:20:00",32378,12.82,16.69,749.1,15.76,68.41
"2021-03-27 02:25:00",32379,12.82,16.62,749,15.7,68.58
"2021-03-27 02:30:00",32380,12.82,16.55,749,15.6,69.68
"2021-03-27 02:35:00",32381,12.82,16.49,749,15.65,68.28
"2021-03-27 02:40:00",32382,12.81,16.43,749,15.38,69.38
"2021-03-27 02:45:00",32383,12.81,16.36,749,15.34,69.2
"2021-03-27 02:50:00",32384,12.81,16.28,749,15.28,69.28
"2021-03-27 02:55:00",32385,12.81,16.21,749,15.3,69.8
"2021-03-27 03:00:00",32386,12.81,16.13,749,15.14,71.24
"2021-03-27 03:05:00",32387,12.81,16.06,749,15,73.09
"2021-03-27 03:10:00",32388,12.8,15.97,748.9,14.76,74.55
"2021-03-27 03:15:00",32389,12.8,15.87,748.9,14.92,73.45
"2021-03-27 03:20:00",32390,12.8,15.78,748.9,14.83,73.74
"2021-03-27 03:25:00",32391,12.8,15.72,749,14.71,73.52
"2021-03-27 03:30:00",32392,12.8,15.66,749,14.63,73.79
"2021-03-27 03:35:00",32393,12.79,15.61,749,14.68,73.34
"2021-03-27 03:40:00",32394,12.79,15.55,749,14.67,73.26
"2021-03-27 03:45:00",32395,12.79,15.51,749,14.63,73.7
"2021-03-27 03:50:00",32396,12.79,15.48,749,14.66,73.4
"2021-03-27 03:55:00",32397,12.78,15.57,749,15.02,72.39
"2021-03-27 04:00:00",32398,12.77,15.86,748.9,14.99,72.55
"2021-03-27 04:05:00",32399,12.77,15.99,748.8,15.06,72.56
"2021-03-27 04:10:00",32400,12.77,16.09,748.7,14.89,72.88
"2021-03-27 04:15:00",32401,12.76,16.14,748.7,14.93,73.02
"2021-03-27 04:20:00",32402,12.76,16.18,748.6,15.12,71.35
"2021-03-27 04:25:00",32403,12.76,16.19,748.5,15.57,69.71
"2021-03-27 04:30:00",32404,12.76,16.25,748.6,15.23,71.46
"2021-03-27 04:35:00",32405,12.75,16.29,748.6,14.95,73.31
"2021-03-27 04:40:00",32406,12.75,16.31,748.6,14.94,73.88
"2021-03-27 04:45:00",32407,12.75,16.29,748.6,14.73,74.85
"2021-03-27 04:50:00",32408,12.75,16.22,748.6,14.72,74.79
"2021-03-27 04:55:00",32409,12.75,16.09,748.6,14.65,75.12
"2021-03-27 05:00:00",32410,12.75,15.99,748.6,14.49,75.76
"2021-03-27 05:05:00",32411,12.75,15.89,748.7,14.43,76.2
"2021-03-27 05:10:00",32412,12.74,15.8,748.7,14.31,76.76
"2021-03-27 05:15:00",32413,12.74,15.71,748.8,14.22,77.44
"2021-03-27 05:20:00",32414,12.74,15.62,748.9,14.05,78.26
"2021-03-27 05:25:00",32415,12.73,15.54,749,14.16,78.07
"2021-03-27 05:30:00",32416,12.73,15.47,749.1,14.1,77.64
"2021-03-27 05:35:00",32417,12.73,15.41,749.2,13.87,78.48
"2021-03-27 05:40:00",32418,12.72,15.34,749.2,13.72,78.97
"2021-03-27 05:45:00",32419,12.72,15.22,749.3,13.65,79.4
"2021-03-27 05:50:00",32420,12.72,15.14,749.4,13.73,79.17
"2021-03-27 05:55:00",32421,12.71,15.04,749.5,13.71,79.44
"2021-03-27 06:00:00",32422,12.71,14.96,749.6,13.88,78.76
"2021-03-27 06:05:00",32423,12.71,14.92,749.6,13.79,79.23
"2021-03-27 06:10:00",32424,12.7,14.89,749.7,13.67,79.84
"2021-03-27 06:15:00",32425,12.7,14.83,749.8,13.47,80.5
"2021-03-27 06:20:00",32426,12.7,14.77,749.8,13.48,80.7
"2021-03-27 06:25:00",32427,12.69,14.72,749.9,13.47,79.88
"2021-03-27 06:30:00",32428,12.69,14.64,749.9,13.43,81.1
"2021-03-27 06:35:00",32429,12.69,14.62,749.9,13.3,81.4
"2021-03-27 06:40:00",32430,12.7,14.62,749.9,13.2,81.6
"2021-03-27 06:45:00",32431,12.72,14.61,750,13.23,81.8
"2021-03-27 06:50:00",32432,12.74,14.6,750,13.28,81.6
"2021-03-27 06:55:00",32433,12.78,14.6,750.1,13.32,81.2
"2021-03-27 07:00:00",32434,12.82,14.63,750.2,13.43,81
"2021-03-27 07:05:00",32435,12.87,14.7,750.2,13.55,80.9
"2021-03-27 07:10:00",32436,12.94,14.78,750.2,13.51,81.3
"2021-03-27 07:15:00",32437,13.03,14.86,750.3,13.71,80.6
"2021-03-27 07:20:00",32438,13.17,14.98,750.3,14.1,79.16
"2021-03-27 07:25:00",32439,13.38,15.19,750.3,14.4,77.81
"2021-03-27 07:30:00",32440,13.52,15.48,750.4,14.67,76.7
"2021-03-27 07:35:00",32441,13.56,15.73,750.5,14.91,75.09
"2021-03-27 07:40:00",32442,13.63,16.03,750.5,14.92,74.95
"2021-03-27 07:45:00",32443,13.69,16.37,750.5,15.3,73.81
"2021-03-27 07:50:00",32444,13.75,16.73,750.6,15.55,72.26
"2021-03-27 07:55:00",32445,13.93,17.14,750.6,15.74,71.58
"2021-03-27 08:00:00",32446,13.79,18.17,750.6,16.5,68.35
"2021-03-27 08:05:00",32447,13.76,19.26,750.7,17.17,65.62
"2021-03-27 08:10:00",32448,13.76,20,750.7,17.77,63.21
"2021-03-27 08:15:00",32449,13.73,20.64,750.7,18.13,62.46
"2021-03-27 08:20:00",32450,13.73,21.28,750.8,18.74,61.03
"2021-03-27 08:25:00",32451,13.7,21.91,750.9,18.14,60.57
"2021-03-27 08:30:00",32452,13.7,22.5,750.9,18.92,59.24
"2021-03-27 08:35:00",32453,13.68,23.08,750.9,19.54,54.56
"2021-03-27 08:40:00",32454,13.68,23.67,750.8,19.96,53.73
"2021-03-27 08:45:00",32455,13.65,24.26,750.8,19.99,53.64
"2021-03-27 08:50:00",32456,13.65,24.88,750.9,20.38,52.01
"2021-03-27 08:55:00",32457,13.63,25.46,751,20.68,52.06
"2021-03-27 09:00:00",32458,13.63,25.85,751.1,20.03,54.14
"2021-03-27 09:05:00",32459,13.63,26.15,751.2,20.1,53.78
"2021-03-27 09:10:00",32460,13.6,26.35,751.3,19.63,54.55
"2021-03-27 09:15:00",32461,13.6,26.43,751.4,19.6,53.15
"2021-03-27 09:20:00",32462,13.6,26.45,751.4,19.82,53.09
"2021-03-27 09:25:00",32463,13.6,26.47,751.4,19.67,54.4
"2021-03-27 09:30:00",32464,13.6,26.48,751.4,19.77,52.83
"2021-03-27 09:35:00",32465,13.6,26.66,751.4,20.83,51.26
"2021-03-27 09:40:00",32466,13.6,27.03,751.4,20.73,49.24
"2021-03-27 09:45:00",32467,13.6,27.44,751.4,21.5,47.97
"2021-03-27 09:50:00",32468,13.58,27.74,751.3,20.87,49.76
"2021-03-27 09:55:00",32469,13.58,27.91,751.3,20.87,49.54
"2021-03-27 10:00:00",32470,13.58,28.06,751.2,21.24,48.17
"2021-03-27 10:05:00",32471,13.58,28.32,751.2,21.87,45.34
"2021-03-27 10:10:00",32472,13.56,28.67,751.1,22.3,45.33
"2021-03-27 10:15:00",32473,13.56,29.01,751.2,22.01,46.61
"2021-03-27 10:20:00",32474,13.56,29.35,751,22.44,44.61
"2021-03-27 10:25:00",32475,13.56,29.62,751,21.79,45.69
"2021-03-27 10:30:00",32476,13.53,29.79,751,21.5,46.74
"2021-03-27 10:35:00",32477,13.53,29.9,751,22.69,43.22
"2021-03-27 10:40:00",32478,13.53,30,750.9,21.98,45.36
"2021-03-27 10:45:00",32479,13.53,30.13,751,22.69,40.95
"2021-03-27 10:50:00",32480,13.53,30.27,750.9,22.53,42.3
"2021-03-27 10:55:00",32481,13.53,30.34,750.9,22.5,40.54
"2021-03-27 11:00:00",32482,13.53,30.34,750.8,22.14,41.21
"2021-03-27 11:05:00",32483,13.54,30.31,750.8,23.25,40.16
"2021-03-27 11:10:00",32484,13.53,30.32,750.7,22.83,39.46
"2021-03-27 11:15:00",32485,13.54,30.37,750.7,23.06,37.92
"2021-03-27 11:20:00",32486,13.54,30.4,750.6,22.75,39.78
"2021-03-27 11:25:00",32487,13.54,30.44,750.5,22.98,38.76
"2021-03-27 11:30:00",32488,13.54,30.47,750.4,23.05,38.21
"2021-03-27 11:35:00",32489,13.54,30.49,750.4,24.07,37.56
"2021-03-27 11:40:00",32490,13.54,30.54,750.3,23.44,37.82
"2021-03-27 11:45:00",32491,13.54,30.64,750.2,22.99,40
"2021-03-27 11:50:00",32492,13.52,30.69,750.1,24.51,36.14
"2021-03-27 11:55:00",32493,13.52,30.87,750,24.39,36.4
"2021-03-27 12:00:00",32494,13.52,30.99,750,23.44,36.77
"2021-03-27 12:05:00",32495,13.52,31.01,749.9,24.29,34.79
"2021-03-27 12:10:00",32496,13.52,31.11,749.8,23.63,33.73
"2021-03-27 12:15:00",32497,13.52,31.28,749.8,24.84,32.2
"2021-03-27 12:20:00",32498,13.52,31.54,749.7,24.63,32.79
"2021-03-27 12:25:00",32499,13.52,31.78,749.6,24.51,33.98
"2021-03-27 12:30:00",32500,13.49,32.02,749.5,25.66,30.42
"2021-03-27 12:35:00",32501,13.5,32.22,749.5,25,31.98
"2021-03-27 12:40:00",32502,13.5,32.34,749.4,25.07,33
"2021-03-27 12:45:00",32503,13.5,32.38,749.4,24.95,32.85
"2021-03-27 12:50:00",32504,13.5,32.43,749.3,25.29,31.64
"2021-03-27 12:55:00",32505,13.5,32.45,749.3,24.92,33.38
"2021-03-27 13:00:00",32506,13.5,32.44,749.2,25.31,31.88
"2021-03-27 13:05:00",32507,13.5,32.34,749.1,23.66,35.73
"2021-03-27 13:10:00",32508,13.5,32.01,749.1,23.18,37.86
"2021-03-27 13:15:00",32509,13.5,31.53,749,22.68,41.08
"2021-03-27 13:20:00",32510,13.5,31.01,749,22.28,44.65
"2021-03-27 13:25:00",32511,13.5,30.48,748.9,22.09,42.96
"2021-03-27 13:30:00",32512,13.5,29.98,748.9,22.29,42.3
"2021-03-27 13:35:00",32513,13.5,29.59,748.7,22.19,40.38
"2021-03-27 13:40:00",32514,13.5,29.27,748.6,22.67,37.88
"2021-03-27 13:45:00",32515,13.5,29,748.6,22.71,37.35
"2021-03-27 13:50:00",32516,13.5,28.77,748.6,22.56,38
"2021-03-27 13:55:00",32517,13.5,28.58,748.6,22.84,37.89
"2021-03-27 14:00:00",32518,13.5,28.42,748.6,22.48,41.38
"2021-03-27 14:05:00",32519,13.5,28.24,748.6,21.65,46.66
"2021-03-27 14:10:00",32520,13.52,27.88,748.7,21.21,47.05
"2021-03-27 14:15:00",32521,13.53,27.54,748.8,19.92,52.08
"2021-03-27 14:20:00",32522,13.53,27.04,748.8,19.62,53.28
"2021-03-27 14:25:00",32523,13.55,26.56,748.8,19.5,53.07
"2021-03-27 14:30:00",32524,13.55,26.19,748.7,20.56,52.85
"2021-03-27 14:35:00",32525,13.55,25.93,748.7,19.99,56.33
"2021-03-27 14:40:00",32526,13.58,25.69,748.7,19.38,54.79
"2021-03-27 14:45:00",32527,13.58,25.52,748.6,19.32,53.17
"2021-03-27 14:50:00",32528,13.58,25.38,748.5,20.12,49.91
"2021-03-27 14:55:00",32529,13.58,25.35,748.4,20.62,48.37
"2021-03-27 15:00:00",32530,13.58,25.41,748.3,20.59,51.04
"2021-03-27 15:05:00",32531,13.58,25.51,748.2,21.19,48.76
"2021-03-27 15:10:00",32532,13.58,25.71,748.2,21.61,45.95
"2021-03-27 15:15:00",32533,13.58,26.01,748.2,21.83,45.24
"2021-03-27 15:20:00",32534,13.58,26.47,748.1,22.67,40.65
"2021-03-27 15:25:00",32535,13.58,27.03,748,22.87,41.23
"2021-03-27 15:30:00",32536,13.58,27.59,747.9,22.67,40.95
"2021-03-27 15:35:00",32537,13.58,28.08,747.8,22.89,39.21
"2021-03-27 15:40:00",32538,13.58,28.54,747.8,23.19,38.06
"2021-03-27 15:45:00",32539,13.58,29.04,747.8,24.17,37.63
"2021-03-27 15:50:00",32540,13.56,29.58,747.8,24.45,35.41
"2021-03-27 15:55:00",32541,13.56,29.96,747.8,22.91,39.02
"2021-03-27 16:00:00",32542,13.53,30.13,747.8,23.31,36.69
"2021-03-27 16:05:00",32543,13.53,30.25,747.8,23.45,37.63
"2021-03-27 16:10:00",32544,13.53,30.37,747.8,23.38,37.03
"2021-03-27 16:15:00",32545,13.53,30.42,747.8,24.13,36.21
"2021-03-27 16:20:00",32546,13.53,30.48,747.7,23.73,36
"2021-03-27 16:25:00",32547,13.53,30.42,747.7,23.34,38.27
"2021-03-27 16:30:00",32548,13.53,30.35,747.7,23.83,35.85
"2021-03-27 16:35:00",32549,13.53,30.37,747.7,24.25,34.52
"2021-03-27 16:40:00",32550,13.53,30.39,747.7,23.42,35.38
"2021-03-27 16:45:00",32551,13.53,30.34,747.8,23.73,35.41
"2021-03-27 16:50:00",32552,13.53,30.24,747.8,23.44,35.97
"2021-03-27 16:55:00",32553,13.53,30.19,747.8,24.03,34.94
"2021-03-27 17:00:00",32554,13.53,30.19,747.9,23.65,34.9
"2021-03-27 17:05:00",32555,13.53,30.03,748,23.15,36.08
"2021-03-27 17:10:00",32556,13.49,29.49,748.1,23.27,36.65
"2021-03-27 17:15:00",32557,13.27,28.68,748.2,22.76,37.42
"2021-03-27 17:20:00",32558,13.19,28.02,748.2,22.25,39.34
"2021-03-27 17:25:00",32559,13.15,27.48,748.3,22.11,40.85
"2021-03-27 17:30:00",32560,13.12,27.02,748.4,21.78,42.28
"2021-03-27 17:35:00",32561,13.11,26.58,748.5,20.91,49.1
"2021-03-27 17:40:00",32562,13.12,26.11,748.5,21.02,45.43
"2021-03-27 17:45:00",32563,13.14,25.69,748.6,20.95,46.06
"2021-03-27 17:50:00",32564,13.14,25.32,748.6,20.34,52.2
"2021-03-27 17:55:00",32565,13.13,24.93,748.6,20.08,48.33
"2021-03-27 18:00:00",32566,13.16,24.6,748.6,20.19,45.36
"2021-03-27 18:05:00",32567,13.19,24.29,748.6,19.5,53.63
"2021-03-27 18:10:00",32568,13.12,23.92,748.6,19.24,55.38
"2021-03-27 18:15:00",32569,13.02,23.49,748.7,18.99,56.18
"2021-03-27 18:20:00",32570,12.98,23.11,748.7,19.1,55.39
"2021-03-27 18:25:00",32571,12.97,22.77,748.8,18.86,56.34
"2021-03-27 18:30:00",32572,12.96,22.46,748.8,18.65,57.1
"2021-03-27 18:35:00",32573,12.96,22.14,748.9,18.44,58.2
"2021-03-27 18:40:00",32574,12.96,21.86,749,18.62,57.98
"2021-03-27 18:45:00",32575,12.95,21.65,749.2,18.71,57.17
"2021-03-27 18:50:00",32576,12.94,21.46,749.3,18.45,58.9
"2021-03-27 18:55:00",32577,12.95,21.24,749.3,17.99,61.39
"2021-03-27 19:00:00",32578,12.94,21.05,749.4,17.44,63.56
"2021-03-27 19:05:00",32579,12.94,20.81,749.6,17.36,64.86
"2021-03-27 19:10:00",32580,12.94,20.6,749.6,17.2,65.15
"2021-03-27 19:15:00",32581,12.93,20.39,749.9,17.14,64.94
"2021-03-27 19:20:00",32582,12.93,20.19,749.9,17.13,64.35
"2021-03-27 19:25:00",32583,12.93,20.01,750,17.1,63.69
"2021-03-27 19:30:00",32584,12.92,19.84,750,17.15,62.8
"2021-03-27 19:35:00",32585,12.92,19.67,750.2,17.19,62.81
"2021-03-27 19:40:00",32586,12.92,19.53,750.2,17.01,62.99
"2021-03-27 19:45:00",32587,12.92,19.4,750.4,17.01,62.57
"2021-03-27 19:50:00",32588,12.91,19.27,750.4,16.98,62.71
"2021-03-27 19:55:00",32589,12.91,19.18,750.5,16.96,62.59
"2021-03-27 20:00:00",32590,12.91,19.1,750.5,16.99,62.86
"2021-03-27 20:05:00",32591,12.91,19.01,750.6,16.89,63.15
"2021-03-27 20:10:00",32592,12.91,18.94,750.6,16.77,63.28
"2021-03-27 20:15:00",32593,12.9,18.87,750.6,16.77,62.56
"2021-03-27 20:20:00",32594,12.91,18.78,750.7,16.63,63.07
"2021-03-27 20:25:00",32595,12.91,18.65,750.8,16.46,63.96
"2021-03-27 20:30:00",32596,12.91,18.54,751,16.38,63.8
"2021-03-27 20:35:00",32597,12.91,18.45,751,16.3,64.09
"2021-03-27 20:40:00",32598,12.9,18.39,751.1,16.34,63.32
"2021-03-27 20:45:00",32599,12.9,18.32,751.2,16.38,63
"2021-03-27 20:50:00",32600,12.9,18.26,751.3,16.42,63.69
"2021-03-27 20:55:00",32601,12.9,18.22,751.3,16.25,64.93
"2021-03-27 21:00:00",32602,12.9,18.18,751.3,16.19,65.66
"2021-03-27 21:05:00",32603,12.9,18.12,751.4,16.17,65.36
"2021-03-27 21:10:00",32604,12.89,18.06,751.4,16.22,64.28
"2021-03-27 21:15:00",32605,12.89,17.98,751.4,16.18,64.95
"2021-03-27 21:20:00",32606,12.89,17.89,751.5,15.96,66.41
"2021-03-27 21:25:00",32607,12.89,17.82,751.5,15.79,67.49
"2021-03-27 21:30:00",32608,12.89,17.71,751.5,15.75,67.92
"2021-03-27 21:35:00",32609,12.89,17.64,751.6,15.67,68.36
"2021-03-27 21:40:00",32610,12.88,17.54,751.6,15.6,68.67
"2021-03-27 21:45:00",32611,12.88,17.45,751.6,15.61,68.64
"2021-03-27 21:50:00",32612,12.88,17.38,751.7,15.58,68.76
"2021-03-27 21:55:00",32613,12.88,17.32,751.7,15.52,69.18
"2021-03-27 22:00:00",32614,12.88,17.17,751.7,15.47,69.43
"2021-03-27 22:05:00",32615,12.88,17.09,751.6,15.46,69.25
"2021-03-27 22:10:00",32616,12.88,17.03,751.6,15.56,68.72
"2021-03-27 22:15:00",32617,12.87,16.98,751.6,15.7,68.34
"2021-03-27 22:20:00",32618,12.87,16.96,751.6,15.64,68.71
"2021-03-27 22:25:00",32619,12.87,16.92,751.7,15.42,70.66
"2021-03-27 22:30:00",32620,12.87,16.88,751.6,15,71.84
"2021-03-27 22:35:00",32621,12.87,16.8,751.7,14.89,71.53
"2021-03-27 22:40:00",32622,12.86,16.72,751.7,14.96,71.06
"2021-03-27 22:45:00",32623,12.86,16.64,751.7,14.83,71.47
"2021-03-27 22:50:00",32624,12.86,16.55,751.8,14.96,70.6
"2021-03-27 22:55:00",32625,12.86,16.46,751.8,14.94,71.31
"2021-03-27 23:00:00",32626,12.86,16.4,751.8,14.81,71.83
"2021-03-27 23:05:00",32627,12.86,16.33,751.8,14.67,72.18
"2021-03-27 23:10:00",32628,12.86,16.25,751.8,14.7,72.27
"2021-03-27 23:15:00",32629,12.85,16.2,751.8,14.76,72.02
"2021-03-27 23:20:00",32630,12.85,16.15,751.7,14.76,72.02
"2021-03-27 23:25:00",32631,12.85,16.1,751.7,14.76,72.25
"2021-03-27 23:30:00",32632,12.85,15.94,751.7,14.76,72.3
"2021-03-27 23:35:00",32633,12.85,15.86,751.7,14.73,72.59
"2021-03-27 23:40:00",32634,12.85,15.8,751.7,14.77,72.65
"2021-03-27 23:45:00",32635,12.84,15.73,751.7,14.59,73.72
"2021-03-27 23:50:00",32636,12.84,15.69,751.7,14.51,72.71
"2021-03-27 23:55:00",32637,12.84,15.64,751.6,14.32,73.47
"2021-03-28 00:00:00",32638,12.84,15.59,751.5,14.23,73.6
"2021-03-28 00:05:00",32639,12.83,15.52,751.5,14.29,73.58
"2021-03-28 00:10:00",32640,12.83,15.46,751.4,14.24,73.8
"2021-03-28 00:15:00",32641,12.83,15.39,751.4,14.25,74.33
"2021-03-28 00:20:00",32642,12.82,15.33,751.4,14.16,74.74
"2021-03-28 00:25:00",32643,12.82,15.28,751.4,13.75,77.95
"2021-03-28 00:30:00",32644,12.82,15.2,751.4,13.6,79.25
"2021-03-28 00:35:00",32645,12.82,15.09,751.5,13.55,79.6
"2021-03-28 00:40:00",32646,12.82,14.99,751.5,13.61,79.03
"2021-03-28 00:45:00",32647,12.82,14.88,751.4,13.53,78.88
"2021-03-28 00:50:00",32648,12.81,14.78,751.5,13.47,79.17
"2021-03-28 00:55:00",32649,12.81,14.67,751.5,13.51,79.2
"2021-03-28 01:00:00",32650,12.81,14.58,751.4,13.73,77.81
"2021-03-28 01:05:00",32651,12.81,14.51,751.4,13.65,78.15
"2021-03-28 01:10:00",32652,12.81,14.42,751.3,13.59,78.42
"2021-03-28 01:15:00",32653,12.8,14.35,751.3,13.67,78.1
"2021-03-28 01:20:00",32654,12.8,14.3,751.2,13.33,79.71
"2021-03-28 01:25:00",32655,12.8,14.22,751.1,12.98,81.6
"2021-03-28 01:30:00",32656,12.8,14.14,751.2,12.86,82
"2021-03-28 01:35:00",32657,12.79,14.06,751.2,12.7,82.7
"2021-03-28 01:40:00",32658,12.79,13.98,751.2,12.66,82.8
"2021-03-28 01:45:00",32659,12.79,13.87,751.1,12.49,83.5
"2021-03-28 01:50:00",32660,12.79,13.79,751.1,12.62,83.5
"2021-03-28 01:55:00",32661,12.78,13.72,751,12.6,83.8
"2021-03-28 02:00:00",32662,12.78,13.64,751.1,12.7,83.7
"2021-03-28 02:05:00",32663,12.78,13.61,751.1,12.98,82
"2021-03-28 02:10:00",32664,12.78,13.62,751.1,12.85,80.9
"2021-03-28 02:15:00",32665,12.77,13.62,751,12.66,81.2
"2021-03-28 02:20:00",32666,12.77,13.61,751,12.58,80.4
"2021-03-28 02:25:00",32667,12.77,13.59,751,12.55,80.3
"2021-03-28 02:30:00",32668,12.77,13.54,750.9,12.44,80.8
"2021-03-28 02:35:00",32669,12.77,13.43,750.9,12.51,80.3
"2021-03-28 02:40:00",32670,12.76,13.37,750.9,12.4,81.6
"2021-03-28 02:45:00",32671,12.76,13.3,750.8,12.23,81.8
"2021-03-28 02:50:00",32672,12.76,13.23,750.7,12.28,82.4
"2021-03-28 02:55:00",32673,12.76,13.2,750.7,12.41,82.8
"2021-03-28 03:00:00",32674,12.75,13.2,750.7,12.36,83.8
"2021-03-28 03:05:00",32675,12.75,13.19,750.7,12.16,84.1
"2021-03-28 03:10:00",32676,12.75,13.16,750.7,11.98,85.2
"2021-03-28 03:15:00",32677,12.75,13.11,750.8,11.93,86.2
"2021-03-28 03:20:00",32678,12.75,13.08,750.7,11.94,86.4
"2021-03-28 03:25:00",32679,12.75,13.05,750.7,11.96,86.2
"2021-03-28 03:30:00",32680,12.75,13.03,750.7,12.02,85.8
"2021-03-28 03:35:00",32681,12.74,13.01,750.7,12.21,85.3
"2021-03-28 03:40:00",32682,12.74,13.02,750.7,12.29,85.2
"2021-03-28 03:45:00",32683,12.74,13.04,750.6,12.47,84.5
"2021-03-28 03:50:00",32684,12.73,13.06,750.6,12.54,84.2
"2021-03-28 03:55:00",32685,12.73,13.08,750.6,12.69,83.4
"2021-03-28 04:00:00",32686,12.73,13.13,750.6,12.72,83.2
"2021-03-28 04:05:00",32687,12.73,13.16,750.6,12.52,84.1
"2021-03-28 04:10:00",32688,12.72,13.14,750.5,12.44,84.5
"2021-03-28 04:15:00",32689,12.72,13.12,750.6,12.31,85.2
"2021-03-28 04:20:00",32690,12.72,13.06,750.6,12.2,85.6
"2021-03-28 04:25:00",32691,12.71,13.01,750.6,11.85,86.2
"2021-03-28 04:30:00",32692,12.71,12.94,750.7,11.61,87.5
"2021-03-28 04:35:00",32693,12.71,12.86,750.7,11.5,87.9
"2021-03-28 04:40:00",32694,12.7,12.76,750.8,11.45,88.8
"2021-03-28 04:45:00",32695,12.7,12.67,750.7,11.45,88.8
"2021-03-28 04:50:00",32696,12.7,12.57,750.8,11.67,87.8
"2021-03-28 04:55:00",32697,12.69,12.51,750.7,11.82,86.8
"2021-03-28 05:00:00",32698,12.69,12.45,750.7,11.72,86.9
"2021-03-28 05:05:00",32699,12.68,12.41,750.7,11.76,85.3
"2021-03-28 05:10:00",32700,12.68,12.36,750.8,11.66,83.5
"2021-03-28 05:15:00",32701,12.67,12.33,750.9,11.59,83.6
"2021-03-28 05:20:00",32702,12.67,12.29,750.9,11.6,83.4
"2021-03-28 05:25:00",32703,12.67,12.27,750.9,11.59,83.5
"2021-03-28 05:30:00",32704,12.67,12.24,750.9,11.53,83.7
"2021-03-28 05:35:00",32705,12.66,12.1,750.9,11.57,83.6
"2021-03-28 05:40:00",32706,12.66,12.01,751,11.42,83.9
"2021-03-28 05:45:00",32707,12.66,11.95,751,11.5,84.1
"2021-03-28 05:50:00",32708,12.67,11.87,751,11.49,84.1
"2021-03-28 05:55:00",32709,12.67,11.62,751,11.32,86.8
"2021-03-28 06:00:00",32710,12.66,11.51,751.1,11.26,87.3
"2021-03-28 06:05:00",32711,12.66,11.42,751.2,11.12,87.3
"2021-03-28 06:10:00",32712,12.66,11.34,751.2,11.09,87.5
"2021-03-28 06:15:00",32713,12.66,11.28,751.2,11.18,86.7
"2021-03-28 06:20:00",32714,12.66,11.26,751.3,11.01,87.6
"2021-03-28 06:25:00",32715,12.65,11.26,751.3,10.97,88
"2021-03-28 06:30:00",32716,12.66,11.28,751.4,11.01,88.2
"2021-03-28 06:35:00",32717,12.66,11.27,751.4,10.89,88.6
"2021-03-28 06:40:00",32718,12.67,11.27,751.4,11.03,87.9
"2021-03-28 06:45:00",32719,12.69,11.3,751.5,11.05,85.3
"2021-03-28 06:50:00",32720,12.8,11.38,751.6,11.11,85.3
"2021-03-28 06:55:00",32721,12.75,11.38,751.6,11.15,84.9
"2021-03-28 07:00:00",32722,12.8,11.41,751.7,11.23,84.4
"2021-03-28 07:05:00",32723,13.22,11.68,751.7,11.61,83.9
"2021-03-28 07:10:00",32724,13.79,12.08,751.8,12.32,81.3
"2021-03-28 07:15:00",32725,13.91,13.34,751.8,12.94,77.87
"2021-03-28 07:20:00",32726,13.52,13.52,751.9,13.27,76.29
"2021-03-28 07:25:00",32727,13.49,13.33,751.9,12.82,78.28
"2021-03-28 07:30:00",32728,13.48,13.43,752.1,12.94,77.84
"2021-03-28 07:35:00",32729,13.55,13.6,752.1,12.79,78.88
"2021-03-28 07:40:00",32730,13.63,13.83,752.2,12.66,80.1
"2021-03-28 07:45:00",32731,13.67,14.04,752.2,12.62,81.3
"2021-03-28 07:50:00",32732,13.7,14.24,752.2,13,79.56
"2021-03-28 07:55:00",32733,13.82,14.55,752.2,13.46,78.36
"2021-03-28 08:00:00",32734,13.89,14.88,752.2,13.88,74.99
"2021-03-28 08:05:00",32735,13.97,15.3,752.3,14.28,73.92
"2021-03-28 08:10:00",32736,13.82,16.75,752.4,14.65,71.69
"2021-03-28 08:15:00",32737,13.82,17.52,752.3,15.47,67.69
"2021-03-28 08:20:00",32738,13.79,18.25,752.4,15.95,65.38
"2021-03-28 08:25:00",32739,13.79,19.06,752.4,16.26,63.07
"2021-03-28 08:30:00",32740,13.76,19.97,752.4,16.74,62.17
"2021-03-28 08:35:00",32741,13.73,20.82,752.4,15.86,65.13
"2021-03-28 08:40:00",32742,13.71,21.48,752.5,16.48,63.05
"2021-03-28 08:45:00",32743,13.71,21.94,752.5,15.94,66.34
"2021-03-28 08:50:00",32744,13.71,22.31,752.6,16.33,66.88
"2021-03-28 08:55:00",32745,13.71,22.65,752.5,15.93,65.29
"2021-03-28 09:00:00",32746,13.68,22.86,752.5,15.28,68.61
"2021-03-28 09:05:00",32747,13.68,22.89,752.5,15.87,65.22
"2021-03-28 09:10:00",32748,13.68,22.92,752.5,16.07,63.18
"2021-03-28 09:15:00",32749,13.68,22.97,752.4,16.07,63.9
"2021-03-28 09:20:00",32750,13.68,23.09,752.4,17.26,59.74
"2021-03-28 09:25:00",32751,13.68,23.35,752.4,18.15,54.98
"2021-03-28 09:30:00",32752,13.68,23.72,752.3,18.74,53.58
"2021-03-28 09:35:00",32753,13.66,24.27,752.3,19.29,52.7
"2021-03-28 09:40:00",32754,13.66,24.97,752.3,20.86,47.1
"2021-03-28 09:45:00",32755,13.63,25.67,752.3,21.25,45.3
"2021-03-28 09:50:00",32756,13.63,26.42,752.3,20.81,44.93
"2021-03-28 09:55:00",32757,13.61,27.02,752.2,20.65,44.59
"2021-03-28 10:00:00",32758,13.61,27.58,752.2,20.52,46.04
"2021-03-28 10:05:00",32759,13.58,28.09,752.2,21.93,41.71
"2021-03-28 10:10:00",32760,13.58,28.67,752.2,21.74,42.33
"2021-03-28 10:15:00",32761,13.56,29.21,752.2,21.75,40.46
"2021-03-28 10:20:00",32762,13.56,29.72,752.1,22.89,38.29
"2021-03-28 10:25:00",32763,13.53,30.1,752.1,22.01,39.38
"2021-03-28 10:30:00",32764,13.53,30.24,752.1,20.83,42.55
"2021-03-28 10:35:00",32765,13.53,30.1,752,20.97,43.66
"2021-03-28 10:40:00",32766,13.53,29.89,752,20.87,44.42
"2021-03-28 10:45:00",32767,13.53,29.73,752,21.81,41.57
"2021-03-28 10:50:00",32768,13.53,29.69,752,21.21,43.44
"2021-03-28 10:55:00",32769,13.54,29.74,751.9,21.97,41.03
"2021-03-28 11:00:00",32770,13.54,29.86,751.8,20.82,43.2
"2021-03-28 11:05:00",32771,13.53,30.1,751.7,22.21,41.29
"2021-03-28 11:10:00",32772,13.54,30.41,751.7,23.2,36.35
"2021-03-28 11:15:00",32773,13.54,30.79,751.6,23.26,35.2
"2021-03-28 11:20:00",32774,13.51,31.04,751.6,22.63,35.04
"2021-03-28 11:25:00",32775,13.51,31.13,751.5,22.17,39.53
"2021-03-28 11:30:00",32776,13.51,31.05,751.5,21.64,40.48
"2021-03-28 11:35:00",32777,13.52,30.85,751.4,21.85,39.91
"2021-03-28 11:40:00",32778,13.51,30.7,751.4,22.31,39.15
"2021-03-28 11:45:00",32779,13.51,30.68,751.2,22.44,38.84
"2021-03-28 11:50:00",32780,13.52,30.7,751.2,22.17,38.54
"2021-03-28 11:55:00",32781,13.52,30.81,751.1,23.12,37.53
"2021-03-28 12:00:00",32782,13.52,31.05,751,23.48,36.77
"2021-03-28 12:05:00",32783,13.52,31.32,750.9,22.97,37.74
"2021-03-28 12:10:00",32784,13.52,31.51,750.8,23.05,39
"2021-03-28 12:15:00",32785,13.52,31.71,750.7,23.96,35.03
"2021-03-28 12:20:00",32786,13.49,31.92,750.7,23.99,35.37
"2021-03-28 12:25:00",32787,13.49,32.07,750.6,23.29,36.62
"2021-03-28 12:30:00",32788,13.5,32.16,750.4,23.8,35.38
"2021-03-28 12:35:00",32789,13.5,32.23,750.4,24.93,34.29
"2021-03-28 12:40:00",32790,13.5,32.38,750.3,25.42,33.3
"2021-03-28 12:45:00",32791,13.5,32.55,750.2,24.51,34.02
"2021-03-28 12:50:00",32792,13.5,32.56,750.1,23.22,37.93
"2021-03-28 12:55:00",32793,13.5,32.4,750,23.54,37.67
"2021-03-28 13:00:00",32794,13.5,32.11,749.9,22.84,38.78
"2021-03-28 13:05:00",32795,13.5,31.79,749.7,24.13,35.58
"2021-03-28 13:10:00",32796,13.5,31.67,749.6,24.47,34.54
"2021-03-28 13:15:00",32797,13.5,31.66,749.5,24.35,34.03
"2021-03-28 13:20:00",32798,13.5,31.7,749.4,24.6,34.02
"2021-03-28 13:25:00",32799,13.5,31.74,749.3,25.11,33.8
"2021-03-28 13:30:00",32800,13.5,31.68,749.3,25.08,34.03
"2021-03-28 13:35:00",32801,13.5,31.66,749.2,23.91,36.09
"2021-03-28 13:40:00",32802,13.5,31.58,749.1,23.9,35.99
"2021-03-28 13:45:00",32803,13.5,31.5,749,24.54,35.05
"2021-03-28 13:50:00",32804,13.5,31.49,748.9,25.2,33.54
"2021-03-28 13:55:00",32805,13.5,31.5,748.8,24.05,35.24
"2021-03-28 14:00:00",32806,13.5,31.47,748.7,24.52,34.45
"2021-03-28 14:05:00",32807,13.5,31.42,748.6,24.84,33.91
"2021-03-28 14:10:00",32808,13.5,31.4,748.5,25.29,32.21
"2021-03-28 14:15:00",32809,13.5,31.4,748.4,24.28,34.93
"2021-03-28 14:20:00",32810,13.5,31.34,748.3,24.51,33.98
"2021-03-28 14:25:00",32811,13.5,31.3,748.2,24.82,34.04
"2021-03-28 14:30:00",32812,13.5,31.23,748.2,24.24,35.26
"2021-03-28 14:35:00",32813,13.5,31.15,748,24,35.5
"2021-03-28 14:40:00",32814,13.5,30.97,748,23.71,36.17
"2021-03-28 14:45:00",32815,13.5,30.66,747.9,23.43,36.37
"2021-03-28 14:50:00",32816,13.5,30.28,747.9,23.24,36.58
"2021-03-28 14:55:00",32817,13.5,29.91,747.8,23.13,36.77
"2021-03-28 15:00:00",32818,13.5,29.57,747.7,23.07,36.86
"2021-03-28 15:05:00",32819,13.5,29.25,747.8,22.34,38.82
"2021-03-28 15:10:00",32820,13.5,28.89,747.8,22.54,38.52
"2021-03-28 15:15:00",32821,13.5,28.59,747.7,22.63,37.94
"2021-03-28 15:20:00",32822,13.5,28.31,747.7,21.77,38.93
"2021-03-28 15:25:00",32823,13.52,28.03,747.7,21.85,41.05
"2021-03-28 15:30:00",32824,13.52,27.85,747.6,22.81,38.78
"2021-03-28 15:35:00",32825,13.52,27.87,747.5,23.23,38.2
"2021-03-28 15:40:00",32826,13.52,28.1,747.4,23.51,37.3
"2021-03-28 15:45:00",32827,13.52,28.44,747.3,23.48,37.27
"2021-03-28 15:50:00",32828,13.53,28.72,747.4,23.09,38.31
"2021-03-28 15:55:00",32829,13.52,28.86,747.3,23.2,37.86
"2021-03-28 16:00:00",32830,13.52,28.91,747.3,23.17,35.92
"2021-03-28 16:05:00",32831,13.53,28.89,747.3,23.19,35.09
"2021-03-28 16:10:00",32832,13.53,28.85,747.2,23.06,35.44
"2021-03-28 16:15:00",32833,13.53,28.72,747.2,22.93,35.99
"2021-03-28 16:20:00",32834,13.53,28.68,747.2,22.94,36.59
"2021-03-28 16:25:00",32835,13.53,28.75,747.1,22.73,38.54
"2021-03-28 16:30:00",32836,13.53,28.89,747,23.03,38.41
"2021-03-28 16:35:00",32837,13.53,29.05,747,22.73,37.88
"2021-03-28 16:40:00",32838,13.52,29.19,746.9,23.48,37.23
"2021-03-28 16:45:00",32839,13.53,29.16,747.1,22.47,37.39
"2021-03-28 16:50:00",32840,13.53,28.87,747.1,22.43,38.7
"2021-03-28 16:55:00",32841,13.52,28.48,747.2,22.31,38.82
"2021-03-28 17:00:00",32842,13.53,28.15,747.3,22.49,38.68
"2021-03-28 17:05:00",32843,13.53,27.89,747.3,22.51,38.91
"2021-03-28 17:10:00",32844,13.52,27.68,747.4,22.2,38.48
"2021-03-28 17:15:00",32845,13.52,27.5,747.4,22.15,40.01
"2021-03-28 17:20:00",32846,13.52,27.33,747.5,22.13,39.46
"2021-03-28 17:25:00",32847,13.52,27.17,747.5,21.81,40.2
"2021-03-28 17:30:00",32848,13.56,26.68,747.5,21.72,40.91
"2021-03-28 17:35:00",32849,13.58,26.54,747.5,21.7,40.22
"2021-03-28 17:40:00",32850,13.58,26.46,747.5,21.45,41.14
"2021-03-28 17:45:00",32851,13.58,26.42,747.6,21.31,42.06
"2021-03-28 17:50:00",32852,13.58,26.29,747.6,21.09,41.97
"2021-03-28 17:55:00",32853,13.46,25.59,747.6,20.85,42.62
"2021-03-28 18:00:00",32854,13.29,24.98,747.6,20.56,43.07
"2021-03-28 18:05:00",32855,13.21,24.54,747.7,20.14,44.56
"2021-03-28 18:10:00",32856,13.15,24.15,747.8,20.01,44.8
"2021-03-28 18:15:00",32857,13.08,23.77,747.8,19.9,45.11
"2021-03-28 18:20:00",32858,13.03,23.43,747.8,19.46,46.42
"2021-03-28 18:25:00",32859,13,23.07,747.9,19.32,46.75
"2021-03-28 18:30:00",32860,12.98,22.74,748,19.12,47.17
"2021-03-28 18:35:00",32861,12.98,22.39,748.1,18.96,47.52
"2021-03-28 18:40:00",32862,12.97,22.07,748.2,18.96,47.56
"2021-03-28 18:45:00",32863,12.97,21.8,748.2,18.78,47.91
"2021-03-28 18:50:00",32864,12.96,21.59,748.3,18.65,48.52
"2021-03-28 18:55:00",32865,12.96,21.38,748.4,18.58,48.55
"2021-03-28 19:00:00",32866,12.96,21.2,748.4,18.5,48.88
"2021-03-28 19:05:00",32867,12.96,21.05,748.4,18.54,48.61
"2021-03-28 19:10:00",32868,12.95,20.92,748.5,18.59,48.58
"2021-03-28 19:15:00",32869,12.95,20.81,748.5,18.54,48.61
"2021-03-28 19:20:00",32870,12.95,20.74,748.6,18.51,48.79
"2021-03-28 19:25:00",32871,12.94,20.67,748.7,18.44,49.35
"2021-03-28 19:30:00",32872,12.94,20.6,748.8,18.37,49.34
"2021-03-28 19:35:00",32873,12.94,20.51,748.9,18.31,49.8
"2021-03-28 19:40:00",32874,12.94,20.43,749,18.2,50.34
"2021-03-28 19:45:00",32875,12.93,20.33,749.1,18.27,49.01
"2021-03-28 19:50:00",32876,12.93,20.13,749.2,18.27,49.73
"2021-03-28 19:55:00",32877,12.93,20.02,749.3,18.47,48.44
"2021-03-28 20:00:00",32878,12.93,19.94,749.5,18.42,49.87
"2021-03-28 20:05:00",32879,12.93,19.9,749.5,18.49,48.88
"2021-03-28 20:10:00",32880,12.92,19.88,749.6,18.53,48.13
"2021-03-28 20:15:00",32881,12.92,19.83,749.7,18.35,49.33
"2021-03-28 20:20:00",32882,12.92,19.77,749.7,18.25,49.66
"2021-03-28 20:25:00",32883,12.92,19.71,749.8,18.08,50.86
"2021-03-28 20:30:00",32884,12.92,19.62,749.8,17.89,51.48
"2021-03-28 20:35:00",32885,12.92,19.51,749.9,17.75,51.78
"2021-03-28 20:40:00",32886,12.91,19.43,749.9,17.98,50.72
"2021-03-28 20:45:00",32887,12.91,19.35,750,17.96,50.34
"2021-03-28 20:50:00",32888,12.91,19.26,750,17.85,50.39
"2021-03-28 20:55:00",32889,12.91,19.18,750.1,17.65,51.05
"2021-03-28 21:00:00",32890,12.91,19.09,750.1,17.67,50.71
"2021-03-28 21:05:00",32891,12.9,19.02,750.1,17.61,51.07
"2021-03-28 21:10:00",32892,12.9,18.94,750.2,17.95,49.97
"2021-03-28 21:15:00",32893,12.9,18.92,750.2,17.95,50.12
"2021-03-28 21:20:00",32894,12.9,18.87,750.2,17.73,51.4
"2021-03-28 21:25:00",32895,12.9,18.78,750.3,17.49,52.08
"2021-03-28 21:30:00",32896,12.9,18.67,750.4,17.53,51.4
"2021-03-28 21:35:00",32897,12.9,18.61,750.4,17.45,52.35
"2021-03-28 21:40:00",32898,12.9,18.54,750.4,17.45,52.23
"2021-03-28 21:45:00",32899,12.89,18.47,750.4,17.22,53.4
"2021-03-28 21:50:00",32900,12.89,18.4,750.3,17.21,52.96
"2021-03-28 21:55:00",32901,12.89,18.37,750.4,17.1,53.01
"2021-03-28 22:00:00",32902,12.89,18.31,750.3,16.99,53.21
"2021-03-28 22:05:00",32903,12.89,18.27,750.3,17.13,53.35
"2021-03-28 22:10:00",32904,12.89,18.25,750.4,17.03,54.38
"2021-03-28 22:15:00",32905,12.89,18.23,750.4,16.86,54.94
"2021-03-28 22:20:00",32906,12.89,18.19,750.4,16.81,54.6
"2021-03-28 22:25:00",32907,12.88,18.17,750.4,16.75,55.47
"2021-03-28 22:30:00",32908,12.88,18.1,750.5,16.71,55.62
"2021-03-28 22:35:00",32909,12.88,18.05,750.4,16.63,55.97
"2021-03-28 22:40:00",32910,12.88,17.99,750.4,16.63,55.97
"2021-03-28 22:45:00",32911,12.88,17.92,750.4,16.56,56.54
"2021-03-28 22:50:00",32912,12.88,17.86,750.4,16.39,56.3
"2021-03-28 22:55:00",32913,12.88,17.71,750.4,16.38,57.85
"2021-03-28 23:00:00",32914,12.87,17.63,750.4,16.4,58.46
"2021-03-28 23:05:00",32915,12.87,17.57,750.4,16.41,57.79
"2021-03-28 23:10:00",32916,12.87,17.55,750.4,16.42,56.79
"2021-03-28 23:15:00",32917,12.87,17.53,750.3,16.46,57.23
"2021-03-28 23:20:00",32918,12.87,17.52,750.3,16.41,57.64
"2021-03-28 23:25:00",32919,12.87,17.52,750.3,16.22,58.73
"2021-03-28 23:30:00",32920,12.87,17.5,750.3,16.16,59.05
"2021-03-28 23:35:00",32921,12.86,17.47,750.3,15.94,60.49
"2021-03-28 23:40:00",32922,12.86,17.4,750.3,15.84,61.72
"2021-03-28 23:45:00",32923,12.86,17.33,750.3,15.61,62.54
"2021-03-28 23:50:00",32924,12.86,17.24,750.3,15.46,63.47
"2021-03-28 23:55:00",32925,12.86,17.13,750.3,15.42,63.96
"2021-03-29 00:00:00",32926,12.86,17.02,750.4,15.26,64.76
"2021-03-29 00:05:00",32927,12.86,16.9,750.4,15.38,64.25
"2021-03-29 00:10:00",32928,12.85,16.81,750.3,15.39,64.54
"2021-03-29 00:15:00",32929,12.85,16.71,750.4,15.18,67.08
"2021-03-29 00:20:00",32930,12.85,16.61,750.5,15.06,66.86
"2021-03-29 00:25:00",32931,12.85,16.52,750.5,14.99,66.76
"2021-03-29 00:30:00",32932,12.85,16.45,750.6,15.14,65.88
"2021-03-29 00:35:00",32933,12.85,16.35,750.6,15.41,64.82
"2021-03-29 00:40:00",32934,12.85,16.26,750.6,15.46,64.82
"2021-03-29 00:45:00",32935,12.84,16.23,750.5,15.59,64.05
"2021-03-29 00:50:00",32936,12.84,16.18,750.5,15.56,64.34
"2021-03-29 00:55:00",32937,12.84,16.15,750.5,15.33,65.3
"2021-03-29 01:00:00",32938,12.84,16.11,750.4,15.26,65.52
"2021-03-29 01:05:00",32939,12.84,16.04,750.4,15.03,67.32
"2021-03-29 01:10:00",32940,12.83,16,750.4,14.88,68.16
"2021-03-29 01:15:00",32941,12.83,15.95,750.4,14.65,68.61
"2021-03-29 01:20:00",32942,12.83,15.9,750.4,14.69,68.79
"2021-03-29 01:25:00",32943,12.83,15.84,750.4,14.57,70.04
"2021-03-29 01:30:00",32944,12.83,15.81,750.4,14.34,71
"2021-03-29 01:35:00",32945,12.82,15.77,750.4,14.27,70.67
"2021-03-29 01:40:00",32946,12.82,15.74,750.4,14.32,70.45
"2021-03-29 01:45:00",32947,12.82,15.72,750.4,14.2,70.8
"2021-03-29 01:50:00",32948,12.82,15.69,750.4,14,71.93
"2021-03-29 01:55:00",32949,12.82,15.61,750.4,13.93,71.66
"2021-03-29 02:00:00",32950,12.82,15.48,750.4,13.99,71.25
"2021-03-29 02:05:00",32951,12.82,15.41,750.5,14.13,70.87
"2021-03-29 02:10:00",32952,12.82,15.37,750.5,14,71.79
"2021-03-29 02:15:00",32953,12.82,15.29,750.5,13.91,71.29
"2021-03-29 02:20:00",32954,12.82,15.23,750.4,13.83,71.41
"2021-03-29 02:25:00",32955,12.81,15.16,750.4,13.77,71.77
"2021-03-29 02:30:00",32956,12.81,15.09,750.4,13.75,71.88
"2021-03-29 02:35:00",32957,12.81,15.05,750.4,13.94,70.35
"2021-03-29 02:40:00",32958,12.81,15,750.3,13.93,70.15
"2021-03-29 02:45:00",32959,12.8,14.94,750.3,13.76,71.2
"2021-03-29 02:50:00",32960,12.8,14.89,750.3,13.61,72.28
"2021-03-29 02:55:00",32961,12.8,14.8,750.3,13.55,72.13
"2021-03-29 03:00:00",32962,12.8,14.76,750.3,13.45,73.27
"2021-03-29 03:05:00",32963,12.79,14.7,750.2,13.24,74.04
"2021-03-29 03:10:00",32964,12.79,14.63,750.2,13.28,74.22
"2021-03-29 03:15:00",32965,12.79,14.59,750.2,13.47,73.1
"2021-03-29 03:20:00",32966,12.79,14.54,750.1,13.59,72.25
"2021-03-29 03:25:00",32967,12.78,14.53,750.1,13.61,71.86
"2021-03-29 03:30:00",32968,12.78,14.5,750.1,13.36,74.07
"2021-03-29 03:35:00",32969,12.78,14.47,750.2,12.82,76.62
"2021-03-29 03:40:00",32970,12.77,14.34,750.2,12.66,76.25
"2021-03-29 03:45:00",32971,12.77,14.22,750.3,12.64,76.72
"2021-03-29 03:50:00",32972,12.77,14.13,750.3,13.02,75.27
"2021-03-29 03:55:00",32973,12.77,14.06,750.2,13.23,74.21
"2021-03-29 04:00:00",32974,12.76,14.01,750.3,13.18,74.38
"2021-03-29 04:05:00",32975,12.76,13.97,750.3,12.86,75.82
"2021-03-29 04:10:00",32976,12.76,13.89,750.3,12.73,76.13
"2021-03-29 04:15:00",32977,12.75,13.83,750.3,12.64,76.72
"2021-03-29 04:20:00",32978,12.75,13.72,750.3,12.64,76.69
"2021-03-29 04:25:00",32979,12.75,13.6,750.2,12.73,76.38
"2021-03-29 04:30:00",32980,12.75,13.51,750.2,12.67,76.36
"2021-03-29 04:35:00",32981,12.74,13.42,750.3,12.48,77.21
"2021-03-29 04:40:00",32982,12.74,13.35,750.3,12.32,77.04
"2021-03-29 04:45:00",32983,12.74,13.28,750.3,12.36,77.16
"2021-03-29 04:50:00",32984,12.73,13.23,750.3,12.3,77.26
"2021-03-29 04:55:00",32985,12.73,13.2,750.4,12.2,77.57
"2021-03-29 05:00:00",32986,12.73,13.18,750.4,12.15,77.2
"2021-03-29 05:05:00",32987,12.72,13.06,750.4,12.18,77.84
"2021-03-29 05:10:00",32988,12.72,13.02,750.5,12.25,78.6
"2021-03-29 05:15:00",32989,12.71,13.01,750.6,12.16,79.46
"2021-03-29 05:20:00",32990,12.71,12.99,750.6,11.97,80.3
"2021-03-29 05:25:00",32991,12.71,12.99,750.7,11.88,80.9
"2021-03-29 05:30:00",32992,12.7,12.94,750.7,11.76,81.5
"2021-03-29 05:35:00",32993,12.7,12.87,750.7,11.83,81.4
"2021-03-29 05:40:00",32994,12.7,12.8,750.7,11.96,80.9
"2021-03-29 05:45:00",32995,12.69,12.74,750.7,11.92,80.7
"2021-03-29 05:50:00",32996,12.69,12.66,750.7,11.92,80.8
"2021-03-29 05:55:00",32997,12.68,12.6,750.7,12.04,78.91
"2021-03-29 06:00:00",32998,12.67,12.54,750.7,11.94,79.25
"2021-03-29 06:05:00",32999,12.67,12.48,750.8,11.74,79.92
"2021-03-29 06:10:00",33000,12.66,12.41,750.9,11.58,80.3
"2021-03-29 06:15:00",33001,12.66,12.33,750.8,11.61,79.56
"2021-03-29 06:20:00",33002,12.66,12.29,750.9,11.51,81.3
"2021-03-29 06:25:00",33003,12.65,12.28,750.9,11.09,84.4
"2021-03-29 06:30:00",33004,12.65,12.27,751,10.88,84.7
"2021-03-29 06:35:00",33005,12.66,12.22,751.1,10.85,84.9
"2021-03-29 06:40:00",33006,12.66,12.17,751.1,10.73,84.9
"2021-03-29 06:45:00",33007,12.67,12.11,751.1,10.74,85
"2021-03-29 06:50:00",33008,12.75,12.11,751.1,10.82,85.4
"2021-03-29 06:55:00",33009,12.96,12.15,751.2,11.26,83.7
"2021-03-29 07:00:00",33010,13.31,12.42,751.3,12.44,78.72
"2021-03-29 07:05:00",33011,13.57,12.74,751.4,12.99,75.9
"2021-03-29 07:10:00",33012,13.73,13.18,751.4,13.89,71.8
"2021-03-29 07:15:00",33013,13.81,13.76,751.4,14.41,69.41
"2021-03-29 07:20:00",33014,13.89,14.4,751.5,14.98,67.4
"2021-03-29 07:25:00",33015,13.91,15.7,751.6,15.8,64.62
"2021-03-29 07:30:00",33016,13.82,17.08,751.6,16.33,61.83
"2021-03-29 07:35:00",33017,13.79,18.02,751.6,16.75,61
"2021-03-29 07:40:00",33018,13.79,18.85,751.6,16.58,61.93
"2021-03-29 07:45:00",33019,13.76,19.63,751.7,17.32,57.75
"2021-03-29 07:50:00",33020,13.73,20.38,751.7,17.74,55.74
"2021-03-29 07:55:00",33021,13.73,21.09,751.8,17.85,55.24
"2021-03-29 08:00:00",33022,13.7,21.74,751.8,18.38,53.94
"2021-03-29 08:05:00",33023,13.71,22.47,751.8,18.74,53.18
"2021-03-29 08:10:00",33024,13.68,23.16,751.9,18.71,52.56
"2021-03-29 08:15:00",33025,13.68,23.72,751.9,17.91,54.73
"2021-03-29 08:20:00",33026,13.65,24.11,752,17.33,55.65
"2021-03-29 08:25:00",33027,13.65,24.27,752,16.89,60.13
"2021-03-29 08:30:00",33028,13.65,24.34,752.1,16.91,61.42
"2021-03-29 08:35:00",33029,13.65,24.41,752.2,17,60.93
"2021-03-29 08:40:00",33030,13.65,24.52,752.2,17.25,58.65
"2021-03-29 08:45:00",33031,13.65,24.67,752.2,17.85,56.19
"2021-03-29 08:50:00",33032,13.65,24.84,752.3,17.47,57.32
"2021-03-29 08:55:00",33033,13.65,25.04,752.3,17.71,58.12
"2021-03-29 09:00:00",33034,13.63,25.2,752.3,18.19,53.75
"2021-03-29 09:05:00",33035,13.63,25.44,752.3,18.48,53.21
"2021-03-29 09:10:00",33036,13.63,25.6,752.3,17.26,54.33
"2021-03-29 09:15:00",33037,13.63,25.56,752.3,17.74,53.87
"2021-03-29 09:20:00",33038,13.63,25.56,752.3,18.41,52.98
"2021-03-29 09:25:00",33039,13.63,25.81,752.3,18.48,51.38
"2021-03-29 09:30:00",33040,13.61,26.22,752.3,19.34,47.29
"2021-03-29 09:35:00",33041,13.61,26.64,752.3,19.74,47.18
"2021-03-29 09:40:00",33042,13.6,27.13,752.3,19.68,46.64
"2021-03-29 09:45:00",33043,13.58,27.58,752.3,20.68,44.43
"2021-03-29 09:50:00",33044,13.58,28.15,752.3,21.34,41.32
"2021-03-29 09:55:00",33045,13.56,28.61,752.3,20.99,42.96
"2021-03-29 10:00:00",33046,13.56,28.92,752.3,21.04,43.61
"2021-03-29 10:05:00",33047,13.56,29.21,752.3,20.36,43.66
"2021-03-29 10:10:00",33048,13.56,29.48,752.2,19.97,44.76
"2021-03-29 10:15:00",33049,13.56,29.57,752.2,19.98,43.93
"2021-03-29 10:20:00",33050,13.56,29.58,752.2,20.77,43
"2021-03-29 10:25:00",33051,13.56,29.73,752.1,22.4,38.67
"2021-03-29 10:30:00",33052,13.54,30.09,752.1,22.67,38.07
"2021-03-29 10:35:00",33053,13.54,30.48,752,21.25,40.37
"2021-03-29 10:40:00",33054,13.54,30.67,752,22.35,38.1
"2021-03-29 10:45:00",33055,13.51,30.91,752,22.53,37.93
"2021-03-29 10:50:00",33056,13.52,31.15,751.9,21.95,37.21
"2021-03-29 10:55:00",33057,13.51,31.32,751.8,22.68,36.13
"2021-03-29 11:00:00",33058,13.51,31.52,751.8,22.53,36.35
"2021-03-29 11:05:00",33059,13.51,31.67,751.7,22.77,36.57
"2021-03-29 11:10:00",33060,13.51,31.87,751.7,23.66,34.14
"2021-03-29 11:15:00",33061,13.49,32.06,751.6,22.89,36.05
"2021-03-29 11:20:00",33062,13.49,32.06,751.5,23.1,35.54
"2021-03-29 11:25:00",33063,13.49,32.13,751.5,23.67,33.97
"2021-03-29 11:30:00",33064,13.49,32.27,751.4,23.35,34.9
"2021-03-29 11:35:00",33065,13.49,32.39,751.3,24.16,33.65
"2021-03-29 11:40:00",33066,13.49,32.53,751.3,24.61,33.36
"2021-03-29 11:45:00",33067,13.49,32.66,751.2,23.44,35.68
"2021-03-29 11:50:00",33068,13.49,32.72,751.1,23.99,33.97
"2021-03-29 11:55:00",33069,13.49,32.77,751.1,23.93,34.13
"2021-03-29 12:00:00",33070,13.5,32.72,751.1,23.98,34.43
"2021-03-29 12:05:00",33071,13.49,32.72,751,24.74,33.57
"2021-03-29 12:10:00",33072,13.5,32.72,750.9,23.57,36.25
"2021-03-29 12:15:00",33073,13.5,32.66,750.9,24.58,33.05
"2021-03-29 12:20:00",33074,13.5,32.66,750.9,24.41,32.27
"2021-03-29 12:25:00",33075,13.5,32.73,750.8,24.06,33.44
"2021-03-29 12:30:00",33076,13.5,32.89,750.7,25.93,30.38
"2021-03-29 12:35:00",33077,13.47,33.18,750.6,26.46,28.93
"2021-03-29 12:40:00",33078,13.47,33.51,750.5,26.94,30.53
"2021-03-29 12:45:00",33079,13.47,33.78,750.4,26.24,32.13
"2021-03-29 12:50:00",33080,13.48,33.94,750.4,25.65,31.23
"2021-03-29 12:55:00",33081,13.48,33.98,750.3,24.99,31.44
"2021-03-29 13:00:00",33082,13.48,33.87,750.2,24.58,32.28
"2021-03-29 13:05:00",33083,13.48,33.77,750.1,25.42,31.24
"2021-03-29 13:10:00",33084,13.48,33.87,750,26.36,30.68
"2021-03-29 13:15:00",33085,13.48,33.81,750,25.67,30.49
"2021-03-29 13:20:00",33086,13.48,33.72,749.9,24.64,32.35
"2021-03-29 13:25:00",33087,13.48,33.56,749.8,25.63,31.09
"2021-03-29 13:30:00",33088,13.48,33.41,749.6,25.22,32.07
"2021-03-29 13:35:00",33089,13.48,33.13,749.6,24.32,34.13
"2021-03-29 13:40:00",33090,13.48,32.66,749.4,23.82,35.02
"2021-03-29 13:45:00",33091,13.48,32.27,749.4,25.2,34.41
"2021-03-29 13:50:00",33092,13.48,32.2,749.3,26.13,31.24
"2021-03-29 13:55:00",33093,13.48,32.36,749.2,25.71,31.17
"2021-03-29 14:00:00",33094,13.48,32.6,749.1,26.44,30.82
"2021-03-29 14:05:00",33095,13.48,32.86,749.1,26.64,29.89
"2021-03-29 14:10:00",33096,13.48,33.05,749.1,25.18,33.27
"2021-03-29 14:15:00",33097,13.48,32.98,749,24.33,33.87
"2021-03-29 14:20:00",33098,13.48,32.65,748.9,24.3,33.93
"2021-03-29 14:25:00",33099,13.48,32.26,748.9,24.15,33.65
"2021-03-29 14:30:00",33100,13.48,31.94,748.9,24.72,32.83
"2021-03-29 14:35:00",33101,13.48,31.7,748.8,24.51,33.18
"2021-03-29 14:40:00",33102,13.48,31.56,748.7,24.66,32.89
"2021-03-29 14:45:00",33103,13.48,31.48,748.6,25.22,32.67
"2021-03-29 14:50:00",33104,13.48,31.6,748.6,25.4,31.75
"2021-03-29 14:55:00",33105,13.48,31.82,748.5,25.22,32.34
"2021-03-29 15:00:00",33106,13.48,31.98,748.5,25.18,32.87
"2021-03-29 15:05:00",33107,13.48,32.02,748.4,24.99,34.09
"2021-03-29 15:10:00",33108,13.48,31.91,748.3,24.84,34.08
"2021-03-29 15:15:00",33109,13.48,31.61,748.2,23.67,35.96
"2021-03-29 15:20:00",33110,13.48,31.21,748.1,23.92,36.09
"2021-03-29 15:25:00",33111,13.48,30.88,748.1,24.54,34.62
"2021-03-29 15:30:00",33112,13.48,30.75,748.1,24.97,32.95
"2021-03-29 15:35:00",33113,13.48,30.83,748,24.9,32.88
"2021-03-29 15:40:00",33114,13.48,31.02,747.9,25.15,32.97
"2021-03-29 15:45:00",33115,13.48,31.2,747.9,25.24,32.91
"2021-03-29 15:50:00",33116,13.48,31.28,747.9,24.4,33.8
"2021-03-29 15:55:00",33117,13.48,31.18,747.8,25,33.79
"2021-03-29 16:00:00",33118,13.48,31.11,747.8,24.63,33.93
"2021-03-29 16:05:00",33119,13.48,31.03,747.6,24.85,33.48
"2021-03-29 16:10:00",33120,13.48,30.95,747.7,24.39,34.4
"2021-03-29 16:15:00",33121,13.48,30.82,747.6,24.31,34.36
"2021-03-29 16:20:00",33122,13.48,30.7,747.5,24.35,33.06
"2021-03-29 16:25:00",33123,13.48,30.58,747.5,24.63,32.96
"2021-03-29 16:30:00",33124,13.48,30.45,747.5,23.98,34.33
"2021-03-29 16:35:00",33125,13.48,30.3,747.4,24.18,34.02
"2021-03-29 16:40:00",33126,13.48,30.19,747.4,23.99,34.5
"2021-03-29 16:45:00",33127,13.48,30.08,747.4,23.56,35.32
"2021-03-29 16:50:00",33128,13.48,29.87,747.4,23.89,34.76
"2021-03-29 16:55:00",33129,13.48,29.79,747.3,24.4,33.67
"2021-03-29 17:00:00",33130,13.5,29.82,747.3,24.14,33.92
"2021-03-29 17:05:00",33131,13.51,29.82,747.3,24.65,33.79
"2021-03-29 17:10:00",33132,13.5,29.81,747.3,24.43,33.21
"2021-03-29 17:15:00",33133,13.5,29.8,747.3,24.19,34.75
"2021-03-29 17:20:00",33134,13.51,29.73,747.3,23.37,37.22
"2021-03-29 17:25:00",33135,13.51,29.49,747.3,23.47,37.56
"2021-03-29 17:30:00",33136,13.5,29.2,747.3,22.65,39.25
"2021-03-29 17:35:00",33137,13.5,28.73,747.3,22.66,39.41
"2021-03-29 17:40:00",33138,13.33,27.7,747.3,22.47,39.3
"2021-03-29 17:45:00",33139,13.24,26.98,747.4,22.07,40.23
"2021-03-29 17:50:00",33140,13.23,26.41,747.5,21.89,40.93
"2021-03-29 17:55:00",33141,13.22,25.93,747.5,21.57,42.12
"2021-03-29 18:00:00",33142,13.14,25.69,747.5,21.39,42.2
"2021-03-29 18:05:00",33143,13.08,25.1,747.6,20.98,43.15
"2021-03-29 18:10:00",33144,13.05,24.66,747.6,20.82,43.68
"2021-03-29 18:15:00",33145,13.02,24.26,747.7,20.79,43.96
"2021-03-29 18:20:00",33146,13,23.89,747.8,20.53,44.77
"2021-03-29 18:25:00",33147,12.99,23.57,747.8,20.28,45.47
"2021-03-29 18:30:00",33148,12.98,23.25,747.8,19.99,45.28
"2021-03-29 18:35:00",33149,12.97,22.9,747.9,19.86,45.23
"2021-03-29 18:40:00",33150,12.97,22.58,747.9,19.67,45.68
"2021-03-29 18:45:00",33151,12.96,22.29,747.9,19.64,46
"2021-03-29 18:50:00",33152,12.96,22.06,748,19.7,45.65
"2021-03-29 18:55:00",33153,12.96,21.85,748.1,19.42,46.6
"2021-03-29 19:00:00",33154,12.95,21.64,748.2,19.41,46.48
"2021-03-29 19:05:00",33155,12.95,21.77,748.3,19.2,47.21
"2021-03-29 19:10:00",33156,12.94,21.71,748.3,19.22,46.93
"2021-03-29 19:15:00",33157,12.94,21.5,748.5,19.27,46.87
"2021-03-29 19:20:00",33158,12.94,21.35,748.6,19.16,47.01
"2021-03-29 19:25:00",33159,12.94,21.23,748.6,19.05,47.57
"2021-03-29 19:30:00",33160,12.94,21.08,748.7,18.98,48.19
"2021-03-29 19:35:00",33161,12.93,20.96,748.8,19.02,47.88
"2021-03-29 19:40:00",33162,12.93,20.83,748.9,19.11,47.67
"2021-03-29 19:45:00",33163,12.93,20.72,748.9,19.09,47.13
"2021-03-29 19:50:00",33164,12.92,20.63,749.1,19,47.91
"2021-03-29 19:55:00",33165,12.92,20.53,749.2,18.91,47.3
"2021-03-29 20:00:00",33166,12.92,20.45,749.3,19.06,46.84
"2021-03-29 20:05:00",33167,12.91,20.38,749.4,19.04,47.25
"2021-03-29 20:10:00",33168,12.91,20.32,749.4,18.97,47.08
"2021-03-29 20:15:00",33169,12.91,20.26,749.5,18.93,47.05
"2021-03-29 20:20:00",33170,12.91,20.22,749.7,18.89,47.74
"2021-03-29 20:25:00",33171,12.9,20.17,749.8,18.78,47.97
"2021-03-29 20:30:00",33172,12.9,20.11,749.9,18.9,47.26
"2021-03-29 20:35:00",33173,12.9,20.07,750,18.92,47.74
"2021-03-29 20:40:00",33174,12.9,20.05,750.1,18.56,50.11
"2021-03-29 20:45:00",33175,12.9,20.02,750.2,18.15,51.58
"2021-03-29 20:50:00",33176,12.9,19.98,750.2,18.63,49.81
"2021-03-29 20:55:00",33177,12.89,19.95,750.2,18.74,48.28
"2021-03-29 21:00:00",33178,12.89,19.94,750.2,18.63,47.99
"2021-03-29 21:05:00",33179,12.89,19.89,750.3,18.9,48.08
"2021-03-29 21:10:00",33180,12.89,19.85,750.3,18.82,46.88
"2021-03-29 21:15:00",33181,12.89,19.83,750.4,18.91,48.12
"2021-03-29 21:20:00",33182,12.89,19.8,750.4,18.91,48.62
"2021-03-29 21:25:00",33183,12.89,19.78,750.4,18.95,48.82
"2021-03-29 21:30:00",33184,12.88,19.78,750.5,19.1,47.57
"2021-03-29 21:35:00",33185,12.88,19.78,750.5,19.22,47.65
"2021-03-29 21:40:00",33186,12.88,19.8,750.5,18.98,49.51
"2021-03-29 21:45:00",33187,12.88,19.79,750.6,18.53,50.64
"2021-03-29 21:50:00",33188,12.88,19.73,750.7,18.27,51.54
"2021-03-29 21:55:00",33189,12.88,19.66,750.7,18.16,53.38
"2021-03-29 22:00:00",33190,12.88,19.57,750.8,17.91,56.2
"2021-03-29 22:05:00",33191,12.88,19.48,750.9,17.77,54.8
"2021-03-29 22:10:00",33192,12.88,19.38,750.9,17.81,54.8
"2021-03-29 22:15:00",33193,12.87,19.28,750.9,17.87,53.92
"2021-03-29 22:20:00",33194,12.87,19.18,751,17.83,53.49
"2021-03-29 22:25:00",33195,12.87,19.05,751,17.97,52.92
"2021-03-29 22:30:00",33196,12.87,18.95,751.1,17.81,55.17
"2021-03-29 22:35:00",33197,12.87,18.89,751.1,17.57,55.72
"2021-03-29 22:40:00",33198,12.87,18.81,751.2,17.35,54.98
"2021-03-29 22:45:00",33199,12.87,18.78,751.2,17.84,55.61
"2021-03-29 22:50:00",33200,12.87,18.78,751.2,17.85,54.81
"2021-03-29 22:55:00",33201,12.87,18.79,751.2,17.56,55.63
"2021-03-29 23:00:00",33202,12.86,18.78,751.3,17.53,55.68
"2021-03-29 23:05:00",33203,12.86,18.77,751.3,17.62,55.57
"2021-03-29 23:10:00",33204,12.86,18.75,751.3,17.85,56.46
"2021-03-29 23:15:00",33205,12.86,18.72,751.4,17.88,56.62
"2021-03-29 23:20:00",33206,12.86,18.73,751.5,17.87,57.68
"2021-03-29 23:25:00",33207,12.86,18.7,751.5,17.46,58.56
"2021-03-29 23:30:00",33208,12.87,18.64,751.4,16.73,60.97
"2021-03-29 23:35:00",33209,12.86,18.53,751.5,16.83,61.77
"2021-03-29 23:40:00",33210,12.86,18.43,751.5,16.83,61.14
"2021-03-29 23:45:00",33211,12.86,18.32,751.5,16.96,60.29
"2021-03-29 23:50:00",33212,12.86,18.23,751.4,17.03,60.69
"2021-03-29 23:55:00",33213,12.86,18.15,751.4,16.37,63.45
"2021-03-30 00:00:00",33214,12.86,18.03,751.3,16.44,61.19
"2021-03-30 00:05:00",33215,12.86,17.95,751.3,16.49,60.78
"2021-03-30 00:10:00",33216,12.85,17.85,751.3,16.45,62.06
"2021-03-30 00:15:00",33217,12.85,17.73,751.3,16.14,64.03
"2021-03-30 00:20:00",33218,12.85,17.62,751.3,15.89,65.72
"2021-03-30 00:25:00",33219,12.85,17.49,751.2,15.83,64.27
"2021-03-30 00:30:00",33220,12.85,17.37,751.1,16.05,63.86
"2021-03-30 00:35:00",33221,12.85,17.31,751.1,16.46,62.6
"2021-03-30 00:40:00",33222,12.84,17.27,751.1,16.53,62.25
"2021-03-30 00:45:00",33223,12.84,17.25,751.1,16.64,61.83
"2021-03-30 00:50:00",33224,12.84,17.23,751,16.71,61.69
"2021-03-30 00:55:00",33225,12.84,17.22,751.1,16.59,62.47
"2021-03-30 01:00:00",33226,12.84,17.21,751.1,16.38,64.3
"2021-03-30 01:05:00",33227,12.84,17.21,751,16.2,64.86
"2021-03-30 01:10:00",33228,12.84,17.18,751,15.91,65.96
"2021-03-30 01:15:00",33229,12.84,17.13,751,15.28,67.74
"2021-03-30 01:20:00",33230,12.83,17.04,751,15.36,65.66
"2021-03-30 01:25:00",33231,12.83,16.98,750.9,15.35,65.57
"2021-03-30 01:30:00",33232,12.83,16.9,750.9,15.36,65.48
"2021-03-30 01:35:00",33233,12.83,16.72,750.8,15.31,66
"2021-03-30 01:40:00",33234,12.83,16.58,750.8,15.3,65.94
"2021-03-30 01:45:00",33235,12.83,16.47,750.8,15.26,65.84
"2021-03-30 01:50:00",33236,12.82,16.36,750.8,15.26,66.66
"2021-03-30 01:55:00",33237,12.82,16.28,750.7,15.41,65.61
"2021-03-30 02:00:00",33238,12.82,16.2,750.7,15.51,64.74
"2021-03-30 02:05:00",33239,12.82,16.15,750.7,15.5,65.21
"2021-03-30 02:10:00",33240,12.82,16.1,750.7,15.32,66.44
"2021-03-30 02:15:00",33241,12.82,16.04,750.7,14.88,68.37
"2021-03-30 02:20:00",33242,12.82,15.99,750.7,14.79,69.22
"2021-03-30 02:25:00",33243,12.81,15.93,750.7,14.61,69.87
"2021-03-30 02:30:00",33244,12.81,15.88,750.7,14.6,69.38
"2021-03-30 02:35:00",33245,12.81,15.84,750.7,14.52,69.37
"2021-03-30 02:40:00",33246,12.81,15.78,750.7,14.66,68.38
"2021-03-30 02:45:00",33247,12.8,15.76,750.8,14.69,68.36
"2021-03-30 02:50:00",33248,12.8,15.75,750.7,14.57,68.54
"2021-03-30 02:55:00",33249,12.8,15.73,750.7,14.63,68.26
"2021-03-30 03:00:00",33250,12.8,15.7,750.7,14.57,69.12
"2021-03-30 03:05:00",33251,12.8,15.67,750.7,14.39,69.4
"2021-03-30 03:10:00",33252,12.79,15.62,750.7,14.27,70.13
"2021-03-30 03:15:00",33253,12.79,15.51,750.7,14.31,70.85
"2021-03-30 03:20:00",33254,12.79,15.45,750.7,14.22,71.15
"2021-03-30 03:25:00",33255,12.79,15.36,750.7,14.06,71.34
"2021-03-30 03:30:00",33256,12.78,15.28,750.6,14.08,71.23
"2021-03-30 03:35:00",33257,12.78,15.21,750.6,14.2,70.63
"2021-03-30 03:40:00",33258,12.78,15.16,750.6,14.13,70.84
"2021-03-30 03:45:00",33259,12.78,15.1,750.6,13.97,72.15
"2021-03-30 03:50:00",33260,12.77,15.04,750.6,13.85,72.81
"2021-03-30 03:55:00",33261,12.77,14.99,750.6,13.77,72.77
"2021-03-30 04:00:00",33262,12.77,14.93,750.5,13.62,73.39
"2021-03-30 04:05:00",33263,12.77,14.89,750.5,13.57,73.77
"2021-03-30 04:10:00",33264,12.76,14.83,750.5,13.62,73.21
"2021-03-30 04:15:00",33265,12.76,14.77,750.5,13.68,72.69
"2021-03-30 04:20:00",33266,12.76,14.7,750.4,13.75,72.91
"2021-03-30 04:25:00",33267,12.75,14.66,750.5,13.63,72.91
"2021-03-30 04:30:00",33268,12.75,14.6,750.5,13.43,73.94
"2021-03-30 04:35:00",33269,12.75,14.5,750.5,13.28,75.12
"2021-03-30 04:40:00",33270,12.75,14.35,750.6,13.14,76.49
"2021-03-30 04:45:00",33271,12.74,14.24,750.6,12.94,77.73
"2021-03-30 04:50:00",33272,12.74,14.14,750.6,12.86,79.75
"2021-03-30 04:55:00",33273,12.74,14.04,750.6,12.95,79.61
"2021-03-30 05:00:00",33274,12.74,13.94,750.6,13.17,77.91
"2021-03-30 05:05:00",33275,12.73,13.86,750.6,13.07,77.14
"2021-03-30 05:10:00",33276,12.73,13.8,750.5,12.99,76.46
"2021-03-30 05:15:00",33277,12.73,13.71,750.5,13.27,77.04
"2021-03-30 05:20:00",33278,12.72,13.68,750.6,12.9,78.6
"2021-03-30 05:25:00",33279,12.72,13.65,750.7,12.57,80
"2021-03-30 05:30:00",33280,12.72,13.62,750.7,12.54,79.87
"2021-03-30 05:35:00",33281,12.71,13.61,750.8,12.54,79.73
"2021-03-30 05:40:00",33282,12.71,13.62,750.8,12.66,78.38
"2021-03-30 05:45:00",33283,12.71,13.62,750.8,12.67,78.22
"2021-03-30 05:50:00",33284,12.7,13.63,750.8,12.67,78.25
"2021-03-30 05:55:00",33285,12.7,13.64,750.9,12.64,79.07
"2021-03-30 06:00:00",33286,12.69,13.67,750.9,12.66,79.38
"2021-03-30 06:05:00",33287,12.69,13.67,750.9,12.63,79.59
"2021-03-30 06:10:00",33288,12.69,13.68,751,12.67,79.35
"2021-03-30 06:15:00",33289,12.69,13.66,751,12.59,79.8
"2021-03-30 06:20:00",33290,12.68,13.63,751.1,12.58,79.63
"2021-03-30 06:25:00",33291,12.68,13.65,751.1,12.71,79.11
"2021-03-30 06:30:00",33292,12.68,13.69,751.2,12.81,78.8
"2021-03-30 06:35:00",33293,12.69,13.71,751.2,12.86,78.54
"2021-03-30 06:40:00",33294,12.7,13.74,751.3,12.78,79.07
"2021-03-30 06:45:00",33295,12.73,13.78,751.3,12.78,79.18
"2021-03-30 06:50:00",33296,12.92,13.95,751.4,13.11,78.21
"2021-03-30 06:55:00",33297,13.11,14.1,751.5,13.55,75.71
"2021-03-30 07:00:00",33298,13.39,14.4,751.6,14.1,74.28
"2021-03-30 07:05:00",33299,13.59,14.78,751.6,15.07,69.3
"2021-03-30 07:10:00",33300,13.75,15.31,751.7,14.27,72.61
"2021-03-30 07:15:00",33301,13.85,15.93,751.7,14.34,73.11
"2021-03-30 07:20:00",33302,13.85,17.24,751.8,14.88,71.84
"2021-03-30 07:25:00",33303,13.79,18.51,751.9,16.16,67.47
"2021-03-30 07:30:00",33304,13.76,19.38,751.9,16.77,65.05
"2021-03-30 07:35:00",33305,13.76,20.17,752,18.05,60.35
"2021-03-30 07:40:00",33306,13.73,20.91,752.1,18.21,59.32
"2021-03-30 07:45:00",33307,13.7,21.65,752.1,17.79,60.94
"2021-03-30 07:50:00",33308,13.7,22.27,752.2,17.48,62.83
"2021-03-30 07:55:00",33309,13.7,22.75,752.2,16.94,61.64
"2021-03-30 08:00:00",33310,13.68,23.03,752.2,16.86,62.34
"2021-03-30 08:05:00",33311,13.68,23.36,752.2,17.55,58.54
"2021-03-30 08:10:00",33312,13.68,23.73,752.2,18.37,56.24
"2021-03-30 08:15:00",33313,13.65,24.07,752.2,18.04,57.47
"2021-03-30 08:20:00",33314,13.65,24.42,752.2,18.57,56.91
"2021-03-30 08:25:00",33315,13.65,24.81,752.2,18.6,57.43
"2021-03-30 08:30:00",33316,13.65,25.16,752.3,19.01,56.73
"2021-03-30 08:35:00",33317,13.63,25.47,752.3,18.94,56.87
"2021-03-30 08:40:00",33318,13.63,25.82,752.3,19.36,53.36
"2021-03-30 08:45:00",33319,13.63,26.21,752.3,19.29,53.54
"2021-03-30 08:50:00",33320,13.6,26.77,752.3,20.59,49.38
"2021-03-30 08:55:00",33321,13.6,27.02,752.3,21.21,50.12
"2021-03-30 09:00:00",33322,13.6,27.53,752.3,20.82,49.38
"2021-03-30 09:05:00",33323,13.58,27.88,752.3,20.33,50.97
"2021-03-30 09:10:00",33324,13.58,28.19,752.3,20.72,49.27
"2021-03-30 09:15:00",33325,13.58,28.49,752.3,20.31,50.06
"2021-03-30 09:20:00",33326,13.58,28.74,752.3,21.23,48.48
"2021-03-30 09:25:00",33327,13.55,28.97,752.3,20.55,49.78
"2021-03-30 09:30:00",33328,13.55,29.23,752.3,21.55,47
"2021-03-30 09:35:00",33329,13.55,29.56,752.2,21.76,47.05
"2021-03-30 09:40:00",33330,13.56,29.83,752.3,19.8,50.56
"2021-03-30 09:45:00",33331,13.53,29.97,752.3,21.28,45.66
"2021-03-30 09:50:00",33332,13.53,30.1,752.2,21.32,45.21
"2021-03-30 09:55:00",33333,13.53,30.3,752.2,22.24,43.49
"2021-03-30 10:00:00",33334,13.54,30.55,752.2,21.68,42.71
"2021-03-30 10:05:00",33335,13.53,30.75,752.1,22.56,41.2
"2021-03-30 10:10:00",33336,13.51,31.01,752.2,23,41.5
"2021-03-30 10:15:00",33337,13.51,31.33,752.1,23.21,39.38
"2021-03-30 10:20:00",33338,13.51,31.67,752,23.08,39.49
"2021-03-30 10:25:00",33339,13.51,31.96,752,22.65,41.11
"2021-03-30 10:30:00",33340,13.49,32.14,752,22.95,39.9
"2021-03-30 10:35:00",33341,13.49,32.28,751.9,22.2,40.6
"2021-03-30 10:40:00",33342,13.49,32.27,751.9,22.97,38.63
"2021-03-30 10:45:00",33343,13.49,32.35,751.8,23.21,38.39
"2021-03-30 10:50:00",33344,13.49,32.35,751.8,22.51,40.08
"2021-03-30 10:55:00",33345,13.49,32.36,751.7,23.02,38.73
"2021-03-30 11:00:00",33346,13.49,32.37,751.7,22.32,40.71
"2021-03-30 11:05:00",33347,13.49,32.33,751.6,22.42,40.66
"2021-03-30 11:10:00",33348,13.49,32.32,751.5,23.35,38.27
"2021-03-30 11:15:00",33349,13.49,32.34,751.5,23.25,39.67
"2021-03-30 11:20:00",33350,13.49,32.42,751.4,22.79,38.48
"2021-03-30 11:25:00",33351,13.49,32.44,751.3,23.45,37.72
"2021-03-30 11:30:00",33352,13.49,32.48,751.3,23.77,36.9
"2021-03-30 11:35:00",33353,13.49,32.54,751.2,22.85,37.99
"2021-03-30 11:40:00",33354,13.49,32.56,751.2,23.31,37.28
"2021-03-30 11:45:00",33355,13.49,32.55,751.1,24.42,35.14
"2021-03-30 11:50:00",33356,13.49,32.69,751,25.04,34
"2021-03-30 11:55:00",33357,13.49,32.88,750.9,24.15,37.3
"2021-03-30 12:00:00",33358,13.49,32.78,750.9,22.74,40.14
"2021-03-30 12:05:00",33359,13.49,32.39,750.8,22.51,39.95
"2021-03-30 12:10:00",33360,13.49,31.89,750.8,21.85,40.34
"2021-03-30 12:15:00",33361,13.49,31.39,750.7,22.46,39.36
"2021-03-30 12:20:00",33362,13.49,31.17,750.6,23.94,36.62
"2021-03-30 12:25:00",33363,13.49,31.16,750.6,22.89,38.55
"2021-03-30 12:30:00",33364,13.49,31.08,750.5,22.66,39.71
"2021-03-30 12:35:00",33365,13.49,30.82,750.4,22.76,38.93
"2021-03-30 12:40:00",33366,13.49,30.57,750.3,23.14,38.61
"2021-03-30 12:45:00",33367,13.49,30.35,750.3,22.84,38.94
"2021-03-30 12:50:00",33368,13.49,30.18,750.2,22.91,38.69
"2021-03-30 12:55:00",33369,13.49,30.09,750.1,23.65,37.97
"2021-03-30 13:00:00",33370,13.5,30.1,750,23.7,36.53
"2021-03-30 13:05:00",33371,13.49,30.1,749.9,23.6,36.59
"2021-03-30 13:10:00",33372,13.5,30.16,749.8,24.54,35.48
"2021-03-30 13:15:00",33373,13.49,30.37,749.8,25.2,33.81
"2021-03-30 13:20:00",33374,13.5,30.78,749.7,25.9,34.21
"2021-03-30 13:25:00",33375,13.5,31.18,749.6,24.43,39.47
"2021-03-30 13:30:00",33376,13.5,31.25,749.6,22.75,42.42
"2021-03-30 13:35:00",33377,13.5,30.98,749.6,22.66,42.99
"2021-03-30 13:40:00",33378,13.5,30.54,749.5,22.61,42.34
"2021-03-30 13:45:00",33379,13.5,30.11,749.5,22.27,41.88
"2021-03-30 13:50:00",33380,13.5,29.75,749.4,22.59,42.27
"2021-03-30 13:55:00",33381,13.5,29.48,749.4,22.32,42.98
"2021-03-30 14:00:00",33382,13.5,29.23,749.2,22.41,42.28
"2021-03-30 14:05:00",33383,13.5,29,749.1,22.36,42.83
"2021-03-30 14:10:00",33384,13.5,28.79,749.1,22.23,41.42
"2021-03-30 14:15:00",33385,13.5,28.61,749,22.61,41.46
"2021-03-30 14:20:00",33386,13.5,28.52,748.9,22.99,38.93
"2021-03-30 14:25:00",33387,13.5,28.55,748.7,23.45,37.23
"2021-03-30 14:30:00",33388,13.5,28.72,748.7,23.71,34.41
"2021-03-30 14:35:00",33389,13.5,28.99,748.6,24.26,34.82
"2021-03-30 14:40:00",33390,13.5,29.3,748.6,24.51,33.18
"2021-03-30 14:45:00",33391,13.5,29.53,748.5,23.9,33.76
"2021-03-30 14:50:00",33392,13.5,29.64,748.4,24.36,31.79
"2021-03-30 14:55:00",33393,13.5,29.7,748.4,23.67,33.54
"2021-03-30 15:00:00",33394,13.5,29.68,748.3,24.2,33.15
"2021-03-30 15:05:00",33395,13.51,29.78,748.3,24.38,32.6
"2021-03-30 15:10:00",33396,13.51,30.03,748.2,25.15,31.66
"2021-03-30 15:15:00",33397,13.51,30.38,748.1,25.88,30.71
"2021-03-30 15:20:00",33398,13.51,30.8,748,25.88,30.34
"2021-03-30 15:25:00",33399,13.51,31.28,747.9,25.62,30.25
"2021-03-30 15:30:00",33400,13.51,31.64,747.9,25.65,30.42
"2021-03-30 15:35:00",33401,13.51,31.83,747.8,25.29,29.85
"2021-03-30 15:40:00",33402,13.51,31.94,747.7,25.29,30.73
"2021-03-30 15:45:00",33403,13.51,32,747.8,26.14,29.75
"2021-03-30 15:50:00",33404,13.51,32.13,747.7,26.44,29.13
"2021-03-30 15:55:00",33405,13.51,32.32,747.6,26.25,29.66
"2021-03-30 16:00:00",33406,13.51,32.52,747.6,26.13,30.05
"2021-03-30 16:05:00",33407,13.48,32.68,747.4,26.31,29.8
"2021-03-30 16:10:00",33408,13.48,32.76,747.4,25.72,30.49
"2021-03-30 16:15:00",33409,13.48,32.74,747.3,25.92,30.44
"2021-03-30 16:20:00",33410,13.48,32.65,747.3,25.46,31.11
"2021-03-30 16:25:00",33411,13.48,32.48,747.3,24.88,31.7
"2021-03-30 16:30:00",33412,13.48,32.22,747.3,25.32,31.81
"2021-03-30 16:35:00",33413,13.48,31.95,747.3,25.43,31.78
"2021-03-30 16:40:00",33414,13.48,31.72,747.2,25.07,32.26
"2021-03-30 16:45:00",33415,13.48,31.37,747.2,25.13,32.47
"2021-03-30 16:50:00",33416,13.48,31.08,747.2,24.97,33.19
"2021-03-30 16:55:00",33417,13.48,30.82,747.1,24.77,32.84
"2021-03-30 17:00:00",33418,13.48,30.61,747.2,25.15,32.13
"2021-03-30 17:05:00",33419,13.48,30.48,747.2,24.74,32.96
"2021-03-30 17:10:00",33420,13.48,30.35,747.2,24.33,33.46
"2021-03-30 17:15:00",33421,13.48,30.17,747.2,24.38,34
"2021-03-30 17:20:00",33422,13.48,29.96,747.2,24.17,34.98
"2021-03-30 17:25:00",33423,13.48,29.72,747.3,24.01,34.1
"2021-03-30 17:30:00",33424,13.48,29.47,747.4,23.95,34.56
"2021-03-30 17:35:00",33425,13.5,29.19,747.4,23.59,36.72
"2021-03-30 17:40:00",33426,13.5,28.77,747.3,22.95,39.15
"2021-03-30 17:45:00",33427,13.55,28.06,747.3,22.74,39.78
"2021-03-30 17:50:00",33428,13.43,27.3,747.3,22.49,40.8
"2021-03-30 17:55:00",33429,13.32,26.76,747.3,22.56,40.84
"2021-03-30 18:00:00",33430,13.24,26.34,747.3,22.23,41.35
"2021-03-30 18:05:00",33431,13.17,25.95,747.3,22.09,41.73
"2021-03-30 18:10:00",33432,13.1,25.61,747.3,21.86,41.8
"2021-03-30 18:15:00",33433,13.04,25.29,747.3,21.79,41.3
"2021-03-30 18:20:00",33434,13,25.03,747.3,21.75,41.82
"2021-03-30 18:25:00",33435,12.98,24.76,747.4,21.59,42.32
"2021-03-30 18:30:00",33436,12.97,24.47,747.5,21.34,42.74
"2021-03-30 18:35:00",33437,12.97,24.18,747.5,21.13,43.27
"2021-03-30 18:40:00",33438,12.97,23.9,747.7,20.98,44.34
"2021-03-30 18:45:00",33439,12.96,23.66,747.9,20.61,46.47
"2021-03-30 18:50:00",33440,12.96,23.44,747.9,20.21,49.55
"2021-03-30 18:55:00",33441,12.95,23.21,748,20.24,47.09
"2021-03-30 19:00:00",33442,12.95,22.98,748.1,20.23,46.99
"2021-03-30 19:05:00",33443,12.95,22.78,748.2,20.62,44.52
"2021-03-30 19:10:00",33444,12.94,22.63,748.2,20.6,47.39
"2021-03-30 19:15:00",33445,12.94,22.49,748.4,20.2,50.71
"2021-03-30 19:20:00",33446,12.94,22.37,748.4,20,51.71
"2021-03-30 19:25:00",33447,12.94,22.23,748.5,19.76,52.21
"2021-03-30 19:30:00",33448,12.93,22.07,748.7,19.79,52.46
"2021-03-30 19:35:00",33449,12.93,21.96,748.8,19.7,53.41
"2021-03-30 19:40:00",33450,12.93,21.82,748.8,19.55,54.26
"2021-03-30 19:45:00",33451,12.93,21.73,748.9,19.52,54.81
"2021-03-30 19:50:00",33452,12.93,21.53,748.9,19.41,55.5
"2021-03-30 19:55:00",33453,12.92,21.38,749,19.44,56.03
"2021-03-30 20:00:00",33454,12.92,21.27,749,19.41,56.45
"2021-03-30 20:05:00",33455,12.92,21.16,749.1,19.38,57.03
"2021-03-30 20:10:00",33456,12.92,21.07,749.1,19.31,57.6
"2021-03-30 20:15:00",33457,12.91,20.99,749.2,19.22,58.2
"2021-03-30 20:20:00",33458,12.91,20.9,749.2,19.14,58.67
"2021-03-30 20:25:00",33459,12.91,20.79,749.3,19.03,59.32
"2021-03-30 20:30:00",33460,12.91,20.7,749.4,19.17,58.65
"2021-03-30 20:35:00",33461,12.91,20.63,749.5,19.16,58.71
"2021-03-30 20:40:00",33462,12.91,20.55,749.5,19.16,58.77
"2021-03-30 20:45:00",33463,12.9,20.49,749.6,19.09,59.03
"2021-03-30 20:50:00",33464,12.9,20.44,749.7,18.96,59.68
"2021-03-30 20:55:00",33465,12.9,20.36,749.6,18.78,60.43
"2021-03-30 21:00:00",33466,12.9,20.27,749.7,18.68,60.9
"2021-03-30 21:05:00",33467,12.9,20.19,749.6,18.54,61.33
"2021-03-30 21:10:00",33468,12.9,20.1,749.6,18.49,61.5
"2021-03-30 21:15:00",33469,12.89,20.01,749.7,18.27,62.54
"2021-03-30 21:20:00",33470,12.9,19.84,749.7,18.09,63.11
"2021-03-30 21:25:00",33471,12.9,19.52,749.7,18.14,62.97
"2021-03-30 21:30:00",33472,12.9,19.3,749.8,17.98,63.93
"2021-03-30 21:35:00",33473,12.9,19.12,749.7,18.19,62.86
"2021-03-30 21:40:00",33474,12.9,19.01,749.8,18.13,63.42
"2021-03-30 21:45:00",33475,12.9,18.91,749.8,18.23,62.92
"2021-03-30 21:50:00",33476,12.89,18.84,749.8,18.39,62.38
"2021-03-30 21:55:00",33477,12.89,18.8,749.8,18.31,62.49
"2021-03-30 22:00:00",33478,12.89,18.76,749.8,18.28,62.52
"2021-03-30 22:05:00",33479,12.89,18.71,749.7,18.13,63.18
"2021-03-30 22:10:00",33480,12.89,18.69,749.7,17.82,64.32
"2021-03-30 22:15:00",33481,12.89,18.63,749.8,17.57,65.98
"2021-03-30 22:20:00",33482,12.88,18.53,749.9,17.05,68.41
"2021-03-30 22:25:00",33483,12.88,18.41,749.9,17.1,67.49
"2021-03-30 22:30:00",33484,12.88,18.3,749.9,17.37,66.57
"2021-03-30 22:35:00",33485,12.88,18.2,750,17.29,67.32
"2021-03-30 22:40:00",33486,12.88,18.12,750,17.35,66.74
"2021-03-30 22:45:00",33487,12.88,18.05,750,17.38,66.6
"2021-03-30 22:50:00",33488,12.88,18,750,17.27,66.79
"2021-03-30 22:55:00",33489,12.87,17.93,749.9,17.21,66.95
"2021-03-30 23:00:00",33490,12.87,17.87,750,17.24,66.87
"2021-03-30 23:05:00",33491,12.87,17.82,750.1,17.15,67.38
"2021-03-30 23:10:00",33492,12.87,17.77,750,17.02,67.94
"2021-03-30 23:15:00",33493,12.87,17.73,750,16.95,68.51
"2021-03-30 23:20:00",33494,12.87,17.69,750,16.84,68.96
"2021-03-30 23:25:00",33495,12.87,17.62,750,16.59,69.78
"2021-03-30 23:30:00",33496,12.86,17.57,750,16.55,69.66
"2021-03-30 23:35:00",33497,12.86,17.5,750,16.44,70.11
"2021-03-30 23:40:00",33498,12.86,17.37,750.1,16.45,70.08
"2021-03-30 23:45:00",33499,12.86,17.32,750,16.42,70.01
"2021-03-30 23:50:00",33500,12.86,17.24,750,16.42,69.72
"2021-03-30 23:55:00",33501,12.86,17.18,750,16.38,70
"2021-03-31 00:00:00",33502,12.86,17,750.1,16.25,70.5
"2021-03-31 00:05:00",33503,12.85,16.88,750.1,16.44,69.18
"2021-03-31 00:10:00",33504,12.85,16.82,750.1,16.56,68.38
"2021-03-31 00:15:00",33505,12.85,16.77,750.1,16.63,68.08
"2021-03-31 00:20:00",33506,12.85,16.77,750.1,16.62,68.07
"2021-03-31 00:25:00",33507,12.85,16.78,750.1,16.73,67.77
"2021-03-31 00:30:00",33508,12.85,16.8,750.1,16.77,67.66
"2021-03-31 00:35:00",33509,12.85,16.84,750.1,16.79,67.2
"2021-03-31 00:40:00",33510,12.84,16.88,750.1,16.75,67.57
"2021-03-31 00:45:00",33511,12.84,16.89,750.1,15.96,71.28
"2021-03-31 00:50:00",33512,12.84,16.88,750.1,15.78,72.02
"2021-03-31 00:55:00",33513,12.84,16.86,750.1,15.92,71.36
"2021-03-31 01:00:00",33514,12.84,16.86,750,16.12,70.27
"2021-03-31 01:05:00",33515,12.84,16.89,750,16.38,69.37
"2021-03-31 01:10:00",33516,12.84,16.94,750,16.49,69.16
"2021-03-31 01:15:00",33517,12.84,16.99,750,15.86,71.49
"2021-03-31 01:20:00",33518,12.84,17.02,749.9,15.9,71.47
"2021-03-31 01:25:00",33519,12.83,17.04,749.9,16.02,71.18
"2021-03-31 01:30:00",33520,12.83,17.09,749.9,16.1,71.28
"2021-03-31 01:35:00",33521,12.83,17.14,749.9,16.2,71.1
"2021-03-31 01:40:00",33522,12.83,17.18,750,16.26,70.99
"2021-03-31 01:45:00",33523,12.82,17.21,749.9,16.29,70.6
"2021-03-31 01:50:00",33524,12.82,17.24,749.9,16.36,70.26
"2021-03-31 01:55:00",33525,12.82,17.26,749.9,16.28,70.25
"2021-03-31 02:00:00",33526,12.82,17.27,749.9,16.26,70.3
"2021-03-31 02:05:00",33527,12.82,17.27,749.8,16.09,71.54
"2021-03-31 02:10:00",33528,12.82,17.25,749.8,16.08,71.82
"2021-03-31 02:15:00",33529,12.82,17.25,749.8,16.06,71.87
"2021-03-31 02:20:00",33530,12.81,17.24,749.8,16.1,71.86
"2021-03-31 02:25:00",33531,12.81,17.41,749.8,16.14,71.63
"2021-03-31 02:30:00",33532,12.81,17.52,749.7,16.14,71.72
"2021-03-31 02:35:00",33533,12.81,17.55,749.7,16.07,71.82
"2021-03-31 02:40:00",33534,12.8,17.58,749.7,16.06,72.05
"2021-03-31 02:45:00",33535,12.8,17.61,749.7,15.97,72.83
"2021-03-31 02:50:00",33536,12.8,17.61,749.7,15.77,73.59
"2021-03-31 02:55:00",33537,12.8,17.61,749.7,15.76,73.59
"2021-03-31 03:00:00",33538,12.79,17.58,749.7,15.76,73.7
"2021-03-31 03:05:00",33539,12.8,17.56,749.7,15.65,74.25
"2021-03-31 03:10:00",33540,12.79,17.55,749.8,15.64,74.5
"2021-03-31 03:15:00",33541,12.79,17.54,749.8,15.66,74.64
"2021-03-31 03:20:00",33542,12.79,17.53,749.8,15.77,73.7
"2021-03-31 03:25:00",33543,12.79,17.53,749.8,15.65,73.71
"2021-03-31 03:30:00",33544,12.78,17.5,749.7,15.54,74
"2021-03-31 03:35:00",33545,12.78,17.42,749.7,15.58,74.21
"2021-03-31 03:40:00",33546,12.78,17.37,749.7,15.46,74.83
"2021-03-31 03:45:00",33547,12.78,17.31,749.7,15.49,74.92
"2021-03-31 03:50:00",33548,12.78,17.28,749.7,15.54,74.51
"2021-03-31 03:55:00",33549,12.77,17.24,749.7,15.55,74.51
"2021-03-31 04:00:00",33550,12.77,17.22,749.7,15.56,74.63
"2021-03-31 04:05:00",33551,12.77,17.2,749.7,15.56,74.74
"2021-03-31 04:10:00",33552,12.77,17.15,749.7,15.42,75.7
"2021-03-31 04:15:00",33553,12.77,17.1,749.7,15.32,76.04
"2021-03-31 04:20:00",33554,12.77,17.03,749.6,15.14,76.85
"2021-03-31 04:25:00",33555,12.77,16.95,749.6,15.04,77.53
"2021-03-31 04:30:00",33556,12.76,16.84,749.6,14.98,77.93
"2021-03-31 04:35:00",33557,12.76,16.75,749.6,14.89,78.34
"2021-03-31 04:40:00",33558,12.77,16.66,749.6,14.82,78.71
"2021-03-31 04:45:00",33559,12.76,16.55,749.6,14.71,79.18
"2021-03-31 04:50:00",33560,12.76,16.42,749.6,14.63,79.55
"2021-03-31 04:55:00",33561,12.76,16.3,749.6,14.59,79.77
"2021-03-31 05:00:00",33562,12.75,16.18,749.7,14.58,80
"2021-03-31 05:05:00",33563,12.75,16.09,749.7,14.67,79.76
"2021-03-31 05:10:00",33564,12.75,16.02,749.8,14.61,79.91
"2021-03-31 05:15:00",33565,12.75,15.98,749.7,14.54,80.2
"2021-03-31 05:20:00",33566,12.74,15.96,749.7,14.4,80.9
"2021-03-31 05:25:00",33567,12.74,15.92,749.8,14.27,81.6
"2021-03-31 05:30:00",33568,12.74,15.83,749.8,14.19,82.2
"2021-03-31 05:35:00",33569,12.74,15.78,749.9,14.24,81.8
"2021-03-31 05:40:00",33570,12.73,15.79,749.9,14.31,81.5
"2021-03-31 05:45:00",33571,12.73,15.8,749.9,14.47,80.5
"2021-03-31 05:50:00",33572,12.73,15.83,749.9,14.49,80.6
"2021-03-31 05:55:00",33573,12.72,15.86,749.9,14.43,80.6
"2021-03-31 06:00:00",33574,12.72,15.89,749.9,14.43,80.8
"2021-03-31 06:05:00",33575,12.72,15.9,749.9,14.39,80.9
"2021-03-31 06:10:00",33576,12.72,15.89,750,14.32,81.4
"2021-03-31 06:15:00",33577,12.71,15.88,750,14.37,81.2
"2021-03-31 06:20:00",33578,12.71,15.85,750.1,14.39,81
"2021-03-31 06:25:00",33579,12.71,15.87,750.1,14.17,81.8
"2021-03-31 06:30:00",33580,12.7,15.86,750.2,14.05,82.3
"2021-03-31 06:35:00",33581,12.71,15.71,750.2,13.93,83
"2021-03-31 06:40:00",33582,12.73,15.62,750.2,13.98,82.6
"2021-03-31 06:45:00",33583,12.76,15.59,750.2,14.07,82.2
"2021-03-31 06:50:00",33584,12.92,15.64,750.2,14.21,82
"2021-03-31 06:55:00",33585,13.08,15.79,750.3,14.78,79.37
"2021-03-31 07:00:00",33586,13.08,15.89,750.3,14.96,78.6
"2021-03-31 07:05:00",33587,13.48,16.21,750.4,15.1,78.46
"2021-03-31 07:10:00",33588,13.61,16.6,750.4,15.62,75.68
"2021-03-31 07:15:00",33589,13.67,17.09,750.4,16.42,72.43
"2021-03-31 07:20:00",33590,13.62,17.44,750.5,16.47,72.32
"2021-03-31 07:25:00",33591,13.72,17.94,750.6,16.79,69.33
"2021-03-31 07:30:00",33592,13.71,18.33,750.7,16.63,69.35
"2021-03-31 07:35:00",33593,13.87,18.81,750.7,16.93,69.06
"2021-03-31 07:40:00",33594,13.75,20.06,750.7,17.32,67.64
"2021-03-31 07:45:00",33595,13.73,20.99,750.7,17.83,65.86
"2021-03-31 07:50:00",33596,13.7,21.69,750.7,18.88,61.93
"2021-03-31 07:55:00",33597,13.7,22.31,750.7,18.86,62.34
"2021-03-31 08:00:00",33598,13.68,22.93,750.7,19.94,58.37
"2021-03-31 08:05:00",33599,13.68,23.51,750.7,18.4,63.91
"2021-03-31 08:10:00",33600,13.65,24.02,750.8,18.25,64.33
"2021-03-31 08:15:00",33601,13.65,24.42,750.8,18.96,62
"2021-03-31 08:20:00",33602,13.65,24.88,750.8,20.08,58.18
"2021-03-31 08:25:00",33603,13.63,25.38,750.9,20.02,58.5
"2021-03-31 08:30:00",33604,13.63,25.82,750.8,20.06,57.96
"2021-03-31 08:35:00",33605,13.63,26.29,750.9,18.45,63.74
"2021-03-31 08:40:00",33606,13.6,26.55,750.9,18.41,63.91
"2021-03-31 08:45:00",33607,13.6,26.79,750.9,19.19,61.01
"2021-03-31 08:50:00",33608,13.6,27.06,750.9,19.92,58.28
"2021-03-31 08:55:00",33609,13.6,27.36,751,19.53,58.88
"2021-03-31 09:00:00",33610,13.58,27.61,751,20.46,56.33
"2021-03-31 09:05:00",33611,13.58,27.88,751,20.49,56.55
"2021-03-31 09:10:00",33612,13.58,28.16,750.9,20.12,57.24
"2021-03-31 09:15:00",33613,13.58,28.41,750.9,20.13,57.36
"2021-03-31 09:20:00",33614,13.58,28.63,750.9,20.56,55.7
"2021-03-31 09:25:00",33615,13.55,28.81,751,20.46,55.04
"2021-03-31 09:30:00",33616,13.55,29.03,750.9,20.84,53.29
"2021-03-31 09:35:00",33617,13.56,29.25,750.9,21.22,53.56
"2021-03-31 09:40:00",33618,13.56,29.56,750.8,21.19,52.53
"2021-03-31 09:45:00",33619,13.53,29.85,750.7,21.58,51.46
"2021-03-31 09:50:00",33620,13.53,30.09,750.7,21.99,49.12
"2021-03-31 09:55:00",33621,13.54,30.34,750.7,21.32,50.2
"2021-03-31 10:00:00",33622,13.53,30.56,750.6,19.98,54.72
"2021-03-31 10:05:00",33623,13.53,30.61,750.6,20.92,52.84
"2021-03-31 10:10:00",33624,13.53,30.68,750.6,21.63,49.8
"2021-03-31 10:15:00",33625,13.53,30.77,750.5,22.21,47.75
"2021-03-31 10:20:00",33626,13.53,30.84,750.4,21.96,49.46
"2021-03-31 10:25:00",33627,13.53,30.94,750.5,21.9,48.5
"2021-03-31 10:30:00",33628,13.54,31.06,750.4,22.51,47.79
"2021-03-31 10:35:00",33629,13.51,31.27,750.3,21.7,48.73
"2021-03-31 10:40:00",33630,13.51,31.4,750.3,21.83,46.71
"2021-03-31 10:45:00",33631,13.51,31.5,750.1,22.35,45.95
"2021-03-31 10:50:00",33632,13.51,31.66,750.1,22.92,44.15
"2021-03-31 10:55:00",33633,13.51,31.75,750,22.8,45.07
"2021-03-31 11:00:00",33634,13.51,31.8,750,23.2,44.15
"2021-03-31 11:05:00",33635,13.52,31.87,749.9,22.94,44.09
"2021-03-31 11:10:00",33636,13.52,31.94,749.8,23.17,42.95
"2021-03-31 11:15:00",33637,13.49,32.02,749.7,23.86,40.69
"2021-03-31 11:20:00",33638,13.49,32.12,749.7,23.03,40.66
"2021-03-31 11:25:00",33639,13.49,32.13,749.6,22.88,42.79
"2021-03-31 11:30:00",33640,13.49,32.14,749.5,23.16,41.46
"2021-03-31 11:35:00",33641,13.49,32.22,749.4,24.11,39.83
"2021-03-31 11:40:00",33642,13.49,32.3,749.3,24.2,39.35
"2021-03-31 11:45:00",33643,13.5,32.4,749.2,23.47,39.7
"2021-03-31 11:50:00",33644,13.49,32.42,749.2,24.04,38.94
"2021-03-31 11:55:00",33645,13.5,32.45,749,23.45,40.45
"2021-03-31 12:00:00",33646,13.5,32.47,748.9,23.95,37.97
"2021-03-31 12:05:00",33647,13.5,32.46,748.8,24.58,37.38
"2021-03-31 12:10:00",33648,13.5,32.51,748.7,25,35.73
"2021-03-31 12:15:00",33649,13.5,32.56,748.6,25.09,36.5
"2021-03-31 12:20:00",33650,13.5,32.68,748.4,24.75,36.04
"2021-03-31 12:25:00",33651,13.5,32.72,748.4,24.38,35.67
"2021-03-31 12:30:00",33652,13.5,32.73,748.2,25.54,34.31
"2021-03-31 12:35:00",33653,13.5,32.83,748.2,25.89,33.14
"2021-03-31 12:40:00",33654,13.48,32.94,748.1,25.51,33.1
"2021-03-31 12:45:00",33655,13.48,33.02,747.9,25.08,33.94
"2021-03-31 12:50:00",33656,13.48,33.03,747.7,26.63,32.46
"2021-03-31 12:55:00",33657,13.48,33.16,747.6,27.52,30.51
"2021-03-31 13:00:00",33658,13.48,33.39,747.6,25.13,32.87
"2021-03-31 13:05:00",33659,13.48,33.4,747.5,25.74,31.58
"2021-03-31 13:10:00",33660,13.48,33.38,747.3,26.46,30.69
"2021-03-31 13:15:00",33661,13.48,33.33,747.3,25.59,32.84
"2021-03-31 13:20:00",33662,13.48,33.28,747.2,26.59,31.21
"2021-03-31 13:25:00",33663,13.48,33.3,747.2,27.13,30.99
"2021-03-31 13:30:00",33664,13.48,33.42,747.1,27.09,28.64
"2021-03-31 13:35:00",33665,13.48,33.48,747,26.68,30
"2021-03-31 13:40:00",33666,13.48,33.38,746.9,25.34,33.15
"2021-03-31 13:45:00",33667,13.48,32.99,746.7,23.4,42.26
"2021-03-31 13:50:00",33668,13.48,32.33,746.8,22.55,43.59
"2021-03-31 13:55:00",33669,13.48,31.52,746.8,21.61,46.37
"2021-03-31 14:00:00",33670,13.48,30.69,746.7,21.24,43.02
"2021-03-31 14:05:00",33671,13.48,29.87,746.7,21.5,42.7
"2021-03-31 14:10:00",33672,13.5,29.2,746.6,21.14,45.22
"2021-03-31 14:15:00",33673,13.5,28.61,746.5,20.64,48.02
"2021-03-31 14:20:00",33674,13.53,28.07,746.4,20.42,51.02
"2021-03-31 14:25:00",33675,13.53,27.57,746.3,20.16,50.39
"2021-03-31 14:30:00",33676,13.53,27.12,746.2,20.3,50.88
"2021-03-31 14:35:00",33677,13.55,26.77,746.2,20.43,52.02
"2021-03-31 14:40:00",33678,13.55,26.36,746.2,20.2,53.61
"2021-03-31 14:45:00",33679,13.58,25.98,746.2,20,54.41
"2021-03-31 14:50:00",33680,13.58,25.69,746.2,19.87,56.25
"2021-03-31 14:55:00",33681,13.58,25.4,746.2,20.11,52.01
"2021-03-31 15:00:00",33682,13.58,25.11,746.1,20.02,56.24
"2021-03-31 15:05:00",33683,13.58,24.87,746.1,19.84,55.84
"2021-03-31 15:10:00",33684,13.58,24.72,746.1,19.83,61.39
"2021-03-31 15:15:00",33685,13.57,24.56,746.1,19.8,56.33
"2021-03-31 15:20:00",33686,13.58,24.55,746.1,20.68,51.87
"2021-03-31 15:25:00",33687,13.57,24.71,746.1,21.14,48.15
"2021-03-31 15:30:00",33688,13.58,25.02,746,21.21,47.65
"2021-03-31 15:35:00",33689,13.58,25.35,746,21.89,47.04
"2021-03-31 15:40:00",33690,13.58,25.72,746,22.56,44.56
"2021-03-31 15:45:00",33691,13.58,26.09,746,22.75,45.29
"2021-03-31 15:50:00",33692,13.58,26.52,746.1,22.83,45.36
"2021-03-31 15:55:00",33693,13.58,26.95,746.1,22.91,43.54
"2021-03-31 16:00:00",33694,13.58,27.25,746,23.69,38.97
"2021-03-31 16:05:00",33695,13.58,27.58,746,23.17,38.62
"2021-03-31 16:10:00",33696,13.58,27.81,746,23.2,38.92
"2021-03-31 16:15:00",33697,13.58,27.91,746,22.79,40.86
"2021-03-31 16:20:00",33698,13.58,27.94,746,22.81,41.52
"2021-03-31 16:25:00",33699,13.58,27.94,746.1,22.67,44.38
"2021-03-31 16:30:00",33700,13.58,27.87,746,22.57,45.08
"2021-03-31 16:35:00",33701,13.58,27.83,746.1,22.83,43.37
"2021-03-31 16:40:00",33702,13.58,27.77,746,22.95,42.21
"2021-03-31 16:45:00",33703,13.58,27.72,746.1,22.89,42.37
"2021-03-31 16:50:00",33704,13.58,27.67,746.1,23.27,40.82
"2021-03-31 16:55:00",33705,13.57,27.68,746,22.12,37.75
"2021-03-31 17:00:00",33706,13.57,27.6,746,21.79,39.55
"2021-03-31 17:05:00",33707,13.58,27.45,745.8,22.08,39.12
"2021-03-31 17:10:00",33708,13.57,27.3,745.8,22.17,38.58
"2021-03-31 17:15:00",33709,13.58,27.13,745.7,22.03,40.1
"2021-03-31 17:20:00",33710,13.57,26.93,745.7,21,43.86
"2021-03-31 17:25:00",33711,13.57,26.6,745.7,20.84,41.98
"2021-03-31 17:30:00",33712,13.58,26.28,745.7,21,40.7
"2021-03-31 17:35:00",33713,13.58,26,745.7,21.19,39.62
"2021-03-31 17:40:00",33714,13.57,25.82,745.8,21.45,38.17
"2021-03-31 17:45:00",33715,13.57,25.76,745.8,21.85,38.64
"2021-03-31 17:50:00",33716,13.57,25.72,745.9,21.76,39.87
"2021-03-31 17:55:00",33717,13.47,25.44,746,21.46,41.69
"2021-03-31 18:00:00",33718,13.26,24.84,746.1,21.16,42.08
"2021-03-31 18:05:00",33719,13.16,24.49,746.2,20.76,43.99
"2021-03-31 18:10:00",33720,13.07,24.15,746.4,19.63,51.44
"2021-03-31 18:15:00",33721,13.01,23.76,746.5,19.42,51.47
"2021-03-31 18:20:00",33722,12.97,23.37,746.6,19.52,50.14
"2021-03-31 18:25:00",33723,12.95,23.01,746.7,19.61,49.15
"2021-03-31 18:30:00",33724,12.95,22.65,746.8,19.4,49.66
"2021-03-31 18:35:00",33725,12.94,22.35,746.9,19.14,50.38
"2021-03-31 18:40:00",33726,12.93,22.08,746.9,18.94,51.91
"2021-03-31 18:45:00",33727,12.93,21.83,747,18.65,53.63
"2021-03-31 18:50:00",33728,12.93,21.59,747.1,18.53,54.29
"2021-03-31 18:55:00",33729,12.93,21.38,747.3,18.6,54.34
"2021-03-31 19:00:00",33730,12.92,21.19,747.3,18.59,54.86
"2021-03-31 19:05:00",33731,12.92,20.99,747.3,18.73,55.12
"2021-03-31 19:10:00",33732,12.92,20.85,747.4,18.91,54.47
"2021-03-31 19:15:00",33733,12.92,20.75,747.5,18.92,55.12
"2021-03-31 19:20:00",33734,12.92,20.69,747.6,18.92,54.35
"2021-03-31 19:25:00",33735,12.91,20.68,747.7,19.06,52.95
"2021-03-31 19:30:00",33736,12.91,20.7,747.7,19.1,53.17
"2021-03-31 19:35:00",33737,12.91,20.71,747.7,19.02,51.29
"2021-03-31 19:40:00",33738,12.91,20.71,747.8,18.95,51.41
"2021-03-31 19:45:00",33739,12.91,20.7,747.9,18.74,50.1
"2021-03-31 19:50:00",33740,12.91,20.67,748,18.6,49.74
"2021-03-31 19:55:00",33741,12.91,20.61,748.2,18.3,50.42
"2021-03-31 20:00:00",33742,12.91,20.52,748.2,18.07,51.2
"2021-03-31 20:05:00",33743,12.91,20.41,748.3,17.95,51.46
"2021-03-31 20:10:00",33744,12.91,20.32,748.4,17.94,51.68
"2021-03-31 20:15:00",33745,12.91,20.22,748.4,17.91,51.76
"2021-03-31 20:20:00",33746,12.9,20.14,748.4,17.83,52.47
"2021-03-31 20:25:00",33747,12.9,20.07,748.4,17.87,52.1
"2021-03-31 20:30:00",33748,12.9,20,748.5,17.82,52.28
"2021-03-31 20:35:00",33749,12.9,19.93,748.6,17.88,51.88
"2021-03-31 20:40:00",33750,12.9,19.85,748.6,17.83,52.5
"2021-03-31 20:45:00",33751,12.9,19.79,748.7,17.7,53.25
"2021-03-31 20:50:00",33752,12.9,19.73,748.7,17.64,53.49
"2021-03-31 20:55:00",33753,12.89,19.66,748.7,17.61,54.01
"2021-03-31 21:00:00",33754,12.89,19.58,748.7,17.47,55.21
"2021-03-31 21:05:00",33755,12.89,19.51,748.7,17.4,55.11
"2021-03-31 21:10:00",33756,12.89,19.44,748.7,17.31,55.8
"2021-03-31 21:15:00",33757,12.89,19.38,748.7,17.35,56.17
"2021-03-31 21:20:00",33758,12.89,19.32,748.8,17.33,57.36
"2021-03-31 21:25:00",33759,12.89,19.27,748.9,17.23,57.92
"2021-03-31 21:30:00",33760,12.89,19.22,749,17.03,59.13
"2021-03-31 21:35:00",33761,12.88,19.15,749,16.86,59.64
"2021-03-31 21:40:00",33762,12.88,19.08,749,16.75,59.96
"2021-03-31 21:45:00",33763,12.88,19.01,749.1,16.75,60.38
"2021-03-31 21:50:00",33764,12.88,18.96,749.2,16.73,60.88
"2021-03-31 21:55:00",33765,12.88,18.89,749.2,16.67,61.44
"2021-03-31 22:00:00",33766,12.88,18.84,749.3,16.78,60.32
"2021-03-31 22:05:00",33767,12.88,18.79,749.4,16.79,59.84
"2021-03-31 22:10:00",33768,12.88,18.65,749.5,16.81,60.2
"2021-03-31 22:15:00",33769,12.87,18.57,749.6,16.77,61.25
"2021-03-31 22:20:00",33770,12.88,18.52,749.6,16.69,61.86
"2021-03-31 22:25:00",33771,12.87,18.46,749.6,16.65,62.21
"2021-03-31 22:30:00",33772,12.87,18.43,749.6,16.59,62.06
"2021-03-31 22:35:00",33773,12.87,18.39,749.7,16.57,62.08
"2021-03-31 22:40:00",33774,12.87,18.37,749.7,16.47,62.63
"2021-03-31 22:45:00",33775,12.87,18.34,749.7,16.44,62.8
"2021-03-31 22:50:00",33776,12.87,18.32,749.7,16.45,63.01
"2021-03-31 22:55:00",33777,12.87,18.31,749.7,16.44,63.28
"2021-03-31 23:00:00",33778,12.86,18.31,749.7,16.42,63.3
"2021-03-31 23:05:00",33779,12.86,18.28,749.7,16.38,63.77
"2021-03-31 23:10:00",33780,12.86,18.29,749.8,16.42,63.72
"2021-03-31 23:15:00",33781,12.86,18.29,749.8,16.4,63.84
"2021-03-31 23:20:00",33782,12.86,18.29,749.9,16.42,63.99
"2021-03-31 23:25:00",33783,12.86,18.28,749.9,16.39,63.89
"2021-03-31 23:30:00",33784,12.86,18.29,750,16.41,64.22
"2021-03-31 23:35:00",33785,12.86,18.28,750.1,16.4,65.04
"2021-03-31 23:40:00",33786,12.85,18.27,750.2,16.24,66.37
"2021-03-31 23:45:00",33787,12.86,18.25,750.3,16.13,67.81
"2021-03-31 23:50:00",33788,12.85,18.21,750.4,16.06,68.73
"2021-03-31 23:55:00",33789,12.85,18.09,750.5,15.48,74.78
