"TOA5","Pluvio_UPB","CR300","6066","CR300.Std.09.02","CPU:UPB_Rain_28Nov2019.CR300","54384","Meteo5Min"
"TIMESTAMP","RECORD","VBat","TempDL","PBar","TempA","RH"
"TS","RN","Vdc","GradosC","[mBar]","GradosC","%"
"","","Smp","Smp","Smp","Smp","Smp"
"2020-09-01 00:00:00",79927,12.82,16.62,753.5,14.96,51.51
"2020-09-01 00:05:00",79928,12.82,16.56,753.5,14.99,51.21
"2020-09-01 00:10:00",79929,12.82,16.49,753.5,14.82,51.8
"2020-09-01 00:15:00",79930,12.82,16.42,753.4,14.69,52.03
"2020-09-01 00:20:00",79931,12.82,16.36,753.4,14.91,51.32
"2020-09-01 00:25:00",79932,12.82,16.31,753.3,15.18,50.21
"2020-09-01 00:30:00",79933,12.81,16.25,753.3,15.08,50.91
"2020-09-01 00:35:00",79934,12.81,16.21,753.2,15.11,51.47
"2020-09-01 00:40:00",79935,12.81,16.18,753.2,14.92,52.24
"2020-09-01 00:45:00",79936,12.81,16.14,753.2,13.87,55.74
"2020-09-01 00:50:00",79937,12.81,16.09,753.2,14.48,54.13
"2020-09-01 00:55:00",79938,12.81,16.06,753.2,14.44,54.5
"2020-09-01 01:00:00",79939,12.8,16.02,753.1,13.9,56.17
"2020-09-01 01:05:00",79940,12.8,15.99,753,14.32,54.42
"2020-09-01 01:10:00",79941,12.8,15.97,753,14.19,55.16
"2020-09-01 01:15:00",79942,12.8,15.97,752.9,14.33,54.36
"2020-09-01 01:20:00",79943,12.79,15.98,752.8,14.41,54.37
"2020-09-01 01:25:00",79944,12.8,16,752.7,14.02,56.13
"2020-09-01 01:30:00",79945,12.79,16,752.8,13.79,56.97
"2020-09-01 01:35:00",79946,12.79,15.98,752.8,13.72,57.8
"2020-09-01 01:40:00",79947,12.79,15.96,752.9,13.66,57.91
"2020-09-01 01:45:00",79948,12.79,15.94,752.8,14.07,55.77
"2020-09-01 01:50:00",79949,12.79,15.94,752.8,14.2,54.61
"2020-09-01 01:55:00",79950,12.78,15.96,752.7,14.82,51.52
"2020-09-01 02:00:00",79951,12.78,16.01,752.7,14.94,51.05
"2020-09-01 02:05:00",79952,12.78,16.06,752.7,14.96,51.2
"2020-09-01 02:10:00",79953,12.78,16.11,752.6,14.67,52.64
"2020-09-01 02:15:00",79954,12.78,16.16,752.6,14.63,52.78
"2020-09-01 02:20:00",79955,12.77,16.17,752.7,14.41,53.76
"2020-09-01 02:25:00",79956,12.77,16.17,752.6,14.48,51.81
"2020-09-01 02:30:00",79957,12.77,16.17,752.7,14.45,53.22
"2020-09-01 02:35:00",79958,12.77,16.16,752.7,14.18,54.91
"2020-09-01 02:40:00",79959,12.77,16.14,752.6,14.21,53.15
"2020-09-01 02:45:00",79960,12.76,16.13,752.6,14.48,51.69
"2020-09-01 02:50:00",79961,12.76,16.17,752.7,14.79,50.07
"2020-09-01 02:55:00",79962,12.76,16.24,752.6,15.31,47.84
"2020-09-01 03:00:00",79963,12.76,16.33,752.7,15.82,45.97
"2020-09-01 03:05:00",79964,12.76,16.49,752.7,15.7,46.14
"2020-09-01 03:10:00",79965,12.75,16.63,752.7,15.58,47.13
"2020-09-01 03:15:00",79966,12.75,16.72,752.7,15.12,48.94
"2020-09-01 03:20:00",79967,12.75,16.76,752.7,15.06,48.55
"2020-09-01 03:25:00",79968,12.75,16.79,752.6,15.62,46.41
"2020-09-01 03:30:00",79969,12.75,16.82,752.6,15.73,45.92
"2020-09-01 03:35:00",79970,12.74,16.88,752.6,15.62,46.29
"2020-09-01 03:40:00",79971,12.74,16.9,752.5,15.5,46.05
"2020-09-01 03:45:00",79972,12.74,16.9,752.5,15.59,46.06
"2020-09-01 03:50:00",79973,12.74,16.89,752.5,15.29,47.93
"2020-09-01 03:55:00",79974,12.73,16.84,752.4,14.85,49.98
"2020-09-01 04:00:00",79975,12.73,16.74,752.4,14.61,50.91
"2020-09-01 04:05:00",79976,12.73,16.61,752.3,14.94,49.44
"2020-09-01 04:10:00",79977,12.73,16.48,752.3,14.73,50.31
"2020-09-01 04:15:00",79978,12.72,16.36,752.4,14.64,50.67
"2020-09-01 04:20:00",79979,12.72,16.22,752.4,14.24,51.87
"2020-09-01 04:25:00",79980,12.72,16.12,752.4,14.55,50.13
"2020-09-01 04:30:00",79981,12.71,16.01,752.3,14.6,50.38
"2020-09-01 04:35:00",79982,12.71,15.94,752.3,14.31,51.24
"2020-09-01 04:40:00",79983,12.71,15.84,752.3,14.01,52.21
"2020-09-01 04:45:00",79984,12.7,15.73,752.3,13.65,53.74
"2020-09-01 04:50:00",79985,12.7,15.6,752.3,13.75,53.72
"2020-09-01 04:55:00",79986,12.7,15.49,752.3,13.72,52.65
"2020-09-01 05:00:00",79987,12.69,15.37,752.3,13.73,52.75
"2020-09-01 05:05:00",79988,12.69,15.27,752.4,13.69,52.53
"2020-09-01 05:10:00",79989,12.69,15.2,752.4,13.66,53.13
"2020-09-01 05:15:00",79990,12.68,15.11,752.4,13.61,53.34
"2020-09-01 05:20:00",79991,12.68,15.02,752.5,13.63,52.24
"2020-09-01 05:25:00",79992,12.68,14.96,752.5,13.4,53.13
"2020-09-01 05:30:00",79993,12.67,14.85,752.6,12.97,54.4
"2020-09-01 05:35:00",79994,12.67,14.73,752.7,12.86,54.81
"2020-09-01 05:40:00",79995,12.67,14.61,752.7,12.56,56.39
"2020-09-01 05:45:00",79996,12.66,14.48,752.8,12.56,56.51
"2020-09-01 05:50:00",79997,12.66,14.35,752.8,12.8,56.06
"2020-09-01 05:55:00",79998,12.65,14.25,752.8,12.68,55.5
"2020-09-01 06:00:00",79999,12.65,14.16,752.8,12.3,57.01
"2020-09-01 06:05:00",80000,12.65,14.05,752.8,11.99,58.18
"2020-09-01 06:10:00",80001,12.64,13.94,752.9,11.96,59.1
"2020-09-01 06:15:00",80002,12.64,13.82,753,11.82,59.61
"2020-09-01 06:20:00",80003,12.64,13.73,753.1,12,58.39
"2020-09-01 06:25:00",80004,12.64,13.72,753.2,12.14,57.61
"2020-09-01 06:30:00",80005,12.64,13.69,753.3,12.66,54.72
"2020-09-01 06:35:00",80006,12.65,13.68,753.2,12.55,56.48
"2020-09-01 06:40:00",80007,12.66,13.71,753.3,12.53,58.09
"2020-09-01 06:45:00",80008,12.69,13.75,753.4,12.46,58.17
"2020-09-01 06:50:00",80009,12.74,13.8,753.4,12.58,58.43
"2020-09-01 06:55:00",80010,13.03,14.02,753.4,12.83,57.87
"2020-09-01 07:00:00",80011,13.18,14.25,753.4,12.86,57.19
"2020-09-01 07:05:00",80012,13.53,14.65,753.4,13.38,55.7
"2020-09-01 07:10:00",80013,13.66,15.1,753.5,14.03,52.48
"2020-09-01 07:15:00",80014,13.64,15.67,753.5,14.2,52.26
"2020-09-01 07:20:00",80015,13.44,15.85,753.5,13.42,55.4
"2020-09-01 07:25:00",80016,13.42,16.06,753.5,12.97,56.69
"2020-09-01 07:30:00",80017,13.41,16.18,753.6,13.18,55.85
"2020-09-01 07:35:00",80018,13.59,16.47,753.6,13.32,54.51
"2020-09-01 07:40:00",80019,13.81,18.15,753.7,14.47,51.63
"2020-09-01 07:45:00",80020,13.78,18.47,753.8,15.6,48.13
"2020-09-01 07:50:00",80021,13.75,19.6,753.9,15.91,47.33
"2020-09-01 07:55:00",80022,13.58,20.41,754,16.49,46.21
"2020-09-01 08:00:00",80023,13.71,20.18,754,16.22,45.92
"2020-09-01 08:05:00",80024,13.46,20.27,754.1,16.12,46.13
"2020-09-01 08:10:00",80025,13.46,20.07,754.1,16.03,47
"2020-09-01 08:15:00",80026,13.49,19.99,754.1,15.92,47.2
"2020-09-01 08:20:00",80027,13.53,19.98,754.1,15.32,48.68
"2020-09-01 08:25:00",80028,13.58,20.02,754.1,15.15,48.97
"2020-09-01 08:30:00",80029,13.65,20.05,754.1,15.65,48.85
"2020-09-01 08:35:00",80030,13.74,20.2,754.1,15.62,47.79
"2020-09-01 08:40:00",80031,13.75,20.39,754.1,15.86,48.54
"2020-09-01 08:45:00",80032,13.88,20.58,754.1,16.32,46.19
"2020-09-01 08:50:00",80033,13.79,21.62,754.2,16.26,46.33
"2020-09-01 08:55:00",80034,13.7,22.22,754.2,16.36,46.06
"2020-09-01 09:00:00",80035,13.7,22.62,754.3,16.9,44.46
"2020-09-01 09:05:00",80036,13.68,23.05,754.3,17.31,44.6
"2020-09-01 09:10:00",80037,13.68,23.6,754.3,17.73,42.33
"2020-09-01 09:15:00",80038,13.65,24.21,754.3,17.75,42.24
"2020-09-01 09:20:00",80039,13.65,24.77,754.3,18.94,39.83
"2020-09-01 09:25:00",80040,13.62,25.33,754.3,19.18,39.17
"2020-09-01 09:30:00",80041,13.62,25.86,754.3,19.39,38.97
"2020-09-01 09:35:00",80042,13.62,26.49,754.4,20.35,37.05
"2020-09-01 09:40:00",80043,13.6,27.17,754.4,21.13,34.99
"2020-09-01 09:45:00",80044,13.58,27.89,754.3,21.23,35.07
"2020-09-01 09:50:00",80045,13.57,28.4,754.3,20.08,38.17
"2020-09-01 09:55:00",80046,13.57,28.81,754.3,19.92,37.5
"2020-09-01 10:00:00",80047,13.55,29.09,754.3,20.35,36.79
"2020-09-01 10:05:00",80048,13.55,29.38,754.2,20.16,37.42
"2020-09-01 10:10:00",80049,13.55,29.69,754.2,20.51,37
"2020-09-01 10:15:00",80050,13.55,29.92,754.1,20.49,37.91
"2020-09-01 10:20:00",80051,13.53,30.23,754,21.91,33.11
"2020-09-01 10:25:00",80052,13.53,30.52,754,20.6,34.58
"2020-09-01 10:30:00",80053,13.53,30.68,754,20.82,34.8
"2020-09-01 10:35:00",80054,13.53,30.73,753.9,21.27,34.71
"2020-09-01 10:40:00",80055,13.53,30.63,753.8,20.58,35.47
"2020-09-01 10:45:00",80056,13.53,30.64,753.7,22.05,32.59
"2020-09-01 10:50:00",80057,13.53,30.78,753.6,22.11,33.69
"2020-09-01 10:55:00",80058,13.53,30.93,753.6,22.01,32.09
"2020-09-01 11:00:00",80059,13.53,31.09,753.5,22.17,32.4
"2020-09-01 11:05:00",80060,13.53,31.26,753.4,22.26,31.94
"2020-09-01 11:10:00",80061,13.51,31.43,753.3,22.12,32.73
"2020-09-01 11:15:00",80062,13.51,31.53,753.2,23.07,31.35
"2020-09-01 11:20:00",80063,13.51,31.71,753.1,22.59,30.37
"2020-09-01 11:25:00",80064,13.51,31.84,753.1,21.99,33.38
"2020-09-01 11:30:00",80065,13.51,31.82,753,22.86,30.25
"2020-09-01 11:35:00",80066,13.51,31.82,752.9,23.2,29.54
"2020-09-01 11:40:00",80067,13.51,31.84,752.8,22.54,30.23
"2020-09-01 11:45:00",80068,13.51,31.82,752.7,22.74,29.3
"2020-09-01 11:50:00",80069,13.51,31.86,752.6,23.61,28.16
"2020-09-01 11:55:00",80070,13.49,31.93,752.5,23.4,29.09
"2020-09-01 12:00:00",80071,13.49,32.01,752.4,23.39,28.21
"2020-09-01 12:05:00",80072,13.49,32.03,752.3,24.31,28.21
"2020-09-01 12:10:00",80073,13.49,32.09,752.2,22.92,28.31
"2020-09-01 12:15:00",80074,13.49,32.04,752.2,23.27,28.27
"2020-09-01 12:20:00",80075,13.49,32.01,752,23.45,26.69
"2020-09-01 12:25:00",80076,13.49,32.01,751.9,24.04,26.29
"2020-09-01 12:30:00",80077,13.49,32.04,751.8,24.48,25.91
"2020-09-01 12:35:00",80078,13.49,32.13,751.7,24.54,25.64
"2020-09-01 12:40:00",80079,13.49,32.23,751.6,25.4,24.88
"2020-09-01 12:45:00",80080,13.49,32.34,751.4,24.24,26.3
"2020-09-01 12:50:00",80081,13.5,32.37,751.3,24.65,25.86
"2020-09-01 12:55:00",80082,13.5,32.38,751.2,23.95,28.46
"2020-09-01 13:00:00",80083,13.49,32.26,751.1,23.18,29.27
"2020-09-01 13:05:00",80084,13.5,32.02,751,23.82,28.61
"2020-09-01 13:10:00",80085,13.49,31.68,751,22.25,30.64
"2020-09-01 13:15:00",80086,13.5,31.24,750.9,22.54,29.96
"2020-09-01 13:20:00",80087,13.49,30.87,750.7,23.35,29.15
"2020-09-01 13:25:00",80088,13.49,30.59,750.7,23.44,28.55
"2020-09-01 13:30:00",80089,13.5,30.41,750.7,23.59,28.22
"2020-09-01 13:35:00",80090,13.5,30.3,750.6,22.89,29.05
"2020-09-01 13:40:00",80091,13.5,30.28,750.4,23.48,28.35
"2020-09-01 13:45:00",80092,13.5,30.35,750.3,23.13,28.63
"2020-09-01 13:50:00",80093,13.5,30.39,750.3,23.07,28.28
"2020-09-01 13:55:00",80094,13.5,30.38,750,23.67,27.76
"2020-09-01 14:00:00",80095,13.5,30.33,750.1,23.13,28.56
"2020-09-01 14:05:00",80096,13.5,30.26,750.1,23.29,28.27
"2020-09-01 14:10:00",80097,13.5,30.21,749.9,23.69,27.96
"2020-09-01 14:15:00",80098,13.5,30.25,749.9,23.52,27.88
"2020-09-01 14:20:00",80099,13.5,30.32,749.8,23.33,27.66
"2020-09-01 14:25:00",80100,13.5,30.39,749.7,23.22,28.33
"2020-09-01 14:30:00",80101,13.5,30.37,749.6,23.34,28.61
"2020-09-01 14:35:00",80102,13.5,30.34,749.6,22.99,28.38
"2020-09-01 14:40:00",80103,13.5,30.33,749.5,22.82,28.91
"2020-09-01 14:45:00",80104,13.5,30.22,749.6,22.5,30.56
"2020-09-01 14:50:00",80105,13.5,30.01,749.6,22.63,28.49
"2020-09-01 14:55:00",80106,13.5,29.85,749.5,22.68,29.63
"2020-09-01 15:00:00",80107,13.5,29.66,749.6,22.05,30.96
"2020-09-01 15:05:00",80108,13.5,29.47,749.5,22.08,30.96
"2020-09-01 15:10:00",80109,13.5,29.29,749.6,22.63,30.03
"2020-09-01 15:15:00",80110,13.5,29.13,749.5,22,30.92
"2020-09-01 15:20:00",80111,13.5,28.88,749.4,21.97,30.51
"2020-09-01 15:25:00",80112,13.5,28.63,749.4,21.82,31.37
"2020-09-01 15:30:00",80113,13.5,28.38,749.5,21.52,31.01
"2020-09-01 15:35:00",80114,13.5,28.14,749.6,21.89,31.08
"2020-09-01 15:40:00",80115,13.5,27.97,749.5,21.87,31.44
"2020-09-01 15:45:00",80116,13.52,27.91,749.5,22.07,31.06
"2020-09-01 15:50:00",80117,13.52,27.92,749.7,21.68,31.26
"2020-09-01 15:55:00",80118,13.52,27.87,749.6,21.56,31.21
"2020-09-01 16:00:00",80119,13.52,27.78,749.7,21.73,30.76
"2020-09-01 16:05:00",80120,13.52,27.75,749.7,22.01,30.55
"2020-09-01 16:10:00",80121,13.52,27.73,749.7,21.81,30.84
"2020-09-01 16:15:00",80122,13.52,27.67,749.8,21.27,32.09
"2020-09-01 16:20:00",80123,13.52,27.51,749.8,21.56,31.68
"2020-09-01 16:25:00",80124,13.52,27.33,749.7,21.06,32.5
"2020-09-01 16:30:00",80125,13.52,27.15,749.6,20.98,32.89
"2020-09-01 16:35:00",80126,13.52,26.98,749.7,21.05,32.57
"2020-09-01 16:40:00",80127,13.52,26.83,749.8,20.62,33.56
"2020-09-01 16:45:00",80128,13.52,26.7,749.7,20.58,34.18
"2020-09-01 16:50:00",80129,13.55,26.61,749.8,20.56,34.11
"2020-09-01 16:55:00",80130,13.55,26.49,749.9,20.24,34.94
"2020-09-01 17:00:00",80131,13.55,26.28,749.9,20.04,35.41
"2020-09-01 17:05:00",80132,13.55,26.01,749.9,19.86,35.66
"2020-09-01 17:10:00",80133,13.55,25.79,749.8,20.06,35.45
"2020-09-01 17:15:00",80134,13.57,25.56,749.9,19.81,35.62
"2020-09-01 17:20:00",80135,13.57,25.1,749.8,19.62,35.47
"2020-09-01 17:25:00",80136,13.44,24.37,749.8,19.47,35.92
"2020-09-01 17:30:00",80137,13.31,23.9,750,19.5,36.18
"2020-09-01 17:35:00",80138,13.65,24.14,750,19.62,35.87
"2020-09-01 17:40:00",80139,13.38,24,750,19.61,36.32
"2020-09-01 17:45:00",80140,13.18,23.51,750,19.54,36.05
"2020-09-01 17:50:00",80141,13.12,23.25,750,19.65,35.11
"2020-09-01 17:55:00",80142,13.08,23.04,750,19.55,35.79
"2020-09-01 18:00:00",80143,13.03,22.89,750,19.47,35.78
"2020-09-01 18:05:00",80144,13,22.71,750,19.52,34.74
"2020-09-01 18:10:00",80145,12.98,22.54,750,19.68,34.2
"2020-09-01 18:15:00",80146,12.97,22.38,750,19.66,33.77
"2020-09-01 18:20:00",80147,12.96,22.2,750,19.48,34.34
"2020-09-01 18:25:00",80148,12.95,22.02,750.1,19.56,34.41
"2020-09-01 18:30:00",80149,12.95,21.78,750,18.82,37.16
"2020-09-01 18:35:00",80150,12.95,21.58,749.9,18.55,38.33
"2020-09-01 18:40:00",80151,12.95,21.35,749.9,18.16,39.68
"2020-09-01 18:45:00",80152,12.94,21.09,749.9,18.09,39.51
"2020-09-01 18:50:00",80153,12.94,20.86,750,17.9,40.49
"2020-09-01 18:55:00",80154,12.93,20.64,749.9,17.7,41.3
"2020-09-01 19:00:00",80155,12.93,20.45,749.9,18.03,38.89
"2020-09-01 19:05:00",80156,12.93,20.29,749.9,18.09,38.83
"2020-09-01 19:10:00",80157,12.93,20.19,749.9,18.08,38.77
"2020-09-01 19:15:00",80158,12.92,20.07,750,17.78,39.93
"2020-09-01 19:20:00",80159,12.92,19.94,750.2,17.57,40.45
"2020-09-01 19:25:00",80160,12.92,19.81,750.1,17.81,39.87
"2020-09-01 19:30:00",80161,12.92,19.69,750.1,17.61,40.81
"2020-09-01 19:35:00",80162,12.92,19.58,750.1,17.57,40.71
"2020-09-01 19:40:00",80163,12.91,19.49,750.2,17.55,40.55
"2020-09-01 19:45:00",80164,12.91,19.39,750.2,17.99,39.21
"2020-09-01 19:50:00",80165,12.91,19.36,750.2,17.85,40.16
"2020-09-01 19:55:00",80166,12.9,19.33,750.2,17.5,41.18
"2020-09-01 20:00:00",80167,12.9,19.27,750.2,17.25,42.18
"2020-09-01 20:05:00",80168,12.9,19.19,750.2,17.11,42.83
"2020-09-01 20:10:00",80169,12.9,19.11,750.4,17.11,43.02
"2020-09-01 20:15:00",80170,12.89,19.02,750.4,16.97,44.34
"2020-09-01 20:20:00",80171,12.89,18.96,750.5,17.41,42.23
"2020-09-01 20:25:00",80172,12.89,18.92,750.5,17.42,42.39
"2020-09-01 20:30:00",80173,12.89,18.88,750.6,17.22,43.19
"2020-09-01 20:35:00",80174,12.88,18.82,750.8,17.05,43.65
"2020-09-01 20:40:00",80175,12.89,18.75,750.9,17.07,44.16
"2020-09-01 20:45:00",80176,12.88,18.67,750.9,17.09,44.42
"2020-09-01 20:50:00",80177,12.88,18.6,750.9,17.07,44.61
"2020-09-01 20:55:00",80178,12.88,18.52,751,17.19,43.98
"2020-09-01 21:00:00",80179,12.88,18.47,751,17.07,44.42
"2020-09-01 21:05:00",80180,12.88,18.44,751.1,17.23,43.61
"2020-09-01 21:10:00",80181,12.87,18.41,751.1,17.11,43.6
"2020-09-01 21:15:00",80182,12.87,18.38,751.2,16.9,43.63
"2020-09-01 21:20:00",80183,12.87,18.34,751.2,17.15,43.03
"2020-09-01 21:25:00",80184,12.87,18.33,751.2,17.29,42.79
"2020-09-01 21:30:00",80185,12.87,18.34,751.2,17.2,43.1
"2020-09-01 21:35:00",80186,12.87,18.33,751.2,17.22,43.1
"2020-09-01 21:40:00",80187,12.87,18.31,751.2,17.16,43.22
"2020-09-01 21:45:00",80188,12.86,18.28,751.2,16.99,43.42
"2020-09-01 21:50:00",80189,12.86,18.24,751.3,17.01,43.39
"2020-09-01 21:55:00",80190,12.86,18.19,751.3,16.9,43.41
"2020-09-01 22:00:00",80191,12.86,18.15,751.4,16.85,43.5
"2020-09-01 22:05:00",80192,12.86,18.07,751.5,16.39,45.35
"2020-09-01 22:10:00",80193,12.86,18.01,751.4,16.23,46.02
"2020-09-01 22:15:00",80194,12.85,17.92,751.5,16.08,46.44
"2020-09-01 22:20:00",80195,12.85,17.81,751.5,16.01,47.15
"2020-09-01 22:25:00",80196,12.85,17.72,751.5,15.92,48.67
"2020-09-01 22:30:00",80197,12.85,17.64,751.5,15.88,49.13
"2020-09-01 22:35:00",80198,12.85,17.55,751.6,15.78,49.52
"2020-09-01 22:40:00",80199,12.85,17.46,751.6,15.7,49.7
"2020-09-01 22:45:00",80200,12.84,17.38,751.6,15.63,50.12
"2020-09-01 22:50:00",80201,12.84,17.27,751.6,15.55,50.17
"2020-09-01 22:55:00",80202,12.84,17.18,751.7,15.36,50.86
"2020-09-01 23:00:00",80203,12.84,17.07,751.8,14.94,52.43
"2020-09-01 23:05:00",80204,12.84,16.92,751.9,14.6,53.7
"2020-09-01 23:10:00",80205,12.83,16.75,751.9,14.53,54.36
"2020-09-01 23:15:00",80206,12.83,16.61,751.9,14.69,52.24
"2020-09-01 23:20:00",80207,12.83,16.5,751.9,15.04,51.3
"2020-09-01 23:25:00",80208,12.83,16.43,751.9,15.03,51.27
"2020-09-01 23:30:00",80209,12.83,16.38,751.9,15.13,50.79
"2020-09-01 23:35:00",80210,12.83,16.36,751.8,15.25,49.6
"2020-09-01 23:40:00",80211,12.83,16.39,751.9,15.41,49.22
"2020-09-01 23:45:00",80212,12.83,16.42,751.8,15.18,49.56
"2020-09-01 23:50:00",80213,12.82,16.45,751.8,15.1,49.37
"2020-09-01 23:55:00",80214,12.82,16.32,751.8,15.04,49.3
"2020-09-02 00:00:00",80215,12.82,16.47,751.7,15.06,49.39
"2020-09-02 00:05:00",80216,12.82,16.44,751.7,15.1,49.46
"2020-09-02 00:10:00",80217,12.82,16.42,751.7,14.81,50.88
"2020-09-02 00:15:00",80218,12.82,16.36,751.7,14.45,51.96
"2020-09-02 00:20:00",80219,12.82,16.26,751.6,14.24,52.36
"2020-09-02 00:25:00",80220,12.82,16.17,751.5,14.1,55.72
"2020-09-02 00:30:00",80221,12.81,16.06,751.5,13.9,55.99
"2020-09-02 00:35:00",80222,12.81,15.96,751.6,13.77,55.58
"2020-09-02 00:40:00",80223,12.81,15.86,751.5,13.74,55.9
"2020-09-02 00:45:00",80224,12.81,15.78,751.5,13.87,55.44
"2020-09-02 00:50:00",80225,12.81,15.7,751.5,13.95,54.97
"2020-09-02 00:55:00",80226,12.8,15.65,751.4,13.84,55.1
"2020-09-02 01:00:00",80227,12.8,15.59,751.4,13.66,55.44
"2020-09-02 01:05:00",80228,12.8,15.51,751.3,13.53,56.3
"2020-09-02 01:10:00",80229,12.8,15.4,751.3,13.37,57.71
"2020-09-02 01:15:00",80230,12.8,15.29,751.3,13.37,56.15
"2020-09-02 01:20:00",80231,12.79,15.2,751.2,13.33,56.02
"2020-09-02 01:25:00",80232,12.79,15.14,751.2,13.53,55.15
"2020-09-02 01:30:00",80233,12.79,15.09,751.2,13.58,54.79
"2020-09-02 01:35:00",80234,12.79,15.07,751.2,13.43,56.61
"2020-09-02 01:40:00",80235,12.79,15.03,751.1,13.11,57.4
"2020-09-02 01:45:00",80236,12.79,14.95,751.1,12.96,59.14
"2020-09-02 01:50:00",80237,12.78,14.86,751.1,12.91,61.59
"2020-09-02 01:55:00",80238,12.78,14.79,751.1,12.8,59.77
"2020-09-02 02:00:00",80239,12.78,14.68,751.1,12.84,57.96
"2020-09-02 02:05:00",80240,12.78,14.59,751,12.84,57.63
"2020-09-02 02:10:00",80241,12.78,14.51,751,12.86,59.93
"2020-09-02 02:15:00",80242,12.77,14.46,751,13.32,55.48
"2020-09-02 02:20:00",80243,12.77,14.42,751,12.91,57.64
"2020-09-02 02:25:00",80244,12.77,14.39,751,14.66,48.81
"2020-09-02 02:30:00",80245,12.77,14.47,750.9,14.95,47.36
"2020-09-02 02:35:00",80246,12.77,14.59,750.9,15.13,44.69
"2020-09-02 02:40:00",80247,12.76,14.7,750.9,15.52,44.04
"2020-09-02 02:45:00",80248,12.76,14.85,750.9,15.21,44.63
"2020-09-02 02:50:00",80249,12.76,14.95,750.9,15.02,45.24
"2020-09-02 02:55:00",80250,12.76,15.01,750.9,14.51,47.83
"2020-09-02 03:00:00",80251,12.75,15.04,751,13.43,52.09
"2020-09-02 03:05:00",80252,12.75,15,750.9,12.64,55.62
"2020-09-02 03:10:00",80253,12.75,14.9,751,12.31,57.58
"2020-09-02 03:15:00",80254,12.75,14.76,751,12.22,58.4
"2020-09-02 03:20:00",80255,12.75,14.59,751,12.07,58.88
"2020-09-02 03:25:00",80256,12.74,14.42,750.9,11.89,60.18
"2020-09-02 03:30:00",80257,12.74,14.26,750.9,12.1,59.74
"2020-09-02 03:35:00",80258,12.74,14.12,750.8,12,60.02
"2020-09-02 03:40:00",80259,12.74,13.98,750.9,11.96,59.84
"2020-09-02 03:45:00",80260,12.73,13.86,750.8,12,59.52
"2020-09-02 03:50:00",80261,12.73,13.75,750.9,12.12,59.19
"2020-09-02 03:55:00",80262,12.73,13.66,750.9,12.31,58.32
"2020-09-02 04:00:00",80263,12.73,13.61,750.9,12.29,58.38
"2020-09-02 04:05:00",80264,12.72,13.54,750.9,12.18,58.84
"2020-09-02 04:10:00",80265,12.72,13.5,751.1,12.15,59.22
"2020-09-02 04:15:00",80266,12.72,13.43,751,12.14,59.22
"2020-09-02 04:20:00",80267,12.71,13.36,751,11.79,60.52
"2020-09-02 04:25:00",80268,12.71,13.31,750.9,11.92,59.83
"2020-09-02 04:30:00",80269,12.71,13.25,750.9,11.83,60.32
"2020-09-02 04:35:00",80270,12.7,13.21,750.9,11.81,60.38
"2020-09-02 04:40:00",80271,12.7,13.17,750.9,12,59.67
"2020-09-02 04:45:00",80272,12.7,13.13,750.9,11.91,60.13
"2020-09-02 04:50:00",80273,12.69,13.12,750.9,11.33,63.67
"2020-09-02 04:55:00",80274,12.69,13.06,751,10.67,65.52
"2020-09-02 05:00:00",80275,12.69,12.96,751,10.71,65.76
"2020-09-02 05:05:00",80276,12.69,12.85,751.1,10.57,65.85
"2020-09-02 05:10:00",80277,12.68,12.71,751.2,10.44,66.95
"2020-09-02 05:15:00",80278,12.68,12.58,751.1,10.82,64.6
"2020-09-02 05:20:00",80279,12.67,12.48,751.2,11.3,62.67
"2020-09-02 05:25:00",80280,12.67,12.41,751.2,11.41,62.28
"2020-09-02 05:30:00",80281,12.67,12.35,751.3,10.89,64.23
"2020-09-02 05:35:00",80282,12.66,12.28,751.4,10.42,66.6
"2020-09-02 05:40:00",80283,12.66,12.21,751.3,10.41,66.71
"2020-09-02 05:45:00",80284,12.65,12.14,751.4,10.75,65.13
"2020-09-02 05:50:00",80285,12.65,12.1,751.4,10.58,65.91
"2020-09-02 05:55:00",80286,12.65,12.06,751.5,10.31,67.01
"2020-09-02 06:00:00",80287,12.65,12,751.6,10.16,67.67
"2020-09-02 06:05:00",80288,12.64,11.95,751.6,10.2,67.65
"2020-09-02 06:10:00",80289,12.64,11.89,751.7,10.22,67.31
"2020-09-02 06:15:00",80290,12.63,11.83,751.7,10.22,67.57
"2020-09-02 06:20:00",80291,12.63,11.78,751.8,10.37,66.96
"2020-09-02 06:25:00",80292,12.62,11.79,751.8,10.3,66.84
"2020-09-02 06:30:00",80293,12.63,11.79,751.8,10.31,66.52
"2020-09-02 06:35:00",80294,12.63,11.8,751.9,10.31,66.09
"2020-09-02 06:40:00",80295,12.64,11.78,751.8,10.16,66.67
"2020-09-02 06:45:00",80296,12.65,11.78,751.8,10.02,67.16
"2020-09-02 06:50:00",80297,12.67,11.78,751.9,10.4,65.62
"2020-09-02 06:55:00",80298,12.89,11.95,752,10.74,64.98
"2020-09-02 07:00:00",80299,13.09,12.18,752.1,10.83,64.68
"2020-09-02 07:05:00",80300,13.31,12.47,752.1,11.16,63.29
"2020-09-02 07:10:00",80301,13.51,12.84,752.2,12.08,60.24
"2020-09-02 07:15:00",80302,13.63,13.31,752.2,12.7,57.58
"2020-09-02 07:20:00",80303,13.72,13.89,752.3,12.96,55.64
"2020-09-02 07:25:00",80304,13.78,14.52,752.3,12.47,57.84
"2020-09-02 07:30:00",80305,13.85,15.19,752.3,12.46,58.14
"2020-09-02 07:35:00",80306,13.93,15.87,752.3,12.7,58.17
"2020-09-02 07:40:00",80307,13.87,17.36,752.4,13.59,55.76
"2020-09-02 07:45:00",80308,13.78,18.4,752.3,13.99,53.67
"2020-09-02 07:50:00",80309,13.78,19.19,752.3,14.21,52.36
"2020-09-02 07:55:00",80310,13.75,19.74,752.4,14.95,49.84
"2020-09-02 08:00:00",80311,13.72,20.42,752.4,15.4,48.26
"2020-09-02 08:05:00",80312,13.72,21.02,752.5,15.32,48.28
"2020-09-02 08:10:00",80313,13.73,21.61,752.5,16.06,45.84
"2020-09-02 08:15:00",80314,13.7,22.22,752.5,17.19,43.6
"2020-09-02 08:20:00",80315,13.67,22.91,752.5,16.93,44.65
"2020-09-02 08:25:00",80316,13.67,23.53,752.5,16.2,45.48
"2020-09-02 08:30:00",80317,13.67,24.06,752.5,16.9,46.16
"2020-09-02 08:35:00",80318,13.64,24.51,752.4,17.85,41.8
"2020-09-02 08:40:00",80319,13.65,25.01,752.5,18.62,40.63
"2020-09-02 08:45:00",80320,13.62,25.58,752.5,18.66,39.64
"2020-09-02 08:50:00",80321,13.62,26.09,752.4,18.7,36.49
"2020-09-02 08:55:00",80322,13.62,26.6,752.4,18.55,41.43
"2020-09-02 09:00:00",80323,13.59,26.96,752.4,17.95,39.79
"2020-09-02 09:05:00",80324,13.59,27.22,752.5,18.15,38.61
"2020-09-02 09:10:00",80325,13.59,27.52,752.5,18.83,36.99
"2020-09-02 09:15:00",80326,13.6,27.84,752.5,19.13,36.21
"2020-09-02 09:20:00",80327,13.57,28.11,752.5,18.54,38.4
"2020-09-02 09:25:00",80328,13.57,28.36,752.5,18.53,37.45
"2020-09-02 09:30:00",80329,13.57,28.61,752.4,19.53,34.68
"2020-09-02 09:35:00",80330,13.57,28.88,752.4,19.26,34.45
"2020-09-02 09:40:00",80331,13.55,29.08,752.4,19.79,34.17
"2020-09-02 09:45:00",80332,13.55,29.38,752.5,20.3,34.62
"2020-09-02 09:50:00",80333,13.55,29.68,752.5,19.99,34.65
"2020-09-02 09:55:00",80334,13.55,29.96,752.5,20.26,33.46
"2020-09-02 10:00:00",80335,13.53,30.21,752.5,20.39,32.11
"2020-09-02 10:05:00",80336,13.53,30.45,752.4,21.17,31.38
"2020-09-02 10:10:00",80337,13.53,30.69,752.3,20.19,31.1
"2020-09-02 10:15:00",80338,13.53,30.81,752.3,19.86,32.3
"2020-09-02 10:20:00",80339,13.53,30.92,752.2,20.67,31.07
"2020-09-02 10:25:00",80340,13.53,31.01,752.2,19.61,32.61
"2020-09-02 10:30:00",80341,13.53,31.05,752.1,20.48,30.86
"2020-09-02 10:35:00",80342,13.53,31.12,751.9,20.59,30.8
"2020-09-02 10:40:00",80343,13.51,31.13,751.9,21.55,29.14
"2020-09-02 10:45:00",80344,13.51,31.18,751.7,22.15,27.91
"2020-09-02 10:50:00",80345,13.51,31.37,751.7,21.8,28.01
"2020-09-02 10:55:00",80346,13.51,31.55,751.6,21.66,27.8
"2020-09-02 11:00:00",80347,13.51,31.71,751.4,21.56,28.26
"2020-09-02 11:05:00",80348,13.51,31.84,751.3,22.22,27.84
"2020-09-02 11:10:00",80349,13.51,31.94,751.2,22.31,27.68
"2020-09-02 11:15:00",80350,13.51,32.07,751.1,21.99,28.3
"2020-09-02 11:20:00",80351,13.51,32.12,751,21.39,29.06
"2020-09-02 11:25:00",80352,13.51,32.09,750.9,21.56,28.67
"2020-09-02 11:30:00",80353,13.49,32.05,750.8,22.15,28.18
"2020-09-02 11:35:00",80354,13.49,32.11,750.8,22.17,28.31
"2020-09-02 11:40:00",80355,13.49,32.09,750.7,23.08,26.96
"2020-09-02 11:45:00",80356,13.49,32.06,750.6,23.39,26.41
"2020-09-02 11:50:00",80357,13.49,32.07,750.4,22.29,27.78
"2020-09-02 11:55:00",80358,13.49,32.02,750.4,22.6,28.08
"2020-09-02 12:00:00",80359,13.49,31.9,750.3,22.1,29.72
"2020-09-02 12:05:00",80360,13.49,31.79,750.3,23.01,27.77
"2020-09-02 12:10:00",80361,13.49,31.7,750.1,22.89,29.11
"2020-09-02 12:15:00",80362,13.49,31.7,750,24.02,27.1
"2020-09-02 12:20:00",80363,13.49,31.81,749.9,24,25.98
"2020-09-02 12:25:00",80364,13.49,31.87,749.8,23.42,26.85
"2020-09-02 12:30:00",80365,13.49,31.83,749.7,22.99,28.04
"2020-09-02 12:35:00",80366,13.49,31.73,749.6,23.39,27.33
"2020-09-02 12:40:00",80367,13.49,31.67,749.4,23.29,27.32
"2020-09-02 12:45:00",80368,13.49,31.58,749.3,22.63,27.88
"2020-09-02 12:50:00",80369,13.49,31.34,749.2,22.21,29.26
"2020-09-02 12:55:00",80370,13.49,31,749.1,22.77,28.43
"2020-09-02 13:00:00",80371,13.49,30.7,749,22.7,28.86
"2020-09-02 13:05:00",80372,13.49,30.44,749,22.43,29.21
"2020-09-02 13:10:00",80373,13.49,30.29,748.9,22.65,29.09
"2020-09-02 13:15:00",80374,13.49,30.23,748.8,23.03,28.99
"2020-09-02 13:20:00",80375,13.5,30.26,748.8,22.61,28.28
"2020-09-02 13:25:00",80376,13.5,30.29,748.7,24.03,26.36
"2020-09-02 13:30:00",80377,13.5,30.42,748.6,24.39,25.7
"2020-09-02 13:35:00",80378,13.5,30.61,748.5,24.11,26.57
"2020-09-02 13:40:00",80379,13.5,30.81,748.4,25.98,23.89
"2020-09-02 13:45:00",80380,13.5,31.07,748.3,25.72,24.84
"2020-09-02 13:50:00",80381,13.5,31.32,748.2,24.39,23.65
"2020-09-02 13:55:00",80382,13.5,31.43,748.1,23.27,26.03
"2020-09-02 14:00:00",80383,13.5,31.37,748.1,23.34,25.76
"2020-09-02 14:05:00",80384,13.5,31.27,748,24.25,24.94
"2020-09-02 14:10:00",80385,13.5,31.25,747.8,23.68,27.42
"2020-09-02 14:15:00",80386,13.5,31.16,747.8,23.2,28.19
"2020-09-02 14:20:00",80387,13.5,30.94,747.7,22.87,28.77
"2020-09-02 14:25:00",80388,13.5,30.73,747.5,23.21,28.13
"2020-09-02 14:30:00",80389,13.5,30.53,747.5,23.37,28.75
"2020-09-02 14:35:00",80390,13.5,30.4,747.4,23.22,27.92
"2020-09-02 14:40:00",80391,13.5,30.3,747.2,23.29,28.13
"2020-09-02 14:45:00",80392,13.5,30.2,747.2,23.12,28.22
"2020-09-02 14:50:00",80393,13.5,30.06,747.1,23.36,27.46
"2020-09-02 14:55:00",80394,13.5,29.9,747.1,22.63,28.21
"2020-09-02 15:00:00",80395,13.5,29.78,746.8,22.99,27.91
"2020-09-02 15:05:00",80396,13.5,29.71,746.9,23.27,27.96
"2020-09-02 15:10:00",80397,13.5,29.66,746.7,23.09,27.17
"2020-09-02 15:15:00",80398,13.5,29.61,746.7,22.83,27.25
"2020-09-02 15:20:00",80399,13.5,29.55,746.6,23.27,26.98
"2020-09-02 15:25:00",80400,13.5,29.52,746.6,23.26,27.05
"2020-09-02 15:30:00",80401,13.5,29.5,746.6,22.68,28.29
"2020-09-02 15:35:00",80402,13.5,29.43,746.6,22.69,27.75
"2020-09-02 15:40:00",80403,13.5,29.3,746.5,22.48,29.08
"2020-09-02 15:45:00",80404,13.5,29.11,746.6,22.22,29.53
"2020-09-02 15:50:00",80405,13.5,28.92,746.6,22.65,29.16
"2020-09-02 15:55:00",80406,13.5,28.82,746.6,22.73,28.63
"2020-09-02 16:00:00",80407,13.5,28.76,746.6,22.26,29.8
"2020-09-02 16:05:00",80408,13.5,28.67,746.5,22.75,29.1
"2020-09-02 16:10:00",80409,13.5,28.6,746.5,21.97,29.88
"2020-09-02 16:15:00",80410,13.5,28.48,746.5,21.98,29.64
"2020-09-02 16:20:00",80411,13.5,28.36,746.5,21.81,29.76
"2020-09-02 16:25:00",80412,13.5,28.23,746.3,21.72,30.69
"2020-09-02 16:30:00",80413,13.5,28.09,746.3,21.73,30.83
"2020-09-02 16:35:00",80414,13.5,27.95,746.3,21.68,30.82
"2020-09-02 16:40:00",80415,13.52,27.83,746.3,21.54,31.28
"2020-09-02 16:45:00",80416,13.52,27.7,746.3,21.67,31.02
"2020-09-02 16:50:00",80417,13.52,27.6,746.2,21.69,31.49
"2020-09-02 16:55:00",80418,13.52,27.52,746.3,21.33,32.13
"2020-09-02 17:00:00",80419,13.52,27.46,746.2,21.48,30.81
"2020-09-02 17:05:00",80420,13.52,27.39,746.2,21.33,31.66
"2020-09-02 17:10:00",80421,13.52,27.27,746.2,21.01,33.06
"2020-09-02 17:15:00",80422,13.52,27.11,746.3,20.72,32.87
"2020-09-02 17:20:00",80423,13.52,26.9,746.2,20.64,32.86
"2020-09-02 17:25:00",80424,13.52,26.67,746.2,20.32,34.09
"2020-09-02 17:30:00",80425,13.55,26.43,746.3,20,34.46
"2020-09-02 17:35:00",80426,13.55,26.14,746.3,19.92,34.45
"2020-09-02 17:40:00",80427,13.54,25.46,746.4,19.87,34.08
"2020-09-02 17:45:00",80428,13.24,24.75,746.4,19.8,34.44
"2020-09-02 17:50:00",80429,13.16,24.27,746.5,19.58,34.38
"2020-09-02 17:55:00",80430,13.12,23.87,746.5,19.62,34.62
"2020-09-02 18:00:00",80431,13.07,23.56,746.6,19.4,34.7
"2020-09-02 18:05:00",80432,13.03,23.24,746.7,19.08,35.03
"2020-09-02 18:10:00",80433,13,22.95,746.7,18.83,35.59
"2020-09-02 18:15:00",80434,12.98,22.63,746.6,18.74,35.78
"2020-09-02 18:20:00",80435,12.96,22.33,746.8,18.93,35.04
"2020-09-02 18:25:00",80436,12.96,22.05,746.8,18.71,35.71
"2020-09-02 18:30:00",80437,12.96,21.75,746.9,18.41,36.66
"2020-09-02 18:35:00",80438,12.95,21.5,747,18.18,37.16
"2020-09-02 18:40:00",80439,12.95,21.24,747,17.88,38.04
"2020-09-02 18:45:00",80440,12.94,21,747.2,17.77,38.48
"2020-09-02 18:50:00",80441,12.94,20.79,747.3,17.69,39.11
"2020-09-02 18:55:00",80442,12.94,20.58,747.5,17.61,38.91
"2020-09-02 19:00:00",80443,12.94,20.38,747.4,17.75,38.57
"2020-09-02 19:05:00",80444,12.93,20.23,747.4,17.82,38.16
"2020-09-02 19:10:00",80445,12.93,20.11,747.5,17.55,39.13
"2020-09-02 19:15:00",80446,12.93,19.99,747.6,17.26,39.84
"2020-09-02 19:20:00",80447,12.92,19.84,747.6,17.01,40.58
"2020-09-02 19:25:00",80448,12.92,19.7,747.7,16.94,40.77
"2020-09-02 19:30:00",80449,12.92,19.54,747.9,16.91,40.7
"2020-09-02 19:35:00",80450,12.91,19.4,747.9,16.86,41.05
"2020-09-02 19:40:00",80451,12.91,19.27,748,16.81,40.63
"2020-09-02 19:45:00",80452,12.91,19.15,748.1,16.82,41.11
"2020-09-02 19:50:00",80453,12.91,19.03,748.1,16.62,41.82
"2020-09-02 19:55:00",80454,12.9,18.91,748.2,16.36,42.75
"2020-09-02 20:00:00",80455,12.9,18.78,748.3,16.28,42.99
"2020-09-02 20:05:00",80456,12.9,18.63,748.4,16.39,42.78
"2020-09-02 20:10:00",80457,12.9,18.53,748.5,16.5,42.38
"2020-09-02 20:15:00",80458,12.9,18.42,748.5,16.41,42.56
"2020-09-02 20:20:00",80459,12.89,18.35,748.6,16.42,42.63
"2020-09-02 20:25:00",80460,12.89,18.25,748.8,16.26,43.18
"2020-09-02 20:30:00",80461,12.89,18.17,748.8,15.97,44.35
"2020-09-02 20:35:00",80462,12.89,18.08,748.9,15.58,45.72
"2020-09-02 20:40:00",80463,12.88,17.96,749,15.29,46.78
"2020-09-02 20:45:00",80464,12.88,17.83,749.1,15.18,47.04
"2020-09-02 20:50:00",80465,12.88,17.69,749.2,15.12,47.13
"2020-09-02 20:55:00",80466,12.88,17.57,749.3,15.21,46.64
"2020-09-02 21:00:00",80467,12.87,17.45,749.4,15.42,45.67
"2020-09-02 21:05:00",80468,12.87,17.37,749.6,15.36,46.07
"2020-09-02 21:10:00",80469,12.87,17.31,749.7,15.48,45.52
"2020-09-02 21:15:00",80470,12.87,17.25,749.8,15.75,44.64
"2020-09-02 21:20:00",80471,12.87,17.23,749.9,15.48,45.61
"2020-09-02 21:25:00",80472,12.87,17.21,749.9,15.55,45.21
"2020-09-02 21:30:00",80473,12.87,17.19,750.1,15.72,44.7
"2020-09-02 21:35:00",80474,12.86,17.17,750.2,15.86,44.18
"2020-09-02 21:40:00",80475,12.86,17.14,750.3,15.84,44.39
"2020-09-02 21:45:00",80476,12.86,17.15,750.4,15.9,44.05
"2020-09-02 21:50:00",80477,12.86,17.16,750.5,15.96,43.78
"2020-09-02 21:55:00",80478,12.86,17.16,750.6,16.24,42.63
"2020-09-02 22:00:00",80479,12.85,17.19,750.6,16.06,42.96
"2020-09-02 22:05:00",80480,12.85,17.22,750.7,16,43.27
"2020-09-02 22:10:00",80481,12.85,17.22,750.7,16.07,43.6
"2020-09-02 22:15:00",80482,12.85,17.21,750.8,15.52,45.24
"2020-09-02 22:20:00",80483,12.85,17.16,750.8,15.66,45.1
"2020-09-02 22:25:00",80484,12.85,17.12,750.9,15.44,46.11
"2020-09-02 22:30:00",80485,12.85,17.07,750.9,15.5,45.93
"2020-09-02 22:35:00",80486,12.84,17.01,750.9,15.52,45.68
"2020-09-02 22:40:00",80487,12.85,16.97,750.9,15.82,44.9
"2020-09-02 22:45:00",80488,12.84,16.95,750.9,15.77,44.95
"2020-09-02 22:50:00",80489,12.84,16.94,751,15.51,45.93
"2020-09-02 22:55:00",80490,12.84,16.91,751,15.34,46.38
"2020-09-02 23:00:00",80491,12.84,16.86,751,15.32,46.72
"2020-09-02 23:05:00",80492,12.84,16.79,751,15.31,46.9
"2020-09-02 23:10:00",80493,12.83,16.73,751,15.26,47.21
"2020-09-02 23:15:00",80494,12.84,16.64,751.1,15.22,47.42
"2020-09-02 23:20:00",80495,12.83,16.55,751.1,14.35,49.89
"2020-09-02 23:25:00",80496,12.83,16.42,751.1,13.87,51.39
"2020-09-02 23:30:00",80497,12.83,16.24,751.1,13.69,51.88
"2020-09-02 23:35:00",80498,12.83,16.05,751.1,13.74,51.4
"2020-09-02 23:40:00",80499,12.82,15.86,751.1,13.88,51.12
"2020-09-02 23:45:00",80500,12.82,15.69,751.1,13.75,51.59
"2020-09-02 23:50:00",80501,12.82,15.53,751.2,13.62,52.15
"2020-09-02 23:55:00",80502,12.82,15.35,751.1,13.49,52.56
"2020-09-03 00:00:00",80503,12.82,15.2,751.2,13.37,52.94
"2020-09-03 00:05:00",80504,12.82,15.09,751.2,13.53,52.72
"2020-09-03 00:10:00",80505,12.82,14.98,751.1,13.42,53.19
"2020-09-03 00:15:00",80506,12.81,14.9,751.1,13.55,52.9
"2020-09-03 00:20:00",80507,12.81,14.82,751.1,13.56,52.94
"2020-09-03 00:25:00",80508,12.81,14.75,751,13.68,52.56
"2020-09-03 00:30:00",80509,12.81,14.7,751,13.28,53.87
"2020-09-03 00:35:00",80510,12.81,14.6,751,13.06,54.6
"2020-09-03 00:40:00",80511,12.81,14.5,751,12.92,55.45
"2020-09-03 00:45:00",80512,12.8,14.42,751,12.66,56.64
"2020-09-03 00:50:00",80513,12.8,14.31,751,12.56,56.75
"2020-09-03 00:55:00",80514,12.8,14.23,750.9,13.05,55.47
"2020-09-03 01:00:00",80515,12.8,14.16,750.8,13.09,55.23
"2020-09-03 01:05:00",80516,12.8,14,750.8,13,55.43
"2020-09-03 01:10:00",80517,12.8,14.07,750.8,12.66,56.61
"2020-09-03 01:15:00",80518,12.79,14.03,750.7,12.46,57.21
"2020-09-03 01:20:00",80519,12.79,13.94,750.7,12.1,57.75
"2020-09-03 01:25:00",80520,12.79,13.84,750.6,12.03,58.28
"2020-09-03 01:30:00",80521,12.79,13.73,750.6,11.94,58.95
"2020-09-03 01:35:00",80522,12.79,13.61,750.7,11.68,60.3
"2020-09-03 01:40:00",80523,12.78,13.48,750.6,11.74,60.07
"2020-09-03 01:45:00",80524,12.78,13.37,750.6,11.72,59.95
"2020-09-03 01:50:00",80525,12.78,13.27,750.6,11.54,60.57
"2020-09-03 01:55:00",80526,12.78,13.17,750.5,11.65,60.41
"2020-09-03 02:00:00",80527,12.77,13.08,750.5,11.89,57.96
"2020-09-03 02:05:00",80528,12.77,13.06,750.5,11.69,58.29
"2020-09-03 02:10:00",80529,12.77,13.03,750.5,11.37,59.54
"2020-09-03 02:15:00",80530,12.77,12.95,750.4,11.3,60.29
"2020-09-03 02:20:00",80531,12.77,12.89,750.4,11.3,60.14
"2020-09-03 02:25:00",80532,12.76,12.8,750.3,11.14,60.86
"2020-09-03 02:30:00",80533,12.76,12.71,750.3,10.87,61.43
"2020-09-03 02:35:00",80534,12.76,12.61,750.4,10.81,61.68
"2020-09-03 02:40:00",80535,12.76,12.49,750.3,10.51,62.94
"2020-09-03 02:45:00",80536,12.75,12.38,750.4,10.46,63.52
"2020-09-03 02:50:00",80537,12.75,12.27,750.4,10.46,64.19
"2020-09-03 02:55:00",80538,12.75,12.18,750.4,10.69,62.63
"2020-09-03 03:00:00",80539,12.75,12.09,750.4,10.27,67.92
"2020-09-03 03:05:00",80540,12.75,12.01,750.4,9.75,69.38
"2020-09-03 03:10:00",80541,12.74,11.9,750.4,9.38,70.81
"2020-09-03 03:15:00",80542,12.74,11.78,750.4,9.27,71.12
"2020-09-03 03:20:00",80543,12.74,11.64,750.4,9.42,70.45
"2020-09-03 03:25:00",80544,12.73,11.52,750.4,9.54,69.4
"2020-09-03 03:30:00",80545,12.73,11.41,750.4,9.46,68
"2020-09-03 03:35:00",80546,12.73,11.32,750.4,9.44,67.96
"2020-09-03 03:40:00",80547,12.73,11.22,750.4,9.43,67.53
"2020-09-03 03:45:00",80548,12.72,11.15,750.4,9.74,64.46
"2020-09-03 03:50:00",80549,12.72,11.13,750.4,9.96,62.53
"2020-09-03 03:55:00",80550,12.72,11.13,750.4,10.14,62.12
"2020-09-03 04:00:00",80551,12.71,11.16,750.4,10.1,60.74
"2020-09-03 04:05:00",80552,12.71,11.19,750.5,9.97,60.96
"2020-09-03 04:10:00",80553,12.71,11.2,750.5,9.81,61.57
"2020-09-03 04:15:00",80554,12.7,11.17,750.4,9.64,62.36
"2020-09-03 04:20:00",80555,12.7,11.13,750.4,9.72,62.38
"2020-09-03 04:25:00",80556,12.7,11.08,750.4,9.76,62.73
"2020-09-03 04:30:00",80557,12.69,11.02,750.4,9.49,63.5
"2020-09-03 04:35:00",80558,12.69,10.95,750.4,9.29,63.29
"2020-09-03 04:40:00",80559,12.69,10.88,750.4,9.27,64.06
"2020-09-03 04:45:00",80560,12.68,10.8,750.5,9.22,65.38
"2020-09-03 04:50:00",80561,12.68,10.72,750.5,9.03,67.43
"2020-09-03 04:55:00",80562,12.68,10.65,750.6,8.57,74.22
"2020-09-03 05:00:00",80563,12.68,10.54,750.6,7.823,74.31
"2020-09-03 05:05:00",80564,12.67,10.42,750.6,7.994,72.44
"2020-09-03 05:10:00",80565,12.67,10.29,750.7,8.23,71.31
"2020-09-03 05:15:00",80566,12.66,10.18,750.7,8.31,71.52
"2020-09-03 05:20:00",80567,12.66,10.08,750.8,8.43,71.3
"2020-09-03 05:25:00",80568,12.66,9.98,750.8,8.37,71.23
"2020-09-03 05:30:00",80569,12.65,9.9,750.8,8.33,71.72
"2020-09-03 05:35:00",80570,12.65,9.8,750.9,8.46,70.86
"2020-09-03 05:40:00",80571,12.65,9.74,750.9,8.37,71.12
"2020-09-03 05:45:00",80572,12.64,9.7,751,8.66,68.47
"2020-09-03 05:50:00",80573,12.64,9.7,751.1,8.67,66.63
"2020-09-03 05:55:00",80574,12.63,9.73,751.1,8.47,67.47
"2020-09-03 06:00:00",80575,12.63,9.72,751.2,8.53,67.23
"2020-09-03 06:05:00",80576,12.62,9.73,751.2,8.87,65.49
"2020-09-03 06:10:00",80577,12.62,9.75,751.3,8.47,67.55
"2020-09-03 06:15:00",80578,12.62,9.74,751.3,7.581,72.02
"2020-09-03 06:20:00",80579,12.61,9.72,751.4,7.44,72.61
"2020-09-03 06:25:00",80580,12.61,9.7,751.4,7.278,72.52
"2020-09-03 06:30:00",80581,12.61,9.64,751.5,7.804,70.28
"2020-09-03 06:35:00",80582,12.62,9.61,751.4,8.15,68.69
"2020-09-03 06:40:00",80583,12.63,9.61,751.5,8.12,68.82
"2020-09-03 06:45:00",80584,12.69,9.64,751.5,8.46,68.46
"2020-09-03 06:50:00",80585,12.79,9.77,751.6,8.53,68.33
"2020-09-03 06:55:00",80586,12.81,9.92,751.7,8.7,68.68
"2020-09-03 07:00:00",80587,12.9,10.13,751.8,8.81,68.41
"2020-09-03 07:05:00",80588,12.94,10.32,751.8,8.8,68.95
"2020-09-03 07:10:00",80589,13.33,10.68,751.8,8.96,68.44
"2020-09-03 07:15:00",80590,13.65,11.16,751.9,9.42,66.79
"2020-09-03 07:20:00",80591,13.71,11.66,751.9,10.14,64.01
"2020-09-03 07:25:00",80592,13.79,12.07,751.9,10.43,62.82
"2020-09-03 07:30:00",80593,13.91,12.79,752,10.73,61.73
"2020-09-03 07:35:00",80594,13.87,14.28,752.1,11.19,59.95
"2020-09-03 07:40:00",80595,13.87,15.45,752.1,11.87,57.24
"2020-09-03 07:45:00",80596,13.84,16.28,752.2,11.86,56.82
"2020-09-03 07:50:00",80597,13.81,16.96,752.2,11.45,57.86
"2020-09-03 07:55:00",80598,13.81,17.6,752.2,12.22,55.83
"2020-09-03 08:00:00",80599,13.78,18.2,752.3,12.83,53.02
"2020-09-03 08:05:00",80600,13.78,18.87,752.3,12.72,53.7
"2020-09-03 08:10:00",80601,13.75,19.48,752.3,13.59,51.44
"2020-09-03 08:15:00",80602,13.76,20.12,752.3,13.95,49.62
"2020-09-03 08:20:00",80603,13.73,20.7,752.3,15.26,46.18
"2020-09-03 08:25:00",80604,13.73,21.34,752.2,14.62,47.13
"2020-09-03 08:30:00",80605,13.7,21.89,752.3,14.67,47.54
"2020-09-03 08:35:00",80606,13.7,22.35,752.3,15.14,46.95
"2020-09-03 08:40:00",80607,13.67,22.81,752.3,15.38,45.85
"2020-09-03 08:45:00",80608,13.68,23.24,752.3,14.94,47.73
"2020-09-03 08:50:00",80609,13.68,23.63,752.4,14.76,47.83
"2020-09-03 08:55:00",80610,13.68,23.97,752.4,15.47,44.79
"2020-09-03 09:00:00",80611,13.65,24.31,752.3,16.39,43.57
"2020-09-03 09:05:00",80612,13.65,24.65,752.3,16.85,41.02
"2020-09-03 09:10:00",80613,13.65,25.28,752.3,17.95,37.98
"2020-09-03 09:15:00",80614,13.62,25.79,752.3,17.83,38.38
"2020-09-03 09:20:00",80615,13.62,26.3,752.3,17.98,37.75
"2020-09-03 09:25:00",80616,13.6,26.79,752.2,17.62,38.39
"2020-09-03 09:30:00",80617,13.6,27.16,752.3,17.29,39.33
"2020-09-03 09:35:00",80618,13.6,27.46,752.2,18.21,38.2
"2020-09-03 09:40:00",80619,13.57,27.76,752.2,17.98,36.26
"2020-09-03 09:45:00",80620,13.57,28.01,752.1,18.21,34.48
"2020-09-03 09:50:00",80621,13.57,28.26,752.1,18.09,36.3
"2020-09-03 09:55:00",80622,13.57,28.48,752.1,18.36,36.33
"2020-09-03 10:00:00",80623,13.57,28.69,752,18.31,36.65
"2020-09-03 10:05:00",80624,13.55,28.88,752,18.8,35.59
"2020-09-03 10:10:00",80625,13.55,29.04,751.9,18.88,35.66
"2020-09-03 10:15:00",80626,13.55,29.24,751.9,18.74,36.04
"2020-09-03 10:20:00",80627,13.55,29.41,751.9,18.83,35.33
"2020-09-03 10:25:00",80628,13.55,29.53,751.8,19.1,35.29
"2020-09-03 10:30:00",80629,13.55,29.71,751.7,18.9,34.65
"2020-09-03 10:35:00",80630,13.55,29.89,751.7,19.19,33.19
"2020-09-03 10:40:00",80631,13.53,30.02,751.6,19.85,31.53
"2020-09-03 10:45:00",80632,13.53,30.18,751.5,20.62,31.93
"2020-09-03 10:50:00",80633,13.53,30.4,751.5,21.01,28.76
"2020-09-03 10:55:00",80634,13.53,30.54,751.4,20.51,31.29
"2020-09-03 11:00:00",80635,13.53,30.6,751.3,20.62,28.53
"2020-09-03 11:05:00",80636,13.53,30.63,751.2,21.14,27.49
"2020-09-03 11:10:00",80637,13.53,30.7,751.1,20.92,25.75
"2020-09-03 11:15:00",80638,13.51,30.73,751,20.46,27.07
"2020-09-03 11:20:00",80639,13.51,30.66,750.8,20.88,24.67
"2020-09-03 11:25:00",80640,13.51,30.63,750.7,22.15,23.08
"2020-09-03 11:30:00",80641,13.51,30.75,750.6,21.46,23.89
"2020-09-03 11:35:00",80642,13.51,30.8,750.5,21.72,23.6
"2020-09-03 11:40:00",80643,13.51,30.84,750.4,22.61,20.26
"2020-09-03 11:45:00",80644,13.51,30.95,750.3,22.63,19.47
"2020-09-03 11:50:00",80645,13.51,31.05,750.2,23.59,17.47
"2020-09-03 11:55:00",80646,13.51,31.22,750.1,23.25,18.53
"2020-09-03 12:00:00",80647,13.52,31.36,750,22.68,21.06
"2020-09-03 12:05:00",80648,13.52,31.42,749.9,22.65,19.75
"2020-09-03 12:10:00",80649,13.52,31.43,749.8,23.69,18.52
"2020-09-03 12:15:00",80650,13.52,31.49,749.7,24.27,18.21
"2020-09-03 12:20:00",80651,13.52,31.64,749.6,24.01,19.69
"2020-09-03 12:25:00",80652,13.49,31.73,749.5,23.59,20.56
"2020-09-03 12:30:00",80653,13.49,31.77,749.4,23.6,21.25
"2020-09-03 12:35:00",80654,13.49,31.81,749.3,24.47,19.44
"2020-09-03 12:40:00",80655,13.49,31.89,749.2,24.49,17.98
"2020-09-03 12:45:00",80656,13.49,31.98,749.1,24.38,16.36
"2020-09-03 12:50:00",80657,13.49,32.05,748.9,24.88,15.62
"2020-09-03 12:55:00",80658,13.5,32.13,748.8,24.79,16.49
"2020-09-03 13:00:00",80659,13.5,32.2,748.7,25.01,11.88
"2020-09-03 13:05:00",80660,13.5,32.23,748.6,24.91,14
"2020-09-03 13:10:00",80661,13.5,32.24,748.4,25.01,14.36
"2020-09-03 13:15:00",80662,13.5,32.28,748.3,25.16,14.51
"2020-09-03 13:20:00",80663,13.5,32.29,748.2,25.01,14.57
"2020-09-03 13:25:00",80664,13.5,32.29,748,25.4,13.03
"2020-09-03 13:30:00",80665,13.5,32.35,747.9,25.57,13.68
"2020-09-03 13:35:00",80666,13.5,32.43,747.7,25.87,13.62
"2020-09-03 13:40:00",80667,13.5,32.45,747.6,25.31,14.51
"2020-09-03 13:45:00",80668,13.48,32.45,747.5,26.18,13.21
"2020-09-03 13:50:00",80669,13.47,32.47,747.3,26.19,12.29
"2020-09-03 13:55:00",80670,13.48,32.51,747.2,26.34,13.78
"2020-09-03 14:00:00",80671,13.47,32.6,747.1,26.51,12.73
"2020-09-03 14:05:00",80672,13.47,32.66,746.9,26.42,13.64
"2020-09-03 14:10:00",80673,13.48,32.7,746.8,25.96,13.41
"2020-09-03 14:15:00",80674,13.47,32.67,746.7,25.83,12.41
"2020-09-03 14:20:00",80675,13.47,32.66,746.6,27.03,13.03
"2020-09-03 14:25:00",80676,13.48,32.72,746.5,27,11.04
"2020-09-03 14:30:00",80677,13.47,32.8,746.4,26.87,11.1
"2020-09-03 14:35:00",80678,13.48,32.87,746.3,26.64,11.45
"2020-09-03 14:40:00",80679,13.48,32.93,746.2,26.56,11.87
"2020-09-03 14:45:00",80680,13.48,32.95,746.1,26.71,11.95
"2020-09-03 14:50:00",80681,13.48,32.72,746,26.71,11.38
"2020-09-03 14:55:00",80682,13.48,33.09,746,26.46,10.87
"2020-09-03 15:00:00",80683,13.48,33.12,745.9,26.68,10.95
"2020-09-03 15:05:00",80684,13.48,33.19,745.7,27.25,11.12
"2020-09-03 15:10:00",80685,13.47,33.31,745.7,26.66,11.66
"2020-09-03 15:15:00",80686,13.48,33.39,745.7,26.86,13.1
"2020-09-03 15:20:00",80687,13.48,33.42,745.7,26.71,12.16
"2020-09-03 15:25:00",80688,13.48,33.46,745.6,26.54,11.3
"2020-09-03 15:30:00",80689,13.47,33.53,745.6,27.52,10.7
"2020-09-03 15:35:00",80690,13.48,33.72,745.5,28.14,10.72
"2020-09-03 15:40:00",80691,13.48,33.92,745.4,27.84,10.85
"2020-09-03 15:45:00",80692,13.45,34.02,745.4,27.49,10.77
"2020-09-03 15:50:00",80693,13.45,34.1,745.4,27.37,11.19
"2020-09-03 15:55:00",80694,13.45,34.23,745.4,27.52,10.34
"2020-09-03 16:00:00",80695,13.45,34.39,745.4,27.53,12.06
"2020-09-03 16:05:00",80696,13.45,34.57,745.4,26.96,10.89
"2020-09-03 16:10:00",80697,13.45,34.64,745.3,27.66,10.7
"2020-09-03 16:15:00",80698,13.45,34.78,745.4,27.56,10.7
"2020-09-03 16:20:00",80699,13.45,34.89,745.3,27.44,11.48
"2020-09-03 16:25:00",80700,13.45,34.91,745.3,26.82,13.8
"2020-09-03 16:30:00",80701,13.45,34.81,745.3,26.73,12.02
"2020-09-03 16:35:00",80702,13.45,34.65,745.4,26.57,11.66
"2020-09-03 16:40:00",80703,13.45,34.45,745.3,26.75,11.6
"2020-09-03 16:45:00",80704,13.45,34.32,745.4,27.23,11.4
"2020-09-03 16:50:00",80705,13.45,34.32,745.4,27.27,11.83
"2020-09-03 16:55:00",80706,13.45,34.34,745.5,26.02,19.67
"2020-09-03 17:00:00",80707,13.45,34.16,745.5,25.95,19.59
"2020-09-03 17:05:00",80708,13.45,33.88,745.5,26.11,19.53
"2020-09-03 17:10:00",80709,13.45,33.56,745.5,26,19.11
"2020-09-03 17:15:00",80710,13.45,33.23,745.5,25.63,21.52
"2020-09-03 17:20:00",80711,13.45,32.87,745.6,25.63,21.21
"2020-09-03 17:25:00",80712,13.45,32.52,745.6,25.47,21.23
"2020-09-03 17:30:00",80713,13.45,32.19,745.7,25.62,22.63
"2020-09-03 17:35:00",80714,13.43,31.87,745.7,25.2,22.46
"2020-09-03 17:40:00",80715,13.39,31.35,745.8,24.75,22.91
"2020-09-03 17:45:00",80716,13.24,30.39,745.9,24.82,22.37
"2020-09-03 17:50:00",80717,13.16,29.74,746,24.51,24.13
"2020-09-03 17:55:00",80718,13.12,29.18,746,23.95,24.64
"2020-09-03 18:00:00",80719,13.09,28.69,746,24.02,24.85
"2020-09-03 18:05:00",80720,13.05,28.23,746.1,23.74,23.67
"2020-09-03 18:10:00",80721,13.02,27.78,746.2,23.7,23.46
"2020-09-03 18:15:00",80722,13.01,27.34,746.3,23.2,25.82
"2020-09-03 18:20:00",80723,13,26.93,746.3,22.96,26.07
"2020-09-03 18:25:00",80724,12.99,26.49,746.4,22.76,26.67
"2020-09-03 18:30:00",80725,12.99,26.05,746.5,22.47,27.39
"2020-09-03 18:35:00",80726,12.98,25.66,746.5,22.67,26.76
"2020-09-03 18:40:00",80727,12.98,25.33,746.5,22.49,27.22
"2020-09-03 18:45:00",80728,12.97,25.04,746.6,22.03,28.91
"2020-09-03 18:50:00",80729,12.97,24.75,746.7,21.28,31.12
"2020-09-03 18:55:00",80730,12.96,24.45,746.8,21.1,31.64
"2020-09-03 19:00:00",80731,12.96,24.18,746.9,20.95,32.03
"2020-09-03 19:05:00",80732,12.96,23.89,747,20.72,32.71
"2020-09-03 19:10:00",80733,12.95,23.62,747.1,20.56,33.02
"2020-09-03 19:15:00",80734,12.95,23.37,747.1,20.38,33.4
"2020-09-03 19:20:00",80735,12.95,23.12,747.2,20.25,33.32
"2020-09-03 19:25:00",80736,12.95,22.89,747.3,20.3,33.03
"2020-09-03 19:30:00",80737,12.94,22.69,747.4,20.3,32.87
"2020-09-03 19:35:00",80738,12.94,22.51,747.5,19.85,34.47
"2020-09-03 19:40:00",80739,12.93,22.33,747.6,19.64,35.08
"2020-09-03 19:45:00",80740,12.93,22.16,747.7,19.52,35.59
"2020-09-03 19:50:00",80741,12.93,21.99,747.8,19.36,36.17
"2020-09-03 19:55:00",80742,12.93,21.82,747.8,19.3,36.26
"2020-09-03 20:00:00",80743,12.92,21.64,748,19.14,37.03
"2020-09-03 20:05:00",80744,12.92,21.47,748,19.06,37.64
"2020-09-03 20:10:00",80745,12.92,21.34,748.1,18.94,37.82
"2020-09-03 20:15:00",80746,12.92,21.19,748.2,18.92,37.65
"2020-09-03 20:20:00",80747,12.91,21.04,748.3,18.7,38.25
"2020-09-03 20:25:00",80748,12.91,20.91,748.5,19.04,35.28
"2020-09-03 20:30:00",80749,12.91,20.83,748.5,19.1,35.72
"2020-09-03 20:35:00",80750,12.91,20.78,748.6,18.8,37.42
"2020-09-03 20:40:00",80751,12.9,20.73,748.8,18.89,37.49
"2020-09-03 20:45:00",80752,12.9,20.68,748.9,18.71,38.31
"2020-09-03 20:50:00",80753,12.9,20.63,749,18.55,38.72
"2020-09-03 20:55:00",80754,12.9,20.54,749.1,18.21,39.81
"2020-09-03 21:00:00",80755,12.89,20.44,749.3,17.97,40.3
"2020-09-03 21:05:00",80756,12.89,20.31,749.3,18.05,39.7
"2020-09-03 21:10:00",80757,12.89,20.19,749.5,18.21,39.14
"2020-09-03 21:15:00",80758,12.89,20.08,749.4,18.35,38.67
"2020-09-03 21:20:00",80759,12.88,20.01,749.5,18.45,38.48
"2020-09-03 21:25:00",80760,12.88,19.93,749.6,18.54,38.14
"2020-09-03 21:30:00",80761,12.88,19.86,749.7,18.41,38.84
"2020-09-03 21:35:00",80762,12.88,19.78,749.8,17.59,41.32
"2020-09-03 21:40:00",80763,12.88,19.64,750,17.6,41.42
"2020-09-03 21:45:00",80764,12.88,19.49,750.1,17.62,40.84
"2020-09-03 21:50:00",80765,12.87,19.37,750.1,17.7,40.98
"2020-09-03 21:55:00",80766,12.87,19.28,750.2,17.69,41.08
"2020-09-03 22:00:00",80767,12.87,19.19,750.3,17.61,41.39
"2020-09-03 22:05:00",80768,12.87,19.11,750.3,17.53,41.67
"2020-09-03 22:10:00",80769,12.87,19.03,750.4,17.36,42.22
"2020-09-03 22:15:00",80770,12.86,18.93,750.5,17.04,43.14
"2020-09-03 22:20:00",80771,12.86,18.81,750.6,16.99,43.46
"2020-09-03 22:25:00",80772,12.86,18.69,750.8,16.73,44.25
"2020-09-03 22:30:00",80773,12.86,18.56,750.9,16.48,44.66
"2020-09-03 22:35:00",80774,12.86,18.43,750.9,16.45,45.57
"2020-09-03 22:40:00",80775,12.86,18.3,750.9,16.21,45.57
"2020-09-03 22:45:00",80776,12.85,18.17,750.9,16.46,45.04
"2020-09-03 22:50:00",80777,12.85,18.06,750.9,16.89,43.89
"2020-09-03 22:55:00",80778,12.85,18.03,751,16.87,43.88
"2020-09-03 23:00:00",80779,12.85,17.99,751,16.79,44.13
"2020-09-03 23:05:00",80780,12.85,17.95,751,16.73,44.56
"2020-09-03 23:10:00",80781,12.85,17.9,751,16.4,45.69
"2020-09-03 23:15:00",80782,12.84,17.82,751,15.93,47.05
"2020-09-03 23:20:00",80783,12.84,17.73,751,15.88,47.07
"2020-09-03 23:25:00",80784,12.84,17.63,751.1,15.66,49.44
"2020-09-03 23:30:00",80785,12.84,17.52,751.1,15.31,50.57
"2020-09-03 23:35:00",80786,12.84,17.41,751,15.52,48.12
"2020-09-03 23:40:00",80787,12.84,17.29,751,15.74,47.52
"2020-09-03 23:45:00",80788,12.83,17.21,751,15.93,46.64
"2020-09-03 23:50:00",80789,12.83,17.16,751,16.22,45.2
"2020-09-03 23:55:00",80790,12.83,17.17,751,15.86,46.91
"2020-09-04 00:00:00",80791,12.83,17.14,751,15.11,49.59
"2020-09-04 00:05:00",80792,12.83,17.07,750.9,14.76,50.62
"2020-09-04 00:10:00",80793,12.83,16.97,750.9,14.95,50.15
"2020-09-04 00:15:00",80794,12.82,16.87,750.9,14.8,50.69
"2020-09-04 00:20:00",80795,12.82,16.77,750.9,14.59,51.34
"2020-09-04 00:25:00",80796,12.82,16.66,751,14.29,52.61
"2020-09-04 00:30:00",80797,12.82,16.52,751,14.01,53.46
"2020-09-04 00:35:00",80798,12.82,16.37,750.9,14.06,53.46
"2020-09-04 00:40:00",80799,12.81,16.25,750.9,14.45,51.84
"2020-09-04 00:45:00",80800,12.82,16.17,750.8,14.6,51.4
"2020-09-04 00:50:00",80801,12.82,16.08,750.8,14.37,51.86
"2020-09-04 00:55:00",80802,12.81,16,750.8,14.53,51.48
"2020-09-04 01:00:00",80803,12.81,15.94,750.8,14.36,52.23
"2020-09-04 01:05:00",80804,12.81,15.85,750.8,14.1,52.83
"2020-09-04 01:10:00",80805,12.81,15.77,750.8,14.05,52.88
"2020-09-04 01:15:00",80806,12.8,15.68,750.8,13.88,53.35
"2020-09-04 01:20:00",80807,12.8,15.59,750.7,13.6,54.31
"2020-09-04 01:25:00",80808,12.8,15.48,750.7,13.35,55.03
"2020-09-04 01:30:00",80809,12.8,15.37,750.6,13.58,54.06
"2020-09-04 01:35:00",80810,12.79,15.27,750.6,13.59,53.52
"2020-09-04 01:40:00",80811,12.79,15.21,750.5,13.49,53.81
"2020-09-04 01:45:00",80812,12.79,15.13,750.5,13.43,54.8
"2020-09-04 01:50:00",80813,12.79,15.06,750.4,13.54,53.42
"2020-09-04 01:55:00",80814,12.79,15,750.4,13.32,54.09
"2020-09-04 02:00:00",80815,12.79,14.92,750.4,13.35,54.09
"2020-09-04 02:05:00",80816,12.78,14.85,750.4,13.13,54.76
"2020-09-04 02:10:00",80817,12.78,14.76,750.4,13.07,55.2
"2020-09-04 02:15:00",80818,12.78,14.68,750.3,13.02,55.92
"2020-09-04 02:20:00",80819,12.78,14.6,750.3,12.92,55.12
"2020-09-04 02:25:00",80820,12.78,14.52,750.4,12.74,59.2
"2020-09-04 02:30:00",80821,12.77,14.41,750.4,12.31,58.26
"2020-09-04 02:35:00",80822,12.77,14.32,750.3,12.16,59.93
"2020-09-04 02:40:00",80823,12.77,14.21,750.3,12.06,59.74
"2020-09-04 02:45:00",80824,12.77,14.09,750.3,12,59.99
"2020-09-04 02:50:00",80825,12.77,13.97,750.3,12.16,58.24
"2020-09-04 02:55:00",80826,12.76,13.89,750.3,12.74,56.48
"2020-09-04 03:00:00",80827,12.76,13.81,750.3,12.8,55.37
"2020-09-04 03:05:00",80828,12.76,13.76,750.3,12.82,55.44
"2020-09-04 03:10:00",80829,12.75,13.71,750.3,12.73,55.66
"2020-09-04 03:15:00",80830,12.75,13.66,750.3,12.66,55.38
"2020-09-04 03:20:00",80831,12.75,13.61,750.3,12.38,56.06
"2020-09-04 03:25:00",80832,12.75,13.57,750.3,12.36,56.96
"2020-09-04 03:30:00",80833,12.75,13.53,750.3,12.32,56.95
"2020-09-04 03:35:00",80834,12.74,13.52,750.2,12.02,56.24
"2020-09-04 03:40:00",80835,12.74,13.5,750.2,12,55.25
"2020-09-04 03:45:00",80836,12.74,13.47,750.2,12.14,54.46
"2020-09-04 03:50:00",80837,12.74,13.46,750.2,12.16,54.52
"2020-09-04 03:55:00",80838,12.73,13.46,750.2,12.04,54.84
"2020-09-04 04:00:00",80839,12.73,13.43,750.2,11.84,55.86
"2020-09-04 04:05:00",80840,12.73,13.39,750.2,11.83,55.98
"2020-09-04 04:10:00",80841,12.72,13.34,750.2,11.67,58.01
"2020-09-04 04:15:00",80842,12.72,13.28,750.2,11.51,59.15
"2020-09-04 04:20:00",80843,12.72,13.24,750.3,11.38,59.69
"2020-09-04 04:25:00",80844,12.71,13.18,750.2,11.33,59.95
"2020-09-04 04:30:00",80845,12.71,13.12,750.2,11.35,59.71
"2020-09-04 04:35:00",80846,12.71,13.07,750.2,11.33,59.68
"2020-09-04 04:40:00",80847,12.71,13.05,750.3,11.45,58.75
"2020-09-04 04:45:00",80848,12.7,12.99,750.3,11.43,58.75
"2020-09-04 04:50:00",80849,12.7,12.96,750.3,11.35,59
"2020-09-04 04:55:00",80850,12.7,12.91,750.4,11.23,58.98
"2020-09-04 05:00:00",80851,12.69,12.84,750.5,10.91,61.38
"2020-09-04 05:05:00",80852,12.69,12.74,750.5,10.73,64.11
"2020-09-04 05:10:00",80853,12.69,12.67,750.5,10.81,62.5
"2020-09-04 05:15:00",80854,12.68,12.58,750.6,10.71,62.86
"2020-09-04 05:20:00",80855,12.68,12.48,750.6,10.73,62.25
"2020-09-04 05:25:00",80856,12.68,12.39,750.7,10.71,61.66
"2020-09-04 05:30:00",80857,12.68,12.3,750.8,10.79,61.38
"2020-09-04 05:35:00",80858,12.67,12.22,750.8,10.87,61.31
"2020-09-04 05:40:00",80859,12.67,12.16,750.9,10.97,60.71
"2020-09-04 05:45:00",80860,12.66,12.11,750.9,10.97,60.12
"2020-09-04 05:50:00",80861,12.66,12.07,751,10.93,60.76
"2020-09-04 05:55:00",80862,12.65,12.02,751.1,10.87,62.1
"2020-09-04 06:00:00",80863,12.65,12.01,751.2,10.73,62.66
"2020-09-04 06:05:00",80864,12.65,11.98,751.2,10.55,62.16
"2020-09-04 06:10:00",80865,12.64,11.96,751.3,10.34,62.27
"2020-09-04 06:15:00",80866,12.64,11.92,751.4,10.21,62.25
"2020-09-04 06:20:00",80867,12.64,11.92,751.4,10.49,60.4
"2020-09-04 06:25:00",80868,12.64,11.96,751.4,10.34,60.43
"2020-09-04 06:30:00",80869,12.64,11.96,751.5,10.42,60.24
"2020-09-04 06:35:00",80870,12.65,11.98,751.5,10.34,60.46
"2020-09-04 06:40:00",80871,12.67,11.98,751.6,10.44,61.18
"2020-09-04 06:45:00",80872,12.72,12.02,751.7,10.41,61.35
"2020-09-04 06:50:00",80873,12.75,12.1,751.7,10.51,62.3
"2020-09-04 06:55:00",80874,12.87,12.21,751.7,10.67,61.86
"2020-09-04 07:00:00",80875,13.06,12.43,751.8,10.92,60.91
"2020-09-04 07:05:00",80876,13.27,12.69,751.9,11.27,59.7
"2020-09-04 07:10:00",80877,13.42,13,751.9,11.55,59.1
"2020-09-04 07:15:00",80878,13.46,13.3,751.9,11.78,58.51
"2020-09-04 07:20:00",80879,13.53,13.63,751.9,12.2,57.26
"2020-09-04 07:25:00",80880,13.6,14.03,752,12.7,55.02
"2020-09-04 07:30:00",80881,13.63,14.45,752,12.77,55.82
"2020-09-04 07:35:00",80882,13.72,14.93,752,13,54.25
"2020-09-04 07:40:00",80883,13.8,15.52,752.1,13.75,53.05
"2020-09-04 07:45:00",80884,13.94,16.22,752.1,14.23,51.87
"2020-09-04 07:50:00",80885,13.81,17.8,752.2,13.98,54.82
"2020-09-04 07:55:00",80886,13.78,18.72,752.2,14.34,53.32
"2020-09-04 08:00:00",80887,13.75,19.43,752.2,14.92,50.89
"2020-09-04 08:05:00",80888,13.75,20.1,752.3,15.42,48.51
"2020-09-04 08:10:00",80889,13.72,20.77,752.3,15.58,46.5
"2020-09-04 08:15:00",80890,13.72,21.41,752.3,15.8,47.44
"2020-09-04 08:20:00",80891,13.7,22.03,752.4,15.77,45.68
"2020-09-04 08:25:00",80892,13.7,22.6,752.4,16.1,45.34
"2020-09-04 08:30:00",80893,13.67,23.13,752.4,15.88,46.79
"2020-09-04 08:35:00",80894,13.67,23.62,752.4,16.56,45.37
"2020-09-04 08:40:00",80895,13.67,24.15,752.4,16.71,44.34
"2020-09-04 08:45:00",80896,13.65,24.62,752.4,17.29,44.06
"2020-09-04 08:50:00",80897,13.65,25.09,752.4,18.04,42.49
"2020-09-04 08:55:00",80898,13.62,25.58,752.5,18.4,41.12
"2020-09-04 09:00:00",80899,13.62,26.07,752.5,18.86,40.27
"2020-09-04 09:05:00",80900,13.62,26.61,752.4,19.13,39.65
"2020-09-04 09:10:00",80901,13.6,27.14,752.4,19.44,37.42
"2020-09-04 09:15:00",80902,13.6,27.64,752.4,19.04,38.67
"2020-09-04 09:20:00",80903,13.57,28.09,752.5,19.4,38.06
"2020-09-04 09:25:00",80904,13.57,28.52,752.5,19.57,37.95
"2020-09-04 09:30:00",80905,13.57,28.94,752.4,20.15,36.51
"2020-09-04 09:35:00",80906,13.55,29.27,752.4,20.1,35.75
"2020-09-04 09:40:00",80907,13.55,29.64,752.4,19.84,38.3
"2020-09-04 09:45:00",80908,13.55,29.99,752.5,20.71,35.87
"2020-09-04 09:50:00",80909,13.53,30.3,752.4,20.15,36.11
"2020-09-04 09:55:00",80910,13.53,30.5,752.4,20.56,34.31
"2020-09-04 10:00:00",80911,13.53,30.76,752.4,21.49,32.91
"2020-09-04 10:05:00",80912,13.53,31.11,752.4,21.77,32.37
"2020-09-04 10:10:00",80913,13.51,31.34,752.4,20.88,33.15
"2020-09-04 10:15:00",80914,13.5,31.43,752.3,21.13,33.34
"2020-09-04 10:20:00",80915,13.51,31.58,752.3,21.46,33
"2020-09-04 10:25:00",80916,13.51,31.7,752.3,21.82,33.04
"2020-09-04 10:30:00",80917,13.51,31.79,752.2,21.64,32.16
"2020-09-04 10:35:00",80918,13.51,31.83,752.1,21.29,32.79
"2020-09-04 10:40:00",80919,13.51,31.84,752.1,21.85,30.1
"2020-09-04 10:45:00",80920,13.51,31.87,752.1,21.67,30.96
"2020-09-04 10:50:00",80921,13.51,31.77,752.1,21.84,31.24
"2020-09-04 10:55:00",80922,13.51,31.59,752,22.03,31.46
"2020-09-04 11:00:00",80923,13.51,31.57,752,23.13,29.71
"2020-09-04 11:05:00",80924,13.51,31.64,751.9,21.24,31.79
"2020-09-04 11:10:00",80925,13.51,31.52,751.9,21.13,30.31
"2020-09-04 11:15:00",80926,13.51,31.34,751.8,21.97,28.37
"2020-09-04 11:20:00",80927,13.51,31.29,751.7,23.22,26.91
"2020-09-04 11:25:00",80928,13.51,31.4,751.6,22.41,27.05
"2020-09-04 11:30:00",80929,13.51,31.48,751.6,23.06,26.56
"2020-09-04 11:35:00",80930,13.51,31.61,751.5,23.16,27.45
"2020-09-04 11:40:00",80931,13.51,31.72,751.4,22.12,27.97
"2020-09-04 11:45:00",80932,13.51,31.69,751.4,22.38,28.33
"2020-09-04 11:50:00",80933,13.51,31.59,751.3,22.09,26.89
"2020-09-04 11:55:00",80934,13.51,31.45,751.2,22.62,26.59
"2020-09-04 12:00:00",80935,13.51,31.29,751.2,22.51,26.72
"2020-09-04 12:05:00",80936,13.52,31.22,751.2,23.31,25.14
"2020-09-04 12:10:00",80937,13.51,31.28,751.1,23.76,24.46
"2020-09-04 12:15:00",80938,13.52,31.38,751,23.09,26.39
"2020-09-04 12:20:00",80939,13.52,31.45,750.9,23.21,26.77
"2020-09-04 12:25:00",80940,13.52,31.49,750.9,23.74,26.1
"2020-09-04 12:30:00",80941,13.52,31.57,750.8,23.06,26.83
"2020-09-04 12:35:00",80942,13.52,31.59,750.7,23.75,26.4
"2020-09-04 12:40:00",80943,13.52,31.57,750.6,23.57,26.8
"2020-09-04 12:45:00",80944,13.52,31.57,750.6,23.99,24.92
"2020-09-04 12:50:00",80945,13.52,31.58,750.5,24.51,24.48
"2020-09-04 12:55:00",80946,13.5,31.66,750.4,25.25,23.77
"2020-09-04 13:00:00",80947,13.49,31.85,750.2,25.38,23.44
"2020-09-04 13:05:00",80948,13.5,32.09,750.2,25.52,22.83
"2020-09-04 13:10:00",80949,13.5,32.32,750.1,25.38,24.54
"2020-09-04 13:15:00",80950,13.5,32.53,750,25.29,24.33
"2020-09-04 13:20:00",80951,13.5,32.65,749.9,25.63,24.83
"2020-09-04 13:25:00",80952,13.5,32.75,749.7,25.11,25.58
"2020-09-04 13:30:00",80953,13.47,32.8,749.7,26.28,24.05
"2020-09-04 13:35:00",80954,13.47,32.84,749.5,24.83,25.32
"2020-09-04 13:40:00",80955,13.48,32.7,749.5,23.62,26.67
"2020-09-04 13:45:00",80956,13.47,32.44,749.4,24.16,26.64
"2020-09-04 13:50:00",80957,13.47,32.23,749.2,24.68,26.34
"2020-09-04 13:55:00",80958,13.47,32.05,749.1,24.45,26.22
"2020-09-04 14:00:00",80959,13.47,31.85,749.1,24.09,25.71
"2020-09-04 14:05:00",80960,13.48,31.7,749,24.92,24.92
"2020-09-04 14:10:00",80961,13.47,31.62,748.9,24.47,26.25
"2020-09-04 14:15:00",80962,13.47,31.59,748.8,25.26,24.7
"2020-09-04 14:20:00",80963,13.47,31.6,748.6,24.95,25.67
"2020-09-04 14:25:00",80964,13.47,31.63,748.6,24.85,24.95
"2020-09-04 14:30:00",80965,13.47,31.65,748.4,24.74,25.79
"2020-09-04 14:35:00",80966,13.48,31.67,748.3,25.66,24.69
"2020-09-04 14:40:00",80967,13.47,31.73,748.3,25.68,24.21
"2020-09-04 14:45:00",80968,13.47,31.84,748.1,25.94,23.89
"2020-09-04 14:50:00",80969,13.47,31.98,748.1,25.24,24.25
"2020-09-04 14:55:00",80970,13.47,32.06,748,25.46,23.82
"2020-09-04 15:00:00",80971,13.47,32.14,747.9,25.28,24.74
"2020-09-04 15:05:00",80972,13.48,32.22,747.8,25.7,24.08
"2020-09-04 15:10:00",80973,13.47,32.3,747.8,25.63,24.28
"2020-09-04 15:15:00",80974,13.47,32.36,747.8,24.99,24.37
"2020-09-04 15:20:00",80975,13.47,32.39,747.7,25.8,24.05
"2020-09-04 15:25:00",80976,13.47,32.41,747.7,25.2,24.18
"2020-09-04 15:30:00",80977,13.48,32.39,747.6,25.38,24.68
"2020-09-04 15:35:00",80978,13.48,32.34,747.6,25.38,24.02
"2020-09-04 15:40:00",80979,13.48,32.27,747.6,25.36,23.99
"2020-09-04 15:45:00",80980,13.47,32.25,747.5,25.87,24.09
"2020-09-04 15:50:00",80981,13.48,32.23,747.5,25.76,23.33
"2020-09-04 15:55:00",80982,13.47,32.22,747.4,25.49,24.2
"2020-09-04 16:00:00",80983,13.47,32.15,747.4,24.84,24.6
"2020-09-04 16:05:00",80984,13.48,31.99,747.4,25.38,23.85
"2020-09-04 16:10:00",80985,13.48,31.87,747.4,25.26,24.12
"2020-09-04 16:15:00",80986,13.48,31.75,747.4,24.76,24.84
"2020-09-04 16:20:00",80987,13.47,31.57,747.4,24.7,24.28
"2020-09-04 16:25:00",80988,13.47,31.41,747.4,24.93,23.68
"2020-09-04 16:30:00",80989,13.48,31.27,747.4,24.95,24.03
"2020-09-04 16:35:00",80990,13.48,31.15,747.3,24.7,24.18
"2020-09-04 16:40:00",80991,13.47,31.01,747.4,24.61,23.94
"2020-09-04 16:45:00",80992,13.47,30.87,747.4,24.65,24.42
"2020-09-04 16:50:00",80993,13.48,30.76,747.4,24.57,23.76
"2020-09-04 16:55:00",80994,13.47,30.63,747.4,24.41,24.06
"2020-09-04 17:00:00",80995,13.47,30.49,747.5,24.33,24.19
"2020-09-04 17:05:00",80996,13.47,30.36,747.5,24.22,25.01
"2020-09-04 17:10:00",80997,13.48,30.23,747.6,24.09,25.2
"2020-09-04 17:15:00",80998,13.47,30.09,747.6,23.9,26.18
"2020-09-04 17:20:00",80999,13.47,29.91,747.6,23.57,26.66
"2020-09-04 17:25:00",81000,13.47,29.66,747.7,23.53,27.2
"2020-09-04 17:30:00",81001,13.47,29.44,747.8,23.29,28.27
"2020-09-04 17:35:00",81002,13.47,29.17,747.9,23.11,29.03
"2020-09-04 17:40:00",81003,13.49,28.74,748,22.75,29.91
"2020-09-04 17:45:00",81004,13.28,27.91,748,22.5,29.79
"2020-09-04 17:50:00",81005,13.17,27.37,748.1,22.05,30.35
"2020-09-04 17:55:00",81006,13.11,26.87,748.1,21.64,31.49
"2020-09-04 18:00:00",81007,13.06,26.39,748.2,21.37,32.23
"2020-09-04 18:05:00",81008,13.02,25.91,748.2,20.99,33.03
"2020-09-04 18:10:00",81009,13,25.44,748.2,20.72,33.37
"2020-09-04 18:15:00",81010,12.98,25.01,748.2,20.62,33.46
"2020-09-04 18:20:00",81011,12.97,24.62,748.4,20.36,33.83
"2020-09-04 18:25:00",81012,12.97,24.24,748.4,20.27,34.02
"2020-09-04 18:30:00",81013,12.96,23.87,748.5,20.3,33.69
"2020-09-04 18:35:00",81014,12.96,23.55,748.6,20.22,33.75
"2020-09-04 18:40:00",81015,12.96,23.31,748.6,19.98,34.49
"2020-09-04 18:45:00",81016,12.95,23.07,748.7,19.85,35.17
"2020-09-04 18:50:00",81017,12.95,22.83,748.8,19.54,36.45
"2020-09-04 18:55:00",81018,12.94,22.6,748.9,19.51,35.85
"2020-09-04 19:00:00",81019,12.94,22.34,749,19.4,36.1
"2020-09-04 19:05:00",81020,12.94,22.14,749.1,19.3,36.29
"2020-09-04 19:10:00",81021,12.93,21.93,749.2,19.47,35.72
"2020-09-04 19:15:00",81022,12.93,21.75,749.2,19.52,35.59
"2020-09-04 19:20:00",81023,12.93,21.61,749.2,19.45,36.04
"2020-09-04 19:25:00",81024,12.92,21.48,749.3,19.05,37.54
"2020-09-04 19:30:00",81025,12.92,21.34,749.5,18.75,38.13
"2020-09-04 19:35:00",81026,12.92,21.2,749.5,18.8,37.94
"2020-09-04 19:40:00",81027,12.91,21.05,749.5,18.98,37.17
"2020-09-04 19:45:00",81028,12.91,20.93,749.5,18.82,38.07
"2020-09-04 19:50:00",81029,12.91,20.8,749.7,18.51,38.78
"2020-09-04 19:55:00",81030,12.91,20.67,749.8,18.34,39.38
"2020-09-04 20:00:00",81031,12.91,20.53,749.8,18.18,39.62
"2020-09-04 20:05:00",81032,12.91,20.4,749.8,18.24,39.72
"2020-09-04 20:10:00",81033,12.9,20.27,749.9,18.39,39.32
"2020-09-04 20:15:00",81034,12.9,20.19,750,18.43,39.39
"2020-09-04 20:20:00",81035,12.9,20.11,750.1,18.39,39.51
"2020-09-04 20:25:00",81036,12.89,20.05,750.3,18.29,39.95
"2020-09-04 20:30:00",81037,12.89,19.98,750.3,17.97,40.95
"2020-09-04 20:35:00",81038,12.89,19.9,750.4,17.87,41.32
"2020-09-04 20:40:00",81039,12.89,19.81,750.4,17.64,42.09
"2020-09-04 20:45:00",81040,12.89,19.7,750.5,17.41,42.74
"2020-09-04 20:50:00",81041,12.89,19.58,750.6,17.43,42.64
"2020-09-04 20:55:00",81042,12.88,19.46,750.6,17.39,42.67
"2020-09-04 21:00:00",81043,12.88,19.33,750.7,17.13,43.56
"2020-09-04 21:05:00",81044,12.88,19.19,750.8,17.03,44.12
"2020-09-04 21:10:00",81045,12.88,19.07,750.8,17.17,43.28
"2020-09-04 21:15:00",81046,12.87,18.97,750.8,17.65,41.42
"2020-09-04 21:20:00",81047,12.87,18.91,750.9,17.87,40.81
"2020-09-04 21:25:00",81048,12.87,18.88,750.9,17.57,42.12
"2020-09-04 21:30:00",81049,12.87,18.83,751,17.36,42.54
"2020-09-04 21:35:00",81050,12.87,18.76,751.1,17.29,43.11
"2020-09-04 21:40:00",81051,12.87,18.69,751.2,17.31,42.79
"2020-09-04 21:45:00",81052,12.86,18.61,751.2,17.42,42.87
"2020-09-04 21:50:00",81053,12.86,18.54,751.2,17.51,42.53
"2020-09-04 21:55:00",81054,12.86,18.49,751.2,17.42,42.87
"2020-09-04 22:00:00",81055,12.86,18.44,751.2,17.08,44.1
"2020-09-04 22:05:00",81056,12.86,18.37,751.3,16.7,44.69
"2020-09-04 22:10:00",81057,12.86,18.26,751.3,16.55,45.21
"2020-09-04 22:15:00",81058,12.85,18.15,751.3,16.53,45.23
"2020-09-04 22:20:00",81059,12.85,18.06,751.3,16.79,44.98
"2020-09-04 22:25:00",81060,12.85,17.97,751.4,16.87,44.64
"2020-09-04 22:30:00",81061,12.85,17.92,751.4,16.72,45.1
"2020-09-04 22:35:00",81062,12.85,17.84,751.4,16.62,45.37
"2020-09-04 22:40:00",81063,12.85,17.78,751.5,16.55,45.24
"2020-09-04 22:45:00",81064,12.84,17.72,751.5,16.58,45.34
"2020-09-04 22:50:00",81065,12.84,17.65,751.5,16.45,46.23
"2020-09-04 22:55:00",81066,12.84,17.6,751.5,16.39,46.6
"2020-09-04 23:00:00",81067,12.84,17.55,751.5,16.06,47.44
"2020-09-04 23:05:00",81068,12.84,17.47,751.5,15.94,47.71
"2020-09-04 23:10:00",81069,12.84,17.4,751.5,16.05,46.75
"2020-09-04 23:15:00",81070,12.83,17.32,751.5,16.04,47.12
"2020-09-04 23:20:00",81071,12.83,17.24,751.5,15.86,47.54
"2020-09-04 23:25:00",81072,12.83,17.17,751.5,15.86,47.44
"2020-09-04 23:30:00",81073,12.83,17.11,751.5,15.77,47.9
"2020-09-04 23:35:00",81074,12.83,17.05,751.5,14.87,54.25
"2020-09-04 23:40:00",81075,12.83,16.96,751.5,14.59,53.66
"2020-09-04 23:45:00",81076,12.83,16.86,751.4,14.76,52.16
"2020-09-04 23:50:00",81077,12.82,16.75,751.5,14.92,50.36
"2020-09-04 23:55:00",81078,12.82,16.64,751.6,15.17,50.15
"2020-09-05 00:00:00",81079,12.82,16.54,751.6,15.36,49.78
"2020-09-05 00:05:00",81080,12.82,16.47,751.6,15.56,49.31
"2020-09-05 00:10:00",81081,12.82,16.46,751.5,15.32,49.77
"2020-09-05 00:15:00",81082,12.81,16.42,751.5,15.16,50.8
"2020-09-05 00:20:00",81083,12.82,16.38,751.4,14.89,51.63
"2020-09-05 00:25:00",81084,12.82,16.32,751.5,14.79,51.92
"2020-09-05 00:30:00",81085,12.81,16.26,751.4,14.88,52.02
"2020-09-05 00:35:00",81086,12.81,16.22,751.4,14.85,52.23
"2020-09-05 00:40:00",81087,12.81,16.18,751.4,14.59,52.75
"2020-09-05 00:45:00",81088,12.81,16.11,751.4,14.65,52.7
"2020-09-05 00:50:00",81089,12.81,16.09,751.4,14.46,53.55
"2020-09-05 00:55:00",81090,12.8,16.03,751.5,14.19,52.6
"2020-09-05 01:00:00",81091,12.8,15.96,751.4,14.13,52.16
"2020-09-05 01:05:00",81092,12.8,15.87,751.4,13.95,52.75
"2020-09-05 01:10:00",81093,12.8,15.77,751.4,13.83,52.94
"2020-09-05 01:15:00",81094,12.8,15.67,751.4,14.04,51.97
"2020-09-05 01:20:00",81095,12.79,15.6,751.4,14.01,51.87
"2020-09-05 01:25:00",81096,12.79,15.51,751.3,13.87,53.32
"2020-09-05 01:30:00",81097,12.79,15.43,751.3,13.65,54.23
"2020-09-05 01:35:00",81098,12.79,15.33,751.3,13.47,55.56
"2020-09-05 01:40:00",81099,12.79,15.23,751.3,13.51,55.66
"2020-09-05 01:45:00",81100,12.79,15.14,751.3,13.46,56.92
"2020-09-05 01:50:00",81101,12.78,15.06,751.3,13.23,56.85
"2020-09-05 01:55:00",81102,12.78,14.97,751.3,13.12,56.35
"2020-09-05 02:00:00",81103,12.78,14.89,751.3,13.2,54.74
"2020-09-05 02:05:00",81104,12.78,14.83,751.2,13,55.28
"2020-09-05 02:10:00",81105,12.78,14.75,751.2,12.73,56.18
"2020-09-05 02:15:00",81106,12.77,14.65,751.2,12.82,55.55
"2020-09-05 02:20:00",81107,12.77,14.56,751.2,12.82,55.01
"2020-09-05 02:25:00",81108,12.77,14.47,751.1,13.02,55.62
"2020-09-05 02:30:00",81109,12.77,14.43,751,13,53.8
"2020-09-05 02:35:00",81110,12.76,14.39,751,12.78,54.79
"2020-09-05 02:40:00",81111,12.76,14.34,751.1,12.55,54.67
"2020-09-05 02:45:00",81112,12.76,14.27,751,12.47,55.89
"2020-09-05 02:50:00",81113,12.76,14.19,750.9,12.2,56.87
"2020-09-05 02:55:00",81114,12.75,14.09,750.9,12.02,56.76
"2020-09-05 03:00:00",81115,12.75,13.96,750.9,12.04,56.67
"2020-09-05 03:05:00",81116,12.75,13.87,750.8,12.1,55.6
"2020-09-05 03:10:00",81117,12.75,13.78,750.8,12.13,55.78
"2020-09-05 03:15:00",81118,12.75,13.67,750.7,11.94,59.96
"2020-09-05 03:20:00",81119,12.74,13.58,750.7,11.7,58.76
"2020-09-05 03:25:00",81120,12.74,13.48,750.7,11.82,58.96
"2020-09-05 03:30:00",81121,12.74,13.38,750.7,11.83,58.51
"2020-09-05 03:35:00",81122,12.74,13.3,750.7,11.92,58.14
"2020-09-05 03:40:00",81123,12.73,13.23,750.7,11.84,57.98
"2020-09-05 03:45:00",81124,12.73,13.17,750.7,11.57,58.74
"2020-09-05 03:50:00",81125,12.73,13.12,750.7,11.41,59.13
"2020-09-05 03:55:00",81126,12.72,13.04,750.7,11.41,58.92
"2020-09-05 04:00:00",81127,12.72,12.98,750.7,11.43,60.17
"2020-09-05 04:05:00",81128,12.72,12.9,750.6,11.15,59.97
"2020-09-05 04:10:00",81129,12.71,12.84,750.6,11.07,62.57
"2020-09-05 04:15:00",81130,12.71,12.75,750.6,10.85,62.86
"2020-09-05 04:20:00",81131,12.71,12.67,750.6,10.91,62.25
"2020-09-05 04:25:00",81132,12.71,12.6,750.7,10.86,62.36
"2020-09-05 04:30:00",81133,12.7,12.51,750.7,10.99,62.15
"2020-09-05 04:35:00",81134,12.7,12.46,750.7,10.95,62.17
"2020-09-05 04:40:00",81135,12.7,12.43,750.7,10.99,60.51
"2020-09-05 04:45:00",81136,12.69,12.42,750.7,11.04,60.49
"2020-09-05 04:50:00",81137,12.69,12.4,750.7,10.79,61.27
"2020-09-05 04:55:00",81138,12.69,12.38,750.7,10.71,61.87
"2020-09-05 05:00:00",81139,12.68,12.3,750.7,10.68,62.16
"2020-09-05 05:05:00",81140,12.68,12.24,750.7,10.61,62.55
"2020-09-05 05:10:00",81141,12.68,12.15,750.8,10.55,62.83
"2020-09-05 05:15:00",81142,12.67,12.06,750.8,10.41,63.39
"2020-09-05 05:20:00",81143,12.67,11.98,750.8,10.56,62.66
"2020-09-05 05:25:00",81144,12.67,11.92,750.9,10.63,61.83
"2020-09-05 05:30:00",81145,12.66,11.86,750.9,10.33,61.98
"2020-09-05 05:35:00",81146,12.66,11.81,750.9,10.12,62.88
"2020-09-05 05:40:00",81147,12.66,11.76,751,10.01,63.29
"2020-09-05 05:45:00",81148,12.65,11.69,751,10.12,62.53
"2020-09-05 05:50:00",81149,12.65,11.66,751,10.12,62.59
"2020-09-05 05:55:00",81150,12.65,11.62,751.1,10.09,63.39
"2020-09-05 06:00:00",81151,12.64,11.56,751.2,9.66,69.96
"2020-09-05 06:05:00",81152,12.64,11.49,751.2,9.3,70.48
"2020-09-05 06:10:00",81153,12.63,11.38,751.3,9.03,69.9
"2020-09-05 06:15:00",81154,12.63,11.29,751.3,9.22,68.91
"2020-09-05 06:20:00",81155,12.63,11.22,751.3,9.42,67.85
"2020-09-05 06:25:00",81156,12.62,11.18,751.4,9.54,66.84
"2020-09-05 06:30:00",81157,12.62,11.13,751.5,9.57,66.82
"2020-09-05 06:35:00",81158,12.63,11.08,751.5,9.59,67.85
"2020-09-05 06:40:00",81159,12.65,11.04,751.5,9.47,67.14
"2020-09-05 06:45:00",81160,12.71,11.06,751.6,9.76,67.68
"2020-09-05 06:50:00",81161,12.81,11.15,751.7,9.4,69.17
"2020-09-05 06:55:00",81162,12.89,11.28,751.7,9.8,67.29
"2020-09-05 07:00:00",81163,13.07,11.49,751.8,10.12,66.05
"2020-09-05 07:05:00",81164,13.21,11.7,751.8,10.44,64.33
"2020-09-05 07:10:00",81165,13.41,12.02,751.9,10.9,62.63
"2020-09-05 07:15:00",81166,13.56,12.39,751.9,11.16,61.18
"2020-09-05 07:20:00",81167,13.72,12.89,751.9,11.53,59.83
"2020-09-05 07:25:00",81168,13.8,13.48,752,12.5,57.49
"2020-09-05 07:30:00",81169,13.87,14.16,752.1,13.06,55.02
"2020-09-05 07:35:00",81170,13.92,14.92,752.1,14.03,51.9
"2020-09-05 07:40:00",81171,13.87,16.25,752.2,14.13,51.64
"2020-09-05 07:45:00",81172,13.81,17.56,752.3,14.17,52.04
"2020-09-05 07:50:00",81173,13.78,18.41,752.3,14.38,51.46
"2020-09-05 07:55:00",81174,13.78,19.14,752.3,14.35,52.68
"2020-09-05 08:00:00",81175,13.75,19.77,752.4,14.46,53.98
"2020-09-05 08:05:00",81176,13.75,20.38,752.3,15.17,51.11
"2020-09-05 08:10:00",81177,13.72,20.99,752.4,16.2,46.26
"2020-09-05 08:15:00",81178,13.73,21.67,752.4,15.88,46.82
"2020-09-05 08:20:00",81179,13.7,22.32,752.4,16.67,43.1
"2020-09-05 08:25:00",81180,13.67,22.96,752.4,17.17,41.82
"2020-09-05 08:30:00",81181,13.67,23.54,752.5,16.22,43.78
"2020-09-05 08:35:00",81182,13.67,24.03,752.5,16.09,43.66
"2020-09-05 08:40:00",81183,13.65,24.44,752.5,16.08,43.09
"2020-09-05 08:45:00",81184,13.64,24.83,752.5,16.92,41.05
"2020-09-05 08:50:00",81185,13.65,25.22,752.5,17.3,39.84
"2020-09-05 08:55:00",81186,13.62,25.66,752.5,17.84,39.19
"2020-09-05 09:00:00",81187,13.62,26.1,752.5,18.49,36.47
"2020-09-05 09:05:00",81188,13.62,26.54,752.5,18.96,36.81
"2020-09-05 09:10:00",81189,13.6,26.96,752.4,18.78,34.8
"2020-09-05 09:15:00",81190,13.6,27.38,752.4,19.76,33.64
"2020-09-05 09:20:00",81191,13.57,27.89,752.4,20.22,31.83
"2020-09-05 09:25:00",81192,13.57,28.36,752.4,20.3,31.97
"2020-09-05 09:30:00",81193,13.57,28.82,752.4,20.06,32.08
"2020-09-05 09:35:00",81194,13.55,29.22,752.3,20.64,30.94
"2020-09-05 09:40:00",81195,13.55,29.51,752.3,18.82,34.61
"2020-09-05 09:45:00",81196,13.55,29.7,752.3,19.57,33.1
"2020-09-05 09:50:00",81197,13.55,29.91,752.2,20.26,31.5
"2020-09-05 09:55:00",81198,13.55,30.16,752.2,19.77,32.19
"2020-09-05 10:00:00",81199,13.53,30.32,752.1,20.33,31.77
"2020-09-05 10:05:00",81200,13.53,30.56,752.1,21.13,29.67
"2020-09-05 10:10:00",81201,13.53,30.92,752.1,21.31,29.42
"2020-09-05 10:15:00",81202,13.53,31.25,752,21.29,29.72
"2020-09-05 10:20:00",81203,13.51,31.43,752,21.77,29.76
"2020-09-05 10:25:00",81204,13.51,31.68,751.9,21.14,30.41
"2020-09-05 10:30:00",81205,13.51,31.91,751.8,22.15,30.53
"2020-09-05 10:35:00",81206,13.51,32.16,751.8,21.81,29.6
"2020-09-05 10:40:00",81207,13.51,32.38,751.7,22.34,28.26
"2020-09-05 10:45:00",81208,13.48,32.55,751.6,23.58,26.93
"2020-09-05 10:50:00",81209,13.48,32.73,751.6,23.03,27.47
"2020-09-05 10:55:00",81210,13.48,32.86,751.5,22.54,24.95
"2020-09-05 11:00:00",81211,13.48,32.93,751.5,22.81,23.81
"2020-09-05 11:05:00",81212,13.48,32.99,751.4,23.21,23.22
"2020-09-05 11:10:00",81213,13.48,33.07,751.3,23.3,24.67
"2020-09-05 11:15:00",81214,13.48,33.15,751.3,23.94,23
"2020-09-05 11:20:00",81215,13.49,33.24,751.2,24.45,19.71
"2020-09-05 11:25:00",81216,13.49,33.39,751.1,24.77,17.78
"2020-09-05 11:30:00",81217,13.46,33.53,751,24.3,16.78
"2020-09-05 11:35:00",81218,13.46,33.59,751,24.21,13.58
"2020-09-05 11:40:00",81219,13.46,33.62,750.8,24.74,14.91
"2020-09-05 11:45:00",81220,13.46,33.65,750.8,25.22,15.63
"2020-09-05 11:50:00",81221,13.46,33.75,750.7,25.56,15.3
"2020-09-05 11:55:00",81222,13.46,33.91,750.6,25.99,16.73
"2020-09-05 12:00:00",81223,13.47,34.07,750.5,26.2,15.75
"2020-09-05 12:05:00",81224,13.46,34.22,750.4,26.56,18.2
"2020-09-05 12:10:00",81225,13.47,34.36,750.3,26.36,18.29
"2020-09-05 12:15:00",81226,13.44,34.41,750.2,25.18,18.15
"2020-09-05 12:20:00",81227,13.44,34.36,750.1,25.68,16.78
"2020-09-05 12:25:00",81228,13.44,34.27,750,26.07,17.15
"2020-09-05 12:30:00",81229,13.44,34.26,749.9,26.78,17.19
"2020-09-05 12:35:00",81230,13.44,34.31,749.8,27.17,17
"2020-09-05 12:40:00",81231,13.45,34.4,749.8,26.19,16.39
"2020-09-05 12:45:00",81232,13.45,34.35,749.7,26.17,15.47
"2020-09-05 12:50:00",81233,13.45,34.29,749.6,26.26,15.76
"2020-09-05 12:55:00",81234,13.45,34.2,749.5,26.85,13.52
"2020-09-05 13:00:00",81235,13.45,34.19,749.5,26.69,14.65
"2020-09-05 13:05:00",81236,13.45,34.19,749.4,27.46,14.47
"2020-09-05 13:10:00",81237,13.45,34.22,749.3,27.9,13.64
"2020-09-05 13:15:00",81238,13.45,34.28,749.2,27.31,12.62
"2020-09-05 13:20:00",81239,13.45,34.33,749.1,27.77,12.85
"2020-09-05 13:25:00",81240,13.45,34.37,749,27.94,12.89
"2020-09-05 13:30:00",81241,13.45,34.43,748.9,28.41,12.31
"2020-09-05 13:35:00",81242,13.45,34.52,748.9,27.77,13.13
"2020-09-05 13:40:00",81243,13.45,34.63,748.7,28.84,11.97
"2020-09-05 13:45:00",81244,13.45,34.75,748.7,28.07,12.65
"2020-09-05 13:50:00",81245,13.45,34.8,748.6,28.43,12.24
"2020-09-05 13:55:00",81246,13.45,34.83,748.5,29.24,11.77
"2020-09-05 14:00:00",81247,13.45,34.89,748.4,29.11,11.98
"2020-09-05 14:05:00",81248,13.45,35.04,748.3,29.1,12.34
"2020-09-05 14:10:00",81249,13.45,35.22,748.2,29.9,12.3
"2020-09-05 14:15:00",81250,13.43,35.4,748.1,29.78,12.08
"2020-09-05 14:20:00",81251,13.43,35.62,748,29.59,11.75
"2020-09-05 14:25:00",81252,13.43,35.79,748,29.36,11.92
"2020-09-05 14:30:00",81253,13.43,35.93,747.9,29.34,11.92
"2020-09-05 14:35:00",81254,13.43,35.99,747.8,29.72,11.86
"2020-09-05 14:40:00",81255,13.43,36.08,747.8,29.96,10.86
"2020-09-05 14:45:00",81256,13.43,36.17,747.7,29.11,12.19
"2020-09-05 14:50:00",81257,13.43,36.27,747.7,30.67,11.47
"2020-09-05 14:55:00",81258,13.43,36.43,747.6,29.14,11.98
"2020-09-05 15:00:00",81259,13.43,36.52,747.5,29.39,12.06
"2020-09-05 15:05:00",81260,13.43,36.64,747.4,29.83,11.36
"2020-09-05 15:10:00",81261,13.4,36.78,747.4,29.95,11.44
"2020-09-05 15:15:00",81262,13.4,36.95,747.3,29.25,11.98
"2020-09-05 15:20:00",81263,13.4,37.03,747.2,29.37,12.35
"2020-09-05 15:25:00",81264,13.4,37.09,747.2,29.36,11.84
"2020-09-05 15:30:00",81265,13.41,37.13,747.1,29.17,12.7
"2020-09-05 15:35:00",81266,13.4,37.16,747.1,30.13,11.8
"2020-09-05 15:40:00",81267,13.41,37.28,747.1,30.21,11.16
"2020-09-05 15:45:00",81268,13.41,37.43,747.1,29.8,11.29
"2020-09-05 15:50:00",81269,13.41,37.5,747,29.77,12.36
"2020-09-05 15:55:00",81270,13.41,37.55,747,29.79,11.14
"2020-09-05 16:00:00",81271,13.4,37.64,747,30.2,11.23
"2020-09-05 16:05:00",81272,13.38,37.8,747,29.73,11.64
"2020-09-05 16:10:00",81273,13.38,37.8,747,29.7,11.46
"2020-09-05 16:15:00",81274,13.38,37.82,747,29.79,11.58
"2020-09-05 16:20:00",81275,13.38,37.81,746.9,29.74,12.11
"2020-09-05 16:25:00",81276,13.38,37.81,746.9,29.79,11.65
"2020-09-05 16:30:00",81277,13.38,37.82,746.9,29.26,11.55
"2020-09-05 16:35:00",81278,13.38,37.75,746.8,28.94,11.76
"2020-09-05 16:40:00",81279,13.38,37.56,746.9,28.91,11.83
"2020-09-05 16:45:00",81280,13.38,37.32,746.9,29.23,11.62
"2020-09-05 16:50:00",81281,13.38,37.14,746.8,29.97,11.76
"2020-09-05 16:55:00",81282,13.38,37.09,746.9,29.94,11.58
"2020-09-05 17:00:00",81283,13.38,36.99,746.9,29.02,13.19
"2020-09-05 17:05:00",81284,13.38,36.72,746.8,28.65,14.1
"2020-09-05 17:10:00",81285,13.38,36.28,746.8,27.98,16.19
"2020-09-05 17:15:00",81286,13.38,35.67,746.8,27.62,16.18
"2020-09-05 17:20:00",81287,13.38,35.03,746.8,27.51,17.02
"2020-09-05 17:25:00",81288,13.38,34.43,746.8,27.17,17
"2020-09-05 17:30:00",81289,13.4,33.87,746.8,27.1,17.28
"2020-09-05 17:35:00",81290,13.4,33.34,746.9,26.83,17.4
"2020-09-05 17:40:00",81291,13.19,32.32,747,26.46,18.15
"2020-09-05 17:45:00",81292,13.12,31.51,747,26.48,18.44
"2020-09-05 17:50:00",81293,13.07,30.93,747.2,26.1,19.32
"2020-09-05 17:55:00",81294,13.04,30.39,747.3,25.76,20.03
"2020-09-05 18:00:00",81295,13.02,29.91,747.3,25.43,20.54
"2020-09-05 18:05:00",81296,13.01,29.48,747.3,25.54,22
"2020-09-05 18:10:00",81297,13,29.11,747.5,25.47,22.34
"2020-09-05 18:15:00",81298,12.99,28.78,747.5,25.26,23.36
"2020-09-05 18:20:00",81299,12.98,28.45,747.5,25.09,22.97
"2020-09-05 18:25:00",81300,12.98,28.15,747.5,25.24,21.81
"2020-09-05 18:30:00",81301,12.97,27.85,747.6,25.02,23.69
"2020-09-05 18:35:00",81302,12.97,27.6,747.7,24.93,23.27
"2020-09-05 18:40:00",81303,12.97,27.39,747.9,24.97,23.48
"2020-09-05 18:45:00",81304,12.96,27.18,747.9,24.68,24.08
"2020-09-05 18:50:00",81305,12.96,26.98,748,24.61,24.14
"2020-09-05 18:55:00",81306,12.96,26.81,748,24.43,24.75
"2020-09-05 19:00:00",81307,12.95,26.64,748.1,24.11,24.89
"2020-09-05 19:05:00",81308,12.95,26.47,748.2,23.87,24.43
"2020-09-05 19:10:00",81309,12.95,26.28,748.2,23.77,23.95
"2020-09-05 19:15:00",81310,12.95,26.1,748.3,23.54,24.51
"2020-09-05 19:20:00",81311,12.94,25.9,748.3,23.34,24.26
"2020-09-05 19:25:00",81312,12.94,25.7,748.4,23.17,25.2
"2020-09-05 19:30:00",81313,12.93,25.51,748.5,23.14,25.13
"2020-09-05 19:35:00",81314,12.93,25.33,748.6,22.95,25.46
"2020-09-05 19:40:00",81315,12.93,25.14,748.8,22.82,25.86
"2020-09-05 19:45:00",81316,12.92,24.98,748.9,22.42,27.32
"2020-09-05 19:50:00",81317,12.92,24.78,748.9,22.02,28.67
"2020-09-05 19:55:00",81318,12.92,24.56,749.1,21.61,29.95
"2020-09-05 20:00:00",81319,12.92,24.33,749.1,21.72,30.36
"2020-09-05 20:05:00",81320,12.92,24.13,749.3,21.62,31.02
"2020-09-05 20:10:00",81321,12.91,23.94,749.3,21.29,32.79
"2020-09-05 20:15:00",81322,12.91,23.73,749.5,20.76,33.14
"2020-09-05 20:20:00",81323,12.91,23.52,749.5,20.23,35.07
"2020-09-05 20:25:00",81324,12.91,23.28,749.6,19.99,36.13
"2020-09-05 20:30:00",81325,12.9,23.04,749.6,19.88,37.59
"2020-09-05 20:35:00",81326,12.9,22.82,749.7,19.92,37.72
"2020-09-05 20:40:00",81327,12.9,22.62,749.7,19.9,38.37
"2020-09-05 20:45:00",81328,12.89,22.42,749.8,19.68,39.2
"2020-09-05 20:50:00",81329,12.89,22.25,749.8,19.53,39.79
"2020-09-05 20:55:00",81330,12.89,22.05,749.9,19.33,40.52
"2020-09-05 21:00:00",81331,12.89,21.87,749.9,19.21,40.76
"2020-09-05 21:05:00",81332,12.89,21.67,750,19.36,40.71
"2020-09-05 21:10:00",81333,12.88,21.51,750.1,19.4,40.75
"2020-09-05 21:15:00",81334,12.88,21.4,750.1,19.35,41
"2020-09-05 21:20:00",81335,12.88,21.26,750.1,19.37,40.97
"2020-09-05 21:25:00",81336,12.88,21.15,750.1,19.41,40.95
"2020-09-05 21:30:00",81337,12.87,21.06,750.2,19.22,41.57
"2020-09-05 21:35:00",81338,12.87,20.96,750.3,19.16,41.79
"2020-09-05 21:40:00",81339,12.87,20.87,750.3,18.71,43.02
"2020-09-05 21:45:00",81340,12.87,20.72,750.4,18.42,43.88
"2020-09-05 21:50:00",81341,12.87,20.6,750.4,18.42,43.85
"2020-09-05 21:55:00",81342,12.86,20.47,750.4,18.36,43.87
"2020-09-05 22:00:00",81343,12.86,20.35,750.4,18.31,43.71
"2020-09-05 22:05:00",81344,12.86,20.25,750.5,18.3,43.7
"2020-09-05 22:10:00",81345,12.86,20.16,750.5,18.32,43.42
"2020-09-05 22:15:00",81346,12.86,20.08,750.5,18.29,43.54
"2020-09-05 22:20:00",81347,12.86,20.01,750.5,18.25,43.67
"2020-09-05 22:25:00",81348,12.85,19.94,750.5,18.31,43.23
"2020-09-05 22:30:00",81349,12.85,19.87,750.6,18.34,42.94
"2020-09-05 22:35:00",81350,12.85,19.8,750.7,18.11,44.35
"2020-09-05 22:40:00",81351,12.85,19.71,750.6,17.62,44.61
"2020-09-05 22:45:00",81352,12.85,19.59,750.6,17.57,44.54
"2020-09-05 22:50:00",81353,12.85,19.47,750.7,17.52,45.61
"2020-09-05 22:55:00",81354,12.85,19.37,750.7,17.71,45.16
"2020-09-05 23:00:00",81355,12.84,19.32,750.7,17.82,44.82
"2020-09-05 23:05:00",81356,12.84,19.26,750.7,17.75,45.38
"2020-09-05 23:10:00",81357,12.84,19.24,750.8,17.6,45.81
"2020-09-05 23:15:00",81358,12.84,19.2,750.8,17.23,46.52
"2020-09-05 23:20:00",81359,12.83,19.12,750.8,17.25,46.77
"2020-09-05 23:25:00",81360,12.83,19.05,750.8,16.95,47.49
"2020-09-05 23:30:00",81361,12.83,18.95,750.8,16.94,47.36
"2020-09-05 23:35:00",81362,12.83,18.86,750.8,16.96,46.74
"2020-09-05 23:40:00",81363,12.83,18.78,750.9,16.94,46.01
"2020-09-05 23:45:00",81364,12.83,18.7,750.8,16.84,44.89
"2020-09-05 23:50:00",81365,12.83,18.61,750.8,16.67,44.24
"2020-09-05 23:55:00",81366,12.82,18.5,750.8,16.67,44.94
"2020-09-06 00:00:00",81367,12.82,18.41,750.8,16.52,45.46
"2020-09-06 00:05:00",81368,12.82,18.32,750.8,16.59,44.67
"2020-09-06 00:10:00",81369,12.82,18.23,750.8,16.48,43.96
"2020-09-06 00:15:00",81370,12.82,18.16,750.7,16.23,43.94
"2020-09-06 00:20:00",81371,12.82,18.07,750.7,16.36,44.14
"2020-09-06 00:25:00",81372,12.82,17.99,750.7,16.2,43.84
"2020-09-06 00:30:00",81373,12.81,17.92,750.6,16.26,42.96
"2020-09-06 00:35:00",81374,12.82,17.85,750.5,16.4,40.84
"2020-09-06 00:40:00",81375,12.81,17.82,750.5,16.44,40.68
"2020-09-06 00:45:00",81376,12.81,17.78,750.4,16.31,41.27
"2020-09-06 00:50:00",81377,12.81,17.74,750.4,16.04,41.75
"2020-09-06 00:55:00",81378,12.81,17.67,750.5,15.68,42.86
"2020-09-06 01:00:00",81379,12.81,17.59,750.5,15.89,44.65
"2020-09-06 01:05:00",81380,12.8,17.51,750.4,15.41,50.62
"2020-09-06 01:10:00",81381,12.8,17.44,750.4,15.27,50.35
"2020-09-06 01:15:00",81382,12.8,17.38,750.4,15.24,47.77
"2020-09-06 01:20:00",81383,12.8,17.3,750.3,15.17,47.32
"2020-09-06 01:25:00",81384,12.79,17.23,750.3,15.28,45.11
"2020-09-06 01:30:00",81385,12.8,17.16,750.3,15.3,44.83
"2020-09-06 01:35:00",81386,12.79,17.09,750.3,15.08,46.47
"2020-09-06 01:40:00",81387,12.79,17.04,750.3,15.14,45
"2020-09-06 01:45:00",81388,12.79,16.97,750.3,15.13,43.17
"2020-09-06 01:50:00",81389,12.79,16.91,750.3,15.05,41.16
"2020-09-06 01:55:00",81390,12.79,16.86,750.3,15.01,41.03
"2020-09-06 02:00:00",81391,12.78,16.81,750.3,14.95,40.96
"2020-09-06 02:05:00",81392,12.78,16.76,750.3,14.81,41.87
"2020-09-06 02:10:00",81393,12.78,16.68,750.2,14.67,42.42
"2020-09-06 02:15:00",81394,12.78,16.57,750.2,14.4,43.09
"2020-09-06 02:20:00",81395,12.78,16.45,750.2,14.28,43.45
"2020-09-06 02:25:00",81396,12.77,16.32,750.1,14.36,42.99
"2020-09-06 02:30:00",81397,12.77,16.2,750,14.19,45.45
"2020-09-06 02:35:00",81398,12.77,16.06,750,13.86,46.04
"2020-09-06 02:40:00",81399,12.77,15.93,750,13.75,44.39
"2020-09-06 02:45:00",81400,12.76,15.8,749.9,13.94,47.57
"2020-09-06 02:50:00",81401,12.76,15.69,750,14.05,46.12
"2020-09-06 02:55:00",81402,12.76,15.6,749.9,14.19,45.2
"2020-09-06 03:00:00",81403,12.76,15.53,749.8,14.19,47.42
"2020-09-06 03:05:00",81404,12.75,15.47,749.8,13.95,46.86
"2020-09-06 03:10:00",81405,12.75,15.39,749.8,13.92,47.69
"2020-09-06 03:15:00",81406,12.75,15.33,749.8,13.28,51.55
"2020-09-06 03:20:00",81407,12.75,15.23,749.7,12.96,52.58
"2020-09-06 03:25:00",81408,12.75,15.13,749.7,12.98,53.25
"2020-09-06 03:30:00",81409,12.74,15.03,749.7,12.76,51.45
"2020-09-06 03:35:00",81410,12.74,14.91,749.7,12.76,54.31
"2020-09-06 03:40:00",81411,12.74,14.82,749.7,12.96,54.13
"2020-09-06 03:45:00",81412,12.74,14.74,749.7,13.04,54.11
"2020-09-06 03:50:00",81413,12.73,14.67,749.7,12.9,53.81
"2020-09-06 03:55:00",81414,12.73,14.63,749.7,12.86,53.05
"2020-09-06 04:00:00",81415,12.73,14.55,749.6,12.81,51.49
"2020-09-06 04:05:00",81416,12.72,14.51,749.7,13.06,51.09
"2020-09-06 04:10:00",81417,12.72,14.48,749.7,13.17,50.16
"2020-09-06 04:15:00",81418,12.72,14.48,749.6,12.96,52.61
"2020-09-06 04:20:00",81419,12.72,14.47,749.7,12.88,53.9
"2020-09-06 04:25:00",81420,12.71,14.48,749.7,12.75,54.28
"2020-09-06 04:30:00",81421,12.71,14.44,749.7,12.57,55.49
"2020-09-06 04:35:00",81422,12.71,14.38,749.7,12.39,56.42
"2020-09-06 04:40:00",81423,12.71,14.33,749.7,12.56,53.37
"2020-09-06 04:45:00",81424,12.7,14.28,749.7,12.74,48.53
"2020-09-06 04:50:00",81425,12.7,14.23,749.8,12.63,49.22
"2020-09-06 04:55:00",81426,12.7,14.18,749.8,12.5,49.91
"2020-09-06 05:00:00",81427,12.69,14.14,749.8,12.5,48.47
"2020-09-06 05:05:00",81428,12.69,14.11,749.8,12.44,48.83
"2020-09-06 05:10:00",81429,12.69,14.05,749.8,12.52,48.22
"2020-09-06 05:15:00",81430,12.68,14.01,749.8,12.53,50.44
"2020-09-06 05:20:00",81431,12.68,13.98,749.8,12.34,48.82
"2020-09-06 05:25:00",81432,12.68,13.95,749.9,12.34,48.57
"2020-09-06 05:30:00",81433,12.68,13.92,749.9,12.29,49.21
"2020-09-06 05:35:00",81434,12.67,13.88,749.9,12.28,49.55
"2020-09-06 05:40:00",81435,12.67,13.83,750,12.13,50.66
"2020-09-06 05:45:00",81436,12.66,13.77,750.1,11.76,51.89
"2020-09-06 05:50:00",81437,12.66,13.68,750.1,11.74,51.31
"2020-09-06 05:55:00",81438,12.66,13.62,750.2,11.94,50.57
"2020-09-06 06:00:00",81439,12.65,13.55,750.3,12.18,50.51
"2020-09-06 06:05:00",81440,12.65,13.52,750.4,12.16,50.2
"2020-09-06 06:10:00",81441,12.65,13.51,750.4,11.96,50.97
"2020-09-06 06:15:00",81442,12.65,13.49,750.5,11.99,50.73
"2020-09-06 06:20:00",81443,12.64,13.49,750.6,11.78,51.44
"2020-09-06 06:25:00",81444,12.64,13.5,750.6,11.76,50.95
"2020-09-06 06:30:00",81445,12.64,13.47,750.7,11.56,51.53
"2020-09-06 06:35:00",81446,12.65,13.43,750.8,11.42,51.84
"2020-09-06 06:40:00",81447,12.66,13.39,750.9,11.4,52.17
"2020-09-06 06:45:00",81448,12.69,13.37,751,11.65,52.27
"2020-09-06 06:50:00",81449,12.71,13.38,751,11.76,52.86
"2020-09-06 06:55:00",81450,12.74,13.43,751,11.82,54.56
"2020-09-06 07:00:00",81451,12.83,13.52,751.1,11.81,53.81
"2020-09-06 07:05:00",81452,12.95,13.69,751.3,12.12,52.43
"2020-09-06 07:10:00",81453,13.03,13.84,751.3,12.34,52.58
"2020-09-06 07:15:00",81454,13.14,14.04,751.4,12.46,52.84
"2020-09-06 07:20:00",81455,13.36,14.3,751.5,12.58,55.88
"2020-09-06 07:25:00",81456,13.47,14.64,751.5,12.53,55.69
"2020-09-06 07:30:00",81457,13.53,14.84,751.5,12.7,54.54
"2020-09-06 07:35:00",81458,13.69,15.3,751.6,13.33,53.09
"2020-09-06 07:40:00",81459,13.71,15.79,751.6,13.91,52.28
"2020-09-06 07:45:00",81460,13.69,16.23,751.7,14.45,49.84
"2020-09-06 07:50:00",81461,13.78,16.74,751.8,14.88,48
"2020-09-06 07:55:00",81462,13.89,17.41,751.8,15.92,43.58
"2020-09-06 08:00:00",81463,13.87,18.03,751.9,16.02,43.4
"2020-09-06 08:05:00",81464,13.75,18.85,751.9,16.33,42.9
"2020-09-06 08:10:00",81465,13.75,20.17,751.9,16.56,41.56
"2020-09-06 08:15:00",81466,13.72,20.96,751.9,16.98,41.25
"2020-09-06 08:20:00",81467,13.73,21.61,752,16.55,41.01
"2020-09-06 08:25:00",81468,13.7,22.16,752,16.28,41.81
"2020-09-06 08:30:00",81469,13.7,22.63,752.1,16.07,41.28
"2020-09-06 08:35:00",81470,13.67,23.08,752.1,16.99,40.71
"2020-09-06 08:40:00",81471,13.67,23.56,752.1,17.53,38.19
"2020-09-06 08:45:00",81472,13.67,24.12,752.2,17.84,38.61
"2020-09-06 08:50:00",81473,13.64,24.73,752.1,18.11,35.46
"2020-09-06 08:55:00",81474,13.65,25.36,752.1,18.8,33.75
"2020-09-06 09:00:00",81475,13.62,25.97,752.2,19.55,32.63
"2020-09-06 09:05:00",81476,13.62,26.57,752.2,18.62,34.46
"2020-09-06 09:10:00",81477,13.6,26.98,752.1,18.15,34.54
"2020-09-06 09:15:00",81478,13.59,27.36,752.2,19.24,33.79
"2020-09-06 09:20:00",81479,13.6,27.82,752.2,19.78,32.46
"2020-09-06 09:25:00",81480,13.57,28.28,752.3,19.98,32.01
"2020-09-06 09:30:00",81481,13.57,28.76,752.2,19.62,33.17
"2020-09-06 09:35:00",81482,13.55,29.12,752.2,20.36,32.77
"2020-09-06 09:40:00",81483,13.55,29.5,752.2,21.02,32.9
"2020-09-06 09:45:00",81484,13.55,29.77,752.2,21,30.77
"2020-09-06 09:50:00",81485,13.55,30.05,752.2,21.89,29.64
"2020-09-06 09:55:00",81486,13.53,30.43,752.2,21.48,29.47
"2020-09-06 10:00:00",81487,13.53,30.77,752.1,22.11,28.58
"2020-09-06 10:05:00",81488,13.53,31.17,752.1,21.05,30.67
"2020-09-06 10:10:00",81489,13.5,31.42,752.1,20.76,31.25
"2020-09-06 10:15:00",81490,13.5,31.6,752,22.34,29.4
"2020-09-06 10:20:00",81491,13.5,31.89,752,22.9,27.7
"2020-09-06 10:25:00",81492,13.5,32.18,751.9,23.15,29.2
"2020-09-06 10:30:00",81493,13.5,32.46,751.9,23.4,27.67
"2020-09-06 10:35:00",81494,13.48,32.56,751.8,23.32,27.86
"2020-09-06 10:40:00",81495,13.48,32.59,751.7,22.77,28.5
"2020-09-06 10:45:00",81496,13.48,32.58,751.7,22.69,28.35
"2020-09-06 10:50:00",81497,13.48,32.62,751.6,23.24,27.45
"2020-09-06 10:55:00",81498,13.48,32.68,751.6,22.91,26.61
"2020-09-06 11:00:00",81499,13.48,32.69,751.5,22.52,26.99
"2020-09-06 11:05:00",81500,13.48,32.61,751.4,22.99,26.92
"2020-09-06 11:10:00",81501,13.48,32.49,751.3,23.35,26.99
"2020-09-06 11:15:00",81502,13.48,32.51,751.3,24.35,25.15
"2020-09-06 11:20:00",81503,13.49,32.69,751.2,25.01,22.59
"2020-09-06 11:25:00",81504,13.48,32.87,751.1,23.99,22.38
"2020-09-06 11:30:00",81505,13.49,33.02,751,24.92,22.44
"2020-09-06 11:35:00",81506,13.48,33.21,750.9,24.9,22.58
"2020-09-06 11:40:00",81507,13.49,33.36,750.8,24.75,22.09
"2020-09-06 11:45:00",81508,13.46,33.41,750.7,24.55,22.21
"2020-09-06 11:50:00",81509,13.46,33.37,750.7,24.6,22.35
"2020-09-06 11:55:00",81510,13.46,33.35,750.6,23.5,22.9
"2020-09-06 12:00:00",81511,13.46,33.31,750.5,25.67,20.27
"2020-09-06 12:05:00",81512,13.46,33.45,750.4,25.99,19.73
"2020-09-06 12:10:00",81513,13.46,33.54,750.3,24.43,20.79
"2020-09-06 12:15:00",81514,13.46,33.53,750.3,25.74,19.37
"2020-09-06 12:20:00",81515,13.46,33.57,750.2,25.49,20.33
"2020-09-06 12:25:00",81516,13.46,33.69,750.1,25.75,20.42
"2020-09-06 12:30:00",81517,13.46,33.82,750.1,26.1,19.64
"2020-09-06 12:35:00",81518,13.47,33.95,750,26.98,18.04
"2020-09-06 12:40:00",81519,13.47,34.08,749.9,25.9,19.03
"2020-09-06 12:45:00",81520,13.47,34.12,749.8,26.21,18.35
"2020-09-06 12:50:00",81521,13.47,34.12,749.7,26.24,19.05
"2020-09-06 12:55:00",81522,13.47,34.1,749.6,26.14,19.11
"2020-09-06 13:00:00",81523,13.47,34.08,749.5,26.85,17.61
"2020-09-06 13:05:00",81524,13.47,34.15,749.3,27.7,17.59
"2020-09-06 13:10:00",81525,13.45,34.26,749.2,26.38,18.19
"2020-09-06 13:15:00",81526,13.44,34.31,749.1,26.99,18.32
"2020-09-06 13:20:00",81527,13.45,34.35,749,27.35,17.64
"2020-09-06 13:25:00",81528,13.45,34.39,748.9,26.78,18.59
"2020-09-06 13:30:00",81529,13.45,34.34,748.8,26.82,17.12
"2020-09-06 13:35:00",81530,13.45,34.3,748.7,27.31,16.3
"2020-09-06 13:40:00",81531,13.45,34.33,748.5,27.67,14.98
"2020-09-06 13:45:00",81532,13.45,34.41,748.4,28.34,15.65
"2020-09-06 13:50:00",81533,13.45,34.52,748.3,27.14,16.08
"2020-09-06 13:55:00",81534,13.45,34.56,748.2,27.4,16.59
"2020-09-06 14:00:00",81535,13.45,34.55,748.1,28.06,16.13
"2020-09-06 14:05:00",81536,13.45,34.59,748,27.47,16.94
"2020-09-06 14:10:00",81537,13.45,34.6,747.9,28.22,16.91
"2020-09-06 14:15:00",81538,13.45,34.67,747.8,28.5,16.86
"2020-09-06 14:20:00",81539,13.45,34.76,747.7,28.31,17.69
"2020-09-06 14:25:00",81540,13.45,34.84,747.6,28.25,17.3
"2020-09-06 14:30:00",81541,13.45,34.96,747.6,28.57,16.65
"2020-09-06 14:35:00",81542,13.45,35.09,747.5,28.75,16.8
"2020-09-06 14:40:00",81543,13.45,35.27,747.4,28.34,17.91
"2020-09-06 14:45:00",81544,13.43,35.36,747.3,27.83,17.91
"2020-09-06 14:50:00",81545,13.43,35.41,747.3,28.03,18.31
"2020-09-06 14:55:00",81546,13.43,35.4,747.2,27.79,18.16
"2020-09-06 15:00:00",81547,13.43,35.4,747.2,27.83,17.74
"2020-09-06 15:05:00",81548,13.43,35.49,747.1,28.18,17.47
"2020-09-06 15:10:00",81549,13.43,35.6,747.1,27.83,17.67
"2020-09-06 15:15:00",81550,13.43,35.7,746.9,28.3,17.83
"2020-09-06 15:20:00",81551,13.43,35.83,746.9,28.91,17.8
"2020-09-06 15:25:00",81552,13.43,35.94,746.8,27.91,20.44
"2020-09-06 15:30:00",81553,13.43,35.92,746.8,27.71,21.02
"2020-09-06 15:35:00",81554,13.43,35.78,746.7,27.51,20.73
"2020-09-06 15:40:00",81555,13.43,35.6,746.7,27.35,21.24
"2020-09-06 15:45:00",81556,13.43,35.36,746.7,27.14,21.54
"2020-09-06 15:50:00",81557,13.43,35.12,746.7,26.88,21.53
"2020-09-06 15:55:00",81558,13.43,34.87,746.7,27.02,22.3
"2020-09-06 16:00:00",81559,13.43,34.66,746.6,27.05,21.37
"2020-09-06 16:05:00",81560,13.43,34.52,746.6,27.3,21.14
"2020-09-06 16:10:00",81561,13.43,34.41,746.7,27.08,21.68
"2020-09-06 16:15:00",81562,13.43,34.3,746.7,26.87,23.09
"2020-09-06 16:20:00",81563,13.43,34.14,746.7,26.89,22.95
"2020-09-06 16:25:00",81564,13.43,33.94,746.7,26.89,23.61
"2020-09-06 16:30:00",81565,13.43,33.78,746.7,26.74,24.36
"2020-09-06 16:35:00",81566,13.43,33.65,746.6,26.4,25.92
"2020-09-06 16:40:00",81567,13.43,33.45,746.6,25.88,26.29
"2020-09-06 16:45:00",81568,13.43,33.19,746.7,26,26.98
"2020-09-06 16:50:00",81569,13.43,32.93,746.7,25.51,28.03
"2020-09-06 16:55:00",81570,13.43,32.61,746.7,25.4,28.57
"2020-09-06 17:00:00",81571,13.43,32.33,746.6,25.25,27.95
"2020-09-06 17:05:00",81572,13.42,32.04,746.7,25.32,28.56
"2020-09-06 17:10:00",81573,13.43,31.82,746.7,25.16,28.35
"2020-09-06 17:15:00",81574,13.28,31.23,746.7,24.66,29.29
"2020-09-06 17:20:00",81575,13.12,30.25,746.8,24.41,30.01
"2020-09-06 17:25:00",81576,13.08,29.57,746.8,24.04,30.82
"2020-09-06 17:30:00",81577,13.06,28.99,746.9,23.78,31.27
"2020-09-06 17:35:00",81578,13.05,28.46,746.9,23.48,31.11
"2020-09-06 17:40:00",81579,13.05,28,746.9,23.5,30.91
"2020-09-06 17:45:00",81580,13.04,27.59,747,23.37,30.84
"2020-09-06 17:50:00",81581,13.03,27.23,747,23.22,31.22
"2020-09-06 17:55:00",81582,13.01,26.9,747.1,22.84,33.03
"2020-09-06 18:00:00",81583,13,26.58,747.2,22.62,33.18
"2020-09-06 18:05:00",81584,12.98,26.27,747.3,22.58,33.37
"2020-09-06 18:10:00",81585,12.97,26,747.3,22.34,33.55
"2020-09-06 18:15:00",81586,12.96,25.72,747.4,22.18,33.87
"2020-09-06 18:20:00",81587,12.95,25.46,747.5,22.04,35.24
"2020-09-06 18:25:00",81588,12.95,25.16,747.6,21.84,35.52
"2020-09-06 18:30:00",81589,12.95,24.91,747.7,21.8,36.01
"2020-09-06 18:35:00",81590,12.94,24.69,747.8,21.78,36.08
"2020-09-06 18:40:00",81591,12.94,24.49,747.9,21.25,37.04
"2020-09-06 18:45:00",81592,12.94,24.3,748,20.95,37.14
"2020-09-06 18:50:00",81593,12.93,24.11,748.1,21.07,36.76
"2020-09-06 18:55:00",81594,12.93,23.95,748.2,21.09,36.53
"2020-09-06 19:00:00",81595,12.93,23.8,748.3,20.91,37.24
"2020-09-06 19:05:00",81596,12.93,23.66,748.4,20.45,39.05
"2020-09-06 19:10:00",81597,12.92,23.47,748.5,20.23,39.87
"2020-09-06 19:15:00",81598,12.92,23.29,748.7,20.23,39.25
"2020-09-06 19:20:00",81599,12.92,23.11,748.7,20.34,38.94
"2020-09-06 19:25:00",81600,12.92,22.94,748.8,20.34,38.94
"2020-09-06 19:30:00",81601,12.91,22.81,748.8,20.29,39.23
"2020-09-06 19:35:00",81602,12.91,22.66,748.8,20.08,40.21
"2020-09-06 19:40:00",81603,12.91,22.54,748.9,19.9,40.77
"2020-09-06 19:45:00",81604,12.9,22.44,749,19.72,41.21
"2020-09-06 19:50:00",81605,12.9,22.32,749.2,19.71,41.56
"2020-09-06 19:55:00",81606,12.9,22.18,749.3,19.37,42.77
"2020-09-06 20:00:00",81607,12.9,22.04,749.4,19.36,42.58
"2020-09-06 20:05:00",81608,12.9,21.9,749.5,19.13,43.39
"2020-09-06 20:10:00",81609,12.9,21.74,749.7,19.03,43.66
"2020-09-06 20:15:00",81610,12.89,21.59,749.8,18.86,44.05
"2020-09-06 20:20:00",81611,12.89,21.43,749.8,18.93,43.84
"2020-09-06 20:25:00",81612,12.89,21.31,749.9,18.93,44
"2020-09-06 20:30:00",81613,12.89,21.2,750.1,18.64,44.92
"2020-09-06 20:35:00",81614,12.88,21.09,750.2,19.18,43.1
"2020-09-06 20:40:00",81615,12.88,21.05,750.3,19.6,41.9
"2020-09-06 20:45:00",81616,12.88,21.05,750.2,19.76,41.44
"2020-09-06 20:50:00",81617,12.88,21.1,750.3,19.73,41.63
"2020-09-06 20:55:00",81618,12.88,21.15,750.3,19.43,42.81
"2020-09-06 21:00:00",81619,12.87,21.16,750.4,19.55,41.57
"2020-09-06 21:05:00",81620,12.87,21.18,750.6,19.82,41.31
"2020-09-06 21:10:00",81621,12.87,21.2,750.7,19.41,42.46
"2020-09-06 21:15:00",81622,12.87,21.2,750.6,19.1,43.06
"2020-09-06 21:20:00",81623,12.87,21.15,750.7,18.92,44.06
"2020-09-06 21:25:00",81624,12.87,21.09,750.9,18.83,43.86
"2020-09-06 21:30:00",81625,12.86,21.02,750.9,18.73,44.11
"2020-09-06 21:35:00",81626,12.86,20.94,751,18.66,43.91
"2020-09-06 21:40:00",81627,12.86,20.89,751.1,18.81,43.54
"2020-09-06 21:45:00",81628,12.86,20.81,751.2,18.71,43.72
"2020-09-06 21:50:00",81629,12.86,20.74,751.2,19.01,42.51
"2020-09-06 21:55:00",81630,12.86,20.7,751.2,18.88,42.68
"2020-09-06 22:00:00",81631,12.86,20.65,751.2,18.74,42.92
"2020-09-06 22:05:00",81632,12.86,20.61,751.2,18.67,43.01
"2020-09-06 22:10:00",81633,12.85,20.52,751.3,18.5,43.7
"2020-09-06 22:15:00",81634,12.85,20.44,751.3,18.34,44.57
"2020-09-06 22:20:00",81635,12.85,20.32,751.3,18.19,44.8
"2020-09-06 22:25:00",81636,12.85,20.21,751.3,17.9,46.1
"2020-09-06 22:30:00",81637,12.85,20.08,751.3,17.63,47.23
"2020-09-06 22:35:00",81638,12.84,19.98,751.4,17.63,47.32
"2020-09-06 22:40:00",81639,12.84,19.86,751.4,17.64,47.23
"2020-09-06 22:45:00",81640,12.84,19.75,751.5,17.58,47.66
"2020-09-06 22:50:00",81641,12.84,19.66,751.6,17.39,48.14
"2020-09-06 22:55:00",81642,12.84,19.55,751.6,17.21,48.62
"2020-09-06 23:00:00",81643,12.84,19.43,751.6,17.08,49.13
"2020-09-06 23:05:00",81644,12.83,19.32,751.6,17.01,49.31
"2020-09-06 23:10:00",81645,12.83,19.19,751.7,16.97,49.21
"2020-09-06 23:15:00",81646,12.83,19.08,751.7,17.05,48.88
"2020-09-06 23:20:00",81647,12.83,18.99,751.8,16.93,49.36
"2020-09-06 23:25:00",81648,12.83,18.87,751.9,16.71,49.8
"2020-09-06 23:30:00",81649,12.83,18.74,751.9,16.67,49.89
"2020-09-06 23:35:00",81650,12.82,18.63,751.8,16.75,49.37
"2020-09-06 23:40:00",81651,12.82,18.54,751.8,16.79,49.03
"2020-09-06 23:45:00",81652,12.82,18.48,751.8,16.99,48.12
"2020-09-06 23:50:00",81653,12.82,18.47,751.8,17.05,47.72
"2020-09-06 23:55:00",81654,12.82,18.5,751.8,17.13,46.7
"2020-09-07 00:00:00",81655,12.82,18.55,751.7,17.03,47.15
"2020-09-07 00:05:00",81656,12.82,18.57,751.7,17.07,47.13
"2020-09-07 00:10:00",81657,12.81,18.59,751.6,16.8,48.28
"2020-09-07 00:15:00",81658,12.81,18.55,751.6,16.61,48.32
"2020-09-07 00:20:00",81659,12.81,18.5,751.6,16.67,47.83
"2020-09-07 00:25:00",81660,12.81,18.44,751.5,16.71,47.49
"2020-09-07 00:30:00",81661,12.81,18.36,751.5,16.59,47.38
"2020-09-07 00:35:00",81662,12.81,18.3,751.4,16.74,46.83
"2020-09-07 00:40:00",81663,12.81,18.23,751.3,16.93,46.01
"2020-09-07 00:45:00",81664,12.81,18.18,751.2,16.91,45.91
"2020-09-07 00:50:00",81665,12.8,18.12,751.2,16.92,45.35
"2020-09-07 00:55:00",81666,12.8,18.06,751.2,16.85,45.75
"2020-09-07 01:00:00",81667,12.8,17.97,751.1,16.78,45.96
"2020-09-07 01:05:00",81668,12.8,17.9,751.1,16.72,46.42
"2020-09-07 01:10:00",81669,12.8,17.83,750.9,17.07,44.67
"2020-09-07 01:15:00",81670,12.8,17.82,750.8,16.67,48.02
"2020-09-07 01:20:00",81671,12.79,17.8,750.8,16.22,49.21
"2020-09-07 01:25:00",81672,12.79,17.75,750.6,15.96,49.98
"2020-09-07 01:30:00",81673,12.79,17.68,750.6,15.95,50.32
"2020-09-07 01:35:00",81674,12.79,17.58,750.4,16.02,49.55
"2020-09-07 01:40:00",81675,12.79,17.5,750.4,16.02,48.81
"2020-09-07 01:45:00",81676,12.79,17.44,750.4,15.6,49.44
"2020-09-07 01:50:00",81677,12.78,17.35,750.4,15.22,49.48
"2020-09-07 01:55:00",81678,12.78,17.26,750.4,15.19,49.13
"2020-09-07 02:00:00",81679,12.78,17.17,750.5,15.1,49.68
"2020-09-07 02:05:00",81680,12.78,17.06,750.4,14.74,51.39
"2020-09-07 02:10:00",81681,12.77,16.93,750.4,14.59,51.4
"2020-09-07 02:15:00",81682,12.77,16.8,750.4,14.56,51.46
"2020-09-07 02:20:00",81683,12.77,16.66,750.4,14.7,50.86
"2020-09-07 02:25:00",81684,12.77,16.54,750.5,14.88,50.67
"2020-09-07 02:30:00",81685,12.77,16.43,750.4,14.78,51.79
"2020-09-07 02:35:00",81686,12.76,16.35,750.5,14.33,54.42
"2020-09-07 02:40:00",81687,12.76,16.28,750.5,14.73,52.37
"2020-09-07 02:45:00",81688,12.76,16.24,750.6,14.89,52.21
"2020-09-07 02:50:00",81689,12.76,16.22,750.5,14.76,52.62
"2020-09-07 02:55:00",81690,12.75,16.19,750.5,14.69,53.07
"2020-09-07 03:00:00",81691,12.75,16.13,750.3,14.45,54.25
"2020-09-07 03:05:00",81692,12.75,16.07,750.2,14.36,54.63
"2020-09-07 03:10:00",81693,12.74,15.99,750.2,14.2,55.13
"2020-09-07 03:15:00",81694,12.74,15.89,750.1,14.25,55.07
"2020-09-07 03:20:00",81695,12.74,15.81,750.2,14.09,56.08
"2020-09-07 03:25:00",81696,12.74,15.75,750.1,13.8,57.06
"2020-09-07 03:30:00",81697,12.74,15.69,750,13.68,57.46
"2020-09-07 03:35:00",81698,12.73,15.6,750,13.47,58.29
"2020-09-07 03:40:00",81699,12.73,15.51,750.1,13.37,58.94
"2020-09-07 03:45:00",81700,12.73,15.39,750.1,13.51,57.91
"2020-09-07 03:50:00",81701,12.72,15.28,750,13.69,57.88
"2020-09-07 03:55:00",81702,12.72,15.22,749.9,13.83,57.33
"2020-09-07 04:00:00",81703,12.72,15.18,749.9,14.01,56.31
"2020-09-07 04:05:00",81704,12.72,15.15,750.1,14.01,56.73
"2020-09-07 04:10:00",81705,12.71,15.14,750.1,13.97,56.63
"2020-09-07 04:15:00",81706,12.71,15.14,750.2,14.25,55.47
"2020-09-07 04:20:00",81707,12.71,15.17,750.2,13.87,56.46
"2020-09-07 04:25:00",81708,12.71,15.21,750.1,14.33,54.54
"2020-09-07 04:30:00",81709,12.7,15.23,750,13.89,56.05
"2020-09-07 04:35:00",81710,12.7,15.24,750,13.37,58.25
"2020-09-07 04:40:00",81711,12.7,15.22,749.9,13.23,58.89
"2020-09-07 04:45:00",81712,12.69,15.16,749.9,12.99,59.83
"2020-09-07 04:50:00",81713,12.69,15.07,749.8,12.99,59.86
"2020-09-07 04:55:00",81714,12.69,14.97,750,13.09,59.9
"2020-09-07 05:00:00",81715,12.68,14.89,750.2,12.92,60.44
"2020-09-07 05:05:00",81716,12.68,14.8,750.2,13,60.37
"2020-09-07 05:10:00",81717,12.68,14.75,750.2,12.9,60.85
"2020-09-07 05:15:00",81718,12.68,14.68,750.2,12.71,61.83
"2020-09-07 05:20:00",81719,12.67,14.63,750.1,12.7,61.56
"2020-09-07 05:25:00",81720,12.67,14.55,750.2,12.84,61.08
"2020-09-07 05:30:00",81721,12.67,14.5,750.2,12.72,61.59
"2020-09-07 05:35:00",81722,12.66,14.4,750.2,12.58,62.15
"2020-09-07 05:40:00",81723,12.66,14.31,750.3,12.57,62.36
"2020-09-07 05:45:00",81724,12.66,14.22,750.4,12.48,62.81
"2020-09-07 05:50:00",81725,12.65,14.14,750.5,12.38,63.03
"2020-09-07 05:55:00",81726,12.65,14.06,750.6,12.19,63.67
"2020-09-07 06:00:00",81727,12.65,13.98,750.7,12.07,64.17
"2020-09-07 06:05:00",81728,12.64,13.9,750.8,12.11,64.27
"2020-09-07 06:10:00",81729,12.64,13.81,750.9,11.87,65.27
"2020-09-07 06:15:00",81730,12.64,13.75,750.9,12.1,64.09
"2020-09-07 06:20:00",81731,12.63,13.72,750.9,12.15,63.87
"2020-09-07 06:25:00",81732,12.63,13.73,751,12.32,63.14
"2020-09-07 06:30:00",81733,12.63,13.78,751,12.45,62.63
"2020-09-07 06:35:00",81734,12.63,13.83,751,12.72,61.56
"2020-09-07 06:40:00",81735,12.63,13.87,751.2,12.38,62.88
"2020-09-07 06:45:00",81736,12.64,13.88,751.3,12.06,64
"2020-09-07 06:50:00",81737,12.66,13.86,751.3,12.12,63.89
"2020-09-07 06:55:00",81738,12.67,13.85,751.3,12.07,64.35
"2020-09-07 07:00:00",81739,12.69,13.84,751.3,11.76,65.92
"2020-09-07 07:05:00",81740,12.71,13.83,751.3,11.78,66.16
"2020-09-07 07:10:00",81741,12.72,13.82,751.3,11.76,66
"2020-09-07 07:15:00",81742,12.74,13.83,751.3,12.32,63.78
"2020-09-07 07:20:00",81743,12.77,13.89,751.3,12.5,63.11
"2020-09-07 07:25:00",81744,12.82,13.98,751.3,12.42,63.21
"2020-09-07 07:30:00",81745,12.88,14.08,751.4,12.37,64.52
"2020-09-07 07:35:00",81746,12.97,14.19,751.4,12.32,63.78
"2020-09-07 07:40:00",81747,13.08,14.3,751.5,12.68,62.55
"2020-09-07 07:45:00",81748,13.21,14.42,751.6,13.07,61.59
"2020-09-07 07:50:00",81749,13.34,14.59,751.6,13.05,62.12
"2020-09-07 07:55:00",81750,13.43,14.79,751.7,13,62.08
"2020-09-07 08:00:00",81751,13.49,14.99,751.8,13.18,60.78
"2020-09-07 08:05:00",81752,13.54,15.21,751.9,13.25,59.96
"2020-09-07 08:10:00",81753,13.57,15.44,751.9,13.36,60.27
"2020-09-07 08:15:00",81754,13.59,15.68,751.9,13.21,62.61
"2020-09-07 08:20:00",81755,13.61,15.91,751.9,12.74,63.77
"2020-09-07 08:25:00",81756,13.66,16.15,751.8,12.81,63.63
"2020-09-07 08:30:00",81757,13.74,16.45,751.9,13.17,62.4
"2020-09-07 08:35:00",81758,13.89,16.83,751.9,13.61,60.94
"2020-09-07 08:40:00",81759,13.78,17.68,752,13.85,60.59
"2020-09-07 08:45:00",81760,13.78,18.79,752,13.99,59.57
"2020-09-07 08:50:00",81761,13.75,19.49,752.1,15.08,55.77
"2020-09-07 08:55:00",81762,13.75,20.15,752.1,16.08,53.7
"2020-09-07 09:00:00",81763,13.72,20.88,752,16.92,47.05
"2020-09-07 09:05:00",81764,13.72,21.64,752,17.13,47.17
"2020-09-07 09:10:00",81765,13.7,22.34,752.1,16.94,48.74
"2020-09-07 09:15:00",81766,13.67,23.02,752.1,18.06,44.54
"2020-09-07 09:20:00",81767,13.67,23.65,752.1,17.59,46.03
"2020-09-07 09:25:00",81768,13.67,24.25,752,17.95,45.28
"2020-09-07 09:30:00",81769,13.65,24.71,752,18.55,43.45
"2020-09-07 09:35:00",81770,13.65,25.13,752,17.89,45.34
"2020-09-07 09:40:00",81771,13.62,25.39,751.9,17.45,46.67
"2020-09-07 09:45:00",81772,13.62,25.6,751.9,18.67,42.98
"2020-09-07 09:50:00",81773,13.62,25.89,751.9,17.79,45.13
"2020-09-07 09:55:00",81774,13.62,26.17,751.9,18.31,44.56
"2020-09-07 10:00:00",81775,13.62,26.43,751.8,18.17,44.04
"2020-09-07 10:05:00",81776,13.6,26.63,751.8,18.78,42.71
"2020-09-07 10:10:00",81777,13.6,26.88,751.7,18.15,42.76
"2020-09-07 10:15:00",81778,13.6,27.03,751.7,18.86,42.59
"2020-09-07 10:20:00",81779,13.6,27.22,751.7,19.09,41.39
"2020-09-07 10:25:00",81780,13.6,27.46,751.6,18.97,41.51
"2020-09-07 10:30:00",81781,13.57,27.62,751.7,19.6,40.09
"2020-09-07 10:35:00",81782,13.57,27.76,751.6,20.52,39.74
"2020-09-07 10:40:00",81783,13.57,27.99,751.5,20.7,37.74
"2020-09-07 10:45:00",81784,13.58,28.23,751.4,21.23,37.07
"2020-09-07 10:50:00",81785,13.57,28.46,751.3,20.82,37.03
"2020-09-07 10:55:00",81786,13.58,28.67,751.2,21.45,34.92
"2020-09-07 11:00:00",81787,13.58,28.86,751.1,20.78,34.07
"2020-09-07 11:05:00",81788,13.55,28.98,751,21.99,31.45
"2020-09-07 11:10:00",81789,13.55,29.16,750.9,21.73,31.43
"2020-09-07 11:15:00",81790,13.55,29.35,750.7,21.08,32.24
"2020-09-07 11:20:00",81791,13.55,29.45,750.5,21.45,31.64
"2020-09-07 11:25:00",81792,13.55,29.54,750.4,21.96,29.64
"2020-09-07 11:30:00",81793,13.55,29.65,750.4,22.29,29.33
"2020-09-07 11:35:00",81794,13.55,29.8,750.3,22.56,29.99
"2020-09-07 11:40:00",81795,13.53,29.94,750.2,22.3,30.01
"2020-09-07 11:45:00",81796,13.53,29.95,750.1,21.83,31.3
"2020-09-07 11:50:00",81797,13.53,29.96,750,22.39,30.45
"2020-09-07 11:55:00",81798,13.53,30.01,749.8,22.47,30.62
"2020-09-07 12:00:00",81799,13.53,30.11,749.8,22.64,30.17
"2020-09-07 12:05:00",81800,13.53,30.22,749.7,23.37,29.62
"2020-09-07 12:10:00",81801,13.53,30.38,749.6,23.53,29.7
"2020-09-07 12:15:00",81802,13.53,30.57,749.5,23.95,29.5
"2020-09-07 12:20:00",81803,13.54,30.84,749.4,23.58,29.37
"2020-09-07 12:25:00",81804,13.51,31.1,749.3,23.51,29.3
"2020-09-07 12:30:00",81805,13.51,31.3,749.2,23.75,29.89
"2020-09-07 12:35:00",81806,13.51,31.45,749,22.96,31
"2020-09-07 12:40:00",81807,13.51,31.45,748.9,23.62,29.85
"2020-09-07 12:45:00",81808,13.51,31.47,748.7,23.82,30.2
"2020-09-07 12:50:00",81809,13.52,31.53,748.6,24.27,28.82
"2020-09-07 12:55:00",81810,13.51,31.58,748.5,23.6,30.45
"2020-09-07 13:00:00",81811,13.52,31.52,748.5,24.09,29.35
"2020-09-07 13:05:00",81812,13.51,31.47,748.3,24.17,29.69
"2020-09-07 13:10:00",81813,13.51,31.4,748.3,23.62,30.18
"2020-09-07 13:15:00",81814,13.52,31.26,748.2,23.84,28.85
"2020-09-07 13:20:00",81815,13.52,31.14,748.1,23.95,28.72
"2020-09-07 13:25:00",81816,13.52,31.04,748,24.15,29.35
"2020-09-07 13:30:00",81817,13.52,30.97,747.9,23.99,29.27
"2020-09-07 13:35:00",81818,13.52,30.91,747.9,23.83,29.05
"2020-09-07 13:40:00",81819,13.52,30.84,747.8,23.89,28.52
"2020-09-07 13:45:00",81820,13.52,30.79,747.7,24.28,28.79
"2020-09-07 13:50:00",81821,13.52,30.79,747.7,24.88,27.1
"2020-09-07 13:55:00",81822,13.52,30.85,747.7,24.29,28.28
"2020-09-07 14:00:00",81823,13.52,30.88,747.6,23.94,28.56
"2020-09-07 14:05:00",81824,13.52,30.91,747.6,24.59,27.76
"2020-09-07 14:10:00",81825,13.52,30.96,747.5,24.2,28.61
"2020-09-07 14:15:00",81826,13.52,31.01,747.3,24.59,28.03
"2020-09-07 14:20:00",81827,13.52,31.06,747.3,24.46,27.78
"2020-09-07 14:25:00",81828,13.52,31.11,747.2,24.33,28.35
"2020-09-07 14:30:00",81829,13.52,31.12,747.1,24.29,28.11
"2020-09-07 14:35:00",81830,13.52,31.07,747,24.23,28.55
"2020-09-07 14:40:00",81831,13.53,31.02,747,24.57,27.76
"2020-09-07 14:45:00",81832,13.52,30.96,746.9,24.31,28.79
"2020-09-07 14:50:00",81833,13.52,30.88,746.8,24.27,28.34
"2020-09-07 14:55:00",81834,13.52,30.82,746.8,24.41,27.24
"2020-09-07 15:00:00",81835,13.53,30.79,746.7,24.75,26.72
"2020-09-07 15:05:00",81836,13.53,30.79,746.6,25.08,26.43
"2020-09-07 15:10:00",81837,13.52,30.89,746.6,24.75,27.84
"2020-09-07 15:15:00",81838,13.53,30.97,746.5,24.54,27.76
"2020-09-07 15:20:00",81839,13.52,31.04,746.5,25.11,27.15
"2020-09-07 15:25:00",81840,13.53,31.08,746.5,24.88,28.09
"2020-09-07 15:30:00",81841,13.53,31.06,746.4,24.1,28.2
"2020-09-07 15:35:00",81842,13.53,30.95,746.4,23.95,28.46
"2020-09-07 15:40:00",81843,13.52,30.81,746.4,24.29,27.29
"2020-09-07 15:45:00",81844,13.53,30.65,746.4,24.27,28.24
"2020-09-07 15:50:00",81845,13.53,30.52,746.4,24.3,28.42
"2020-09-07 15:55:00",81846,13.52,30.41,746.4,24.15,28.71
"2020-09-07 16:00:00",81847,13.53,30.31,746.5,24.3,28.96
"2020-09-07 16:05:00",81848,13.53,30.21,746.5,24.25,28.48
"2020-09-07 16:10:00",81849,13.52,30.12,746.4,24.27,29.56
"2020-09-07 16:15:00",81850,13.52,30.03,746.5,24.12,29.75
"2020-09-07 16:20:00",81851,13.52,29.95,746.5,24.32,29.43
"2020-09-07 16:25:00",81852,13.53,29.9,746.5,24.34,29.5
"2020-09-07 16:30:00",81853,13.52,29.84,746.5,24.5,29.04
"2020-09-07 16:35:00",81854,13.52,29.78,746.5,23.99,29.27
"2020-09-07 16:40:00",81855,13.52,29.69,746.4,23.95,27.85
"2020-09-07 16:45:00",81856,13.52,29.56,746.5,23.9,28.86
"2020-09-07 16:50:00",81857,13.52,29.42,746.5,23.66,30.66
"2020-09-07 16:55:00",81858,13.52,29.26,746.5,23.62,30.72
"2020-09-07 17:00:00",81859,13.52,29.07,746.5,23.56,32.53
"2020-09-07 17:05:00",81860,13.52,28.89,746.6,23.47,31.58
"2020-09-07 17:10:00",81861,13.52,28.69,746.6,23.07,31.88
"2020-09-07 17:15:00",81862,13.52,28.43,746.6,22.77,32.72
"2020-09-07 17:20:00",81863,13.52,28.03,746.6,22.57,33.27
"2020-09-07 17:25:00",81864,13.42,27.27,746.7,22.21,33.8
"2020-09-07 17:30:00",81865,13.29,26.76,746.7,22.33,33.71
"2020-09-07 17:35:00",81866,13.2,26.39,746.7,22.18,33.67
"2020-09-07 17:40:00",81867,13.15,26.07,746.7,22.21,33.44
"2020-09-07 17:45:00",81868,13.1,25.79,746.7,22.21,33.21
"2020-09-07 17:50:00",81869,13.07,25.55,746.8,22.13,33.46
"2020-09-07 17:55:00",81870,13.05,25.33,746.8,21.83,35.06
"2020-09-07 18:00:00",81871,13.02,25.14,746.8,21.73,35.35
"2020-09-07 18:05:00",81872,13.01,24.94,746.8,21.65,35.7
"2020-09-07 18:10:00",81873,12.99,24.75,746.8,21.33,37.15
"2020-09-07 18:15:00",81874,12.98,24.54,746.8,21.08,37.84
"2020-09-07 18:20:00",81875,12.97,24.31,746.9,21.09,38.04
"2020-09-07 18:25:00",81876,12.97,24.07,747,21.22,36.91
"2020-09-07 18:30:00",81877,12.96,23.89,747,21.3,35.93
"2020-09-07 18:35:00",81878,12.96,23.74,747,21.24,36.15
"2020-09-07 18:40:00",81879,12.96,23.62,747,21.19,36.54
"2020-09-07 18:45:00",81880,12.95,23.5,747,21.13,36.6
"2020-09-07 18:50:00",81881,12.95,23.4,747,20.91,36.71
"2020-09-07 18:55:00",81882,12.95,23.31,747.1,20.53,37.72
"2020-09-07 19:00:00",81883,12.94,23.18,747.1,20.16,39.05
"2020-09-07 19:05:00",81884,12.94,23.06,747.2,19.99,39.26
"2020-09-07 19:10:00",81885,12.94,22.91,747.3,19.93,39.03
"2020-09-07 19:15:00",81886,12.94,22.76,747.3,19.88,39.02
"2020-09-07 19:20:00",81887,12.93,22.62,747.4,19.84,38.76
"2020-09-07 19:25:00",81888,12.93,22.49,747.4,19.94,38.25
"2020-09-07 19:30:00",81889,12.93,22.35,747.4,19.96,38.09
"2020-09-07 19:35:00",81890,12.92,22.25,747.5,20.07,37.74
"2020-09-07 19:40:00",81891,12.92,22.17,747.6,20.28,38.41
"2020-09-07 19:45:00",81892,12.92,22.12,747.7,20.2,39.64
"2020-09-07 19:50:00",81893,12.92,22.08,747.8,20.12,40.05
"2020-09-07 19:55:00",81894,12.92,22.03,748,20.08,40.02
"2020-09-07 20:00:00",81895,12.92,21.99,748,19.98,40.13
"2020-09-07 20:05:00",81896,12.91,21.94,748.1,19.59,41.13
"2020-09-07 20:10:00",81897,12.91,21.84,748.3,19.32,41.93
"2020-09-07 20:15:00",81898,12.91,21.74,748.3,18.98,43.27
"2020-09-07 20:20:00",81899,12.91,21.56,748.4,18.79,43.7
"2020-09-07 20:25:00",81900,12.9,21.39,748.5,18.57,44.53
"2020-09-07 20:30:00",81901,12.9,21.21,748.7,18.47,45.03
"2020-09-07 20:35:00",81902,12.9,21.02,748.7,18.23,45.7
"2020-09-07 20:40:00",81903,12.9,20.83,748.8,18.03,46.71
"2020-09-07 20:45:00",81904,12.89,20.64,748.9,17.85,47.1
"2020-09-07 20:50:00",81905,12.89,20.46,748.9,17.79,47.16
"2020-09-07 20:55:00",81906,12.89,20.29,749,17.84,47.29
"2020-09-07 21:00:00",81907,12.89,20.15,749.1,17.77,47.69
"2020-09-07 21:05:00",81908,12.89,20.01,749.2,18.12,45.94
"2020-09-07 21:10:00",81909,12.88,19.94,749.2,18.36,45.11
"2020-09-07 21:15:00",81910,12.88,19.89,749.1,18.08,45.99
"2020-09-07 21:20:00",81911,12.88,19.84,749.1,17.96,46.55
"2020-09-07 21:25:00",81912,12.88,19.78,749.2,18.02,45.86
"2020-09-07 21:30:00",81913,12.88,19.73,749.2,18.17,45.18
"2020-09-07 21:35:00",81914,12.87,19.7,749.2,17.97,45.79
"2020-09-07 21:40:00",81915,12.87,19.66,749.3,17.97,46.11
"2020-09-07 21:45:00",81916,12.87,19.61,749.3,17.89,46.16
"2020-09-07 21:50:00",81917,12.87,19.55,749.3,18.11,45.17
"2020-09-07 21:55:00",81918,12.87,19.5,749.2,18.07,44.73
"2020-09-07 22:00:00",81919,12.87,19.46,749.3,17.79,45.89
"2020-09-07 22:05:00",81920,12.86,19.4,749.3,17.55,46.56
"2020-09-07 22:10:00",81921,12.86,19.34,749.3,17.83,45.52
"2020-09-07 22:15:00",81922,12.86,19.27,749.4,17.62,45.94
"2020-09-07 22:20:00",81923,12.86,19.19,749.3,17.65,45.63
"2020-09-07 22:25:00",81924,12.86,19.11,749.3,17.85,45.02
"2020-09-07 22:30:00",81925,12.86,19.05,749.3,17.69,45.5
"2020-09-07 22:35:00",81926,12.85,19,749.4,17.59,45.81
"2020-09-07 22:40:00",81927,12.85,18.94,749.4,17.35,46.41
"2020-09-07 22:45:00",81928,12.85,18.85,749.4,17.19,47.14
"2020-09-07 22:50:00",81929,12.85,18.77,749.4,16.98,48.06
"2020-09-07 22:55:00",81930,12.85,18.67,749.3,16.81,48.5
"2020-09-07 23:00:00",81931,12.85,18.55,749.3,16.71,48.9
"2020-09-07 23:05:00",81932,12.84,18.46,749.3,16.63,49.2
"2020-09-07 23:10:00",81933,12.84,18.34,749.4,16.11,51.02
"2020-09-07 23:15:00",81934,12.84,18.22,749.4,16.3,50.37
"2020-09-07 23:20:00",81935,12.84,18.11,749.4,16.33,50.28
"2020-09-07 23:25:00",81936,12.84,18.02,749.4,16.24,50.39
"2020-09-07 23:30:00",81937,12.83,17.93,749.4,16.03,51.17
"2020-09-07 23:35:00",81938,12.83,17.82,749.4,16,51.35
"2020-09-07 23:40:00",81939,12.83,17.72,749.4,15.99,51.62
"2020-09-07 23:45:00",81940,12.83,17.64,749.4,15.88,51.85
"2020-09-07 23:50:00",81941,12.83,17.55,749.5,16,51.5
"2020-09-07 23:55:00",81942,12.83,17.49,749.5,16.08,51.36
"2020-09-08 00:00:00",81943,12.83,17.43,749.5,16.21,51.34
"2020-09-08 00:05:00",81944,12.83,17.39,749.5,16.02,52.21
"2020-09-08 00:10:00",81945,12.82,17.35,749.5,15.82,53.08
"2020-09-08 00:15:00",81946,12.82,17.3,749.5,15.7,53.7
"2020-09-08 00:20:00",81947,12.82,17.28,749.5,15.64,54.15
"2020-09-08 00:25:00",81948,12.82,17.23,749.5,15.68,54
"2020-09-08 00:30:00",81949,12.82,17.19,749.6,15.36,55.12
"2020-09-08 00:35:00",81950,12.81,17.12,749.5,14.86,56.53
"2020-09-08 00:40:00",81951,12.81,17.03,749.5,14.71,57.2
"2020-09-08 00:45:00",81952,12.81,16.93,749.5,14.65,57.37
"2020-09-08 00:50:00",81953,12.81,16.84,749.5,15.03,56.49
"2020-09-08 00:55:00",81954,12.81,16.76,749.4,15.36,55.63
"2020-09-08 01:00:00",81955,12.81,16.75,749.3,15.29,56.02
"2020-09-08 01:05:00",81956,12.81,16.72,749.3,15.46,55.31
"2020-09-08 01:10:00",81957,12.8,16.73,749.3,15.58,54.84
"2020-09-08 01:15:00",81958,12.8,16.75,749.3,15.55,54.84
"2020-09-08 01:20:00",81959,12.8,16.78,749.4,15.68,54.28
"2020-09-08 01:25:00",81960,12.8,16.81,749.4,15.64,54.37
"2020-09-08 01:30:00",81961,12.8,16.82,749.4,15.59,54.57
"2020-09-08 01:35:00",81962,12.8,16.86,749.4,15.5,54.96
"2020-09-08 01:40:00",81963,12.8,16.87,749.4,15.44,55.1
"2020-09-08 01:45:00",81964,12.79,16.87,749.3,14.53,58.55
"2020-09-08 01:50:00",81965,12.79,16.82,749.3,14.63,58.27
"2020-09-08 01:55:00",81966,12.79,16.75,749.3,14.88,57.38
"2020-09-08 02:00:00",81967,12.79,16.68,749.2,15.12,56.35
"2020-09-08 02:05:00",81968,12.79,16.65,749.3,15.16,56.18
"2020-09-08 02:10:00",81969,12.78,16.59,749.3,14.51,58.73
"2020-09-08 02:15:00",81970,12.78,16.51,749.3,14.44,58.84
"2020-09-08 02:20:00",81971,12.78,16.44,749.4,14.7,57.8
"2020-09-08 02:25:00",81972,12.78,16.36,749.4,14.99,56.7
"2020-09-08 02:30:00",81973,12.78,16.3,749.4,14.63,58.06
"2020-09-08 02:35:00",81974,12.77,16.23,749.3,14.13,59.96
"2020-09-08 02:40:00",81975,12.77,16.11,749.4,14.21,59.7
"2020-09-08 02:45:00",81976,12.77,16,749.4,14.24,59.7
"2020-09-08 02:50:00",81977,12.77,15.93,749.4,14.05,60.42
"2020-09-08 02:55:00",81978,12.76,15.84,749.4,13.69,61.63
"2020-09-08 03:00:00",81979,12.76,15.74,749.4,13.49,62.42
"2020-09-08 03:05:00",81980,12.76,15.63,749.3,13.15,63.69
"2020-09-08 03:10:00",81981,12.76,15.51,749.3,13.17,63.63
"2020-09-08 03:15:00",81982,12.76,15.39,749.4,13.14,63.48
"2020-09-08 03:20:00",81983,12.75,15.29,749.4,13.3,62.78
"2020-09-08 03:25:00",81984,12.75,15.2,749.4,13.24,62.79
"2020-09-08 03:30:00",81985,12.75,15.13,749.5,13.28,62.6
"2020-09-08 03:35:00",81986,12.74,15.04,749.6,13.05,63.41
"2020-09-08 03:40:00",81987,12.74,14.96,749.6,12.93,63.86
"2020-09-08 03:45:00",81988,12.74,14.86,749.5,13,63.61
"2020-09-08 03:50:00",81989,12.73,14.79,749.5,13.13,63.04
"2020-09-08 03:55:00",81990,12.73,14.71,749.5,13.02,63.46
"2020-09-08 04:00:00",81991,12.73,14.63,749.4,12.82,64.8
"2020-09-08 04:05:00",81992,12.73,14.54,749.5,12.88,64.31
"2020-09-08 04:10:00",81993,12.72,14.46,749.5,13,63.75
"2020-09-08 04:15:00",81994,12.72,14.38,749.5,12.81,64.65
"2020-09-08 04:20:00",81995,12.72,14.31,749.5,12.5,66.08
"2020-09-08 04:25:00",81996,12.72,14.2,749.5,12.08,67.56
"2020-09-08 04:30:00",81997,12.71,14.11,749.5,11.98,68.23
"2020-09-08 04:35:00",81998,12.71,14.01,749.5,11.85,68.61
"2020-09-08 04:40:00",81999,12.7,13.92,749.6,11.65,69.69
"2020-09-08 04:45:00",82000,12.7,13.81,749.7,11.51,70.09
"2020-09-08 04:50:00",82001,12.7,13.71,749.8,11.61,70.67
"2020-09-08 04:55:00",82002,12.69,13.61,749.8,11.48,70.9
"2020-09-08 05:00:00",82003,12.69,13.52,749.8,11.57,70.3
"2020-09-08 05:05:00",82004,12.69,13.47,749.9,11.81,68.77
"2020-09-08 05:10:00",82005,12.68,13.42,749.9,11.67,69.09
"2020-09-08 05:15:00",82006,12.68,13.38,749.9,11.84,67.75
"2020-09-08 05:20:00",82007,12.68,13.35,749.9,11.99,67.49
"2020-09-08 05:25:00",82008,12.67,13.33,749.9,12.02,67.24
"2020-09-08 05:30:00",82009,12.67,13.29,750,11.81,68.52
"2020-09-08 05:35:00",82010,12.67,13.24,750,12.1,67.16
"2020-09-08 05:40:00",82011,12.66,13.21,750.1,12.02,67.75
"2020-09-08 05:45:00",82012,12.66,13.18,750.1,12.2,66.95
"2020-09-08 05:50:00",82013,12.66,13.16,750.2,11.88,68.36
"2020-09-08 05:55:00",82014,12.65,13.14,750.2,11.72,68.59
"2020-09-08 06:00:00",82015,12.65,13.09,750.3,11.72,69.22
"2020-09-08 06:05:00",82016,12.65,13.06,750.3,11.48,70.2
"2020-09-08 06:10:00",82017,12.64,13.05,750.4,11.37,70.14
"2020-09-08 06:15:00",82018,12.64,13.03,750.4,11.38,70.18
"2020-09-08 06:20:00",82019,12.63,13.02,750.5,11.37,70.2
"2020-09-08 06:25:00",82020,12.63,13.06,750.5,11.37,70.17
"2020-09-08 06:30:00",82021,12.64,13.07,750.7,11.35,70.14
"2020-09-08 06:35:00",82022,12.65,13.09,750.7,11.45,69.79
"2020-09-08 06:40:00",82023,12.66,13.11,750.8,11.66,68.72
"2020-09-08 06:45:00",82024,12.75,13.2,750.8,11.83,68.55
"2020-09-08 06:50:00",82025,12.89,13.38,750.9,12.04,67.87
"2020-09-08 06:55:00",82026,13.06,13.62,751,11.79,68.26
"2020-09-08 07:00:00",82027,13.25,13.89,751,12.02,67.61
"2020-09-08 07:05:00",82028,13.41,14.23,751.1,12.28,66.45
"2020-09-08 07:10:00",82029,13.55,14.63,751.1,12.58,65.2
"2020-09-08 07:15:00",82030,13.62,15.09,751.2,13.28,62.42
"2020-09-08 07:20:00",82031,13.68,15.64,751.2,14.16,60.05
"2020-09-08 07:25:00",82032,13.7,16.21,751.2,14.47,57.76
"2020-09-08 07:30:00",82033,13.77,16.85,751.2,14.94,56.3
"2020-09-08 07:35:00",82034,13.86,17.53,751.2,15.07,55.1
"2020-09-08 07:40:00",82035,13.75,18.23,751.3,15.68,53.33
"2020-09-08 07:45:00",82036,13.75,19.77,751.5,16.55,50.77
"2020-09-08 07:50:00",82037,13.72,20.71,751.5,16.63,50.22
"2020-09-08 07:55:00",82038,13.72,21.45,751.4,16.89,49.54
"2020-09-08 08:00:00",82039,13.69,22.11,751.5,17.13,49.45
"2020-09-08 08:05:00",82040,13.7,22.74,751.5,17.28,49
"2020-09-08 08:10:00",82041,13.67,23.34,751.5,17.93,47.14
"2020-09-08 08:15:00",82042,13.67,23.94,751.5,18.35,45.39
"2020-09-08 08:20:00",82043,13.64,24.55,751.5,18.47,47.34
"2020-09-08 08:25:00",82044,13.64,25.07,751.6,18.19,47.24
"2020-09-08 08:30:00",82045,13.62,25.52,751.5,18.51,46.74
"2020-09-08 08:35:00",82046,13.62,25.95,751.5,18.29,47.91
"2020-09-08 08:40:00",82047,13.62,26.34,751.5,18.41,45.15
"2020-09-08 08:45:00",82048,13.62,26.74,751.6,18.94,44.22
"2020-09-08 08:50:00",82049,13.59,27.11,751.6,18.86,43.29
"2020-09-08 08:55:00",82050,13.6,27.49,751.6,19.21,43.2
"2020-09-08 09:00:00",82051,13.59,27.91,751.7,19.06,45
"2020-09-08 09:05:00",82052,13.57,28.23,751.7,19,46.87
"2020-09-08 09:10:00",82053,13.57,28.53,751.7,19.64,44.47
"2020-09-08 09:15:00",82054,13.57,28.81,751.7,19.95,41.59
"2020-09-08 09:20:00",82055,13.55,29.11,751.8,20.56,41.75
"2020-09-08 09:25:00",82056,13.55,29.47,751.7,21.13,37.75
"2020-09-08 09:30:00",82057,13.55,29.88,751.6,21.27,38.71
"2020-09-08 09:35:00",82058,13.55,30.27,751.6,20.64,37.6
"2020-09-08 09:40:00",82059,13.53,30.5,751.6,21.05,37.25
"2020-09-08 09:45:00",82060,13.53,30.81,751.6,20.97,36.65
"2020-09-08 09:50:00",82061,13.53,31.08,751.5,21.07,36.63
"2020-09-08 09:55:00",82062,13.53,31.29,751.5,21.1,36.47
"2020-09-08 10:00:00",82063,13.5,31.39,751.5,21.47,36.21
"2020-09-08 10:05:00",82064,13.51,31.55,751.5,21.45,36.44
"2020-09-08 10:10:00",82065,13.5,31.71,751.5,21.34,35.9
"2020-09-08 10:15:00",82066,13.5,31.88,751.5,21.57,35.27
"2020-09-08 10:20:00",82067,13.51,32.02,751.4,21.37,34.72
"2020-09-08 10:25:00",82068,13.5,32.1,751.3,21.99,33.65
"2020-09-08 10:30:00",82069,13.51,32.22,751.3,22.05,33.89
"2020-09-08 10:35:00",82070,13.51,32.43,751.2,23.2,31.49
"2020-09-08 10:40:00",82071,13.48,32.66,751.2,22.83,31.43
"2020-09-08 10:45:00",82072,13.48,32.8,751.1,21.86,32.84
"2020-09-08 10:50:00",82073,13.48,32.85,751.1,21.93,32.85
"2020-09-08 10:55:00",82074,13.48,32.89,751,22.27,32.14
"2020-09-08 11:00:00",82075,13.48,32.89,751,21.69,34.28
"2020-09-08 11:05:00",82076,13.48,32.84,750.9,22.83,31.29
"2020-09-08 11:10:00",82077,13.49,32.89,750.9,23.7,30.39
"2020-09-08 11:15:00",82078,13.48,32.97,750.8,22.53,31.9
"2020-09-08 11:20:00",82079,13.48,33.01,750.7,22.84,33.53
"2020-09-08 11:25:00",82080,13.49,33.08,750.6,22.4,32.32
"2020-09-08 11:30:00",82081,13.49,33.08,750.5,22.15,31.93
"2020-09-08 11:35:00",82082,13.49,32.94,750.4,23.52,29.23
"2020-09-08 11:40:00",82083,13.49,32.88,750.3,24.09,28.13
"2020-09-08 11:45:00",82084,13.49,32.9,750.2,23.37,28.85
"2020-09-08 11:50:00",82085,13.49,32.95,750.1,23.96,27.64
"2020-09-08 11:55:00",82086,13.49,33.05,750,25.02,25.13
"2020-09-08 12:00:00",82087,13.46,33.22,749.9,24.77,25.46
"2020-09-08 12:05:00",82088,13.47,33.34,749.8,23.97,27.44
"2020-09-08 12:10:00",82089,13.47,33.34,749.8,24.38,26.08
"2020-09-08 12:15:00",82090,13.47,33.34,749.7,23.77,28
"2020-09-08 12:20:00",82091,13.47,33.3,749.6,24.64,25.65
"2020-09-08 12:25:00",82092,13.47,33.28,749.5,25.9,23.75
"2020-09-08 12:30:00",82093,13.47,33.33,749.3,25.36,24.6
"2020-09-08 12:35:00",82094,13.47,33.35,749.2,24.84,23.47
"2020-09-08 12:40:00",82095,13.47,33.3,749.1,25.22,22.46
"2020-09-08 12:45:00",82096,13.47,33.24,749,25.72,20.94
"2020-09-08 12:50:00",82097,13.47,33.28,748.9,25.69,20.9
"2020-09-08 12:55:00",82098,13.47,33.39,748.7,25.66,22.84
"2020-09-08 13:00:00",82099,13.47,33.52,748.6,25.96,21.89
"2020-09-08 13:05:00",82100,13.47,33.63,748.4,27,21.68
"2020-09-08 13:10:00",82101,13.47,33.75,748.4,26.35,21.32
"2020-09-08 13:15:00",82102,13.47,33.8,748.2,26.59,20.4
"2020-09-08 13:20:00",82103,13.47,33.81,748.1,26.6,21.06
"2020-09-08 13:25:00",82104,13.48,33.82,747.9,26.32,22.74
"2020-09-08 13:30:00",82105,13.47,33.84,747.7,25.75,23.01
"2020-09-08 13:35:00",82106,13.47,33.81,747.6,26.32,21.35
"2020-09-08 13:40:00",82107,13.47,33.74,747.5,26.18,21.24
"2020-09-08 13:45:00",82108,13.47,33.68,747.4,26.06,21.55
"2020-09-08 13:50:00",82109,13.47,33.64,747.3,27.22,20.85
"2020-09-08 13:55:00",82110,13.48,33.69,747.2,26.77,20.55
"2020-09-08 14:00:00",82111,13.47,33.69,747.1,26.84,20.59
"2020-09-08 14:05:00",82112,13.48,33.75,747,26.36,20.66
"2020-09-08 14:10:00",82113,13.47,33.75,746.9,26.79,20.76
"2020-09-08 14:15:00",82114,13.47,33.76,746.8,27.16,20.26
"2020-09-08 14:20:00",82115,13.48,33.81,746.7,27.38,19.68
"2020-09-08 14:25:00",82116,13.47,33.91,746.6,27.48,20.52
"2020-09-08 14:30:00",82117,13.45,34.04,746.5,27.64,20.32
"2020-09-08 14:35:00",82118,13.45,34.2,746.4,27.3,20.02
"2020-09-08 14:40:00",82119,13.45,34.38,746.3,27.71,19.07
"2020-09-08 14:45:00",82120,13.45,34.54,746.2,27.59,19.06
"2020-09-08 14:50:00",82121,13.45,34.7,746.1,27.14,19.38
"2020-09-08 14:55:00",82122,13.45,34.87,746,27.86,19.21
"2020-09-08 15:00:00",82123,13.45,35.13,746,27.71,18.57
"2020-09-08 15:05:00",82124,13.43,35.28,745.9,27.49,18.84
"2020-09-08 15:10:00",82125,13.43,35.42,745.9,27.9,18.97
"2020-09-08 15:15:00",82126,13.43,35.55,745.9,27.71,18.85
"2020-09-08 15:20:00",82127,13.43,35.64,745.9,27.74,19
"2020-09-08 15:25:00",82128,13.43,35.68,745.9,27.49,19.26
"2020-09-08 15:30:00",82129,13.43,35.61,745.9,26.83,20.2
"2020-09-08 15:35:00",82130,13.43,35.33,745.9,26.64,20.54
"2020-09-08 15:40:00",82131,13.43,34.95,745.8,26.71,19.92
"2020-09-08 15:45:00",82132,13.43,34.56,745.8,26.72,20.09
"2020-09-08 15:50:00",82133,13.43,34.22,745.8,26.88,19.96
"2020-09-08 15:55:00",82134,13.43,33.96,745.9,26.86,19.86
"2020-09-08 16:00:00",82135,13.43,33.71,745.9,26.98,19.76
"2020-09-08 16:05:00",82136,13.43,33.5,746,26.82,20.03
"2020-09-08 16:10:00",82137,13.43,33.28,746,26.8,19.71
"2020-09-08 16:15:00",82138,13.43,33.06,746,26.74,20.06
"2020-09-08 16:20:00",82139,13.43,32.88,746.1,26.86,20.48
"2020-09-08 16:25:00",82140,13.42,32.71,746.1,26.63,21.23
"2020-09-08 16:30:00",82141,13.43,32.59,746.1,26.87,21.74
"2020-09-08 16:35:00",82142,13.43,32.49,746.1,26.66,21.38
"2020-09-08 16:40:00",82143,13.43,32.35,746.2,25.46,26.22
"2020-09-08 16:45:00",82144,13.43,32.1,746.2,25.35,26.35
"2020-09-08 16:50:00",82145,13.42,31.78,746.2,25,26.56
"2020-09-08 16:55:00",82146,13.45,31.44,746.3,24.93,26.87
"2020-09-08 17:00:00",82147,13.45,31.1,746.4,24.88,26.83
"2020-09-08 17:05:00",82148,13.45,30.81,746.4,24.74,27.29
"2020-09-08 17:10:00",82149,13.45,30.56,746.5,24.77,27.23
"2020-09-08 17:15:00",82150,13.45,30.36,746.5,24.7,27.12
"2020-09-08 17:20:00",82151,13.47,30.16,746.7,24.79,28.62
"2020-09-08 17:25:00",82152,13.47,29.84,746.8,24.82,27.1
"2020-09-08 17:30:00",82153,13.39,29.14,746.9,24.57,27.25
"2020-09-08 17:35:00",82154,13.33,28.71,747,23.73,29.38
"2020-09-08 17:40:00",82155,13.29,28.36,747,23.47,29.36
"2020-09-08 17:45:00",82156,13.19,28,747.2,23.41,29.56
"2020-09-08 17:50:00",82157,13.13,27.66,747.3,22.95,30.6
"2020-09-08 17:55:00",82158,13.09,27.31,747.2,22.59,31.34
"2020-09-08 18:00:00",82159,13.04,26.96,747.4,22.46,31.83
"2020-09-08 18:05:00",82160,13.01,26.63,747.5,22.35,32.28
"2020-09-08 18:10:00",82161,12.99,26.32,747.5,22.21,32.67
"2020-09-08 18:15:00",82162,12.98,26.04,747.6,22.09,32.76
"2020-09-08 18:20:00",82163,12.97,25.76,747.6,21.87,33.61
"2020-09-08 18:25:00",82164,12.96,25.46,747.7,21.75,34.03
"2020-09-08 18:30:00",82165,12.96,25.18,747.7,21.69,34.25
"2020-09-08 18:35:00",82166,12.96,24.95,747.8,21.68,34.22
"2020-09-08 18:40:00",82167,12.95,24.74,747.7,21.29,35.5
"2020-09-08 18:45:00",82168,12.95,24.54,747.8,21.29,35.37
"2020-09-08 18:50:00",82169,12.95,24.36,747.8,21.13,36.08
"2020-09-08 18:55:00",82170,12.94,24.16,747.9,20.98,36.66
"2020-09-08 19:00:00",82171,12.94,24,748,20.88,37.01
"2020-09-08 19:05:00",82172,12.94,23.82,748,20.92,36.78
"2020-09-08 19:10:00",82173,12.93,23.66,748.1,21.01,36.4
"2020-09-08 19:15:00",82174,12.93,23.53,748.2,20.76,37.48
"2020-09-08 19:20:00",82175,12.93,23.4,748.3,20.81,36.97
"2020-09-08 19:25:00",82176,12.92,23.29,748.3,21.06,36.34
"2020-09-08 19:30:00",82177,12.92,23.2,748.4,20.86,37.4
"2020-09-08 19:35:00",82178,12.92,23.11,748.4,20.44,38.33
"2020-09-08 19:40:00",82179,12.92,22.96,748.5,19.91,40.32
"2020-09-08 19:45:00",82180,12.91,22.81,748.5,19.87,40.12
"2020-09-08 19:50:00",82181,12.91,22.64,748.6,19.84,40.54
"2020-09-08 19:55:00",82182,12.91,22.47,748.7,19.57,41.38
"2020-09-08 20:00:00",82183,12.91,22.31,748.8,19.32,42.13
"2020-09-08 20:05:00",82184,12.9,22.16,748.8,18.98,43.46
"2020-09-08 20:10:00",82185,12.9,22,748.9,19.11,42.55
"2020-09-08 20:15:00",82186,12.9,21.84,748.9,19.26,42.28
"2020-09-08 20:20:00",82187,12.9,21.7,749,19.1,42.68
"2020-09-08 20:25:00",82188,12.9,21.57,749.1,19.2,42.11
"2020-09-08 20:30:00",82189,12.89,21.48,749.2,19.19,41.69
"2020-09-08 20:35:00",82190,12.89,21.39,749.3,19.3,41.38
"2020-09-08 20:40:00",82191,12.89,21.31,749.4,19.3,41.51
"2020-09-08 20:45:00",82192,12.89,21.23,749.6,19.27,41.67
"2020-09-08 20:50:00",82193,12.88,21.16,749.6,19.42,40.66
"2020-09-08 20:55:00",82194,12.88,21.09,749.7,19.56,40.35
"2020-09-08 21:00:00",82195,12.88,21.04,749.7,19.4,40.82
"2020-09-08 21:05:00",82196,12.88,20.99,749.8,19.12,41.65
"2020-09-08 21:10:00",82197,12.88,20.91,749.8,18.83,42.52
"2020-09-08 21:15:00",82198,12.87,20.8,749.9,18.53,43.38
"2020-09-08 21:20:00",82199,12.87,20.67,750,18.39,43.87
"2020-09-08 21:25:00",82200,12.87,20.53,750,18.26,44.24
"2020-09-08 21:30:00",82201,12.87,20.39,750,18.25,43.79
"2020-09-08 21:35:00",82202,12.87,20.26,750,18.19,43.56
"2020-09-08 21:40:00",82203,12.87,20.15,750.1,18.2,44.36
"2020-09-08 21:45:00",82204,12.87,20.05,750.1,18.41,42.79
"2020-09-08 21:50:00",82205,12.86,19.99,750.1,18.74,41.23
"2020-09-08 21:55:00",82206,12.86,19.92,750.2,18.43,41.9
"2020-09-08 22:00:00",82207,12.86,19.86,750.2,18.75,41.64
"2020-09-08 22:05:00",82208,12.86,19.83,750.2,18.85,41.56
"2020-09-08 22:10:00",82209,12.85,19.82,750.2,18.54,42.17
"2020-09-08 22:15:00",82210,12.85,19.79,750.2,18.75,41.42
"2020-09-08 22:20:00",82211,12.85,19.77,750.2,18.67,41.44
"2020-09-08 22:25:00",82212,12.85,19.74,750.2,18.83,40.53
"2020-09-08 22:30:00",82213,12.85,19.71,750.3,18.51,41.13
"2020-09-08 22:35:00",82214,12.84,19.64,750.3,18.25,42.58
"2020-09-08 22:40:00",82215,12.85,19.57,750.3,17.65,45.85
"2020-09-08 22:45:00",82216,12.84,19.48,750.3,17.17,46.92
"2020-09-08 22:50:00",82217,12.84,19.36,750.3,17.31,46.12
"2020-09-08 22:55:00",82218,12.84,19.26,750.3,17.33,46.18
"2020-09-08 23:00:00",82219,12.84,19.16,750.4,17.08,46.88
"2020-09-08 23:05:00",82220,12.84,19.02,750.4,16.54,48.69
"2020-09-08 23:10:00",82221,12.84,18.88,750.5,16.38,48.89
"2020-09-08 23:15:00",82222,12.83,18.75,750.5,16.55,48.5
"2020-09-08 23:20:00",82223,12.83,18.6,750.5,16.63,47.92
"2020-09-08 23:25:00",82224,12.83,18.48,750.5,16.65,47.33
"2020-09-08 23:30:00",82225,12.83,18.36,750.5,16.43,47.86
"2020-09-08 23:35:00",82226,12.83,18.27,750.5,16.53,47.69
"2020-09-08 23:40:00",82227,12.83,18.18,750.5,16.48,48.31
"2020-09-08 23:45:00",82228,12.82,18.12,750.5,16.46,47.55
"2020-09-08 23:50:00",82229,12.82,18.05,750.5,16.39,48.7
"2020-09-08 23:55:00",82230,12.82,17.98,750.5,16.16,49.91
"2020-09-09 00:00:00",82231,12.82,17.89,750.5,16.19,49.82
"2020-09-09 00:05:00",82232,12.82,17.83,750.4,16.04,49.9
"2020-09-09 00:10:00",82233,12.82,17.76,750.5,16.02,49.71
"2020-09-09 00:15:00",82234,12.81,17.68,750.6,16.05,49.68
"2020-09-09 00:20:00",82235,12.81,17.6,750.5,15.75,50.73
"2020-09-09 00:25:00",82236,12.81,17.52,750.5,15.51,51.49
"2020-09-09 00:30:00",82237,12.81,17.42,750.5,15.45,51.49
"2020-09-09 00:35:00",82238,12.81,17.33,750.4,15.46,51.55
"2020-09-09 00:40:00",82239,12.81,17.23,750.4,15.45,51.52
"2020-09-09 00:45:00",82240,12.81,17.15,750.3,15.59,51.35
"2020-09-09 00:50:00",82241,12.8,17.07,750.3,15.51,52.26
"2020-09-09 00:55:00",82242,12.8,17,750.2,15.37,52.18
"2020-09-09 01:00:00",82243,12.8,16.94,750.3,15.33,52.54
"2020-09-09 01:05:00",82244,12.8,16.85,750.3,15.2,52.89
"2020-09-09 01:10:00",82245,12.8,16.77,750.2,15.13,53.22
"2020-09-09 01:15:00",82246,12.79,16.67,750.2,14.94,52.95
"2020-09-09 01:20:00",82247,12.79,16.58,750.2,15.11,52.61
"2020-09-09 01:25:00",82248,12.79,16.5,750.2,14.73,54.9
"2020-09-09 01:30:00",82249,12.79,16.46,750.2,14.57,54.06
"2020-09-09 01:35:00",82250,12.79,16.41,750.2,14.47,54.38
"2020-09-09 01:40:00",82251,12.79,16.35,750.2,14.29,54.96
"2020-09-09 01:45:00",82252,12.79,16.3,750.2,14.56,54.21
"2020-09-09 01:50:00",82253,12.78,16.23,750.2,14.37,54.73
"2020-09-09 01:55:00",82254,12.78,16.19,750.2,14.25,55.29
"2020-09-09 02:00:00",82255,12.78,16.12,750.2,14.34,55.12
"2020-09-09 02:05:00",82256,12.78,16.06,750.2,14.45,54.92
"2020-09-09 02:10:00",82257,12.78,15.99,750.1,14.35,54.97
"2020-09-09 02:15:00",82258,12.77,15.91,750.1,14.16,55
"2020-09-09 02:20:00",82259,12.77,15.83,750.1,14.02,54.8
"2020-09-09 02:25:00",82260,12.77,15.74,750.1,13.84,55.19
"2020-09-09 02:30:00",82261,12.77,15.66,750,13.54,56.63
"2020-09-09 02:35:00",82262,12.76,15.55,750,13.63,56.31
"2020-09-09 02:40:00",82263,12.76,15.45,750,13.89,53.99
"2020-09-09 02:45:00",82264,12.76,15.39,749.9,13.69,56.14
"2020-09-09 02:50:00",82265,12.76,15.35,749.9,13.99,54.52
"2020-09-09 02:55:00",82266,12.76,15.33,749.9,14.29,53.62
"2020-09-09 03:00:00",82267,12.75,15.32,749.9,13.05,60.02
"2020-09-09 03:05:00",82268,12.75,15.24,749.9,12.5,63.14
"2020-09-09 03:10:00",82269,12.75,15.13,749.9,12.34,63.78
"2020-09-09 03:15:00",82270,12.75,15,749.9,12.48,62.14
"2020-09-09 03:20:00",82271,12.75,14.89,749.9,13.19,58.43
"2020-09-09 03:25:00",82272,12.74,14.84,749.9,13.66,56.34
"2020-09-09 03:30:00",82273,12.74,14.87,749.9,13.77,55.97
"2020-09-09 03:35:00",82274,12.74,14.89,749.9,13.65,56.73
"2020-09-09 03:40:00",82275,12.74,14.9,749.9,13.25,58.02
"2020-09-09 03:45:00",82276,12.73,14.87,749.9,13.04,58.97
"2020-09-09 03:50:00",82277,12.73,14.8,750,13.25,57.96
"2020-09-09 03:55:00",82278,12.73,14.75,750.1,13.18,58.07
"2020-09-09 04:00:00",82279,12.73,14.68,750.1,13.21,57.09
"2020-09-09 04:05:00",82280,12.72,14.64,750.1,13.3,57.94
"2020-09-09 04:10:00",82281,12.72,14.58,750.1,12.96,59.68
"2020-09-09 04:15:00",82282,12.72,14.53,750,12.76,60.33
"2020-09-09 04:20:00",82283,12.72,14.48,750,12.74,60.5
"2020-09-09 04:25:00",82284,12.71,14.43,750,12.6,60.51
"2020-09-09 04:30:00",82285,12.71,14.37,750.1,12.6,60.33
"2020-09-09 04:35:00",82286,12.71,14.33,750.1,12.59,59.85
"2020-09-09 04:40:00",82287,12.7,14.29,750.1,12.53,59.67
"2020-09-09 04:45:00",82288,12.7,14.25,750.1,12.48,59.57
"2020-09-09 04:50:00",82289,12.7,14.2,750.1,12.42,60
"2020-09-09 04:55:00",82290,12.7,14.16,750.1,12.42,59.08
"2020-09-09 05:00:00",82291,12.69,14.12,750.2,12.67,58.65
"2020-09-09 05:05:00",82292,12.69,14.09,750.2,12.54,59.96
"2020-09-09 05:10:00",82293,12.69,14.08,750.3,12.35,59.64
"2020-09-09 05:15:00",82294,12.69,14.07,750.3,12.49,58.77
"2020-09-09 05:20:00",82295,12.68,14.07,750.5,12.36,60.38
"2020-09-09 05:25:00",82296,12.68,14.07,750.5,12.24,59.89
"2020-09-09 05:30:00",82297,12.68,14.05,750.5,12.42,59.14
"2020-09-09 05:35:00",82298,12.68,14.06,750.5,12.43,60.12
"2020-09-09 05:40:00",82299,12.67,14.04,750.6,12.14,61.96
"2020-09-09 05:45:00",82300,12.67,14.01,750.6,12.02,61.91
"2020-09-09 05:50:00",82301,12.67,13.93,750.7,12.04,62.79
"2020-09-09 05:55:00",82302,12.66,13.88,750.8,11.92,64
"2020-09-09 06:00:00",82303,12.66,13.8,750.9,11.79,64.1
"2020-09-09 06:05:00",82304,12.66,13.73,750.9,11.71,64.32
"2020-09-09 06:10:00",82305,12.65,13.64,751,11.71,65.8
"2020-09-09 06:15:00",82306,12.65,13.57,751.1,11.57,65.07
"2020-09-09 06:20:00",82307,12.65,13.58,751.2,11.63,64.91
"2020-09-09 06:25:00",82308,12.66,13.53,751.2,11.86,63.41
"2020-09-09 06:30:00",82309,12.66,13.52,751.3,11.94,61.22
"2020-09-09 06:35:00",82310,12.68,13.51,751.4,12.04,59.62
"2020-09-09 06:40:00",82311,12.74,13.57,751.5,12.27,58.47
"2020-09-09 06:45:00",82312,12.83,13.68,751.5,12.71,58.21
"2020-09-09 06:50:00",82313,12.93,13.85,751.5,13.17,56.36
"2020-09-09 06:55:00",82314,13.03,14.04,751.6,13.1,58.3
"2020-09-09 07:00:00",82315,13.2,14.28,751.6,13,58.82
"2020-09-09 07:05:00",82316,13.53,14.76,751.6,13.49,56.74
"2020-09-09 07:10:00",82317,13.65,15.28,751.7,14.26,54.68
"2020-09-09 07:15:00",82318,13.7,15.77,751.7,14.64,54.25
"2020-09-09 07:20:00",82319,13.62,16.24,751.8,14.98,52.25
"2020-09-09 07:25:00",82320,13.75,16.81,751.9,14.74,53.81
"2020-09-09 07:30:00",82321,13.63,17.38,751.9,14.94,51.63
"2020-09-09 07:35:00",82322,13.72,17.74,752,15.28,51.12
"2020-09-09 07:40:00",82323,13.66,18.18,752.1,15.1,51.65
"2020-09-09 07:45:00",82324,13.85,18.6,752.2,15.13,52.33
"2020-09-09 07:50:00",82325,13.75,20.12,752.2,16.42,47.45
"2020-09-09 07:55:00",82326,13.73,21.06,752.3,17.07,46.06
"2020-09-09 08:00:00",82327,13.7,21.83,752.3,17.13,45.69
"2020-09-09 08:05:00",82328,13.7,22.39,752.4,16.9,45.79
"2020-09-09 08:10:00",82329,13.7,22.92,752.5,16.91,46.26
"2020-09-09 08:15:00",82330,13.67,23.38,752.5,17.04,46.02
"2020-09-09 08:20:00",82331,13.67,23.81,752.6,17.25,45.7
"2020-09-09 08:25:00",82332,13.64,24.26,752.7,18.91,41.7
"2020-09-09 08:30:00",82333,13.64,24.79,752.7,19.23,40.76
"2020-09-09 08:35:00",82334,13.64,25.4,752.7,19.33,38.9
"2020-09-09 08:40:00",82335,13.62,25.99,752.8,20.02,37.7
"2020-09-09 08:45:00",82336,13.62,26.65,752.8,20.38,36.79
"2020-09-09 08:50:00",82337,13.59,27.34,752.8,21.13,35.69
"2020-09-09 08:55:00",82338,13.57,27.99,752.9,19.42,38.39
"2020-09-09 09:00:00",82339,13.57,28.46,752.8,20.12,37.19
"2020-09-09 09:05:00",82340,13.57,28.9,752.8,21.09,35.45
"2020-09-09 09:10:00",82341,13.55,29.36,752.8,21.27,34.74
"2020-09-09 09:15:00",82342,13.55,29.84,752.8,21.46,33.9
"2020-09-09 09:20:00",82343,13.55,30.36,752.8,21.65,33.69
"2020-09-09 09:25:00",82344,13.53,30.79,752.7,22.19,32.87
"2020-09-09 09:30:00",82345,13.53,31.28,752.8,22.17,32.5
"2020-09-09 09:35:00",82346,13.5,31.58,752.8,21.73,33.66
"2020-09-09 09:40:00",82347,13.5,31.6,752.8,20.64,37.11
"2020-09-09 09:45:00",82348,13.5,31.3,752.8,20.69,36.56
"2020-09-09 09:50:00",82349,13.5,31.08,752.8,21.47,34.59
"2020-09-09 09:55:00",82350,13.5,31.14,752.7,22.23,33.34
"2020-09-09 10:00:00",82351,13.5,31.47,752.7,23.39,31.98
"2020-09-09 10:05:00",82352,13.5,31.95,752.6,23.01,30.67
"2020-09-09 10:10:00",82353,13.5,32.34,752.5,22.85,30.52
"2020-09-09 10:15:00",82354,13.51,32.46,752.5,23.21,30.55
"2020-09-09 10:20:00",82355,13.48,32.55,752.5,23.89,28.99
"2020-09-09 10:25:00",82356,13.48,32.9,752.5,23.82,28.31
"2020-09-09 10:30:00",82357,13.48,33.23,752.5,24.19,29.15
"2020-09-09 10:35:00",82358,13.48,33.51,752.4,23.87,27.5
"2020-09-09 10:40:00",82359,13.48,33.56,752.2,22.85,29.31
"2020-09-09 10:45:00",82360,13.48,33.43,752.1,23.91,28.99
"2020-09-09 10:50:00",82361,13.48,33.42,752.1,23.94,28.72
"2020-09-09 10:55:00",82362,13.48,33.48,752,24.07,27.92
"2020-09-09 11:00:00",82363,13.46,33.54,751.8,24.24,26.24
"2020-09-09 11:05:00",82364,13.46,33.65,751.8,25,27.45
"2020-09-09 11:10:00",82365,13.46,33.77,751.7,24.61,26.6
"2020-09-09 11:15:00",82366,13.46,33.83,751.6,25.2,26.68
"2020-09-09 11:20:00",82367,13.46,33.94,751.5,26.06,23
"2020-09-09 11:25:00",82368,13.46,34.14,751.4,25.36,24.06
"2020-09-09 11:30:00",82369,13.46,34.27,751.3,25.58,23
"2020-09-09 11:35:00",82370,13.46,34.37,751.2,25.27,23.64
"2020-09-09 11:40:00",82371,13.46,34.39,751.2,26.02,24.51
"2020-09-09 11:45:00",82372,13.46,34.45,751,26.56,22.89
"2020-09-09 11:50:00",82373,13.44,34.55,751,25.74,23.01
"2020-09-09 11:55:00",82374,13.44,34.63,750.8,25.92,22.64
"2020-09-09 12:00:00",82375,13.44,34.7,750.8,26.42,22.57
"2020-09-09 12:05:00",82376,13.44,34.75,750.7,26.22,23.22
"2020-09-09 12:10:00",82377,13.44,34.76,750.6,26.34,22.57
"2020-09-09 12:15:00",82378,13.44,34.82,750.4,27.3,21.83
"2020-09-09 12:20:00",82379,13.44,34.99,750.3,27.35,22.18
"2020-09-09 12:25:00",82380,13.44,35.12,750.3,25.8,23.05
"2020-09-09 12:30:00",82381,13.44,35.01,750.2,26.54,23.24
"2020-09-09 12:35:00",82382,13.45,34.93,750.1,27.38,20.31
"2020-09-09 12:40:00",82383,13.44,34.93,750,27.55,21.22
"2020-09-09 12:45:00",82384,13.45,34.95,749.9,28.02,19.99
"2020-09-09 12:50:00",82385,13.45,35.07,749.8,28.21,19.09
"2020-09-09 12:55:00",82386,13.45,35.16,749.7,28.33,18.75
"2020-09-09 13:00:00",82387,13.45,35.26,749.6,28.62,19.19
"2020-09-09 13:05:00",82388,13.45,35.4,749.5,28.27,18.82
"2020-09-09 13:10:00",82389,13.42,35.53,749.4,28.08,18.88
"2020-09-09 13:15:00",82390,13.42,35.61,749.3,28.52,19.78
"2020-09-09 13:20:00",82391,13.42,35.7,749.2,29.08,18.62
"2020-09-09 13:25:00",82392,13.42,35.83,749.2,29.13,18.23
"2020-09-09 13:30:00",82393,13.42,35.98,749.1,28.63,18.13
"2020-09-09 13:35:00",82394,13.42,36.08,748.9,28.8,18.49
"2020-09-09 13:40:00",82395,13.43,36.13,748.9,28.27,18.61
"2020-09-09 13:45:00",82396,13.43,36.06,748.8,28.48,17.21
"2020-09-09 13:50:00",82397,13.43,35.99,748.8,28.1,17.89
"2020-09-09 13:55:00",82398,13.43,35.86,748.7,28.32,18.05
"2020-09-09 14:00:00",82399,13.43,35.79,748.6,28.51,18.93
"2020-09-09 14:05:00",82400,13.43,35.84,748.4,29.4,17.75
"2020-09-09 14:10:00",82401,13.43,35.93,748.4,27.91,18.8
"2020-09-09 14:15:00",82402,13.43,35.88,748.3,28.38,17.77
"2020-09-09 14:20:00",82403,13.43,35.76,748.2,28.53,17.99
"2020-09-09 14:25:00",82404,13.43,35.71,748.2,28.51,17.56
"2020-09-09 14:30:00",82405,13.43,35.73,748.1,28.78,17.79
"2020-09-09 14:35:00",82406,13.43,35.77,748,29.31,17.25
"2020-09-09 14:40:00",82407,13.43,35.81,747.9,29.08,17.31
"2020-09-09 14:45:00",82408,13.43,35.82,747.9,29.12,17.14
"2020-09-09 14:50:00",82409,13.43,35.93,747.9,29.71,16.42
"2020-09-09 14:55:00",82410,13.43,36.1,747.9,28.72,17.22
"2020-09-09 15:00:00",82411,13.43,36.25,747.8,29.18,17.56
"2020-09-09 15:05:00",82412,13.43,36.36,747.8,29.08,19.21
"2020-09-09 15:10:00",82413,13.43,36.38,747.7,28.79,19.48
"2020-09-09 15:15:00",82414,13.41,36.31,747.6,27.58,23.45
"2020-09-09 15:20:00",82415,13.4,35.98,747.5,27.72,22.14
"2020-09-09 15:25:00",82416,13.4,35.61,747.5,27.66,22.52
"2020-09-09 15:30:00",82417,13.4,35.27,747.6,27.58,23.17
"2020-09-09 15:35:00",82418,13.4,34.99,747.6,27.95,22.19
"2020-09-09 15:40:00",82419,13.4,34.77,747.7,27.48,23.16
"2020-09-09 15:45:00",82420,13.4,34.58,747.6,27.68,22.73
"2020-09-09 15:50:00",82421,13.4,34.45,747.7,27.94,22.64
"2020-09-09 15:55:00",82422,13.4,34.36,747.7,27.5,22.99
"2020-09-09 16:00:00",82423,13.4,34.2,747.8,27.25,22.66
"2020-09-09 16:05:00",82424,13.4,33.97,747.7,27.22,22.73
"2020-09-09 16:10:00",82425,13.4,33.69,747.8,27.16,22.59
"2020-09-09 16:15:00",82426,13.4,33.41,747.7,26.92,22.68
"2020-09-09 16:20:00",82427,13.4,33.13,747.8,27.17,23.28
"2020-09-09 16:25:00",82428,13.4,32.91,747.8,26.92,23.82
"2020-09-09 16:30:00",82429,13.42,32.73,747.9,26.86,23.99
"2020-09-09 16:35:00",82430,13.43,32.56,748,26.98,23.96
"2020-09-09 16:40:00",82431,13.42,32.42,748.1,26.75,24.56
"2020-09-09 16:45:00",82432,13.42,32.29,748.2,26.65,24.35
"2020-09-09 16:50:00",82433,13.43,32.17,748.1,26.13,24.87
"2020-09-09 16:55:00",82434,13.42,32.01,748.1,25.79,26.01
"2020-09-09 17:00:00",82435,13.42,31.78,748.1,25.79,24.84
"2020-09-09 17:05:00",82436,13.43,31.57,748.2,25.85,23.95
"2020-09-09 17:10:00",82437,13.45,31.35,748.2,25.52,26.88
"2020-09-09 17:15:00",82438,13.45,31.09,748.3,25.09,28.55
"2020-09-09 17:20:00",82439,13.45,30.75,748.3,25.04,27.86
"2020-09-09 17:25:00",82440,13.45,30.34,748.3,24.91,27.65
"2020-09-09 17:30:00",82441,13.47,29.82,748.4,25.02,25.61
"2020-09-09 17:35:00",82442,13.47,29.41,748.5,24.74,28.11
"2020-09-09 17:40:00",82443,13.29,28.92,748.5,24.35,29.37
"2020-09-09 17:45:00",82444,13.15,28.54,748.6,24.05,30.62
"2020-09-09 17:50:00",82445,13.08,28.19,748.8,23.89,30.81
"2020-09-09 17:55:00",82446,13.04,27.87,748.9,23.72,31.2
"2020-09-09 18:00:00",82447,13.02,27.64,749,23.45,31.88
"2020-09-09 18:05:00",82448,13,27.26,749.1,22.96,32.94
"2020-09-09 18:10:00",82449,12.98,26.97,749.1,22.77,33.55
"2020-09-09 18:15:00",82450,12.96,26.67,749.1,22.76,33.36
"2020-09-09 18:20:00",82451,12.96,26.39,749.3,22.6,34.04
"2020-09-09 18:25:00",82452,12.96,26.09,749.4,22.35,35.34
"2020-09-09 18:30:00",82453,12.95,25.83,749.6,22.27,35.66
"2020-09-09 18:35:00",82454,12.95,25.57,749.7,22.18,35.52
"2020-09-09 18:40:00",82455,12.95,25.34,749.8,22.15,35.35
"2020-09-09 18:45:00",82456,12.94,25.14,749.9,22.11,35.71
"2020-09-09 18:50:00",82457,12.94,24.94,749.9,21.6,37.24
"2020-09-09 18:55:00",82458,12.94,24.75,750.1,21.55,37.04
"2020-09-09 19:00:00",82459,12.93,24.54,750.2,21.77,35.91
"2020-09-09 19:05:00",82460,12.93,24.37,750.3,21.85,35.09
"2020-09-09 19:10:00",82461,12.93,24.23,750.3,21.94,34.8
"2020-09-09 19:15:00",82462,12.92,24.13,750.3,21.94,34.77
"2020-09-09 19:20:00",82463,12.92,24.03,750.4,21.92,35.3
"2020-09-09 19:25:00",82464,12.92,23.97,750.4,21.81,35.81
"2020-09-09 19:30:00",82465,12.91,23.89,750.3,21.65,36.39
"2020-09-09 19:35:00",82466,12.91,23.77,750.3,21.39,36.89
"2020-09-09 19:40:00",82467,12.91,23.67,750.2,21.38,36.99
"2020-09-09 19:45:00",82468,12.91,23.55,750.4,21.19,37.36
"2020-09-09 19:50:00",82469,12.91,23.41,750.4,21.01,37.51
"2020-09-09 19:55:00",82470,12.91,23.26,750.5,20.77,38.04
"2020-09-09 20:00:00",82471,12.9,23.12,750.5,21.01,37.45
"2020-09-09 20:05:00",82472,12.9,22.99,750.6,21.29,36.45
"2020-09-09 20:10:00",82473,12.9,22.91,750.6,21.13,36.8
"2020-09-09 20:15:00",82474,12.89,22.84,750.7,20.88,37.56
"2020-09-09 20:20:00",82475,12.89,22.78,750.7,20.72,38.39
"2020-09-09 20:25:00",82476,12.89,22.68,750.8,20.37,39.27
"2020-09-09 20:30:00",82477,12.89,22.58,750.9,20.58,39.03
"2020-09-09 20:35:00",82478,12.89,22.49,751,20.26,39.94
"2020-09-09 20:40:00",82479,12.88,22.39,751.1,20.22,39.06
"2020-09-09 20:45:00",82480,12.88,22.29,751.1,20.4,38.75
"2020-09-09 20:50:00",82481,12.88,22.22,751.2,20.27,38.22
"2020-09-09 20:55:00",82482,12.88,22.17,751.4,20.3,38.64
"2020-09-09 21:00:00",82483,12.88,22.11,751.6,20.04,39.23
"2020-09-09 21:05:00",82484,12.88,22.02,751.7,19.91,39.74
"2020-09-09 21:10:00",82485,12.87,21.89,751.9,19.95,40.1
"2020-09-09 21:15:00",82486,12.87,21.78,751.9,20.02,40.14
"2020-09-09 21:20:00",82487,12.87,21.68,752,19.65,41.07
"2020-09-09 21:25:00",82488,12.87,21.56,752,19.8,40.76
"2020-09-09 21:30:00",82489,12.87,21.45,752.1,19.97,40.46
"2020-09-09 21:35:00",82490,12.87,21.39,752.2,19.8,41.18
"2020-09-09 21:40:00",82491,12.86,21.32,752.2,19.82,41.22
"2020-09-09 21:45:00",82492,12.86,21.25,752.2,19.68,41.72
"2020-09-09 21:50:00",82493,12.86,21.17,752.3,19.77,41.05
"2020-09-09 21:55:00",82494,12.86,21.1,752.4,19.92,40.9
"2020-09-09 22:00:00",82495,12.86,21.05,752.4,19.5,42.21
"2020-09-09 22:05:00",82496,12.85,21,752.5,19.24,42.37
"2020-09-09 22:10:00",82497,12.85,20.92,752.5,18.96,42.63
"2020-09-09 22:15:00",82498,12.85,20.85,752.5,19.07,42.77
"2020-09-09 22:20:00",82499,12.85,20.78,752.6,18.95,43.17
"2020-09-09 22:25:00",82500,12.85,20.71,752.7,18.89,42.78
"2020-09-09 22:30:00",82501,12.85,20.64,752.7,18.85,42.91
"2020-09-09 22:35:00",82502,12.85,20.55,752.8,18.57,43.64
"2020-09-09 22:40:00",82503,12.84,20.45,752.8,18.53,43.8
"2020-09-09 22:45:00",82504,12.84,20.35,752.8,18.27,44.53
"2020-09-09 22:50:00",82505,12.84,20.24,752.8,18.53,43.67
"2020-09-09 22:55:00",82506,12.84,20.13,752.7,18.33,43.99
"2020-09-09 23:00:00",82507,12.84,20.01,752.8,18.74,42.7
"2020-09-09 23:05:00",82508,12.84,19.96,752.8,18.35,44.73
"2020-09-09 23:10:00",82509,12.84,19.88,753,18.16,45.5
"2020-09-09 23:15:00",82510,12.83,19.8,753,17.87,46.47
"2020-09-09 23:20:00",82511,12.83,19.69,753,17.77,46.81
"2020-09-09 23:25:00",82512,12.83,19.6,753.1,17.57,47.44
"2020-09-09 23:30:00",82513,12.83,19.5,753.1,17.59,48.07
"2020-09-09 23:35:00",82514,12.83,19.41,753.1,17.74,46.52
"2020-09-09 23:40:00",82515,12.83,19.33,753.1,17.98,45.89
"2020-09-09 23:45:00",82516,12.82,19.26,753.1,17.61,48.01
"2020-09-09 23:50:00",82517,12.82,19.16,753.1,17.45,48.09
"2020-09-09 23:55:00",82518,12.82,19.08,753.2,17.34,48.17
"2020-09-10 00:00:00",82519,12.82,18.99,753.3,17.19,48.96
"2020-09-10 00:05:00",82520,12.82,18.88,753.3,17.47,48.06
"2020-09-10 00:10:00",82521,12.82,18.79,753.3,17.65,47.17
"2020-09-10 00:15:00",82522,12.82,18.72,753.3,17.5,47.94
"2020-09-10 00:20:00",82523,12.81,18.65,753.4,17.47,47.78
"2020-09-10 00:25:00",82524,12.81,18.57,753.4,17.51,47.69
"2020-09-10 00:30:00",82525,12.81,18.52,753.4,17.58,45.9
"2020-09-10 00:35:00",82526,12.81,18.51,753.3,18.01,45.83
"2020-09-10 00:40:00",82527,12.81,18.5,753.3,16.76,49.46
"2020-09-10 00:45:00",82528,12.81,18.46,753.3,16.88,48.98
"2020-09-10 00:50:00",82529,12.8,18.41,753.3,16.96,48.56
"2020-09-10 00:55:00",82530,12.8,18.38,753.2,16.98,48.06
"2020-09-10 01:00:00",82531,12.8,18.37,753.3,16.85,48.91
"2020-09-10 01:05:00",82532,12.8,18.33,753.3,16.56,49.75
"2020-09-10 01:10:00",82533,12.8,18.28,753.3,16.82,49.04
"2020-09-10 01:15:00",82534,12.8,18.25,753.3,17.33,47.26
"2020-09-10 01:20:00",82535,12.8,18.26,753.3,17.53,46.09
"2020-09-10 01:25:00",82536,12.8,18.29,753.2,17.53,45.67
"2020-09-10 01:30:00",82537,12.79,18.31,753.2,16.9,47.45
"2020-09-10 01:35:00",82538,12.79,18.28,753.1,16.32,50.18
"2020-09-10 01:40:00",82539,12.79,18.2,753.1,15.9,51.3
"2020-09-10 01:45:00",82540,12.79,18.07,753,15.9,50.28
"2020-09-10 01:50:00",82541,12.79,17.92,753,15.83,49.62
"2020-09-10 01:55:00",82542,12.78,17.77,753,15.7,50.96
"2020-09-10 02:00:00",82543,12.78,17.63,753,16,51.9
"2020-09-10 02:05:00",82544,12.78,17.52,753,15.95,51
"2020-09-10 02:10:00",82545,12.78,17.42,752.9,15.73,51.89
"2020-09-10 02:15:00",82546,12.78,17.33,752.9,15.55,52.21
"2020-09-10 02:20:00",82547,12.77,17.23,752.9,15.09,55.41
"2020-09-10 02:25:00",82548,12.77,17.13,753,15.07,55.32
"2020-09-10 02:30:00",82549,12.77,17.02,753,14.95,53.53
"2020-09-10 02:35:00",82550,12.77,16.91,753,15,54.15
"2020-09-10 02:40:00",82551,12.77,16.81,753,15.02,54.21
"2020-09-10 02:45:00",82552,12.76,16.72,753,14.81,55.79
"2020-09-10 02:50:00",82553,12.76,16.61,753.1,14.78,56
"2020-09-10 02:55:00",82554,12.76,16.52,753.1,14.82,55.55
"2020-09-10 03:00:00",82555,12.75,16.43,753.2,14.89,53.58
"2020-09-10 03:05:00",82556,12.75,16.36,753.2,15.34,51.72
"2020-09-10 03:10:00",82557,12.75,16.34,753.2,15.45,50.53
"2020-09-10 03:15:00",82558,12.75,16.31,753.2,15.39,50.58
"2020-09-10 03:20:00",82559,12.75,16.29,753.1,15.62,49.41
"2020-09-10 03:25:00",82560,12.74,16.27,753.1,15.18,53.44
"2020-09-10 03:30:00",82561,12.74,16.24,753.1,14.51,56.45
"2020-09-10 03:35:00",82562,12.74,16.17,753.1,14.22,57.27
"2020-09-10 03:40:00",82563,12.74,16.11,753.1,14.25,56.77
"2020-09-10 03:45:00",82564,12.74,16.02,753.2,14.07,57.91
"2020-09-10 03:50:00",82565,12.73,15.95,753.2,14.15,56.39
"2020-09-10 03:55:00",82566,12.73,15.87,753.3,14,57.84
"2020-09-10 04:00:00",82567,12.73,15.8,753.4,13.93,58.43
"2020-09-10 04:05:00",82568,12.72,15.71,753.4,13.78,59.15
"2020-09-10 04:10:00",82569,12.72,15.64,753.4,13.85,58.39
"2020-09-10 04:15:00",82570,12.72,15.58,753.5,14.03,57.99
"2020-09-10 04:20:00",82571,12.72,15.56,753.5,13.99,58.29
"2020-09-10 04:25:00",82572,12.72,15.55,753.6,13.91,58.75
"2020-09-10 04:30:00",82573,12.71,15.56,753.6,13.87,58.72
"2020-09-10 04:35:00",82574,12.71,15.58,753.6,13.91,58.88
"2020-09-10 04:40:00",82575,12.71,15.59,753.6,13.94,57.77
"2020-09-10 04:45:00",82576,12.7,15.61,753.6,14.09,56.53
"2020-09-10 04:50:00",82577,12.7,15.65,753.7,14.32,56.78
"2020-09-10 04:55:00",82578,12.7,15.69,753.7,13.89,57.46
"2020-09-10 05:00:00",82579,12.7,15.72,753.7,14.22,56.49
"2020-09-10 05:05:00",82580,12.7,15.73,753.8,14.11,60.13
"2020-09-10 05:10:00",82581,12.69,15.72,753.8,13.69,61.42
"2020-09-10 05:15:00",82582,12.69,15.69,753.8,13.96,55.54
"2020-09-10 05:20:00",82583,12.69,15.63,753.9,13.4,63.06
"2020-09-10 05:25:00",82584,12.69,15.56,753.9,13.51,55.33
"2020-09-10 05:30:00",82585,12.68,15.48,753.9,13.7,56.86
"2020-09-10 05:35:00",82586,12.68,15.38,754,13.85,53.92
"2020-09-10 05:40:00",82587,12.68,15.3,754,13.91,55.57
"2020-09-10 05:45:00",82588,12.67,15.24,754,13.95,56.6
"2020-09-10 05:50:00",82589,12.67,15.17,754.1,13.61,58.53
"2020-09-10 05:55:00",82590,12.67,15.11,754.2,13.63,57.78
"2020-09-10 06:00:00",82591,12.66,15.01,754.2,12.96,61.9
"2020-09-10 06:05:00",82592,12.66,14.9,754.3,12.78,63.66
"2020-09-10 06:10:00",82593,12.66,14.79,754.4,12.87,64.2
"2020-09-10 06:15:00",82594,12.65,14.72,754.4,12.98,64.68
"2020-09-10 06:20:00",82595,12.65,14.67,754.5,12.83,63.58
"2020-09-10 06:25:00",82596,12.65,14.63,754.5,12.72,62.65
"2020-09-10 06:30:00",82597,12.66,14.58,754.6,12.94,62.83
"2020-09-10 06:35:00",82598,12.66,14.53,754.6,12.54,66.26
"2020-09-10 06:40:00",82599,12.7,14.51,754.6,12.86,66.44
"2020-09-10 06:45:00",82600,12.75,14.56,754.7,13.1,67.58
"2020-09-10 06:50:00",82601,12.82,14.63,754.7,13.25,66.01
"2020-09-10 06:55:00",82602,12.92,14.75,754.7,13.59,62.29
"2020-09-10 07:00:00",82603,13.05,14.93,754.8,13.73,62.05
"2020-09-10 07:05:00",82604,13.22,15.2,754.9,14.05,60.48
"2020-09-10 07:10:00",82605,13.36,15.52,754.9,13.93,58.94
"2020-09-10 07:15:00",82606,13.48,15.92,754.9,14.28,57.07
"2020-09-10 07:20:00",82607,13.57,16.39,755,14.57,57.36
"2020-09-10 07:25:00",82608,13.63,16.92,755,14.8,53.6
"2020-09-10 07:30:00",82609,13.67,17.47,755,14.97,53.9
"2020-09-10 07:35:00",82610,13.72,18.04,755,15.35,52.09
"2020-09-10 07:40:00",82611,13.77,18.67,755.1,15.71,51.03
"2020-09-10 07:45:00",82612,13.82,19.3,755.1,15.98,50.51
"2020-09-10 07:50:00",82613,13.9,19.99,755.2,17.03,47.53
"2020-09-10 07:55:00",82614,13.72,21.4,755.2,17.49,46.62
"2020-09-10 08:00:00",82615,13.7,22.31,755.3,17.79,46.84
"2020-09-10 08:05:00",82616,13.7,22.99,755.2,18,45.89
"2020-09-10 08:10:00",82617,13.67,23.59,755.2,17.72,47.46
"2020-09-10 08:15:00",82618,13.64,24.11,755.3,18.13,45.65
"2020-09-10 08:20:00",82619,13.64,24.6,755.2,18.27,44.15
"2020-09-10 08:25:00",82620,13.64,25.05,755.2,18.13,44.7
"2020-09-10 08:30:00",82621,13.64,25.42,755.3,18.04,44.98
"2020-09-10 08:35:00",82622,13.62,25.67,755.3,18.53,43.95
"2020-09-10 08:40:00",82623,13.62,25.93,755.3,18.65,44.03
"2020-09-10 08:45:00",82624,13.62,26.2,755.3,18.28,44.18
"2020-09-10 08:50:00",82625,13.62,26.51,755.3,19.57,41.83
"2020-09-10 08:55:00",82626,13.59,26.88,755.3,19.72,41.46
"2020-09-10 09:00:00",82627,13.6,27.3,755.3,19.72,40.75
"2020-09-10 09:05:00",82628,13.6,27.7,755.2,20.29,39.59
"2020-09-10 09:10:00",82629,13.57,28.12,755.2,20.08,40.7
"2020-09-10 09:15:00",82630,13.57,28.51,755.3,20.3,40.01
"2020-09-10 09:20:00",82631,13.57,28.89,755.3,20.28,41.14
"2020-09-10 09:25:00",82632,13.55,29.17,755.2,19.94,40.46
"2020-09-10 09:30:00",82633,13.55,29.43,755.2,20.24,40.26
"2020-09-10 09:35:00",82634,13.55,29.78,755.1,20.74,38.4
"2020-09-10 09:40:00",82635,13.53,30.09,755.1,20.64,38.58
"2020-09-10 09:45:00",82636,13.53,30.37,755,21.08,37.52
"2020-09-10 09:50:00",82637,13.53,30.67,755,20.98,36.66
"2020-09-10 09:55:00",82638,13.53,30.92,755,21.11,36.93
"2020-09-10 10:00:00",82639,13.53,31.11,755,21.34,36.95
"2020-09-10 10:05:00",82640,13.5,31.31,754.9,21.13,36.47
"2020-09-10 10:10:00",82641,13.5,31.38,754.9,21.15,37.92
"2020-09-10 10:15:00",82642,13.5,31.55,754.8,21.7,36.17
"2020-09-10 10:20:00",82643,13.5,31.76,754.8,21.87,35.43
"2020-09-10 10:25:00",82644,13.5,31.97,754.7,21.51,35.95
"2020-09-10 10:30:00",82645,13.51,32.14,754.7,21.98,35.44
"2020-09-10 10:35:00",82646,13.51,32.29,754.6,21.85,36.35
"2020-09-10 10:40:00",82647,13.51,32.46,754.6,22.13,34.52
"2020-09-10 10:45:00",82648,13.48,32.56,754.5,21.43,35.94
"2020-09-10 10:50:00",82649,13.48,32.57,754.4,21.77,35.65
"2020-09-10 10:55:00",82650,13.48,32.55,754.3,21.88,34.57
"2020-09-10 11:00:00",82651,13.48,32.55,754.2,22.77,34.72
"2020-09-10 11:05:00",82652,13.48,32.7,754.1,21.71,34.42
"2020-09-10 11:10:00",82653,13.48,32.71,753.9,22.21,33.54
"2020-09-10 11:15:00",82654,13.49,32.77,753.9,22.55,33.1
"2020-09-10 11:20:00",82655,13.49,32.84,753.7,22.15,33.33
"2020-09-10 11:25:00",82656,13.49,32.79,753.6,22.52,30.69
"2020-09-10 11:30:00",82657,13.49,32.79,753.6,22.73,30.11
"2020-09-10 11:35:00",82658,13.49,32.81,753.4,23.85,27.43
"2020-09-10 11:40:00",82659,13.49,32.95,753.4,23.8,27.7
"2020-09-10 11:45:00",82660,13.49,33.04,753.3,23.93,28.18
"2020-09-10 11:50:00",82661,13.49,33.13,753.2,24.13,28.77
"2020-09-10 11:55:00",82662,13.46,33.23,753.1,23.7,28.44
"2020-09-10 12:00:00",82663,13.47,33.26,753,24.2,27.76
"2020-09-10 12:05:00",82664,13.47,33.27,752.9,24.72,26.61
"2020-09-10 12:10:00",82665,13.47,33.3,752.8,25.28,25.7
"2020-09-10 12:15:00",82666,13.47,33.4,752.6,25.07,25.82
"2020-09-10 12:20:00",82667,13.47,33.49,752.5,24.72,26.41
"2020-09-10 12:25:00",82668,13.47,33.52,752.4,24.52,26.39
"2020-09-10 12:30:00",82669,13.47,33.59,752.3,25.7,24.42
"2020-09-10 12:35:00",82670,13.47,33.7,752.1,23.91,26.82
"2020-09-10 12:40:00",82671,13.47,33.66,752,24.11,26.23
"2020-09-10 12:45:00",82672,13.47,33.52,751.9,23.86,26.75
"2020-09-10 12:50:00",82673,13.47,33.35,751.7,24.13,25.68
"2020-09-10 12:55:00",82674,13.47,33.21,751.6,24.58,24.96
"2020-09-10 13:00:00",82675,13.47,33.12,751.5,25.2,25.83
"2020-09-10 13:05:00",82676,13.47,33.14,751.4,25.34,23.71
"2020-09-10 13:10:00",82677,13.47,33.18,751.3,26.06,22.9
"2020-09-10 13:15:00",82678,13.47,33.23,751.2,25.6,24.04
"2020-09-10 13:20:00",82679,13.47,33.29,751,25.5,23.1
"2020-09-10 13:25:00",82680,13.47,33.32,750.9,25.74,22.74
"2020-09-10 13:30:00",82681,13.47,33.33,750.8,25.9,23.44
"2020-09-10 13:35:00",82682,13.47,33.36,750.7,25.8,23.26
"2020-09-10 13:40:00",82683,13.47,33.44,750.5,26.73,22.63
"2020-09-10 13:45:00",82684,13.47,33.57,750.4,26.98,23.03
"2020-09-10 13:50:00",82685,13.47,33.71,750.3,26.43,23.58
"2020-09-10 13:55:00",82686,13.47,33.82,750.2,26.62,23.38
"2020-09-10 14:00:00",82687,13.48,33.89,750.1,26.1,23.49
"2020-09-10 14:05:00",82688,13.47,33.89,750,25.4,24.61
"2020-09-10 14:10:00",82689,13.48,33.86,749.9,25.81,24.22
"2020-09-10 14:15:00",82690,13.47,33.81,749.8,26.39,24.06
"2020-09-10 14:20:00",82691,13.48,33.82,749.7,26.1,23.35
"2020-09-10 14:25:00",82692,13.48,33.81,749.6,26.04,23.69
"2020-09-10 14:30:00",82693,13.45,33.8,749.4,25.45,23.65
"2020-09-10 14:35:00",82694,13.45,33.82,749.3,26.11,23.21
"2020-09-10 14:40:00",82695,13.45,33.85,749.2,26.67,22.04
"2020-09-10 14:45:00",82696,13.45,33.94,749.1,26.74,22.91
"2020-09-10 14:50:00",82697,13.45,34.06,749,25.89,22.71
"2020-09-10 14:55:00",82698,13.45,34.1,748.9,25.54,23.48
"2020-09-10 15:00:00",82699,13.45,34.13,748.9,25.84,23.4
"2020-09-10 15:05:00",82700,13.45,34.13,748.8,26.04,23.41
"2020-09-10 15:10:00",82701,13.45,34.13,748.8,25.71,23.53
"2020-09-10 15:15:00",82702,13.45,34.13,748.7,26.39,22.33
"2020-09-10 15:20:00",82703,13.45,34.25,748.6,27.16,22.31
"2020-09-10 15:25:00",82704,13.45,34.4,748.5,26.68,22.97
"2020-09-10 15:30:00",82705,13.45,34.47,748.5,26.48,22.2
"2020-09-10 15:35:00",82706,13.45,34.43,748.5,26.93,22.29
"2020-09-10 15:40:00",82707,13.45,34.39,748.4,26.52,22.27
"2020-09-10 15:45:00",82708,13.45,34.39,748.4,26.5,22.27
"2020-09-10 15:50:00",82709,13.45,34.39,748.3,26.43,22.26
"2020-09-10 15:55:00",82710,13.45,34.36,748.3,26.31,22.6
"2020-09-10 16:00:00",82711,13.46,34.31,748.2,25.8,23.12
"2020-09-10 16:05:00",82712,13.45,34.16,748.2,26.4,23.44
"2020-09-10 16:10:00",82713,13.45,34.07,748.2,27,22.99
"2020-09-10 16:15:00",82714,13.45,34.07,748.2,26.94,22.19
"2020-09-10 16:20:00",82715,13.45,34.17,748.2,26.7,22.9
"2020-09-10 16:25:00",82716,13.45,34.19,748.2,26.26,23.43
"2020-09-10 16:30:00",82717,13.45,34.01,748.1,25.8,24.02
"2020-09-10 16:35:00",82718,13.45,33.67,748.2,25.32,24.88
"2020-09-10 16:40:00",82719,13.45,33.22,748.2,25.04,25.2
"2020-09-10 16:45:00",82720,13.45,32.8,748.1,25.38,24.95
"2020-09-10 16:50:00",82721,13.45,32.47,748.1,25.22,24.87
"2020-09-10 16:55:00",82722,13.45,32.16,748.1,25.18,24.94
"2020-09-10 17:00:00",82723,13.45,31.89,748,25.2,24.94
"2020-09-10 17:05:00",82724,13.45,31.65,748,25.25,25.49
"2020-09-10 17:10:00",82725,13.45,31.42,748.1,24.99,25.85
"2020-09-10 17:15:00",82726,13.45,31.2,748,24.72,26.82
"2020-09-10 17:20:00",82727,13.45,30.94,748.1,24.48,27.04
"2020-09-10 17:25:00",82728,13.45,30.65,748,24.31,27.67
"2020-09-10 17:30:00",82729,13.45,30.36,748,24.03,27.85
"2020-09-10 17:35:00",82730,13.47,30,748.1,23.84,28.45
"2020-09-10 17:40:00",82731,13.4,29.19,748.2,23.76,28.71
"2020-09-10 17:45:00",82732,13.24,28.52,748.3,23.53,29.3
"2020-09-10 17:50:00",82733,13.16,28.04,748.3,23.41,29.49
"2020-09-10 17:55:00",82734,13.11,27.62,748.2,23.12,29.74
"2020-09-10 18:00:00",82735,13.07,27.25,748.4,23.29,29.11
"2020-09-10 18:05:00",82736,13.03,26.94,748.3,23.01,30.03
"2020-09-10 18:10:00",82737,13.01,26.61,748.4,22.57,30.77
"2020-09-10 18:15:00",82738,12.98,26.27,748.5,22.69,30.64
"2020-09-10 18:20:00",82739,12.96,25.97,748.5,22.6,30.7
"2020-09-10 18:25:00",82740,12.96,25.66,748.6,22.29,31.51
"2020-09-10 18:30:00",82741,12.95,25.36,748.6,22.14,31.87
"2020-09-10 18:35:00",82742,12.95,25.07,748.8,21.93,32.25
"2020-09-10 18:40:00",82743,12.95,24.82,748.8,21.89,32.68
"2020-09-10 18:45:00",82744,12.95,24.59,748.9,21.63,33.42
"2020-09-10 18:50:00",82745,12.94,24.39,749,21.51,33.27
"2020-09-10 18:55:00",82746,12.94,24.18,749,21.51,33.14
"2020-09-10 19:00:00",82747,12.94,24.01,749.1,21.36,33.46
"2020-09-10 19:05:00",82748,12.93,23.82,749,21.41,33.33
"2020-09-10 19:10:00",82749,12.93,23.67,749.1,21.72,32.36
"2020-09-10 19:15:00",82750,12.93,23.57,749.1,21.33,33.65
"2020-09-10 19:20:00",82751,12.92,23.45,749.2,21,34.22
"2020-09-10 19:25:00",82752,12.92,23.33,749.3,20.38,34.89
"2020-09-10 19:30:00",82753,12.92,23.17,749.4,20.18,34.44
"2020-09-10 19:35:00",82754,12.92,22.99,749.4,20.04,34.66
"2020-09-10 19:40:00",82755,12.91,22.81,749.5,20.19,34.01
"2020-09-10 19:45:00",82756,12.91,22.63,749.6,20.19,34.01
"2020-09-10 19:50:00",82757,12.91,22.47,749.7,20.28,33.29
"2020-09-10 19:55:00",82758,12.91,22.34,749.7,20.26,33.69
"2020-09-10 20:00:00",82759,12.9,22.21,749.8,20.4,33.5
"2020-09-10 20:05:00",82760,12.9,22.13,749.9,20.35,33.76
"2020-09-10 20:10:00",82761,12.9,22.07,750,20.27,34.15
"2020-09-10 20:15:00",82762,12.9,22.02,750,20.12,34.67
"2020-09-10 20:20:00",82763,12.89,21.96,750,19.99,34.78
"2020-09-10 20:25:00",82764,12.89,21.91,750.1,19.97,34.52
"2020-09-10 20:30:00",82765,12.89,21.84,750.2,20,34.65
"2020-09-10 20:35:00",82766,12.89,21.8,750.2,20.06,34.33
"2020-09-10 20:40:00",82767,12.89,21.76,750.3,20.06,34.69
"2020-09-10 20:45:00",82768,12.88,21.7,750.3,19.69,35.8
"2020-09-10 20:50:00",82769,12.88,21.63,750.4,19.65,36.06
"2020-09-10 20:55:00",82770,12.88,21.54,750.5,19.54,36.38
"2020-09-10 21:00:00",82771,12.88,21.44,750.5,19.3,37.21
"2020-09-10 21:05:00",82772,12.88,21.33,750.5,19.22,37.39
"2020-09-10 21:10:00",82773,12.87,21.23,750.6,19.28,37.27
"2020-09-10 21:15:00",82774,12.87,21.14,750.6,19.22,37.39
"2020-09-10 21:20:00",82775,12.87,21.05,750.7,19.04,37.96
"2020-09-10 21:25:00",82776,12.87,20.96,750.7,18.98,38.25
"2020-09-10 21:30:00",82777,12.87,20.87,750.8,18.82,38.85
"2020-09-10 21:35:00",82778,12.87,20.76,750.8,18.64,39.28
"2020-09-10 21:40:00",82779,12.86,20.65,750.9,18.33,40.09
"2020-09-10 21:45:00",82780,12.86,20.52,750.9,18.07,40.89
"2020-09-10 21:50:00",82781,12.86,20.37,751,17.83,41.7
"2020-09-10 21:55:00",82782,12.86,20.22,751,17.63,42.35
"2020-09-10 22:00:00",82783,12.86,20.04,751.1,17.45,42.97
"2020-09-10 22:05:00",82784,12.86,19.87,751.2,17.35,43.08
"2020-09-10 22:10:00",82785,12.85,19.68,751.3,17.1,44.1
"2020-09-10 22:15:00",82786,12.85,19.48,751.4,16.83,44.67
"2020-09-10 22:20:00",82787,12.85,19.28,751.5,16.84,44.83
"2020-09-10 22:25:00",82788,12.85,19.11,751.5,16.83,44.67
"2020-09-10 22:30:00",82789,12.85,18.98,751.6,17.03,43.84
"2020-09-10 22:35:00",82790,12.85,18.86,751.6,17.46,42.3
"2020-09-10 22:40:00",82791,12.84,18.82,751.7,17.74,41.37
"2020-09-10 22:45:00",82792,12.84,18.77,751.7,17.41,42.23
"2020-09-10 22:50:00",82793,12.84,18.76,751.7,17.25,42.75
"2020-09-10 22:55:00",82794,12.84,18.73,751.7,17.19,43
"2020-09-10 23:00:00",82795,12.84,18.71,751.8,17.28,42.6
"2020-09-10 23:05:00",82796,12.83,18.7,751.8,17.43,41.72
"2020-09-10 23:10:00",82797,12.83,18.67,751.7,17.69,40.82
"2020-09-10 23:15:00",82798,12.83,18.68,751.8,17.68,40.79
"2020-09-10 23:20:00",82799,12.83,18.67,751.9,17.61,41.1
"2020-09-10 23:25:00",82800,12.83,18.66,751.8,17.35,41.77
"2020-09-10 23:30:00",82801,12.83,18.62,751.7,17.03,42.57
"2020-09-10 23:35:00",82802,12.83,18.56,751.7,16.84,43.21
"2020-09-10 23:40:00",82803,12.83,18.46,751.7,16.82,43.18
"2020-09-10 23:45:00",82804,12.82,18.37,751.6,16.7,43.55
"2020-09-10 23:50:00",82805,12.82,18.29,751.6,16.22,45.39
"2020-09-10 23:55:00",82806,12.82,18.17,751.6,16.04,45.9
"2020-09-11 00:00:00",82807,12.82,18.05,751.6,15.86,46.82
"2020-09-11 00:05:00",82808,12.82,17.92,751.5,15.62,47.66
"2020-09-11 00:10:00",82809,12.82,17.8,751.5,15.88,46.66
"2020-09-11 00:15:00",82810,12.81,17.66,751.5,15.6,47.79
"2020-09-11 00:20:00",82811,12.81,17.53,751.5,15.72,46.64
"2020-09-11 00:25:00",82812,12.81,17.42,751.5,15.81,46.84
"2020-09-11 00:30:00",82813,12.81,17.32,751.5,15.68,46.67
"2020-09-11 00:35:00",82814,12.81,17.22,751.5,15.43,47.64
"2020-09-11 00:40:00",82815,12.8,17.12,751.4,15.29,48.28
"2020-09-11 00:45:00",82816,12.8,17,751.4,15.08,49.15
"2020-09-11 00:50:00",82817,12.8,16.91,751.4,14.88,52.24
"2020-09-11 00:55:00",82818,12.8,16.82,751.3,14.32,52.53
"2020-09-11 01:00:00",82819,12.8,16.71,751.3,14.34,51.7
"2020-09-11 01:05:00",82820,12.8,16.61,751.3,14.25,51.69
"2020-09-11 01:10:00",82821,12.8,16.5,751.3,14.25,51.75
"2020-09-11 01:15:00",82822,12.79,16.38,751.3,14.11,52.16
"2020-09-11 01:20:00",82823,12.79,16.25,751.2,14.31,51.94
"2020-09-11 01:25:00",82824,12.79,16.17,751.2,14.26,52.18
"2020-09-11 01:30:00",82825,12.79,16.1,751.1,14.13,52.56
"2020-09-11 01:35:00",82826,12.79,16.01,751.1,14.31,51.79
"2020-09-11 01:40:00",82827,12.78,15.95,751.1,14.3,52.28
"2020-09-11 01:45:00",82828,12.78,15.9,751,14.46,51.47
"2020-09-11 01:50:00",82829,12.78,15.86,751,14.29,52.12
"2020-09-11 01:55:00",82830,12.78,15.81,751,14.3,52.19
"2020-09-11 02:00:00",82831,12.77,15.79,751,14.21,52.36
"2020-09-11 02:05:00",82832,12.77,15.75,751,14.1,52.71
"2020-09-11 02:10:00",82833,12.77,15.72,751,13.87,52
"2020-09-11 02:15:00",82834,12.77,15.68,751,13.85,52.09
"2020-09-11 02:20:00",82835,12.77,15.61,750.9,13.65,52.95
"2020-09-11 02:25:00",82836,12.77,15.52,750.8,13.55,53.57
"2020-09-11 02:30:00",82837,12.76,15.43,750.8,13.58,54.09
"2020-09-11 02:35:00",82838,12.76,15.31,750.7,13.25,60.64
"2020-09-11 02:40:00",82839,12.76,15.2,750.7,13.25,58.05
"2020-09-11 02:45:00",82840,12.76,15.11,750.7,13.14,59.23
"2020-09-11 02:50:00",82841,12.75,15,750.7,12.49,59.21
"2020-09-11 02:55:00",82842,12.75,14.89,750.7,12.02,62.35
"2020-09-11 03:00:00",82843,12.75,14.74,750.7,12,61.62
"2020-09-11 03:05:00",82844,12.75,14.57,750.7,11.77,61.31
"2020-09-11 03:10:00",82845,12.75,14.45,750.7,12.52,59.1
"2020-09-11 03:15:00",82846,12.74,14.33,750.7,12.79,57.02
"2020-09-11 03:20:00",82847,12.74,14.27,750.6,13.2,55.58
"2020-09-11 03:25:00",82848,12.74,14.26,750.6,13.2,55.95
"2020-09-11 03:30:00",82849,12.74,14.24,750.5,13.33,55.03
"2020-09-11 03:35:00",82850,12.73,14.25,750.5,13.45,54.96
"2020-09-11 03:40:00",82851,12.73,14.28,750.5,13.02,57.03
"2020-09-11 03:45:00",82852,12.73,14.27,750.5,12.34,59.58
"2020-09-11 03:50:00",82853,12.72,14.22,750.6,12.76,57.92
"2020-09-11 03:55:00",82854,12.72,14.17,750.5,12.28,60.13
"2020-09-11 04:00:00",82855,12.72,14.1,750.5,12.1,60.96
"2020-09-11 04:05:00",82856,12.72,14.01,750.6,12.07,60.27
"2020-09-11 04:10:00",82857,12.71,13.9,750.5,12.14,60.43
"2020-09-11 04:15:00",82858,12.71,13.83,750.5,12.38,58.72
"2020-09-11 04:20:00",82859,12.71,13.74,750.4,12.5,58.62
"2020-09-11 04:25:00",82860,12.71,13.67,750.4,12.58,58.78
"2020-09-11 04:30:00",82861,12.7,13.64,750.4,12.53,59.01
"2020-09-11 04:35:00",82862,12.7,13.6,750.5,12.46,59.63
"2020-09-11 04:40:00",82863,12.7,13.59,750.6,11.45,63.57
"2020-09-11 04:45:00",82864,12.69,13.54,750.6,11.27,64.3
"2020-09-11 04:50:00",82865,12.69,13.47,750.6,11.71,61.83
"2020-09-11 04:55:00",82866,12.69,13.4,750.7,11.47,62.79
"2020-09-11 05:00:00",82867,12.69,13.32,750.7,11.51,62.97
"2020-09-11 05:05:00",82868,12.68,13.25,750.7,11.9,61.07
"2020-09-11 05:10:00",82869,12.68,13.23,750.8,12.16,59.9
"2020-09-11 05:15:00",82870,12.68,13.22,750.8,12.02,60.5
"2020-09-11 05:20:00",82871,12.67,13.22,750.8,12.04,59.38
"2020-09-11 05:25:00",82872,12.67,13.2,750.8,11.93,59.6
"2020-09-11 05:30:00",82873,12.67,13.2,750.8,11.95,59.27
"2020-09-11 05:35:00",82874,12.66,13.19,750.8,11.88,59.06
"2020-09-11 05:40:00",82875,12.66,13.18,750.8,11.82,59.31
"2020-09-11 05:45:00",82876,12.66,13.16,750.8,11.76,59.57
"2020-09-11 05:50:00",82877,12.65,13.11,750.9,11.53,60.45
"2020-09-11 05:55:00",82878,12.65,13.07,750.9,11.42,60.87
"2020-09-11 06:00:00",82879,12.65,12.99,750.9,11.33,61.21
"2020-09-11 06:05:00",82880,12.64,12.91,750.9,11.37,61.16
"2020-09-11 06:10:00",82881,12.64,12.85,751,11.29,62.08
"2020-09-11 06:15:00",82882,12.64,12.77,751,10.99,63.9
"2020-09-11 06:20:00",82883,12.63,12.76,751,11,63.58
"2020-09-11 06:25:00",82884,12.64,12.73,751,11.03,62.6
"2020-09-11 06:30:00",82885,12.64,12.71,751.1,11.25,62.11
"2020-09-11 06:35:00",82886,12.66,12.72,751.2,11.1,61.58
"2020-09-11 06:40:00",82887,12.7,12.75,751.2,11.47,60.79
"2020-09-11 06:45:00",82888,12.74,12.81,751.2,11.67,60.18
"2020-09-11 06:50:00",82889,12.81,12.93,751.2,11.9,59.39
"2020-09-11 06:55:00",82890,12.92,13.11,751.2,12.44,57.83
"2020-09-11 07:00:00",82891,13.08,13.34,751.2,12.55,57.58
"2020-09-11 07:05:00",82892,13.27,13.64,751.3,12.74,56.72
"2020-09-11 07:10:00",82893,13.44,14.01,751.4,12.84,56.61
"2020-09-11 07:15:00",82894,13.57,14.47,751.4,13.19,55.73
"2020-09-11 07:20:00",82895,13.66,14.98,751.4,13.28,54.35
"2020-09-11 07:25:00",82896,13.72,15.55,751.5,13.35,60.84
"2020-09-11 07:30:00",82897,13.77,16.08,751.5,13.25,58.71
"2020-09-11 07:35:00",82898,13.83,16.63,751.6,13.87,55.2
"2020-09-11 07:40:00",82899,13.92,17.24,751.6,13.88,54.2
"2020-09-11 07:45:00",82900,13.87,18.48,751.6,14.03,52.61
"2020-09-11 07:50:00",82901,13.75,19.58,751.7,15.32,50.02
"2020-09-11 07:55:00",82902,13.75,20.33,751.7,16.26,47.59
"2020-09-11 08:00:00",82903,13.73,21.02,751.8,17.15,44.2
"2020-09-11 08:05:00",82904,13.72,21.73,751.8,17.52,42.43
"2020-09-11 08:10:00",82905,13.7,22.42,751.8,17.93,42.16
"2020-09-11 08:15:00",82906,13.67,23.1,751.9,17.81,41.51
"2020-09-11 08:20:00",82907,13.67,23.71,751.8,18.09,40.9
"2020-09-11 08:25:00",82908,13.65,24.3,751.9,18.11,41.35
"2020-09-11 08:30:00",82909,13.65,24.8,751.9,17.89,42.48
"2020-09-11 08:35:00",82910,13.65,25.27,751.9,18.42,40.55
"2020-09-11 08:40:00",82911,13.62,25.74,751.9,18.96,38.99
"2020-09-11 08:45:00",82912,13.62,26.23,751.9,19.29,38.77
"2020-09-11 08:50:00",82913,13.6,26.73,751.9,19.3,37.07
"2020-09-11 08:55:00",82914,13.6,27.2,751.9,19.72,37.71
"2020-09-11 09:00:00",82915,13.6,27.71,751.9,20.39,35.28
"2020-09-11 09:05:00",82916,13.57,28.14,751.9,19.32,38.77
"2020-09-11 09:10:00",82917,13.57,28.48,751.8,19.57,37.82
"2020-09-11 09:15:00",82918,13.57,28.77,751.8,19.84,36.74
"2020-09-11 09:20:00",82919,13.55,29.05,751.8,20.01,35.9
"2020-09-11 09:25:00",82920,13.55,29.28,751.9,20.04,37.57
"2020-09-11 09:30:00",82921,13.55,29.58,751.8,20.64,35.18
"2020-09-11 09:35:00",82922,13.55,29.92,751.8,21.02,32.57
"2020-09-11 09:40:00",82923,13.53,30.21,751.7,20.36,34.56
"2020-09-11 09:45:00",82924,13.53,30.46,751.7,21.4,33.03
"2020-09-11 09:50:00",82925,13.53,30.76,751.6,20.23,34.91
"2020-09-11 09:55:00",82926,13.53,30.91,751.6,20.64,32.6
"2020-09-11 10:00:00",82927,13.53,31.08,751.5,21.45,31.94
"2020-09-11 10:05:00",82928,13.51,31.34,751.5,21.64,31.42
"2020-09-11 10:10:00",82929,13.5,31.53,751.4,21.21,32.12
"2020-09-11 10:15:00",82930,13.5,31.7,751.3,22.09,29.92
"2020-09-11 10:20:00",82931,13.51,31.94,751.2,21.85,29.83
"2020-09-11 10:25:00",82932,13.5,32.18,751.2,22.42,28.74
"2020-09-11 10:30:00",82933,13.51,32.46,751.1,22.79,29.44
"2020-09-11 10:35:00",82934,13.48,32.6,751,21.73,28.95
"2020-09-11 10:40:00",82935,13.48,32.65,750.9,22.75,27.07
"2020-09-11 10:45:00",82936,13.49,32.8,750.8,22.76,27.28
"2020-09-11 10:50:00",82937,13.48,32.92,750.8,22.07,28.37
"2020-09-11 10:55:00",82938,13.49,32.9,750.7,21.89,28.7
"2020-09-11 11:00:00",82939,13.49,32.84,750.5,23.2,27.04
"2020-09-11 11:05:00",82940,13.48,32.85,750.4,23.03,27.3
"2020-09-11 11:10:00",82941,13.48,32.91,750.3,23.67,26.46
"2020-09-11 11:15:00",82942,13.48,33.05,750.2,24.45,23.44
"2020-09-11 11:20:00",82943,13.49,33.27,750.1,23.69,25.31
"2020-09-11 11:25:00",82944,13.46,33.42,750,23.91,23.54
"2020-09-11 11:30:00",82945,13.46,33.49,749.8,23.91,21.76
"2020-09-11 11:35:00",82946,13.46,33.52,749.7,25.13,23.28
"2020-09-11 11:40:00",82947,13.46,33.62,749.6,25.1,22.11
"2020-09-11 11:45:00",82948,13.46,33.73,749.5,24.54,23.04
"2020-09-11 11:50:00",82949,13.46,33.78,749.4,24.29,23.36
"2020-09-11 11:55:00",82950,13.47,33.77,749.3,24.7,20.91
"2020-09-11 12:00:00",82951,13.47,33.78,749.2,25.22,20.32
"2020-09-11 12:05:00",82952,13.47,33.86,749.1,25.36,20.5
"2020-09-11 12:10:00",82953,13.47,33.91,749,25.1,20.03
"2020-09-11 12:15:00",82954,13.47,33.96,748.8,25.82,19.62
"2020-09-11 12:20:00",82955,13.47,34.06,748.8,26.44,19.27
"2020-09-11 12:25:00",82956,13.47,34.17,748.7,25.96,19.59
"2020-09-11 12:30:00",82957,13.47,34.28,748.6,26.96,17.27
"2020-09-11 12:35:00",82958,13.44,34.38,748.5,27.21,15.66
"2020-09-11 12:40:00",82959,13.45,34.46,748.4,26.72,15.5
"2020-09-11 12:45:00",82960,13.45,34.53,748.3,27.48,15.32
"2020-09-11 12:50:00",82961,13.45,34.67,748.1,28.78,15.03
"2020-09-11 12:55:00",82962,13.45,34.85,748,26.74,15.14
"2020-09-11 13:00:00",82963,13.45,34.91,747.9,27.26,15.45
"2020-09-11 13:05:00",82964,13.45,34.91,747.9,27.16,14.6
"2020-09-11 13:10:00",82965,13.45,34.9,747.8,27.43,14.54
"2020-09-11 13:15:00",82966,13.45,34.86,747.7,27.42,13.97
"2020-09-11 13:20:00",82967,13.45,34.77,747.6,27.11,14.17
"2020-09-11 13:25:00",82968,13.45,34.7,747.5,27.6,14.05
"2020-09-11 13:30:00",82969,13.45,34.71,747.4,28.87,13.54
"2020-09-11 13:35:00",82970,13.45,34.86,747.3,29.02,13.55
"2020-09-11 13:40:00",82971,13.45,35.02,747.2,28.09,13.79
"2020-09-11 13:45:00",82972,13.45,35.12,747.1,28.51,13.38
"2020-09-11 13:50:00",82973,13.42,35.2,747,28.71,12.32
"2020-09-11 13:55:00",82974,13.43,35.23,746.9,28.5,13.02
"2020-09-11 14:00:00",82975,13.42,35.28,746.8,28.22,12.73
"2020-09-11 14:05:00",82976,13.43,35.29,746.7,28.78,12.75
"2020-09-11 14:10:00",82977,13.43,35.36,746.6,29.24,12.63
"2020-09-11 14:15:00",82978,13.43,35.49,746.5,28.58,13.1
"2020-09-11 14:20:00",82979,13.43,35.62,746.3,28.36,14.16
"2020-09-11 14:25:00",82980,13.43,35.75,746.3,30.29,12.99
"2020-09-11 14:30:00",82981,13.43,35.96,746.2,29.13,13.12
"2020-09-11 14:35:00",82982,13.43,36.13,746.1,29.58,13.75
"2020-09-11 14:40:00",82983,13.43,36.31,746,29.31,13.84
"2020-09-11 14:45:00",82984,13.43,36.39,745.9,29.2,12.98
"2020-09-11 14:50:00",82985,13.43,36.43,745.8,30.11,13.95
"2020-09-11 14:55:00",82986,13.4,36.53,745.8,29.25,14.59
"2020-09-11 15:00:00",82987,13.41,36.58,745.7,28.86,14.89
"2020-09-11 15:05:00",82988,13.4,36.46,745.6,28.01,19.43
"2020-09-11 15:10:00",82989,13.4,36.11,745.5,27.85,21.45
"2020-09-11 15:15:00",82990,13.41,35.65,745.5,27.33,21.97
"2020-09-11 15:20:00",82991,13.4,35.22,745.5,27.05,22.44
"2020-09-11 15:25:00",82992,13.4,34.78,745.4,26.65,23.94
"2020-09-11 15:30:00",82993,13.4,34.36,745.5,26.65,23.38
"2020-09-11 15:35:00",82994,13.4,34.01,745.3,26.28,22.18
"2020-09-11 15:40:00",82995,13.4,33.64,745.4,26.05,23.41
"2020-09-11 15:45:00",82996,13.4,33.39,745.5,26.31,21.49
"2020-09-11 15:50:00",82997,13.4,33.15,745.3,26.22,18.49
"2020-09-11 15:55:00",82998,13.4,33.01,745.4,27.03,16.64
"2020-09-11 16:00:00",82999,13.43,32.92,745.3,26.11,20.65
"2020-09-11 16:05:00",83000,13.42,32.79,745.4,25.99,21.65
"2020-09-11 16:10:00",83001,13.42,32.63,745.3,26.01,24.31
"2020-09-11 16:15:00",83002,13.42,32.47,745.4,25.5,26.46
"2020-09-11 16:20:00",83003,13.42,32.24,745.4,25.06,27.59
"2020-09-11 16:25:00",83004,13.42,31.93,745.5,24.63,28.24
"2020-09-11 16:30:00",83005,13.43,31.53,745.4,24.63,27.9
"2020-09-11 16:35:00",83006,13.45,31.09,745.5,24.06,29.68
"2020-09-11 16:40:00",83007,13.45,30.66,745.6,24.17,28.91
"2020-09-11 16:45:00",83008,13.47,30.31,745.6,24.42,29.37
"2020-09-11 16:50:00",83009,13.47,30.09,745.6,24.33,28.62
"2020-09-11 16:55:00",83010,13.47,29.95,745.7,24.66,26.06
"2020-09-11 17:00:00",83011,13.47,29.91,745.6,24.97,26.43
"2020-09-11 17:05:00",83012,13.47,29.89,745.7,24.1,28.67
"2020-09-11 17:10:00",83013,13.47,29.76,745.7,24.32,28.28
"2020-09-11 17:15:00",83014,13.47,29.64,745.8,24.35,28.35
"2020-09-11 17:20:00",83015,13.47,29.55,745.8,24.33,28.38
"2020-09-11 17:25:00",83016,13.47,29.46,745.9,24.27,27.94
"2020-09-11 17:30:00",83017,13.47,29.27,745.9,23.99,28.86
"2020-09-11 17:35:00",83018,13.32,28.53,746.1,23.74,28.57
"2020-09-11 17:40:00",83019,13.23,27.98,746.3,23.63,28.43
"2020-09-11 17:45:00",83020,13.15,27.58,746.3,23.31,29.42
"2020-09-11 17:50:00",83021,13.1,27.23,746.4,23.19,29.14
"2020-09-11 17:55:00",83022,13.07,26.91,746.4,22.9,30.12
"2020-09-11 18:00:00",83023,13.05,26.59,746.5,22.66,30.51
"2020-09-11 18:05:00",83024,13.02,26.29,746.5,22.57,30.93
"2020-09-11 18:10:00",83025,12.99,25.99,746.6,22.52,29.69
"2020-09-11 18:15:00",83026,12.98,25.75,746.8,22.47,30.52
"2020-09-11 18:20:00",83027,12.96,25.5,747,22.48,29.48
"2020-09-11 18:25:00",83028,12.96,25.28,747.1,21.97,32.05
"2020-09-11 18:30:00",83029,12.95,24.99,747.2,21.64,32.92
"2020-09-11 18:35:00",83030,12.95,24.71,747.2,21.37,33.46
"2020-09-11 18:40:00",83031,12.95,24.46,747.2,21.6,32.95
"2020-09-11 18:45:00",83032,12.95,24.26,747.2,21.49,33.5
"2020-09-11 18:50:00",83033,12.94,24.09,747.2,21.62,33.48
"2020-09-11 18:55:00",83034,12.94,23.95,747.4,21.43,34.26
"2020-09-11 19:00:00",83035,12.94,23.81,747.4,21.4,34.19
"2020-09-11 19:05:00",83036,12.93,23.7,747.5,21.39,33.93
"2020-09-11 19:10:00",83037,12.93,23.6,747.6,21.39,34.65
"2020-09-11 19:15:00",83038,12.93,23.5,747.7,21.31,34.21
"2020-09-11 19:20:00",83039,12.93,23.41,747.8,21.33,34.28
"2020-09-11 19:25:00",83040,12.92,23.32,748,21.16,34.5
"2020-09-11 19:30:00",83041,12.92,23.19,748,20.72,35.81
"2020-09-11 19:35:00",83042,12.92,23.06,748,20.23,37.27
"2020-09-11 19:40:00",83043,12.91,22.9,748.2,20.05,37.74
"2020-09-11 19:45:00",83044,12.91,22.71,748.1,19.98,37.99
"2020-09-11 19:50:00",83045,12.91,22.53,748.2,20.02,37.9
"2020-09-11 19:55:00",83046,12.91,22.39,748.2,19.79,39.01
"2020-09-11 20:00:00",83047,12.9,22.23,748.2,19.3,39.83
"2020-09-11 20:05:00",83048,12.9,22.07,748.3,19.48,39.47
"2020-09-11 20:10:00",83049,12.9,21.92,748.3,19.38,39.78
"2020-09-11 20:15:00",83050,12.9,21.79,748.4,19.68,39.06
"2020-09-11 20:20:00",83051,12.9,21.69,748.6,19.82,38.33
"2020-09-11 20:25:00",83052,12.89,21.62,748.6,19.87,38.31
"2020-09-11 20:30:00",83053,12.89,21.57,748.7,19.65,39
"2020-09-11 20:35:00",83054,12.89,21.5,748.7,19.38,40.04
"2020-09-11 20:40:00",83055,12.89,21.4,748.7,19.03,40.68
"2020-09-11 20:45:00",83056,12.88,21.28,748.8,18.83,41.62
"2020-09-11 20:50:00",83057,12.88,21.16,748.9,18.57,42.33
"2020-09-11 20:55:00",83058,12.88,21,749,18.63,42.05
"2020-09-11 21:00:00",83059,12.88,20.85,748.9,18.68,41.38
"2020-09-11 21:05:00",83060,12.88,20.74,749,18.67,41.67
"2020-09-11 21:10:00",83061,12.87,20.61,749,18.57,41.78
"2020-09-11 21:15:00",83062,12.87,20.48,749,18.25,42.84
"2020-09-11 21:20:00",83063,12.87,20.34,749,18.06,43.52
"2020-09-11 21:25:00",83064,12.87,20.21,749.1,18.53,41.84
"2020-09-11 21:30:00",83065,12.87,20.12,749,18.67,41.35
"2020-09-11 21:35:00",83066,12.87,20.06,749.1,19.11,40.3
"2020-09-11 21:40:00",83067,12.86,20.03,749.1,19.02,39.97
"2020-09-11 21:45:00",83068,12.86,20.02,749.1,19.06,40.29
"2020-09-11 21:50:00",83069,12.86,19.99,749.1,18.85,41.17
"2020-09-11 21:55:00",83070,12.86,19.95,749.1,18.88,41.21
"2020-09-11 22:00:00",83071,12.86,19.91,749.2,18.83,41.43
"2020-09-11 22:05:00",83072,12.85,19.87,749.2,18.58,42.27
"2020-09-11 22:10:00",83073,12.85,19.81,749.2,18.08,43.84
"2020-09-11 22:15:00",83074,12.85,19.72,749.3,18.19,43.12
"2020-09-11 22:20:00",83075,12.85,19.63,749.3,18.17,42.89
"2020-09-11 22:25:00",83076,12.85,19.54,749.4,18.19,43.21
"2020-09-11 22:30:00",83077,12.85,19.45,749.4,17.99,44.18
"2020-09-11 22:35:00",83078,12.85,19.39,749.5,18.4,42.25
"2020-09-11 22:40:00",83079,12.84,19.38,749.5,18.57,41.72
"2020-09-11 22:45:00",83080,12.84,19.39,749.5,18.59,41.59
"2020-09-11 22:50:00",83081,12.84,19.41,749.4,18.21,42.83
"2020-09-11 22:55:00",83082,12.84,19.39,749.5,18.27,42.93
"2020-09-11 23:00:00",83083,12.84,19.36,749.6,18.24,41.52
"2020-09-11 23:05:00",83084,12.84,19.35,749.5,18.42,41.45
"2020-09-11 23:10:00",83085,12.84,19.34,749.6,18.34,42.14
"2020-09-11 23:15:00",83086,12.84,19.3,749.6,17.98,43.38
"2020-09-11 23:20:00",83087,12.83,19.22,749.5,17.39,45.02
"2020-09-11 23:25:00",83088,12.83,19.13,749.5,17.45,44.05
"2020-09-11 23:30:00",83089,12.83,19.01,749.5,17.43,44.59
"2020-09-11 23:35:00",83090,12.83,18.92,749.4,17.51,44.53
"2020-09-11 23:40:00",83091,12.83,18.83,749.5,17.19,45.76
"2020-09-11 23:45:00",83092,12.83,18.73,749.5,16.82,46.53
"2020-09-11 23:50:00",83093,12.82,18.61,749.5,17,46.3
"2020-09-11 23:55:00",83094,12.82,18.51,749.5,17.21,45.79
"2020-09-12 00:00:00",83095,12.82,18.42,749.5,17.03,46.43
"2020-09-12 00:05:00",83096,12.82,18.35,749.4,16.63,47.76
"2020-09-12 00:10:00",83097,12.82,18.25,749.4,16.46,48.55
"2020-09-12 00:15:00",83098,12.82,18.13,749.3,16.2,49.67
"2020-09-12 00:20:00",83099,12.82,18.01,749.2,15.87,50.68
"2020-09-12 00:25:00",83100,12.81,17.9,749.2,15.86,50.9
"2020-09-12 00:30:00",83101,12.81,17.75,749.3,15.59,51.81
"2020-09-12 00:35:00",83102,12.81,17.63,749.3,15.55,51.75
"2020-09-12 00:40:00",83103,12.81,17.48,749.3,15.56,51.63
"2020-09-12 00:45:00",83104,12.81,17.37,749.2,15.68,51.18
"2020-09-12 00:50:00",83105,12.81,17.26,749.2,15.63,51.08
"2020-09-12 00:55:00",83106,12.81,17.18,749.2,15.58,50.52
"2020-09-12 01:00:00",83107,12.8,17.07,749.1,15.54,50.73
"2020-09-12 01:05:00",83108,12.8,16.98,749.1,15.79,49.83
"2020-09-12 01:10:00",83109,12.8,16.91,749.1,15.59,50.52
"2020-09-12 01:15:00",83110,12.8,16.87,749.1,15.64,49.78
"2020-09-12 01:20:00",83111,12.8,16.85,749.1,15.62,49.84
"2020-09-12 01:25:00",83112,12.79,16.84,749.1,15.29,51.99
"2020-09-12 01:30:00",83113,12.79,16.78,749.1,14.88,52.88
"2020-09-12 01:35:00",83114,12.79,16.7,749.1,14.98,52.68
"2020-09-12 01:40:00",83115,12.79,16.63,749,14.71,52.67
"2020-09-12 01:45:00",83116,12.79,16.53,749,14.81,52.66
"2020-09-12 01:50:00",83117,12.78,16.45,749,14.88,52.21
"2020-09-12 01:55:00",83118,12.78,16.36,749,14.81,52.81
"2020-09-12 02:00:00",83119,12.78,16.27,749,14.67,53.16
"2020-09-12 02:05:00",83120,12.78,16.19,749.1,14.62,53.76
"2020-09-12 02:10:00",83121,12.78,16.12,749,14.77,53.54
"2020-09-12 02:15:00",83122,12.77,16.06,749,14.83,53.06
"2020-09-12 02:20:00",83123,12.77,16.02,749,14.6,53.88
"2020-09-12 02:25:00",83124,12.77,15.96,749.1,14.49,54.59
"2020-09-12 02:30:00",83125,12.77,15.91,749,14.55,54.45
"2020-09-12 02:35:00",83126,12.77,15.85,749,14.39,54.27
"2020-09-12 02:40:00",83127,12.76,15.81,749.1,14.43,53.67
"2020-09-12 02:45:00",83128,12.76,15.78,749.1,14.55,52.86
"2020-09-12 02:50:00",83129,12.76,15.77,749.1,14.5,52.83
"2020-09-12 02:55:00",83130,12.76,15.75,749.1,14.4,53.76
"2020-09-12 03:00:00",83131,12.76,15.74,749.1,14.49,54.14
"2020-09-12 03:05:00",83132,12.75,15.72,749.2,14.33,54.08
"2020-09-12 03:10:00",83133,12.75,15.69,749.1,14.53,53.87
"2020-09-12 03:15:00",83134,12.75,15.64,749.2,14.18,54.85
"2020-09-12 03:20:00",83135,12.75,15.57,749.2,13.8,56.28
"2020-09-12 03:25:00",83136,12.74,15.46,749.2,13.59,57.69
"2020-09-12 03:30:00",83137,12.74,15.36,749.3,13.43,57.48
"2020-09-12 03:35:00",83138,12.74,15.27,749.3,13.28,57.85
"2020-09-12 03:40:00",83139,12.74,15.17,749.3,13.12,58.12
"2020-09-12 03:45:00",83140,12.73,15.07,749.3,13.11,57.91
"2020-09-12 03:50:00",83141,12.73,14.98,749.4,13.1,57.61
"2020-09-12 03:55:00",83142,12.73,14.9,749.4,13.15,56.93
"2020-09-12 04:00:00",83143,12.73,14.84,749.4,13.08,56.86
"2020-09-12 04:05:00",83144,12.72,14.79,749.5,13.12,56.41
"2020-09-12 04:10:00",83145,12.72,14.74,749.5,12.98,57.77
"2020-09-12 04:15:00",83146,12.72,14.65,749.5,12.87,57.66
"2020-09-12 04:20:00",83147,12.71,14.59,749.6,12.83,57.81
"2020-09-12 04:25:00",83148,12.71,14.5,749.6,12.82,58.04
"2020-09-12 04:30:00",83149,12.71,14.41,749.6,12.84,58.47
"2020-09-12 04:35:00",83150,12.71,14.36,749.7,12.88,58.05
"2020-09-12 04:40:00",83151,12.7,14.32,749.7,12.73,58.54
"2020-09-12 04:45:00",83152,12.7,14.29,749.7,12.64,58.82
"2020-09-12 04:50:00",83153,12.7,14.25,749.8,12.56,58.96
"2020-09-12 04:55:00",83154,12.69,14.19,749.8,12.3,59.95
"2020-09-12 05:00:00",83155,12.69,14.1,749.9,12.08,60.78
"2020-09-12 05:05:00",83156,12.69,14.01,749.9,12.08,61.81
"2020-09-12 05:10:00",83157,12.68,13.91,749.9,12.18,60.88
"2020-09-12 05:15:00",83158,12.68,13.85,750,12.18,60.85
"2020-09-12 05:20:00",83159,12.68,13.76,750.1,12.04,61.39
"2020-09-12 05:25:00",83160,12.67,13.69,750.1,11.84,63.81
"2020-09-12 05:30:00",83161,12.67,13.61,750.2,11.86,65.01
"2020-09-12 05:35:00",83162,12.67,13.52,750.3,11.74,66.52
"2020-09-12 05:40:00",83163,12.66,13.45,750.3,11.86,64.4
"2020-09-12 05:45:00",83164,12.66,13.41,750.4,11.98,63.37
"2020-09-12 05:50:00",83165,12.66,13.37,750.5,11.96,62.58
"2020-09-12 05:55:00",83166,12.65,13.35,750.6,12.08,62.07
"2020-09-12 06:00:00",83167,12.65,13.33,750.6,11.96,63.34
"2020-09-12 06:05:00",83168,12.65,13.3,750.7,11.79,62.84
"2020-09-12 06:10:00",83169,12.64,13.25,750.7,11.76,63.13
"2020-09-12 06:15:00",83170,12.64,13.22,750.8,11.95,62.63
"2020-09-12 06:20:00",83171,12.64,13.25,750.8,11.98,63.26
"2020-09-12 06:25:00",83172,12.64,13.26,750.9,11.88,63.5
"2020-09-12 06:30:00",83173,12.65,13.27,750.9,11.94,62.87
"2020-09-12 06:35:00",83174,12.66,13.32,750.9,11.77,63.19
"2020-09-12 06:40:00",83175,12.69,13.36,751,11.77,63.22
"2020-09-12 06:45:00",83176,12.73,13.41,751.1,11.79,63.25
"2020-09-12 06:50:00",83177,12.79,13.49,751.1,12.18,61.47
"2020-09-12 06:55:00",83178,12.88,13.66,751.2,12.61,60.51
"2020-09-12 07:00:00",83179,13.01,13.86,751.3,12.81,59.83
"2020-09-12 07:05:00",83180,13.2,14.12,751.4,12.84,59.36
"2020-09-12 07:10:00",83181,13.38,14.45,751.4,13.2,57.84
"2020-09-12 07:15:00",83182,13.51,14.84,751.4,13.65,55.89
"2020-09-12 07:20:00",83183,13.6,15.31,751.5,13.77,54.61
"2020-09-12 07:25:00",83184,13.66,15.83,751.6,13.71,54.24
"2020-09-12 07:30:00",83185,13.7,16.38,751.7,13.69,54.69
"2020-09-12 07:35:00",83186,13.75,16.94,751.7,13.99,53.97
"2020-09-12 07:40:00",83187,13.8,17.52,751.7,14.49,52.52
"2020-09-12 07:45:00",83188,13.88,18.15,751.7,15.49,50.47
"2020-09-12 07:50:00",83189,13.9,18.87,751.8,16.28,47.5
"2020-09-12 07:55:00",83190,13.75,20.47,751.8,17.11,45.02
"2020-09-12 08:00:00",83191,13.72,21.29,751.8,17.27,44.63
"2020-09-12 08:05:00",83192,13.7,21.99,751.8,17.37,44.99
"2020-09-12 08:10:00",83193,13.7,22.61,751.9,18.18,43.44
"2020-09-12 08:15:00",83194,13.67,23.22,751.9,18.56,42.62
"2020-09-12 08:20:00",83195,13.67,23.81,752,18.63,43.14
"2020-09-12 08:25:00",83196,13.64,24.43,752,18.41,44.93
"2020-09-12 08:30:00",83197,13.65,24.94,752.1,18.11,45.65
"2020-09-12 08:35:00",83198,13.65,25.4,752.1,18.58,44.09
"2020-09-12 08:40:00",83199,13.62,25.82,752.2,18.31,44.95
"2020-09-12 08:45:00",83200,13.62,26.22,752.2,18.89,43.55
"2020-09-12 08:50:00",83201,13.62,26.64,752.2,18.67,44.96
"2020-09-12 08:55:00",83202,13.59,27.01,752.2,19.7,41.49
"2020-09-12 09:00:00",83203,13.6,27.48,752.3,20.5,38.37
"2020-09-12 09:05:00",83204,13.57,27.99,752.3,20.46,37.19
"2020-09-12 09:10:00",83205,13.57,28.46,752.3,20.75,36.21
"2020-09-12 09:15:00",83206,13.57,28.88,752.3,19.99,37.11
"2020-09-12 09:20:00",83207,13.55,29.14,752.2,20.13,38.53
"2020-09-12 09:25:00",83208,13.55,29.43,752.2,19.76,38.88
"2020-09-12 09:30:00",83209,13.55,29.69,752.1,19.65,39.29
"2020-09-12 09:35:00",83210,13.55,29.89,752.1,19.24,40.12
"2020-09-12 09:40:00",83211,13.55,30.07,752.1,19.84,37.78
"2020-09-12 09:45:00",83212,13.55,30.22,752.1,20.53,35.43
"2020-09-12 09:50:00",83213,13.52,30.32,752.1,20.82,35.46
"2020-09-12 09:55:00",83214,13.53,30.57,752,21.33,34.71
"2020-09-12 10:00:00",83215,13.53,30.96,752,21.07,33.07
"2020-09-12 10:05:00",83216,13.5,31.27,752,21.23,32.98
"2020-09-12 10:10:00",83217,13.5,31.4,752,20.92,33.55
"2020-09-12 10:15:00",83218,13.5,31.47,752,21.11,32.61
"2020-09-12 10:20:00",83219,13.5,31.54,752,21.71,29.89
"2020-09-12 10:25:00",83220,13.5,31.65,751.9,21.99,30.95
"2020-09-12 10:30:00",83221,13.5,31.81,751.8,22.26,30.14
"2020-09-12 10:35:00",83222,13.5,31.88,751.8,21.43,31.54
"2020-09-12 10:40:00",83223,13.51,31.84,751.7,21.3,31.79
"2020-09-12 10:45:00",83224,13.51,31.85,751.7,22.03,31.66
"2020-09-12 10:50:00",83225,13.51,31.97,751.7,23.11,29.47
"2020-09-12 10:55:00",83226,13.51,32.11,751.6,21.98,30.85
"2020-09-12 11:00:00",83227,13.51,32.2,751.5,22.39,30.95
"2020-09-12 11:05:00",83228,13.48,32.29,751.5,22.66,30.24
"2020-09-12 11:10:00",83229,13.49,32.37,751.4,22.64,31.11
"2020-09-12 11:15:00",83230,13.48,32.49,751.3,23.16,29
"2020-09-12 11:20:00",83231,13.49,32.62,751.2,22.51,29.82
"2020-09-12 11:25:00",83232,13.49,32.62,751.1,23.03,29.09
"2020-09-12 11:30:00",83233,13.49,32.56,751,23.07,29.46
"2020-09-12 11:35:00",83234,13.49,32.55,750.9,23.14,28.73
"2020-09-12 11:40:00",83235,13.49,32.58,750.9,23.18,28.66
"2020-09-12 11:45:00",83236,13.49,32.68,750.8,23.41,28.99
"2020-09-12 11:50:00",83237,13.49,32.8,750.7,22.49,29.99
"2020-09-12 11:55:00",83238,13.49,32.79,750.6,23.14,29.88
"2020-09-12 12:00:00",83239,13.49,32.77,750.6,23.72,28.1
"2020-09-12 12:05:00",83240,13.49,32.76,750.5,24.01,27.65
"2020-09-12 12:10:00",83241,13.49,32.77,750.3,23.74,28.03
"2020-09-12 12:15:00",83242,13.49,32.72,750.2,23.05,27.78
"2020-09-12 12:20:00",83243,13.49,32.66,750.2,24.12,25.89
"2020-09-12 12:25:00",83244,13.49,32.6,750.1,23.97,25.6
"2020-09-12 12:30:00",83245,13.49,32.61,750,23.87,26.82
"2020-09-12 12:35:00",83246,13.49,32.57,749.9,23.6,25.92
"2020-09-12 12:40:00",83247,13.49,32.49,749.9,24.07,25.4
"2020-09-12 12:45:00",83248,13.49,32.44,749.8,23.7,26.33
"2020-09-12 12:50:00",83249,13.49,32.39,749.7,24.18,25.82
"2020-09-12 12:55:00",83250,13.49,32.4,749.6,24.66,25.17
"2020-09-12 13:00:00",83251,13.5,32.45,749.6,24.47,25.81
"2020-09-12 13:05:00",83252,13.5,32.55,749.4,25.13,24.59
"2020-09-12 13:10:00",83253,13.5,32.69,749.3,24.56,25.34
"2020-09-12 13:15:00",83254,13.5,32.79,749.2,25.04,25.2
"2020-09-12 13:20:00",83255,13.47,32.88,749.2,25.8,24.43
"2020-09-12 13:25:00",83256,13.47,32.99,749,25.18,25
"2020-09-12 13:30:00",83257,13.47,33.11,748.9,26.3,23.91
"2020-09-12 13:35:00",83258,13.48,33.22,748.8,25.22,25.49
"2020-09-12 13:40:00",83259,13.47,33.23,748.7,25.06,25.1
"2020-09-12 13:45:00",83260,13.47,33.17,748.6,25.18,24.87
"2020-09-12 13:50:00",83261,13.48,33.08,748.6,25.13,24.66
"2020-09-12 13:55:00",83262,13.47,33.06,748.4,25.78,23.64
"2020-09-12 14:00:00",83263,13.47,33.1,748.4,26.14,24.07
"2020-09-12 14:05:00",83264,13.48,33.22,748.3,26.96,22.44
"2020-09-12 14:10:00",83265,13.48,33.41,748.2,26.78,23.53
"2020-09-12 14:15:00",83266,13.48,33.62,748.1,25.85,23.37
"2020-09-12 14:20:00",83267,13.48,33.79,748,26.32,22.67
"2020-09-12 14:25:00",83268,13.45,33.91,747.9,26.64,22.73
"2020-09-12 14:30:00",83269,13.45,33.99,747.8,25.86,23.4
"2020-09-12 14:35:00",83270,13.45,34.02,747.7,26.57,23.1
"2020-09-12 14:40:00",83271,13.45,34.09,747.6,26.36,22.85
"2020-09-12 14:45:00",83272,13.45,34.1,747.6,26.22,22.87
"2020-09-12 14:50:00",83273,13.45,34.09,747.5,26.04,22.24
"2020-09-12 14:55:00",83274,13.45,34.05,747.4,25.32,23.02
"2020-09-12 15:00:00",83275,13.45,33.87,747.3,25.82,22.36
"2020-09-12 15:05:00",83276,13.45,33.62,747.3,26.2,23.63
"2020-09-12 15:10:00",83277,13.45,33.39,747.2,25.34,23.3
"2020-09-12 15:15:00",83278,13.45,33.14,747.2,25.57,23.24
"2020-09-12 15:20:00",83279,13.45,32.91,747.2,25.6,23.45
"2020-09-12 15:25:00",83280,13.45,32.7,747.2,25.37,24.13
"2020-09-12 15:30:00",83281,13.45,32.5,747.1,25.06,24.1
"2020-09-12 15:35:00",83282,13.45,32.28,747,24.63,25.03
"2020-09-12 15:40:00",83283,13.45,32.01,747.1,24.74,25.21
"2020-09-12 15:45:00",83284,13.45,31.77,747,24.47,25.78
"2020-09-12 15:50:00",83285,13.45,31.57,747.1,24.56,25.23
"2020-09-12 15:55:00",83286,13.45,31.4,747,24.47,25.5
"2020-09-12 16:00:00",83287,13.45,31.26,747,24.74,25.11
"2020-09-12 16:05:00",83288,13.45,31.11,747,24.22,25.55
"2020-09-12 16:10:00",83289,13.45,30.91,747,24.23,25.69
"2020-09-12 16:15:00",83290,13.45,30.67,747,24,26.35
"2020-09-12 16:20:00",83291,13.45,30.4,747.2,23.68,27.32
"2020-09-12 16:25:00",83292,13.47,30.13,747.1,23.33,27.29
"2020-09-12 16:30:00",83293,13.47,29.85,747.2,23.51,27.37
"2020-09-12 16:35:00",83294,13.47,29.63,746.9,23.43,27.8
"2020-09-12 16:40:00",83295,13.47,29.46,747.1,23.47,27.71
"2020-09-12 16:45:00",83296,13.47,29.36,747.3,23.37,28.27
"2020-09-12 16:50:00",83297,13.47,29.24,747.4,23.07,28.49
"2020-09-12 16:55:00",83298,13.5,29.12,747.3,23.41,27.53
"2020-09-12 17:00:00",83299,13.5,29.05,747.4,23.22,28.13
"2020-09-12 17:05:00",83300,13.5,28.97,747.4,23.16,28.73
"2020-09-12 17:10:00",83301,13.5,28.89,747.4,23.13,28.66
"2020-09-12 17:15:00",83302,13.5,28.78,747.5,23.05,29.06
"2020-09-12 17:20:00",83303,13.5,28.68,747.4,22.75,29.74
"2020-09-12 17:25:00",83304,13.5,28.52,747.5,22.77,29.84
"2020-09-12 17:30:00",83305,13.5,28.35,747.7,22.82,29.71
"2020-09-12 17:35:00",83306,13.5,28.12,747.8,22.47,30.69
"2020-09-12 17:40:00",83307,13.38,27.51,747.7,22.34,30.81
"2020-09-12 17:45:00",83308,13.15,26.76,747.7,22.31,30.84
"2020-09-12 17:50:00",83309,13.05,26.25,747.7,21.97,31.05
"2020-09-12 17:55:00",83310,13.01,25.84,747.6,21.73,31.5
"2020-09-12 18:00:00",83311,12.99,25.47,747.8,21.61,31.95
"2020-09-12 18:05:00",83312,12.97,25.14,747.7,21.32,32.79
"2020-09-12 18:10:00",83313,12.97,24.84,747.8,21.29,32.39
"2020-09-12 18:15:00",83314,12.96,24.57,747.9,21.33,32.19
"2020-09-12 18:20:00",83315,12.95,24.34,748,21.24,32.09
"2020-09-12 18:25:00",83316,12.95,24.1,748,21.29,31.99
"2020-09-12 18:30:00",83317,12.94,23.89,748.2,21.02,32.77
"2020-09-12 18:35:00",83318,12.94,23.7,748.3,20.9,33.09
"2020-09-12 18:40:00",83319,12.94,23.51,748.4,20.78,33.08
"2020-09-12 18:45:00",83320,12.94,23.34,748.4,20.8,33.08
"2020-09-12 18:50:00",83321,12.93,23.18,748.4,20.72,33.2
"2020-09-12 18:55:00",83322,12.93,23.03,748.5,20.65,33.13
"2020-09-12 19:00:00",83323,12.93,22.9,748.5,20.56,33.65
"2020-09-12 19:05:00",83324,12.93,22.77,748.6,20.52,33.25
"2020-09-12 19:10:00",83325,12.92,22.67,748.7,20.49,33.15
"2020-09-12 19:15:00",83326,12.92,22.59,748.8,20.81,31.48
"2020-09-12 19:20:00",83327,12.92,22.53,749,20.78,31.88
"2020-09-12 19:25:00",83328,12.91,22.46,749.1,20.46,32.85
"2020-09-12 19:30:00",83329,12.91,22.37,749.2,20.35,33.3
"2020-09-12 19:35:00",83330,12.91,22.27,749.3,20.22,33.52
"2020-09-12 19:40:00",83331,12.91,22.17,749.3,20.24,33.09
"2020-09-12 19:45:00",83332,12.91,22.06,749.3,19.84,34.05
"2020-09-12 19:50:00",83333,12.91,21.92,749.4,19.73,35.02
"2020-09-12 19:55:00",83334,12.9,21.79,749.6,19.29,36.26
"2020-09-12 20:00:00",83335,12.9,21.63,749.7,19.46,35.78
"2020-09-12 20:05:00",83336,12.9,21.5,749.8,19.44,36.21
"2020-09-12 20:10:00",83337,12.9,21.38,749.9,19.26,36.94
"2020-09-12 20:15:00",83338,12.89,21.25,749.9,18.91,37.88
"2020-09-12 20:20:00",83339,12.89,21.09,750,18.64,38.79
"2020-09-12 20:25:00",83340,12.89,20.95,750.1,18.47,39.07
"2020-09-12 20:30:00",83341,12.89,20.79,750.2,18.41,38.93
"2020-09-12 20:35:00",83342,12.89,20.67,750.3,18.28,39.24
"2020-09-12 20:40:00",83343,12.88,20.55,750.3,17.99,40.5
"2020-09-12 20:45:00",83344,12.88,20.43,750.5,17.98,40.11
"2020-09-12 20:50:00",83345,12.88,20.3,750.7,18.02,40.34
"2020-09-12 20:55:00",83346,12.88,20.18,750.8,17.97,40.43
"2020-09-12 21:00:00",83347,12.87,20.06,750.9,18.2,39.23
"2020-09-12 21:05:00",83348,12.87,19.97,751,18.51,38.59
"2020-09-12 21:10:00",83349,12.87,19.9,751.1,18.23,39.14
"2020-09-12 21:15:00",83350,12.87,19.84,751.1,18.77,35.16
"2020-09-12 21:20:00",83351,12.87,19.81,751.2,18.8,35.55
"2020-09-12 21:25:00",83352,12.87,19.8,751.2,18.63,37.53
"2020-09-12 21:30:00",83353,12.86,19.77,751.2,18.45,38.39
"2020-09-12 21:35:00",83354,12.86,19.74,751.2,18.46,38.61
"2020-09-12 21:40:00",83355,12.86,19.71,751.2,18.19,39.33
"2020-09-12 21:45:00",83356,12.86,19.66,751.2,18.44,36.24
"2020-09-12 21:50:00",83357,12.86,19.62,751.3,18.11,36.76
"2020-09-12 21:55:00",83358,12.86,19.61,751.4,18.57,35.3
"2020-09-12 22:00:00",83359,12.86,19.63,751.4,18.5,34.51
"2020-09-12 22:05:00",83360,12.85,19.65,751.4,18.51,34.45
"2020-09-12 22:10:00",83361,12.85,19.67,751.6,18.35,34.69
"2020-09-12 22:15:00",83362,12.85,19.67,751.5,18.28,35.21
"2020-09-12 22:20:00",83363,12.85,19.65,751.5,18.14,35.65
"2020-09-12 22:25:00",83364,12.85,19.62,751.6,17.93,36.48
"2020-09-12 22:30:00",83365,12.85,19.56,751.6,17.82,36.92
"2020-09-12 22:35:00",83366,12.85,19.47,751.5,17.83,37.06
"2020-09-12 22:40:00",83367,12.84,19.38,751.5,17.86,36.99
"2020-09-12 22:45:00",83368,12.84,19.32,751.6,17.65,37.75
"2020-09-12 22:50:00",83369,12.84,19.25,751.6,17.54,37.87
"2020-09-12 22:55:00",83370,12.84,19.15,751.6,17.37,38.31
"2020-09-12 23:00:00",83371,12.84,19.07,751.6,17.33,38.24
"2020-09-12 23:05:00",83372,12.84,18.98,751.6,17.13,38.79
"2020-09-12 23:10:00",83373,12.83,18.89,751.6,17.07,39.08
"2020-09-12 23:15:00",83374,12.83,18.79,751.6,17.11,38.86
"2020-09-12 23:20:00",83375,12.83,18.71,751.6,16.88,39.41
"2020-09-12 23:25:00",83376,12.83,18.59,751.6,16.46,41.9
"2020-09-12 23:30:00",83377,12.83,18.48,751.6,17.03,40.33
"2020-09-12 23:35:00",83378,12.83,18.41,751.6,16.96,40.71
"2020-09-12 23:40:00",83379,12.83,18.35,751.6,17.05,38.24
"2020-09-12 23:45:00",83380,12.82,18.31,751.6,17.17,37.93
"2020-09-12 23:50:00",83381,12.82,18.27,751.7,17.37,36.81
"2020-09-12 23:55:00",83382,12.82,18.27,751.6,17.5,36.31
"2020-09-13 00:00:00",83383,12.82,18.3,751.6,17.4,35.91
"2020-09-13 00:05:00",83384,12.82,18.29,751.6,17.34,35.48
"2020-09-13 00:10:00",83385,12.82,18.28,751.5,17.15,36.4
"2020-09-13 00:15:00",83386,12.82,18.22,751.5,17.06,36.46
"2020-09-13 00:20:00",83387,12.82,18.17,751.4,17.01,36.78
"2020-09-13 00:25:00",83388,12.82,18.14,751.4,16.46,38.15
"2020-09-13 00:30:00",83389,12.81,18.06,751.4,16.24,38.77
"2020-09-13 00:35:00",83390,12.81,17.96,751.4,16.05,40.64
"2020-09-13 00:40:00",83391,12.81,17.86,751.3,16.29,41.27
"2020-09-13 00:45:00",83392,12.81,17.78,751.2,16.14,41.35
"2020-09-13 00:50:00",83393,12.81,17.71,751.2,16.09,41.5
"2020-09-13 00:55:00",83394,12.8,17.66,751.2,16,40.92
"2020-09-13 01:00:00",83395,12.8,17.59,751.1,16.15,40.49
"2020-09-13 01:05:00",83396,12.8,17.54,751.1,16.1,41.51
"2020-09-13 01:10:00",83397,12.8,17.5,751.1,15.91,41.74
"2020-09-13 01:15:00",83398,12.8,17.43,751,15.62,43.04
"2020-09-13 01:20:00",83399,12.8,17.33,751,15.06,44.27
"2020-09-13 01:25:00",83400,12.8,17.2,751,14.77,45.02
"2020-09-13 01:30:00",83401,12.79,17.05,751,14.66,45.16
"2020-09-13 01:35:00",83402,12.79,16.91,751,14.65,45.57
"2020-09-13 01:40:00",83403,12.79,16.74,751,14.48,46.05
"2020-09-13 01:45:00",83404,12.79,16.6,751,14.41,46.04
"2020-09-13 01:50:00",83405,12.79,16.45,751,14.29,46.25
"2020-09-13 01:55:00",83406,12.78,16.29,751,14.09,46.44
"2020-09-13 02:00:00",83407,12.78,16.16,750.9,14.36,45.91
"2020-09-13 02:05:00",83408,12.78,16.04,750.8,14.5,45.93
"2020-09-13 02:10:00",83409,12.78,15.95,750.9,14.41,46.35
"2020-09-13 02:15:00",83410,12.78,15.89,750.8,14.24,46.77
"2020-09-13 02:20:00",83411,12.77,15.84,750.8,14.25,46.21
"2020-09-13 02:25:00",83412,12.77,15.8,750.8,14.39,46.38
"2020-09-13 02:30:00",83413,12.77,15.75,750.7,14.32,46.47
"2020-09-13 02:35:00",83414,12.76,15.73,750.7,14.49,45.83
"2020-09-13 02:40:00",83415,12.77,15.7,750.6,14.45,46.02
"2020-09-13 02:45:00",83416,12.76,15.67,750.6,14.37,46.41
"2020-09-13 02:50:00",83417,12.76,15.63,750.5,14.33,46.63
"2020-09-13 02:55:00",83418,12.76,15.6,750.5,14.04,49.84
"2020-09-13 03:00:00",83419,12.75,15.53,750.5,13.2,51.97
"2020-09-13 03:05:00",83420,12.75,15.45,750.5,13.17,52.82
"2020-09-13 03:10:00",83421,12.75,15.35,750.6,13.34,52.93
"2020-09-13 03:15:00",83422,12.75,15.26,750.6,13.4,52.52
"2020-09-13 03:20:00",83423,12.74,15.18,750.6,13.34,51.35
"2020-09-13 03:25:00",83424,12.74,15.07,750.5,13.02,52.4
"2020-09-13 03:30:00",83425,12.74,15.01,750.5,13.28,51.4
"2020-09-13 03:35:00",83426,12.74,14.94,750.5,13.13,51.69
"2020-09-13 03:40:00",83427,12.73,14.87,750.4,12.9,52.29
"2020-09-13 03:45:00",83428,12.73,14.8,750.3,12.78,52.79
"2020-09-13 03:50:00",83429,12.73,14.69,750.4,12.94,52.36
"2020-09-13 03:55:00",83430,12.72,14.6,750.4,12.86,53.17
"2020-09-13 04:00:00",83431,12.72,14.5,750.2,12.71,53.42
"2020-09-13 04:05:00",83432,12.72,14.4,750.3,12.72,54.12
"2020-09-13 04:10:00",83433,12.72,14.31,750.3,12.53,54.12
"2020-09-13 04:15:00",83434,12.71,14.21,750.3,12.6,52.68
"2020-09-13 04:20:00",83435,12.71,14.13,750.3,12.63,52.38
"2020-09-13 04:25:00",83436,12.71,14.06,750.4,12.72,52.48
"2020-09-13 04:30:00",83437,12.7,13.99,750.4,12.72,53.33
"2020-09-13 04:35:00",83438,12.7,13.93,750.4,12.6,55.37
"2020-09-13 04:40:00",83439,12.7,13.86,750.5,12.58,55.73
"2020-09-13 04:45:00",83440,12.7,13.79,750.5,12.18,57.5
"2020-09-13 04:50:00",83441,12.69,13.71,750.5,12.15,56.74
"2020-09-13 04:55:00",83442,12.69,13.64,750.5,12.49,54.03
"2020-09-13 05:00:00",83443,12.68,13.61,750.6,12.18,55.13
"2020-09-13 05:05:00",83444,12.68,13.56,750.8,11.88,55.92
"2020-09-13 05:10:00",83445,12.68,13.51,750.8,11.62,56.96
"2020-09-13 05:15:00",83446,12.67,13.44,750.9,11.55,57.93
"2020-09-13 05:20:00",83447,12.67,13.36,750.9,11.62,57.65
"2020-09-13 05:25:00",83448,12.67,13.27,750.9,11.49,60.27
"2020-09-13 05:30:00",83449,12.66,13.18,750.9,11.19,59.74
"2020-09-13 05:35:00",83450,12.66,13.1,750.9,11.11,60.88
"2020-09-13 05:40:00",83451,12.66,12.99,751,10.95,60.27
"2020-09-13 05:45:00",83452,12.65,12.92,751.1,11.31,58.58
"2020-09-13 05:50:00",83453,12.65,12.87,751.2,11.37,58.24
"2020-09-13 05:55:00",83454,12.65,12.86,751.2,11.43,58.6
"2020-09-13 06:00:00",83455,12.64,12.85,751.3,11.43,58.66
"2020-09-13 06:05:00",83456,12.64,12.85,751.3,11.41,58.03
"2020-09-13 06:10:00",83457,12.63,12.86,751.4,11.3,59.44
"2020-09-13 06:15:00",83458,12.63,12.84,751.5,11.16,59.21
"2020-09-13 06:20:00",83459,12.63,12.87,751.6,10.91,60.44
"2020-09-13 06:25:00",83460,12.63,12.84,751.7,11.05,58.54
"2020-09-13 06:30:00",83461,12.64,12.82,751.7,11.42,56.36
"2020-09-13 06:35:00",83462,12.66,12.82,751.8,11.51,56.88
"2020-09-13 06:40:00",83463,12.7,12.88,751.8,11.74,56.14
"2020-09-13 06:45:00",83464,12.78,12.99,751.8,12.16,55.19
"2020-09-13 06:50:00",83465,12.89,13.14,751.8,12.5,54.36
"2020-09-13 06:55:00",83466,13.03,13.34,751.9,12.59,54.25
"2020-09-13 07:00:00",83467,13.22,13.6,752.1,12.18,53.77
"2020-09-13 07:05:00",83468,13.39,13.9,752.2,12.12,54.97
"2020-09-13 07:10:00",83469,13.51,14.23,752.2,12.38,54.49
"2020-09-13 07:15:00",83470,13.6,14.62,752.2,12.84,53.35
"2020-09-13 07:20:00",83471,13.67,15.1,752.3,12.84,53.87
"2020-09-13 07:25:00",83472,13.72,15.6,752.4,12.59,57.2
"2020-09-13 07:30:00",83473,13.78,16.11,752.4,12.78,55.76
"2020-09-13 07:35:00",83474,13.84,16.65,752.5,13.32,55.21
"2020-09-13 07:40:00",83475,13.93,17.21,752.5,13.56,52.39
"2020-09-13 07:45:00",83476,13.87,18.42,752.5,13.61,50.99
"2020-09-13 07:50:00",83477,13.75,19.44,752.6,14.77,47.12
"2020-09-13 07:55:00",83478,13.76,20.12,752.6,15.64,44.65
"2020-09-13 08:00:00",83479,13.72,20.74,752.7,16.42,44.72
"2020-09-13 08:05:00",83480,13.72,21.37,752.7,16.06,46.37
"2020-09-13 08:10:00",83481,13.7,21.95,752.8,16.49,45.92
"2020-09-13 08:15:00",83482,13.7,22.52,752.9,16.87,44.1
"2020-09-13 08:20:00",83483,13.67,23.08,752.9,16.96,43.83
"2020-09-13 08:25:00",83484,13.67,23.56,752.9,16.96,44.02
"2020-09-13 08:30:00",83485,13.67,24.01,752.9,17.42,42.74
"2020-09-13 08:35:00",83486,13.64,24.46,752.9,18.13,41.51
"2020-09-13 08:40:00",83487,13.64,24.95,752.9,18.45,40.03
"2020-09-13 08:45:00",83488,13.65,25.5,752.9,19.04,40.1
"2020-09-13 08:50:00",83489,13.62,26.05,752.9,19.16,36.47
"2020-09-13 08:55:00",83490,13.62,26.66,753,20.07,34.86
"2020-09-13 09:00:00",83491,13.6,27.21,753,19.57,35.53
"2020-09-13 09:05:00",83492,13.6,27.69,752.9,19.68,34.33
"2020-09-13 09:10:00",83493,13.57,28.07,752.9,19.36,36.17
"2020-09-13 09:15:00",83494,13.57,28.43,752.9,19.68,35.74
"2020-09-13 09:20:00",83495,13.57,28.76,753,19.83,34.51
"2020-09-13 09:25:00",83496,13.57,29.1,753,20.48,34.96
"2020-09-13 09:30:00",83497,13.55,29.37,753,20.11,35.45
"2020-09-13 09:35:00",83498,13.55,29.63,753,19.93,35.83
"2020-09-13 09:40:00",83499,13.55,29.82,753.1,20.4,33.17
"2020-09-13 09:45:00",83500,13.55,29.97,753,20.45,34.3
"2020-09-13 09:50:00",83501,13.55,30.17,753,21.23,32.19
"2020-09-13 09:55:00",83502,13.53,30.35,753,20.69,31.04
"2020-09-13 10:00:00",83503,13.53,30.47,753,21.06,29.57
"2020-09-13 10:05:00",83504,13.53,30.6,753,21.16,29.38
"2020-09-13 10:10:00",83505,13.53,30.76,752.9,21.5,29.47
"2020-09-13 10:15:00",83506,13.53,30.93,752.9,22.17,29.22
"2020-09-13 10:20:00",83507,13.53,31.2,752.9,22.7,27.95
"2020-09-13 10:25:00",83508,13.5,31.41,752.9,22.13,29.12
"2020-09-13 10:30:00",83509,13.51,31.61,752.8,22.22,28.99
"2020-09-13 10:35:00",83510,13.51,31.75,752.8,22.57,28.28
"2020-09-13 10:40:00",83511,13.51,31.95,752.8,23.3,27.15
"2020-09-13 10:45:00",83512,13.5,32.14,752.7,22.37,28.33
"2020-09-13 10:50:00",83513,13.49,32.25,752.7,21.87,28.76
"2020-09-13 10:55:00",83514,13.49,32.28,752.7,22.84,27.62
"2020-09-13 11:00:00",83515,13.48,32.3,752.7,22.84,27.56
"2020-09-13 11:05:00",83516,13.48,32.37,752.6,22.6,28.01
"2020-09-13 11:10:00",83517,13.49,32.38,752.5,22.94,27.77
"2020-09-13 11:15:00",83518,13.48,32.36,752.5,22.67,27.81
"2020-09-13 11:20:00",83519,13.48,32.36,752.3,23.67,26.26
"2020-09-13 11:25:00",83520,13.49,32.47,752.2,22.69,27.68
"2020-09-13 11:30:00",83521,13.48,32.52,752.2,23.14,27.31
"2020-09-13 11:35:00",83522,13.49,32.61,752.2,24.85,24.5
"2020-09-13 11:40:00",83523,13.49,32.82,752,24.21,25
"2020-09-13 11:45:00",83524,13.49,32.97,752,24.41,25.22
"2020-09-13 11:50:00",83525,13.49,33.12,751.9,23.75,26.88
"2020-09-13 11:55:00",83526,13.49,33.23,751.8,24.45,25.16
"2020-09-13 12:00:00",83527,13.46,33.29,751.8,23.93,25.94
"2020-09-13 12:05:00",83528,13.46,33.31,751.7,24.49,25.09
"2020-09-13 12:10:00",83529,13.47,33.39,751.6,25.01,24.79
"2020-09-13 12:15:00",83530,13.47,33.48,751.5,24.21,24.87
"2020-09-13 12:20:00",83531,13.47,33.51,751.5,24.84,24.36
"2020-09-13 12:25:00",83532,13.47,33.58,751.5,25.29,23.64
"2020-09-13 12:30:00",83533,13.47,33.61,751.4,24.65,23.8
"2020-09-13 12:35:00",83534,13.47,33.47,751.3,24.49,22.96
"2020-09-13 12:40:00",83535,13.47,33.3,751.2,24.72,22.5
"2020-09-13 12:45:00",83536,13.47,33.2,751.1,25.18,21.97
"2020-09-13 12:50:00",83537,13.47,33.18,751,25,22.31
"2020-09-13 12:55:00",83538,13.47,33.14,750.9,25.09,22.25
"2020-09-13 13:00:00",83539,13.47,33.22,750.8,26.76,20.83
"2020-09-13 13:05:00",83540,13.47,33.39,750.8,26.84,20.2
"2020-09-13 13:10:00",83541,13.47,33.59,750.6,26.47,21.71
"2020-09-13 13:15:00",83542,13.47,33.72,750.5,25.71,22.36
"2020-09-13 13:20:00",83543,13.47,33.77,750.4,24.95,22.86
"2020-09-13 13:25:00",83544,13.47,33.73,750.3,25.45,22.48
"2020-09-13 13:30:00",83545,13.47,33.71,750.2,25.82,22.5
"2020-09-13 13:35:00",83546,13.47,33.74,750.1,25.49,22.48
"2020-09-13 13:40:00",83547,13.47,33.73,750.1,25.72,22.56
"2020-09-13 13:45:00",83548,13.47,33.76,750,26.52,22.75
"2020-09-13 13:50:00",83549,13.47,33.79,749.9,26.48,25.71
"2020-09-13 13:55:00",83550,13.48,33.8,749.7,25.18,24.9
"2020-09-13 14:00:00",83551,13.48,33.7,749.7,25.84,23.88
"2020-09-13 14:05:00",83552,13.48,33.62,749.5,26.4,22.75
"2020-09-13 14:10:00",83553,13.48,33.6,749.5,25.87,23.4
"2020-09-13 14:15:00",83554,13.48,33.58,749.4,25.44,23.58
"2020-09-13 14:20:00",83555,13.48,33.55,749.3,25.93,23.58
"2020-09-13 14:25:00",83556,13.47,33.57,749.2,26.09,23.14
"2020-09-13 14:30:00",83557,13.48,33.67,749.1,27.12,22.03
"2020-09-13 14:35:00",83558,13.48,33.87,749.1,27.24,21.9
"2020-09-13 14:40:00",83559,13.45,34.08,749,26.91,22.29
"2020-09-13 14:45:00",83560,13.45,34.29,748.9,26.3,22.64
"2020-09-13 14:50:00",83561,13.45,34.44,748.8,26.08,26.51
"2020-09-13 14:55:00",83562,13.45,34.43,748.4,25.35,27.82
"2020-09-13 15:00:00",83563,13.45,34.15,748.6,25.33,27.34
"2020-09-13 15:05:00",83564,13.45,33.8,748.6,25.47,27.42
"2020-09-13 15:10:00",83565,13.45,33.46,748.5,25.32,27.82
"2020-09-13 15:15:00",83566,13.45,33.2,748.5,25.78,27.51
"2020-09-13 15:20:00",83567,13.45,33.04,748.4,25.82,26.49
"2020-09-13 15:25:00",83568,13.45,32.95,748.3,25.46,27.93
"2020-09-13 15:30:00",83569,13.45,32.82,748.3,25.53,27.42
"2020-09-13 15:35:00",83570,13.45,32.71,748.3,25.49,27.08
"2020-09-13 15:40:00",83571,13.45,32.59,748.3,25.26,26.99
"2020-09-13 15:45:00",83572,13.45,32.49,748.3,25.22,27.2
"2020-09-13 15:50:00",83573,13.45,32.28,748.3,24.77,28.42
"2020-09-13 15:55:00",83574,13.45,32.02,748.4,24.81,28.66
"2020-09-13 16:00:00",83575,13.45,31.74,748.4,24.39,29.61
"2020-09-13 16:05:00",83576,13.45,31.42,748.5,23.99,30.01
"2020-09-13 16:10:00",83577,13.45,31.05,748.4,24.08,29.72
"2020-09-13 16:15:00",83578,13.45,30.69,748.6,23.67,30.26
"2020-09-13 16:20:00",83579,13.45,30.42,748.6,23.94,30.08
"2020-09-13 16:25:00",83580,13.47,30.23,748.6,23.95,29.67
"2020-09-13 16:30:00",83581,13.47,30.11,748.6,24.07,29.34
"2020-09-13 16:35:00",83582,13.47,30.07,748.7,24.32,28.48
"2020-09-13 16:40:00",83583,13.47,30.1,748.7,24.25,28.51
"2020-09-13 16:45:00",83584,13.47,30.16,748.7,24.27,28.55
"2020-09-13 16:50:00",83585,13.47,30.24,748.7,24.57,27.96
"2020-09-13 16:55:00",83586,13.47,30.3,748.7,24.23,28.34
"2020-09-13 17:00:00",83587,13.47,30.32,748.7,24.26,28.55
"2020-09-13 17:05:00",83588,13.47,30.32,748.7,24.27,28.01
"2020-09-13 17:10:00",83589,13.47,30.24,748.8,23.87,28.45
"2020-09-13 17:15:00",83590,13.47,30.1,748.8,23.47,29.4
"2020-09-13 17:20:00",83591,13.47,29.88,748.7,23.52,29.5
"2020-09-13 17:25:00",83592,13.47,29.62,748.8,23.43,29.83
"2020-09-13 17:30:00",83593,13.47,29.31,748.8,23.35,30.03
"2020-09-13 17:35:00",83594,13.36,28.47,748.8,23.2,29.88
"2020-09-13 17:40:00",83595,13.25,27.85,748.9,23.15,30.28
"2020-09-13 17:45:00",83596,13.14,27.41,748.9,22.87,30.29
"2020-09-13 17:50:00",83597,13.08,27.01,748.9,22.72,30.71
"2020-09-13 17:55:00",83598,13.05,26.65,749,22.56,31.17
"2020-09-13 18:00:00",83599,13.01,26.31,749,22.29,31.34
"2020-09-13 18:05:00",83600,12.99,25.97,749.1,22.03,32.19
"2020-09-13 18:10:00",83601,12.98,25.64,749.2,21.67,32.89
"2020-09-13 18:15:00",83602,12.97,25.33,749.3,21.61,33.51
"2020-09-13 18:20:00",83603,12.96,25.02,749.4,21.15,34.6
"2020-09-13 18:25:00",83604,12.96,24.69,749.5,21.04,34.62
"2020-09-13 18:30:00",83605,12.95,24.37,749.5,21.06,34.56
"2020-09-13 18:35:00",83606,12.95,24.1,749.6,21.11,34.43
"2020-09-13 18:40:00",83607,12.95,23.87,749.6,20.63,35.83
"2020-09-13 18:45:00",83608,12.95,23.66,749.7,20.08,37.74
"2020-09-13 18:50:00",83609,12.94,23.4,749.7,19.74,38.46
"2020-09-13 18:55:00",83610,12.94,23.15,749.7,19.82,38.3
"2020-09-13 19:00:00",83611,12.94,22.91,749.8,19.92,37.66
"2020-09-13 19:05:00",83612,12.93,22.74,749.9,19.92,37.33
"2020-09-13 19:10:00",83613,12.93,22.58,750,19.98,37.34
"2020-09-13 19:15:00",83614,12.93,22.46,750.1,19.85,37.98
"2020-09-13 19:20:00",83615,12.92,22.31,750.2,19.68,38.48
"2020-09-13 19:25:00",83616,12.92,22.19,750.2,19.87,37.46
"2020-09-13 19:30:00",83617,12.92,22.11,750.3,19.88,36.97
"2020-09-13 19:35:00",83618,12.91,22.01,750.4,19.8,37.78
"2020-09-13 19:40:00",83619,12.91,21.9,750.5,19.5,38.66
"2020-09-13 19:45:00",83620,12.91,21.8,750.7,19.45,39.11
"2020-09-13 19:50:00",83621,12.91,21.7,750.7,19.34,39.58
"2020-09-13 19:55:00",83622,12.91,21.6,750.9,19.18,40.24
"2020-09-13 20:00:00",83623,12.9,21.47,751,18.87,40.95
"2020-09-13 20:05:00",83624,12.9,21.35,751,18.83,40.98
"2020-09-13 20:10:00",83625,12.9,21.2,751.1,18.8,40.78
"2020-09-13 20:15:00",83626,12.9,21.07,751.3,18.64,41.21
"2020-09-13 20:20:00",83627,12.89,20.94,751.4,18.77,41.07
"2020-09-13 20:25:00",83628,12.89,20.83,751.4,18.39,42.31
"2020-09-13 20:30:00",83629,12.89,20.69,751.6,18.3,42.33
"2020-09-13 20:35:00",83630,12.89,20.58,751.7,18.49,41.58
"2020-09-13 20:40:00",83631,12.88,20.48,751.8,18.27,42.33
"2020-09-13 20:45:00",83632,12.89,20.38,752,18.06,41.5
"2020-09-13 20:50:00",83633,12.88,20.27,752.1,18.49,40.81
"2020-09-13 20:55:00",83634,12.88,20.19,752.2,18.7,40.06
"2020-09-13 21:00:00",83635,12.88,20.11,752.3,18.54,39.43
"2020-09-13 21:05:00",83636,12.88,20.08,752.3,18.63,39.47
"2020-09-13 21:10:00",83637,12.87,20.04,752.4,18.42,40.74
"2020-09-13 21:15:00",83638,12.87,20,752.5,18.09,41.86
"2020-09-13 21:20:00",83639,12.87,19.92,752.6,17.94,41.75
"2020-09-13 21:25:00",83640,12.87,19.82,752.6,17.81,41.99
"2020-09-13 21:30:00",83641,12.87,19.73,752.7,17.73,42.43
"2020-09-13 21:35:00",83642,12.86,19.61,752.8,17.67,41.97
"2020-09-13 21:40:00",83643,12.86,19.52,753,18.33,40.02
"2020-09-13 21:45:00",83644,12.86,19.47,753.1,18.49,39.62
"2020-09-13 21:50:00",83645,12.86,19.47,753.2,18.78,39.1
"2020-09-13 21:55:00",83646,12.86,19.51,753.4,18.79,39.17
"2020-09-13 22:00:00",83647,12.86,19.56,753.5,18.5,39.85
"2020-09-13 22:05:00",83648,12.86,19.56,753.4,18.37,40.38
"2020-09-13 22:10:00",83649,12.86,19.52,753.5,18.18,40.94
"2020-09-13 22:15:00",83650,12.85,19.46,753.6,18.07,41.47
"2020-09-13 22:20:00",83651,12.85,19.4,753.6,18.01,41.53
"2020-09-13 22:25:00",83652,12.85,19.34,753.7,17.83,41.89
"2020-09-13 22:30:00",83653,12.85,19.28,753.8,17.71,42.39
"2020-09-13 22:35:00",83654,12.85,19.23,753.8,17.59,42.66
"2020-09-13 22:40:00",83655,12.85,19.17,753.8,17.6,42.95
"2020-09-13 22:45:00",83656,12.84,19.11,753.8,17.51,43.17
"2020-09-13 22:50:00",83657,12.84,19.06,753.9,17.43,43.51
"2020-09-13 22:55:00",83658,12.84,18.96,753.9,17.11,44.71
"2020-09-13 23:00:00",83659,12.84,18.87,754.1,17.01,45.04
"2020-09-13 23:05:00",83660,12.84,18.79,754.1,17.48,43.07
"2020-09-13 23:10:00",83661,12.84,18.72,754.1,17.43,43.57
"2020-09-13 23:15:00",83662,12.84,18.68,754.1,17.43,43.35
"2020-09-13 23:20:00",83663,12.83,18.65,754.2,17.17,44.27
"2020-09-13 23:25:00",83664,12.83,18.59,754.2,16.93,45.16
"2020-09-13 23:30:00",83665,12.83,18.49,754.2,16.47,46.61
"2020-09-13 23:35:00",83666,12.83,18.35,754.2,16.33,46.78
"2020-09-13 23:40:00",83667,12.83,18.23,754.2,16.5,46.37
"2020-09-13 23:45:00",83668,12.83,18.12,754.1,16.63,46.1
"2020-09-13 23:50:00",83669,12.83,18.05,754.1,16.7,45.79
"2020-09-13 23:55:00",83670,12.82,17.95,754.1,16.84,45.46
"2020-09-14 00:00:00",83671,12.82,17.9,754.1,16.91,45.53
"2020-09-14 00:05:00",83672,12.82,17.86,754.1,16.7,46.33
"2020-09-14 00:10:00",83673,12.82,17.83,754.1,16.56,45.81
"2020-09-14 00:15:00",83674,12.82,17.8,754,16.49,45.96
"2020-09-14 00:20:00",83675,12.82,17.77,753.9,16.46,46.11
"2020-09-14 00:25:00",83676,12.82,17.74,753.9,16.34,46.72
"2020-09-14 00:30:00",83677,12.82,17.67,753.9,16.02,47.59
"2020-09-14 00:35:00",83678,12.81,17.56,753.9,15.82,47.81
"2020-09-14 00:40:00",83679,12.81,17.49,753.8,15.91,47.26
"2020-09-14 00:45:00",83680,12.81,17.42,753.7,15.74,47.58
"2020-09-14 00:50:00",83681,12.81,17.32,753.7,15.45,49.66
"2020-09-14 00:55:00",83682,12.81,17.23,753.7,15.13,51.47
"2020-09-14 01:00:00",83683,12.8,17.12,753.7,15.26,50.69
"2020-09-14 01:05:00",83684,12.8,17.01,753.7,15.18,51.02
"2020-09-14 01:10:00",83685,12.8,16.9,753.6,14.79,52.1
"2020-09-14 01:15:00",83686,12.8,16.79,753.6,14.42,53.33
"2020-09-14 01:20:00",83687,12.8,16.65,753.5,14.49,52.49
"2020-09-14 01:25:00",83688,12.8,16.51,753.5,14.39,53.54
"2020-09-14 01:30:00",83689,12.79,16.37,753.4,14.5,53.62
"2020-09-14 01:35:00",83690,12.79,16.27,753.4,14.43,53.61
"2020-09-14 01:40:00",83691,12.79,16.17,753.4,14.32,53.75
"2020-09-14 01:45:00",83692,12.79,16.08,753.4,14.26,54.04
"2020-09-14 01:50:00",83693,12.78,16,753.4,14.23,53.73
"2020-09-14 01:55:00",83694,12.78,15.9,753.4,14.52,52.68
"2020-09-14 02:00:00",83695,12.78,15.81,753.4,14.37,53.27
"2020-09-14 02:05:00",83696,12.78,15.76,753.4,14.49,52.98
"2020-09-14 02:10:00",83697,12.78,15.73,753.4,14.45,53.09
"2020-09-14 02:15:00",83698,12.78,15.71,753.3,14.43,53.46
"2020-09-14 02:20:00",83699,12.77,15.67,753.3,14.27,53.43
"2020-09-14 02:25:00",83700,12.77,15.61,753.4,14.19,54.34
"2020-09-14 02:30:00",83701,12.77,15.54,753.4,14.07,54.35
"2020-09-14 02:35:00",83702,12.77,15.47,753.4,14.25,53.71
"2020-09-14 02:40:00",83703,12.77,15.45,753.4,14.28,53.38
"2020-09-14 02:45:00",83704,12.76,15.45,753.4,14.09,54.02
"2020-09-14 02:50:00",83705,12.76,15.42,753.4,14.04,53.83
"2020-09-14 02:55:00",83706,12.76,15.38,753.4,13.67,57.28
"2020-09-14 03:00:00",83707,12.75,15.32,753.4,13.28,57.37
"2020-09-14 03:05:00",83708,12.75,15.26,753.5,12.98,58.37
"2020-09-14 03:10:00",83709,12.75,15.18,753.5,12.81,58.61
"2020-09-14 03:15:00",83710,12.75,15.1,753.5,12.92,58.36
"2020-09-14 03:20:00",83711,12.74,15,753.5,13.08,57.85
"2020-09-14 03:25:00",83712,12.74,14.95,753.5,13.25,57.27
"2020-09-14 03:30:00",83713,12.74,14.89,753.6,12.96,58.43
"2020-09-14 03:35:00",83714,12.74,14.83,753.6,12.96,58.45
"2020-09-14 03:40:00",83715,12.73,14.76,753.6,12.9,58.42
"2020-09-14 03:45:00",83716,12.73,14.72,753.6,12.96,56.57
"2020-09-14 03:50:00",83717,12.73,14.68,753.6,12.97,56.15
"2020-09-14 03:55:00",83718,12.73,14.68,753.6,13.08,55.56
"2020-09-14 04:00:00",83719,12.73,14.65,753.6,13.03,55.74
"2020-09-14 04:05:00",83720,12.72,14.61,753.5,12.84,56.73
"2020-09-14 04:10:00",83721,12.72,14.54,753.5,12.76,57.59
"2020-09-14 04:15:00",83722,12.72,14.47,753.5,12.58,57.95
"2020-09-14 04:20:00",83723,12.71,14.37,753.6,12.38,59.2
"2020-09-14 04:25:00",83724,12.71,14.27,753.6,12.24,59.86
"2020-09-14 04:30:00",83725,12.71,14.17,753.7,12.07,60.63
"2020-09-14 04:35:00",83726,12.7,14.07,753.7,12.06,60.98
"2020-09-14 04:40:00",83727,12.7,13.97,753.8,12.16,61.53
"2020-09-14 04:45:00",83728,12.7,13.89,753.8,11.86,63.64
"2020-09-14 04:50:00",83729,12.7,13.81,753.8,11.72,63.59
"2020-09-14 04:55:00",83730,12.69,13.72,753.9,11.89,62.71
"2020-09-14 05:00:00",83731,12.69,13.62,753.9,11.77,63.16
"2020-09-14 05:05:00",83732,12.69,13.56,753.9,11.91,62.57
"2020-09-14 05:10:00",83733,12.68,13.49,753.9,12.16,61.61
"2020-09-14 05:15:00",83734,12.68,13.49,754,12.4,60.53
"2020-09-14 05:20:00",83735,12.68,13.51,754.1,12.64,59.53
"2020-09-14 05:25:00",83736,12.67,13.57,754.2,12.68,58.98
"2020-09-14 05:30:00",83737,12.67,13.64,754.2,12.7,58.92
"2020-09-14 05:35:00",83738,12.67,13.71,754.2,12.74,59.37
"2020-09-14 05:40:00",83739,12.66,13.77,754.3,12.88,58.83
"2020-09-14 05:45:00",83740,12.66,13.84,754.3,12.92,58.6
"2020-09-14 05:50:00",83741,12.66,13.91,754.4,12.72,59.28
"2020-09-14 05:55:00",83742,12.66,13.94,754.4,12.46,60.01
"2020-09-14 06:00:00",83743,12.65,13.93,754.5,12.4,60.24
"2020-09-14 06:05:00",83744,12.65,13.88,754.5,12.24,60.77
"2020-09-14 06:10:00",83745,12.64,13.83,754.5,12.33,61.2
"2020-09-14 06:15:00",83746,12.64,13.77,754.6,11.69,65.7
"2020-09-14 06:20:00",83747,12.64,13.75,754.7,11.76,65.51
"2020-09-14 06:25:00",83748,12.64,13.72,754.8,11.39,66.78
"2020-09-14 06:30:00",83749,12.65,13.67,754.9,11.31,65.93
"2020-09-14 06:35:00",83750,12.67,13.63,754.9,11.46,64.77
"2020-09-14 06:40:00",83751,12.73,13.63,755,11.65,64.59
"2020-09-14 06:45:00",83752,12.8,13.68,755,12.05,62.27
"2020-09-14 06:50:00",83753,12.91,13.81,755.1,12.22,61.77
"2020-09-14 06:55:00",83754,13.03,14.01,755.2,12.58,60.18
"2020-09-14 07:00:00",83755,13.15,14.24,755.2,12.84,59.27
"2020-09-14 07:05:00",83756,13.46,14.64,755.3,13.06,58.2
"2020-09-14 07:10:00",83757,13.6,15.12,755.3,13.39,57.17
"2020-09-14 07:15:00",83758,13.55,15.55,755.4,13.6,56.46
"2020-09-14 07:20:00",83759,13.55,15.93,755.5,13.54,57.05
"2020-09-14 07:25:00",83760,13.54,16.29,755.5,13.57,57.02
"2020-09-14 07:30:00",83761,13.57,16.63,755.6,13.67,56.77
"2020-09-14 07:35:00",83762,13.81,17.9,755.6,14.04,55.71
"2020-09-14 07:40:00",83763,13.78,19.07,755.7,14.55,53.75
"2020-09-14 07:45:00",83764,13.71,19.4,755.7,14.73,53.68
"2020-09-14 07:50:00",83765,13.78,19.41,755.8,15.22,52.87
"2020-09-14 07:55:00",83766,13.57,20.38,755.9,16.14,48.76
"2020-09-14 08:00:00",83767,13.5,19.69,755.9,16.13,49.04
"2020-09-14 08:05:00",83768,13.75,20.68,755.9,16.25,48.71
"2020-09-14 08:10:00",83769,13.72,21.72,756,17.25,46.52
"2020-09-14 08:15:00",83770,13.7,22.38,756,17.73,45.03
"2020-09-14 08:20:00",83771,13.67,23.06,756,18.08,45.99
"2020-09-14 08:25:00",83772,13.67,23.69,756.1,18.48,44.71
"2020-09-14 08:30:00",83773,13.64,24.35,756.1,18.95,41.7
"2020-09-14 08:35:00",83774,13.65,24.95,756.1,18.59,42.36
"2020-09-14 08:40:00",83775,13.62,25.52,756.1,18.91,42.05
"2020-09-14 08:45:00",83776,13.62,26.03,756.1,18.96,42.85
"2020-09-14 08:50:00",83777,13.62,26.55,756.1,19.37,40.97
"2020-09-14 08:55:00",83778,13.59,27.02,756.1,19.67,40.68
"2020-09-14 09:00:00",83779,13.6,27.53,756.1,19.66,39.68
"2020-09-14 09:05:00",83780,13.57,28.03,756.1,19.9,40.22
"2020-09-14 09:10:00",83781,13.57,28.47,756.1,19.58,41.25
"2020-09-14 09:15:00",83782,13.57,28.91,756.1,20.51,39.22
"2020-09-14 09:20:00",83783,13.55,29.25,756.1,19.99,40.33
"2020-09-14 09:25:00",83784,13.55,29.53,756,19.75,40.56
"2020-09-14 09:30:00",83785,13.55,29.79,756,20.59,37.96
"2020-09-14 09:35:00",83786,13.55,30.11,755.9,20.91,36.88
"2020-09-14 09:40:00",83787,13.53,30.4,755.9,21.01,37.64
"2020-09-14 09:45:00",83788,13.53,30.71,755.9,20.96,36.52
"2020-09-14 09:50:00",83789,13.53,31.05,755.9,21.65,35.64
"2020-09-14 09:55:00",83790,13.53,31.38,755.8,20.78,36.77
"2020-09-14 10:00:00",83791,13.5,31.5,755.8,21.27,34.91
"2020-09-14 10:05:00",83792,13.5,31.7,755.8,20.67,35.51
"2020-09-14 10:10:00",83793,13.5,31.87,755.8,20.51,35.82
"2020-09-14 10:15:00",83794,13.5,31.99,755.7,20.86,34.93
"2020-09-14 10:20:00",83795,13.5,32.06,755.6,20.96,34.55
"2020-09-14 10:25:00",83796,13.5,32.17,755.6,22.19,32.8
"2020-09-14 10:30:00",83797,13.5,32.06,755.5,20.84,35.33
"2020-09-14 10:35:00",83798,13.51,31.7,755.4,21.11,34.17
"2020-09-14 10:40:00",83799,13.51,31.37,755.3,21.19,34.3
"2020-09-14 10:45:00",83800,13.5,31.09,755.2,20.88,33.88
"2020-09-14 10:50:00",83801,13.5,30.73,755.1,20.89,33.48
"2020-09-14 10:55:00",83802,13.51,30.51,755.1,21.96,31.58
"2020-09-14 11:00:00",83803,13.5,30.53,755.1,21.75,31.57
"2020-09-14 11:05:00",83804,13.51,30.4,755,20.95,32.96
"2020-09-14 11:10:00",83805,13.51,30.19,755,21.16,33.57
"2020-09-14 11:15:00",83806,13.5,29.97,755,21.28,33.52
"2020-09-14 11:20:00",83807,13.51,29.85,754.8,22.15,31.13
"2020-09-14 11:25:00",83808,13.51,29.82,754.8,21.99,31.19
"2020-09-14 11:30:00",83809,13.51,29.98,754.6,23.32,28.95
"2020-09-14 11:35:00",83810,13.51,30.4,754.6,24.12,29.15
"2020-09-14 11:40:00",83811,13.51,30.96,754.5,24.28,26.92
"2020-09-14 11:45:00",83812,13.51,31.36,754.5,23.31,28.61
"2020-09-14 11:50:00",83813,13.51,31.55,754.3,23.32,28.41
"2020-09-14 11:55:00",83814,13.51,31.56,754.2,22.65,29.83
"2020-09-14 12:00:00",83815,13.51,31.55,754.2,23.55,28.29
"2020-09-14 12:05:00",83816,13.51,31.59,754.1,21.88,30.37
"2020-09-14 12:10:00",83817,13.52,31.51,754.1,22.21,30.23
"2020-09-14 12:15:00",83818,13.52,31.38,754.1,23.11,28.19
"2020-09-14 12:20:00",83819,13.52,31.38,754,23.37,27.94
"2020-09-14 12:25:00",83820,13.52,31.4,754,22.83,28.91
"2020-09-14 12:30:00",83821,13.52,31.34,754,22.32,29.54
"2020-09-14 12:35:00",83822,13.52,31.18,753.9,23.03,29.97
"2020-09-14 12:40:00",83823,13.52,31.08,753.8,23.08,29.67
"2020-09-14 12:45:00",83824,13.52,30.97,753.8,22.51,31.06
"2020-09-14 12:50:00",83825,13.52,30.79,753.7,21.89,31.51
"2020-09-14 12:55:00",83826,13.52,30.55,753.6,21.82,31.8
"2020-09-14 13:00:00",83827,13.52,30.29,753.5,22.17,30.87
"2020-09-14 13:05:00",83828,13.52,30.06,753.4,22.4,30.42
"2020-09-14 13:10:00",83829,13.52,29.87,753.2,22.4,30.85
"2020-09-14 13:15:00",83830,13.52,29.7,753.1,22.18,30.93
"2020-09-14 13:20:00",83831,13.52,29.55,752.9,21.81,31.5
"2020-09-14 13:25:00",83832,13.52,29.37,752.8,22.01,29.71
"2020-09-14 13:30:00",83833,13.52,29.19,752.7,22.22,30.6
"2020-09-14 13:35:00",83834,13.52,29.04,752.6,22.4,29.41
"2020-09-14 13:40:00",83835,13.52,28.95,752.6,23.09,28.66
"2020-09-14 13:45:00",83836,13.52,29.01,752.4,22.75,29.98
"2020-09-14 13:50:00",83837,13.52,29.08,752.3,22.21,30.87
"2020-09-14 13:55:00",83838,13.52,29.06,752.3,22.01,31.25
"2020-09-14 14:00:00",83839,13.52,28.98,752.3,22.03,31.19
"2020-09-14 14:05:00",83840,13.52,28.86,752.2,22.37,30.48
"2020-09-14 14:10:00",83841,13.52,28.75,752.1,22.18,30.6
"2020-09-14 14:15:00",83842,13.52,28.64,751.9,22.07,30.05
"2020-09-14 14:20:00",83843,13.52,28.58,751.8,22.51,29.96
"2020-09-14 14:25:00",83844,13.52,28.6,751.7,22.24,29.67
"2020-09-14 14:30:00",83845,13.52,28.73,751.6,23.13,28.22
"2020-09-14 14:35:00",83846,13.52,28.95,751.5,23.45,27.98
"2020-09-14 14:40:00",83847,13.52,29.15,751.3,22.67,28.99
"2020-09-14 14:45:00",83848,13.52,29.31,751.2,22.94,28.54
"2020-09-14 14:50:00",83849,13.52,29.38,751,22.85,28.23
"2020-09-14 14:55:00",83850,13.52,29.36,750.8,23.02,29.06
"2020-09-14 15:00:00",83851,13.52,29.31,750.6,22.29,28.79
"2020-09-14 15:05:00",83852,13.52,29.18,750.5,22.66,28.72
"2020-09-14 15:10:00",83853,13.52,29.06,750.4,22.87,27.96
"2020-09-14 15:15:00",83854,13.52,29.04,750.2,23.23,27.79
"2020-09-14 15:20:00",83855,13.52,29.13,750.1,23.03,27.71
"2020-09-14 15:25:00",83856,13.52,29.21,750.1,22.92,28.58
"2020-09-14 15:30:00",83857,13.52,29.28,750.2,22.74,27.85
"2020-09-14 15:35:00",83858,13.53,29.33,750.3,23.04,28.32
"2020-09-14 15:40:00",83859,13.53,29.34,750.3,22.83,27.45
"2020-09-14 15:45:00",83860,13.52,29.3,750.2,22.91,27.63
"2020-09-14 15:50:00",83861,13.52,29.18,750.1,22.81,28.23
"2020-09-14 15:55:00",83862,13.52,29.04,750.2,22.54,28.61
"2020-09-14 16:00:00",83863,13.52,28.81,750.2,22.42,29.34
"2020-09-14 16:05:00",83864,13.52,28.61,750.2,22.61,28.96
"2020-09-14 16:10:00",83865,13.52,28.39,750.1,22.24,29.4
"2020-09-14 16:15:00",83866,13.52,28.19,750.1,22.11,29.66
"2020-09-14 16:20:00",83867,13.52,27.98,750,22.25,29.06
"2020-09-14 16:25:00",83868,13.52,27.79,750.1,21.95,30.31
"2020-09-14 16:30:00",83869,13.52,27.63,750,21.87,30.47
"2020-09-14 16:35:00",83870,13.52,27.48,749.9,22.21,29.73
"2020-09-14 16:40:00",83871,13.52,27.37,750,22.09,30.12
"2020-09-14 16:45:00",83872,13.52,27.24,749.9,22.05,29.85
"2020-09-14 16:50:00",83873,13.52,27.09,749.9,21.96,29.98
"2020-09-14 16:55:00",83874,13.52,26.93,749.9,22,30.32
"2020-09-14 17:00:00",83875,13.55,26.69,749.9,21.99,30.55
"2020-09-14 17:05:00",83876,13.55,26.46,749.8,21.8,31.64
"2020-09-14 17:10:00",83877,13.42,25.92,749.9,21.77,30.63
"2020-09-14 17:15:00",83878,13.37,25.5,749.9,21.92,29.84
"2020-09-14 17:20:00",83879,13.29,25.28,750,21.91,29.64
"2020-09-14 17:25:00",83880,13.29,25.15,750,21.79,30.1
"2020-09-14 17:30:00",83881,13.3,25.05,750,21.92,30.11
"2020-09-14 17:35:00",83882,13.5,25.02,750,22.25,29.56
"2020-09-14 17:40:00",83883,13.23,25.01,750.1,22.3,29
"2020-09-14 17:45:00",83884,13.19,25.09,750.1,22.38,28.46
"2020-09-14 17:50:00",83885,13.13,25.16,750.2,22.23,29.16
"2020-09-14 17:55:00",83886,13.09,25.26,750.2,22.24,29.16
"2020-09-14 18:00:00",83887,13.06,25.31,750.2,22.24,28.55
"2020-09-14 18:05:00",83888,13.03,25.29,750.2,21.78,31.37
"2020-09-14 18:10:00",83889,13,25.17,750.4,21.54,31.61
"2020-09-14 18:15:00",83890,12.98,24.98,750.4,21.34,31.96
"2020-09-14 18:20:00",83891,12.96,24.72,750.6,21,32.37
"2020-09-14 18:25:00",83892,12.95,24.42,750.7,20.65,32.87
"2020-09-14 18:30:00",83893,12.95,24.09,750.9,20.58,32.89
"2020-09-14 18:35:00",83894,12.95,23.75,750.9,20.54,32.72
"2020-09-14 18:40:00",83895,12.94,23.45,751.1,20.48,33.18
"2020-09-14 18:45:00",83896,12.94,23.22,751.3,20.27,35.47
"2020-09-14 18:50:00",83897,12.93,23,751.3,19.87,37.29
"2020-09-14 18:55:00",83898,12.93,22.8,751.4,19.64,38.51
"2020-09-14 19:00:00",83899,12.93,22.6,751.5,19.5,38.85
"2020-09-14 19:05:00",83900,12.93,22.41,751.6,19.48,39.69
"2020-09-14 19:10:00",83901,12.93,22.22,751.8,19.28,40.87
"2020-09-14 19:15:00",83902,12.92,22.04,751.8,19.11,41.78
"2020-09-14 19:20:00",83903,12.92,21.86,751.9,18.81,42.84
"2020-09-14 19:25:00",83904,12.92,21.7,752,18.63,43.55
"2020-09-14 19:30:00",83905,12.92,21.52,752.1,18.4,44.26
"2020-09-14 19:35:00",83906,12.91,21.35,752.3,18.35,44.28
"2020-09-14 19:40:00",83907,12.91,21.17,752.4,18.39,44.13
"2020-09-14 19:45:00",83908,12.91,21.03,752.5,18.24,44.94
"2020-09-14 19:50:00",83909,12.91,20.89,752.6,18.13,45.3
"2020-09-14 19:55:00",83910,12.9,20.75,752.7,18.17,45.15
"2020-09-14 20:00:00",83911,12.9,20.61,752.8,18.02,45.8
"2020-09-14 20:05:00",83912,12.9,20.49,752.8,18.02,46.05
"2020-09-14 20:10:00",83913,12.9,20.35,753,17.81,47.06
"2020-09-14 20:15:00",83914,12.9,20.23,753,17.77,47.63
"2020-09-14 20:20:00",83915,12.89,20.1,753.1,17.69,48.34
"2020-09-14 20:25:00",83916,12.89,19.98,753.1,17.44,48.93
"2020-09-14 20:30:00",83917,12.89,19.84,753.2,17.18,49.89
"2020-09-14 20:35:00",83918,12.89,19.67,753.2,16.97,50.42
"2020-09-14 20:40:00",83919,12.89,19.55,753.3,17.11,48.82
"2020-09-14 20:45:00",83920,12.88,19.43,753.4,17.21,48.27
"2020-09-14 20:50:00",83921,12.88,19.33,753.4,17.13,48.64
"2020-09-14 20:55:00",83922,12.88,19.27,753.5,16.93,49.24
"2020-09-14 21:00:00",83923,12.88,19.2,753.6,17.2,47.52
"2020-09-14 21:05:00",83924,12.88,19.12,753.6,17.11,48.23
"2020-09-14 21:10:00",83925,12.87,19.07,753.8,17.05,47.16
"2020-09-14 21:15:00",83926,12.87,19.07,753.9,17.85,43.87
"2020-09-14 21:20:00",83927,12.87,19.1,753.9,17.65,45.12
"2020-09-14 21:25:00",83928,12.87,19.13,754,17.57,45.62
"2020-09-14 21:30:00",83929,12.86,19.15,754.1,17.36,46.63
"2020-09-14 21:35:00",83930,12.87,19.12,754.2,17.31,46.97
"2020-09-14 21:40:00",83931,12.86,19.13,754.2,17.21,47.87
"2020-09-14 21:45:00",83932,12.86,19.12,754.2,17.15,48.24
"2020-09-14 21:50:00",83933,12.86,19.11,754.3,17.07,48.38
"2020-09-14 21:55:00",83934,12.86,19.11,754.3,17.27,48.03
"2020-09-14 22:00:00",83935,12.86,19.13,754.4,17.31,48.32
"2020-09-14 22:05:00",83936,12.86,19.16,754.3,17.31,48.35
"2020-09-14 22:10:00",83937,12.86,19.17,754.4,17.29,48.54
"2020-09-14 22:15:00",83938,12.85,19.17,754.4,17.3,48.63
"2020-09-14 22:20:00",83939,12.85,19.17,754.4,17.26,48.72
"2020-09-14 22:25:00",83940,12.85,19.17,754.4,17.22,49.28
"2020-09-14 22:30:00",83941,12.85,19.16,754.4,17.05,49.44
"2020-09-14 22:35:00",83942,12.85,19.16,754.4,17.1,49.2
"2020-09-14 22:40:00",83943,12.85,19.13,754.4,17.12,49.01
"2020-09-14 22:45:00",83944,12.85,19.12,754.4,17.04,50.06
"2020-09-14 22:50:00",83945,12.84,19.09,754.4,16.91,49.42
"2020-09-14 22:55:00",83946,12.84,19.08,754.4,16.96,48.84
"2020-09-14 23:00:00",83947,12.84,19.05,754.4,17.03,48.75
"2020-09-14 23:05:00",83948,12.84,19.04,754.4,17.07,48.98
"2020-09-14 23:10:00",83949,12.84,19.02,754.4,17.02,48.53
"2020-09-14 23:15:00",83950,12.84,19.01,754.4,16.99,48.87
"2020-09-14 23:20:00",83951,12.84,18.99,754.4,16.89,49.48
"2020-09-14 23:25:00",83952,12.84,18.95,754.4,16.76,50.09
"2020-09-14 23:30:00",83953,12.84,18.93,754.4,16.3,57.17
"2020-09-14 23:35:00",83954,12.83,18.88,754.5,15.94,58.75
"2020-09-14 23:40:00",83955,12.83,18.82,754.6,15.96,58.78
"2020-09-14 23:45:00",83956,12.83,18.76,754.6,15.83,60.05
"2020-09-14 23:50:00",83957,12.83,18.68,754.6,15.58,61.26
"2020-09-14 23:55:00",83958,12.83,18.59,754.6,15.5,61.96
"2020-09-15 00:00:00",83959,12.83,18.49,754.6,15.46,62.7
"2020-09-15 00:05:00",83960,12.83,18.38,754.4,15.49,65.86
"2020-09-15 00:10:00",83961,12.83,18.23,754.3,15.72,64.1
"2020-09-15 00:15:00",83962,12.82,18.09,754.3,15.85,61.58
"2020-09-15 00:20:00",83963,12.82,18.04,754.4,15.9,61.11
"2020-09-15 00:25:00",83964,12.82,18.02,754.5,15.62,62.43
"2020-09-15 00:30:00",83965,12.82,18,754.4,15.38,62.98
"2020-09-15 00:35:00",83966,12.82,17.99,754.2,15.46,61.33
"2020-09-15 00:40:00",83967,12.82,17.94,754.2,15.44,61.48
"2020-09-15 00:45:00",83968,12.82,17.92,754.2,15.6,60.94
"2020-09-15 00:50:00",83969,12.81,17.88,754.2,15.38,61.91
"2020-09-15 00:55:00",83970,12.81,17.85,754.1,15.16,63.45
"2020-09-15 01:00:00",83971,12.81,17.8,754.1,15.06,63.93
"2020-09-15 01:05:00",83972,12.81,17.73,754.1,15,64.01
"2020-09-15 01:10:00",83973,12.81,17.69,754.1,15.01,63.68
"2020-09-15 01:15:00",83974,12.81,17.62,754.1,15.14,63.38
"2020-09-15 01:20:00",83975,12.8,17.56,754,15.14,63.03
"2020-09-15 01:25:00",83976,12.8,17.5,754.1,15.08,63.67
"2020-09-15 01:30:00",83977,12.8,17.46,754,15,64.15
"2020-09-15 01:35:00",83978,12.8,17.42,754,14.93,64.08
"2020-09-15 01:40:00",83979,12.8,17.37,753.9,14.89,64.25
"2020-09-15 01:45:00",83980,12.8,17.32,753.9,14.89,64.22
"2020-09-15 01:50:00",83981,12.79,17.29,754,14.92,63.52
"2020-09-15 01:55:00",83982,12.79,17.26,754,14.88,62.89
"2020-09-15 02:00:00",83983,12.79,17.24,754,14.82,63.06
"2020-09-15 02:05:00",83984,12.79,17.24,754,14.88,62.98
"2020-09-15 02:10:00",83985,12.79,17.22,754,14.94,62.96
"2020-09-15 02:15:00",83986,12.78,17.22,753.9,14.91,62.81
"2020-09-15 02:20:00",83987,12.78,17.21,754,14.94,63.05
"2020-09-15 02:25:00",83988,12.78,17.2,754,14.92,62.73
"2020-09-15 02:30:00",83989,12.78,17.2,753.9,14.88,63.04
"2020-09-15 02:35:00",83990,12.78,17.17,753.9,14.79,65.67
"2020-09-15 02:40:00",83991,12.77,17.12,753.8,14.61,65.73
"2020-09-15 02:45:00",83992,12.77,17.06,753.8,14.48,66.26
"2020-09-15 02:50:00",83993,12.77,16.98,753.8,14.34,66.93
"2020-09-15 02:55:00",83994,12.77,16.93,753.8,14.25,67.38
"2020-09-15 03:00:00",83995,12.76,16.88,753.7,14.21,67.43
"2020-09-15 03:05:00",83996,12.77,16.82,753.8,14.18,67.57
"2020-09-15 03:10:00",83997,12.76,16.79,753.7,14.19,67.54
"2020-09-15 03:15:00",83998,12.76,16.74,753.6,14.35,66.27
"2020-09-15 03:20:00",83999,12.76,16.7,753.6,14.39,67.23
"2020-09-15 03:25:00",84000,12.75,16.66,753.6,14.37,67.11
"2020-09-15 03:30:00",84001,12.75,16.64,753.6,14.33,67.83
"2020-09-15 03:35:00",84002,12.75,16.6,753.6,14.23,68.3
"2020-09-15 03:40:00",84003,12.75,16.57,753.6,14.35,67.49
"2020-09-15 03:45:00",84004,12.74,16.54,753.6,14.15,70.25
"2020-09-15 03:50:00",84005,12.74,16.5,753.6,13.87,70.82
"2020-09-15 03:55:00",84006,12.74,16.42,753.6,13.85,69.56
"2020-09-15 04:00:00",84007,12.74,16.34,753.6,13.82,70.27
"2020-09-15 04:05:00",84008,12.73,16.21,753.6,13.69,71.05
"2020-09-15 04:10:00",84009,12.73,16.13,753.7,13.67,70.96
"2020-09-15 04:15:00",84010,12.73,16.03,753.7,13.59,70.82
"2020-09-15 04:20:00",84011,12.72,15.96,753.7,13.56,70.53
"2020-09-15 04:25:00",84012,12.72,15.88,753.8,13.58,70.16
"2020-09-15 04:30:00",84013,12.72,15.85,753.8,13.75,69.31
"2020-09-15 04:35:00",84014,12.72,15.85,753.7,13.94,68.22
"2020-09-15 04:40:00",84015,12.72,15.84,753.7,13.8,70.7
"2020-09-15 04:45:00",84016,12.71,15.81,753.7,13.64,69.55
"2020-09-15 04:50:00",84017,12.71,15.79,753.7,13.59,70.71
"2020-09-15 04:55:00",84018,12.71,15.76,753.7,13.55,70.7
"2020-09-15 05:00:00",84019,12.7,15.73,753.7,13.61,70.11
"2020-09-15 05:05:00",84020,12.7,15.71,753.8,13.63,69.6
"2020-09-15 05:10:00",84021,12.7,15.67,753.8,13.67,69.41
"2020-09-15 05:15:00",84022,12.7,15.65,753.9,13.59,69.8
"2020-09-15 05:20:00",84023,12.69,15.65,753.8,13.51,70.33
"2020-09-15 05:25:00",84024,12.69,15.62,753.7,13.45,70.66
"2020-09-15 05:30:00",84025,12.69,15.59,753.8,13.39,70.79
"2020-09-15 05:35:00",84026,12.68,15.55,753.9,13.43,70.57
"2020-09-15 05:40:00",84027,12.68,15.5,753.9,13.43,70.91
"2020-09-15 05:45:00",84028,12.68,15.47,753.9,13.51,70.52
"2020-09-15 05:50:00",84029,12.67,15.43,754,13.51,70.47
"2020-09-15 05:55:00",84030,12.67,15.41,754,13.48,70.57
"2020-09-15 06:00:00",84031,12.66,15.4,754,13.45,70.69
"2020-09-15 06:05:00",84032,12.66,15.38,754,13.43,70.96
"2020-09-15 06:10:00",84033,12.66,15.36,754,13.4,71.1
"2020-09-15 06:15:00",84034,12.66,15.36,754.1,13.53,70.53
"2020-09-15 06:20:00",84035,12.65,15.37,754.1,13.38,73
"2020-09-15 06:25:00",84036,12.65,15.4,754.1,12.98,74.44
"2020-09-15 06:30:00",84037,12.65,15.43,754.3,13.02,74.48
"2020-09-15 06:35:00",84038,12.66,15.45,754.3,12.87,75.29
"2020-09-15 06:40:00",84039,12.66,15.44,754.4,12.71,75.79
"2020-09-15 06:45:00",84040,12.67,15.42,754.4,12.79,75.8
"2020-09-15 06:50:00",84041,12.68,15.43,754.5,12.85,75.34
"2020-09-15 06:55:00",84042,12.7,15.44,754.5,12.9,74.68
"2020-09-15 07:00:00",84043,12.72,15.5,754.6,13.43,72.19
"2020-09-15 07:05:00",84044,12.76,15.58,754.7,13.67,71.33
"2020-09-15 07:10:00",84045,12.8,15.71,754.7,13.83,70.47
"2020-09-15 07:15:00",84046,12.8,15.81,754.8,13.87,70.11
"2020-09-15 07:20:00",84047,12.8,15.94,754.9,14.01,69.82
"2020-09-15 07:25:00",84048,12.86,16.07,754.9,14.15,69.64
"2020-09-15 07:30:00",84049,13.08,16.31,754.9,14.23,68.91
"2020-09-15 07:35:00",84050,13.31,16.6,755,14.37,68.59
"2020-09-15 07:40:00",84051,13.43,16.9,755,14.88,66.94
"2020-09-15 07:45:00",84052,13.44,17.13,755.1,15.09,65.49
"2020-09-15 07:50:00",84053,13.57,17.46,755,15.24,64.23
"2020-09-15 07:55:00",84054,13.69,17.97,755.1,15.5,62.73
"2020-09-15 08:00:00",84055,13.56,18.2,755.1,15.86,61.78
"2020-09-15 08:05:00",84056,13.77,19.37,755.1,16.26,60
"2020-09-15 08:10:00",84057,13.72,20.76,755.1,17.29,57.23
"2020-09-15 08:15:00",84058,13.72,21.6,755.2,17.99,54.37
"2020-09-15 08:20:00",84059,13.64,21.7,755.2,17.33,56.48
"2020-09-15 08:25:00",84060,13.55,21.49,755.3,16.87,56.35
"2020-09-15 08:30:00",84061,13.52,21.41,755.2,16.65,58.07
"2020-09-15 08:35:00",84062,13.69,22.49,755.1,17.11,57.05
"2020-09-15 08:40:00",84063,13.67,23.27,755.1,17.61,55.66
"2020-09-15 08:45:00",84064,13.67,23.71,755.1,17.63,55.33
"2020-09-15 08:50:00",84065,13.67,24.14,755.1,17.29,56.47
"2020-09-15 08:55:00",84066,13.64,24.54,755.2,18.15,53.75
"2020-09-15 09:00:00",84067,13.64,24.9,755.3,17.21,56
"2020-09-15 09:05:00",84068,13.64,25.15,755.2,17.11,55.65
"2020-09-15 09:10:00",84069,13.64,25.33,755.2,17.46,53.8
"2020-09-15 09:15:00",84070,13.62,25.62,755.2,18.07,51.7
"2020-09-15 09:20:00",84071,13.62,25.86,755.3,18.25,50.07
"2020-09-15 09:25:00",84072,13.62,26,755.3,18.14,50.46
"2020-09-15 09:30:00",84073,13.62,26.13,755.4,17.99,50.19
"2020-09-15 09:35:00",84074,13.62,26.22,755.4,18.17,49.53
"2020-09-15 09:40:00",84075,13.62,26.29,755.4,18.8,47.79
"2020-09-15 09:45:00",84076,13.62,26.25,755.4,18.26,48.76
"2020-09-15 09:50:00",84077,13.62,26.19,755.3,17.72,49.97
"2020-09-15 09:55:00",84078,13.62,26.17,755.3,17.93,49.65
"2020-09-15 10:00:00",84079,13.62,26.09,755.3,18.71,48.09
"2020-09-15 10:05:00",84080,13.62,26.14,755.2,18.53,47.63
"2020-09-15 10:10:00",84081,13.62,26.18,755.1,18.39,49.71
"2020-09-15 10:15:00",84082,13.62,26.15,755.1,18.15,50.96
"2020-09-15 10:20:00",84083,13.63,26,755.1,17.69,52.17
"2020-09-15 10:25:00",84084,13.63,25.84,755,17.47,52.79
"2020-09-15 10:30:00",84085,13.63,25.65,754.9,17.5,52.54
"2020-09-15 10:35:00",84086,13.63,25.39,754.9,17.61,52.62
"2020-09-15 10:40:00",84087,13.63,25.23,754.9,18.22,50.41
"2020-09-15 10:45:00",84088,13.63,25.19,754.8,18.23,49.1
"2020-09-15 10:50:00",84089,13.63,25.2,754.7,18.42,48.43
"2020-09-15 10:55:00",84090,13.63,25.26,754.6,18.67,47.68
"2020-09-15 11:00:00",84091,13.63,25.4,754.5,19.23,46.52
"2020-09-15 11:05:00",84092,13.63,25.58,754.4,19.61,46.06
"2020-09-15 11:10:00",84093,13.63,25.85,754.3,19.18,46.64
"2020-09-15 11:15:00",84094,13.61,26.21,754.1,19.98,43.17
"2020-09-15 11:20:00",84095,13.61,26.64,754.1,21.21,40.62
"2020-09-15 11:25:00",84096,13.61,27.19,753.9,21.22,41.05
"2020-09-15 11:30:00",84097,13.58,27.64,753.9,21.94,37.67
"2020-09-15 11:35:00",84098,13.59,27.93,753.8,20.38,40.73
"2020-09-15 11:40:00",84099,13.59,28.09,753.7,20.4,40.25
"2020-09-15 11:45:00",84100,13.58,28.27,753.6,21.19,38.25
"2020-09-15 11:50:00",84101,13.56,28.58,753.5,22.05,35.44
"2020-09-15 11:55:00",84102,13.56,29.02,753.4,22.31,34.74
"2020-09-15 12:00:00",84103,13.56,29.46,753.3,22.51,33.86
"2020-09-15 12:05:00",84104,13.54,29.91,753.3,22.84,33.89
"2020-09-15 12:10:00",84105,13.54,30.34,753.2,21.46,36.41
"2020-09-15 12:15:00",84106,13.54,30.56,753.1,21.95,36.09
"2020-09-15 12:20:00",84107,13.52,30.7,752.9,22.49,36.15
"2020-09-15 12:25:00",84108,13.51,30.84,752.8,22.04,35.97
"2020-09-15 12:30:00",84109,13.52,30.92,752.7,22.82,34.26
"2020-09-15 12:35:00",84110,13.52,31.02,752.6,22.97,34.74
"2020-09-15 12:40:00",84111,13.52,31.11,752.5,23.45,32.85
"2020-09-15 12:45:00",84112,13.52,31.25,752.4,23.29,33.27
"2020-09-15 12:50:00",84113,13.52,31.29,752.4,22.57,34.4
"2020-09-15 12:55:00",84114,13.52,31.24,752.3,23.15,34.46
"2020-09-15 13:00:00",84115,13.52,31.19,752.1,22.65,33.31
"2020-09-15 13:05:00",84116,13.52,31.09,752.1,22.03,34.15
"2020-09-15 13:10:00",84117,13.52,31.01,751.9,22.33,33.78
"2020-09-15 13:15:00",84118,13.52,31,751.9,22.77,34.85
"2020-09-15 13:20:00",84119,13.52,30.94,751.8,22.75,33.15
"2020-09-15 13:25:00",84120,13.52,30.92,751.7,23.43,31.21
"2020-09-15 13:30:00",84121,13.52,31.05,751.5,23.4,30.03
"2020-09-15 13:35:00",84122,13.52,31.14,751.4,24.03,29.88
"2020-09-15 13:40:00",84123,13.52,31.18,751.3,23.16,33.09
"2020-09-15 13:45:00",84124,13.52,31.1,751.2,23.33,32.31
"2020-09-15 13:50:00",84125,13.52,31.02,751.1,22.55,31.5
"2020-09-15 13:55:00",84126,13.52,30.86,751,22.87,31.19
"2020-09-15 14:00:00",84127,13.52,30.69,750.9,23.45,30.98
"2020-09-15 14:05:00",84128,13.52,30.65,750.8,23.59,31.39
"2020-09-15 14:10:00",84129,13.52,30.58,750.6,22.25,32.64
"2020-09-15 14:15:00",84130,13.53,30.4,750.6,22.9,31.73
"2020-09-15 14:20:00",84131,13.52,30.15,750.5,22.81,31.66
"2020-09-15 14:25:00",84132,13.53,29.96,750.4,22.87,31.46
"2020-09-15 14:30:00",84133,13.52,29.84,750.3,22.86,30.46
"2020-09-15 14:35:00",84134,13.52,29.82,750.3,23.1,30.01
"2020-09-15 14:40:00",84135,13.52,29.88,750.1,23.53,28.42
"2020-09-15 14:45:00",84136,13.52,30,750,23.16,29.94
"2020-09-15 14:50:00",84137,13.53,30.14,749.9,23.58,28.7
"2020-09-15 14:55:00",84138,13.53,30.31,749.7,24.14,27.86
"2020-09-15 15:00:00",84139,13.53,30.35,749.7,22.77,29.78
"2020-09-15 15:05:00",84140,13.53,30.32,749.6,23.25,30.09
"2020-09-15 15:10:00",84141,13.53,30.25,749.5,22.88,31.56
"2020-09-15 15:15:00",84142,13.52,30.1,749.4,22.96,30.26
"2020-09-15 15:20:00",84143,13.52,29.92,749.4,22.73,30.01
"2020-09-15 15:25:00",84144,13.52,29.79,749.3,22.76,30.71
"2020-09-15 15:30:00",84145,13.53,29.69,749.2,23.04,30.07
"2020-09-15 15:35:00",84146,13.53,29.6,749.2,23.01,29.9
"2020-09-15 15:40:00",84147,13.52,29.5,749.2,22.83,30.92
"2020-09-15 15:45:00",84148,13.52,29.37,749.2,22.64,30.71
"2020-09-15 15:50:00",84149,13.52,29.26,749.1,22.75,30.31
"2020-09-15 15:55:00",84150,13.53,29.2,749.1,22.44,30.29
"2020-09-15 16:00:00",84151,13.52,29.09,749.2,22.71,30.64
"2020-09-15 16:05:00",84152,13.52,28.99,749.2,22.39,31.49
"2020-09-15 16:10:00",84153,13.53,28.87,749.2,22.28,31.01
"2020-09-15 16:15:00",84154,13.52,28.71,749.2,22.23,30.97
"2020-09-15 16:20:00",84155,13.52,28.44,749.2,21.61,31.12
"2020-09-15 16:25:00",84156,13.52,28.17,749.2,21.51,31.18
"2020-09-15 16:30:00",84157,13.52,27.62,749.1,20.94,32.79
"2020-09-15 16:35:00",84158,13.52,27.19,749.3,20.74,34.29
"2020-09-15 16:40:00",84159,13.52,26.82,749.3,20.32,36.65
"2020-09-15 16:45:00",84160,13.55,26.44,749.4,20.22,37.04
"2020-09-15 16:50:00",84161,13.55,26.08,749.3,20.15,37.88
"2020-09-15 16:55:00",84162,13.55,25.84,749.2,19.98,38.22
"2020-09-15 17:00:00",84163,13.57,25.63,749.3,19.92,38.38
"2020-09-15 17:05:00",84164,13.57,25.46,749.3,19.92,38.38
"2020-09-15 17:10:00",84165,13.57,25.33,749.4,20.17,37.42
"2020-09-15 17:15:00",84166,13.57,25.21,749.3,19.98,37.4
"2020-09-15 17:20:00",84167,13.57,25.1,749.6,20.12,37.55
"2020-09-15 17:25:00",84168,13.36,24.59,749.6,20.18,37.36
"2020-09-15 17:30:00",84169,13.6,24.28,749.6,19.95,37.7
"2020-09-15 17:35:00",84170,13.35,23.93,749.7,20.06,37.15
"2020-09-15 17:40:00",84171,13.41,23.85,749.7,20.16,36.96
"2020-09-15 17:45:00",84172,13.26,23.74,749.8,19.88,37.75
"2020-09-15 17:50:00",84173,13.21,23.7,749.8,19.82,38.24
"2020-09-15 17:55:00",84174,13.14,23.64,749.6,19.6,38.67
"2020-09-15 18:00:00",84175,13.09,23.51,749.6,19.33,39.29
"2020-09-15 18:05:00",84176,13.05,23.31,749.7,19.08,39.78
"2020-09-15 18:10:00",84177,13,23.06,749.7,18.9,40.37
"2020-09-15 18:15:00",84178,12.98,22.77,749.9,18.71,40.77
"2020-09-15 18:20:00",84179,12.97,22.5,749.9,18.59,41.4
"2020-09-15 18:25:00",84180,12.96,22.19,750,18.62,41.05
"2020-09-15 18:30:00",84181,12.96,21.91,750.1,18.5,41.2
"2020-09-15 18:35:00",84182,12.95,21.67,750.3,18.46,41.2
"2020-09-15 18:40:00",84183,12.95,21.5,750.4,18.41,41.32
"2020-09-15 18:45:00",84184,12.95,21.35,750.5,18.41,41.51
"2020-09-15 18:50:00",84185,12.94,21.23,750.5,18.43,41.13
"2020-09-15 18:55:00",84186,12.94,21.14,750.6,18.31,41.4
"2020-09-15 19:00:00",84187,12.94,21.07,750.6,18.32,41.37
"2020-09-15 19:05:00",84188,12.94,21.01,750.7,18.23,41.68
"2020-09-15 19:10:00",84189,12.93,20.96,750.8,18.2,41.42
"2020-09-15 19:15:00",84190,12.93,20.91,750.8,18.19,41.71
"2020-09-15 19:20:00",84191,12.93,20.87,750.8,18.26,41.56
"2020-09-15 19:25:00",84192,12.93,20.83,750.8,18.07,42.18
"2020-09-15 19:30:00",84193,12.93,20.79,750.9,17.97,42.74
"2020-09-15 19:35:00",84194,12.92,20.74,750.9,17.9,42.86
"2020-09-15 19:40:00",84195,12.92,20.68,751,18.06,42.37
"2020-09-15 19:45:00",84196,12.92,20.63,751.1,18.05,42.43
"2020-09-15 19:50:00",84197,12.92,20.6,751.2,17.85,43.62
"2020-09-15 19:55:00",84198,12.92,20.56,751.2,17.85,43.46
"2020-09-15 20:00:00",84199,12.91,20.52,751.2,18.01,42.81
"2020-09-15 20:05:00",84200,12.91,20.51,751.3,18.32,41.37
"2020-09-15 20:10:00",84201,12.91,20.5,751.4,18.42,41.19
"2020-09-15 20:15:00",84202,12.91,20.54,751.4,18.4,41.51
"2020-09-15 20:20:00",84203,12.91,20.57,751.5,18.41,41.41
"2020-09-15 20:25:00",84204,12.9,20.59,751.6,18.47,41.65
"2020-09-15 20:30:00",84205,12.9,20.6,751.7,18.38,41.83
"2020-09-15 20:35:00",84206,12.9,20.62,751.9,18.32,42.21
"2020-09-15 20:40:00",84207,12.9,20.62,752,18.33,41.82
"2020-09-15 20:45:00",84208,12.9,20.62,752.1,18.27,41.43
"2020-09-15 20:50:00",84209,12.9,20.6,752.2,18.21,41.49
"2020-09-15 20:55:00",84210,12.9,20.56,752.3,18.09,41.83
"2020-09-15 21:00:00",84211,12.89,20.51,752.4,18.16,41.45
"2020-09-15 21:05:00",84212,12.89,20.47,752.5,18.22,41.42
"2020-09-15 21:10:00",84213,12.89,20.44,752.5,18.05,42.01
"2020-09-15 21:15:00",84214,12.89,20.38,752.6,17.97,42.36
"2020-09-15 21:20:00",84215,12.89,20.34,752.5,17.88,42.57
"2020-09-15 21:25:00",84216,12.89,20.28,752.6,17.67,43.22
"2020-09-15 21:30:00",84217,12.88,20.2,752.6,17.57,43.59
"2020-09-15 21:35:00",84218,12.88,20.13,752.6,17.53,44.03
"2020-09-15 21:40:00",84219,12.88,20.04,752.6,17.47,44.21
"2020-09-15 21:45:00",84220,12.88,19.98,752.6,17.48,44.59
"2020-09-15 21:50:00",84221,12.88,19.9,752.6,17.5,44.21
"2020-09-15 21:55:00",84222,12.87,19.86,752.7,17.48,43.77
"2020-09-15 22:00:00",84223,12.87,19.82,752.8,17.51,43.9
"2020-09-15 22:05:00",84224,12.87,19.79,752.9,17.58,43.52
"2020-09-15 22:10:00",84225,12.87,19.77,752.8,17.6,43.62
"2020-09-15 22:15:00",84226,12.87,19.75,752.8,17.72,43.35
"2020-09-15 22:20:00",84227,12.87,19.75,752.9,17.71,43.57
"2020-09-15 22:25:00",84228,12.87,19.73,752.9,17.62,43.75
"2020-09-15 22:30:00",84229,12.86,19.73,752.9,17.6,43.97
"2020-09-15 22:35:00",84230,12.86,19.72,752.9,17.49,44.53
"2020-09-15 22:40:00",84231,12.86,19.71,752.9,17.43,44.84
"2020-09-15 22:45:00",84232,12.86,19.69,752.9,17.6,44.16
"2020-09-15 22:50:00",84233,12.86,19.66,752.9,17.44,44.81
"2020-09-15 22:55:00",84234,12.86,19.65,752.9,17.5,44.4
"2020-09-15 23:00:00",84235,12.86,19.62,752.9,17.55,44.31
"2020-09-15 23:05:00",84236,12.86,19.61,752.9,17.56,44.41
"2020-09-15 23:10:00",84237,12.86,19.6,752.9,17.48,44.84
"2020-09-15 23:15:00",84238,12.85,19.59,752.9,17.43,45.28
"2020-09-15 23:20:00",84239,12.85,19.55,752.8,17.47,45.19
"2020-09-15 23:25:00",84240,12.85,19.53,752.9,17.37,45.62
"2020-09-15 23:30:00",84241,12.85,19.5,752.8,17.18,46.64
"2020-09-15 23:35:00",84242,12.85,19.47,752.9,17.06,46.72
"2020-09-15 23:40:00",84243,12.85,19.42,752.9,17.07,46.84
"2020-09-15 23:45:00",84244,12.85,19.37,752.8,17.01,46.81
"2020-09-15 23:50:00",84245,12.84,19.32,752.8,16.89,47.45
"2020-09-15 23:55:00",84246,12.84,19.26,752.8,16.82,47.54
"2020-09-16 00:00:00",84247,12.84,19.2,752.8,16.77,48
"2020-09-16 00:05:00",84248,12.84,19.15,752.7,16.67,48.27
"2020-09-16 00:10:00",84249,12.84,19.07,752.6,16.73,47.81
"2020-09-16 00:15:00",84250,12.84,19.02,752.6,16.87,46.73
"2020-09-16 00:20:00",84251,12.84,18.97,752.6,16.91,46.76
"2020-09-16 00:25:00",84252,12.83,18.92,752.6,16.86,46.91
"2020-09-16 00:30:00",84253,12.83,18.86,752.7,16.77,47.31
"2020-09-16 00:35:00",84254,12.83,18.83,752.6,16.73,47.68
"2020-09-16 00:40:00",84255,12.83,18.79,752.6,16.79,47.25
"2020-09-16 00:45:00",84256,12.83,18.75,752.5,16.8,47.81
"2020-09-16 00:50:00",84257,12.83,18.73,752.5,16.7,48.55
"2020-09-16 00:55:00",84258,12.83,18.7,752.4,16.63,47.57
"2020-09-16 01:00:00",84259,12.82,18.66,752.3,16.63,47.7
"2020-09-16 01:05:00",84260,12.82,18.62,752.3,16.46,49.08
"2020-09-16 01:10:00",84261,12.82,18.58,752.3,16.46,49.36
"2020-09-16 01:15:00",84262,12.82,18.54,752.2,16.47,50.17
"2020-09-16 01:20:00",84263,12.82,18.5,752.2,16.38,50.59
"2020-09-16 01:25:00",84264,12.82,18.41,752.1,16.14,51.43
"2020-09-16 01:30:00",84265,12.82,18.32,752.1,16.1,51.3
"2020-09-16 01:35:00",84266,12.81,18.21,752,16.1,51.48
"2020-09-16 01:40:00",84267,12.81,18.11,752,16.02,51.75
"2020-09-16 01:45:00",84268,12.81,18,751.9,16,51.9
"2020-09-16 01:50:00",84269,12.81,17.93,751.9,15.96,52.02
"2020-09-16 01:55:00",84270,12.8,17.88,751.8,16.12,51.49
"2020-09-16 02:00:00",84271,12.8,17.82,751.9,16.16,51.09
"2020-09-16 02:05:00",84272,12.8,17.76,751.9,16.14,50.69
"2020-09-16 02:10:00",84273,12.8,17.71,751.8,16.12,51.18
"2020-09-16 02:15:00",84274,12.8,17.66,751.8,15.92,53.79
"2020-09-16 02:20:00",84275,12.8,17.59,751.7,15.6,55.3
"2020-09-16 02:25:00",84276,12.79,17.51,751.6,15.6,53.96
"2020-09-16 02:30:00",84277,12.79,17.43,751.6,15.6,53.63
"2020-09-16 02:35:00",84278,12.79,17.34,751.6,15.53,54.84
"2020-09-16 02:40:00",84279,12.79,17.26,751.6,15.41,54.51
"2020-09-16 02:45:00",84280,12.78,17.19,751.5,15.34,54.35
"2020-09-16 02:50:00",84281,12.78,17.13,751.5,15.32,54.11
"2020-09-16 02:55:00",84282,12.78,17.1,751.5,15.38,53.93
"2020-09-16 03:00:00",84283,12.78,17.11,751.5,15.29,53.37
"2020-09-16 03:05:00",84284,12.77,17.13,751.4,15.18,53.32
"2020-09-16 03:10:00",84285,12.77,17.13,751.4,15.14,53.38
"2020-09-16 03:15:00",84286,12.77,17.14,751.4,15.11,53.28
"2020-09-16 03:20:00",84287,12.77,17.15,751.3,15.08,53.98
"2020-09-16 03:25:00",84288,12.76,17.15,751.2,15.24,54
"2020-09-16 03:30:00",84289,12.76,17.14,751.2,15.37,53.65
"2020-09-16 03:35:00",84290,12.76,17.16,751.2,15.43,52.41
"2020-09-16 03:40:00",84291,12.76,17.17,751.2,15.16,55.72
"2020-09-16 03:45:00",84292,12.75,17.18,751.1,14.95,56.51
"2020-09-16 03:50:00",84293,12.75,17.15,751.1,14.98,55.82
"2020-09-16 03:55:00",84294,12.75,17.15,751.1,15.04,57.55
"2020-09-16 04:00:00",84295,12.75,17.14,751,15,56.7
"2020-09-16 04:05:00",84296,12.74,17.12,750.9,14.89,57.41
"2020-09-16 04:10:00",84297,12.74,17.1,750.8,15.01,57
"2020-09-16 04:15:00",84298,12.74,17.07,750.9,14.98,56.37
"2020-09-16 04:20:00",84299,12.74,17.05,750.9,14.86,56.92
"2020-09-16 04:25:00",84300,12.73,17.02,750.9,14.78,56.76
"2020-09-16 04:30:00",84301,12.73,16.97,751,14.77,56.97
"2020-09-16 04:35:00",84302,12.73,16.95,751,14.87,58.4
"2020-09-16 04:40:00",84303,12.73,16.93,751,14.69,58.16
"2020-09-16 04:45:00",84304,12.72,16.9,751,14.69,59.86
"2020-09-16 04:50:00",84305,12.72,16.87,751,14.61,60.48
"2020-09-16 04:55:00",84306,12.72,16.84,751,14.59,60.8
"2020-09-16 05:00:00",84307,12.72,16.8,751,14.54,61.06
"2020-09-16 05:05:00",84308,12.71,16.76,751,14.49,60.28
"2020-09-16 05:10:00",84309,12.71,16.71,751.1,14.59,58.74
"2020-09-16 05:15:00",84310,12.71,16.64,751.1,14.58,59.16
"2020-09-16 05:20:00",84311,12.7,16.6,751.2,14.55,57.66
"2020-09-16 05:25:00",84312,12.7,16.57,751.3,14.76,56.27
"2020-09-16 05:30:00",84313,12.7,16.55,751.4,14.69,56.05
"2020-09-16 05:35:00",84314,12.69,16.53,751.3,14.69,55.75
"2020-09-16 05:40:00",84315,12.69,16.52,751.4,14.64,55.62
"2020-09-16 05:45:00",84316,12.69,16.51,751.4,14.79,55.49
"2020-09-16 05:50:00",84317,12.68,16.51,751.4,14.83,55.37
"2020-09-16 05:55:00",84318,12.68,16.51,751.5,14.87,55.29
"2020-09-16 06:00:00",84319,12.68,16.52,751.6,14.81,56.07
"2020-09-16 06:05:00",84320,12.67,16.53,751.7,14.77,56.49
"2020-09-16 06:10:00",84321,12.67,16.52,751.7,14.76,57.21
"2020-09-16 06:15:00",84322,12.67,16.51,751.7,14.64,58.69
"2020-09-16 06:20:00",84323,12.66,16.54,751.7,14.51,58.67
"2020-09-16 06:25:00",84324,12.66,16.55,751.8,14.48,58.97
"2020-09-16 06:30:00",84325,12.67,16.55,751.8,14.32,59.42
"2020-09-16 06:35:00",84326,12.68,16.54,751.8,14.35,60.82
"2020-09-16 06:40:00",84327,12.69,16.51,751.9,14.45,59.2
"2020-09-16 06:45:00",84328,12.71,16.5,752,14.39,58.92
"2020-09-16 06:50:00",84329,12.74,16.51,752,14.45,60.69
"2020-09-16 06:55:00",84330,12.78,16.53,752.1,14.57,59.46
"2020-09-16 07:00:00",84331,12.81,16.56,752.1,14.67,58.52
"2020-09-16 07:05:00",84332,12.86,16.63,752.2,14.76,57.87
"2020-09-16 07:10:00",84333,13.01,16.77,752.3,14.83,57.82
"2020-09-16 07:15:00",84334,13.26,16.97,752.3,15.14,56.6
"2020-09-16 07:20:00",84335,13.69,17.54,752.2,15.64,55.37
"2020-09-16 07:25:00",84336,13.49,17.84,752.2,15.72,55.08
"2020-09-16 07:30:00",84337,13.48,18.1,752.2,15.77,54.63
"2020-09-16 07:35:00",84338,13.53,18.4,752.3,15.69,54.04
"2020-09-16 07:40:00",84339,13.83,18.91,752.3,16.29,53.11
"2020-09-16 07:45:00",84340,13.75,20.62,752.3,17.39,49.49
"2020-09-16 07:50:00",84341,13.72,21.67,752.3,18.51,49.04
"2020-09-16 07:55:00",84342,13.69,22.4,752.3,18.29,47.72
"2020-09-16 08:00:00",84343,13.69,22.97,752.3,17.82,49.01
"2020-09-16 08:05:00",84344,13.67,23.46,752.3,17.89,48.43
"2020-09-16 08:10:00",84345,13.67,23.75,752.3,17.48,49.81
"2020-09-16 08:15:00",84346,13.67,23.94,752.3,16.82,52.63
"2020-09-16 08:20:00",84347,13.67,23.96,752.3,16.95,52.99
"2020-09-16 08:25:00",84348,13.67,24,752.3,17.53,51.49
"2020-09-16 08:30:00",84349,13.67,24.09,752.4,17.54,51.28
"2020-09-16 08:35:00",84350,13.67,24.18,752.4,17.73,50.84
"2020-09-16 08:40:00",84351,13.67,24.29,752.5,17.84,50.17
"2020-09-16 08:45:00",84352,13.64,24.43,752.5,18.55,48.76
"2020-09-16 08:50:00",84353,13.64,24.68,752.6,19.24,45.47
"2020-09-16 08:55:00",84354,13.65,25.04,752.7,18.37,46.03
"2020-09-16 09:00:00",84355,13.65,25.49,752.7,19.35,43.47
"2020-09-16 09:05:00",84356,13.62,25.93,752.8,19.24,45.38
"2020-09-16 09:10:00",84357,13.62,26.35,752.7,18.68,47.11
"2020-09-16 09:15:00",84358,13.62,26.57,752.7,18.74,46.14
"2020-09-16 09:20:00",84359,13.6,26.64,752.8,18.65,45.62
"2020-09-16 09:25:00",84360,13.6,26.6,752.7,18.79,45.61
"2020-09-16 09:30:00",84361,13.6,26.59,752.8,18.5,45.38
"2020-09-16 09:35:00",84362,13.6,26.59,752.7,19,43.88
"2020-09-16 09:40:00",84363,13.6,26.67,752.7,18.81,44.91
"2020-09-16 09:45:00",84364,13.6,26.85,752.6,19.56,43.69
"2020-09-16 09:50:00",84365,13.6,27.07,752.7,19.32,42.77
"2020-09-16 09:55:00",84366,13.6,27.22,752.6,18.86,44.18
"2020-09-16 10:00:00",84367,13.6,27.27,752.7,19.86,41.38
"2020-09-16 10:05:00",84368,13.6,27.31,752.6,18.88,43.42
"2020-09-16 10:10:00",84369,13.6,27.29,752.6,19.11,44.4
"2020-09-16 10:15:00",84370,13.6,27.23,752.6,18.58,44.21
"2020-09-16 10:20:00",84371,13.6,27.11,752.5,18.78,42.9
"2020-09-16 10:25:00",84372,13.6,27,752.5,19.55,39.38
"2020-09-16 10:30:00",84373,13.6,26.97,752.5,19.89,38.01
"2020-09-16 10:35:00",84374,13.61,27.1,752.4,20.57,37.6
"2020-09-16 10:40:00",84375,13.61,27.31,752.4,21.31,37.38
"2020-09-16 10:45:00",84376,13.58,27.45,752.3,20.25,38.44
"2020-09-16 10:50:00",84377,13.58,27.5,752.3,20.03,38.78
"2020-09-16 10:55:00",84378,13.58,27.44,752.2,20.02,40.17
"2020-09-16 11:00:00",84379,13.58,27.4,752.2,20.1,37.42
"2020-09-16 11:05:00",84380,13.58,27.35,752.1,19.92,36.48
"2020-09-16 11:10:00",84381,13.58,27.31,752.1,20.5,35.95
"2020-09-16 11:15:00",84382,13.59,27.32,752,20.55,36.45
"2020-09-16 11:20:00",84383,13.59,27.32,751.9,20.68,37.54
"2020-09-16 11:25:00",84384,13.59,27.36,751.8,21.01,35.64
"2020-09-16 11:30:00",84385,13.59,27.38,751.7,20.6,35.04
"2020-09-16 11:35:00",84386,13.59,27.4,751.6,20.83,36.71
"2020-09-16 11:40:00",84387,13.59,27.43,751.6,20.58,37.17
"2020-09-16 11:45:00",84388,13.59,27.46,751.5,20.67,36.39
"2020-09-16 11:50:00",84389,13.59,27.53,751.4,21.15,34.04
"2020-09-16 11:55:00",84390,13.59,27.61,751.3,21.13,33.77
"2020-09-16 12:00:00",84391,13.59,27.72,751.3,21.41,34.59
"2020-09-16 12:05:00",84392,13.59,27.82,751.2,21.59,33.28
"2020-09-16 12:10:00",84393,13.59,27.92,751.1,21.07,33.96
"2020-09-16 12:15:00",84394,13.59,27.93,751,20.8,33.97
"2020-09-16 12:20:00",84395,13.59,27.88,750.9,20.83,32.02
"2020-09-16 12:25:00",84396,13.59,27.8,750.8,21.1,32.51
"2020-09-16 12:30:00",84397,13.59,27.73,750.8,21.13,32.78
"2020-09-16 12:35:00",84398,13.59,27.68,750.7,21.41,32.07
"2020-09-16 12:40:00",84399,13.59,27.65,750.6,21.51,30.34
"2020-09-16 12:45:00",84400,13.59,27.68,750.5,21.59,30.48
"2020-09-16 12:50:00",84401,13.57,27.79,750.4,21.76,29.16
"2020-09-16 12:55:00",84402,13.57,28,750.3,21.97,30.08
"2020-09-16 13:00:00",84403,13.57,28.25,750.3,22.45,28.6
"2020-09-16 13:05:00",84404,13.57,28.55,750.2,22.98,28.45
"2020-09-16 13:10:00",84405,13.57,28.93,750.1,22.84,28.23
"2020-09-16 13:15:00",84406,13.55,29.24,750,22.93,26.14
"2020-09-16 13:20:00",84407,13.55,29.47,750,22.87,26.68
"2020-09-16 13:25:00",84408,13.55,29.62,749.9,22.78,27.25
"2020-09-16 13:30:00",84409,13.55,29.73,749.8,23.38,26.27
"2020-09-16 13:35:00",84410,13.55,29.84,749.7,23.61,25.54
"2020-09-16 13:40:00",84411,13.55,29.92,749.5,23.11,26.49
"2020-09-16 13:45:00",84412,13.55,29.97,749.4,23.46,27.2
"2020-09-16 13:50:00",84413,13.55,30.03,749.3,23.65,25.61
"2020-09-16 13:55:00",84414,13.55,30.1,749.3,23.37,25.56
"2020-09-16 14:00:00",84415,13.55,30.12,749.2,23.24,25.82
"2020-09-16 14:05:00",84416,13.55,30.09,749.1,22.85,26.95
"2020-09-16 14:10:00",84417,13.55,30.04,749,23.45,26.35
"2020-09-16 14:15:00",84418,13.55,30.03,748.8,23.29,25.76
"2020-09-16 14:20:00",84419,13.55,30.01,748.7,23.44,25.7
"2020-09-16 14:25:00",84420,13.55,29.99,748.5,23.45,26.31
"2020-09-16 14:30:00",84421,13.55,29.95,748.5,23.05,26.49
"2020-09-16 14:35:00",84422,13.55,29.88,748.3,23.57,25.64
"2020-09-16 14:40:00",84423,13.55,29.92,748.3,24.75,25.86
"2020-09-16 14:45:00",84424,13.53,30.21,748.2,24.17,24.73
"2020-09-16 14:50:00",84425,13.53,30.57,748.1,24.31,25.08
"2020-09-16 14:55:00",84426,13.53,30.91,748,24.38,24.74
"2020-09-16 15:00:00",84427,13.53,31.14,747.9,24.59,25.92
"2020-09-16 15:05:00",84428,13.53,31.28,747.8,24.63,24.62
"2020-09-16 15:10:00",84429,13.5,31.31,747.8,24.17,26.78
"2020-09-16 15:15:00",84430,13.5,31.21,747.7,24.14,26.84
"2020-09-16 15:20:00",84431,13.5,31.11,747.6,24.51,25.91
"2020-09-16 15:25:00",84432,13.5,31.04,747.6,24.7,26.54
"2020-09-16 15:30:00",84433,13.5,31.01,747.5,24.22,26.17
"2020-09-16 15:35:00",84434,13.5,30.9,747.3,24.23,26.98
"2020-09-16 15:40:00",84435,13.5,30.73,747.2,24.02,27.65
"2020-09-16 15:45:00",84436,13.5,30.54,747.2,23.92,26.35
"2020-09-16 15:50:00",84437,13.5,30.35,747.2,24.03,25.95
"2020-09-16 15:55:00",84438,13.5,30.19,747.2,24.11,26.36
"2020-09-16 16:00:00",84439,13.5,30.06,747.2,23.76,27.42
"2020-09-16 16:05:00",84440,13.5,29.94,747.2,23.69,26.74
"2020-09-16 16:10:00",84441,13.5,29.85,747.2,23.67,27.93
"2020-09-16 16:15:00",84442,13.5,29.79,747.1,23.82,28.99
"2020-09-16 16:20:00",84443,13.5,29.74,747.2,23.81,28.11
"2020-09-16 16:25:00",84444,13.5,29.71,747.3,23.8,28.92
"2020-09-16 16:30:00",84445,13.5,29.64,747.3,23.73,28.64
"2020-09-16 16:35:00",84446,13.5,29.5,747.3,23.61,28.97
"2020-09-16 16:40:00",84447,13.5,29.33,747.3,23.02,29.46
"2020-09-16 16:45:00",84448,13.5,29.04,747.3,22.68,31.58
"2020-09-16 16:50:00",84449,13.5,28.68,747.3,22.55,32.57
"2020-09-16 16:55:00",84450,13.5,28.33,747.3,22.18,33.34
"2020-09-16 17:00:00",84451,13.5,27.99,747.4,22.12,32.76
"2020-09-16 17:05:00",84452,13.52,27.7,747.5,22.07,32.93
"2020-09-16 17:10:00",84453,13.52,27.46,747.4,22.05,32.72
"2020-09-16 17:15:00",84454,13.52,27.22,747.5,22.02,32.52
"2020-09-16 17:20:00",84455,13.42,26.46,747.4,22.01,32.85
"2020-09-16 17:25:00",84456,13.32,25.92,747.4,21.84,32.97
"2020-09-16 17:30:00",84457,13.21,25.56,747.5,21.78,33.2
"2020-09-16 17:35:00",84458,13.17,25.28,747.5,21.59,33.55
"2020-09-16 17:40:00",84459,13.13,25.03,747.5,21.59,33.21
"2020-09-16 17:45:00",84460,13.08,24.82,747.6,21.58,33.18
"2020-09-16 17:50:00",84461,13.04,24.63,747.6,21.46,33.27
"2020-09-16 17:55:00",84462,13.02,24.43,747.6,21.31,33.02
"2020-09-16 18:00:00",84463,13,24.24,747.7,21.21,33.35
"2020-09-16 18:05:00",84464,12.99,24.06,747.7,21.14,33.31
"2020-09-16 18:10:00",84465,12.98,23.88,747.7,21.14,32.97
"2020-09-16 18:15:00",84466,12.97,23.74,747.8,21.1,33.04
"2020-09-16 18:20:00",84467,12.96,23.6,747.8,21,33.13
"2020-09-16 18:25:00",84468,12.96,23.42,747.9,20.89,33.19
"2020-09-16 18:30:00",84469,12.96,23.21,747.9,20.72,33.37
"2020-09-16 18:35:00",84470,12.95,23.03,748,20.63,33.59
"2020-09-16 18:40:00",84471,12.95,22.84,748.1,20.56,33.39
"2020-09-16 18:45:00",84472,12.95,22.68,748.2,20.6,33.32
"2020-09-16 18:50:00",84473,12.94,22.55,748.3,20.42,34.03
"2020-09-16 18:55:00",84474,12.94,22.43,748.3,20.29,34.38
"2020-09-16 19:00:00",84475,12.94,22.3,748.5,20.26,34.55
"2020-09-16 19:05:00",84476,12.94,22.21,748.5,20.16,34.7
"2020-09-16 19:10:00",84477,12.93,22.12,748.5,20.17,34.74
"2020-09-16 19:15:00",84478,12.93,22.03,748.5,20.16,34.47
"2020-09-16 19:20:00",84479,12.93,21.98,748.5,20.38,33.9
"2020-09-16 19:25:00",84480,12.93,21.94,748.6,20.29,34.09
"2020-09-16 19:30:00",84481,12.93,21.93,748.6,20.3,34.22
"2020-09-16 19:35:00",84482,12.93,21.91,748.7,20.02,35.74
"2020-09-16 19:40:00",84483,12.92,21.88,748.9,19.75,36.99
"2020-09-16 19:45:00",84484,12.92,21.84,748.9,19.5,37.94
"2020-09-16 19:50:00",84485,12.92,21.78,748.9,19.62,37.34
"2020-09-16 19:55:00",84486,12.92,21.72,749,19.8,36.86
"2020-09-16 20:00:00",84487,12.91,21.67,749.1,19.88,36.74
"2020-09-16 20:05:00",84488,12.91,21.63,749.1,19.73,36.96
"2020-09-16 20:10:00",84489,12.91,21.55,749.1,19.62,37.34
"2020-09-16 20:15:00",84490,12.91,21.48,749.2,19.36,38.15
"2020-09-16 20:20:00",84491,12.91,21.39,749.3,19.1,39
"2020-09-16 20:25:00",84492,12.9,21.28,749.3,18.96,39.64
"2020-09-16 20:30:00",84493,12.9,21.16,749.4,18.77,40.26
"2020-09-16 20:35:00",84494,12.9,21.04,749.5,18.64,40.76
"2020-09-16 20:40:00",84495,12.9,20.9,749.5,18.64,40.96
"2020-09-16 20:45:00",84496,12.9,20.77,749.6,18.49,41.52
"2020-09-16 20:50:00",84497,12.89,20.62,749.7,18.44,41.71
"2020-09-16 20:55:00",84498,12.89,20.5,749.8,18.18,42.64
"2020-09-16 21:00:00",84499,12.89,20.36,749.8,17.9,43.5
"2020-09-16 21:05:00",84500,12.89,20.2,750,17.64,44.39
"2020-09-16 21:10:00",84501,12.89,20.01,750.1,17.41,44.9
"2020-09-16 21:15:00",84502,12.88,19.83,750.2,17.48,44.5
"2020-09-16 21:20:00",84503,12.88,19.66,750.4,17.63,43.97
"2020-09-16 21:25:00",84504,12.88,19.52,750.4,17.5,44.63
"2020-09-16 21:30:00",84505,12.88,19.4,750.5,17.42,44.71
"2020-09-16 21:35:00",84506,12.87,19.32,750.5,17.66,43.72
"2020-09-16 21:40:00",84507,12.87,19.25,750.5,17.91,42.93
"2020-09-16 21:45:00",84508,12.87,19.2,750.5,18.18,42.64
"2020-09-16 21:50:00",84509,12.87,19.22,750.6,18.25,42.71
"2020-09-16 21:55:00",84510,12.87,19.26,750.6,18.29,42.52
"2020-09-16 22:00:00",84511,12.87,19.32,750.7,18.5,42.03
"2020-09-16 22:05:00",84512,12.87,19.43,750.7,18.74,41.16
"2020-09-16 22:10:00",84513,12.86,19.56,750.8,18.67,41.35
"2020-09-16 22:15:00",84514,12.86,19.69,750.8,18.63,41.63
"2020-09-16 22:20:00",84515,12.86,19.81,750.8,18.53,41.71
"2020-09-16 22:25:00",84516,12.86,19.88,750.7,18.53,42.04
"2020-09-16 22:30:00",84517,12.86,19.93,750.8,18.44,42.15
"2020-09-16 22:35:00",84518,12.86,19.97,750.9,18.13,43.24
"2020-09-16 22:40:00",84519,12.86,19.98,750.8,18.03,44.4
"2020-09-16 22:45:00",84520,12.86,19.97,750.8,17.85,45.59
"2020-09-16 22:50:00",84521,12.85,19.94,750.9,17.62,46.79
"2020-09-16 22:55:00",84522,12.85,19.87,751,17.39,48.05
"2020-09-16 23:00:00",84523,12.85,19.8,751.1,17.18,48.71
"2020-09-16 23:05:00",84524,12.85,19.73,751.1,17.01,49.62
"2020-09-16 23:10:00",84525,12.85,19.64,751,17.05,49.25
"2020-09-16 23:15:00",84526,12.85,19.56,751,17.02,49.37
"2020-09-16 23:20:00",84527,12.85,19.5,751,17.11,49.45
"2020-09-16 23:25:00",84528,12.84,19.44,750.9,16.97,49.49
"2020-09-16 23:30:00",84529,12.84,19.28,750.8,16.93,49.55
"2020-09-16 23:35:00",84530,12.84,19.3,750.8,16.85,49.41
"2020-09-16 23:40:00",84531,12.84,19.23,750.8,16.89,49.67
"2020-09-16 23:45:00",84532,12.84,19.17,750.8,16.97,49.37
"2020-09-16 23:50:00",84533,12.84,19.11,750.8,16.95,49.46
"2020-09-16 23:55:00",84534,12.84,19.02,750.9,16.73,50.39
"2020-09-17 00:00:00",84535,12.84,18.95,750.9,16.61,49.88
"2020-09-17 00:05:00",84536,12.83,18.86,751,16.63,50.19
"2020-09-17 00:10:00",84537,12.83,18.8,751.1,16.83,50.07
"2020-09-17 00:15:00",84538,12.83,18.76,751.1,16.81,50.34
"2020-09-17 00:20:00",84539,12.83,18.72,751.2,16.67,50.7
"2020-09-17 00:25:00",84540,12.83,18.7,751.2,16.79,50.18
"2020-09-17 00:30:00",84541,12.83,18.7,751.2,16.83,49.97
"2020-09-17 00:35:00",84542,12.82,18.71,751.2,16.98,49.03
"2020-09-17 00:40:00",84543,12.82,18.74,751.1,16.89,49.64
"2020-09-17 00:45:00",84544,12.82,18.76,751.2,16.85,49.57
"2020-09-17 00:50:00",84545,12.82,18.77,751.2,16.85,49.51
"2020-09-17 00:55:00",84546,12.82,18.77,751.2,16.73,50.05
"2020-09-17 01:00:00",84547,12.82,18.75,751.1,16.84,49.97
"2020-09-17 01:05:00",84548,12.82,18.74,751.1,16.95,50.33
"2020-09-17 01:10:00",84549,12.82,18.74,751.2,16.97,50.42
"2020-09-17 01:15:00",84550,12.81,18.76,751.2,16.97,50.24
"2020-09-17 01:20:00",84551,12.81,18.78,751.2,16.71,50.82
"2020-09-17 01:25:00",84552,12.81,18.79,751.2,16.64,50.85
"2020-09-17 01:30:00",84553,12.81,18.77,751.2,16.73,50.33
"2020-09-17 01:35:00",84554,12.81,18.76,751.2,16.71,50.33
"2020-09-17 01:40:00",84555,12.8,18.75,751.2,16.67,50.45
"2020-09-17 01:45:00",84556,12.8,18.73,751.2,16.61,50.25
"2020-09-17 01:50:00",84557,12.8,18.71,751.2,16.61,50.28
"2020-09-17 01:55:00",84558,12.8,18.68,751.2,16.64,50.2
"2020-09-17 02:00:00",84559,12.8,18.64,751.3,16.56,49.88
"2020-09-17 02:05:00",84560,12.8,18.61,751.2,16.4,49.85
"2020-09-17 02:10:00",84561,12.8,18.57,751.3,16.3,49.65
"2020-09-17 02:15:00",84562,12.79,18.53,751.3,16.32,49.66
"2020-09-17 02:20:00",84563,12.79,18.49,751.3,16.54,49.56
"2020-09-17 02:25:00",84564,12.79,18.46,751.3,16.64,49.11
"2020-09-17 02:30:00",84565,12.79,18.45,751.3,16.34,50.84
"2020-09-17 02:35:00",84566,12.78,18.41,751.3,16.22,50.01
"2020-09-17 02:40:00",84567,12.78,18.38,751.3,16.13,50.62
"2020-09-17 02:45:00",84568,12.78,18.34,751.4,15.94,51.49
"2020-09-17 02:50:00",84569,12.78,18.28,751.3,15.69,52.26
"2020-09-17 02:55:00",84570,12.78,18.2,751.4,15.52,53
"2020-09-17 03:00:00",84571,12.77,18.12,751.3,15.41,53.69
"2020-09-17 03:05:00",84572,12.77,18.03,751.3,15.39,53.75
"2020-09-17 03:10:00",84573,12.77,17.94,751.2,15.35,53.96
"2020-09-17 03:15:00",84574,12.77,17.86,751.1,15.32,54.01
"2020-09-17 03:20:00",84575,12.76,17.79,751.1,15.28,54.22
"2020-09-17 03:25:00",84576,12.76,17.71,751.1,15.19,54.3
"2020-09-17 03:30:00",84577,12.76,17.62,751.1,15.12,54.63
"2020-09-17 03:35:00",84578,12.75,17.55,751.1,15.07,54.89
"2020-09-17 03:40:00",84579,12.75,17.46,751.1,15.03,55.04
"2020-09-17 03:45:00",84580,12.75,17.39,751.1,15.01,55.09
"2020-09-17 03:50:00",84581,12.75,17.33,751.1,15.08,54.98
"2020-09-17 03:55:00",84582,12.74,17.29,751.1,15.06,54.95
"2020-09-17 04:00:00",84583,12.74,17.26,751.1,15.14,54.84
"2020-09-17 04:05:00",84584,12.74,17.22,751,15,55.19
"2020-09-17 04:10:00",84585,12.74,17.2,751,14.83,56.22
"2020-09-17 04:15:00",84586,12.73,17.16,751,14.73,56.12
"2020-09-17 04:20:00",84587,12.73,17.1,751,14.72,55.9
"2020-09-17 04:25:00",84588,12.73,17.05,751,14.69,56.14
"2020-09-17 04:30:00",84589,12.73,17,751,14.62,56.4
"2020-09-17 04:35:00",84590,12.72,16.93,751,14.6,56.85
"2020-09-17 04:40:00",84591,12.72,16.87,751,14.63,57.61
"2020-09-17 04:45:00",84592,12.71,16.81,751.1,14.57,57.96
"2020-09-17 04:50:00",84593,12.71,16.76,751.1,14.6,57.93
"2020-09-17 04:55:00",84594,12.71,16.7,751.1,14.71,56.38
"2020-09-17 05:00:00",84595,12.71,16.68,751.1,14.79,55.94
"2020-09-17 05:05:00",84596,12.7,16.65,751.2,14.8,56.16
"2020-09-17 05:10:00",84597,12.7,16.63,751.1,14.73,56.33
"2020-09-17 05:15:00",84598,12.7,16.61,751.2,14.71,56.57
"2020-09-17 05:20:00",84599,12.69,16.58,751.2,14.56,57.06
"2020-09-17 05:25:00",84600,12.69,16.54,751.3,14.51,57.02
"2020-09-17 05:30:00",84601,12.69,16.49,751.3,14.47,56.74
"2020-09-17 05:35:00",84602,12.68,16.45,751.3,14.39,57.09
"2020-09-17 05:40:00",84603,12.68,16.41,751.4,14.49,57.65
"2020-09-17 05:45:00",84604,12.68,16.35,751.4,14.37,59.87
"2020-09-17 05:50:00",84605,12.67,16.31,751.4,14.11,61.97
"2020-09-17 05:55:00",84606,12.67,16.25,751.5,13.93,64.23
"2020-09-17 06:00:00",84607,12.67,16.17,751.5,13.78,64.5
"2020-09-17 06:05:00",84608,12.66,16.08,751.6,13.68,64.72
"2020-09-17 06:10:00",84609,12.66,16.01,751.7,13.63,64.39
"2020-09-17 06:15:00",84610,12.66,15.93,751.7,13.47,64.36
"2020-09-17 06:20:00",84611,12.66,15.89,751.8,13.38,64.4
"2020-09-17 06:25:00",84612,12.66,15.86,751.8,13.37,64.28
"2020-09-17 06:30:00",84613,12.66,15.82,751.8,13.49,63.69
"2020-09-17 06:35:00",84614,12.68,15.78,751.8,13.53,63.11
"2020-09-17 06:40:00",84615,12.69,15.75,751.9,13.61,63.04
"2020-09-17 06:45:00",84616,12.7,15.72,752,13.63,62.54
"2020-09-17 06:50:00",84617,12.73,15.71,752,13.82,60.68
"2020-09-17 06:55:00",84618,12.8,15.75,752,13.97,61.35
"2020-09-17 07:00:00",84619,12.89,15.83,752.1,14.33,59.69
"2020-09-17 07:05:00",84620,13.01,15.99,752.2,14.57,59.28
"2020-09-17 07:10:00",84621,13.3,16.28,752.2,14.88,58.58
"2020-09-17 07:15:00",84622,13.58,16.75,752.3,15.1,57.59
"2020-09-17 07:20:00",84623,13.76,17.36,752.4,15.47,56.29
"2020-09-17 07:25:00",84624,13.58,17.95,752.5,15.72,55.26
"2020-09-17 07:30:00",84625,13.81,19.02,752.6,16.06,53.38
"2020-09-17 07:35:00",84626,13.83,19.42,752.7,16.18,53.71
"2020-09-17 07:40:00",84627,13.72,20.66,752.7,16.38,52.48
"2020-09-17 07:45:00",84628,13.72,21.24,752.7,16.22,52.86
"2020-09-17 07:50:00",84629,13.72,21.61,752.7,16.21,53.38
"2020-09-17 07:55:00",84630,13.69,22.49,752.8,16.27,52.92
"2020-09-17 08:00:00",84631,13.69,23.13,752.8,17.13,50.45
"2020-09-17 08:05:00",84632,13.67,23.73,752.8,17.62,48.36
"2020-09-17 08:10:00",84633,13.64,24.37,752.8,19.13,45.23
"2020-09-17 08:15:00",84634,13.6,24.76,752.9,18.92,44.45
"2020-09-17 08:20:00",84635,13.64,24.35,752.9,17.66,47.86
"2020-09-17 08:25:00",84636,13.64,25.41,753,17.55,48.01
"2020-09-17 08:30:00",84637,13.62,25.84,753,18.31,46.43
"2020-09-17 08:35:00",84638,13.62,26.24,753,19.39,43.35
"2020-09-17 08:40:00",84639,13.62,26.71,753,20.1,42.09
"2020-09-17 08:45:00",84640,13.59,27.24,753,20.78,40.09
"2020-09-17 08:50:00",84641,13.59,27.83,753,20.71,40.8
"2020-09-17 08:55:00",84642,13.57,28.38,753.1,20.99,39.92
"2020-09-17 09:00:00",84643,13.57,28.9,753.1,20.87,39.97
"2020-09-17 09:05:00",84644,13.54,29.4,753.1,20.83,39.51
"2020-09-17 09:10:00",84645,13.54,29.85,753.1,18.91,43.74
"2020-09-17 09:15:00",84646,13.55,30.05,753,19.39,41.94
"2020-09-17 09:20:00",84647,13.54,30.18,753,19.45,42.24
"2020-09-17 09:25:00",84648,13.55,30.36,753,20.13,40.9
"2020-09-17 09:30:00",84649,13.53,30.55,752.9,20.2,41.07
"2020-09-17 09:35:00",84650,13.53,30.76,752.9,20.96,39.53
"2020-09-17 09:40:00",84651,13.53,31.01,752.8,21.23,38.71
"2020-09-17 09:45:00",84652,13.53,31.24,752.7,20.68,38.91
"2020-09-17 09:50:00",84653,13.53,31.39,752.7,20.51,38.83
"2020-09-17 09:55:00",84654,13.5,31.49,752.7,20.37,40.44
"2020-09-17 10:00:00",84655,13.5,31.45,752.7,20.07,38.42
"2020-09-17 10:05:00",84656,13.5,31.3,752.6,20.69,36.1
"2020-09-17 10:10:00",84657,13.5,31.29,752.6,21,34.29
"2020-09-17 10:15:00",84658,13.5,31.42,752.6,21.31,32.79
"2020-09-17 10:20:00",84659,13.5,31.66,752.5,21.55,29.61
"2020-09-17 10:25:00",84660,13.5,31.95,752.5,22.09,21.37
"2020-09-17 10:30:00",84661,13.51,32.15,752.4,21.24,23.16
"2020-09-17 10:35:00",84662,13.5,32.08,752.3,21.4,23.31
"2020-09-17 10:40:00",84663,13.51,31.83,752.3,20.97,25.66
"2020-09-17 10:45:00",84664,13.51,31.5,752.2,21.37,26.43
"2020-09-17 10:50:00",84665,13.51,31.25,752.2,22.23,25.34
"2020-09-17 10:55:00",84666,13.51,31.13,752.2,22.79,24.7
"2020-09-17 11:00:00",84667,13.51,31.09,752.1,22.22,26.15
"2020-09-17 11:05:00",84668,13.51,31.06,752,22.28,26.36
"2020-09-17 11:10:00",84669,13.51,31.16,751.9,22.01,26.68
"2020-09-17 11:15:00",84670,13.51,31.28,751.8,22.55,26.59
"2020-09-17 11:20:00",84671,13.51,31.37,751.7,22,28.03
"2020-09-17 11:25:00",84672,13.51,31.38,751.8,21.33,26.63
"2020-09-17 11:30:00",84673,13.51,31.2,751.7,21.8,26.43
"2020-09-17 11:35:00",84674,13.51,30.99,751.6,21.36,26.56
"2020-09-17 11:40:00",84675,13.51,30.73,751.5,20.93,25.72
"2020-09-17 11:45:00",84676,13.51,30.45,751.4,21.16,26.89
"2020-09-17 11:50:00",84677,13.51,30.21,751.3,21.07,25.76
"2020-09-17 11:55:00",84678,13.51,30.05,751.3,22.24,25.75
"2020-09-17 12:00:00",84679,13.51,30,751.2,21.59,26.21
"2020-09-17 12:05:00",84680,13.52,30,751.1,22.39,25.86
"2020-09-17 12:10:00",84681,13.51,30.07,751,22.58,24.07
"2020-09-17 12:15:00",84682,13.52,30.21,751,22.84,24.97
"2020-09-17 12:20:00",84683,13.52,30.36,750.9,22.76,25.48
"2020-09-17 12:25:00",84684,13.52,30.47,750.8,22.63,24.96
"2020-09-17 12:30:00",84685,13.52,30.54,750.6,22.37,25.08
"2020-09-17 12:35:00",84686,13.52,30.49,750.5,22.52,23.86
"2020-09-17 12:40:00",84687,13.52,30.39,750.5,22.45,22.93
"2020-09-17 12:45:00",84688,13.52,30.29,750.4,22.71,22.02
"2020-09-17 12:50:00",84689,13.52,30.25,750.3,22.77,22.54
"2020-09-17 12:55:00",84690,13.52,30.21,750.2,22.18,22.95
"2020-09-17 13:00:00",84691,13.52,30.08,750.1,21.72,23.33
"2020-09-17 13:05:00",84692,13.52,29.88,750,22.35,22.48
"2020-09-17 13:10:00",84693,13.52,29.72,749.9,22.03,22.87
"2020-09-17 13:15:00",84694,13.52,29.62,749.8,22.35,22.17
"2020-09-17 13:20:00",84695,13.52,29.52,749.6,21.86,23.06
"2020-09-17 13:25:00",84696,13.52,29.4,749.5,21.88,23.54
"2020-09-17 13:30:00",84697,13.52,29.27,749.4,22.25,23.98
"2020-09-17 13:35:00",84698,13.52,29.19,749.3,22.17,24.25
"2020-09-17 13:40:00",84699,13.52,29.16,749.3,22.54,25.09
"2020-09-17 13:45:00",84700,13.52,29.18,749.2,22.61,24.96
"2020-09-17 13:50:00",84701,13.52,29.24,749.1,22.63,24.72
"2020-09-17 13:55:00",84702,13.52,29.36,749,22.4,25.49
"2020-09-17 14:00:00",84703,13.52,29.53,748.9,23.44,24.27
"2020-09-17 14:05:00",84704,13.53,29.75,748.8,23.69,25.38
"2020-09-17 14:10:00",84705,13.52,29.96,748.7,22.51,26.65
"2020-09-17 14:15:00",84706,13.52,30.06,748.7,22.85,28.74
"2020-09-17 14:20:00",84707,13.53,30.09,748.6,22.43,27.73
"2020-09-17 14:25:00",84708,13.53,30.03,748.6,22.56,27.74
"2020-09-17 14:30:00",84709,13.53,29.91,748.5,22.62,28.69
"2020-09-17 14:35:00",84710,13.52,29.83,748.4,22.94,28.98
"2020-09-17 14:40:00",84711,13.52,29.72,748.3,22.91,28.71
"2020-09-17 14:45:00",84712,13.52,29.68,748.3,23.07,28.08
"2020-09-17 14:50:00",84713,13.52,29.66,748.3,22.69,29.16
"2020-09-17 14:55:00",84714,13.53,29.63,748.2,22.54,27.19
"2020-09-17 15:00:00",84715,13.52,29.57,748.1,21.8,27.68
"2020-09-17 15:05:00",84716,13.52,29.46,748.1,22.57,27.4
"2020-09-17 15:10:00",84717,13.52,29.38,748,22.79,27.01
"2020-09-17 15:15:00",84718,13.53,29.36,748,23.05,26.49
"2020-09-17 15:20:00",84719,13.53,29.39,747.9,23.13,26.26
"2020-09-17 15:25:00",84720,13.53,29.44,747.9,22.59,26.93
"2020-09-17 15:30:00",84721,13.53,29.46,747.9,23.03,26.49
"2020-09-17 15:35:00",84722,13.53,29.5,747.8,22.91,26.95
"2020-09-17 15:40:00",84723,13.52,29.52,747.8,22.82,26.81
"2020-09-17 15:45:00",84724,13.53,29.48,747.7,22.31,27.58
"2020-09-17 15:50:00",84725,13.53,29.35,747.7,22.53,27.33
"2020-09-17 15:55:00",84726,13.53,29.23,747.7,22.77,27.21
"2020-09-17 16:00:00",84727,13.52,29.18,747.7,23.36,26.65
"2020-09-17 16:05:00",84728,13.53,29.2,747.7,23.06,28.01
"2020-09-17 16:10:00",84729,13.53,29.22,747.8,23.06,27.23
"2020-09-17 16:15:00",84730,13.52,29.2,747.8,22.61,28.45
"2020-09-17 16:20:00",84731,13.52,29.14,747.8,21.87,29.3
"2020-09-17 16:25:00",84732,13.52,29,747.8,22.21,28.82
"2020-09-17 16:30:00",84733,13.52,28.8,747.8,21.88,29.3
"2020-09-17 16:35:00",84734,13.52,28.53,747.8,21.71,29.76
"2020-09-17 16:40:00",84735,13.52,28.23,747.8,21.53,29.34
"2020-09-17 16:45:00",84736,13.52,27.84,747.8,21.33,29.86
"2020-09-17 16:50:00",84737,13.52,27.2,747.8,21.52,30.34
"2020-09-17 16:55:00",84738,13.36,26.48,747.8,21.34,30.33
"2020-09-17 17:00:00",84739,13.34,26.04,747.8,21.04,31.44
"2020-09-17 17:05:00",84740,13.38,25.71,747.9,21.09,32.27
"2020-09-17 17:10:00",84741,13.7,25.45,748,20.91,33.22
"2020-09-17 17:15:00",84742,13.62,25.31,748.1,20.76,33.8
"2020-09-17 17:20:00",84743,13.39,25.03,748.1,20.55,34.64
"2020-09-17 17:25:00",84744,13.23,24.79,748.1,20.6,34.71
"2020-09-17 17:30:00",84745,13.19,24.6,748.1,20.61,34.25
"2020-09-17 17:35:00",84746,13.14,24.42,748.2,20.44,34.76
"2020-09-17 17:40:00",84747,13.1,24.26,748.2,20.32,35.14
"2020-09-17 17:45:00",84748,13.07,24.1,748.2,20.37,35.28
"2020-09-17 17:50:00",84749,13.05,23.95,748.2,20.31,36.03
"2020-09-17 17:55:00",84750,13.04,23.82,748.3,20.29,36.91
"2020-09-17 18:00:00",84751,13.02,23.69,748.4,20.43,36.21
"2020-09-17 18:05:00",84752,12.99,23.57,748.4,20.59,35.99
"2020-09-17 18:10:00",84753,12.97,23.47,748.5,20.53,35.89
"2020-09-17 18:15:00",84754,12.95,23.36,748.6,20.42,36.01
"2020-09-17 18:20:00",84755,12.95,23.26,748.7,20.34,36.07
"2020-09-17 18:25:00",84756,12.94,23.11,748.7,20.18,36.71
"2020-09-17 18:30:00",84757,12.94,22.99,748.8,19.89,38.08
"2020-09-17 18:35:00",84758,12.94,22.83,748.9,19.02,41.03
"2020-09-17 18:40:00",84759,12.93,22.67,749.1,18.97,39.7
"2020-09-17 18:45:00",84760,12.93,22.49,749.1,18.89,40.31
"2020-09-17 18:50:00",84761,12.93,22.29,749.1,18.74,40.77
"2020-09-17 18:55:00",84762,12.93,22.1,749.1,18.7,41.03
"2020-09-17 19:00:00",84763,12.92,21.9,749.2,18.62,40.89
"2020-09-17 19:05:00",84764,12.92,21.72,749.2,18.35,42.18
"2020-09-17 19:10:00",84765,12.92,21.52,749.4,18.32,41.88
"2020-09-17 19:15:00",84766,12.91,21.37,749.5,18.33,42.3
"2020-09-17 19:20:00",84767,12.91,21.22,749.5,18.12,42.6
"2020-09-17 19:25:00",84768,12.91,21.08,749.6,18.01,43.26
"2020-09-17 19:30:00",84769,12.91,20.94,749.6,18.05,42.75
"2020-09-17 19:35:00",84770,12.9,20.81,749.8,18.3,41.82
"2020-09-17 19:40:00",84771,12.9,20.73,749.9,18.21,42.83
"2020-09-17 19:45:00",84772,12.9,20.64,750,18.01,43.22
"2020-09-17 19:50:00",84773,12.9,20.57,750,17.99,43.29
"2020-09-17 19:55:00",84774,12.9,20.5,750.1,17.98,42.9
"2020-09-17 20:00:00",84775,12.89,20.44,750.1,18.11,43.62
"2020-09-17 20:05:00",84776,12.89,20.38,750.2,18.31,44.18
"2020-09-17 20:10:00",84777,12.89,20.36,750.2,18.31,44.34
"2020-09-17 20:15:00",84778,12.89,20.32,750.2,18.22,44.9
"2020-09-17 20:20:00",84779,12.89,20.28,750.3,18.17,45.05
"2020-09-17 20:25:00",84780,12.89,20.25,750.4,18.08,45.55
"2020-09-17 20:30:00",84781,12.88,20.21,750.5,18,46.11
"2020-09-17 20:35:00",84782,12.88,20.17,750.7,18.01,45.99
"2020-09-17 20:40:00",84783,12.88,20.14,750.8,18.01,46.14
"2020-09-17 20:45:00",84784,12.88,20.11,750.8,17.95,46.42
"2020-09-17 20:50:00",84785,12.88,20.05,750.8,17.89,46.73
"2020-09-17 20:55:00",84786,12.88,20.02,750.8,17.97,46.46
"2020-09-17 21:00:00",84787,12.87,19.96,750.8,17.92,46.73
"2020-09-17 21:05:00",84788,12.87,19.92,750.9,17.67,47.36
"2020-09-17 21:10:00",84789,12.87,19.88,751,17.52,47.97
"2020-09-17 21:15:00",84790,12.87,19.84,751,17.71,46.08
"2020-09-17 21:20:00",84791,12.87,19.78,751.1,17.73,46.33
"2020-09-17 21:25:00",84792,12.87,19.76,751.2,17.68,46.83
"2020-09-17 21:30:00",84793,12.86,19.73,751.3,17.59,47.57
"2020-09-17 21:35:00",84794,12.86,19.72,751.4,17.49,47.84
"2020-09-17 21:40:00",84795,12.86,19.68,751.4,17.57,47.1
"2020-09-17 21:45:00",84796,12.86,19.66,751.5,17.6,46.5
"2020-09-17 21:50:00",84797,12.86,19.64,751.6,17.69,46.2
"2020-09-17 21:55:00",84798,12.86,19.64,751.7,17.76,46.4
"2020-09-17 22:00:00",84799,12.86,19.65,751.8,17.59,47.29
"2020-09-17 22:05:00",84800,12.85,19.65,751.7,17.59,47.48
"2020-09-17 22:10:00",84801,12.85,19.66,751.7,17.55,48.35
"2020-09-17 22:15:00",84802,12.85,19.65,751.7,17.54,48.69
"2020-09-17 22:20:00",84803,12.85,19.63,751.7,17.47,49.31
"2020-09-17 22:25:00",84804,12.85,19.6,751.7,17.42,49.99
"2020-09-17 22:30:00",84805,12.84,19.58,751.7,17.36,50.45
"2020-09-17 22:35:00",84806,12.85,19.54,751.8,17.35,50.85
"2020-09-17 22:40:00",84807,12.85,19.52,751.9,17.33,51
"2020-09-17 22:45:00",84808,12.84,19.49,751.8,17.35,51
"2020-09-17 22:50:00",84809,12.84,19.47,751.9,17.37,50.85
"2020-09-17 22:55:00",84810,12.84,19.45,751.9,17.35,51.13
"2020-09-17 23:00:00",84811,12.84,19.43,751.9,17.28,52.64
"2020-09-17 23:05:00",84812,12.84,19.37,752,17.25,51.92
"2020-09-17 23:10:00",84813,12.84,19.27,752,17.26,52.11
"2020-09-17 23:15:00",84814,12.84,19.3,751.9,17.18,52.59
"2020-09-17 23:20:00",84815,12.84,19.29,751.9,17.06,53.19
"2020-09-17 23:25:00",84816,12.84,19.24,752,16.9,54.52
"2020-09-17 23:30:00",84817,12.83,19.19,752,16.79,53.58
"2020-09-17 23:35:00",84818,12.83,19.15,752,16.79,53.12
"2020-09-17 23:40:00",84819,12.83,19.08,752,16.73,53.67
"2020-09-17 23:45:00",84820,12.83,19.04,752,16.74,50.98
"2020-09-17 23:50:00",84821,12.83,18.99,752.1,16.7,50.39
"2020-09-17 23:55:00",84822,12.82,18.94,752.1,16.69,51.72
"2020-09-18 00:00:00",84823,12.82,18.86,752.1,16.63,52.17
"2020-09-18 00:05:00",84824,12.82,18.8,752.1,16.69,53.41
"2020-09-18 00:10:00",84825,12.82,18.77,752.1,16.61,54.57
"2020-09-18 00:15:00",84826,12.82,18.75,752,16.59,54.32
"2020-09-18 00:20:00",84827,12.82,18.73,752.1,16.54,54.59
"2020-09-18 00:25:00",84828,12.82,18.72,752.1,16.5,55.47
"2020-09-18 00:30:00",84829,12.82,18.71,752.1,16.5,55.89
"2020-09-18 00:35:00",84830,12.81,18.66,752.1,16.43,56.43
"2020-09-18 00:40:00",84831,12.81,18.63,752.1,16.33,58.2
"2020-09-18 00:45:00",84832,12.81,18.54,752,16.16,59.41
"2020-09-18 00:50:00",84833,12.81,18.44,752,16.11,60.21
"2020-09-18 00:55:00",84834,12.81,18.37,752,15.96,62.46
"2020-09-18 01:00:00",84835,12.81,18.26,751.9,15.78,64.44
"2020-09-18 01:05:00",84836,12.81,18.13,751.9,15.65,66.06
"2020-09-18 01:10:00",84837,12.81,17.96,752,15.44,67.54
"2020-09-18 01:15:00",84838,12.8,17.78,752,15.35,69.81
"2020-09-18 01:20:00",84839,12.8,17.61,752,15.3,71.5
"2020-09-18 01:25:00",84840,12.8,17.46,752,15.22,70.33
"2020-09-18 01:30:00",84841,12.8,17.29,752.1,15.15,70.2
"2020-09-18 01:35:00",84842,12.8,17.14,752.1,14.77,70.71
"2020-09-18 01:40:00",84843,12.79,16.99,752,14.66,73.31
"2020-09-18 01:45:00",84844,12.79,16.88,752,14.53,71.89
"2020-09-18 01:50:00",84845,12.79,16.77,752,14.52,72.49
"2020-09-18 01:55:00",84846,12.79,16.71,751.9,14.51,71.32
"2020-09-18 02:00:00",84847,12.78,16.67,751.8,14.47,69.62
"2020-09-18 02:05:00",84848,12.78,16.69,751.9,14.45,68.84
"2020-09-18 02:10:00",84849,12.78,16.65,751.9,13.78,76.23
"2020-09-18 02:15:00",84850,12.78,16.44,751.9,12.44,91.7
"2020-09-18 02:20:00",84851,12.78,16.1,751.7,12.16,89.2
"2020-09-18 02:25:00",84852,12.77,15.77,751.9,12,91.9
"2020-09-18 02:30:00",84853,12.77,15.47,751.9,11.76,93.2
"2020-09-18 02:35:00",84854,12.77,15.2,751.9,11.58,92.8
"2020-09-18 02:40:00",84855,12.77,14.98,752,11.63,91.8
"2020-09-18 02:45:00",84856,12.76,14.78,752,11.53,91.6
"2020-09-18 02:50:00",84857,12.76,14.58,752,11.48,92.4
"2020-09-18 02:55:00",84858,12.76,14.45,752,11.5,93.5
"2020-09-18 03:00:00",84859,12.75,14.33,752,11.51,93
"2020-09-18 03:05:00",84860,12.75,14.24,752.1,11.59,93.2
"2020-09-18 03:10:00",84861,12.75,14.2,752.1,11.72,93.8
"2020-09-18 03:15:00",84862,12.75,14.15,752.2,11.7,92.5
"2020-09-18 03:20:00",84863,12.74,14.1,752.3,11.65,92.7
"2020-09-18 03:25:00",84864,12.74,14.07,752.4,11.63,93
"2020-09-18 03:30:00",84865,12.74,14.04,752.4,11.37,94.9
"2020-09-18 03:35:00",84866,12.73,14.01,752.4,11.23,95.8
"2020-09-18 03:40:00",84867,12.73,13.97,752.5,11.25,96.4
"2020-09-18 03:45:00",84868,12.73,13.94,752.5,11.2,96.1
"2020-09-18 03:50:00",84869,12.72,13.91,752.6,11.17,96.5
"2020-09-18 03:55:00",84870,12.72,13.88,752.7,11.28,96.7
"2020-09-18 04:00:00",84871,12.72,13.86,752.7,11.15,96.6
"2020-09-18 04:05:00",84872,12.72,13.81,752.8,10.89,97
"2020-09-18 04:10:00",84873,12.71,13.76,752.8,10.63,96.6
"2020-09-18 04:15:00",84874,12.71,13.66,753,10.72,97.8
"2020-09-18 04:20:00",84875,12.71,13.59,753.1,10.53,97.8
"2020-09-18 04:25:00",84876,12.71,13.5,753.3,10.46,98.2
"2020-09-18 04:30:00",84877,12.7,13.43,753.4,10.52,98.5
"2020-09-18 04:35:00",84878,12.7,13.38,753.5,10.77,98.8
"2020-09-18 04:40:00",84879,12.69,13.36,753.6,10.42,97.5
"2020-09-18 04:45:00",84880,12.69,13.28,753.7,10.12,94.1
"2020-09-18 04:50:00",84881,12.69,13.18,753.7,10.44,97.2
"2020-09-18 04:55:00",84882,12.69,13.1,753.9,10.24,95.3
"2020-09-18 05:00:00",84883,12.68,13,753.9,10.16,93.9
"2020-09-18 05:05:00",84884,12.68,12.88,754,10.12,94
"2020-09-18 05:10:00",84885,12.67,12.77,754.1,10.15,94.4
"2020-09-18 05:15:00",84886,12.67,12.68,754.3,10.06,93.6
"2020-09-18 05:20:00",84887,12.67,12.6,754.4,10.03,92.6
"2020-09-18 05:25:00",84888,12.66,12.5,754.5,10.02,92.7
"2020-09-18 05:30:00",84889,12.66,12.41,754.6,9.99,93.4
"2020-09-18 05:35:00",84890,12.66,12.35,754.7,10.1,94.8
"2020-09-18 05:40:00",84891,12.65,12.31,754.9,10.08,91.1
"2020-09-18 05:45:00",84892,12.65,12.28,755,10.12,91.9
"2020-09-18 05:50:00",84893,12.64,12.24,755.1,10.1,92.9
"2020-09-18 05:55:00",84894,12.64,12.2,755.1,10.15,93.7
"2020-09-18 06:00:00",84895,12.64,12.15,755.3,9.98,91.3
"2020-09-18 06:05:00",84896,12.63,12.11,755.4,9.88,91.2
"2020-09-18 06:10:00",84897,12.63,12.03,755.5,9.7,90.7
"2020-09-18 06:15:00",84898,12.62,11.95,755.6,9.56,89.8
"2020-09-18 06:20:00",84899,12.62,11.83,755.7,9.57,89.3
"2020-09-18 06:25:00",84900,12.62,11.75,755.8,9.48,90.2
"2020-09-18 06:30:00",84901,12.61,11.71,755.9,9.38,89.6
"2020-09-18 06:35:00",84902,12.61,11.66,756,9.36,92.6
"2020-09-18 06:40:00",84903,12.61,11.62,756.1,9.39,91
"2020-09-18 06:45:00",84904,12.61,11.59,756.1,9.37,90.4
"2020-09-18 06:50:00",84905,12.61,11.56,756.2,9.32,90.4
"2020-09-18 06:55:00",84906,12.62,11.52,756.2,9.37,92.3
"2020-09-18 07:00:00",84907,12.62,11.5,756.3,9.38,93
"2020-09-18 07:05:00",84908,12.63,11.51,756.3,9.34,94.3
"2020-09-18 07:10:00",84909,12.63,11.53,756.4,9.22,93.5
"2020-09-18 07:15:00",84910,12.64,11.55,756.4,9.07,92.2
"2020-09-18 07:20:00",84911,12.66,11.52,756.6,8.91,90.6
"2020-09-18 07:25:00",84912,12.66,11.47,756.6,8.67,90.2
"2020-09-18 07:30:00",84913,12.68,11.39,756.7,8.68,92.3
"2020-09-18 07:35:00",84914,12.74,11.32,756.7,8.63,93.1
"2020-09-18 07:40:00",84915,12.86,11.33,756.8,8.35,91
"2020-09-18 07:45:00",84916,12.98,11.32,756.9,8.33,89.8
"2020-09-18 07:50:00",84917,13.05,11.27,757,8.27,88.5
"2020-09-18 07:55:00",84918,13.14,11.23,757,8.35,89.1
"2020-09-18 08:00:00",84919,13.29,11.25,757,8.55,88.9
"2020-09-18 08:05:00",84920,13.42,11.33,757,8.77,85.9
"2020-09-18 08:10:00",84921,13.54,11.48,757.1,8.9,88
"2020-09-18 08:15:00",84922,13.61,11.62,757.1,8.91,87.8
"2020-09-18 08:20:00",84923,13.71,11.79,757.1,8.85,88.5
"2020-09-18 08:25:00",84924,13.95,12.15,757.1,9.32,89.5
"2020-09-18 08:30:00",84925,13.9,13.53,757.1,9.54,86.4
"2020-09-18 08:35:00",84926,13.87,14.12,757.1,9.9,84.7
"2020-09-18 08:40:00",84927,13.82,14.44,757.2,10.01,84
"2020-09-18 08:45:00",84928,13.76,13.63,757.3,9.54,84
"2020-09-18 08:50:00",84929,13.71,13.39,757.3,9.42,84.9
"2020-09-18 08:55:00",84930,13.75,13.35,757.3,9.5,89
"2020-09-18 09:00:00",84931,13.77,13.38,757.3,9.68,87.6
"2020-09-18 09:05:00",84932,13.84,13.47,757.4,9.94,86.7
"2020-09-18 09:10:00",84933,13.9,13.59,757.3,10.02,83.3
"2020-09-18 09:15:00",84934,13.86,13.66,757.3,10.13,84.1
"2020-09-18 09:20:00",84935,13.83,13.67,757.3,10.32,83.9
"2020-09-18 09:25:00",84936,13.86,13.77,757.4,10.22,84.5
"2020-09-18 09:30:00",84937,13.9,13.82,757.4,10.18,81.8
"2020-09-18 09:35:00",84938,13.88,13.89,757.4,10.24,85.3
"2020-09-18 09:40:00",84939,13.85,14.6,757.4,10.32,85.9
"2020-09-18 09:45:00",84940,13.85,15.36,757.4,10.53,86.7
"2020-09-18 09:50:00",84941,13.85,15.62,757.4,10.61,83.2
"2020-09-18 09:55:00",84942,13.85,15.88,757.4,10.24,81.6
"2020-09-18 10:00:00",84943,13.85,16.04,757.4,10.44,79.77
"2020-09-18 10:05:00",84944,13.82,16.21,757.4,10.93,82
"2020-09-18 10:10:00",84945,13.82,16.42,757.4,11.37,80.4
"2020-09-18 10:15:00",84946,13.82,16.66,757.4,11.67,80.4
"2020-09-18 10:20:00",84947,13.82,16.95,757.4,11.97,76.22
"2020-09-18 10:25:00",84948,13.82,17.24,757.3,12.01,75.06
"2020-09-18 10:30:00",84949,13.8,17.48,757.3,11.07,77.22
"2020-09-18 10:35:00",84950,13.8,17.65,757.2,11.48,82.7
"2020-09-18 10:40:00",84951,13.79,17.77,757.2,11.54,79.6
"2020-09-18 10:45:00",84952,13.8,17.9,757.1,11.77,79.29
"2020-09-18 10:50:00",84953,13.8,18.02,756.9,11.76,77.56
"2020-09-18 10:55:00",84954,13.8,18.12,756.7,12.05,78.31
"2020-09-18 11:00:00",84955,13.8,18.21,756.6,11.81,77.23
"2020-09-18 11:05:00",84956,13.8,18.3,756.5,12.3,76.68
"2020-09-18 11:10:00",84957,13.8,18.38,756.5,11.55,76.52
"2020-09-18 11:15:00",84958,13.77,18.43,756.4,11.63,77.67
"2020-09-18 11:20:00",84959,13.77,18.56,756.3,13.25,70.39
"2020-09-18 11:25:00",84960,13.77,18.91,756.3,13.47,68.51
"2020-09-18 11:30:00",84961,13.77,19.33,756.3,13.37,73.62
"2020-09-18 11:35:00",84962,13.74,19.74,756.2,12.7,74.39
"2020-09-18 11:40:00",84963,13.75,19.94,756,13.15,73.86
"2020-09-18 11:45:00",84964,13.75,20.14,755.8,13.47,69.94
"2020-09-18 11:50:00",84965,13.75,20.35,755.7,13.67,69.23
"2020-09-18 11:55:00",84966,13.75,20.69,755.7,15.08,63.64
"2020-09-18 12:00:00",84967,13.72,21.21,755.7,15.4,61.44
"2020-09-18 12:05:00",84968,13.72,21.72,755.6,15.34,63.65
"2020-09-18 12:10:00",84969,13.69,22.22,755.4,15.74,60.9
"2020-09-18 12:15:00",84970,13.69,22.58,755.3,15.98,58.24
"2020-09-18 12:20:00",84971,13.69,22.87,755.2,15.48,58.28
"2020-09-18 12:25:00",84972,13.69,22.98,755.1,14.62,59.14
"2020-09-18 12:30:00",84973,13.69,22.94,754.9,14.23,62.4
"2020-09-18 12:35:00",84974,13.7,22.82,754.8,14.89,61.68
"2020-09-18 12:40:00",84975,13.69,22.77,754.6,15.01,58.57
"2020-09-18 12:45:00",84976,13.7,22.69,754.5,14.86,59.32
"2020-09-18 12:50:00",84977,13.7,22.58,754.4,14.54,60.08
"2020-09-18 12:55:00",84978,13.69,22.46,754.3,14.98,60.66
"2020-09-18 13:00:00",84979,13.7,22.34,754.2,14.56,61.63
"2020-09-18 13:05:00",84980,13.7,22.26,754.1,14.98,59.55
"2020-09-18 13:10:00",84981,13.7,22.18,754,15.04,58.21
"2020-09-18 13:15:00",84982,13.7,22.18,753.9,15.16,59.28
"2020-09-18 13:20:00",84983,13.7,22.19,753.8,15.31,58.67
"2020-09-18 13:25:00",84984,13.7,22.21,753.7,15.14,57.99
"2020-09-18 13:30:00",84985,13.7,22.22,753.5,15.09,57.26
"2020-09-18 13:35:00",84986,13.7,22.23,753.4,15.11,59.84
"2020-09-18 13:40:00",84987,13.7,22.25,753.4,15.92,55.63
"2020-09-18 13:45:00",84988,13.7,22.31,753.4,15.56,55.15
"2020-09-18 13:50:00",84989,13.7,22.33,753.3,15.34,55.72
"2020-09-18 13:55:00",84990,13.7,22.33,753.2,15.08,58.37
"2020-09-18 14:00:00",84991,13.7,22.3,753,14.89,57.59
"2020-09-18 14:05:00",84992,13.7,22.21,752.7,15.24,57.88
"2020-09-18 14:10:00",84993,13.7,22.13,752.5,15.05,57.25
"2020-09-18 14:15:00",84994,13.7,22.12,752.9,15.64,55.61
"2020-09-18 14:20:00",84995,13.7,22.23,752.8,16.47,56.77
"2020-09-18 14:25:00",84996,13.7,22.41,752.7,15.44,59.83
"2020-09-18 14:30:00",84997,13.7,22.49,752.7,15.92,58.26
"2020-09-18 14:35:00",84998,13.7,22.59,752.5,16.25,55.07
"2020-09-18 14:40:00",84999,13.68,22.75,752.4,16.77,55.45
"2020-09-18 14:45:00",85000,13.68,22.99,752.3,16.75,51.97
"2020-09-18 14:50:00",85001,13.68,23.24,752.3,16.88,48.51
"2020-09-18 14:55:00",85002,13.68,23.48,752.4,17.43,50.68
"2020-09-18 15:00:00",85003,13.68,23.66,752.2,17.05,49.25
"2020-09-18 15:05:00",85004,13.68,23.71,752,16.73,50.83
"2020-09-18 15:10:00",85005,13.68,23.66,751.8,16.21,50.23
"2020-09-18 15:15:00",85006,13.68,23.65,751.7,16.63,47.73
"2020-09-18 15:20:00",85007,13.65,23.77,751.6,17.64,45.24
"2020-09-18 15:25:00",85008,13.65,23.96,751.4,17.47,47.56
"2020-09-18 15:30:00",85009,13.65,24.16,751.4,17.87,45.9
"2020-09-18 15:35:00",85010,13.65,24.45,751.5,18.41,43.21
"2020-09-18 15:40:00",85011,13.65,24.72,751.5,17.39,47.86
"2020-09-18 15:45:00",85012,13.65,24.79,751.3,17.25,47.69
"2020-09-18 15:50:00",85013,13.65,24.7,751.1,16.95,47.02
"2020-09-18 15:55:00",85014,13.65,24.55,751.1,17.56,47.25
"2020-09-18 16:00:00",85015,13.65,24.6,751.2,17.92,44.17
"2020-09-18 16:05:00",85016,13.65,24.81,751.3,17.62,45.37
"2020-09-18 16:10:00",85017,13.65,24.99,751.3,17.38,46.07
"2020-09-18 16:15:00",85018,13.65,25.12,751.2,17.59,43.65
"2020-09-18 16:20:00",85019,13.63,25.36,751.1,17.79,44.88
"2020-09-18 16:25:00",85020,13.63,25.56,751.1,17.43,45.95
"2020-09-18 16:30:00",85021,13.63,25.63,750.9,17.33,45.71
"2020-09-18 16:35:00",85022,13.63,25.69,750.8,17.51,43.87
"2020-09-18 16:40:00",85023,13.63,25.79,750.8,17.45,43.98
"2020-09-18 16:45:00",85024,13.63,25.86,750.8,17.49,44.4
"2020-09-18 16:50:00",85025,13.63,25.94,750.8,17.6,44.67
"2020-09-18 16:55:00",85026,13.63,26.03,750.8,18.43,42.09
"2020-09-18 17:00:00",85027,13.63,26.08,750.7,18.09,42.75
"2020-09-18 17:05:00",85028,13.62,25.86,750.7,17.41,43.88
"2020-09-18 17:10:00",85029,13.39,24.86,750.7,17.28,45.58
"2020-09-18 17:15:00",85030,13.42,24.2,750.7,16.85,47.35
"2020-09-18 17:20:00",85031,13.68,23.63,750.7,16.57,47.41
"2020-09-18 17:25:00",85032,13.68,23.58,750.7,16.74,47.78
"2020-09-18 17:30:00",85033,13.68,23.32,750.6,16.61,47.41
"2020-09-18 17:35:00",85034,13.68,22.68,750.6,16.47,47.49
"2020-09-18 17:40:00",85035,13.41,21.84,750.6,16.53,48.25
"2020-09-18 17:45:00",85036,13.24,21.27,750.6,16.42,48.02
"2020-09-18 17:50:00",85037,13.16,20.8,750.6,16.17,47.45
"2020-09-18 17:55:00",85038,13.1,20.39,750.7,16,46.9
"2020-09-18 18:00:00",85039,13.05,20.05,750.8,16.04,47.9
"2020-09-18 18:05:00",85040,13.03,19.77,750.9,16.28,48.31
"2020-09-18 18:10:00",85041,13.02,19.53,750.9,16.13,49.51
"2020-09-18 18:15:00",85042,13.01,19.33,751,16.12,50
"2020-09-18 18:20:00",85043,13,19.13,751.1,16.06,50.55
"2020-09-18 18:25:00",85044,13,18.98,751.3,16.04,52.68
"2020-09-18 18:30:00",85045,12.99,18.86,751.5,15.9,52.69
"2020-09-18 18:35:00",85046,12.99,18.76,751.6,15.84,53.81
"2020-09-18 18:40:00",85047,12.99,18.66,751.7,15.87,53.14
"2020-09-18 18:45:00",85048,12.98,18.57,751.8,15.84,51.82
"2020-09-18 18:50:00",85049,12.98,18.51,751.9,15.82,52.25
"2020-09-18 18:55:00",85050,12.98,18.4,752.1,15.88,51.33
"2020-09-18 19:00:00",85051,12.98,18.42,752.3,15.9,53.95
"2020-09-18 19:05:00",85052,12.97,18.37,752.5,15.51,56.87
"2020-09-18 19:10:00",85053,12.97,18.14,752.8,14.29,65.44
"2020-09-18 19:15:00",85054,12.97,17.63,752.9,13.69,71.1
"2020-09-18 19:20:00",85055,12.96,16.94,753.4,11.21,80.6
"2020-09-18 19:25:00",85056,12.96,16.14,753.2,10.57,88
"2020-09-18 19:30:00",85057,12.96,15.46,753.3,10.69,88.9
"2020-09-18 19:35:00",85058,12.95,14.96,753.4,10.48,90.3
"2020-09-18 19:40:00",85059,12.95,14.56,753.4,10.48,91.8
"2020-09-18 19:45:00",85060,12.94,14.24,753.4,10.41,91.4
"2020-09-18 19:50:00",85061,12.94,14.01,753.4,10.51,91.1
"2020-09-18 19:55:00",85062,12.93,13.8,752.8,10.51,92.8
"2020-09-18 20:00:00",85063,12.93,13.65,752.2,10.55,92.6
"2020-09-18 20:05:00",85064,12.93,13.5,751.6,10.67,89.7
"2020-09-18 20:10:00",85065,12.92,13.35,752.2,10.75,89.1
"2020-09-18 20:15:00",85066,12.92,13.23,752.7,11,87.7
"2020-09-18 20:20:00",85067,12.92,13.13,752.8,11.17,83.9
"2020-09-18 20:25:00",85068,12.91,13.09,752.6,11.46,82.2
"2020-09-18 20:30:00",85069,12.91,13.06,752.9,11.24,85.2
"2020-09-18 20:35:00",85070,12.91,13.06,752.9,11.15,86.4
"2020-09-18 20:40:00",85071,12.91,13.08,752.9,10.94,88.4
"2020-09-18 20:45:00",85072,12.9,13.08,753.1,10.88,89.4
"2020-09-18 20:50:00",85073,12.9,13.1,753.2,10.87,89.5
"2020-09-18 20:55:00",85074,12.9,13.09,753.2,10.86,89.1
"2020-09-18 21:00:00",85075,12.89,13.08,753.5,10.91,88
"2020-09-18 21:05:00",85076,12.89,13.08,753.8,11.05,88.5
"2020-09-18 21:10:00",85077,12.89,13.08,753.9,11.11,88.3
"2020-09-18 21:15:00",85078,12.89,13.08,754,11.1,87.8
"2020-09-18 21:20:00",85079,12.89,13.08,754.1,11.19,84.6
"2020-09-18 21:25:00",85080,12.89,13.09,754,11.15,85.2
"2020-09-18 21:30:00",85081,12.88,13.08,754.1,11.15,86.1
"2020-09-18 21:35:00",85082,12.88,13.07,754,11.24,85.4
"2020-09-18 21:40:00",85083,12.88,13.06,754.1,11.13,85.4
"2020-09-18 21:45:00",85084,12.88,13.04,754.2,11.11,86.6
"2020-09-18 21:50:00",85085,12.88,13.03,754.2,11.43,85.6
"2020-09-18 21:55:00",85086,12.88,13.02,754.1,11.34,85.1
"2020-09-18 22:00:00",85087,12.87,13,754.2,11.48,84.9
"2020-09-18 22:05:00",85088,12.87,13,754.3,11.49,85.6
"2020-09-18 22:10:00",85089,12.87,12.98,754.3,11.24,87.4
"2020-09-18 22:15:00",85090,12.87,12.97,754.3,11.26,86.3
"2020-09-18 22:20:00",85091,12.87,12.93,754.4,11.2,86.7
"2020-09-18 22:25:00",85092,12.86,12.89,754.5,10.96,89.3
"2020-09-18 22:30:00",85093,12.86,12.83,754.4,10.85,87.3
"2020-09-18 22:35:00",85094,12.86,12.76,754.3,10.91,87
"2020-09-18 22:40:00",85095,12.86,12.67,754.3,10.81,88.6
"2020-09-18 22:45:00",85096,12.86,12.58,754.4,10.76,89
"2020-09-18 22:50:00",85097,12.86,12.5,754.4,10.96,87.7
"2020-09-18 22:55:00",85098,12.85,12.44,754.3,11.13,87.3
"2020-09-18 23:00:00",85099,12.85,12.41,754.3,11.14,88.7
"2020-09-18 23:05:00",85100,12.85,12.4,754.4,11.14,88.6
"2020-09-18 23:10:00",85101,12.85,12.37,754.4,10.93,90.6
"2020-09-18 23:15:00",85102,12.85,12.35,754.4,10.83,89.1
"2020-09-18 23:20:00",85103,12.85,12.31,754.3,10.83,87.7
"2020-09-18 23:25:00",85104,12.84,12.29,754.2,10.75,89.2
"2020-09-18 23:30:00",85105,12.84,12.25,754.3,10.57,90.2
"2020-09-18 23:35:00",85106,12.84,12.19,754.3,10.52,91.4
"2020-09-18 23:40:00",85107,12.84,12.11,754.3,10.41,91.8
"2020-09-18 23:45:00",85108,12.83,12.06,754.2,10.41,92
"2020-09-18 23:50:00",85109,12.83,12.02,754.2,10.43,91.6
"2020-09-18 23:55:00",85110,12.83,11.96,754.2,10.41,91.6
"2020-09-19 00:00:00",85111,12.83,11.91,754,10.31,92.6
"2020-09-19 00:05:00",85112,12.83,11.85,753.9,10.32,92.3
"2020-09-19 00:10:00",85113,12.83,11.83,753.8,10.36,91.7
"2020-09-19 00:15:00",85114,12.83,11.81,753.8,10.36,91.2
"2020-09-19 00:20:00",85115,12.82,11.77,753.7,10.2,91.7
"2020-09-19 00:25:00",85116,12.82,11.71,753.5,10.06,92.8
"2020-09-19 00:30:00",85117,12.82,11.65,753.4,9.98,94.3
"2020-09-19 00:35:00",85118,12.82,11.58,753.3,10.04,94.3
"2020-09-19 00:40:00",85119,12.82,11.52,753.3,10,93.8
"2020-09-19 00:45:00",85120,12.81,11.48,753.2,9.9,94.6
"2020-09-19 00:50:00",85121,12.81,11.45,753.1,9.71,95.1
"2020-09-19 00:55:00",85122,12.81,11.41,753.1,9.54,94.4
"2020-09-19 01:00:00",85123,12.81,11.36,753,9.56,94.1
"2020-09-19 01:05:00",85124,12.81,11.3,753,9.54,93
"2020-09-19 01:10:00",85125,12.8,11.24,752.9,9.5,93.3
"2020-09-19 01:15:00",85126,12.8,11.17,752.8,9.4,94.7
"2020-09-19 01:20:00",85127,12.8,11.14,752.8,9.52,95.5
"2020-09-19 01:25:00",85128,12.8,11.1,752.6,9.7,95.3
"2020-09-19 01:30:00",85129,12.8,11.1,752.5,9.86,94.6
"2020-09-19 01:35:00",85130,12.79,11.13,752.5,9.98,93.9
"2020-09-19 01:40:00",85131,12.79,11.14,752.4,10.02,93.7
"2020-09-19 01:45:00",85132,12.79,11.15,752.4,10.05,93.4
"2020-09-19 01:50:00",85133,12.79,11.14,752.4,9.96,93.9
"2020-09-19 01:55:00",85134,12.79,11.11,752.3,9.86,94.4
"2020-09-19 02:00:00",85135,12.79,11.06,752.4,9.66,94.4
"2020-09-19 02:05:00",85136,12.78,11,752.4,9.44,95.7
"2020-09-19 02:10:00",85137,12.78,10.95,752.4,9.31,96
"2020-09-19 02:15:00",85138,12.78,10.88,752.3,9.21,96.1
"2020-09-19 02:20:00",85139,12.77,10.79,752.2,9.25,96.6
"2020-09-19 02:25:00",85140,12.77,10.73,752.2,9.2,97
"2020-09-19 02:30:00",85141,12.77,10.66,752.1,9.17,97.4
"2020-09-19 02:35:00",85142,12.77,10.62,752.1,9.03,97.4
"2020-09-19 02:40:00",85143,12.76,10.57,752.1,9.22,97.4
"2020-09-19 02:45:00",85144,12.76,10.54,752.1,9.15,96.3
"2020-09-19 02:50:00",85145,12.76,10.55,752,9.2,96.2
"2020-09-19 02:55:00",85146,12.75,10.55,751.9,9.03,96.2
"2020-09-19 03:00:00",85147,12.75,10.56,752,8.79,97.1
"2020-09-19 03:05:00",85148,12.75,10.55,752,8.78,97.5
"2020-09-19 03:10:00",85149,12.75,10.53,752,8.8,97.4
"2020-09-19 03:15:00",85150,12.74,10.51,752,8.73,97.1
"2020-09-19 03:20:00",85151,12.74,10.47,752,8.71,97.6
"2020-09-19 03:25:00",85152,12.74,10.44,752,8.63,97.8
"2020-09-19 03:30:00",85153,12.73,10.4,751.9,8.78,97.5
"2020-09-19 03:35:00",85154,12.73,10.38,751.8,8.7,97.4
"2020-09-19 03:40:00",85155,12.73,10.36,751.8,8.61,97.6
"2020-09-19 03:45:00",85156,12.72,10.33,751.7,8.53,97.9
"2020-09-19 03:50:00",85157,12.72,10.25,751.8,8.54,98.2
"2020-09-19 03:55:00",85158,12.71,10.2,751.7,8.51,98.4
"2020-09-19 04:00:00",85159,12.71,10.13,751.6,8.52,98.5
"2020-09-19 04:05:00",85160,12.71,10.09,751.6,8.57,98.4
"2020-09-19 04:10:00",85161,12.7,10.06,751.7,8.49,98.3
"2020-09-19 04:15:00",85162,12.7,10.03,751.7,8.79,98.1
"2020-09-19 04:20:00",85163,12.69,10.05,751.7,8.84,97.2
"2020-09-19 04:25:00",85164,12.69,10.08,751.8,8.85,97
"2020-09-19 04:30:00",85165,12.69,10.09,751.8,8.77,96.8
"2020-09-19 04:35:00",85166,12.68,10.12,751.7,8.71,96.8
"2020-09-19 04:40:00",85167,12.68,10.12,751.8,8.59,97
"2020-09-19 04:45:00",85168,12.67,10.07,751.8,8.31,97.4
"2020-09-19 04:50:00",85169,12.66,9.99,751.8,8.17,98
"2020-09-19 04:55:00",85170,12.66,9.88,751.9,8.33,98.7
"2020-09-19 05:00:00",85171,12.65,9.79,751.9,8.25,98.6
"2020-09-19 05:05:00",85172,12.65,9.7,751.9,8.21,98.8
"2020-09-19 05:10:00",85173,12.64,9.63,751.9,8.27,99
"2020-09-19 05:15:00",85174,12.63,9.56,752,8.21,98.8
"2020-09-19 05:20:00",85175,12.63,9.52,752,8.13,98.6
"2020-09-19 05:25:00",85176,12.62,9.49,752,8.16,98.6
"2020-09-19 05:30:00",85177,12.62,9.46,752.2,8.14,97.9
"2020-09-19 05:35:00",85178,12.61,9.45,752.2,8.11,97.8
"2020-09-19 05:40:00",85179,12.61,9.43,752.3,7.984,97.7
"2020-09-19 05:45:00",85180,12.6,9.4,752.4,7.965,98.1
"2020-09-19 05:50:00",85181,12.59,9.36,752.4,7.823,98.1
"2020-09-19 05:55:00",85182,12.59,9.31,752.5,7.712,98.5
"2020-09-19 06:00:00",85183,12.58,9.25,752.5,7.752,98.9
"2020-09-19 06:05:00",85184,12.58,9.18,752.6,7.752,99
"2020-09-19 06:10:00",85185,12.58,9.16,752.6,7.843,99
"2020-09-19 06:15:00",85186,12.57,9.22,752.6,7.843,99
"2020-09-19 06:20:00",85187,12.58,9.24,752.6,7.823,99
"2020-09-19 06:25:00",85188,12.59,9.27,752.7,7.742,98.6
"2020-09-19 06:30:00",85189,12.63,9.31,752.8,7.782,98.6
"2020-09-19 06:35:00",85190,12.7,9.38,752.8,8.04,98.1
"2020-09-19 06:40:00",85191,12.81,9.5,752.9,8.27,97.2
"2020-09-19 06:45:00",85192,12.95,9.68,752.9,8.67,95.8
"2020-09-19 06:50:00",85193,13.18,9.93,753,9.05,93.5
"2020-09-19 06:55:00",85194,13.44,10.24,753,9.53,92.8
"2020-09-19 07:00:00",85195,13.64,10.65,753.1,10.02,89.1
"2020-09-19 07:05:00",85196,13.74,11.1,753.1,10.19,87.7
"2020-09-19 07:10:00",85197,13.81,11.57,753.2,10.36,85.3
"2020-09-19 07:15:00",85198,13.87,12.04,753.3,10.86,85
"2020-09-19 07:20:00",85199,13.94,12.59,753.4,11.01,83.6
"2020-09-19 07:25:00",85200,14.05,13.18,753.5,11.09,84.9
"2020-09-19 07:30:00",85201,13.87,14.52,753.6,11.01,84.3
"2020-09-19 07:35:00",85202,13.84,15.53,753.7,11.13,85.3
"2020-09-19 07:40:00",85203,13.84,16.27,753.8,11.42,82.9
"2020-09-19 07:45:00",85204,13.81,16.9,753.7,11.49,83.6
"2020-09-19 07:50:00",85205,13.81,17.48,753.8,11.88,81.1
"2020-09-19 07:55:00",85206,13.78,18.01,753.9,12.81,78.2
"2020-09-19 08:00:00",85207,13.78,18.51,753.9,13.39,76.6
"2020-09-19 08:05:00",85208,13.78,19,753.9,13.83,73.66
"2020-09-19 08:10:00",85209,13.75,19.45,754,13.86,74.03
"2020-09-19 08:15:00",85210,13.76,19.94,754,14.09,73.14
"2020-09-19 08:20:00",85211,13.73,20.52,754,14.91,68.72
"2020-09-19 08:25:00",85212,13.73,21.07,754.1,14.35,71.23
"2020-09-19 08:30:00",85213,13.73,21.61,754.1,14.95,69.45
"2020-09-19 08:35:00",85214,13.7,22.08,754.2,14.66,70.34
"2020-09-19 08:40:00",85215,13.7,22.58,754.2,14.63,72.54
"2020-09-19 08:45:00",85216,13.67,23.02,754.2,14.33,71.91
"2020-09-19 08:50:00",85217,13.68,23.41,754.2,13.91,73.61
"2020-09-19 08:55:00",85218,13.68,23.74,754.3,14.57,71.13
"2020-09-19 09:00:00",85219,13.65,24.05,754.3,14.63,71.2
"2020-09-19 09:05:00",85220,13.65,24.39,754.2,16.59,64.96
"2020-09-19 09:10:00",85221,13.65,24.81,754.2,16.37,64.42
"2020-09-19 09:15:00",85222,13.65,25.21,754.2,16.17,63.88
"2020-09-19 09:20:00",85223,13.62,25.54,754.2,16.22,63.06
"2020-09-19 09:25:00",85224,13.63,25.86,754.2,16.32,64.03
"2020-09-19 09:30:00",85225,13.62,26.22,754.1,16.83,61.74
"2020-09-19 09:35:00",85226,13.6,26.56,754.1,17.34,59.54
"2020-09-19 09:40:00",85227,13.6,26.89,754.1,17.06,60.22
"2020-09-19 09:45:00",85228,13.6,27.17,754.1,16.95,57.42
"2020-09-19 09:50:00",85229,13.6,27.38,754.1,17.13,55.93
"2020-09-19 09:55:00",85230,13.6,27.63,754.1,17.7,53.87
"2020-09-19 10:00:00",85231,13.58,27.86,754,17.31,54.85
"2020-09-19 10:05:00",85232,13.58,28.02,754,17.45,56.16
"2020-09-19 10:10:00",85233,13.58,28.11,754,17.93,54.33
"2020-09-19 10:15:00",85234,13.58,28.24,753.9,17.53,53.66
"2020-09-19 10:20:00",85235,13.58,28.34,753.9,18.3,52.29
"2020-09-19 10:25:00",85236,13.58,28.49,753.8,19.02,48.04
"2020-09-19 10:30:00",85237,13.55,28.71,753.8,19.32,46.27
"2020-09-19 10:35:00",85238,13.55,28.94,753.7,19.88,45.17
"2020-09-19 10:40:00",85239,13.55,29.21,753.6,19.89,44.75
"2020-09-19 10:45:00",85240,13.55,29.41,753.5,19.52,45.09
"2020-09-19 10:50:00",85241,13.56,29.58,753.4,19.29,45.13
"2020-09-19 10:55:00",85242,13.56,29.65,753.4,18.91,45.91
"2020-09-19 11:00:00",85243,13.56,29.66,753.3,20.05,43.11
"2020-09-19 11:05:00",85244,13.53,29.78,753.1,20.63,39.91
"2020-09-19 11:10:00",85245,13.53,29.96,753.1,21.16,37.92
"2020-09-19 11:15:00",85246,13.53,30.17,753,21.14,33.8
"2020-09-19 11:20:00",85247,13.54,30.31,752.9,20.72,33.6
"2020-09-19 11:25:00",85248,13.54,30.36,752.8,20.92,32.86
"2020-09-19 11:30:00",85249,13.54,30.4,752.6,20.72,33.4
"2020-09-19 11:35:00",85250,13.54,30.43,752.6,20.96,31.96
"2020-09-19 11:40:00",85251,13.54,30.45,752.5,22.07,33.52
"2020-09-19 11:45:00",85252,13.54,30.51,752.4,21.24,32.45
"2020-09-19 11:50:00",85253,13.54,30.48,752.3,21.85,34.07
"2020-09-19 11:55:00",85254,13.54,30.5,752.2,22.24,32.47
"2020-09-19 12:00:00",85255,13.54,30.55,752.1,23.04,33.08
"2020-09-19 12:05:00",85256,13.52,30.65,752,22.07,29.25
"2020-09-19 12:10:00",85257,13.52,30.68,751.9,22.54,29.83
"2020-09-19 12:15:00",85258,13.52,30.7,751.9,22.03,31.26
"2020-09-19 12:20:00",85259,13.52,30.66,751.8,22.11,28.71
"2020-09-19 12:25:00",85260,13.52,30.58,751.6,22.55,31.84
"2020-09-19 12:30:00",85261,13.52,30.61,751.6,22.12,33.4
"2020-09-19 12:35:00",85262,13.52,30.63,751.5,22.95,33.94
"2020-09-19 12:40:00",85263,13.52,30.61,751.4,22.23,35.33
"2020-09-19 12:45:00",85264,13.52,30.58,751.2,22.61,33.91
"2020-09-19 12:50:00",85265,13.52,30.54,751.1,22.9,31.73
"2020-09-19 12:55:00",85266,13.52,30.54,751,23.25,33.3
"2020-09-19 13:00:00",85267,13.52,30.61,750.8,24.02,26.9
"2020-09-19 13:05:00",85268,13.52,30.73,750.7,24.09,26.84
"2020-09-19 13:10:00",85269,13.52,30.89,750.6,24.85,25.39
"2020-09-19 13:15:00",85270,13.53,31.08,750.5,24.7,23.25
"2020-09-19 13:20:00",85271,13.52,31.18,750.4,23.99,23.62
"2020-09-19 13:25:00",85272,13.53,31.22,750.3,24.59,25.37
"2020-09-19 13:30:00",85273,13.52,31.29,750.3,24.59,22.04
"2020-09-19 13:35:00",85274,13.52,31.36,750.1,25.37,23.02
"2020-09-19 13:40:00",85275,13.5,31.44,750,25.13,22.87
"2020-09-19 13:45:00",85276,13.5,31.49,749.9,24.52,22.62
"2020-09-19 13:50:00",85277,13.5,31.53,749.8,25.44,22.61
"2020-09-19 13:55:00",85278,13.5,31.65,749.7,25.72,20.83
"2020-09-19 14:00:00",85279,13.5,31.79,749.6,25.15,19.48
"2020-09-19 14:05:00",85280,13.5,31.88,749.6,25.41,18.52
"2020-09-19 14:10:00",85281,13.5,31.97,749.5,26.13,18.63
"2020-09-19 14:15:00",85282,13.5,32.12,749.4,25.93,20.6
"2020-09-19 14:20:00",85283,13.5,32.33,749.3,26.09,20.71
"2020-09-19 14:25:00",85284,13.5,32.5,749.2,25.61,19.75
"2020-09-19 14:30:00",85285,13.5,32.6,749.2,25.72,18.74
"2020-09-19 14:35:00",85286,13.5,32.65,749.1,25.29,19.62
"2020-09-19 14:40:00",85287,13.5,32.62,749,25.61,19.22
"2020-09-19 14:45:00",85288,13.5,32.64,749,26.45,21.01
"2020-09-19 14:50:00",85289,13.47,32.79,748.9,26.66,15.67
"2020-09-19 14:55:00",85290,13.48,33.02,748.7,27.06,16.01
"2020-09-19 15:00:00",85291,13.48,33.24,748.6,26.89,17.9
"2020-09-19 15:05:00",85292,13.48,33.35,748.6,25.89,17.98
"2020-09-19 15:10:00",85293,13.48,33.29,748.6,25.01,18.91
"2020-09-19 15:15:00",85294,13.48,33.05,748.6,25.09,18.85
"2020-09-19 15:20:00",85295,13.48,32.72,748.6,24.55,19.23
"2020-09-19 15:25:00",85296,13.48,32.37,748.5,25.2,18.78
"2020-09-19 15:30:00",85297,13.47,32.17,748.5,25.47,19.5
"2020-09-19 15:35:00",85298,13.48,32.06,748.4,24.97,20.23
"2020-09-19 15:40:00",85299,13.48,31.89,748.4,24.66,20.77
"2020-09-19 15:45:00",85300,13.47,31.66,748.4,24.83,20.85
"2020-09-19 15:50:00",85301,13.47,31.5,748.3,24.93,19.81
"2020-09-19 15:55:00",85302,13.47,31.37,748.3,25.08,22.31
"2020-09-19 16:00:00",85303,13.47,31.34,748.3,24.88,20.02
"2020-09-19 16:05:00",85304,13.48,31.34,748.3,25.47,19.98
"2020-09-19 16:10:00",85305,13.48,31.5,748.3,26.05,22.17
"2020-09-19 16:15:00",85306,13.48,31.82,748.2,26.18,20.16
"2020-09-19 16:20:00",85307,13.48,32.27,748.2,26.54,19.35
"2020-09-19 16:25:00",85308,13.48,32.73,748.2,26.22,19.57
"2020-09-19 16:30:00",85309,13.48,33.13,748.3,26.33,19.61
"2020-09-19 16:35:00",85310,13.48,33.5,748.3,25.89,22.37
"2020-09-19 16:40:00",85311,13.48,33.77,748.3,25.66,23.94
"2020-09-19 16:45:00",85312,13.45,33.86,748.3,25.5,26.53
"2020-09-19 16:50:00",85313,13.45,33.77,748.2,24.7,28.72
"2020-09-19 16:55:00",85314,13.45,33.41,748.3,24.13,29.48
"2020-09-19 17:00:00",85315,13.45,32.87,748.3,23.85,30.74
"2020-09-19 17:05:00",85316,13.45,32.28,748.2,23.79,30.8
"2020-09-19 17:10:00",85317,13.45,31.68,748.3,23.46,32.05
"2020-09-19 17:15:00",85318,13.45,31.12,748.3,23.09,32.75
"2020-09-19 17:20:00",85319,13.45,30.63,748.2,23.06,32.95
"2020-09-19 17:25:00",85320,13.47,30.19,748.4,22.99,32.04
"2020-09-19 17:30:00",85321,13.47,29.58,748.4,22.52,33.33
"2020-09-19 17:35:00",85322,13.47,29.25,748.5,22.81,32.99
"2020-09-19 17:40:00",85323,13.46,28.58,748.5,22.74,32.25
"2020-09-19 17:45:00",85324,13.29,27.91,748.5,22.75,32.79
"2020-09-19 17:50:00",85325,13.18,27.52,748.5,22.71,32.12
"2020-09-19 17:55:00",85326,13.12,27.22,748.6,22.38,32.82
"2020-09-19 18:00:00",85327,13.09,26.88,748.7,22.23,33.47
"2020-09-19 18:05:00",85328,13.06,26.49,748.8,22.07,33.92
"2020-09-19 18:10:00",85329,13.04,26.08,748.9,21.79,33.96
"2020-09-19 18:15:00",85330,13.02,25.71,748.9,21.52,34.93
"2020-09-19 18:20:00",85331,13,25.32,749,21.39,35.18
"2020-09-19 18:25:00",85332,13,24.96,749.1,21.19,36.08
"2020-09-19 18:30:00",85333,12.99,24.58,749.2,21.04,36.79
"2020-09-19 18:35:00",85334,12.99,24.22,749.3,20.62,38.06
"2020-09-19 18:40:00",85335,12.98,23.89,749.4,20.52,38.31
"2020-09-19 18:45:00",85336,12.98,23.61,749.4,20.44,38.23
"2020-09-19 18:50:00",85337,12.98,23.36,749.5,20.3,38.68
"2020-09-19 18:55:00",85338,12.97,23.15,749.5,20.46,38.47
"2020-09-19 19:00:00",85339,12.97,22.97,749.6,20.23,38.73
"2020-09-19 19:05:00",85340,12.97,22.8,749.7,20.24,38.61
"2020-09-19 19:10:00",85341,12.96,22.64,749.8,20.12,39.63
"2020-09-19 19:15:00",85342,12.96,22.46,749.9,20.1,38.46
"2020-09-19 19:20:00",85343,12.96,22.31,750,19.76,39.53
"2020-09-19 19:25:00",85344,12.95,22.14,750.1,19.76,40.01
"2020-09-19 19:30:00",85345,12.95,22.01,750.1,19.27,42.44
"2020-09-19 19:35:00",85346,12.95,21.86,750.2,19.05,42.22
"2020-09-19 19:40:00",85347,12.95,21.69,750.3,18.9,42.66
"2020-09-19 19:45:00",85348,12.94,21.51,750.4,18.63,44.6
"2020-09-19 19:50:00",85349,12.94,21.33,750.6,18.65,43.33
"2020-09-19 19:55:00",85350,12.93,21.16,750.6,19.12,41.01
"2020-09-19 20:00:00",85351,12.93,21.04,750.7,19.27,39.22
"2020-09-19 20:05:00",85352,12.93,20.93,750.7,19.31,39.16
"2020-09-19 20:10:00",85353,12.93,20.87,750.8,19.06,40.75
"2020-09-19 20:15:00",85354,12.92,20.77,750.9,18.82,41.49
"2020-09-19 20:20:00",85355,12.92,20.66,750.9,18.53,42.55
"2020-09-19 20:25:00",85356,12.92,20.56,751,18.08,43.96
"2020-09-19 20:30:00",85357,12.92,20.41,751,17.71,45.32
"2020-09-19 20:35:00",85358,12.91,20.27,751.1,17.59,45.55
"2020-09-19 20:40:00",85359,12.91,20.08,751.2,17.28,46.84
"2020-09-19 20:45:00",85360,12.91,19.89,751.1,17.15,47.86
"2020-09-19 20:50:00",85361,12.91,19.72,751.2,17.15,46.04
"2020-09-19 20:55:00",85362,12.91,19.55,751.3,17.15,46.85
"2020-09-19 21:00:00",85363,12.9,19.42,751.4,16.83,48.82
"2020-09-19 21:05:00",85364,12.9,19.26,751.5,16.79,48
"2020-09-19 21:10:00",85365,12.9,19.11,751.6,16.78,48.03
"2020-09-19 21:15:00",85366,12.89,18.96,751.7,16.72,48.37
"2020-09-19 21:20:00",85367,12.89,18.82,751.7,16.64,46.38
"2020-09-19 21:25:00",85368,12.89,18.68,751.8,17.06,46.12
"2020-09-19 21:30:00",85369,12.89,18.59,751.9,17.36,42.1
"2020-09-19 21:35:00",85370,12.89,18.55,751.9,17.7,43.25
"2020-09-19 21:40:00",85371,12.88,18.53,752,17.72,42.65
"2020-09-19 21:45:00",85372,12.88,18.57,752.1,17.92,41.52
"2020-09-19 21:50:00",85373,12.88,18.64,752.1,18.1,41.6
"2020-09-19 21:55:00",85374,12.88,18.74,752.1,17.98,41.91
"2020-09-19 22:00:00",85375,12.88,18.83,752.1,17.89,42.54
"2020-09-19 22:05:00",85376,12.88,18.9,752.2,17.79,43.83
"2020-09-19 22:10:00",85377,12.87,18.96,752.2,17.73,44.11
"2020-09-19 22:15:00",85378,12.87,19,752.2,17.61,44.61
"2020-09-19 22:20:00",85379,12.87,19.02,752.2,17.49,46.14
"2020-09-19 22:25:00",85380,12.87,19.06,752.3,17.63,45.12
"2020-09-19 22:30:00",85381,12.87,19.07,752.2,17.46,45.7
"2020-09-19 22:35:00",85382,12.87,19.06,752.2,17.15,47.08
"2020-09-19 22:40:00",85383,12.87,19.03,752.3,16.86,47.98
"2020-09-19 22:45:00",85384,12.86,18.97,752.4,16.91,47.42
"2020-09-19 22:50:00",85385,12.86,18.88,752.4,16.91,47.86
"2020-09-19 22:55:00",85386,12.86,18.8,752.4,16.79,47.78
"2020-09-19 23:00:00",85387,12.86,18.73,752.4,16.71,47.83
"2020-09-19 23:05:00",85388,12.86,18.69,752.5,16.61,48.32
"2020-09-19 23:10:00",85389,12.86,18.63,752.5,16.67,48.02
"2020-09-19 23:15:00",85390,12.86,18.6,752.6,16.76,49.03
"2020-09-19 23:20:00",85391,12.85,18.59,752.6,16.76,49.34
"2020-09-19 23:25:00",85392,12.85,18.58,752.7,16.72,49.96
"2020-09-19 23:30:00",85393,12.85,18.58,752.7,16.63,50.66
"2020-09-19 23:35:00",85394,12.85,18.55,752.7,16.73,52.22
"2020-09-19 23:40:00",85395,12.85,18.53,752.8,16.37,52.97
"2020-09-19 23:45:00",85396,12.85,18.49,752.8,16.06,53.57
"2020-09-19 23:50:00",85397,12.84,18.45,752.7,16,53.71
"2020-09-19 23:55:00",85398,12.84,18.38,752.7,16.18,53.47
"2020-09-20 00:00:00",85399,12.84,18.33,752.8,16.24,54.45
"2020-09-20 00:05:00",85400,12.84,18.3,752.7,16.3,54.95
"2020-09-20 00:10:00",85401,12.84,18.25,752.7,16.47,55.22
"2020-09-20 00:15:00",85402,12.84,18.24,752.7,16.48,55.28
"2020-09-20 00:20:00",85403,12.84,18.22,752.7,16.48,55.41
"2020-09-20 00:25:00",85404,12.84,18.21,752.7,16.41,55.94
"2020-09-20 00:30:00",85405,12.83,18.18,752.7,16.13,56.69
"2020-09-20 00:35:00",85406,12.84,18.14,752.7,15.79,58.63
"2020-09-20 00:40:00",85407,12.83,18.05,752.7,15.44,60.11
"2020-09-20 00:45:00",85408,12.83,17.94,752.6,15.4,59.74
"2020-09-20 00:50:00",85409,12.83,17.82,752.5,15.58,58.96
"2020-09-20 00:55:00",85410,12.83,17.71,752.4,15.38,59.56
"2020-09-20 01:00:00",85411,12.83,17.6,752.3,15.51,59.22
"2020-09-20 01:05:00",85412,12.83,17.5,752.2,15.37,59.82
"2020-09-20 01:10:00",85413,12.82,17.39,752.3,15.3,59.99
"2020-09-20 01:15:00",85414,12.82,17.31,752.3,15.24,60.61
"2020-09-20 01:20:00",85415,12.82,17.2,752.2,15.1,61.21
"2020-09-20 01:25:00",85416,12.82,17.11,752.1,15,61.43
"2020-09-20 01:30:00",85417,12.82,17.01,752,14.92,61.78
"2020-09-20 01:35:00",85418,12.81,16.91,752,14.65,62.38
"2020-09-20 01:40:00",85419,12.81,16.79,751.9,14.61,62.11
"2020-09-20 01:45:00",85420,12.81,16.69,751.9,14.43,63.38
"2020-09-20 01:50:00",85421,12.81,16.59,751.9,14.33,64.3
"2020-09-20 01:55:00",85422,12.81,16.47,751.9,14.01,64.83
"2020-09-20 02:00:00",85423,12.81,16.35,751.9,13.89,64.46
"2020-09-20 02:05:00",85424,12.8,16.23,751.9,13.76,64.99
"2020-09-20 02:10:00",85425,12.8,16.11,752,13.72,64.93
"2020-09-20 02:15:00",85426,12.8,16,751.9,13.67,66.58
"2020-09-20 02:20:00",85427,12.8,15.89,751.9,13.63,67.15
"2020-09-20 02:25:00",85428,12.79,15.78,751.8,13.6,68.07
"2020-09-20 02:30:00",85429,12.79,15.69,751.7,13.56,68.96
"2020-09-20 02:35:00",85430,12.79,15.6,751.6,13.66,68.57
"2020-09-20 02:40:00",85431,12.79,15.53,751.7,13.66,69.09
"2020-09-20 02:45:00",85432,12.78,15.48,751.7,13.67,69.69
"2020-09-20 02:50:00",85433,12.78,15.46,751.6,13.61,70.26
"2020-09-20 02:55:00",85434,12.78,15.43,751.6,13.49,70.98
"2020-09-20 03:00:00",85435,12.78,15.37,751.6,13.27,71.76
"2020-09-20 03:05:00",85436,12.78,15.28,751.6,13.1,72.89
"2020-09-20 03:10:00",85437,12.77,15.18,751.6,13.28,72.7
"2020-09-20 03:15:00",85438,12.77,15.1,751.7,13.17,72.73
"2020-09-20 03:20:00",85439,12.77,15.02,751.6,13.04,73.58
"2020-09-20 03:25:00",85440,12.77,14.93,751.6,12.88,74.06
"2020-09-20 03:30:00",85441,12.77,14.86,751.6,12.83,74.39
"2020-09-20 03:35:00",85442,12.76,14.78,751.6,12.78,74.57
"2020-09-20 03:40:00",85443,12.76,14.7,751.5,12.8,74.74
"2020-09-20 03:45:00",85444,12.76,14.63,751.5,12.7,75.23
"2020-09-20 03:50:00",85445,12.75,14.55,751.6,12.76,75.16
"2020-09-20 03:55:00",85446,12.75,14.52,751.6,12.9,74.65
"2020-09-20 04:00:00",85447,12.75,14.49,751.6,12.99,74.45
"2020-09-20 04:05:00",85448,12.75,14.52,751.7,13.03,74.26
"2020-09-20 04:10:00",85449,12.75,14.55,751.6,13.13,73.57
"2020-09-20 04:15:00",85450,12.74,14.59,751.6,13.27,72.95
"2020-09-20 04:20:00",85451,12.74,14.6,751.6,13.27,73.18
"2020-09-20 04:25:00",85452,12.74,14.56,751.6,13.23,73.59
"2020-09-20 04:30:00",85453,12.74,14.52,751.6,12.94,75.16
"2020-09-20 04:35:00",85454,12.73,14.45,751.7,12.34,77.99
"2020-09-20 04:40:00",85455,12.73,14.35,751.7,12.11,79.15
"2020-09-20 04:45:00",85456,12.72,14.22,751.7,11.79,80.1
"2020-09-20 04:50:00",85457,12.72,14.09,751.6,12.04,79
"2020-09-20 04:55:00",85458,12.72,14,751.6,12.52,76.8
"2020-09-20 05:00:00",85459,12.72,13.94,751.8,12.08,79.17
"2020-09-20 05:05:00",85460,12.71,13.83,751.7,11.55,81.6
"2020-09-20 05:10:00",85461,12.71,13.72,751.7,11.42,82
"2020-09-20 05:15:00",85462,12.71,13.6,751.8,11.65,81.5
"2020-09-20 05:20:00",85463,12.7,13.5,751.8,11.64,81.5
"2020-09-20 05:25:00",85464,12.7,13.41,751.8,11.92,80.6
"2020-09-20 05:30:00",85465,12.7,13.35,751.8,11.98,80.7
"2020-09-20 05:35:00",85466,12.69,13.3,751.8,12.11,79.2
"2020-09-20 05:40:00",85467,12.69,13.27,751.8,12.46,76.99
"2020-09-20 05:45:00",85468,12.69,13.27,751.9,12.32,77.32
"2020-09-20 05:50:00",85469,12.68,13.25,751.9,11.95,79
"2020-09-20 05:55:00",85470,12.68,13.25,751.9,11.94,79.38
"2020-09-20 06:00:00",85471,12.68,13.26,752,11.76,80.5
"2020-09-20 06:05:00",85472,12.67,13.25,752.1,11.6,81.5
"2020-09-20 06:10:00",85473,12.67,13.25,752.1,11.87,79.95
"2020-09-20 06:15:00",85474,12.67,13.27,752.1,11.5,82.3
"2020-09-20 06:20:00",85475,12.67,13.26,752.1,11.12,84.7
"2020-09-20 06:25:00",85476,12.68,13.24,752,11.13,84.2
"2020-09-20 06:30:00",85477,12.71,13.22,752.1,11.25,84.4
"2020-09-20 06:35:00",85478,12.74,13.2,752.2,11.31,83.8
"2020-09-20 06:40:00",85479,12.81,13.26,752.2,11.49,83.4
"2020-09-20 06:45:00",85480,12.9,13.36,752.2,11.72,82.5
"2020-09-20 06:50:00",85481,13.01,13.53,752.3,12.13,81.2
"2020-09-20 06:55:00",85482,13.18,13.75,752.3,12.43,80.5
"2020-09-20 07:00:00",85483,13.36,14.06,752.4,13.04,77.42
"2020-09-20 07:05:00",85484,13.49,14.46,752.5,13.28,76.13
"2020-09-20 07:10:00",85485,13.58,14.92,752.5,13.5,75.36
"2020-09-20 07:15:00",85486,13.62,15.41,752.6,14.15,72.87
"2020-09-20 07:20:00",85487,13.69,15.97,752.5,14.07,72.97
"2020-09-20 07:25:00",85488,13.77,16.57,752.6,14.18,71.74
"2020-09-20 07:30:00",85489,13.84,17.2,752.5,14.73,70.16
"2020-09-20 07:35:00",85490,13.9,18.02,752.5,15,68.39
"2020-09-20 07:40:00",85491,13.75,19.48,752.5,15.41,67.88
"2020-09-20 07:45:00",85492,13.75,20.3,752.6,16.18,64.86
"2020-09-20 07:50:00",85493,13.72,21.02,752.7,17.3,59.92
"2020-09-20 07:55:00",85494,13.72,21.71,752.9,16.44,62.51
"2020-09-20 08:00:00",85495,13.7,22.29,752.8,16.26,64.08
"2020-09-20 08:05:00",85496,13.7,22.84,752.9,16.24,63.13
"2020-09-20 08:10:00",85497,13.67,23.28,752.8,16.26,63.69
"2020-09-20 08:15:00",85498,13.67,23.64,752.8,16.63,62.18
"2020-09-20 08:20:00",85499,13.67,24.03,752.9,16.88,61.21
"2020-09-20 08:25:00",85500,13.64,24.39,752.9,17.87,58.14
"2020-09-20 08:30:00",85501,13.65,24.82,752.9,17.61,58.04
"2020-09-20 08:35:00",85502,13.64,25.24,752.9,18.07,56.34
"2020-09-20 08:40:00",85503,13.62,25.65,752.8,18.31,55.43
"2020-09-20 08:45:00",85504,13.62,26.06,752.8,18.18,56.91
"2020-09-20 08:50:00",85505,13.62,26.42,752.8,18.24,56.25
"2020-09-20 08:55:00",85506,13.6,26.75,752.8,17.8,56.73
"2020-09-20 09:00:00",85507,13.6,26.98,752.8,18.56,55.19
"2020-09-20 09:05:00",85508,13.6,27.3,752.8,18.42,55.82
"2020-09-20 09:10:00",85509,13.6,27.67,752.9,18.67,54.75
"2020-09-20 09:15:00",85510,13.57,28.09,752.9,20.2,50.05
"2020-09-20 09:20:00",85511,13.57,28.58,752.9,20.16,49.1
"2020-09-20 09:25:00",85512,13.55,29.03,752.9,19.28,51.49
"2020-09-20 09:30:00",85513,13.55,29.25,752.9,19.47,50.83
"2020-09-20 09:35:00",85514,13.55,29.51,752.9,19.73,50.05
"2020-09-20 09:40:00",85515,13.55,29.72,752.9,19.26,52.11
"2020-09-20 09:45:00",85516,13.55,29.81,752.9,19.31,51.87
"2020-09-20 09:50:00",85517,13.55,29.97,752.8,20.1,49.44
"2020-09-20 09:55:00",85518,13.53,30.25,752.7,20.92,46.38
"2020-09-20 10:00:00",85519,13.53,30.52,752.7,21.36,45.06
"2020-09-20 10:05:00",85520,13.53,30.82,752.6,20.67,47.05
"2020-09-20 10:10:00",85521,13.53,31.09,752.6,20.78,47.03
"2020-09-20 10:15:00",85522,13.51,31.23,752.5,20.59,47.07
"2020-09-20 10:20:00",85523,13.51,31.25,752.4,20.31,47.38
"2020-09-20 10:25:00",85524,13.51,31.28,752.4,20.89,46.25
"2020-09-20 10:30:00",85525,13.51,31.38,752.4,20.66,45.29
"2020-09-20 10:35:00",85526,13.51,31.47,752.3,21.69,42.07
"2020-09-20 10:40:00",85527,13.51,31.62,752.2,20.56,44.45
"2020-09-20 10:45:00",85528,13.51,31.63,752.1,19.9,46.41
"2020-09-20 10:50:00",85529,13.51,31.47,752.1,20.18,45.55
"2020-09-20 10:55:00",85530,13.51,31.31,752,21.83,42.73
"2020-09-20 11:00:00",85531,13.51,31.37,752,22.85,40.35
"2020-09-20 11:05:00",85532,13.51,31.58,751.9,21.85,41.28
"2020-09-20 11:10:00",85533,13.51,31.74,751.8,21.59,40.44
"2020-09-20 11:15:00",85534,13.51,31.87,751.7,23.24,35.92
"2020-09-20 11:20:00",85535,13.51,32.07,751.6,22.51,36.84
"2020-09-20 11:25:00",85536,13.49,32.15,751.5,21.65,39.73
"2020-09-20 11:30:00",85537,13.49,32.08,751.5,22.47,37.66
"2020-09-20 11:35:00",85538,13.49,31.92,751.3,22.29,39.67
"2020-09-20 11:40:00",85539,13.49,31.8,751.2,22.31,37.58
"2020-09-20 11:45:00",85540,13.49,31.7,751.1,22.49,37.73
"2020-09-20 11:50:00",85541,13.49,31.65,751,22.93,38.13
"2020-09-20 11:55:00",85542,13.49,31.67,750.9,23,37.25
"2020-09-20 12:00:00",85543,13.49,31.66,750.7,22.49,36.57
"2020-09-20 12:05:00",85544,13.49,31.62,750.7,23.44,35.84
"2020-09-20 12:10:00",85545,13.49,31.66,750.5,22.84,38.09
"2020-09-20 12:15:00",85546,13.49,31.67,750.5,23.68,35.6
"2020-09-20 12:20:00",85547,13.49,31.73,750.5,24.63,35.43
"2020-09-20 12:25:00",85548,13.49,31.83,750.4,22.96,37.28
"2020-09-20 12:30:00",85549,13.5,31.78,750.3,23.65,34.2
"2020-09-20 12:35:00",85550,13.49,31.75,750.2,24.38,33.3
"2020-09-20 12:40:00",85551,13.5,31.77,750.2,23.13,33.89
"2020-09-20 12:45:00",85552,13.5,31.68,750,23.33,34.37
"2020-09-20 12:50:00",85553,13.5,31.57,749.9,22.6,34.44
"2020-09-20 12:55:00",85554,13.5,31.32,749.5,23.75,32.64
"2020-09-20 13:00:00",85555,13.5,31.14,749.6,22.6,35.66
"2020-09-20 13:05:00",85556,13.5,30.91,749.7,22.42,36.47
"2020-09-20 13:10:00",85557,13.5,30.71,749.7,23.55,34.19
"2020-09-20 13:15:00",85558,13.5,30.58,749.4,22.32,36
"2020-09-20 13:20:00",85559,13.5,30.35,749.3,21.74,36.2
"2020-09-20 13:25:00",85560,13.5,30.07,749.3,21.99,35.11
"2020-09-20 13:30:00",85561,13.5,29.85,749.2,22.96,34.94
"2020-09-20 13:35:00",85562,13.5,29.73,749.1,22.77,33.59
"2020-09-20 13:40:00",85563,13.5,29.69,749,23.13,32.82
"2020-09-20 13:45:00",85564,13.49,29.69,748.8,22.83,33
"2020-09-20 13:50:00",85565,13.5,29.73,748.6,23.83,32.15
"2020-09-20 13:55:00",85566,13.5,29.83,748.5,22.68,33.78
"2020-09-20 14:00:00",85567,13.5,29.94,748.3,24.21,30.7
"2020-09-20 14:05:00",85568,13.5,30.03,748.4,23.58,32.6
"2020-09-20 14:10:00",85569,13.5,30.07,748.3,22.91,33.34
"2020-09-20 14:15:00",85570,13.5,30.04,748.2,22.75,33.75
"2020-09-20 14:20:00",85571,13.5,29.99,748,23.44,30.4
"2020-09-20 14:25:00",85572,13.5,29.99,747.9,24.02,30.62
"2020-09-20 14:30:00",85573,13.5,30.05,747.9,23.62,30.18
"2020-09-20 14:35:00",85574,13.5,30.1,747.8,23.24,30.96
"2020-09-20 14:40:00",85575,13.5,30.16,747.6,24.1,30.29
"2020-09-20 14:45:00",85576,13.5,30.2,747.5,23.49,30.58
"2020-09-20 14:50:00",85577,13.5,30.22,747.4,23.99,29.74
"2020-09-20 14:55:00",85578,13.5,30.24,747.3,23.34,31.64
"2020-09-20 15:00:00",85579,13.5,30.22,747.2,23.65,29.78
"2020-09-20 15:05:00",85580,13.5,30.22,747.1,23.65,28.63
"2020-09-20 15:10:00",85581,13.5,30.24,747,24.16,28.91
"2020-09-20 15:15:00",85582,13.5,30.3,746.9,23.42,29.36
"2020-09-20 15:20:00",85583,13.5,30.28,746.8,23.95,29.4
"2020-09-20 15:25:00",85584,13.5,30.2,746.8,23.11,30.48
"2020-09-20 15:30:00",85585,13.5,30.11,746.8,23.47,32.89
"2020-09-20 15:35:00",85586,13.5,30.05,746.6,23.54,32.19
"2020-09-20 15:40:00",85587,13.5,30.02,746.6,23.05,32.81
"2020-09-20 15:45:00",85588,13.5,29.93,746.5,23.85,30.81
"2020-09-20 15:50:00",85589,13.5,29.89,746.6,23.47,31.45
"2020-09-20 15:55:00",85590,13.5,29.85,746.5,23.29,33.1
"2020-09-20 16:00:00",85591,13.5,29.81,746.4,23.45,32.45
"2020-09-20 16:05:00",85592,13.5,29.8,746.3,23.67,31.53
"2020-09-20 16:10:00",85593,13.5,29.85,746.2,23.81,31.85
"2020-09-20 16:15:00",85594,13.5,29.86,746.2,23.76,32.34
"2020-09-20 16:20:00",85595,13.5,29.87,746.2,24.67,28.82
"2020-09-20 16:25:00",85596,13.5,29.95,746.1,24.12,29.96
"2020-09-20 16:30:00",85597,13.5,29.99,746.2,23.79,32.01
"2020-09-20 16:35:00",85598,13.5,29.98,746.3,24.08,30.83
"2020-09-20 16:40:00",85599,13.5,29.94,746.2,24.24,29.7
"2020-09-20 16:45:00",85600,13.5,29.96,746.1,23.41,32.31
"2020-09-20 16:50:00",85601,13.5,29.85,746,23.88,30.61
"2020-09-20 16:55:00",85602,13.5,29.77,745.9,23.5,29.77
"2020-09-20 17:00:00",85603,13.5,29.66,746,23.19,30.69
"2020-09-20 17:05:00",85604,13.5,29.54,746,23.15,32.42
"2020-09-20 17:10:00",85605,13.5,29.39,745.9,22.69,32.92
"2020-09-20 17:15:00",85606,13.5,29.17,746,22.7,34.58
"2020-09-20 17:20:00",85607,13.5,28.98,745.9,22.73,34.05
"2020-09-20 17:25:00",85608,13.5,28.8,745.9,22.69,33.75
"2020-09-20 17:30:00",85609,13.5,28.63,745.9,22.19,35.82
"2020-09-20 17:35:00",85610,13.5,28.38,746,22.56,35.19
"2020-09-20 17:40:00",85611,13.42,27.7,746,22.11,35.71
"2020-09-20 17:45:00",85612,13.25,27.14,746,21.83,36.8
"2020-09-20 17:50:00",85613,13.17,26.7,746,21.67,37.12
"2020-09-20 17:55:00",85614,13.12,26.35,746.1,21.34,37.54
"2020-09-20 18:00:00",85615,13.08,25.96,746.2,21.23,38.02
"2020-09-20 18:05:00",85616,13.04,25.59,746.3,20.94,37.6
"2020-09-20 18:10:00",85617,13.01,25.19,746.2,20.68,38.55
"2020-09-20 18:15:00",85618,12.99,24.8,746.3,20.19,40.42
"2020-09-20 18:20:00",85619,12.97,24.41,746.3,19.98,41.75
"2020-09-20 18:25:00",85620,12.97,24.02,746.4,20.07,39.95
"2020-09-20 18:30:00",85621,12.96,23.66,746.4,20.04,40.04
"2020-09-20 18:35:00",85622,12.95,23.34,746.5,19.77,40.37
"2020-09-20 18:40:00",85623,12.95,23.07,746.6,19.54,41.96
"2020-09-20 18:45:00",85624,12.95,22.82,746.7,19.4,40.78
"2020-09-20 18:50:00",85625,12.95,22.58,746.8,19.3,42.22
"2020-09-20 18:55:00",85626,12.94,22.37,747,19.16,42.56
"2020-09-20 19:00:00",85627,12.94,22.17,747.1,18.97,43.24
"2020-09-20 19:05:00",85628,12.94,21.97,747.3,18.79,43.41
"2020-09-20 19:10:00",85629,12.93,21.78,747.4,18.78,43.28
"2020-09-20 19:15:00",85630,12.93,21.61,747.5,18.68,43.46
"2020-09-20 19:20:00",85631,12.93,21.47,747.6,18.64,43.36
"2020-09-20 19:25:00",85632,12.92,21.33,747.7,18.74,42.96
"2020-09-20 19:30:00",85633,12.92,21.22,747.8,18.58,43.48
"2020-09-20 19:35:00",85634,12.92,21.1,748.2,18.53,43.95
"2020-09-20 19:40:00",85635,12.92,20.99,748.4,18.75,43.21
"2020-09-20 19:45:00",85636,12.91,20.89,748.4,18.75,42.83
"2020-09-20 19:50:00",85637,12.91,20.81,748.5,18.78,42.9
"2020-09-20 19:55:00",85638,12.91,20.72,748.6,18.85,43
"2020-09-20 20:00:00",85639,12.9,20.63,748.6,18.87,41.91
"2020-09-20 20:05:00",85640,12.9,20.54,748.7,18.81,43.35
"2020-09-20 20:10:00",85641,12.9,20.48,748.9,18.45,44.07
"2020-09-20 20:15:00",85642,12.9,20.42,749,18.15,45.05
"2020-09-20 20:20:00",85643,12.9,20.34,749.1,17.82,46.97
"2020-09-20 20:25:00",85644,12.9,20.23,749.1,17.45,48.24
"2020-09-20 20:30:00",85645,12.89,20.1,749.2,17.6,47.13
"2020-09-20 20:35:00",85646,12.89,19.99,749.3,18.04,45.23
"2020-09-20 20:40:00",85647,12.89,19.91,749.3,18.27,44.11
"2020-09-20 20:45:00",85648,12.89,19.86,749.3,18.35,44.03
"2020-09-20 20:50:00",85649,12.89,19.84,749.4,18.16,44.8
"2020-09-20 20:55:00",85650,12.88,19.81,749.4,17.91,45.15
"2020-09-20 21:00:00",85651,12.88,19.76,749.4,17.92,44.58
"2020-09-20 21:05:00",85652,12.88,19.72,749.5,18.53,43.06
"2020-09-20 21:10:00",85653,12.88,19.7,749.6,18.63,42.56
"2020-09-20 21:15:00",85654,12.88,19.68,749.7,18.57,44.53
"2020-09-20 21:20:00",85655,12.88,19.68,749.8,18.41,46.29
"2020-09-20 21:25:00",85656,12.87,19.67,749.9,18.27,47.25
"2020-09-20 21:30:00",85657,12.87,19.61,750,18.02,48.07
"2020-09-20 21:35:00",85658,12.87,19.54,750.1,17.87,49.3
"2020-09-20 21:40:00",85659,12.87,19.43,750.2,17.29,50.97
"2020-09-20 21:45:00",85660,12.87,19.31,750.3,16.95,51.79
"2020-09-20 21:50:00",85661,12.86,19.18,750.4,17,52.81
"2020-09-20 21:55:00",85662,12.87,19.05,750.4,16.57,53.31
"2020-09-20 22:00:00",85663,12.86,18.91,750.5,16.43,53.81
"2020-09-20 22:05:00",85664,12.86,18.78,750.6,16.21,54.72
"2020-09-20 22:10:00",85665,12.86,18.62,750.7,16.08,54.86
"2020-09-20 22:15:00",85666,12.86,18.46,750.8,16.03,55.34
"2020-09-20 22:20:00",85667,12.85,18.32,750.8,16.2,54.57
"2020-09-20 22:25:00",85668,12.85,18.18,750.8,16.37,54.41
"2020-09-20 22:30:00",85669,12.85,18.08,750.8,16.58,54.2
"2020-09-20 22:35:00",85670,12.85,18,750.9,16.67,54
"2020-09-20 22:40:00",85671,12.85,17.93,750.9,16.78,53.76
"2020-09-20 22:45:00",85672,12.85,17.88,750.9,16.81,53.71
"2020-09-20 22:50:00",85673,12.84,17.84,751,16.71,54.58
"2020-09-20 22:55:00",85674,12.84,17.78,751,16.63,54.76
"2020-09-20 23:00:00",85675,12.84,17.76,751,16.79,54.38
"2020-09-20 23:05:00",85676,12.84,17.74,751.1,16.67,54.64
"2020-09-20 23:10:00",85677,12.84,17.73,751,16.5,55.56
"2020-09-20 23:15:00",85678,12.84,17.73,751,16.55,55.08
"2020-09-20 23:20:00",85679,12.83,17.7,751.1,16.12,57.17
"2020-09-20 23:25:00",85680,12.83,17.65,751.1,15.72,58.56
"2020-09-20 23:30:00",85681,12.83,17.58,751.1,15.4,59.77
"2020-09-20 23:35:00",85682,12.83,17.49,751.2,15.43,59.63
"2020-09-20 23:40:00",85683,12.83,17.38,751.2,15.26,60.64
"2020-09-20 23:45:00",85684,12.83,17.27,751.2,15.07,61
"2020-09-20 23:50:00",85685,12.83,17.16,751.2,15.16,60.3
"2020-09-20 23:55:00",85686,12.83,17.06,751.2,15.01,61.02
"2020-09-21 00:00:00",85687,12.82,16.99,751.2,14.81,62.14
"2020-09-21 00:05:00",85688,12.82,16.9,751.2,14.67,62.98
"2020-09-21 00:10:00",85689,12.82,16.79,751.2,14.56,63.11
"2020-09-21 00:15:00",85690,12.82,16.68,751.3,14.47,63.77
"2020-09-21 00:20:00",85691,12.82,16.56,751.3,14.3,64.15
"2020-09-21 00:25:00",85692,12.82,16.46,751.3,14.2,63.78
"2020-09-21 00:30:00",85693,12.81,16.32,751.3,14.07,64.11
"2020-09-21 00:35:00",85694,12.81,16.2,751.3,14.1,62.59
"2020-09-21 00:40:00",85695,12.81,16.09,751.3,14.64,60.75
"2020-09-21 00:45:00",85696,12.81,16.03,751.2,14.71,62.75
"2020-09-21 00:50:00",85697,12.81,15.98,751.2,14.64,62.41
"2020-09-21 00:55:00",85698,12.8,15.95,751.1,14.71,62.04
"2020-09-21 01:00:00",85699,12.8,15.9,751.1,14.57,59.7
"2020-09-21 01:05:00",85700,12.8,15.83,751.1,14.66,61.53
"2020-09-21 01:10:00",85701,12.8,15.79,751,14.51,63.95
"2020-09-21 01:15:00",85702,12.8,15.73,751,14.28,64.68
"2020-09-21 01:20:00",85703,12.8,15.69,751,13.67,69.9
"2020-09-21 01:25:00",85704,12.8,15.59,751,13.45,70.69
"2020-09-21 01:30:00",85705,12.8,15.47,750.9,13.33,69.03
"2020-09-21 01:35:00",85706,12.79,15.38,750.9,13.85,66.18
"2020-09-21 01:40:00",85707,12.79,15.28,750.9,13.77,67.67
"2020-09-21 01:45:00",85708,12.79,15.18,750.9,13.3,69.97
"2020-09-21 01:50:00",85709,12.78,15.05,750.8,13.17,71.97
"2020-09-21 01:55:00",85710,12.78,14.95,750.8,13.06,71.98
"2020-09-21 02:00:00",85711,12.78,14.85,750.7,13.15,72.08
"2020-09-21 02:05:00",85712,12.78,14.77,750.7,13.17,71.09
"2020-09-21 02:10:00",85713,12.78,14.71,750.7,12.96,73.43
"2020-09-21 02:15:00",85714,12.78,14.63,750.6,12.72,73.88
"2020-09-21 02:20:00",85715,12.77,14.54,750.6,12.74,74.06
"2020-09-21 02:25:00",85716,12.77,14.48,750.6,12.84,73.18
"2020-09-21 02:30:00",85717,12.77,14.39,750.6,12.87,73.89
"2020-09-21 02:35:00",85718,12.77,14.34,750.6,13.08,71.64
"2020-09-21 02:40:00",85719,12.76,14.33,750.6,13.11,70.34
"2020-09-21 02:45:00",85720,12.76,14.33,750.7,12.9,73.25
"2020-09-21 02:50:00",85721,12.76,14.32,750.7,12.55,75.06
"2020-09-21 02:55:00",85722,12.76,14.27,750.7,12.52,74.66
"2020-09-21 03:00:00",85723,12.75,14.22,750.7,12.42,73.77
"2020-09-21 03:05:00",85724,12.75,14.18,750.7,12.52,72.35
"2020-09-21 03:10:00",85725,12.75,14.14,750.7,12.49,72.83
"2020-09-21 03:15:00",85726,12.75,14.11,750.7,12.43,72.98
"2020-09-21 03:20:00",85727,12.75,14.07,750.7,12.4,73.4
"2020-09-21 03:25:00",85728,12.74,14.03,750.7,12.34,73.89
"2020-09-21 03:30:00",85729,12.74,13.98,750.6,12.04,74.48
"2020-09-21 03:35:00",85730,12.74,13.89,750.6,12.22,72.52
"2020-09-21 03:40:00",85731,12.74,13.84,750.6,12.4,69.09
"2020-09-21 03:45:00",85732,12.73,13.8,750.6,12.33,70.21
"2020-09-21 03:50:00",85733,12.73,13.77,750.6,12.22,70.54
"2020-09-21 03:55:00",85734,12.73,13.72,750.7,12.12,70.63
"2020-09-21 04:00:00",85735,12.73,13.68,750.6,12.03,70.75
"2020-09-21 04:05:00",85736,12.73,13.61,750.6,11.93,71.95
"2020-09-21 04:10:00",85737,12.72,13.54,750.6,12,72.95
"2020-09-21 04:15:00",85738,12.72,13.48,750.6,11.94,72.6
"2020-09-21 04:20:00",85739,12.72,13.45,750.6,11.92,72.8
"2020-09-21 04:25:00",85740,12.71,13.41,750.7,11.84,74.52
"2020-09-21 04:30:00",85741,12.71,13.36,750.8,11.66,75.85
"2020-09-21 04:35:00",85742,12.71,13.29,750.8,11.61,76.31
"2020-09-21 04:40:00",85743,12.7,13.24,750.8,11.53,76.96
"2020-09-21 04:45:00",85744,12.7,13.17,750.9,11.27,76.82
"2020-09-21 04:50:00",85745,12.7,13.08,750.9,11.48,75.34
"2020-09-21 04:55:00",85746,12.7,13.03,750.8,11.5,75.96
"2020-09-21 05:00:00",85747,12.69,12.97,750.9,11.37,76.13
"2020-09-21 05:05:00",85748,12.69,12.91,751,11.41,75.63
"2020-09-21 05:10:00",85749,12.69,12.85,751.1,11.69,75.24
"2020-09-21 05:15:00",85750,12.68,12.84,751.2,11.48,75.95
"2020-09-21 05:20:00",85751,12.68,12.8,751.2,11.19,76.47
"2020-09-21 05:25:00",85752,12.67,12.74,751.2,11.18,76.88
"2020-09-21 05:30:00",85753,12.67,12.68,751.2,11.27,78.17
"2020-09-21 05:35:00",85754,12.67,12.61,751.2,10.99,79.5
"2020-09-21 05:40:00",85755,12.67,12.54,751.2,10.92,79.11
"2020-09-21 05:45:00",85756,12.66,12.49,751.3,10.93,80.5
"2020-09-21 05:50:00",85757,12.66,12.41,751.4,10.81,78.98
"2020-09-21 05:55:00",85758,12.65,12.35,751.4,10.91,77.13
"2020-09-21 06:00:00",85759,12.65,12.29,751.4,10.83,81.6
"2020-09-21 06:05:00",85760,12.65,12.27,751.4,10.51,85.8
"2020-09-21 06:10:00",85761,12.64,12.24,751.5,10.19,85.2
"2020-09-21 06:15:00",85762,12.65,12.24,751.6,10.41,84.1
"2020-09-21 06:20:00",85763,12.65,12.19,751.6,10.16,84.7
"2020-09-21 06:25:00",85764,12.66,12.18,751.7,10.19,84.7
"2020-09-21 06:30:00",85765,12.71,12.2,751.7,10.27,84.9
"2020-09-21 06:35:00",85766,12.78,12.24,751.8,10.87,82.7
"2020-09-21 06:40:00",85767,12.87,12.39,751.8,11.33,80.3
"2020-09-21 06:45:00",85768,13,12.6,751.8,11.58,79.2
"2020-09-21 06:50:00",85769,13.18,12.89,751.9,12.06,76.71
"2020-09-21 06:55:00",85770,13.36,13.26,752,12.33,75.37
"2020-09-21 07:00:00",85771,13.51,13.71,752.1,12.34,73.3
"2020-09-21 07:05:00",85772,13.6,14.21,752.2,12.63,73.14
"2020-09-21 07:10:00",85773,13.7,14.76,752.2,13.28,69.71
"2020-09-21 07:15:00",85774,13.76,15.41,752.2,14.27,66.05
"2020-09-21 07:20:00",85775,13.82,16.12,752.3,14.04,66.79
"2020-09-21 07:25:00",85776,13.89,16.85,752.3,14.27,67.36
"2020-09-21 07:30:00",85777,13.87,18.21,752.3,15.02,63.95
"2020-09-21 07:35:00",85778,13.75,19.45,752.4,15.56,61.82
"2020-09-21 07:40:00",85779,13.75,20.29,752.4,16.18,59.36
"2020-09-21 07:45:00",85780,13.72,21.02,752.5,16.34,58.84
"2020-09-21 07:50:00",85781,13.72,21.66,752.6,16.84,56.68
"2020-09-21 07:55:00",85782,13.7,22.24,752.6,17.24,53.49
"2020-09-21 08:00:00",85783,13.7,22.81,752.7,17.36,54.13
"2020-09-21 08:05:00",85784,13.67,23.33,752.8,17.58,52.93
"2020-09-21 08:10:00",85785,13.67,23.81,752.8,17.49,53.07
"2020-09-21 08:15:00",85786,13.67,24.26,752.8,18.07,51.94
"2020-09-21 08:20:00",85787,13.65,24.74,752.8,18.27,51.29
"2020-09-21 08:25:00",85788,13.62,25.23,752.8,18.53,50.95
"2020-09-21 08:30:00",85789,13.62,25.67,752.8,18.05,51.72
"2020-09-21 08:35:00",85790,13.62,26.07,752.8,17.71,53.68
"2020-09-21 08:40:00",85791,13.62,26.45,752.8,18.25,52.77
"2020-09-21 08:45:00",85792,13.6,26.84,752.8,18.49,51.38
"2020-09-21 08:50:00",85793,13.6,27.17,752.9,19.26,49.7
"2020-09-21 08:55:00",85794,13.6,27.61,752.9,18.9,48.71
"2020-09-21 09:00:00",85795,13.57,27.99,752.8,18.56,49.74
"2020-09-21 09:05:00",85796,13.57,28.2,752.8,18.41,49.72
"2020-09-21 09:10:00",85797,13.57,28.47,752.8,18.57,49.58
"2020-09-21 09:15:00",85798,13.57,28.79,752.8,19.43,45.65
"2020-09-21 09:20:00",85799,13.57,29.12,752.7,20.2,43.77
"2020-09-21 09:25:00",85800,13.55,29.4,752.7,19.64,44.79
"2020-09-21 09:30:00",85801,13.55,29.64,752.7,19.2,47.24
"2020-09-21 09:35:00",85802,13.55,29.85,752.6,19.8,46.59
"2020-09-21 09:40:00",85803,13.55,30.06,752.5,19.92,45.52
"2020-09-21 09:45:00",85804,13.53,30.21,752.4,20.6,41.76
"2020-09-21 09:50:00",85805,13.53,30.42,752.3,20.26,43.81
"2020-09-21 09:55:00",85806,13.53,30.65,752.3,19.82,44.04
"2020-09-21 10:00:00",85807,13.53,30.78,752.3,19.96,44.57
"2020-09-21 10:05:00",85808,13.53,30.91,752.2,20.71,43.76
"2020-09-21 10:10:00",85809,13.53,31.09,752.1,20.59,42.21
"2020-09-21 10:15:00",85810,13.51,31.22,752,20.73,42.71
"2020-09-21 10:20:00",85811,13.51,31.31,751.9,20.95,40.92
"2020-09-21 10:25:00",85812,13.51,31.41,751.9,21.09,39.41
"2020-09-21 10:30:00",85813,13.51,31.53,751.8,21.28,39.56
"2020-09-21 10:35:00",85814,13.51,31.63,751.6,21.6,37.9
"2020-09-21 10:40:00",85815,13.51,31.67,751.5,20.87,35.86
"2020-09-21 10:45:00",85816,13.51,31.68,751.5,21.96,34.14
"2020-09-21 10:50:00",85817,13.51,31.76,751.4,21.53,33.87
"2020-09-21 10:55:00",85818,13.51,31.81,751.3,21.91,33.41
"2020-09-21 11:00:00",85819,13.51,31.89,751.2,22.73,32.25
"2020-09-21 11:05:00",85820,13.51,32.04,751.1,22.07,33.13
"2020-09-21 11:10:00",85821,13.49,32.17,750.9,22.53,33.04
"2020-09-21 11:15:00",85822,13.49,32.3,750.8,22.74,32.12
"2020-09-21 11:20:00",85823,13.49,32.41,750.7,22.95,32.2
"2020-09-21 11:25:00",85824,13.49,32.44,750.6,22.4,32.22
"2020-09-21 11:30:00",85825,13.49,32.45,750.5,23.04,31.95
"2020-09-21 11:35:00",85826,13.49,32.45,750.4,22.52,32.03
"2020-09-21 11:40:00",85827,13.49,32.46,750.3,23.09,32.02
"2020-09-21 11:45:00",85828,13.49,32.54,750.2,23.32,30.23
"2020-09-21 11:50:00",85829,13.49,32.61,750.1,23.73,30.46
"2020-09-21 11:55:00",85830,13.49,32.7,750,24.29,28.75
"2020-09-21 12:00:00",85831,13.49,32.83,749.8,24.33,28.82
"2020-09-21 12:05:00",85832,13.49,32.93,749.6,24.01,28.53
"2020-09-21 12:10:00",85833,13.49,32.91,749.5,24.24,27.26
"2020-09-21 12:15:00",85834,13.5,32.88,749.4,25.24,25.56
"2020-09-21 12:20:00",85835,13.5,32.9,749.2,24.7,27.29
"2020-09-21 12:25:00",85836,13.49,32.91,749.1,24.14,29.08
"2020-09-21 12:30:00",85837,13.5,32.89,749.1,24.2,29.56
"2020-09-21 12:35:00",85838,13.49,32.83,748.8,24.51,28.23
"2020-09-21 12:40:00",85839,13.5,32.81,748.7,24.26,28.04
"2020-09-21 12:45:00",85840,13.5,32.74,748.5,24.03,26.83
"2020-09-21 12:50:00",85841,13.5,32.61,748.5,25.5,23.69
"2020-09-21 12:55:00",85842,13.5,32.52,748.3,24.54,24.07
"2020-09-21 13:00:00",85843,13.5,32.43,748.2,25.41,26.29
"2020-09-21 13:05:00",85844,13.5,32.39,748.1,25.4,24.2
"2020-09-21 13:10:00",85845,13.5,32.46,748,26.05,22.83
"2020-09-21 13:15:00",85846,13.5,32.54,747.7,25.29,22.19
"2020-09-21 13:20:00",85847,13.5,32.56,747.7,25.11,23.39
"2020-09-21 13:25:00",85848,13.5,32.59,747.6,25.35,24.33
"2020-09-21 13:30:00",85849,13.5,32.63,747.5,25.44,19.91
"2020-09-21 13:35:00",85850,13.47,32.62,747.2,25.1,20.31
"2020-09-21 13:40:00",85851,13.48,32.52,747.3,25.54,22
"2020-09-21 13:45:00",85852,13.48,32.42,747.3,25.38,19.63
"2020-09-21 13:50:00",85853,13.47,32.31,747.1,25.49,20.54
"2020-09-21 13:55:00",85854,13.47,32.23,747.1,25.56,21.72
"2020-09-21 14:00:00",85855,13.48,32.19,746.9,25.35,22.16
"2020-09-21 14:05:00",85856,13.47,32.12,746.9,25.4,20.74
"2020-09-21 14:10:00",85857,13.47,32.01,746.8,26.14,20.3
"2020-09-21 14:15:00",85858,13.47,31.94,746.7,25.29,22.47
"2020-09-21 14:20:00",85859,13.48,31.87,746.6,25.38,20.74
"2020-09-21 14:25:00",85860,13.48,31.84,746.7,25.02,22.1
"2020-09-21 14:30:00",85861,13.47,31.79,746.6,25.7,20.9
"2020-09-21 14:35:00",85862,13.47,31.77,746.7,25.44,22.27
"2020-09-21 14:40:00",85863,13.48,31.8,746.4,25.72,20.21
"2020-09-21 14:45:00",85864,13.48,31.84,746.4,25.59,19.85
"2020-09-21 14:50:00",85865,13.48,31.87,746.3,25.7,19.93
"2020-09-21 14:55:00",85866,13.47,31.88,746.1,25.44,21.65
"2020-09-21 15:00:00",85867,13.47,31.85,746.2,25.5,21.79
"2020-09-21 15:05:00",85868,13.47,31.79,746.1,25.76,20.69
"2020-09-21 15:10:00",85869,13.47,31.73,746,26.69,20.4
"2020-09-21 15:15:00",85870,13.48,31.81,745.8,26.47,19.97
"2020-09-21 15:20:00",85871,13.47,31.92,745.8,26.01,19.88
"2020-09-21 15:25:00",85872,13.48,31.95,745.7,26.2,19.61
"2020-09-21 15:30:00",85873,13.48,31.97,745.6,26.36,19.51
"2020-09-21 15:35:00",85874,13.48,32,745.5,26.66,19.56
"2020-09-21 15:40:00",85875,13.47,32.02,745.5,25.86,21.12
"2020-09-21 15:45:00",85876,13.48,31.95,745.4,25.63,21.1
"2020-09-21 15:50:00",85877,13.48,31.87,745.3,26.3,19.89
"2020-09-21 15:55:00",85878,13.47,31.83,745.4,25.99,20.15
"2020-09-21 16:00:00",85879,13.47,31.88,745.4,26.17,20.09
"2020-09-21 16:05:00",85880,13.48,31.95,745.3,26.28,19.61
"2020-09-21 16:10:00",85881,13.47,32.01,745.3,26.21,19.47
"2020-09-21 16:15:00",85882,13.48,31.96,745.3,25.69,20.69
"2020-09-21 16:20:00",85883,13.48,31.98,745.3,25.83,21.46
"2020-09-21 16:25:00",85884,13.48,31.91,745.2,25.84,19.45
"2020-09-21 16:30:00",85885,13.47,31.83,745.3,25.49,22.75
"2020-09-21 16:35:00",85886,13.48,31.71,745.2,25.38,23.61
"2020-09-21 16:40:00",85887,13.48,31.56,745.3,25.18,24.32
"2020-09-21 16:45:00",85888,13.47,31.41,745.2,25.04,23.9
"2020-09-21 16:50:00",85889,13.47,31.23,745.3,24.82,25.87
"2020-09-21 16:55:00",85890,13.48,31.09,745.3,25.1,26.16
"2020-09-21 17:00:00",85891,13.48,31.03,745.3,24.84,26.08
"2020-09-21 17:05:00",85892,13.47,30.95,745.3,25,26.7
"2020-09-21 17:10:00",85893,13.47,30.86,745.5,24.95,27.45
"2020-09-21 17:15:00",85894,13.47,30.77,745.7,24.52,28.57
"2020-09-21 17:20:00",85895,13.47,30.65,745.7,24.19,28.78
"2020-09-21 17:25:00",85896,13.47,30.57,745.7,24.08,29.62
"2020-09-21 17:30:00",85897,13.48,30.46,745.7,23.73,30.73
"2020-09-21 17:35:00",85898,13.47,30.28,745.7,23.36,31.17
"2020-09-21 17:40:00",85899,13.34,29.46,745.8,23.4,30.8
"2020-09-21 17:45:00",85900,13.2,28.98,745.9,23.35,30.67
"2020-09-21 17:50:00",85901,13.15,28.68,746.1,23.13,32.69
"2020-09-21 17:55:00",85902,13.11,28.36,746.2,22.25,33.41
"2020-09-21 18:00:00",85903,13.07,27.96,746.3,21.88,35.23
"2020-09-21 18:05:00",85904,13.04,27.49,746.4,21.55,36.97
"2020-09-21 18:10:00",85905,13.01,26.92,746.4,20.81,37.88
"2020-09-21 18:15:00",85906,12.99,26.33,746.5,20.89,37.63
"2020-09-21 18:20:00",85907,12.98,25.76,746.5,20.4,39.86
"2020-09-21 18:25:00",85908,12.97,25.24,746.7,19.92,41.94
"2020-09-21 18:30:00",85909,12.96,24.71,746.7,19.81,41.31
"2020-09-21 18:35:00",85910,12.96,24.21,746.8,19.72,41.72
"2020-09-21 18:40:00",85911,12.95,23.79,746.9,19.85,41.12
"2020-09-21 18:45:00",85912,12.95,23.44,747.1,19.88,40.77
"2020-09-21 18:50:00",85913,12.95,23.14,747.3,20.01,40.79
"2020-09-21 18:55:00",85914,12.94,22.9,747.6,19.67,41.13
"2020-09-21 19:00:00",85915,12.94,22.71,747.8,19.67,41.84
"2020-09-21 19:05:00",85916,12.94,22.54,747.9,19.44,42.37
"2020-09-21 19:10:00",85917,12.93,22.38,748,19.28,42.96
"2020-09-21 19:15:00",85918,12.93,22.21,748.2,19.68,41.33
"2020-09-21 19:20:00",85919,12.93,22.11,748.4,19.48,41.5
"2020-09-21 19:25:00",85920,12.92,22.01,748.5,19.74,40.14
"2020-09-21 19:30:00",85921,12.92,21.94,748.6,19.8,39.79
"2020-09-21 19:35:00",85922,12.92,21.86,748.5,19.8,39.18
"2020-09-21 19:40:00",85923,12.92,21.82,748.7,19.72,39.59
"2020-09-21 19:45:00",85924,12.92,21.79,748.8,19.72,39.56
"2020-09-21 19:50:00",85925,12.91,21.72,748.8,19.67,39.55
"2020-09-21 19:55:00",85926,12.91,21.68,748.9,19.74,38.88
"2020-09-21 20:00:00",85927,12.91,21.63,749,19.62,39.71
"2020-09-21 20:05:00",85928,12.9,21.59,749.1,19.4,40.94
"2020-09-21 20:10:00",85929,12.9,21.5,749.1,19.55,40.35
"2020-09-21 20:15:00",85930,12.9,21.46,749.2,19.56,40.67
"2020-09-21 20:20:00",85931,12.9,21.42,749.3,19.32,42.19
"2020-09-21 20:25:00",85932,12.9,21.38,749.4,19.34,42.13
"2020-09-21 20:30:00",85933,12.9,21.33,749.4,19.34,42.45
"2020-09-21 20:35:00",85934,12.89,21.28,749.4,19.21,42.69
"2020-09-21 20:40:00",85935,12.89,21.24,749.6,19.28,41.93
"2020-09-21 20:45:00",85936,12.89,21.2,749.8,19.21,42.18
"2020-09-21 20:50:00",85937,12.89,21.13,749.9,18.71,44.48
"2020-09-21 20:55:00",85938,12.89,21.03,750,18.36,45.71
"2020-09-21 21:00:00",85939,12.88,20.88,750.1,17.99,47.34
"2020-09-21 21:05:00",85940,12.88,20.71,750.2,17.62,48.64
"2020-09-21 21:10:00",85941,12.88,20.53,750.4,17.49,48.97
"2020-09-21 21:15:00",85942,12.88,20.34,750.5,17.59,47.79
"2020-09-21 21:20:00",85943,12.88,20.17,750.6,17.64,48.52
"2020-09-21 21:25:00",85944,12.87,20.01,750.6,17.36,49.64
"2020-09-21 21:30:00",85945,12.87,19.85,750.7,17.39,49.46
"2020-09-21 21:35:00",85946,12.87,19.7,750.7,17.19,49.83
"2020-09-21 21:40:00",85947,12.87,19.57,750.7,17.57,48.01
"2020-09-21 21:45:00",85948,12.87,19.47,750.8,17.61,47.57
"2020-09-21 21:50:00",85949,12.86,19.39,750.8,17.51,48.5
"2020-09-21 21:55:00",85950,12.86,19.31,750.8,17.73,46.87
"2020-09-21 22:00:00",85951,12.86,19.26,750.9,17.69,47.33
"2020-09-21 22:05:00",85952,12.86,19.23,751,17.65,48.39
"2020-09-21 22:10:00",85953,12.86,19.19,751.1,17.45,49.74
"2020-09-21 22:15:00",85954,12.86,19.14,751.2,17.13,51.32
"2020-09-21 22:20:00",85955,12.85,19.09,751.2,16.69,53.47
"2020-09-21 22:25:00",85956,12.85,18.99,751.2,16.61,54.26
"2020-09-21 22:30:00",85957,12.85,18.89,751.3,16.64,53.99
"2020-09-21 22:35:00",85958,12.85,18.79,751.3,16.72,53.57
"2020-09-21 22:40:00",85959,12.85,18.71,751.4,16.53,54.56
"2020-09-21 22:45:00",85960,12.85,18.62,751.4,16.4,55.15
"2020-09-21 22:50:00",85961,12.84,18.53,751.5,16.22,56.4
"2020-09-21 22:55:00",85962,12.84,18.45,751.5,16.16,57.03
"2020-09-21 23:00:00",85963,12.84,18.34,751.6,16.11,57.96
"2020-09-21 23:05:00",85964,12.84,18.25,751.6,15.79,59.47
"2020-09-21 23:10:00",85965,12.84,18.14,751.6,15.74,59.73
"2020-09-21 23:15:00",85966,12.84,18.02,751.6,15.74,59.92
"2020-09-21 23:20:00",85967,12.83,17.93,751.6,15.63,60.74
"2020-09-21 23:25:00",85968,12.83,17.81,751.6,15.46,60.71
"2020-09-21 23:30:00",85969,12.83,17.68,751.6,15.45,59.93
"2020-09-21 23:35:00",85970,12.83,17.55,751.6,15.65,60.62
"2020-09-21 23:40:00",85971,12.83,17.48,751.6,15.64,60.38
"2020-09-21 23:45:00",85972,12.83,17.42,751.7,15.57,60.6
"2020-09-21 23:50:00",85973,12.83,17.34,751.7,15.44,61.3
"2020-09-21 23:55:00",85974,12.82,17.25,751.7,15.26,62.04
"2020-09-22 00:00:00",85975,12.82,17.13,751.7,15.32,62.2
"2020-09-22 00:05:00",85976,12.82,17.03,751.7,15.3,62.34
"2020-09-22 00:10:00",85977,12.82,16.93,751.8,15.28,62.4
"2020-09-22 00:15:00",85978,12.82,16.84,751.8,15.39,61.91
"2020-09-22 00:20:00",85979,12.82,16.8,751.8,15.33,62.32
"2020-09-22 00:25:00",85980,12.82,16.73,751.8,15.35,62.23
"2020-09-22 00:30:00",85981,12.81,16.64,751.8,14.98,63.5
"2020-09-22 00:35:00",85982,12.81,16.55,751.9,14.88,64.07
"2020-09-22 00:40:00",85983,12.81,16.46,751.8,14.89,63.9
"2020-09-22 00:45:00",85984,12.81,16.38,751.9,14.71,64.58
"2020-09-22 00:50:00",85985,12.81,16.3,751.9,14.72,64.52
"2020-09-22 00:55:00",85986,12.81,16.21,751.9,14.86,64.01
"2020-09-22 01:00:00",85987,12.8,16.17,752,15.09,63.4
"2020-09-22 01:05:00",85988,12.8,16.12,752,15.07,63.05
"2020-09-22 01:10:00",85989,12.8,16.08,751.9,15,64.18
"2020-09-22 01:15:00",85990,12.8,16.04,751.9,14.72,65.46
"2020-09-22 01:20:00",85991,12.8,15.99,751.9,14.39,66.74
"2020-09-22 01:25:00",85992,12.79,15.93,751.9,14.17,67.22
"2020-09-22 01:30:00",85993,12.79,15.87,751.9,13.88,68.55
"2020-09-22 01:35:00",85994,12.79,15.78,751.9,13.87,68.27
"2020-09-22 01:40:00",85995,12.79,15.71,751.9,13.74,68.3
"2020-09-22 01:45:00",85996,12.79,15.62,751.9,13.6,68.93
"2020-09-22 01:50:00",85997,12.79,15.54,751.9,13.39,70.02
"2020-09-22 01:55:00",85998,12.78,15.43,751.8,13.2,71.35
"2020-09-22 02:00:00",85999,12.78,15.32,751.8,13.3,71.09
"2020-09-22 02:05:00",86000,12.78,15.22,751.8,13.33,71.12
"2020-09-22 02:10:00",86001,12.78,15.14,751.8,13.23,71.32
"2020-09-22 02:15:00",86002,12.78,15.08,751.8,13.14,70.94
"2020-09-22 02:20:00",86003,12.77,14.99,751.7,13.18,69.89
"2020-09-22 02:25:00",86004,12.77,14.93,751.7,13.05,70.33
"2020-09-22 02:30:00",86005,12.77,14.85,751.8,13.05,70.13
"2020-09-22 02:35:00",86006,12.77,14.78,751.8,13.04,69.98
"2020-09-22 02:40:00",86007,12.76,14.73,751.8,13.06,69.98
"2020-09-22 02:45:00",86008,12.76,14.69,751.8,12.96,70.31
"2020-09-22 02:50:00",86009,12.76,14.62,751.8,12.84,70.96
"2020-09-22 02:55:00",86010,12.76,14.55,751.8,12.92,70.84
"2020-09-22 03:00:00",86011,12.76,14.5,751.8,12.82,71.47
"2020-09-22 03:05:00",86012,12.75,14.47,751.7,12.68,72.61
"2020-09-22 03:10:00",86013,12.75,14.42,751.8,12.48,73.67
"2020-09-22 03:15:00",86014,12.75,14.36,751.9,12.37,74.35
"2020-09-22 03:20:00",86015,12.75,14.29,751.8,12.46,74.34
"2020-09-22 03:25:00",86016,12.74,14.23,751.8,12.48,74.03
"2020-09-22 03:30:00",86017,12.74,14.14,751.8,12.4,73.96
"2020-09-22 03:35:00",86018,12.74,14.08,751.8,12.26,74.52
"2020-09-22 03:40:00",86019,12.74,14.02,751.8,12.16,75.37
"2020-09-22 03:45:00",86020,12.74,13.96,751.9,12.15,75.17
"2020-09-22 03:50:00",86021,12.73,13.91,751.9,12.11,75.47
"2020-09-22 03:55:00",86022,12.73,13.87,751.8,12.11,75.33
"2020-09-22 04:00:00",86023,12.72,13.81,751.9,11.92,76.4
"2020-09-22 04:05:00",86024,12.72,13.73,751.9,11.7,77.9
"2020-09-22 04:10:00",86025,12.72,13.63,751.9,11.55,79
"2020-09-22 04:15:00",86026,12.72,13.52,752,11.5,79.23
"2020-09-22 04:20:00",86027,12.71,13.42,752.1,11.43,79.85
"2020-09-22 04:25:00",86028,12.71,13.29,752.1,11.21,80.8
"2020-09-22 04:30:00",86029,12.71,13.18,752.2,11.37,80.4
"2020-09-22 04:35:00",86030,12.7,13.1,752.2,11.51,79.24
"2020-09-22 04:40:00",86031,12.7,13.06,752.2,11.46,79.53
"2020-09-22 04:45:00",86032,12.7,13.01,752.2,11.31,80.2
"2020-09-22 04:50:00",86033,12.7,12.95,752.2,11.18,80.8
"2020-09-22 04:55:00",86034,12.69,12.89,752.3,11.05,81.6
"2020-09-22 05:00:00",86035,12.69,12.82,752.3,10.9,81.9
"2020-09-22 05:05:00",86036,12.69,12.73,752.4,10.72,82.7
"2020-09-22 05:10:00",86037,12.68,12.63,752.4,10.53,83.3
"2020-09-22 05:15:00",86038,12.68,12.53,752.4,10.41,84.3
"2020-09-22 05:20:00",86039,12.68,12.42,752.5,10.61,84
"2020-09-22 05:25:00",86040,12.67,12.33,752.5,10.89,82.8
"2020-09-22 05:30:00",86041,12.67,12.25,752.6,11,81.8
"2020-09-22 05:35:00",86042,12.67,12.21,752.6,10.93,82.5
"2020-09-22 05:40:00",86043,12.66,12.16,752.7,11.18,81.3
"2020-09-22 05:45:00",86044,12.66,12.15,752.7,11.21,80.9
"2020-09-22 05:50:00",86045,12.66,12.15,752.8,11.17,80.8
"2020-09-22 05:55:00",86046,12.65,12.12,752.8,10.71,82.8
"2020-09-22 06:00:00",86047,12.65,12.08,752.8,10.6,83.7
"2020-09-22 06:05:00",86048,12.65,12.05,752.8,10.64,83.8
"2020-09-22 06:10:00",86049,12.64,12.07,752.9,10.4,84
"2020-09-22 06:15:00",86050,12.64,12.07,752.9,10.26,85.2
"2020-09-22 06:20:00",86051,12.65,12.04,752.9,10.36,84.4
"2020-09-22 06:25:00",86052,12.67,12.01,753,10.44,83.9
"2020-09-22 06:30:00",86053,12.7,12.05,753,10.83,82.3
"2020-09-22 06:35:00",86054,12.76,12.16,753.1,11.01,81.3
"2020-09-22 06:40:00",86055,12.85,12.33,753.2,11.28,80.3
"2020-09-22 06:45:00",86056,12.98,12.57,753.2,11.55,79.11
"2020-09-22 06:50:00",86057,13.16,12.85,753.3,11.9,77.37
"2020-09-22 06:55:00",86058,13.36,13.19,753.4,11.24,80.3
"2020-09-22 07:00:00",86059,13.49,13.58,753.4,11.78,78.31
"2020-09-22 07:05:00",86060,13.6,14.02,753.4,12.99,73.18
"2020-09-22 07:10:00",86061,13.69,14.56,753.5,13.17,72.76
"2020-09-22 07:15:00",86062,13.77,15.11,753.5,13.63,70.81
"2020-09-22 07:20:00",86063,13.85,15.75,753.6,13.79,71.01
"2020-09-22 07:25:00",86064,13.93,16.42,753.6,13.75,71.2
"2020-09-22 07:30:00",86065,13.81,18,753.5,14.03,69.56
"2020-09-22 07:35:00",86066,13.78,18.91,753.7,13.8,70.18
"2020-09-22 07:40:00",86067,13.75,19.63,753.7,15.32,64.38
"2020-09-22 07:45:00",86068,13.75,20.32,753.8,15.32,63.77
"2020-09-22 07:50:00",86069,13.73,20.94,753.9,14.89,65.49
"2020-09-22 07:55:00",86070,13.73,21.53,754,14.67,66.32
"2020-09-22 08:00:00",86071,13.7,22.06,753.9,15.76,62.93
"2020-09-22 08:05:00",86072,13.7,22.63,754,16.18,59.84
"2020-09-22 08:10:00",86073,13.68,23.13,754,16.38,58.79
"2020-09-22 08:15:00",86074,13.67,23.57,754,16.58,58.54
"2020-09-22 08:20:00",86075,13.67,24.05,754,16.83,57.1
"2020-09-22 08:25:00",86076,13.65,24.47,754,16.91,58.66
"2020-09-22 08:30:00",86077,13.65,24.92,754.1,16.97,58.15
"2020-09-22 08:35:00",86078,13.65,25.35,754.1,15.2,63.66
"2020-09-22 08:40:00",86079,13.62,25.58,754.1,16.54,59.89
"2020-09-22 08:45:00",86080,13.62,25.89,754,17.54,56.6
"2020-09-22 08:50:00",86081,13.62,26.31,754,17.41,56.46
"2020-09-22 08:55:00",86082,13.6,26.66,754.1,17.89,55.15
"2020-09-22 09:00:00",86083,13.6,26.99,754,17.09,56.87
"2020-09-22 09:05:00",86084,13.6,27.23,754.1,17.52,56.54
"2020-09-22 09:10:00",86085,13.6,27.46,754.1,18.09,53.83
"2020-09-22 09:15:00",86086,13.6,27.72,754.1,18.31,53.15
"2020-09-22 09:20:00",86087,13.57,27.93,754.1,17.86,54.81
"2020-09-22 09:25:00",86088,13.58,28.2,754.1,18.93,49.22
"2020-09-22 09:30:00",86089,13.57,28.58,754,19.38,48.43
"2020-09-22 09:35:00",86090,13.55,28.95,754.1,19.46,47.59
"2020-09-22 09:40:00",86091,13.55,29.21,754,18.8,49.17
"2020-09-22 09:45:00",86092,13.55,29.47,754,18.35,51.3
"2020-09-22 09:50:00",86093,13.55,29.73,753.8,19.7,47.27
"2020-09-22 09:55:00",86094,13.55,29.95,753.9,18.83,48.74
"2020-09-22 10:00:00",86095,13.55,30.02,753.9,18.46,49.69
"2020-09-22 10:05:00",86096,13.55,30.05,753.8,18.99,45.31
"2020-09-22 10:10:00",86097,13.53,30.06,753.7,20,43.62
"2020-09-22 10:15:00",86098,13.53,30.25,753.7,19.44,45.59
"2020-09-22 10:20:00",86099,13.53,30.36,753.6,19.46,42.46
"2020-09-22 10:25:00",86100,13.53,30.47,753.6,19.14,44.22
"2020-09-22 10:30:00",86101,13.53,30.57,753.6,19.4,44.57
"2020-09-22 10:35:00",86102,13.53,30.62,753.5,19.34,45.39
"2020-09-22 10:40:00",86103,13.53,30.63,753.5,18.63,47.89
"2020-09-22 10:45:00",86104,13.53,30.55,753.4,19.26,44.39
"2020-09-22 10:50:00",86105,13.53,30.43,753.4,20.39,43.12
"2020-09-22 10:55:00",86106,13.53,30.49,753.3,20.13,41.9
"2020-09-22 11:00:00",86107,13.53,30.54,753.3,20.32,41.76
"2020-09-22 11:05:00",86108,13.54,30.59,753.2,20.81,40.68
"2020-09-22 11:10:00",86109,13.53,30.71,753.1,20.54,39.58
"2020-09-22 11:15:00",86110,13.54,30.77,753.1,21.1,38.04
"2020-09-22 11:20:00",86111,13.54,30.81,753,20.53,39.77
"2020-09-22 11:25:00",86112,13.54,30.82,752.9,20.84,38.54
"2020-09-22 11:30:00",86113,13.51,30.86,752.8,21.95,35.4
"2020-09-22 11:35:00",86114,13.51,30.97,752.7,22.35,34.45
"2020-09-22 11:40:00",86115,13.51,31.08,752.6,21.7,35.21
"2020-09-22 11:45:00",86116,13.52,31.14,752.5,21.75,34.29
"2020-09-22 11:50:00",86117,13.52,31.12,752.4,21.58,35.99
"2020-09-22 11:55:00",86118,13.52,31.08,752.3,22.05,35.31
"2020-09-22 12:00:00",86119,13.52,31.03,752.1,22.16,34.1
"2020-09-22 12:05:00",86120,13.52,30.93,752,22.43,33.36
"2020-09-22 12:10:00",86121,13.52,30.76,751.9,22.75,32.65
"2020-09-22 12:15:00",86122,13.52,30.55,751.9,23.11,31.95
"2020-09-22 12:20:00",86123,13.52,30.54,751.7,22.15,31.2
"2020-09-22 12:25:00",86124,13.52,30.59,751.7,22.75,31.32
"2020-09-22 12:30:00",86125,13.52,30.6,751.5,22.49,29.89
"2020-09-22 12:35:00",86126,13.52,30.68,751.4,23.49,27.4
"2020-09-22 12:40:00",86127,13.52,30.79,751.4,23.43,26.58
"2020-09-22 12:45:00",86128,13.52,30.88,751.3,23.06,26.83
"2020-09-22 12:50:00",86129,13.52,30.97,751.2,24.63,23.87
"2020-09-22 12:55:00",86130,13.52,31.15,751.1,23.93,24.78
"2020-09-22 13:00:00",86131,13.52,31.26,751,23.33,26.03
"2020-09-22 13:05:00",86132,13.52,31.33,750.9,24.2,24.83
"2020-09-22 13:10:00",86133,13.52,31.36,750.8,24.17,23.08
"2020-09-22 13:15:00",86134,13.53,31.4,750.7,23.77,23.67
"2020-09-22 13:20:00",86135,13.53,31.43,750.6,24.7,23.67
"2020-09-22 13:25:00",86136,13.53,31.48,750.6,24.67,23.91
"2020-09-22 13:30:00",86137,13.53,31.52,750.4,23.97,24.78
"2020-09-22 13:35:00",86138,13.5,31.51,750.4,24.74,23.26
"2020-09-22 13:40:00",86139,13.5,31.48,750.3,24.11,23.21
"2020-09-22 13:45:00",86140,13.5,31.45,750.1,24.14,22.6
"2020-09-22 13:50:00",86141,13.5,31.45,750.1,25.07,22.31
"2020-09-22 13:55:00",86142,13.5,31.53,750.1,24.83,21.19
"2020-09-22 14:00:00",86143,13.5,31.63,749.9,24.88,21.54
"2020-09-22 14:05:00",86144,13.5,31.7,749.9,24.85,22.16
"2020-09-22 14:10:00",86145,13.5,31.75,749.8,25.06,21.52
"2020-09-22 14:15:00",86146,13.5,31.79,749.8,25.98,19.59
"2020-09-22 14:20:00",86147,13.5,31.92,749.7,25.56,20.2
"2020-09-22 14:25:00",86148,13.5,32.11,749.7,25.38,19.32
"2020-09-22 14:30:00",86149,13.5,32.25,749.6,25.54,19.36
"2020-09-22 14:35:00",86150,13.5,32.42,749.5,26.44,19.45
"2020-09-22 14:40:00",86151,13.5,32.62,749.4,25.65,19.44
"2020-09-22 14:45:00",86152,13.48,32.75,749.4,24.88,19.81
"2020-09-22 14:50:00",86153,13.48,32.79,749.4,24.61,17.15
"2020-09-22 14:55:00",86154,13.48,32.68,749.4,25.13,17.24
"2020-09-22 15:00:00",86155,13.48,32.61,749.3,25.35,16.9
"2020-09-22 15:05:00",86156,13.48,32.58,749.2,25.09,17.66
"2020-09-22 15:10:00",86157,13.48,32.63,749.2,25.44,16.59
"2020-09-22 15:15:00",86158,13.48,32.78,749.1,25.99,16.34
"2020-09-22 15:20:00",86159,13.47,32.98,749.1,25.44,17.75
"2020-09-22 15:25:00",86160,13.48,33.13,749.1,25.13,16.75
"2020-09-22 15:30:00",86161,13.48,33.17,749.1,25.58,15.3
"2020-09-22 15:35:00",86162,13.48,33.18,749.1,25.07,15.49
"2020-09-22 15:40:00",86163,13.48,33.21,749,26.14,15.68
"2020-09-22 15:45:00",86164,13.48,33.36,749,26.29,15.19
"2020-09-22 15:50:00",86165,13.48,33.56,749,25.79,14.89
"2020-09-22 15:55:00",86166,13.48,33.69,749,25.74,14.46
"2020-09-22 16:00:00",86167,13.48,33.7,748.9,25.97,15.35
"2020-09-22 16:05:00",86168,13.48,33.7,748.9,26.24,14.27
"2020-09-22 16:10:00",86169,13.48,33.73,748.9,26.04,13.56
"2020-09-22 16:15:00",86170,13.45,33.79,748.8,25.78,13.33
"2020-09-22 16:20:00",86171,13.45,33.85,748.8,25.8,13.9
"2020-09-22 16:25:00",86172,13.45,33.92,748.8,25.74,13.26
"2020-09-22 16:30:00",86173,13.45,33.93,748.8,25.44,12.89
"2020-09-22 16:35:00",86174,13.46,33.89,748.8,25.81,12.84
"2020-09-22 16:40:00",86175,13.46,33.88,748.8,25.76,11.84
"2020-09-22 16:45:00",86176,13.45,33.79,748.8,25.83,11.27
"2020-09-22 16:50:00",86177,13.45,33.76,748.9,26.37,10.8
"2020-09-22 16:55:00",86178,13.45,33.82,748.9,25.75,12.62
"2020-09-22 17:00:00",86179,13.45,33.83,748.8,25.47,11.54
"2020-09-22 17:05:00",86180,13.45,33.75,748.8,25.46,11.26
"2020-09-22 17:10:00",86181,13.45,33.64,748.9,25.8,10.92
"2020-09-22 17:15:00",86182,13.45,33.54,748.9,25.75,11.13
"2020-09-22 17:20:00",86183,13.45,33.45,748.9,25.84,11.63
"2020-09-22 17:25:00",86184,13.45,33.35,748.9,24.83,17.02
"2020-09-22 17:30:00",86185,13.45,33.06,749,24.66,17.43
"2020-09-22 17:35:00",86186,13.45,32.47,749,24.54,18.95
"2020-09-22 17:40:00",86187,13.29,31.39,749,24.26,20.67
"2020-09-22 17:45:00",86188,13.18,30.6,749.1,23.92,20.65
"2020-09-22 17:50:00",86189,13.13,29.92,749.1,23.92,19.75
"2020-09-22 17:55:00",86190,13.09,29.31,749.2,23.82,20.3
"2020-09-22 18:00:00",86191,13.06,28.76,749.2,23.81,20.26
"2020-09-22 18:05:00",86192,13.03,28.27,749.2,23.62,20.98
"2020-09-22 18:10:00",86193,13.01,27.8,749.2,23.55,20.15
"2020-09-22 18:15:00",86194,13,27.35,749.3,23.38,20.55
"2020-09-22 18:20:00",86195,12.98,26.93,749.4,23.2,19.78
"2020-09-22 18:25:00",86196,12.97,26.53,749.5,23.11,21.5
"2020-09-22 18:30:00",86197,12.97,26.12,749.6,22.58,26.38
"2020-09-22 18:35:00",86198,12.96,25.71,749.6,22.15,28.01
"2020-09-22 18:40:00",86199,12.96,25.32,749.7,21.83,29.09
"2020-09-22 18:45:00",86200,12.96,24.97,749.8,21.77,28.28
"2020-09-22 18:50:00",86201,12.95,24.67,749.9,21.63,29.38
"2020-09-22 18:55:00",86202,12.95,24.37,750.1,21.38,28.89
"2020-09-22 19:00:00",86203,12.95,24.12,750.2,21.4,28.32
"2020-09-22 19:05:00",86204,12.95,23.86,750.3,21.34,28.05
"2020-09-22 19:10:00",86205,12.94,23.64,750.4,21.04,29.23
"2020-09-22 19:15:00",86206,12.94,23.43,750.5,20.47,31.06
"2020-09-22 19:20:00",86207,12.94,23.21,750.6,20.05,31.22
"2020-09-22 19:25:00",86208,12.93,22.94,750.7,19.99,31.88
"2020-09-22 19:30:00",86209,12.93,22.69,750.8,19.69,33.37
"2020-09-22 19:35:00",86210,12.93,22.45,750.9,19.35,34.33
"2020-09-22 19:40:00",86211,12.92,22.24,751.1,19.34,34.46
"2020-09-22 19:45:00",86212,12.92,22.04,751.1,19.5,33.65
"2020-09-22 19:50:00",86213,12.92,21.84,751.2,19.52,34.08
"2020-09-22 19:55:00",86214,12.92,21.66,751.2,19.22,36.28
"2020-09-22 20:00:00",86215,12.92,21.47,751.3,18.67,36.43
"2020-09-22 20:05:00",86216,12.91,21.28,751.4,18.85,37.09
"2020-09-22 20:10:00",86217,12.91,21.11,751.5,18.58,37.65
"2020-09-22 20:15:00",86218,12.91,20.93,751.6,18.45,37.87
"2020-09-22 20:20:00",86219,12.9,20.75,751.7,18.2,38.26
"2020-09-22 20:25:00",86220,12.9,20.53,751.8,18.08,38.57
"2020-09-22 20:30:00",86221,12.9,20.34,751.9,18.08,38.51
"2020-09-22 20:35:00",86222,12.89,20.16,751.9,18.2,38.65
"2020-09-22 20:40:00",86223,12.89,20.02,752,18.53,36.74
"2020-09-22 20:45:00",86224,12.89,19.92,752,18.53,37.13
"2020-09-22 20:50:00",86225,12.89,19.88,752.1,18.62,36.81
"2020-09-22 20:55:00",86226,12.89,19.83,752.2,18.58,37
"2020-09-22 21:00:00",86227,12.89,19.78,752.2,18.51,37.58
"2020-09-22 21:05:00",86228,12.88,19.71,752.3,18.13,38.45
"2020-09-22 21:10:00",86229,12.88,19.6,752.4,17.9,38.72
"2020-09-22 21:15:00",86230,12.88,19.47,752.4,17.9,39.04
"2020-09-22 21:20:00",86231,12.88,19.35,752.5,17.98,39.11
"2020-09-22 21:25:00",86232,12.88,19.25,752.5,17.7,40.6
"2020-09-22 21:30:00",86233,12.87,19.13,752.6,17.43,40.89
"2020-09-22 21:35:00",86234,12.87,19.02,752.7,17.34,39.59
"2020-09-22 21:40:00",86235,12.87,18.9,752.7,17.18,41.63
"2020-09-22 21:45:00",86236,12.87,18.8,752.8,17.2,42.2
"2020-09-22 21:50:00",86237,12.87,18.69,752.8,17.36,42.25
"2020-09-22 21:55:00",86238,12.86,18.62,752.9,17.45,40.82
"2020-09-22 22:00:00",86239,12.86,18.57,752.9,17.38,40.88
"2020-09-22 22:05:00",86240,12.86,18.51,753,17.21,40.16
"2020-09-22 22:10:00",86241,12.86,18.45,753.1,17.01,40.39
"2020-09-22 22:15:00",86242,12.86,18.37,753.1,17.01,40.78
"2020-09-22 22:20:00",86243,12.86,18.31,753.2,16.97,40.52
"2020-09-22 22:25:00",86244,12.86,18.26,753.3,16.97,40.32
"2020-09-22 22:30:00",86245,12.85,18.19,753.3,16.53,42.96
"2020-09-22 22:35:00",86246,12.85,18.12,753.3,16.7,42.34
"2020-09-22 22:40:00",86247,12.85,18.07,753.4,16.61,42.33
"2020-09-22 22:45:00",86248,12.85,18.02,753.4,16.71,42.21
"2020-09-22 22:50:00",86249,12.84,17.99,753.4,16.8,41.71
"2020-09-22 22:55:00",86250,12.84,17.94,753.4,16.63,42.9
"2020-09-22 23:00:00",86251,12.84,17.86,753.4,16.12,44.96
"2020-09-22 23:05:00",86252,12.84,17.73,753.4,15.81,45.43
"2020-09-22 23:10:00",86253,12.84,17.6,753.4,16.02,44.95
"2020-09-22 23:15:00",86254,12.84,17.5,753.4,16.41,43.7
"2020-09-22 23:20:00",86255,12.84,17.4,753.4,16.48,44.06
"2020-09-22 23:25:00",86256,12.83,17.33,753.4,16.42,43.96
"2020-09-22 23:30:00",86257,12.83,17.28,753.5,16.19,46.08
"2020-09-22 23:35:00",86258,12.83,17.19,753.5,15.68,47.08
"2020-09-22 23:40:00",86259,12.83,17.07,753.5,15.5,47.87
"2020-09-22 23:45:00",86260,12.83,16.94,753.6,15.17,49.22
"2020-09-22 23:50:00",86261,12.83,16.82,753.6,15.08,51.28
"2020-09-22 23:55:00",86262,12.82,16.69,753.6,15,52.31
"2020-09-23 00:00:00",86263,12.82,16.56,753.5,14.96,52.95
"2020-09-23 00:05:00",86264,12.82,16.45,753.5,14.73,52.46
"2020-09-23 00:10:00",86265,12.82,16.38,753.5,15.04,53.24
"2020-09-23 00:15:00",86266,12.82,16.33,753.5,14.54,54.24
"2020-09-23 00:20:00",86267,12.82,16.29,753.5,14.5,53.59
"2020-09-23 00:25:00",86268,12.82,16.24,753.5,14.68,52.27
"2020-09-23 00:30:00",86269,12.81,16.19,753.6,14.76,53.66
"2020-09-23 00:35:00",86270,12.81,16.14,753.6,14.28,56.32
"2020-09-23 00:40:00",86271,12.81,16.05,753.7,14.26,55.89
"2020-09-23 00:45:00",86272,12.81,15.99,753.6,14.42,55.49
"2020-09-23 00:50:00",86273,12.81,15.93,753.6,14.18,54.94
"2020-09-23 00:55:00",86274,12.8,15.88,753.6,14.19,55.64
"2020-09-23 01:00:00",86275,12.8,15.81,753.6,13.95,56.63
"2020-09-23 01:05:00",86276,12.8,15.71,753.6,13.59,57.51
"2020-09-23 01:10:00",86277,12.8,15.59,753.6,13.53,57.17
"2020-09-23 01:15:00",86278,12.8,15.46,753.6,13.54,56.72
"2020-09-23 01:20:00",86279,12.79,15.33,753.5,13.41,55.55
"2020-09-23 01:25:00",86280,12.79,15.21,753.5,13.49,55.32
"2020-09-23 01:30:00",86281,12.79,15.09,753.5,13.4,54.52
"2020-09-23 01:35:00",86282,12.79,14.97,753.4,13.39,54.98
"2020-09-23 01:40:00",86283,12.79,14.89,753.4,13.34,55.9
"2020-09-23 01:45:00",86284,12.79,14.79,753.3,13.37,55.34
"2020-09-23 01:50:00",86285,12.79,14.73,753.3,13.64,54.38
"2020-09-23 01:55:00",86286,12.78,14.7,753.3,13.67,55.41
"2020-09-23 02:00:00",86287,12.78,14.7,753.3,13.48,56.38
"2020-09-23 02:05:00",86288,12.78,14.68,753.3,13.15,57.23
"2020-09-23 02:10:00",86289,12.78,14.63,753.3,12.84,58.91
"2020-09-23 02:15:00",86290,12.77,14.56,753.3,12.53,59.55
"2020-09-23 02:20:00",86291,12.77,14.45,753.3,12.38,60.29
"2020-09-23 02:25:00",86292,12.77,14.34,753.2,12.44,60.04
"2020-09-23 02:30:00",86293,12.77,14.22,753.2,12.53,59.67
"2020-09-23 02:35:00",86294,12.76,14.13,753.2,12.42,60.71
"2020-09-23 02:40:00",86295,12.76,14.03,753.2,12.5,59.57
"2020-09-23 02:45:00",86296,12.76,13.95,753.1,12.5,59.84
"2020-09-23 02:50:00",86297,12.76,13.87,753.1,12.44,60.69
"2020-09-23 02:55:00",86298,12.75,13.77,753.1,12.3,62.96
"2020-09-23 03:00:00",86299,12.75,13.67,753.1,11.63,64.94
"2020-09-23 03:05:00",86300,12.75,13.57,753.1,11.61,66.61
"2020-09-23 03:10:00",86301,12.75,13.45,753.1,11.42,67.04
"2020-09-23 03:15:00",86302,12.74,13.34,753.1,11.58,66.32
"2020-09-23 03:20:00",86303,12.74,13.23,753.1,11.84,64.31
"2020-09-23 03:25:00",86304,12.74,13.13,753.1,11.85,64.78
"2020-09-23 03:30:00",86305,12.73,13.05,753,11.82,61.59
"2020-09-23 03:35:00",86306,12.73,12.99,753.1,11.92,61.66
"2020-09-23 03:40:00",86307,12.73,12.93,753,11.9,62.86
"2020-09-23 03:45:00",86308,12.73,12.9,753.1,11.9,65.57
"2020-09-23 03:50:00",86309,12.73,12.88,753.1,11.7,67.43
"2020-09-23 03:55:00",86310,12.72,12.84,753.1,11.32,69.63
"2020-09-23 04:00:00",86311,12.72,12.78,753,11.07,72.35
"2020-09-23 04:05:00",86312,12.71,12.71,753.1,10.78,73.89
"2020-09-23 04:10:00",86313,12.71,12.62,753.1,10.71,72.59
"2020-09-23 04:15:00",86314,12.71,12.53,753.1,10.52,72.29
"2020-09-23 04:20:00",86315,12.71,12.43,753.1,10.44,72.11
"2020-09-23 04:25:00",86316,12.7,12.33,753.1,10.48,69.49
"2020-09-23 04:30:00",86317,12.7,12.21,753.1,10.53,69.19
"2020-09-23 04:35:00",86318,12.69,12.11,753.1,10.76,70.74
"2020-09-23 04:40:00",86319,12.69,12.03,753.1,10.81,69.95
"2020-09-23 04:45:00",86320,12.69,11.95,753.2,10.91,70.79
"2020-09-23 04:50:00",86321,12.69,11.91,753.2,10.81,71.51
"2020-09-23 04:55:00",86322,12.68,11.87,753.3,10.68,71.2
"2020-09-23 05:00:00",86323,12.68,11.83,753.3,10.49,71.11
"2020-09-23 05:05:00",86324,12.67,11.79,753.4,10.38,71.2
"2020-09-23 05:10:00",86325,12.67,11.75,753.4,10.52,71.85
"2020-09-23 05:15:00",86326,12.67,11.7,753.4,10.51,72.57
"2020-09-23 05:20:00",86327,12.67,11.64,753.4,10.19,73.46
"2020-09-23 05:25:00",86328,12.66,11.57,753.5,10.19,72.88
"2020-09-23 05:30:00",86329,12.66,11.52,753.5,10.17,73.82
"2020-09-23 05:35:00",86330,12.66,11.46,753.6,10.19,75.49
"2020-09-23 05:40:00",86331,12.65,11.4,753.6,10.06,74.52
"2020-09-23 05:45:00",86332,12.65,11.34,753.7,10.03,73.48
"2020-09-23 05:50:00",86333,12.64,11.31,753.8,10.04,73.29
"2020-09-23 05:55:00",86334,12.64,11.27,753.9,10.09,73.41
"2020-09-23 06:00:00",86335,12.63,11.24,753.9,10.11,73.84
"2020-09-23 06:05:00",86336,12.63,11.24,754,10,74.93
"2020-09-23 06:10:00",86337,12.63,11.26,754.1,9.77,74.74
"2020-09-23 06:15:00",86338,12.63,11.26,754.2,9.68,74.66
"2020-09-23 06:20:00",86339,12.64,11.22,754.2,9.85,74.56
"2020-09-23 06:25:00",86340,12.68,11.25,754.3,10.22,71.98
"2020-09-23 06:30:00",86341,12.74,11.33,754.4,10.56,70.89
"2020-09-23 06:35:00",86342,12.82,11.46,754.5,11.03,69.43
"2020-09-23 06:40:00",86343,12.95,11.7,754.6,11.23,68.55
"2020-09-23 06:45:00",86344,13.13,11.99,754.6,11.35,67.63
"2020-09-23 06:50:00",86345,13.33,12.37,754.7,11.5,67.34
"2020-09-23 06:55:00",86346,13.5,12.82,754.7,11.69,66.31
"2020-09-23 07:00:00",86347,13.62,13.34,754.8,11.95,64.88
"2020-09-23 07:05:00",86348,13.71,13.94,754.9,12.36,62.94
"2020-09-23 07:10:00",86349,13.77,14.59,754.9,12.72,61.74
"2020-09-23 07:15:00",86350,13.84,15.32,755,13.17,60.06
"2020-09-23 07:20:00",86351,13.92,16.07,755.2,13.56,59.42
"2020-09-23 07:25:00",86352,13.87,17.46,755.2,14.16,56.6
"2020-09-23 07:30:00",86353,13.78,18.69,755.3,14.44,55.65
"2020-09-23 07:35:00",86354,13.75,19.54,755.3,14.14,56.81
"2020-09-23 07:40:00",86355,13.75,20.25,755.3,14.38,56.12
"2020-09-23 07:45:00",86356,13.73,20.85,755.4,14.33,55.48
"2020-09-23 07:50:00",86357,13.73,21.41,755.5,14.3,54.9
"2020-09-23 07:55:00",86358,13.7,21.92,755.5,15.38,51.69
"2020-09-23 08:00:00",86359,13.7,22.4,755.5,14.89,52.18
"2020-09-23 08:05:00",86360,13.7,22.87,755.6,16.16,50.56
"2020-09-23 08:10:00",86361,13.67,23.31,755.6,16.4,49.7
"2020-09-23 08:15:00",86362,13.68,23.77,755.6,16.2,48.92
"2020-09-23 08:20:00",86363,13.65,24.23,755.6,16.64,46.73
"2020-09-23 08:25:00",86364,13.65,24.62,755.7,17.48,44.43
"2020-09-23 08:30:00",86365,13.65,25.07,755.7,17.19,43.25
"2020-09-23 08:35:00",86366,13.65,25.5,755.8,17.93,39.66
"2020-09-23 08:40:00",86367,13.62,25.91,755.8,17.76,39.54
"2020-09-23 08:45:00",86368,13.62,26.31,755.8,17.77,40.03
"2020-09-23 08:50:00",86369,13.6,26.69,755.9,18.33,39.86
"2020-09-23 08:55:00",86370,13.59,27.03,755.9,18.68,37.86
"2020-09-23 09:00:00",86371,13.6,27.4,755.8,18.88,37.71
"2020-09-23 09:05:00",86372,13.57,27.81,755.8,19.55,35.69
"2020-09-23 09:10:00",86373,13.57,28.17,755.8,19.46,35.46
"2020-09-23 09:15:00",86374,13.57,28.53,755.8,20.02,34
"2020-09-23 09:20:00",86375,13.57,28.95,755.8,20.75,31.88
"2020-09-23 09:25:00",86376,13.55,29.33,755.8,20.74,32.74
"2020-09-23 09:30:00",86377,13.55,29.78,755.8,20.61,32.86
"2020-09-23 09:35:00",86378,13.55,30.23,755.7,21.39,30.93
"2020-09-23 09:40:00",86379,13.53,30.61,755.7,20.92,31.56
"2020-09-23 09:45:00",86380,13.53,30.9,755.7,20.47,31.52
"2020-09-23 09:50:00",86381,13.53,31.11,755.7,20.97,32.23
"2020-09-23 09:55:00",86382,13.5,31.32,755.6,21.49,29.94
"2020-09-23 10:00:00",86383,13.51,31.52,755.6,20.52,31.92
"2020-09-23 10:05:00",86384,13.51,31.67,755.5,19.77,32.35
"2020-09-23 10:10:00",86385,13.51,31.67,755.5,19.48,32.39
"2020-09-23 10:15:00",86386,13.51,31.61,755.5,20.69,30.07
"2020-09-23 10:20:00",86387,13.51,31.58,755.5,21.17,30.11
"2020-09-23 10:25:00",86388,13.51,31.67,755.5,21.77,29.32
"2020-09-23 10:30:00",86389,13.51,31.86,755.5,21.97,27.69
"2020-09-23 10:35:00",86390,13.51,32,755.4,21.61,27.93
"2020-09-23 10:40:00",86391,13.51,32.04,755.4,21.91,23.48
"2020-09-23 10:45:00",86392,13.51,32.05,755.4,22.1,22.12
"2020-09-23 10:50:00",86393,13.51,32.05,755.4,21.43,25.38
"2020-09-23 10:55:00",86394,13.51,32.01,755.3,22.51,22.63
"2020-09-23 11:00:00",86395,13.51,32.02,755.2,22.73,22.85
"2020-09-23 11:05:00",86396,13.49,32.06,755.2,22.37,24.05
"2020-09-23 11:10:00",86397,13.49,32.09,755.1,22.87,23.41
"2020-09-23 11:15:00",86398,13.49,32.13,755.1,22.45,20.87
"2020-09-23 11:20:00",86399,13.49,32.15,755.1,22.98,19.77
"2020-09-23 11:25:00",86400,13.49,32.23,754.9,22.96,19.14
"2020-09-23 11:30:00",86401,13.49,32.33,754.9,23.84,18.22
"2020-09-23 11:35:00",86402,13.49,32.45,754.8,24.14,18.83
"2020-09-23 11:40:00",86403,13.49,32.6,754.8,23.8,19.19
"2020-09-23 11:45:00",86404,13.49,32.69,754.7,22.91,19
"2020-09-23 11:50:00",86405,13.49,32.69,754.7,24.33,17.41
"2020-09-23 11:55:00",86406,13.49,32.76,754.6,24.46,16.93
"2020-09-23 12:00:00",86407,13.49,32.86,754.5,25.38,16.55
"2020-09-23 12:05:00",86408,13.47,32.99,754.4,24.41,16.29
"2020-09-23 12:10:00",86409,13.47,33.06,754.3,24.79,16.8
"2020-09-23 12:15:00",86410,13.47,33.09,754.2,24.11,17.47
"2020-09-23 12:20:00",86411,13.47,33.11,754.2,25.66,15.8
"2020-09-23 12:25:00",86412,13.47,33.16,754,24.95,14.81
"2020-09-23 12:30:00",86413,13.47,33.21,753.9,25.24,16.83
"2020-09-23 12:35:00",86414,13.47,33.22,753.8,25.17,16.82
"2020-09-23 12:40:00",86415,13.47,33.18,753.8,24.81,16.67
"2020-09-23 12:45:00",86416,13.47,33.08,753.6,25.08,15.84
"2020-09-23 12:50:00",86417,13.47,32.98,753.6,24.59,16.3
"2020-09-23 12:55:00",86418,13.47,32.84,753.5,24.84,17.09
"2020-09-23 13:00:00",86419,13.47,32.74,753.3,24.85,15.69
"2020-09-23 13:05:00",86420,13.47,32.61,753.2,25.29,16.13
"2020-09-23 13:10:00",86421,13.47,32.53,753.2,25.81,15.84
"2020-09-23 13:15:00",86422,13.47,32.49,753.1,25.52,15.93
"2020-09-23 13:20:00",86423,13.47,32.51,753,25.41,14.38
"2020-09-23 13:25:00",86424,13.47,32.5,752.9,25.99,14.54
"2020-09-23 13:30:00",86425,13.47,32.5,752.8,26.13,13.95
"2020-09-23 13:35:00",86426,13.47,32.56,752.8,25.92,14.05
"2020-09-23 13:40:00",86427,13.48,32.61,752.7,25.75,15.24
"2020-09-23 13:45:00",86428,13.48,32.6,752.6,25.68,12.94
"2020-09-23 13:50:00",86429,13.47,32.62,752.6,25.91,13.05
"2020-09-23 13:55:00",86430,13.47,32.65,752.4,26.13,12.78
"2020-09-23 14:00:00",86431,13.47,32.7,752.3,26.64,12.59
"2020-09-23 14:05:00",86432,13.48,32.78,752.3,26.33,12.36
"2020-09-23 14:10:00",86433,13.48,32.93,752.1,26.43,12.15
"2020-09-23 14:15:00",86434,13.47,33.05,752,26.91,12.67
"2020-09-23 14:20:00",86435,13.48,33.2,752,27.55,11.84
"2020-09-23 14:25:00",86436,13.48,33.42,751.8,27.96,10.28
"2020-09-23 14:30:00",86437,13.48,33.67,751.7,27.16,10.9
"2020-09-23 14:35:00",86438,13.48,33.83,751.7,27.24,11.33
"2020-09-23 14:40:00",86439,13.48,33.99,751.6,27.86,11
"2020-09-23 14:45:00",86440,13.45,34.18,751.5,27.18,10.97
"2020-09-23 14:50:00",86441,13.45,34.34,751.5,27.63,10.63
"2020-09-23 14:55:00",86442,13.45,34.49,751.4,27.2,11.76
"2020-09-23 15:00:00",86443,13.45,34.55,751.3,26.52,12.23
"2020-09-23 15:05:00",86444,13.45,34.54,751.2,26.65,12.16
"2020-09-23 15:10:00",86445,13.45,34.51,751.2,26.83,11.03
"2020-09-23 15:15:00",86446,13.45,34.51,751.2,27.14,11.18
"2020-09-23 15:20:00",86447,13.45,34.53,751.2,26.88,11.46
"2020-09-23 15:25:00",86448,13.45,34.63,751.1,27.96,10.28
"2020-09-23 15:30:00",86449,13.45,34.76,751,27.78,11.64
"2020-09-23 15:35:00",86450,13.45,34.93,751,27.04,11.82
"2020-09-23 15:40:00",86451,13.45,35.06,750.9,26.81,11.17
"2020-09-23 15:45:00",86452,13.43,35.08,750.9,27.16,11.33
"2020-09-23 15:50:00",86453,13.43,35.12,750.8,27.83,10.78
"2020-09-23 15:55:00",86454,13.43,35.02,750.7,26.51,11.73
"2020-09-23 16:00:00",86455,13.43,34.77,750.7,27.73,11.06
"2020-09-23 16:05:00",86456,13.43,34.73,750.7,27.9,11.79
"2020-09-23 16:10:00",86457,13.43,34.8,750.7,27.96,10.93
"2020-09-23 16:15:00",86458,13.43,34.86,750.8,26.84,11.46
"2020-09-23 16:20:00",86459,13.43,34.84,750.8,26.62,11.52
"2020-09-23 16:25:00",86460,13.43,34.75,750.7,26.75,12.38
"2020-09-23 16:30:00",86461,13.43,34.68,750.7,27.5,12.13
"2020-09-23 16:35:00",86462,13.43,34.62,750.8,27.21,12.19
"2020-09-23 16:40:00",86463,13.43,34.56,750.8,28.14,13.08
"2020-09-23 16:45:00",86464,13.43,34.55,750.8,27.34,12.26
"2020-09-23 16:50:00",86465,13.43,34.57,750.8,27.15,12.33
"2020-09-23 16:55:00",86466,13.43,34.58,750.8,27.32,11.69
"2020-09-23 17:00:00",86467,13.43,34.51,750.8,27.34,11.69
"2020-09-23 17:05:00",86468,13.43,34.45,750.9,27.14,17.42
"2020-09-23 17:10:00",86469,13.43,34.31,750.8,26.53,20.43
"2020-09-23 17:15:00",86470,13.43,33.98,750.9,26.01,19.94
"2020-09-23 17:20:00",86471,13.43,33.58,751.1,25.92,20.57
"2020-09-23 17:25:00",86472,13.43,33.26,751.1,25.9,15.81
"2020-09-23 17:30:00",86473,13.43,32.9,751.1,25.84,14.82
"2020-09-23 17:35:00",86474,13.43,32.55,751.2,25.5,14.1
"2020-09-23 17:40:00",86475,13.43,32.2,751.2,25.63,12.9
"2020-09-23 17:45:00",86476,13.43,31.82,751.3,25.62,12.55
"2020-09-23 17:50:00",86477,13.27,31,751.4,25.59,12.12
"2020-09-23 17:55:00",86478,13.13,30.35,751.4,25.28,11.54
"2020-09-23 18:00:00",86479,13.07,29.82,751.5,25.2,12.07
"2020-09-23 18:05:00",86480,13.03,29.32,751.6,24.95,11.81
"2020-09-23 18:10:00",86481,13.01,28.85,751.6,24.72,10.91
"2020-09-23 18:15:00",86482,13,28.41,751.6,24.42,11.72
"2020-09-23 18:20:00",86483,12.98,27.95,751.7,24.16,11.35
"2020-09-23 18:25:00",86484,12.97,27.54,751.7,23.96,12.83
"2020-09-23 18:30:00",86485,12.97,27.12,751.8,23.82,14.58
"2020-09-23 18:35:00",86486,12.97,26.71,751.8,23.79,15.25
"2020-09-23 18:40:00",86487,12.96,26.37,751.9,23.57,16.32
"2020-09-23 18:45:00",86488,12.96,26.08,751.9,23.33,17.5
"2020-09-23 18:50:00",86489,12.96,25.79,752.1,23.18,17.91
"2020-09-23 18:55:00",86490,12.95,25.53,752.1,23.06,18.59
"2020-09-23 19:00:00",86491,12.95,25.3,752.1,22.91,18.24
"2020-09-23 19:05:00",86492,12.95,25.11,752.2,22.75,18.58
"2020-09-23 19:10:00",86493,12.94,24.91,752.2,22.51,19.12
"2020-09-23 19:15:00",86494,12.94,24.69,752.2,22.38,18.87
"2020-09-23 19:20:00",86495,12.94,24.5,752.3,22.39,18.49
"2020-09-23 19:25:00",86496,12.93,24.33,752.4,22.36,18.14
"2020-09-23 19:30:00",86497,12.93,24.16,752.4,22.26,18.13
"2020-09-23 19:35:00",86498,12.93,24.03,752.5,22.11,18.88
"2020-09-23 19:40:00",86499,12.93,23.89,752.6,21.94,19.77
"2020-09-23 19:45:00",86500,12.92,23.76,752.7,21.83,20.56
"2020-09-23 19:50:00",86501,12.92,23.62,752.8,21.72,21.07
"2020-09-23 19:55:00",86502,12.92,23.5,752.9,21.62,21.75
"2020-09-23 20:00:00",86503,12.91,23.37,753,21.41,22.28
"2020-09-23 20:05:00",86504,12.91,23.25,753,21.33,22.76
"2020-09-23 20:10:00",86505,12.91,23.1,753.1,21.13,23.15
"2020-09-23 20:15:00",86506,12.91,22.95,753.2,20.79,23.61
"2020-09-23 20:20:00",86507,12.91,22.76,753.3,20.49,24.6
"2020-09-23 20:25:00",86508,12.9,22.55,753.4,19.74,26.64
"2020-09-23 20:30:00",86509,12.9,22.28,753.4,19.14,29.21
"2020-09-23 20:35:00",86510,12.9,21.99,753.5,18.98,28.53
"2020-09-23 20:40:00",86511,12.9,21.7,753.5,18.83,28.05
"2020-09-23 20:45:00",86512,12.89,21.42,753.6,18.78,29.28
"2020-09-23 20:50:00",86513,12.89,21.17,753.7,19.07,27.87
"2020-09-23 20:55:00",86514,12.89,20.95,753.8,19.33,28.02
"2020-09-23 21:00:00",86515,12.89,20.81,753.8,19.1,28.94
"2020-09-23 21:05:00",86516,12.89,20.68,753.9,18.92,29.06
"2020-09-23 21:10:00",86517,12.88,20.55,753.9,18.53,29.43
"2020-09-23 21:15:00",86518,12.88,20.42,754,18.71,29.01
"2020-09-23 21:20:00",86519,12.88,20.28,754,18.6,29.73
"2020-09-23 21:25:00",86520,12.88,20.17,754.1,18.74,29.18
"2020-09-23 21:30:00",86521,12.87,20.04,754.1,18.43,30.45
"2020-09-23 21:35:00",86522,12.87,19.91,754.2,18.28,31.07
"2020-09-23 21:40:00",86523,12.87,19.79,754.2,18.44,28.35
"2020-09-23 21:45:00",86524,12.87,19.67,754.3,18.64,27.16
"2020-09-23 21:50:00",86525,12.87,19.58,754.3,18.53,26.55
"2020-09-23 21:55:00",86526,12.86,19.5,754.3,18.43,25.67
"2020-09-23 22:00:00",86527,12.86,19.4,754.4,18.36,25.8
"2020-09-23 22:05:00",86528,12.86,19.3,754.5,17.9,29.84
"2020-09-23 22:10:00",86529,12.86,19.18,754.5,17.37,29.33
"2020-09-23 22:15:00",86530,12.86,19.04,754.5,17.1,29.51
"2020-09-23 22:20:00",86531,12.85,18.89,754.6,16.89,30.68
"2020-09-23 22:25:00",86532,12.85,18.71,754.6,16.67,30.3
"2020-09-23 22:30:00",86533,12.85,18.52,754.6,16.22,31.38
"2020-09-23 22:35:00",86534,12.85,18.34,754.6,16.31,30.17
"2020-09-23 22:40:00",86535,12.85,18.16,754.6,16.3,30.37
"2020-09-23 22:45:00",86536,12.84,18.02,754.6,16.71,29.57
"2020-09-23 22:50:00",86537,12.84,17.9,754.7,16.94,28.3
"2020-09-23 22:55:00",86538,12.84,17.82,754.7,16.47,30.71
"2020-09-23 23:00:00",86539,12.84,17.74,754.7,16.28,30.27
"2020-09-23 23:05:00",86540,12.84,17.65,754.7,15.5,34.1
"2020-09-23 23:10:00",86541,12.84,17.53,754.7,15.48,29.83
"2020-09-23 23:15:00",86542,12.84,17.41,754.7,15.81,30.88
"2020-09-23 23:20:00",86543,12.83,17.3,754.7,15.53,30.89
"2020-09-23 23:25:00",86544,12.83,17.19,754.7,15.71,30.22
"2020-09-23 23:30:00",86545,12.83,17.07,754.7,15.24,38.47
"2020-09-23 23:35:00",86546,12.83,16.93,754.7,14.79,36.17
"2020-09-23 23:40:00",86547,12.83,16.81,754.7,15.26,36.05
"2020-09-23 23:45:00",86548,12.82,16.69,754.7,15.18,34.13
"2020-09-23 23:50:00",86549,12.82,16.59,754.7,15.39,31.24
"2020-09-23 23:55:00",86550,12.82,16.48,754.7,15.11,33.73
"2020-09-24 00:00:00",86551,12.82,16.36,754.7,14.86,33.29
"2020-09-24 00:05:00",86552,12.82,16.23,754.7,14.94,33.65
"2020-09-24 00:10:00",86553,12.82,16.13,754.6,15.11,36.33
"2020-09-24 00:15:00",86554,12.82,16.04,754.6,15.05,35.29
"2020-09-24 00:20:00",86555,12.81,15.94,754.5,14.7,37
"2020-09-24 00:25:00",86556,12.81,15.84,754.5,14.71,35.32
"2020-09-24 00:30:00",86557,12.81,15.76,754.4,14.82,35.69
"2020-09-24 00:35:00",86558,12.81,15.66,754.4,14.74,37.26
"2020-09-24 00:40:00",86559,12.8,15.57,754.3,14.32,38.5
"2020-09-24 00:45:00",86560,12.8,15.48,754.3,14.05,38.02
"2020-09-24 00:50:00",86561,12.8,15.38,754.3,13.89,37.46
"2020-09-24 00:55:00",86562,12.8,15.3,754.2,13.99,37.79
"2020-09-24 01:00:00",86563,12.8,15.21,754.2,13.77,39.37
"2020-09-24 01:05:00",86564,12.8,15.12,754.2,13.55,40.46
"2020-09-24 01:10:00",86565,12.79,15,754.1,13.4,41.33
"2020-09-24 01:15:00",86566,12.79,14.89,754.1,13.17,45.92
"2020-09-24 01:20:00",86567,12.79,14.76,754.1,12.96,45.55
"2020-09-24 01:25:00",86568,12.79,14.62,754,12.74,47.88
"2020-09-24 01:30:00",86569,12.78,14.48,754,12.78,48.1
"2020-09-24 01:35:00",86570,12.79,14.35,753.9,12.92,48.65
"2020-09-24 01:40:00",86571,12.78,14.25,753.9,12.68,50.12
"2020-09-24 01:45:00",86572,12.78,14.13,753.9,12.42,49.35
"2020-09-24 01:50:00",86573,12.78,14.02,753.9,12.4,47.28
"2020-09-24 01:55:00",86574,12.78,13.92,753.8,12.62,46.41
"2020-09-24 02:00:00",86575,12.77,13.83,753.8,12.62,46.44
"2020-09-24 02:05:00",86576,12.77,13.75,753.8,12.6,48.57
"2020-09-24 02:10:00",86577,12.77,13.68,753.8,12.72,45.83
"2020-09-24 02:15:00",86578,12.77,13.59,753.8,12.5,48.38
"2020-09-24 02:20:00",86579,12.77,13.51,753.8,12.48,50.95
"2020-09-24 02:25:00",86580,12.76,13.45,753.7,12.31,52.39
"2020-09-24 02:30:00",86581,12.76,13.39,753.7,12.03,52.57
"2020-09-24 02:35:00",86582,12.76,13.3,753.8,11.94,50.33
"2020-09-24 02:40:00",86583,12.75,13.22,753.8,11.94,52.1
"2020-09-24 02:45:00",86584,12.75,13.16,753.8,11.97,50.48
"2020-09-24 02:50:00",86585,12.75,13.09,753.8,11.98,53.74
"2020-09-24 02:55:00",86586,12.75,13.04,753.9,11.92,52.94
"2020-09-24 03:00:00",86587,12.75,13.03,753.9,11.45,55.68
"2020-09-24 03:05:00",86588,12.74,12.99,753.8,11.19,53.81
"2020-09-24 03:10:00",86589,12.74,12.93,753.8,11.25,53.03
"2020-09-24 03:15:00",86590,12.74,12.84,753.8,11.14,52.95
"2020-09-24 03:20:00",86591,12.73,12.71,753.8,11.17,53.47
"2020-09-24 03:25:00",86592,12.73,12.66,753.8,11.23,53.09
"2020-09-24 03:30:00",86593,12.73,12.59,753.9,11.13,53.74
"2020-09-24 03:35:00",86594,12.73,12.51,753.8,11.23,52
"2020-09-24 03:40:00",86595,12.72,12.43,753.8,11.19,53.9
"2020-09-24 03:45:00",86596,12.72,12.37,753.8,11.12,52.16
"2020-09-24 03:50:00",86597,12.72,12.31,753.8,10.91,51.1
"2020-09-24 03:55:00",86598,12.72,12.21,753.8,10.93,52.23
"2020-09-24 04:00:00",86599,12.71,12.13,753.8,10.99,54.41
"2020-09-24 04:05:00",86600,12.71,12.05,753.8,10.7,60.02
"2020-09-24 04:10:00",86601,12.71,11.95,753.9,10.14,61.19
"2020-09-24 04:15:00",86602,12.7,11.82,754,9.94,58.39
"2020-09-24 04:20:00",86603,12.7,11.69,754,10.02,57.49
"2020-09-24 04:25:00",86604,12.7,11.58,754,10.12,55.66
"2020-09-24 04:30:00",86605,12.69,11.48,754.1,10.16,55.64
"2020-09-24 04:35:00",86606,12.69,11.4,754.1,10.3,55.51
"2020-09-24 04:40:00",86607,12.69,11.35,754.1,10.3,56.58
"2020-09-24 04:45:00",86608,12.68,11.29,754.2,10.08,55.98
"2020-09-24 04:50:00",86609,12.68,11.22,754.3,9.9,55.8
"2020-09-24 04:55:00",86610,12.68,11.15,754.3,9.88,57.7
"2020-09-24 05:00:00",86611,12.68,11.06,754.3,9.74,60.45
"2020-09-24 05:05:00",86612,12.67,10.95,754.4,9.49,62.1
"2020-09-24 05:10:00",86613,12.67,10.85,754.4,9.27,66.54
"2020-09-24 05:15:00",86614,12.66,10.75,754.5,9.15,65.63
"2020-09-24 05:20:00",86615,12.66,10.64,754.5,9.16,66.71
"2020-09-24 05:25:00",86616,12.66,10.54,754.6,9.07,65.35
"2020-09-24 05:30:00",86617,12.65,10.44,754.7,9.1,64.29
"2020-09-24 05:35:00",86618,12.65,10.33,754.7,9.04,64.97
"2020-09-24 05:40:00",86619,12.65,10.24,754.8,9.12,65.02
"2020-09-24 05:45:00",86620,12.64,10.16,754.8,9.09,63.2
"2020-09-24 05:50:00",86621,12.64,10.09,754.9,8.96,60.58
"2020-09-24 05:55:00",86622,12.63,10.03,754.9,8.98,63.58
"2020-09-24 06:00:00",86623,12.63,9.99,755,9.09,63.39
"2020-09-24 06:05:00",86624,12.63,10,755,9.27,64.21
"2020-09-24 06:10:00",86625,12.62,10.07,755.1,9.22,64.6
"2020-09-24 06:15:00",86626,12.63,10.14,755.2,9.15,61.9
"2020-09-24 06:20:00",86627,12.63,10.18,755.3,9.08,60.89
"2020-09-24 06:25:00",86628,12.69,10.25,755.4,9.09,60.87
"2020-09-24 06:30:00",86629,12.74,10.36,755.5,9.37,59.95
"2020-09-24 06:35:00",86630,12.84,10.52,755.6,9.78,58.69
"2020-09-24 06:40:00",86631,12.98,10.74,755.6,10.02,58.64
"2020-09-24 06:45:00",86632,13.17,11.05,755.7,10.26,57.58
"2020-09-24 06:50:00",86633,13.39,11.46,755.8,10.55,56.79
"2020-09-24 06:55:00",86634,13.56,11.96,755.8,10.87,56.73
"2020-09-24 07:00:00",86635,13.69,12.53,755.9,10.97,55.16
"2020-09-24 07:05:00",86636,13.77,13.16,755.9,11.59,54.62
"2020-09-24 07:10:00",86637,13.85,13.85,755.9,12.06,51.17
"2020-09-24 07:15:00",86638,13.94,14.61,756,12.32,48.35
"2020-09-24 07:20:00",86639,13.9,16,756,12.64,48.3
"2020-09-24 07:25:00",86640,13.81,17.29,756.1,13.36,44.35
"2020-09-24 07:30:00",86641,13.78,18.19,756.1,13.65,43.44
"2020-09-24 07:35:00",86642,13.78,18.97,756.2,13.66,43
"2020-09-24 07:40:00",86643,13.75,19.65,756.2,13.93,42.27
"2020-09-24 07:45:00",86644,13.75,20.33,756.2,14.25,41.3
"2020-09-24 07:50:00",86645,13.72,20.91,756.2,14.97,39.72
"2020-09-24 07:55:00",86646,13.73,21.53,756.3,15.81,37.75
"2020-09-24 08:00:00",86647,13.7,22.13,756.3,16.2,36.05
"2020-09-24 08:05:00",86648,13.7,22.79,756.3,17.34,31.61
"2020-09-24 08:10:00",86649,13.67,23.39,756.5,17.6,29.15
"2020-09-24 08:15:00",86650,13.67,23.94,756.5,17.27,29.39
"2020-09-24 08:20:00",86651,13.64,24.41,756.5,17.35,29.73
"2020-09-24 08:25:00",86652,13.65,24.89,756.5,18.13,26.32
"2020-09-24 08:30:00",86653,13.65,25.35,756.5,18.62,25.68
"2020-09-24 08:35:00",86654,13.62,25.8,756.4,18.44,25.23
"2020-09-24 08:40:00",86655,13.62,26.31,756.5,19.52,23.01
"2020-09-24 08:45:00",86656,13.6,26.83,756.5,19.28,24.04
"2020-09-24 08:50:00",86657,13.6,27.31,756.5,19.68,23.94
"2020-09-24 08:55:00",86658,13.6,27.78,756.5,18.79,26.2
"2020-09-24 09:00:00",86659,13.57,28.17,756.5,19.32,24.39
"2020-09-24 09:05:00",86660,13.57,28.56,756.5,18.09,25.58
"2020-09-24 09:10:00",86661,13.57,28.81,756.5,18.67,23.53
"2020-09-24 09:15:00",86662,13.55,28.94,756.4,19.2,23.23
"2020-09-24 09:20:00",86663,13.55,29.06,756.4,18.56,23.38
"2020-09-24 09:25:00",86664,13.55,29.17,756.4,18.83,23
"2020-09-24 09:30:00",86665,13.55,29.32,756.4,19.38,22.73
"2020-09-24 09:35:00",86666,13.55,29.56,756.3,20.21,23.23
"2020-09-24 09:40:00",86667,13.55,29.87,756.3,19.3,23.74
"2020-09-24 09:45:00",86668,13.53,30.12,756.3,18.98,23.55
"2020-09-24 09:50:00",86669,13.53,30.27,756.2,20.62,22.09
"2020-09-24 09:55:00",86670,13.53,30.6,756.1,21.13,22.4
"2020-09-24 10:00:00",86671,13.53,30.94,756.1,20.4,22.42
"2020-09-24 10:05:00",86672,13.53,31.22,756.1,20.14,20.52
"2020-09-24 10:10:00",86673,13.51,31.33,756,20.22,20.43
"2020-09-24 10:15:00",86674,13.51,31.4,756,21.45,19.4
"2020-09-24 10:20:00",86675,13.51,31.57,756,21.39,19.15
"2020-09-24 10:25:00",86676,13.51,31.68,755.9,20.82,19.91
"2020-09-24 10:30:00",86677,13.51,31.73,755.9,21.04,19.72
"2020-09-24 10:35:00",86678,13.51,31.76,755.8,21.1,19.65
"2020-09-24 10:40:00",86679,13.51,31.79,755.8,22.31,19.1
"2020-09-24 10:45:00",86680,13.51,31.9,755.8,22.7,19.06
"2020-09-24 10:50:00",86681,13.51,32.1,755.7,22.16,19.65
"2020-09-24 10:55:00",86682,13.49,32.32,755.6,23.01,18.03
"2020-09-24 11:00:00",86683,13.49,32.48,755.6,22.66,17.74
"2020-09-24 11:05:00",86684,13.49,32.57,755.6,23.08,16.68
"2020-09-24 11:10:00",86685,13.49,32.68,755.5,22.81,16.35
"2020-09-24 11:15:00",86686,13.49,32.77,755.4,23.4,11.75
"2020-09-24 11:20:00",86687,13.49,32.85,755.3,23.79,14.79
"2020-09-24 11:25:00",86688,13.49,32.91,755.2,23.51,13.37
"2020-09-24 11:30:00",86689,13.49,32.94,755.1,23.24,13.5
"2020-09-24 11:35:00",86690,13.49,32.91,755,22.93,14.4
"2020-09-24 11:40:00",86691,13.49,32.9,754.9,24.52,13.56
"2020-09-24 11:45:00",86692,13.49,33.01,754.9,24.02,13.75
"2020-09-24 11:50:00",86693,13.49,33.03,754.7,22.97,14.26
"2020-09-24 11:55:00",86694,13.49,33.02,754.6,24.48,13.63
"2020-09-24 12:00:00",86695,13.47,33.05,754.5,23.77,13.77
"2020-09-24 12:05:00",86696,13.47,33.06,754.4,23.63,14.22
"2020-09-24 12:10:00",86697,13.47,33.05,754.3,24.88,13.29
"2020-09-24 12:15:00",86698,13.47,33.03,754.2,24.52,13.77
"2020-09-24 12:20:00",86699,13.47,32.99,754.1,24.67,13.35
"2020-09-24 12:25:00",86700,13.47,32.93,754,24.59,13.77
"2020-09-24 12:30:00",86701,13.47,32.88,753.9,24.34,13.76
"2020-09-24 12:35:00",86702,13.47,32.8,753.8,23.59,13.94
"2020-09-24 12:40:00",86703,13.47,32.65,753.7,24.51,15.32
"2020-09-24 12:45:00",86704,13.47,32.55,753.6,24.29,14.36
"2020-09-24 12:50:00",86705,13.47,32.46,753.5,23.89,14.38
"2020-09-24 12:55:00",86706,13.47,32.32,753.4,24.74,13.71
"2020-09-24 13:00:00",86707,13.47,32.29,753.3,25.11,13.09
"2020-09-24 13:05:00",86708,13.47,32.32,753.2,25.57,12.97
"2020-09-24 13:10:00",86709,13.47,32.41,753.1,25.92,14.68
"2020-09-24 13:15:00",86710,13.48,32.49,753.1,26.01,12.99
"2020-09-24 13:20:00",86711,13.47,32.58,753,25.77,12.91
"2020-09-24 13:25:00",86712,13.47,32.64,752.9,25.47,14.52
"2020-09-24 13:30:00",86713,13.47,32.67,752.8,25.18,13.66
"2020-09-24 13:35:00",86714,13.47,32.63,752.8,25.25,14.01
"2020-09-24 13:40:00",86715,13.48,32.57,752.7,25.04,13.79
"2020-09-24 13:45:00",86716,13.48,32.55,752.6,26.05,12.92
"2020-09-24 13:50:00",86717,13.47,32.57,752.5,25.45,12.89
"2020-09-24 13:55:00",86718,13.48,32.6,752.5,26.03,13.48
"2020-09-24 14:00:00",86719,13.48,32.61,752.4,26.08,13.98
"2020-09-24 14:05:00",86720,13.47,32.67,752.3,26.15,13.21
"2020-09-24 14:10:00",86721,13.48,32.68,752.1,25.75,13.12
"2020-09-24 14:15:00",86722,13.48,32.61,752.1,26.04,12.92
"2020-09-24 14:20:00",86723,13.48,32.63,752,26.18,12.71
"2020-09-24 14:25:00",86724,13.48,32.73,751.9,27.18,12.18
"2020-09-24 14:30:00",86725,13.48,32.92,751.8,26.91,12.03
"2020-09-24 14:35:00",86726,13.47,33.1,751.7,25.45,13.35
"2020-09-24 14:40:00",86727,13.48,33.13,751.6,25.74,13.61
"2020-09-24 14:45:00",86728,13.48,33.07,751.6,25.24,13.45
"2020-09-24 14:50:00",86729,13.48,32.99,751.5,26.08,13.31
"2020-09-24 14:55:00",86730,13.48,32.97,751.4,25.65,13.33
"2020-09-24 15:00:00",86731,13.48,32.94,751.4,26.33,13.85
"2020-09-24 15:05:00",86732,13.48,32.96,751.3,26.21,13.49
"2020-09-24 15:10:00",86733,13.48,33,751.3,26.43,13.36
"2020-09-24 15:15:00",86734,13.48,33.13,751.2,26.88,13.88
"2020-09-24 15:20:00",86735,13.48,33.35,751.2,27.4,13.33
"2020-09-24 15:25:00",86736,13.48,33.66,751.1,26.84,13.73
"2020-09-24 15:30:00",86737,13.45,33.93,751,26.82,14.37
"2020-09-24 15:35:00",86738,13.45,34.14,751,26.89,14.37
"2020-09-24 15:40:00",86739,13.45,34.25,750.9,26.42,14.7
"2020-09-24 15:45:00",86740,13.45,34.18,750.9,26.63,15.17
"2020-09-24 15:50:00",86741,13.45,34.07,750.8,26.06,15.11
"2020-09-24 15:55:00",86742,13.45,33.91,750.8,25.76,14.99
"2020-09-24 16:00:00",86743,13.45,33.78,750.8,27.04,14.38
"2020-09-24 16:05:00",86744,13.45,33.71,750.7,26.66,15.21
"2020-09-24 16:10:00",86745,13.45,33.65,750.7,26.6,15
"2020-09-24 16:15:00",86746,13.45,33.5,750.7,26.31,15.34
"2020-09-24 16:20:00",86747,13.45,33.34,750.7,26.3,16.18
"2020-09-24 16:25:00",86748,13.45,33.21,750.7,26.42,15.06
"2020-09-24 16:30:00",86749,13.45,33.17,750.7,26.17,15.19
"2020-09-24 16:35:00",86750,13.45,33.15,750.7,26.59,14.92
"2020-09-24 16:40:00",86751,13.45,33.18,750.7,26.24,15.3
"2020-09-24 16:45:00",86752,13.45,33.17,750.8,26.26,15.47
"2020-09-24 16:50:00",86753,13.45,33.04,750.8,26.03,17.36
"2020-09-24 16:55:00",86754,13.45,32.9,750.7,26.01,17.15
"2020-09-24 17:00:00",86755,13.45,32.76,750.7,25.98,16.8
"2020-09-24 17:05:00",86756,13.45,32.62,750.7,25.85,17.56
"2020-09-24 17:10:00",86757,13.45,32.45,750.7,25.7,17.27
"2020-09-24 17:15:00",86758,13.45,32.24,750.7,25.57,18.59
"2020-09-24 17:20:00",86759,13.45,32.02,750.7,25.57,19.05
"2020-09-24 17:25:00",86760,13.45,31.75,750.7,25,20.65
"2020-09-24 17:30:00",86761,13.45,31.43,750.7,25.01,19.68
"2020-09-24 17:35:00",86762,13.44,30.91,750.7,25.02,20.51
"2020-09-24 17:40:00",86763,13.26,30.17,750.7,24.76,22.02
"2020-09-24 17:45:00",86764,13.17,29.75,750.7,24.51,22.48
"2020-09-24 17:50:00",86765,13.12,29.42,750.7,24.66,21.6
"2020-09-24 17:55:00",86766,13.08,29.13,750.8,24.43,21.93
"2020-09-24 18:00:00",86767,13.05,28.85,750.8,24.35,22.51
"2020-09-24 18:05:00",86768,13.03,28.56,750.8,24.06,22.52
"2020-09-24 18:10:00",86769,13.01,28.19,750.9,23.69,22.64
"2020-09-24 18:15:00",86770,12.99,27.77,750.9,23.45,22.9
"2020-09-24 18:20:00",86771,12.98,27.34,750.9,23.13,24.04
"2020-09-24 18:25:00",86772,12.97,26.89,751,22.82,24.56
"2020-09-24 18:30:00",86773,12.96,26.44,751,22.64,24.69
"2020-09-24 18:35:00",86774,12.96,25.99,751.1,22.56,24.34
"2020-09-24 18:40:00",86775,12.96,25.6,751.1,22.56,24.34
"2020-09-24 18:45:00",86776,12.95,25.27,751.2,22.36,24.94
"2020-09-24 18:50:00",86777,12.95,24.97,751.2,22.05,25.67
"2020-09-24 18:55:00",86778,12.95,24.67,751.3,21.74,26.19
"2020-09-24 19:00:00",86779,12.95,24.38,751.3,21.45,26.64
"2020-09-24 19:05:00",86780,12.94,24.09,751.4,21.49,26.37
"2020-09-24 19:10:00",86781,12.94,23.83,751.4,21.31,27.51
"2020-09-24 19:15:00",86782,12.93,23.59,751.5,20.77,29.65
"2020-09-24 19:20:00",86783,12.93,23.32,751.5,20.71,30.21
"2020-09-24 19:25:00",86784,12.93,23.12,751.6,20.7,30.27
"2020-09-24 19:30:00",86785,12.93,22.94,751.6,20.64,30.74
"2020-09-24 19:35:00",86786,12.92,22.8,751.7,20.82,30.82
"2020-09-24 19:40:00",86787,12.92,22.67,751.7,20.4,30.32
"2020-09-24 19:45:00",86788,12.92,22.56,751.8,20.84,28.88
"2020-09-24 19:50:00",86789,12.92,22.45,751.8,21.13,27.42
"2020-09-24 19:55:00",86790,12.91,22.37,751.8,20.78,29.95
"2020-09-24 20:00:00",86791,12.91,22.29,751.9,20.64,30.14
"2020-09-24 20:05:00",86792,12.91,22.19,751.9,20.5,31.09
"2020-09-24 20:10:00",86793,12.91,22.06,752,20.42,30.38
"2020-09-24 20:15:00",86794,12.91,21.91,752.1,20.45,30.19
"2020-09-24 20:20:00",86795,12.9,21.79,752.1,20.49,29.99
"2020-09-24 20:25:00",86796,12.9,21.65,752.1,20.77,29.54
"2020-09-24 20:30:00",86797,12.9,21.56,752.2,20.84,29.62
"2020-09-24 20:35:00",86798,12.89,21.51,752.2,20.46,31.65
"2020-09-24 20:40:00",86799,12.89,21.42,752.3,19.41,33.41
"2020-09-24 20:45:00",86800,12.89,21.28,752.4,19.25,34.29
"2020-09-24 20:50:00",86801,12.89,21.17,752.4,18.77,33.45
"2020-09-24 20:55:00",86802,12.89,21.04,752.4,19.88,31.07
"2020-09-24 21:00:00",86803,12.89,20.96,752.5,19.78,32.19
"2020-09-24 21:05:00",86804,12.88,20.86,752.5,19.28,34.13
"2020-09-24 21:10:00",86805,12.88,20.74,752.5,19.05,33.71
"2020-09-24 21:15:00",86806,12.88,20.62,752.6,19.06,34.99
"2020-09-24 21:20:00",86807,12.88,20.5,752.7,18.75,34.63
"2020-09-24 21:25:00",86808,12.88,20.4,752.7,18.35,37.24
"2020-09-24 21:30:00",86809,12.88,20.26,752.7,18.04,37.56
"2020-09-24 21:35:00",86810,12.87,20.11,752.7,18.17,37.22
"2020-09-24 21:40:00",86811,12.87,19.96,752.8,18.23,36.06
"2020-09-24 21:45:00",86812,12.87,19.83,752.9,18.09,37.34
"2020-09-24 21:50:00",86813,12.87,19.71,752.9,17.62,39.04
"2020-09-24 21:55:00",86814,12.87,19.58,752.9,17.64,39.56
"2020-09-24 22:00:00",86815,12.86,19.46,752.9,17.45,40.02
"2020-09-24 22:05:00",86816,12.86,19.33,752.9,17.47,40.19
"2020-09-24 22:10:00",86817,12.86,19.21,753,17.4,40.18
"2020-09-24 22:15:00",86818,12.86,19.09,753,17.48,38.67
"2020-09-24 22:20:00",86819,12.86,18.96,753,17.36,41.58
"2020-09-24 22:25:00",86820,12.85,18.85,753,16.81,43.75
"2020-09-24 22:30:00",86821,12.85,18.76,753,16.85,39.86
"2020-09-24 22:35:00",86822,12.85,18.61,753,17.05,38.5
"2020-09-24 22:40:00",86823,12.85,18.49,753.1,17.27,41.03
"2020-09-24 22:45:00",86824,12.85,18.39,753.1,16.87,43.63
"2020-09-24 22:50:00",86825,12.85,18.31,753,17,42.85
"2020-09-24 22:55:00",86826,12.84,18.23,753,17.15,44.55
"2020-09-24 23:00:00",86827,12.84,18.18,753,17.21,45.29
"2020-09-24 23:05:00",86828,12.84,18.14,753.1,17.01,45.92
"2020-09-24 23:10:00",86829,12.84,18.1,753.1,16.74,46.8
"2020-09-24 23:15:00",86830,12.84,18.06,753,16.53,47.81
"2020-09-24 23:20:00",86831,12.84,17.99,753,16.24,48.59
"2020-09-24 23:25:00",86832,12.83,17.89,753.1,16.11,49.13
"2020-09-24 23:30:00",86833,12.84,17.76,753,16.06,49.59
"2020-09-24 23:35:00",86834,12.83,17.67,753,16.04,50.42
"2020-09-24 23:40:00",86835,12.83,17.56,753,15.62,46.47
"2020-09-24 23:45:00",86836,12.83,17.44,753,15.44,43.4
"2020-09-24 23:50:00",86837,12.83,17.33,753,15.45,43.15
"2020-09-24 23:55:00",86838,12.83,17.23,753,15.31,43.92
"2020-09-25 00:00:00",86839,12.82,17.14,752.9,15.29,44.17
"2020-09-25 00:05:00",86840,12.82,17.03,752.9,15.32,43.79
"2020-09-25 00:10:00",86841,12.82,16.95,752.9,15.42,43.21
"2020-09-25 00:15:00",86842,12.82,16.88,752.9,15.41,43.71
"2020-09-25 00:20:00",86843,12.82,16.86,752.8,15.54,43.54
"2020-09-25 00:25:00",86844,12.82,16.83,752.8,15.4,45.72
"2020-09-25 00:30:00",86845,12.82,16.79,752.9,15.16,47.48
"2020-09-25 00:35:00",86846,12.81,16.74,752.9,15.06,47.69
"2020-09-25 00:40:00",86847,12.81,16.67,752.9,14.71,48.82
"2020-09-25 00:45:00",86848,12.81,16.58,752.8,14.31,48.64
"2020-09-25 00:50:00",86849,12.81,16.46,752.8,14.21,48.13
"2020-09-25 00:55:00",86850,12.81,16.36,752.8,14.51,46.15
"2020-09-25 01:00:00",86851,12.8,16.25,752.8,14.69,45.98
"2020-09-25 01:05:00",86852,12.8,16.17,752.8,14.38,48.78
"2020-09-25 01:10:00",86853,12.8,16.06,752.8,13.97,57.32
"2020-09-25 01:15:00",86854,12.8,15.93,752.8,13.69,52.98
"2020-09-25 01:20:00",86855,12.8,15.77,752.7,13.79,50.06
"2020-09-25 01:25:00",86856,12.79,15.64,752.7,13.89,52.92
"2020-09-25 01:30:00",86857,12.79,15.52,752.7,13.72,52.68
"2020-09-25 01:35:00",86858,12.79,15.39,752.7,13.51,52.62
"2020-09-25 01:40:00",86859,12.79,15.27,752.7,13.83,52.49
"2020-09-25 01:45:00",86860,12.78,15.16,752.7,13.76,51.44
"2020-09-25 01:50:00",86861,12.78,15.08,752.6,13.78,52.27
"2020-09-25 01:55:00",86862,12.78,14.98,752.6,13.6,52.64
"2020-09-25 02:00:00",86863,12.78,14.95,752.6,13.62,50.16
"2020-09-25 02:05:00",86864,12.78,14.9,752.5,13.65,49.67
"2020-09-25 02:10:00",86865,12.77,14.87,752.6,13.35,49.04
"2020-09-25 02:15:00",86866,12.77,14.81,752.6,13.41,50.31
"2020-09-25 02:20:00",86867,12.77,14.74,752.5,13.5,48.35
"2020-09-25 02:25:00",86868,12.77,14.69,752.6,13.23,49.95
"2020-09-25 02:30:00",86869,12.77,14.62,752.6,13.02,49.65
"2020-09-25 02:35:00",86870,12.76,14.52,752.6,13,48.97
"2020-09-25 02:40:00",86871,12.76,14.44,752.6,12.88,47
"2020-09-25 02:45:00",86872,12.76,14.37,752.6,12.76,50.29
"2020-09-25 02:50:00",86873,12.76,14.24,752.6,12.55,54.34
"2020-09-25 02:55:00",86874,12.75,14.14,752.6,12.52,50.99
"2020-09-25 03:00:00",86875,12.75,14.06,752.6,12.18,52.5
"2020-09-25 03:05:00",86876,12.75,13.96,752.7,12.2,52.19
"2020-09-25 03:10:00",86877,12.75,13.84,752.7,12.16,51.7
"2020-09-25 03:15:00",86878,12.74,13.74,752.7,12.14,50.45
"2020-09-25 03:20:00",86879,12.74,13.64,752.7,12.06,51.5
"2020-09-25 03:25:00",86880,12.74,13.52,752.7,12.48,51.72
"2020-09-25 03:30:00",86881,12.74,13.46,752.7,12.5,52.36
"2020-09-25 03:35:00",86882,12.73,13.41,752.8,12.03,52.02
"2020-09-25 03:40:00",86883,12.73,13.34,752.8,11.93,52.67
"2020-09-25 03:45:00",86884,12.73,13.26,752.7,11.88,52.82
"2020-09-25 03:50:00",86885,12.72,13.22,752.7,12.03,52.38
"2020-09-25 03:55:00",86886,12.72,13.18,752.7,11.81,53.08
"2020-09-25 04:00:00",86887,12.72,13.13,752.8,11.59,52.44
"2020-09-25 04:05:00",86888,12.71,13.06,752.8,11.43,53.84
"2020-09-25 04:10:00",86889,12.71,12.98,752.8,11.55,54.43
"2020-09-25 04:15:00",86890,12.71,12.93,752.9,11.97,54.07
"2020-09-25 04:20:00",86891,12.71,12.9,752.9,11.93,54.1
"2020-09-25 04:25:00",86892,12.7,12.87,753,11.65,53.84
"2020-09-25 04:30:00",86893,12.7,12.84,753.1,11.35,54.52
"2020-09-25 04:35:00",86894,12.7,12.82,753,11.15,52.17
"2020-09-25 04:40:00",86895,12.69,12.76,753,11.51,50.48
"2020-09-25 04:45:00",86896,12.69,12.71,753.1,11.45,53.21
"2020-09-25 04:50:00",86897,12.69,12.67,753.1,11.27,55.23
"2020-09-25 04:55:00",86898,12.68,12.61,753.1,10.87,55.77
"2020-09-25 05:00:00",86899,12.68,12.52,753.1,11.05,55.08
"2020-09-25 05:05:00",86900,12.68,12.45,753.2,11.29,55.12
"2020-09-25 05:10:00",86901,12.67,12.36,753.3,11.25,53.79
"2020-09-25 05:15:00",86902,12.67,12.29,753.3,11.23,54.02
"2020-09-25 05:20:00",86903,12.67,12.22,753.2,11.03,54.23
"2020-09-25 05:25:00",86904,12.66,12.17,753.3,11.3,53.64
"2020-09-25 05:30:00",86905,12.66,12.13,753.4,11.41,53.39
"2020-09-25 05:35:00",86906,12.66,12.1,753.5,10.82,60.33
"2020-09-25 05:40:00",86907,12.65,12.03,753.5,10.04,65.32
"2020-09-25 05:45:00",86908,12.65,11.95,753.6,10,67.47
"2020-09-25 05:50:00",86909,12.65,11.85,753.7,9.75,68.9
"2020-09-25 05:55:00",86910,12.64,11.73,753.7,9.67,67.01
"2020-09-25 06:00:00",86911,12.64,11.62,753.9,9.78,65.99
"2020-09-25 06:05:00",86912,12.63,11.55,754,9.9,67.88
"2020-09-25 06:10:00",86913,12.63,11.53,754,9.88,68.24
"2020-09-25 06:15:00",86914,12.64,11.48,754.1,9.74,68.62
"2020-09-25 06:20:00",86915,12.65,11.46,754.1,9.47,70.09
"2020-09-25 06:25:00",86916,12.71,11.46,754.2,9.74,67.25
"2020-09-25 06:30:00",86917,12.78,11.54,754.2,10.32,62.33
"2020-09-25 06:35:00",86918,12.88,11.69,754.3,10.63,59.89
"2020-09-25 06:40:00",86919,13.02,11.91,754.4,11.18,58.12
"2020-09-25 06:45:00",86920,13.21,12.25,754.5,11.65,57.18
"2020-09-25 06:50:00",86921,13.39,12.66,754.5,11.96,54.67
"2020-09-25 06:55:00",86922,13.53,13.16,754.5,12.23,55.46
"2020-09-25 07:00:00",86923,13.64,13.72,754.6,12.75,51.27
"2020-09-25 07:05:00",86924,13.71,14.35,754.6,13.18,47.81
"2020-09-25 07:10:00",86925,13.78,15.04,754.7,13.62,45.54
"2020-09-25 07:15:00",86926,13.84,15.76,754.7,13.28,48.69
"2020-09-25 07:20:00",86927,13.93,16.53,754.6,14.05,47
"2020-09-25 07:25:00",86928,13.87,18.09,754.7,13.87,48.65
"2020-09-25 07:30:00",86929,13.78,19.16,754.7,15.12,45.69
"2020-09-25 07:35:00",86930,13.75,19.96,754.7,16.28,43.82
"2020-09-25 07:40:00",86931,13.72,20.67,754.7,16.63,40.83
"2020-09-25 07:45:00",86932,13.73,21.35,754.8,17.03,41.48
"2020-09-25 07:50:00",86933,13.7,21.99,754.8,17.09,43.97
"2020-09-25 07:55:00",86934,13.7,22.58,754.8,17.37,40.69
"2020-09-25 08:00:00",86935,13.67,23.13,754.8,17.26,42.82
"2020-09-25 08:05:00",86936,13.67,23.65,754.8,17.74,42.3
"2020-09-25 08:10:00",86937,13.67,24.17,754.8,17.59,42.47
"2020-09-25 08:15:00",86938,13.65,24.59,754.8,17.33,43.56
"2020-09-25 08:20:00",86939,13.65,24.97,754.9,17.77,41.37
"2020-09-25 08:25:00",86940,13.65,25.36,754.9,17.89,41.77
"2020-09-25 08:30:00",86941,13.62,25.71,754.8,18.74,41
"2020-09-25 08:35:00",86942,13.62,26.14,754.8,18.74,39.03
"2020-09-25 08:40:00",86943,13.62,26.57,754.8,18.89,38.27
"2020-09-25 08:45:00",86944,13.6,26.94,754.8,18.71,35.97
"2020-09-25 08:50:00",86945,13.6,27.31,754.7,19.66,35.15
"2020-09-25 08:55:00",86946,13.6,27.72,754.7,19.5,35.23
"2020-09-25 09:00:00",86947,13.57,28.03,754.7,19.42,33.35
"2020-09-25 09:05:00",86948,13.57,28.36,754.7,20.44,33.21
"2020-09-25 09:10:00",86949,13.57,28.72,754.6,20.04,31.68
"2020-09-25 09:15:00",86950,13.55,29.03,754.5,20.22,31.86
"2020-09-25 09:20:00",86951,13.55,29.23,754.6,19.8,31.83
"2020-09-25 09:25:00",86952,13.55,29.38,754.4,19.74,30.96
"2020-09-25 09:30:00",86953,13.55,29.53,754.5,20.46,29.25
"2020-09-25 09:35:00",86954,13.55,29.74,754.4,20.43,27.97
"2020-09-25 09:40:00",86955,13.55,30.02,754.3,20.98,27.08
"2020-09-25 09:45:00",86956,13.53,30.28,754.3,21.27,28.31
"2020-09-25 09:50:00",86957,13.53,30.59,754.2,21.73,26.22
"2020-09-25 09:55:00",86958,13.53,30.97,754.2,22.55,24.48
"2020-09-25 10:00:00",86959,13.51,31.33,754.1,21.59,24.95
"2020-09-25 10:05:00",86960,13.51,31.55,754.1,22.04,24.99
"2020-09-25 10:10:00",86961,13.51,31.87,754,23.32,23.3
"2020-09-25 10:15:00",86962,13.51,32.19,753.9,22.3,24.46
"2020-09-25 10:20:00",86963,13.51,32.33,753.8,21.87,23.27
"2020-09-25 10:25:00",86964,13.48,32.42,753.8,22.38,22.45
"2020-09-25 10:30:00",86965,13.48,32.51,753.7,23.01,21.84
"2020-09-25 10:35:00",86966,13.48,32.65,753.7,22.87,21.21
"2020-09-25 10:40:00",86967,13.48,32.78,753.6,23.21,19.5
"2020-09-25 10:45:00",86968,13.49,32.92,753.6,23.68,20.5
"2020-09-25 10:50:00",86969,13.49,33.15,753.5,24.36,18.18
"2020-09-25 10:55:00",86970,13.48,33.39,753.4,24.59,18.05
"2020-09-25 11:00:00",86971,13.46,33.63,753.3,24.45,18.95
"2020-09-25 11:05:00",86972,13.46,33.88,753.3,24.59,16.37
"2020-09-25 11:10:00",86973,13.46,33.99,753.2,23.71,16.19
"2020-09-25 11:15:00",86974,13.46,33.98,753.1,23.35,17.43
"2020-09-25 11:20:00",86975,13.46,33.93,753,24.18,17.61
"2020-09-25 11:25:00",86976,13.46,33.86,753,23.85,16.89
"2020-09-25 11:30:00",86977,13.47,33.78,752.9,24.3,16.85
"2020-09-25 11:35:00",86978,13.46,33.75,752.8,24.74,17.78
"2020-09-25 11:40:00",86979,13.47,33.76,752.8,24.43,17.69
"2020-09-25 11:45:00",86980,13.46,33.77,752.6,24.49,17.7
"2020-09-25 11:50:00",86981,13.47,33.74,752.6,24.6,17.08
"2020-09-25 11:55:00",86982,13.47,33.67,752.5,24.27,17.83
"2020-09-25 12:00:00",86983,13.47,33.58,752.4,24.86,17.86
"2020-09-25 12:05:00",86984,13.47,33.54,752.3,24.86,17.51
"2020-09-25 12:10:00",86985,13.47,33.53,752.2,25.41,16.84
"2020-09-25 12:15:00",86986,13.47,33.53,752.1,24.84,16.88
"2020-09-25 12:20:00",86987,13.47,33.53,751.9,25.59,16.42
"2020-09-25 12:25:00",86988,13.47,33.57,751.8,25.66,16.92
"2020-09-25 12:30:00",86989,13.47,33.65,751.7,25.63,16.29
"2020-09-25 12:35:00",86990,13.47,33.64,751.6,25.18,16.68
"2020-09-25 12:40:00",86991,13.47,33.59,751.5,25.33,16.48
"2020-09-25 12:45:00",86992,13.47,33.55,751.3,25.71,17.48
"2020-09-25 12:50:00",86993,13.47,33.57,751.2,25.94,16.51
"2020-09-25 12:55:00",86994,13.47,33.58,751.1,26.82,15.29
"2020-09-25 13:00:00",86995,13.48,33.64,751,26.79,15.5
"2020-09-25 13:05:00",86996,13.48,33.68,750.9,26.09,15.96
"2020-09-25 13:10:00",86997,13.47,33.68,750.7,26.55,16.86
"2020-09-25 13:15:00",86998,13.47,33.7,750.6,27.32,15.24
"2020-09-25 13:20:00",86999,13.48,33.75,750.5,26.7,14.93
"2020-09-25 13:25:00",87000,13.48,33.8,750.4,27.81,15.12
"2020-09-25 13:30:00",87001,13.48,33.88,750.3,26.62,15.63
"2020-09-25 13:35:00",87002,13.48,33.9,750.2,26.77,14.44
"2020-09-25 13:40:00",87003,13.47,33.9,750.1,27.62,14.97
"2020-09-25 13:45:00",87004,13.48,33.97,750.1,27.6,13.02
"2020-09-25 13:50:00",87005,13.45,34.03,749.9,27.58,14.33
"2020-09-25 13:55:00",87006,13.45,34.12,749.8,27.35,14.32
"2020-09-25 14:00:00",87007,13.45,34.22,749.7,27.35,14.32
"2020-09-25 14:05:00",87008,13.45,34.24,749.7,27.09,14.45
"2020-09-25 14:10:00",87009,13.45,34.27,749.6,27.78,14.49
"2020-09-25 14:15:00",87010,13.45,34.35,749.5,28.15,13.79
"2020-09-25 14:20:00",87011,13.45,34.5,749.4,27.76,13.28
"2020-09-25 14:25:00",87012,13.45,34.66,749.3,27.83,13.56
"2020-09-25 14:30:00",87013,13.45,34.83,749.2,28.37,13.59
"2020-09-25 14:35:00",87014,13.45,34.96,749.1,27.39,13.76
"2020-09-25 14:40:00",87015,13.45,35.09,749.1,28.5,13.67
"2020-09-25 14:45:00",87016,13.45,35.25,749,28.47,13.24
"2020-09-25 14:50:00",87017,13.43,35.46,748.9,28.04,13.75
"2020-09-25 14:55:00",87018,13.43,35.71,748.8,28.67,14.38
"2020-09-25 15:00:00",87019,13.43,35.84,748.7,27.86,15.13
"2020-09-25 15:05:00",87020,13.43,35.81,748.7,28.54,14.38
"2020-09-25 15:10:00",87021,13.43,35.82,748.7,28.87,13.97
"2020-09-25 15:15:00",87022,13.43,35.89,748.6,27.92,14.56
"2020-09-25 15:20:00",87023,13.43,35.88,748.5,27.84,15.62
"2020-09-25 15:25:00",87024,13.43,35.77,748.5,27.65,14.27
"2020-09-25 15:30:00",87025,13.43,35.61,748.4,27.72,15.76
"2020-09-25 15:35:00",87026,13.43,35.47,748.3,27.78,14.84
"2020-09-25 15:40:00",87027,13.43,35.36,748.3,27.62,14.94
"2020-09-25 15:45:00",87028,13.43,35.23,748.2,27.64,14.97
"2020-09-25 15:50:00",87029,13.43,35.16,748.2,27.6,14.97
"2020-09-25 15:55:00",87030,13.43,35.15,748.2,28.32,14.51
"2020-09-25 16:00:00",87031,13.43,35.23,748.1,28.13,15.03
"2020-09-25 16:05:00",87032,13.43,35.29,748.1,28.64,15.45
"2020-09-25 16:10:00",87033,13.43,35.45,748,27.96,15.06
"2020-09-25 16:15:00",87034,13.43,35.41,747.9,27.1,16.22
"2020-09-25 16:20:00",87035,13.43,35.22,747.9,27.44,16.24
"2020-09-25 16:25:00",87036,13.43,34.99,747.9,27.39,15.81
"2020-09-25 16:30:00",87037,13.43,34.8,747.9,28.34,15.58
"2020-09-25 16:35:00",87038,13.43,34.78,747.9,28.22,15.78
"2020-09-25 16:40:00",87039,13.43,34.88,747.8,28.45,15.86
"2020-09-25 16:45:00",87040,13.43,34.95,747.9,27.37,22.53
"2020-09-25 16:50:00",87041,13.43,34.8,747.8,27.3,22.21
"2020-09-25 16:55:00",87042,13.43,34.51,747.9,26.71,23.01
"2020-09-25 17:00:00",87043,13.43,34.14,747.9,26.74,23.87
"2020-09-25 17:05:00",87044,13.43,33.77,747.9,26.36,25.29
"2020-09-25 17:10:00",87045,13.43,33.4,747.9,26.52,24.96
"2020-09-25 17:15:00",87046,13.43,33.08,747.9,26.47,24.99
"2020-09-25 17:20:00",87047,13.43,32.79,747.9,26.42,24.71
"2020-09-25 17:25:00",87048,13.43,32.52,748,25.98,26.43
"2020-09-25 17:30:00",87049,13.43,32.2,747.9,25.66,27.36
"2020-09-25 17:35:00",87050,13.43,31.64,748,25.43,27.69
"2020-09-25 17:40:00",87051,13.27,30.81,747.9,25.38,27.34
"2020-09-25 17:45:00",87052,13.18,30.29,748,25.26,27.74
"2020-09-25 17:50:00",87053,13.13,29.87,748.1,25.17,28.01
"2020-09-25 17:55:00",87054,13.09,29.53,748,24.86,28.36
"2020-09-25 18:00:00",87055,13.06,29.18,748.1,24.63,28.71
"2020-09-25 18:05:00",87056,13.04,28.84,748.2,24.42,29.24
"2020-09-25 18:10:00",87057,13.01,28.49,748.2,24.07,30.22
"2020-09-25 18:15:00",87058,12.99,28.11,748.2,23.95,30.08
"2020-09-25 18:20:00",87059,12.98,27.72,748.3,23.81,30.27
"2020-09-25 18:25:00",87060,12.97,27.34,748.4,23.64,30.93
"2020-09-25 18:30:00",87061,12.96,26.97,748.5,23.44,30.97
"2020-09-25 18:35:00",87062,12.96,26.6,748.6,23.25,31.7
"2020-09-25 18:40:00",87063,12.96,26.28,748.7,22.98,32.67
"2020-09-25 18:45:00",87064,12.95,25.99,748.9,22.71,33.25
"2020-09-25 18:50:00",87065,12.95,25.72,749,22.78,32.52
"2020-09-25 18:55:00",87066,12.95,25.49,749,22.89,29.72
"2020-09-25 19:00:00",87067,12.94,25.27,749,22.91,29.05
"2020-09-25 19:05:00",87068,12.94,25.08,749,22.81,29.24
"2020-09-25 19:10:00",87069,12.94,24.91,749.1,22.51,30.22
"2020-09-25 19:15:00",87070,12.93,24.74,749.2,22.45,30.35
"2020-09-25 19:20:00",87071,12.93,24.57,749.2,22.28,30.94
"2020-09-25 19:25:00",87072,12.93,24.42,749.3,22.01,31.52
"2020-09-25 19:30:00",87073,12.93,24.27,749.3,21.68,32.56
"2020-09-25 19:35:00",87074,12.92,24.09,749.4,21.4,33.36
"2020-09-25 19:40:00",87075,12.92,23.9,749.3,21.44,33.27
"2020-09-25 19:45:00",87076,12.92,23.73,749.4,21.43,33
"2020-09-25 19:50:00",87077,12.92,23.55,749.5,20.91,34.81
"2020-09-25 19:55:00",87078,12.91,23.39,749.6,20.74,35.58
"2020-09-25 20:00:00",87079,12.91,23.19,749.6,20.33,37.11
"2020-09-25 20:05:00",87080,12.91,22.99,749.6,20.02,37.47
"2020-09-25 20:10:00",87081,12.9,22.8,749.7,20.24,36.51
"2020-09-25 20:15:00",87082,12.91,22.61,749.7,20.07,36.56
"2020-09-25 20:20:00",87083,12.9,22.42,749.8,19.95,37.27
"2020-09-25 20:25:00",87084,12.9,22.25,749.9,19.76,38.29
"2020-09-25 20:30:00",87085,12.9,22.04,750,19.5,39.18
"2020-09-25 20:35:00",87086,12.9,21.84,750,19.26,40.25
"2020-09-25 20:40:00",87087,12.89,21.65,750,19.27,40.22
"2020-09-25 20:45:00",87088,12.89,21.47,750.1,19.2,40.4
"2020-09-25 20:50:00",87089,12.89,21.3,750.2,19.17,40.56
"2020-09-25 20:55:00",87090,12.89,21.14,750.1,19.2,40.02
"2020-09-25 21:00:00",87091,12.88,21.01,750.2,19.28,39.77
"2020-09-25 21:05:00",87092,12.88,20.89,750.2,19.09,41.2
"2020-09-25 21:10:00",87093,12.88,20.78,750.2,18.74,41.74
"2020-09-25 21:15:00",87094,12.88,20.65,750.2,18.75,41.23
"2020-09-25 21:20:00",87095,12.87,20.54,750.3,18.7,41.73
"2020-09-25 21:25:00",87096,12.87,20.43,750.4,18.71,41.74
"2020-09-25 21:30:00",87097,12.87,20.31,750.4,18.83,41.11
"2020-09-25 21:35:00",87098,12.87,20.21,750.4,18.9,40.79
"2020-09-25 21:40:00",87099,12.87,20.14,750.5,18.67,41.67
"2020-09-25 21:45:00",87100,12.87,20.11,750.5,18.78,41.45
"2020-09-25 21:50:00",87101,12.86,20.05,750.6,18.82,41.36
"2020-09-25 21:55:00",87102,12.86,19.99,750.6,18.55,42.42
"2020-09-25 22:00:00",87103,12.86,19.91,750.6,18.53,42.55
"2020-09-25 22:05:00",87104,12.86,19.83,750.7,18.32,43.04
"2020-09-25 22:10:00",87105,12.86,19.7,750.7,18.26,43.51
"2020-09-25 22:15:00",87106,12.86,19.59,750.7,18.39,43.3
"2020-09-25 22:20:00",87107,12.85,19.53,750.8,18.63,42.85
"2020-09-25 22:25:00",87108,12.85,19.5,750.8,18.58,42.39
"2020-09-25 22:30:00",87109,12.85,19.47,750.8,18.73,42.31
"2020-09-25 22:35:00",87110,12.85,19.46,750.8,18.73,42.38
"2020-09-25 22:40:00",87111,12.85,19.47,750.8,18.64,42.59
"2020-09-25 22:45:00",87112,12.85,19.47,750.8,18.65,42.56
"2020-09-25 22:50:00",87113,12.84,19.48,750.8,18.49,43.18
"2020-09-25 22:55:00",87114,12.84,19.46,750.9,18.29,43.8
"2020-09-25 23:00:00",87115,12.84,19.39,750.9,18.25,43.86
"2020-09-25 23:05:00",87116,12.84,19.35,750.9,17.99,45.35
"2020-09-25 23:10:00",87117,12.84,19.29,750.9,17.68,46.32
"2020-09-25 23:15:00",87118,12.84,19.18,750.9,17.4,45.59
"2020-09-25 23:20:00",87119,12.84,19.07,750.8,17.45,45.41
"2020-09-25 23:25:00",87120,12.83,18.95,750.8,17.69,44.55
"2020-09-25 23:30:00",87121,12.83,18.86,750.8,17.22,45.7
"2020-09-25 23:35:00",87122,12.83,18.76,750.8,17.04,46.18
"2020-09-25 23:40:00",87123,12.83,18.63,750.9,17.11,45.78
"2020-09-25 23:45:00",87124,12.83,18.52,750.8,16.69,46.8
"2020-09-25 23:50:00",87125,12.82,18.38,750.8,16.61,47.22
"2020-09-25 23:55:00",87126,12.83,18.27,750.7,16.59,46.57
"2020-09-26 00:00:00",87127,12.82,18.16,750.7,16.38,46.63
"2020-09-26 00:05:00",87128,12.82,18.04,750.7,16.09,47.97
"2020-09-26 00:10:00",87129,12.82,17.92,750.6,15.84,49.65
"2020-09-26 00:15:00",87130,12.82,17.76,750.6,15.67,49.01
"2020-09-26 00:20:00",87131,12.82,17.61,750.5,15.51,49.76
"2020-09-26 00:25:00",87132,12.82,17.47,750.4,15.3,50.26
"2020-09-26 00:30:00",87133,12.81,17.31,750.4,15.3,50.6
"2020-09-26 00:35:00",87134,12.81,17.15,750.4,15.29,49.92
"2020-09-26 00:40:00",87135,12.81,17.02,750.4,15.03,50.72
"2020-09-26 00:45:00",87136,12.81,16.87,750.3,14.86,51.5
"2020-09-26 00:50:00",87137,12.81,16.73,750.2,14.73,52.03
"2020-09-26 00:55:00",87138,12.81,16.62,750.2,14.89,51.75
"2020-09-26 01:00:00",87139,12.8,16.51,750.2,14.82,49.76
"2020-09-26 01:05:00",87140,12.8,16.44,750.2,14.77,50.13
"2020-09-26 01:10:00",87141,12.8,16.35,750.2,14.61,51.89
"2020-09-26 01:15:00",87142,12.8,16.27,750.1,14.59,52.96
"2020-09-26 01:20:00",87143,12.8,16.19,750.1,14.53,52.98
"2020-09-26 01:25:00",87144,12.79,16.08,750,14.37,53.57
"2020-09-26 01:30:00",87145,12.79,16,749.9,14.57,53.02
"2020-09-26 01:35:00",87146,12.79,15.94,749.9,14.54,53.29
"2020-09-26 01:40:00",87147,12.79,15.86,749.9,14.17,54.03
"2020-09-26 01:45:00",87148,12.79,15.77,749.9,14.13,53.78
"2020-09-26 01:50:00",87149,12.78,15.66,749.8,14.05,53.4
"2020-09-26 01:55:00",87150,12.78,15.56,749.9,14.06,54.92
"2020-09-26 02:00:00",87151,12.78,15.47,749.8,14.07,55.44
"2020-09-26 02:05:00",87152,12.78,15.38,749.7,13.81,55.01
"2020-09-26 02:10:00",87153,12.77,15.3,749.7,13.85,53.37
"2020-09-26 02:15:00",87154,12.77,15.22,749.7,13.6,54.95
"2020-09-26 02:20:00",87155,12.77,15.14,749.7,13.55,54.94
"2020-09-26 02:25:00",87156,12.77,15.08,749.6,13.33,55.6
"2020-09-26 02:30:00",87157,12.76,14.99,749.6,13.2,56.25
"2020-09-26 02:35:00",87158,12.77,14.89,749.6,13.49,55.02
"2020-09-26 02:40:00",87159,12.76,14.79,749.5,13.43,55.46
"2020-09-26 02:45:00",87160,12.76,14.72,749.5,13.37,57.74
"2020-09-26 02:50:00",87161,12.76,14.65,749.6,13,55.64
"2020-09-26 02:55:00",87162,12.76,14.55,749.6,12.98,56.09
"2020-09-26 03:00:00",87163,12.75,14.47,749.6,13.07,56.02
"2020-09-26 03:05:00",87164,12.75,14.39,749.6,12.91,57.4
"2020-09-26 03:10:00",87165,12.75,14.33,749.7,12.89,57.88
"2020-09-26 03:15:00",87166,12.74,14.25,749.6,12.82,58.46
"2020-09-26 03:20:00",87167,12.74,14.17,749.7,12.8,58.67
"2020-09-26 03:25:00",87168,12.74,14.1,749.8,12.54,59.91
"2020-09-26 03:30:00",87169,12.74,14.02,749.7,12.74,58.42
"2020-09-26 03:35:00",87170,12.74,13.96,749.7,12.66,58.35
"2020-09-26 03:40:00",87171,12.73,13.92,749.8,12.56,58.96
"2020-09-26 03:45:00",87172,12.73,13.88,749.7,12.35,58.03
"2020-09-26 03:50:00",87173,12.73,13.83,749.7,12.4,58.34
"2020-09-26 03:55:00",87174,12.72,13.8,749.8,12.34,59.84
"2020-09-26 04:00:00",87175,12.72,13.75,749.8,12.08,60.6
"2020-09-26 04:05:00",87176,12.72,13.71,749.8,12.1,61.75
"2020-09-26 04:10:00",87177,12.71,13.68,749.8,12.24,62.04
"2020-09-26 04:15:00",87178,12.71,13.66,749.8,12.16,62.61
"2020-09-26 04:20:00",87179,12.71,13.63,749.8,12.08,63.27
"2020-09-26 04:25:00",87180,12.71,13.57,749.8,11.85,64.02
"2020-09-26 04:30:00",87181,12.7,13.51,749.8,11.96,63.86
"2020-09-26 04:35:00",87182,12.7,13.45,749.9,12.27,62.37
"2020-09-26 04:40:00",87183,12.7,13.43,749.9,12.07,61.16
"2020-09-26 04:45:00",87184,12.7,13.39,749.9,11.85,61.77
"2020-09-26 04:50:00",87185,12.69,13.34,749.9,11.62,60.02
"2020-09-26 04:55:00",87186,12.69,13.24,749.9,11.61,59.9
"2020-09-26 05:00:00",87187,12.69,13.16,749.9,11.53,61.45
"2020-09-26 05:05:00",87188,12.68,13.08,749.9,11.55,59.86
"2020-09-26 05:10:00",87189,12.68,12.98,749.9,11.3,61.59
"2020-09-26 05:15:00",87190,12.67,12.87,750,11.23,61.34
"2020-09-26 05:20:00",87191,12.67,12.77,750,11.17,59.98
"2020-09-26 05:25:00",87192,12.67,12.67,750,11.34,63.44
"2020-09-26 05:30:00",87193,12.66,12.61,750,11.53,61.24
"2020-09-26 05:35:00",87194,12.66,12.57,750.1,11.88,59.59
"2020-09-26 05:40:00",87195,12.66,12.54,750.1,11.82,59.82
"2020-09-26 05:45:00",87196,12.65,12.53,750.1,11.36,60.92
"2020-09-26 05:50:00",87197,12.65,12.48,750.1,11.21,62.3
"2020-09-26 05:55:00",87198,12.65,12.42,750.1,11.29,60.82
"2020-09-26 06:00:00",87199,12.65,12.37,750.2,10.81,64.16
"2020-09-26 06:05:00",87200,12.64,12.36,750.2,10.46,66.41
"2020-09-26 06:10:00",87201,12.64,12.33,750.3,10.77,64.88
"2020-09-26 06:15:00",87202,12.65,12.29,750.3,10.55,65.73
"2020-09-26 06:20:00",87203,12.66,12.25,750.3,11.04,64.49
"2020-09-26 06:25:00",87204,12.72,12.29,750.3,11.21,65.59
"2020-09-26 06:30:00",87205,12.78,12.39,750.5,11.21,65.1
"2020-09-26 06:35:00",87206,12.88,12.55,750.6,11.45,64.04
"2020-09-26 06:40:00",87207,13.03,12.77,750.6,11.92,59.45
"2020-09-26 06:45:00",87208,13.22,13.09,750.7,12.29,58.02
"2020-09-26 06:50:00",87209,13.4,13.48,750.8,12.49,55.78
"2020-09-26 06:55:00",87210,13.53,13.96,750.9,13.23,53.77
"2020-09-26 07:00:00",87211,13.64,14.54,750.9,14.01,51.04
"2020-09-26 07:05:00",87212,13.72,15.17,750.9,14.86,49.86
"2020-09-26 07:10:00",87213,13.78,15.87,750.9,14.53,49.91
"2020-09-26 07:15:00",87214,13.85,16.61,750.9,14.43,51.62
"2020-09-26 07:20:00",87215,13.9,17.41,750.9,14.62,49.68
"2020-09-26 07:25:00",87216,13.78,19.09,751,15.68,48.98
"2020-09-26 07:30:00",87217,13.75,20.04,751.1,16.54,48.35
"2020-09-26 07:35:00",87218,13.73,20.84,751.1,16.16,47.64
"2020-09-26 07:40:00",87219,13.72,21.49,751.2,16.3,45.96
"2020-09-26 07:45:00",87220,13.7,22.08,751.2,15.38,49.44
"2020-09-26 07:50:00",87221,13.7,22.6,751.3,15.62,49.93
"2020-09-26 07:55:00",87222,13.67,23.06,751.4,17.25,46.9
"2020-09-26 08:00:00",87223,13.67,23.55,751.4,18.27,40.59
"2020-09-26 08:05:00",87224,13.67,24.11,751.4,19.5,40.34
"2020-09-26 08:10:00",87225,13.64,24.68,751.5,18.14,41.99
"2020-09-26 08:15:00",87226,13.65,25.28,751.5,19.11,39.52
"2020-09-26 08:20:00",87227,13.62,25.89,751.5,19.8,36.73
"2020-09-26 08:25:00",87228,13.62,26.52,751.5,20.73,34.2
"2020-09-26 08:30:00",87229,13.6,27.14,751.5,21.13,34.56
"2020-09-26 08:35:00",87230,13.57,27.74,751.5,20.48,35.16
"2020-09-26 08:40:00",87231,13.57,28.19,751.5,20.02,36.85
"2020-09-26 08:45:00",87232,13.57,28.63,751.4,20.65,34.25
"2020-09-26 08:50:00",87233,13.57,29.02,751.5,20.18,34.8
"2020-09-26 08:55:00",87234,13.55,29.23,751.5,20.58,33.42
"2020-09-26 09:00:00",87235,13.55,29.49,751.5,21.25,31.52
"2020-09-26 09:05:00",87236,13.55,29.78,751.5,21.02,32.03
"2020-09-26 09:10:00",87237,13.55,30.05,751.5,21.45,32.27
"2020-09-26 09:15:00",87238,13.53,30.38,751.5,22.42,29.75
"2020-09-26 09:20:00",87239,13.52,30.72,751.4,22.74,27.68
"2020-09-26 09:25:00",87240,13.53,31.16,751.4,22.57,26.99
"2020-09-26 09:30:00",87241,13.5,31.58,751.3,23.21,26.91
"2020-09-26 09:35:00",87242,13.51,31.99,751.3,23.01,26.14
"2020-09-26 09:40:00",87243,13.5,32.35,751.3,22.71,26.6
"2020-09-26 09:45:00",87244,13.48,32.51,751.3,22.23,27.03
"2020-09-26 09:50:00",87245,13.48,32.66,751.2,22.77,25.92
"2020-09-26 09:55:00",87246,13.48,32.76,751.2,22.59,26.11
"2020-09-26 10:00:00",87247,13.48,32.83,751.2,22.41,27.01
"2020-09-26 10:05:00",87248,13.48,32.88,751.1,22.27,27.92
"2020-09-26 10:10:00",87249,13.48,32.9,751,21.78,27.1
"2020-09-26 10:15:00",87250,13.48,32.93,751,22.56,27.06
"2020-09-26 10:20:00",87251,13.48,33.07,750.9,23.47,24.82
"2020-09-26 10:25:00",87252,13.48,33.17,750.9,23.17,25.07
"2020-09-26 10:30:00",87253,13.48,33.28,750.9,23.74,24.08
"2020-09-26 10:35:00",87254,13.48,33.47,750.7,25.06,23
"2020-09-26 10:40:00",87255,13.48,33.76,750.7,25.13,21.97
"2020-09-26 10:45:00",87256,13.46,33.98,750.6,24.35,21.23
"2020-09-26 10:50:00",87257,13.46,34.11,750.6,23.75,21.82
"2020-09-26 10:55:00",87258,13.46,34.1,750.5,23.82,20.78
"2020-09-26 11:00:00",87259,13.46,34.08,750.4,24.65,21.8
"2020-09-26 11:05:00",87260,13.46,34.11,750.3,24.35,21.44
"2020-09-26 11:10:00",87261,13.46,34.14,750.2,24.92,21.75
"2020-09-26 11:15:00",87262,13.46,34.21,750.1,25.09,20.31
"2020-09-26 11:20:00",87263,13.46,34.29,750,25.09,21.28
"2020-09-26 11:25:00",87264,13.46,34.39,749.9,25.56,20.06
"2020-09-26 11:30:00",87265,13.46,34.5,749.8,25.97,19
"2020-09-26 11:35:00",87266,13.46,34.61,749.7,24.3,20.19
"2020-09-26 11:40:00",87267,13.44,34.54,749.6,24.52,19.58
"2020-09-26 11:45:00",87268,13.44,34.46,749.5,25.25,19.13
"2020-09-26 11:50:00",87269,13.44,34.43,749.4,25.87,18.75
"2020-09-26 11:55:00",87270,13.44,34.45,749.3,26.6,17.74
"2020-09-26 12:00:00",87271,13.44,34.52,749.2,25.78,17.91
"2020-09-26 12:05:00",87272,13.44,34.5,749.1,26.12,20.23
"2020-09-26 12:10:00",87273,13.44,34.54,749,26.86,18.67
"2020-09-26 12:15:00",87274,13.44,34.62,748.9,27.58,17.44
"2020-09-26 12:20:00",87275,13.45,34.72,748.7,26.43,16.12
"2020-09-26 12:25:00",87276,13.44,34.77,748.6,27.9,16.68
"2020-09-26 12:30:00",87277,13.45,34.87,748.5,26.96,14.94
"2020-09-26 12:35:00",87278,13.44,34.92,748.5,27.19,13.29
"2020-09-26 12:40:00",87279,13.45,34.93,748.4,27.36,13.97
"2020-09-26 12:45:00",87280,13.45,34.95,748.3,28.09,12.08
"2020-09-26 12:50:00",87281,13.45,35,748.2,27.95,8.85
"2020-09-26 12:55:00",87282,13.45,35.06,748,28.59,14.02
"2020-09-26 13:00:00",87283,13.45,35.16,747.9,28.23,12.44
"2020-09-26 13:05:00",87284,13.45,35.23,747.8,28.17,13.79
"2020-09-26 13:10:00",87285,13.45,35.27,747.8,28.12,14.93
"2020-09-26 13:15:00",87286,13.45,35.31,747.6,29.2,14.05
"2020-09-26 13:20:00",87287,13.45,35.41,747.5,28.92,15.18
"2020-09-26 13:25:00",87288,13.43,35.49,747.4,28.93,16.74
"2020-09-26 13:30:00",87289,13.43,35.54,747.4,28.03,16.76
"2020-09-26 13:35:00",87290,13.43,35.5,747.4,28.03,16.06
"2020-09-26 13:40:00",87291,13.42,35.44,747.3,28.21,15.96
"2020-09-26 13:45:00",87292,13.43,35.4,747.2,28.07,15.77
"2020-09-26 13:50:00",87293,13.43,35.44,747.1,29.27,14.7
"2020-09-26 13:55:00",87294,13.43,35.55,747,29.38,14.45
"2020-09-26 14:00:00",87295,13.43,35.65,746.9,29.07,16.18
"2020-09-26 14:05:00",87296,13.43,35.78,746.9,29.65,15.57
"2020-09-26 14:10:00",87297,13.43,35.98,746.9,29.63,12.36
"2020-09-26 14:15:00",87298,13.43,36.18,746.8,29.18,20.52
"2020-09-26 14:20:00",87299,13.43,36.25,746.6,28.55,21.11
"2020-09-26 14:25:00",87300,13.43,36.09,746.6,28.18,21.68
"2020-09-26 14:30:00",87301,13.43,35.87,746.4,28.43,22.18
"2020-09-26 14:35:00",87302,13.42,35.64,746.4,27.96,22.67
"2020-09-26 14:40:00",87303,13.43,35.37,746.3,28.05,22.3
"2020-09-26 14:45:00",87304,13.43,35.17,746.3,28.2,20.77
"2020-09-26 14:50:00",87305,13.43,35.05,746.2,27.76,21.24
"2020-09-26 14:55:00",87306,13.43,34.9,746.2,28.02,22.44
"2020-09-26 15:00:00",87307,13.43,34.75,746.1,27.91,21.73
"2020-09-26 15:05:00",87308,13.43,34.66,746.1,27.54,23.51
"2020-09-26 15:10:00",87309,13.43,34.55,746.1,28.04,22.4
"2020-09-26 15:15:00",87310,13.43,34.46,745.9,27.89,22.43
"2020-09-26 15:20:00",87311,13.43,34.39,745.9,27.41,23.23
"2020-09-26 15:25:00",87312,13.43,34.25,745.9,27.25,23.18
"2020-09-26 15:30:00",87313,13.43,33.89,745.8,26.61,24.62
"2020-09-26 15:35:00",87314,13.43,33.43,745.8,25.98,26.36
"2020-09-26 15:40:00",87315,13.43,33.02,745.7,26.63,25.66
"2020-09-26 15:45:00",87316,13.42,32.78,745.6,26.7,25.73
"2020-09-26 15:50:00",87317,13.43,32.68,745.7,26.6,26.2
"2020-09-26 15:55:00",87318,13.42,32.65,745.7,26.7,25.46
"2020-09-26 16:00:00",87319,13.42,32.65,745.7,26.57,25.65
"2020-09-26 16:05:00",87320,13.43,32.64,745.8,26.54,25.58
"2020-09-26 16:10:00",87321,13.43,32.65,745.6,26.97,24.61
"2020-09-26 16:15:00",87322,13.43,32.68,745.6,26.37,25.88
"2020-09-26 16:20:00",87323,13.43,32.66,745.6,26.6,25.72
"2020-09-26 16:25:00",87324,13.43,32.63,745.6,26.49,25.85
"2020-09-26 16:30:00",87325,13.43,32.59,745.6,26.68,25.8
"2020-09-26 16:35:00",87326,13.43,32.58,745.5,26.57,26.61
"2020-09-26 16:40:00",87327,13.43,32.59,745.4,26.82,25.95
"2020-09-26 16:45:00",87328,13.42,32.56,745.4,26.58,24.62
"2020-09-26 16:50:00",87329,13.43,32.5,745.5,26.31,26.18
"2020-09-26 16:55:00",87330,13.43,32.41,745.6,26.09,26.99
"2020-09-26 17:00:00",87331,13.43,32.28,745.6,26.01,27.8
"2020-09-26 17:05:00",87332,13.35,31.8,745.7,25.51,28.17
"2020-09-26 17:10:00",87333,13.22,30.89,745.7,25.01,28.68
"2020-09-26 17:15:00",87334,13.53,30.89,745.6,25.18,27.74
"2020-09-26 17:20:00",87335,13.53,30.85,745.6,25.41,27.35
"2020-09-26 17:25:00",87336,13.53,30.71,745.6,25.36,27.89
"2020-09-26 17:30:00",87337,13.53,30.58,745.6,25.22,28.18
"2020-09-26 17:35:00",87338,13.52,30.28,745.6,24.93,28.19
"2020-09-26 17:40:00",87339,13.32,29.61,745.6,24.97,28.37
"2020-09-26 17:45:00",87340,13.2,29.26,745.6,24.51,29.72
"2020-09-26 17:50:00",87341,13.14,28.97,745.6,24.59,29.32
"2020-09-26 17:55:00",87342,13.09,28.71,745.7,24.45,29.58
"2020-09-26 18:00:00",87343,13.06,28.46,745.7,24.18,29.62
"2020-09-26 18:05:00",87344,13.03,28.19,745.6,24.2,29.49
"2020-09-26 18:10:00",87345,13,27.9,745.7,23.65,30.66
"2020-09-26 18:15:00",87346,12.98,27.55,745.8,23.45,31.41
"2020-09-26 18:20:00",87347,12.97,27.19,745.8,23.29,31.26
"2020-09-26 18:25:00",87348,12.96,26.84,745.8,23.09,31.95
"2020-09-26 18:30:00",87349,12.95,26.46,745.8,22.89,32.33
"2020-09-26 18:35:00",87350,12.95,26.1,745.9,22.57,33.04
"2020-09-26 18:40:00",87351,12.94,25.75,745.9,22.33,33.15
"2020-09-26 18:45:00",87352,12.94,25.46,746,22.3,32.95
"2020-09-26 18:50:00",87353,12.94,25.18,746,22.19,33.14
"2020-09-26 18:55:00",87354,12.94,24.94,746,22.07,33.06
"2020-09-26 19:00:00",87355,12.93,24.74,746,22.1,32.93
"2020-09-26 19:05:00",87356,12.93,24.54,746,22.17,32.5
"2020-09-26 19:10:00",87357,12.93,24.39,746.1,22.23,32.27
"2020-09-26 19:15:00",87358,12.92,24.25,746.1,22.21,30.84
"2020-09-26 19:20:00",87359,12.92,24.16,746.2,22.12,31.8
"2020-09-26 19:25:00",87360,12.92,24.07,746.4,22.09,32.13
"2020-09-26 19:30:00",87361,12.92,24,746.5,22.31,29.34
"2020-09-26 19:35:00",87362,12.91,23.96,746.6,22.27,29.73
"2020-09-26 19:40:00",87363,12.91,23.9,746.6,21.69,33.39
"2020-09-26 19:45:00",87364,12.91,23.8,746.8,21.41,34.89
"2020-09-26 19:50:00",87365,12.91,23.67,746.8,21.29,34.61
"2020-09-26 19:55:00",87366,12.91,23.52,746.8,21.13,34.93
"2020-09-26 20:00:00",87367,12.91,23.36,746.9,20.98,35.34
"2020-09-26 20:05:00",87368,12.9,23.19,746.9,20.75,35.52
"2020-09-26 20:10:00",87369,12.9,23.02,747.1,20.82,35.59
"2020-09-26 20:15:00",87370,12.9,22.87,747.1,20.81,35.65
"2020-09-26 20:20:00",87371,12.89,22.75,747.2,20.84,35.46
"2020-09-26 20:25:00",87372,12.89,22.62,747.3,20.72,35.91
"2020-09-26 20:30:00",87373,12.89,22.53,747.4,21.02,34.95
"2020-09-26 20:35:00",87374,12.89,22.45,747.4,21.28,34.18
"2020-09-26 20:40:00",87375,12.89,22.4,747.5,20.91,34.38
"2020-09-26 20:45:00",87376,12.89,22.36,747.6,20.76,34.53
"2020-09-26 20:50:00",87377,12.88,22.27,747.7,20.65,34.65
"2020-09-26 20:55:00",87378,12.88,22.21,747.7,20.7,34.32
"2020-09-26 21:00:00",87379,12.88,22.13,747.8,20.44,35.16
"2020-09-26 21:05:00",87380,12.88,22.04,747.9,20.13,36.31
"2020-09-26 21:10:00",87381,12.88,21.93,748,20.2,35.76
"2020-09-26 21:15:00",87382,12.87,21.81,748.1,20.65,34.12
"2020-09-26 21:20:00",87383,12.87,21.76,748.1,20.55,34.64
"2020-09-26 21:25:00",87384,12.87,21.69,748.2,20.5,34.4
"2020-09-26 21:30:00",87385,12.87,21.61,748.2,20.44,34.1
"2020-09-26 21:35:00",87386,12.87,21.54,748.2,20.37,35.45
"2020-09-26 21:40:00",87387,12.87,21.44,748.2,19.64,38.74
"2020-09-26 21:45:00",87388,12.86,21.34,748.1,19.31,38.38
"2020-09-26 21:50:00",87389,12.86,21.24,748,20.02,35.9
"2020-09-26 21:55:00",87390,12.86,21.22,748.1,20.13,35.85
"2020-09-26 22:00:00",87391,12.86,21.21,748,19.81,36.8
"2020-09-26 22:05:00",87392,12.86,21.19,748,19.68,37.11
"2020-09-26 22:10:00",87393,12.86,21.15,748,19.69,36.43
"2020-09-26 22:15:00",87394,12.86,21.12,748,19.8,35.78
"2020-09-26 22:20:00",87395,12.85,21.08,748.1,19.49,37.06
"2020-09-26 22:25:00",87396,12.85,21.02,748.1,18.99,38.99
"2020-09-26 22:30:00",87397,12.85,20.92,748.1,18.62,40.6
"2020-09-26 22:35:00",87398,12.85,20.78,748,18.45,41.48
"2020-09-26 22:40:00",87399,12.85,20.63,748,18.24,41.75
"2020-09-26 22:45:00",87400,12.85,20.47,748.1,18,42.49
"2020-09-26 22:50:00",87401,12.85,20.3,748,17.8,42.91
"2020-09-26 22:55:00",87402,12.84,20.11,747.9,17.93,42.86
"2020-09-26 23:00:00",87403,12.84,19.95,747.7,17.85,43.27
"2020-09-26 23:05:00",87404,12.84,19.81,747.7,17.68,43.98
"2020-09-26 23:10:00",87405,12.84,19.65,747.7,17.86,44
"2020-09-26 23:15:00",87406,12.83,19.55,747.6,17.72,44.37
"2020-09-26 23:20:00",87407,12.83,19.43,747.5,17.49,45.1
"2020-09-26 23:25:00",87408,12.83,19.3,747.6,17.61,44.99
"2020-09-26 23:30:00",87409,12.83,19.2,747.7,17.63,44.99
"2020-09-26 23:35:00",87410,12.83,19.12,747.7,18.06,43.87
"2020-09-26 23:40:00",87411,12.83,19.07,747.7,18.09,43.77
"2020-09-26 23:45:00",87412,12.83,19.03,747.7,17.99,44.21
"2020-09-26 23:50:00",87413,12.83,19,747.8,18.01,43.77
"2020-09-26 23:55:00",87414,12.82,19,747.9,18.01,43.96
"2020-09-27 00:00:00",87415,12.82,19.01,747.9,17.73,44.81
"2020-09-27 00:05:00",87416,12.82,19,748,17.61,44.8
"2020-09-27 00:10:00",87417,12.82,18.98,748,17.72,44.37
"2020-09-27 00:15:00",87418,12.82,18.96,747.9,17.68,43.92
"2020-09-27 00:20:00",87419,12.82,18.96,747.9,17.29,45.17
"2020-09-27 00:25:00",87420,12.82,18.92,747.9,17.55,43.96
"2020-09-27 00:30:00",87421,12.81,18.86,747.8,17.23,45.07
"2020-09-27 00:35:00",87422,12.81,18.75,747.8,17.06,45.65
"2020-09-27 00:40:00",87423,12.81,18.63,747.9,16.86,45.97
"2020-09-27 00:45:00",87424,12.81,18.52,747.9,17.19,45.44
"2020-09-27 00:50:00",87425,12.81,18.43,747.9,17.23,44.75
"2020-09-27 00:55:00",87426,12.81,18.36,747.9,17.33,43.94
"2020-09-27 01:00:00",87427,12.81,18.31,747.9,16.93,45.57
"2020-09-27 01:05:00",87428,12.8,18.27,747.9,18.06,41.63
"2020-09-27 01:10:00",87429,12.8,18.3,748,17.45,44.33
"2020-09-27 01:15:00",87430,12.8,18.29,747.9,17.05,44.67
"2020-09-27 01:20:00",87431,12.8,18.26,747.9,17.15,45.34
"2020-09-27 01:25:00",87432,12.8,18.22,747.9,17,46.43
"2020-09-27 01:30:00",87433,12.8,18.21,748,17.72,43.03
"2020-09-27 01:35:00",87434,12.79,18.23,748.1,17.57,43.21
"2020-09-27 01:40:00",87435,12.8,18.23,748,16.93,45.72
"2020-09-27 01:45:00",87436,12.79,18.18,747.9,17.06,45.58
"2020-09-27 01:50:00",87437,12.79,18.12,748,16.69,47.08
"2020-09-27 01:55:00",87438,12.79,18.06,747.9,16.64,46.98
"2020-09-27 02:00:00",87439,12.79,17.98,747.9,16.69,46.64
"2020-09-27 02:05:00",87440,12.79,17.92,747.9,17.01,45.26
"2020-09-27 02:10:00",87441,12.78,17.86,747.8,17.2,44.46
"2020-09-27 02:15:00",87442,12.78,17.81,747.8,16.48,46.33
"2020-09-27 02:20:00",87443,12.78,17.71,747.8,16.16,47.23
"2020-09-27 02:25:00",87444,12.78,17.64,747.7,16.27,47.06
"2020-09-27 02:30:00",87445,12.78,17.6,747.6,16.14,47.51
"2020-09-27 02:35:00",87446,12.77,17.56,747.6,16.3,47.06
"2020-09-27 02:40:00",87447,12.77,17.55,747.5,16.32,46.81
"2020-09-27 02:45:00",87448,12.77,17.5,747.5,16.65,46.01
"2020-09-27 02:50:00",87449,12.77,17.45,747.5,16.62,46.25
"2020-09-27 02:55:00",87450,12.76,17.41,747.5,16.53,46.46
"2020-09-27 03:00:00",87451,12.76,17.38,747.5,16.32,46.91
"2020-09-27 03:05:00",87452,12.76,17.35,747.5,16.43,45.6
"2020-09-27 03:10:00",87453,12.76,17.32,747.5,16.38,44.46
"2020-09-27 03:15:00",87454,12.75,17.3,747.5,16.64,42.91
"2020-09-27 03:20:00",87455,12.75,17.29,747.5,16.85,42.58
"2020-09-27 03:25:00",87456,12.75,17.28,747.6,15.88,48.51
"2020-09-27 03:30:00",87457,12.75,17.24,747.5,14.73,52.65
"2020-09-27 03:35:00",87458,12.75,17.1,747.6,14.83,50.88
"2020-09-27 03:40:00",87459,12.75,16.95,747.6,15.48,49.29
"2020-09-27 03:45:00",87460,12.74,16.84,747.6,15.1,51.71
"2020-09-27 03:50:00",87461,12.74,16.76,747.6,14.34,55
"2020-09-27 03:55:00",87462,12.74,16.62,747.6,13.99,56.7
"2020-09-27 04:00:00",87463,12.73,16.46,747.6,13.97,56.96
"2020-09-27 04:05:00",87464,12.73,16.28,747.6,13.99,57.03
"2020-09-27 04:10:00",87465,12.73,16.11,747.6,13.79,57.36
"2020-09-27 04:15:00",87466,12.72,15.96,747.6,13.77,57.48
"2020-09-27 04:20:00",87467,12.72,15.81,747.5,13.98,56.61
"2020-09-27 04:25:00",87468,12.72,15.7,747.5,14.37,54.3
"2020-09-27 04:30:00",87469,12.72,15.63,747.5,14.73,52.83
"2020-09-27 04:35:00",87470,12.71,15.61,747.6,14.91,52.42
"2020-09-27 04:40:00",87471,12.71,15.61,747.6,15.04,51.86
"2020-09-27 04:45:00",87472,12.71,15.6,747.8,14.64,53.58
"2020-09-27 04:50:00",87473,12.71,15.61,747.8,14.76,53.23
"2020-09-27 04:55:00",87474,12.7,15.64,747.9,14.45,52.82
"2020-09-27 05:00:00",87475,12.7,15.66,747.8,14.11,54.08
"2020-09-27 05:05:00",87476,12.7,15.64,747.8,13.72,55.78
"2020-09-27 05:10:00",87477,12.69,15.58,747.8,13.48,56.89
"2020-09-27 05:15:00",87478,12.69,15.47,747.8,13.55,56.51
"2020-09-27 05:20:00",87479,12.69,15.36,747.9,13.45,57
"2020-09-27 05:25:00",87480,12.69,15.25,748,13.61,55.86
"2020-09-27 05:30:00",87481,12.68,15.13,748,13.71,54.93
"2020-09-27 05:35:00",87482,12.68,15.05,748,13.64,55.04
"2020-09-27 05:40:00",87483,12.68,14.95,748.1,13.83,53.95
"2020-09-27 05:45:00",87484,12.67,14.91,748.2,13.71,54.11
"2020-09-27 05:50:00",87485,12.67,14.85,748.2,13.49,55.8
"2020-09-27 05:55:00",87486,12.67,14.79,748.3,13.61,55.76
"2020-09-27 06:00:00",87487,12.66,14.75,748.3,13.77,54.82
"2020-09-27 06:05:00",87488,12.66,14.72,748.4,13.47,55.86
"2020-09-27 06:10:00",87489,12.66,14.71,748.4,13.35,56.36
"2020-09-27 06:15:00",87490,12.67,14.66,748.5,13.08,59.7
"2020-09-27 06:20:00",87491,12.68,14.6,748.6,12.84,59.33
"2020-09-27 06:25:00",87492,12.72,14.57,748.6,12.76,60.62
"2020-09-27 06:30:00",87493,12.78,14.59,748.7,12.98,60.24
"2020-09-27 06:35:00",87494,12.86,14.65,748.8,13.17,60.39
"2020-09-27 06:40:00",87495,12.98,14.76,748.9,13.39,59.65
"2020-09-27 06:45:00",87496,13.12,14.92,749,13.45,60.29
"2020-09-27 06:50:00",87497,13.3,15.16,749.1,13.75,58.64
"2020-09-27 06:55:00",87498,13.45,15.5,749.2,14.32,55.99
"2020-09-27 07:00:00",87499,13.55,15.91,749.2,15.18,52.68
"2020-09-27 07:05:00",87500,13.63,16.41,749.3,15.82,50.61
"2020-09-27 07:10:00",87501,13.69,17.01,749.3,16.74,49.15
"2020-09-27 07:15:00",87502,13.74,17.68,749.4,17.47,46.11
"2020-09-27 07:20:00",87503,13.8,18.43,749.4,17.53,45.26
"2020-09-27 07:25:00",87504,13.88,19.23,749.5,18.17,42.83
"2020-09-27 07:30:00",87505,13.81,20.8,749.6,18.64,42.75
"2020-09-27 07:35:00",87506,13.72,21.9,749.6,18.63,43.14
"2020-09-27 07:40:00",87507,13.69,22.65,749.7,18.8,42.77
"2020-09-27 07:45:00",87508,13.67,23.37,749.8,19.02,40.77
"2020-09-27 07:50:00",87509,13.67,24.03,749.8,19.44,40.01
"2020-09-27 07:55:00",87510,13.64,24.65,749.9,19.05,42.03
"2020-09-27 08:00:00",87511,13.64,25.27,749.9,19.41,40.72
"2020-09-27 08:05:00",87512,13.62,25.88,749.9,19.23,40.41
"2020-09-27 08:10:00",87513,13.62,26.44,749.9,19.21,40.18
"2020-09-27 08:15:00",87514,13.59,26.93,750,20.55,36.64
"2020-09-27 08:20:00",87515,13.59,27.42,750,21.31,35.37
"2020-09-27 08:25:00",87516,13.59,27.94,750.1,21.42,35.58
"2020-09-27 08:30:00",87517,13.57,28.38,750.1,20.59,37.34
"2020-09-27 08:35:00",87518,13.57,28.82,750.1,21.16,35.88
"2020-09-27 08:40:00",87519,13.55,29.24,750.2,21.83,32.7
"2020-09-27 08:45:00",87520,13.55,29.55,750.2,21.6,33.41
"2020-09-27 08:50:00",87521,13.54,29.88,750.2,21.58,33.21
"2020-09-27 08:55:00",87522,13.55,30.2,750.2,21.52,32.71
"2020-09-27 09:00:00",87523,13.53,30.49,750.2,21.57,32.08
"2020-09-27 09:05:00",87524,13.52,30.77,750.2,22.49,32.56
"2020-09-27 09:10:00",87525,13.53,31.1,750.2,22.74,29.98
"2020-09-27 09:15:00",87526,13.53,31.43,750.1,22.62,28.99
"2020-09-27 09:20:00",87527,13.5,31.72,750.1,21.95,30.71
"2020-09-27 09:25:00",87528,13.5,32.01,750.1,23.04,28.99
"2020-09-27 09:30:00",87529,13.5,32.36,750.1,23.34,29.49
"2020-09-27 09:35:00",87530,13.48,32.65,750.1,22.98,30.94
"2020-09-27 09:40:00",87531,13.48,32.89,750,23.61,28.12
"2020-09-27 09:45:00",87532,13.48,33.2,750,24.13,24.59
"2020-09-27 09:50:00",87533,13.48,33.45,750,23.41,25.63
"2020-09-27 09:55:00",87534,13.48,33.62,750,23.6,24.55
"2020-09-27 10:00:00",87535,13.48,33.76,749.9,23.73,24.7
"2020-09-27 10:05:00",87536,13.46,33.83,749.8,24.02,24.07
"2020-09-27 10:10:00",87537,13.46,33.94,749.8,23.47,23.38
"2020-09-27 10:15:00",87538,13.46,34.03,749.7,24.7,23.7
"2020-09-27 10:20:00",87539,13.46,34.15,749.7,24,22.04
"2020-09-27 10:25:00",87540,13.46,34.16,749.6,23.01,23.76
"2020-09-27 10:30:00",87541,13.46,34.02,749.6,23.82,24.22
"2020-09-27 10:35:00",87542,13.46,33.92,749.6,23.95,25.36
"2020-09-27 10:40:00",87543,13.46,33.89,749.5,24.08,24.52
"2020-09-27 10:45:00",87544,13.46,33.95,749.4,24.88,24.4
"2020-09-27 10:50:00",87545,13.46,34.09,749.4,25.17,23.7
"2020-09-27 10:55:00",87546,13.46,34.23,749.3,24.08,24.38
"2020-09-27 11:00:00",87547,13.46,34.25,749.3,23.53,24.2
"2020-09-27 11:05:00",87548,13.46,34.16,749.3,23.39,23.75
"2020-09-27 11:10:00",87549,13.46,34.03,749.3,23.32,24.19
"2020-09-27 11:15:00",87550,13.46,33.94,749.2,24.13,23.15
"2020-09-27 11:20:00",87551,13.46,33.9,749.1,26.13,21.34
"2020-09-27 11:25:00",87552,13.46,34.06,749.1,25.42,22.47
"2020-09-27 11:30:00",87553,13.46,34.22,749,24.41,22.2
"2020-09-27 11:35:00",87554,13.46,34.22,749,25.09,21
"2020-09-27 11:40:00",87555,13.46,34.26,748.9,25.78,20.76
"2020-09-27 11:45:00",87556,13.47,34.39,748.7,25.96,20.57
"2020-09-27 11:50:00",87557,13.44,34.54,748.7,26.66,21.24
"2020-09-27 11:55:00",87558,13.44,34.72,748.6,26.59,19.84
"2020-09-27 12:00:00",87559,13.44,34.9,748.6,27.1,19.66
"2020-09-27 12:05:00",87560,13.44,35.08,748.5,26.73,22.63
"2020-09-27 12:10:00",87561,13.44,35.25,748.4,27.08,19.59
"2020-09-27 12:15:00",87562,13.44,35.42,748.3,27.44,18.91
"2020-09-27 12:20:00",87563,13.45,35.55,748.2,27.47,20
"2020-09-27 12:25:00",87564,13.42,35.55,748.1,26.23,22.18
"2020-09-27 12:30:00",87565,13.42,35.31,748.1,25.18,22.39
"2020-09-27 12:35:00",87566,13.42,34.84,748,24.33,24.02
"2020-09-27 12:40:00",87567,13.42,34.28,747.9,24.05,26.77
"2020-09-27 12:45:00",87568,13.42,33.57,747.8,24.33,24.88
"2020-09-27 12:50:00",87569,13.42,32.99,747.8,24.38,25.29
"2020-09-27 12:55:00",87570,13.42,32.54,747.7,24.24,24.66
"2020-09-27 13:00:00",87571,13.42,32.26,747.6,25.02,23.96
"2020-09-27 13:05:00",87572,13.42,32.08,747.5,24.92,24.33
"2020-09-27 13:10:00",87573,13.42,32,747.4,24.97,23.75
"2020-09-27 13:15:00",87574,13.42,31.98,747.3,25.43,24.23
"2020-09-27 13:20:00",87575,13.42,31.97,747.2,24.84,23.54
"2020-09-27 13:25:00",87576,13.42,31.89,747,24.25,25.69
"2020-09-27 13:30:00",87577,13.45,31.69,747,24.22,27.39
"2020-09-27 13:35:00",87578,13.45,31.53,747,24.67,25.24
"2020-09-27 13:40:00",87579,13.45,31.48,746.9,24.49,23.31
"2020-09-27 13:45:00",87580,13.45,31.46,746.9,24.42,23.72
"2020-09-27 13:50:00",87581,13.45,31.37,746.8,23.72,23.46
"2020-09-27 13:55:00",87582,13.45,31.19,746.7,24.05,24.55
"2020-09-27 14:00:00",87583,13.45,31.03,746.6,24.55,27.62
"2020-09-27 14:05:00",87584,13.45,30.92,746.5,24.4,28.9
"2020-09-27 14:10:00",87585,13.45,30.8,746.4,24.51,28.16
"2020-09-27 14:15:00",87586,13.45,30.72,746.3,24.45,28.05
"2020-09-27 14:20:00",87587,13.45,30.61,746.3,24.38,29.2
"2020-09-27 14:25:00",87588,13.45,30.48,746.2,23.09,26.35
"2020-09-27 14:30:00",87589,13.47,30.24,746.2,23.53,23.76
"2020-09-27 14:35:00",87590,13.47,30.04,746.2,24.49,22.66
"2020-09-27 14:40:00",87591,13.47,29.97,746.2,23.74,27.69
"2020-09-27 14:45:00",87592,13.47,29.89,746.1,23.67,29.78
"2020-09-27 14:50:00",87593,13.47,29.77,746.1,23.1,31.08
"2020-09-27 14:55:00",87594,13.47,29.57,746.1,23.05,30.14
"2020-09-27 15:00:00",87595,13.47,29.37,746.1,22.89,31.73
"2020-09-27 15:05:00",87596,13.5,29.19,746.1,22.56,31.97
"2020-09-27 15:10:00",87597,13.5,28.98,746.1,22.18,32.54
"2020-09-27 15:15:00",87598,13.5,28.72,745.7,22.12,33.13
"2020-09-27 15:20:00",87599,13.5,28.48,745.8,22.95,27.97
"2020-09-27 15:25:00",87600,13.5,28.31,745.9,23.04,27.23
"2020-09-27 15:30:00",87601,13.5,28.25,745.8,23.25,25.75
"2020-09-27 15:35:00",87602,13.5,28.24,745.9,23.07,26.93
"2020-09-27 15:40:00",87603,13.5,28.25,746.1,22.97,28.34
"2020-09-27 15:45:00",87604,13.5,28.39,746.2,23.52,29.03
"2020-09-27 15:50:00",87605,13.5,28.58,746.2,22.93,30.73
"2020-09-27 15:55:00",87606,13.5,28.65,746.2,22.39,31.82
"2020-09-27 16:00:00",87607,13.5,28.54,746.2,22.15,31.53
"2020-09-27 16:05:00",87608,13.5,28.31,746.1,21.58,32.08
"2020-09-27 16:10:00",87609,13.5,28.05,746.1,21.43,31.27
"2020-09-27 16:15:00",87610,13.52,27.78,746.3,21.13,32.11
"2020-09-27 16:20:00",87611,13.52,27.51,746.1,21.57,30.15
"2020-09-27 16:25:00",87612,13.52,27.32,746.2,21.64,29.18
"2020-09-27 16:30:00",87613,13.52,27.18,746.1,21.8,28.76
"2020-09-27 16:35:00",87614,13.52,27.13,746.1,22.05,27.76
"2020-09-27 16:40:00",87615,13.52,27.19,746,22.57,28.41
"2020-09-27 16:45:00",87616,13.52,27.32,746.1,22.24,28.66
"2020-09-27 16:50:00",87617,13.52,27.46,746,21.81,31.5
"2020-09-27 16:55:00",87618,13.52,27.59,745.9,22.04,31.89
"2020-09-27 17:00:00",87619,13.53,27.75,745.9,22.31,31.41
"2020-09-27 17:05:00",87620,13.52,27.87,745.9,22.28,31.34
"2020-09-27 17:10:00",87621,13.52,27.96,745.8,22.59,29.43
"2020-09-27 17:15:00",87622,13.52,28.07,745.9,22.84,27.08
"2020-09-27 17:20:00",87623,13.53,28.2,745.9,23.01,27.5
"2020-09-27 17:25:00",87624,13.53,28.31,745.8,23.52,26.59
"2020-09-27 17:30:00",87625,13.53,28.41,745.9,22.43,26.03
"2020-09-27 17:35:00",87626,13.53,28.37,746,22.35,26.57
"2020-09-27 17:40:00",87627,13.52,28.26,746,21.98,27.96
"2020-09-27 17:45:00",87628,13.52,28.06,746.1,22.01,27.36
"2020-09-27 17:50:00",87629,13.53,27.86,746.2,22.07,28.1
"2020-09-27 17:55:00",87630,13.52,27.62,746.2,22.16,28.58
"2020-09-27 18:00:00",87631,13.3,26.88,746.4,21.87,29.47
"2020-09-27 18:05:00",87632,13.15,26.32,746.5,21.53,30.14
"2020-09-27 18:10:00",87633,13.08,25.89,746.5,21.38,31.33
"2020-09-27 18:15:00",87634,13.03,25.5,746.6,21.29,31.13
"2020-09-27 18:20:00",87635,12.98,25.11,746.7,21.16,32.11
"2020-09-27 18:25:00",87636,12.95,24.77,746.7,20.96,32.69
"2020-09-27 18:30:00",87637,12.94,24.46,746.7,20.81,33.54
"2020-09-27 18:35:00",87638,12.94,24.12,746.7,20.64,34.22
"2020-09-27 18:40:00",87639,12.93,23.82,746.7,20.64,33.99
"2020-09-27 18:45:00",87640,12.93,23.6,746.7,20.62,33.79
"2020-09-27 18:50:00",87641,12.93,23.36,746.7,20.49,33.84
"2020-09-27 18:55:00",87642,12.92,23.16,746.7,20.44,34.1
"2020-09-27 19:00:00",87643,12.92,22.97,746.8,19.98,35.83
"2020-09-27 19:05:00",87644,12.92,22.75,746.9,19.44,39.14
"2020-09-27 19:10:00",87645,12.92,22.53,746.9,19.32,40.16
"2020-09-27 19:15:00",87646,12.91,22.31,746.8,19.03,40.9
"2020-09-27 19:20:00",87647,12.91,22.1,747,18.99,40.9
"2020-09-27 19:25:00",87648,12.91,21.88,747.1,18.82,41.23
"2020-09-27 19:30:00",87649,12.91,21.68,747.2,18.98,39.7
"2020-09-27 19:35:00",87650,12.9,21.5,747.3,18.88,40.11
"2020-09-27 19:40:00",87651,12.9,21.32,747.4,18.87,40.14
"2020-09-27 19:45:00",87652,12.9,21.18,747.5,18.87,40.53
"2020-09-27 19:50:00",87653,12.9,21.02,747.6,19.06,40.13
"2020-09-27 19:55:00",87654,12.9,20.93,747.7,19.15,39.14
"2020-09-27 20:00:00",87655,12.89,20.84,747.7,19.16,38.98
"2020-09-27 20:05:00",87656,12.89,20.76,747.8,18.9,39.89
"2020-09-27 20:10:00",87657,12.89,20.68,748,18.82,40.07
"2020-09-27 20:15:00",87658,12.89,20.6,748,18.82,40.11
"2020-09-27 20:20:00",87659,12.89,20.52,748.1,18.88,39.04
"2020-09-27 20:25:00",87660,12.88,20.44,748.2,18.83,39.23
"2020-09-27 20:30:00",87661,12.88,20.35,748.2,18.64,39.47
"2020-09-27 20:35:00",87662,12.88,20.25,748.3,18.28,39.89
"2020-09-27 20:40:00",87663,12.88,20.16,748.4,17.94,40.69
"2020-09-27 20:45:00",87664,12.87,20.06,748.4,17.86,41
"2020-09-27 20:50:00",87665,12.87,19.95,748.5,17.56,42.41
"2020-09-27 20:55:00",87666,12.87,19.82,748.6,17.4,42.9
"2020-09-27 21:00:00",87667,12.87,19.7,748.8,17.42,42.77
"2020-09-27 21:05:00",87668,12.87,19.56,748.8,17.54,42.08
"2020-09-27 21:10:00",87669,12.87,19.44,748.9,17.44,42.17
"2020-09-27 21:15:00",87670,12.86,19.36,748.9,17.38,42.42
"2020-09-27 21:20:00",87671,12.86,19.28,749,17.23,43.17
"2020-09-27 21:25:00",87672,12.86,19.2,749,17.23,42.59
"2020-09-27 21:30:00",87673,12.86,19.12,749.1,17.26,42.53
"2020-09-27 21:35:00",87674,12.86,19.05,749.1,17.14,42.61
"2020-09-27 21:40:00",87675,12.86,18.95,749.2,17.07,42.86
"2020-09-27 21:45:00",87676,12.86,18.88,749.3,16.89,43.95
"2020-09-27 21:50:00",87677,12.85,18.78,749.3,16.71,44.88
"2020-09-27 21:55:00",87678,12.85,18.66,749.3,16.67,45.19
"2020-09-27 22:00:00",87679,12.85,18.56,749.4,16.64,45.28
"2020-09-27 22:05:00",87680,12.85,18.45,749.4,16.81,44.76
"2020-09-27 22:10:00",87681,12.85,18.37,749.5,16.75,45.01
"2020-09-27 22:15:00",87682,12.84,18.3,749.6,16.43,46.17
"2020-09-27 22:20:00",87683,12.84,18.21,749.7,16.62,45.03
"2020-09-27 22:25:00",87684,12.84,18.13,749.8,16.7,44.75
"2020-09-27 22:30:00",87685,12.84,18.07,749.9,16.33,45.87
"2020-09-27 22:35:00",87686,12.84,17.97,749.9,16.27,45.64
"2020-09-27 22:40:00",87687,12.84,17.86,750,16.24,46.08
"2020-09-27 22:45:00",87688,12.84,17.79,750.1,16.32,44.77
"2020-09-27 22:50:00",87689,12.83,17.69,750.1,16.05,45.49
"2020-09-27 22:55:00",87690,12.83,17.65,750.2,16.69,43.42
"2020-09-27 23:00:00",87691,12.83,17.63,750.2,16.69,42.85
"2020-09-27 23:05:00",87692,12.83,17.65,750.3,16.56,43.78
"2020-09-27 23:10:00",87693,12.83,17.63,750.3,16.21,45.23
"2020-09-27 23:15:00",87694,12.83,17.58,750.3,16.39,44.59
"2020-09-27 23:20:00",87695,12.83,17.56,750.4,15.83,47.35
"2020-09-27 23:25:00",87696,12.82,17.51,750.3,15.16,50.12
"2020-09-27 23:30:00",87697,12.82,17.43,750.4,15.29,49.39
"2020-09-27 23:35:00",87698,12.82,17.34,750.5,15.47,48.3
"2020-09-27 23:40:00",87699,12.82,17.28,750.4,15.56,48
"2020-09-27 23:45:00",87700,12.82,17.24,750.4,15.6,47.69
"2020-09-27 23:50:00",87701,12.82,17.19,750.4,15.59,47.81
"2020-09-27 23:55:00",87702,12.82,17.15,750.3,15.58,47.88
"2020-09-28 00:00:00",87703,12.81,17.1,750.2,15.48,48.02
"2020-09-28 00:05:00",87704,12.81,17.06,750.2,15.46,47.89
"2020-09-28 00:10:00",87705,12.81,17,750.1,15.44,48.11
"2020-09-28 00:15:00",87706,12.81,16.95,750.1,15.25,48.98
"2020-09-28 00:20:00",87707,12.81,16.87,750.2,15.1,49.15
"2020-09-28 00:25:00",87708,12.81,16.78,750.1,14.89,50.24
"2020-09-28 00:30:00",87709,12.81,16.65,750.1,15.04,48.8
"2020-09-28 00:35:00",87710,12.8,16.56,750,15.39,48.04
"2020-09-28 00:40:00",87711,12.8,16.49,749.9,14.86,52.36
"2020-09-28 00:45:00",87712,12.8,16.42,749.8,14.11,54.51
"2020-09-28 00:50:00",87713,12.8,16.3,749.8,13.92,55.18
"2020-09-28 00:55:00",87714,12.8,16.18,749.8,14.12,53.02
"2020-09-28 01:00:00",87715,12.8,16.06,749.8,13.98,54.76
"2020-09-28 01:05:00",87716,12.79,15.96,749.8,14.21,53.61
"2020-09-28 01:10:00",87717,12.79,15.86,749.7,13.74,54.88
"2020-09-28 01:15:00",87718,12.79,15.74,749.6,13.83,54.1
"2020-09-28 01:20:00",87719,12.79,15.64,749.6,14.13,53.29
"2020-09-28 01:25:00",87720,12.79,15.57,749.4,14.63,50.7
"2020-09-28 01:30:00",87721,12.78,15.55,749.4,14.92,48.85
"2020-09-28 01:35:00",87722,12.78,15.56,749.3,14.97,51.42
"2020-09-28 01:40:00",87723,12.78,15.56,749.2,13.47,56.79
"2020-09-28 01:45:00",87724,12.78,15.51,749.2,13.36,56.42
"2020-09-28 01:50:00",87725,12.78,15.44,749.3,13.35,56.63
"2020-09-28 01:55:00",87726,12.78,15.34,749.1,13.43,56.22
"2020-09-28 02:00:00",87727,12.77,15.25,749.2,13.43,56.43
"2020-09-28 02:05:00",87728,12.77,15.15,749.1,13.45,56.16
"2020-09-28 02:10:00",87729,12.77,15.09,749,13.61,55.76
"2020-09-28 02:15:00",87730,12.77,15.06,749.1,14.11,53.38
"2020-09-28 02:20:00",87731,12.77,15.04,749.1,13.78,55.06
"2020-09-28 02:25:00",87732,12.76,15.03,749.1,13.47,56.29
"2020-09-28 02:30:00",87733,12.76,14.99,749.1,13.21,57
"2020-09-28 02:35:00",87734,12.76,14.94,749.1,13.17,57.02
"2020-09-28 02:40:00",87735,12.76,14.9,749.2,14.29,53.16
"2020-09-28 02:45:00",87736,12.76,14.93,749.1,14.57,52.01
"2020-09-28 02:50:00",87737,12.75,15.03,749.1,14.59,51.89
"2020-09-28 02:55:00",87738,12.75,15.13,749.1,14.47,52.73
"2020-09-28 03:00:00",87739,12.75,15.25,748.9,14.57,51.79
"2020-09-28 03:05:00",87740,12.75,15.37,748.6,14.76,50.25
"2020-09-28 03:10:00",87741,12.75,15.47,748.7,14.74,51.3
"2020-09-28 03:15:00",87742,12.74,15.49,748.7,13.99,55.01
"2020-09-28 03:20:00",87743,12.74,15.45,748.6,13.63,57.72
"2020-09-28 03:25:00",87744,12.74,15.37,748.7,13.29,57.01
"2020-09-28 03:30:00",87745,12.74,15.28,748.8,13.78,54.43
"2020-09-28 03:35:00",87746,12.73,15.22,748.9,13.71,54.57
"2020-09-28 03:40:00",87747,12.74,15.18,749,13.45,55.77
"2020-09-28 03:45:00",87748,12.73,15.14,749,13.23,57.87
"2020-09-28 03:50:00",87749,12.73,15.09,749,13.2,57.93
"2020-09-28 03:55:00",87750,12.72,15.05,749,13.17,58.49
"2020-09-28 04:00:00",87751,12.72,14.99,749,13.24,57.84
"2020-09-28 04:05:00",87752,12.72,14.96,748.9,13.17,58.1
"2020-09-28 04:10:00",87753,12.72,14.94,748.9,13.06,58.47
"2020-09-28 04:15:00",87754,12.72,14.91,748.9,13.04,57.75
"2020-09-28 04:20:00",87755,12.71,14.9,748.9,13.18,57.59
"2020-09-28 04:25:00",87756,12.71,14.87,749,13.08,57.52
"2020-09-28 04:30:00",87757,12.71,14.83,749.1,12.9,58.92
"2020-09-28 04:35:00",87758,12.7,14.78,749.2,12.98,58.94
"2020-09-28 04:40:00",87759,12.7,14.75,749.3,12.77,60.48
"2020-09-28 04:45:00",87760,12.7,14.73,749.3,12.78,60.89
"2020-09-28 04:50:00",87761,12.7,14.71,749.3,12.65,61.31
"2020-09-28 04:55:00",87762,12.69,14.65,749.2,12.6,60.56
"2020-09-28 05:00:00",87763,12.69,14.59,749.2,12.78,60.57
"2020-09-28 05:05:00",87764,12.69,14.56,749.3,13.12,58.87
"2020-09-28 05:10:00",87765,12.69,14.55,749.3,13.28,58.95
"2020-09-28 05:15:00",87766,12.68,14.54,749.4,13.12,59.11
"2020-09-28 05:20:00",87767,12.68,14.53,749.4,13.04,59.57
"2020-09-28 05:25:00",87768,12.68,14.51,749.5,13.17,59.74
"2020-09-28 05:30:00",87769,12.67,14.52,749.5,13.2,59.3
"2020-09-28 05:35:00",87770,12.67,14.54,749.6,13.08,59.49
"2020-09-28 05:40:00",87771,12.67,14.56,749.6,13.05,59.63
"2020-09-28 05:45:00",87772,12.66,14.59,749.7,12.92,59.7
"2020-09-28 05:50:00",87773,12.66,14.59,749.7,12.83,60.52
"2020-09-28 05:55:00",87774,12.66,14.61,749.7,12.64,61.16
"2020-09-28 06:00:00",87775,12.66,14.59,749.8,12.65,61.11
"2020-09-28 06:05:00",87776,12.65,14.57,749.8,12.79,61.4
"2020-09-28 06:10:00",87777,12.65,14.6,749.8,12.75,61.36
"2020-09-28 06:15:00",87778,12.65,14.66,749.8,12.59,62.19
"2020-09-28 06:20:00",87779,12.65,14.69,749.9,12.38,62.32
"2020-09-28 06:25:00",87780,12.66,14.7,749.9,12.4,61.8
"2020-09-28 06:30:00",87781,12.67,14.71,750,12.48,61.52
"2020-09-28 06:35:00",87782,12.68,14.71,750.1,12.55,61
"2020-09-28 06:40:00",87783,12.7,14.71,750.1,12.66,61.43
"2020-09-28 06:45:00",87784,12.72,14.74,750.2,12.62,61.4
"2020-09-28 06:50:00",87785,12.75,14.77,750.2,12.87,61.14
"2020-09-28 06:55:00",87786,12.79,14.83,750.3,13.11,60.68
"2020-09-28 07:00:00",87787,12.86,14.92,750.4,12.99,61.75
"2020-09-28 07:05:00",87788,12.95,15.02,750.5,13.09,61.06
"2020-09-28 07:10:00",87789,13.08,15.17,750.5,13.45,59.61
"2020-09-28 07:15:00",87790,13.23,15.37,750.6,13.72,58.66
"2020-09-28 07:20:00",87791,13.35,15.56,750.7,13.87,57.13
"2020-09-28 07:25:00",87792,13.43,15.8,750.8,13.98,58.26
"2020-09-28 07:30:00",87793,13.5,16.03,750.8,14.27,57.46
"2020-09-28 07:35:00",87794,13.54,16.3,750.9,14.43,56.19
"2020-09-28 07:40:00",87795,13.6,16.6,751,14.54,56.69
"2020-09-28 07:45:00",87796,13.68,16.97,751,14.68,56.23
"2020-09-28 07:50:00",87797,13.73,17.38,751,15.3,53.8
"2020-09-28 07:55:00",87798,13.82,17.87,751.1,15.72,52.57
"2020-09-28 08:00:00",87799,13.89,18.4,751.1,15.86,51.33
"2020-09-28 08:05:00",87800,13.84,19.14,751.2,16.53,48.69
"2020-09-28 08:10:00",87801,13.75,20.39,751.2,16.83,47.57
"2020-09-28 08:15:00",87802,13.72,21.04,751.3,16.24,48.9
"2020-09-28 08:20:00",87803,13.73,21.45,751.3,16.14,53.4
"2020-09-28 08:25:00",87804,13.73,21.05,751.3,16.14,51.92
"2020-09-28 08:30:00",87805,13.7,21.82,751.4,16.54,52.07
"2020-09-28 08:35:00",87806,13.7,22.19,751.5,16.53,51.57
"2020-09-28 08:40:00",87807,13.7,22.43,751.5,16.91,48.36
"2020-09-28 08:45:00",87808,13.7,22.7,751.5,17.51,46.74
"2020-09-28 08:50:00",87809,13.67,23.02,751.6,18,45.04
"2020-09-28 08:55:00",87810,13.68,23.39,751.6,18.41,44
"2020-09-28 09:00:00",87811,13.68,23.69,751.7,17.67,45.25
"2020-09-28 09:05:00",87812,13.65,23.94,751.7,17.79,44.92
"2020-09-28 09:10:00",87813,13.65,24.07,751.6,17.48,45.54
"2020-09-28 09:15:00",87814,13.65,24.06,751.6,17.89,44.64
"2020-09-28 09:20:00",87815,13.65,24.07,751.6,17.82,43.62
"2020-09-28 09:25:00",87816,13.65,24.13,751.6,18.01,43.58
"2020-09-28 09:30:00",87817,13.65,24.22,751.6,18.33,42.49
"2020-09-28 09:35:00",87818,13.65,24.32,751.6,18.29,42.91
"2020-09-28 09:40:00",87819,13.65,24.45,751.6,18.95,40.6
"2020-09-28 09:45:00",87820,13.65,24.63,751.5,19.24,39.89
"2020-09-28 09:50:00",87821,13.65,24.86,751.5,19.64,39.65
"2020-09-28 09:55:00",87822,13.63,25.16,751.4,20.1,39.11
"2020-09-28 10:00:00",87823,13.63,25.51,751.3,20.82,36.7
"2020-09-28 10:05:00",87824,13.63,26.07,751.3,21.06,37.25
"2020-09-28 10:10:00",87825,13.6,26.65,751.3,21.53,35.66
"2020-09-28 10:15:00",87826,13.6,27.41,751.2,22.22,34.2
"2020-09-28 10:20:00",87827,13.58,28.16,751.1,21.73,34.75
"2020-09-28 10:25:00",87828,13.56,28.91,751.1,21.85,34.43
"2020-09-28 10:30:00",87829,13.55,29.4,751.1,20.82,36.57
"2020-09-28 10:35:00",87830,13.55,29.86,751.1,22.39,33.55
"2020-09-28 10:40:00",87831,13.53,30.22,751,22.13,34.39
"2020-09-28 10:45:00",87832,13.53,30.46,751.1,21.62,35.2
"2020-09-28 10:50:00",87833,13.53,30.6,751,21.55,35.46
"2020-09-28 10:55:00",87834,13.53,30.73,751,22.45,34.65
"2020-09-28 11:00:00",87835,13.53,30.93,750.9,22.13,33.93
"2020-09-28 11:05:00",87836,13.51,31.12,750.8,22.6,33.77
"2020-09-28 11:10:00",87837,13.51,31.24,750.8,22.14,34.53
"2020-09-28 11:15:00",87838,13.51,31.35,750.8,21.54,35.13
"2020-09-28 11:20:00",87839,13.51,31.39,750.6,21.73,35.61
"2020-09-28 11:25:00",87840,13.51,31.41,750.5,22.93,33.44
"2020-09-28 11:30:00",87841,13.51,31.55,750.5,23.18,32.93
"2020-09-28 11:35:00",87842,13.51,31.8,750.4,23.21,33.1
"2020-09-28 11:40:00",87843,13.51,32.01,750.3,22.25,34.4
"2020-09-28 11:45:00",87844,13.51,31.9,750.2,21.65,35.27
"2020-09-28 11:50:00",87845,13.51,31.58,750.1,21.56,35.03
"2020-09-28 11:55:00",87846,13.51,31.21,750,22.53,32.83
"2020-09-28 12:00:00",87847,13.51,31.06,749.9,23.66,31.6
"2020-09-28 12:05:00",87848,13.51,31.07,749.8,22.54,32.44
"2020-09-28 12:10:00",87849,13.52,31.19,749.7,23.3,31.67
"2020-09-28 12:15:00",87850,13.52,31.24,749.6,22.94,32.14
"2020-09-28 12:20:00",87851,13.51,31.26,749.5,23.13,31.15
"2020-09-28 12:25:00",87852,13.52,31.31,749.4,23.64,30.72
"2020-09-28 12:30:00",87853,13.52,31.44,749.3,23.7,29.92
"2020-09-28 12:35:00",87854,13.52,31.65,749.2,24.01,29.27
"2020-09-28 12:40:00",87855,13.49,31.81,749,23.41,30.37
"2020-09-28 12:45:00",87856,13.49,31.9,748.8,23.96,29.77
"2020-09-28 12:50:00",87857,13.49,31.98,748.8,24.34,29.16
"2020-09-28 12:55:00",87858,13.5,32.08,748.7,25.02,28.06
"2020-09-28 13:00:00",87859,13.49,32.23,748.6,24.31,29.09
"2020-09-28 13:05:00",87860,13.5,32.38,748.4,24.34,28.62
"2020-09-28 13:10:00",87861,13.5,32.48,748.3,24.05,29.07
"2020-09-28 13:15:00",87862,13.49,32.58,748.1,25.61,27.22
"2020-09-28 13:20:00",87863,13.5,32.75,748.1,25.84,26.7
"2020-09-28 13:25:00",87864,13.47,32.97,748,25.29,27
"2020-09-28 13:30:00",87865,13.47,33.13,747.9,24.65,28.04
"2020-09-28 13:35:00",87866,13.47,33.24,747.8,24.92,27.44
"2020-09-28 13:40:00",87867,13.47,33.23,747.7,24.63,27.59
"2020-09-28 13:45:00",87868,13.47,33.1,747.6,24.01,28.87
"2020-09-28 13:50:00",87869,13.47,32.91,747.5,24.74,27.91
"2020-09-28 13:55:00",87870,13.47,32.76,747.5,24.59,27.69
"2020-09-28 14:00:00",87871,13.47,32.62,747.4,25.15,27.39
"2020-09-28 14:05:00",87872,13.48,32.57,747.4,25.27,27.03
"2020-09-28 14:10:00",87873,13.47,32.49,747.3,23.67,31.1
"2020-09-28 14:15:00",87874,13.48,32.24,747.1,23.56,31.52
"2020-09-28 14:20:00",87875,13.47,31.84,747,22.97,31.97
"2020-09-28 14:25:00",87876,13.47,31.44,747,23.79,31.07
"2020-09-28 14:30:00",87877,13.47,31.2,747,24.11,30.63
"2020-09-28 14:35:00",87878,13.47,30.99,746.9,24.03,31.23
"2020-09-28 14:40:00",87879,13.47,30.77,746.9,23.05,31.78
"2020-09-28 14:45:00",87880,13.48,30.49,746.9,23.2,32.09
"2020-09-28 14:50:00",87881,13.48,30.3,746.8,24.07,30.15
"2020-09-28 14:55:00",87882,13.47,30.22,746.8,23.61,30.75
"2020-09-28 15:00:00",87883,13.47,30.16,746.7,23.65,30.12
"2020-09-28 15:05:00",87884,13.47,30.09,746.6,23.23,30.55
"2020-09-28 15:10:00",87885,13.47,29.96,746.5,23.4,30.91
"2020-09-28 15:15:00",87886,13.47,29.81,746.6,23.03,31.17
"2020-09-28 15:20:00",87887,13.47,29.68,746.4,23.45,30.84
"2020-09-28 15:25:00",87888,13.47,29.67,746.4,23.65,30.49
"2020-09-28 15:30:00",87889,13.47,29.71,746.3,23.84,30.27
"2020-09-28 15:35:00",87890,13.47,29.75,746.3,23.65,30.66
"2020-09-28 15:40:00",87891,13.47,29.8,746.3,24.15,29.93
"2020-09-28 15:45:00",87892,13.47,29.87,746.2,23.65,29.88
"2020-09-28 15:50:00",87893,13.47,29.87,746.2,23.47,30.64
"2020-09-28 15:55:00",87894,13.47,29.84,746.2,23.04,31.21
"2020-09-28 16:00:00",87895,13.47,29.82,746.2,23.65,30.32
"2020-09-28 16:05:00",87896,13.47,29.9,746.2,23.99,30.05
"2020-09-28 16:10:00",87897,13.47,30.01,746.1,23.44,31.58
"2020-09-28 16:15:00",87898,13.47,30.06,746,23.79,30.6
"2020-09-28 16:20:00",87899,13.48,30.1,745.9,23.59,31.02
"2020-09-28 16:25:00",87900,13.47,30.11,745.9,23.5,31.11
"2020-09-28 16:30:00",87901,13.47,30.15,745.9,23.83,30.07
"2020-09-28 16:35:00",87902,13.47,30.2,746,23.33,30.97
"2020-09-28 16:40:00",87903,13.47,30.21,746,23.41,30.7
"2020-09-28 16:45:00",87904,13.47,30.2,745.9,23.75,30.4
"2020-09-28 16:50:00",87905,13.47,30.15,746,23.76,30.13
"2020-09-28 16:55:00",87906,13.48,30.06,745.9,23.07,31.35
"2020-09-28 17:00:00",87907,13.47,29.91,746,23.34,31.24
"2020-09-28 17:05:00",87908,13.47,29.71,746,23.15,31.49
"2020-09-28 17:10:00",87909,13.47,29.46,746,23.03,31.48
"2020-09-28 17:15:00",87910,13.5,29.18,746.1,22.44,32.83
"2020-09-28 17:20:00",87911,13.5,28.86,746.1,22.22,33.47
"2020-09-28 17:25:00",87912,13.5,28.55,746.1,22.17,33.53
"2020-09-28 17:30:00",87913,13.5,28.29,746.1,22,34.35
"2020-09-28 17:35:00",87914,13.5,28.12,746.1,21.79,34.43
"2020-09-28 17:40:00",87915,13.5,27.95,746.3,21.75,35.15
"2020-09-28 17:45:00",87916,13.52,27.78,746.4,21.63,35.27
"2020-09-28 17:50:00",87917,13.52,27.6,746.4,21.59,35.27
"2020-09-28 17:55:00",87918,13.52,27.35,746.5,21.34,36.29
"2020-09-28 18:00:00",87919,13.34,26.6,746.6,21.29,36.16
"2020-09-28 18:05:00",87920,13.15,25.97,746.7,21.1,36.4
"2020-09-28 18:10:00",87921,13.06,25.46,746.8,20.65,37.18
"2020-09-28 18:15:00",87922,13.02,25,746.9,20.51,37.79
"2020-09-28 18:20:00",87923,12.99,24.59,747.1,20.5,37.39
"2020-09-28 18:25:00",87924,12.97,24.19,747.3,20.3,37.67
"2020-09-28 18:30:00",87925,12.97,23.83,747.4,20.1,38.46
"2020-09-28 18:35:00",87926,12.96,23.49,747.6,19.98,38.58
"2020-09-28 18:40:00",87927,12.96,23.2,747.7,19.88,38.57
"2020-09-28 18:45:00",87928,12.96,22.95,747.7,19.91,38.51
"2020-09-28 18:50:00",87929,12.96,22.74,747.9,19.56,40.51
"2020-09-28 18:55:00",87930,12.95,22.56,748,19.15,41.4
"2020-09-28 19:00:00",87931,12.95,22.36,748,18.71,43.75
"2020-09-28 19:05:00",87932,12.95,22.14,748.1,18.35,44.92
"2020-09-28 19:10:00",87933,12.94,21.92,748.1,18.78,42.9
"2020-09-28 19:15:00",87934,12.94,21.73,748.4,18.94,41.5
"2020-09-28 19:20:00",87935,12.94,21.59,748.4,19.1,41.52
"2020-09-28 19:25:00",87936,12.93,21.48,748.5,18.92,42.46
"2020-09-28 19:30:00",87937,12.93,21.38,748.5,18.95,41.31
"2020-09-28 19:35:00",87938,12.93,21.3,748.5,18.26,44.88
"2020-09-28 19:40:00",87939,12.92,21.19,748.7,18.13,44.54
"2020-09-28 19:45:00",87940,12.92,21.08,748.7,18.2,43.82
"2020-09-28 19:50:00",87941,12.92,20.96,748.9,18.01,44.72
"2020-09-28 19:55:00",87942,12.92,20.81,748.9,18.27,42.71
"2020-09-28 20:00:00",87943,12.92,20.72,749,18.46,42.16
"2020-09-28 20:05:00",87944,12.91,20.65,749.1,18.78,41.29
"2020-09-28 20:10:00",87945,12.91,20.63,749.1,18.86,41.53
"2020-09-28 20:15:00",87946,12.91,20.63,749.1,18.64,42.08
"2020-09-28 20:20:00",87947,12.91,20.63,749.2,18.65,42.02
"2020-09-28 20:25:00",87948,12.91,20.61,749.2,18.68,42.18
"2020-09-28 20:30:00",87949,12.9,20.61,749.3,18.68,42.18
"2020-09-28 20:35:00",87950,12.9,20.57,749.3,18.67,42.05
"2020-09-28 20:40:00",87951,12.9,20.55,749.4,18.67,42.08
"2020-09-28 20:45:00",87952,12.9,20.52,749.4,18.66,42.08
"2020-09-28 20:50:00",87953,12.9,20.48,749.5,18.3,43.22
"2020-09-28 20:55:00",87954,12.9,20.42,749.6,18.19,43.6
"2020-09-28 21:00:00",87955,12.89,20.35,749.6,18.48,42.99
"2020-09-28 21:05:00",87956,12.89,20.31,749.8,18.25,43.67
"2020-09-28 21:10:00",87957,12.89,20.25,749.9,18.22,44.01
"2020-09-28 21:15:00",87958,12.89,20.21,750,17.93,45.41
"2020-09-28 21:20:00",87959,12.89,20.11,750.1,17.57,46.63
"2020-09-28 21:25:00",87960,12.88,20,750.3,17.07,48.32
"2020-09-28 21:30:00",87961,12.88,19.84,750.4,16.82,49.22
"2020-09-28 21:35:00",87962,12.88,19.66,750.5,16.48,51.17
"2020-09-28 21:40:00",87963,12.88,19.46,750.6,16.14,51.98
"2020-09-28 21:45:00",87964,12.88,19.24,750.7,16.11,52.01
"2020-09-28 21:50:00",87965,12.87,19.04,750.8,16.22,50.76
"2020-09-28 21:55:00",87966,12.87,18.87,750.9,16.28,50.83
"2020-09-28 22:00:00",87967,12.87,18.72,751,16.12,51.61
"2020-09-28 22:05:00",87968,12.87,18.64,751.1,16.13,51.98
"2020-09-28 22:10:00",87969,12.87,18.57,751.1,15.84,52.96
"2020-09-28 22:15:00",87970,12.86,18.52,751.2,16.17,51.18
"2020-09-28 22:20:00",87971,12.86,18.48,751.2,16.43,50.42
"2020-09-28 22:25:00",87972,12.86,18.47,751.3,16.38,50.78
"2020-09-28 22:30:00",87973,12.86,18.46,751.3,16.37,50.62
"2020-09-28 22:35:00",87974,12.86,18.46,751.3,16.49,49.99
"2020-09-28 22:40:00",87975,12.86,18.45,751.3,16.55,49.5
"2020-09-28 22:45:00",87976,12.86,18.45,751.2,16.5,49.43
"2020-09-28 22:50:00",87977,12.85,18.44,751.2,16.58,48.47
"2020-09-28 22:55:00",87978,12.85,18.42,751.1,16.53,48.31
"2020-09-28 23:00:00",87979,12.85,18.39,751.1,16.53,48.62
"2020-09-28 23:05:00",87980,12.85,18.34,751,16.46,48.05
"2020-09-28 23:10:00",87981,12.85,18.31,751,16.48,48.49
"2020-09-28 23:15:00",87982,12.85,18.27,751.1,16.47,50.92
"2020-09-28 23:20:00",87983,12.85,18.23,751.1,16.48,51.23
"2020-09-28 23:25:00",87984,12.84,18.21,751.1,16.52,51.91
"2020-09-28 23:30:00",87985,12.84,18.22,751.1,16.48,52.03
"2020-09-28 23:35:00",87986,12.84,18.21,751.1,16.36,52.32
"2020-09-28 23:40:00",87987,12.84,18.22,751.1,16.4,51.83
"2020-09-28 23:45:00",87988,12.84,18.22,751,16.32,51.95
"2020-09-28 23:50:00",87989,12.84,18.22,751,16.18,52.57
"2020-09-28 23:55:00",87990,12.84,18.21,750.9,16.25,52.49
"2020-09-29 00:00:00",87991,12.84,18.2,750.9,16.21,52.73
"2020-09-29 00:05:00",87992,12.84,18.16,750.8,16.08,53.45
"2020-09-29 00:10:00",87993,12.83,18.12,750.8,16.06,53.81
"2020-09-29 00:15:00",87994,12.83,18.07,750.8,16.07,54.12
"2020-09-29 00:20:00",87995,12.83,18.02,750.7,16.01,54.79
"2020-09-29 00:25:00",87996,12.83,17.97,750.7,15.86,55.49
"2020-09-29 00:30:00",87997,12.83,17.92,750.7,15.92,55.29
"2020-09-29 00:35:00",87998,12.83,17.87,750.6,15.89,54.68
"2020-09-29 00:40:00",87999,12.83,17.82,750.6,15.84,55.04
"2020-09-29 00:45:00",88000,12.82,17.78,750.7,15.8,55.43
"2020-09-29 00:50:00",88001,12.82,17.74,750.7,15.82,55.37
"2020-09-29 00:55:00",88002,12.82,17.71,750.6,15.93,54.44
"2020-09-29 01:00:00",88003,12.82,17.67,750.5,15.84,54.97
"2020-09-29 01:05:00",88004,12.82,17.67,750.5,15.8,54.76
"2020-09-29 01:10:00",88005,12.82,17.61,750.4,15.67,55.83
"2020-09-29 01:15:00",88006,12.82,17.55,750.3,15.39,56.97
"2020-09-29 01:20:00",88007,12.82,17.48,750.3,15.26,57.49
"2020-09-29 01:25:00",88008,12.81,17.36,750.3,14.96,58.2
"2020-09-29 01:30:00",88009,12.81,17.26,750.3,15.06,57.4
"2020-09-29 01:35:00",88010,12.81,17.15,750.3,15.41,55.06
"2020-09-29 01:40:00",88011,12.81,17.06,750.3,15.65,53.94
"2020-09-29 01:45:00",88012,12.81,17.03,750.2,15.7,53.4
"2020-09-29 01:50:00",88013,12.8,17.03,750.2,15.66,53.91
"2020-09-29 01:55:00",88014,12.8,17.02,750.2,15.56,54.23
"2020-09-29 02:00:00",88015,12.8,17.05,750.2,15.39,55.3
"2020-09-29 02:05:00",88016,12.8,17.01,750.2,15.21,56.19
"2020-09-29 02:10:00",88017,12.8,17,750.1,15.06,56.25
"2020-09-29 02:15:00",88018,12.79,16.97,750.1,14.89,59.03
"2020-09-29 02:20:00",88019,12.79,16.91,750.1,14.76,59.4
"2020-09-29 02:25:00",88020,12.79,16.86,750.2,14.8,58.18
"2020-09-29 02:30:00",88021,12.79,16.8,750.1,15.07,56.68
"2020-09-29 02:35:00",88022,12.78,16.79,750.1,15.28,54.19
"2020-09-29 02:40:00",88023,12.78,16.76,750.2,15.54,53.56
"2020-09-29 02:45:00",88024,12.78,16.79,750.2,15.35,54.14
"2020-09-29 02:50:00",88025,12.78,16.8,750.1,15.2,54.61
"2020-09-29 02:55:00",88026,12.78,16.8,750.1,15.12,55.11
"2020-09-29 03:00:00",88027,12.77,16.79,750.1,14.96,56.45
"2020-09-29 03:05:00",88028,12.77,16.78,750.1,15.07,54.46
"2020-09-29 03:10:00",88029,12.77,16.77,750,15.28,52.91
"2020-09-29 03:15:00",88030,12.77,16.76,750,15.34,52.3
"2020-09-29 03:20:00",88031,12.77,16.81,750,15.3,52.79
"2020-09-29 03:25:00",88032,12.76,16.82,750.1,15.3,52.97
"2020-09-29 03:30:00",88033,12.76,16.83,750,15.4,52.71
"2020-09-29 03:35:00",88034,12.76,16.84,750,15.4,53.05
"2020-09-29 03:40:00",88035,12.76,16.84,750.1,15.36,53.32
"2020-09-29 03:45:00",88036,12.75,16.82,750.1,15.18,54.63
"2020-09-29 03:50:00",88037,12.75,16.8,750.1,15.01,55.4
"2020-09-29 03:55:00",88038,12.75,16.75,750.2,14.96,55.66
"2020-09-29 04:00:00",88039,12.74,16.71,750.3,14.94,55.63
"2020-09-29 04:05:00",88040,12.74,16.67,750.2,14.78,56.58
"2020-09-29 04:10:00",88041,12.74,16.59,750.2,14.39,59.55
"2020-09-29 04:15:00",88042,12.74,16.51,750.2,14.11,61.23
"2020-09-29 04:20:00",88043,12.74,16.39,750.3,13.93,61.85
"2020-09-29 04:25:00",88044,12.73,16.26,750.4,13.93,62.32
"2020-09-29 04:30:00",88045,12.73,16.12,750.3,13.84,62.48
"2020-09-29 04:35:00",88046,12.72,15.98,750.3,13.67,63.6
"2020-09-29 04:40:00",88047,12.72,15.83,750.4,13.73,61.88
"2020-09-29 04:45:00",88048,12.72,15.69,750.5,13.84,62.48
"2020-09-29 04:50:00",88049,12.72,15.54,750.5,13.74,62.94
"2020-09-29 04:55:00",88050,12.71,15.43,750.6,13.81,62.86
"2020-09-29 05:00:00",88051,12.71,15.33,750.6,13.97,62.36
"2020-09-29 05:05:00",88052,12.7,15.25,750.7,13.89,62.52
"2020-09-29 05:10:00",88053,12.7,15.19,750.7,13.74,63.32
"2020-09-29 05:15:00",88054,12.7,15.13,750.7,13.76,63.24
"2020-09-29 05:20:00",88055,12.69,15.08,750.7,13.51,64.28
"2020-09-29 05:25:00",88056,12.69,15.01,750.7,13.58,63.67
"2020-09-29 05:30:00",88057,12.69,14.96,750.6,13.92,60.13
"2020-09-29 05:35:00",88058,12.68,14.95,750.7,14.21,57.7
"2020-09-29 05:40:00",88059,12.68,14.98,750.7,14.03,57.78
"2020-09-29 05:45:00",88060,12.67,14.99,750.7,13.33,62.99
"2020-09-29 05:50:00",88061,12.67,14.96,750.7,12.94,63.63
"2020-09-29 05:55:00",88062,12.67,14.89,750.8,12.97,63.51
"2020-09-29 06:00:00",88063,12.66,14.79,750.8,12.58,66.09
"2020-09-29 06:05:00",88064,12.66,14.71,750.8,12.52,67.15
"2020-09-29 06:10:00",88065,12.66,14.67,750.8,12.46,67.63
"2020-09-29 06:15:00",88066,12.66,14.58,750.8,12.66,65.76
"2020-09-29 06:20:00",88067,12.68,14.53,750.7,13.41,59.87
"2020-09-29 06:25:00",88068,12.7,14.55,750.8,13.99,58.17
"2020-09-29 06:30:00",88069,12.7,14.66,750.9,13.74,61.55
"2020-09-29 06:35:00",88070,12.72,14.73,750.9,12.67,67.38
"2020-09-29 06:40:00",88071,12.83,14.83,751,12.68,69.05
"2020-09-29 06:45:00",88072,12.86,14.89,751.1,12.56,68.63
"2020-09-29 06:50:00",88073,12.89,14.96,751.1,12.53,68.88
"2020-09-29 06:55:00",88074,12.92,15.02,751.2,12.71,68.37
"2020-09-29 07:00:00",88075,12.96,15.08,751.3,12.98,67.35
"2020-09-29 07:05:00",88076,12.98,15.14,751.3,13.21,66.47
"2020-09-29 07:10:00",88077,13.01,15.22,751.4,13.27,66.25
"2020-09-29 07:15:00",88078,13.04,15.29,751.5,13.39,65.74
"2020-09-29 07:20:00",88079,13.11,15.41,751.5,13.67,64.83
"2020-09-29 07:25:00",88080,13.29,15.65,751.5,14.08,61.67
"2020-09-29 07:30:00",88081,13.37,15.94,751.5,14.63,59.47
"2020-09-29 07:35:00",88082,13.37,16.11,751.5,14.88,57.68
"2020-09-29 07:40:00",88083,13.36,16.3,751.6,14.82,58.06
"2020-09-29 07:45:00",88084,13.52,16.61,751.6,14.98,56.73
"2020-09-29 07:50:00",88085,13.78,17.47,751.6,15.3,56.05
"2020-09-29 07:55:00",88086,13.78,19.08,751.6,17.63,49.67
"2020-09-29 08:00:00",88087,13.75,20.17,751.6,18.6,44.85
"2020-09-29 08:05:00",88088,13.72,21.16,751.7,18.31,45.14
"2020-09-29 08:10:00",88089,13.7,22.14,751.8,18,45.89
"2020-09-29 08:15:00",88090,13.7,22.99,751.9,18.11,46
"2020-09-29 08:20:00",88091,13.67,23.72,751.9,18.19,45.38
"2020-09-29 08:25:00",88092,13.67,24.42,752,18.74,42.89
"2020-09-29 08:30:00",88093,13.64,25.02,752.1,18.96,42.63
"2020-09-29 08:35:00",88094,13.62,25.61,752.1,19.32,42.45
"2020-09-29 08:40:00",88095,13.62,26.17,752,19.9,41.36
"2020-09-29 08:45:00",88096,13.62,26.77,752,19.96,41.84
"2020-09-29 08:50:00",88097,13.59,27.31,752.1,19.63,40.87
"2020-09-29 08:55:00",88098,13.59,27.79,752.1,20.42,39.47
"2020-09-29 09:00:00",88099,13.57,28.29,752,20.56,39.06
"2020-09-29 09:05:00",88100,13.57,28.74,752,20.94,38.81
"2020-09-29 09:10:00",88101,13.57,29.3,752,20.41,39.73
"2020-09-29 09:15:00",88102,13.54,29.95,752,20.26,40.2
"2020-09-29 09:20:00",88103,13.54,30.76,752,20.42,38.56
"2020-09-29 09:25:00",88104,13.52,31.16,752,19.92,40.19
"2020-09-29 09:30:00",88105,13.52,31.33,751.9,20.35,39.07
"2020-09-29 09:35:00",88106,13.52,31.36,751.9,20.16,39.83
"2020-09-29 09:40:00",88107,13.52,31.31,752,20.48,39.57
"2020-09-29 09:45:00",88108,13.52,31.33,751.9,21.13,38.11
"2020-09-29 09:50:00",88109,13.52,31.55,751.9,21.85,34.5
"2020-09-29 09:55:00",88110,13.5,31.81,751.9,22.31,34.21
"2020-09-29 10:00:00",88111,13.5,32.18,751.9,22.15,34.79
"2020-09-29 10:05:00",88112,13.5,32.51,751.9,21.51,36.05
"2020-09-29 10:10:00",88113,13.5,32.66,751.9,20.29,38.71
"2020-09-29 10:15:00",88114,13.48,32.62,751.9,21.33,37.21
"2020-09-29 10:20:00",88115,13.48,32.49,752,20.86,36.15
"2020-09-29 10:25:00",88116,13.48,32.49,751.9,22.49,34.03
"2020-09-29 10:30:00",88117,13.48,32.74,751.9,22.88,31.73
"2020-09-29 10:35:00",88118,13.48,32.86,751.9,21.46,34.72
"2020-09-29 10:40:00",88119,13.48,32.59,751.9,21.88,33.57
"2020-09-29 10:45:00",88120,13.48,32.22,751.8,22.51,31.3
"2020-09-29 10:50:00",88121,13.48,31.87,751.8,22.4,31.89
"2020-09-29 10:55:00",88122,13.48,31.66,751.7,23.08,31.41
"2020-09-29 11:00:00",88123,13.48,31.7,751.6,22.25,33.41
"2020-09-29 11:05:00",88124,13.48,31.89,751.6,22.8,33.96
"2020-09-29 11:10:00",88125,13.48,32.19,751.5,23.01,32.68
"2020-09-29 11:15:00",88126,13.48,32.53,751.4,22.52,32.23
"2020-09-29 11:20:00",88127,13.48,32.8,751.3,23.07,31.55
"2020-09-29 11:25:00",88128,13.48,33.11,751.2,24.42,30.35
"2020-09-29 11:30:00",88129,13.48,33.47,751.2,24.79,29.06
"2020-09-29 11:35:00",88130,13.48,33.76,751.1,23.05,31.08
"2020-09-29 11:40:00",88131,13.46,33.87,751.1,24.08,30.09
"2020-09-29 11:45:00",88132,13.46,33.95,751,24.15,31.81
"2020-09-29 11:50:00",88133,13.46,34.07,750.9,24.45,29.85
"2020-09-29 11:55:00",88134,13.46,34.15,750.9,23.27,31.06
"2020-09-29 12:00:00",88135,13.46,34.12,750.8,23.11,31.75
"2020-09-29 12:05:00",88136,13.46,34.06,750.6,24.31,30.31
"2020-09-29 12:10:00",88137,13.46,34.14,750.4,25.72,29.34
"2020-09-29 12:15:00",88138,13.46,34.23,750.4,22.93,31.9
"2020-09-29 12:20:00",88139,13.46,34.03,750.3,24.35,30.08
"2020-09-29 12:25:00",88140,13.46,33.81,750.3,24.38,30.58
"2020-09-29 12:30:00",88141,13.47,33.62,750.1,24.51,29.11
"2020-09-29 12:35:00",88142,13.46,33.55,750,24.41,30.32
"2020-09-29 12:40:00",88143,13.47,33.52,750,24.51,29.04
"2020-09-29 12:45:00",88144,13.47,33.29,749.9,22.95,32.27
"2020-09-29 12:50:00",88145,13.46,33.03,749.8,24.7,29.19
"2020-09-29 12:55:00",88146,13.47,32.88,749.8,25.99,27.49
"2020-09-29 13:00:00",88147,13.47,32.82,749.8,23.75,29.99
"2020-09-29 13:05:00",88148,13.47,32.61,749.7,23.45,30.51
"2020-09-29 13:10:00",88149,13.47,32.23,749.7,23.39,30.67
"2020-09-29 13:15:00",88150,13.47,31.81,749.6,23.22,32.23
"2020-09-29 13:20:00",88151,13.47,31.45,749.5,23.57,32.66
"2020-09-29 13:25:00",88152,13.47,31.25,749.4,24.15,31.57
"2020-09-29 13:30:00",88153,13.47,31.13,749.3,23.51,33.32
"2020-09-29 13:35:00",88154,13.47,30.99,749.3,23.07,34.28
"2020-09-29 13:40:00",88155,13.47,30.8,749.1,23.9,31.89
"2020-09-29 13:45:00",88156,13.47,30.7,749.1,23.49,32.12
"2020-09-29 13:50:00",88157,13.47,30.61,749.1,23.43,31.91
"2020-09-29 13:55:00",88158,13.47,30.46,749,23.05,32.62
"2020-09-29 14:00:00",88159,13.47,30.28,749,23.07,32.35
"2020-09-29 14:05:00",88160,13.47,30.15,748.9,23.12,32.79
"2020-09-29 14:10:00",88161,13.47,30.03,748.9,23.04,32.81
"2020-09-29 14:15:00",88162,13.47,29.93,748.7,22.84,31.46
"2020-09-29 14:20:00",88163,13.47,29.84,748.5,23.29,32.03
"2020-09-29 14:25:00",88164,13.47,29.92,748.4,24.81,29.61
"2020-09-29 14:30:00",88165,13.47,30.24,748.4,25.72,29
"2020-09-29 14:35:00",88166,13.47,30.77,748.3,26.16,28.02
"2020-09-29 14:40:00",88167,13.47,31.37,748.1,25.09,28.34
"2020-09-29 14:45:00",88168,13.47,31.76,748,23.98,30.75
"2020-09-29 14:50:00",88169,13.48,31.69,748.2,23.68,31.33
"2020-09-29 14:55:00",88170,13.47,31.38,748.1,23.19,31.83
"2020-09-29 15:00:00",88171,13.47,30.98,748.1,22.92,31.73
"2020-09-29 15:05:00",88172,13.47,30.59,748.1,22.72,32.35
"2020-09-29 15:10:00",88173,13.47,30.22,748.2,22.75,31.95
"2020-09-29 15:15:00",88174,13.47,29.9,748,23.01,32.01
"2020-09-29 15:20:00",88175,13.47,29.68,748,23.53,31.15
"2020-09-29 15:25:00",88176,13.47,29.61,747.9,23.95,30.58
"2020-09-29 15:30:00",88177,13.47,29.6,747.9,22.91,32.47
"2020-09-29 15:35:00",88178,13.47,29.54,747.9,23.32,32.27
"2020-09-29 15:40:00",88179,13.47,29.61,747.7,23.96,30.55
"2020-09-29 15:45:00",88180,13.48,29.82,747.7,23.74,31.07
"2020-09-29 15:50:00",88181,13.47,30.03,747.7,23.88,30.68
"2020-09-29 15:55:00",88182,13.47,30.21,747.6,23.67,31.36
"2020-09-29 16:00:00",88183,13.47,30.25,747.6,23.1,32.08
"2020-09-29 16:05:00",88184,13.47,30.11,747.6,22.73,32.02
"2020-09-29 16:10:00",88185,13.47,29.83,747.7,22.95,31.6
"2020-09-29 16:15:00",88186,13.47,29.73,747.7,23.56,32.16
"2020-09-29 16:20:00",88187,13.47,29.84,747.6,23.81,31.08
"2020-09-29 16:25:00",88188,13.47,29.98,747.6,23.25,31.5
"2020-09-29 16:30:00",88189,13.47,30.01,747.6,23.13,30.95
"2020-09-29 16:35:00",88190,13.47,29.95,747.7,22.99,30.97
"2020-09-29 16:40:00",88191,13.47,29.85,747.7,23.05,31.01
"2020-09-29 16:45:00",88192,13.48,29.76,747.6,22.99,30.7
"2020-09-29 16:50:00",88193,13.48,29.63,747.7,22.99,30.67
"2020-09-29 16:55:00",88194,13.48,29.52,747.8,23.54,30.18
"2020-09-29 17:00:00",88195,13.47,29.51,747.8,23.86,30.24
"2020-09-29 17:05:00",88196,13.47,29.59,747.8,22.89,31.53
"2020-09-29 17:10:00",88197,13.47,29.57,747.8,23.17,30.55
"2020-09-29 17:15:00",88198,13.47,29.5,747.9,23.07,30.71
"2020-09-29 17:20:00",88199,13.47,29.42,747.9,24.29,27.67
"2020-09-29 17:25:00",88200,13.47,29.37,747.9,22.92,29.99
"2020-09-29 17:30:00",88201,13.5,29.1,748,22.99,30.87
"2020-09-29 17:35:00",88202,13.35,28.28,748.1,22.35,32.15
"2020-09-29 17:40:00",88203,13.14,27.68,748.1,21.98,33.38
"2020-09-29 17:45:00",88204,13.09,27.17,748.1,21.8,33.43
"2020-09-29 17:50:00",88205,13.06,26.72,748.1,21.71,33.29
"2020-09-29 17:55:00",88206,13.04,26.35,748.2,21.68,32.82
"2020-09-29 18:00:00",88207,13.02,26.07,748.2,21.55,32.75
"2020-09-29 18:05:00",88208,12.99,25.81,748.2,20.97,35.8
"2020-09-29 18:10:00",88209,12.97,25.49,748.1,20.43,37.71
"2020-09-29 18:15:00",88210,12.96,25.1,748.1,20.24,37.43
"2020-09-29 18:20:00",88211,12.95,24.69,748.1,20.06,37.41
"2020-09-29 18:25:00",88212,12.94,24.27,748.2,19.85,38.47
"2020-09-29 18:30:00",88213,12.93,23.84,748.3,19.63,38.74
"2020-09-29 18:35:00",88214,12.93,23.43,748.3,19.42,39.23
"2020-09-29 18:40:00",88215,12.93,23.08,748.4,19.31,39.51
"2020-09-29 18:45:00",88216,12.93,22.72,748.4,19.16,39.59
"2020-09-29 18:50:00",88217,12.92,22.44,748.5,19,40
"2020-09-29 18:55:00",88218,12.92,22.18,748.6,18.79,40.62
"2020-09-29 19:00:00",88219,12.92,21.93,748.6,18.62,41.05
"2020-09-29 19:05:00",88220,12.91,21.69,748.6,18.51,41.55
"2020-09-29 19:10:00",88221,12.91,21.5,748.6,18.47,41.58
"2020-09-29 19:15:00",88222,12.91,21.32,748.7,18.83,40.33
"2020-09-29 19:20:00",88223,12.9,21.18,748.8,18.49,41.23
"2020-09-29 19:25:00",88224,12.9,21.03,748.9,18.36,42.14
"2020-09-29 19:30:00",88225,12.9,20.91,748.8,18.42,41.58
"2020-09-29 19:35:00",88226,12.9,20.79,748.9,18.78,40.78
"2020-09-29 19:40:00",88227,12.9,20.71,748.9,18.51,41.46
"2020-09-29 19:45:00",88228,12.89,20.65,749,18.99,39.31
"2020-09-29 19:50:00",88229,12.89,20.61,749.1,18.83,40.43
"2020-09-29 19:55:00",88230,12.89,20.55,749.2,18.53,41.52
"2020-09-29 20:00:00",88231,12.89,20.46,749.3,18.37,41.73
"2020-09-29 20:05:00",88232,12.89,20.36,749.3,18.33,42.33
"2020-09-29 20:10:00",88233,12.88,20.24,749.4,18.3,42.17
"2020-09-29 20:15:00",88234,12.88,20.12,749.5,18.14,42.57
"2020-09-29 20:20:00",88235,12.88,19.98,749.5,18.01,42.87
"2020-09-29 20:25:00",88236,12.88,19.85,749.6,18.07,42.62
"2020-09-29 20:30:00",88237,12.88,19.73,749.7,17.85,43.43
"2020-09-29 20:35:00",88238,12.88,19.63,749.8,18.16,42.86
"2020-09-29 20:40:00",88239,12.88,19.55,749.9,18.16,42.92
"2020-09-29 20:45:00",88240,12.87,19.49,750,18.13,43.11
"2020-09-29 20:50:00",88241,12.87,19.46,750,18.24,42.74
"2020-09-29 20:55:00",88242,12.87,19.45,750.1,18.22,42.77
"2020-09-29 21:00:00",88243,12.87,19.43,750.2,18.24,42.61
"2020-09-29 21:05:00",88244,12.87,19.46,750.2,18.28,42.33
"2020-09-29 21:10:00",88245,12.86,19.47,750.3,18.42,41.8
"2020-09-29 21:15:00",88246,12.86,19.52,750.4,18.31,42.24
"2020-09-29 21:20:00",88247,12.86,19.5,750.5,18.06,43.32
"2020-09-29 21:25:00",88248,12.86,19.46,750.6,17.56,45.01
"2020-09-29 21:30:00",88249,12.86,19.37,750.7,17.31,45.36
"2020-09-29 21:35:00",88250,12.86,19.27,750.8,17.48,45.32
"2020-09-29 21:40:00",88251,12.85,19.18,750.9,17.27,45.8
"2020-09-29 21:45:00",88252,12.85,19.08,750.9,17.31,45.71
"2020-09-29 21:50:00",88253,12.85,18.99,751,17.52,44.94
"2020-09-29 21:55:00",88254,12.85,18.93,751,17.49,45.07
"2020-09-29 22:00:00",88255,12.85,18.87,751.1,17.37,45.62
"2020-09-29 22:05:00",88256,12.85,18.8,751.2,17.41,45.44
"2020-09-29 22:10:00",88257,12.84,18.75,751.2,17.28,45.86
"2020-09-29 22:15:00",88258,12.84,18.68,751.3,17.11,46.19
"2020-09-29 22:20:00",88259,12.84,18.64,751.3,16.94,46.67
"2020-09-29 22:25:00",88260,12.84,18.58,751.4,16.78,47.19
"2020-09-29 22:30:00",88261,12.84,18.5,751.4,16.73,47.34
"2020-09-29 22:35:00",88262,12.84,18.39,751.5,16.56,48.25
"2020-09-29 22:40:00",88263,12.84,18.27,751.6,16.36,49.04
"2020-09-29 22:45:00",88264,12.83,18.17,751.5,16.52,47.72
"2020-09-29 22:50:00",88265,12.83,18.09,751.5,16.58,47.66
"2020-09-29 22:55:00",88266,12.83,18.02,751.6,16.41,48.3
"2020-09-29 23:00:00",88267,12.83,17.94,751.6,16.1,49.69
"2020-09-29 23:05:00",88268,12.83,17.82,751.6,15.94,50.01
"2020-09-29 23:10:00",88269,12.83,17.71,751.6,16.03,49.37
"2020-09-29 23:15:00",88270,12.82,17.62,751.6,16.29,48.62
"2020-09-29 23:20:00",88271,12.82,17.52,751.6,16.08,49.75
"2020-09-29 23:25:00",88272,12.82,17.46,751.5,15.79,50.89
"2020-09-29 23:30:00",88273,12.82,17.38,751.5,15.93,50.19
"2020-09-29 23:35:00",88274,12.82,17.33,751.4,16.31,48.97
"2020-09-29 23:40:00",88275,12.82,17.32,751.3,16.24,49.61
"2020-09-29 23:45:00",88276,12.82,17.33,751.3,16.17,49.73
"2020-09-29 23:50:00",88277,12.81,17.31,751.3,16.06,50.46
"2020-09-29 23:55:00",88278,12.81,17.29,751.3,15.86,51.02
"2020-09-30 00:00:00",88279,12.81,17.21,751.3,15.9,50.87
"2020-09-30 00:05:00",88280,12.81,17.13,751.3,15.84,50.98
"2020-09-30 00:10:00",88281,12.81,17.07,751.3,15.29,56.5
"2020-09-30 00:15:00",88282,12.81,16.98,751.3,14.69,57.26
"2020-09-30 00:20:00",88283,12.81,16.87,751.2,14.43,56.73
"2020-09-30 00:25:00",88284,12.81,16.76,751.2,14.73,55.02
"2020-09-30 00:30:00",88285,12.8,16.7,751.1,15.21,53.51
"2020-09-30 00:35:00",88286,12.8,16.65,751.1,15.44,52.99
"2020-09-30 00:40:00",88287,12.8,16.64,751.1,15.17,54.45
"2020-09-30 00:45:00",88288,12.8,16.62,751.1,15.05,54.03
"2020-09-30 00:50:00",88289,12.8,16.58,751.2,14.74,56.36
"2020-09-30 00:55:00",88290,12.79,16.51,751.2,14.41,57.67
"2020-09-30 01:00:00",88291,12.79,16.44,751.2,14.16,55.73
"2020-09-30 01:05:00",88292,12.79,16.35,751.2,14.27,56.95
"2020-09-30 01:10:00",88293,12.79,16.29,751.1,14.57,56.42
"2020-09-30 01:15:00",88294,12.79,16.22,751.1,14.56,56.57
"2020-09-30 01:20:00",88295,12.79,16.16,751.1,14.79,55.97
"2020-09-30 01:25:00",88296,12.78,16.11,751,14.76,55.91
"2020-09-30 01:30:00",88297,12.78,16.05,751,14.74,55.94
"2020-09-30 01:35:00",88298,12.78,16.01,750.9,14.71,55.63
"2020-09-30 01:40:00",88299,12.78,15.97,750.8,14.69,56.17
"2020-09-30 01:45:00",88300,12.78,15.93,750.9,14.48,56.41
"2020-09-30 01:50:00",88301,12.78,15.88,750.9,14.57,55.61
"2020-09-30 01:55:00",88302,12.77,15.86,750.8,14.63,56.01
"2020-09-30 02:00:00",88303,12.77,15.89,750.8,14.37,58.56
"2020-09-30 02:05:00",88304,12.77,15.89,750.8,13.75,60.58
"2020-09-30 02:10:00",88305,12.76,15.84,750.7,13.76,60.46
"2020-09-30 02:15:00",88306,12.77,15.79,750.7,13.95,59.57
"2020-09-30 02:20:00",88307,12.76,15.74,750.7,14.11,58.82
"2020-09-30 02:25:00",88308,12.76,15.7,750.6,14.3,57.56
"2020-09-30 02:30:00",88309,12.76,15.67,750.5,14.72,55.42
"2020-09-30 02:35:00",88310,12.76,15.67,750.5,14.79,54.85
"2020-09-30 02:40:00",88311,12.76,15.68,750.5,14.47,56.08
"2020-09-30 02:45:00",88312,12.75,15.7,750.5,14.17,57.29
"2020-09-30 02:50:00",88313,12.75,15.67,750.5,13.47,61.09
"2020-09-30 02:55:00",88314,12.75,15.61,750.4,13.39,61.29
"2020-09-30 03:00:00",88315,12.75,15.53,750.4,13.41,60.49
"2020-09-30 03:05:00",88316,12.74,15.44,750.3,13.28,62.01
"2020-09-30 03:10:00",88317,12.74,15.32,750.3,13.15,62.72
"2020-09-30 03:15:00",88318,12.74,15.19,750.2,13.18,62.37
"2020-09-30 03:20:00",88319,12.73,15.07,750.3,12.93,63.86
"2020-09-30 03:25:00",88320,12.73,14.94,750.2,12.5,65.64
"2020-09-30 03:30:00",88321,12.73,14.81,750.3,12.61,65.63
"2020-09-30 03:35:00",88322,12.73,14.69,750.3,12.49,65.41
"2020-09-30 03:40:00",88323,12.72,14.57,750.3,12.73,64.06
"2020-09-30 03:45:00",88324,12.72,14.48,750.3,13.18,62.23
"2020-09-30 03:50:00",88325,12.72,14.47,750.3,13.47,60.98
"2020-09-30 03:55:00",88326,12.71,14.51,750.4,13.28,61.8
"2020-09-30 04:00:00",88327,12.71,14.53,750.4,13.02,62.76
"2020-09-30 04:05:00",88328,12.71,14.54,750.4,13.1,62.54
"2020-09-30 04:10:00",88329,12.71,14.52,750.4,13.06,62.74
"2020-09-30 04:15:00",88330,12.7,14.5,750.5,13.05,62.73
"2020-09-30 04:20:00",88331,12.7,14.47,750.5,13,62.93
"2020-09-30 04:25:00",88332,12.7,14.42,750.6,12.84,63.52
"2020-09-30 04:30:00",88333,12.7,14.33,750.6,12.64,65.18
"2020-09-30 04:35:00",88334,12.69,14.27,750.6,12.14,67
"2020-09-30 04:40:00",88335,12.69,14.15,750.7,12.02,67.52
"2020-09-30 04:45:00",88336,12.69,14.03,750.7,12.17,67.44
"2020-09-30 04:50:00",88337,12.68,13.92,750.8,11.83,68.23
"2020-09-30 04:55:00",88338,12.68,13.8,750.7,11.41,70.38
"2020-09-30 05:00:00",88339,12.67,13.67,750.7,11.06,71.39
"2020-09-30 05:05:00",88340,12.67,13.54,750.7,11.23,70.94
"2020-09-30 05:10:00",88341,12.67,13.41,750.8,11.38,70.38
"2020-09-30 05:15:00",88342,12.66,13.29,750.8,11.37,69.66
"2020-09-30 05:20:00",88343,12.66,13.24,750.9,11.51,69.09
"2020-09-30 05:25:00",88344,12.66,13.1,751,11.79,67.63
"2020-09-30 05:30:00",88345,12.65,13.03,751,11.79,68.03
"2020-09-30 05:35:00",88346,12.65,13.01,751,12.09,66.96
"2020-09-30 05:40:00",88347,12.65,13,751,12.23,66.12
"2020-09-30 05:45:00",88348,12.64,13,751.1,12.14,67.17
"2020-09-30 05:50:00",88349,12.64,12.98,751.1,11.76,68.48
"2020-09-30 05:55:00",88350,12.64,12.97,751.1,11.72,68.3
"2020-09-30 06:00:00",88351,12.63,12.95,751.2,11.38,69.84
"2020-09-30 06:05:00",88352,12.63,12.94,751.3,11.18,70.96
"2020-09-30 06:10:00",88353,12.63,12.93,751.2,11.68,68.58
"2020-09-30 06:15:00",88354,12.64,12.9,751.3,11.82,68.26
"2020-09-30 06:20:00",88355,12.68,12.92,751.4,11.83,68.66
"2020-09-30 06:25:00",88356,12.71,12.94,751.5,12.11,67.6
"2020-09-30 06:30:00",88357,12.78,13.04,751.6,12.77,65.2
"2020-09-30 06:35:00",88358,12.88,13.22,751.6,13.28,63.21
"2020-09-30 06:40:00",88359,13.04,13.49,751.7,13.78,60.99
"2020-09-30 06:45:00",88360,13.23,13.87,751.7,14.71,58.4
"2020-09-30 06:50:00",88361,13.44,14.37,751.7,15.02,56.88
"2020-09-30 06:55:00",88362,13.57,14.94,751.8,15.13,56.51
"2020-09-30 07:00:00",88363,13.65,15.61,751.8,15.42,55.46
"2020-09-30 07:05:00",88364,13.7,16.34,751.9,15.46,55.38
"2020-09-30 07:10:00",88365,13.75,17.09,751.9,16.41,53.59
"2020-09-30 07:15:00",88366,13.8,17.87,751.9,16.52,54
"2020-09-30 07:20:00",88367,13.87,18.64,752,16.92,52.99
"2020-09-30 07:25:00",88368,13.84,20.01,752.1,17.26,51.64
"2020-09-30 07:30:00",88369,13.72,21.21,752.2,16.27,53.66
"2020-09-30 07:35:00",88370,13.7,21.96,752.3,17.35,51.19
"2020-09-30 07:40:00",88371,13.7,22.62,752.3,17.51,50.09
"2020-09-30 07:45:00",88372,13.67,23.26,752.4,16.75,52.13
"2020-09-30 07:50:00",88373,13.67,23.84,752.4,17.64,49.24
"2020-09-30 07:55:00",88374,13.64,24.41,752.4,18.42,46.7
"2020-09-30 08:00:00",88375,13.64,24.92,752.4,18.9,44.09
"2020-09-30 08:05:00",88376,13.64,25.44,752.5,19.04,44.08
"2020-09-30 08:10:00",88377,13.62,25.96,752.5,19.38,43.22
"2020-09-30 08:15:00",88378,13.62,26.5,752.5,19.76,40.24
"2020-09-30 08:20:00",88379,13.59,27,752.5,19.81,41.22
"2020-09-30 08:25:00",88380,13.59,27.45,752.6,19.88,40.64
"2020-09-30 08:30:00",88381,13.6,27.91,752.5,19.8,39.86
"2020-09-30 08:35:00",88382,13.57,28.28,752.6,20.57,38.51
"2020-09-30 08:40:00",88383,13.57,28.68,752.6,20.62,37.76
"2020-09-30 08:45:00",88384,13.57,29.01,752.5,20.09,39.11
"2020-09-30 08:50:00",88385,13.55,29.2,752.5,19.76,40.6
"2020-09-30 08:55:00",88386,13.55,29.31,752.5,20.32,38.32
"2020-09-30 09:00:00",88387,13.54,29.45,752.5,20.63,37.63
"2020-09-30 09:05:00",88388,13.55,29.62,752.5,20.62,38.25
"2020-09-30 09:10:00",88389,13.55,29.84,752.5,20.88,38.8
"2020-09-30 09:15:00",88390,13.55,30.07,752.5,20.83,39.06
"2020-09-30 09:20:00",88391,13.55,30.29,752.5,21.25,36.95
"2020-09-30 09:25:00",88392,13.53,30.46,752.5,21.07,36.73
"2020-09-30 09:30:00",88393,13.53,30.7,752.4,21.25,35.1
"2020-09-30 09:35:00",88394,13.53,30.98,752.5,22.24,33.84
"2020-09-30 09:40:00",88395,13.53,31.3,752.5,22.15,34.33
"2020-09-30 09:45:00",88396,13.5,31.64,752.5,22.86,33.2
"2020-09-30 09:50:00",88397,13.5,32.03,752.5,22.59,31.97
"2020-09-30 09:55:00",88398,13.51,32.33,752.5,22.81,32.53
"2020-09-30 10:00:00",88399,13.5,32.58,752.5,22.43,32.69
"2020-09-30 10:05:00",88400,13.48,32.68,752.6,21.82,33.5
"2020-09-30 10:10:00",88401,13.48,32.68,752.5,22.57,33.84
"2020-09-30 10:15:00",88402,13.48,32.79,752.4,22.51,34.1
"2020-09-30 10:20:00",88403,13.48,32.88,752.4,22.34,34.08
"2020-09-30 10:25:00",88404,13.48,32.96,752.4,21.81,33.63
"2020-09-30 10:30:00",88405,13.48,33.02,752.4,23.38,32.41
"2020-09-30 10:35:00",88406,13.49,33.17,752.4,23.03,31.61
"2020-09-30 10:40:00",88407,13.48,33.27,752.3,23.31,31.87
"2020-09-30 10:45:00",88408,13.49,33.36,752.2,22.77,31.12
"2020-09-30 10:50:00",88409,13.48,33.32,752.1,23.33,31.03
"2020-09-30 10:55:00",88410,13.48,33.3,752.1,22.55,32.24
"2020-09-30 11:00:00",88411,13.46,33.19,751.9,23.15,30.95
"2020-09-30 11:05:00",88412,13.46,33.09,751.9,23.66,29.45
"2020-09-30 11:10:00",88413,13.46,33.1,751.8,23.95,28.46
"2020-09-30 11:15:00",88414,13.46,33.13,751.7,23.21,29.41
"2020-09-30 11:20:00",88415,13.46,33.17,751.6,25.1,26.85
"2020-09-30 11:25:00",88416,13.46,33.33,751.4,23.58,29.24
"2020-09-30 11:30:00",88417,13.46,33.36,751.4,23.54,28.69
"2020-09-30 11:35:00",88418,13.46,33.33,751.1,24.68,28.48
"2020-09-30 11:40:00",88419,13.47,33.23,751.2,23.95,28.56
"2020-09-30 11:45:00",88420,13.46,33.14,751.1,23.94,28.28
"2020-09-30 11:50:00",88421,13.47,33.13,751,24.13,28.13
"2020-09-30 11:55:00",88422,13.47,33.12,750.9,24.43,27.41
"2020-09-30 12:00:00",88423,13.47,33.11,750.8,24.84,26.83
"2020-09-30 12:05:00",88424,13.47,33.12,750.7,25.93,24.85
"2020-09-30 12:10:00",88425,13.47,33.24,750.6,24.85,27.17
"2020-09-30 12:15:00",88426,13.47,33.36,750.4,25.36,25.84
"2020-09-30 12:20:00",88427,13.47,33.51,750.4,26.52,25.1
"2020-09-30 12:25:00",88428,13.47,33.77,750.3,26.15,24.45
"2020-09-30 12:30:00",88429,13.47,34.02,750.2,26.07,25.62
"2020-09-30 12:35:00",88430,13.45,34.22,750.2,26.62,24.83
"2020-09-30 12:40:00",88431,13.45,34.36,750.2,25.86,25.46
"2020-09-30 12:45:00",88432,13.45,34.3,750.1,25.29,26.18
"2020-09-30 12:50:00",88433,13.45,34.06,750,24.65,26.95
"2020-09-30 12:55:00",88434,13.45,33.75,749.9,24.95,29.31
"2020-09-30 13:00:00",88435,13.45,33.4,749.8,24.99,28.67
"2020-09-30 13:05:00",88436,13.45,33.08,749.7,24.75,28.11
"2020-09-30 13:10:00",88437,13.45,32.79,749.7,24.51,28.84
"2020-09-30 13:15:00",88438,13.45,32.54,749.6,24.95,29.42
"2020-09-30 13:20:00",88439,13.45,32.43,749.5,24.74,28.86
"2020-09-30 13:25:00",88440,13.45,32.38,749.5,25.5,27.79
"2020-09-30 13:30:00",88441,13.45,32.31,749.4,25.24,27.4
"2020-09-30 13:35:00",88442,13.45,32.2,749.2,24.24,29.16
"2020-09-30 13:40:00",88443,13.45,31.98,749.2,24.52,28.03
"2020-09-30 13:45:00",88444,13.45,31.79,749.1,25.35,27.41
"2020-09-30 13:50:00",88445,13.45,31.71,749,25.84,26.9
"2020-09-30 13:55:00",88446,13.45,31.72,748.9,26.02,26.5
"2020-09-30 14:00:00",88447,13.45,31.83,748.8,26.46,26.61
"2020-09-30 14:05:00",88448,13.45,32.03,748.7,26.36,25.77
"2020-09-30 14:10:00",88449,13.45,32.2,748.7,25.63,27.33
"2020-09-30 14:15:00",88450,13.45,32.27,748.5,25.74,26.41
"2020-09-30 14:20:00",88451,13.45,32.38,748.5,26.15,25.93
"2020-09-30 14:25:00",88452,13.45,32.53,748.4,25.8,25.39
"2020-09-30 14:30:00",88453,13.45,32.71,748.3,26.75,24.01
"2020-09-30 14:35:00",88454,13.45,32.87,748.2,26.13,25
"2020-09-30 14:40:00",88455,13.45,32.86,748.1,25.42,25.91
"2020-09-30 14:45:00",88456,13.45,32.68,748,25.51,26.16
"2020-09-30 14:50:00",88457,13.45,32.52,747.9,26.03,24.93
"2020-09-30 14:55:00",88458,13.45,32.45,747.9,27.06,23.55
"2020-09-30 15:00:00",88459,13.45,32.6,748,26.66,24.32
"2020-09-30 15:05:00",88460,13.45,32.87,747.9,26.64,25.66
"2020-09-30 15:10:00",88461,13.45,33.1,747.8,25.85,27.18
"2020-09-30 15:15:00",88462,13.45,33.11,747.7,25.71,25.9
"2020-09-30 15:20:00",88463,13.45,32.93,747.7,25.63,25.93
"2020-09-30 15:25:00",88464,13.45,32.72,747.7,26.14,23.01
"2020-09-30 15:30:00",88465,13.45,32.67,747.8,27.2,22.97
"2020-09-30 15:35:00",88466,13.45,32.78,747.6,25.41,26.66
"2020-09-30 15:40:00",88467,13.45,32.79,747.4,25.29,26.79
"2020-09-30 15:45:00",88468,13.45,32.66,747.4,25.58,25.1
"2020-09-30 15:50:00",88469,13.45,32.64,747.3,27.02,21.05
"2020-09-30 15:55:00",88470,13.45,32.69,747.4,26.45,21.64
"2020-09-30 16:00:00",88471,13.45,32.62,747.5,26.08,21.3
"2020-09-30 16:05:00",88472,13.45,32.44,747.5,25.04,25.88
"2020-09-30 16:10:00",88473,13.45,32.18,747.5,25.37,25.22
"2020-09-30 16:15:00",88474,13.45,31.99,747.5,25.38,26.39
"2020-09-30 16:20:00",88475,13.45,31.97,747.2,25.46,26.09
"2020-09-30 16:25:00",88476,13.45,32.03,747.5,25.67,25.79
"2020-09-30 16:30:00",88477,13.45,32.06,747.6,25.54,26.26
"2020-09-30 16:35:00",88478,13.45,32.11,747.6,26.49,24.13
"2020-09-30 16:40:00",88479,13.45,32.23,747.6,26.05,24.59
"2020-09-30 16:45:00",88480,13.45,32.33,747.6,25.63,25.72
"2020-09-30 16:50:00",88481,13.45,32.36,747.3,25.44,25.64
"2020-09-30 16:55:00",88482,13.45,32.33,747.5,24.61,26.88
"2020-09-30 17:00:00",88483,13.45,32.14,747.5,24.76,26.41
"2020-09-30 17:05:00",88484,13.45,31.92,747.6,25.04,26.77
"2020-09-30 17:10:00",88485,13.45,31.82,747.6,25.49,25.71
"2020-09-30 17:15:00",88486,13.45,31.78,747.7,25.24,26
"2020-09-30 17:20:00",88487,13.45,31.75,747.7,25.41,26.08
"2020-09-30 17:25:00",88488,13.45,31.67,747.7,24.49,28.13
"2020-09-30 17:30:00",88489,13.45,31.44,747.8,24.33,28.52
"2020-09-30 17:35:00",88490,13.45,31.08,747.8,23.88,29.13
"2020-09-30 17:40:00",88491,13.29,30.13,747.9,23.39,29.49
"2020-09-30 17:45:00",88492,13.18,29.43,747.9,23.16,29.51
"2020-09-30 17:50:00",88493,13.12,28.87,747.9,22.73,31.32
"2020-09-30 17:55:00",88494,13.09,28.31,747.9,22.41,31.89
"2020-09-30 18:00:00",88495,13.06,27.78,748,22.46,30.29
"2020-09-30 18:05:00",88496,13.03,27.33,748.1,22.43,30.05
"2020-09-30 18:10:00",88497,13,26.89,748.1,22.15,30.33
"2020-09-30 18:15:00",88498,12.98,26.47,748.2,22.02,29.65
"2020-09-30 18:20:00",88499,12.97,26.06,748.2,22.15,29.52
"2020-09-30 18:25:00",88500,12.96,25.72,748.4,22.05,29.25
"2020-09-30 18:30:00",88501,12.95,25.36,748.4,21.85,29.97
"2020-09-30 18:35:00",88502,12.95,25.04,748.5,21.75,30.06
"2020-09-30 18:40:00",88503,12.94,24.77,748.5,21.67,30.49
"2020-09-30 18:45:00",88504,12.94,24.51,748.5,21.59,30.88
"2020-09-30 18:50:00",88505,12.94,24.29,748.6,21.42,32.47
"2020-09-30 18:55:00",88506,12.93,24.08,748.6,21.07,33.13
"2020-09-30 19:00:00",88507,12.93,23.84,748.7,20.63,34.65
"2020-09-30 19:05:00",88508,12.93,23.62,748.8,20.3,35.86
"2020-09-30 19:10:00",88509,12.93,23.37,748.8,20.2,36.05
"2020-09-30 19:15:00",88510,12.92,23.14,748.9,20.07,36.24
"2020-09-30 19:20:00",88511,12.92,22.93,748.9,20.18,35.63
"2020-09-30 19:25:00",88512,12.92,22.74,748.9,19.82,37.55
"2020-09-30 19:30:00",88513,12.92,22.54,749,19.8,37.13
"2020-09-30 19:35:00",88514,12.91,22.36,749,19.63,38.18
"2020-09-30 19:40:00",88515,12.91,22.18,749,19.63,37.79
"2020-09-30 19:45:00",88516,12.91,22.03,749.1,19.68,37.5
"2020-09-30 19:50:00",88517,12.9,21.9,749.2,19.6,38.41
"2020-09-30 19:55:00",88518,12.9,21.73,749.2,19.33,39.09
"2020-09-30 20:00:00",88519,12.9,21.59,749.3,19.16,39.79
"2020-09-30 20:05:00",88520,12.9,21.42,749.3,19.12,40.49
"2020-09-30 20:10:00",88521,12.9,21.27,749.4,18.9,41.02
"2020-09-30 20:15:00",88522,12.9,21.12,749.3,18.82,41.36
"2020-09-30 20:20:00",88523,12.89,20.97,749.4,18.74,41.48
"2020-09-30 20:25:00",88524,12.89,20.82,749.4,18.63,41.76
"2020-09-30 20:30:00",88525,12.89,20.7,749.4,18.83,41.14
"2020-09-30 20:35:00",88526,12.89,20.58,749.5,18.88,41.5
"2020-09-30 20:40:00",88527,12.88,20.49,749.6,18.75,41.39
"2020-09-30 20:45:00",88528,12.88,20.43,749.6,19.05,40.23
"2020-09-30 20:50:00",88529,12.88,20.41,749.6,19.13,40.08
"2020-09-30 20:55:00",88530,12.87,20.41,749.7,19.13,40.17
"2020-09-30 21:00:00",88531,12.88,20.41,749.7,19.16,40.43
"2020-09-30 21:05:00",88532,12.88,20.42,749.8,19.17,40.4
"2020-09-30 21:10:00",88533,12.87,20.42,749.9,19.14,40.69
"2020-09-30 21:15:00",88534,12.87,20.39,749.9,19.02,40.93
"2020-09-30 21:20:00",88535,12.87,20.36,750,18.93,41.7
"2020-09-30 21:25:00",88536,12.87,20.28,750,18.19,43.76
"2020-09-30 21:30:00",88537,12.87,20.16,750,17.9,44.64
"2020-09-30 21:35:00",88538,12.86,20.02,750.2,18.11,43.75
"2020-09-30 21:40:00",88539,12.86,19.91,750.1,18.2,44.11
"2020-09-30 21:45:00",88540,12.86,19.78,750.2,17.72,45.22
"2020-09-30 21:50:00",88541,12.86,19.63,750.3,17.43,46.17
"2020-09-30 21:55:00",88542,12.86,19.52,750.3,17.96,44.71
"2020-09-30 22:00:00",88543,12.85,19.41,750.3,17.96,44.78
"2020-09-30 22:05:00",88544,12.85,19.32,750.3,17.81,45.14
"2020-09-30 22:10:00",88545,12.85,19.23,750.3,17.86,45.08
"2020-09-30 22:15:00",88546,12.85,19.16,750.3,18.01,44.4
"2020-09-30 22:20:00",88547,12.85,19.1,750.3,17.16,47.83
"2020-09-30 22:25:00",88548,12.85,19,750.3,16.82,49.94
"2020-09-30 22:30:00",88549,12.85,18.9,750.3,16.96,48.9
"2020-09-30 22:35:00",88550,12.85,18.81,750.3,17.24,46.39
"2020-09-30 22:40:00",88551,12.84,18.74,750.2,17.59,44.29
"2020-09-30 22:45:00",88552,12.84,18.69,750.2,17.79,43.29
"2020-09-30 22:50:00",88553,12.84,18.65,750.3,17.58,43.55
"2020-09-30 22:55:00",88554,12.84,18.61,750.3,17.31,43.3
"2020-09-30 23:00:00",88555,12.84,18.55,750.3,17.42,45.09
"2020-09-30 23:05:00",88556,12.84,18.51,750.3,17.09,46.19
"2020-09-30 23:10:00",88557,12.83,18.45,750.3,17.13,45.97
"2020-09-30 23:15:00",88558,12.83,18.38,750.3,17.13,42.87
"2020-09-30 23:20:00",88559,12.83,18.36,750.3,17.1,43.34
"2020-09-30 23:25:00",88560,12.83,18.33,750.2,17.15,43.09
"2020-09-30 23:30:00",88561,12.83,18.29,750.3,17.17,42.84
"2020-09-30 23:35:00",88562,12.83,18.26,750.2,17.17,42.78
"2020-09-30 23:40:00",88563,12.83,18.23,750.2,17.29,41.67
"2020-09-30 23:45:00",88564,12.82,18.21,750.2,17.23,41.95
"2020-09-30 23:50:00",88565,12.82,18.2,750.2,17.26,41.7
"2020-09-30 23:55:00",88566,12.82,18.19,750.1,17.26,41.8
